Zone1_Time,Zone1_q_htg,Zone1_q_clg,Zone2_Time,Zone2_q_htg,Zone2_q_clg,Zone3_Time,Zone3_q_htg,Zone3_q_clg,Zone4_Time,Zone4_q_htg,Zone4_q_clg,Zone5_Time,Zone5_q_htg,Zone5_q_clg,Zone6_Time,Zone6_q_htg,Zone6_q_clg
10.296961826634153,121863.79999999999,82563.8351404781,10.296961826634153,20713.458785352104,0.0,10.296961826634153,36165.45619295915,4008.3855056607845,10.296961826634153,948.5553253157816,0.0,10.296961826634153,20572.079661679876,5.038537815281123,10.296961826634153,8465.967899781557,0.0
10.296961826634153,121863.79999999999,82563.8351404781,10.296961826634153,20713.458785352104,0.0,10.296961826634153,36165.45619295915,4008.3855056607845,10.296961826634153,948.5553253157816,0.0,10.296961826634153,20572.079661679876,841.7,10.296961826634153,8465.967899781557,0.0
13.0,121863.79999999999,82563.8351404781,13.0,20713.458785352104,0.0,13.0,36165.45619295915,4008.3855056607845,13.0,948.5553253157816,0.0,13.0,20572.079661679876,841.7,13.0,8465.967899781557,0.0
13.0,121863.79999999999,82563.8351404781,13.0,20713.458785352104,0.0,13.0,36165.45619295915,4008.3855056607845,13.0,948.5553253157816,0.0,13.0,20572.079661679876,5.038537815281123,13.0,8465.967899781557,0.0
15.941414748142632,121863.79999999999,82563.8351404781,15.941414748142632,20713.458785352104,0.0,15.941414748142632,36165.45619295915,4008.3855056607845,15.941414748142632,948.5553253157816,0.0,15.941414748142632,20572.079661679876,5.038537815281123,15.941414748142632,8465.967899781557,0.0
15.941414748142632,18344.13474224755,82563.8351404781,15.941414748142632,20713.458785352104,0.0,15.941414748142632,36165.45619295915,4008.3855056607845,15.941414748142632,948.5553253157816,0.0,15.941414748142632,20572.079661679876,5.038537815281123,15.941414748142632,8465.967899781557,0.0
131.74132388845908,18344.13474224755,82563.8351404781,131.74132388845908,20713.458785352104,0.0,131.74132388845908,36165.45619295915,4008.3855056607845,131.74132388845908,948.5553253157816,0.0,131.74132388845908,20572.079661679876,5.038537815281123,131.74132388845908,8465.967899781557,0.0
131.74132388845908,18344.13474224755,82563.8351404781,131.74132388845908,20713.458785352104,0.0,131.74132388845908,36165.45619295915,38473.8,131.74132388845908,948.5553253157816,0.0,131.74132388845908,20572.079661679876,5.038537815281123,131.74132388845908,8465.967899781557,0.0
134.2586761115409,18344.13474224755,82563.8351404781,134.2586761115409,20713.458785352104,0.0,134.2586761115409,36165.45619295915,38473.8,134.2586761115409,948.5553253157816,0.0,134.2586761115409,20572.079661679876,5.038537815281123,134.2586761115409,8465.967899781557,0.0
134.2586761115409,18344.13474224755,82563.8351404781,134.2586761115409,20713.458785352104,0.0,134.2586761115409,36165.45619295915,4008.3855056607845,134.2586761115409,948.5553253157816,0.0,134.2586761115409,20572.079661679876,5.038537815281123,134.2586761115409,8465.967899781557,0.0
441.63358258392276,18344.13474224755,82563.8351404781,441.63358258392276,20713.458785352104,0.0,441.63358258392276,36165.45619295915,4008.3855056607845,441.63358258392276,948.5553253157816,0.0,441.63358258392276,20572.079661679876,5.038537815281123,441.63358258392276,8465.967899781557,0.0
441.63358258392276,18344.13474224755,82563.8351404781,441.63358258392276,20713.458785352104,0.0,441.63358258392276,36165.45619295915,4008.3855056607845,441.63358258392276,948.5553253157816,0.0,441.63358258392276,48826.1,5.038537815281123,441.63358258392276,8465.967899781557,0.0
442.6826607895453,18344.13474224755,82563.8351404781,442.6826607895453,20713.458785352104,0.0,442.6826607895453,36165.45619295915,4008.3855056607845,442.6826607895453,948.5553253157816,0.0,442.6826607895453,48826.1,5.038537815281123,442.6826607895453,8465.967899781557,0.0
442.6826607895453,18344.13474224755,82563.8351404781,442.6826607895453,20713.458785352104,0.0,442.6826607895453,130381.6,4008.3855056607845,442.6826607895453,948.5553253157816,0.0,442.6826607895453,48826.1,5.038537815281123,442.6826607895453,8465.967899781557,0.0
447.3173392104547,18344.13474224755,82563.8351404781,447.3173392104547,20713.458785352104,0.0,447.3173392104547,130381.6,4008.3855056607845,447.3173392104547,948.5553253157816,0.0,447.3173392104547,48826.1,5.038537815281123,447.3173392104547,8465.967899781557,0.0
447.3173392104547,18344.13474224755,82563.8351404781,447.3173392104547,20713.458785352104,0.0,447.3173392104547,36165.45619295915,4008.3855056607845,447.3173392104547,948.5553253157816,0.0,447.3173392104547,48826.1,5.038537815281123,447.3173392104547,8465.967899781557,0.0
448.36641741607724,18344.13474224755,82563.8351404781,448.36641741607724,20713.458785352104,0.0,448.36641741607724,36165.45619295915,4008.3855056607845,448.36641741607724,948.5553253157816,0.0,448.36641741607724,48826.1,5.038537815281123,448.36641741607724,8465.967899781557,0.0
448.36641741607724,18344.13474224755,82563.8351404781,448.36641741607724,20713.458785352104,0.0,448.36641741607724,36165.45619295915,4008.3855056607845,448.36641741607724,948.5553253157816,0.0,448.36641741607724,20572.079661679876,5.038537815281123,448.36641741607724,8465.967899781557,0.0
632.785313369725,18344.13474224755,82563.8351404781,632.785313369725,20713.458785352104,0.0,632.785313369725,36165.45619295915,4008.3855056607845,632.785313369725,948.5553253157816,0.0,632.785313369725,20572.079661679876,5.038537815281123,632.785313369725,8465.967899781557,0.0
632.785313369725,18344.13474224755,225814.3,632.785313369725,20713.458785352104,0.0,632.785313369725,36165.45619295915,4008.3855056607845,632.785313369725,948.5553253157816,0.0,632.785313369725,20572.079661679876,5.038537815281123,632.785313369725,8465.967899781557,0.0
641.2146866302749,18344.13474224755,225814.3,641.2146866302749,20713.458785352104,0.0,641.2146866302749,36165.45619295915,4008.3855056607845,641.2146866302749,948.5553253157816,0.0,641.2146866302749,20572.079661679876,5.038537815281123,641.2146866302749,8465.967899781557,0.0
641.2146866302749,18344.13474224755,82563.8351404781,641.2146866302749,20713.458785352104,0.0,641.2146866302749,36165.45619295915,4008.3855056607845,641.2146866302749,948.5553253157816,0.0,641.2146866302749,20572.079661679876,5.038537815281123,641.2146866302749,8465.967899781557,0.0
731.1860068701349,18344.13474224755,82563.8351404781,731.1860068701349,20713.458785352104,0.0,731.1860068701349,36165.45619295915,4008.3855056607845,731.1860068701349,948.5553253157816,0.0,731.1860068701349,20572.079661679876,5.038537815281123,731.1860068701349,8465.967899781557,0.0
731.1860068701349,18344.13474224755,82563.8351404781,731.1860068701349,39193.1,0.0,731.1860068701349,36165.45619295915,4008.3855056607845,731.1860068701349,948.5553253157816,0.0,731.1860068701349,20572.079661679876,5.038537815281123,731.1860068701349,8465.967899781557,0.0
731.5821878973969,18344.13474224755,82563.8351404781,731.5821878973969,39193.1,0.0,731.5821878973969,36165.45619295915,4008.3855056607845,731.5821878973969,948.5553253157816,0.0,731.5821878973969,20572.079661679876,5.038537815281123,731.5821878973969,8465.967899781557,0.0
731.5821878973969,18344.13474224755,82563.8351404781,731.5821878973969,39193.1,0.0,731.5821878973969,36165.45619295915,4008.3855056607845,731.5821878973969,2700.0,0.0,731.5821878973969,20572.079661679876,5.038537815281123,731.5821878973969,8465.967899781557,0.0
731.7435915510868,18344.13474224755,82563.8351404781,731.7435915510868,39193.1,0.0,731.7435915510868,36165.45619295915,4008.3855056607845,731.7435915510868,2700.0,0.0,731.7435915510868,20572.079661679876,5.038537815281123,731.7435915510868,8465.967899781557,0.0
731.7435915510868,18344.13474224755,82563.8351404781,731.7435915510868,39193.1,0.0,731.7435915510868,36165.45619295915,4008.3855056607845,731.7435915510868,2700.0,0.0,731.7435915510868,20572.079661679876,5.038537815281123,731.7435915510868,16237.8,0.0
734.2564084489132,18344.13474224755,82563.8351404781,734.2564084489132,39193.1,0.0,734.2564084489132,36165.45619295915,4008.3855056607845,734.2564084489132,2700.0,0.0,734.2564084489132,20572.079661679876,5.038537815281123,734.2564084489132,16237.8,0.0
734.2564084489132,18344.13474224755,82563.8351404781,734.2564084489132,39193.1,0.0,734.2564084489132,36165.45619295915,4008.3855056607845,734.2564084489132,2700.0,0.0,734.2564084489132,20572.079661679876,5.038537815281123,734.2564084489132,8465.967899781557,0.0
734.4178121026032,18344.13474224755,82563.8351404781,734.4178121026032,39193.1,0.0,734.4178121026032,36165.45619295915,4008.3855056607845,734.4178121026032,2700.0,0.0,734.4178121026032,20572.079661679876,5.038537815281123,734.4178121026032,8465.967899781557,0.0
734.4178121026032,18344.13474224755,82563.8351404781,734.4178121026032,39193.1,0.0,734.4178121026032,36165.45619295915,4008.3855056607845,734.4178121026032,948.5553253157816,0.0,734.4178121026032,20572.079661679876,5.038537815281123,734.4178121026032,8465.967899781557,0.0
734.813993129865,18344.13474224755,82563.8351404781,734.813993129865,39193.1,0.0,734.813993129865,36165.45619295915,4008.3855056607845,734.813993129865,948.5553253157816,0.0,734.813993129865,20572.079661679876,5.038537815281123,734.813993129865,8465.967899781557,0.0
734.813993129865,18344.13474224755,82563.8351404781,734.813993129865,20713.458785352104,0.0,734.813993129865,36165.45619295915,4008.3855056607845,734.813993129865,948.5553253157816,0.0,734.813993129865,20572.079661679876,5.038537815281123,734.813993129865,8465.967899781557,0.0
744.0,18344.13474224755,82563.8351404781,744.0,20713.458785352104,0.0,744.0,36165.45619295915,4008.3855056607845,744.0,948.5553253157816,0.0,744.0,20572.079661679876,5.038537815281123,744.0,8465.967899781557,0.0
744.0,11528.683643385817,91561.87052269025,744.0,20971.91882023637,0.0,744.0,28758.565751021517,4855.475669602476,744.0,963.5275651889145,0.0,744.0,15287.096216726826,46.56215473036216,744.0,8583.921290440483,0.0
776.5186094538703,11528.683643385817,91561.87052269025,776.5186094538703,20971.91882023637,0.0,776.5186094538703,28758.565751021517,4855.475669602476,776.5186094538703,963.5275651889145,0.0,776.5186094538703,15287.096216726826,46.56215473036216,776.5186094538703,8583.921290440483,0.0
776.5186094538703,11528.683643385817,255440.00000000003,776.5186094538703,20971.91882023637,0.0,776.5186094538703,28758.565751021517,4855.475669602476,776.5186094538703,963.5275651889145,0.0,776.5186094538703,15287.096216726826,46.56215473036216,776.5186094538703,8583.921290440483,0.0
785.4813905461297,11528.683643385817,255440.00000000003,785.4813905461297,20971.91882023637,0.0,785.4813905461297,28758.565751021517,4855.475669602476,785.4813905461297,963.5275651889145,0.0,785.4813905461297,15287.096216726826,46.56215473036216,785.4813905461297,8583.921290440483,0.0
785.4813905461297,11528.683643385817,91561.87052269025,785.4813905461297,20971.91882023637,0.0,785.4813905461297,28758.565751021517,4855.475669602476,785.4813905461297,963.5275651889145,0.0,785.4813905461297,15287.096216726826,46.56215473036216,785.4813905461297,8583.921290440483,0.0
873.5923127497167,11528.683643385817,91561.87052269025,873.5923127497167,20971.91882023637,0.0,873.5923127497167,28758.565751021517,4855.475669602476,873.5923127497167,963.5275651889145,0.0,873.5923127497167,15287.096216726826,46.56215473036216,873.5923127497167,8583.921290440483,0.0
873.5923127497167,11528.683643385817,91561.87052269025,873.5923127497167,20971.91882023637,0.0,873.5923127497167,126114.0,4855.475669602476,873.5923127497167,963.5275651889145,0.0,873.5923127497167,15287.096216726826,46.56215473036216,873.5923127497167,8583.921290440483,0.0
874.2741394040404,11528.683643385817,91561.87052269025,874.2741394040404,20971.91882023637,0.0,874.2741394040404,126114.0,4855.475669602476,874.2741394040404,963.5275651889145,0.0,874.2741394040404,15287.096216726826,46.56215473036216,874.2741394040404,8583.921290440483,0.0
874.2741394040404,71504.0,91561.87052269025,874.2741394040404,20971.91882023637,0.0,874.2741394040404,126114.0,4855.475669602476,874.2741394040404,963.5275651889145,0.0,874.2741394040404,15287.096216726826,46.56215473036216,874.2741394040404,8583.921290440483,0.0
879.7258605959597,71504.0,91561.87052269025,879.7258605959597,20971.91882023637,0.0,879.7258605959597,126114.0,4855.475669602476,879.7258605959597,963.5275651889145,0.0,879.7258605959597,15287.096216726826,46.56215473036216,879.7258605959597,8583.921290440483,0.0
879.7258605959597,11528.683643385817,91561.87052269025,879.7258605959597,20971.91882023637,0.0,879.7258605959597,126114.0,4855.475669602476,879.7258605959597,963.5275651889145,0.0,879.7258605959597,15287.096216726826,46.56215473036216,879.7258605959597,8583.921290440483,0.0
880.4076872502834,11528.683643385817,91561.87052269025,880.4076872502834,20971.91882023637,0.0,880.4076872502834,126114.0,4855.475669602476,880.4076872502834,963.5275651889145,0.0,880.4076872502834,15287.096216726826,46.56215473036216,880.4076872502834,8583.921290440483,0.0
880.4076872502834,11528.683643385817,91561.87052269025,880.4076872502834,20971.91882023637,0.0,880.4076872502834,28758.565751021517,4855.475669602476,880.4076872502834,963.5275651889145,0.0,880.4076872502834,15287.096216726826,46.56215473036216,880.4076872502834,8583.921290440483,0.0
896.9349962262918,11528.683643385817,91561.87052269025,896.9349962262918,20971.91882023637,0.0,896.9349962262918,28758.565751021517,4855.475669602476,896.9349962262918,963.5275651889145,0.0,896.9349962262918,15287.096216726826,46.56215473036216,896.9349962262918,8583.921290440483,0.0
896.9349962262918,11528.683643385817,91561.87052269025,896.9349962262918,20971.91882023637,0.0,896.9349962262918,28758.565751021517,4855.475669602476,896.9349962262918,963.5275651889145,0.0,896.9349962262918,44156.4,46.56215473036216,896.9349962262918,8583.921290440483,0.0
905.0650037737082,11528.683643385817,91561.87052269025,905.0650037737082,20971.91882023637,0.0,905.0650037737082,28758.565751021517,4855.475669602476,905.0650037737082,963.5275651889145,0.0,905.0650037737082,44156.4,46.56215473036216,905.0650037737082,8583.921290440483,0.0
905.0650037737082,11528.683643385817,91561.87052269025,905.0650037737082,20971.91882023637,0.0,905.0650037737082,28758.565751021517,4855.475669602476,905.0650037737082,963.5275651889145,0.0,905.0650037737082,15287.096216726826,46.56215473036216,905.0650037737082,8583.921290440483,0.0
923.5976894817882,11528.683643385817,91561.87052269025,923.5976894817882,20971.91882023637,0.0,923.5976894817882,28758.565751021517,4855.475669602476,923.5976894817882,963.5275651889145,0.0,923.5976894817882,15287.096216726826,46.56215473036216,923.5976894817882,8583.921290440483,0.0
923.5976894817882,11528.683643385817,91561.87052269025,923.5976894817882,20971.91882023637,0.0,923.5976894817882,28758.565751021517,4855.475669602476,923.5976894817882,2706.5,0.0,923.5976894817882,15287.096216726826,46.56215473036216,923.5976894817882,8583.921290440483,0.0
923.7564242355335,11528.683643385817,91561.87052269025,923.7564242355335,20971.91882023637,0.0,923.7564242355335,28758.565751021517,4855.475669602476,923.7564242355335,2706.5,0.0,923.7564242355335,15287.096216726826,46.56215473036216,923.7564242355335,8583.921290440483,0.0
923.7564242355335,11528.683643385817,91561.87052269025,923.7564242355335,20971.91882023637,0.0,923.7564242355335,28758.565751021517,4855.475669602476,923.7564242355335,2706.5,0.0,923.7564242355335,15287.096216726826,46.56215473036216,923.7564242355335,16269.3,0.0
926.2435757644664,11528.683643385817,91561.87052269025,926.2435757644664,20971.91882023637,0.0,926.2435757644664,28758.565751021517,4855.475669602476,926.2435757644664,2706.5,0.0,926.2435757644664,15287.096216726826,46.56215473036216,926.2435757644664,16269.3,0.0
926.2435757644664,11528.683643385817,91561.87052269025,926.2435757644664,20971.91882023637,0.0,926.2435757644664,28758.565751021517,4855.475669602476,926.2435757644664,2706.5,0.0,926.2435757644664,15287.096216726826,46.56215473036216,926.2435757644664,8583.921290440483,0.0
926.4023105182118,11528.683643385817,91561.87052269025,926.4023105182118,20971.91882023637,0.0,926.4023105182118,28758.565751021517,4855.475669602476,926.4023105182118,2706.5,0.0,926.4023105182118,15287.096216726826,46.56215473036216,926.4023105182118,8583.921290440483,0.0
926.4023105182118,11528.683643385817,91561.87052269025,926.4023105182118,20971.91882023637,0.0,926.4023105182118,28758.565751021517,4855.475669602476,926.4023105182118,963.5275651889145,0.0,926.4023105182118,15287.096216726826,46.56215473036216,926.4023105182118,8583.921290440483,0.0
947.2084935041927,11528.683643385817,91561.87052269025,947.2084935041927,20971.91882023637,0.0,947.2084935041927,28758.565751021517,4855.475669602476,947.2084935041927,963.5275651889145,0.0,947.2084935041927,15287.096216726826,46.56215473036216,947.2084935041927,8583.921290440483,0.0
947.2084935041927,11528.683643385817,91561.87052269025,947.2084935041927,39261.1,0.0,947.2084935041927,28758.565751021517,4855.475669602476,947.2084935041927,963.5275651889145,0.0,947.2084935041927,15287.096216726826,46.56215473036216,947.2084935041927,8583.921290440483,0.0
950.7915064958073,11528.683643385817,91561.87052269025,950.7915064958073,39261.1,0.0,950.7915064958073,28758.565751021517,4855.475669602476,950.7915064958073,963.5275651889145,0.0,950.7915064958073,15287.096216726826,46.56215473036216,950.7915064958073,8583.921290440483,0.0
950.7915064958073,11528.683643385817,91561.87052269025,950.7915064958073,20971.91882023637,0.0,950.7915064958073,28758.565751021517,4855.475669602476,950.7915064958073,963.5275651889145,0.0,950.7915064958073,15287.096216726826,46.56215473036216,950.7915064958073,8583.921290440483,0.0
1139.6630408729518,11528.683643385817,91561.87052269025,1139.6630408729518,20971.91882023637,0.0,1139.6630408729518,28758.565751021517,4855.475669602476,1139.6630408729518,963.5275651889145,0.0,1139.6630408729518,15287.096216726826,46.56215473036216,1139.6630408729518,8583.921290440483,0.0
1139.6630408729518,11528.683643385817,91561.87052269025,1139.6630408729518,20971.91882023637,0.0,1139.6630408729518,28758.565751021517,44206.4,1139.6630408729518,963.5275651889145,0.0,1139.6630408729518,15287.096216726826,46.56215473036216,1139.6630408729518,8583.921290440483,0.0
1142.336959127048,11528.683643385817,91561.87052269025,1142.336959127048,20971.91882023637,0.0,1142.336959127048,28758.565751021517,44206.4,1142.336959127048,963.5275651889145,0.0,1142.336959127048,15287.096216726826,46.56215473036216,1142.336959127048,8583.921290440483,0.0
1142.336959127048,11528.683643385817,91561.87052269025,1142.336959127048,20971.91882023637,0.0,1142.336959127048,28758.565751021517,4855.475669602476,1142.336959127048,963.5275651889145,0.0,1142.336959127048,15287.096216726826,46.56215473036216,1142.336959127048,8583.921290440483,0.0
1284.0906731206308,11528.683643385817,91561.87052269025,1284.0906731206308,20971.91882023637,0.0,1284.0906731206308,28758.565751021517,4855.475669602476,1284.0906731206308,963.5275651889145,0.0,1284.0906731206308,15287.096216726826,46.56215473036216,1284.0906731206308,8583.921290440483,0.0
1284.0906731206308,11528.683643385817,91561.87052269025,1284.0906731206308,20971.91882023637,0.0,1284.0906731206308,28758.565751021517,4855.475669602476,1284.0906731206308,963.5275651889145,0.0,1284.0906731206308,15287.096216726826,2357.3,1284.0906731206308,8583.921290440483,0.0
1285.9093268793692,11528.683643385817,91561.87052269025,1285.9093268793692,20971.91882023637,0.0,1285.9093268793692,28758.565751021517,4855.475669602476,1285.9093268793692,963.5275651889145,0.0,1285.9093268793692,15287.096216726826,2357.3,1285.9093268793692,8583.921290440483,0.0
1285.9093268793692,11528.683643385817,91561.87052269025,1285.9093268793692,20971.91882023637,0.0,1285.9093268793692,28758.565751021517,4855.475669602476,1285.9093268793692,963.5275651889145,0.0,1285.9093268793692,15287.096216726826,46.56215473036216,1285.9093268793692,8583.921290440483,0.0
1416.0,11528.683643385817,91561.87052269025,1416.0,20971.91882023637,0.0,1416.0,28758.565751021517,4855.475669602476,1416.0,963.5275651889145,0.0,1416.0,15287.096216726826,46.56215473036216,1416.0,8583.921290440483,0.0
1416.0,3684.5024686358856,117281.93716139346,1416.0,38865.6,0.0,1416.0,12628.74887291405,8479.321155784397,1416.0,2675.8,0.0,1416.0,27936.3,999.8371631811816,1416.0,16080.899999999998,0.0
1431.5369764756358,3684.5024686358856,117281.93716139346,1431.5369764756358,38865.6,0.0,1431.5369764756358,12628.74887291405,8479.321155784397,1431.5369764756358,2675.8,0.0,1431.5369764756358,27936.3,999.8371631811816,1431.5369764756358,16080.899999999998,0.0
1431.5369764756358,3684.5024686358856,117281.93716139346,1431.5369764756358,38865.6,0.0,1431.5369764756358,12628.74887291405,8479.321155784397,1431.5369764756358,2675.8,0.0,1431.5369764756358,27936.3,999.8371631811816,1431.5369764756358,8305.749238884784,0.0
1431.7865975917614,3684.5024686358856,117281.93716139346,1431.7865975917614,38865.6,0.0,1431.7865975917614,12628.74887291405,8479.321155784397,1431.7865975917614,2675.8,0.0,1431.7865975917614,27936.3,999.8371631811816,1431.7865975917614,8305.749238884784,0.0
1431.7865975917614,3684.5024686358856,117281.93716139346,1431.7865975917614,38865.6,0.0,1431.7865975917614,12628.74887291405,8479.321155784397,1431.7865975917614,982.4227689090336,0.0,1431.7865975917614,27936.3,999.8371631811816,1431.7865975917614,8305.749238884784,0.0
1432.6137805299388,3684.5024686358856,117281.93716139346,1432.6137805299388,38865.6,0.0,1432.6137805299388,12628.74887291405,8479.321155784397,1432.6137805299388,982.4227689090336,0.0,1432.6137805299388,27936.3,999.8371631811816,1432.6137805299388,8305.749238884784,0.0
1432.6137805299388,3684.5024686358856,117281.93716139346,1432.6137805299388,20637.49482399837,0.0,1432.6137805299388,12628.74887291405,8479.321155784397,1432.6137805299388,982.4227689090336,0.0,1432.6137805299388,27936.3,999.8371631811816,1432.6137805299388,8305.749238884784,0.0
1437.0740008306195,3684.5024686358856,117281.93716139346,1437.0740008306195,20637.49482399837,0.0,1437.0740008306195,12628.74887291405,8479.321155784397,1437.0740008306195,982.4227689090336,0.0,1437.0740008306195,27936.3,999.8371631811816,1437.0740008306195,8305.749238884784,0.0
1437.0740008306195,3684.5024686358856,117281.93716139346,1437.0740008306195,20637.49482399837,0.0,1437.0740008306195,12628.74887291405,8479.321155784397,1437.0740008306195,982.4227689090336,0.0,1437.0740008306195,6716.584008298484,999.8371631811816,1437.0740008306195,8305.749238884784,0.0
1857.9393558410047,3684.5024686358856,117281.93716139346,1857.9393558410047,20637.49482399837,0.0,1857.9393558410047,12628.74887291405,8479.321155784397,1857.9393558410047,982.4227689090336,0.0,1857.9393558410047,6716.584008298484,999.8371631811816,1857.9393558410047,8305.749238884784,0.0
1857.9393558410047,3684.5024686358856,117281.93716139346,1857.9393558410047,20637.49482399837,0.0,1857.9393558410047,90760.3,8479.321155784397,1857.9393558410047,982.4227689090336,0.0,1857.9393558410047,6716.584008298484,999.8371631811816,1857.9393558410047,8305.749238884784,0.0
1859.928432400358,3684.5024686358856,117281.93716139346,1859.928432400358,20637.49482399837,0.0,1859.928432400358,90760.3,8479.321155784397,1859.928432400358,982.4227689090336,0.0,1859.928432400358,6716.584008298484,999.8371631811816,1859.928432400358,8305.749238884784,0.0
1859.928432400358,39189.2,117281.93716139346,1859.928432400358,20637.49482399837,0.0,1859.928432400358,90760.3,8479.321155784397,1859.928432400358,982.4227689090336,0.0,1859.928432400358,6716.584008298484,999.8371631811816,1859.928432400358,8305.749238884784,0.0
1862.071567599642,39189.2,117281.93716139346,1862.071567599642,20637.49482399837,0.0,1862.071567599642,90760.3,8479.321155784397,1862.071567599642,982.4227689090336,0.0,1862.071567599642,6716.584008298484,999.8371631811816,1862.071567599642,8305.749238884784,0.0
1862.071567599642,3684.5024686358856,117281.93716139346,1862.071567599642,20637.49482399837,0.0,1862.071567599642,90760.3,8479.321155784397,1862.071567599642,982.4227689090336,0.0,1862.071567599642,6716.584008298484,999.8371631811816,1862.071567599642,8305.749238884784,0.0
1864.060644158995,3684.5024686358856,117281.93716139346,1864.060644158995,20637.49482399837,0.0,1864.060644158995,90760.3,8479.321155784397,1864.060644158995,982.4227689090336,0.0,1864.060644158995,6716.584008298484,999.8371631811816,1864.060644158995,8305.749238884784,0.0
1864.060644158995,3684.5024686358856,117281.93716139346,1864.060644158995,20637.49482399837,0.0,1864.060644158995,12628.74887291405,8479.321155784397,1864.060644158995,982.4227689090336,0.0,1864.060644158995,6716.584008298484,999.8371631811816,1864.060644158995,8305.749238884784,0.0
2074.507393446337,3684.5024686358856,117281.93716139346,2074.507393446337,20637.49482399837,0.0,2074.507393446337,12628.74887291405,8479.321155784397,2074.507393446337,982.4227689090336,0.0,2074.507393446337,6716.584008298484,999.8371631811816,2074.507393446337,8305.749238884784,0.0
2074.507393446337,3684.5024686358856,318490.2,2074.507393446337,20637.49482399837,0.0,2074.507393446337,12628.74887291405,8479.321155784397,2074.507393446337,982.4227689090336,0.0,2074.507393446337,6716.584008298484,999.8371631811816,2074.507393446337,8305.749238884784,0.0
2074.888454827546,3684.5024686358856,318490.2,2074.888454827546,20637.49482399837,0.0,2074.888454827546,12628.74887291405,8479.321155784397,2074.888454827546,982.4227689090336,0.0,2074.888454827546,6716.584008298484,999.8371631811816,2074.888454827546,8305.749238884784,0.0
2074.888454827546,3684.5024686358856,318490.2,2074.888454827546,20637.49482399837,0.0,2074.888454827546,12628.74887291405,87643.9,2074.888454827546,982.4227689090336,0.0,2074.888454827546,6716.584008298484,999.8371631811816,2074.888454827546,8305.749238884784,0.0
2075.4755139015538,3684.5024686358856,318490.2,2075.4755139015538,20637.49482399837,0.0,2075.4755139015538,12628.74887291405,87643.9,2075.4755139015538,982.4227689090336,0.0,2075.4755139015538,6716.584008298484,999.8371631811816,2075.4755139015538,8305.749238884784,0.0
2075.4755139015538,3684.5024686358856,318490.2,2075.4755139015538,20637.49482399837,0.0,2075.4755139015538,12628.74887291405,87643.9,2075.4755139015538,982.4227689090336,0.0,2075.4755139015538,6716.584008298484,19213.5,2075.4755139015538,8305.749238884784,0.0
2078.5244860984462,3684.5024686358856,318490.2,2078.5244860984462,20637.49482399837,0.0,2078.5244860984462,12628.74887291405,87643.9,2078.5244860984462,982.4227689090336,0.0,2078.5244860984462,6716.584008298484,19213.5,2078.5244860984462,8305.749238884784,0.0
2078.5244860984462,3684.5024686358856,318490.2,2078.5244860984462,20637.49482399837,0.0,2078.5244860984462,12628.74887291405,87643.9,2078.5244860984462,982.4227689090336,0.0,2078.5244860984462,6716.584008298484,999.8371631811816,2078.5244860984462,8305.749238884784,0.0
2079.111545172454,3684.5024686358856,318490.2,2079.111545172454,20637.49482399837,0.0,2079.111545172454,12628.74887291405,87643.9,2079.111545172454,982.4227689090336,0.0,2079.111545172454,6716.584008298484,999.8371631811816,2079.111545172454,8305.749238884784,0.0
2079.111545172454,3684.5024686358856,318490.2,2079.111545172454,20637.49482399837,0.0,2079.111545172454,12628.74887291405,8479.321155784397,2079.111545172454,982.4227689090336,0.0,2079.111545172454,6716.584008298484,999.8371631811816,2079.111545172454,8305.749238884784,0.0
2079.4926065536624,3684.5024686358856,318490.2,2079.4926065536624,20637.49482399837,0.0,2079.4926065536624,12628.74887291405,8479.321155784397,2079.4926065536624,982.4227689090336,0.0,2079.4926065536624,6716.584008298484,999.8371631811816,2079.4926065536624,8305.749238884784,0.0
2079.4926065536624,3684.5024686358856,117281.93716139346,2079.4926065536624,20637.49482399837,0.0,2079.4926065536624,12628.74887291405,8479.321155784397,2079.4926065536624,982.4227689090336,0.0,2079.4926065536624,6716.584008298484,999.8371631811816,2079.4926065536624,8305.749238884784,0.0
2160.0,3684.5024686358856,117281.93716139346,2160.0,20637.49482399837,0.0,2160.0,12628.74887291405,8479.321155784397,2160.0,982.4227689090336,0.0,2160.0,6716.584008298484,999.8371631811816,2160.0,8305.749238884784,0.0
2160.0,1532.1875079684,130816.54236691463,2160.0,19026.064749186997,0.0,2160.0,3118.717764028064,14422.2286663626,2160.0,879.420755867817,0.0,2160.0,1067.8534301801303,3426.945667654041,2160.0,15151.7,0.0
2175.5832111804825,1532.1875079684,130816.54236691463,2175.5832111804825,19026.064749186997,0.0,2175.5832111804825,3118.717764028064,14422.2286663626,2175.5832111804825,879.420755867817,0.0,2175.5832111804825,1067.8534301801303,3426.945667654041,2175.5832111804825,15151.7,0.0
2175.5832111804825,1532.1875079684,130816.54236691463,2175.5832111804825,19026.064749186997,0.0,2175.5832111804825,3118.717764028064,14422.2286663626,2175.5832111804825,879.420755867817,0.0,2175.5832111804825,1067.8534301801303,3426.945667654041,2175.5832111804825,7681.2592801257515,0.0
2219.3961321725856,1532.1875079684,130816.54236691463,2219.3961321725856,19026.064749186997,0.0,2219.3961321725856,3118.717764028064,14422.2286663626,2219.3961321725856,879.420755867817,0.0,2219.3961321725856,1067.8534301801303,3426.945667654041,2219.3961321725856,7681.2592801257515,0.0
2219.3961321725856,1532.1875079684,130816.54236691463,2219.3961321725856,36763.0,0.0,2219.3961321725856,3118.717764028064,14422.2286663626,2219.3961321725856,879.420755867817,0.0,2219.3961321725856,1067.8534301801303,3426.945667654041,2219.3961321725856,7681.2592801257515,0.0
2219.7789801669783,1532.1875079684,130816.54236691463,2219.7789801669783,36763.0,0.0,2219.7789801669783,3118.717764028064,14422.2286663626,2219.7789801669783,879.420755867817,0.0,2219.7789801669783,1067.8534301801303,3426.945667654041,2219.7789801669783,7681.2592801257515,0.0
2219.7789801669783,1532.1875079684,130816.54236691463,2219.7789801669783,36763.0,0.0,2219.7789801669783,3118.717764028064,14422.2286663626,2219.7789801669783,2516.6,0.0,2219.7789801669783,1067.8534301801303,3426.945667654041,2219.7789801669783,7681.2592801257515,0.0
2222.2210198330213,1532.1875079684,130816.54236691463,2222.2210198330213,36763.0,0.0,2222.2210198330213,3118.717764028064,14422.2286663626,2222.2210198330213,2516.6,0.0,2222.2210198330213,1067.8534301801303,3426.945667654041,2222.2210198330213,7681.2592801257515,0.0
2222.2210198330213,1532.1875079684,130816.54236691463,2222.2210198330213,36763.0,0.0,2222.2210198330213,3118.717764028064,14422.2286663626,2222.2210198330213,879.420755867817,0.0,2222.2210198330213,1067.8534301801303,3426.945667654041,2222.2210198330213,7681.2592801257515,0.0
2222.603867827415,1532.1875079684,130816.54236691463,2222.603867827415,36763.0,0.0,2222.603867827415,3118.717764028064,14422.2286663626,2222.603867827415,879.420755867817,0.0,2222.603867827415,1067.8534301801303,3426.945667654041,2222.603867827415,7681.2592801257515,0.0
2222.603867827415,1532.1875079684,130816.54236691463,2222.603867827415,19026.064749186997,0.0,2222.603867827415,3118.717764028064,14422.2286663626,2222.603867827415,879.420755867817,0.0,2222.603867827415,1067.8534301801303,3426.945667654041,2222.603867827415,7681.2592801257515,0.0
2554.940749398516,1532.1875079684,130816.54236691463,2554.940749398516,19026.064749186997,0.0,2554.940749398516,3118.717764028064,14422.2286663626,2554.940749398516,879.420755867817,0.0,2554.940749398516,1067.8534301801303,3426.945667654041,2554.940749398516,7681.2592801257515,0.0
2554.940749398516,1532.1875079684,130816.54236691463,2554.940749398516,19026.064749186997,0.0,2554.940749398516,3118.717764028064,14422.2286663626,2554.940749398516,879.420755867817,0.0,2554.940749398516,17436.0,3426.945667654041,2554.940749398516,7681.2592801257515,0.0
2555.0689716585402,1532.1875079684,130816.54236691463,2555.0689716585402,19026.064749186997,0.0,2555.0689716585402,3118.717764028064,14422.2286663626,2555.0689716585402,879.420755867817,0.0,2555.0689716585402,17436.0,3426.945667654041,2555.0689716585402,7681.2592801257515,0.0
2555.0689716585402,1532.1875079684,130816.54236691463,2555.0689716585402,19026.064749186997,0.0,2555.0689716585402,63571.2,14422.2286663626,2555.0689716585402,879.420755867817,0.0,2555.0689716585402,17436.0,3426.945667654041,2555.0689716585402,7681.2592801257515,0.0
2555.2279313907356,1532.1875079684,130816.54236691463,2555.2279313907356,19026.064749186997,0.0,2555.2279313907356,63571.2,14422.2286663626,2555.2279313907356,879.420755867817,0.0,2555.2279313907356,17436.0,3426.945667654041,2555.2279313907356,7681.2592801257515,0.0
2555.2279313907356,28434.7,130816.54236691463,2555.2279313907356,19026.064749186997,0.0,2555.2279313907356,63571.2,14422.2286663626,2555.2279313907356,879.420755867817,0.0,2555.2279313907356,17436.0,3426.945667654041,2555.2279313907356,7681.2592801257515,0.0
2558.7720686092644,28434.7,130816.54236691463,2558.7720686092644,19026.064749186997,0.0,2558.7720686092644,63571.2,14422.2286663626,2558.7720686092644,879.420755867817,0.0,2558.7720686092644,17436.0,3426.945667654041,2558.7720686092644,7681.2592801257515,0.0
2558.7720686092644,1532.1875079684,130816.54236691463,2558.7720686092644,19026.064749186997,0.0,2558.7720686092644,63571.2,14422.2286663626,2558.7720686092644,879.420755867817,0.0,2558.7720686092644,17436.0,3426.945667654041,2558.7720686092644,7681.2592801257515,0.0
2558.9310283414598,1532.1875079684,130816.54236691463,2558.9310283414598,19026.064749186997,0.0,2558.9310283414598,63571.2,14422.2286663626,2558.9310283414598,879.420755867817,0.0,2558.9310283414598,17436.0,3426.945667654041,2558.9310283414598,7681.2592801257515,0.0
2558.9310283414598,1532.1875079684,130816.54236691463,2558.9310283414598,19026.064749186997,0.0,2558.9310283414598,3118.717764028064,14422.2286663626,2558.9310283414598,879.420755867817,0.0,2558.9310283414598,17436.0,3426.945667654041,2558.9310283414598,7681.2592801257515,0.0
2559.0592506014837,1532.1875079684,130816.54236691463,2559.0592506014837,19026.064749186997,0.0,2559.0592506014837,3118.717764028064,14422.2286663626,2559.0592506014837,879.420755867817,0.0,2559.0592506014837,17436.0,3426.945667654041,2559.0592506014837,7681.2592801257515,0.0
2559.0592506014837,1532.1875079684,130816.54236691463,2559.0592506014837,19026.064749186997,0.0,2559.0592506014837,3118.717764028064,14422.2286663626,2559.0592506014837,879.420755867817,0.0,2559.0592506014837,1067.8534301801303,3426.945667654041,2559.0592506014837,7681.2592801257515,0.0
2627.229503830145,1532.1875079684,130816.54236691463,2627.229503830145,19026.064749186997,0.0,2627.229503830145,3118.717764028064,14422.2286663626,2627.229503830145,879.420755867817,0.0,2627.229503830145,1067.8534301801303,3426.945667654041,2627.229503830145,7681.2592801257515,0.0
2627.229503830145,1532.1875079684,130816.54236691463,2627.229503830145,19026.064749186997,0.0,2627.229503830145,3118.717764028064,109490.59999999999,2627.229503830145,879.420755867817,0.0,2627.229503830145,1067.8534301801303,3426.945667654041,2627.229503830145,7681.2592801257515,0.0
2630.7704961698555,1532.1875079684,130816.54236691463,2630.7704961698555,19026.064749186997,0.0,2630.7704961698555,3118.717764028064,109490.59999999999,2630.7704961698555,879.420755867817,0.0,2630.7704961698555,1067.8534301801303,3426.945667654041,2630.7704961698555,7681.2592801257515,0.0
2630.7704961698555,1532.1875079684,130816.54236691463,2630.7704961698555,19026.064749186997,0.0,2630.7704961698555,3118.717764028064,14422.2286663626,2630.7704961698555,879.420755867817,0.0,2630.7704961698555,1067.8534301801303,3426.945667654041,2630.7704961698555,7681.2592801257515,0.0
2649.682751829976,1532.1875079684,130816.54236691463,2649.682751829976,19026.064749186997,0.0,2649.682751829976,3118.717764028064,14422.2286663626,2649.682751829976,879.420755867817,0.0,2649.682751829976,1067.8534301801303,3426.945667654041,2649.682751829976,7681.2592801257515,0.0
2649.682751829976,1532.1875079684,352985.8,2649.682751829976,19026.064749186997,0.0,2649.682751829976,3118.717764028064,14422.2286663626,2649.682751829976,879.420755867817,0.0,2649.682751829976,1067.8534301801303,3426.945667654041,2649.682751829976,7681.2592801257515,0.0
2650.7653019841123,1532.1875079684,352985.8,2650.7653019841123,19026.064749186997,0.0,2650.7653019841123,3118.717764028064,14422.2286663626,2650.7653019841123,879.420755867817,0.0,2650.7653019841123,1067.8534301801303,3426.945667654041,2650.7653019841123,7681.2592801257515,0.0
2650.7653019841123,1532.1875079684,352985.8,2650.7653019841123,19026.064749186997,0.0,2650.7653019841123,3118.717764028064,14422.2286663626,2650.7653019841123,879.420755867817,0.0,2650.7653019841123,1067.8534301801303,19982.7,2650.7653019841123,7681.2592801257515,0.0
2655.2346980158877,1532.1875079684,352985.8,2655.2346980158877,19026.064749186997,0.0,2655.2346980158877,3118.717764028064,14422.2286663626,2655.2346980158877,879.420755867817,0.0,2655.2346980158877,1067.8534301801303,19982.7,2655.2346980158877,7681.2592801257515,0.0
2655.2346980158877,1532.1875079684,352985.8,2655.2346980158877,19026.064749186997,0.0,2655.2346980158877,3118.717764028064,14422.2286663626,2655.2346980158877,879.420755867817,0.0,2655.2346980158877,1067.8534301801303,3426.945667654041,2655.2346980158877,7681.2592801257515,0.0
2656.3172481700244,1532.1875079684,352985.8,2656.3172481700244,19026.064749186997,0.0,2656.3172481700244,3118.717764028064,14422.2286663626,2656.3172481700244,879.420755867817,0.0,2656.3172481700244,1067.8534301801303,3426.945667654041,2656.3172481700244,7681.2592801257515,0.0
2656.3172481700244,1532.1875079684,130816.54236691463,2656.3172481700244,19026.064749186997,0.0,2656.3172481700244,3118.717764028064,14422.2286663626,2656.3172481700244,879.420755867817,0.0,2656.3172481700244,1067.8534301801303,3426.945667654041,2656.3172481700244,7681.2592801257515,0.0
2880.0,1532.1875079684,130816.54236691463,2880.0,19026.064749186997,0.0,2880.0,3118.717764028064,14422.2286663626,2880.0,879.420755867817,0.0,2880.0,1067.8534301801303,3426.945667654041,2880.0,7681.2592801257515,0.0
2880.0,976.1926226631948,157317.73074811613,2880.0,33992.9,0.0,2880.0,26630.2,26826.124590732892,2880.0,2313.9,0.0,2880.0,209.03420193171937,9416.152321448933,2880.0,13743.0,0.0
2895.3770787036,976.1926226631948,157317.73074811613,2895.3770787036,33992.9,0.0,2895.3770787036,26630.2,26826.124590732892,2895.3770787036,2313.9,0.0,2895.3770787036,209.03420193171937,9416.152321448933,2895.3770787036,13743.0,0.0
2895.3770787036,976.1926226631948,157317.73074811613,2895.3770787036,33992.9,0.0,2895.3770787036,26630.2,26826.124590732892,2895.3770787036,826.814895826941,0.0,2895.3770787036,209.03420193171937,9416.152321448933,2895.3770787036,13743.0,0.0
2895.399730415774,976.1926226631948,157317.73074811613,2895.399730415774,33992.9,0.0,2895.399730415774,26630.2,26826.124590732892,2895.399730415774,826.814895826941,0.0,2895.399730415774,209.03420193171937,9416.152321448933,2895.399730415774,13743.0,0.0
2895.399730415774,976.1926226631948,157317.73074811613,2895.399730415774,33992.9,0.0,2895.399730415774,632.3550825799072,26826.124590732892,2895.399730415774,826.814895826941,0.0,2895.399730415774,209.03420193171937,9416.152321448933,2895.399730415774,13743.0,0.0
2895.6104180113985,976.1926226631948,157317.73074811613,2895.6104180113985,33992.9,0.0,2895.6104180113985,632.3550825799072,26826.124590732892,2895.6104180113985,826.814895826941,0.0,2895.6104180113985,209.03420193171937,9416.152321448933,2895.6104180113985,13743.0,0.0
2895.6104180113985,976.1926226631948,157317.73074811613,2895.6104180113985,33992.9,0.0,2895.6104180113985,632.3550825799072,26826.124590732892,2895.6104180113985,826.814895826941,0.0,2895.6104180113985,209.03420193171937,9416.152321448933,2895.6104180113985,6881.560459031841,0.0
2896.24102336649,976.1926226631948,157317.73074811613,2896.24102336649,33992.9,0.0,2896.24102336649,632.3550825799072,26826.124590732892,2896.24102336649,826.814895826941,0.0,2896.24102336649,209.03420193171937,9416.152321448933,2896.24102336649,6881.560459031841,0.0
2896.24102336649,976.1926226631948,157317.73074811613,2896.24102336649,17474.238237525435,0.0,2896.24102336649,632.3550825799072,26826.124590732892,2896.24102336649,826.814895826941,0.0,2896.24102336649,209.03420193171937,9416.152321448933,2896.24102336649,6881.560459031841,0.0
2987.063134591509,976.1926226631948,157317.73074811613,2987.063134591509,17474.238237525435,0.0,2987.063134591509,632.3550825799072,26826.124590732892,2987.063134591509,826.814895826941,0.0,2987.063134591509,209.03420193171937,9416.152321448933,2987.063134591509,6881.560459031841,0.0
2987.063134591509,976.1926226631948,157317.73074811613,2987.063134591509,17474.238237525435,0.0,2987.063134591509,632.3550825799072,26826.124590732892,2987.063134591509,826.814895826941,0.0,2987.063134591509,8975.3,9416.152321448933,2987.063134591509,6881.560459031841,0.0
2990.936865408491,976.1926226631948,157317.73074811613,2990.936865408491,17474.238237525435,0.0,2990.936865408491,632.3550825799072,26826.124590732892,2990.936865408491,826.814895826941,0.0,2990.936865408491,8975.3,9416.152321448933,2990.936865408491,6881.560459031841,0.0
2990.936865408491,976.1926226631948,157317.73074811613,2990.936865408491,17474.238237525435,0.0,2990.936865408491,632.3550825799072,26826.124590732892,2990.936865408491,826.814895826941,0.0,2990.936865408491,209.03420193171937,9416.152321448933,2990.936865408491,6881.560459031841,0.0
3129.6585020758325,976.1926226631948,157317.73074811613,3129.6585020758325,17474.238237525435,0.0,3129.6585020758325,632.3550825799072,26826.124590732892,3129.6585020758325,826.814895826941,0.0,3129.6585020758325,209.03420193171937,9416.152321448933,3129.6585020758325,6881.560459031841,0.0
3129.6585020758325,976.1926226631948,385368.7,3129.6585020758325,17474.238237525435,0.0,3129.6585020758325,632.3550825799072,26826.124590732892,3129.6585020758325,826.814895826941,0.0,3129.6585020758325,209.03420193171937,9416.152321448933,3129.6585020758325,6881.560459031841,0.0
3130.540497708395,976.1926226631948,385368.7,3130.540497708395,17474.238237525435,0.0,3130.540497708395,632.3550825799072,26826.124590732892,3130.540497708395,826.814895826941,0.0,3130.540497708395,209.03420193171937,9416.152321448933,3130.540497708395,6881.560459031841,0.0
3130.540497708395,976.1926226631948,385368.7,3130.540497708395,17474.238237525435,0.0,3130.540497708395,632.3550825799072,132687.0,3130.540497708395,826.814895826941,0.0,3130.540497708395,209.03420193171937,9416.152321448933,3130.540497708395,6881.560459031841,0.0
3135.459502291605,976.1926226631948,385368.7,3135.459502291605,17474.238237525435,0.0,3135.459502291605,632.3550825799072,132687.0,3135.459502291605,826.814895826941,0.0,3135.459502291605,209.03420193171937,9416.152321448933,3135.459502291605,6881.560459031841,0.0
3135.459502291605,976.1926226631948,385368.7,3135.459502291605,17474.238237525435,0.0,3135.459502291605,632.3550825799072,26826.124590732892,3135.459502291605,826.814895826941,0.0,3135.459502291605,209.03420193171937,9416.152321448933,3135.459502291605,6881.560459031841,0.0
3136.341497924168,976.1926226631948,385368.7,3136.341497924168,17474.238237525435,0.0,3136.341497924168,632.3550825799072,26826.124590732892,3136.341497924168,826.814895826941,0.0,3136.341497924168,209.03420193171937,9416.152321448933,3136.341497924168,6881.560459031841,0.0
3136.341497924168,976.1926226631948,157317.73074811613,3136.341497924168,17474.238237525435,0.0,3136.341497924168,632.3550825799072,26826.124590732892,3136.341497924168,826.814895826941,0.0,3136.341497924168,209.03420193171937,9416.152321448933,3136.341497924168,6881.560459031841,0.0
3562.7885336042887,976.1926226631948,157317.73074811613,3562.7885336042887,17474.238237525435,0.0,3562.7885336042887,632.3550825799072,26826.124590732892,3562.7885336042887,826.814895826941,0.0,3562.7885336042887,209.03420193171937,9416.152321448933,3562.7885336042887,6881.560459031841,0.0
3562.7885336042887,976.1926226631948,157317.73074811613,3562.7885336042887,17474.238237525435,0.0,3562.7885336042887,632.3550825799072,26826.124590732892,3562.7885336042887,826.814895826941,0.0,3562.7885336042887,209.03420193171937,41957.0,3562.7885336042887,6881.560459031841,0.0
3563.3959615893314,976.1926226631948,157317.73074811613,3563.3959615893314,17474.238237525435,0.0,3563.3959615893314,632.3550825799072,26826.124590732892,3563.3959615893314,826.814895826941,0.0,3563.3959615893314,209.03420193171937,41957.0,3563.3959615893314,6881.560459031841,0.0
3563.3959615893314,21299.3,157317.73074811613,3563.3959615893314,17474.238237525435,0.0,3563.3959615893314,632.3550825799072,26826.124590732892,3563.3959615893314,826.814895826941,0.0,3563.3959615893314,209.03420193171937,41957.0,3563.3959615893314,6881.560459031841,0.0
3566.604038410668,21299.3,157317.73074811613,3566.604038410668,17474.238237525435,0.0,3566.604038410668,632.3550825799072,26826.124590732892,3566.604038410668,826.814895826941,0.0,3566.604038410668,209.03420193171937,41957.0,3566.604038410668,6881.560459031841,0.0
3566.604038410668,976.1926226631948,157317.73074811613,3566.604038410668,17474.238237525435,0.0,3566.604038410668,632.3550825799072,26826.124590732892,3566.604038410668,826.814895826941,0.0,3566.604038410668,209.03420193171937,41957.0,3566.604038410668,6881.560459031841,0.0
3567.2114663957113,976.1926226631948,157317.73074811613,3567.2114663957113,17474.238237525435,0.0,3567.2114663957113,632.3550825799072,26826.124590732892,3567.2114663957113,826.814895826941,0.0,3567.2114663957113,209.03420193171937,41957.0,3567.2114663957113,6881.560459031841,0.0
3567.2114663957113,976.1926226631948,157317.73074811613,3567.2114663957113,17474.238237525435,0.0,3567.2114663957113,632.3550825799072,26826.124590732892,3567.2114663957113,826.814895826941,0.0,3567.2114663957113,209.03420193171937,9416.152321448933,3567.2114663957113,6881.560459031841,0.0
3624.0,976.1926226631948,157317.73074811613,3624.0,17474.238237525435,0.0,3624.0,632.3550825799072,26826.124590732892,3624.0,826.814895826941,0.0,3624.0,209.03420193171937,9416.152321448933,3624.0,6881.560459031841,0.0
3624.0,254.1034871933491,205170.53446775826,3624.0,30681.600000000002,0.0,3624.0,0.23982084377557703,44102.308883277416,3624.0,2059.7,0.0,3624.0,-0.0,18286.43612285624,3624.0,12154.9,0.0
3639.600846009484,254.1034871933491,205170.53446775826,3639.600846009484,30681.600000000002,0.0,3639.600846009484,0.23982084377557703,44102.308883277416,3639.600846009484,2059.7,0.0,3639.600846009484,-0.0,18286.43612285624,3639.600846009484,12154.9,0.0
3639.600846009484,254.1034871933491,205170.53446775826,3639.600846009484,30681.600000000002,0.0,3639.600846009484,0.23982084377557703,44102.308883277416,3639.600846009484,2059.7,0.0,3639.600846009484,-0.0,18286.43612285624,3639.600846009484,6119.880903870202,0.0
3639.843509434647,254.1034871933491,205170.53446775826,3639.843509434647,30681.600000000002,0.0,3639.843509434647,0.23982084377557703,44102.308883277416,3639.843509434647,2059.7,0.0,3639.843509434647,-0.0,18286.43612285624,3639.843509434647,6119.880903870202,0.0
3639.843509434647,254.1034871933491,205170.53446775826,3639.843509434647,30681.600000000002,0.0,3639.843509434647,0.23982084377557703,44102.308883277416,3639.843509434647,765.782129295522,0.0,3639.843509434647,-0.0,18286.43612285624,3639.843509434647,6119.880903870202,0.0
3640.724566438219,254.1034871933491,205170.53446775826,3640.724566438219,30681.600000000002,0.0,3640.724566438219,0.23982084377557703,44102.308883277416,3640.724566438219,765.782129295522,0.0,3640.724566438219,-0.0,18286.43612285624,3640.724566438219,6119.880903870202,0.0
3640.724566438219,254.1034871933491,205170.53446775826,3640.724566438219,15897.161098551258,0.0,3640.724566438219,0.23982084377557703,44102.308883277416,3640.724566438219,765.782129295522,0.0,3640.724566438219,-0.0,18286.43612285624,3640.724566438219,6119.880903870202,0.0
3732.486425466359,254.1034871933491,205170.53446775826,3732.486425466359,15897.161098551258,0.0,3732.486425466359,0.23982084377557703,44102.308883277416,3732.486425466359,765.782129295522,0.0,3732.486425466359,-0.0,18286.43612285624,3732.486425466359,6119.880903870202,0.0
3732.486425466359,254.1034871933491,205170.53446775826,3732.486425466359,15897.161098551258,0.0,3732.486425466359,949.4,44102.308883277416,3732.486425466359,765.782129295522,0.0,3732.486425466359,-0.0,18286.43612285624,3732.486425466359,6119.880903870202,0.0
3733.5135745336406,254.1034871933491,205170.53446775826,3733.5135745336406,15897.161098551258,0.0,3733.5135745336406,949.4,44102.308883277416,3733.5135745336406,765.782129295522,0.0,3733.5135745336406,-0.0,18286.43612285624,3733.5135745336406,6119.880903870202,0.0
3733.5135745336406,254.1034871933491,205170.53446775826,3733.5135745336406,15897.161098551258,0.0,3733.5135745336406,0.23982084377557703,44102.308883277416,3733.5135745336406,765.782129295522,0.0,3733.5135745336406,-0.0,18286.43612285624,3733.5135745336406,6119.880903870202,0.0
3900.4915021642323,254.1034871933491,205170.53446775826,3900.4915021642323,15897.161098551258,0.0,3900.4915021642323,0.23982084377557703,44102.308883277416,3900.4915021642323,765.782129295522,0.0,3900.4915021642323,-0.0,18286.43612285624,3900.4915021642323,6119.880903870202,0.0
3900.4915021642323,59092.2,205170.53446775826,3900.4915021642323,15897.161098551258,0.0,3900.4915021642323,0.23982084377557703,44102.308883277416,3900.4915021642323,765.782129295522,0.0,3900.4915021642323,-0.0,18286.43612285624,3900.4915021642323,6119.880903870202,0.0
3901.5084978357677,59092.2,205170.53446775826,3901.5084978357677,15897.161098551258,0.0,3901.5084978357677,0.23982084377557703,44102.308883277416,3901.5084978357677,765.782129295522,0.0,3901.5084978357677,-0.0,18286.43612285624,3901.5084978357677,6119.880903870202,0.0
3901.5084978357677,254.1034871933491,205170.53446775826,3901.5084978357677,15897.161098551258,0.0,3901.5084978357677,0.23982084377557703,44102.308883277416,3901.5084978357677,765.782129295522,0.0,3901.5084978357677,-0.0,18286.43612285624,3901.5084978357677,6119.880903870202,0.0
4305.773771610353,254.1034871933491,205170.53446775826,4305.773771610353,15897.161098551258,0.0,4305.773771610353,0.23982084377557703,44102.308883277416,4305.773771610353,765.782129295522,0.0,4305.773771610353,-0.0,18286.43612285624,4305.773771610353,6119.880903870202,0.0
4305.773771610353,254.1034871933491,439681.1,4305.773771610353,15897.161098551258,0.0,4305.773771610353,0.23982084377557703,44102.308883277416,4305.773771610353,765.782129295522,0.0,4305.773771610353,-0.0,18286.43612285624,4305.773771610353,6119.880903870202,0.0
4306.189455289262,254.1034871933491,439681.1,4306.189455289262,15897.161098551258,0.0,4306.189455289262,0.23982084377557703,44102.308883277416,4306.189455289262,765.782129295522,0.0,4306.189455289262,-0.0,18286.43612285624,4306.189455289262,6119.880903870202,0.0
4306.189455289262,254.1034871933491,439681.1,4306.189455289262,15897.161098551258,0.0,4306.189455289262,0.23982084377557703,44102.308883277416,4306.189455289262,765.782129295522,0.0,4306.189455289262,-0.0,45903.7,4306.189455289262,6119.880903870202,0.0
4306.282404699814,254.1034871933491,439681.1,4306.282404699814,15897.161098551258,0.0,4306.282404699814,0.23982084377557703,44102.308883277416,4306.282404699814,765.782129295522,0.0,4306.282404699814,-0.0,45903.7,4306.282404699814,6119.880903870202,0.0
4306.282404699814,254.1034871933491,439681.1,4306.282404699814,15897.161098551258,0.0,4306.282404699814,0.23982084377557703,150137.9,4306.282404699814,765.782129295522,0.0,4306.282404699814,-0.0,45903.7,4306.282404699814,6119.880903870202,0.0
4311.717595300187,254.1034871933491,439681.1,4311.717595300187,15897.161098551258,0.0,4311.717595300187,0.23982084377557703,150137.9,4311.717595300187,765.782129295522,0.0,4311.717595300187,-0.0,45903.7,4311.717595300187,6119.880903870202,0.0
4311.717595300187,254.1034871933491,439681.1,4311.717595300187,15897.161098551258,0.0,4311.717595300187,0.23982084377557703,44102.308883277416,4311.717595300187,765.782129295522,0.0,4311.717595300187,-0.0,45903.7,4311.717595300187,6119.880903870202,0.0
4311.810544710738,254.1034871933491,439681.1,4311.810544710738,15897.161098551258,0.0,4311.810544710738,0.23982084377557703,44102.308883277416,4311.810544710738,765.782129295522,0.0,4311.810544710738,-0.0,45903.7,4311.810544710738,6119.880903870202,0.0
4311.810544710738,254.1034871933491,439681.1,4311.810544710738,15897.161098551258,0.0,4311.810544710738,0.23982084377557703,44102.308883277416,4311.810544710738,765.782129295522,0.0,4311.810544710738,-0.0,18286.43612285624,4311.810544710738,6119.880903870202,0.0
4312.226228389647,254.1034871933491,439681.1,4312.226228389647,15897.161098551258,0.0,4312.226228389647,0.23982084377557703,44102.308883277416,4312.226228389647,765.782129295522,0.0,4312.226228389647,-0.0,18286.43612285624,4312.226228389647,6119.880903870202,0.0
4312.226228389647,254.1034871933491,205170.53446775826,4312.226228389647,15897.161098551258,0.0,4312.226228389647,0.23982084377557703,44102.308883277416,4312.226228389647,765.782129295522,0.0,4312.226228389647,-0.0,18286.43612285624,4312.226228389647,6119.880903870202,0.0
4344.0,254.1034871933491,205170.53446775826,4344.0,15897.161098551258,0.0,4344.0,0.23982084377557703,44102.308883277416,4344.0,765.782129295522,0.0,4344.0,-0.0,18286.43612285624,4344.0,6119.880903870202,0.0
4344.0,248.13651793529112,210455.55309055618,4344.0,14547.984518249674,0.0,4344.0,-0.0,46825.81101424995,4344.0,677.3987333087873,0.0,4344.0,-0.0,22814.845818673744,4344.0,10901.4,0.0
4359.55711907845,248.13651793529112,210455.55309055618,4359.55711907845,14547.984518249674,0.0,4359.55711907845,-0.0,46825.81101424995,4359.55711907845,677.3987333087873,0.0,4359.55711907845,-0.0,22814.845818673744,4359.55711907845,10901.4,0.0
4359.55711907845,248.13651793529112,210455.55309055618,4359.55711907845,14547.984518249674,0.0,4359.55711907845,-0.0,46825.81101424995,4359.55711907845,677.3987333087873,0.0,4359.55711907845,-0.0,22814.845818673744,4359.55711907845,5605.054866152193,0.0
4403.403693777387,248.13651793529112,210455.55309055618,4403.403693777387,14547.984518249674,0.0,4403.403693777387,-0.0,46825.81101424995,4403.403693777387,677.3987333087873,0.0,4403.403693777387,-0.0,22814.845818673744,4403.403693777387,5605.054866152193,0.0
4403.403693777387,248.13651793529112,210455.55309055618,4403.403693777387,27934.9,0.0,4403.403693777387,-0.0,46825.81101424995,4403.403693777387,677.3987333087873,0.0,4403.403693777387,-0.0,22814.845818673744,4403.403693777387,5605.054866152193,0.0
4403.774191636162,248.13651793529112,210455.55309055618,4403.774191636162,27934.9,0.0,4403.774191636162,-0.0,46825.81101424995,4403.774191636162,677.3987333087873,0.0,4403.774191636162,-0.0,22814.845818673744,4403.774191636162,5605.054866152193,0.0
4403.774191636162,248.13651793529112,210455.55309055618,4403.774191636162,27934.9,0.0,4403.774191636162,-0.0,46825.81101424995,4403.774191636162,1855.7,0.0,4403.774191636162,-0.0,22814.845818673744,4403.774191636162,5605.054866152193,0.0
4406.225808363837,248.13651793529112,210455.55309055618,4406.225808363837,27934.9,0.0,4406.225808363837,-0.0,46825.81101424995,4406.225808363837,1855.7,0.0,4406.225808363837,-0.0,22814.845818673744,4406.225808363837,5605.054866152193,0.0
4406.225808363837,248.13651793529112,210455.55309055618,4406.225808363837,27934.9,0.0,4406.225808363837,-0.0,46825.81101424995,4406.225808363837,677.3987333087873,0.0,4406.225808363837,-0.0,22814.845818673744,4406.225808363837,5605.054866152193,0.0
4406.596306222613,248.13651793529112,210455.55309055618,4406.596306222613,27934.9,0.0,4406.596306222613,-0.0,46825.81101424995,4406.596306222613,677.3987333087873,0.0,4406.596306222613,-0.0,22814.845818673744,4406.596306222613,5605.054866152193,0.0
4406.596306222613,248.13651793529112,210455.55309055618,4406.596306222613,14547.984518249674,0.0,4406.596306222613,-0.0,46825.81101424995,4406.596306222613,677.3987333087873,0.0,4406.596306222613,-0.0,22814.845818673744,4406.596306222613,5605.054866152193,0.0
4546.507440179426,248.13651793529112,210455.55309055618,4546.507440179426,14547.984518249674,0.0,4546.507440179426,-0.0,46825.81101424995,4546.507440179426,677.3987333087873,0.0,4546.507440179426,-0.0,22814.845818673744,4546.507440179426,5605.054866152193,0.0
4546.507440179426,248.13651793529112,210455.55309055618,4546.507440179426,14547.984518249674,0.0,4546.507440179426,-0.0,46825.81101424995,4546.507440179426,677.3987333087873,0.0,4546.507440179426,-0.0,51781.7,4546.507440179426,5605.054866152193,0.0
4551.492559820574,248.13651793529112,210455.55309055618,4551.492559820574,14547.984518249674,0.0,4551.492559820574,-0.0,46825.81101424995,4551.492559820574,677.3987333087873,0.0,4551.492559820574,-0.0,51781.7,4551.492559820574,5605.054866152193,0.0
4551.492559820574,248.13651793529112,210455.55309055618,4551.492559820574,14547.984518249674,0.0,4551.492559820574,-0.0,46825.81101424995,4551.492559820574,677.3987333087873,0.0,4551.492559820574,-0.0,22814.845818673744,4551.492559820574,5605.054866152193,0.0
4617.975045504525,248.13651793529112,210455.55309055618,4617.975045504525,14547.984518249674,0.0,4617.975045504525,-0.0,46825.81101424995,4617.975045504525,677.3987333087873,0.0,4617.975045504525,-0.0,22814.845818673744,4617.975045504525,5605.054866152193,0.0
4617.975045504525,248.13651793529112,442440.4,4617.975045504525,14547.984518249674,0.0,4617.975045504525,-0.0,46825.81101424995,4617.975045504525,677.3987333087873,0.0,4617.975045504525,-0.0,22814.845818673744,4617.975045504525,5605.054866152193,0.0
4624.024954495475,248.13651793529112,442440.4,4624.024954495475,14547.984518249674,0.0,4624.024954495475,-0.0,46825.81101424995,4624.024954495475,677.3987333087873,0.0,4624.024954495475,-0.0,22814.845818673744,4624.024954495475,5605.054866152193,0.0
4624.024954495475,248.13651793529112,210455.55309055618,4624.024954495475,14547.984518249674,0.0,4624.024954495475,-0.0,46825.81101424995,4624.024954495475,677.3987333087873,0.0,4624.024954495475,-0.0,22814.845818673744,4624.024954495475,5605.054866152193,0.0
4786.43375615218,248.13651793529112,210455.55309055618,4786.43375615218,14547.984518249674,0.0,4786.43375615218,-0.0,46825.81101424995,4786.43375615218,677.3987333087873,0.0,4786.43375615218,-0.0,22814.845818673744,4786.43375615218,5605.054866152193,0.0
4786.43375615218,248.13651793529112,210455.55309055618,4786.43375615218,14547.984518249674,0.0,4786.43375615218,-0.0,149593.9,4786.43375615218,677.3987333087873,0.0,4786.43375615218,-0.0,22814.845818673744,4786.43375615218,5605.054866152193,0.0
4791.56624384782,248.13651793529112,210455.55309055618,4791.56624384782,14547.984518249674,0.0,4791.56624384782,-0.0,149593.9,4791.56624384782,677.3987333087873,0.0,4791.56624384782,-0.0,22814.845818673744,4791.56624384782,5605.054866152193,0.0
4791.56624384782,248.13651793529112,210455.55309055618,4791.56624384782,14547.984518249674,0.0,4791.56624384782,-0.0,46825.81101424995,4791.56624384782,677.3987333087873,0.0,4791.56624384782,-0.0,22814.845818673744,4791.56624384782,5605.054866152193,0.0
5052.276030499278,248.13651793529112,210455.55309055618,5052.276030499278,14547.984518249674,0.0,5052.276030499278,-0.0,46825.81101424995,5052.276030499278,677.3987333087873,0.0,5052.276030499278,-0.0,22814.845818673744,5052.276030499278,5605.054866152193,0.0
5052.276030499278,7124.0,210455.55309055618,5052.276030499278,14547.984518249674,0.0,5052.276030499278,-0.0,46825.81101424995,5052.276030499278,677.3987333087873,0.0,5052.276030499278,-0.0,22814.845818673744,5052.276030499278,5605.054866152193,0.0
5053.723969500721,7124.0,210455.55309055618,5053.723969500721,14547.984518249674,0.0,5053.723969500721,-0.0,46825.81101424995,5053.723969500721,677.3987333087873,0.0,5053.723969500721,-0.0,22814.845818673744,5053.723969500721,5605.054866152193,0.0
5053.723969500721,248.13651793529112,210455.55309055618,5053.723969500721,14547.984518249674,0.0,5053.723969500721,-0.0,46825.81101424995,5053.723969500721,677.3987333087873,0.0,5053.723969500721,-0.0,22814.845818673744,5053.723969500721,5605.054866152193,0.0
5088.0,248.13651793529112,210455.55309055618,5088.0,14547.984518249674,0.0,5088.0,-0.0,46825.81101424995,5088.0,677.3987333087873,0.0,5088.0,-0.0,22814.845818673744,5088.0,5605.054866152193,0.0
5088.0,160.6377136547388,220854.2159485225,5088.0,14536.83053396732,0.0,5088.0,-0.0,47258.410866524166,5088.0,707.83478223154,0.0,5088.0,-0.0,21114.30764812437,5088.0,5472.837541005732,0.0
5482.092453049411,160.6377136547388,220854.2159485225,5482.092453049411,14536.83053396732,0.0,5482.092453049411,-0.0,47258.410866524166,5482.092453049411,707.83478223154,0.0,5482.092453049411,-0.0,21114.30764812437,5482.092453049411,5472.837541005732,0.0
5482.092453049411,160.6377136547388,440392.4,5482.092453049411,14536.83053396732,0.0,5482.092453049411,-0.0,47258.410866524166,5482.092453049411,707.83478223154,0.0,5482.092453049411,-0.0,21114.30764812437,5482.092453049411,5472.837541005732,0.0
5482.541583936582,160.6377136547388,440392.4,5482.541583936582,14536.83053396732,0.0,5482.541583936582,-0.0,47258.410866524166,5482.541583936582,707.83478223154,0.0,5482.541583936582,-0.0,21114.30764812437,5482.541583936582,5472.837541005732,0.0
5482.541583936582,160.6377136547388,440392.4,5482.541583936582,14536.83053396732,0.0,5482.541583936582,-0.0,153825.8,5482.541583936582,707.83478223154,0.0,5482.541583936582,-0.0,21114.30764812437,5482.541583936582,5472.837541005732,0.0
5482.69890252872,160.6377136547388,440392.4,5482.69890252872,14536.83053396732,0.0,5482.69890252872,-0.0,153825.8,5482.69890252872,707.83478223154,0.0,5482.69890252872,-0.0,21114.30764812437,5482.69890252872,5472.837541005732,0.0
5482.69890252872,160.6377136547388,440392.4,5482.69890252872,14536.83053396732,0.0,5482.69890252872,-0.0,153825.8,5482.69890252872,707.83478223154,0.0,5482.69890252872,-0.0,47568.8,5482.69890252872,5472.837541005732,0.0
5487.30109747128,160.6377136547388,440392.4,5487.30109747128,14536.83053396732,0.0,5487.30109747128,-0.0,153825.8,5487.30109747128,707.83478223154,0.0,5487.30109747128,-0.0,47568.8,5487.30109747128,5472.837541005732,0.0
5487.30109747128,160.6377136547388,440392.4,5487.30109747128,14536.83053396732,0.0,5487.30109747128,-0.0,153825.8,5487.30109747128,707.83478223154,0.0,5487.30109747128,-0.0,21114.30764812437,5487.30109747128,5472.837541005732,0.0
5487.458416063418,160.6377136547388,440392.4,5487.458416063418,14536.83053396732,0.0,5487.458416063418,-0.0,153825.8,5487.458416063418,707.83478223154,0.0,5487.458416063418,-0.0,21114.30764812437,5487.458416063418,5472.837541005732,0.0
5487.458416063418,160.6377136547388,440392.4,5487.458416063418,14536.83053396732,0.0,5487.458416063418,-0.0,47258.410866524166,5487.458416063418,707.83478223154,0.0,5487.458416063418,-0.0,21114.30764812437,5487.458416063418,5472.837541005732,0.0
5487.907546950589,160.6377136547388,440392.4,5487.907546950589,14536.83053396732,0.0,5487.907546950589,-0.0,47258.410866524166,5487.907546950589,707.83478223154,0.0,5487.907546950589,-0.0,21114.30764812437,5487.907546950589,5472.837541005732,0.0
5487.907546950589,160.6377136547388,220854.2159485225,5487.907546950589,14536.83053396732,0.0,5487.907546950589,-0.0,47258.410866524166,5487.907546950589,707.83478223154,0.0,5487.907546950589,-0.0,21114.30764812437,5487.907546950589,5472.837541005732,0.0
5724.257488808439,160.6377136547388,220854.2159485225,5724.257488808439,14536.83053396732,0.0,5724.257488808439,-0.0,47258.410866524166,5724.257488808439,707.83478223154,0.0,5724.257488808439,-0.0,21114.30764812437,5724.257488808439,5472.837541005732,0.0
5724.257488808439,7027.699999999999,220854.2159485225,5724.257488808439,14536.83053396732,0.0,5724.257488808439,-0.0,47258.410866524166,5724.257488808439,707.83478223154,0.0,5724.257488808439,-0.0,21114.30764812437,5724.257488808439,5472.837541005732,0.0
5725.742511191561,7027.699999999999,220854.2159485225,5725.742511191561,14536.83053396732,0.0,5725.742511191561,-0.0,47258.410866524166,5725.742511191561,707.83478223154,0.0,5725.742511191561,-0.0,21114.30764812437,5725.742511191561,5472.837541005732,0.0
5725.742511191561,160.6377136547388,220854.2159485225,5725.742511191561,14536.83053396732,0.0,5725.742511191561,-0.0,47258.410866524166,5725.742511191561,707.83478223154,0.0,5725.742511191561,-0.0,21114.30764812437,5725.742511191561,5472.837541005732,0.0
5819.213578088328,160.6377136547388,220854.2159485225,5819.213578088328,14536.83053396732,0.0,5819.213578088328,-0.0,47258.410866524166,5819.213578088328,707.83478223154,0.0,5819.213578088328,-0.0,21114.30764812437,5819.213578088328,5472.837541005732,0.0
5819.213578088328,160.6377136547388,220854.2159485225,5819.213578088328,27047.900000000005,0.0,5819.213578088328,-0.0,47258.410866524166,5819.213578088328,707.83478223154,0.0,5819.213578088328,-0.0,21114.30764812437,5819.213578088328,5472.837541005732,0.0
5819.61059374151,160.6377136547388,220854.2159485225,5819.61059374151,27047.900000000005,0.0,5819.61059374151,-0.0,47258.410866524166,5819.61059374151,707.83478223154,0.0,5819.61059374151,-0.0,21114.30764812437,5819.61059374151,5472.837541005732,0.0
5819.61059374151,160.6377136547388,220854.2159485225,5819.61059374151,27047.900000000005,0.0,5819.61059374151,-0.0,47258.410866524166,5819.61059374151,1789.6000000000001,0.0,5819.61059374151,-0.0,21114.30764812437,5819.61059374151,5472.837541005732,0.0
5819.7516133292875,160.6377136547388,220854.2159485225,5819.7516133292875,27047.900000000005,0.0,5819.7516133292875,-0.0,47258.410866524166,5819.7516133292875,1789.6000000000001,0.0,5819.7516133292875,-0.0,21114.30764812437,5819.7516133292875,5472.837541005732,0.0
5819.7516133292875,160.6377136547388,220854.2159485225,5819.7516133292875,27047.900000000005,0.0,5819.7516133292875,-0.0,47258.410866524166,5819.7516133292875,1789.6000000000001,0.0,5819.7516133292875,-0.0,21114.30764812437,5819.7516133292875,10410.2,0.0
5822.2483866707125,160.6377136547388,220854.2159485225,5822.2483866707125,27047.900000000005,0.0,5822.2483866707125,-0.0,47258.410866524166,5822.2483866707125,1789.6000000000001,0.0,5822.2483866707125,-0.0,21114.30764812437,5822.2483866707125,10410.2,0.0
5822.2483866707125,160.6377136547388,220854.2159485225,5822.2483866707125,27047.900000000005,0.0,5822.2483866707125,-0.0,47258.410866524166,5822.2483866707125,1789.6000000000001,0.0,5822.2483866707125,-0.0,21114.30764812437,5822.2483866707125,5472.837541005732,0.0
5822.3894062584895,160.6377136547388,220854.2159485225,5822.3894062584895,27047.900000000005,0.0,5822.3894062584895,-0.0,47258.410866524166,5822.3894062584895,1789.6000000000001,0.0,5822.3894062584895,-0.0,21114.30764812437,5822.3894062584895,5472.837541005732,0.0
5822.3894062584895,160.6377136547388,220854.2159485225,5822.3894062584895,27047.900000000005,0.0,5822.3894062584895,-0.0,47258.410866524166,5822.3894062584895,707.83478223154,0.0,5822.3894062584895,-0.0,21114.30764812437,5822.3894062584895,5472.837541005732,0.0
5822.786421911672,160.6377136547388,220854.2159485225,5822.786421911672,27047.900000000005,0.0,5822.786421911672,-0.0,47258.410866524166,5822.786421911672,707.83478223154,0.0,5822.786421911672,-0.0,21114.30764812437,5822.786421911672,5472.837541005732,0.0
5822.786421911672,160.6377136547388,220854.2159485225,5822.786421911672,14536.83053396732,0.0,5822.786421911672,-0.0,47258.410866524166,5822.786421911672,707.83478223154,0.0,5822.786421911672,-0.0,21114.30764812437,5822.786421911672,5472.837541005732,0.0
5832.0,160.6377136547388,220854.2159485225,5832.0,14536.83053396732,0.0,5832.0,-0.0,47258.410866524166,5832.0,707.83478223154,0.0,5832.0,-0.0,21114.30764812437,5832.0,5472.837541005732,0.0
5832.0,663.6394536090064,179356.6013898325,5832.0,14938.547471954747,0.0,5832.0,8.879051329893581,32348.038190344032,5832.0,703.9530876096895,0.0,5832.0,-0.0,13250.748465419145,5832.0,5760.395161095303,0.0
5913.687160801972,663.6394536090064,179356.6013898325,5913.687160801972,14938.547471954747,0.0,5913.687160801972,8.879051329893581,32348.038190344032,5913.687160801972,703.9530876096895,0.0,5913.687160801972,-0.0,13250.748465419145,5913.687160801972,5760.395161095303,0.0
5913.687160801972,663.6394536090064,179356.6013898325,5913.687160801972,14938.547471954747,0.0,5913.687160801972,8.879051329893581,32348.038190344032,5913.687160801972,703.9530876096895,0.0,5913.687160801972,-0.0,37520.1,5913.687160801972,5760.395161095303,0.0
5915.587770131068,663.6394536090064,179356.6013898325,5915.587770131068,14938.547471954747,0.0,5915.587770131068,8.879051329893581,32348.038190344032,5915.587770131068,703.9530876096895,0.0,5915.587770131068,-0.0,37520.1,5915.587770131068,5760.395161095303,0.0
5915.587770131068,18866.8,179356.6013898325,5915.587770131068,14938.547471954747,0.0,5915.587770131068,8.879051329893581,32348.038190344032,5915.587770131068,703.9530876096895,0.0,5915.587770131068,-0.0,37520.1,5915.587770131068,5760.395161095303,0.0
5918.412229868933,18866.8,179356.6013898325,5918.412229868933,14938.547471954747,0.0,5918.412229868933,8.879051329893581,32348.038190344032,5918.412229868933,703.9530876096895,0.0,5918.412229868933,-0.0,37520.1,5918.412229868933,5760.395161095303,0.0
5918.412229868933,663.6394536090064,179356.6013898325,5918.412229868933,14938.547471954747,0.0,5918.412229868933,8.879051329893581,32348.038190344032,5918.412229868933,703.9530876096895,0.0,5918.412229868933,-0.0,37520.1,5918.412229868933,5760.395161095303,0.0
5920.312839198028,663.6394536090064,179356.6013898325,5920.312839198028,14938.547471954747,0.0,5920.312839198028,8.879051329893581,32348.038190344032,5920.312839198028,703.9530876096895,0.0,5920.312839198028,-0.0,37520.1,5920.312839198028,5760.395161095303,0.0
5920.312839198028,663.6394536090064,179356.6013898325,5920.312839198028,14938.547471954747,0.0,5920.312839198028,8.879051329893581,32348.038190344032,5920.312839198028,703.9530876096895,0.0,5920.312839198028,-0.0,13250.748465419145,5920.312839198028,5760.395161095303,0.0
5962.8652668592795,663.6394536090064,179356.6013898325,5962.8652668592795,14938.547471954747,0.0,5962.8652668592795,8.879051329893581,32348.038190344032,5962.8652668592795,703.9530876096895,0.0,5962.8652668592795,-0.0,13250.748465419145,5962.8652668592795,5760.395161095303,0.0
5962.8652668592795,663.6394536090064,179356.6013898325,5962.8652668592795,14938.547471954747,0.0,5962.8652668592795,8.879051329893581,138590.6,5962.8652668592795,703.9530876096895,0.0,5962.8652668592795,-0.0,13250.748465419145,5962.8652668592795,5760.395161095303,0.0
5967.134733140721,663.6394536090064,179356.6013898325,5967.134733140721,14938.547471954747,0.0,5967.134733140721,8.879051329893581,138590.6,5967.134733140721,703.9530876096895,0.0,5967.134733140721,-0.0,13250.748465419145,5967.134733140721,5760.395161095303,0.0
5967.134733140721,663.6394536090064,179356.6013898325,5967.134733140721,14938.547471954747,0.0,5967.134733140721,8.879051329893581,32348.038190344032,5967.134733140721,703.9530876096895,0.0,5967.134733140721,-0.0,13250.748465419145,5967.134733140721,5760.395161095303,0.0
5985.336856090939,663.6394536090064,179356.6013898325,5985.336856090939,14938.547471954747,0.0,5985.336856090939,8.879051329893581,32348.038190344032,5985.336856090939,703.9530876096895,0.0,5985.336856090939,-0.0,13250.748465419145,5985.336856090939,5760.395161095303,0.0
5985.336856090939,663.6394536090064,406453.0,5985.336856090939,14938.547471954747,0.0,5985.336856090939,8.879051329893581,32348.038190344032,5985.336856090939,703.9530876096895,0.0,5985.336856090939,-0.0,13250.748465419145,5985.336856090939,5760.395161095303,0.0
5992.663143909062,663.6394536090064,406453.0,5992.663143909062,14938.547471954747,0.0,5992.663143909062,8.879051329893581,32348.038190344032,5992.663143909062,703.9530876096895,0.0,5992.663143909062,-0.0,13250.748465419145,5992.663143909062,5760.395161095303,0.0
5992.663143909062,663.6394536090064,179356.6013898325,5992.663143909062,14938.547471954747,0.0,5992.663143909062,8.879051329893581,32348.038190344032,5992.663143909062,703.9530876096895,0.0,5992.663143909062,-0.0,13250.748465419145,5992.663143909062,5760.395161095303,0.0
6396.253168860691,663.6394536090064,179356.6013898325,6396.253168860691,14938.547471954747,0.0,6396.253168860691,8.879051329893581,32348.038190344032,6396.253168860691,703.9530876096895,0.0,6396.253168860691,-0.0,13250.748465419145,6396.253168860691,5760.395161095303,0.0
6396.253168860691,663.6394536090064,179356.6013898325,6396.253168860691,14938.547471954747,0.0,6396.253168860691,4142.6,32348.038190344032,6396.253168860691,703.9530876096895,0.0,6396.253168860691,-0.0,13250.748465419145,6396.253168860691,5760.395161095303,0.0
6397.746831139308,663.6394536090064,179356.6013898325,6397.746831139308,14938.547471954747,0.0,6397.746831139308,4142.6,32348.038190344032,6397.746831139308,703.9530876096895,0.0,6397.746831139308,-0.0,13250.748465419145,6397.746831139308,5760.395161095303,0.0
6397.746831139308,663.6394536090064,179356.6013898325,6397.746831139308,14938.547471954747,0.0,6397.746831139308,8.879051329893581,32348.038190344032,6397.746831139308,703.9530876096895,0.0,6397.746831139308,-0.0,13250.748465419145,6397.746831139308,5760.395161095303,0.0
6515.147362875485,663.6394536090064,179356.6013898325,6515.147362875485,14938.547471954747,0.0,6515.147362875485,8.879051329893581,32348.038190344032,6515.147362875485,703.9530876096895,0.0,6515.147362875485,-0.0,13250.748465419145,6515.147362875485,5760.395161095303,0.0
6515.147362875485,663.6394536090064,179356.6013898325,6515.147362875485,28840.2,0.0,6515.147362875485,8.879051329893581,32348.038190344032,6515.147362875485,703.9530876096895,0.0,6515.147362875485,-0.0,13250.748465419145,6515.147362875485,5760.395161095303,0.0
6515.587969113792,663.6394536090064,179356.6013898325,6515.587969113792,28840.2,0.0,6515.587969113792,8.879051329893581,32348.038190344032,6515.587969113792,703.9530876096895,0.0,6515.587969113792,-0.0,13250.748465419145,6515.587969113792,5760.395161095303,0.0
6515.587969113792,663.6394536090064,179356.6013898325,6515.587969113792,28840.2,0.0,6515.587969113792,8.879051329893581,32348.038190344032,6515.587969113792,1926.9000000000003,0.0,6515.587969113792,-0.0,13250.748465419145,6515.587969113792,5760.395161095303,0.0
6518.412030886208,663.6394536090064,179356.6013898325,6518.412030886208,28840.2,0.0,6518.412030886208,8.879051329893581,32348.038190344032,6518.412030886208,1926.9000000000003,0.0,6518.412030886208,-0.0,13250.748465419145,6518.412030886208,5760.395161095303,0.0
6518.412030886208,663.6394536090064,179356.6013898325,6518.412030886208,28840.2,0.0,6518.412030886208,8.879051329893581,32348.038190344032,6518.412030886208,703.9530876096895,0.0,6518.412030886208,-0.0,13250.748465419145,6518.412030886208,5760.395161095303,0.0
6518.852637124516,663.6394536090064,179356.6013898325,6518.852637124516,28840.2,0.0,6518.852637124516,8.879051329893581,32348.038190344032,6518.852637124516,703.9530876096895,0.0,6518.852637124516,-0.0,13250.748465419145,6518.852637124516,5760.395161095303,0.0
6518.852637124516,663.6394536090064,179356.6013898325,6518.852637124516,14938.547471954747,0.0,6518.852637124516,8.879051329893581,32348.038190344032,6518.852637124516,703.9530876096895,0.0,6518.852637124516,-0.0,13250.748465419145,6518.852637124516,5760.395161095303,0.0
6539.720841528284,663.6394536090064,179356.6013898325,6539.720841528284,14938.547471954747,0.0,6539.720841528284,8.879051329893581,32348.038190344032,6539.720841528284,703.9530876096895,0.0,6539.720841528284,-0.0,13250.748465419145,6539.720841528284,5760.395161095303,0.0
6539.720841528284,663.6394536090064,179356.6013898325,6539.720841528284,14938.547471954747,0.0,6539.720841528284,8.879051329893581,32348.038190344032,6539.720841528284,703.9530876096895,0.0,6539.720841528284,-0.0,13250.748465419145,6539.720841528284,11309.0,0.0
6542.279158471715,663.6394536090064,179356.6013898325,6542.279158471715,14938.547471954747,0.0,6542.279158471715,8.879051329893581,32348.038190344032,6542.279158471715,703.9530876096895,0.0,6542.279158471715,-0.0,13250.748465419145,6542.279158471715,11309.0,0.0
6542.279158471715,663.6394536090064,179356.6013898325,6542.279158471715,14938.547471954747,0.0,6542.279158471715,8.879051329893581,32348.038190344032,6542.279158471715,703.9530876096895,0.0,6542.279158471715,-0.0,13250.748465419145,6542.279158471715,5760.395161095303,0.0
6552.0,663.6394536090064,179356.6013898325,6552.0,14938.547471954747,0.0,6552.0,8.879051329893581,32348.038190344032,6552.0,703.9530876096895,0.0,6552.0,-0.0,13250.748465419145,6552.0,5760.395161095303,0.0
6552.0,1816.773542832382,128022.3159681781,6552.0,16302.581935234266,0.0,6552.0,4452.00246959753,14328.7758406256,6552.0,760.215404675559,0.0,6552.0,1974.565926398495,3685.4608534119775,6552.0,6391.979864270598,0.0
6560.54749478773,1816.773542832382,128022.3159681781,6560.54749478773,16302.581935234266,0.0,6560.54749478773,4452.00246959753,14328.7758406256,6560.54749478773,760.215404675559,0.0,6560.54749478773,1974.565926398495,3685.4608534119775,6560.54749478773,6391.979864270598,0.0
6560.54749478773,1816.773542832382,128022.3159681781,6560.54749478773,16302.581935234266,0.0,6560.54749478773,4452.00246959753,14328.7758406256,6560.54749478773,760.215404675559,0.0,6560.54749478773,1974.565926398495,24779.3,6560.54749478773,6391.979864270598,0.0
6564.999999999999,1816.773542832382,128022.3159681781,6564.999999999999,16302.581935234266,0.0,6564.999999999999,4452.00246959753,14328.7758406256,6564.999999999999,760.215404675559,0.0,6564.999999999999,1974.565926398495,24779.3,6564.999999999999,6391.979864270598,0.0
6564.999999999999,1816.773542832382,128022.3159681781,6564.999999999999,16302.581935234266,0.0,6564.999999999999,4452.00246959753,14328.7758406256,6564.999999999999,760.215404675559,0.0,6564.999999999999,1974.565926398495,3685.4608534119775,6564.999999999999,6391.979864270598,0.0
6587.030261598568,1816.773542832382,128022.3159681781,6587.030261598568,16302.581935234266,0.0,6587.030261598568,4452.00246959753,14328.7758406256,6587.030261598568,760.215404675559,0.0,6587.030261598568,1974.565926398495,3685.4608534119775,6587.030261598568,6391.979864270598,0.0
6587.030261598568,1816.773542832382,128022.3159681781,6587.030261598568,16302.581935234266,0.0,6587.030261598568,4452.00246959753,106994.2,6587.030261598568,760.215404675559,0.0,6587.030261598568,1974.565926398495,3685.4608534119775,6587.030261598568,6391.979864270598,0.0
6590.969738401432,1816.773542832382,128022.3159681781,6590.969738401432,16302.581935234266,0.0,6590.969738401432,4452.00246959753,106994.2,6590.969738401432,760.215404675559,0.0,6590.969738401432,1974.565926398495,3685.4608534119775,6590.969738401432,6391.979864270598,0.0
6590.969738401432,1816.773542832382,128022.3159681781,6590.969738401432,16302.581935234266,0.0,6590.969738401432,4452.00246959753,14328.7758406256,6590.969738401432,760.215404675559,0.0,6590.969738401432,1974.565926398495,3685.4608534119775,6590.969738401432,6391.979864270598,0.0
6756.240597117934,1816.773542832382,128022.3159681781,6756.240597117934,16302.581935234266,0.0,6756.240597117934,4452.00246959753,14328.7758406256,6756.240597117934,760.215404675559,0.0,6756.240597117934,1974.565926398495,3685.4608534119775,6756.240597117934,6391.979864270598,0.0
6756.240597117934,25120.6,128022.3159681781,6756.240597117934,16302.581935234266,0.0,6756.240597117934,4452.00246959753,14328.7758406256,6756.240597117934,760.215404675559,0.0,6756.240597117934,1974.565926398495,3685.4608534119775,6756.240597117934,6391.979864270598,0.0
6757.759402882067,25120.6,128022.3159681781,6757.759402882067,16302.581935234266,0.0,6757.759402882067,4452.00246959753,14328.7758406256,6757.759402882067,760.215404675559,0.0,6757.759402882067,1974.565926398495,3685.4608534119775,6757.759402882067,6391.979864270598,0.0
6757.759402882067,1816.773542832382,128022.3159681781,6757.759402882067,16302.581935234266,0.0,6757.759402882067,4452.00246959753,14328.7758406256,6757.759402882067,760.215404675559,0.0,6757.759402882067,1974.565926398495,3685.4608534119775,6757.759402882067,6391.979864270598,0.0
6993.124027010145,1816.773542832382,128022.3159681781,6993.124027010145,16302.581935234266,0.0,6993.124027010145,4452.00246959753,14328.7758406256,6993.124027010145,760.215404675559,0.0,6993.124027010145,1974.565926398495,3685.4608534119775,6993.124027010145,6391.979864270598,0.0
6993.124027010145,1816.773542832382,339700.5,6993.124027010145,16302.581935234266,0.0,6993.124027010145,4452.00246959753,14328.7758406256,6993.124027010145,760.215404675559,0.0,6993.124027010145,1974.565926398495,3685.4608534119775,6993.124027010145,6391.979864270598,0.0
7000.875972989856,1816.773542832382,339700.5,7000.875972989856,16302.581935234266,0.0,7000.875972989856,4452.00246959753,14328.7758406256,7000.875972989856,760.215404675559,0.0,7000.875972989856,1974.565926398495,3685.4608534119775,7000.875972989856,6391.979864270598,0.0
7000.875972989856,1816.773542832382,128022.3159681781,7000.875972989856,16302.581935234266,0.0,7000.875972989856,4452.00246959753,14328.7758406256,7000.875972989856,760.215404675559,0.0,7000.875972989856,1974.565926398495,3685.4608534119775,7000.875972989856,6391.979864270598,0.0
7281.585715021471,1816.773542832382,128022.3159681781,7281.585715021471,16302.581935234266,0.0,7281.585715021471,4452.00246959753,14328.7758406256,7281.585715021471,760.215404675559,0.0,7281.585715021471,1974.565926398495,3685.4608534119775,7281.585715021471,6391.979864270598,0.0
7281.585715021471,1816.773542832382,128022.3159681781,7281.585715021471,16302.581935234266,0.0,7281.585715021471,4452.00246959753,14328.7758406256,7281.585715021471,760.215404675559,0.0,7281.585715021471,15525.2,3685.4608534119775,7281.585715021471,6391.979864270598,0.0
7282.882499448798,1816.773542832382,128022.3159681781,7282.882499448798,16302.581935234266,0.0,7282.882499448798,4452.00246959753,14328.7758406256,7282.882499448798,760.215404675559,0.0,7282.882499448798,15525.2,3685.4608534119775,7282.882499448798,6391.979864270598,0.0
7282.882499448798,1816.773542832382,128022.3159681781,7282.882499448798,16302.581935234266,0.0,7282.882499448798,50741.9,14328.7758406256,7282.882499448798,760.215404675559,0.0,7282.882499448798,15525.2,3685.4608534119775,7282.882499448798,6391.979864270598,0.0
7283.121031843934,1816.773542832382,128022.3159681781,7283.121031843934,16302.581935234266,0.0,7283.121031843934,50741.9,14328.7758406256,7283.121031843934,760.215404675559,0.0,7283.121031843934,15525.2,3685.4608534119775,7283.121031843934,6391.979864270598,0.0
7283.121031843934,1816.773542832382,128022.3159681781,7283.121031843934,31953.9,0.0,7283.121031843934,50741.9,14328.7758406256,7283.121031843934,760.215404675559,0.0,7283.121031843934,15525.2,3685.4608534119775,7283.121031843934,6391.979864270598,0.0
7283.553354276562,1816.773542832382,128022.3159681781,7283.553354276562,31953.9,0.0,7283.553354276562,50741.9,14328.7758406256,7283.553354276562,760.215404675559,0.0,7283.553354276562,15525.2,3685.4608534119775,7283.553354276562,6391.979864270598,0.0
7283.553354276562,1816.773542832382,128022.3159681781,7283.553354276562,31953.9,0.0,7283.553354276562,50741.9,14328.7758406256,7283.553354276562,2154.8,0.0,7283.553354276562,15525.2,3685.4608534119775,7283.553354276562,6391.979864270598,0.0
7283.7049950380715,1816.773542832382,128022.3159681781,7283.7049950380715,31953.9,0.0,7283.7049950380715,50741.9,14328.7758406256,7283.7049950380715,2154.8,0.0,7283.7049950380715,15525.2,3685.4608534119775,7283.7049950380715,6391.979864270598,0.0
7283.7049950380715,1816.773542832382,128022.3159681781,7283.7049950380715,31953.9,0.0,7283.7049950380715,50741.9,14328.7758406256,7283.7049950380715,2154.8,0.0,7283.7049950380715,15525.2,3685.4608534119775,7283.7049950380715,12762.800000000001,0.0
7286.2950049619285,1816.773542832382,128022.3159681781,7286.2950049619285,31953.9,0.0,7286.2950049619285,50741.9,14328.7758406256,7286.2950049619285,2154.8,0.0,7286.2950049619285,15525.2,3685.4608534119775,7286.2950049619285,12762.800000000001,0.0
7286.2950049619285,1816.773542832382,128022.3159681781,7286.2950049619285,31953.9,0.0,7286.2950049619285,50741.9,14328.7758406256,7286.2950049619285,2154.8,0.0,7286.2950049619285,15525.2,3685.4608534119775,7286.2950049619285,6391.979864270598,0.0
7286.446645723439,1816.773542832382,128022.3159681781,7286.446645723439,31953.9,0.0,7286.446645723439,50741.9,14328.7758406256,7286.446645723439,2154.8,0.0,7286.446645723439,15525.2,3685.4608534119775,7286.446645723439,6391.979864270598,0.0
7286.446645723439,1816.773542832382,128022.3159681781,7286.446645723439,31953.9,0.0,7286.446645723439,50741.9,14328.7758406256,7286.446645723439,760.215404675559,0.0,7286.446645723439,15525.2,3685.4608534119775,7286.446645723439,6391.979864270598,0.0
7286.878968156066,1816.773542832382,128022.3159681781,7286.878968156066,31953.9,0.0,7286.878968156066,50741.9,14328.7758406256,7286.878968156066,760.215404675559,0.0,7286.878968156066,15525.2,3685.4608534119775,7286.878968156066,6391.979864270598,0.0
7286.878968156066,1816.773542832382,128022.3159681781,7286.878968156066,16302.581935234266,0.0,7286.878968156066,50741.9,14328.7758406256,7286.878968156066,760.215404675559,0.0,7286.878968156066,15525.2,3685.4608534119775,7286.878968156066,6391.979864270598,0.0
7287.117500551202,1816.773542832382,128022.3159681781,7287.117500551202,16302.581935234266,0.0,7287.117500551202,50741.9,14328.7758406256,7287.117500551202,760.215404675559,0.0,7287.117500551202,15525.2,3685.4608534119775,7287.117500551202,6391.979864270598,0.0
7287.117500551202,1816.773542832382,128022.3159681781,7287.117500551202,16302.581935234266,0.0,7287.117500551202,4452.00246959753,14328.7758406256,7287.117500551202,760.215404675559,0.0,7287.117500551202,15525.2,3685.4608534119775,7287.117500551202,6391.979864270598,0.0
7288.414284978529,1816.773542832382,128022.3159681781,7288.414284978529,16302.581935234266,0.0,7288.414284978529,4452.00246959753,14328.7758406256,7288.414284978529,760.215404675559,0.0,7288.414284978529,15525.2,3685.4608534119775,7288.414284978529,6391.979864270598,0.0
7288.414284978529,1816.773542832382,128022.3159681781,7288.414284978529,16302.581935234266,0.0,7288.414284978529,4452.00246959753,14328.7758406256,7288.414284978529,760.215404675559,0.0,7288.414284978529,1974.565926398495,3685.4608534119775,7288.414284978529,6391.979864270598,0.0
7296.0,1816.773542832382,128022.3159681781,7296.0,16302.581935234266,0.0,7296.0,4452.00246959753,14328.7758406256,7296.0,760.215404675559,0.0,7296.0,1974.565926398495,3685.4608534119775,7296.0,6391.979864270598,0.0
7296.0,3817.1214074168493,109605.2443364166,7296.0,18075.14813979409,0.0,7296.0,12379.539175915233,7212.1437286255605,7296.0,840.3309117172873,0.0,7296.0,5816.265230031381,941.9477079924076,7296.0,7192.903795725894,0.0
7353.704030164612,3817.1214074168493,109605.2443364166,7353.704030164612,18075.14813979409,0.0,7353.704030164612,12379.539175915233,7212.1437286255605,7353.704030164612,840.3309117172873,0.0,7353.704030164612,5816.265230031381,941.9477079924076,7353.704030164612,7192.903795725894,0.0
7353.704030164612,3817.1214074168493,292580.4,7353.704030164612,18075.14813979409,0.0,7353.704030164612,12379.539175915233,7212.1437286255605,7353.704030164612,840.3309117172873,0.0,7353.704030164612,5816.265230031381,941.9477079924076,7353.704030164612,7192.903795725894,0.0
7355.08815712209,3817.1214074168493,292580.4,7355.08815712209,18075.14813979409,0.0,7355.08815712209,12379.539175915233,7212.1437286255605,7355.08815712209,840.3309117172873,0.0,7355.08815712209,5816.265230031381,941.9477079924076,7355.08815712209,7192.903795725894,0.0
7355.08815712209,3817.1214074168493,292580.4,7355.08815712209,18075.14813979409,0.0,7355.08815712209,12379.539175915233,62943.90000000001,7355.08815712209,840.3309117172873,0.0,7355.08815712209,5816.265230031381,941.9477079924076,7355.08815712209,7192.903795725894,0.0
7358.911842877911,3817.1214074168493,292580.4,7358.911842877911,18075.14813979409,0.0,7358.911842877911,12379.539175915233,62943.90000000001,7358.911842877911,840.3309117172873,0.0,7358.911842877911,5816.265230031381,941.9477079924076,7358.911842877911,7192.903795725894,0.0
7358.911842877911,3817.1214074168493,292580.4,7358.911842877911,18075.14813979409,0.0,7358.911842877911,12379.539175915233,7212.1437286255605,7358.911842877911,840.3309117172873,0.0,7358.911842877911,5816.265230031381,941.9477079924076,7358.911842877911,7192.903795725894,0.0
7360.295969835388,3817.1214074168493,292580.4,7360.295969835388,18075.14813979409,0.0,7360.295969835388,12379.539175915233,7212.1437286255605,7360.295969835388,840.3309117172873,0.0,7360.295969835388,5816.265230031381,941.9477079924076,7360.295969835388,7192.903795725894,0.0
7360.295969835388,3817.1214074168493,109605.2443364166,7360.295969835388,18075.14813979409,0.0,7360.295969835388,12379.539175915233,7212.1437286255605,7360.295969835388,840.3309117172873,0.0,7360.295969835388,5816.265230031381,941.9477079924076,7360.295969835388,7192.903795725894,0.0
7426.991922441447,3817.1214074168493,109605.2443364166,7426.991922441447,18075.14813979409,0.0,7426.991922441447,12379.539175915233,7212.1437286255605,7426.991922441447,840.3309117172873,0.0,7426.991922441447,5816.265230031381,941.9477079924076,7426.991922441447,7192.903795725894,0.0
7426.991922441447,3817.1214074168493,109605.2443364166,7426.991922441447,18075.14813979409,0.0,7426.991922441447,12379.539175915233,7212.1437286255605,7426.991922441447,840.3309117172873,0.0,7426.991922441447,5816.265230031381,5921.3,7426.991922441447,7192.903795725894,0.0
7431.008077558552,3817.1214074168493,109605.2443364166,7431.008077558552,18075.14813979409,0.0,7431.008077558552,12379.539175915233,7212.1437286255605,7431.008077558552,840.3309117172873,0.0,7431.008077558552,5816.265230031381,5921.3,7431.008077558552,7192.903795725894,0.0
7431.008077558552,3817.1214074168493,109605.2443364166,7431.008077558552,18075.14813979409,0.0,7431.008077558552,12379.539175915233,7212.1437286255605,7431.008077558552,840.3309117172873,0.0,7431.008077558552,5816.265230031381,941.9477079924076,7431.008077558552,7192.903795725894,0.0
7572.087999605669,3817.1214074168493,109605.2443364166,7572.087999605669,18075.14813979409,0.0,7572.087999605669,12379.539175915233,7212.1437286255605,7572.087999605669,840.3309117172873,0.0,7572.087999605669,5816.265230031381,941.9477079924076,7572.087999605669,7192.903795725894,0.0
7572.087999605669,38209.7,109605.2443364166,7572.087999605669,18075.14813979409,0.0,7572.087999605669,12379.539175915233,7212.1437286255605,7572.087999605669,840.3309117172873,0.0,7572.087999605669,5816.265230031381,941.9477079924076,7572.087999605669,7192.903795725894,0.0
7573.912000394331,38209.7,109605.2443364166,7573.912000394331,18075.14813979409,0.0,7573.912000394331,12379.539175915233,7212.1437286255605,7573.912000394331,840.3309117172873,0.0,7573.912000394331,5816.265230031381,941.9477079924076,7573.912000394331,7192.903795725894,0.0
7573.912000394331,3817.1214074168493,109605.2443364166,7573.912000394331,18075.14813979409,0.0,7573.912000394331,12379.539175915233,7212.1437286255605,7573.912000394331,840.3309117172873,0.0,7573.912000394331,5816.265230031381,941.9477079924076,7573.912000394331,7192.903795725894,0.0
7834.625946768661,3817.1214074168493,109605.2443364166,7834.625946768661,18075.14813979409,0.0,7834.625946768661,12379.539175915233,7212.1437286255605,7834.625946768661,840.3309117172873,0.0,7834.625946768661,5816.265230031381,941.9477079924076,7834.625946768661,7192.903795725894,0.0
7834.625946768661,3817.1214074168493,109605.2443364166,7834.625946768661,18075.14813979409,0.0,7834.625946768661,12379.539175915233,7212.1437286255605,7834.625946768661,840.3309117172873,0.0,7834.625946768661,23970.1,941.9477079924076,7834.625946768661,7192.903795725894,0.0
7839.3740532313395,3817.1214074168493,109605.2443364166,7839.3740532313395,18075.14813979409,0.0,7839.3740532313395,12379.539175915233,7212.1437286255605,7839.3740532313395,840.3309117172873,0.0,7839.3740532313395,23970.1,941.9477079924076,7839.3740532313395,7192.903795725894,0.0
7839.3740532313395,3817.1214074168493,109605.2443364166,7839.3740532313395,18075.14813979409,0.0,7839.3740532313395,12379.539175915233,7212.1437286255605,7839.3740532313395,840.3309117172873,0.0,7839.3740532313395,5816.265230031381,941.9477079924076,7839.3740532313395,7192.903795725894,0.0
7906.864154112378,3817.1214074168493,109605.2443364166,7906.864154112378,18075.14813979409,0.0,7906.864154112378,12379.539175915233,7212.1437286255605,7906.864154112378,840.3309117172873,0.0,7906.864154112378,5816.265230031381,941.9477079924076,7906.864154112378,7192.903795725894,0.0
7906.864154112378,3817.1214074168493,109605.2443364166,7906.864154112378,18075.14813979409,0.0,7906.864154112378,73131.7,7212.1437286255605,7906.864154112378,840.3309117172873,0.0,7906.864154112378,5816.265230031381,941.9477079924076,7906.864154112378,7192.903795725894,0.0
7911.135845887622,3817.1214074168493,109605.2443364166,7911.135845887622,18075.14813979409,0.0,7911.135845887622,73131.7,7212.1437286255605,7911.135845887622,840.3309117172873,0.0,7911.135845887622,5816.265230031381,941.9477079924076,7911.135845887622,7192.903795725894,0.0
7911.135845887622,3817.1214074168493,109605.2443364166,7911.135845887622,18075.14813979409,0.0,7911.135845887622,12379.539175915233,7212.1437286255605,7911.135845887622,840.3309117172873,0.0,7911.135845887622,5816.265230031381,941.9477079924076,7911.135845887622,7192.903795725894,0.0
8003.137672619566,3817.1214074168493,109605.2443364166,8003.137672619566,18075.14813979409,0.0,8003.137672619566,12379.539175915233,7212.1437286255605,8003.137672619566,840.3309117172873,0.0,8003.137672619566,5816.265230031381,941.9477079924076,8003.137672619566,7192.903795725894,0.0
8003.137672619566,3817.1214074168493,109605.2443364166,8003.137672619566,35159.7,0.0,8003.137672619566,12379.539175915233,7212.1437286255605,8003.137672619566,840.3309117172873,0.0,8003.137672619566,5816.265230031381,941.9477079924076,8003.137672619566,7192.903795725894,0.0
8003.5575887377945,3817.1214074168493,109605.2443364166,8003.5575887377945,35159.7,0.0,8003.5575887377945,12379.539175915233,7212.1437286255605,8003.5575887377945,840.3309117172873,0.0,8003.5575887377945,5816.265230031381,941.9477079924076,8003.5575887377945,7192.903795725894,0.0
8003.5575887377945,3817.1214074168493,109605.2443364166,8003.5575887377945,35159.7,0.0,8003.5575887377945,12379.539175915233,7212.1437286255605,8003.5575887377945,2395.0,0.0,8003.5575887377945,5816.265230031381,941.9477079924076,8003.5575887377945,7192.903795725894,0.0
8003.710898395064,3817.1214074168493,109605.2443364166,8003.710898395064,35159.7,0.0,8003.710898395064,12379.539175915233,7212.1437286255605,8003.710898395064,2395.0,0.0,8003.710898395064,5816.265230031381,941.9477079924076,8003.710898395064,7192.903795725894,0.0
8003.710898395064,3817.1214074168493,109605.2443364166,8003.710898395064,35159.7,0.0,8003.710898395064,12379.539175915233,7212.1437286255605,8003.710898395064,2395.0,0.0,8003.710898395064,5816.265230031381,941.9477079924076,8003.710898395064,14301.099999999999,0.0
8006.289101604936,3817.1214074168493,109605.2443364166,8006.289101604936,35159.7,0.0,8006.289101604936,12379.539175915233,7212.1437286255605,8006.289101604936,2395.0,0.0,8006.289101604936,5816.265230031381,941.9477079924076,8006.289101604936,14301.099999999999,0.0
8006.289101604936,3817.1214074168493,109605.2443364166,8006.289101604936,35159.7,0.0,8006.289101604936,12379.539175915233,7212.1437286255605,8006.289101604936,2395.0,0.0,8006.289101604936,5816.265230031381,941.9477079924076,8006.289101604936,7192.903795725894,0.0
8006.4424112622055,3817.1214074168493,109605.2443364166,8006.4424112622055,35159.7,0.0,8006.4424112622055,12379.539175915233,7212.1437286255605,8006.4424112622055,2395.0,0.0,8006.4424112622055,5816.265230031381,941.9477079924076,8006.4424112622055,7192.903795725894,0.0
8006.4424112622055,3817.1214074168493,109605.2443364166,8006.4424112622055,35159.7,0.0,8006.4424112622055,12379.539175915233,7212.1437286255605,8006.4424112622055,840.3309117172873,0.0,8006.4424112622055,5816.265230031381,941.9477079924076,8006.4424112622055,7192.903795725894,0.0
8006.862327380434,3817.1214074168493,109605.2443364166,8006.862327380434,35159.7,0.0,8006.862327380434,12379.539175915233,7212.1437286255605,8006.862327380434,840.3309117172873,0.0,8006.862327380434,5816.265230031381,941.9477079924076,8006.862327380434,7192.903795725894,0.0
8006.862327380434,3817.1214074168493,109605.2443364166,8006.862327380434,18075.14813979409,0.0,8006.862327380434,12379.539175915233,7212.1437286255605,8006.862327380434,840.3309117172873,0.0,8006.862327380434,5816.265230031381,941.9477079924076,8006.862327380434,7192.903795725894,0.0
8016.0,3817.1214074168493,109605.2443364166,8016.0,18075.14813979409,0.0,8016.0,12379.539175915233,7212.1437286255605,8016.0,840.3309117172873,0.0,8016.0,5816.265230031381,941.9477079924076,8016.0,7192.903795725894,0.0
8016.0,12990.485917814105,88293.53042956063,8016.0,19494.607121545065,0.0,8016.0,31190.56587040259,4112.178854929141,8016.0,885.352717015,0.0,8016.0,16756.63102506344,167.4394945375759,8016.0,7950.548747432089,0.0
8193.11064555952,12990.485917814105,88293.53042956063,8193.11064555952,19494.607121545065,0.0,8193.11064555952,31190.56587040259,4112.178854929141,8193.11064555952,885.352717015,0.0,8193.11064555952,16756.63102506344,167.4394945375759,8193.11064555952,7950.548747432089,0.0
8193.11064555952,12990.485917814105,272921.4,8193.11064555952,19494.607121545065,0.0,8193.11064555952,31190.56587040259,4112.178854929141,8193.11064555952,885.352717015,0.0,8193.11064555952,16756.63102506344,167.4394945375759,8193.11064555952,7950.548747432089,0.0
8195.905455432568,12990.485917814105,272921.4,8195.905455432568,19494.607121545065,0.0,8195.905455432568,31190.56587040259,4112.178854929141,8195.905455432568,885.352717015,0.0,8195.905455432568,16756.63102506344,167.4394945375759,8195.905455432568,7950.548747432089,0.0
8195.905455432568,12990.485917814105,272921.4,8195.905455432568,19494.607121545065,0.0,8195.905455432568,31190.56587040259,41653.7,8195.905455432568,885.352717015,0.0,8195.905455432568,16756.63102506344,167.4394945375759,8195.905455432568,7950.548747432089,0.0
8196.108052069394,12990.485917814105,272921.4,8196.108052069394,19494.607121545065,0.0,8196.108052069394,31190.56587040259,41653.7,8196.108052069394,885.352717015,0.0,8196.108052069394,16756.63102506344,167.4394945375759,8196.108052069394,7950.548747432089,0.0
8196.108052069394,12990.485917814105,272921.4,8196.108052069394,19494.607121545065,0.0,8196.108052069394,31190.56587040259,41653.7,8196.108052069394,885.352717015,0.0,8196.108052069394,16756.63102506344,3014.7,8196.108052069394,7950.548747432089,0.0
8197.891947930604,12990.485917814105,272921.4,8197.891947930604,19494.607121545065,0.0,8197.891947930604,31190.56587040259,41653.7,8197.891947930604,885.352717015,0.0,8197.891947930604,16756.63102506344,3014.7,8197.891947930604,7950.548747432089,0.0
8197.891947930604,12990.485917814105,272921.4,8197.891947930604,19494.607121545065,0.0,8197.891947930604,31190.56587040259,41653.7,8197.891947930604,885.352717015,0.0,8197.891947930604,16756.63102506344,167.4394945375759,8197.891947930604,7950.548747432089,0.0
8198.094544567432,12990.485917814105,272921.4,8198.094544567432,19494.607121545065,0.0,8198.094544567432,31190.56587040259,41653.7,8198.094544567432,885.352717015,0.0,8198.094544567432,16756.63102506344,167.4394945375759,8198.094544567432,7950.548747432089,0.0
8198.094544567432,12990.485917814105,272921.4,8198.094544567432,19494.607121545065,0.0,8198.094544567432,31190.56587040259,4112.178854929141,8198.094544567432,885.352717015,0.0,8198.094544567432,16756.63102506344,167.4394945375759,8198.094544567432,7950.548747432089,0.0
8200.88935444048,12990.485917814105,272921.4,8200.88935444048,19494.607121545065,0.0,8200.88935444048,31190.56587040259,4112.178854929141,8200.88935444048,885.352717015,0.0,8200.88935444048,16756.63102506344,167.4394945375759,8200.88935444048,7950.548747432089,0.0
8200.88935444048,12990.485917814105,88293.53042956063,8200.88935444048,19494.607121545065,0.0,8200.88935444048,31190.56587040259,4112.178854929141,8200.88935444048,885.352717015,0.0,8200.88935444048,16756.63102506344,167.4394945375759,8200.88935444048,7950.548747432089,0.0
8623.690209889128,12990.485917814105,88293.53042956063,8623.690209889128,19494.607121545065,0.0,8623.690209889128,31190.56587040259,4112.178854929141,8623.690209889128,885.352717015,0.0,8623.690209889128,16756.63102506344,167.4394945375759,8623.690209889128,7950.548747432089,0.0
8623.690209889128,12990.485917814105,88293.53042956063,8623.690209889128,19494.607121545065,0.0,8623.690209889128,154653.0,4112.178854929141,8623.690209889128,885.352717015,0.0,8623.690209889128,16756.63102506344,167.4394945375759,8623.690209889128,7950.548747432089,0.0
8624.116950801996,12990.485917814105,88293.53042956063,8624.116950801996,19494.607121545065,0.0,8624.116950801996,154653.0,4112.178854929141,8624.116950801996,885.352717015,0.0,8624.116950801996,16756.63102506344,167.4394945375759,8624.116950801996,7950.548747432089,0.0
8624.116950801996,12990.485917814105,88293.53042956063,8624.116950801996,19494.607121545065,0.0,8624.116950801996,154653.0,4112.178854929141,8624.116950801996,885.352717015,0.0,8624.116950801996,50002.9,167.4394945375759,8624.116950801996,7950.548747432089,0.0
8624.887830802456,12990.485917814105,88293.53042956063,8624.887830802456,19494.607121545065,0.0,8624.887830802456,154653.0,4112.178854929141,8624.887830802456,885.352717015,0.0,8624.887830802456,50002.9,167.4394945375759,8624.887830802456,7950.548747432089,0.0
8624.887830802456,112544.9,88293.53042956063,8624.887830802456,19494.607121545065,0.0,8624.887830802456,154653.0,4112.178854929141,8624.887830802456,885.352717015,0.0,8624.887830802456,50002.9,167.4394945375759,8624.887830802456,7950.548747432089,0.0
8633.112169197546,112544.9,88293.53042956063,8633.112169197546,19494.607121545065,0.0,8633.112169197546,154653.0,4112.178854929141,8633.112169197546,885.352717015,0.0,8633.112169197546,50002.9,167.4394945375759,8633.112169197546,7950.548747432089,0.0
8633.112169197546,12990.485917814105,88293.53042956063,8633.112169197546,19494.607121545065,0.0,8633.112169197546,154653.0,4112.178854929141,8633.112169197546,885.352717015,0.0,8633.112169197546,50002.9,167.4394945375759,8633.112169197546,7950.548747432089,0.0
8633.883049198004,12990.485917814105,88293.53042956063,8633.883049198004,19494.607121545065,0.0,8633.883049198004,154653.0,4112.178854929141,8633.883049198004,885.352717015,0.0,8633.883049198004,50002.9,167.4394945375759,8633.883049198004,7950.548747432089,0.0
8633.883049198004,12990.485917814105,88293.53042956063,8633.883049198004,19494.607121545065,0.0,8633.883049198004,154653.0,4112.178854929141,8633.883049198004,885.352717015,0.0,8633.883049198004,16756.63102506344,167.4394945375759,8633.883049198004,7950.548747432089,0.0
8634.309790110872,12990.485917814105,88293.53042956063,8634.309790110872,19494.607121545065,0.0,8634.309790110872,154653.0,4112.178854929141,8634.309790110872,885.352717015,0.0,8634.309790110872,16756.63102506344,167.4394945375759,8634.309790110872,7950.548747432089,0.0
8634.309790110872,12990.485917814105,88293.53042956063,8634.309790110872,19494.607121545065,0.0,8634.309790110872,31190.56587040259,4112.178854929141,8634.309790110872,885.352717015,0.0,8634.309790110872,16756.63102506344,167.4394945375759,8634.309790110872,7950.548747432089,0.0
8699.14756099874,12990.485917814105,88293.53042956063,8699.14756099874,19494.607121545065,0.0,8699.14756099874,31190.56587040259,4112.178854929141,8699.14756099874,885.352717015,0.0,8699.14756099874,16756.63102506344,167.4394945375759,8699.14756099874,7950.548747432089,0.0
8699.14756099874,12990.485917814105,88293.53042956063,8699.14756099874,37720.8,0.0,8699.14756099874,31190.56587040259,4112.178854929141,8699.14756099874,885.352717015,0.0,8699.14756099874,16756.63102506344,167.4394945375759,8699.14756099874,7950.548747432089,0.0
8699.56763795096,12990.485917814105,88293.53042956063,8699.56763795096,37720.8,0.0,8699.56763795096,31190.56587040259,4112.178854929141,8699.56763795096,885.352717015,0.0,8699.56763795096,16756.63102506344,167.4394945375759,8699.56763795096,7950.548747432089,0.0
8699.56763795096,12990.485917814105,88293.53042956063,8699.56763795096,37720.8,0.0,8699.56763795096,31190.56587040259,4112.178854929141,8699.56763795096,2589.0,0.0,8699.56763795096,16756.63102506344,167.4394945375759,8699.56763795096,7950.548747432089,0.0
8702.43236204904,12990.485917814105,88293.53042956063,8702.43236204904,37720.8,0.0,8702.43236204904,31190.56587040259,4112.178854929141,8702.43236204904,2589.0,0.0,8702.43236204904,16756.63102506344,167.4394945375759,8702.43236204904,7950.548747432089,0.0
8702.43236204904,12990.485917814105,88293.53042956063,8702.43236204904,37720.8,0.0,8702.43236204904,31190.56587040259,4112.178854929141,8702.43236204904,885.352717015,0.0,8702.43236204904,16756.63102506344,167.4394945375759,8702.43236204904,7950.548747432089,0.0
8702.852439001259,12990.485917814105,88293.53042956063,8702.852439001259,37720.8,0.0,8702.852439001259,31190.56587040259,4112.178854929141,8702.852439001259,885.352717015,0.0,8702.852439001259,16756.63102506344,167.4394945375759,8702.852439001259,7950.548747432089,0.0
8702.852439001259,12990.485917814105,88293.53042956063,8702.852439001259,19494.607121545065,0.0,8702.852439001259,31190.56587040259,4112.178854929141,8702.852439001259,885.352717015,0.0,8702.852439001259,16756.63102506344,167.4394945375759,8702.852439001259,7950.548747432089,0.0
8747.722349528138,12990.485917814105,88293.53042956063,8747.722349528138,19494.607121545065,0.0,8747.722349528138,31190.56587040259,4112.178854929141,8747.722349528138,885.352717015,0.0,8747.722349528138,16756.63102506344,167.4394945375759,8747.722349528138,7950.548747432089,0.0
8747.722349528138,12990.485917814105,88293.53042956063,8747.722349528138,19494.607121545065,0.0,8747.722349528138,31190.56587040259,4112.178854929141,8747.722349528138,885.352717015,0.0,8747.722349528138,16756.63102506344,167.4394945375759,8747.722349528138,15596.2,0.0
8750.277650471862,12990.485917814105,88293.53042956063,8750.277650471862,19494.607121545065,0.0,8750.277650471862,31190.56587040259,4112.178854929141,8750.277650471862,885.352717015,0.0,8750.277650471862,16756.63102506344,167.4394945375759,8750.277650471862,15596.2,0.0
8750.277650471862,12990.485917814105,88293.53042956063,8750.277650471862,19494.607121545065,0.0,8750.277650471862,31190.56587040259,4112.178854929141,8750.277650471862,885.352717015,0.0,8750.277650471862,16756.63102506344,167.4394945375759,8750.277650471862,7950.548747432089,0.0
8760.0,12990.485917814105,88293.53042956063,8760.0,19494.607121545065,0.0,8760.0,31190.56587040259,4112.178854929141,8760.0,885.352717015,0.0,8760.0,16756.63102506344,167.4394945375759,8760.0,7950.548747432089,0.0
8760.0,18753.4012096774,84186.83454301083,8760.0,20803.571505376338,0.0,8760.0,36752.366801075186,4125.000537634407,8760.0,955.2306451612908,0.0,8760.0,20827.764650537625,8.07822580645161,8760.0,8492.21680107528,0.0
9504.0,18753.4012096774,84186.83454301083,9504.0,20803.571505376338,0.0,9504.0,36752.366801075186,4125.000537634407,9504.0,955.2306451612908,0.0,9504.0,20827.764650537625,8.07822580645161,9504.0,8492.21680107528,0.0
9504.0,12015.244196428577,93747.590327381,9504.0,21069.434226190493,0.0,9504.0,29745.937351190445,5012.054761904762,9504.0,970.8019345238108,0.0,9504.0,15636.363541666664,52.81577380952379,9504.0,8612.365773809515,0.0
10176.0,12015.244196428577,93747.590327381,10176.0,21069.434226190493,0.0,10176.0,29745.937351190445,5012.054761904762,10176.0,970.8019345238108,0.0,10176.0,15636.363541666664,52.81577380952379,10176.0,8612.365773809515,0.0
10176.0,3786.7758064516124,118630.1440860215,10176.0,20726.03293010753,0.0,10176.0,13271.579166666674,8928.67486559139,10176.0,988.765188172043,0.0,10176.0,6946.8635752688115,1074.4782258064517,10176.0,8332.261827956992,0.0
10920.0,3786.7758064516124,118630.1440860215,10920.0,20726.03293010753,0.0,10920.0,13271.579166666674,8928.67486559139,10920.0,988.765188172043,0.0,10920.0,6946.8635752688115,1074.4782258064517,10920.0,8332.261827956992,0.0
10920.0,1664.6127777777785,132863.73819444436,10920.0,19105.086111111115,0.0,10920.0,3442.982916666665,14889.779166666665,10920.0,884.9736111111121,0.0,10920.0,1161.481527777777,3529.7154166666696,10920.0,7708.061666666655,0.0
11640.0,1664.6127777777785,132863.73819444436,11640.0,19105.086111111115,0.0,11640.0,3442.982916666665,14889.779166666665,11640.0,884.9736111111121,0.0,11640.0,1161.481527777777,3529.7154166666696,11640.0,7708.061666666655,0.0
11640.0,1063.8244623655912,159366.20322580627,11640.0,17546.197043010772,0.0,11640.0,716.209677419355,27526.030645161278,11640.0,831.5661290322581,0.0,11640.0,254.67688172042995,9609.601209677427,11640.0,6905.634677419345,0.0
12384.0,1063.8244623655912,159366.20322580627,12384.0,17546.197043010772,0.0,12384.0,716.209677419355,27526.030645161278,12384.0,831.5661290322581,0.0,12384.0,254.67688172042995,9609.601209677427,12384.0,6905.634677419345,0.0
12384.0,337.2119444444446,207272.15819444435,12384.0,15973.64111111109,0.0,12384.0,1.5938888888888887,44902.75833333334,12384.0,770.8922222222226,0.0,12384.0,-0.0,18502.04597222223,12384.0,6141.681111111104,0.0
13104.0,337.2119444444446,207272.15819444435,13104.0,15973.64111111109,0.0,13104.0,1.5938888888888887,44902.75833333334,13104.0,770.8922222222226,0.0,13104.0,-0.0,18502.04597222223,13104.0,6141.681111111104,0.0
13104.0,261.51801075268816,212341.96034946223,13104.0,14605.429704301063,0.0,13104.0,-0.0,47534.757123655894,13104.0,681.281451612904,0.0,13104.0,-0.0,23008.93615591398,13104.0,5623.25833333333,0.0
13848.0,261.51801075268816,212341.96034946223,13848.0,14605.429704301063,0.0,13848.0,-0.0,47534.757123655894,13848.0,681.281451612904,0.0,13848.0,-0.0,23008.93615591398,13848.0,5623.25833333333,0.0
13848.0,174.34435483870956,222570.12311827927,13848.0,14596.91129032257,0.0,13848.0,-0.0,47962.676881720494,13848.0,711.8751344086021,0.0,13848.0,-0.0,21277.948387096767,13848.0,5489.406720430103,0.0
14592.0,174.34435483870956,222570.12311827927,14592.0,14596.91129032257,0.0,14592.0,-0.0,47962.676881720494,14592.0,711.8751344086021,0.0,14592.0,-0.0,21277.948387096767,14592.0,5489.406720430103,0.0
14592.0,735.047916666667,181667.3977777776,14592.0,15010.088333333355,0.0,14592.0,17.454583333333332,32978.03680555554,14592.0,708.7498611111117,0.0,14592.0,-0.0,13474.08305555557,14592.0,5780.110555555554,0.0
15312.0,735.047916666667,181667.3977777776,15312.0,15010.088333333355,0.0,15312.0,17.454583333333332,32978.03680555554,15312.0,708.7498611111117,0.0,15312.0,-0.0,13474.08305555557,15312.0,5780.110555555554,0.0
15312.0,1864.3461021505377,130227.85053763437,15312.0,16381.6365591398,0.0,15312.0,4715.494086021503,14819.438844086024,15312.0,765.6387096774192,0.0,15312.0,2098.93615591398,3811.6979838709694,15312.0,6414.157930107519,0.0
16056.0,1864.3461021505377,130227.85053763437,16056.0,16381.6365591398,0.0,16056.0,4715.494086021503,14819.438844086024,16056.0,765.6387096774192,0.0,16056.0,2098.93615591398,3811.6979838709694,16056.0,6414.157930107519,0.0
16056.0,3904.2493055555547,111280.46805555548,16056.0,18163.52875000002,0.0,16056.0,12739.975972222224,7508.1169444444495,16056.0,846.5599999999989,0.0,16056.0,5935.982361111112,969.7225000000008,16056.0,7218.357083333338,0.0
16776.0,3904.2493055555547,111280.46805555548,16776.0,18163.52875000002,0.0,16776.0,12739.975972222224,7508.1169444444495,16776.0,846.5599999999989,0.0,16776.0,5935.982361111112,969.7225000000008,16776.0,7218.357083333338,0.0
16776.0,14090.982123655922,90223.86155913974,16776.0,19585.367607526878,0.0,16776.0,32952.822849462376,4222.638172043012,16776.0,891.9124999999997,0.0,16776.0,17193.037365591383,174.26639784946232,16776.0,7976.808064516123,0.0
17520.0,14090.982123655922,90223.86155913974,17520.0,19585.367607526878,0.0,17520.0,32952.822849462376,4222.638172043012,17520.0,891.9124999999997,0.0,17520.0,17193.037365591383,174.26639784946232,17520.0,7976.808064516123,0.0
17520.0,18753.4012096774,84186.83454301083,17520.0,20803.571505376338,0.0,17520.0,36752.366801075186,4125.000537634407,17520.0,955.2306451612908,0.0,17520.0,20827.764650537625,8.07822580645161,17520.0,8492.21680107528,0.0
18264.0,18753.4012096774,84186.83454301083,18264.0,20803.571505376338,0.0,18264.0,36752.366801075186,4125.000537634407,18264.0,955.2306451612908,0.0,18264.0,20827.764650537625,8.07822580645161,18264.0,8492.21680107528,0.0
18264.0,12015.244196428577,93747.590327381,18264.0,21069.434226190493,0.0,18264.0,29745.937351190445,5012.054761904762,18264.0,970.8019345238108,0.0,18264.0,15636.363541666664,52.81577380952379,18264.0,8612.365773809515,0.0
18936.0,12015.244196428577,93747.590327381,18936.0,21069.434226190493,0.0,18936.0,29745.937351190445,5012.054761904762,18936.0,970.8019345238108,0.0,18936.0,15636.363541666664,52.81577380952379,18936.0,8612.365773809515,0.0
18936.0,3786.7758064516124,118630.1440860215,18936.0,20726.03293010753,0.0,18936.0,13271.579166666674,8928.67486559139,18936.0,988.765188172043,0.0,18936.0,6946.8635752688115,1074.4782258064517,18936.0,8332.261827956992,0.0
19680.0,3786.7758064516124,118630.1440860215,19680.0,20726.03293010753,0.0,19680.0,13271.579166666674,8928.67486559139,19680.0,988.765188172043,0.0,19680.0,6946.8635752688115,1074.4782258064517,19680.0,8332.261827956992,0.0
19680.0,1664.6127777777785,132863.73819444436,19680.0,19105.086111111115,0.0,19680.0,3442.982916666665,14889.779166666665,19680.0,884.9736111111121,0.0,19680.0,1161.481527777777,3529.7154166666696,19680.0,7708.061666666655,0.0
20400.0,1664.6127777777785,132863.73819444436,20400.0,19105.086111111115,0.0,20400.0,3442.982916666665,14889.779166666665,20400.0,884.9736111111121,0.0,20400.0,1161.481527777777,3529.7154166666696,20400.0,7708.061666666655,0.0
20400.0,1063.8244623655912,159366.20322580627,20400.0,17546.197043010772,0.0,20400.0,716.209677419355,27526.030645161278,20400.0,831.5661290322581,0.0,20400.0,254.67688172042995,9609.601209677427,20400.0,6905.634677419345,0.0
21144.0,1063.8244623655912,159366.20322580627,21144.0,17546.197043010772,0.0,21144.0,716.209677419355,27526.030645161278,21144.0,831.5661290322581,0.0,21144.0,254.67688172042995,9609.601209677427,21144.0,6905.634677419345,0.0
21144.0,337.2119444444446,207272.15819444435,21144.0,15973.64111111109,0.0,21144.0,1.5938888888888887,44902.75833333334,21144.0,770.8922222222226,0.0,21144.0,-0.0,18502.04597222223,21144.0,6141.681111111104,0.0
21864.0,337.2119444444446,207272.15819444435,21864.0,15973.64111111109,0.0,21864.0,1.5938888888888887,44902.75833333334,21864.0,770.8922222222226,0.0,21864.0,-0.0,18502.04597222223,21864.0,6141.681111111104,0.0
21864.0,261.51801075268816,212341.96034946223,21864.0,14605.429704301063,0.0,21864.0,-0.0,47534.757123655894,21864.0,681.281451612904,0.0,21864.0,-0.0,23008.93615591398,21864.0,5623.25833333333,0.0
22608.0,261.51801075268816,212341.96034946223,22608.0,14605.429704301063,0.0,22608.0,-0.0,47534.757123655894,22608.0,681.281451612904,0.0,22608.0,-0.0,23008.93615591398,22608.0,5623.25833333333,0.0
22608.0,174.34435483870956,222570.12311827927,22608.0,14596.91129032257,0.0,22608.0,-0.0,47962.676881720494,22608.0,711.8751344086021,0.0,22608.0,-0.0,21277.948387096767,22608.0,5489.406720430103,0.0
23352.0,174.34435483870956,222570.12311827927,23352.0,14596.91129032257,0.0,23352.0,-0.0,47962.676881720494,23352.0,711.8751344086021,0.0,23352.0,-0.0,21277.948387096767,23352.0,5489.406720430103,0.0
23352.0,735.047916666667,181667.3977777776,23352.0,15010.088333333355,0.0,23352.0,17.454583333333332,32978.03680555554,23352.0,708.7498611111117,0.0,23352.0,-0.0,13474.08305555557,23352.0,5780.110555555554,0.0
24072.0,735.047916666667,181667.3977777776,24072.0,15010.088333333355,0.0,24072.0,17.454583333333332,32978.03680555554,24072.0,708.7498611111117,0.0,24072.0,-0.0,13474.08305555557,24072.0,5780.110555555554,0.0
24072.0,1864.3461021505377,130227.85053763437,24072.0,16381.6365591398,0.0,24072.0,4715.494086021503,14819.438844086024,24072.0,765.6387096774192,0.0,24072.0,2098.93615591398,3811.6979838709694,24072.0,6414.157930107519,0.0
24816.0,1864.3461021505377,130227.85053763437,24816.0,16381.6365591398,0.0,24816.0,4715.494086021503,14819.438844086024,24816.0,765.6387096774192,0.0,24816.0,2098.93615591398,3811.6979838709694,24816.0,6414.157930107519,0.0
24816.0,3904.2493055555547,111280.46805555548,24816.0,18163.52875000002,0.0,24816.0,12739.975972222224,7508.1169444444495,24816.0,846.5599999999989,0.0,24816.0,5935.982361111112,969.7225000000008,24816.0,7218.357083333338,0.0
25536.0,3904.2493055555547,111280.46805555548,25536.0,18163.52875000002,0.0,25536.0,12739.975972222224,7508.1169444444495,25536.0,846.5599999999989,0.0,25536.0,5935.982361111112,969.7225000000008,25536.0,7218.357083333338,0.0
25536.0,14090.982123655922,90223.86155913974,25536.0,19585.367607526878,0.0,25536.0,32952.822849462376,4222.638172043012,25536.0,891.9124999999997,0.0,25536.0,17193.037365591383,174.26639784946232,25536.0,7976.808064516123,0.0
26280.0,14090.982123655922,90223.86155913974,26280.0,19585.367607526878,0.0,26280.0,32952.822849462376,4222.638172043012,26280.0,891.9124999999997,0.0,26280.0,17193.037365591383,174.26639784946232,26280.0,7976.808064516123,0.0
26280.0,18753.4012096774,84186.83454301083,26280.0,20803.571505376338,0.0,26280.0,36752.366801075186,4125.000537634407,26280.0,955.2306451612908,0.0,26280.0,20827.764650537625,8.07822580645161,26280.0,8492.21680107528,0.0
27024.0,18753.4012096774,84186.83454301083,27024.0,20803.571505376338,0.0,27024.0,36752.366801075186,4125.000537634407,27024.0,955.2306451612908,0.0,27024.0,20827.764650537625,8.07822580645161,27024.0,8492.21680107528,0.0
27024.0,12015.244196428577,93747.590327381,27024.0,21069.434226190493,0.0,27024.0,29745.937351190445,5012.054761904762,27024.0,970.8019345238108,0.0,27024.0,15636.363541666664,52.81577380952379,27024.0,8612.365773809515,0.0
27696.0,12015.244196428577,93747.590327381,27696.0,21069.434226190493,0.0,27696.0,29745.937351190445,5012.054761904762,27696.0,970.8019345238108,0.0,27696.0,15636.363541666664,52.81577380952379,27696.0,8612.365773809515,0.0
27696.0,3786.7758064516124,118630.1440860215,27696.0,20726.03293010753,0.0,27696.0,13271.579166666674,8928.67486559139,27696.0,988.765188172043,0.0,27696.0,6946.8635752688115,1074.4782258064517,27696.0,8332.261827956992,0.0
28440.0,3786.7758064516124,118630.1440860215,28440.0,20726.03293010753,0.0,28440.0,13271.579166666674,8928.67486559139,28440.0,988.765188172043,0.0,28440.0,6946.8635752688115,1074.4782258064517,28440.0,8332.261827956992,0.0
28440.0,1664.6127777777785,132863.73819444436,28440.0,19105.086111111115,0.0,28440.0,3442.982916666665,14889.779166666665,28440.0,884.9736111111121,0.0,28440.0,1161.481527777777,3529.7154166666696,28440.0,7708.061666666655,0.0
29160.0,1664.6127777777785,132863.73819444436,29160.0,19105.086111111115,0.0,29160.0,3442.982916666665,14889.779166666665,29160.0,884.9736111111121,0.0,29160.0,1161.481527777777,3529.7154166666696,29160.0,7708.061666666655,0.0
29160.0,1063.8244623655912,159366.20322580627,29160.0,17546.197043010772,0.0,29160.0,716.209677419355,27526.030645161278,29160.0,831.5661290322581,0.0,29160.0,254.67688172042995,9609.601209677427,29160.0,6905.634677419345,0.0
29904.0,1063.8244623655912,159366.20322580627,29904.0,17546.197043010772,0.0,29904.0,716.209677419355,27526.030645161278,29904.0,831.5661290322581,0.0,29904.0,254.67688172042995,9609.601209677427,29904.0,6905.634677419345,0.0
29904.0,337.2119444444446,207272.15819444435,29904.0,15973.64111111109,0.0,29904.0,1.5938888888888887,44902.75833333334,29904.0,770.8922222222226,0.0,29904.0,-0.0,18502.04597222223,29904.0,6141.681111111104,0.0
30624.0,337.2119444444446,207272.15819444435,30624.0,15973.64111111109,0.0,30624.0,1.5938888888888887,44902.75833333334,30624.0,770.8922222222226,0.0,30624.0,-0.0,18502.04597222223,30624.0,6141.681111111104,0.0
30624.0,261.51801075268816,212341.96034946223,30624.0,14605.429704301063,0.0,30624.0,-0.0,47534.757123655894,30624.0,681.281451612904,0.0,30624.0,-0.0,23008.93615591398,30624.0,5623.25833333333,0.0
31368.0,261.51801075268816,212341.96034946223,31368.0,14605.429704301063,0.0,31368.0,-0.0,47534.757123655894,31368.0,681.281451612904,0.0,31368.0,-0.0,23008.93615591398,31368.0,5623.25833333333,0.0
31368.0,174.34435483870956,222570.12311827927,31368.0,14596.91129032257,0.0,31368.0,-0.0,47962.676881720494,31368.0,711.8751344086021,0.0,31368.0,-0.0,21277.948387096767,31368.0,5489.406720430103,0.0
32112.0,174.34435483870956,222570.12311827927,32112.0,14596.91129032257,0.0,32112.0,-0.0,47962.676881720494,32112.0,711.8751344086021,0.0,32112.0,-0.0,21277.948387096767,32112.0,5489.406720430103,0.0
32112.0,735.047916666667,181667.3977777776,32112.0,15010.088333333355,0.0,32112.0,17.454583333333332,32978.03680555554,32112.0,708.7498611111117,0.0,32112.0,-0.0,13474.08305555557,32112.0,5780.110555555554,0.0
32832.0,735.047916666667,181667.3977777776,32832.0,15010.088333333355,0.0,32832.0,17.454583333333332,32978.03680555554,32832.0,708.7498611111117,0.0,32832.0,-0.0,13474.08305555557,32832.0,5780.110555555554,0.0
32832.0,1864.3461021505377,130227.85053763437,32832.0,16381.6365591398,0.0,32832.0,4715.494086021503,14819.438844086024,32832.0,765.6387096774192,0.0,32832.0,2098.93615591398,3811.6979838709694,32832.0,6414.157930107519,0.0
33576.0,1864.3461021505377,130227.85053763437,33576.0,16381.6365591398,0.0,33576.0,4715.494086021503,14819.438844086024,33576.0,765.6387096774192,0.0,33576.0,2098.93615591398,3811.6979838709694,33576.0,6414.157930107519,0.0
33576.0,3904.2493055555547,111280.46805555548,33576.0,18163.52875000002,0.0,33576.0,12739.975972222224,7508.1169444444495,33576.0,846.5599999999989,0.0,33576.0,5935.982361111112,969.7225000000008,33576.0,7218.357083333338,0.0
34296.0,3904.2493055555547,111280.46805555548,34296.0,18163.52875000002,0.0,34296.0,12739.975972222224,7508.1169444444495,34296.0,846.5599999999989,0.0,34296.0,5935.982361111112,969.7225000000008,34296.0,7218.357083333338,0.0
34296.0,14090.982123655922,90223.86155913974,34296.0,19585.367607526878,0.0,34296.0,32952.822849462376,4222.638172043012,34296.0,891.9124999999997,0.0,34296.0,17193.037365591383,174.26639784946232,34296.0,7976.808064516123,0.0
35040.0,14090.982123655922,90223.86155913974,35040.0,19585.367607526878,0.0,35040.0,32952.822849462376,4222.638172043012,35040.0,891.9124999999997,0.0,35040.0,17193.037365591383,174.26639784946232,35040.0,7976.808064516123,0.0
35040.0,18753.4012096774,84186.83454301083,35040.0,20803.571505376338,0.0,35040.0,36752.366801075186,4125.000537634407,35040.0,955.2306451612908,0.0,35040.0,20827.764650537625,8.07822580645161,35040.0,8492.21680107528,0.0
35784.0,18753.4012096774,84186.83454301083,35784.0,20803.571505376338,0.0,35784.0,36752.366801075186,4125.000537634407,35784.0,955.2306451612908,0.0,35784.0,20827.764650537625,8.07822580645161,35784.0,8492.21680107528,0.0
35784.0,12015.244196428577,93747.590327381,35784.0,21069.434226190493,0.0,35784.0,29745.937351190445,5012.054761904762,35784.0,970.8019345238108,0.0,35784.0,15636.363541666664,52.81577380952379,35784.0,8612.365773809515,0.0
36456.0,12015.244196428577,93747.590327381,36456.0,21069.434226190493,0.0,36456.0,29745.937351190445,5012.054761904762,36456.0,970.8019345238108,0.0,36456.0,15636.363541666664,52.81577380952379,36456.0,8612.365773809515,0.0
36456.0,3786.7758064516124,118630.1440860215,36456.0,20726.03293010753,0.0,36456.0,13271.579166666674,8928.67486559139,36456.0,988.765188172043,0.0,36456.0,6946.8635752688115,1074.4782258064517,36456.0,8332.261827956992,0.0
37200.0,3786.7758064516124,118630.1440860215,37200.0,20726.03293010753,0.0,37200.0,13271.579166666674,8928.67486559139,37200.0,988.765188172043,0.0,37200.0,6946.8635752688115,1074.4782258064517,37200.0,8332.261827956992,0.0
37200.0,1664.6127777777785,132863.73819444436,37200.0,19105.086111111115,0.0,37200.0,3442.982916666665,14889.779166666665,37200.0,884.9736111111121,0.0,37200.0,1161.481527777777,3529.7154166666696,37200.0,7708.061666666655,0.0
37920.0,1664.6127777777785,132863.73819444436,37920.0,19105.086111111115,0.0,37920.0,3442.982916666665,14889.779166666665,37920.0,884.9736111111121,0.0,37920.0,1161.481527777777,3529.7154166666696,37920.0,7708.061666666655,0.0
37920.0,1063.8244623655912,159366.20322580627,37920.0,17546.197043010772,0.0,37920.0,716.209677419355,27526.030645161278,37920.0,831.5661290322581,0.0,37920.0,254.67688172042995,9609.601209677427,37920.0,6905.634677419345,0.0
38664.0,1063.8244623655912,159366.20322580627,38664.0,17546.197043010772,0.0,38664.0,716.209677419355,27526.030645161278,38664.0,831.5661290322581,0.0,38664.0,254.67688172042995,9609.601209677427,38664.0,6905.634677419345,0.0
38664.0,337.2119444444446,207272.15819444435,38664.0,15973.64111111109,0.0,38664.0,1.5938888888888887,44902.75833333334,38664.0,770.8922222222226,0.0,38664.0,-0.0,18502.04597222223,38664.0,6141.681111111104,0.0
39384.0,337.2119444444446,207272.15819444435,39384.0,15973.64111111109,0.0,39384.0,1.5938888888888887,44902.75833333334,39384.0,770.8922222222226,0.0,39384.0,-0.0,18502.04597222223,39384.0,6141.681111111104,0.0
39384.0,261.51801075268816,212341.96034946223,39384.0,14605.429704301063,0.0,39384.0,-0.0,47534.757123655894,39384.0,681.281451612904,0.0,39384.0,-0.0,23008.93615591398,39384.0,5623.25833333333,0.0
40128.0,261.51801075268816,212341.96034946223,40128.0,14605.429704301063,0.0,40128.0,-0.0,47534.757123655894,40128.0,681.281451612904,0.0,40128.0,-0.0,23008.93615591398,40128.0,5623.25833333333,0.0
40128.0,174.34435483870956,222570.12311827927,40128.0,14596.91129032257,0.0,40128.0,-0.0,47962.676881720494,40128.0,711.8751344086021,0.0,40128.0,-0.0,21277.948387096767,40128.0,5489.406720430103,0.0
40872.0,174.34435483870956,222570.12311827927,40872.0,14596.91129032257,0.0,40872.0,-0.0,47962.676881720494,40872.0,711.8751344086021,0.0,40872.0,-0.0,21277.948387096767,40872.0,5489.406720430103,0.0
40872.0,735.047916666667,181667.3977777776,40872.0,15010.088333333355,0.0,40872.0,17.454583333333332,32978.03680555554,40872.0,708.7498611111117,0.0,40872.0,-0.0,13474.08305555557,40872.0,5780.110555555554,0.0
41592.0,735.047916666667,181667.3977777776,41592.0,15010.088333333355,0.0,41592.0,17.454583333333332,32978.03680555554,41592.0,708.7498611111117,0.0,41592.0,-0.0,13474.08305555557,41592.0,5780.110555555554,0.0
41592.0,1864.3461021505377,130227.85053763437,41592.0,16381.6365591398,0.0,41592.0,4715.494086021503,14819.438844086024,41592.0,765.6387096774192,0.0,41592.0,2098.93615591398,3811.6979838709694,41592.0,6414.157930107519,0.0
42336.0,1864.3461021505377,130227.85053763437,42336.0,16381.6365591398,0.0,42336.0,4715.494086021503,14819.438844086024,42336.0,765.6387096774192,0.0,42336.0,2098.93615591398,3811.6979838709694,42336.0,6414.157930107519,0.0
42336.0,3904.2493055555547,111280.46805555548,42336.0,18163.52875000002,0.0,42336.0,12739.975972222224,7508.1169444444495,42336.0,846.5599999999989,0.0,42336.0,5935.982361111112,969.7225000000008,42336.0,7218.357083333338,0.0
43056.0,3904.2493055555547,111280.46805555548,43056.0,18163.52875000002,0.0,43056.0,12739.975972222224,7508.1169444444495,43056.0,846.5599999999989,0.0,43056.0,5935.982361111112,969.7225000000008,43056.0,7218.357083333338,0.0
43056.0,14090.982123655922,90223.86155913974,43056.0,19585.367607526878,0.0,43056.0,32952.822849462376,4222.638172043012,43056.0,891.9124999999997,0.0,43056.0,17193.037365591383,174.26639784946232,43056.0,7976.808064516123,0.0
43800.0,14090.982123655922,90223.86155913974,43800.0,19585.367607526878,0.0,43800.0,32952.822849462376,4222.638172043012,43800.0,891.9124999999997,0.0,43800.0,17193.037365591383,174.26639784946232,43800.0,7976.808064516123,0.0
43800.0,18753.4012096774,84186.83454301083,43800.0,20803.571505376338,0.0,43800.0,36752.366801075186,4125.000537634407,43800.0,955.2306451612908,0.0,43800.0,20827.764650537625,8.07822580645161,43800.0,8492.21680107528,0.0
44544.0,18753.4012096774,84186.83454301083,44544.0,20803.571505376338,0.0,44544.0,36752.366801075186,4125.000537634407,44544.0,955.2306451612908,0.0,44544.0,20827.764650537625,8.07822580645161,44544.0,8492.21680107528,0.0
44544.0,12015.244196428577,93747.590327381,44544.0,21069.434226190493,0.0,44544.0,29745.937351190445,5012.054761904762,44544.0,970.8019345238108,0.0,44544.0,15636.363541666664,52.81577380952379,44544.0,8612.365773809515,0.0
45216.0,12015.244196428577,93747.590327381,45216.0,21069.434226190493,0.0,45216.0,29745.937351190445,5012.054761904762,45216.0,970.8019345238108,0.0,45216.0,15636.363541666664,52.81577380952379,45216.0,8612.365773809515,0.0
45216.0,3786.7758064516124,118630.1440860215,45216.0,20726.03293010753,0.0,45216.0,13271.579166666674,8928.67486559139,45216.0,988.765188172043,0.0,45216.0,6946.8635752688115,1074.4782258064517,45216.0,8332.261827956992,0.0
45960.0,3786.7758064516124,118630.1440860215,45960.0,20726.03293010753,0.0,45960.0,13271.579166666674,8928.67486559139,45960.0,988.765188172043,0.0,45960.0,6946.8635752688115,1074.4782258064517,45960.0,8332.261827956992,0.0
45960.0,1664.6127777777785,132863.73819444436,45960.0,19105.086111111115,0.0,45960.0,3442.982916666665,14889.779166666665,45960.0,884.9736111111121,0.0,45960.0,1161.481527777777,3529.7154166666696,45960.0,7708.061666666655,0.0
46680.0,1664.6127777777785,132863.73819444436,46680.0,19105.086111111115,0.0,46680.0,3442.982916666665,14889.779166666665,46680.0,884.9736111111121,0.0,46680.0,1161.481527777777,3529.7154166666696,46680.0,7708.061666666655,0.0
46680.0,1063.8244623655912,159366.20322580627,46680.0,17546.197043010772,0.0,46680.0,716.209677419355,27526.030645161278,46680.0,831.5661290322581,0.0,46680.0,254.67688172042995,9609.601209677427,46680.0,6905.634677419345,0.0
47424.0,1063.8244623655912,159366.20322580627,47424.0,17546.197043010772,0.0,47424.0,716.209677419355,27526.030645161278,47424.0,831.5661290322581,0.0,47424.0,254.67688172042995,9609.601209677427,47424.0,6905.634677419345,0.0
47424.0,337.2119444444446,207272.15819444435,47424.0,15973.64111111109,0.0,47424.0,1.5938888888888887,44902.75833333334,47424.0,770.8922222222226,0.0,47424.0,-0.0,18502.04597222223,47424.0,6141.681111111104,0.0
48144.0,337.2119444444446,207272.15819444435,48144.0,15973.64111111109,0.0,48144.0,1.5938888888888887,44902.75833333334,48144.0,770.8922222222226,0.0,48144.0,-0.0,18502.04597222223,48144.0,6141.681111111104,0.0
48144.0,261.51801075268816,212341.96034946223,48144.0,14605.429704301063,0.0,48144.0,-0.0,47534.757123655894,48144.0,681.281451612904,0.0,48144.0,-0.0,23008.93615591398,48144.0,5623.25833333333,0.0
48888.0,261.51801075268816,212341.96034946223,48888.0,14605.429704301063,0.0,48888.0,-0.0,47534.757123655894,48888.0,681.281451612904,0.0,48888.0,-0.0,23008.93615591398,48888.0,5623.25833333333,0.0
48888.0,174.34435483870956,222570.12311827927,48888.0,14596.91129032257,0.0,48888.0,-0.0,47962.676881720494,48888.0,711.8751344086021,0.0,48888.0,-0.0,21277.948387096767,48888.0,5489.406720430103,0.0
49632.0,174.34435483870956,222570.12311827927,49632.0,14596.91129032257,0.0,49632.0,-0.0,47962.676881720494,49632.0,711.8751344086021,0.0,49632.0,-0.0,21277.948387096767,49632.0,5489.406720430103,0.0
49632.0,735.047916666667,181667.3977777776,49632.0,15010.088333333355,0.0,49632.0,17.454583333333332,32978.03680555554,49632.0,708.7498611111117,0.0,49632.0,-0.0,13474.08305555557,49632.0,5780.110555555554,0.0
50352.0,735.047916666667,181667.3977777776,50352.0,15010.088333333355,0.0,50352.0,17.454583333333332,32978.03680555554,50352.0,708.7498611111117,0.0,50352.0,-0.0,13474.08305555557,50352.0,5780.110555555554,0.0
50352.0,1864.3461021505377,130227.85053763437,50352.0,16381.6365591398,0.0,50352.0,4715.494086021503,14819.438844086024,50352.0,765.6387096774192,0.0,50352.0,2098.93615591398,3811.6979838709694,50352.0,6414.157930107519,0.0
51096.0,1864.3461021505377,130227.85053763437,51096.0,16381.6365591398,0.0,51096.0,4715.494086021503,14819.438844086024,51096.0,765.6387096774192,0.0,51096.0,2098.93615591398,3811.6979838709694,51096.0,6414.157930107519,0.0
51096.0,3904.2493055555547,111280.46805555548,51096.0,18163.52875000002,0.0,51096.0,12739.975972222224,7508.1169444444495,51096.0,846.5599999999989,0.0,51096.0,5935.982361111112,969.7225000000008,51096.0,7218.357083333338,0.0
51816.0,3904.2493055555547,111280.46805555548,51816.0,18163.52875000002,0.0,51816.0,12739.975972222224,7508.1169444444495,51816.0,846.5599999999989,0.0,51816.0,5935.982361111112,969.7225000000008,51816.0,7218.357083333338,0.0
51816.0,14090.982123655922,90223.86155913974,51816.0,19585.367607526878,0.0,51816.0,32952.822849462376,4222.638172043012,51816.0,891.9124999999997,0.0,51816.0,17193.037365591383,174.26639784946232,51816.0,7976.808064516123,0.0
52560.0,14090.982123655922,90223.86155913974,52560.0,19585.367607526878,0.0,52560.0,32952.822849462376,4222.638172043012,52560.0,891.9124999999997,0.0,52560.0,17193.037365591383,174.26639784946232,52560.0,7976.808064516123,0.0
52560.0,18753.4012096774,84186.83454301083,52560.0,20803.571505376338,0.0,52560.0,36752.366801075186,4125.000537634407,52560.0,955.2306451612908,0.0,52560.0,20827.764650537625,8.07822580645161,52560.0,8492.21680107528,0.0
53304.0,18753.4012096774,84186.83454301083,53304.0,20803.571505376338,0.0,53304.0,36752.366801075186,4125.000537634407,53304.0,955.2306451612908,0.0,53304.0,20827.764650537625,8.07822580645161,53304.0,8492.21680107528,0.0
53304.0,12015.244196428577,93747.590327381,53304.0,21069.434226190493,0.0,53304.0,29745.937351190445,5012.054761904762,53304.0,970.8019345238108,0.0,53304.0,15636.363541666664,52.81577380952379,53304.0,8612.365773809515,0.0
53976.0,12015.244196428577,93747.590327381,53976.0,21069.434226190493,0.0,53976.0,29745.937351190445,5012.054761904762,53976.0,970.8019345238108,0.0,53976.0,15636.363541666664,52.81577380952379,53976.0,8612.365773809515,0.0
53976.0,3786.7758064516124,118630.1440860215,53976.0,20726.03293010753,0.0,53976.0,13271.579166666674,8928.67486559139,53976.0,988.765188172043,0.0,53976.0,6946.8635752688115,1074.4782258064517,53976.0,8332.261827956992,0.0
54720.0,3786.7758064516124,118630.1440860215,54720.0,20726.03293010753,0.0,54720.0,13271.579166666674,8928.67486559139,54720.0,988.765188172043,0.0,54720.0,6946.8635752688115,1074.4782258064517,54720.0,8332.261827956992,0.0
54720.0,1664.6127777777785,132863.73819444436,54720.0,19105.086111111115,0.0,54720.0,3442.982916666665,14889.779166666665,54720.0,884.9736111111121,0.0,54720.0,1161.481527777777,3529.7154166666696,54720.0,7708.061666666655,0.0
55440.0,1664.6127777777785,132863.73819444436,55440.0,19105.086111111115,0.0,55440.0,3442.982916666665,14889.779166666665,55440.0,884.9736111111121,0.0,55440.0,1161.481527777777,3529.7154166666696,55440.0,7708.061666666655,0.0
55440.0,1063.8244623655912,159366.20322580627,55440.0,17546.197043010772,0.0,55440.0,716.209677419355,27526.030645161278,55440.0,831.5661290322581,0.0,55440.0,254.67688172042995,9609.601209677427,55440.0,6905.634677419345,0.0
56184.0,1063.8244623655912,159366.20322580627,56184.0,17546.197043010772,0.0,56184.0,716.209677419355,27526.030645161278,56184.0,831.5661290322581,0.0,56184.0,254.67688172042995,9609.601209677427,56184.0,6905.634677419345,0.0
56184.0,337.2119444444446,207272.15819444435,56184.0,15973.64111111109,0.0,56184.0,1.5938888888888887,44902.75833333334,56184.0,770.8922222222226,0.0,56184.0,-0.0,18502.04597222223,56184.0,6141.681111111104,0.0
56904.0,337.2119444444446,207272.15819444435,56904.0,15973.64111111109,0.0,56904.0,1.5938888888888887,44902.75833333334,56904.0,770.8922222222226,0.0,56904.0,-0.0,18502.04597222223,56904.0,6141.681111111104,0.0
56904.0,261.51801075268816,212341.96034946223,56904.0,14605.429704301063,0.0,56904.0,-0.0,47534.757123655894,56904.0,681.281451612904,0.0,56904.0,-0.0,23008.93615591398,56904.0,5623.25833333333,0.0
57648.0,261.51801075268816,212341.96034946223,57648.0,14605.429704301063,0.0,57648.0,-0.0,47534.757123655894,57648.0,681.281451612904,0.0,57648.0,-0.0,23008.93615591398,57648.0,5623.25833333333,0.0
57648.0,174.34435483870956,222570.12311827927,57648.0,14596.91129032257,0.0,57648.0,-0.0,47962.676881720494,57648.0,711.8751344086021,0.0,57648.0,-0.0,21277.948387096767,57648.0,5489.406720430103,0.0
58392.0,174.34435483870956,222570.12311827927,58392.0,14596.91129032257,0.0,58392.0,-0.0,47962.676881720494,58392.0,711.8751344086021,0.0,58392.0,-0.0,21277.948387096767,58392.0,5489.406720430103,0.0
58392.0,735.047916666667,181667.3977777776,58392.0,15010.088333333355,0.0,58392.0,17.454583333333332,32978.03680555554,58392.0,708.7498611111117,0.0,58392.0,-0.0,13474.08305555557,58392.0,5780.110555555554,0.0
59112.0,735.047916666667,181667.3977777776,59112.0,15010.088333333355,0.0,59112.0,17.454583333333332,32978.03680555554,59112.0,708.7498611111117,0.0,59112.0,-0.0,13474.08305555557,59112.0,5780.110555555554,0.0
59112.0,1864.3461021505377,130227.85053763437,59112.0,16381.6365591398,0.0,59112.0,4715.494086021503,14819.438844086024,59112.0,765.6387096774192,0.0,59112.0,2098.93615591398,3811.6979838709694,59112.0,6414.157930107519,0.0
59856.0,1864.3461021505377,130227.85053763437,59856.0,16381.6365591398,0.0,59856.0,4715.494086021503,14819.438844086024,59856.0,765.6387096774192,0.0,59856.0,2098.93615591398,3811.6979838709694,59856.0,6414.157930107519,0.0
59856.0,3904.2493055555547,111280.46805555548,59856.0,18163.52875000002,0.0,59856.0,12739.975972222224,7508.1169444444495,59856.0,846.5599999999989,0.0,59856.0,5935.982361111112,969.7225000000008,59856.0,7218.357083333338,0.0
60576.0,3904.2493055555547,111280.46805555548,60576.0,18163.52875000002,0.0,60576.0,12739.975972222224,7508.1169444444495,60576.0,846.5599999999989,0.0,60576.0,5935.982361111112,969.7225000000008,60576.0,7218.357083333338,0.0
60576.0,14090.982123655922,90223.86155913974,60576.0,19585.367607526878,0.0,60576.0,32952.822849462376,4222.638172043012,60576.0,891.9124999999997,0.0,60576.0,17193.037365591383,174.26639784946232,60576.0,7976.808064516123,0.0
61320.0,14090.982123655922,90223.86155913974,61320.0,19585.367607526878,0.0,61320.0,32952.822849462376,4222.638172043012,61320.0,891.9124999999997,0.0,61320.0,17193.037365591383,174.26639784946232,61320.0,7976.808064516123,0.0
61320.0,18753.4012096774,84186.83454301083,61320.0,20803.571505376338,0.0,61320.0,36752.366801075186,4125.000537634407,61320.0,955.2306451612908,0.0,61320.0,20827.764650537625,8.07822580645161,61320.0,8492.21680107528,0.0
62064.0,18753.4012096774,84186.83454301083,62064.0,20803.571505376338,0.0,62064.0,36752.366801075186,4125.000537634407,62064.0,955.2306451612908,0.0,62064.0,20827.764650537625,8.07822580645161,62064.0,8492.21680107528,0.0
62064.0,12015.244196428577,93747.590327381,62064.0,21069.434226190493,0.0,62064.0,29745.937351190445,5012.054761904762,62064.0,970.8019345238108,0.0,62064.0,15636.363541666664,52.81577380952379,62064.0,8612.365773809515,0.0
62736.0,12015.244196428577,93747.590327381,62736.0,21069.434226190493,0.0,62736.0,29745.937351190445,5012.054761904762,62736.0,970.8019345238108,0.0,62736.0,15636.363541666664,52.81577380952379,62736.0,8612.365773809515,0.0
62736.0,3786.7758064516124,118630.1440860215,62736.0,20726.03293010753,0.0,62736.0,13271.579166666674,8928.67486559139,62736.0,988.765188172043,0.0,62736.0,6946.8635752688115,1074.4782258064517,62736.0,8332.261827956992,0.0
63480.0,3786.7758064516124,118630.1440860215,63480.0,20726.03293010753,0.0,63480.0,13271.579166666674,8928.67486559139,63480.0,988.765188172043,0.0,63480.0,6946.8635752688115,1074.4782258064517,63480.0,8332.261827956992,0.0
63480.0,1664.6127777777785,132863.73819444436,63480.0,19105.086111111115,0.0,63480.0,3442.982916666665,14889.779166666665,63480.0,884.9736111111121,0.0,63480.0,1161.481527777777,3529.7154166666696,63480.0,7708.061666666655,0.0
64200.0,1664.6127777777785,132863.73819444436,64200.0,19105.086111111115,0.0,64200.0,3442.982916666665,14889.779166666665,64200.0,884.9736111111121,0.0,64200.0,1161.481527777777,3529.7154166666696,64200.0,7708.061666666655,0.0
64200.0,1063.8244623655912,159366.20322580627,64200.0,17546.197043010772,0.0,64200.0,716.209677419355,27526.030645161278,64200.0,831.5661290322581,0.0,64200.0,254.67688172042995,9609.601209677427,64200.0,6905.634677419345,0.0
64944.0,1063.8244623655912,159366.20322580627,64944.0,17546.197043010772,0.0,64944.0,716.209677419355,27526.030645161278,64944.0,831.5661290322581,0.0,64944.0,254.67688172042995,9609.601209677427,64944.0,6905.634677419345,0.0
64944.0,337.2119444444446,207272.15819444435,64944.0,15973.64111111109,0.0,64944.0,1.5938888888888887,44902.75833333334,64944.0,770.8922222222226,0.0,64944.0,-0.0,18502.04597222223,64944.0,6141.681111111104,0.0
65664.0,337.2119444444446,207272.15819444435,65664.0,15973.64111111109,0.0,65664.0,1.5938888888888887,44902.75833333334,65664.0,770.8922222222226,0.0,65664.0,-0.0,18502.04597222223,65664.0,6141.681111111104,0.0
65664.0,261.51801075268816,212341.96034946223,65664.0,14605.429704301063,0.0,65664.0,-0.0,47534.757123655894,65664.0,681.281451612904,0.0,65664.0,-0.0,23008.93615591398,65664.0,5623.25833333333,0.0
66408.0,261.51801075268816,212341.96034946223,66408.0,14605.429704301063,0.0,66408.0,-0.0,47534.757123655894,66408.0,681.281451612904,0.0,66408.0,-0.0,23008.93615591398,66408.0,5623.25833333333,0.0
66408.0,174.34435483870956,222570.12311827927,66408.0,14596.91129032257,0.0,66408.0,-0.0,47962.676881720494,66408.0,711.8751344086021,0.0,66408.0,-0.0,21277.948387096767,66408.0,5489.406720430103,0.0
67152.0,174.34435483870956,222570.12311827927,67152.0,14596.91129032257,0.0,67152.0,-0.0,47962.676881720494,67152.0,711.8751344086021,0.0,67152.0,-0.0,21277.948387096767,67152.0,5489.406720430103,0.0
67152.0,735.047916666667,181667.3977777776,67152.0,15010.088333333355,0.0,67152.0,17.454583333333332,32978.03680555554,67152.0,708.7498611111117,0.0,67152.0,-0.0,13474.08305555557,67152.0,5780.110555555554,0.0
67872.0,735.047916666667,181667.3977777776,67872.0,15010.088333333355,0.0,67872.0,17.454583333333332,32978.03680555554,67872.0,708.7498611111117,0.0,67872.0,-0.0,13474.08305555557,67872.0,5780.110555555554,0.0
67872.0,1864.3461021505377,130227.85053763437,67872.0,16381.6365591398,0.0,67872.0,4715.494086021503,14819.438844086024,67872.0,765.6387096774192,0.0,67872.0,2098.93615591398,3811.6979838709694,67872.0,6414.157930107519,0.0
68616.0,1864.3461021505377,130227.85053763437,68616.0,16381.6365591398,0.0,68616.0,4715.494086021503,14819.438844086024,68616.0,765.6387096774192,0.0,68616.0,2098.93615591398,3811.6979838709694,68616.0,6414.157930107519,0.0
68616.0,3904.2493055555547,111280.46805555548,68616.0,18163.52875000002,0.0,68616.0,12739.975972222224,7508.1169444444495,68616.0,846.5599999999989,0.0,68616.0,5935.982361111112,969.7225000000008,68616.0,7218.357083333338,0.0
69336.0,3904.2493055555547,111280.46805555548,69336.0,18163.52875000002,0.0,69336.0,12739.975972222224,7508.1169444444495,69336.0,846.5599999999989,0.0,69336.0,5935.982361111112,969.7225000000008,69336.0,7218.357083333338,0.0
69336.0,14090.982123655922,90223.86155913974,69336.0,19585.367607526878,0.0,69336.0,32952.822849462376,4222.638172043012,69336.0,891.9124999999997,0.0,69336.0,17193.037365591383,174.26639784946232,69336.0,7976.808064516123,0.0
70080.0,14090.982123655922,90223.86155913974,70080.0,19585.367607526878,0.0,70080.0,32952.822849462376,4222.638172043012,70080.0,891.9124999999997,0.0,70080.0,17193.037365591383,174.26639784946232,70080.0,7976.808064516123,0.0
70080.0,18753.4012096774,84186.83454301083,70080.0,20803.571505376338,0.0,70080.0,36752.366801075186,4125.000537634407,70080.0,955.2306451612908,0.0,70080.0,20827.764650537625,8.07822580645161,70080.0,8492.21680107528,0.0
70824.0,18753.4012096774,84186.83454301083,70824.0,20803.571505376338,0.0,70824.0,36752.366801075186,4125.000537634407,70824.0,955.2306451612908,0.0,70824.0,20827.764650537625,8.07822580645161,70824.0,8492.21680107528,0.0
70824.0,12015.244196428577,93747.590327381,70824.0,21069.434226190493,0.0,70824.0,29745.937351190445,5012.054761904762,70824.0,970.8019345238108,0.0,70824.0,15636.363541666664,52.81577380952379,70824.0,8612.365773809515,0.0
71496.0,12015.244196428577,93747.590327381,71496.0,21069.434226190493,0.0,71496.0,29745.937351190445,5012.054761904762,71496.0,970.8019345238108,0.0,71496.0,15636.363541666664,52.81577380952379,71496.0,8612.365773809515,0.0
71496.0,3786.7758064516124,118630.1440860215,71496.0,20726.03293010753,0.0,71496.0,13271.579166666674,8928.67486559139,71496.0,988.765188172043,0.0,71496.0,6946.8635752688115,1074.4782258064517,71496.0,8332.261827956992,0.0
72240.0,3786.7758064516124,118630.1440860215,72240.0,20726.03293010753,0.0,72240.0,13271.579166666674,8928.67486559139,72240.0,988.765188172043,0.0,72240.0,6946.8635752688115,1074.4782258064517,72240.0,8332.261827956992,0.0
72240.0,1664.6127777777785,132863.73819444436,72240.0,19105.086111111115,0.0,72240.0,3442.982916666665,14889.779166666665,72240.0,884.9736111111121,0.0,72240.0,1161.481527777777,3529.7154166666696,72240.0,7708.061666666655,0.0
72960.0,1664.6127777777785,132863.73819444436,72960.0,19105.086111111115,0.0,72960.0,3442.982916666665,14889.779166666665,72960.0,884.9736111111121,0.0,72960.0,1161.481527777777,3529.7154166666696,72960.0,7708.061666666655,0.0
72960.0,1063.8244623655912,159366.20322580627,72960.0,17546.197043010772,0.0,72960.0,716.209677419355,27526.030645161278,72960.0,831.5661290322581,0.0,72960.0,254.67688172042995,9609.601209677427,72960.0,6905.634677419345,0.0
73704.0,1063.8244623655912,159366.20322580627,73704.0,17546.197043010772,0.0,73704.0,716.209677419355,27526.030645161278,73704.0,831.5661290322581,0.0,73704.0,254.67688172042995,9609.601209677427,73704.0,6905.634677419345,0.0
73704.0,337.2119444444446,207272.15819444435,73704.0,15973.64111111109,0.0,73704.0,1.5938888888888887,44902.75833333334,73704.0,770.8922222222226,0.0,73704.0,-0.0,18502.04597222223,73704.0,6141.681111111104,0.0
74424.0,337.2119444444446,207272.15819444435,74424.0,15973.64111111109,0.0,74424.0,1.5938888888888887,44902.75833333334,74424.0,770.8922222222226,0.0,74424.0,-0.0,18502.04597222223,74424.0,6141.681111111104,0.0
74424.0,261.51801075268816,212341.96034946223,74424.0,14605.429704301063,0.0,74424.0,-0.0,47534.757123655894,74424.0,681.281451612904,0.0,74424.0,-0.0,23008.93615591398,74424.0,5623.25833333333,0.0
75168.0,261.51801075268816,212341.96034946223,75168.0,14605.429704301063,0.0,75168.0,-0.0,47534.757123655894,75168.0,681.281451612904,0.0,75168.0,-0.0,23008.93615591398,75168.0,5623.25833333333,0.0
75168.0,174.34435483870956,222570.12311827927,75168.0,14596.91129032257,0.0,75168.0,-0.0,47962.676881720494,75168.0,711.8751344086021,0.0,75168.0,-0.0,21277.948387096767,75168.0,5489.406720430103,0.0
75912.0,174.34435483870956,222570.12311827927,75912.0,14596.91129032257,0.0,75912.0,-0.0,47962.676881720494,75912.0,711.8751344086021,0.0,75912.0,-0.0,21277.948387096767,75912.0,5489.406720430103,0.0
75912.0,735.047916666667,181667.3977777776,75912.0,15010.088333333355,0.0,75912.0,17.454583333333332,32978.03680555554,75912.0,708.7498611111117,0.0,75912.0,-0.0,13474.08305555557,75912.0,5780.110555555554,0.0
76632.0,735.047916666667,181667.3977777776,76632.0,15010.088333333355,0.0,76632.0,17.454583333333332,32978.03680555554,76632.0,708.7498611111117,0.0,76632.0,-0.0,13474.08305555557,76632.0,5780.110555555554,0.0
76632.0,1864.3461021505377,130227.85053763437,76632.0,16381.6365591398,0.0,76632.0,4715.494086021503,14819.438844086024,76632.0,765.6387096774192,0.0,76632.0,2098.93615591398,3811.6979838709694,76632.0,6414.157930107519,0.0
77376.0,1864.3461021505377,130227.85053763437,77376.0,16381.6365591398,0.0,77376.0,4715.494086021503,14819.438844086024,77376.0,765.6387096774192,0.0,77376.0,2098.93615591398,3811.6979838709694,77376.0,6414.157930107519,0.0
77376.0,3904.2493055555547,111280.46805555548,77376.0,18163.52875000002,0.0,77376.0,12739.975972222224,7508.1169444444495,77376.0,846.5599999999989,0.0,77376.0,5935.982361111112,969.7225000000008,77376.0,7218.357083333338,0.0
78096.0,3904.2493055555547,111280.46805555548,78096.0,18163.52875000002,0.0,78096.0,12739.975972222224,7508.1169444444495,78096.0,846.5599999999989,0.0,78096.0,5935.982361111112,969.7225000000008,78096.0,7218.357083333338,0.0
78096.0,14090.982123655922,90223.86155913974,78096.0,19585.367607526878,0.0,78096.0,32952.822849462376,4222.638172043012,78096.0,891.9124999999997,0.0,78096.0,17193.037365591383,174.26639784946232,78096.0,7976.808064516123,0.0
78840.0,14090.982123655922,90223.86155913974,78840.0,19585.367607526878,0.0,78840.0,32952.822849462376,4222.638172043012,78840.0,891.9124999999997,0.0,78840.0,17193.037365591383,174.26639784946232,78840.0,7976.808064516123,0.0
78840.0,18753.4012096774,84186.83454301083,78840.0,20803.571505376338,0.0,78840.0,36752.366801075186,4125.000537634407,78840.0,955.2306451612908,0.0,78840.0,20827.764650537625,8.07822580645161,78840.0,8492.21680107528,0.0
79584.0,18753.4012096774,84186.83454301083,79584.0,20803.571505376338,0.0,79584.0,36752.366801075186,4125.000537634407,79584.0,955.2306451612908,0.0,79584.0,20827.764650537625,8.07822580645161,79584.0,8492.21680107528,0.0
79584.0,12015.244196428577,93747.590327381,79584.0,21069.434226190493,0.0,79584.0,29745.937351190445,5012.054761904762,79584.0,970.8019345238108,0.0,79584.0,15636.363541666664,52.81577380952379,79584.0,8612.365773809515,0.0
80256.0,12015.244196428577,93747.590327381,80256.0,21069.434226190493,0.0,80256.0,29745.937351190445,5012.054761904762,80256.0,970.8019345238108,0.0,80256.0,15636.363541666664,52.81577380952379,80256.0,8612.365773809515,0.0
80256.0,3786.7758064516124,118630.1440860215,80256.0,20726.03293010753,0.0,80256.0,13271.579166666674,8928.67486559139,80256.0,988.765188172043,0.0,80256.0,6946.8635752688115,1074.4782258064517,80256.0,8332.261827956992,0.0
81000.0,3786.7758064516124,118630.1440860215,81000.0,20726.03293010753,0.0,81000.0,13271.579166666674,8928.67486559139,81000.0,988.765188172043,0.0,81000.0,6946.8635752688115,1074.4782258064517,81000.0,8332.261827956992,0.0
81000.0,1664.6127777777785,132863.73819444436,81000.0,19105.086111111115,0.0,81000.0,3442.982916666665,14889.779166666665,81000.0,884.9736111111121,0.0,81000.0,1161.481527777777,3529.7154166666696,81000.0,7708.061666666655,0.0
81720.0,1664.6127777777785,132863.73819444436,81720.0,19105.086111111115,0.0,81720.0,3442.982916666665,14889.779166666665,81720.0,884.9736111111121,0.0,81720.0,1161.481527777777,3529.7154166666696,81720.0,7708.061666666655,0.0
81720.0,1063.8244623655912,159366.20322580627,81720.0,17546.197043010772,0.0,81720.0,716.209677419355,27526.030645161278,81720.0,831.5661290322581,0.0,81720.0,254.67688172042995,9609.601209677427,81720.0,6905.634677419345,0.0
82464.0,1063.8244623655912,159366.20322580627,82464.0,17546.197043010772,0.0,82464.0,716.209677419355,27526.030645161278,82464.0,831.5661290322581,0.0,82464.0,254.67688172042995,9609.601209677427,82464.0,6905.634677419345,0.0
82464.0,337.2119444444446,207272.15819444435,82464.0,15973.64111111109,0.0,82464.0,1.5938888888888887,44902.75833333334,82464.0,770.8922222222226,0.0,82464.0,-0.0,18502.04597222223,82464.0,6141.681111111104,0.0
83184.0,337.2119444444446,207272.15819444435,83184.0,15973.64111111109,0.0,83184.0,1.5938888888888887,44902.75833333334,83184.0,770.8922222222226,0.0,83184.0,-0.0,18502.04597222223,83184.0,6141.681111111104,0.0
83184.0,261.51801075268816,212341.96034946223,83184.0,14605.429704301063,0.0,83184.0,-0.0,47534.757123655894,83184.0,681.281451612904,0.0,83184.0,-0.0,23008.93615591398,83184.0,5623.25833333333,0.0
83928.0,261.51801075268816,212341.96034946223,83928.0,14605.429704301063,0.0,83928.0,-0.0,47534.757123655894,83928.0,681.281451612904,0.0,83928.0,-0.0,23008.93615591398,83928.0,5623.25833333333,0.0
83928.0,174.34435483870956,222570.12311827927,83928.0,14596.91129032257,0.0,83928.0,-0.0,47962.676881720494,83928.0,711.8751344086021,0.0,83928.0,-0.0,21277.948387096767,83928.0,5489.406720430103,0.0
84672.0,174.34435483870956,222570.12311827927,84672.0,14596.91129032257,0.0,84672.0,-0.0,47962.676881720494,84672.0,711.8751344086021,0.0,84672.0,-0.0,21277.948387096767,84672.0,5489.406720430103,0.0
84672.0,735.047916666667,181667.3977777776,84672.0,15010.088333333355,0.0,84672.0,17.454583333333332,32978.03680555554,84672.0,708.7498611111117,0.0,84672.0,-0.0,13474.08305555557,84672.0,5780.110555555554,0.0
85392.0,735.047916666667,181667.3977777776,85392.0,15010.088333333355,0.0,85392.0,17.454583333333332,32978.03680555554,85392.0,708.7498611111117,0.0,85392.0,-0.0,13474.08305555557,85392.0,5780.110555555554,0.0
85392.0,1864.3461021505377,130227.85053763437,85392.0,16381.6365591398,0.0,85392.0,4715.494086021503,14819.438844086024,85392.0,765.6387096774192,0.0,85392.0,2098.93615591398,3811.6979838709694,85392.0,6414.157930107519,0.0
86136.0,1864.3461021505377,130227.85053763437,86136.0,16381.6365591398,0.0,86136.0,4715.494086021503,14819.438844086024,86136.0,765.6387096774192,0.0,86136.0,2098.93615591398,3811.6979838709694,86136.0,6414.157930107519,0.0
86136.0,3904.2493055555547,111280.46805555548,86136.0,18163.52875000002,0.0,86136.0,12739.975972222224,7508.1169444444495,86136.0,846.5599999999989,0.0,86136.0,5935.982361111112,969.7225000000008,86136.0,7218.357083333338,0.0
86856.0,3904.2493055555547,111280.46805555548,86856.0,18163.52875000002,0.0,86856.0,12739.975972222224,7508.1169444444495,86856.0,846.5599999999989,0.0,86856.0,5935.982361111112,969.7225000000008,86856.0,7218.357083333338,0.0
86856.0,14090.982123655922,90223.86155913974,86856.0,19585.367607526878,0.0,86856.0,32952.822849462376,4222.638172043012,86856.0,891.9124999999997,0.0,86856.0,17193.037365591383,174.26639784946232,86856.0,7976.808064516123,0.0
87600.0,14090.982123655922,90223.86155913974,87600.0,19585.367607526878,0.0,87600.0,32952.822849462376,4222.638172043012,87600.0,891.9124999999997,0.0,87600.0,17193.037365591383,174.26639784946232,87600.0,7976.808064516123,0.0
87600.0,18753.4012096774,84186.83454301083,87600.0,20803.571505376338,0.0,87600.0,36752.366801075186,4125.000537634407,87600.0,955.2306451612908,0.0,87600.0,20827.764650537625,8.07822580645161,87600.0,8492.21680107528,0.0
88344.0,18753.4012096774,84186.83454301083,88344.0,20803.571505376338,0.0,88344.0,36752.366801075186,4125.000537634407,88344.0,955.2306451612908,0.0,88344.0,20827.764650537625,8.07822580645161,88344.0,8492.21680107528,0.0
88344.0,12015.244196428577,93747.590327381,88344.0,21069.434226190493,0.0,88344.0,29745.937351190445,5012.054761904762,88344.0,970.8019345238108,0.0,88344.0,15636.363541666664,52.81577380952379,88344.0,8612.365773809515,0.0
89016.0,12015.244196428577,93747.590327381,89016.0,21069.434226190493,0.0,89016.0,29745.937351190445,5012.054761904762,89016.0,970.8019345238108,0.0,89016.0,15636.363541666664,52.81577380952379,89016.0,8612.365773809515,0.0
89016.0,3786.7758064516124,118630.1440860215,89016.0,20726.03293010753,0.0,89016.0,13271.579166666674,8928.67486559139,89016.0,988.765188172043,0.0,89016.0,6946.8635752688115,1074.4782258064517,89016.0,8332.261827956992,0.0
89760.0,3786.7758064516124,118630.1440860215,89760.0,20726.03293010753,0.0,89760.0,13271.579166666674,8928.67486559139,89760.0,988.765188172043,0.0,89760.0,6946.8635752688115,1074.4782258064517,89760.0,8332.261827956992,0.0
89760.0,1664.6127777777785,132863.73819444436,89760.0,19105.086111111115,0.0,89760.0,3442.982916666665,14889.779166666665,89760.0,884.9736111111121,0.0,89760.0,1161.481527777777,3529.7154166666696,89760.0,7708.061666666655,0.0
90480.0,1664.6127777777785,132863.73819444436,90480.0,19105.086111111115,0.0,90480.0,3442.982916666665,14889.779166666665,90480.0,884.9736111111121,0.0,90480.0,1161.481527777777,3529.7154166666696,90480.0,7708.061666666655,0.0
90480.0,1063.8244623655912,159366.20322580627,90480.0,17546.197043010772,0.0,90480.0,716.209677419355,27526.030645161278,90480.0,831.5661290322581,0.0,90480.0,254.67688172042995,9609.601209677427,90480.0,6905.634677419345,0.0
91224.0,1063.8244623655912,159366.20322580627,91224.0,17546.197043010772,0.0,91224.0,716.209677419355,27526.030645161278,91224.0,831.5661290322581,0.0,91224.0,254.67688172042995,9609.601209677427,91224.0,6905.634677419345,0.0
91224.0,337.2119444444446,207272.15819444435,91224.0,15973.64111111109,0.0,91224.0,1.5938888888888887,44902.75833333334,91224.0,770.8922222222226,0.0,91224.0,-0.0,18502.04597222223,91224.0,6141.681111111104,0.0
91944.0,337.2119444444446,207272.15819444435,91944.0,15973.64111111109,0.0,91944.0,1.5938888888888887,44902.75833333334,91944.0,770.8922222222226,0.0,91944.0,-0.0,18502.04597222223,91944.0,6141.681111111104,0.0
91944.0,261.51801075268816,212341.96034946223,91944.0,14605.429704301063,0.0,91944.0,-0.0,47534.757123655894,91944.0,681.281451612904,0.0,91944.0,-0.0,23008.93615591398,91944.0,5623.25833333333,0.0
92688.0,261.51801075268816,212341.96034946223,92688.0,14605.429704301063,0.0,92688.0,-0.0,47534.757123655894,92688.0,681.281451612904,0.0,92688.0,-0.0,23008.93615591398,92688.0,5623.25833333333,0.0
92688.0,174.34435483870956,222570.12311827927,92688.0,14596.91129032257,0.0,92688.0,-0.0,47962.676881720494,92688.0,711.8751344086021,0.0,92688.0,-0.0,21277.948387096767,92688.0,5489.406720430103,0.0
93432.0,174.34435483870956,222570.12311827927,93432.0,14596.91129032257,0.0,93432.0,-0.0,47962.676881720494,93432.0,711.8751344086021,0.0,93432.0,-0.0,21277.948387096767,93432.0,5489.406720430103,0.0
93432.0,735.047916666667,181667.3977777776,93432.0,15010.088333333355,0.0,93432.0,17.454583333333332,32978.03680555554,93432.0,708.7498611111117,0.0,93432.0,-0.0,13474.08305555557,93432.0,5780.110555555554,0.0
94152.0,735.047916666667,181667.3977777776,94152.0,15010.088333333355,0.0,94152.0,17.454583333333332,32978.03680555554,94152.0,708.7498611111117,0.0,94152.0,-0.0,13474.08305555557,94152.0,5780.110555555554,0.0
94152.0,1864.3461021505377,130227.85053763437,94152.0,16381.6365591398,0.0,94152.0,4715.494086021503,14819.438844086024,94152.0,765.6387096774192,0.0,94152.0,2098.93615591398,3811.6979838709694,94152.0,6414.157930107519,0.0
94896.0,1864.3461021505377,130227.85053763437,94896.0,16381.6365591398,0.0,94896.0,4715.494086021503,14819.438844086024,94896.0,765.6387096774192,0.0,94896.0,2098.93615591398,3811.6979838709694,94896.0,6414.157930107519,0.0
94896.0,3904.2493055555547,111280.46805555548,94896.0,18163.52875000002,0.0,94896.0,12739.975972222224,7508.1169444444495,94896.0,846.5599999999989,0.0,94896.0,5935.982361111112,969.7225000000008,94896.0,7218.357083333338,0.0
95616.0,3904.2493055555547,111280.46805555548,95616.0,18163.52875000002,0.0,95616.0,12739.975972222224,7508.1169444444495,95616.0,846.5599999999989,0.0,95616.0,5935.982361111112,969.7225000000008,95616.0,7218.357083333338,0.0
95616.0,14090.982123655922,90223.86155913974,95616.0,19585.367607526878,0.0,95616.0,32952.822849462376,4222.638172043012,95616.0,891.9124999999997,0.0,95616.0,17193.037365591383,174.26639784946232,95616.0,7976.808064516123,0.0
96360.0,14090.982123655922,90223.86155913974,96360.0,19585.367607526878,0.0,96360.0,32952.822849462376,4222.638172043012,96360.0,891.9124999999997,0.0,96360.0,17193.037365591383,174.26639784946232,96360.0,7976.808064516123,0.0
96360.0,18753.4012096774,84186.83454301083,96360.0,20803.571505376338,0.0,96360.0,36752.366801075186,4125.000537634407,96360.0,955.2306451612908,0.0,96360.0,20827.764650537625,8.07822580645161,96360.0,8492.21680107528,0.0
97104.0,18753.4012096774,84186.83454301083,97104.0,20803.571505376338,0.0,97104.0,36752.366801075186,4125.000537634407,97104.0,955.2306451612908,0.0,97104.0,20827.764650537625,8.07822580645161,97104.0,8492.21680107528,0.0
97104.0,12015.244196428577,93747.590327381,97104.0,21069.434226190493,0.0,97104.0,29745.937351190445,5012.054761904762,97104.0,970.8019345238108,0.0,97104.0,15636.363541666664,52.81577380952379,97104.0,8612.365773809515,0.0
97776.0,12015.244196428577,93747.590327381,97776.0,21069.434226190493,0.0,97776.0,29745.937351190445,5012.054761904762,97776.0,970.8019345238108,0.0,97776.0,15636.363541666664,52.81577380952379,97776.0,8612.365773809515,0.0
97776.0,3786.7758064516124,118630.1440860215,97776.0,20726.03293010753,0.0,97776.0,13271.579166666674,8928.67486559139,97776.0,988.765188172043,0.0,97776.0,6946.8635752688115,1074.4782258064517,97776.0,8332.261827956992,0.0
98520.0,3786.7758064516124,118630.1440860215,98520.0,20726.03293010753,0.0,98520.0,13271.579166666674,8928.67486559139,98520.0,988.765188172043,0.0,98520.0,6946.8635752688115,1074.4782258064517,98520.0,8332.261827956992,0.0
98520.0,1664.6127777777785,132863.73819444436,98520.0,19105.086111111115,0.0,98520.0,3442.982916666665,14889.779166666665,98520.0,884.9736111111121,0.0,98520.0,1161.481527777777,3529.7154166666696,98520.0,7708.061666666655,0.0
99240.0,1664.6127777777785,132863.73819444436,99240.0,19105.086111111115,0.0,99240.0,3442.982916666665,14889.779166666665,99240.0,884.9736111111121,0.0,99240.0,1161.481527777777,3529.7154166666696,99240.0,7708.061666666655,0.0
99240.0,1063.8244623655912,159366.20322580627,99240.0,17546.197043010772,0.0,99240.0,716.209677419355,27526.030645161278,99240.0,831.5661290322581,0.0,99240.0,254.67688172042995,9609.601209677427,99240.0,6905.634677419345,0.0
99984.0,1063.8244623655912,159366.20322580627,99984.0,17546.197043010772,0.0,99984.0,716.209677419355,27526.030645161278,99984.0,831.5661290322581,0.0,99984.0,254.67688172042995,9609.601209677427,99984.0,6905.634677419345,0.0
99984.0,337.2119444444446,207272.15819444435,99984.0,15973.64111111109,0.0,99984.0,1.5938888888888887,44902.75833333334,99984.0,770.8922222222226,0.0,99984.0,-0.0,18502.04597222223,99984.0,6141.681111111104,0.0
100704.0,337.2119444444446,207272.15819444435,100704.0,15973.64111111109,0.0,100704.0,1.5938888888888887,44902.75833333334,100704.0,770.8922222222226,0.0,100704.0,-0.0,18502.04597222223,100704.0,6141.681111111104,0.0
100704.0,261.51801075268816,212341.96034946223,100704.0,14605.429704301063,0.0,100704.0,-0.0,47534.757123655894,100704.0,681.281451612904,0.0,100704.0,-0.0,23008.93615591398,100704.0,5623.25833333333,0.0
101448.0,261.51801075268816,212341.96034946223,101448.0,14605.429704301063,0.0,101448.0,-0.0,47534.757123655894,101448.0,681.281451612904,0.0,101448.0,-0.0,23008.93615591398,101448.0,5623.25833333333,0.0
101448.0,174.34435483870956,222570.12311827927,101448.0,14596.91129032257,0.0,101448.0,-0.0,47962.676881720494,101448.0,711.8751344086021,0.0,101448.0,-0.0,21277.948387096767,101448.0,5489.406720430103,0.0
102192.0,174.34435483870956,222570.12311827927,102192.0,14596.91129032257,0.0,102192.0,-0.0,47962.676881720494,102192.0,711.8751344086021,0.0,102192.0,-0.0,21277.948387096767,102192.0,5489.406720430103,0.0
102192.0,735.047916666667,181667.3977777776,102192.0,15010.088333333355,0.0,102192.0,17.454583333333332,32978.03680555554,102192.0,708.7498611111117,0.0,102192.0,-0.0,13474.08305555557,102192.0,5780.110555555554,0.0
102912.0,735.047916666667,181667.3977777776,102912.0,15010.088333333355,0.0,102912.0,17.454583333333332,32978.03680555554,102912.0,708.7498611111117,0.0,102912.0,-0.0,13474.08305555557,102912.0,5780.110555555554,0.0
102912.0,1864.3461021505377,130227.85053763437,102912.0,16381.6365591398,0.0,102912.0,4715.494086021503,14819.438844086024,102912.0,765.6387096774192,0.0,102912.0,2098.93615591398,3811.6979838709694,102912.0,6414.157930107519,0.0
103656.0,1864.3461021505377,130227.85053763437,103656.0,16381.6365591398,0.0,103656.0,4715.494086021503,14819.438844086024,103656.0,765.6387096774192,0.0,103656.0,2098.93615591398,3811.6979838709694,103656.0,6414.157930107519,0.0
103656.0,3904.2493055555547,111280.46805555548,103656.0,18163.52875000002,0.0,103656.0,12739.975972222224,7508.1169444444495,103656.0,846.5599999999989,0.0,103656.0,5935.982361111112,969.7225000000008,103656.0,7218.357083333338,0.0
104376.0,3904.2493055555547,111280.46805555548,104376.0,18163.52875000002,0.0,104376.0,12739.975972222224,7508.1169444444495,104376.0,846.5599999999989,0.0,104376.0,5935.982361111112,969.7225000000008,104376.0,7218.357083333338,0.0
104376.0,14090.982123655922,90223.86155913974,104376.0,19585.367607526878,0.0,104376.0,32952.822849462376,4222.638172043012,104376.0,891.9124999999997,0.0,104376.0,17193.037365591383,174.26639784946232,104376.0,7976.808064516123,0.0
105120.0,14090.982123655922,90223.86155913974,105120.0,19585.367607526878,0.0,105120.0,32952.822849462376,4222.638172043012,105120.0,891.9124999999997,0.0,105120.0,17193.037365591383,174.26639784946232,105120.0,7976.808064516123,0.0
105120.0,18753.4012096774,84186.83454301083,105120.0,20803.571505376338,0.0,105120.0,36752.366801075186,4125.000537634407,105120.0,955.2306451612908,0.0,105120.0,20827.764650537625,8.07822580645161,105120.0,8492.21680107528,0.0
105864.0,18753.4012096774,84186.83454301083,105864.0,20803.571505376338,0.0,105864.0,36752.366801075186,4125.000537634407,105864.0,955.2306451612908,0.0,105864.0,20827.764650537625,8.07822580645161,105864.0,8492.21680107528,0.0
105864.0,12015.244196428577,93747.590327381,105864.0,21069.434226190493,0.0,105864.0,29745.937351190445,5012.054761904762,105864.0,970.8019345238108,0.0,105864.0,15636.363541666664,52.81577380952379,105864.0,8612.365773809515,0.0
106536.0,12015.244196428577,93747.590327381,106536.0,21069.434226190493,0.0,106536.0,29745.937351190445,5012.054761904762,106536.0,970.8019345238108,0.0,106536.0,15636.363541666664,52.81577380952379,106536.0,8612.365773809515,0.0
106536.0,3786.7758064516124,118630.1440860215,106536.0,20726.03293010753,0.0,106536.0,13271.579166666674,8928.67486559139,106536.0,988.765188172043,0.0,106536.0,6946.8635752688115,1074.4782258064517,106536.0,8332.261827956992,0.0
107280.0,3786.7758064516124,118630.1440860215,107280.0,20726.03293010753,0.0,107280.0,13271.579166666674,8928.67486559139,107280.0,988.765188172043,0.0,107280.0,6946.8635752688115,1074.4782258064517,107280.0,8332.261827956992,0.0
107280.0,1664.6127777777785,132863.73819444436,107280.0,19105.086111111115,0.0,107280.0,3442.982916666665,14889.779166666665,107280.0,884.9736111111121,0.0,107280.0,1161.481527777777,3529.7154166666696,107280.0,7708.061666666655,0.0
108000.0,1664.6127777777785,132863.73819444436,108000.0,19105.086111111115,0.0,108000.0,3442.982916666665,14889.779166666665,108000.0,884.9736111111121,0.0,108000.0,1161.481527777777,3529.7154166666696,108000.0,7708.061666666655,0.0
108000.0,1063.8244623655912,159366.20322580627,108000.0,17546.197043010772,0.0,108000.0,716.209677419355,27526.030645161278,108000.0,831.5661290322581,0.0,108000.0,254.67688172042995,9609.601209677427,108000.0,6905.634677419345,0.0
108744.0,1063.8244623655912,159366.20322580627,108744.0,17546.197043010772,0.0,108744.0,716.209677419355,27526.030645161278,108744.0,831.5661290322581,0.0,108744.0,254.67688172042995,9609.601209677427,108744.0,6905.634677419345,0.0
108744.0,337.2119444444446,207272.15819444435,108744.0,15973.64111111109,0.0,108744.0,1.5938888888888887,44902.75833333334,108744.0,770.8922222222226,0.0,108744.0,-0.0,18502.04597222223,108744.0,6141.681111111104,0.0
109464.0,337.2119444444446,207272.15819444435,109464.0,15973.64111111109,0.0,109464.0,1.5938888888888887,44902.75833333334,109464.0,770.8922222222226,0.0,109464.0,-0.0,18502.04597222223,109464.0,6141.681111111104,0.0
109464.0,261.51801075268816,212341.96034946223,109464.0,14605.429704301063,0.0,109464.0,-0.0,47534.757123655894,109464.0,681.281451612904,0.0,109464.0,-0.0,23008.93615591398,109464.0,5623.25833333333,0.0
110208.0,261.51801075268816,212341.96034946223,110208.0,14605.429704301063,0.0,110208.0,-0.0,47534.757123655894,110208.0,681.281451612904,0.0,110208.0,-0.0,23008.93615591398,110208.0,5623.25833333333,0.0
110208.0,174.34435483870956,222570.12311827927,110208.0,14596.91129032257,0.0,110208.0,-0.0,47962.676881720494,110208.0,711.8751344086021,0.0,110208.0,-0.0,21277.948387096767,110208.0,5489.406720430103,0.0
110952.0,174.34435483870956,222570.12311827927,110952.0,14596.91129032257,0.0,110952.0,-0.0,47962.676881720494,110952.0,711.8751344086021,0.0,110952.0,-0.0,21277.948387096767,110952.0,5489.406720430103,0.0
110952.0,735.047916666667,181667.3977777776,110952.0,15010.088333333355,0.0,110952.0,17.454583333333332,32978.03680555554,110952.0,708.7498611111117,0.0,110952.0,-0.0,13474.08305555557,110952.0,5780.110555555554,0.0
111672.0,735.047916666667,181667.3977777776,111672.0,15010.088333333355,0.0,111672.0,17.454583333333332,32978.03680555554,111672.0,708.7498611111117,0.0,111672.0,-0.0,13474.08305555557,111672.0,5780.110555555554,0.0
111672.0,1864.3461021505377,130227.85053763437,111672.0,16381.6365591398,0.0,111672.0,4715.494086021503,14819.438844086024,111672.0,765.6387096774192,0.0,111672.0,2098.93615591398,3811.6979838709694,111672.0,6414.157930107519,0.0
112416.0,1864.3461021505377,130227.85053763437,112416.0,16381.6365591398,0.0,112416.0,4715.494086021503,14819.438844086024,112416.0,765.6387096774192,0.0,112416.0,2098.93615591398,3811.6979838709694,112416.0,6414.157930107519,0.0
112416.0,3904.2493055555547,111280.46805555548,112416.0,18163.52875000002,0.0,112416.0,12739.975972222224,7508.1169444444495,112416.0,846.5599999999989,0.0,112416.0,5935.982361111112,969.7225000000008,112416.0,7218.357083333338,0.0
113136.0,3904.2493055555547,111280.46805555548,113136.0,18163.52875000002,0.0,113136.0,12739.975972222224,7508.1169444444495,113136.0,846.5599999999989,0.0,113136.0,5935.982361111112,969.7225000000008,113136.0,7218.357083333338,0.0
113136.0,14090.982123655922,90223.86155913974,113136.0,19585.367607526878,0.0,113136.0,32952.822849462376,4222.638172043012,113136.0,891.9124999999997,0.0,113136.0,17193.037365591383,174.26639784946232,113136.0,7976.808064516123,0.0
113880.0,14090.982123655922,90223.86155913974,113880.0,19585.367607526878,0.0,113880.0,32952.822849462376,4222.638172043012,113880.0,891.9124999999997,0.0,113880.0,17193.037365591383,174.26639784946232,113880.0,7976.808064516123,0.0
113880.0,18753.4012096774,84186.83454301083,113880.0,20803.571505376338,0.0,113880.0,36752.366801075186,4125.000537634407,113880.0,955.2306451612908,0.0,113880.0,20827.764650537625,8.07822580645161,113880.0,8492.21680107528,0.0
114624.0,18753.4012096774,84186.83454301083,114624.0,20803.571505376338,0.0,114624.0,36752.366801075186,4125.000537634407,114624.0,955.2306451612908,0.0,114624.0,20827.764650537625,8.07822580645161,114624.0,8492.21680107528,0.0
114624.0,12015.244196428577,93747.590327381,114624.0,21069.434226190493,0.0,114624.0,29745.937351190445,5012.054761904762,114624.0,970.8019345238108,0.0,114624.0,15636.363541666664,52.81577380952379,114624.0,8612.365773809515,0.0
115296.0,12015.244196428577,93747.590327381,115296.0,21069.434226190493,0.0,115296.0,29745.937351190445,5012.054761904762,115296.0,970.8019345238108,0.0,115296.0,15636.363541666664,52.81577380952379,115296.0,8612.365773809515,0.0
115296.0,3786.7758064516124,118630.1440860215,115296.0,20726.03293010753,0.0,115296.0,13271.579166666674,8928.67486559139,115296.0,988.765188172043,0.0,115296.0,6946.8635752688115,1074.4782258064517,115296.0,8332.261827956992,0.0
116040.0,3786.7758064516124,118630.1440860215,116040.0,20726.03293010753,0.0,116040.0,13271.579166666674,8928.67486559139,116040.0,988.765188172043,0.0,116040.0,6946.8635752688115,1074.4782258064517,116040.0,8332.261827956992,0.0
116040.0,1664.6127777777785,132863.73819444436,116040.0,19105.086111111115,0.0,116040.0,3442.982916666665,14889.779166666665,116040.0,884.9736111111121,0.0,116040.0,1161.481527777777,3529.7154166666696,116040.0,7708.061666666655,0.0
116760.0,1664.6127777777785,132863.73819444436,116760.0,19105.086111111115,0.0,116760.0,3442.982916666665,14889.779166666665,116760.0,884.9736111111121,0.0,116760.0,1161.481527777777,3529.7154166666696,116760.0,7708.061666666655,0.0
116760.0,1063.8244623655912,159366.20322580627,116760.0,17546.197043010772,0.0,116760.0,716.209677419355,27526.030645161278,116760.0,831.5661290322581,0.0,116760.0,254.67688172042995,9609.601209677427,116760.0,6905.634677419345,0.0
117504.0,1063.8244623655912,159366.20322580627,117504.0,17546.197043010772,0.0,117504.0,716.209677419355,27526.030645161278,117504.0,831.5661290322581,0.0,117504.0,254.67688172042995,9609.601209677427,117504.0,6905.634677419345,0.0
117504.0,337.2119444444446,207272.15819444435,117504.0,15973.64111111109,0.0,117504.0,1.5938888888888887,44902.75833333334,117504.0,770.8922222222226,0.0,117504.0,-0.0,18502.04597222223,117504.0,6141.681111111104,0.0
118224.0,337.2119444444446,207272.15819444435,118224.0,15973.64111111109,0.0,118224.0,1.5938888888888887,44902.75833333334,118224.0,770.8922222222226,0.0,118224.0,-0.0,18502.04597222223,118224.0,6141.681111111104,0.0
118224.0,261.51801075268816,212341.96034946223,118224.0,14605.429704301063,0.0,118224.0,-0.0,47534.757123655894,118224.0,681.281451612904,0.0,118224.0,-0.0,23008.93615591398,118224.0,5623.25833333333,0.0
118968.0,261.51801075268816,212341.96034946223,118968.0,14605.429704301063,0.0,118968.0,-0.0,47534.757123655894,118968.0,681.281451612904,0.0,118968.0,-0.0,23008.93615591398,118968.0,5623.25833333333,0.0
118968.0,174.34435483870956,222570.12311827927,118968.0,14596.91129032257,0.0,118968.0,-0.0,47962.676881720494,118968.0,711.8751344086021,0.0,118968.0,-0.0,21277.948387096767,118968.0,5489.406720430103,0.0
119712.0,174.34435483870956,222570.12311827927,119712.0,14596.91129032257,0.0,119712.0,-0.0,47962.676881720494,119712.0,711.8751344086021,0.0,119712.0,-0.0,21277.948387096767,119712.0,5489.406720430103,0.0
119712.0,735.047916666667,181667.3977777776,119712.0,15010.088333333355,0.0,119712.0,17.454583333333332,32978.03680555554,119712.0,708.7498611111117,0.0,119712.0,-0.0,13474.08305555557,119712.0,5780.110555555554,0.0
120432.0,735.047916666667,181667.3977777776,120432.0,15010.088333333355,0.0,120432.0,17.454583333333332,32978.03680555554,120432.0,708.7498611111117,0.0,120432.0,-0.0,13474.08305555557,120432.0,5780.110555555554,0.0
120432.0,1864.3461021505377,130227.85053763437,120432.0,16381.6365591398,0.0,120432.0,4715.494086021503,14819.438844086024,120432.0,765.6387096774192,0.0,120432.0,2098.93615591398,3811.6979838709694,120432.0,6414.157930107519,0.0
121176.0,1864.3461021505377,130227.85053763437,121176.0,16381.6365591398,0.0,121176.0,4715.494086021503,14819.438844086024,121176.0,765.6387096774192,0.0,121176.0,2098.93615591398,3811.6979838709694,121176.0,6414.157930107519,0.0
121176.0,3904.2493055555547,111280.46805555548,121176.0,18163.52875000002,0.0,121176.0,12739.975972222224,7508.1169444444495,121176.0,846.5599999999989,0.0,121176.0,5935.982361111112,969.7225000000008,121176.0,7218.357083333338,0.0
121896.0,3904.2493055555547,111280.46805555548,121896.0,18163.52875000002,0.0,121896.0,12739.975972222224,7508.1169444444495,121896.0,846.5599999999989,0.0,121896.0,5935.982361111112,969.7225000000008,121896.0,7218.357083333338,0.0
121896.0,14090.982123655922,90223.86155913974,121896.0,19585.367607526878,0.0,121896.0,32952.822849462376,4222.638172043012,121896.0,891.9124999999997,0.0,121896.0,17193.037365591383,174.26639784946232,121896.0,7976.808064516123,0.0
122640.0,14090.982123655922,90223.86155913974,122640.0,19585.367607526878,0.0,122640.0,32952.822849462376,4222.638172043012,122640.0,891.9124999999997,0.0,122640.0,17193.037365591383,174.26639784946232,122640.0,7976.808064516123,0.0
122640.0,18753.4012096774,84186.83454301083,122640.0,20803.571505376338,0.0,122640.0,36752.366801075186,4125.000537634407,122640.0,955.2306451612908,0.0,122640.0,20827.764650537625,8.07822580645161,122640.0,8492.21680107528,0.0
123384.0,18753.4012096774,84186.83454301083,123384.0,20803.571505376338,0.0,123384.0,36752.366801075186,4125.000537634407,123384.0,955.2306451612908,0.0,123384.0,20827.764650537625,8.07822580645161,123384.0,8492.21680107528,0.0
123384.0,12015.244196428577,93747.590327381,123384.0,21069.434226190493,0.0,123384.0,29745.937351190445,5012.054761904762,123384.0,970.8019345238108,0.0,123384.0,15636.363541666664,52.81577380952379,123384.0,8612.365773809515,0.0
124056.0,12015.244196428577,93747.590327381,124056.0,21069.434226190493,0.0,124056.0,29745.937351190445,5012.054761904762,124056.0,970.8019345238108,0.0,124056.0,15636.363541666664,52.81577380952379,124056.0,8612.365773809515,0.0
124056.0,3786.7758064516124,118630.1440860215,124056.0,20726.03293010753,0.0,124056.0,13271.579166666674,8928.67486559139,124056.0,988.765188172043,0.0,124056.0,6946.8635752688115,1074.4782258064517,124056.0,8332.261827956992,0.0
124800.0,3786.7758064516124,118630.1440860215,124800.0,20726.03293010753,0.0,124800.0,13271.579166666674,8928.67486559139,124800.0,988.765188172043,0.0,124800.0,6946.8635752688115,1074.4782258064517,124800.0,8332.261827956992,0.0
124800.0,1664.6127777777785,132863.73819444436,124800.0,19105.086111111115,0.0,124800.0,3442.982916666665,14889.779166666665,124800.0,884.9736111111121,0.0,124800.0,1161.481527777777,3529.7154166666696,124800.0,7708.061666666655,0.0
125520.0,1664.6127777777785,132863.73819444436,125520.0,19105.086111111115,0.0,125520.0,3442.982916666665,14889.779166666665,125520.0,884.9736111111121,0.0,125520.0,1161.481527777777,3529.7154166666696,125520.0,7708.061666666655,0.0
125520.0,1063.8244623655912,159366.20322580627,125520.0,17546.197043010772,0.0,125520.0,716.209677419355,27526.030645161278,125520.0,831.5661290322581,0.0,125520.0,254.67688172042995,9609.601209677427,125520.0,6905.634677419345,0.0
126264.0,1063.8244623655912,159366.20322580627,126264.0,17546.197043010772,0.0,126264.0,716.209677419355,27526.030645161278,126264.0,831.5661290322581,0.0,126264.0,254.67688172042995,9609.601209677427,126264.0,6905.634677419345,0.0
126264.0,337.2119444444446,207272.15819444435,126264.0,15973.64111111109,0.0,126264.0,1.5938888888888887,44902.75833333334,126264.0,770.8922222222226,0.0,126264.0,-0.0,18502.04597222223,126264.0,6141.681111111104,0.0
126984.0,337.2119444444446,207272.15819444435,126984.0,15973.64111111109,0.0,126984.0,1.5938888888888887,44902.75833333334,126984.0,770.8922222222226,0.0,126984.0,-0.0,18502.04597222223,126984.0,6141.681111111104,0.0
126984.0,261.51801075268816,212341.96034946223,126984.0,14605.429704301063,0.0,126984.0,-0.0,47534.757123655894,126984.0,681.281451612904,0.0,126984.0,-0.0,23008.93615591398,126984.0,5623.25833333333,0.0
127728.0,261.51801075268816,212341.96034946223,127728.0,14605.429704301063,0.0,127728.0,-0.0,47534.757123655894,127728.0,681.281451612904,0.0,127728.0,-0.0,23008.93615591398,127728.0,5623.25833333333,0.0
127728.0,174.34435483870956,222570.12311827927,127728.0,14596.91129032257,0.0,127728.0,-0.0,47962.676881720494,127728.0,711.8751344086021,0.0,127728.0,-0.0,21277.948387096767,127728.0,5489.406720430103,0.0
128472.0,174.34435483870956,222570.12311827927,128472.0,14596.91129032257,0.0,128472.0,-0.0,47962.676881720494,128472.0,711.8751344086021,0.0,128472.0,-0.0,21277.948387096767,128472.0,5489.406720430103,0.0
128472.0,735.047916666667,181667.3977777776,128472.0,15010.088333333355,0.0,128472.0,17.454583333333332,32978.03680555554,128472.0,708.7498611111117,0.0,128472.0,-0.0,13474.08305555557,128472.0,5780.110555555554,0.0
129192.0,735.047916666667,181667.3977777776,129192.0,15010.088333333355,0.0,129192.0,17.454583333333332,32978.03680555554,129192.0,708.7498611111117,0.0,129192.0,-0.0,13474.08305555557,129192.0,5780.110555555554,0.0
129192.0,1864.3461021505377,130227.85053763437,129192.0,16381.6365591398,0.0,129192.0,4715.494086021503,14819.438844086024,129192.0,765.6387096774192,0.0,129192.0,2098.93615591398,3811.6979838709694,129192.0,6414.157930107519,0.0
129936.0,1864.3461021505377,130227.85053763437,129936.0,16381.6365591398,0.0,129936.0,4715.494086021503,14819.438844086024,129936.0,765.6387096774192,0.0,129936.0,2098.93615591398,3811.6979838709694,129936.0,6414.157930107519,0.0
129936.0,3904.2493055555547,111280.46805555548,129936.0,18163.52875000002,0.0,129936.0,12739.975972222224,7508.1169444444495,129936.0,846.5599999999989,0.0,129936.0,5935.982361111112,969.7225000000008,129936.0,7218.357083333338,0.0
130656.0,3904.2493055555547,111280.46805555548,130656.0,18163.52875000002,0.0,130656.0,12739.975972222224,7508.1169444444495,130656.0,846.5599999999989,0.0,130656.0,5935.982361111112,969.7225000000008,130656.0,7218.357083333338,0.0
130656.0,14090.982123655922,90223.86155913974,130656.0,19585.367607526878,0.0,130656.0,32952.822849462376,4222.638172043012,130656.0,891.9124999999997,0.0,130656.0,17193.037365591383,174.26639784946232,130656.0,7976.808064516123,0.0
131400.0,14090.982123655922,90223.86155913974,131400.0,19585.367607526878,0.0,131400.0,32952.822849462376,4222.638172043012,131400.0,891.9124999999997,0.0,131400.0,17193.037365591383,174.26639784946232,131400.0,7976.808064516123,0.0
131400.0,18753.4012096774,84186.83454301083,131400.0,20803.571505376338,0.0,131400.0,36752.366801075186,4125.000537634407,131400.0,955.2306451612908,0.0,131400.0,20827.764650537625,8.07822580645161,131400.0,8492.21680107528,0.0
132144.0,18753.4012096774,84186.83454301083,132144.0,20803.571505376338,0.0,132144.0,36752.366801075186,4125.000537634407,132144.0,955.2306451612908,0.0,132144.0,20827.764650537625,8.07822580645161,132144.0,8492.21680107528,0.0
132144.0,12015.244196428577,93747.590327381,132144.0,21069.434226190493,0.0,132144.0,29745.937351190445,5012.054761904762,132144.0,970.8019345238108,0.0,132144.0,15636.363541666664,52.81577380952379,132144.0,8612.365773809515,0.0
132816.0,12015.244196428577,93747.590327381,132816.0,21069.434226190493,0.0,132816.0,29745.937351190445,5012.054761904762,132816.0,970.8019345238108,0.0,132816.0,15636.363541666664,52.81577380952379,132816.0,8612.365773809515,0.0
132816.0,3786.7758064516124,118630.1440860215,132816.0,20726.03293010753,0.0,132816.0,13271.579166666674,8928.67486559139,132816.0,988.765188172043,0.0,132816.0,6946.8635752688115,1074.4782258064517,132816.0,8332.261827956992,0.0
133560.0,3786.7758064516124,118630.1440860215,133560.0,20726.03293010753,0.0,133560.0,13271.579166666674,8928.67486559139,133560.0,988.765188172043,0.0,133560.0,6946.8635752688115,1074.4782258064517,133560.0,8332.261827956992,0.0
133560.0,1664.6127777777785,132863.73819444436,133560.0,19105.086111111115,0.0,133560.0,3442.982916666665,14889.779166666665,133560.0,884.9736111111121,0.0,133560.0,1161.481527777777,3529.7154166666696,133560.0,7708.061666666655,0.0
134280.0,1664.6127777777785,132863.73819444436,134280.0,19105.086111111115,0.0,134280.0,3442.982916666665,14889.779166666665,134280.0,884.9736111111121,0.0,134280.0,1161.481527777777,3529.7154166666696,134280.0,7708.061666666655,0.0
134280.0,1063.8244623655912,159366.20322580627,134280.0,17546.197043010772,0.0,134280.0,716.209677419355,27526.030645161278,134280.0,831.5661290322581,0.0,134280.0,254.67688172042995,9609.601209677427,134280.0,6905.634677419345,0.0
135024.0,1063.8244623655912,159366.20322580627,135024.0,17546.197043010772,0.0,135024.0,716.209677419355,27526.030645161278,135024.0,831.5661290322581,0.0,135024.0,254.67688172042995,9609.601209677427,135024.0,6905.634677419345,0.0
135024.0,337.2119444444446,207272.15819444435,135024.0,15973.64111111109,0.0,135024.0,1.5938888888888887,44902.75833333334,135024.0,770.8922222222226,0.0,135024.0,-0.0,18502.04597222223,135024.0,6141.681111111104,0.0
135744.0,337.2119444444446,207272.15819444435,135744.0,15973.64111111109,0.0,135744.0,1.5938888888888887,44902.75833333334,135744.0,770.8922222222226,0.0,135744.0,-0.0,18502.04597222223,135744.0,6141.681111111104,0.0
135744.0,261.51801075268816,212341.96034946223,135744.0,14605.429704301063,0.0,135744.0,-0.0,47534.757123655894,135744.0,681.281451612904,0.0,135744.0,-0.0,23008.93615591398,135744.0,5623.25833333333,0.0
136488.0,261.51801075268816,212341.96034946223,136488.0,14605.429704301063,0.0,136488.0,-0.0,47534.757123655894,136488.0,681.281451612904,0.0,136488.0,-0.0,23008.93615591398,136488.0,5623.25833333333,0.0
136488.0,174.34435483870956,222570.12311827927,136488.0,14596.91129032257,0.0,136488.0,-0.0,47962.676881720494,136488.0,711.8751344086021,0.0,136488.0,-0.0,21277.948387096767,136488.0,5489.406720430103,0.0
137232.0,174.34435483870956,222570.12311827927,137232.0,14596.91129032257,0.0,137232.0,-0.0,47962.676881720494,137232.0,711.8751344086021,0.0,137232.0,-0.0,21277.948387096767,137232.0,5489.406720430103,0.0
137232.0,735.047916666667,181667.3977777776,137232.0,15010.088333333355,0.0,137232.0,17.454583333333332,32978.03680555554,137232.0,708.7498611111117,0.0,137232.0,-0.0,13474.08305555557,137232.0,5780.110555555554,0.0
137952.0,735.047916666667,181667.3977777776,137952.0,15010.088333333355,0.0,137952.0,17.454583333333332,32978.03680555554,137952.0,708.7498611111117,0.0,137952.0,-0.0,13474.08305555557,137952.0,5780.110555555554,0.0
137952.0,1864.3461021505377,130227.85053763437,137952.0,16381.6365591398,0.0,137952.0,4715.494086021503,14819.438844086024,137952.0,765.6387096774192,0.0,137952.0,2098.93615591398,3811.6979838709694,137952.0,6414.157930107519,0.0
138696.0,1864.3461021505377,130227.85053763437,138696.0,16381.6365591398,0.0,138696.0,4715.494086021503,14819.438844086024,138696.0,765.6387096774192,0.0,138696.0,2098.93615591398,3811.6979838709694,138696.0,6414.157930107519,0.0
138696.0,3904.2493055555547,111280.46805555548,138696.0,18163.52875000002,0.0,138696.0,12739.975972222224,7508.1169444444495,138696.0,846.5599999999989,0.0,138696.0,5935.982361111112,969.7225000000008,138696.0,7218.357083333338,0.0
139416.0,3904.2493055555547,111280.46805555548,139416.0,18163.52875000002,0.0,139416.0,12739.975972222224,7508.1169444444495,139416.0,846.5599999999989,0.0,139416.0,5935.982361111112,969.7225000000008,139416.0,7218.357083333338,0.0
139416.0,14090.982123655922,90223.86155913974,139416.0,19585.367607526878,0.0,139416.0,32952.822849462376,4222.638172043012,139416.0,891.9124999999997,0.0,139416.0,17193.037365591383,174.26639784946232,139416.0,7976.808064516123,0.0
140160.0,14090.982123655922,90223.86155913974,140160.0,19585.367607526878,0.0,140160.0,32952.822849462376,4222.638172043012,140160.0,891.9124999999997,0.0,140160.0,17193.037365591383,174.26639784946232,140160.0,7976.808064516123,0.0
140160.0,18753.4012096774,84186.83454301083,140160.0,20803.571505376338,0.0,140160.0,36752.366801075186,4125.000537634407,140160.0,955.2306451612908,0.0,140160.0,20827.764650537625,8.07822580645161,140160.0,8492.21680107528,0.0
140904.0,18753.4012096774,84186.83454301083,140904.0,20803.571505376338,0.0,140904.0,36752.366801075186,4125.000537634407,140904.0,955.2306451612908,0.0,140904.0,20827.764650537625,8.07822580645161,140904.0,8492.21680107528,0.0
140904.0,12015.244196428577,93747.590327381,140904.0,21069.434226190493,0.0,140904.0,29745.937351190445,5012.054761904762,140904.0,970.8019345238108,0.0,140904.0,15636.363541666664,52.81577380952379,140904.0,8612.365773809515,0.0
141576.0,12015.244196428577,93747.590327381,141576.0,21069.434226190493,0.0,141576.0,29745.937351190445,5012.054761904762,141576.0,970.8019345238108,0.0,141576.0,15636.363541666664,52.81577380952379,141576.0,8612.365773809515,0.0
141576.0,3786.7758064516124,118630.1440860215,141576.0,20726.03293010753,0.0,141576.0,13271.579166666674,8928.67486559139,141576.0,988.765188172043,0.0,141576.0,6946.8635752688115,1074.4782258064517,141576.0,8332.261827956992,0.0
142320.0,3786.7758064516124,118630.1440860215,142320.0,20726.03293010753,0.0,142320.0,13271.579166666674,8928.67486559139,142320.0,988.765188172043,0.0,142320.0,6946.8635752688115,1074.4782258064517,142320.0,8332.261827956992,0.0
142320.0,1664.6127777777785,132863.73819444436,142320.0,19105.086111111115,0.0,142320.0,3442.982916666665,14889.779166666665,142320.0,884.9736111111121,0.0,142320.0,1161.481527777777,3529.7154166666696,142320.0,7708.061666666655,0.0
143040.0,1664.6127777777785,132863.73819444436,143040.0,19105.086111111115,0.0,143040.0,3442.982916666665,14889.779166666665,143040.0,884.9736111111121,0.0,143040.0,1161.481527777777,3529.7154166666696,143040.0,7708.061666666655,0.0
143040.0,1063.8244623655912,159366.20322580627,143040.0,17546.197043010772,0.0,143040.0,716.209677419355,27526.030645161278,143040.0,831.5661290322581,0.0,143040.0,254.67688172042995,9609.601209677427,143040.0,6905.634677419345,0.0
143784.0,1063.8244623655912,159366.20322580627,143784.0,17546.197043010772,0.0,143784.0,716.209677419355,27526.030645161278,143784.0,831.5661290322581,0.0,143784.0,254.67688172042995,9609.601209677427,143784.0,6905.634677419345,0.0
143784.0,337.2119444444446,207272.15819444435,143784.0,15973.64111111109,0.0,143784.0,1.5938888888888887,44902.75833333334,143784.0,770.8922222222226,0.0,143784.0,-0.0,18502.04597222223,143784.0,6141.681111111104,0.0
144504.0,337.2119444444446,207272.15819444435,144504.0,15973.64111111109,0.0,144504.0,1.5938888888888887,44902.75833333334,144504.0,770.8922222222226,0.0,144504.0,-0.0,18502.04597222223,144504.0,6141.681111111104,0.0
144504.0,261.51801075268816,212341.96034946223,144504.0,14605.429704301063,0.0,144504.0,-0.0,47534.757123655894,144504.0,681.281451612904,0.0,144504.0,-0.0,23008.93615591398,144504.0,5623.25833333333,0.0
145248.0,261.51801075268816,212341.96034946223,145248.0,14605.429704301063,0.0,145248.0,-0.0,47534.757123655894,145248.0,681.281451612904,0.0,145248.0,-0.0,23008.93615591398,145248.0,5623.25833333333,0.0
145248.0,174.34435483870956,222570.12311827927,145248.0,14596.91129032257,0.0,145248.0,-0.0,47962.676881720494,145248.0,711.8751344086021,0.0,145248.0,-0.0,21277.948387096767,145248.0,5489.406720430103,0.0
145992.0,174.34435483870956,222570.12311827927,145992.0,14596.91129032257,0.0,145992.0,-0.0,47962.676881720494,145992.0,711.8751344086021,0.0,145992.0,-0.0,21277.948387096767,145992.0,5489.406720430103,0.0
145992.0,735.047916666667,181667.3977777776,145992.0,15010.088333333355,0.0,145992.0,17.454583333333332,32978.03680555554,145992.0,708.7498611111117,0.0,145992.0,-0.0,13474.08305555557,145992.0,5780.110555555554,0.0
146712.0,735.047916666667,181667.3977777776,146712.0,15010.088333333355,0.0,146712.0,17.454583333333332,32978.03680555554,146712.0,708.7498611111117,0.0,146712.0,-0.0,13474.08305555557,146712.0,5780.110555555554,0.0
146712.0,1864.3461021505377,130227.85053763437,146712.0,16381.6365591398,0.0,146712.0,4715.494086021503,14819.438844086024,146712.0,765.6387096774192,0.0,146712.0,2098.93615591398,3811.6979838709694,146712.0,6414.157930107519,0.0
147456.0,1864.3461021505377,130227.85053763437,147456.0,16381.6365591398,0.0,147456.0,4715.494086021503,14819.438844086024,147456.0,765.6387096774192,0.0,147456.0,2098.93615591398,3811.6979838709694,147456.0,6414.157930107519,0.0
147456.0,3904.2493055555547,111280.46805555548,147456.0,18163.52875000002,0.0,147456.0,12739.975972222224,7508.1169444444495,147456.0,846.5599999999989,0.0,147456.0,5935.982361111112,969.7225000000008,147456.0,7218.357083333338,0.0
148176.0,3904.2493055555547,111280.46805555548,148176.0,18163.52875000002,0.0,148176.0,12739.975972222224,7508.1169444444495,148176.0,846.5599999999989,0.0,148176.0,5935.982361111112,969.7225000000008,148176.0,7218.357083333338,0.0
148176.0,14090.982123655922,90223.86155913974,148176.0,19585.367607526878,0.0,148176.0,32952.822849462376,4222.638172043012,148176.0,891.9124999999997,0.0,148176.0,17193.037365591383,174.26639784946232,148176.0,7976.808064516123,0.0
148920.0,14090.982123655922,90223.86155913974,148920.0,19585.367607526878,0.0,148920.0,32952.822849462376,4222.638172043012,148920.0,891.9124999999997,0.0,148920.0,17193.037365591383,174.26639784946232,148920.0,7976.808064516123,0.0
148920.0,18753.4012096774,84186.83454301083,148920.0,20803.571505376338,0.0,148920.0,36752.366801075186,4125.000537634407,148920.0,955.2306451612908,0.0,148920.0,20827.764650537625,8.07822580645161,148920.0,8492.21680107528,0.0
149664.0,18753.4012096774,84186.83454301083,149664.0,20803.571505376338,0.0,149664.0,36752.366801075186,4125.000537634407,149664.0,955.2306451612908,0.0,149664.0,20827.764650537625,8.07822580645161,149664.0,8492.21680107528,0.0
149664.0,12015.244196428577,93747.590327381,149664.0,21069.434226190493,0.0,149664.0,29745.937351190445,5012.054761904762,149664.0,970.8019345238108,0.0,149664.0,15636.363541666664,52.81577380952379,149664.0,8612.365773809515,0.0
150336.0,12015.244196428577,93747.590327381,150336.0,21069.434226190493,0.0,150336.0,29745.937351190445,5012.054761904762,150336.0,970.8019345238108,0.0,150336.0,15636.363541666664,52.81577380952379,150336.0,8612.365773809515,0.0
150336.0,3786.7758064516124,118630.1440860215,150336.0,20726.03293010753,0.0,150336.0,13271.579166666674,8928.67486559139,150336.0,988.765188172043,0.0,150336.0,6946.8635752688115,1074.4782258064517,150336.0,8332.261827956992,0.0
151080.0,3786.7758064516124,118630.1440860215,151080.0,20726.03293010753,0.0,151080.0,13271.579166666674,8928.67486559139,151080.0,988.765188172043,0.0,151080.0,6946.8635752688115,1074.4782258064517,151080.0,8332.261827956992,0.0
151080.0,1664.6127777777785,132863.73819444436,151080.0,19105.086111111115,0.0,151080.0,3442.982916666665,14889.779166666665,151080.0,884.9736111111121,0.0,151080.0,1161.481527777777,3529.7154166666696,151080.0,7708.061666666655,0.0
151800.0,1664.6127777777785,132863.73819444436,151800.0,19105.086111111115,0.0,151800.0,3442.982916666665,14889.779166666665,151800.0,884.9736111111121,0.0,151800.0,1161.481527777777,3529.7154166666696,151800.0,7708.061666666655,0.0
151800.0,1063.8244623655912,159366.20322580627,151800.0,17546.197043010772,0.0,151800.0,716.209677419355,27526.030645161278,151800.0,831.5661290322581,0.0,151800.0,254.67688172042995,9609.601209677427,151800.0,6905.634677419345,0.0
152544.0,1063.8244623655912,159366.20322580627,152544.0,17546.197043010772,0.0,152544.0,716.209677419355,27526.030645161278,152544.0,831.5661290322581,0.0,152544.0,254.67688172042995,9609.601209677427,152544.0,6905.634677419345,0.0
152544.0,337.2119444444446,207272.15819444435,152544.0,15973.64111111109,0.0,152544.0,1.5938888888888887,44902.75833333334,152544.0,770.8922222222226,0.0,152544.0,-0.0,18502.04597222223,152544.0,6141.681111111104,0.0
153264.0,337.2119444444446,207272.15819444435,153264.0,15973.64111111109,0.0,153264.0,1.5938888888888887,44902.75833333334,153264.0,770.8922222222226,0.0,153264.0,-0.0,18502.04597222223,153264.0,6141.681111111104,0.0
153264.0,261.51801075268816,212341.96034946223,153264.0,14605.429704301063,0.0,153264.0,-0.0,47534.757123655894,153264.0,681.281451612904,0.0,153264.0,-0.0,23008.93615591398,153264.0,5623.25833333333,0.0
154008.0,261.51801075268816,212341.96034946223,154008.0,14605.429704301063,0.0,154008.0,-0.0,47534.757123655894,154008.0,681.281451612904,0.0,154008.0,-0.0,23008.93615591398,154008.0,5623.25833333333,0.0
154008.0,174.34435483870956,222570.12311827927,154008.0,14596.91129032257,0.0,154008.0,-0.0,47962.676881720494,154008.0,711.8751344086021,0.0,154008.0,-0.0,21277.948387096767,154008.0,5489.406720430103,0.0
154752.0,174.34435483870956,222570.12311827927,154752.0,14596.91129032257,0.0,154752.0,-0.0,47962.676881720494,154752.0,711.8751344086021,0.0,154752.0,-0.0,21277.948387096767,154752.0,5489.406720430103,0.0
154752.0,735.047916666667,181667.3977777776,154752.0,15010.088333333355,0.0,154752.0,17.454583333333332,32978.03680555554,154752.0,708.7498611111117,0.0,154752.0,-0.0,13474.08305555557,154752.0,5780.110555555554,0.0
155472.0,735.047916666667,181667.3977777776,155472.0,15010.088333333355,0.0,155472.0,17.454583333333332,32978.03680555554,155472.0,708.7498611111117,0.0,155472.0,-0.0,13474.08305555557,155472.0,5780.110555555554,0.0
155472.0,1864.3461021505377,130227.85053763437,155472.0,16381.6365591398,0.0,155472.0,4715.494086021503,14819.438844086024,155472.0,765.6387096774192,0.0,155472.0,2098.93615591398,3811.6979838709694,155472.0,6414.157930107519,0.0
156216.0,1864.3461021505377,130227.85053763437,156216.0,16381.6365591398,0.0,156216.0,4715.494086021503,14819.438844086024,156216.0,765.6387096774192,0.0,156216.0,2098.93615591398,3811.6979838709694,156216.0,6414.157930107519,0.0
156216.0,3904.2493055555547,111280.46805555548,156216.0,18163.52875000002,0.0,156216.0,12739.975972222224,7508.1169444444495,156216.0,846.5599999999989,0.0,156216.0,5935.982361111112,969.7225000000008,156216.0,7218.357083333338,0.0
156936.0,3904.2493055555547,111280.46805555548,156936.0,18163.52875000002,0.0,156936.0,12739.975972222224,7508.1169444444495,156936.0,846.5599999999989,0.0,156936.0,5935.982361111112,969.7225000000008,156936.0,7218.357083333338,0.0
156936.0,14090.982123655922,90223.86155913974,156936.0,19585.367607526878,0.0,156936.0,32952.822849462376,4222.638172043012,156936.0,891.9124999999997,0.0,156936.0,17193.037365591383,174.26639784946232,156936.0,7976.808064516123,0.0
157680.0,14090.982123655922,90223.86155913974,157680.0,19585.367607526878,0.0,157680.0,32952.822849462376,4222.638172043012,157680.0,891.9124999999997,0.0,157680.0,17193.037365591383,174.26639784946232,157680.0,7976.808064516123,0.0
157680.0,18753.4012096774,84186.83454301083,157680.0,20803.571505376338,0.0,157680.0,36752.366801075186,4125.000537634407,157680.0,955.2306451612908,0.0,157680.0,20827.764650537625,8.07822580645161,157680.0,8492.21680107528,0.0
158424.0,18753.4012096774,84186.83454301083,158424.0,20803.571505376338,0.0,158424.0,36752.366801075186,4125.000537634407,158424.0,955.2306451612908,0.0,158424.0,20827.764650537625,8.07822580645161,158424.0,8492.21680107528,0.0
158424.0,12015.244196428577,93747.590327381,158424.0,21069.434226190493,0.0,158424.0,29745.937351190445,5012.054761904762,158424.0,970.8019345238108,0.0,158424.0,15636.363541666664,52.81577380952379,158424.0,8612.365773809515,0.0
159096.0,12015.244196428577,93747.590327381,159096.0,21069.434226190493,0.0,159096.0,29745.937351190445,5012.054761904762,159096.0,970.8019345238108,0.0,159096.0,15636.363541666664,52.81577380952379,159096.0,8612.365773809515,0.0
159096.0,3786.7758064516124,118630.1440860215,159096.0,20726.03293010753,0.0,159096.0,13271.579166666674,8928.67486559139,159096.0,988.765188172043,0.0,159096.0,6946.8635752688115,1074.4782258064517,159096.0,8332.261827956992,0.0
159840.0,3786.7758064516124,118630.1440860215,159840.0,20726.03293010753,0.0,159840.0,13271.579166666674,8928.67486559139,159840.0,988.765188172043,0.0,159840.0,6946.8635752688115,1074.4782258064517,159840.0,8332.261827956992,0.0
159840.0,1664.6127777777785,132863.73819444436,159840.0,19105.086111111115,0.0,159840.0,3442.982916666665,14889.779166666665,159840.0,884.9736111111121,0.0,159840.0,1161.481527777777,3529.7154166666696,159840.0,7708.061666666655,0.0
160560.0,1664.6127777777785,132863.73819444436,160560.0,19105.086111111115,0.0,160560.0,3442.982916666665,14889.779166666665,160560.0,884.9736111111121,0.0,160560.0,1161.481527777777,3529.7154166666696,160560.0,7708.061666666655,0.0
160560.0,1063.8244623655912,159366.20322580627,160560.0,17546.197043010772,0.0,160560.0,716.209677419355,27526.030645161278,160560.0,831.5661290322581,0.0,160560.0,254.67688172042995,9609.601209677427,160560.0,6905.634677419345,0.0
161304.0,1063.8244623655912,159366.20322580627,161304.0,17546.197043010772,0.0,161304.0,716.209677419355,27526.030645161278,161304.0,831.5661290322581,0.0,161304.0,254.67688172042995,9609.601209677427,161304.0,6905.634677419345,0.0
161304.0,337.2119444444446,207272.15819444435,161304.0,15973.64111111109,0.0,161304.0,1.5938888888888887,44902.75833333334,161304.0,770.8922222222226,0.0,161304.0,-0.0,18502.04597222223,161304.0,6141.681111111104,0.0
162024.0,337.2119444444446,207272.15819444435,162024.0,15973.64111111109,0.0,162024.0,1.5938888888888887,44902.75833333334,162024.0,770.8922222222226,0.0,162024.0,-0.0,18502.04597222223,162024.0,6141.681111111104,0.0
162024.0,261.51801075268816,212341.96034946223,162024.0,14605.429704301063,0.0,162024.0,-0.0,47534.757123655894,162024.0,681.281451612904,0.0,162024.0,-0.0,23008.93615591398,162024.0,5623.25833333333,0.0
162768.0,261.51801075268816,212341.96034946223,162768.0,14605.429704301063,0.0,162768.0,-0.0,47534.757123655894,162768.0,681.281451612904,0.0,162768.0,-0.0,23008.93615591398,162768.0,5623.25833333333,0.0
162768.0,174.34435483870956,222570.12311827927,162768.0,14596.91129032257,0.0,162768.0,-0.0,47962.676881720494,162768.0,711.8751344086021,0.0,162768.0,-0.0,21277.948387096767,162768.0,5489.406720430103,0.0
163512.0,174.34435483870956,222570.12311827927,163512.0,14596.91129032257,0.0,163512.0,-0.0,47962.676881720494,163512.0,711.8751344086021,0.0,163512.0,-0.0,21277.948387096767,163512.0,5489.406720430103,0.0
163512.0,735.047916666667,181667.3977777776,163512.0,15010.088333333355,0.0,163512.0,17.454583333333332,32978.03680555554,163512.0,708.7498611111117,0.0,163512.0,-0.0,13474.08305555557,163512.0,5780.110555555554,0.0
164232.0,735.047916666667,181667.3977777776,164232.0,15010.088333333355,0.0,164232.0,17.454583333333332,32978.03680555554,164232.0,708.7498611111117,0.0,164232.0,-0.0,13474.08305555557,164232.0,5780.110555555554,0.0
164232.0,1864.3461021505377,130227.85053763437,164232.0,16381.6365591398,0.0,164232.0,4715.494086021503,14819.438844086024,164232.0,765.6387096774192,0.0,164232.0,2098.93615591398,3811.6979838709694,164232.0,6414.157930107519,0.0
164976.0,1864.3461021505377,130227.85053763437,164976.0,16381.6365591398,0.0,164976.0,4715.494086021503,14819.438844086024,164976.0,765.6387096774192,0.0,164976.0,2098.93615591398,3811.6979838709694,164976.0,6414.157930107519,0.0
164976.0,3904.2493055555547,111280.46805555548,164976.0,18163.52875000002,0.0,164976.0,12739.975972222224,7508.1169444444495,164976.0,846.5599999999989,0.0,164976.0,5935.982361111112,969.7225000000008,164976.0,7218.357083333338,0.0
165696.0,3904.2493055555547,111280.46805555548,165696.0,18163.52875000002,0.0,165696.0,12739.975972222224,7508.1169444444495,165696.0,846.5599999999989,0.0,165696.0,5935.982361111112,969.7225000000008,165696.0,7218.357083333338,0.0
165696.0,14090.982123655922,90223.86155913974,165696.0,19585.367607526878,0.0,165696.0,32952.822849462376,4222.638172043012,165696.0,891.9124999999997,0.0,165696.0,17193.037365591383,174.26639784946232,165696.0,7976.808064516123,0.0
166440.0,14090.982123655922,90223.86155913974,166440.0,19585.367607526878,0.0,166440.0,32952.822849462376,4222.638172043012,166440.0,891.9124999999997,0.0,166440.0,17193.037365591383,174.26639784946232,166440.0,7976.808064516123,0.0
166440.0,121863.79999999999,82563.8351404781,166440.0,20713.458785352104,0.0,166440.0,36165.45619295915,4008.3855056607845,166440.0,948.5553253157816,0.0,166440.0,20572.079661679876,5.038537815281123,166440.0,8465.967899781557,0.0
166450.29696182662,121863.79999999999,82563.8351404781,166450.29696182662,20713.458785352104,0.0,166450.29696182662,36165.45619295915,4008.3855056607845,166450.29696182662,948.5553253157816,0.0,166450.29696182662,20572.079661679876,5.038537815281123,166450.29696182662,8465.967899781557,0.0
166450.29696182662,121863.79999999999,82563.8351404781,166450.29696182662,20713.458785352104,0.0,166450.29696182662,36165.45619295915,4008.3855056607845,166450.29696182662,948.5553253157816,0.0,166450.29696182662,20572.079661679876,841.7,166450.29696182662,8465.967899781557,0.0
166453.0,121863.79999999999,82563.8351404781,166453.0,20713.458785352104,0.0,166453.0,36165.45619295915,4008.3855056607845,166453.0,948.5553253157816,0.0,166453.0,20572.079661679876,841.7,166453.0,8465.967899781557,0.0
166453.0,121863.79999999999,82563.8351404781,166453.0,20713.458785352104,0.0,166453.0,36165.45619295915,4008.3855056607845,166453.0,948.5553253157816,0.0,166453.0,20572.079661679876,5.038537815281123,166453.0,8465.967899781557,0.0
166455.94141474814,121863.79999999999,82563.8351404781,166455.94141474814,20713.458785352104,0.0,166455.94141474814,36165.45619295915,4008.3855056607845,166455.94141474814,948.5553253157816,0.0,166455.94141474814,20572.079661679876,5.038537815281123,166455.94141474814,8465.967899781557,0.0
166455.94141474814,18344.13474224755,82563.8351404781,166455.94141474814,20713.458785352104,0.0,166455.94141474814,36165.45619295915,4008.3855056607845,166455.94141474814,948.5553253157816,0.0,166455.94141474814,20572.079661679876,5.038537815281123,166455.94141474814,8465.967899781557,0.0
166571.74132388845,18344.13474224755,82563.8351404781,166571.74132388845,20713.458785352104,0.0,166571.74132388845,36165.45619295915,4008.3855056607845,166571.74132388845,948.5553253157816,0.0,166571.74132388845,20572.079661679876,5.038537815281123,166571.74132388845,8465.967899781557,0.0
166571.74132388845,18344.13474224755,82563.8351404781,166571.74132388845,20713.458785352104,0.0,166571.74132388845,36165.45619295915,38473.8,166571.74132388845,948.5553253157816,0.0,166571.74132388845,20572.079661679876,5.038537815281123,166571.74132388845,8465.967899781557,0.0
166574.25867611152,18344.13474224755,82563.8351404781,166574.25867611152,20713.458785352104,0.0,166574.25867611152,36165.45619295915,38473.8,166574.25867611152,948.5553253157816,0.0,166574.25867611152,20572.079661679876,5.038537815281123,166574.25867611152,8465.967899781557,0.0
166574.25867611152,18344.13474224755,82563.8351404781,166574.25867611152,20713.458785352104,0.0,166574.25867611152,36165.45619295915,4008.3855056607845,166574.25867611152,948.5553253157816,0.0,166574.25867611152,20572.079661679876,5.038537815281123,166574.25867611152,8465.967899781557,0.0
166881.63358258392,18344.13474224755,82563.8351404781,166881.63358258392,20713.458785352104,0.0,166881.63358258392,36165.45619295915,4008.3855056607845,166881.63358258392,948.5553253157816,0.0,166881.63358258392,20572.079661679876,5.038537815281123,166881.63358258392,8465.967899781557,0.0
166881.63358258392,18344.13474224755,82563.8351404781,166881.63358258392,20713.458785352104,0.0,166881.63358258392,36165.45619295915,4008.3855056607845,166881.63358258392,948.5553253157816,0.0,166881.63358258392,48826.1,5.038537815281123,166881.63358258392,8465.967899781557,0.0
166882.68266078955,18344.13474224755,82563.8351404781,166882.68266078955,20713.458785352104,0.0,166882.68266078955,36165.45619295915,4008.3855056607845,166882.68266078955,948.5553253157816,0.0,166882.68266078955,48826.1,5.038537815281123,166882.68266078955,8465.967899781557,0.0
166882.68266078955,18344.13474224755,82563.8351404781,166882.68266078955,20713.458785352104,0.0,166882.68266078955,130381.6,4008.3855056607845,166882.68266078955,948.5553253157816,0.0,166882.68266078955,48826.1,5.038537815281123,166882.68266078955,8465.967899781557,0.0
166887.31733921045,18344.13474224755,82563.8351404781,166887.31733921045,20713.458785352104,0.0,166887.31733921045,130381.6,4008.3855056607845,166887.31733921045,948.5553253157816,0.0,166887.31733921045,48826.1,5.038537815281123,166887.31733921045,8465.967899781557,0.0
166887.31733921045,18344.13474224755,82563.8351404781,166887.31733921045,20713.458785352104,0.0,166887.31733921045,36165.45619295915,4008.3855056607845,166887.31733921045,948.5553253157816,0.0,166887.31733921045,48826.1,5.038537815281123,166887.31733921045,8465.967899781557,0.0
166888.36641741608,18344.13474224755,82563.8351404781,166888.36641741608,20713.458785352104,0.0,166888.36641741608,36165.45619295915,4008.3855056607845,166888.36641741608,948.5553253157816,0.0,166888.36641741608,48826.1,5.038537815281123,166888.36641741608,8465.967899781557,0.0
166888.36641741608,18344.13474224755,82563.8351404781,166888.36641741608,20713.458785352104,0.0,166888.36641741608,36165.45619295915,4008.3855056607845,166888.36641741608,948.5553253157816,0.0,166888.36641741608,20572.079661679876,5.038537815281123,166888.36641741608,8465.967899781557,0.0
167072.78531336974,18344.13474224755,82563.8351404781,167072.78531336974,20713.458785352104,0.0,167072.78531336974,36165.45619295915,4008.3855056607845,167072.78531336974,948.5553253157816,0.0,167072.78531336974,20572.079661679876,5.038537815281123,167072.78531336974,8465.967899781557,0.0
167072.78531336974,18344.13474224755,225814.3,167072.78531336974,20713.458785352104,0.0,167072.78531336974,36165.45619295915,4008.3855056607845,167072.78531336974,948.5553253157816,0.0,167072.78531336974,20572.079661679876,5.038537815281123,167072.78531336974,8465.967899781557,0.0
167081.2146866303,18344.13474224755,225814.3,167081.2146866303,20713.458785352104,0.0,167081.2146866303,36165.45619295915,4008.3855056607845,167081.2146866303,948.5553253157816,0.0,167081.2146866303,20572.079661679876,5.038537815281123,167081.2146866303,8465.967899781557,0.0
167081.2146866303,18344.13474224755,82563.8351404781,167081.2146866303,20713.458785352104,0.0,167081.2146866303,36165.45619295915,4008.3855056607845,167081.2146866303,948.5553253157816,0.0,167081.2146866303,20572.079661679876,5.038537815281123,167081.2146866303,8465.967899781557,0.0
167171.18600687012,18344.13474224755,82563.8351404781,167171.18600687012,20713.458785352104,0.0,167171.18600687012,36165.45619295915,4008.3855056607845,167171.18600687012,948.5553253157816,0.0,167171.18600687012,20572.079661679876,5.038537815281123,167171.18600687012,8465.967899781557,0.0
167171.18600687012,18344.13474224755,82563.8351404781,167171.18600687012,39193.1,0.0,167171.18600687012,36165.45619295915,4008.3855056607845,167171.18600687012,948.5553253157816,0.0,167171.18600687012,20572.079661679876,5.038537815281123,167171.18600687012,8465.967899781557,0.0
167171.5821878974,18344.13474224755,82563.8351404781,167171.5821878974,39193.1,0.0,167171.5821878974,36165.45619295915,4008.3855056607845,167171.5821878974,948.5553253157816,0.0,167171.5821878974,20572.079661679876,5.038537815281123,167171.5821878974,8465.967899781557,0.0
167171.5821878974,18344.13474224755,82563.8351404781,167171.5821878974,39193.1,0.0,167171.5821878974,36165.45619295915,4008.3855056607845,167171.5821878974,2700.0,0.0,167171.5821878974,20572.079661679876,5.038537815281123,167171.5821878974,8465.967899781557,0.0
167171.7435915511,18344.13474224755,82563.8351404781,167171.7435915511,39193.1,0.0,167171.7435915511,36165.45619295915,4008.3855056607845,167171.7435915511,2700.0,0.0,167171.7435915511,20572.079661679876,5.038537815281123,167171.7435915511,8465.967899781557,0.0
167171.7435915511,18344.13474224755,82563.8351404781,167171.7435915511,39193.1,0.0,167171.7435915511,36165.45619295915,4008.3855056607845,167171.7435915511,2700.0,0.0,167171.7435915511,20572.079661679876,5.038537815281123,167171.7435915511,16237.8,0.0
167174.2564084489,18344.13474224755,82563.8351404781,167174.2564084489,39193.1,0.0,167174.2564084489,36165.45619295915,4008.3855056607845,167174.2564084489,2700.0,0.0,167174.2564084489,20572.079661679876,5.038537815281123,167174.2564084489,16237.8,0.0
167174.2564084489,18344.13474224755,82563.8351404781,167174.2564084489,39193.1,0.0,167174.2564084489,36165.45619295915,4008.3855056607845,167174.2564084489,2700.0,0.0,167174.2564084489,20572.079661679876,5.038537815281123,167174.2564084489,8465.967899781557,0.0
167174.41781210262,18344.13474224755,82563.8351404781,167174.41781210262,39193.1,0.0,167174.41781210262,36165.45619295915,4008.3855056607845,167174.41781210262,2700.0,0.0,167174.41781210262,20572.079661679876,5.038537815281123,167174.41781210262,8465.967899781557,0.0
167174.41781210262,18344.13474224755,82563.8351404781,167174.41781210262,39193.1,0.0,167174.41781210262,36165.45619295915,4008.3855056607845,167174.41781210262,948.5553253157816,0.0,167174.41781210262,20572.079661679876,5.038537815281123,167174.41781210262,8465.967899781557,0.0
167174.81399312985,18344.13474224755,82563.8351404781,167174.81399312985,39193.1,0.0,167174.81399312985,36165.45619295915,4008.3855056607845,167174.81399312985,948.5553253157816,0.0,167174.81399312985,20572.079661679876,5.038537815281123,167174.81399312985,8465.967899781557,0.0
167174.81399312985,18344.13474224755,82563.8351404781,167174.81399312985,20713.458785352104,0.0,167174.81399312985,36165.45619295915,4008.3855056607845,167174.81399312985,948.5553253157816,0.0,167174.81399312985,20572.079661679876,5.038537815281123,167174.81399312985,8465.967899781557,0.0
167184.0,18344.13474224755,82563.8351404781,167184.0,20713.458785352104,0.0,167184.0,36165.45619295915,4008.3855056607845,167184.0,948.5553253157816,0.0,167184.0,20572.079661679876,5.038537815281123,167184.0,8465.967899781557,0.0
167184.0,11528.683643385817,91561.87052269025,167184.0,20971.91882023637,0.0,167184.0,28758.565751021517,4855.475669602476,167184.0,963.5275651889145,0.0,167184.0,15287.096216726826,46.56215473036216,167184.0,8583.921290440483,0.0
167216.51860945387,11528.683643385817,91561.87052269025,167216.51860945387,20971.91882023637,0.0,167216.51860945387,28758.565751021517,4855.475669602476,167216.51860945387,963.5275651889145,0.0,167216.51860945387,15287.096216726826,46.56215473036216,167216.51860945387,8583.921290440483,0.0
167216.51860945387,11528.683643385817,255440.00000000003,167216.51860945387,20971.91882023637,0.0,167216.51860945387,28758.565751021517,4855.475669602476,167216.51860945387,963.5275651889145,0.0,167216.51860945387,15287.096216726826,46.56215473036216,167216.51860945387,8583.921290440483,0.0
167225.48139054613,11528.683643385817,255440.00000000003,167225.48139054613,20971.91882023637,0.0,167225.48139054613,28758.565751021517,4855.475669602476,167225.48139054613,963.5275651889145,0.0,167225.48139054613,15287.096216726826,46.56215473036216,167225.48139054613,8583.921290440483,0.0
167225.48139054613,11528.683643385817,91561.87052269025,167225.48139054613,20971.91882023637,0.0,167225.48139054613,28758.565751021517,4855.475669602476,167225.48139054613,963.5275651889145,0.0,167225.48139054613,15287.096216726826,46.56215473036216,167225.48139054613,8583.921290440483,0.0
167313.5923127497,11528.683643385817,91561.87052269025,167313.5923127497,20971.91882023637,0.0,167313.5923127497,28758.565751021517,4855.475669602476,167313.5923127497,963.5275651889145,0.0,167313.5923127497,15287.096216726826,46.56215473036216,167313.5923127497,8583.921290440483,0.0
167313.5923127497,11528.683643385817,91561.87052269025,167313.5923127497,20971.91882023637,0.0,167313.5923127497,126114.0,4855.475669602476,167313.5923127497,963.5275651889145,0.0,167313.5923127497,15287.096216726826,46.56215473036216,167313.5923127497,8583.921290440483,0.0
167314.27413940403,11528.683643385817,91561.87052269025,167314.27413940403,20971.91882023637,0.0,167314.27413940403,126114.0,4855.475669602476,167314.27413940403,963.5275651889145,0.0,167314.27413940403,15287.096216726826,46.56215473036216,167314.27413940403,8583.921290440483,0.0
167314.27413940403,71504.0,91561.87052269025,167314.27413940403,20971.91882023637,0.0,167314.27413940403,126114.0,4855.475669602476,167314.27413940403,963.5275651889145,0.0,167314.27413940403,15287.096216726826,46.56215473036216,167314.27413940403,8583.921290440483,0.0
167319.72586059597,71504.0,91561.87052269025,167319.72586059597,20971.91882023637,0.0,167319.72586059597,126114.0,4855.475669602476,167319.72586059597,963.5275651889145,0.0,167319.72586059597,15287.096216726826,46.56215473036216,167319.72586059597,8583.921290440483,0.0
167319.72586059597,11528.683643385817,91561.87052269025,167319.72586059597,20971.91882023637,0.0,167319.72586059597,126114.0,4855.475669602476,167319.72586059597,963.5275651889145,0.0,167319.72586059597,15287.096216726826,46.56215473036216,167319.72586059597,8583.921290440483,0.0
167320.40768725026,11528.683643385817,91561.87052269025,167320.40768725026,20971.91882023637,0.0,167320.40768725026,126114.0,4855.475669602476,167320.40768725026,963.5275651889145,0.0,167320.40768725026,15287.096216726826,46.56215473036216,167320.40768725026,8583.921290440483,0.0
167320.40768725026,11528.683643385817,91561.87052269025,167320.40768725026,20971.91882023637,0.0,167320.40768725026,28758.565751021517,4855.475669602476,167320.40768725026,963.5275651889145,0.0,167320.40768725026,15287.096216726826,46.56215473036216,167320.40768725026,8583.921290440483,0.0
167336.93499622628,11528.683643385817,91561.87052269025,167336.93499622628,20971.91882023637,0.0,167336.93499622628,28758.565751021517,4855.475669602476,167336.93499622628,963.5275651889145,0.0,167336.93499622628,15287.096216726826,46.56215473036216,167336.93499622628,8583.921290440483,0.0
167336.93499622628,11528.683643385817,91561.87052269025,167336.93499622628,20971.91882023637,0.0,167336.93499622628,28758.565751021517,4855.475669602476,167336.93499622628,963.5275651889145,0.0,167336.93499622628,44156.4,46.56215473036216,167336.93499622628,8583.921290440483,0.0
167345.0650037737,11528.683643385817,91561.87052269025,167345.0650037737,20971.91882023637,0.0,167345.0650037737,28758.565751021517,4855.475669602476,167345.0650037737,963.5275651889145,0.0,167345.0650037737,44156.4,46.56215473036216,167345.0650037737,8583.921290440483,0.0
167345.0650037737,11528.683643385817,91561.87052269025,167345.0650037737,20971.91882023637,0.0,167345.0650037737,28758.565751021517,4855.475669602476,167345.0650037737,963.5275651889145,0.0,167345.0650037737,15287.096216726826,46.56215473036216,167345.0650037737,8583.921290440483,0.0
167363.5976894818,11528.683643385817,91561.87052269025,167363.5976894818,20971.91882023637,0.0,167363.5976894818,28758.565751021517,4855.475669602476,167363.5976894818,963.5275651889145,0.0,167363.5976894818,15287.096216726826,46.56215473036216,167363.5976894818,8583.921290440483,0.0
167363.5976894818,11528.683643385817,91561.87052269025,167363.5976894818,20971.91882023637,0.0,167363.5976894818,28758.565751021517,4855.475669602476,167363.5976894818,2706.5,0.0,167363.5976894818,15287.096216726826,46.56215473036216,167363.5976894818,8583.921290440483,0.0
167363.75642423553,11528.683643385817,91561.87052269025,167363.75642423553,20971.91882023637,0.0,167363.75642423553,28758.565751021517,4855.475669602476,167363.75642423553,2706.5,0.0,167363.75642423553,15287.096216726826,46.56215473036216,167363.75642423553,8583.921290440483,0.0
167363.75642423553,11528.683643385817,91561.87052269025,167363.75642423553,20971.91882023637,0.0,167363.75642423553,28758.565751021517,4855.475669602476,167363.75642423553,2706.5,0.0,167363.75642423553,15287.096216726826,46.56215473036216,167363.75642423553,16269.3,0.0
167366.24357576447,11528.683643385817,91561.87052269025,167366.24357576447,20971.91882023637,0.0,167366.24357576447,28758.565751021517,4855.475669602476,167366.24357576447,2706.5,0.0,167366.24357576447,15287.096216726826,46.56215473036216,167366.24357576447,16269.3,0.0
167366.24357576447,11528.683643385817,91561.87052269025,167366.24357576447,20971.91882023637,0.0,167366.24357576447,28758.565751021517,4855.475669602476,167366.24357576447,2706.5,0.0,167366.24357576447,15287.096216726826,46.56215473036216,167366.24357576447,8583.921290440483,0.0
167366.40231051823,11528.683643385817,91561.87052269025,167366.40231051823,20971.91882023637,0.0,167366.40231051823,28758.565751021517,4855.475669602476,167366.40231051823,2706.5,0.0,167366.40231051823,15287.096216726826,46.56215473036216,167366.40231051823,8583.921290440483,0.0
167366.40231051823,11528.683643385817,91561.87052269025,167366.40231051823,20971.91882023637,0.0,167366.40231051823,28758.565751021517,4855.475669602476,167366.40231051823,963.5275651889145,0.0,167366.40231051823,15287.096216726826,46.56215473036216,167366.40231051823,8583.921290440483,0.0
167387.20849350418,11528.683643385817,91561.87052269025,167387.20849350418,20971.91882023637,0.0,167387.20849350418,28758.565751021517,4855.475669602476,167387.20849350418,963.5275651889145,0.0,167387.20849350418,15287.096216726826,46.56215473036216,167387.20849350418,8583.921290440483,0.0
167387.20849350418,11528.683643385817,91561.87052269025,167387.20849350418,39261.1,0.0,167387.20849350418,28758.565751021517,4855.475669602476,167387.20849350418,963.5275651889145,0.0,167387.20849350418,15287.096216726826,46.56215473036216,167387.20849350418,8583.921290440483,0.0
167390.7915064958,11528.683643385817,91561.87052269025,167390.7915064958,39261.1,0.0,167390.7915064958,28758.565751021517,4855.475669602476,167390.7915064958,963.5275651889145,0.0,167390.7915064958,15287.096216726826,46.56215473036216,167390.7915064958,8583.921290440483,0.0
167390.7915064958,11528.683643385817,91561.87052269025,167390.7915064958,20971.91882023637,0.0,167390.7915064958,28758.565751021517,4855.475669602476,167390.7915064958,963.5275651889145,0.0,167390.7915064958,15287.096216726826,46.56215473036216,167390.7915064958,8583.921290440483,0.0
167579.66304087295,11528.683643385817,91561.87052269025,167579.66304087295,20971.91882023637,0.0,167579.66304087295,28758.565751021517,4855.475669602476,167579.66304087295,963.5275651889145,0.0,167579.66304087295,15287.096216726826,46.56215473036216,167579.66304087295,8583.921290440483,0.0
167579.66304087295,11528.683643385817,91561.87052269025,167579.66304087295,20971.91882023637,0.0,167579.66304087295,28758.565751021517,44206.4,167579.66304087295,963.5275651889145,0.0,167579.66304087295,15287.096216726826,46.56215473036216,167579.66304087295,8583.921290440483,0.0
167582.33695912705,11528.683643385817,91561.87052269025,167582.33695912705,20971.91882023637,0.0,167582.33695912705,28758.565751021517,44206.4,167582.33695912705,963.5275651889145,0.0,167582.33695912705,15287.096216726826,46.56215473036216,167582.33695912705,8583.921290440483,0.0
167582.33695912705,11528.683643385817,91561.87052269025,167582.33695912705,20971.91882023637,0.0,167582.33695912705,28758.565751021517,4855.475669602476,167582.33695912705,963.5275651889145,0.0,167582.33695912705,15287.096216726826,46.56215473036216,167582.33695912705,8583.921290440483,0.0
167724.09067312063,11528.683643385817,91561.87052269025,167724.09067312063,20971.91882023637,0.0,167724.09067312063,28758.565751021517,4855.475669602476,167724.09067312063,963.5275651889145,0.0,167724.09067312063,15287.096216726826,46.56215473036216,167724.09067312063,8583.921290440483,0.0
167724.09067312063,11528.683643385817,91561.87052269025,167724.09067312063,20971.91882023637,0.0,167724.09067312063,28758.565751021517,4855.475669602476,167724.09067312063,963.5275651889145,0.0,167724.09067312063,15287.096216726826,2357.3,167724.09067312063,8583.921290440483,0.0
167725.90932687937,11528.683643385817,91561.87052269025,167725.90932687937,20971.91882023637,0.0,167725.90932687937,28758.565751021517,4855.475669602476,167725.90932687937,963.5275651889145,0.0,167725.90932687937,15287.096216726826,2357.3,167725.90932687937,8583.921290440483,0.0
167725.90932687937,11528.683643385817,91561.87052269025,167725.90932687937,20971.91882023637,0.0,167725.90932687937,28758.565751021517,4855.475669602476,167725.90932687937,963.5275651889145,0.0,167725.90932687937,15287.096216726826,46.56215473036216,167725.90932687937,8583.921290440483,0.0
167856.0,11528.683643385817,91561.87052269025,167856.0,20971.91882023637,0.0,167856.0,28758.565751021517,4855.475669602476,167856.0,963.5275651889145,0.0,167856.0,15287.096216726826,46.56215473036216,167856.0,8583.921290440483,0.0
167856.0,3684.5024686358856,117281.93716139346,167856.0,38865.6,0.0,167856.0,12628.74887291405,8479.321155784397,167856.0,2675.8,0.0,167856.0,27936.3,999.8371631811816,167856.0,16080.899999999998,0.0
167871.53697647565,3684.5024686358856,117281.93716139346,167871.53697647565,38865.6,0.0,167871.53697647565,12628.74887291405,8479.321155784397,167871.53697647565,2675.8,0.0,167871.53697647565,27936.3,999.8371631811816,167871.53697647565,16080.899999999998,0.0
167871.53697647565,3684.5024686358856,117281.93716139346,167871.53697647565,38865.6,0.0,167871.53697647565,12628.74887291405,8479.321155784397,167871.53697647565,2675.8,0.0,167871.53697647565,27936.3,999.8371631811816,167871.53697647565,8305.749238884784,0.0
167871.78659759177,3684.5024686358856,117281.93716139346,167871.78659759177,38865.6,0.0,167871.78659759177,12628.74887291405,8479.321155784397,167871.78659759177,2675.8,0.0,167871.78659759177,27936.3,999.8371631811816,167871.78659759177,8305.749238884784,0.0
167871.78659759177,3684.5024686358856,117281.93716139346,167871.78659759177,38865.6,0.0,167871.78659759177,12628.74887291405,8479.321155784397,167871.78659759177,982.4227689090336,0.0,167871.78659759177,27936.3,999.8371631811816,167871.78659759177,8305.749238884784,0.0
167872.61378052994,3684.5024686358856,117281.93716139346,167872.61378052994,38865.6,0.0,167872.61378052994,12628.74887291405,8479.321155784397,167872.61378052994,982.4227689090336,0.0,167872.61378052994,27936.3,999.8371631811816,167872.61378052994,8305.749238884784,0.0
167872.61378052994,3684.5024686358856,117281.93716139346,167872.61378052994,20637.49482399837,0.0,167872.61378052994,12628.74887291405,8479.321155784397,167872.61378052994,982.4227689090336,0.0,167872.61378052994,27936.3,999.8371631811816,167872.61378052994,8305.749238884784,0.0
167877.07400083062,3684.5024686358856,117281.93716139346,167877.07400083062,20637.49482399837,0.0,167877.07400083062,12628.74887291405,8479.321155784397,167877.07400083062,982.4227689090336,0.0,167877.07400083062,27936.3,999.8371631811816,167877.07400083062,8305.749238884784,0.0
167877.07400083062,3684.5024686358856,117281.93716139346,167877.07400083062,20637.49482399837,0.0,167877.07400083062,12628.74887291405,8479.321155784397,167877.07400083062,982.4227689090336,0.0,167877.07400083062,6716.584008298484,999.8371631811816,167877.07400083062,8305.749238884784,0.0
168297.939355841,3684.5024686358856,117281.93716139346,168297.939355841,20637.49482399837,0.0,168297.939355841,12628.74887291405,8479.321155784397,168297.939355841,982.4227689090336,0.0,168297.939355841,6716.584008298484,999.8371631811816,168297.939355841,8305.749238884784,0.0
168297.939355841,3684.5024686358856,117281.93716139346,168297.939355841,20637.49482399837,0.0,168297.939355841,90760.3,8479.321155784397,168297.939355841,982.4227689090336,0.0,168297.939355841,6716.584008298484,999.8371631811816,168297.939355841,8305.749238884784,0.0
168299.92843240037,3684.5024686358856,117281.93716139346,168299.92843240037,20637.49482399837,0.0,168299.92843240037,90760.3,8479.321155784397,168299.92843240037,982.4227689090336,0.0,168299.92843240037,6716.584008298484,999.8371631811816,168299.92843240037,8305.749238884784,0.0
168299.92843240037,39189.2,117281.93716139346,168299.92843240037,20637.49482399837,0.0,168299.92843240037,90760.3,8479.321155784397,168299.92843240037,982.4227689090336,0.0,168299.92843240037,6716.584008298484,999.8371631811816,168299.92843240037,8305.749238884784,0.0
168302.07156759966,39189.2,117281.93716139346,168302.07156759966,20637.49482399837,0.0,168302.07156759966,90760.3,8479.321155784397,168302.07156759966,982.4227689090336,0.0,168302.07156759966,6716.584008298484,999.8371631811816,168302.07156759966,8305.749238884784,0.0
168302.07156759966,3684.5024686358856,117281.93716139346,168302.07156759966,20637.49482399837,0.0,168302.07156759966,90760.3,8479.321155784397,168302.07156759966,982.4227689090336,0.0,168302.07156759966,6716.584008298484,999.8371631811816,168302.07156759966,8305.749238884784,0.0
168304.06064415898,3684.5024686358856,117281.93716139346,168304.06064415898,20637.49482399837,0.0,168304.06064415898,90760.3,8479.321155784397,168304.06064415898,982.4227689090336,0.0,168304.06064415898,6716.584008298484,999.8371631811816,168304.06064415898,8305.749238884784,0.0
168304.06064415898,3684.5024686358856,117281.93716139346,168304.06064415898,20637.49482399837,0.0,168304.06064415898,12628.74887291405,8479.321155784397,168304.06064415898,982.4227689090336,0.0,168304.06064415898,6716.584008298484,999.8371631811816,168304.06064415898,8305.749238884784,0.0
168514.50739344634,3684.5024686358856,117281.93716139346,168514.50739344634,20637.49482399837,0.0,168514.50739344634,12628.74887291405,8479.321155784397,168514.50739344634,982.4227689090336,0.0,168514.50739344634,6716.584008298484,999.8371631811816,168514.50739344634,8305.749238884784,0.0
168514.50739344634,3684.5024686358856,318490.2,168514.50739344634,20637.49482399837,0.0,168514.50739344634,12628.74887291405,8479.321155784397,168514.50739344634,982.4227689090336,0.0,168514.50739344634,6716.584008298484,999.8371631811816,168514.50739344634,8305.749238884784,0.0
168514.88845482754,3684.5024686358856,318490.2,168514.88845482754,20637.49482399837,0.0,168514.88845482754,12628.74887291405,8479.321155784397,168514.88845482754,982.4227689090336,0.0,168514.88845482754,6716.584008298484,999.8371631811816,168514.88845482754,8305.749238884784,0.0
168514.88845482754,3684.5024686358856,318490.2,168514.88845482754,20637.49482399837,0.0,168514.88845482754,12628.74887291405,87643.9,168514.88845482754,982.4227689090336,0.0,168514.88845482754,6716.584008298484,999.8371631811816,168514.88845482754,8305.749238884784,0.0
168515.47551390156,3684.5024686358856,318490.2,168515.47551390156,20637.49482399837,0.0,168515.47551390156,12628.74887291405,87643.9,168515.47551390156,982.4227689090336,0.0,168515.47551390156,6716.584008298484,999.8371631811816,168515.47551390156,8305.749238884784,0.0
168515.47551390156,3684.5024686358856,318490.2,168515.47551390156,20637.49482399837,0.0,168515.47551390156,12628.74887291405,87643.9,168515.47551390156,982.4227689090336,0.0,168515.47551390156,6716.584008298484,19213.5,168515.47551390156,8305.749238884784,0.0
168518.52448609847,3684.5024686358856,318490.2,168518.52448609847,20637.49482399837,0.0,168518.52448609847,12628.74887291405,87643.9,168518.52448609847,982.4227689090336,0.0,168518.52448609847,6716.584008298484,19213.5,168518.52448609847,8305.749238884784,0.0
168518.52448609847,3684.5024686358856,318490.2,168518.52448609847,20637.49482399837,0.0,168518.52448609847,12628.74887291405,87643.9,168518.52448609847,982.4227689090336,0.0,168518.52448609847,6716.584008298484,999.8371631811816,168518.52448609847,8305.749238884784,0.0
168519.11154517243,3684.5024686358856,318490.2,168519.11154517243,20637.49482399837,0.0,168519.11154517243,12628.74887291405,87643.9,168519.11154517243,982.4227689090336,0.0,168519.11154517243,6716.584008298484,999.8371631811816,168519.11154517243,8305.749238884784,0.0
168519.11154517243,3684.5024686358856,318490.2,168519.11154517243,20637.49482399837,0.0,168519.11154517243,12628.74887291405,8479.321155784397,168519.11154517243,982.4227689090336,0.0,168519.11154517243,6716.584008298484,999.8371631811816,168519.11154517243,8305.749238884784,0.0
168519.49260655366,3684.5024686358856,318490.2,168519.49260655366,20637.49482399837,0.0,168519.49260655366,12628.74887291405,8479.321155784397,168519.49260655366,982.4227689090336,0.0,168519.49260655366,6716.584008298484,999.8371631811816,168519.49260655366,8305.749238884784,0.0
168519.49260655366,3684.5024686358856,117281.93716139346,168519.49260655366,20637.49482399837,0.0,168519.49260655366,12628.74887291405,8479.321155784397,168519.49260655366,982.4227689090336,0.0,168519.49260655366,6716.584008298484,999.8371631811816,168519.49260655366,8305.749238884784,0.0
168600.0,3684.5024686358856,117281.93716139346,168600.0,20637.49482399837,0.0,168600.0,12628.74887291405,8479.321155784397,168600.0,982.4227689090336,0.0,168600.0,6716.584008298484,999.8371631811816,168600.0,8305.749238884784,0.0
168600.0,1532.1875079684,130816.54236691463,168600.0,19026.064749186997,0.0,168600.0,3118.717764028064,14422.2286663626,168600.0,879.420755867817,0.0,168600.0,1067.8534301801303,3426.945667654041,168600.0,15151.7,0.0
168615.5832111805,1532.1875079684,130816.54236691463,168615.5832111805,19026.064749186997,0.0,168615.5832111805,3118.717764028064,14422.2286663626,168615.5832111805,879.420755867817,0.0,168615.5832111805,1067.8534301801303,3426.945667654041,168615.5832111805,15151.7,0.0
168615.5832111805,1532.1875079684,130816.54236691463,168615.5832111805,19026.064749186997,0.0,168615.5832111805,3118.717764028064,14422.2286663626,168615.5832111805,879.420755867817,0.0,168615.5832111805,1067.8534301801303,3426.945667654041,168615.5832111805,7681.2592801257515,0.0
168659.39613217258,1532.1875079684,130816.54236691463,168659.39613217258,19026.064749186997,0.0,168659.39613217258,3118.717764028064,14422.2286663626,168659.39613217258,879.420755867817,0.0,168659.39613217258,1067.8534301801303,3426.945667654041,168659.39613217258,7681.2592801257515,0.0
168659.39613217258,1532.1875079684,130816.54236691463,168659.39613217258,36763.0,0.0,168659.39613217258,3118.717764028064,14422.2286663626,168659.39613217258,879.420755867817,0.0,168659.39613217258,1067.8534301801303,3426.945667654041,168659.39613217258,7681.2592801257515,0.0
168659.77898016697,1532.1875079684,130816.54236691463,168659.77898016697,36763.0,0.0,168659.77898016697,3118.717764028064,14422.2286663626,168659.77898016697,879.420755867817,0.0,168659.77898016697,1067.8534301801303,3426.945667654041,168659.77898016697,7681.2592801257515,0.0
168659.77898016697,1532.1875079684,130816.54236691463,168659.77898016697,36763.0,0.0,168659.77898016697,3118.717764028064,14422.2286663626,168659.77898016697,2516.6,0.0,168659.77898016697,1067.8534301801303,3426.945667654041,168659.77898016697,7681.2592801257515,0.0
168662.22101983303,1532.1875079684,130816.54236691463,168662.22101983303,36763.0,0.0,168662.22101983303,3118.717764028064,14422.2286663626,168662.22101983303,2516.6,0.0,168662.22101983303,1067.8534301801303,3426.945667654041,168662.22101983303,7681.2592801257515,0.0
168662.22101983303,1532.1875079684,130816.54236691463,168662.22101983303,36763.0,0.0,168662.22101983303,3118.717764028064,14422.2286663626,168662.22101983303,879.420755867817,0.0,168662.22101983303,1067.8534301801303,3426.945667654041,168662.22101983303,7681.2592801257515,0.0
168662.60386782742,1532.1875079684,130816.54236691463,168662.60386782742,36763.0,0.0,168662.60386782742,3118.717764028064,14422.2286663626,168662.60386782742,879.420755867817,0.0,168662.60386782742,1067.8534301801303,3426.945667654041,168662.60386782742,7681.2592801257515,0.0
168662.60386782742,1532.1875079684,130816.54236691463,168662.60386782742,19026.064749186997,0.0,168662.60386782742,3118.717764028064,14422.2286663626,168662.60386782742,879.420755867817,0.0,168662.60386782742,1067.8534301801303,3426.945667654041,168662.60386782742,7681.2592801257515,0.0
168994.94074939852,1532.1875079684,130816.54236691463,168994.94074939852,19026.064749186997,0.0,168994.94074939852,3118.717764028064,14422.2286663626,168994.94074939852,879.420755867817,0.0,168994.94074939852,1067.8534301801303,3426.945667654041,168994.94074939852,7681.2592801257515,0.0
168994.94074939852,1532.1875079684,130816.54236691463,168994.94074939852,19026.064749186997,0.0,168994.94074939852,3118.717764028064,14422.2286663626,168994.94074939852,879.420755867817,0.0,168994.94074939852,17436.0,3426.945667654041,168994.94074939852,7681.2592801257515,0.0
168995.06897165853,1532.1875079684,130816.54236691463,168995.06897165853,19026.064749186997,0.0,168995.06897165853,3118.717764028064,14422.2286663626,168995.06897165853,879.420755867817,0.0,168995.06897165853,17436.0,3426.945667654041,168995.06897165853,7681.2592801257515,0.0
168995.06897165853,1532.1875079684,130816.54236691463,168995.06897165853,19026.064749186997,0.0,168995.06897165853,63571.2,14422.2286663626,168995.06897165853,879.420755867817,0.0,168995.06897165853,17436.0,3426.945667654041,168995.06897165853,7681.2592801257515,0.0
168995.22793139075,1532.1875079684,130816.54236691463,168995.22793139075,19026.064749186997,0.0,168995.22793139075,63571.2,14422.2286663626,168995.22793139075,879.420755867817,0.0,168995.22793139075,17436.0,3426.945667654041,168995.22793139075,7681.2592801257515,0.0
168995.22793139075,28434.7,130816.54236691463,168995.22793139075,19026.064749186997,0.0,168995.22793139075,63571.2,14422.2286663626,168995.22793139075,879.420755867817,0.0,168995.22793139075,17436.0,3426.945667654041,168995.22793139075,7681.2592801257515,0.0
168998.77206860928,28434.7,130816.54236691463,168998.77206860928,19026.064749186997,0.0,168998.77206860928,63571.2,14422.2286663626,168998.77206860928,879.420755867817,0.0,168998.77206860928,17436.0,3426.945667654041,168998.77206860928,7681.2592801257515,0.0
168998.77206860928,1532.1875079684,130816.54236691463,168998.77206860928,19026.064749186997,0.0,168998.77206860928,63571.2,14422.2286663626,168998.77206860928,879.420755867817,0.0,168998.77206860928,17436.0,3426.945667654041,168998.77206860928,7681.2592801257515,0.0
168998.93102834147,1532.1875079684,130816.54236691463,168998.93102834147,19026.064749186997,0.0,168998.93102834147,63571.2,14422.2286663626,168998.93102834147,879.420755867817,0.0,168998.93102834147,17436.0,3426.945667654041,168998.93102834147,7681.2592801257515,0.0
168998.93102834147,1532.1875079684,130816.54236691463,168998.93102834147,19026.064749186997,0.0,168998.93102834147,3118.717764028064,14422.2286663626,168998.93102834147,879.420755867817,0.0,168998.93102834147,17436.0,3426.945667654041,168998.93102834147,7681.2592801257515,0.0
168999.05925060148,1532.1875079684,130816.54236691463,168999.05925060148,19026.064749186997,0.0,168999.05925060148,3118.717764028064,14422.2286663626,168999.05925060148,879.420755867817,0.0,168999.05925060148,17436.0,3426.945667654041,168999.05925060148,7681.2592801257515,0.0
168999.05925060148,1532.1875079684,130816.54236691463,168999.05925060148,19026.064749186997,0.0,168999.05925060148,3118.717764028064,14422.2286663626,168999.05925060148,879.420755867817,0.0,168999.05925060148,1067.8534301801303,3426.945667654041,168999.05925060148,7681.2592801257515,0.0
169067.22950383014,1532.1875079684,130816.54236691463,169067.22950383014,19026.064749186997,0.0,169067.22950383014,3118.717764028064,14422.2286663626,169067.22950383014,879.420755867817,0.0,169067.22950383014,1067.8534301801303,3426.945667654041,169067.22950383014,7681.2592801257515,0.0
169067.22950383014,1532.1875079684,130816.54236691463,169067.22950383014,19026.064749186997,0.0,169067.22950383014,3118.717764028064,109490.59999999999,169067.22950383014,879.420755867817,0.0,169067.22950383014,1067.8534301801303,3426.945667654041,169067.22950383014,7681.2592801257515,0.0
169070.77049616986,1532.1875079684,130816.54236691463,169070.77049616986,19026.064749186997,0.0,169070.77049616986,3118.717764028064,109490.59999999999,169070.77049616986,879.420755867817,0.0,169070.77049616986,1067.8534301801303,3426.945667654041,169070.77049616986,7681.2592801257515,0.0
169070.77049616986,1532.1875079684,130816.54236691463,169070.77049616986,19026.064749186997,0.0,169070.77049616986,3118.717764028064,14422.2286663626,169070.77049616986,879.420755867817,0.0,169070.77049616986,1067.8534301801303,3426.945667654041,169070.77049616986,7681.2592801257515,0.0
169089.68275182997,1532.1875079684,130816.54236691463,169089.68275182997,19026.064749186997,0.0,169089.68275182997,3118.717764028064,14422.2286663626,169089.68275182997,879.420755867817,0.0,169089.68275182997,1067.8534301801303,3426.945667654041,169089.68275182997,7681.2592801257515,0.0
169089.68275182997,1532.1875079684,352985.8,169089.68275182997,19026.064749186997,0.0,169089.68275182997,3118.717764028064,14422.2286663626,169089.68275182997,879.420755867817,0.0,169089.68275182997,1067.8534301801303,3426.945667654041,169089.68275182997,7681.2592801257515,0.0
169090.76530198412,1532.1875079684,352985.8,169090.76530198412,19026.064749186997,0.0,169090.76530198412,3118.717764028064,14422.2286663626,169090.76530198412,879.420755867817,0.0,169090.76530198412,1067.8534301801303,3426.945667654041,169090.76530198412,7681.2592801257515,0.0
169090.76530198412,1532.1875079684,352985.8,169090.76530198412,19026.064749186997,0.0,169090.76530198412,3118.717764028064,14422.2286663626,169090.76530198412,879.420755867817,0.0,169090.76530198412,1067.8534301801303,19982.7,169090.76530198412,7681.2592801257515,0.0
169095.2346980159,1532.1875079684,352985.8,169095.2346980159,19026.064749186997,0.0,169095.2346980159,3118.717764028064,14422.2286663626,169095.2346980159,879.420755867817,0.0,169095.2346980159,1067.8534301801303,19982.7,169095.2346980159,7681.2592801257515,0.0
169095.2346980159,1532.1875079684,352985.8,169095.2346980159,19026.064749186997,0.0,169095.2346980159,3118.717764028064,14422.2286663626,169095.2346980159,879.420755867817,0.0,169095.2346980159,1067.8534301801303,3426.945667654041,169095.2346980159,7681.2592801257515,0.0
169096.31724817003,1532.1875079684,352985.8,169096.31724817003,19026.064749186997,0.0,169096.31724817003,3118.717764028064,14422.2286663626,169096.31724817003,879.420755867817,0.0,169096.31724817003,1067.8534301801303,3426.945667654041,169096.31724817003,7681.2592801257515,0.0
169096.31724817003,1532.1875079684,130816.54236691463,169096.31724817003,19026.064749186997,0.0,169096.31724817003,3118.717764028064,14422.2286663626,169096.31724817003,879.420755867817,0.0,169096.31724817003,1067.8534301801303,3426.945667654041,169096.31724817003,7681.2592801257515,0.0
169320.0,1532.1875079684,130816.54236691463,169320.0,19026.064749186997,0.0,169320.0,3118.717764028064,14422.2286663626,169320.0,879.420755867817,0.0,169320.0,1067.8534301801303,3426.945667654041,169320.0,7681.2592801257515,0.0
169320.0,976.1926226631948,157317.73074811613,169320.0,33992.9,0.0,169320.0,26630.2,26826.124590732892,169320.0,2313.9,0.0,169320.0,209.03420193171937,9416.152321448933,169320.0,13743.0,0.0
169335.3770787036,976.1926226631948,157317.73074811613,169335.3770787036,33992.9,0.0,169335.3770787036,26630.2,26826.124590732892,169335.3770787036,2313.9,0.0,169335.3770787036,209.03420193171937,9416.152321448933,169335.3770787036,13743.0,0.0
169335.3770787036,976.1926226631948,157317.73074811613,169335.3770787036,33992.9,0.0,169335.3770787036,26630.2,26826.124590732892,169335.3770787036,826.814895826941,0.0,169335.3770787036,209.03420193171937,9416.152321448933,169335.3770787036,13743.0,0.0
169335.39973041578,976.1926226631948,157317.73074811613,169335.39973041578,33992.9,0.0,169335.39973041578,26630.2,26826.124590732892,169335.39973041578,826.814895826941,0.0,169335.39973041578,209.03420193171937,9416.152321448933,169335.39973041578,13743.0,0.0
169335.39973041578,976.1926226631948,157317.73074811613,169335.39973041578,33992.9,0.0,169335.39973041578,632.3550825799072,26826.124590732892,169335.39973041578,826.814895826941,0.0,169335.39973041578,209.03420193171937,9416.152321448933,169335.39973041578,13743.0,0.0
169335.6104180114,976.1926226631948,157317.73074811613,169335.6104180114,33992.9,0.0,169335.6104180114,632.3550825799072,26826.124590732892,169335.6104180114,826.814895826941,0.0,169335.6104180114,209.03420193171937,9416.152321448933,169335.6104180114,13743.0,0.0
169335.6104180114,976.1926226631948,157317.73074811613,169335.6104180114,33992.9,0.0,169335.6104180114,632.3550825799072,26826.124590732892,169335.6104180114,826.814895826941,0.0,169335.6104180114,209.03420193171937,9416.152321448933,169335.6104180114,6881.560459031841,0.0
169336.24102336649,976.1926226631948,157317.73074811613,169336.24102336649,33992.9,0.0,169336.24102336649,632.3550825799072,26826.124590732892,169336.24102336649,826.814895826941,0.0,169336.24102336649,209.03420193171937,9416.152321448933,169336.24102336649,6881.560459031841,0.0
169336.24102336649,976.1926226631948,157317.73074811613,169336.24102336649,17474.238237525435,0.0,169336.24102336649,632.3550825799072,26826.124590732892,169336.24102336649,826.814895826941,0.0,169336.24102336649,209.03420193171937,9416.152321448933,169336.24102336649,6881.560459031841,0.0
169427.0631345915,976.1926226631948,157317.73074811613,169427.0631345915,17474.238237525435,0.0,169427.0631345915,632.3550825799072,26826.124590732892,169427.0631345915,826.814895826941,0.0,169427.0631345915,209.03420193171937,9416.152321448933,169427.0631345915,6881.560459031841,0.0
169427.0631345915,976.1926226631948,157317.73074811613,169427.0631345915,17474.238237525435,0.0,169427.0631345915,632.3550825799072,26826.124590732892,169427.0631345915,826.814895826941,0.0,169427.0631345915,8975.3,9416.152321448933,169427.0631345915,6881.560459031841,0.0
169430.9368654085,976.1926226631948,157317.73074811613,169430.9368654085,17474.238237525435,0.0,169430.9368654085,632.3550825799072,26826.124590732892,169430.9368654085,826.814895826941,0.0,169430.9368654085,8975.3,9416.152321448933,169430.9368654085,6881.560459031841,0.0
169430.9368654085,976.1926226631948,157317.73074811613,169430.9368654085,17474.238237525435,0.0,169430.9368654085,632.3550825799072,26826.124590732892,169430.9368654085,826.814895826941,0.0,169430.9368654085,209.03420193171937,9416.152321448933,169430.9368654085,6881.560459031841,0.0
169569.65850207582,976.1926226631948,157317.73074811613,169569.65850207582,17474.238237525435,0.0,169569.65850207582,632.3550825799072,26826.124590732892,169569.65850207582,826.814895826941,0.0,169569.65850207582,209.03420193171937,9416.152321448933,169569.65850207582,6881.560459031841,0.0
169569.65850207582,976.1926226631948,385368.7,169569.65850207582,17474.238237525435,0.0,169569.65850207582,632.3550825799072,26826.124590732892,169569.65850207582,826.814895826941,0.0,169569.65850207582,209.03420193171937,9416.152321448933,169569.65850207582,6881.560459031841,0.0
169570.5404977084,976.1926226631948,385368.7,169570.5404977084,17474.238237525435,0.0,169570.5404977084,632.3550825799072,26826.124590732892,169570.5404977084,826.814895826941,0.0,169570.5404977084,209.03420193171937,9416.152321448933,169570.5404977084,6881.560459031841,0.0
169570.5404977084,976.1926226631948,385368.7,169570.5404977084,17474.238237525435,0.0,169570.5404977084,632.3550825799072,132687.0,169570.5404977084,826.814895826941,0.0,169570.5404977084,209.03420193171937,9416.152321448933,169570.5404977084,6881.560459031841,0.0
169575.4595022916,976.1926226631948,385368.7,169575.4595022916,17474.238237525435,0.0,169575.4595022916,632.3550825799072,132687.0,169575.4595022916,826.814895826941,0.0,169575.4595022916,209.03420193171937,9416.152321448933,169575.4595022916,6881.560459031841,0.0
169575.4595022916,976.1926226631948,385368.7,169575.4595022916,17474.238237525435,0.0,169575.4595022916,632.3550825799072,26826.124590732892,169575.4595022916,826.814895826941,0.0,169575.4595022916,209.03420193171937,9416.152321448933,169575.4595022916,6881.560459031841,0.0
169576.34149792415,976.1926226631948,385368.7,169576.34149792415,17474.238237525435,0.0,169576.34149792415,632.3550825799072,26826.124590732892,169576.34149792415,826.814895826941,0.0,169576.34149792415,209.03420193171937,9416.152321448933,169576.34149792415,6881.560459031841,0.0
169576.34149792415,976.1926226631948,157317.73074811613,169576.34149792415,17474.238237525435,0.0,169576.34149792415,632.3550825799072,26826.124590732892,169576.34149792415,826.814895826941,0.0,169576.34149792415,209.03420193171937,9416.152321448933,169576.34149792415,6881.560459031841,0.0
170002.7885336043,976.1926226631948,157317.73074811613,170002.7885336043,17474.238237525435,0.0,170002.7885336043,632.3550825799072,26826.124590732892,170002.7885336043,826.814895826941,0.0,170002.7885336043,209.03420193171937,9416.152321448933,170002.7885336043,6881.560459031841,0.0
170002.7885336043,976.1926226631948,157317.73074811613,170002.7885336043,17474.238237525435,0.0,170002.7885336043,632.3550825799072,26826.124590732892,170002.7885336043,826.814895826941,0.0,170002.7885336043,209.03420193171937,41957.0,170002.7885336043,6881.560459031841,0.0
170003.39596158933,976.1926226631948,157317.73074811613,170003.39596158933,17474.238237525435,0.0,170003.39596158933,632.3550825799072,26826.124590732892,170003.39596158933,826.814895826941,0.0,170003.39596158933,209.03420193171937,41957.0,170003.39596158933,6881.560459031841,0.0
170003.39596158933,21299.3,157317.73074811613,170003.39596158933,17474.238237525435,0.0,170003.39596158933,632.3550825799072,26826.124590732892,170003.39596158933,826.814895826941,0.0,170003.39596158933,209.03420193171937,41957.0,170003.39596158933,6881.560459031841,0.0
170006.60403841067,21299.3,157317.73074811613,170006.60403841067,17474.238237525435,0.0,170006.60403841067,632.3550825799072,26826.124590732892,170006.60403841067,826.814895826941,0.0,170006.60403841067,209.03420193171937,41957.0,170006.60403841067,6881.560459031841,0.0
170006.60403841067,976.1926226631948,157317.73074811613,170006.60403841067,17474.238237525435,0.0,170006.60403841067,632.3550825799072,26826.124590732892,170006.60403841067,826.814895826941,0.0,170006.60403841067,209.03420193171937,41957.0,170006.60403841067,6881.560459031841,0.0
170007.21146639573,976.1926226631948,157317.73074811613,170007.21146639573,17474.238237525435,0.0,170007.21146639573,632.3550825799072,26826.124590732892,170007.21146639573,826.814895826941,0.0,170007.21146639573,209.03420193171937,41957.0,170007.21146639573,6881.560459031841,0.0
170007.21146639573,976.1926226631948,157317.73074811613,170007.21146639573,17474.238237525435,0.0,170007.21146639573,632.3550825799072,26826.124590732892,170007.21146639573,826.814895826941,0.0,170007.21146639573,209.03420193171937,9416.152321448933,170007.21146639573,6881.560459031841,0.0
170064.0,976.1926226631948,157317.73074811613,170064.0,17474.238237525435,0.0,170064.0,632.3550825799072,26826.124590732892,170064.0,826.814895826941,0.0,170064.0,209.03420193171937,9416.152321448933,170064.0,6881.560459031841,0.0
170064.0,254.1034871933491,205170.53446775826,170064.0,30681.600000000002,0.0,170064.0,0.23982084377557703,44102.308883277416,170064.0,2059.7,0.0,170064.0,-0.0,18286.43612285624,170064.0,12154.9,0.0
170079.60084600947,254.1034871933491,205170.53446775826,170079.60084600947,30681.600000000002,0.0,170079.60084600947,0.23982084377557703,44102.308883277416,170079.60084600947,2059.7,0.0,170079.60084600947,-0.0,18286.43612285624,170079.60084600947,12154.9,0.0
170079.60084600947,254.1034871933491,205170.53446775826,170079.60084600947,30681.600000000002,0.0,170079.60084600947,0.23982084377557703,44102.308883277416,170079.60084600947,2059.7,0.0,170079.60084600947,-0.0,18286.43612285624,170079.60084600947,6119.880903870202,0.0
170079.84350943464,254.1034871933491,205170.53446775826,170079.84350943464,30681.600000000002,0.0,170079.84350943464,0.23982084377557703,44102.308883277416,170079.84350943464,2059.7,0.0,170079.84350943464,-0.0,18286.43612285624,170079.84350943464,6119.880903870202,0.0
170079.84350943464,254.1034871933491,205170.53446775826,170079.84350943464,30681.600000000002,0.0,170079.84350943464,0.23982084377557703,44102.308883277416,170079.84350943464,765.782129295522,0.0,170079.84350943464,-0.0,18286.43612285624,170079.84350943464,6119.880903870202,0.0
170080.7245664382,254.1034871933491,205170.53446775826,170080.7245664382,30681.600000000002,0.0,170080.7245664382,0.23982084377557703,44102.308883277416,170080.7245664382,765.782129295522,0.0,170080.7245664382,-0.0,18286.43612285624,170080.7245664382,6119.880903870202,0.0
170080.7245664382,254.1034871933491,205170.53446775826,170080.7245664382,15897.161098551258,0.0,170080.7245664382,0.23982084377557703,44102.308883277416,170080.7245664382,765.782129295522,0.0,170080.7245664382,-0.0,18286.43612285624,170080.7245664382,6119.880903870202,0.0
170172.48642546637,254.1034871933491,205170.53446775826,170172.48642546637,15897.161098551258,0.0,170172.48642546637,0.23982084377557703,44102.308883277416,170172.48642546637,765.782129295522,0.0,170172.48642546637,-0.0,18286.43612285624,170172.48642546637,6119.880903870202,0.0
170172.48642546637,254.1034871933491,205170.53446775826,170172.48642546637,15897.161098551258,0.0,170172.48642546637,949.4,44102.308883277416,170172.48642546637,765.782129295522,0.0,170172.48642546637,-0.0,18286.43612285624,170172.48642546637,6119.880903870202,0.0
170173.51357453366,254.1034871933491,205170.53446775826,170173.51357453366,15897.161098551258,0.0,170173.51357453366,949.4,44102.308883277416,170173.51357453366,765.782129295522,0.0,170173.51357453366,-0.0,18286.43612285624,170173.51357453366,6119.880903870202,0.0
170173.51357453366,254.1034871933491,205170.53446775826,170173.51357453366,15897.161098551258,0.0,170173.51357453366,0.23982084377557703,44102.308883277416,170173.51357453366,765.782129295522,0.0,170173.51357453366,-0.0,18286.43612285624,170173.51357453366,6119.880903870202,0.0
170340.49150216422,254.1034871933491,205170.53446775826,170340.49150216422,15897.161098551258,0.0,170340.49150216422,0.23982084377557703,44102.308883277416,170340.49150216422,765.782129295522,0.0,170340.49150216422,-0.0,18286.43612285624,170340.49150216422,6119.880903870202,0.0
170340.49150216422,59092.2,205170.53446775826,170340.49150216422,15897.161098551258,0.0,170340.49150216422,0.23982084377557703,44102.308883277416,170340.49150216422,765.782129295522,0.0,170340.49150216422,-0.0,18286.43612285624,170340.49150216422,6119.880903870202,0.0
170341.50849783575,59092.2,205170.53446775826,170341.50849783575,15897.161098551258,0.0,170341.50849783575,0.23982084377557703,44102.308883277416,170341.50849783575,765.782129295522,0.0,170341.50849783575,-0.0,18286.43612285624,170341.50849783575,6119.880903870202,0.0
170341.50849783575,254.1034871933491,205170.53446775826,170341.50849783575,15897.161098551258,0.0,170341.50849783575,0.23982084377557703,44102.308883277416,170341.50849783575,765.782129295522,0.0,170341.50849783575,-0.0,18286.43612285624,170341.50849783575,6119.880903870202,0.0
170745.77377161034,254.1034871933491,205170.53446775826,170745.77377161034,15897.161098551258,0.0,170745.77377161034,0.23982084377557703,44102.308883277416,170745.77377161034,765.782129295522,0.0,170745.77377161034,-0.0,18286.43612285624,170745.77377161034,6119.880903870202,0.0
170745.77377161034,254.1034871933491,439681.1,170745.77377161034,15897.161098551258,0.0,170745.77377161034,0.23982084377557703,44102.308883277416,170745.77377161034,765.782129295522,0.0,170745.77377161034,-0.0,18286.43612285624,170745.77377161034,6119.880903870202,0.0
170746.18945528925,254.1034871933491,439681.1,170746.18945528925,15897.161098551258,0.0,170746.18945528925,0.23982084377557703,44102.308883277416,170746.18945528925,765.782129295522,0.0,170746.18945528925,-0.0,18286.43612285624,170746.18945528925,6119.880903870202,0.0
170746.18945528925,254.1034871933491,439681.1,170746.18945528925,15897.161098551258,0.0,170746.18945528925,0.23982084377557703,44102.308883277416,170746.18945528925,765.782129295522,0.0,170746.18945528925,-0.0,45903.7,170746.18945528925,6119.880903870202,0.0
170746.2824046998,254.1034871933491,439681.1,170746.2824046998,15897.161098551258,0.0,170746.2824046998,0.23982084377557703,44102.308883277416,170746.2824046998,765.782129295522,0.0,170746.2824046998,-0.0,45903.7,170746.2824046998,6119.880903870202,0.0
170746.2824046998,254.1034871933491,439681.1,170746.2824046998,15897.161098551258,0.0,170746.2824046998,0.23982084377557703,150137.9,170746.2824046998,765.782129295522,0.0,170746.2824046998,-0.0,45903.7,170746.2824046998,6119.880903870202,0.0
170751.71759530017,254.1034871933491,439681.1,170751.71759530017,15897.161098551258,0.0,170751.71759530017,0.23982084377557703,150137.9,170751.71759530017,765.782129295522,0.0,170751.71759530017,-0.0,45903.7,170751.71759530017,6119.880903870202,0.0
170751.71759530017,254.1034871933491,439681.1,170751.71759530017,15897.161098551258,0.0,170751.71759530017,0.23982084377557703,44102.308883277416,170751.71759530017,765.782129295522,0.0,170751.71759530017,-0.0,45903.7,170751.71759530017,6119.880903870202,0.0
170751.81054471072,254.1034871933491,439681.1,170751.81054471072,15897.161098551258,0.0,170751.81054471072,0.23982084377557703,44102.308883277416,170751.81054471072,765.782129295522,0.0,170751.81054471072,-0.0,45903.7,170751.81054471072,6119.880903870202,0.0
170751.81054471072,254.1034871933491,439681.1,170751.81054471072,15897.161098551258,0.0,170751.81054471072,0.23982084377557703,44102.308883277416,170751.81054471072,765.782129295522,0.0,170751.81054471072,-0.0,18286.43612285624,170751.81054471072,6119.880903870202,0.0
170752.22622838963,254.1034871933491,439681.1,170752.22622838963,15897.161098551258,0.0,170752.22622838963,0.23982084377557703,44102.308883277416,170752.22622838963,765.782129295522,0.0,170752.22622838963,-0.0,18286.43612285624,170752.22622838963,6119.880903870202,0.0
170752.22622838963,254.1034871933491,205170.53446775826,170752.22622838963,15897.161098551258,0.0,170752.22622838963,0.23982084377557703,44102.308883277416,170752.22622838963,765.782129295522,0.0,170752.22622838963,-0.0,18286.43612285624,170752.22622838963,6119.880903870202,0.0
170784.0,254.1034871933491,205170.53446775826,170784.0,15897.161098551258,0.0,170784.0,0.23982084377557703,44102.308883277416,170784.0,765.782129295522,0.0,170784.0,-0.0,18286.43612285624,170784.0,6119.880903870202,0.0
170784.0,248.13651793529112,210455.55309055618,170784.0,14547.984518249674,0.0,170784.0,-0.0,46825.81101424995,170784.0,677.3987333087873,0.0,170784.0,-0.0,22814.845818673744,170784.0,10901.4,0.0
170799.55711907844,248.13651793529112,210455.55309055618,170799.55711907844,14547.984518249674,0.0,170799.55711907844,-0.0,46825.81101424995,170799.55711907844,677.3987333087873,0.0,170799.55711907844,-0.0,22814.845818673744,170799.55711907844,10901.4,0.0
170799.55711907844,248.13651793529112,210455.55309055618,170799.55711907844,14547.984518249674,0.0,170799.55711907844,-0.0,46825.81101424995,170799.55711907844,677.3987333087873,0.0,170799.55711907844,-0.0,22814.845818673744,170799.55711907844,5605.054866152193,0.0
170843.4036937774,248.13651793529112,210455.55309055618,170843.4036937774,14547.984518249674,0.0,170843.4036937774,-0.0,46825.81101424995,170843.4036937774,677.3987333087873,0.0,170843.4036937774,-0.0,22814.845818673744,170843.4036937774,5605.054866152193,0.0
170843.4036937774,248.13651793529112,210455.55309055618,170843.4036937774,27934.9,0.0,170843.4036937774,-0.0,46825.81101424995,170843.4036937774,677.3987333087873,0.0,170843.4036937774,-0.0,22814.845818673744,170843.4036937774,5605.054866152193,0.0
170843.77419163616,248.13651793529112,210455.55309055618,170843.77419163616,27934.9,0.0,170843.77419163616,-0.0,46825.81101424995,170843.77419163616,677.3987333087873,0.0,170843.77419163616,-0.0,22814.845818673744,170843.77419163616,5605.054866152193,0.0
170843.77419163616,248.13651793529112,210455.55309055618,170843.77419163616,27934.9,0.0,170843.77419163616,-0.0,46825.81101424995,170843.77419163616,1855.7,0.0,170843.77419163616,-0.0,22814.845818673744,170843.77419163616,5605.054866152193,0.0
170846.22580836384,248.13651793529112,210455.55309055618,170846.22580836384,27934.9,0.0,170846.22580836384,-0.0,46825.81101424995,170846.22580836384,1855.7,0.0,170846.22580836384,-0.0,22814.845818673744,170846.22580836384,5605.054866152193,0.0
170846.22580836384,248.13651793529112,210455.55309055618,170846.22580836384,27934.9,0.0,170846.22580836384,-0.0,46825.81101424995,170846.22580836384,677.3987333087873,0.0,170846.22580836384,-0.0,22814.845818673744,170846.22580836384,5605.054866152193,0.0
170846.5963062226,248.13651793529112,210455.55309055618,170846.5963062226,27934.9,0.0,170846.5963062226,-0.0,46825.81101424995,170846.5963062226,677.3987333087873,0.0,170846.5963062226,-0.0,22814.845818673744,170846.5963062226,5605.054866152193,0.0
170846.5963062226,248.13651793529112,210455.55309055618,170846.5963062226,14547.984518249674,0.0,170846.5963062226,-0.0,46825.81101424995,170846.5963062226,677.3987333087873,0.0,170846.5963062226,-0.0,22814.845818673744,170846.5963062226,5605.054866152193,0.0
170986.5074401794,248.13651793529112,210455.55309055618,170986.5074401794,14547.984518249674,0.0,170986.5074401794,-0.0,46825.81101424995,170986.5074401794,677.3987333087873,0.0,170986.5074401794,-0.0,22814.845818673744,170986.5074401794,5605.054866152193,0.0
170986.5074401794,248.13651793529112,210455.55309055618,170986.5074401794,14547.984518249674,0.0,170986.5074401794,-0.0,46825.81101424995,170986.5074401794,677.3987333087873,0.0,170986.5074401794,-0.0,51781.7,170986.5074401794,5605.054866152193,0.0
170991.49255982056,248.13651793529112,210455.55309055618,170991.49255982056,14547.984518249674,0.0,170991.49255982056,-0.0,46825.81101424995,170991.49255982056,677.3987333087873,0.0,170991.49255982056,-0.0,51781.7,170991.49255982056,5605.054866152193,0.0
170991.49255982056,248.13651793529112,210455.55309055618,170991.49255982056,14547.984518249674,0.0,170991.49255982056,-0.0,46825.81101424995,170991.49255982056,677.3987333087873,0.0,170991.49255982056,-0.0,22814.845818673744,170991.49255982056,5605.054866152193,0.0
171057.9750455045,248.13651793529112,210455.55309055618,171057.9750455045,14547.984518249674,0.0,171057.9750455045,-0.0,46825.81101424995,171057.9750455045,677.3987333087873,0.0,171057.9750455045,-0.0,22814.845818673744,171057.9750455045,5605.054866152193,0.0
171057.9750455045,248.13651793529112,442440.4,171057.9750455045,14547.984518249674,0.0,171057.9750455045,-0.0,46825.81101424995,171057.9750455045,677.3987333087873,0.0,171057.9750455045,-0.0,22814.845818673744,171057.9750455045,5605.054866152193,0.0
171064.02495449546,248.13651793529112,442440.4,171064.02495449546,14547.984518249674,0.0,171064.02495449546,-0.0,46825.81101424995,171064.02495449546,677.3987333087873,0.0,171064.02495449546,-0.0,22814.845818673744,171064.02495449546,5605.054866152193,0.0
171064.02495449546,248.13651793529112,210455.55309055618,171064.02495449546,14547.984518249674,0.0,171064.02495449546,-0.0,46825.81101424995,171064.02495449546,677.3987333087873,0.0,171064.02495449546,-0.0,22814.845818673744,171064.02495449546,5605.054866152193,0.0
171226.43375615217,248.13651793529112,210455.55309055618,171226.43375615217,14547.984518249674,0.0,171226.43375615217,-0.0,46825.81101424995,171226.43375615217,677.3987333087873,0.0,171226.43375615217,-0.0,22814.845818673744,171226.43375615217,5605.054866152193,0.0
171226.43375615217,248.13651793529112,210455.55309055618,171226.43375615217,14547.984518249674,0.0,171226.43375615217,-0.0,149593.9,171226.43375615217,677.3987333087873,0.0,171226.43375615217,-0.0,22814.845818673744,171226.43375615217,5605.054866152193,0.0
171231.5662438478,248.13651793529112,210455.55309055618,171231.5662438478,14547.984518249674,0.0,171231.5662438478,-0.0,149593.9,171231.5662438478,677.3987333087873,0.0,171231.5662438478,-0.0,22814.845818673744,171231.5662438478,5605.054866152193,0.0
171231.5662438478,248.13651793529112,210455.55309055618,171231.5662438478,14547.984518249674,0.0,171231.5662438478,-0.0,46825.81101424995,171231.5662438478,677.3987333087873,0.0,171231.5662438478,-0.0,22814.845818673744,171231.5662438478,5605.054866152193,0.0
171492.27603049928,248.13651793529112,210455.55309055618,171492.27603049928,14547.984518249674,0.0,171492.27603049928,-0.0,46825.81101424995,171492.27603049928,677.3987333087873,0.0,171492.27603049928,-0.0,22814.845818673744,171492.27603049928,5605.054866152193,0.0
171492.27603049928,7124.0,210455.55309055618,171492.27603049928,14547.984518249674,0.0,171492.27603049928,-0.0,46825.81101424995,171492.27603049928,677.3987333087873,0.0,171492.27603049928,-0.0,22814.845818673744,171492.27603049928,5605.054866152193,0.0
171493.72396950072,7124.0,210455.55309055618,171493.72396950072,14547.984518249674,0.0,171493.72396950072,-0.0,46825.81101424995,171493.72396950072,677.3987333087873,0.0,171493.72396950072,-0.0,22814.845818673744,171493.72396950072,5605.054866152193,0.0
171493.72396950072,248.13651793529112,210455.55309055618,171493.72396950072,14547.984518249674,0.0,171493.72396950072,-0.0,46825.81101424995,171493.72396950072,677.3987333087873,0.0,171493.72396950072,-0.0,22814.845818673744,171493.72396950072,5605.054866152193,0.0
171528.0,248.13651793529112,210455.55309055618,171528.0,14547.984518249674,0.0,171528.0,-0.0,46825.81101424995,171528.0,677.3987333087873,0.0,171528.0,-0.0,22814.845818673744,171528.0,5605.054866152193,0.0
171528.0,160.6377136547388,220854.2159485225,171528.0,14536.83053396732,0.0,171528.0,-0.0,47258.410866524166,171528.0,707.83478223154,0.0,171528.0,-0.0,21114.30764812437,171528.0,5472.837541005732,0.0
171922.0924530494,160.6377136547388,220854.2159485225,171922.0924530494,14536.83053396732,0.0,171922.0924530494,-0.0,47258.410866524166,171922.0924530494,707.83478223154,0.0,171922.0924530494,-0.0,21114.30764812437,171922.0924530494,5472.837541005732,0.0
171922.0924530494,160.6377136547388,440392.4,171922.0924530494,14536.83053396732,0.0,171922.0924530494,-0.0,47258.410866524166,171922.0924530494,707.83478223154,0.0,171922.0924530494,-0.0,21114.30764812437,171922.0924530494,5472.837541005732,0.0
171922.54158393657,160.6377136547388,440392.4,171922.54158393657,14536.83053396732,0.0,171922.54158393657,-0.0,47258.410866524166,171922.54158393657,707.83478223154,0.0,171922.54158393657,-0.0,21114.30764812437,171922.54158393657,5472.837541005732,0.0
171922.54158393657,160.6377136547388,440392.4,171922.54158393657,14536.83053396732,0.0,171922.54158393657,-0.0,153825.8,171922.54158393657,707.83478223154,0.0,171922.54158393657,-0.0,21114.30764812437,171922.54158393657,5472.837541005732,0.0
171922.69890252873,160.6377136547388,440392.4,171922.69890252873,14536.83053396732,0.0,171922.69890252873,-0.0,153825.8,171922.69890252873,707.83478223154,0.0,171922.69890252873,-0.0,21114.30764812437,171922.69890252873,5472.837541005732,0.0
171922.69890252873,160.6377136547388,440392.4,171922.69890252873,14536.83053396732,0.0,171922.69890252873,-0.0,153825.8,171922.69890252873,707.83478223154,0.0,171922.69890252873,-0.0,47568.8,171922.69890252873,5472.837541005732,0.0
171927.3010974713,160.6377136547388,440392.4,171927.3010974713,14536.83053396732,0.0,171927.3010974713,-0.0,153825.8,171927.3010974713,707.83478223154,0.0,171927.3010974713,-0.0,47568.8,171927.3010974713,5472.837541005732,0.0
171927.3010974713,160.6377136547388,440392.4,171927.3010974713,14536.83053396732,0.0,171927.3010974713,-0.0,153825.8,171927.3010974713,707.83478223154,0.0,171927.3010974713,-0.0,21114.30764812437,171927.3010974713,5472.837541005732,0.0
171927.4584160634,160.6377136547388,440392.4,171927.4584160634,14536.83053396732,0.0,171927.4584160634,-0.0,153825.8,171927.4584160634,707.83478223154,0.0,171927.4584160634,-0.0,21114.30764812437,171927.4584160634,5472.837541005732,0.0
171927.4584160634,160.6377136547388,440392.4,171927.4584160634,14536.83053396732,0.0,171927.4584160634,-0.0,47258.410866524166,171927.4584160634,707.83478223154,0.0,171927.4584160634,-0.0,21114.30764812437,171927.4584160634,5472.837541005732,0.0
171927.9075469506,160.6377136547388,440392.4,171927.9075469506,14536.83053396732,0.0,171927.9075469506,-0.0,47258.410866524166,171927.9075469506,707.83478223154,0.0,171927.9075469506,-0.0,21114.30764812437,171927.9075469506,5472.837541005732,0.0
171927.9075469506,160.6377136547388,220854.2159485225,171927.9075469506,14536.83053396732,0.0,171927.9075469506,-0.0,47258.410866524166,171927.9075469506,707.83478223154,0.0,171927.9075469506,-0.0,21114.30764812437,171927.9075469506,5472.837541005732,0.0
172164.25748880845,160.6377136547388,220854.2159485225,172164.25748880845,14536.83053396732,0.0,172164.25748880845,-0.0,47258.410866524166,172164.25748880845,707.83478223154,0.0,172164.25748880845,-0.0,21114.30764812437,172164.25748880845,5472.837541005732,0.0
172164.25748880845,7027.699999999999,220854.2159485225,172164.25748880845,14536.83053396732,0.0,172164.25748880845,-0.0,47258.410866524166,172164.25748880845,707.83478223154,0.0,172164.25748880845,-0.0,21114.30764812437,172164.25748880845,5472.837541005732,0.0
172165.74251119158,7027.699999999999,220854.2159485225,172165.74251119158,14536.83053396732,0.0,172165.74251119158,-0.0,47258.410866524166,172165.74251119158,707.83478223154,0.0,172165.74251119158,-0.0,21114.30764812437,172165.74251119158,5472.837541005732,0.0
172165.74251119158,160.6377136547388,220854.2159485225,172165.74251119158,14536.83053396732,0.0,172165.74251119158,-0.0,47258.410866524166,172165.74251119158,707.83478223154,0.0,172165.74251119158,-0.0,21114.30764812437,172165.74251119158,5472.837541005732,0.0
172259.21357808833,160.6377136547388,220854.2159485225,172259.21357808833,14536.83053396732,0.0,172259.21357808833,-0.0,47258.410866524166,172259.21357808833,707.83478223154,0.0,172259.21357808833,-0.0,21114.30764812437,172259.21357808833,5472.837541005732,0.0
172259.21357808833,160.6377136547388,220854.2159485225,172259.21357808833,27047.900000000005,0.0,172259.21357808833,-0.0,47258.410866524166,172259.21357808833,707.83478223154,0.0,172259.21357808833,-0.0,21114.30764812437,172259.21357808833,5472.837541005732,0.0
172259.6105937415,160.6377136547388,220854.2159485225,172259.6105937415,27047.900000000005,0.0,172259.6105937415,-0.0,47258.410866524166,172259.6105937415,707.83478223154,0.0,172259.6105937415,-0.0,21114.30764812437,172259.6105937415,5472.837541005732,0.0
172259.6105937415,160.6377136547388,220854.2159485225,172259.6105937415,27047.900000000005,0.0,172259.6105937415,-0.0,47258.410866524166,172259.6105937415,1789.6000000000001,0.0,172259.6105937415,-0.0,21114.30764812437,172259.6105937415,5472.837541005732,0.0
172259.75161332928,160.6377136547388,220854.2159485225,172259.75161332928,27047.900000000005,0.0,172259.75161332928,-0.0,47258.410866524166,172259.75161332928,1789.6000000000001,0.0,172259.75161332928,-0.0,21114.30764812437,172259.75161332928,5472.837541005732,0.0
172259.75161332928,160.6377136547388,220854.2159485225,172259.75161332928,27047.900000000005,0.0,172259.75161332928,-0.0,47258.410866524166,172259.75161332928,1789.6000000000001,0.0,172259.75161332928,-0.0,21114.30764812437,172259.75161332928,10410.2,0.0
172262.24838667072,160.6377136547388,220854.2159485225,172262.24838667072,27047.900000000005,0.0,172262.24838667072,-0.0,47258.410866524166,172262.24838667072,1789.6000000000001,0.0,172262.24838667072,-0.0,21114.30764812437,172262.24838667072,10410.2,0.0
172262.24838667072,160.6377136547388,220854.2159485225,172262.24838667072,27047.900000000005,0.0,172262.24838667072,-0.0,47258.410866524166,172262.24838667072,1789.6000000000001,0.0,172262.24838667072,-0.0,21114.30764812437,172262.24838667072,5472.837541005732,0.0
172262.38940625847,160.6377136547388,220854.2159485225,172262.38940625847,27047.900000000005,0.0,172262.38940625847,-0.0,47258.410866524166,172262.38940625847,1789.6000000000001,0.0,172262.38940625847,-0.0,21114.30764812437,172262.38940625847,5472.837541005732,0.0
172262.38940625847,160.6377136547388,220854.2159485225,172262.38940625847,27047.900000000005,0.0,172262.38940625847,-0.0,47258.410866524166,172262.38940625847,707.83478223154,0.0,172262.38940625847,-0.0,21114.30764812437,172262.38940625847,5472.837541005732,0.0
172262.78642191167,160.6377136547388,220854.2159485225,172262.78642191167,27047.900000000005,0.0,172262.78642191167,-0.0,47258.410866524166,172262.78642191167,707.83478223154,0.0,172262.78642191167,-0.0,21114.30764812437,172262.78642191167,5472.837541005732,0.0
172262.78642191167,160.6377136547388,220854.2159485225,172262.78642191167,14536.83053396732,0.0,172262.78642191167,-0.0,47258.410866524166,172262.78642191167,707.83478223154,0.0,172262.78642191167,-0.0,21114.30764812437,172262.78642191167,5472.837541005732,0.0
172272.0,160.6377136547388,220854.2159485225,172272.0,14536.83053396732,0.0,172272.0,-0.0,47258.410866524166,172272.0,707.83478223154,0.0,172272.0,-0.0,21114.30764812437,172272.0,5472.837541005732,0.0
172272.0,663.6394536090064,179356.6013898325,172272.0,14938.547471954747,0.0,172272.0,8.879051329893581,32348.038190344032,172272.0,703.9530876096895,0.0,172272.0,-0.0,13250.748465419145,172272.0,5760.395161095303,0.0
172353.68716080196,663.6394536090064,179356.6013898325,172353.68716080196,14938.547471954747,0.0,172353.68716080196,8.879051329893581,32348.038190344032,172353.68716080196,703.9530876096895,0.0,172353.68716080196,-0.0,13250.748465419145,172353.68716080196,5760.395161095303,0.0
172353.68716080196,663.6394536090064,179356.6013898325,172353.68716080196,14938.547471954747,0.0,172353.68716080196,8.879051329893581,32348.038190344032,172353.68716080196,703.9530876096895,0.0,172353.68716080196,-0.0,37520.1,172353.68716080196,5760.395161095303,0.0
172355.58777013107,663.6394536090064,179356.6013898325,172355.58777013107,14938.547471954747,0.0,172355.58777013107,8.879051329893581,32348.038190344032,172355.58777013107,703.9530876096895,0.0,172355.58777013107,-0.0,37520.1,172355.58777013107,5760.395161095303,0.0
172355.58777013107,18866.8,179356.6013898325,172355.58777013107,14938.547471954747,0.0,172355.58777013107,8.879051329893581,32348.038190344032,172355.58777013107,703.9530876096895,0.0,172355.58777013107,-0.0,37520.1,172355.58777013107,5760.395161095303,0.0
172358.41222986893,18866.8,179356.6013898325,172358.41222986893,14938.547471954747,0.0,172358.41222986893,8.879051329893581,32348.038190344032,172358.41222986893,703.9530876096895,0.0,172358.41222986893,-0.0,37520.1,172358.41222986893,5760.395161095303,0.0
172358.41222986893,663.6394536090064,179356.6013898325,172358.41222986893,14938.547471954747,0.0,172358.41222986893,8.879051329893581,32348.038190344032,172358.41222986893,703.9530876096895,0.0,172358.41222986893,-0.0,37520.1,172358.41222986893,5760.395161095303,0.0
172360.312839198,663.6394536090064,179356.6013898325,172360.312839198,14938.547471954747,0.0,172360.312839198,8.879051329893581,32348.038190344032,172360.312839198,703.9530876096895,0.0,172360.312839198,-0.0,37520.1,172360.312839198,5760.395161095303,0.0
172360.312839198,663.6394536090064,179356.6013898325,172360.312839198,14938.547471954747,0.0,172360.312839198,8.879051329893581,32348.038190344032,172360.312839198,703.9530876096895,0.0,172360.312839198,-0.0,13250.748465419145,172360.312839198,5760.395161095303,0.0
172402.86526685927,663.6394536090064,179356.6013898325,172402.86526685927,14938.547471954747,0.0,172402.86526685927,8.879051329893581,32348.038190344032,172402.86526685927,703.9530876096895,0.0,172402.86526685927,-0.0,13250.748465419145,172402.86526685927,5760.395161095303,0.0
172402.86526685927,663.6394536090064,179356.6013898325,172402.86526685927,14938.547471954747,0.0,172402.86526685927,8.879051329893581,138590.6,172402.86526685927,703.9530876096895,0.0,172402.86526685927,-0.0,13250.748465419145,172402.86526685927,5760.395161095303,0.0
172407.1347331407,663.6394536090064,179356.6013898325,172407.1347331407,14938.547471954747,0.0,172407.1347331407,8.879051329893581,138590.6,172407.1347331407,703.9530876096895,0.0,172407.1347331407,-0.0,13250.748465419145,172407.1347331407,5760.395161095303,0.0
172407.1347331407,663.6394536090064,179356.6013898325,172407.1347331407,14938.547471954747,0.0,172407.1347331407,8.879051329893581,32348.038190344032,172407.1347331407,703.9530876096895,0.0,172407.1347331407,-0.0,13250.748465419145,172407.1347331407,5760.395161095303,0.0
172425.33685609093,663.6394536090064,179356.6013898325,172425.33685609093,14938.547471954747,0.0,172425.33685609093,8.879051329893581,32348.038190344032,172425.33685609093,703.9530876096895,0.0,172425.33685609093,-0.0,13250.748465419145,172425.33685609093,5760.395161095303,0.0
172425.33685609093,663.6394536090064,406453.0,172425.33685609093,14938.547471954747,0.0,172425.33685609093,8.879051329893581,32348.038190344032,172425.33685609093,703.9530876096895,0.0,172425.33685609093,-0.0,13250.748465419145,172425.33685609093,5760.395161095303,0.0
172432.66314390904,663.6394536090064,406453.0,172432.66314390904,14938.547471954747,0.0,172432.66314390904,8.879051329893581,32348.038190344032,172432.66314390904,703.9530876096895,0.0,172432.66314390904,-0.0,13250.748465419145,172432.66314390904,5760.395161095303,0.0
172432.66314390904,663.6394536090064,179356.6013898325,172432.66314390904,14938.547471954747,0.0,172432.66314390904,8.879051329893581,32348.038190344032,172432.66314390904,703.9530876096895,0.0,172432.66314390904,-0.0,13250.748465419145,172432.66314390904,5760.395161095303,0.0
172836.25316886068,663.6394536090064,179356.6013898325,172836.25316886068,14938.547471954747,0.0,172836.25316886068,8.879051329893581,32348.038190344032,172836.25316886068,703.9530876096895,0.0,172836.25316886068,-0.0,13250.748465419145,172836.25316886068,5760.395161095303,0.0
172836.25316886068,663.6394536090064,179356.6013898325,172836.25316886068,14938.547471954747,0.0,172836.25316886068,4142.6,32348.038190344032,172836.25316886068,703.9530876096895,0.0,172836.25316886068,-0.0,13250.748465419145,172836.25316886068,5760.395161095303,0.0
172837.7468311393,663.6394536090064,179356.6013898325,172837.7468311393,14938.547471954747,0.0,172837.7468311393,4142.6,32348.038190344032,172837.7468311393,703.9530876096895,0.0,172837.7468311393,-0.0,13250.748465419145,172837.7468311393,5760.395161095303,0.0
172837.7468311393,663.6394536090064,179356.6013898325,172837.7468311393,14938.547471954747,0.0,172837.7468311393,8.879051329893581,32348.038190344032,172837.7468311393,703.9530876096895,0.0,172837.7468311393,-0.0,13250.748465419145,172837.7468311393,5760.395161095303,0.0
172955.1473628755,663.6394536090064,179356.6013898325,172955.1473628755,14938.547471954747,0.0,172955.1473628755,8.879051329893581,32348.038190344032,172955.1473628755,703.9530876096895,0.0,172955.1473628755,-0.0,13250.748465419145,172955.1473628755,5760.395161095303,0.0
172955.1473628755,663.6394536090064,179356.6013898325,172955.1473628755,28840.2,0.0,172955.1473628755,8.879051329893581,32348.038190344032,172955.1473628755,703.9530876096895,0.0,172955.1473628755,-0.0,13250.748465419145,172955.1473628755,5760.395161095303,0.0
172955.58796911378,663.6394536090064,179356.6013898325,172955.58796911378,28840.2,0.0,172955.58796911378,8.879051329893581,32348.038190344032,172955.58796911378,703.9530876096895,0.0,172955.58796911378,-0.0,13250.748465419145,172955.58796911378,5760.395161095303,0.0
172955.58796911378,663.6394536090064,179356.6013898325,172955.58796911378,28840.2,0.0,172955.58796911378,8.879051329893581,32348.038190344032,172955.58796911378,1926.9000000000003,0.0,172955.58796911378,-0.0,13250.748465419145,172955.58796911378,5760.395161095303,0.0
172958.4120308862,663.6394536090064,179356.6013898325,172958.4120308862,28840.2,0.0,172958.4120308862,8.879051329893581,32348.038190344032,172958.4120308862,1926.9000000000003,0.0,172958.4120308862,-0.0,13250.748465419145,172958.4120308862,5760.395161095303,0.0
172958.4120308862,663.6394536090064,179356.6013898325,172958.4120308862,28840.2,0.0,172958.4120308862,8.879051329893581,32348.038190344032,172958.4120308862,703.9530876096895,0.0,172958.4120308862,-0.0,13250.748465419145,172958.4120308862,5760.395161095303,0.0
172958.8526371245,663.6394536090064,179356.6013898325,172958.8526371245,28840.2,0.0,172958.8526371245,8.879051329893581,32348.038190344032,172958.8526371245,703.9530876096895,0.0,172958.8526371245,-0.0,13250.748465419145,172958.8526371245,5760.395161095303,0.0
172958.8526371245,663.6394536090064,179356.6013898325,172958.8526371245,14938.547471954747,0.0,172958.8526371245,8.879051329893581,32348.038190344032,172958.8526371245,703.9530876096895,0.0,172958.8526371245,-0.0,13250.748465419145,172958.8526371245,5760.395161095303,0.0
172979.7208415283,663.6394536090064,179356.6013898325,172979.7208415283,14938.547471954747,0.0,172979.7208415283,8.879051329893581,32348.038190344032,172979.7208415283,703.9530876096895,0.0,172979.7208415283,-0.0,13250.748465419145,172979.7208415283,5760.395161095303,0.0
172979.7208415283,663.6394536090064,179356.6013898325,172979.7208415283,14938.547471954747,0.0,172979.7208415283,8.879051329893581,32348.038190344032,172979.7208415283,703.9530876096895,0.0,172979.7208415283,-0.0,13250.748465419145,172979.7208415283,11309.0,0.0
172982.27915847173,663.6394536090064,179356.6013898325,172982.27915847173,14938.547471954747,0.0,172982.27915847173,8.879051329893581,32348.038190344032,172982.27915847173,703.9530876096895,0.0,172982.27915847173,-0.0,13250.748465419145,172982.27915847173,11309.0,0.0
172982.27915847173,663.6394536090064,179356.6013898325,172982.27915847173,14938.547471954747,0.0,172982.27915847173,8.879051329893581,32348.038190344032,172982.27915847173,703.9530876096895,0.0,172982.27915847173,-0.0,13250.748465419145,172982.27915847173,5760.395161095303,0.0
172992.0,663.6394536090064,179356.6013898325,172992.0,14938.547471954747,0.0,172992.0,8.879051329893581,32348.038190344032,172992.0,703.9530876096895,0.0,172992.0,-0.0,13250.748465419145,172992.0,5760.395161095303,0.0
172992.0,1816.773542832382,128022.3159681781,172992.0,16302.581935234266,0.0,172992.0,4452.00246959753,14328.7758406256,172992.0,760.215404675559,0.0,172992.0,1974.565926398495,3685.4608534119775,172992.0,6391.979864270598,0.0
173000.54749478772,1816.773542832382,128022.3159681781,173000.54749478772,16302.581935234266,0.0,173000.54749478772,4452.00246959753,14328.7758406256,173000.54749478772,760.215404675559,0.0,173000.54749478772,1974.565926398495,3685.4608534119775,173000.54749478772,6391.979864270598,0.0
173000.54749478772,1816.773542832382,128022.3159681781,173000.54749478772,16302.581935234266,0.0,173000.54749478772,4452.00246959753,14328.7758406256,173000.54749478772,760.215404675559,0.0,173000.54749478772,1974.565926398495,24779.3,173000.54749478772,6391.979864270598,0.0
173005.0,1816.773542832382,128022.3159681781,173005.0,16302.581935234266,0.0,173005.0,4452.00246959753,14328.7758406256,173005.0,760.215404675559,0.0,173005.0,1974.565926398495,24779.3,173005.0,6391.979864270598,0.0
173005.0,1816.773542832382,128022.3159681781,173005.0,16302.581935234266,0.0,173005.0,4452.00246959753,14328.7758406256,173005.0,760.215404675559,0.0,173005.0,1974.565926398495,3685.4608534119775,173005.0,6391.979864270598,0.0
173027.03026159856,1816.773542832382,128022.3159681781,173027.03026159856,16302.581935234266,0.0,173027.03026159856,4452.00246959753,14328.7758406256,173027.03026159856,760.215404675559,0.0,173027.03026159856,1974.565926398495,3685.4608534119775,173027.03026159856,6391.979864270598,0.0
173027.03026159856,1816.773542832382,128022.3159681781,173027.03026159856,16302.581935234266,0.0,173027.03026159856,4452.00246959753,106994.2,173027.03026159856,760.215404675559,0.0,173027.03026159856,1974.565926398495,3685.4608534119775,173027.03026159856,6391.979864270598,0.0
173030.9697384014,1816.773542832382,128022.3159681781,173030.9697384014,16302.581935234266,0.0,173030.9697384014,4452.00246959753,106994.2,173030.9697384014,760.215404675559,0.0,173030.9697384014,1974.565926398495,3685.4608534119775,173030.9697384014,6391.979864270598,0.0
173030.9697384014,1816.773542832382,128022.3159681781,173030.9697384014,16302.581935234266,0.0,173030.9697384014,4452.00246959753,14328.7758406256,173030.9697384014,760.215404675559,0.0,173030.9697384014,1974.565926398495,3685.4608534119775,173030.9697384014,6391.979864270598,0.0
173196.24059711793,1816.773542832382,128022.3159681781,173196.24059711793,16302.581935234266,0.0,173196.24059711793,4452.00246959753,14328.7758406256,173196.24059711793,760.215404675559,0.0,173196.24059711793,1974.565926398495,3685.4608534119775,173196.24059711793,6391.979864270598,0.0
173196.24059711793,25120.6,128022.3159681781,173196.24059711793,16302.581935234266,0.0,173196.24059711793,4452.00246959753,14328.7758406256,173196.24059711793,760.215404675559,0.0,173196.24059711793,1974.565926398495,3685.4608534119775,173196.24059711793,6391.979864270598,0.0
173197.75940288205,25120.6,128022.3159681781,173197.75940288205,16302.581935234266,0.0,173197.75940288205,4452.00246959753,14328.7758406256,173197.75940288205,760.215404675559,0.0,173197.75940288205,1974.565926398495,3685.4608534119775,173197.75940288205,6391.979864270598,0.0
173197.75940288205,1816.773542832382,128022.3159681781,173197.75940288205,16302.581935234266,0.0,173197.75940288205,4452.00246959753,14328.7758406256,173197.75940288205,760.215404675559,0.0,173197.75940288205,1974.565926398495,3685.4608534119775,173197.75940288205,6391.979864270598,0.0
173433.12402701014,1816.773542832382,128022.3159681781,173433.12402701014,16302.581935234266,0.0,173433.12402701014,4452.00246959753,14328.7758406256,173433.12402701014,760.215404675559,0.0,173433.12402701014,1974.565926398495,3685.4608534119775,173433.12402701014,6391.979864270598,0.0
173433.12402701014,1816.773542832382,339700.5,173433.12402701014,16302.581935234266,0.0,173433.12402701014,4452.00246959753,14328.7758406256,173433.12402701014,760.215404675559,0.0,173433.12402701014,1974.565926398495,3685.4608534119775,173433.12402701014,6391.979864270598,0.0
173440.87597298986,1816.773542832382,339700.5,173440.87597298986,16302.581935234266,0.0,173440.87597298986,4452.00246959753,14328.7758406256,173440.87597298986,760.215404675559,0.0,173440.87597298986,1974.565926398495,3685.4608534119775,173440.87597298986,6391.979864270598,0.0
173440.87597298986,1816.773542832382,128022.3159681781,173440.87597298986,16302.581935234266,0.0,173440.87597298986,4452.00246959753,14328.7758406256,173440.87597298986,760.215404675559,0.0,173440.87597298986,1974.565926398495,3685.4608534119775,173440.87597298986,6391.979864270598,0.0
173721.58571502147,1816.773542832382,128022.3159681781,173721.58571502147,16302.581935234266,0.0,173721.58571502147,4452.00246959753,14328.7758406256,173721.58571502147,760.215404675559,0.0,173721.58571502147,1974.565926398495,3685.4608534119775,173721.58571502147,6391.979864270598,0.0
173721.58571502147,1816.773542832382,128022.3159681781,173721.58571502147,16302.581935234266,0.0,173721.58571502147,4452.00246959753,14328.7758406256,173721.58571502147,760.215404675559,0.0,173721.58571502147,15525.2,3685.4608534119775,173721.58571502147,6391.979864270598,0.0
173722.8824994488,1816.773542832382,128022.3159681781,173722.8824994488,16302.581935234266,0.0,173722.8824994488,4452.00246959753,14328.7758406256,173722.8824994488,760.215404675559,0.0,173722.8824994488,15525.2,3685.4608534119775,173722.8824994488,6391.979864270598,0.0
173722.8824994488,1816.773542832382,128022.3159681781,173722.8824994488,16302.581935234266,0.0,173722.8824994488,50741.9,14328.7758406256,173722.8824994488,760.215404675559,0.0,173722.8824994488,15525.2,3685.4608534119775,173722.8824994488,6391.979864270598,0.0
173723.12103184394,1816.773542832382,128022.3159681781,173723.12103184394,16302.581935234266,0.0,173723.12103184394,50741.9,14328.7758406256,173723.12103184394,760.215404675559,0.0,173723.12103184394,15525.2,3685.4608534119775,173723.12103184394,6391.979864270598,0.0
173723.12103184394,1816.773542832382,128022.3159681781,173723.12103184394,31953.9,0.0,173723.12103184394,50741.9,14328.7758406256,173723.12103184394,760.215404675559,0.0,173723.12103184394,15525.2,3685.4608534119775,173723.12103184394,6391.979864270598,0.0
173723.55335427655,1816.773542832382,128022.3159681781,173723.55335427655,31953.9,0.0,173723.55335427655,50741.9,14328.7758406256,173723.55335427655,760.215404675559,0.0,173723.55335427655,15525.2,3685.4608534119775,173723.55335427655,6391.979864270598,0.0
173723.55335427655,1816.773542832382,128022.3159681781,173723.55335427655,31953.9,0.0,173723.55335427655,50741.9,14328.7758406256,173723.55335427655,2154.8,0.0,173723.55335427655,15525.2,3685.4608534119775,173723.55335427655,6391.979864270598,0.0
173723.70499503808,1816.773542832382,128022.3159681781,173723.70499503808,31953.9,0.0,173723.70499503808,50741.9,14328.7758406256,173723.70499503808,2154.8,0.0,173723.70499503808,15525.2,3685.4608534119775,173723.70499503808,6391.979864270598,0.0
173723.70499503808,1816.773542832382,128022.3159681781,173723.70499503808,31953.9,0.0,173723.70499503808,50741.9,14328.7758406256,173723.70499503808,2154.8,0.0,173723.70499503808,15525.2,3685.4608534119775,173723.70499503808,12762.800000000001,0.0
173726.29500496192,1816.773542832382,128022.3159681781,173726.29500496192,31953.9,0.0,173726.29500496192,50741.9,14328.7758406256,173726.29500496192,2154.8,0.0,173726.29500496192,15525.2,3685.4608534119775,173726.29500496192,12762.800000000001,0.0
173726.29500496192,1816.773542832382,128022.3159681781,173726.29500496192,31953.9,0.0,173726.29500496192,50741.9,14328.7758406256,173726.29500496192,2154.8,0.0,173726.29500496192,15525.2,3685.4608534119775,173726.29500496192,6391.979864270598,0.0
173726.44664572342,1816.773542832382,128022.3159681781,173726.44664572342,31953.9,0.0,173726.44664572342,50741.9,14328.7758406256,173726.44664572342,2154.8,0.0,173726.44664572342,15525.2,3685.4608534119775,173726.44664572342,6391.979864270598,0.0
173726.44664572342,1816.773542832382,128022.3159681781,173726.44664572342,31953.9,0.0,173726.44664572342,50741.9,14328.7758406256,173726.44664572342,760.215404675559,0.0,173726.44664572342,15525.2,3685.4608534119775,173726.44664572342,6391.979864270598,0.0
173726.87896815606,1816.773542832382,128022.3159681781,173726.87896815606,31953.9,0.0,173726.87896815606,50741.9,14328.7758406256,173726.87896815606,760.215404675559,0.0,173726.87896815606,15525.2,3685.4608534119775,173726.87896815606,6391.979864270598,0.0
173726.87896815606,1816.773542832382,128022.3159681781,173726.87896815606,16302.581935234266,0.0,173726.87896815606,50741.9,14328.7758406256,173726.87896815606,760.215404675559,0.0,173726.87896815606,15525.2,3685.4608534119775,173726.87896815606,6391.979864270598,0.0
173727.11750055122,1816.773542832382,128022.3159681781,173727.11750055122,16302.581935234266,0.0,173727.11750055122,50741.9,14328.7758406256,173727.11750055122,760.215404675559,0.0,173727.11750055122,15525.2,3685.4608534119775,173727.11750055122,6391.979864270598,0.0
173727.11750055122,1816.773542832382,128022.3159681781,173727.11750055122,16302.581935234266,0.0,173727.11750055122,4452.00246959753,14328.7758406256,173727.11750055122,760.215404675559,0.0,173727.11750055122,15525.2,3685.4608534119775,173727.11750055122,6391.979864270598,0.0
173728.41428497853,1816.773542832382,128022.3159681781,173728.41428497853,16302.581935234266,0.0,173728.41428497853,4452.00246959753,14328.7758406256,173728.41428497853,760.215404675559,0.0,173728.41428497853,15525.2,3685.4608534119775,173728.41428497853,6391.979864270598,0.0
173728.41428497853,1816.773542832382,128022.3159681781,173728.41428497853,16302.581935234266,0.0,173728.41428497853,4452.00246959753,14328.7758406256,173728.41428497853,760.215404675559,0.0,173728.41428497853,1974.565926398495,3685.4608534119775,173728.41428497853,6391.979864270598,0.0
173736.0,1816.773542832382,128022.3159681781,173736.0,16302.581935234266,0.0,173736.0,4452.00246959753,14328.7758406256,173736.0,760.215404675559,0.0,173736.0,1974.565926398495,3685.4608534119775,173736.0,6391.979864270598,0.0
173736.0,3817.1214074168493,109605.2443364166,173736.0,18075.14813979409,0.0,173736.0,12379.539175915233,7212.1437286255605,173736.0,840.3309117172873,0.0,173736.0,5816.265230031381,941.9477079924076,173736.0,7192.903795725894,0.0
173793.7040301646,3817.1214074168493,109605.2443364166,173793.7040301646,18075.14813979409,0.0,173793.7040301646,12379.539175915233,7212.1437286255605,173793.7040301646,840.3309117172873,0.0,173793.7040301646,5816.265230031381,941.9477079924076,173793.7040301646,7192.903795725894,0.0
173793.7040301646,3817.1214074168493,292580.4,173793.7040301646,18075.14813979409,0.0,173793.7040301646,12379.539175915233,7212.1437286255605,173793.7040301646,840.3309117172873,0.0,173793.7040301646,5816.265230031381,941.9477079924076,173793.7040301646,7192.903795725894,0.0
173795.08815712208,3817.1214074168493,292580.4,173795.08815712208,18075.14813979409,0.0,173795.08815712208,12379.539175915233,7212.1437286255605,173795.08815712208,840.3309117172873,0.0,173795.08815712208,5816.265230031381,941.9477079924076,173795.08815712208,7192.903795725894,0.0
173795.08815712208,3817.1214074168493,292580.4,173795.08815712208,18075.14813979409,0.0,173795.08815712208,12379.539175915233,62943.90000000001,173795.08815712208,840.3309117172873,0.0,173795.08815712208,5816.265230031381,941.9477079924076,173795.08815712208,7192.903795725894,0.0
173798.9118428779,3817.1214074168493,292580.4,173798.9118428779,18075.14813979409,0.0,173798.9118428779,12379.539175915233,62943.90000000001,173798.9118428779,840.3309117172873,0.0,173798.9118428779,5816.265230031381,941.9477079924076,173798.9118428779,7192.903795725894,0.0
173798.9118428779,3817.1214074168493,292580.4,173798.9118428779,18075.14813979409,0.0,173798.9118428779,12379.539175915233,7212.1437286255605,173798.9118428779,840.3309117172873,0.0,173798.9118428779,5816.265230031381,941.9477079924076,173798.9118428779,7192.903795725894,0.0
173800.2959698354,3817.1214074168493,292580.4,173800.2959698354,18075.14813979409,0.0,173800.2959698354,12379.539175915233,7212.1437286255605,173800.2959698354,840.3309117172873,0.0,173800.2959698354,5816.265230031381,941.9477079924076,173800.2959698354,7192.903795725894,0.0
173800.2959698354,3817.1214074168493,109605.2443364166,173800.2959698354,18075.14813979409,0.0,173800.2959698354,12379.539175915233,7212.1437286255605,173800.2959698354,840.3309117172873,0.0,173800.2959698354,5816.265230031381,941.9477079924076,173800.2959698354,7192.903795725894,0.0
173866.99192244143,3817.1214074168493,109605.2443364166,173866.99192244143,18075.14813979409,0.0,173866.99192244143,12379.539175915233,7212.1437286255605,173866.99192244143,840.3309117172873,0.0,173866.99192244143,5816.265230031381,941.9477079924076,173866.99192244143,7192.903795725894,0.0
173866.99192244143,3817.1214074168493,109605.2443364166,173866.99192244143,18075.14813979409,0.0,173866.99192244143,12379.539175915233,7212.1437286255605,173866.99192244143,840.3309117172873,0.0,173866.99192244143,5816.265230031381,5921.3,173866.99192244143,7192.903795725894,0.0
173871.00807755854,3817.1214074168493,109605.2443364166,173871.00807755854,18075.14813979409,0.0,173871.00807755854,12379.539175915233,7212.1437286255605,173871.00807755854,840.3309117172873,0.0,173871.00807755854,5816.265230031381,5921.3,173871.00807755854,7192.903795725894,0.0
173871.00807755854,3817.1214074168493,109605.2443364166,173871.00807755854,18075.14813979409,0.0,173871.00807755854,12379.539175915233,7212.1437286255605,173871.00807755854,840.3309117172873,0.0,173871.00807755854,5816.265230031381,941.9477079924076,173871.00807755854,7192.903795725894,0.0
174012.08799960566,3817.1214074168493,109605.2443364166,174012.08799960566,18075.14813979409,0.0,174012.08799960566,12379.539175915233,7212.1437286255605,174012.08799960566,840.3309117172873,0.0,174012.08799960566,5816.265230031381,941.9477079924076,174012.08799960566,7192.903795725894,0.0
174012.08799960566,38209.7,109605.2443364166,174012.08799960566,18075.14813979409,0.0,174012.08799960566,12379.539175915233,7212.1437286255605,174012.08799960566,840.3309117172873,0.0,174012.08799960566,5816.265230031381,941.9477079924076,174012.08799960566,7192.903795725894,0.0
174013.9120003943,38209.7,109605.2443364166,174013.9120003943,18075.14813979409,0.0,174013.9120003943,12379.539175915233,7212.1437286255605,174013.9120003943,840.3309117172873,0.0,174013.9120003943,5816.265230031381,941.9477079924076,174013.9120003943,7192.903795725894,0.0
174013.9120003943,3817.1214074168493,109605.2443364166,174013.9120003943,18075.14813979409,0.0,174013.9120003943,12379.539175915233,7212.1437286255605,174013.9120003943,840.3309117172873,0.0,174013.9120003943,5816.265230031381,941.9477079924076,174013.9120003943,7192.903795725894,0.0
174274.62594676865,3817.1214074168493,109605.2443364166,174274.62594676865,18075.14813979409,0.0,174274.62594676865,12379.539175915233,7212.1437286255605,174274.62594676865,840.3309117172873,0.0,174274.62594676865,5816.265230031381,941.9477079924076,174274.62594676865,7192.903795725894,0.0
174274.62594676865,3817.1214074168493,109605.2443364166,174274.62594676865,18075.14813979409,0.0,174274.62594676865,12379.539175915233,7212.1437286255605,174274.62594676865,840.3309117172873,0.0,174274.62594676865,23970.1,941.9477079924076,174274.62594676865,7192.903795725894,0.0
174279.37405323132,3817.1214074168493,109605.2443364166,174279.37405323132,18075.14813979409,0.0,174279.37405323132,12379.539175915233,7212.1437286255605,174279.37405323132,840.3309117172873,0.0,174279.37405323132,23970.1,941.9477079924076,174279.37405323132,7192.903795725894,0.0
174279.37405323132,3817.1214074168493,109605.2443364166,174279.37405323132,18075.14813979409,0.0,174279.37405323132,12379.539175915233,7212.1437286255605,174279.37405323132,840.3309117172873,0.0,174279.37405323132,5816.265230031381,941.9477079924076,174279.37405323132,7192.903795725894,0.0
174346.86415411238,3817.1214074168493,109605.2443364166,174346.86415411238,18075.14813979409,0.0,174346.86415411238,12379.539175915233,7212.1437286255605,174346.86415411238,840.3309117172873,0.0,174346.86415411238,5816.265230031381,941.9477079924076,174346.86415411238,7192.903795725894,0.0
174346.86415411238,3817.1214074168493,109605.2443364166,174346.86415411238,18075.14813979409,0.0,174346.86415411238,73131.7,7212.1437286255605,174346.86415411238,840.3309117172873,0.0,174346.86415411238,5816.265230031381,941.9477079924076,174346.86415411238,7192.903795725894,0.0
174351.13584588762,3817.1214074168493,109605.2443364166,174351.13584588762,18075.14813979409,0.0,174351.13584588762,73131.7,7212.1437286255605,174351.13584588762,840.3309117172873,0.0,174351.13584588762,5816.265230031381,941.9477079924076,174351.13584588762,7192.903795725894,0.0
174351.13584588762,3817.1214074168493,109605.2443364166,174351.13584588762,18075.14813979409,0.0,174351.13584588762,12379.539175915233,7212.1437286255605,174351.13584588762,840.3309117172873,0.0,174351.13584588762,5816.265230031381,941.9477079924076,174351.13584588762,7192.903795725894,0.0
174443.13767261957,3817.1214074168493,109605.2443364166,174443.13767261957,18075.14813979409,0.0,174443.13767261957,12379.539175915233,7212.1437286255605,174443.13767261957,840.3309117172873,0.0,174443.13767261957,5816.265230031381,941.9477079924076,174443.13767261957,7192.903795725894,0.0
174443.13767261957,3817.1214074168493,109605.2443364166,174443.13767261957,35159.7,0.0,174443.13767261957,12379.539175915233,7212.1437286255605,174443.13767261957,840.3309117172873,0.0,174443.13767261957,5816.265230031381,941.9477079924076,174443.13767261957,7192.903795725894,0.0
174443.5575887378,3817.1214074168493,109605.2443364166,174443.5575887378,35159.7,0.0,174443.5575887378,12379.539175915233,7212.1437286255605,174443.5575887378,840.3309117172873,0.0,174443.5575887378,5816.265230031381,941.9477079924076,174443.5575887378,7192.903795725894,0.0
174443.5575887378,3817.1214074168493,109605.2443364166,174443.5575887378,35159.7,0.0,174443.5575887378,12379.539175915233,7212.1437286255605,174443.5575887378,2395.0,0.0,174443.5575887378,5816.265230031381,941.9477079924076,174443.5575887378,7192.903795725894,0.0
174443.71089839507,3817.1214074168493,109605.2443364166,174443.71089839507,35159.7,0.0,174443.71089839507,12379.539175915233,7212.1437286255605,174443.71089839507,2395.0,0.0,174443.71089839507,5816.265230031381,941.9477079924076,174443.71089839507,7192.903795725894,0.0
174443.71089839507,3817.1214074168493,109605.2443364166,174443.71089839507,35159.7,0.0,174443.71089839507,12379.539175915233,7212.1437286255605,174443.71089839507,2395.0,0.0,174443.71089839507,5816.265230031381,941.9477079924076,174443.71089839507,14301.099999999999,0.0
174446.28910160495,3817.1214074168493,109605.2443364166,174446.28910160495,35159.7,0.0,174446.28910160495,12379.539175915233,7212.1437286255605,174446.28910160495,2395.0,0.0,174446.28910160495,5816.265230031381,941.9477079924076,174446.28910160495,14301.099999999999,0.0
174446.28910160495,3817.1214074168493,109605.2443364166,174446.28910160495,35159.7,0.0,174446.28910160495,12379.539175915233,7212.1437286255605,174446.28910160495,2395.0,0.0,174446.28910160495,5816.265230031381,941.9477079924076,174446.28910160495,7192.903795725894,0.0
174446.44241126222,3817.1214074168493,109605.2443364166,174446.44241126222,35159.7,0.0,174446.44241126222,12379.539175915233,7212.1437286255605,174446.44241126222,2395.0,0.0,174446.44241126222,5816.265230031381,941.9477079924076,174446.44241126222,7192.903795725894,0.0
174446.44241126222,3817.1214074168493,109605.2443364166,174446.44241126222,35159.7,0.0,174446.44241126222,12379.539175915233,7212.1437286255605,174446.44241126222,840.3309117172873,0.0,174446.44241126222,5816.265230031381,941.9477079924076,174446.44241126222,7192.903795725894,0.0
174446.86232738046,3817.1214074168493,109605.2443364166,174446.86232738046,35159.7,0.0,174446.86232738046,12379.539175915233,7212.1437286255605,174446.86232738046,840.3309117172873,0.0,174446.86232738046,5816.265230031381,941.9477079924076,174446.86232738046,7192.903795725894,0.0
174446.86232738046,3817.1214074168493,109605.2443364166,174446.86232738046,18075.14813979409,0.0,174446.86232738046,12379.539175915233,7212.1437286255605,174446.86232738046,840.3309117172873,0.0,174446.86232738046,5816.265230031381,941.9477079924076,174446.86232738046,7192.903795725894,0.0
174456.0,3817.1214074168493,109605.2443364166,174456.0,18075.14813979409,0.0,174456.0,12379.539175915233,7212.1437286255605,174456.0,840.3309117172873,0.0,174456.0,5816.265230031381,941.9477079924076,174456.0,7192.903795725894,0.0
174456.0,12990.485917814105,88293.53042956063,174456.0,19494.607121545065,0.0,174456.0,31190.56587040259,4112.178854929141,174456.0,885.352717015,0.0,174456.0,16756.63102506344,167.4394945375759,174456.0,7950.548747432089,0.0
174633.11064555953,12990.485917814105,88293.53042956063,174633.11064555953,19494.607121545065,0.0,174633.11064555953,31190.56587040259,4112.178854929141,174633.11064555953,885.352717015,0.0,174633.11064555953,16756.63102506344,167.4394945375759,174633.11064555953,7950.548747432089,0.0
174633.11064555953,12990.485917814105,272921.4,174633.11064555953,19494.607121545065,0.0,174633.11064555953,31190.56587040259,4112.178854929141,174633.11064555953,885.352717015,0.0,174633.11064555953,16756.63102506344,167.4394945375759,174633.11064555953,7950.548747432089,0.0
174635.90545543257,12990.485917814105,272921.4,174635.90545543257,19494.607121545065,0.0,174635.90545543257,31190.56587040259,4112.178854929141,174635.90545543257,885.352717015,0.0,174635.90545543257,16756.63102506344,167.4394945375759,174635.90545543257,7950.548747432089,0.0
174635.90545543257,12990.485917814105,272921.4,174635.90545543257,19494.607121545065,0.0,174635.90545543257,31190.56587040259,41653.7,174635.90545543257,885.352717015,0.0,174635.90545543257,16756.63102506344,167.4394945375759,174635.90545543257,7950.548747432089,0.0
174636.1080520694,12990.485917814105,272921.4,174636.1080520694,19494.607121545065,0.0,174636.1080520694,31190.56587040259,41653.7,174636.1080520694,885.352717015,0.0,174636.1080520694,16756.63102506344,167.4394945375759,174636.1080520694,7950.548747432089,0.0
174636.1080520694,12990.485917814105,272921.4,174636.1080520694,19494.607121545065,0.0,174636.1080520694,31190.56587040259,41653.7,174636.1080520694,885.352717015,0.0,174636.1080520694,16756.63102506344,3014.7,174636.1080520694,7950.548747432089,0.0
174637.89194793062,12990.485917814105,272921.4,174637.89194793062,19494.607121545065,0.0,174637.89194793062,31190.56587040259,41653.7,174637.89194793062,885.352717015,0.0,174637.89194793062,16756.63102506344,3014.7,174637.89194793062,7950.548747432089,0.0
174637.89194793062,12990.485917814105,272921.4,174637.89194793062,19494.607121545065,0.0,174637.89194793062,31190.56587040259,41653.7,174637.89194793062,885.352717015,0.0,174637.89194793062,16756.63102506344,167.4394945375759,174637.89194793062,7950.548747432089,0.0
174638.09454456743,12990.485917814105,272921.4,174638.09454456743,19494.607121545065,0.0,174638.09454456743,31190.56587040259,41653.7,174638.09454456743,885.352717015,0.0,174638.09454456743,16756.63102506344,167.4394945375759,174638.09454456743,7950.548747432089,0.0
174638.09454456743,12990.485917814105,272921.4,174638.09454456743,19494.607121545065,0.0,174638.09454456743,31190.56587040259,4112.178854929141,174638.09454456743,885.352717015,0.0,174638.09454456743,16756.63102506344,167.4394945375759,174638.09454456743,7950.548747432089,0.0
174640.8893544405,12990.485917814105,272921.4,174640.8893544405,19494.607121545065,0.0,174640.8893544405,31190.56587040259,4112.178854929141,174640.8893544405,885.352717015,0.0,174640.8893544405,16756.63102506344,167.4394945375759,174640.8893544405,7950.548747432089,0.0
174640.8893544405,12990.485917814105,88293.53042956063,174640.8893544405,19494.607121545065,0.0,174640.8893544405,31190.56587040259,4112.178854929141,174640.8893544405,885.352717015,0.0,174640.8893544405,16756.63102506344,167.4394945375759,174640.8893544405,7950.548747432089,0.0
175063.69020988912,12990.485917814105,88293.53042956063,175063.69020988912,19494.607121545065,0.0,175063.69020988912,31190.56587040259,4112.178854929141,175063.69020988912,885.352717015,0.0,175063.69020988912,16756.63102506344,167.4394945375759,175063.69020988912,7950.548747432089,0.0
175063.69020988912,12990.485917814105,88293.53042956063,175063.69020988912,19494.607121545065,0.0,175063.69020988912,154653.0,4112.178854929141,175063.69020988912,885.352717015,0.0,175063.69020988912,16756.63102506344,167.4394945375759,175063.69020988912,7950.548747432089,0.0
175064.11695080198,12990.485917814105,88293.53042956063,175064.11695080198,19494.607121545065,0.0,175064.11695080198,154653.0,4112.178854929141,175064.11695080198,885.352717015,0.0,175064.11695080198,16756.63102506344,167.4394945375759,175064.11695080198,7950.548747432089,0.0
175064.11695080198,12990.485917814105,88293.53042956063,175064.11695080198,19494.607121545065,0.0,175064.11695080198,154653.0,4112.178854929141,175064.11695080198,885.352717015,0.0,175064.11695080198,50002.9,167.4394945375759,175064.11695080198,7950.548747432089,0.0
175064.88783080244,12990.485917814105,88293.53042956063,175064.88783080244,19494.607121545065,0.0,175064.88783080244,154653.0,4112.178854929141,175064.88783080244,885.352717015,0.0,175064.88783080244,50002.9,167.4394945375759,175064.88783080244,7950.548747432089,0.0
175064.88783080244,112544.9,88293.53042956063,175064.88783080244,19494.607121545065,0.0,175064.88783080244,154653.0,4112.178854929141,175064.88783080244,885.352717015,0.0,175064.88783080244,50002.9,167.4394945375759,175064.88783080244,7950.548747432089,0.0
175073.11216919753,112544.9,88293.53042956063,175073.11216919753,19494.607121545065,0.0,175073.11216919753,154653.0,4112.178854929141,175073.11216919753,885.352717015,0.0,175073.11216919753,50002.9,167.4394945375759,175073.11216919753,7950.548747432089,0.0
175073.11216919753,12990.485917814105,88293.53042956063,175073.11216919753,19494.607121545065,0.0,175073.11216919753,154653.0,4112.178854929141,175073.11216919753,885.352717015,0.0,175073.11216919753,50002.9,167.4394945375759,175073.11216919753,7950.548747432089,0.0
175073.883049198,12990.485917814105,88293.53042956063,175073.883049198,19494.607121545065,0.0,175073.883049198,154653.0,4112.178854929141,175073.883049198,885.352717015,0.0,175073.883049198,50002.9,167.4394945375759,175073.883049198,7950.548747432089,0.0
175073.883049198,12990.485917814105,88293.53042956063,175073.883049198,19494.607121545065,0.0,175073.883049198,154653.0,4112.178854929141,175073.883049198,885.352717015,0.0,175073.883049198,16756.63102506344,167.4394945375759,175073.883049198,7950.548747432089,0.0
175074.30979011086,12990.485917814105,88293.53042956063,175074.30979011086,19494.607121545065,0.0,175074.30979011086,154653.0,4112.178854929141,175074.30979011086,885.352717015,0.0,175074.30979011086,16756.63102506344,167.4394945375759,175074.30979011086,7950.548747432089,0.0
175074.30979011086,12990.485917814105,88293.53042956063,175074.30979011086,19494.607121545065,0.0,175074.30979011086,31190.56587040259,4112.178854929141,175074.30979011086,885.352717015,0.0,175074.30979011086,16756.63102506344,167.4394945375759,175074.30979011086,7950.548747432089,0.0
175139.14756099874,12990.485917814105,88293.53042956063,175139.14756099874,19494.607121545065,0.0,175139.14756099874,31190.56587040259,4112.178854929141,175139.14756099874,885.352717015,0.0,175139.14756099874,16756.63102506344,167.4394945375759,175139.14756099874,7950.548747432089,0.0
175139.14756099874,12990.485917814105,88293.53042956063,175139.14756099874,37720.8,0.0,175139.14756099874,31190.56587040259,4112.178854929141,175139.14756099874,885.352717015,0.0,175139.14756099874,16756.63102506344,167.4394945375759,175139.14756099874,7950.548747432089,0.0
175139.56763795097,12990.485917814105,88293.53042956063,175139.56763795097,37720.8,0.0,175139.56763795097,31190.56587040259,4112.178854929141,175139.56763795097,885.352717015,0.0,175139.56763795097,16756.63102506344,167.4394945375759,175139.56763795097,7950.548747432089,0.0
175139.56763795097,12990.485917814105,88293.53042956063,175139.56763795097,37720.8,0.0,175139.56763795097,31190.56587040259,4112.178854929141,175139.56763795097,2589.0,0.0,175139.56763795097,16756.63102506344,167.4394945375759,175139.56763795097,7950.548747432089,0.0
175142.43236204903,12990.485917814105,88293.53042956063,175142.43236204903,37720.8,0.0,175142.43236204903,31190.56587040259,4112.178854929141,175142.43236204903,2589.0,0.0,175142.43236204903,16756.63102506344,167.4394945375759,175142.43236204903,7950.548747432089,0.0
175142.43236204903,12990.485917814105,88293.53042956063,175142.43236204903,37720.8,0.0,175142.43236204903,31190.56587040259,4112.178854929141,175142.43236204903,885.352717015,0.0,175142.43236204903,16756.63102506344,167.4394945375759,175142.43236204903,7950.548747432089,0.0
175142.85243900126,12990.485917814105,88293.53042956063,175142.85243900126,37720.8,0.0,175142.85243900126,31190.56587040259,4112.178854929141,175142.85243900126,885.352717015,0.0,175142.85243900126,16756.63102506344,167.4394945375759,175142.85243900126,7950.548747432089,0.0
175142.85243900126,12990.485917814105,88293.53042956063,175142.85243900126,19494.607121545065,0.0,175142.85243900126,31190.56587040259,4112.178854929141,175142.85243900126,885.352717015,0.0,175142.85243900126,16756.63102506344,167.4394945375759,175142.85243900126,7950.548747432089,0.0
175187.72234952814,12990.485917814105,88293.53042956063,175187.72234952814,19494.607121545065,0.0,175187.72234952814,31190.56587040259,4112.178854929141,175187.72234952814,885.352717015,0.0,175187.72234952814,16756.63102506344,167.4394945375759,175187.72234952814,7950.548747432089,0.0
175187.72234952814,12990.485917814105,88293.53042956063,175187.72234952814,19494.607121545065,0.0,175187.72234952814,31190.56587040259,4112.178854929141,175187.72234952814,885.352717015,0.0,175187.72234952814,16756.63102506344,167.4394945375759,175187.72234952814,15596.2,0.0
175190.27765047186,12990.485917814105,88293.53042956063,175190.27765047186,19494.607121545065,0.0,175190.27765047186,31190.56587040259,4112.178854929141,175190.27765047186,885.352717015,0.0,175190.27765047186,16756.63102506344,167.4394945375759,175190.27765047186,15596.2,0.0
175190.27765047186,12990.485917814105,88293.53042956063,175190.27765047186,19494.607121545065,0.0,175190.27765047186,31190.56587040259,4112.178854929141,175190.27765047186,885.352717015,0.0,175190.27765047186,16756.63102506344,167.4394945375759,175190.27765047186,7950.548747432089,0.0
175200.0,12990.485917814105,88293.53042956063,175200.0,19494.607121545065,0.0,175200.0,31190.56587040259,4112.178854929141,175200.0,885.352717015,0.0,175200.0,16756.63102506344,167.4394945375759,175200.0,7950.548747432089,0.0
175200.0,12990.485917814105,88293.53042956063,175200.0,19494.607121545065,0.0,175200.0,31190.56587040259,4112.178854929141,175200.0,885.352717015,0.0,175200.0,16756.63102506344,167.4394945375759,175200.0,7950.548747432089,0.0
