,Time[hr],Zone0_EFT[C],Zone1_EFT[C],Zone2_EFT[C],Zone3_EFT[C],Zone4_EFT[C],Zone5_EFT[C],GHE0_EFT[C],GHE0_MFT[C],GHE0_q_ghe[W/m],GHE0_ExFT[C],GHE1_EFT[C],GHE1_MFT[C],GHE1_q_ghe[W/m],GHE1_ExFT[C],GHE2_EFT[C],GHE2_MFT[C],GHE2_q_ghe[W/m],GHE2_ExFT[C]
1,13.000000,13.713992,13.706635,13.905583,13.623033,13.794416,13.614092,13.523934,13.905583,-2.165003,14.287231,13.614669,13.951695,-1.911872,14.288721,13.539449,13.913469,-2.121730,14.287489
2,15.941415,13.619929,13.612765,13.815327,13.533765,13.708363,13.517218,13.430711,13.815327,-2.188578,14.199944,13.525431,13.868428,-1.951752,14.211426,13.442842,13.822313,-2.159301,14.201785
3,131.741324,13.996897,15.511841,14.817144,14.369133,14.342028,14.038485,15.220930,14.817144,1.450454,14.413357,14.355881,14.329907,0.093302,14.303933,13.920382,14.084342,-0.588967,14.248303
4,134.258676,14.478429,15.753945,14.970306,15.220620,14.938121,14.682381,15.509212,14.970306,2.302791,14.431400,15.209438,14.700719,2.173802,14.191999,14.582812,14.359134,0.955795,14.135457
5,441.633583,14.018654,15.548368,14.867004,14.414620,14.379080,14.072556,15.254677,14.867004,1.379214,14.479330,14.401237,14.359693,0.147797,14.318150,13.953290,14.093356,-0.498310,14.233422
6,442.682661,13.782335,15.089428,14.741587,14.354956,14.342529,13.720410,14.838784,14.741587,0.404394,14.644389,14.343516,14.341666,0.007697,14.339816,13.618591,13.969470,-1.459845,14.320349
7,447.317339,13.150625,14.033714,14.169030,13.095830,13.375034,12.955431,13.864816,14.169030,-1.869668,14.473244,13.088129,13.626077,-3.306176,14.164025,12.886746,13.452202,-3.475241,14.017659
8,448.366417,13.482169,14.777162,14.431353,14.048439,14.030162,13.413933,14.528935,14.431353,0.409398,14.333772,14.037109,14.024084,0.054643,14.011060,13.313103,13.675387,-1.519940,14.037670
9,632.785313,14.024871,15.546850,14.875958,14.425839,14.387656,14.082680,15.254636,14.875958,1.354070,14.497281,14.412523,14.365898,0.166723,14.319272,13.964012,14.094424,-0.466325,14.224836
10,641.214687,15.342612,18.040097,16.536981,16.274341,15.851229,15.673513,17.868969,16.536981,8.218782,15.204993,16.266561,15.487814,4.805116,14.709066,15.604252,15.043595,3.459429,14.482938
11,731.186007,14.040748,15.585503,14.907337,14.450220,14.410394,14.100741,15.288705,14.907337,1.343435,14.525968,14.436698,14.387378,0.173738,14.338058,13.980254,14.109885,-0.456649,14.239517
12,731.582188,14.046997,15.473051,14.833462,14.411843,14.388608,14.102886,14.955227,14.833462,0.464741,14.711698,14.399368,14.379193,0.077001,14.359019,13.991703,14.110191,-0.452238,14.228680
13,731.743592,14.036628,15.452797,14.819291,14.400605,14.368985,14.085255,14.938590,14.819291,0.458491,14.699993,14.365344,14.372171,-0.026239,14.378998,13.974847,14.107234,-0.508793,14.239621
14,734.256408,13.919652,15.296048,14.714997,14.308093,14.299090,14.023298,14.796428,14.714997,0.321881,14.633566,14.273823,14.321199,-0.187268,14.368575,13.817463,14.036440,-0.865573,14.255418
15,734.417812,13.972483,15.387061,14.725127,14.306989,14.297531,14.014138,14.873469,14.725127,0.570638,14.576784,14.271775,14.320068,-0.185772,14.368361,13.903867,14.050901,-0.565604,14.197935
16,734.813993,13.984734,15.408688,14.732865,14.311959,14.313043,14.027766,14.891665,14.732865,0.606867,14.574065,14.299506,14.324888,-0.096998,14.350269,13.916762,14.062417,-0.556633,14.208072
17,744.000000,14.035804,15.561646,14.890875,14.439627,14.401118,14.095377,15.268706,14.890875,1.347717,14.513043,14.426277,14.379104,0.168267,14.331931,13.976413,14.103680,-0.453958,14.230947
18,776.518609,14.332969,16.277962,15.233063,14.888848,14.730340,14.488885,15.960882,15.233063,2.435784,14.505244,14.874366,14.604318,0.903768,14.334270,14.360096,14.301966,0.194541,14.243837
19,785.481391,15.858095,18.916981,17.139608,16.956072,16.413217,16.284702,18.747451,17.139608,10.173217,15.531765,16.948343,15.944982,6.348509,14.941622,16.216039,15.449016,4.853146,14.681992
20,873.592313,14.400425,16.368001,15.320144,14.971634,14.806948,14.562572,16.046974,15.320144,2.404598,14.593314,14.956975,14.675675,0.930635,14.394375,14.432218,14.364092,0.225384,14.295966
21,874.274139,14.006578,15.218757,15.044730,13.865425,14.098040,13.947749,15.021796,15.044730,-0.123015,15.067663,13.856431,14.309448,-2.430010,14.762465,13.867590,14.165422,-1.597590,14.463255
22,879.725861,13.528236,14.031762,14.241151,13.284908,13.532924,13.410948,13.872390,14.241151,-2.431836,14.609913,13.277612,13.756322,-3.156904,14.235033,13.345908,13.736610,-2.576527,14.127313
23,880.407687,13.545087,14.740946,14.504426,13.341762,13.582716,13.434533,14.546766,14.504426,0.229871,14.462087,13.332897,13.801306,-2.543096,14.269716,13.355524,13.761730,-2.205379,14.167936
24,896.934996,14.352865,16.291686,15.258334,14.915153,14.751088,14.510356,15.975550,15.258334,2.407962,14.541118,14.900713,14.620166,0.941899,14.339620,14.381954,14.319620,0.209279,14.257286
25,905.065004,14.028177,15.676721,15.044777,14.752968,14.650734,14.057440,15.408374,15.044777,1.434212,14.681179,14.740689,14.572023,0.665304,14.403357,13.948381,14.119373,-0.674479,14.290365
26,923.597689,14.373467,16.320787,15.283642,14.938990,14.776850,14.535098,16.003316,15.283642,2.405969,14.563967,14.924490,14.647665,0.925463,14.370840,14.406145,14.336122,0.234096,14.266099
27,923.756424,14.366543,16.302446,15.281993,14.939364,14.763026,14.522701,15.986867,15.281993,2.370360,14.577119,14.898872,14.644161,0.856545,14.389450,14.394512,14.334578,0.201547,14.274644
28,926.243576,14.279086,16.154592,15.236931,14.904957,14.740097,14.507221,15.848956,15.236931,2.123777,14.624907,14.865723,14.630174,0.817377,14.394624,14.271788,14.287426,-0.054265,14.303064
29,926.402311,14.339040,16.274299,15.249877,14.907377,14.740027,14.499780,15.958833,15.249877,2.384656,14.540922,14.866900,14.629012,0.800165,14.391124,14.371635,14.301789,0.234935,14.231943
30,947.208494,14.382465,16.332130,15.295144,14.950078,14.786324,14.544282,16.014286,15.295144,2.401398,14.576002,14.935560,14.655741,0.934386,14.375922,14.415176,14.345081,0.234067,14.274985
31,950.791506,14.348074,16.163005,15.151390,14.830329,14.710527,14.485249,15.609418,15.151390,1.642823,14.693362,14.816820,14.617521,0.714832,14.418221,14.365083,14.328634,0.130732,14.292186
32,1139.663041,14.425594,16.374527,15.346204,15.001241,14.833853,14.591894,16.056792,15.346204,2.374069,14.635615,14.986728,14.700087,0.957662,14.413447,14.462828,14.383040,0.266570,14.303253
33,1142.336959,14.988004,16.560802,15.512369,15.972857,15.524664,15.329272,16.304679,15.512369,3.286368,14.720059,15.961117,15.142768,3.394376,14.324418,15.224973,14.717183,2.106225,14.209394
34,1284.090673,14.441284,16.394484,15.367848,15.022107,14.852802,14.610293,16.076036,15.367848,2.360933,14.659660,15.007560,14.717389,0.967362,14.427218,14.480932,14.395972,0.283236,14.311012
35,1285.909327,14.491660,16.414924,15.380785,15.040395,14.865788,14.680249,16.101393,15.380785,2.440221,14.660177,15.026073,14.725539,1.017709,14.425005,14.552862,14.421715,0.444107,14.290569
36,1416.000000,14.454531,16.405810,15.384337,15.038940,14.867978,14.625721,16.087684,15.384337,2.347281,14.680990,15.024408,14.731101,0.978853,14.437794,14.496493,14.406575,0.300086,14.316656
37,1431.536976,14.641771,16.851074,15.594240,15.591166,15.280455,14.932236,16.363704,15.594240,3.112020,14.824775,15.557786,15.037791,2.103065,14.517797,14.732200,14.538423,0.783710,14.344646
38,1431.786598,14.698952,16.973371,15.611911,15.608744,15.288737,14.930322,16.471498,15.611911,3.377661,14.752323,15.574385,15.038795,2.104547,14.503205,14.823981,14.556062,1.052762,14.288143
39,1432.613781,14.722323,17.010639,15.634470,15.631279,15.317353,14.956738,16.505666,15.634470,3.402762,14.763274,15.618587,15.053773,2.206078,14.488959,14.849744,14.576698,1.066477,14.303652
40,1437.074001,14.798629,17.241027,15.823889,15.820435,15.446690,15.061711,16.954646,15.823889,4.139039,14.693131,15.806881,15.131522,2.472094,14.456163,14.947490,14.628501,1.167633,14.309512
41,1857.939356,15.428818,18.212479,16.419091,16.415002,15.930806,15.843793,17.885549,16.419091,4.720100,14.952634,16.399549,15.520656,2.828902,14.641762,15.713458,15.103516,1.963225,14.493574
42,1859.928432,14.940404,16.798708,16.057375,15.188643,15.141612,15.083606,16.581268,16.057375,2.521613,15.533482,15.178362,15.109456,0.331659,15.040550,14.996731,14.876030,0.580957,14.755330
43,1862.071568,14.794630,16.069772,15.705344,14.950347,14.943970,14.893536,15.881131,15.705344,0.972250,15.529558,14.941410,14.946210,-0.026548,14.951010,14.817998,14.767924,0.276955,14.717849
44,1864.060644,14.789129,16.636103,15.877696,15.014423,14.969896,14.912261,16.420050,15.877696,2.625153,15.335342,15.004208,14.939874,0.311396,14.875540,14.825940,14.747059,0.381808,14.668178
45,2074.507393,15.478144,18.259153,16.475907,16.471808,15.984266,15.897323,17.932489,16.475907,4.693583,15.019324,16.456367,15.571177,2.852370,14.685988,15.767101,15.147907,1.995246,14.528713
46,2074.888455,16.078758,19.654346,17.326578,17.324586,16.643915,16.603304,19.501362,17.326578,15.039478,15.151794,17.317367,16.054645,8.732210,14.791924,16.542451,15.548823,6.871322,14.555195
47,2075.475514,16.968670,19.862439,17.870496,18.591941,17.684344,17.651460,19.738965,17.870496,16.018601,16.002026,18.586089,16.895317,14.495181,15.204545,17.602167,16.244673,11.637945,14.887180
48,2078.524486,18.140154,20.910934,18.929153,19.618741,18.737791,18.865538,20.792813,18.929153,16.762667,17.065493,19.613143,17.971859,14.762512,16.330574,18.818336,17.365089,13.071218,15.911841
49,2079.111545,18.064068,20.943577,18.955308,19.672229,18.786190,18.753497,20.820795,18.955308,16.142498,17.089820,19.666409,18.015998,14.281396,16.365587,18.704460,17.332192,11.874558,15.959924
50,2079.492607,17.585178,21.142640,18.877743,18.875712,18.195222,18.154830,20.990559,18.877743,14.770133,16.764928,18.868529,17.606079,8.825455,16.343628,18.094265,17.003365,7.626192,15.912465
51,2160.000000,15.523191,18.305144,16.526068,16.521759,16.032383,15.945337,17.978115,16.526068,4.676563,15.074021,16.506303,15.617704,2.861884,14.729104,15.814982,15.189716,2.013774,14.564450
52,2175.583211,15.927338,18.947243,16.880121,17.165626,16.507702,16.570485,18.657818,16.880121,5.974717,15.102425,17.152339,15.943645,4.062339,14.734951,16.342102,15.453322,2.987130,14.564542
53,2219.396132,16.117638,19.231121,17.032641,17.326894,16.635172,16.699870,18.932640,17.032641,6.198250,15.132642,17.313196,16.041900,4.147272,14.770604,16.580528,15.588620,3.235843,14.596711
54,2219.778980,16.098310,19.003814,16.957027,17.231594,16.590152,16.650528,18.466009,16.957027,5.274668,15.448045,17.218815,16.040071,4.120316,14.861327,16.539173,15.594466,3.302233,14.649760
55,2222.221020,16.055387,18.941323,16.882012,17.154724,16.524267,16.584239,18.407179,16.882012,5.366541,15.356845,17.118407,16.004395,3.919830,14.890382,16.473646,15.577377,3.153667,14.681107
56,2222.603868,16.062434,18.966717,16.880585,17.155023,16.536791,16.597144,18.429142,16.880585,5.414559,15.332029,17.142252,16.007013,3.969387,14.871774,16.485845,15.578535,3.172429,14.671225
57,2554.940749,16.282685,19.396095,17.214987,17.509181,16.809545,16.874222,19.097624,17.214987,6.145513,15.332351,17.495482,16.209350,4.198338,14.923217,16.754872,15.743044,3.302921,14.731216
58,2555.068972,16.131613,18.955327,17.180402,17.447351,16.785830,16.601153,18.684907,17.180402,5.412008,15.675896,17.434923,16.217873,4.377974,15.000823,16.492966,15.718637,2.785418,14.944307
59,2555.227931,15.908487,18.016589,17.068620,16.595735,16.333250,16.195502,17.815232,17.068620,3.594435,16.322008,16.586480,16.111674,2.285871,15.636868,16.114800,15.672701,2.128409,15.230603
60,2558.772069,15.563891,17.192403,16.517066,16.091890,15.900217,15.776326,17.011566,16.517066,2.642312,16.022566,16.083569,15.739785,1.836979,15.396000,15.703742,15.404062,1.601310,15.104381
61,2558.931028,15.551572,17.649263,16.588567,16.118282,15.908555,15.771550,17.448935,16.588567,4.157269,15.728199,16.109079,15.733097,1.816732,15.357115,15.691286,15.391898,1.446631,15.092511
62,2559.059251,15.762092,18.581037,16.686849,16.953395,16.349104,16.164797,18.311066,16.686849,5.844571,15.062632,16.940995,15.831199,3.993480,14.721404,16.056840,15.425237,2.272753,14.793635
63,2627.229504,16.298556,19.414849,17.233261,17.527723,16.826716,16.891451,19.116081,17.233261,6.140662,15.350441,17.514010,16.225333,4.202915,14.936655,16.771982,15.757498,3.308655,14.743014
64,2630.770496,17.506108,19.454113,17.674504,19.277617,18.254556,18.294946,19.268177,17.674504,8.352480,16.080830,19.269026,17.366895,9.969108,15.464765,18.220187,16.690018,8.019650,15.159849
65,2649.682752,16.342129,19.437292,17.268181,17.560656,16.867810,16.932092,19.140563,17.268181,6.148736,15.395800,17.547033,16.273489,4.182208,14.999945,16.813409,15.803522,3.316383,14.793634
66,2650.765302,17.319521,21.072232,18.659104,18.789818,17.952521,17.981216,20.939301,18.659104,16.812341,16.378907,18.783723,17.225219,11.491148,15.666716,17.928142,16.623954,9.616035,15.319765
67,2655.234698,18.337286,21.915293,19.623642,19.748130,18.875782,19.070782,21.788737,19.623642,16.810747,17.458547,19.742322,18.117559,12.615372,16.492797,19.020177,17.556840,11.361991,16.093503
68,2656.317248,18.228005,21.952681,19.643289,19.772948,18.896582,18.925023,21.820882,19.643289,16.236242,17.465697,19.766900,18.135054,12.167135,16.503207,18.872357,17.491602,10.294987,16.110846
69,2880.000000,16.397733,19.488432,17.338761,17.630679,16.929534,16.993712,19.191945,17.338761,6.094699,15.485578,17.617071,16.327939,4.239660,15.038808,16.875158,15.852105,3.364590,14.829051
70,2895.377079,16.597298,19.113237,17.437622,17.575008,17.007218,17.155965,18.757039,17.437622,6.441409,16.118204,17.550902,16.531494,4.976757,15.512087,17.013025,16.122181,4.349109,15.231337
71,2895.399730,16.602196,19.125757,17.438428,17.576229,17.015790,17.164987,18.768476,17.438428,6.473838,16.108380,17.567589,16.532966,5.035896,15.498342,17.021612,16.122864,4.374543,15.224115
72,2895.610418,16.724212,19.551773,17.485659,17.960715,17.224455,17.391624,19.151019,17.485659,7.237761,15.820300,17.951025,16.588707,5.920724,15.226389,17.230907,16.145132,4.718850,15.059357
73,2896.241023,16.829814,19.719831,17.556652,18.042097,17.291863,17.462681,19.310151,17.556652,7.459123,15.803154,18.032193,16.644074,5.904855,15.255954,17.380438,16.200529,5.019158,15.020620
74,2987.063135,17.235010,20.281899,18.063921,18.575609,17.749325,17.929320,20.059774,18.063921,8.065386,16.068068,18.565163,17.035468,6.181608,15.505773,17.842588,16.540635,5.261289,15.238681
75,2990.936865,17.129278,20.043689,18.000603,18.490163,17.706078,17.766943,19.831316,18.000603,7.731274,16.169890,18.480170,17.028746,6.129500,15.577322,17.684003,16.495307,5.019978,15.306610
76,3129.658502,17.340355,20.383964,18.173619,18.684704,17.857293,18.037066,20.162096,18.173619,8.047617,16.185141,18.674270,17.142439,6.199512,15.610608,17.950430,16.643126,5.290820,15.335823
77,3130.540498,18.215977,21.874937,19.486567,19.736804,18.842613,18.930517,21.766146,19.486567,18.910449,17.206987,19.731693,18.064667,13.828958,16.397641,18.888107,17.447829,11.947946,16.007551
78,3135.459502,20.337964,23.235610,21.128188,22.117679,21.096602,21.166013,23.149838,21.128188,21.359330,19.106538,22.113633,20.206699,20.147318,18.299766,21.132443,19.429989,17.986925,17.727536
79,3136.341498,19.654063,23.265479,20.925640,21.172281,20.299666,20.386241,23.158306,20.925640,18.877509,18.692975,21.167243,19.540536,13.754036,17.913830,20.344417,18.865088,12.507941,17.385758
80,3562.788534,17.548967,20.555500,18.386927,18.891576,18.068444,18.245959,20.336179,18.386927,7.989671,16.437674,18.881261,17.357229,6.246760,15.833197,18.160317,16.850282,5.369620,15.540248
81,3563.395962,17.980286,20.580794,18.493378,18.929349,18.130397,18.821711,20.391578,18.493378,9.013824,16.595179,18.920448,17.439102,7.034350,15.957755,18.747655,17.103293,7.808445,15.458932
82,3566.604038,18.020672,20.211519,18.440085,18.842923,18.118488,18.757340,20.036875,18.440085,8.204998,16.843296,18.834699,17.491802,6.900391,16.148905,18.688919,17.256962,7.358018,15.825005
83,3567.211466,18.090295,20.686242,18.550557,18.985635,18.192819,18.882709,20.497373,18.550557,9.265147,16.603742,18.976752,17.506878,6.995318,16.037005,18.808801,17.269146,7.327418,15.729491
84,3624.000000,17.577768,20.610325,18.421174,18.930289,18.100307,18.279366,20.389296,18.421174,8.001539,16.453053,18.919892,17.383169,6.247657,15.846446,18.193041,16.874599,5.360220,15.556157
85,3639.600846,18.321235,21.148898,19.065664,19.671148,18.826090,19.077378,20.872683,19.065664,10.340817,17.258645,19.652698,18.102808,8.869374,16.552918,18.968731,17.581239,7.940032,16.193748
86,3639.843509,18.364357,21.222030,19.080643,19.692466,18.837464,19.091381,20.942885,19.080643,10.547252,17.218402,19.673824,18.105648,8.881739,16.537473,19.036109,17.596641,8.152774,16.157172
87,3640.724566,18.389369,21.255352,19.104129,19.717710,18.864314,19.118961,20.975393,19.104129,10.568697,17.232864,19.710759,18.123675,8.963678,16.536590,19.063528,17.618902,8.159093,16.174275
88,3732.486425,18.787353,21.756366,19.573118,20.208595,19.295018,19.558676,21.606092,19.573118,11.101439,17.540143,20.201393,18.501939,9.280190,16.802485,19.501252,17.971469,8.353671,16.441685
89,3733.513575,18.782618,21.734960,19.570306,20.192900,19.286834,19.549012,21.585542,19.570306,11.066646,17.555070,20.185739,18.500292,9.255612,16.814845,19.491913,17.971995,8.346612,16.452077
90,3900.491502,18.963119,21.927612,19.752535,20.386927,19.472879,19.736066,21.777598,19.752535,11.083253,17.727471,20.379737,18.679378,9.306137,16.979018,19.678736,18.145271,8.392719,16.611805
91,3901.508498,18.800445,20.787213,19.398507,19.926956,19.216213,19.435535,20.662569,19.398507,8.296455,18.134444,19.920970,18.599551,8.672898,17.278133,19.387780,18.129205,8.260440,16.870629
92,4305.773772,19.242030,22.208800,20.041789,20.676475,19.758059,20.021336,22.058688,20.041789,11.042752,18.024889,20.669281,18.960740,9.354456,17.252199,19.963970,18.416957,8.470070,16.869944
93,4306.189455,19.833824,23.355272,21.017268,21.368829,20.441696,20.587357,23.272090,21.017268,22.354585,18.762446,21.364847,19.633938,17.160445,17.903029,20.555615,19.008920,15.334127,17.462224
94,4306.282405,20.074001,23.387604,21.142062,21.472683,20.550032,20.893851,23.309415,21.142062,22.859290,18.974709,21.468939,19.745988,18.172133,18.023038,20.863983,19.171165,17.854330,17.478346
95,4311.717595,22.663721,25.421486,23.343130,24.276099,23.249094,23.534191,25.356750,23.343130,25.803060,21.329511,24.272990,22.353186,24.600877,20.433383,23.509392,21.697239,23.221421,19.885085
96,4311.810545,22.342037,25.625511,23.293823,23.620506,22.785892,23.125364,25.548344,23.293823,24.241445,21.039302,23.616809,22.058839,16.751874,20.500869,23.095861,21.480524,17.368695,19.865188
97,4312.226228,21.904131,25.382387,23.093478,23.439995,22.521801,22.665232,25.300528,23.093478,22.356771,20.886428,23.436073,21.721814,17.364943,20.007555,22.633959,21.070043,15.842003,19.506128
98,4344.000000,19.376156,22.287230,20.168292,20.790850,19.887145,20.145412,22.139819,20.168292,11.001294,18.196765,20.783785,19.102584,9.381248,17.421384,20.089074,18.561392,8.524598,17.033711
99,4359.557119,19.476460,22.357206,20.255524,20.893212,19.983683,20.294494,22.227263,20.255524,11.416120,18.283785,20.887189,19.193115,9.808478,17.499041,20.197773,18.652102,8.949245,17.106430
100,4403.403694,19.557307,22.471706,20.317749,20.962789,20.035147,20.349524,22.340244,20.317749,11.578730,18.295254,20.956697,19.228790,9.892228,17.500882,20.299221,18.709405,9.101655,17.119589
101,4403.774192,19.533949,22.363959,20.265279,20.891602,19.998437,20.303712,22.118892,20.265279,10.927252,18.411666,20.885687,19.222093,9.807073,17.558498,20.254868,18.710041,9.106926,17.165214
102,4406.225808,19.497770,22.320414,20.213426,20.838114,19.950475,20.254963,22.075981,20.213426,11.006940,18.350871,20.821954,19.187931,9.656408,17.553908,20.206247,18.688083,8.971727,17.169920
103,4406.596306,19.501375,22.331853,20.212759,20.839171,19.956342,20.261675,22.086737,20.212759,11.043958,18.338781,20.833255,19.189042,9.689881,17.544829,20.212823,18.688291,8.984562,17.163759
104,4546.507440,19.640122,22.555261,20.403756,21.048905,20.119423,20.433841,22.423777,20.403756,11.565673,18.383736,21.042812,19.311458,9.912906,17.580104,20.383528,18.790514,9.120838,17.197500
105,4551.492560,20.093527,22.726388,20.626430,21.208392,20.296644,20.940232,22.607803,20.626430,12.584838,18.645057,21.202897,19.503673,10.792743,17.804450,20.894800,19.177786,10.905747,17.460771
106,4617.975046,19.684645,22.590461,20.447956,21.091017,20.163282,20.476676,22.459407,20.447956,11.555595,18.436506,21.084943,19.356828,9.927859,17.628714,20.426525,18.836782,9.132930,17.247038
107,4624.024954,21.533997,25.028773,22.788001,23.155513,22.172040,22.350816,24.953864,22.788001,21.930279,20.622138,23.152044,21.314538,18.605522,19.477032,22.322181,20.633215,17.101489,18.944250
108,4786.433756,19.797495,22.676011,20.560267,21.197091,20.275745,20.586121,22.546130,20.560267,11.519568,18.574405,21.191072,19.474834,9.955531,17.758596,20.536424,18.953006,9.185071,17.369588
109,4791.566244,20.986204,23.108396,21.191046,22.686577,21.628879,21.857398,23.013064,21.191046,14.412184,19.369027,22.682143,20.707273,15.621238,18.732404,21.820805,20.032374,14.146511,18.243942
110,5052.276030,19.952479,22.845468,20.722474,21.362553,20.435261,20.747133,22.715031,20.722474,11.510080,18.729918,21.356507,19.629171,9.978021,17.901836,20.697207,19.101360,9.218472,17.505513
111,5053.723970,19.931125,22.716568,20.678280,21.308530,20.403492,20.710622,22.588168,20.678280,11.203246,18.768391,21.302578,19.616793,9.888672,17.931008,20.661468,19.096447,9.180280,17.531426
112,5088.000000,19.972237,22.883819,20.746108,21.390248,20.457435,20.771313,22.752552,20.746108,11.518298,18.739664,21.384164,19.646546,9.975059,17.908929,20.721075,19.116422,9.211757,17.511769
113,5482.092453,20.307077,23.280669,21.137987,21.770342,20.827672,21.110167,23.153087,21.137987,11.907159,19.122886,21.764158,20.008246,10.375619,18.252335,21.062458,19.443783,9.564693,17.825108
114,5482.541584,20.894262,24.373307,22.080310,22.451426,21.504908,21.670511,24.298422,22.080310,22.400973,19.862199,22.447801,20.679877,17.854478,18.911952,21.642545,20.039081,16.193578,18.435617
115,5482.698903,21.432976,24.269291,22.295967,23.279197,22.168506,22.303456,24.208410,22.295967,23.747870,20.383524,23.276241,21.199239,25.791288,19.122237,22.280666,20.464187,22.556224,18.647709
116,5487.301097,23.511987,26.240342,24.187846,25.130882,24.098605,24.390040,26.182007,24.187846,25.984248,22.193685,25.128050,23.197842,25.150929,21.267633,24.368183,22.533477,23.906515,20.698772
117,5487.458416,23.390736,26.201887,24.160498,25.132564,24.094508,24.227863,26.141791,24.160498,25.050548,22.179205,25.129646,23.188763,24.539612,21.247881,24.205354,22.459743,22.070706,20.714131
118,5487.907547,22.789576,26.221697,23.955063,24.320444,23.403408,23.566315,26.148112,23.955063,22.645757,21.762014,24.316878,22.604122,17.686187,20.891365,23.538806,21.933313,16.578567,20.327820
119,5724.257489,20.465047,23.384315,21.290261,21.910854,20.981836,21.259089,23.258979,21.290261,11.852462,19.321543,21.904779,20.174260,10.418410,18.443741,21.212221,19.611135,9.639171,18.010049
120,5725.742511,20.445176,23.289275,21.250835,21.868595,20.953902,21.229874,23.164683,21.250835,11.580402,19.336988,21.862555,20.158830,10.308981,18.455105,21.183266,19.601644,9.570153,18.020022
121,5819.213578,20.522413,23.489886,21.358812,21.989727,21.046248,21.328072,23.362611,21.358812,11.876034,19.355014,21.983557,20.226102,10.416019,18.468647,21.280473,19.656060,9.627506,18.031647
122,5819.610594,20.500675,23.391042,21.308106,21.922584,21.011188,21.285688,23.160426,21.308106,11.270060,19.455785,21.916576,20.218974,10.328704,18.521373,21.239328,19.656500,9.630385,18.073673
123,5819.751613,20.493556,23.377678,21.299599,21.912752,20.999957,21.273864,23.147563,21.299599,11.267551,19.451634,21.897594,20.214525,10.262134,18.531457,21.227604,19.654645,9.590769,18.081685
124,5822.248387,20.419922,23.273869,21.230784,21.837582,20.944910,21.215996,23.046156,21.230784,11.182261,19.415412,21.822581,20.176947,10.136720,18.531312,21.128911,19.609649,9.358294,18.090387
125,5822.389406,20.449658,23.334488,21.238448,21.851747,20.950700,21.224689,23.104301,21.238448,11.371650,19.372595,21.836586,20.175551,10.123364,18.514516,21.178416,19.616791,9.517500,18.055166
126,5822.786422,20.457777,23.348816,21.244901,21.859511,20.960128,21.234703,23.118132,21.244901,11.392501,19.371670,21.853502,20.178425,10.187380,18.503348,21.188331,19.622857,9.520802,18.057384
127,5832.000000,20.523142,23.490498,21.358256,21.989143,21.046428,21.328240,23.363228,21.358256,11.883496,19.353284,21.982973,20.226951,10.407968,18.470929,21.280643,19.657426,9.620830,18.034209
128,5913.687161,19.611105,22.651023,20.506569,21.052994,20.153845,20.377726,22.485444,20.506569,9.241815,18.527694,21.045231,19.373881,7.805599,17.702532,20.314343,18.807405,7.037760,17.300466
129,5915.587770,19.976501,22.729389,20.635411,21.129671,20.247388,20.820718,22.579659,20.635411,10.043075,18.691162,21.122651,19.481533,8.477245,17.840415,20.763330,19.077269,8.709397,17.391208
130,5918.412230,19.945397,22.349239,20.528247,20.991884,20.182065,20.719960,22.208901,20.528247,9.251765,18.847592,20.985300,19.479235,8.290674,17.973170,20.666128,19.121706,8.501827,17.577283
131,5920.312839,20.023227,22.771850,20.662597,21.156030,20.276324,20.848690,22.622363,20.662597,10.141081,18.702831,21.149021,19.512714,8.467298,17.876407,20.791398,19.145317,8.517871,17.499237
132,5962.865267,19.595171,22.644577,20.492661,21.040808,20.138613,20.363202,22.478492,20.492661,9.245323,18.506830,21.033021,19.356006,7.807586,17.678991,20.299626,18.790078,7.027920,17.280530
133,5967.134733,20.843683,22.914742,21.062498,22.652129,21.569245,21.721559,22.802446,21.062498,11.990473,19.322551,22.646840,20.626350,13.923773,18.605859,21.678410,19.889709,12.326450,18.101007
134,5985.336856,19.631566,22.665995,20.520316,21.065780,20.172070,20.395529,22.500722,20.520316,9.265998,18.539911,21.058030,19.396854,7.772371,17.735679,20.332254,18.830780,7.025156,17.329305
135,5992.663144,21.525185,25.156638,22.898152,23.185600,22.213585,22.331136,25.069534,22.898152,19.422436,20.726770,23.181518,21.366643,16.233578,19.551768,22.297824,20.642170,14.809384,18.986516
136,6396.253169,19.689325,22.709940,20.590789,21.133612,20.235478,20.457902,22.545335,20.590789,9.187609,18.636242,21.125895,19.456363,7.847860,17.786830,20.394899,18.882955,7.107096,17.371010
137,6397.746831,19.660355,22.665351,20.577403,21.070223,20.194066,20.415353,22.501723,20.577403,9.094006,18.653083,21.062552,19.434141,7.695588,17.805731,20.352712,18.869090,7.011344,17.385468
138,6515.147363,19.730389,22.787571,20.641380,21.190857,20.282286,20.507403,22.621089,20.641380,9.198798,18.661671,21.183051,19.494118,7.847698,17.805184,20.443673,18.915207,7.102079,17.386742
139,6515.587969,19.706452,22.652300,20.579548,21.108965,20.241011,20.457928,22.342691,20.579548,8.501281,18.816404,21.101445,19.488132,7.778847,17.874820,20.396523,18.917801,7.129897,17.439079
140,6518.412031,19.668792,22.604848,20.522547,21.050196,20.188975,20.405175,22.296264,20.522547,8.579405,18.748831,21.029680,19.453359,7.624609,17.877038,20.343975,18.897153,6.998226,17.450332
141,6518.852637,19.673159,22.619352,20.521822,21.051281,20.196328,20.413274,22.309694,20.521822,8.618282,18.733951,21.043760,19.454824,7.659333,17.865888,20.351862,18.897498,7.010640,17.443133
142,6539.720842,19.737208,22.794342,20.647997,21.197460,20.289031,20.514141,22.627863,20.647997,9.199943,18.668131,21.189654,19.500985,7.846825,17.812316,20.450413,18.922118,7.101607,17.393822
143,6542.279158,19.678478,22.687635,20.615124,21.156044,20.266321,20.487940,22.523781,20.615124,9.008205,18.706468,21.148360,19.494536,7.805485,17.840712,20.364770,18.894145,6.940849,17.423519
144,6552.000000,19.740713,22.797663,20.651833,21.201262,20.292909,20.518006,22.631196,20.651833,9.198293,18.672470,21.193457,19.504930,7.846750,17.816403,20.454281,18.925207,7.105758,17.396132
145,6560.547495,18.749534,21.826317,19.812896,20.085380,19.338029,19.394417,21.567966,19.812896,5.718368,18.057826,20.073401,18.694578,4.492481,17.315754,19.293946,18.127348,3.801010,16.960750
146,6565.000000,19.129980,21.846902,19.886345,20.126639,19.385353,19.884556,21.619145,19.886345,6.404156,18.153544,20.116078,18.745968,5.063711,17.375857,19.795837,18.369002,5.273355,16.942167
147,6587.030262,18.543268,21.624797,19.604187,19.877156,19.129454,19.185954,21.366027,19.604187,5.727057,17.842348,19.865160,18.485710,4.484055,17.106261,19.085331,17.923767,3.775793,16.762204
148,6590.969738,19.748680,21.687786,20.017403,21.594956,20.542446,20.577940,21.525721,20.017403,7.830093,18.509085,21.587399,19.628113,10.171190,17.668827,20.514619,18.873321,8.520429,17.232023
149,6756.240597,18.352051,21.421265,19.412150,19.684112,18.938881,18.995157,21.163462,19.412150,5.710442,17.660838,19.672157,18.297265,4.483062,16.922373,18.894898,17.731653,3.792952,16.568409
150,6757.759403,18.300550,20.683064,19.230339,19.471617,18.829457,18.879419,20.454783,19.230339,4.498020,18.005895,19.461017,18.276841,4.350095,17.092665,18.790483,17.740626,3.856671,16.690770
151,6993.124027,18.322470,21.410888,19.392237,19.665883,18.914562,18.971211,21.151484,19.392237,5.700923,17.632990,19.653858,18.267677,4.491984,16.881497,18.870358,17.696313,3.804548,16.522268
152,7000.875973,20.159539,23.894176,21.661239,21.785102,20.879320,20.904902,23.776608,21.661239,15.245949,19.545869,21.779654,20.091528,12.166711,18.403402,20.859236,19.359885,10.806165,17.860534
153,7281.585715,18.358058,21.424842,19.431522,19.703140,18.952455,19.008682,21.167095,19.431522,5.663114,17.695949,19.691192,18.306061,4.519636,16.920930,18.908480,17.729004,3.848590,16.549527
154,7282.882499,18.199366,21.054325,19.354687,19.607747,18.908475,18.752629,20.814697,19.354687,5.115562,17.894678,19.596628,18.306340,4.520895,17.016052,18.659427,17.673582,3.454191,16.687737
155,7283.121032,18.006280,20.277456,19.257359,18.891743,18.523273,18.399353,20.087170,19.257359,3.651986,18.427548,18.882913,18.208589,2.967690,17.534265,18.325249,17.641745,3.008088,16.958242
156,7283.553354,17.943034,20.113071,19.120119,18.770838,18.426425,18.308035,19.756839,19.120119,2.932062,18.483400,18.762403,18.132445,2.900928,17.502486,18.237238,17.606801,2.903133,16.976364
157,7283.704995,17.923064,20.083196,19.094276,18.746589,18.397504,18.279657,19.728598,19.094276,2.934187,18.459953,18.722791,18.112878,2.821278,17.502964,18.209185,17.596069,2.836093,16.982952
158,7286.295005,17.722455,19.842117,18.882743,18.541514,18.215100,18.099440,19.494175,18.882743,2.880000,18.271310,18.518161,17.949922,2.676547,17.381683,17.961349,17.449433,2.411254,16.937516
159,7286.446646,17.759084,19.916552,18.888530,18.541264,18.211673,18.093969,19.562366,18.888530,3.118781,18.214694,18.517498,17.944077,2.654020,17.370655,18.023588,17.456793,2.623355,16.889997
160,7286.878968,17.760043,19.926041,18.886461,18.537826,18.213621,18.095452,19.570445,18.886461,3.153291,18.202478,18.529408,17.937308,2.729693,17.345208,18.024793,17.457472,2.615453,16.890152
161,7287.117501,17.759488,20.024883,18.933863,18.569175,18.226433,18.102835,19.835070,18.933863,3.972429,18.032656,18.560370,17.934238,2.759922,17.308107,18.028931,17.451553,2.545023,16.874175
162,7288.414285,18.044318,20.898939,19.161962,19.415006,18.733031,18.577188,20.659300,19.161962,5.243686,17.664623,19.403889,18.146030,4.405026,16.888172,18.483998,17.541827,3.299488,16.599656
163,7296.000000,18.316059,21.408705,19.386412,19.660436,18.909477,18.966205,21.148945,19.386412,5.703576,17.623880,19.648395,18.262924,4.483401,16.877453,18.865211,17.688456,3.807994,16.511701
164,7353.704030,17.704423,20.526554,18.880138,18.846537,18.290261,18.210335,20.215280,18.880138,3.986042,17.544996,18.832151,17.816108,3.033377,16.800065,18.087491,17.266632,2.450659,16.445773
165,7355.088157,18.692435,22.275093,20.140236,20.124487,19.357853,19.320430,22.129001,20.140236,12.724858,18.151470,20.117744,18.692949,9.116364,17.268154,19.262873,18.040505,7.821162,16.818137
166,7358.911843,19.887935,22.919058,20.987102,21.553328,20.653095,20.621473,22.795855,20.987102,13.747138,19.178350,21.547624,19.870382,12.747616,18.193139,20.572797,19.105235,11.153972,17.637673
167,7360.295970,19.468832,23.026754,20.936621,20.921059,20.154292,20.117170,22.881854,20.936621,12.574302,18.991388,20.914367,19.489227,9.212335,18.064087,20.060043,18.793163,8.189319,17.526282
168,7426.991922,17.712635,20.531054,18.890313,18.856599,18.299839,18.219965,20.219987,18.890313,3.974116,17.560639,18.842225,17.825252,3.039516,16.808280,18.097224,17.273105,2.463117,16.448987
169,7431.008078,17.822520,20.550742,18.910885,18.878424,18.317924,18.367271,20.249971,18.910885,4.137495,17.571800,18.864523,17.839650,3.166643,16.814778,18.248509,17.335676,2.820467,16.422842
170,7572.088000,17.658341,20.480775,18.837132,18.803537,18.245906,18.165975,20.169488,18.837132,3.976692,17.504777,18.789151,17.770567,3.040176,16.751983,18.043125,17.218587,2.461005,16.394049
171,7573.912000,17.605502,19.415672,18.553531,18.525954,18.099128,18.033474,19.160789,18.553531,2.205573,17.946273,18.514144,17.735988,2.826276,16.957833,17.932570,17.231711,2.545535,16.530852
172,7834.625947,17.657486,20.477489,18.840521,18.806952,18.247595,18.167732,20.166445,18.840521,3.960904,17.514597,18.792577,17.770736,3.052524,16.748895,18.044987,17.214627,2.480518,16.384266
173,7839.374053,17.422611,19.941186,18.689989,18.660001,18.171501,17.808270,19.663663,18.689989,3.253724,17.716316,18.647158,17.755301,2.980319,16.863443,17.698693,17.107089,1.976964,16.515484
174,7906.864154,17.655829,20.479936,18.841135,18.807519,18.247434,18.167454,20.168454,18.841135,3.959265,17.513817,18.793124,17.769956,3.052012,16.746788,18.044528,17.211602,2.484539,16.378676
175,7911.135846,17.193412,19.208597,18.468553,17.661500,17.503946,17.446911,18.986895,18.468553,2.162865,17.950212,17.651252,17.375053,1.152487,17.098854,17.359276,17.003852,1.483068,16.648428
176,8003.137673,17.662021,20.484414,18.849251,18.815650,18.254344,18.174405,20.173087,18.849251,3.951312,17.525415,18.801261,17.775791,3.060767,16.750320,18.051548,17.216848,2.491366,16.382148
177,8003.557589,17.653770,20.284197,18.770458,18.739156,18.218448,18.143960,19.720243,18.770458,3.041712,17.820673,18.725751,17.774558,3.046223,16.823364,18.029475,17.224393,2.578298,16.419311
178,8003.710898,17.643248,20.255756,18.756719,18.725631,18.198182,18.124203,19.695676,18.756719,3.027536,17.817762,18.687687,17.769865,2.959388,16.852043,18.010503,17.223529,2.537485,16.436556
179,8006.289102,17.525019,20.062160,18.648268,18.618076,18.128307,18.056446,19.518346,18.648268,2.887432,17.778190,18.581225,17.732005,2.818213,16.882785,17.836859,17.168631,2.217576,16.500403
180,8006.442411,17.587304,20.198991,18.659403,18.628330,18.131058,18.057102,19.639072,18.659403,3.159102,17.679733,18.590404,17.729130,2.777315,16.867856,17.943441,17.180291,2.460901,16.417140
181,8006.862327,17.600506,20.228998,18.668499,18.637228,18.148272,18.073840,19.665449,18.668499,3.194435,17.671550,18.623835,17.732155,2.857130,16.840475,17.959447,17.190287,2.464549,16.421127
182,8016.000000,17.654581,20.477467,18.837329,18.803728,18.245225,18.165280,20.166128,18.837329,3.965391,17.508531,18.789339,17.769125,3.044514,16.748912,18.042410,17.211348,2.480048,16.380287
183,8193.110646,16.775740,18.669532,17.927762,17.516639,17.296403,17.027535,18.366863,17.927762,1.444815,17.488661,17.502955,17.115670,1.274323,16.728384,16.904893,16.628137,0.910635,16.351381
184,8195.905455,18.121080,21.215691,19.544997,19.342917,18.751066,18.618981,21.066337,19.544997,10.237382,18.023658,19.336179,18.239091,7.382511,17.142003,18.558638,17.621015,6.309440,16.683392
185,8196.108052,18.375910,21.145847,19.601973,19.813837,19.076279,18.958099,21.012419,19.601973,10.616278,18.191527,19.807805,18.436195,10.323961,17.064584,18.904094,17.772272,8.519106,16.640449
186,8197.891948,18.770630,21.520576,19.933832,20.144045,19.443161,19.355429,21.388162,19.933832,11.043946,18.479502,20.138059,18.835125,9.894270,17.532191,19.301823,18.163553,8.643840,17.025282
187,8198.094545,18.770340,21.539632,19.952040,20.163748,19.463701,19.345608,21.406282,19.952040,10.966265,18.497799,20.157720,18.856434,9.812847,17.555148,19.291628,18.174582,8.423514,17.057536
188,8200.889354,18.552953,21.644273,20.005791,19.804128,19.200258,19.068414,21.495232,20.005791,10.052632,18.516350,19.797401,18.677758,7.556769,17.558115,19.008163,18.032714,6.583561,17.057266
189,8623.690210,16.726047,18.627383,17.880519,17.467420,17.248026,16.977939,18.323276,17.880519,1.450399,17.437763,17.453674,17.068085,1.263127,16.682496,16.854745,16.578962,0.903422,16.303179
190,8624.116951,16.318376,17.397685,17.576798,16.193621,16.459547,16.306493,17.225760,17.576798,-2.023325,17.927835,16.185850,16.699032,-2.957901,17.212214,16.236689,16.411732,-1.008917,16.586774
191,8624.887831,15.974791,16.936012,17.274846,16.042683,16.279745,15.868731,16.783000,17.274846,-3.179180,17.766692,16.035759,16.493232,-2.956996,16.950704,15.806600,16.167009,-2.329603,16.527419
192,8633.112169,15.132706,15.238921,15.908725,14.967047,15.274241,14.959769,15.122243,15.908725,-6.621249,16.695207,14.961755,15.547666,-4.932683,16.133578,14.912249,15.384656,-3.977105,15.857062
193,8633.883049,15.192910,16.134736,16.354868,15.148026,15.428999,15.026363,15.984876,16.354868,-2.433991,16.724861,15.141248,15.680781,-3.549307,16.220313,14.965535,15.452766,-3.205241,15.939997
194,8634.309790,15.392384,16.450645,16.519022,15.163167,15.456080,15.306045,16.282166,16.519022,-1.387691,16.755878,15.155557,15.719037,-3.301317,16.282518,15.237663,15.569208,-1.942456,15.900753
195,8699.147561,16.679695,18.548019,17.814846,17.409170,17.192804,16.927472,18.249391,17.814846,1.448653,17.380300,17.395666,17.015300,1.268030,16.634935,16.806459,16.534822,0.905562,16.263184
196,8699.567638,16.678758,18.434621,17.737282,17.356279,17.164984,16.915754,17.892087,17.737282,0.549223,17.582478,17.343598,17.008697,1.188175,16.673796,16.802073,16.537827,0.937505,16.273580
197,8702.432362,16.636008,18.379533,17.663768,17.285474,17.099769,16.852304,17.840835,17.663768,0.632550,17.486700,17.248656,16.969494,0.997268,16.690332,16.739432,16.517808,0.791721,16.296185
198,8702.852439,16.642103,18.396218,17.663356,17.282775,17.111798,16.862825,17.854227,17.663356,0.677759,17.472486,17.270108,16.973277,1.054015,16.676445,16.749266,16.519631,0.815408,16.289996
199,8747.722350,16.698876,18.580847,17.842451,17.433970,17.216108,16.948953,18.280178,17.842451,1.449034,17.404724,17.420375,17.037374,1.267869,16.654373,16.827100,16.552333,0.909577,16.277566
200,8750.277650,16.614009,18.440187,17.797705,17.401267,17.196863,16.937561,18.148491,17.797705,1.196320,17.446919,17.388072,17.029554,1.222690,16.671036,16.705552,16.509390,0.668990,16.313228
201,8760.000000,16.697568,18.580864,17.841712,17.432944,17.215480,16.948137,18.279983,17.841712,1.449803,17.403442,17.419339,17.037104,1.264440,16.654868,16.826198,16.550562,0.911807,16.274926
202,9504.000000,16.430509,18.003103,17.520717,17.057393,16.928181,16.615023,17.705127,17.520717,0.655924,17.336308,17.043762,16.827048,0.770824,16.610335,16.494052,16.357889,0.484318,16.221725
203,10176.000000,16.829637,18.809373,17.979301,17.624006,17.366662,17.120782,18.491860,17.979301,1.738084,17.466742,17.609442,17.154229,1.543626,16.699016,16.991834,16.644269,1.178593,16.296703
204,10920.000000,17.860794,20.647041,19.061047,19.056871,18.485607,18.397476,20.322105,19.061047,4.138046,17.799988,19.041457,17.999237,3.419948,16.957017,18.267905,17.395524,2.862634,16.523144
205,11640.000000,18.752327,21.862372,19.876907,20.171505,19.392279,19.456573,21.567787,19.876907,5.663053,18.186027,20.157936,18.722330,4.808094,17.286724,19.338682,18.082208,4.208152,16.825733
206,12384.000000,19.951300,22.994269,20.939761,21.455348,20.563538,20.743435,22.774797,20.939761,7.602404,19.104725,21.444996,19.792261,6.847144,18.139527,20.657668,19.144022,6.270912,17.630375
207,13104.000000,21.634917,24.607234,22.539253,23.178790,22.217604,22.480935,24.458087,22.539253,10.699557,20.620418,23.171621,21.382839,9.974375,19.594057,22.423939,20.733178,9.427802,19.042418
208,13848.000000,22.251140,25.158160,23.111709,23.757346,22.792094,23.104313,25.028229,23.111709,11.230925,21.195189,23.751308,21.952781,10.539477,20.154254,23.054574,21.332929,10.088946,19.611283
209,14592.000000,22.716567,25.675256,23.628878,24.261034,23.290007,23.570111,25.549313,23.628878,11.618799,21.708444,24.254915,22.445712,10.945840,20.636509,23.523017,21.794909,10.455207,20.066801
210,15312.000000,21.831812,24.855123,22.822171,23.368015,22.434242,22.657108,24.692298,22.822171,8.980409,20.952043,23.360359,21.623889,8.338581,19.887419,22.594798,20.959828,7.851179,19.324857
211,16056.000000,20.325687,23.384576,21.498094,21.771427,20.981559,21.037509,23.131271,21.498094,5.479949,19.864916,21.759646,20.300733,4.895222,18.841821,20.939046,19.624707,4.410121,18.310367
212,16776.000000,19.548818,22.376946,20.834337,20.802573,20.201772,20.121600,22.068628,20.834337,3.760960,19.600046,20.788275,19.688581,3.350838,18.588886,19.999972,19.033213,2.945775,18.066455
213,17520.000000,18.530714,20.420519,19.772373,19.342994,19.099309,18.828470,20.121731,19.772373,1.177230,19.423016,19.329441,18.897945,1.454011,18.466449,18.707482,18.328694,1.276404,17.949905
214,18264.000000,18.250752,19.850968,19.432965,18.962061,18.802771,18.484517,19.547886,19.432965,0.404605,19.318043,18.948189,18.675531,0.959945,18.402873,18.361409,18.124286,0.834837,17.887164
215,18936.000000,18.666399,20.674088,19.906825,19.547057,19.257335,19.008361,20.352340,19.906825,1.500683,19.461309,19.532290,19.016749,1.736559,18.501208,18.877613,18.425012,1.524550,17.972411
216,19680.000000,19.729286,22.531368,21.014195,21.010120,20.405559,20.317106,22.205128,21.014195,3.915939,19.823261,20.994633,19.890119,3.631780,18.785606,20.186906,19.206291,3.224385,18.225676
217,20400.000000,20.619130,23.729495,21.820516,22.114682,21.306244,21.370369,23.435566,21.820516,5.451679,20.205465,22.101133,20.610716,5.030974,19.120298,21.252635,19.895125,4.582336,18.537616
218,21144.000000,21.797261,24.834117,22.848684,23.362325,22.448632,22.627688,24.615741,22.848684,7.395781,21.081627,23.352018,21.658169,7.089378,19.964320,22.542280,20.945812,6.681803,19.349344
219,21864.000000,23.461197,26.424314,24.413424,25.049831,24.074105,24.335930,26.276205,24.413424,10.508558,22.550644,25.042708,23.226577,10.245390,21.410447,24.279289,22.526234,9.889561,20.773179
220,22608.000000,24.036405,26.932126,24.939872,25.581855,24.604659,24.914863,26.803230,24.939872,11.055491,23.076514,25.575862,23.754857,10.804211,21.933851,24.865486,23.088884,10.540762,21.312282
221,23352.000000,24.459112,27.405708,25.408328,26.036811,25.056288,25.334549,27.280811,25.408328,11.471112,23.535844,26.030740,24.203642,11.193072,22.376545,25.287815,23.512023,10.878766,21.736231
222,24072.000000,23.533636,26.544786,24.565094,25.107831,24.162333,24.383758,26.383214,24.565094,8.836163,22.746974,25.100229,23.341674,8.546678,21.583119,24.321883,22.632783,8.209124,20.943682
223,24816.000000,21.998806,25.053492,23.224403,23.497068,22.688031,22.743797,24.801256,23.224403,5.338082,21.647551,23.485330,21.990394,5.060769,20.495459,22.645675,21.259526,4.692495,19.873378
224,25536.000000,21.210334,24.047797,22.555161,22.523683,21.899798,21.819603,23.739193,22.555161,3.622230,21.371129,22.509364,21.366427,3.496512,20.223490,21.697776,20.653258,3.195424,19.608740
225,26280.000000,20.181793,22.094938,21.486175,21.052703,20.787435,20.513912,21.792962,21.486175,1.028473,21.179388,21.038999,20.567316,1.581270,20.095633,20.391574,19.942042,1.507009,19.492511
226,27024.000000,19.890449,21.514972,21.134773,20.657949,20.478854,20.156515,21.207744,21.134773,0.254865,21.061801,20.643882,20.334455,1.080720,20.025029,20.031670,19.729053,1.056938,19.426436
227,27696.000000,20.290236,22.321875,21.590191,21.227184,20.916496,20.665163,21.996842,21.590191,1.363149,21.183539,21.212260,20.657702,1.858949,20.103145,20.533015,20.012775,1.743909,19.492536
228,28440.000000,21.336767,24.150977,22.674309,22.670563,22.045410,21.956844,23.824100,22.674309,3.791121,21.524519,22.655037,21.511987,3.768899,20.368936,21.826302,20.777298,3.458806,19.728293
229,29160.000000,22.204601,25.313842,23.452460,23.746182,22.920701,22.984673,25.020857,23.452460,5.334195,21.884063,23.732668,22.210229,5.177892,20.687789,22.867234,21.447307,4.829243,20.027379
230,29904.000000,23.363897,26.394609,24.451874,24.963708,24.038423,24.216719,26.177406,24.451874,7.289933,22.726341,24.953451,23.237775,7.248292,21.522098,24.131715,22.486391,6.951072,20.841067
231,30624.000000,25.022260,27.976876,26.001500,26.635097,25.652519,25.913011,27.829797,26.001500,10.423342,24.173203,26.628021,24.798956,10.427718,22.969892,25.856731,24.068579,10.194474,22.280426
232,31368.000000,25.590332,28.475915,26.518703,27.157445,26.174611,26.483042,28.348026,26.518703,10.976495,24.689379,27.151497,25.319836,10.990521,23.488175,26.434023,24.626113,10.848007,22.818203
233,32112.000000,26.015326,28.951100,26.988456,27.613669,26.627787,26.904414,28.827227,26.988456,11.395281,25.149686,27.607645,25.770412,11.385754,23.933179,26.858036,25.052228,11.191008,23.246419
234,32832.000000,25.081657,28.081477,26.142035,26.681910,25.728551,25.948654,27.921175,26.142035,8.745795,24.362894,26.674365,24.900964,8.717580,23.127563,25.887229,24.161004,8.485679,22.434778
235,33576.000000,23.533664,26.583683,24.799006,25.071056,24.247340,24.302953,26.332685,24.799006,5.237669,23.265327,25.059369,23.536815,5.199676,22.014261,24.205248,22.766139,4.914701,21.327030
236,34296.000000,22.727819,25.572601,24.117788,24.086790,23.444612,23.364518,25.264109,24.117788,3.522493,22.971468,24.072469,22.895238,3.617477,21.718006,23.242659,22.139430,3.390079,21.036201
237,35040.000000,21.671672,23.605283,23.024315,22.587812,22.305363,22.029761,23.300789,23.024315,0.923363,22.747841,22.573988,22.070316,1.682155,21.566644,21.906351,21.403466,1.679526,20.900581
238,35784.000000,21.352984,22.998882,22.644177,22.162744,21.968515,21.642902,22.688292,22.644177,0.153114,22.600062,22.148520,21.811011,1.171421,21.473501,21.516648,21.165940,1.217233,20.815232
239,36456.000000,21.729273,23.781445,23.071439,22.706129,22.380543,22.127423,23.453876,23.071439,1.277571,22.689002,22.691084,22.108819,1.945117,21.526554,21.994189,21.426512,1.896383,20.858835
240,37200.000000,22.752943,25.576723,24.122765,24.119484,23.481930,23.393384,25.249643,24.122765,3.727393,22.995888,24.103942,22.937670,3.857701,21.771397,23.262689,22.170375,3.613067,21.078062
241,37920.000000,23.596838,26.704131,24.869538,25.162812,24.329183,24.393015,26.412249,24.869538,5.284886,23.326826,25.149343,23.611542,5.268065,22.073741,24.275951,22.820708,4.985244,21.365465
242,38664.000000,24.735126,27.759647,25.840729,26.350842,25.421541,25.599128,27.543659,25.840729,7.257732,24.137799,26.340639,24.617331,7.344580,22.894024,25.514555,23.844351,7.118257,22.174147
243,39384.000000,26.378010,29.324374,27.368673,27.999637,27.016233,27.275495,29.178316,27.368673,10.417931,25.559029,27.992607,26.161906,10.539160,24.331204,27.219579,25.416217,10.381773,23.612854
244,40128.000000,26.922734,29.798594,27.860011,28.495740,27.513480,27.820288,29.671681,27.860011,10.983029,26.048340,28.489835,26.659169,11.098186,24.828504,27.771622,25.952577,11.027734,24.133532
245,40872.000000,27.324518,30.249982,28.304513,28.926707,27.942175,28.217319,30.127083,28.304513,11.412801,26.481943,28.920729,27.085941,11.489309,25.251154,28.171286,26.356783,11.362288,24.542280
246,41592.000000,26.360506,29.349768,27.428279,27.965559,27.013116,27.232043,29.190657,27.428279,8.751092,25.665901,27.958068,26.186283,8.797797,24.414499,27.171047,25.434173,8.624448,23.697300
247,42336.000000,24.780990,27.826063,26.057138,26.328612,25.502791,25.558276,27.576292,26.057138,5.228453,24.537984,26.316979,24.790377,5.254087,23.263775,25.461001,24.003835,5.015108,22.546670
248,43056.000000,23.954317,26.804071,25.359097,25.328627,24.681432,24.601505,26.495936,25.359097,3.508007,24.222258,25.314318,24.127656,3.661750,22.940993,24.479732,23.353843,3.474217,22.227954
249,43800.000000,22.878495,24.828074,24.252166,23.813723,23.524972,23.247956,24.521822,24.252166,0.898471,23.982509,23.799817,23.284482,1.717049,22.769148,23.123796,22.598150,1.751407,22.072504
250,44544.000000,22.550214,24.213134,23.865575,23.380927,23.179913,22.851938,23.900082,23.865575,0.119239,23.831068,23.366587,23.016573,1.209485,22.666558,22.724651,22.350858,1.291654,21.977064
251,45216.000000,22.928733,24.997339,24.295864,23.929071,23.594762,23.340393,24.667955,24.295864,1.240292,23.923773,23.913938,23.315482,1.994837,22.717026,23.206377,22.611426,1.983152,22.016476
252,45960.000000,23.963737,26.795110,25.356728,25.353967,24.706865,24.618414,26.468086,25.356728,3.687721,24.245371,25.338423,24.154253,3.929328,22.970083,24.487684,23.364940,3.725503,22.242196
253,46680.000000,24.817355,27.922755,26.112344,26.405244,25.563208,25.626925,27.631994,26.112344,5.240464,24.592693,26.391823,24.838170,5.357721,23.284518,25.510253,24.025472,5.120220,22.540690
254,47424.000000,25.966618,28.985529,27.091994,27.600580,26.664924,26.841879,28.770730,27.091994,7.212854,25.413258,27.590430,25.855106,7.455993,24.119781,26.757733,25.062488,7.283786,23.367243
255,48144.000000,27.617937,30.556602,28.624045,29.252602,28.265471,28.523609,30.411545,28.624045,10.385310,26.836546,29.245619,27.407842,10.677415,25.570066,28.468052,26.646377,10.583870,24.824701
256,48888.000000,28.157293,31.023851,29.108782,29.741691,28.756660,29.061949,30.897908,29.108782,10.953834,27.319656,29.735829,27.899887,11.240462,26.063946,29.013635,27.178616,11.234811,25.343597
257,49632.000000,28.549160,31.464594,29.541912,30.161238,29.174597,29.448332,31.342672,29.541912,11.390298,27.741153,30.155305,28.316477,11.631090,26.477650,29.402645,27.573748,11.568277,25.744851
258,50352.000000,27.561209,30.540009,28.642845,29.177621,28.222356,28.440150,30.382109,28.642845,8.721863,26.903580,29.170184,27.393007,8.911978,25.615831,28.379591,26.625915,8.794131,24.872239
259,51096.000000,25.953247,28.993013,27.246582,27.517507,26.685791,26.741160,28.744551,27.246582,5.195439,25.748614,27.505930,25.968169,5.333453,24.430408,26.644350,25.163416,5.136361,23.682481
260,51816.000000,25.105043,27.958784,26.528772,26.498917,25.844002,25.764298,27.651188,26.528772,3.478665,25.406357,26.484629,25.283453,3.722765,24.082277,25.642686,24.490595,3.570638,23.338504
261,52560.000000,24.005476,25.969638,25.400688,24.960794,24.664635,24.386487,25.661947,25.400688,0.868980,25.139429,24.946820,24.417723,1.759842,23.888626,24.261707,23.712641,1.826266,23.163574
262,53304.000000,23.658219,25.336739,24.994786,24.507530,24.300286,23.970331,25.021597,24.994786,0.092312,24.967974,24.493092,24.131582,1.244676,23.770071,23.842164,23.447997,1.357112,23.053830
263,53976.000000,24.025324,26.108608,25.411002,25.043162,24.702559,24.447214,25.777771,25.411002,1.220649,25.044233,25.027960,24.417834,2.030571,23.807707,24.312568,23.697046,2.048528,23.081524
264,54720.000000,25.051196,27.888645,26.457277,26.455080,25.802980,25.714687,27.561890,26.457277,3.677461,25.352664,26.439544,25.245987,3.973571,24.052430,25.584012,24.442263,3.801094,23.300513
265,55440.000000,25.895008,28.997896,27.199859,27.492368,26.647629,26.711234,28.708309,27.199859,5.234687,25.691410,27.478997,25.920183,5.409463,24.361369,26.594985,25.095034,5.205193,23.595084
266,56184.000000,27.037014,30.050260,28.169943,28.677063,27.740472,27.916835,29.836624,28.169943,7.214856,26.503261,28.666965,26.929790,7.520016,25.192615,27.833112,26.127188,7.384732,24.421265
267,56904.000000,28.688327,31.619755,29.700210,30.326557,29.339697,29.596815,31.475639,29.700210,10.401100,27.924781,30.319617,28.482268,10.763851,26.644918,29.541599,27.713160,10.711656,25.884720
268,57648.000000,29.222848,32.080910,30.180176,30.810546,29.826008,30.129942,31.955864,30.180176,10.968137,28.404489,30.804725,28.969631,11.335080,27.134537,30.081954,28.241013,11.371203,26.400071
269,58392.000000,29.612542,32.518946,30.611538,31.228307,30.241883,30.514370,32.397922,30.611538,11.401732,28.825155,31.222417,29.383916,11.734375,27.545416,30.469005,28.633728,11.713797,26.798451
270,59112.000000,28.617390,31.586836,29.708113,30.240665,29.284034,29.500825,31.430058,29.708113,8.712139,27.986168,30.233279,28.453445,9.005033,26.673610,29.440674,27.676495,8.925824,25.912315
271,59856.000000,27.001068,30.035892,28.309754,28.580204,27.742656,27.797932,29.788696,28.309754,5.166135,26.830811,28.568683,27.019883,5.410157,25.471083,27.701577,26.200486,5.243503,24.699395
272,60576.000000,26.149594,29.006572,27.594243,27.565043,26.900563,26.821111,28.699615,27.594243,3.440507,26.488872,27.550780,26.331624,3.794664,25.112468,26.699704,25.520897,3.669078,24.342089
273,61320.000000,25.043062,27.020314,26.464522,26.023616,25.716595,25.437574,26.711480,26.464522,0.820445,26.217565,26.009587,25.460227,1.825088,24.910868,25.312298,24.735364,1.916694,24.158431
274,62064.000000,24.688789,26.381603,26.053180,25.563838,25.345959,25.014352,26.064697,26.053180,0.039535,26.041664,25.549317,25.168020,1.308924,24.786723,24.885438,24.464046,1.446564,24.042654
275,62736.000000,25.051785,27.148491,26.464093,26.095539,25.743707,25.487588,26.816475,26.464093,1.171504,26.111711,26.080279,25.449206,2.098023,24.818132,25.352424,24.708198,2.141751,24.063971
276,63480.000000,26.074382,28.917094,27.502408,27.500829,26.838724,26.750631,28.590753,27.502408,3.635738,26.414062,27.485308,26.272963,4.049975,25.060617,26.620073,25.450735,3.906301,24.281398
277,64200.000000,26.911012,30.011071,28.233578,28.525708,27.673916,27.737414,29.722721,28.233578,5.199993,26.744434,28.512390,26.940251,5.489810,25.368111,27.621615,26.098893,5.317247,24.576171
278,64944.000000,28.047136,31.054583,29.193017,29.698704,28.758222,28.934007,30.842137,29.193017,7.191560,27.543896,29.688659,27.944090,7.607799,26.199521,28.850721,27.128753,7.509237,25.406785
279,65664.000000,29.697057,32.621176,30.717655,31.341836,30.353630,30.609754,32.478008,30.717655,10.396940,28.957301,31.334941,29.494984,10.867088,27.655027,30.554883,28.716684,10.856702,26.878486
280,66408.000000,30.222790,33.072315,31.187213,31.815093,30.830287,31.132898,32.948167,31.187213,10.971512,29.426259,31.809313,29.973639,11.437049,28.137965,31.085240,29.237134,11.514505,27.389028
281,67152.000000,30.603976,33.501345,31.608808,32.223076,31.236935,31.508209,33.381214,31.608808,11.412061,29.836402,32.217228,30.379179,11.834720,28.541130,31.463163,29.622048,11.854462,27.780933
282,67872.000000,29.592432,32.552543,30.689569,31.219949,30.263135,30.478954,32.396874,30.689569,8.712532,28.982263,31.212613,29.432340,9.084891,27.652067,30.419208,28.647544,9.040960,26.875880
283,68616.000000,27.957064,30.986660,29.274561,29.544533,28.704357,28.759544,30.740742,29.274561,5.156860,27.808380,29.533069,27.979233,5.465160,26.425397,28.663653,27.149533,5.325470,25.635414
284,69336.000000,27.091707,29.950980,28.547145,28.518608,27.849595,27.770417,29.644752,28.547145,3.430734,27.449539,28.504375,27.276663,3.837398,26.048951,27.649258,26.454507,3.734372,25.259756
285,70080.000000,25.969454,27.958084,27.404881,26.963341,26.651213,26.371555,27.648380,27.404881,0.808386,27.161382,26.949270,26.390413,1.855338,25.831555,26.245896,25.653519,1.966618,25.061142
286,70824.000000,25.603175,27.308471,26.982226,26.491323,26.268811,25.935904,26.990150,26.982226,0.027140,26.974303,26.476735,26.086878,1.335266,25.697022,25.806390,25.370930,1.491457,24.935471
287,71496.000000,25.959548,28.067779,27.384943,27.015990,26.659279,26.402605,27.734880,27.384943,1.162667,27.035007,27.000687,26.360547,2.126875,25.720406,26.267050,25.608116,2.189315,24.949182
288,72240.000000,26.977871,29.824754,28.415175,28.414203,27.748218,27.660348,29.498919,28.415175,3.632407,27.331432,28.398703,27.179043,4.087961,25.959383,27.529952,26.346923,3.965183,25.163894
289,72960.000000,27.808859,30.906041,29.138274,29.430040,28.576325,28.639727,30.618887,29.138274,5.200007,27.657661,29.416775,27.840932,5.534458,26.265090,28.524369,26.991133,5.384820,25.457898
290,73704.000000,28.940776,31.942773,30.091510,30.595869,29.655099,29.830356,31.731450,30.091510,7.199836,28.451570,30.585876,28.840669,7.661990,27.095462,29.747484,28.018824,7.589342,26.290165
291,74424.000000,30.590297,33.507631,31.613938,32.236133,31.248907,31.504125,33.365348,31.613938,10.421140,29.862527,32.229278,30.391082,10.937525,28.552886,31.449577,29.608263,10.956079,27.766949
292,75168.000000,31.109594,33.951228,32.076345,32.701947,31.718726,32.020135,33.827913,32.076345,10.999459,30.324778,32.696205,30.863433,11.509405,29.030660,31.972784,30.123092,11.615660,28.273400
293,75912.000000,31.484449,34.373467,32.491023,33.103001,32.118679,32.388849,34.254165,32.491023,11.443658,30.727882,33.097192,31.262480,11.908192,29.427767,32.344102,30.501990,11.956214,28.659878
294,76632.000000,30.459471,33.410947,31.558621,32.087009,31.131714,31.346647,33.256312,31.558621,8.731809,29.860930,32.079721,30.302207,9.142363,28.524694,31.287281,29.513403,9.123666,27.739525
295,77376.000000,28.808690,31.833272,30.129739,30.399267,29.558706,29.613816,31.588571,30.129739,5.163671,28.670906,30.387858,28.833198,5.502857,27.278539,29.518370,27.997628,5.382802,26.476887
296,78096.000000,27.932132,30.793062,29.392982,29.365092,28.693895,28.614995,30.487594,29.392982,3.435065,28.298370,29.350893,28.119021,3.865805,26.887150,28.494101,27.289883,3.779027,26.085664
297,78840.000000,26.796932,28.795471,28.241143,27.799251,27.484025,27.203912,28.485112,28.241143,0.809667,27.997173,27.785148,27.220543,1.873769,26.655937,27.077962,26.475754,1.998562,25.873546
298,79584.000000,26.420966,28.137257,27.809864,27.317792,27.092370,26.758429,27.817792,27.809864,0.027106,27.801936,27.303150,26.907937,1.351236,26.512725,26.628427,26.183867,1.519958,25.739306
299,80256.000000,26.772330,28.890623,28.206387,27.837255,27.477349,27.220276,28.557057,28.206387,1.164775,27.855718,27.821920,27.175850,2.145972,26.529779,27.084421,26.415654,2.221362,25.746886
300,81000.000000,27.787832,30.638105,29.230749,29.230369,28.562009,28.474375,30.312831,29.230749,3.638456,28.148667,29.214893,27.990735,4.116182,26.766577,28.344166,27.152021,4.008538,25.959876
301,81720.000000,28.614535,31.708824,29.947745,30.239167,29.384710,29.448022,31.422825,29.947745,5.208368,28.472666,30.225952,28.648623,5.569401,27.071294,29.333094,27.793324,5.436784,26.253554
302,82464.000000,29.743557,32.740382,30.896892,31.400016,30.459707,30.634475,32.530122,30.896892,7.215206,29.263662,31.390071,29.645638,7.706476,27.901204,30.551998,28.819624,7.653198,27.087251
303,83184.000000,31.393641,34.304602,32.418805,33.039159,32.053299,32.307683,34.163151,32.418805,10.450500,30.674458,33.032344,31.196636,10.997856,29.360927,32.253440,30.411014,11.038102,28.568588
304,83928.000000,31.908099,34.742344,32.875963,33.499456,32.518045,32.818346,34.619811,32.875963,11.031150,31.132114,33.493749,31.664304,11.572610,29.834860,32.771283,30.921603,11.700617,29.071922
305,84672.000000,32.278198,35.159401,33.285543,33.895402,32.913014,33.182167,35.040875,33.285543,11.477659,31.530211,33.889630,32.058475,11.973448,30.227320,33.137699,31.295910,12.042980,29.454121
306,85392.000000,31.241920,34.185310,32.342107,32.868650,31.914987,32.129104,34.031647,32.342107,8.753371,30.652568,32.861406,31.086870,9.193731,29.312334,32.070095,30.295434,9.194381,28.520772
307,86136.000000,29.578044,32.597787,30.901468,31.170583,30.329906,30.384946,32.354249,30.901468,5.172782,29.448686,31.159225,29.604251,5.536650,28.049277,30.289927,28.764463,5.431575,27.238999
308,86856.000000,28.692167,31.554279,30.157100,30.129843,29.456841,29.378222,31.249585,30.157100,3.441468,29.064615,30.115677,28.880360,3.891407,27.645043,29.257602,28.045956,3.816841,26.834310
309,87600.000000,27.546083,29.553398,28.997471,28.555430,28.237475,27.957039,29.242542,28.997471,0.813247,28.752399,28.541304,27.971624,1.890428,27.401945,27.830865,27.220618,2.025046,26.610371
310,88344.000000,27.162085,28.888215,28.559168,28.066219,27.838220,27.503446,28.567808,28.559168,0.029500,28.550528,28.051533,27.651571,1.365596,27.251609,27.373041,26.920993,1.543438,26.468944
311,89016.000000,27.509539,29.636757,28.950704,28.581553,28.218860,27.961503,29.302685,28.950704,1.169075,28.598723,28.566192,27.914944,2.163067,27.263696,27.825417,27.148536,2.248204,26.471655
312,89760.000000,28.523140,31.376204,29.970426,29.970624,29.300305,29.212914,31.051527,29.970426,3.646386,28.889325,29.955174,28.727295,4.141442,27.499417,29.082911,27.883402,4.045759,26.683892
313,90480.000000,29.346589,32.437988,30.682554,30.973648,30.118757,30.181985,32.153105,30.682554,5.218522,29.212002,30.960482,29.382247,5.600659,27.804011,30.067476,28.522720,5.481851,26.977964
314,91224.000000,30.473676,33.465557,31.628767,32.130732,31.191076,31.365389,33.256311,31.628767,7.232075,30.001224,32.120834,30.377537,7.746431,28.634240,31.283289,29.548405,7.709048,27.813521
315,91944.000000,32.124998,35.029920,33.151052,33.769686,32.785273,33.038880,34.889256,33.151052,10.480517,31.412848,33.762908,31.929843,11.052479,30.096779,32.984927,31.142221,11.110610,29.299515
316,92688.000000,32.635738,35.463002,33.604149,34.225673,33.246110,33.545379,35.341208,33.604149,11.063258,31.867091,34.219999,32.393957,11.629992,30.567915,33.498590,31.649621,11.776020,29.800651
317,93432.000000,33.002185,35.876011,34.009803,34.617682,33.637242,33.905447,35.758218,34.009803,11.511759,32.261389,34.611945,32.784377,12.032916,30.956809,33.861245,32.020402,12.120317,30.179559
318,94152.000000,31.956162,34.891918,33.056841,33.581658,32.629669,32.843024,34.739172,33.056841,8.775542,31.374510,33.574457,31.802979,9.240559,30.031500,32.784354,31.009658,9.257345,29.234961
319,94896.000000,30.280900,33.295956,31.606001,31.874728,31.034106,31.089083,33.053534,31.606001,5.182859,30.158469,31.863421,30.308455,5.567524,28.753489,30.994476,29.465385,5.474878,27.936295
320,95616.000000,29.387090,32.250015,30.855333,30.828692,30.154119,30.075779,31.946100,30.855333,3.448603,29.764566,30.814560,29.576233,3.915133,28.337906,29.955439,28.737550,3.850516,27.519660
321,96360.000000,28.231678,30.246858,29.689322,29.247286,28.926768,28.646112,29.935629,29.689322,0.817423,29.443015,29.233141,28.658691,1.906436,28.084242,28.519766,27.902435,2.048745,27.285105
322,97104.000000,27.840897,29.575930,29.245314,28.751712,28.521198,28.185746,29.254742,29.245314,0.032156,29.235886,28.736989,28.332380,1.379972,27.927772,28.055006,27.596200,1.564820,27.137394
323,97776.000000,28.185251,30.320480,29.632895,29.263845,28.898402,28.640850,29.986026,29.632895,1.173044,29.279764,29.248466,28.592096,2.180354,27.935727,28.504585,27.820298,2.273092,27.136011
324,98520.000000,29.197625,32.053008,30.649026,30.649787,29.977471,29.890326,31.728950,30.649026,3.653285,29.569102,30.634364,29.402690,4.166642,28.171016,29.760541,28.554293,4.080628,27.348045
325,99240.000000,30.018599,33.107118,31.357296,31.648078,30.792579,30.855730,32.823315,31.357296,5.227188,29.891277,31.634960,30.055495,5.631688,28.476030,30.741626,29.192282,5.524287,27.642939
326,99984.000000,31.144499,34.131627,32.301412,32.802283,31.863050,32.036935,33.923350,32.301412,7.246791,30.679473,32.792429,31.049843,7.785842,29.307257,31.955197,30.217987,7.761819,28.480778
327,100704.000000,32.797577,35.696740,33.824603,34.441617,33.458420,33.711298,35.556824,33.824603,10.507451,32.092382,34.434874,32.604023,11.105727,30.773173,33.657620,31.814670,11.179122,29.971720
328,101448.000000,33.305422,36.126043,34.274457,34.894126,33.916180,34.214480,36.004949,34.274457,11.092262,32.543966,34.888485,33.065413,11.685688,31.242341,34.167951,32.319675,11.847246,30.471399
329,102192.000000,33.669008,36.535817,34.676954,35.282969,34.304266,34.571582,36.418719,34.676954,11.542856,32.935189,35.277265,33.452892,12.090311,31.628518,34.527631,32.687724,12.193251,30.847817
330,102912.000000,32.614363,35.542856,33.715548,34.238740,33.288239,33.500878,35.390983,33.715548,8.795774,32.040112,34.231579,32.462817,9.285723,30.694055,33.442531,31.667884,9.316620,29.893237
331,103656.000000,30.928947,33.939447,32.255610,32.523968,31.683336,31.738256,33.698098,32.255610,5.192083,30.813122,32.512709,30.957635,5.597327,29.402560,31.644046,30.111692,5.515545,28.579339
332,104376.000000,30.028223,32.891664,31.499444,31.473405,30.797339,30.719276,32.588529,31.499444,3.455362,30.410360,31.459306,30.218118,3.937945,28.976930,30.599218,29.375656,3.882021,28.152094
333,105120.000000,28.864654,30.886954,30.327893,29.885981,29.563049,29.282253,30.575448,30.327893,0.821760,30.080338,29.871822,29.292873,1.921828,28.713924,29.155775,28.531945,2.070810,27.908115
334,105864.000000,28.468012,30.211179,29.878968,29.384892,29.152031,28.816027,29.889338,29.878968,0.035337,29.868598,29.370137,28.961189,1.393595,28.552241,28.685004,28.220021,1.584549,27.755038
335,106536.000000,28.809846,30.952331,30.263198,29.894342,29.526385,29.268708,30.617595,30.263198,1.177562,29.908801,29.878948,29.217892,2.196502,28.556836,29.132306,28.441319,2.295956,27.750331
336,107280.000000,29.821450,32.678767,31.276368,31.277678,30.603609,30.516711,32.355343,31.276368,3.660620,30.197393,31.262283,30.027269,4.190009,28.792256,30.387153,29.174933,4.112674,27.962714
337,108000.000000,30.640494,33.726151,31.981444,32.271926,31.415985,31.479062,33.443393,31.981444,5.236235,30.519495,32.258855,30.678473,5.660423,29.098091,31.365353,29.812083,5.563319,28.258813
338,108744.000000,31.765710,34.748253,32.924074,33.423905,32.485178,32.658658,34.540906,32.924074,7.261574,31.307243,33.414094,31.672376,7.822470,29.930658,32.577268,30.838215,7.810499,29.099162
339,109464.000000,33.420862,36.314505,34.448605,35.064084,34.082110,34.334298,36.175304,34.448605,10.533710,32.721907,35.057374,33.228753,11.155490,31.400132,34.280884,32.437980,11.242622,30.595076
340,110208.000000,33.926495,36.740763,34.895963,35.513874,34.537500,34.834885,36.620338,34.895963,11.120254,33.171587,35.508263,33.688082,11.738092,31.867901,34.788604,32.941226,11.913480,31.093848
341,110952.000000,34.287987,37.148093,35.296180,35.900430,34.923351,35.189826,37.031657,35.296180,11.572253,33.560703,35.894757,34.073370,12.145106,32.251983,35.146116,33.307268,12.261536,31.468420
342,111672.000000,33.225755,36.147305,34.327554,34.849206,33.899965,34.111928,35.996266,34.327554,8.813855,32.658843,34.842083,33.075612,9.330207,31.309140,34.053890,32.279316,9.373000,30.504743
343,112416.000000,31.531219,34.537277,32.859974,33.127981,32.286884,32.341750,34.296964,32.859974,5.198303,31.422984,33.116769,31.560735,5.628944,30.004701,32.247924,30.712127,5.555738,29.176329
344,113136.000000,30.624301,33.488019,32.099605,32.074152,31.395816,31.318026,33.185661,32.099605,3.457408,31.013549,32.060088,30.814578,3.965023,29.569068,31.198251,29.968358,3.915306,28.738466
345,113880.000000,29.453327,31.482129,30.923828,30.482132,30.155599,29.874726,31.170423,30.923828,0.818864,30.677232,30.467963,29.882280,1.944863,29.296597,29.748147,29.116390,2.097864,28.484632
346,114624.000000,29.051252,30.801912,30.471265,29.976855,29.739950,29.403493,30.479520,30.471265,0.028113,30.463010,29.962074,29.545592,1.418330,29.129110,29.272229,28.798706,1.612583,28.325184
347,115296.000000,29.390680,31.539799,30.853207,30.484617,30.111991,29.854243,31.204860,30.853207,1.168868,30.501554,30.469212,29.799423,2.226330,29.129633,29.717738,29.016900,2.329532,28.316062
348,116040.000000,30.401584,33.260518,31.864355,31.866204,31.187843,31.101192,32.937736,31.864355,3.651823,30.790975,31.850838,30.607722,4.229291,29.364607,30.971864,29.749834,4.157556,28.527804
349,116760.000000,31.219069,34.301878,32.566881,32.857082,31.998018,32.061025,34.020135,32.566881,5.227522,31.113628,32.844056,31.257735,5.706182,29.671414,31.947701,30.386348,5.616370,28.824994
350,117504.000000,32.344266,35.322361,33.508076,34.006923,33.066393,33.239488,35.115909,33.508076,7.256919,31.900244,33.997153,32.251977,7.876814,30.506802,33.158434,31.413789,7.874420,29.669143
351,118224.000000,34.002087,36.890404,35.033616,35.647639,34.665119,34.916655,36.751887,35.033616,10.539185,33.315344,35.640961,33.811258,11.222665,31.981554,34.863494,33.017622,11.321833,31.171751
352,118968.000000,34.505934,37.314082,35.478560,36.094803,35.118432,35.414948,37.194297,35.478560,11.128571,33.762822,36.089221,34.268991,11.806329,32.448761,35.368905,33.519681,11.994389,31.670457
353,119712.000000,34.865524,37.719175,35.876347,36.478918,35.502114,35.767790,37.603374,35.876347,11.583634,34.149319,36.473276,34.652346,12.213465,32.831416,35.724310,33.884055,12.343079,32.043801
354,120432.000000,33.796018,36.710887,34.900913,35.421102,34.471736,34.683056,36.560645,34.900913,8.817263,33.241180,35.414016,33.647241,9.385921,31.880467,34.625314,32.848251,9.440580,31.071187
355,121176.000000,32.092725,35.094441,33.426186,33.693861,32.850899,32.905714,34.855128,33.426186,5.193993,31.997244,33.682694,32.123078,5.668972,30.563463,32.812260,31.270399,5.604436,29.728539
356,121896.000000,31.180157,34.043955,32.661518,32.636637,31.955035,31.877513,33.742367,32.661518,3.452043,31.580670,32.622607,31.370909,3.997706,30.119211,31.758021,30.519742,3.954847,29.281464
357,122640.000000,30.002662,32.037433,31.481207,31.039800,30.709276,30.428376,31.725590,31.481207,0.811870,31.236824,31.025623,30.432472,1.970524,29.839320,30.301725,29.660877,2.128980,29.020028
358,123384.000000,29.595981,31.353573,31.024650,30.530023,30.289307,29.952480,31.030717,31.024650,0.020651,31.018583,30.515220,30.091634,1.441787,29.668049,29.821012,29.338801,1.641335,28.856590
359,124056.000000,29.933584,32.088791,31.403972,31.035707,30.659213,30.401440,31.753713,31.403972,1.163033,31.054232,31.020294,30.343268,2.251395,29.666241,30.264859,29.554984,2.360630,28.845109
360,124800.000000,30.944261,33.804545,32.412807,32.415178,31.733818,31.647413,33.482409,32.412807,3.648845,31.343205,32.399841,31.151047,4.260140,29.902254,31.518320,30.288193,4.196458,29.058067
361,125520.000000,31.760530,34.840519,33.112812,33.402738,32.541990,32.604931,34.559760,33.112812,5.226294,31.665865,33.389755,31.800195,5.741402,30.210635,32.491981,30.924586,5.661342,29.357192
362,126264.000000,32.885804,35.859591,34.052877,34.550778,33.609703,33.782431,35.654000,34.052877,7.260769,32.451753,34.541047,32.794777,7.918979,31.048507,33.701701,31.953351,7.928408,30.205002
363,126984.000000,34.546188,37.429376,35.579798,36.192428,35.210299,35.461211,37.291516,35.579798,10.553248,33.868081,36.185782,34.356751,11.276522,32.527720,35.408293,33.560926,11.389572,31.713558
364,127728.000000,35.048561,37.850828,36.022855,36.637503,35.661928,35.957616,37.731656,36.022855,11.144666,34.314054,36.631949,34.813159,11.862008,32.994368,35.911801,34.062000,12.064261,32.212198
365,128472.000000,35.406675,38.254128,36.418834,37.019803,36.043940,36.308856,38.138934,36.418834,11.601802,34.698734,37.014189,35.194973,12.270328,33.375756,36.265597,34.425051,12.414194,32.584504
366,129192.000000,34.330650,37.239103,35.437224,35.956015,35.007273,35.217981,37.089625,35.437224,8.826846,33.784823,35.948964,34.183293,9.431916,32.417622,35.160523,33.382223,9.499379,31.603923
367,129936.000000,32.619484,35.616967,33.955900,34.223253,33.379419,33.434187,35.378620,33.955900,5.195124,32.533179,34.212130,32.650796,5.701277,31.089462,33.341093,31.794788,5.646397,30.248483
368,130656.000000,31.701890,34.565599,33.187477,33.163151,32.479335,32.402078,34.264773,33.187477,3.451544,32.110181,33.149154,31.893243,4.023810,30.637331,32.282866,31.037917,3.988686,29.792969
369,131400.000000,30.518537,32.558805,32.003299,31.562243,31.228686,30.947804,32.246879,32.003299,0.809621,31.759719,31.548061,30.949232,1.990409,30.350403,30.821103,30.172748,2.155027,29.524392
370,132144.000000,30.107757,31.871788,31.543349,31.048606,30.804932,30.467807,31.548544,31.543349,0.017673,31.538155,31.033784,30.604686,1.460002,30.175589,30.336167,29.846717,1.665350,29.357268
371,132816.000000,30.443849,32.604667,31.920468,31.552575,31.173049,30.915289,32.269507,31.920468,1.161305,31.571429,31.537157,30.854454,2.271453,30.171752,30.778657,30.061212,2.387045,29.343767
372,133560.000000,31.454506,34.315910,32.927435,32.930315,32.246706,32.160545,33.994422,32.927435,3.649529,31.860449,32.915007,31.661942,4.285992,30.408878,32.031689,30.794868,4.230434,29.558046
373,134280.000000,32.269821,35.347019,33.625360,33.915017,33.053217,33.116094,35.067216,33.625360,5.228508,32.183505,33.902078,32.310464,5.771567,30.718850,33.003508,31.431322,5.701117,29.859136
374,135024.000000,33.395354,36.364957,34.564738,35.061728,34.120566,34.292942,36.160198,34.564738,7.267802,32.969278,35.052036,33.305530,7.955864,31.559023,34.212524,32.461445,7.976698,30.710365
375,135744.000000,35.058350,37.936578,36.093345,36.704637,35.723196,35.973512,37.799350,36.093345,10.570039,34.387340,36.698020,34.870225,11.324625,33.042430,35.920829,34.072660,11.450854,32.224492
376,136488.000000,35.559542,38.356134,36.534875,37.147993,36.173467,36.468363,38.237550,36.534875,11.163280,34.832200,37.142466,35.325592,11.912000,33.508718,36.422768,34.572997,12.127683,32.723227
377,137232.000000,35.916474,38.757947,36.929396,37.528827,36.554131,36.818319,38.643335,36.929396,11.622233,35.215456,37.523242,35.706159,12.321645,33.889076,36.775272,34.934990,12.478959,33.094708
378,137952.000000,34.834483,37.736746,35.942084,36.459532,35.511687,35.721810,37.588005,35.942084,8.838778,34.296163,36.452516,34.688463,9.473162,32.924409,35.664625,33.885749,9.552763,32.106873
379,138696.000000,33.116093,36.109440,34.454612,34.721654,33.877366,33.932088,35.872028,34.454612,5.198589,33.037195,34.710573,33.148309,5.729838,31.586045,33.839344,32.289521,5.684209,30.739698
380,139416.000000,32.193952,35.057430,33.682814,33.659028,32.973488,32.896492,34.757358,33.682814,3.453251,32.608270,33.645066,32.385858,4.046703,31.126650,32.777558,31.526973,4.018994,30.276388
381,140160.000000,31.005272,33.050630,32.495228,32.054573,31.718448,31.437621,32.738668,32.495228,0.809623,32.251787,32.040388,31.436749,2.007555,30.833110,31.310890,30.655995,2.178019,30.001100
382,140904.000000,30.590799,32.360843,32.032300,31.537523,31.291314,30.953953,32.037272,32.032300,0.016913,32.027328,31.522685,31.088865,1.475686,30.655044,30.822167,30.326378,1.686478,29.830589
383,141576.000000,30.925611,33.091629,32.407506,32.040023,31.657896,31.400182,32.756433,32.407506,1.161606,32.058579,32.024603,31.337027,2.288992,30.649451,31.263518,30.539431,2.410543,29.815343
384,142320.000000,31.936392,34.798721,33.412898,33.416273,32.730813,32.644895,34.477879,33.412898,3.652034,32.347917,33.400994,32.144405,4.309096,30.887816,32.516277,31.273666,4.261161,30.031056
385,143040.000000,32.750946,35.825380,34.109043,34.398438,33.535911,33.598727,35.546507,34.109043,5.232438,32.671580,34.385540,32.792485,5.798799,31.199430,33.486496,31.910318,5.737365,30.334140
386,143784.000000,33.876876,36.842405,35.048012,35.544123,34.603106,34.775143,36.638451,35.048012,7.276402,33.457574,35.534468,33.788164,7.989501,32.041860,34.695029,32.941844,8.020982,31.188659
387,144504.000000,35.542514,38.415933,36.578478,37.188482,36.207875,36.457618,38.279315,36.578478,10.588037,34.877642,37.181894,35.355608,11.368983,33.529323,36.405161,34.556633,11.507448,32.708104
388,145248.000000,36.042755,38.833852,37.018754,37.630399,36.657037,36.951173,38.715837,37.018754,11.182960,35.321671,37.624897,35.810160,11.958249,33.995422,36.905790,35.056430,12.186391,33.207070
389,145992.000000,36.398737,39.234424,37.412081,38.010032,37.036602,37.300091,39.120374,37.412081,11.643583,35.703788,38.004474,36.189714,12.369252,34.374954,37.257249,35.417580,12.539029,33.577911
390,146712.000000,35.311236,38.207510,36.419468,36.935625,35.988808,36.198368,38.059477,36.419468,8.851828,34.779459,36.928641,35.166454,9.511275,33.404267,36.141448,34.362423,9.602154,32.583398
391,147456.000000,33.586157,36.575451,34.926249,35.192989,34.348479,34.403158,36.338949,34.926249,5.203307,33.513550,35.181950,33.619192,5.756009,32.056434,34.310754,32.758045,5.718997,31.205336
392,148176.000000,32.659866,35.522993,34.151397,34.128138,33.441162,33.364422,35.223665,34.151397,3.456171,33.079129,34.114209,32.852246,4.067599,31.590284,33.245765,31.990268,4.046762,30.734770
393,148920.000000,31.466313,33.516408,32.960777,32.520565,32.182151,31.901410,33.204447,32.960777,0.810895,32.717107,32.506379,31.898451,2.023090,31.290523,31.774664,31.113911,2.198885,30.453157
394,149664.000000,31.048493,32.824177,32.495217,32.000477,31.751983,31.414437,32.500335,32.495217,0.017407,32.490099,31.985625,31.547546,1.489922,31.109467,31.282527,30.781026,1.705622,30.279525
395,150336.000000,31.382224,33.553084,32.868762,32.501722,32.117246,31.859606,33.217892,32.868762,1.163007,32.519633,32.486300,31.794324,2.305085,31.102348,31.722928,30.992848,2.432015,30.262768
396,151080.000000,32.393262,35.256345,33.872841,33.876699,33.189611,33.103933,34.936149,33.872841,3.655438,32.809533,33.861449,32.601753,4.330580,31.342058,32.975554,31.727785,4.289577,30.480017
397,151800.000000,33.207232,36.278928,34.567481,34.856620,33.993522,34.056279,36.000961,34.567481,5.237130,33.134000,34.843762,33.249562,5.824308,31.655362,33.944394,32.364761,5.771090,30.785127
398,152544.000000,34.333700,37.295253,35.506281,36.001541,35.060758,35.232469,37.092079,35.506281,7.285537,33.920484,35.991922,34.245990,8.021234,32.500058,35.152650,33.397757,8.062404,31.642863
399,153264.000000,36.002023,38.870767,37.038742,37.647501,36.667763,36.916955,38.734738,37.038742,10.606161,35.342747,37.640941,35.816232,11.411089,33.991523,36.864717,35.016088,11.560674,33.167460
400,154008.000000,36.501521,39.287283,37.478002,38.088225,37.116042,37.409445,39.169816,37.478002,11.202622,35.786187,38.082749,36.270173,12.002261,34.457597,37.364267,35.515526,12.241730,33.666786
401,154752.000000,36.856754,39.686826,37.870359,38.466882,37.494721,37.757538,39.573318,37.870359,11.664795,36.167400,38.461350,36.648921,12.414633,34.836492,37.714894,35.876024,12.595746,34.037154
402,155472.000000,35.764123,38.654584,36.872799,37.387709,36.441939,36.650958,38.507237,36.872799,8.865005,35.238361,37.380757,35.620474,9.547577,33.860190,36.594293,34.815359,9.648735,33.036424
403,156216.000000,34.032789,37.018109,35.374187,35.640632,34.795985,34.850623,36.782490,35.374187,5.208417,33.965883,35.629633,34.066544,5.780872,32.503455,34.758550,33.203348,5.751704,31.648145
404,156936.000000,33.102670,35.965341,34.596526,34.573781,33.885510,33.809022,35.666748,34.596526,3.459548,33.526304,34.559885,33.295432,4.087408,32.030979,33.690639,32.430706,4.072798,31.170773
405,157680.000000,31.904612,33.959133,33.403139,32.963403,32.622858,32.342228,33.647205,33.403139,0.812760,33.159072,32.949218,32.337292,2.037763,31.725365,32.215482,31.549332,2.218331,30.883182
406,158424.000000,31.483717,33.264710,32.935181,32.440537,32.189912,31.852226,32.940643,32.935181,0.018575,32.929719,32.425675,31.983620,1.503311,31.541565,31.720212,31.213437,1.723410,30.706661
407,159096.000000,31.816503,33.991888,33.307225,32.940652,32.554004,32.296460,33.656733,33.307225,1.165047,32.957716,32.925231,32.229180,2.320206,31.533129,32.159781,31.424186,2.452021,30.688591
408,159840.000000,32.827871,35.691560,34.310145,34.314474,33.625927,33.540486,35.372007,34.310145,3.659408,33.248282,34.299253,33.036767,4.350801,31.774281,33.412346,32.159900,4.316200,30.907454
409,160560.000000,33.641375,36.710358,35.003449,35.292339,34.428801,34.491500,36.433276,35.003449,5.242367,33.573623,35.279521,33.684421,5.848330,32.089322,34.379955,32.797284,5.802760,31.214614
410,161304.000000,34.768465,37.726131,35.942227,36.436661,35.496199,35.667595,37.523715,35.942227,7.295113,34.360738,36.427077,34.681681,8.051188,32.936286,35.588062,33.831782,8.101394,32.075502
411,162024.000000,36.439475,39.303665,37.476751,38.084305,37.105481,37.354140,39.168207,37.476751,10.624439,35.785295,38.077772,36.254726,11.450992,34.431679,37.302114,35.453602,11.610942,33.605091
412,162768.000000,36.938382,39.718954,37.915164,38.524012,37.553037,37.845733,39.602018,37.915164,11.222374,36.228310,38.518560,36.708205,12.044011,34.897849,37.800753,35.952814,12.294051,34.104874
413,163512.000000,37.293021,40.117632,38.306723,38.901865,37.930996,38.193163,40.004650,38.306723,11.686017,36.608797,38.896358,37.086305,12.457731,35.276252,38.150710,36.312805,12.649424,34.474900
414,164232.000000,36.195589,39.080399,37.304518,37.818222,36.873538,37.082033,38.933716,37.304518,8.878422,35.675321,37.811300,36.052996,9.581996,34.294693,37.025616,35.246986,9.692764,33.468356
415,164976.000000,34.458387,37.439805,35.800825,36.066984,35.222302,35.276899,37.205045,35.800825,5.213963,34.396605,36.056024,34.492795,5.804373,32.929566,35.185149,33.627801,5.782534,32.070454
416,165696.000000,33.524730,36.386853,35.020592,34.998350,34.308925,34.232686,36.088987,35.020592,3.463371,33.952198,34.984485,33.717810,4.106129,32.451135,34.114573,32.850622,4.097298,31.586671
417,166440.000000,32.322506,34.381173,33.824702,33.385473,33.042939,32.762443,34.069308,33.824702,0.815129,33.580097,33.371290,32.755632,2.051636,32.139975,32.635709,31.964559,2.236559,31.293410
418,166450.296962,31.744618,31.788144,32.483800,32.144747,32.158959,31.927271,31.564441,32.483800,-4.502021,33.403160,32.134502,32.180360,-0.224562,32.226218,31.835862,31.640340,0.957451,31.444819
419,166453.000000,31.725410,31.768499,32.438888,32.102859,32.121216,31.905525,31.546865,32.438888,-4.406546,33.330911,32.092705,32.146163,-0.264083,32.199622,31.814920,31.623113,0.947516,31.431306
420,166455.941415,31.678145,31.721065,32.390889,32.053591,32.078627,31.848124,31.498617,32.390889,-4.391309,33.283161,32.043399,32.109452,-0.325081,32.175506,31.757188,31.587811,0.833585,31.418435
421,166571.741324,32.016005,33.793856,33.472877,32.978322,32.725930,32.387601,33.466434,33.472877,-0.021616,33.479321,32.963348,32.518189,1.493325,32.073030,32.254076,31.743923,1.711352,31.233771
422,166574.258676,32.577848,34.019222,33.594648,33.886305,33.376804,33.103451,33.754790,33.594648,0.665154,33.434505,33.874197,32.941586,3.873615,32.008976,32.995497,32.100535,3.717243,31.205572
423,166881.633583,31.939571,33.720502,33.397721,32.902079,32.650302,32.311214,33.392468,33.397721,-0.017583,33.402975,32.887073,32.443128,1.485863,31.999182,32.177396,31.667772,1.705687,31.158147
424,166882.682661,31.673645,33.242606,33.253259,32.815792,32.605124,31.894768,32.953285,33.253259,-1.137639,33.553233,32.802551,32.432376,1.403871,32.062201,31.776749,31.555812,0.837891,31.334876
425,166887.317339,30.997977,32.121815,32.610563,31.310993,31.509225,30.998443,31.913949,32.610563,-3.671524,33.307178,31.301486,31.690996,-2.052926,32.080507,30.913641,31.094360,-0.952485,31.275080
426,166888.366417,31.363781,32.925510,32.912926,32.476456,32.268540,31.560111,32.637038,32.912926,-1.048951,33.188814,32.463253,32.098165,1.388098,31.733077,31.442452,31.273872,0.640955,31.105293
427,167072.785313,31.895770,33.678136,33.353536,32.857327,32.606219,32.266783,33.349750,33.353536,-0.012656,33.357321,32.842306,32.399644,1.479957,31.956981,32.132829,31.624846,1.698346,31.116863
428,167081.214687,33.448498,36.313093,35.043352,34.783126,34.200833,34.022397,36.140068,35.043352,6.982159,33.946636,34.775216,33.698247,6.856441,32.621278,33.951869,32.873216,6.867159,31.794564
429,167171.186007,31.898245,33.681326,33.357921,32.861239,32.609535,32.269823,33.352579,33.357921,-0.017850,33.363263,32.846204,32.402449,1.482705,31.958694,32.135760,31.626799,1.700575,31.117839
430,167171.582188,31.901623,33.580542,33.275674,32.808280,32.581986,32.262281,32.995387,33.275674,-0.994893,33.555960,32.794133,32.396358,1.411923,31.998584,32.136116,31.633632,1.783599,31.131147
431,167171.743592,31.890577,33.559589,33.259649,32.794973,32.560038,32.242200,32.977860,33.259649,-1.006088,33.541438,32.754939,32.389500,1.304750,32.024061,32.116775,31.632066,1.730584,31.147358
432,167174.256408,31.764885,33.392438,33.142028,32.688469,32.483642,32.173451,32.824800,33.142028,-1.160485,33.459257,32.649402,32.338602,1.136969,32.027801,31.938684,31.566258,1.362406,31.193833
433,167174.417812,31.824827,33.492949,33.154124,32.689452,32.482467,32.164674,32.911322,33.154124,-0.866968,33.396926,32.649428,32.336377,1.117801,32.023327,32.039274,31.579744,1.640829,31.120215
434,167174.813993,31.837860,33.515201,33.163319,32.696124,32.499964,32.180439,32.930394,33.163319,-0.827201,33.396244,32.681986,32.340695,1.212048,31.999404,32.054354,31.590439,1.647531,31.126524
435,167184.000000,31.885228,33.666492,33.338911,32.842993,32.594007,32.254772,33.338314,33.338911,-0.001996,33.339508,32.827981,32.389280,1.467558,31.950580,32.120903,31.615884,1.689410,31.110865
436,167216.518609,32.209553,34.393797,33.696438,33.334061,32.948242,32.690265,34.052084,33.696438,1.157935,33.340792,33.318382,32.624369,2.259611,31.930355,32.550714,31.819654,2.380226,31.088595
437,167225.481391,33.992186,37.146279,35.636501,35.461618,34.773616,34.648601,36.980331,35.636501,9.038097,34.292671,35.454006,34.178274,8.580099,32.902541,34.580856,33.319421,8.483934,32.057987
438,167313.592313,32.271599,34.448781,33.764034,33.402725,33.013193,32.756011,34.108022,33.764034,1.123756,33.420046,33.387093,32.686030,2.290264,31.984968,32.616880,31.876991,2.417104,31.137103
439,167314.274139,31.830917,33.316851,33.450722,32.080137,32.198162,32.022311,33.084122,33.450722,-1.750278,33.817322,32.069463,32.310773,-1.152098,32.552083,31.927236,31.720839,0.985412,31.514442
440,167319.725861,31.351297,32.010469,32.563051,31.412323,31.582740,31.435186,31.815455,32.563051,-4.251719,33.310646,31.403373,31.739686,-1.912675,32.075998,31.355446,31.346555,0.050567,31.337664
441,167320.407687,31.357901,32.831005,32.860217,31.497360,31.640361,31.465592,32.599764,32.860217,-1.250602,33.120670,31.486758,31.774764,-1.382900,32.062769,31.371144,31.342765,0.136266,31.314386
442,167336.934996,32.209916,34.394543,33.697797,33.335304,32.945905,32.687835,34.052702,33.697797,1.155253,33.342892,33.319619,32.618905,2.280899,31.918191,32.548238,31.823263,2.359871,31.098288
443,167345.065004,31.859495,33.770435,33.455397,33.137537,32.831822,32.176533,33.471041,33.455397,0.058092,33.439752,33.123793,32.576347,2.032778,32.028901,32.054262,31.636905,1.549730,31.219548
444,167363.597689,32.227164,34.412992,33.718552,33.355967,32.968526,32.710390,34.071065,33.718552,1.147029,33.366038,33.340279,32.643242,2.268061,31.946205,32.570748,31.834498,2.395655,31.098247
445,167363.756424,32.220273,34.391159,33.716221,33.356107,32.953710,32.697332,34.051578,33.716221,1.098679,33.380865,33.312339,32.639908,2.202985,31.967478,32.558646,31.833560,2.375490,31.108475
446,167366.243576,32.125969,34.239838,33.664205,33.313307,32.927050,32.677260,33.909035,33.664205,0.823236,33.419375,33.270666,32.626387,2.166379,31.982107,32.421161,31.788607,2.126949,31.156054
447,167366.402311,32.191733,34.362867,33.679227,33.318984,32.928058,32.671608,34.023196,33.679227,1.126558,33.335259,33.275206,32.624303,2.131821,31.973400,32.532886,31.801843,2.394292,31.070801
448,167387.208494,32.232686,34.416823,33.725200,33.362921,32.973981,32.716057,34.075186,33.725200,1.139740,33.375215,33.347246,32.647374,2.279156,31.947503,32.576531,31.839720,2.399450,31.102909
449,167390.791506,32.197776,34.253589,33.565099,33.223942,32.889995,32.647181,33.651574,33.565099,0.299121,33.478623,33.209187,32.610702,2.070176,32.012218,32.515837,31.834277,2.357535,31.152718
450,167579.663041,32.242061,34.425617,33.738069,33.375914,32.985393,32.727550,34.084088,33.738069,1.127189,33.392050,33.360243,32.657399,2.289584,31.954554,32.588068,31.846624,2.415325,31.105180
451,167582.336959,32.879493,34.586593,33.873157,34.375562,33.720221,33.519378,34.320624,33.873157,1.872127,33.425691,34.363344,33.157489,5.045103,31.951633,33.410652,32.272454,4.762038,31.134255
452,167724.090673,32.230335,34.409372,33.724311,33.362857,32.972934,32.715586,34.068516,33.724311,1.123479,33.380106,33.347216,32.645437,2.290593,31.943657,32.576372,31.834865,2.420263,31.093358
453,167725.909327,32.284712,34.434296,33.736013,33.379591,32.985663,32.789664,34.098169,33.736013,1.198731,33.373857,33.364168,32.654472,2.349086,31.944775,32.652377,31.864524,2.607782,31.076670
454,167856.000000,32.210726,34.393945,33.706671,33.344482,32.954155,32.696305,34.052413,33.706671,1.126235,33.360929,33.328812,32.626330,2.288294,31.923848,32.556823,31.815188,2.415834,31.073552
455,167871.536976,32.448573,34.858927,33.895452,33.898277,33.390172,33.028927,34.348334,33.895452,1.829706,33.442571,33.863164,32.976304,3.583043,32.089444,32.818146,32.026204,3.199564,31.234261
456,167871.786598,32.510438,34.974295,33.914939,33.917844,33.399310,33.030194,34.452509,33.914939,2.125512,33.377368,33.881964,32.976988,3.578206,32.072012,32.918952,32.043565,3.461214,31.168178
457,167872.613781,32.535120,35.010467,33.939365,33.942305,33.429609,33.058824,34.486307,33.939365,2.152851,33.392423,33.929072,32.992578,3.686193,32.056084,32.947076,32.064313,3.474698,31.181550
458,167877.074001,32.616070,35.225439,34.142544,34.145836,33.566858,33.176176,34.932120,34.142544,2.949726,33.352968,34.131890,33.072455,3.957875,32.013020,33.058417,32.110530,3.541150,31.162643
459,168297.939356,33.202608,36.076917,34.688213,34.692406,34.002274,33.917716,35.754685,34.688213,3.629896,33.621741,34.677089,33.411811,4.306563,32.146533,33.788334,32.533208,4.272010,31.278081
460,168299.928432,32.689036,34.800930,34.294791,33.365393,33.156657,33.094288,34.563713,34.294791,1.241831,34.025869,33.354120,32.983876,1.709717,32.613632,32.999027,32.334761,3.067454,31.670495
461,168302.071568,32.535936,34.046482,33.915430,33.081191,32.933215,32.877247,33.833822,33.915430,-0.419964,33.997038,33.071080,32.812582,1.330261,32.554084,32.791794,32.243526,2.821449,31.695257
462,168304.060644,32.530698,34.639391,34.103679,33.174679,32.971103,32.908769,34.402374,34.103679,1.380105,33.804984,33.163417,32.802829,1.666078,32.442241,32.813591,32.207391,2.800918,31.601190
463,168514.507393,33.211563,36.085931,34.698745,34.702947,34.011965,33.927400,35.763671,34.698745,3.624728,33.633818,34.687627,33.420760,4.312080,32.153893,33.798015,32.541333,4.277412,31.284651
464,168514.888455,33.928624,37.431124,35.522062,35.524320,34.717779,34.680520,37.288883,35.522062,13.639323,33.755240,35.517560,34.017971,11.576374,32.518381,34.623424,33.134566,11.493528,31.645709
465,168515.475514,34.906241,37.719703,36.072775,36.765455,35.790517,35.760804,37.606131,36.072775,14.825994,34.539419,36.760051,34.942174,17.577022,33.124297,35.715165,33.981756,16.760298,32.248348
466,168518.524486,36.204104,38.898046,37.214148,37.876459,36.942513,37.065243,38.790107,37.214148,16.045706,35.638188,37.871324,36.129804,17.731365,34.388284,37.021851,35.269535,17.841286,33.517219
467,168519.111545,36.135769,38.913023,37.241782,37.924990,36.991058,36.962015,38.801723,37.241782,15.401376,35.681842,37.919695,36.178500,17.190904,34.437306,36.917276,35.242618,16.533985,33.567960
468,168519.492607,35.633697,39.081195,37.168633,37.171704,36.404112,36.367908,38.942574,37.168633,14.063426,35.394691,37.165112,35.738237,11.311957,34.311362,36.312218,34.858245,11.526783,33.404272
469,168600.000000,33.249455,36.068235,34.717392,34.721334,34.040527,33.957536,35.751985,34.717392,3.590233,33.682800,34.706304,33.457973,4.331945,32.209643,33.830578,32.585315,4.321299,31.340052
470,168615.583211,33.681694,36.682222,35.076147,35.357136,34.528257,34.589588,36.408464,35.076147,4.923357,33.743831,35.344497,33.814046,5.655533,32.283595,34.372022,32.892748,5.466417,31.413474
471,168659.396132,33.868471,36.930866,35.225192,35.511905,34.653233,34.715804,36.651740,35.225192,5.171112,33.798643,35.499020,33.913170,5.748564,32.327320,34.603353,33.028606,5.708318,31.453858
472,168659.778980,33.850016,36.753742,35.145101,35.416855,34.607750,34.667069,36.242364,35.145101,4.194357,34.047837,35.404637,33.910473,5.711535,32.416309,34.560438,33.038106,5.819209,31.515774
473,168662.221020,33.805417,36.694927,35.066376,35.336745,34.538692,34.597713,36.185937,35.066376,4.299458,33.946815,35.301945,33.870845,5.495865,32.439744,34.491582,33.021229,5.646610,31.550875
474,168662.603868,33.811995,36.716236,35.065130,35.336864,34.550568,34.609891,36.204664,35.065130,4.354139,33.925597,35.324642,33.873253,5.545735,32.421863,34.503223,33.022021,5.659649,31.540819
475,168994.940749,33.975015,37.036235,35.335533,35.622140,34.761527,34.824073,36.757377,35.335533,5.159452,33.913688,35.609267,34.019754,5.767869,32.430241,34.711725,33.133061,5.728504,31.554397
476,168995.068972,33.830698,36.686332,35.298789,35.566329,34.740061,34.565808,36.426041,35.298789,4.381027,34.171537,35.554310,34.027594,5.933531,32.500877,34.460941,33.110419,5.248757,31.759897
477,168995.227931,33.595052,35.901243,35.180205,34.703391,34.278730,34.137692,35.690865,35.180205,2.453917,34.669546,34.693679,33.915649,3.738734,33.137620,34.052921,33.071773,4.714798,32.090625
478,168998.772069,33.234818,35.074226,34.598236,34.156789,33.813271,33.682838,34.879956,34.598236,1.464814,34.316517,34.147819,33.520542,3.261562,32.893264,33.604537,32.812283,4.119367,32.020028
479,168998.931028,33.225396,35.528596,34.674922,34.196936,33.827738,33.686477,35.318096,34.674922,3.087715,34.031747,34.187221,33.513191,3.235844,32.839160,33.601672,32.795365,3.870870,31.989058
480,168999.059251,33.448520,36.310708,34.780826,35.048761,34.278467,34.103269,36.049277,34.780826,4.906908,33.512376,35.036692,33.615020,5.499630,32.193349,33.997970,32.820577,4.554655,31.643185
481,169067.229504,33.974916,37.045152,35.337134,35.624587,34.762222,34.824953,36.765456,35.337134,5.167630,33.908812,35.611675,34.018950,5.762437,32.426224,34.712267,33.132229,5.716535,31.552191
482,169070.770496,35.274521,37.168306,35.762286,37.292626,36.201818,36.240539,36.997159,35.762286,7.301786,34.527412,37.284713,35.254285,12.005885,33.223858,36.171485,34.249420,11.365136,32.327355
483,169089.682752,34.020717,37.044127,35.363100,35.646167,34.799121,34.860885,36.768758,35.363100,5.165338,33.957442,35.633452,34.069081,5.748557,32.504710,34.749922,33.187339,5.741985,31.624756
484,169090.765302,35.174417,38.774165,36.765412,36.889893,35.978192,36.005319,38.653956,36.765412,15.918334,34.876869,36.884344,35.185310,14.320978,33.486275,35.956889,34.280163,14.132944,32.603437
485,169095.234698,36.306194,39.732823,37.800622,37.919070,36.991849,37.174278,39.619191,37.800622,16.219865,35.982053,37.913823,36.185122,15.418323,34.456422,37.128465,35.366456,15.715403,33.604447
486,169096.317248,36.205997,39.746518,37.819580,37.942062,37.014169,37.040853,39.629053,37.819580,15.611021,36.010108,37.936638,36.207008,14.922183,34.477379,36.993501,35.305992,14.558790,33.618484
487,169320.000000,34.030096,37.026067,35.372837,35.653230,34.806762,34.867959,36.752996,35.372837,5.117101,33.992679,35.640625,34.077133,5.796833,32.513640,34.757957,33.198253,5.782786,31.638549
488,169335.377079,34.285219,36.855178,35.465300,35.616186,34.911611,35.059836,36.509336,35.465300,5.456912,34.421263,35.592670,34.315683,6.674484,33.038697,34.920249,33.559470,7.112440,32.198692
489,169335.399730,34.290074,36.863231,35.466028,35.617099,34.919971,35.068381,36.516969,35.466028,5.486372,34.415086,35.608686,34.317345,6.741360,33.026004,34.928625,33.560303,7.143235,32.191981
490,169335.610418,34.406131,37.192320,35.515099,35.975509,35.118294,35.279034,36.817565,35.515099,6.284088,34.212633,35.966403,34.376198,7.672364,32.785992,35.127782,33.581387,7.460985,32.034993
491,169336.241023,34.510351,37.340356,35.588893,36.056425,35.187548,35.350767,36.959916,35.588893,6.516688,34.217870,36.047181,34.435369,7.661198,32.823556,35.273884,33.637742,7.776837,32.001601
492,169427.063135,34.921210,37.866457,36.096826,36.583482,35.647910,35.817731,37.663371,36.096826,7.173072,34.530281,36.573882,34.837684,7.949893,33.101487,35.737884,33.987869,8.013163,32.237854
493,169430.936865,34.820928,37.669452,36.030090,36.500892,35.603568,35.665514,37.472942,36.030090,6.826806,34.587237,36.491603,34.826538,7.878193,33.161473,35.588254,33.943985,7.779799,32.299716
494,169569.658502,35.003428,37.940684,36.176677,36.661977,35.728669,35.898012,37.738250,36.176677,7.173549,34.615104,36.652408,34.920398,7.956504,33.188388,35.818418,34.072009,8.022650,32.325600
495,169570.540498,36.043895,39.526813,37.519701,37.754248,36.812418,36.894111,39.429595,37.519701,18.287208,35.609807,37.749653,35.992337,16.826277,34.235021,36.855889,35.115901,16.660366,33.375913
496,169575.459502,38.382525,41.137762,39.322473,40.247085,39.224304,39.288779,41.061966,39.322473,21.372188,37.582980,40.243498,38.332509,23.479268,36.421520,39.258938,37.380910,23.074288,35.502883
497,169576.341498,37.664208,41.056808,39.091180,39.319327,38.417675,38.497094,40.963087,39.091180,18.596468,37.219273,39.314894,37.632609,16.712675,35.950323,38.460217,36.754484,16.945616,35.048750
498,170002.788534,35.125801,37.979313,36.274295,36.745578,35.836106,36.000576,37.782559,36.274295,7.133948,34.766031,36.736278,35.048454,7.983251,33.360631,35.923229,34.214455,8.082342,32.505682
499,170003.395962,35.560741,38.079215,36.383543,36.798660,35.910529,36.563260,37.906240,36.383543,8.186902,34.860846,36.790482,35.140570,8.870886,33.490658,36.495213,34.492774,10.766275,32.490335
500,170006.604038,35.618030,37.801532,36.336480,36.728877,35.906220,36.523372,37.638009,36.336480,7.401037,35.034951,36.721146,35.193161,8.688761,33.665176,36.459036,34.656881,10.247812,32.854725
501,170007.211466,35.679233,38.190365,36.448252,36.861987,35.979684,36.630238,38.018014,36.448252,8.471149,34.878491,36.853840,35.214798,8.845021,33.575755,36.562439,34.669854,10.213255,32.777269
502,170064.000000,35.137559,38.054936,36.302160,36.784108,35.857264,36.025431,37.854025,36.302160,7.183474,34.750294,36.774611,35.054585,7.961875,33.334560,35.946431,34.213135,8.023304,32.479839
503,170079.600846,35.975965,38.721024,36.977133,37.554884,36.640216,36.878245,38.468566,36.977133,9.650658,35.485700,37.537947,35.854701,10.891832,34.171454,36.778348,35.058955,11.125727,33.339561
504,170079.843509,36.016181,38.768084,36.991060,37.570135,36.649950,36.888522,38.515079,36.991060,9.840049,35.467042,37.553163,35.859639,10.934483,34.166116,36.838117,35.076825,11.372046,33.315532
505,170080.724566,36.042534,38.799937,37.014713,37.594923,36.677291,36.916333,38.546465,37.014713,9.871922,35.482962,37.588601,35.879895,11.012369,34.171189,36.865835,35.101619,11.370122,33.337404
506,170172.486425,36.453509,39.286774,37.487859,38.084012,37.115683,37.361207,39.152150,37.487859,10.466425,35.823567,38.077531,36.274066,11.341662,34.470601,37.309439,35.475303,11.534545,33.641167
507,170173.513575,36.449340,39.263554,37.483652,38.067550,37.107408,37.351278,39.129838,37.483652,10.422497,35.837467,38.061113,36.272916,11.321617,34.484719,37.299858,35.477320,11.539037,33.654782
508,170340.491502,36.605747,39.429196,37.636906,38.230905,37.265670,37.510295,39.295166,37.636906,10.475169,35.978647,38.224453,36.426735,11.356122,34.629017,37.458752,35.630884,11.546580,33.803016
509,170341.508498,36.446933,38.477895,37.284374,37.807241,37.014891,37.230363,38.359729,37.284374,7.701963,36.209019,37.801551,36.326563,10.564233,34.851576,37.184913,35.603528,11.326273,34.022144
510,170745.773772,36.782374,39.609953,37.812763,38.407526,37.441772,37.686698,39.475858,37.812763,10.502317,36.149669,38.401071,36.602385,11.358565,34.803699,37.635132,35.807795,11.539495,33.980458
511,170746.189455,37.494508,40.822016,38.824641,39.151454,38.206332,38.340692,40.748723,38.824641,22.238207,36.900559,39.147925,37.382438,20.405196,35.616951,38.312506,36.559653,20.259166,34.806801
512,170746.282405,37.744400,40.870293,38.954248,39.260996,38.325851,38.642378,40.801564,38.954248,22.766249,37.106932,39.257687,37.510494,21.532337,35.763301,38.615940,36.748355,23.016045,34.880770
513,170751.717595,40.617825,43.232756,41.405147,42.274527,41.264517,41.528467,43.176306,41.405147,26.587544,39.633987,42.271807,40.383138,28.351518,38.494469,41.506729,39.601934,28.593594,37.697139
514,170751.810545,40.283135,43.348997,41.346201,41.646155,40.805696,41.115080,43.282731,41.346201,24.752323,39.409672,41.642962,40.073088,20.065813,38.503214,41.089568,39.361496,22.087872,37.633423
515,170752.226228,39.825422,43.069445,41.117189,41.435131,40.516604,40.647212,42.999103,41.117189,22.661972,39.235274,41.431742,39.715858,20.662635,37.999974,40.620135,38.917180,20.506942,37.214225
516,170784.000000,36.923433,39.643288,37.925638,38.497501,37.564946,37.800469,39.514234,37.925638,10.432111,36.337043,38.491289,36.754396,11.405957,35.017504,37.750848,35.977816,11.643278,34.204785
517,170799.557119,37.028551,39.775295,38.023984,38.621757,37.670084,37.959347,39.659277,38.023984,10.922480,36.388691,38.616358,36.842094,11.850693,35.067831,37.872487,36.064053,12.078925,34.255619
518,170843.403694,37.093359,39.861762,38.071813,38.674208,37.707884,37.999363,39.744876,38.071813,11.092014,36.398750,38.668768,36.867111,11.944563,35.065454,37.954369,36.109347,12.232065,34.264325
519,170843.774192,37.071304,39.779679,38.019207,38.608450,37.672218,37.957365,39.560077,38.019207,10.440525,36.478338,38.603127,36.857673,11.826732,35.112220,37.913341,36.108977,12.225896,34.304612
520,170846.225808,37.032499,39.735948,37.966476,38.554622,37.622440,37.907064,39.516693,37.966476,10.520331,36.416260,38.540064,36.819518,11.676252,35.098972,37.863111,36.083228,12.078937,34.303344
521,170846.596306,37.035464,39.745203,37.965854,38.555354,37.627559,37.912849,39.525442,37.965854,10.559562,36.406266,38.550028,36.820399,11.710866,35.090770,37.868794,36.083086,12.090566,34.297377
522,170986.507440,37.135832,39.905271,38.113771,38.716366,37.749648,38.041220,39.788371,38.113771,11.101127,36.439172,38.710925,36.908531,11.948288,35.106137,37.996220,36.152531,12.222044,34.308841
523,170991.492560,37.604091,40.114462,38.348110,38.893389,37.947515,38.546171,40.008814,38.348110,12.182285,36.687406,38.888472,37.124178,12.942176,35.359885,38.505493,36.573917,14.169296,34.642341
524,171057.975046,37.162815,39.916931,38.136264,38.735502,37.773482,38.063429,39.800697,38.136264,11.096917,36.471831,38.730092,36.936448,11.958376,35.142805,38.018685,36.184679,12.227475,34.350673
525,171064.024954,39.299609,42.611294,40.660015,41.002714,40.016194,40.181623,42.545696,40.660015,22.296127,38.774333,40.999660,39.155662,21.803269,37.311664,40.156361,38.320463,21.707488,36.484566
526,171226.433756,37.226820,39.923585,38.184982,38.771562,37.828102,38.111958,39.809721,38.184982,11.063801,36.560243,38.766264,37.007211,11.978421,35.248158,38.068135,36.265318,12.276434,34.462502
527,171231.566244,38.502521,40.517654,38.881158,40.275522,39.227561,39.439481,40.433332,38.881158,14.267652,37.328984,40.271595,38.314030,17.994022,36.356466,39.407001,37.468830,17.815753,35.530659
528,171492.276030,37.297306,40.026745,38.262239,38.856049,37.902850,38.190132,39.911637,38.262239,11.104795,36.612842,38.850691,37.073489,11.965260,35.296286,38.145815,36.327581,12.241506,34.509348
529,171493.723970,37.275596,39.943050,38.222430,38.814988,37.873791,38.160518,39.828168,38.222430,10.831588,36.616693,38.809641,37.054922,11.836553,35.300203,38.116292,36.314801,12.152056,34.513310
530,171528.000000,37.305028,40.070064,38.278538,38.880068,37.915852,38.206894,39.953474,38.278538,11.133359,36.603602,38.874642,37.076911,11.949582,35.279180,38.162011,36.325619,12.206562,34.489228
531,171922.092453,37.543255,40.364319,38.558019,39.148087,38.179924,38.441674,40.251253,38.558019,11.597918,36.864784,39.142584,37.337595,12.363388,35.532606,38.399140,36.565100,12.562373,34.731061
532,171922.541584,38.244245,41.526222,39.545295,39.889826,38.938925,39.091518,41.460554,39.545295,22.594396,37.630035,39.886630,38.109683,20.962713,36.332736,39.066813,37.304168,20.793998,35.541523
533,171922.698903,38.817152,41.481699,39.776255,40.684524,39.608283,39.732149,41.428595,39.776255,24.101943,38.123914,40.681939,38.668834,29.364244,36.655730,39.712163,37.794281,27.975289,35.876398
534,171927.301097,41.125093,43.701075,41.888668,42.764006,41.759462,42.028287,43.650510,41.888668,26.995132,40.126825,42.761544,40.882641,28.788740,39.003739,42.009247,40.114632,29.029478,38.220018
535,171927.458416,41.005974,43.620377,41.853945,42.742839,41.745354,41.866542,43.569054,41.853945,25.881693,40.138837,42.740339,40.874742,28.152631,39.009144,41.847217,40.044552,27.202942,38.241888
536,171927.907547,40.374001,43.568315,41.619263,41.953914,41.046516,41.194636,43.505331,41.619263,23.192402,39.733196,41.950846,40.255227,20.850521,38.559607,41.170921,39.463235,20.998894,37.755550
537,172164.257489,37.632058,40.352057,38.618994,39.187716,38.251427,38.503739,40.242959,38.618994,11.536940,36.995029,39.182407,37.436819,12.400978,35.691230,38.462706,36.682747,12.645148,34.902788
538,172165.742511,37.610634,40.328972,38.590677,39.170567,38.229774,38.487029,40.217880,38.590677,11.343455,36.963475,39.165159,37.411312,12.226315,35.657464,38.445236,36.656803,12.467417,34.868370
539,172259.213578,37.660138,40.473668,38.671923,39.260346,38.294865,38.555876,40.360989,38.671923,11.609324,36.982856,39.254861,37.454868,12.371747,35.654876,38.513486,36.684884,12.568388,34.856281
540,172259.610594,37.639147,40.397687,38.621528,39.198365,38.260699,38.516598,40.192104,38.621528,11.008581,37.050953,39.192987,37.444948,12.252473,35.696908,38.475031,36.683851,12.554860,34.892671
541,172259.751613,37.632101,40.386774,38.613135,39.189162,38.249862,38.505399,40.181470,38.613135,11.007801,37.044800,39.175584,37.439856,12.182697,35.704127,38.463889,36.681487,12.510290,34.899085
542,172262.248387,37.557749,40.290738,38.543131,39.114675,38.192310,38.445881,40.086955,38.543131,10.916392,36.999306,39.101198,37.397033,12.050161,35.692868,38.367509,36.632309,12.269606,34.897110
543,172262.389406,37.584612,40.340792,38.550983,39.127301,38.197574,38.453259,40.135314,38.550983,11.110515,36.966653,39.113712,37.395953,12.046217,35.678194,38.411715,36.639352,12.429138,34.866989
544,172262.786422,37.592368,40.352588,38.557438,39.134593,38.206567,38.462626,40.146819,38.557438,11.130184,36.968057,39.129210,37.399253,12.114614,35.669297,38.421022,36.645334,12.434867,34.869645
545,172272.000000,37.656857,40.471024,38.667572,39.256127,38.291097,38.552168,40.358317,38.667572,11.617978,36.976828,39.250641,37.451497,12.362843,35.652353,38.509768,36.682103,12.558824,34.854439
546,172353.687161,36.616711,39.501555,37.725097,38.235261,37.293076,37.500600,39.354100,37.725097,8.790258,36.096094,38.228317,36.474740,9.462470,34.721163,37.443802,35.671465,9.563696,33.899129
547,172355.587770,36.987448,39.623977,37.860962,38.326442,37.399807,37.935851,39.489551,37.860962,9.639625,36.232372,38.320111,36.594541,10.213653,34.868971,37.884058,35.962750,11.372230,34.041441
548,172358.412230,36.962434,39.317755,37.758255,38.202742,37.337692,37.849689,39.189333,37.758255,8.865510,36.327176,38.196694,36.586065,9.977821,34.975437,37.800208,36.004978,11.121424,34.209748
549,172360.312839,37.036541,39.666532,37.891132,38.355382,37.431353,37.965979,39.532481,37.891132,9.742521,36.249782,38.349069,36.628351,10.213628,34.907633,37.914332,36.033350,11.164904,34.152368
550,172402.865267,36.581232,39.486350,37.694880,38.208661,37.260309,37.469306,39.337846,37.694880,8.802298,36.051914,38.201667,36.436621,9.456349,34.671576,37.412104,35.631663,9.538830,33.851222
551,172407.134733,37.914135,39.888051,38.308582,39.796683,38.721867,38.863728,39.787998,38.308582,11.766170,36.829167,39.791968,37.785529,15.957719,35.779091,38.825158,36.872966,15.526287,34.920773
552,172425.336856,36.614295,39.493292,37.715047,38.224201,37.287612,37.494706,39.346136,37.715047,8.818838,36.083957,38.217270,36.474162,9.424492,34.731054,37.438016,35.672899,9.543484,33.907783
553,172432.663144,38.787951,42.239225,40.263187,40.532183,39.552964,39.662130,42.162492,40.263187,19.714459,38.363883,40.528568,38.699311,18.987383,36.870053,39.632560,37.822683,18.786220,36.012806
554,172836.253169,36.540349,39.383991,37.639600,38.142405,37.211411,37.415976,39.238452,37.639600,8.745559,36.040749,38.135552,36.402788,9.478043,34.670025,37.359930,35.603684,9.606489,33.847439
555,172837.746831,36.511294,39.395887,37.633909,38.101929,37.177008,37.384530,39.248373,37.633909,8.707337,36.019445,38.094982,36.373781,9.283006,34.652580,37.327711,35.578245,9.435448,33.828779
556,172955.147363,36.545956,39.465085,37.666086,38.182372,37.229441,37.439457,39.315834,37.666086,8.794345,36.016337,38.175344,36.401776,9.454387,34.628209,37.381969,35.590512,9.549755,33.799054
557,172955.587969,36.522910,39.361989,37.604163,38.106193,37.189164,37.393409,39.081718,37.604163,8.097304,36.126608,38.099356,36.392746,9.352571,34.686137,37.337491,35.591959,9.565870,33.846428
558,172958.412031,36.482554,39.314895,37.546462,38.047270,37.135343,37.339099,39.035221,37.546462,8.175979,36.057703,38.028597,36.353745,9.197960,34.678894,37.283301,35.567413,9.423326,33.851525
559,172958.852637,36.486256,39.326706,37.545789,38.048018,37.141871,37.346213,39.046238,37.545789,8.216847,36.045340,38.041176,36.354979,9.234052,34.668783,37.290257,35.567398,9.434820,33.844540
560,172979.720842,36.546042,39.466270,37.665983,38.182463,37.229439,37.439534,39.316963,37.665983,8.797596,36.015004,38.175432,36.401695,9.451734,34.627959,37.382025,35.590632,9.545818,33.799240
561,172982.279158,36.489537,39.374169,37.631558,38.141831,37.205475,37.413059,39.226633,37.631558,8.601442,36.036482,38.134883,36.392242,9.397187,34.649602,37.301492,35.561589,9.382423,33.821687
562,172992.000000,36.546238,39.465871,37.666196,38.182571,37.229802,37.439855,39.316594,37.666196,8.796303,36.015799,38.175541,36.402280,9.451143,34.629019,37.382357,35.590673,9.549330,33.798989
563,173000.547495,35.463688,38.462044,36.798730,37.063747,36.220906,36.275820,38.224492,36.798730,5.209147,35.372969,37.052680,35.493105,5.698046,33.933530,36.182823,34.641819,5.630193,33.100816
564,173005.000000,35.845440,38.511859,36.869224,37.104443,36.272120,36.751425,38.301150,36.869224,5.897855,35.437298,37.094626,35.552427,6.352052,34.010228,36.668906,34.904337,7.267954,33.139767
565,173027.030262,35.225173,38.238732,36.568503,36.834848,35.986652,36.041833,37.999674,36.568503,5.194941,35.137332,36.823711,35.254226,5.696998,33.684742,35.948254,34.398796,5.624305,32.849338
566,173030.969738,36.506084,38.386920,36.987712,38.492837,37.413824,37.448362,38.238917,36.987712,7.336472,35.736506,38.485933,36.475728,11.786887,34.465522,37.390358,35.495486,11.110628,33.600613
567,173196.240597,34.964227,37.954467,36.306434,36.570707,35.726894,35.781612,37.716867,36.306434,5.150232,34.896002,36.559636,34.998245,5.701461,33.436855,35.688595,34.136379,5.667961,32.584163
568,173197.759403,34.908053,37.350468,36.126622,36.371282,35.617181,35.667879,37.130328,36.126622,3.954205,35.122916,36.361024,34.966317,5.494595,33.571611,35.581691,34.138181,5.686858,32.694672
569,173433.124027,34.862264,37.893477,36.219336,36.487207,35.633108,35.688588,37.652518,36.219336,5.160203,34.786153,36.475983,34.895593,5.690228,33.315202,35.594281,34.025674,5.647801,32.457068
570,173440.875973,36.957650,40.552998,38.598027,38.717450,37.777790,37.802526,40.447122,38.598027,15.177275,36.748932,38.712517,36.959903,14.385362,35.207289,37.761072,36.039453,14.130956,34.317834
571,173721.585715,34.825069,37.797984,36.166997,36.429587,35.587959,35.642341,37.561403,36.166997,5.115997,34.772591,36.418568,34.861175,5.713987,33.303783,35.549765,33.996846,5.697572,32.443927
572,173722.882499,34.668432,37.533719,36.095045,36.348348,35.545438,35.401118,37.305729,36.095045,4.605874,34.884361,36.337727,34.852186,5.651530,33.366644,35.311889,33.933051,5.245593,32.554213
573,173723.121032,34.467731,36.887653,35.997666,35.645006,35.162111,35.039950,36.694944,35.997666,3.136937,35.300387,35.636029,34.747432,3.997647,33.858835,34.964523,33.899970,4.789241,32.835417
574,173723.553354,34.399682,36.732391,35.857523,35.517207,35.059079,34.941244,36.368186,35.857523,2.382268,35.346860,35.508551,34.665790,3.931521,33.823029,34.868513,33.863875,4.686687,32.859236
575,173723.704995,34.378566,36.703540,35.831213,35.491941,35.028761,34.911294,36.340504,35.831213,2.383457,35.321921,35.467487,34.644877,3.849771,33.822268,34.838797,33.852588,4.615409,32.866379
576,173726.295005,34.168283,36.456029,35.612826,35.278212,34.837053,34.721262,36.098407,35.612826,2.306430,35.127245,35.254122,34.472118,3.714393,33.690114,34.578667,33.699272,4.176987,32.819876
577,173726.446646,34.206351,36.530697,35.619354,35.279482,34.834119,34.716503,36.167420,35.619354,2.562850,35.071289,35.255014,34.465835,3.690334,33.676657,34.643963,33.706224,4.385028,32.768485
578,173726.878968,34.207269,36.538825,35.617595,35.276668,34.836350,34.718371,36.174420,35.617595,2.595773,35.060770,35.268009,34.458649,3.773026,33.649289,34.645606,33.706312,4.378748,32.767017
579,173727.117501,34.208202,36.628024,35.667173,35.313420,34.851807,34.729366,36.435057,35.667173,3.449121,34.899289,35.304433,34.455758,3.812011,33.607084,34.653846,33.698895,4.289376,32.743944
580,173728.414285,34.503232,37.377599,35.899676,36.153708,35.362222,35.217220,37.148664,35.899676,4.731642,34.650689,36.143042,34.679004,5.546336,33.214966,35.127631,33.789633,5.068847,32.451635
581,173736.000000,34.773305,37.813580,36.125490,36.394140,35.541902,35.597540,37.571778,36.125490,5.188923,34.679201,36.382877,34.806049,5.657264,33.229222,35.502905,33.939476,5.609193,32.376048
582,173793.704030,34.098861,36.970570,35.593866,35.570348,34.881889,34.805921,36.669628,35.593866,3.436356,34.518104,35.556374,34.291715,4.039760,33.027055,34.686407,33.427380,4.021769,32.168353
583,173795.088157,35.230699,38.738649,36.875317,36.865397,36.030710,35.996733,38.603674,36.875317,12.325831,35.146960,36.859131,35.305843,11.077318,33.752555,35.943132,34.416490,10.887299,32.889847
584,173798.911843,36.536262,39.481931,37.782057,38.328289,37.396646,37.368417,39.369520,37.782057,13.595421,36.194594,38.323065,36.586029,14.876405,34.848992,37.323731,35.636297,14.451597,33.948863
585,173800.295970,36.101711,39.550770,37.726090,37.716858,36.897733,36.864568,39.418795,37.726090,12.347537,36.033385,37.710729,36.186363,11.119578,34.661997,36.812131,35.289803,11.104707,33.767476
586,173866.991922,34.093194,36.937899,35.580836,35.557366,34.872996,34.797679,36.639558,35.580836,3.412909,34.522115,35.543515,34.286291,4.052806,33.029066,34.679219,33.423452,4.048104,32.167686
587,173871.008078,34.201632,36.985905,35.603768,35.581001,34.890854,34.943357,36.694338,35.603768,3.595524,34.513197,35.567462,34.298821,4.182607,33.030180,34.827550,33.486298,4.421999,32.145047
588,174012.088000,33.991821,36.872209,35.491874,35.468171,34.777449,34.701197,36.570203,35.491874,3.431976,34.413546,35.454148,34.185338,4.038217,32.916528,34.581265,33.318172,4.020020,32.055079
589,174013.912000,33.929299,35.898865,35.200110,35.179359,34.620625,34.554717,35.638076,35.200110,1.612959,34.762145,35.167244,34.142334,3.774584,33.117424,34.451090,33.332966,4.117877,32.214842
590,174274.625947,33.926883,36.809870,35.430093,35.406292,34.714219,34.637861,36.507466,35.430093,3.424452,34.352721,35.392252,34.120941,4.040890,32.849630,34.517781,33.251571,4.024678,31.985360
591,174279.374053,33.685216,36.331925,35.273919,35.251885,34.630822,34.270539,36.054005,35.273919,2.696772,34.493832,35.238977,34.098686,3.942006,32.958394,34.160178,33.142402,3.518468,32.124626
592,174346.864154,33.908320,36.796932,35.413805,35.389938,34.697062,34.620545,36.493918,35.413805,3.426066,34.333691,35.375869,34.103106,4.037140,32.830343,34.500217,33.231866,4.023144,31.963516
593,174351.135846,33.421094,35.647987,35.029367,34.194651,33.918712,33.859488,35.413890,35.029367,1.577280,34.644843,34.183785,33.686774,2.038694,33.189762,33.766522,33.026321,3.036235,32.286120
594,174443.137673,33.893948,36.785931,35.401955,35.378041,34.683542,34.606920,36.482510,35.401955,3.423113,34.321399,35.363952,34.088183,4.041536,32.812414,34.486437,33.216816,4.022058,31.947196
595,174443.557589,33.884239,36.609830,35.319189,35.296572,34.645000,34.572786,36.053684,35.319189,2.468766,34.584693,35.283296,34.086490,4.022670,32.889685,34.459239,33.227095,4.141448,31.994951
596,174443.710898,33.873428,36.584716,35.304804,35.282290,34.624257,34.552415,36.031464,35.304804,2.455148,34.578143,35.244650,34.081413,3.930196,32.918177,34.439460,33.226534,4.098079,32.013609
597,174446.289102,33.751645,36.399422,35.190800,35.168687,34.549342,34.479123,35.858799,35.190800,2.309322,34.522800,35.131904,34.039600,3.776174,32.947296,34.259654,33.171064,3.763331,32.082475
598,174446.442411,33.814623,36.526770,35.202800,35.180170,34.552670,34.480773,35.973164,35.202800,2.601025,34.432435,35.142508,34.036561,3.734072,32.930614,34.367749,33.182479,4.001893,31.997209
599,174446.862327,33.828098,36.553355,35.212473,35.189746,34.570231,34.497994,35.997109,35.212473,2.636690,34.427837,35.176468,34.039774,3.819747,32.903079,34.384431,33.192288,4.006079,32.000144
600,174456.000000,33.884415,36.769797,35.385554,35.361680,34.671102,34.594657,36.467088,35.385554,3.433909,34.304020,35.347625,34.079145,4.027471,32.810664,34.474451,33.210088,4.014396,31.945726
601,174633.110646,32.890630,34.984918,34.407526,33.983098,33.625780,33.344393,34.665348,34.407526,0.835090,34.149703,33.968603,33.325809,2.082020,32.683015,33.214336,32.520681,2.246758,31.827027
602,174635.905455,34.427588,37.592042,36.069973,35.878711,35.198312,35.071142,37.447325,36.069973,9.876885,34.692621,35.872149,34.608705,9.060061,33.345261,35.012269,33.759381,8.984362,32.506493
603,174636.108052,34.701556,37.491152,36.120660,36.341112,35.530667,35.418798,37.363901,36.120660,10.132904,34.877419,36.335338,34.826581,12.296970,33.317823,35.366992,33.941057,11.621934,32.515122
604,174637.891948,35.137107,37.906263,36.475016,36.694081,35.926963,35.845244,37.780261,36.475016,10.746895,35.169771,36.688363,35.260738,11.754522,33.833114,35.793940,34.386441,11.588814,32.978942
605,174638.094545,35.139543,37.922344,36.493962,36.714152,35.948941,35.837659,37.795726,36.493962,10.666009,35.192199,36.708406,35.284409,11.667532,33.860412,35.786105,34.400616,11.352017,33.015127
606,174640.889354,34.914869,38.041600,36.558045,36.369932,35.687951,35.562733,37.899115,36.558045,9.765155,35.216975,36.363469,35.096873,9.222866,33.830276,35.504738,34.240732,9.204004,32.976726
607,175063.690210,32.756419,34.844043,34.266301,33.842371,33.488209,33.207298,34.524974,34.266301,0.839480,34.007629,33.827901,33.190978,2.067031,32.554055,33.077479,32.389493,2.232746,31.701508
608,175064.116951,32.288478,33.601780,33.947130,32.357819,32.592039,32.414996,33.400959,33.947130,-2.810166,34.493302,32.348713,32.804948,-2.347424,33.261183,32.333235,32.237327,0.493468,32.141418
609,175064.887831,31.914443,33.100748,33.628797,32.189648,32.400109,31.916999,32.919047,33.628797,-4.032996,34.338547,32.181407,32.591474,-2.330110,33.001540,31.843024,31.996065,-0.869623,32.149106
610,175073.112169,31.058262,31.223373,32.161028,31.024003,31.338545,30.957165,31.080204,32.161028,-7.774280,33.241852,31.017504,31.619455,-4.329785,32.221406,30.898814,31.240488,-2.457636,31.582163
611,175073.883049,31.102843,32.270864,32.648900,31.224594,31.497229,31.019417,32.091238,32.648900,-3.201796,33.206562,31.216450,31.742910,-3.022649,32.269369,30.946312,31.281737,-1.925829,31.617161
612,175074.309790,31.328581,32.623721,32.826437,31.249376,31.527059,31.351525,32.424742,32.826437,-2.082922,33.228132,31.240358,31.777922,-2.787442,32.315485,31.270534,31.394920,-0.644982,31.519306
613,175139.147561,32.685224,34.780893,34.193351,33.767863,33.414659,33.132650,34.460689,34.193351,0.864101,33.926013,33.753336,33.118316,2.052541,32.483295,33.002341,32.322804,2.196427,31.643268
614,175139.567638,32.686214,34.658609,34.108965,33.708640,33.384975,33.119687,34.075873,34.108965,-0.113666,34.142056,33.694978,33.113723,1.996546,32.532468,32.997097,32.330918,2.288249,31.664739
615,175142.432362,32.642227,34.602627,34.029107,33.631063,33.315208,33.051465,34.023305,34.029107,-0.020045,34.034909,33.591347,33.073586,1.788817,32.555825,32.929598,32.313804,2.127508,31.698011
616,175142.852439,32.648842,34.620022,34.028708,33.628492,33.328229,33.063046,34.037529,34.028708,0.030309,34.019887,33.614837,33.077446,1.846561,32.540055,32.940511,32.315506,2.147617,31.690501
617,175187.722350,32.701841,34.796387,34.212451,33.787430,33.433248,33.151553,34.476553,34.212451,0.854344,33.948348,33.772922,33.136033,2.060275,32.499143,33.021379,32.336654,2.215015,31.651930
618,175190.277650,32.610527,34.650462,34.163705,33.749495,33.411441,33.136929,34.338831,34.163705,0.581332,33.988580,33.735357,33.128015,2.016080,32.520672,32.888087,32.293315,1.974353,31.698543
619,175200.000000,32.698647,34.794335,34.209764,33.784503,33.430735,33.148881,34.474321,34.209764,0.855329,33.945208,33.769987,33.133889,2.056549,32.497791,33.018634,32.332947,2.216870,31.647261
