Hours,HPHtgLd_W
0,0
1,1744.9
2,986.4
3,417.6
4,417.6
5,986.4
6,5347.5
7,18051.5
8,19189.2
9,18430.7
10,16155.4
11,14638.5
12,11794.3
13,10277.4
14,9139.7
15,8002.1
16,9139.7
17,10656.6
18,14069.6
19,16534.6
20,15776.2
21,14448.9
22,11794.3
23,10277.4
24,5726.7
25,1747.2
26,987.8
27,418
28,418
29,987.9
30,5357
31,18084.6
32,19224.4
33,18464.6
34,16185
35,14665.3
36,11815.8
37,10296.1
38,9156.3
39,8016.5
40,9156.3
41,10676
42,14095.4
43,16564.9
44,15805.1
45,14475.3
46,11815.8
47,10296.1
48,5737
49,1749.9
50,989.2
51,418.3
52,418.3
53,989.2
54,5366.4
55,18117.4
56,19259.3
57,18498
58,16214.3
59,14691.8
60,11837.1
61,10314.6
62,9172.7
63,8030.8
64,9172.7
65,10695.2
66,14120.8
67,16594.9
68,15833.6
69,14501.4
70,11837.1
71,10314.6
72,5747.1
73,1752.7
74,990.6
75,418.7
76,418.7
77,990.6
78,5375.7
79,18149.7
80,19293.6
81,18531
82,16243.1
83,14717.9
84,11858
85,10332.8
86,9188.9
87,8044.9
88,9188.9
89,10714.1
90,14145.9
91,16624.4
92,15861.8
93,14527.2
94,11858
95,10332.8
96,5757
97,1755.4
98,992
99,419
100,419
101,992
102,5384.9
103,18181.6
104,19327.5
105,18563.6
106,16271.6
107,14743.7
108,11878.7
109,10350.8
110,9204.8
111,8058.8
112,9204.8
113,10732.8
114,14170.7
115,16653.6
116,15889.6
117,14552.7
118,11878.7
119,10350.8
120,5766.9
121,1758.1
122,993.3
123,419.3
124,419.3
125,993.3
126,5393.9
127,18213
128,19361
129,18595.7
130,16299.7
131,14769.1
132,11899.1
133,10368.5
134,9220.5
135,8072.5
136,9220.5
137,10751.1
138,14195.1
139,16682.4
140,15917
141,14577.7
142,11899.1
143,10368.5
144,5776.6
145,1760.7
146,994.6
147,419.7
148,419.7
149,994.6
150,5402.8
151,18244
152,19393.9
153,18627.3
154,16327.4
155,14794.1
156,11919.2
157,10385.9
158,9236
159,8086
160,9236
161,10769.3
162,14219.1
163,16710.7
164,15944.1
165,14602.5
166,11919.2
167,10385.9
168,5786.1
169,1763.4
170,995.9
171,420
172,420
173,995.9
174,5411.6
175,18274.5
176,19426.4
177,18658.5
178,16354.6
179,14818.8
180,11939
181,10403.1
182,9251.2
183,8099.3
184,9251.2
185,10787.1
186,14242.8
187,16738.6
188,15970.7
189,14626.8
190,11939
191,10403.1
192,5795.5
193,1765.9
194,997.2
195,420.3
196,420.3
197,997.2
198,5420.2
199,18304.5
200,19458.3
201,18689.1
202,16381.5
203,14843.1
204,11958.5
205,10420.1
206,9266.3
207,8112.4
208,9266.3
209,10804.7
210,14266.1
211,16766.1
212,15996.9
213,14650.8
214,11958.5
215,10420.1
216,5804.8
217,1768.4
218,998.5
219,420.6
220,420.6
221,998.5
222,5428.7
223,18334.1
224,19489.8
225,18719.3
226,16407.9
227,14867
228,11977.7
229,10436.7
230,9281
231,8125.3
232,9281
233,10822
234,14289.1
235,16793.1
236,16022.7
237,14674.3
238,11977.7
239,10436.7
240,5813.9
241,1770.9
242,999.7
243,420.9
244,420.9
245,999.7
246,5437
247,18363.1
248,19520.7
249,18749
250,16433.9
251,14890.4
252,11996.5
253,10453.1
254,9295.6
255,8138
256,9295.6
257,10839
258,14311.7
259,16819.7
260,16048
261,14697.5
262,11996.5
263,10453.1
264,5822.9
265,1773.4
266,1000.9
267,421.2
268,421.2
269,1000.9
270,5445.2
271,18391.7
272,19551.1
273,18778.2
274,16459.4
275,14913.5
276,12015.1
277,10469.2
278,9309.9
279,8150.5
280,9309.9
281,10855.7
282,14333.8
283,16845.8
284,16072.9
285,14720.3
286,12015.1
287,10469.2
288,5831.7
289,1775.8
290,1002.1
291,421.5
292,421.5
293,1002.1
294,5453.3
295,18419.7
296,19580.9
297,18806.8
298,16484.5
299,14936.2
300,12033.3
301,10485
302,9323.9
303,8162.7
304,9323.9
305,10872.1
306,14355.6
307,16871.5
308,16097.4
309,14742.7
310,12033.3
311,10485
312,5840.4
313,1778.1
314,1003.3
315,421.8
316,421.8
317,1003.3
318,5461.2
319,18447.3
320,19610.2
321,18834.9
322,16509.1
323,14958.5
324,12051.1
325,10500.6
326,9337.6
327,8174.7
328,9337.6
329,10888.2
330,14377
331,16896.7
332,16121.4
333,14764.7
334,12051.1
335,10500.6
336,5848.8
337,1780.4
338,1004.4
339,422.1
340,422.1
341,1004.4
342,5469
343,18474.3
344,19638.9
345,18862.5
346,16533.2
347,14980.3
348,12068.7
349,10515.8
350,9351.1
351,8186.5
352,9351.1
353,10904
354,14398
355,16921.4
356,16145
357,14786.2
358,12068.7
359,10515.8
360,5857.2
361,1782.7
362,1005.6
363,422.4
364,422.4
365,1005.6
366,5476.6
367,18500.8
368,19667.1
369,18889.5
370,16556.9
371,15001.7
372,12085.9
373,10530.7
374,9364.4
375,8198
376,9364.4
377,10919.5
378,14418.6
379,16945.6
380,16168.1
381,14807.3
382,12085.9
383,10530.7
384,5865.3
385,1784.9
386,1006.7
387,422.7
388,422.7
389,1006.7
390,5484
391,18526.7
392,19694.7
393,18916
394,16580
395,15022.7
396,12102.7
397,10545.4
398,9377.4
399,8209.4
400,9377.4
401,10934.7
402,14438.7
403,16969.4
404,16190.7
405,14828
406,12102.7
407,10545.4
408,5873.3
409,1787.1
410,1007.7
411,422.9
412,422.9
413,1007.8
414,5491.3
415,18552.1
416,19721.7
417,18942
418,16602.7
419,15043.2
420,12119.2
421,10559.7
422,9390
423,8220.4
424,9390
425,10949.5
426,14458.4
427,16992.6
428,16212.8
429,14848.3
430,12119.2
431,10559.7
432,5881.2
433,1789.2
434,1008.8
435,423.2
436,423.2
437,1008.8
438,5498.4
439,18576.9
440,19748.1
441,18967.3
442,16624.9
443,15063.3
444,12135.3
445,10573.7
446,9402.5
447,8231.3
448,9402.5
449,10964.1
450,14477.7
451,17015.3
452,16234.5
453,14868.1
454,12135.3
455,10573.7
456,5888.8
457,1791.3
458,1009.8
459,423.5
460,423.5
461,1009.8
462,5505.4
463,18601.2
464,19773.9
465,18992.1
466,16646.6
467,15082.9
468,12151
469,10587.3
470,9414.6
471,8241.8
472,9414.6
473,10978.3
474,14496.5
475,17037.5
476,16255.7
477,14887.5
478,12151
479,10587.3
480,5896.3
481,1793.3
482,1010.8
483,423.7
484,423.7
485,1010.9
486,5512.2
487,18624.9
488,19799.1
489,19016.3
490,16667.8
491,15102.1
492,12166.4
493,10600.7
494,9426.4
495,8252.2
496,9426.4
497,10992.1
498,14514.9
499,17059.2
500,16276.3
501,14906.4
502,12166.4
503,10600.7
504,5903.6
505,1795.3
506,1011.8
507,424
508,424
509,1011.8
510,5518.9
511,18648
512,19823.7
513,19039.9
514,16688.4
515,15120.8
516,12181.4
517,10613.7
518,9438
519,8262.3
520,9438
521,11005.7
522,14532.9
523,17080.3
524,16296.5
525,14924.8
526,12181.4
527,10613.7
528,5910.8
529,1797.2
530,1012.8
531,424.2
532,424.2
533,1012.8
534,5525.3
535,18670.5
536,19847.7
537,19062.9
538,16708.6
539,15139
540,12196
541,10626.5
542,9449.3
543,8272.1
544,9449.3
545,11018.8
546,14550.4
547,17101
548,16316.2
549,14942.8
550,12196
551,10626.5
552,5917.7
553,1799.1
554,1013.7
555,424.4
556,424.4
557,1013.7
558,5531.6
559,18692.5
560,19871.1
561,19085.3
562,16728.2
563,15156.7
564,12210.3
565,10638.8
566,9460.2
567,8281.7
568,9460.2
569,11031.7
570,14567.4
571,17121
572,16335.3
573,14960.3
574,12210.3
575,10638.8
576,5924.5
577,1800.9
578,1014.6
579,424.7
580,424.7
581,1014.6
582,5537.8
583,18713.8
584,19893.8
585,19107.1
586,16747.2
587,15174
588,12224.1
589,10650.9
590,9470.9
591,8291
592,9470.9
593,11044.2
594,14584
595,17140.6
596,16353.9
597,14977.3
598,12224.1
599,10650.9
600,5931.1
601,1802.7
602,1015.5
603,424.9
604,424.9
605,1015.5
606,5543.7
607,18734.6
608,19915.8
609,19128.3
610,16765.8
611,15190.8
612,12237.6
613,10662.6
614,9481.3
615,8300
616,9481.3
617,11056.3
618,14600.1
619,17159.5
620,16372
621,14993.9
622,12237.6
623,10662.6
624,5937.5
625,1804.4
626,1016.4
627,425.1
628,425.1
629,1016.4
630,5549.5
631,18754.7
632,19937.2
633,19148.9
634,16783.8
635,15207
636,12250.6
637,10673.9
638,9491.4
639,8308.8
640,9491.4
641,11068.1
642,14615.8
643,17178
644,16389.6
645,15009.9
646,12250.6
647,10673.9
648,5943.7
649,1806.1
650,1017.2
651,425.3
652,425.3
653,1017.2
654,5555.1
655,18774.2
656,19958
657,19168.8
658,16801.2
659,15222.8
660,12263.3
661,10684.9
662,9501.1
663,8317.3
664,9501.1
665,11079.5
666,14630.9
667,17195.8
668,16406.6
669,15025.5
670,12263.3
671,10684.9
672,5949.7
673,1807.7
674,1018
675,425.5
676,425.5
677,1018
678,5560.5
679,18793.1
680,19978.1
681,19188.1
682,16818.1
683,15238.1
684,12275.6
685,10695.6
686,9510.6
687,8325.5
688,9510.6
689,11090.6
690,14645.6
691,17213.1
692,16423.1
693,15040.6
694,12275.6
695,10695.6
696,5955.5
697,1809.3
698,1018.8
699,425.7
700,425.7
701,1018.8
702,5565.8
703,18811.4
704,19997.5
705,19206.8
706,16834.4
707,15252.9
708,12287.4
709,10705.9
710,9519.7
711,8333.5
712,9519.7
713,11101.2
714,14659.8
715,17229.8
716,16439
717,15055.2
718,12287.4
719,10705.9
720,5961.2
721,1810.8
722,1019.5
723,425.9
724,425.9
725,1019.5
726,5570.8
727,18829
728,20016.3
729,19224.8
730,16850.2
731,15267.1
732,12298.9
733,10715.8
734,9528.5
735,8341.2
736,9528.5
737,11111.6
738,14673.5
739,17245.9
740,16454.4
741,15069.2
742,12298.9
743,10715.8
744,5966.6
745,1812.2
746,1020.3
747,426.1
748,426.1
749,1020.3
750,5575.7
751,18846
752,20034.4
753,19242.1
754,16865.4
755,15280.8
756,12309.9
757,10725.4
758,9537
759,8348.6
760,9537
761,11121.5
762,14686.7
763,17261.5
764,16469.2
765,15082.8
766,12309.9
767,10725.4
768,5971.9
769,1813.6
770,1020.9
771,426.2
772,426.2
773,1021
774,5580.4
775,18862.3
776,20051.8
777,19258.8
778,16880
779,15294.1
780,12320.5
781,10734.6
782,9545.2
783,8355.8
784,9545.2
785,11131.1
786,14699.4
787,17276.4
788,16483.5
789,15095.8
790,12320.5
791,10734.6
792,5976.9
793,1815
794,1021.6
795,426.4
796,426.4
797,1021.6
798,5584.9
799,18878.1
800,20068.5
801,19274.9
802,16894
803,15306.8
804,12330.7
805,10743.5
806,9553
807,8362.6
808,9553
809,11140.3
810,14711.5
811,17290.8
812,16497.2
813,15108.4
814,12330.7
815,10743.5
816,5981.7
817,1816.3
818,1022.3
819,426.6
820,426.6
821,1022.3
822,5589.3
823,18893.1
824,20084.5
825,19290.2
826,16907.5
827,15318.9
828,12340.5
829,10751.9
830,9560.6
831,8369.2
832,9560.6
833,11149.1
834,14723.2
835,17304.6
836,16510.3
837,15120.4
838,12340.5
839,10751.9
840,5986.4
841,1817.5
842,1022.9
843,426.7
844,426.7
845,1022.9
846,5593.4
847,18907.5
848,20099.8
849,19304.9
850,16920.3
851,15330.6
852,12349.8
853,10760.1
854,9567.8
855,8375.4
856,9567.8
857,11157.5
858,14734.4
859,17317.8
860,16522.9
861,15131.9
862,12349.8
863,10760.1
864,5990.8
865,1818.7
866,1023.5
867,426.9
868,426.9
869,1023.5
870,5597.3
871,18921.2
872,20114.4
873,19319
874,16932.6
875,15341.7
876,12358.7
877,10767.8
878,9574.6
879,8381.4
880,9574.6
881,11165.5
882,14745.1
883,17330.3
884,16534.9
885,15142.8
886,12358.7
887,10767.8
888,5995.1
889,1819.8
890,1024
891,427
892,427
893,1024
894,5601.1
895,18934.3
896,20128.3
897,19332.3
898,16944.3
899,15352.2
900,12367.2
901,10775.2
902,9581.2
903,8387.1
904,9581.2
905,11173.2
906,14755.2
907,17342.3
908,16546.3
909,15153.2
910,12367.2
911,10775.2
912,5999.1
913,1820.9
914,1024.5
915,427.1
916,427.1
917,1024.5
918,5604.7
919,18946.7
920,20141.5
921,19345
922,16955.3
923,15362.3
924,12375.2
925,10782.2
926,9587.4
927,8392.5
928,9587.4
929,11180.4
930,14764.9
931,17353.6
932,16557.1
933,15163.1
934,12375.2
935,10782.2
936,6002.9
937,1821.9
938,1025
939,427.3
940,427.3
941,1025
942,5608
943,18958.4
944,20154
945,19356.9
946,16965.8
947,15371.7
948,12382.8
949,10788.8
950,9593.2
951,8397.7
952,9593.2
953,11187.3
954,14774
955,17364.3
956,16567.3
957,15172.5
958,12382.8
959,10788.8
960,6006.5
961,1822.8
962,1025.5
963,427.4
964,427.4
965,1025.5
966,5611.2
967,18969.5
968,20165.7
969,19368.2
970,16975.7
971,15380.7
972,12390
973,10795
974,9598.7
975,8402.5
976,9598.7
977,11193.7
978,14782.5
979,17374.4
980,16576.9
981,15181.3
982,12390
983,10795
984,6009.9
985,1823.7
986,1026
987,427.5
988,427.5
989,1026
990,5614.2
991,18979.8
992,20176.8
993,19378.8
994,16985
995,15389.1
996,12396.7
997,10800.8
998,9603.9
999,8407
1000,9603.9
1001,11199.8
1002,14790.6
1003,17383.9
1004,16586
1005,15189.6
1006,12396.7
1007,10800.8
1008,6013.1
1009,1824.6
1010,1026.4
1011,427.6
1012,427.6
1013,1026.4
1014,5617
1015,18989.5
1016,20187.1
1017,19388.7
1018,16993.6
1019,15396.9
1020,12403
1021,10806.3
1022,9608.8
1023,8411.2
1024,9608.8
1025,11205.5
1026,14798.1
1027,17392.8
1028,16594.4
1029,15197.3
1030,12403
1031,10806.3
1032,6016.1
1033,1825.3
1034,1026.7
1035,427.7
1036,427.7
1037,1026.8
1038,5619.5
1039,18998.5
1040,20196.6
1041,19397.9
1042,17001.7
1043,15404.2
1044,12408.9
1045,10811.4
1046,9613.3
1047,8415.1
1048,9613.3
1049,11210.7
1050,14805.1
1051,17401
1052,16602.3
1053,15204.5
1054,12408.9
1055,10811.4
1056,6018.9
1057,1826.1
1058,1027.1
1059,427.8
1060,427.8
1061,1027.1
1062,5621.9
1063,19006.8
1064,20205.5
1065,19406.4
1066,17009.1
1067,15410.9
1068,12414.3
1069,10816.1
1070,9617.4
1071,8418.8
1072,9617.4
1073,11215.6
1074,14811.6
1075,17408.6
1076,16609.5
1077,15211.1
1078,12414.3
1079,10816.1
1080,6021.5
1081,1826.7
1082,1027.4
1083,427.9
1084,427.9
1085,1027.4
1086,5624.1
1087,19014.4
1088,20213.6
1089,19414.2
1090,17015.9
1091,15417
1092,12419.2
1093,10820.4
1094,9621.2
1095,8422.1
1096,9621.2
1097,11220.1
1098,14817.5
1099,17415.6
1100,16616.2
1101,15217.2
1102,12419.2
1103,10820.4
1104,6023.8
1105,1827.3
1106,1027.7
1107,427.9
1108,427.9
1109,1027.7
1110,5626.1
1111,19021.4
1112,20221
1113,19421.2
1114,17022.1
1115,15422.6
1116,12423.7
1117,10824.3
1118,9624.7
1119,8425.1
1120,9624.7
1121,11224.1
1122,14822.9
1123,17421.9
1124,16622.2
1125,15222.7
1126,12423.7
1127,10824.3
1128,6026
1129,1827.9
1130,1028
1131,428
1132,428
1133,1028
1134,5627.9
1135,19027.6
1136,20227.6
1137,19427.6
1138,17027.7
1139,15427.7
1140,12427.7
1141,10827.8
1142,9627.8
1143,8427.8
1144,9627.8
1145,11227.8
1146,14827.7
1147,17427.6
1148,16627.7
1149,15227.7
1150,12427.7
1151,10827.8
1152,6027.9
1153,1828.3
1154,1028.2
1155,428.1
1156,428.1
1157,1028.2
1158,5629.5
1159,19033.1
1160,20233.5
1161,19433.3
1162,17032.6
1163,15432.2
1164,12431.3
1165,10830.9
1166,9630.6
1167,8430.2
1168,9630.6
1169,11231
1170,14832
1171,17432.7
1172,16632.5
1173,15232.1
1174,12431.3
1175,10830.9
1176,6029.6
1177,1828.8
1178,1028.4
1179,428.1
1180,428.1
1181,1028.4
1182,5630.9
1183,19038
1184,20238.6
1185,19438.2
1186,17036.9
1187,15436.1
1188,12434.5
1189,10833.6
1190,9633
1191,8432.4
1192,9633
1193,11233.8
1194,14835.8
1195,17437.1
1196,16636.7
1197,15236
1198,12434.5
1199,10833.6
1200,6031.1
1201,1829.1
1202,1028.6
1203,428.2
1204,428.2
1205,1028.6
1206,5632.1
1207,19042.1
1208,20243
1209,19442.4
1210,17040.6
1211,15439.4
1212,12437.2
1213,10836
1214,9635.1
1215,8434.2
1216,9635.1
1217,11236.3
1218,14839
1219,17440.9
1220,16640.3
1221,15239.3
1222,12437.2
1223,10836
1224,6032.4
1225,1829.4
1226,1028.8
1227,428.2
1228,428.2
1229,1028.8
1230,5633
1231,19045.6
1232,20246.7
1233,19445.9
1234,17043.7
1235,15442.2
1236,12439.4
1237,10837.9
1238,9636.8
1239,8435.7
1240,9636.8
1241,11238.3
1242,14841.6
1243,17444.1
1244,16643.3
1245,15242
1246,12439.4
1247,10837.9
1248,6033.4
1249,1829.7
1250,1028.9
1251,428.2
1252,428.2
1253,1028.9
1254,5633.8
1255,19048.3
1256,20249.6
1257,19448.7
1258,17046.1
1259,15444.4
1260,12441.2
1261,10839.4
1262,9638.1
1263,8436.9
1264,9638.1
1265,11239.9
1266,14843.8
1267,17446.6
1268,16645.7
1269,15244.2
1270,12441.2
1271,10839.4
1272,6034.3
1273,1829.9
1274,1029
1275,428.2
1276,428.2
1277,1029
1278,5634.4
1279,19050.3
1280,20251.7
1281,19450.8
1282,17047.9
1283,15446
1284,12442.5
1285,10840.6
1286,9639.2
1287,8437.7
1288,9639.2
1289,11241.1
1290,14845.3
1291,17448.4
1292,16647.5
1293,15245.8
1294,12442.5
1295,10840.6
1296,6034.9
1297,1830
1298,1029
1299,428.3
1300,428.3
1301,1029
1302,5634.8
1303,19051.6
1304,20253.2
1305,19452.1
1306,17049.1
1307,15447.1
1308,12443.3
1309,10841.3
1310,9639.8
1311,8438.3
1312,9639.8
1313,11241.8
1314,14846.4
1315,17449.6
1316,16648.6
1317,15246.9
1318,12443.3
1319,10841.3
1320,6035.3
1321,1830.1
1322,1029
1323,428.3
1324,428.3
1325,1029
1326,5635
1327,19052.3
1328,20253.8
1329,19452.8
1330,17049.7
1331,15447.6
1332,12443.7
1333,10841.7
1334,9640.1
1335,8438.6
1336,9640.1
1337,11242.2
1338,14846.8
1339,17450.2
1340,16649.2
1341,15247.4
1342,12443.7
1343,10841.7
1344,6035.5
1345,1830.1
1346,1029
1347,428.3
1348,428.3
1349,1029
1350,5635
1351,19052.2
1352,20253.7
1353,19452.7
1354,17049.6
1355,15447.6
1356,12443.7
1357,10841.6
1358,9640.1
1359,8438.6
1360,9640.1
1361,11242.2
1362,14846.8
1363,17450.1
1364,16649.1
1365,15247.3
1366,12443.7
1367,10841.6
1368,6035.5
1369,1830
1370,1029
1371,428.2
1372,428.2
1373,1029
1374,5634.7
1375,19051.4
1376,20252.9
1377,19451.9
1378,17048.9
1379,15446.9
1380,12443.2
1381,10841.2
1382,9639.7
1383,8438.2
1384,9639.7
1385,11241.7
1386,14846.2
1387,17449.4
1388,16648.4
1389,15246.7
1390,12443.2
1391,10841.2
1392,6035.2
1393,1829.9
1394,1028.9
1395,428.2
1396,428.2
1397,1028.9
1398,5634.3
1399,19049.9
1400,20251.3
1401,19450.4
1402,17047.6
1403,15445.7
1404,12442.2
1405,10840.4
1406,9639
1407,8437.6
1408,9639
1409,11240.8
1410,14845
1411,17448
1412,16647.1
1413,15245.5
1414,12442.2
1415,10840.4
1416,6034.8
1417,1829.7
1418,1028.8
1419,428.2
1420,428.2
1421,1028.8
1422,5633.7
1423,19047.7
1424,20249
1425,19448.1
1426,17045.6
1427,15443.9
1428,12440.8
1429,10839.1
1430,9637.9
1431,8436.6
1432,9637.9
1433,11239.5
1434,14843.3
1435,17446
1436,16645.2
1437,15243.7
1438,12440.8
1439,10839.1
1440,6034.1
1441,1829.5
1442,1028.7
1443,428.2
1444,428.2
1445,1028.7
1446,5632.8
1447,19044.8
1448,20245.9
1449,19445.2
1450,17043
1451,15441.6
1452,12438.9
1453,10837.5
1454,9636.4
1455,8435.3
1456,9636.4
1457,11237.8
1458,14841.1
1459,17443.4
1460,16642.7
1461,15241.4
1462,12438.9
1463,10837.5
1464,6033.2
1465,1829.2
1466,1028.6
1467,428.1
1468,428.1
1469,1028.6
1470,5631.8
1471,19041.2
1472,20242.1
1473,19441.5
1474,17039.8
1475,15438.7
1476,12436.6
1477,10835.5
1478,9634.6
1479,8433.8
1480,9634.6
1481,11235.7
1482,14838.3
1483,17440.1
1484,16639.5
1485,15238.5
1486,12436.6
1487,10835.5
1488,6032.1
1489,1828.8
1490,1028.4
1491,428.1
1492,428.1
1493,1028.4
1494,5630.6
1495,19036.9
1496,20237.5
1497,19437.1
1498,17036
1499,15435.2
1500,12433.8
1501,10833
1502,9632.5
1503,8431.9
1504,9632.5
1505,11233.2
1506,14834.9
1507,17436.2
1508,16635.8
1509,15235.1
1510,12433.8
1511,10833
1512,6030.8
1513,1828.4
1514,1028.2
1515,428
1516,428
1517,1028.2
1518,5629.1
1519,19031.9
1520,20232.2
1521,19432
1522,17031.5
1523,15431.2
1524,12430.5
1525,10830.2
1526,9630
1527,8429.7
1528,9630
1529,11230.3
1530,14831
1531,17431.6
1532,16631.4
1533,15231.1
1534,12430.5
1535,10830.2
1536,6029.2
1537,1828
1538,1027.9
1539,428
1540,428
1541,1027.9
1542,5627.5
1543,19026.2
1544,20226.1
1545,19426.2
1546,17026.4
1547,15426.6
1548,12426.8
1549,10827
1550,9627.1
1551,8427.2
1552,9627.1
1553,11227
1554,14826.6
1555,17426.4
1556,16626.5
1557,15226.6
1558,12426.8
1559,10827
1560,6027.5
1561,1827.4
1562,1027.7
1563,427.9
1564,427.9
1565,1027.7
1566,5625.7
1567,19019.8
1568,20219.3
1569,19419.7
1570,17020.7
1571,15421.4
1572,12422.7
1573,10823.4
1574,9623.9
1575,8424.4
1576,9623.9
1577,11223.2
1578,14821.7
1579,17420.5
1580,16620.9
1581,15221.5
1582,12422.7
1583,10823.4
1584,6025.5
1585,1826.8
1586,1027.4
1587,427.8
1588,427.8
1589,1027.4
1590,5623.6
1591,19012.7
1592,20211.8
1593,19412.4
1594,17014.4
1595,15415.7
1596,12418.1
1597,10819.4
1598,9620.4
1599,8421.4
1600,9620.4
1601,11219.1
1602,14816.2
1603,17414
1604,16614.7
1605,15215.8
1606,12418.1
1607,10819.4
1608,6023.3
1609,1826.2
1610,1027
1611,427.8
1612,427.8
1613,1027
1614,5621.4
1615,19005
1616,20203.5
1617,19404.5
1618,17007.4
1619,15409.4
1620,12413
1621,10815
1622,9616.5
1623,8418
1624,9616.5
1625,11214.5
1626,14810.1
1627,17406.9
1628,16607.9
1629,15209.6
1630,12413
1631,10815
1632,6020.9
1633,1825.5
1634,1026.7
1635,427.7
1636,427.7
1637,1026.7
1638,5619
1639,18996.5
1640,20194.5
1641,19395.8
1642,16999.8
1643,15402.5
1644,12407.6
1645,10810.2
1646,9612.3
1647,8414.3
1648,9612.3
1649,11209.6
1650,14803.5
1651,17399.2
1652,16600.5
1653,15202.9
1654,12407.6
1655,10810.2
1656,6018.3
1657,1824.7
1658,1026.3
1659,427.6
1660,427.6
1661,1026.3
1662,5616.3
1663,18987.3
1664,20184.7
1665,19386.5
1666,16991.7
1667,15395.1
1668,12401.6
1669,10805.1
1670,9607.7
1671,8410.3
1672,9607.7
1673,11204.2
1674,14796.4
1675,17390.8
1676,16592.5
1677,15195.6
1678,12401.6
1679,10805.1
1680,6015.5
1681,1026
1682,427.5
1683,427.5
1684,1025.9
1685,5613.5
1686,18977.5
1687,20174.3
1688,19376.4
1689,16982.9
1690,15387.2
1691,12395.2
1692,10799.5
1693,9602.7
1694,8406
1695,9602.7
1696,11198.4
1697,14788.8
1698,17381.8
1699,16583.9
1700,15187.7
1701,12395.2
1702,10799.5
1703,6012.4
1704,1823.7
1705,1025.6
1706,427.4
1707,427.4
1708,1025.4
1709,5610.5
1710,18967
1711,20163.1
1712,19365.7
1713,16973.5
1714,15378.6
1715,12388.4
1716,10793.6
1717,9597.5
1718,8401.4
1719,9597.5
1720,11192.3
1721,14780.6
1722,17372.2
1723,16574.8
1724,15179.3
1725,12388.4
1726,10793.6
1727,6009.2
1728,1822.8
1729,1025.1
1730,427.2
1731,427.2
1732,1024.9
1733,5607.3
1734,18955.8
1735,20151.1
1736,19354.2
1737,16963.4
1738,15369.6
1739,12381.1
1740,10787.3
1741,9591.9
1742,8396.5
1743,9591.9
1744,11185.7
1745,14771.9
1746,17361.9
1747,16565
1748,15170.4
1749,12381.1
1750,10787.3
1751,6005.7
1752,1821.9
1753,1024.6
1754,427.1
1755,427.1
1756,1024.4
1757,5603.8
1758,18943.9
1759,20138.5
1760,19342.1
1761,16952.8
1762,15360
1763,12373.4
1764,10780.6
1765,9585.9
1766,8391.3
1767,9585.9
1768,11178.8
1769,14762.7
1770,17351
1771,16554.6
1772,15160.9
1773,12373.4
1774,10780.6
1775,6002.1
1776,1820.8
1777,1024.1
1778,427
1779,427
1780,1023.9
1781,5600.2
1782,18931.3
1783,20125.2
1784,19329.3
1785,16941.6
1786,15349.8
1787,12365.3
1788,10773.5
1789,9579.7
1790,8385.8
1791,9579.7
1792,11171.4
1793,14752.9
1794,17339.5
1795,16543.7
1796,15150.9
1797,12365.3
1798,10773.5
1799,5998.2
1800,1819.8
1801,1023.5
1802,426.8
1803,426.8
1804,1023.3
1805,5596.4
1806,18918.1
1807,20111.1
1808,19315.8
1809,16929.8
1810,15339.1
1811,12356.7
1812,10766
1813,9573.1
1814,8380.1
1815,9573.1
1816,11163.7
1817,14742.7
1818,17327.5
1819,16532.1
1820,15140.3
1821,12356.7
1822,10766
1823,5994.1
1824,1818.7
1825,1022.9
1826,426.7
1827,426.7
1828,1022.8
1829,5592.5
1830,18904.2
1831,20096.3
1832,19301.6
1833,16917.4
1834,15327.9
1835,12347.7
1836,10758.2
1837,9566.1
1838,8374
1839,9566.1
1840,11155.6
1841,14731.9
1842,17314.7
1843,16520
1844,15129.2
1845,12347.7
1846,10758.2
1847,5989.8
1848,1817.5
1849,1022.3
1850,426.5
1851,426.5
1852,1022.1
1853,5588.3
1854,18889.7
1855,20080.8
1856,19286.7
1857,16904.4
1858,15316.2
1859,12338.2
1860,10750
1861,9558.8
1862,8367.7
1863,9558.8
1864,11147.1
1865,14720.6
1866,17301.4
1867,16507.3
1868,15117.6
1869,12338.2
1870,10750
1871,5985.3
1872,1816.2
1873,1021.7
1874,426.4
1875,426.4
1876,1021.5
1877,5583.9
1878,18874.5
1879,20064.7
1880,19271.2
1881,16890.8
1882,15303.9
1883,12328.4
1884,10741.4
1885,9551.2
1886,8361
1887,9551.2
1888,11138.2
1889,14708.8
1890,17287.5
1891,16494.1
1892,15105.5
1893,12328.4
1894,10741.4
1895,5980.6
1896,1814.9
1897,1021
1898,426.2
1899,426.2
1900,1020.8
1901,5579.4
1902,18858.6
1903,20047.8
1904,19255
1905,16876.6
1906,15291
1907,12318.1
1908,10732.5
1909,9543.3
1910,8354.1
1911,9543.3
1912,11128.9
1913,14696.5
1914,17273
1915,16480.2
1916,15092.8
1917,12318.1
1918,10732.5
1919,5975.7
1920,1813.6
1921,1020.3
1922,426
1923,426
1924,1020.1
1925,5574.6
1926,18842.1
1927,20030.2
1928,19238.2
1929,16861.9
1930,15277.7
1931,12307.4
1932,10723.2
1933,9535.1
1934,8346.9
1935,9535.1
1936,11119.2
1937,14683.6
1938,17257.9
1939,16465.8
1940,15079.7
1941,12307.4
1942,10723.2
1943,5970.7
1944,1812.2
1945,1019.6
1946,425.9
1947,425.9
1948,1019.4
1949,5569.7
1950,18825
1951,20012
1952,19220.6
1953,16846.6
1954,15263.8
1955,12296.2
1956,10713.5
1957,9526.5
1958,8339.4
1959,9526.5
1960,11109.2
1961,14670.3
1962,17242.2
1963,16450.9
1964,15066
1965,12296.2
1966,10713.5
1967,5965.4
1968,1810.7
1969,1018.9
1970,425.7
1971,425.7
1972,1018.6
1973,5564.6
1974,18807.2
1975,19993.1
1976,19202.5
1977,16830.7
1978,15249.5
1979,12284.7
1980,10703.5
1981,9517.6
1982,8331.7
1983,9517.6
1984,11098.8
1985,14656.5
1986,17226
1987,16435.4
1988,15051.8
1989,12284.7
1990,10703.5
1991,5959.9
1992,1809.2
1993,1018.1
1994,425.5
1995,425.5
1996,1017.8
1997,5559.3
1998,18788.8
1999,19973.5
2000,19183.7
2001,16814.2
2002,15234.6
2003,12272.8
2004,10693.1
2005,9508.4
2006,8323.7
2007,9508.4
2008,11088
2009,14642.2
2010,17209.1
2011,16419.3
2012,15037.1
2013,12272.8
2014,10693.1
2015,5954.2
2016,1807.6
2017,1017.3
2018,425.3
2019,425.3
2020,1017
2021,5553.8
2022,18769.7
2023,19953.3
2024,19164.2
2025,16797.2
2026,15219.2
2027,12260.4
2028,10682.4
2029,9498.9
2030,8315.4
2031,9498.9
2032,11076.9
2033,14627.4
2034,17191.7
2035,16402.7
2036,15021.9
2037,12260.4
2038,10682.4
2039,5948.3
2040,1806
2041,1016.5
2042,425.1
2043,425.1
2044,1016.2
2045,5548.2
2046,18750.1
2047,19932.3
2048,19144.2
2049,16779.6
2050,15203.3
2051,12247.6
2052,10671.3
2053,9489
2054,8306.8
2055,9489
2056,11065.4
2057,14612.2
2058,17173.7
2059,16385.6
2060,15006.3
2061,12247.6
2062,10671.3
2063,5942.3
2064,1804.4
2065,1015.6
2066,424.9
2067,424.8
2068,1015.3
2069,5542.4
2070,18729.8
2071,19910.8
2072,19123.5
2073,16761.5
2074,15186.9
2075,12234.5
2076,10659.9
2077,9478.9
2078,8297.9
2079,9478.9
2080,11053.5
2081,14596.4
2082,17155.2
2083,16367.9
2084,14990.1
2085,12234.5
2086,10659.9
2087,5936
2088,1802.6
2089,1014.7
2090,424.6
2091,424.6
2092,1014.5
2093,5536.4
2094,18708.9
2095,19888.6
2096,19102.1
2097,16742.9
2098,15170
2099,12220.9
2100,10648.1
2101,9468.5
2102,8288.8
2103,9468.5
2104,11041.3
2105,14580.2
2106,17136.1
2107,16349.7
2108,14973.4
2109,12220.9
2110,10648.1
2111,5929.6
2112,1800.8
2113,1013.8
2114,424.4
2115,424.4
2116,1013.5
2117,5530.2
2118,18687.4
2119,19865.7
2120,19080.2
2121,16723.7
2122,15152.7
2123,12207
2124,10636
2125,9457.7
2126,8279.5
2127,9457.7
2128,11028.7
2129,14563.5
2130,17116.4
2131,16330.9
2132,14956.3
2133,12207
2134,10636
2135,5922.9
2136,1799
2137,1012.9
2138,424.2
2139,424.2
2140,1012.6
2141,5523.8
2142,18665.4
2143,19842.2
2144,19057.6
2145,16703.9
2146,15134.8
2147,12192.7
2148,10623.5
2149,9446.7
2150,8269.8
2151,9446.7
2152,11015.8
2153,14546.4
2154,17096.2
2155,16311.7
2156,14938.7
2157,12192.7
2158,10623.5
2159,5916.1
2160,1797.1
2161,1011.9
2162,423.9
2163,423.9
2164,1011.6
2165,5517.3
2166,18642.7
2167,19818.1
2168,19034.5
2169,16683.7
2170,15116.5
2171,12178
2172,10610.7
2173,9435.3
2174,8259.9
2175,9435.3
2176,11002.6
2177,14528.8
2178,17075.5
2179,16291.9
2180,14920.6
2181,12178
2182,10610.7
2183,5909.1
2184,1795.2
2185,1011
2186,423.7
2187,423.7
2188,1010.6
2189,5510.7
2190,18619.4
2191,19793.4
2192,19010.7
2193,16662.9
2194,15097.7
2195,12162.9
2196,10597.6
2197,9423.7
2198,8249.8
2199,9423.7
2200,10988.9
2201,14510.7
2202,17054.2
2203,16271.6
2204,14902
2205,12162.9
2206,10597.6
2207,5902
2208,1793.2
2209,1010
2210,423.4
2211,423.4
2212,1009.6
2213,5503.8
2214,18595.6
2215,19768
2216,18986.4
2217,16641.6
2218,15078.4
2219,12147.4
2220,10584.2
2221,9411.8
2222,8239.4
2223,9411.8
2224,10975
2225,14492.2
2226,17032.4
2227,16250.8
2228,14883
2229,12147.4
2230,10584.2
2231,5894.6
2232,1791.2
2233,1008.9
2234,423.2
2235,423.2
2236,1008.6
2237,5496.8
2238,18571.2
2239,19742
2240,18961.5
2241,16619.8
2242,15058.7
2243,12131.6
2244,10570.4
2245,9399.6
2246,8228.8
2247,9399.6
2248,10960.7
2249,14473.3
2250,17010.1
2251,16229.5
2252,14863.5
2253,12131.6
2254,10570.4
2255,5887.1
2256,1789.1
2257,1007.9
2258,422.9
2259,422.9
2260,1007.5
2261,5489.6
2262,18546.2
2263,19715.5
2264,18936
2265,16597.5
2266,15038.5
2267,12115.4
2268,10556.4
2269,9387.1
2270,8217.9
2271,9387.1
2272,10946.1
2273,14453.9
2274,16987.2
2275,16207.7
2276,14843.6
2277,12115.4
2278,10556.4
2279,5879.4
2280,1787
2281,1006.8
2282,422.6
2283,422.6
2284,1006.4
2285,5482.3
2286,18520.7
2287,19688.4
2288,18909.9
2289,16574.7
2290,15017.9
2291,12098.8
2292,10542
2293,9374.4
2294,8206.7
2295,9374.4
2296,10931.2
2297,14434.1
2298,16963.9
2299,16185.5
2300,14823.3
2301,12098.8
2302,10542
2303,5871.5
2304,1784.8
2305,1005.7
2306,422.4
2307,422.3
2308,1005.3
2309,5474.8
2310,18494.7
2311,19660.6
2312,18883.3
2313,16551.4
2314,14996.8
2315,12081.9
2316,10527.3
2317,9361.3
2318,8195.4
2319,9361.3
2320,10915.9
2321,14413.8
2322,16940.1
2323,16162.8
2324,14802.5
2325,12081.9
2326,10527.3
2327,5863.5
2328,1782.6
2329,1004.6
2330,422.1
2331,422.1
2332,1004.2
2333,5467.2
2334,18468.1
2335,19632.3
2336,18856.2
2337,16527.6
2338,14975.3
2339,12064.6
2340,10512.3
2341,9348
2342,8183.8
2343,9348
2344,10900.4
2345,14393.2
2346,16915.7
2347,16139.5
2348,14781.2
2349,12064.6
2350,10512.3
2351,5855.3
2352,1780.4
2353,1003.4
2354,421.8
2355,421.8
2356,1003.1
2357,5459.4
2358,18440.9
2359,19603.5
2360,18828.4
2361,16503.4
2362,14953.4
2363,12047
2364,10497
2365,9334.5
2366,8171.9
2367,9334.5
2368,10884.5
2369,14372.1
2370,16890.9
2371,16115.9
2372,14759.6
2373,12047
2374,10497
2375,5846.9
2376,1778
2377,1002.2
2378,421.5
2379,421.5
2380,1001.9
2381,5451.4
2382,18413.3
2383,19574
2384,18800.2
2385,16478.7
2386,14931
2387,12029.1
2388,10481.4
2389,9320.6
2390,8159.9
2391,9320.6
2392,10868.3
2393,14350.6
2394,16865.6
2395,16091.8
2396,14737.5
2397,12029.1
2398,10481.4
2399,5838.4
2400,1775.7
2401,1001.1
2402,421.2
2403,421.2
2404,1000.7
2405,5443.4
2406,18385.1
2407,19544.1
2408,18771.4
2409,16453.5
2410,14908.2
2411,12010.8
2412,10465.5
2413,9306.6
2414,8147.6
2415,9306.6
2416,10851.8
2417,14328.7
2418,16839.8
2419,16067.2
2420,14715.1
2421,12010.8
2422,10465.5
2423,5829.7
2424,1773.3
2425,999.8
2426,420.9
2427,420.9
2428,999.5
2429,5435.1
2430,18356.4
2431,19513.6
2432,18742.1
2433,16427.9
2434,14885
2435,11992.2
2436,10449.4
2437,9292.2
2438,8135.1
2439,9292.2
2440,10835.1
2441,14306.5
2442,16813.6
2443,16042.2
2444,14692.2
2445,11992.2
2446,10449.4
2447,5820.8
2448,1770.9
2449,998.6
2450,420.6
2451,420.6
2452,998.2
2453,5426.7
2454,18327.3
2455,19482.5
2456,18712.4
2457,16401.8
2458,14861.4
2459,11973.3
2460,10432.9
2461,9277.6
2462,8122.4
2463,9277.6
2464,10818
2465,14283.8
2466,16786.9
2467,16016.7
2468,14668.9
2469,11973.3
2470,10432.9
2471,5811.8
2472,1768.4
2473,997.3
2474,420.3
2475,420.3
2476,997
2477,5418.2
2478,18297.6
2479,19451
2480,18682.1
2481,16375.3
2482,14837.5
2483,11954
2484,10416.2
2485,9262.8
2486,8109.4
2487,9262.8
2488,10800.6
2489,14260.8
2490,16759.8
2491,15990.8
2492,14645.2
2493,11954
2494,10416.2
2495,5802.7
2496,1765.8
2497,996.1
2498,419.9
2499,419.9
2500,995.7
2501,5409.6
2502,18267.5
2503,19418.9
2504,18651.3
2505,16348.4
2506,14813.1
2507,11934.5
2508,10399.2
2509,9247.7
2510,8096.3
2511,9247.7
2512,10783
2513,14237.4
2514,16732.2
2515,15964.5
2516,14621.2
2517,11934.5
2518,10399.2
2519,5793.4
2520,1763.3
2521,994.8
2522,419.6
2523,419.6
2524,994.4
2525,5400.8
2526,18236.8
2527,19386.3
2528,18620
2529,16321
2530,14788.3
2531,11914.6
2532,10381.9
2533,9232.4
2534,8082.9
2535,9232.4
2536,10765.1
2537,14213.6
2538,16704.2
2539,15937.8
2540,14596.7
2541,11914.6
2542,10381.9
2543,5783.9
2544,1760.7
2545,993.5
2546,419.3
2547,419.3
2548,993
2549,5391.8
2550,18205.8
2551,19353.3
2552,18588.3
2553,16293.2
2554,14763.2
2555,11894.4
2556,10364.4
2557,9216.9
2558,8069.4
2559,9216.9
2560,10746.9
2561,14189.4
2562,16675.7
2563,15910.7
2564,14572
2565,11894.4
2566,10364.4
2567,5774.3
2568,1758
2569,992.1
2570,419
2571,418.9
2572,991.7
2573,5382.8
2574,18174.2
2575,19319.7
2576,18556.1
2577,16265
2578,14737.7
2579,11874
2580,10346.6
2581,9201.1
2582,8055.6
2583,9201.1
2584,10728.4
2585,14165
2586,16646.9
2587,15883.2
2588,14546.8
2589,11874
2590,10346.6
2591,5764.6
2592,1755.3
2593,990.8
2594,418.6
2595,418.6
2596,990.3
2597,5373.6
2598,18142.2
2599,19285.7
2600,18523.4
2601,16236.5
2602,14711.9
2603,11853.2
2604,10328.6
2605,9185.1
2606,8041.7
2607,9185.1
2608,10709.7
2609,14140.1
2610,16617.6
2611,15855.3
2612,14521.3
2613,11853.2
2614,10328.6
2615,5754.7
2616,1752.6
2617,989.4
2618,418.3
2619,418.3
2620,989
2621,5364.3
2622,18109.8
2623,19251.2
2624,18490.3
2625,16207.5
2626,14685.6
2627,11832.2
2628,10310.3
2629,9168.9
2630,8027.5
2631,9168.9
2632,10690.8
2633,14115
2634,16588
2635,15827
2636,14495.4
2637,11832.2
2638,10310.3
2639,5744.7
2640,1749.9
2641,988
2642,417.9
2643,417.9
2644,987.6
2645,5354.9
2646,18077
2647,19216.3
2648,18456.8
2649,16178.2
2650,14659.1
2651,11810.9
2652,10291.8
2653,9152.5
2654,8013.2
2655,9152.5
2656,10671.6
2657,14089.5
2658,16557.9
2659,15798.4
2660,14469.2
2661,11810.9
2662,10291.8
2663,5734.6
2664,1747.1
2665,986.6
2666,417.6
2667,417.6
2668,986.2
2669,5345.3
2670,18043.7
2671,19180.9
2672,18422.8
2673,16148.4
2674,14632.2
2675,11789.3
2676,10273
2677,9135.9
2678,7998.7
2679,9135.9
2680,10652.1
2681,14063.6
2682,16527.5
2683,15769.4
2684,14442.7
2685,11789.3
2686,10273
2687,5724.3
2688,1744.2
2689,985.2
2690,417.2
2691,417.2
2692,984.7
2693,5335.6
2694,18010.1
2695,19145.1
2696,18388.4
2697,16118.4
2698,14605
2699,11767.4
2700,10254.1
2701,9119
2702,7984
2703,9119
2704,10632.4
2705,14037.5
2706,16496.7
2707,15740
2708,14415.8
2709,11767.4
2710,10254.1
2711,5714
2712,1741.4
2713,983.7
2714,416.8
2715,416.8
2716,983.3
2717,5325.9
2718,17976
2719,19108.9
2720,18353.6
2721,16087.9
2722,14577.5
2723,11745.3
2724,10234.9
2725,9102
2726,7969.2
2727,9102
2728,10612.5
2729,14011
2730,16465.6
2731,15710.3
2732,14388.7
2733,11745.3
2734,10234.9
2735,5703.5
2736,1738.5
2737,982.3
2738,416.5
2739,416.5
2740,981.8
2741,5316
2742,17941.6
2743,19072.2
2744,18318.5
2745,16057.2
2746,14549.6
2747,11723
2748,10215.4
2749,9084.8
2750,7954.1
2751,9084.8
2752,10592.3
2753,13984.3
2754,16434
2755,15680.3
2756,14361.2
2757,11723
2758,10215.4
2759,5692.8
2760,1735.5
2761,980.8
2762,416.1
2763,416.1
2764,980.3
2765,5306
2766,17906.8
2767,19035.2
2768,18282.9
2769,16026
2770,14521.5
2771,11700.4
2772,10195.8
2773,9067.4
2774,7939
2775,9067.4
2776,10572
2777,13957.3
2778,16402.2
2779,15649.9
2780,14333.4
2781,11700.4
2782,10195.8
2783,5682.1
2784,1732.6
2785,979.3
2786,415.7
2787,415.7
2788,978.8
2789,5295.9
2790,17871.6
2791,18997.8
2792,18247
2793,15994.6
2794,14493
2795,11677.6
2796,10176
2797,9049.8
2798,7923.6
2799,9049.8
2800,10551.4
2801,13929.9
2802,16370
2803,15619.2
2804,14305.3
2805,11677.6
2806,10176
2807,5671.2
2808,1729.6
2809,977.8
2810,415.4
2811,415.3
2812,977.3
2813,5285.6
2814,17836.1
2815,18960
2816,18210.7
2817,15962.9
2818,14464.3
2819,11654.5
2820,10155.9
2821,9032
2822,7908.1
2823,9032
2824,10530.6
2825,13902.3
2826,16337.5
2827,15588.2
2828,14277
2829,11654.5
2830,10155.9
2831,5660.3
2832,1726.6
2833,976.3
2834,415
2835,415
2836,975.8
2837,5275.3
2838,17800.2
2839,18921.8
2840,18174.1
2841,15930.8
2842,14435.3
2843,11631.2
2844,10135.7
2845,9014.1
2846,7892.5
2847,9014.1
2848,10509.6
2849,13874.5
2850,16304.7
2851,15556.9
2852,14248.4
2853,11631.2
2854,10135.7
2855,5649.2
2856,1723.5
2857,974.7
2858,414.6
2859,414.6
2860,974.3
2861,5264.9
2862,17764
2863,18883.3
2864,18137.1
2865,15898.4
2866,14406
2867,11607.7
2868,10115.3
2869,8996
2870,7876.7
2871,8996
2872,10488.4
2873,13846.4
2874,16271.5
2875,15525.3
2876,14219.5
2877,11607.7
2878,10115.3
2879,5638
2880,1720.4
2881,973.2
2882,414.2
2883,414.2
2884,972.7
2885,5254.4
2886,17727.4
2887,18844.4
2888,18099.8
2889,15865.8
2890,14376.5
2891,11584
2892,10094.7
2893,8977.7
2894,7860.7
2895,8977.7
2896,10467
2897,13818
2898,16238.1
2899,15493.5
2900,14190.3
2901,11584
2902,10094.7
2903,5626.8
2904,1717.3
2905,971.6
2906,413.8
2907,413.8
2908,971.1
2909,5243.9
2910,17690.6
2911,18805.2
2912,18062.1
2913,15832.9
2914,14346.7
2915,11560.1
2916,10073.9
2917,8959.3
2918,7844.7
2919,8959.3
2920,10445.5
2921,13789.4
2922,16204.4
2923,15461.3
2924,14160.9
2925,11560.1
2926,10073.9
2927,5615.4
2928,1714.2
2929,970
2930,413.4
2931,413.4
2932,969.6
2933,5233.2
2934,17653.4
2935,18765.7
2936,18024.2
2937,15799.7
2938,14316.6
2939,11536
2940,10053
2941,8940.7
2942,7828.5
2943,8940.7
2944,10423.7
2945,13760.5
2946,16170.4
2947,15428.9
2948,14131.3
2949,11536
2950,10053
2951,5603.9
2952,1711
2953,968.5
2954,413
2955,413
2956,968
2957,5222.4
2958,17616
2959,18725.9
2960,17986
2961,15766.2
2962,14286.4
2963,11511.7
2964,10031.9
2965,8922
2966,7812.1
2967,8922
2968,10401.8
2969,13731.4
2970,16136.2
2971,15396.3
2972,14101.4
2973,11511.7
2974,10031.9
2975,5592.4
2976,1707.8
2977,966.9
2978,412.6
2979,412.6
2980,966.4
2981,5211.6
2982,17578.3
2983,18685.7
2984,17947.4
2985,15732.5
2986,14255.9
2987,11487.2
2988,10010.6
2989,8903.1
2990,7795.7
2991,8903.1
2992,10379.8
2993,13702.2
2994,16101.7
2995,15363.3
2996,14071.3
2997,11487.2
2998,10010.6
2999,5580.8
3000,1704.6
3001,965.2
3002,412.2
3003,412.2
3004,964.7
3005,5200.7
3006,17540.3
3007,18645.3
3008,17908.6
3009,15698.6
3010,14225.2
3011,11462.6
3012,9989.2
3013,8884.2
3014,7779.1
3015,8884.2
3016,10357.5
3017,13672.7
3018,16066.9
3019,15330.2
3020,14041
3021,11462.6
3022,9989.2
3023,5569
3024,1701.4
3025,963.6
3026,411.8
3027,411.8
3028,963.1
3029,5189.7
3030,17502.1
3031,18604.7
3032,17869.6
3033,15664.4
3034,14194.3
3035,11437.8
3036,9967.6
3037,8865
3038,7762.4
3039,8865
3040,10335.2
3041,13643
3042,16031.9
3043,15296.9
3044,14010.5
3045,11437.8
3046,9967.6
3047,5557.2
3048,1698.1
3049,962
3050,411.4
3051,411.4
3052,961.5
3053,5178.7
3054,17463.6
3055,18563.7
3056,17830.3
3057,15630
3058,14163.1
3059,11412.8
3060,9945.9
3061,8845.8
3062,7745.6
3063,8845.8
3064,10312.6
3065,13613.1
3066,15996.7
3067,15263.3
3068,13979.8
3069,11412.8
3070,9945.9
3071,5545.4
3072,1694.9
3073,960.3
3074,411
3075,411
3076,959.8
3077,5167.5
3078,17424.8
3079,18522.5
3080,17790.7
3081,15595.4
3082,14131.8
3083,11387.7
3084,9924.1
3085,8826.4
3086,7728.8
3087,8826.4
3088,10290
3089,13583
3090,15961.3
3091,15229.5
3092,13948.9
3093,11387.7
3094,9924.1
3095,5533.4
3096,1691.6
3097,958.7
3098,410.6
3099,410.6
3100,958.2
3101,5156.3
3102,17385.9
3103,18481.1
3104,17751
3105,15560.6
3106,14100.3
3107,11362.4
3108,9902.1
3109,8807
3110,7711.8
3111,8807
3112,10267.2
3113,13552.8
3114,15925.7
3115,15195.5
3116,13917.8
3117,11362.4
3118,9902.1
3119,5521.4
3120,1688.3
3121,957
3122,410.2
3123,410.1
3124,956.5
3125,5145.1
3126,17346.7
3127,18439.4
3128,17711
3129,15525.6
3130,14068.7
3131,11337
3132,9880.1
3133,8787.4
3134,7694.7
3135,8787.4
3136,10244.3
3137,13522.3
3138,15889.8
3139,15161.4
3140,13886.6
3141,11337
3142,9880.1
3143,5509.3
3144,1684.9
3145,955.3
3146,409.7
3147,409.7
3148,954.8
3149,5133.8
3150,17307.4
3151,18397.6
3152,17670.8
3153,15490.4
3154,14036.9
3155,11311.4
3156,9857.9
3157,8767.7
3158,7677.5
3159,8767.7
3160,10221.3
3161,13491.8
3162,15853.8
3163,15127
3164,13855.2
3165,11311.4
3166,9857.9
3167,5497.2
3168,1681.6
3169,953.7
3170,409.3
3171,409.3
3172,953.1
3173,5122.4
3174,17267.9
3175,18355.5
3176,17630.4
3177,15455.1
3178,14004.9
3179,11285.8
3180,9835.6
3181,8747.9
3182,7660.3
3183,8747.9
3184,10198.1
3185,13461.1
3186,15817.7
3187,15092.6
3188,13823.6
3189,11285.8
3190,9835.6
3191,5485
3192,1678.2
3193,952
3194,408.9
3195,408.9
3196,951.5
3197,5111
3198,17228.1
3199,18313.3
3200,17589.8
3201,15419.6
3202,13972.8
3203,11260
3204,9813.2
3205,8728.1
3206,7643
3207,8728.1
3208,10174.9
3209,13430.2
3210,15781.3
3211,15057.9
3212,13791.9
3213,11260
3214,9813.2
3215,5472.7
3216,1674.8
3217,950.3
3218,408.5
3219,408.5
3220,949.8
3221,5099.6
3222,17188.3
3223,18270.8
3224,17549.1
3225,15384
3226,13940.6
3227,11234.1
3228,9790.7
3229,8708.1
3230,7625.6
3231,8708.1
3232,10151.6
3233,13399.3
3234,15744.8
3235,15023.1
3236,13760.1
3237,11234.1
3238,9790.7
3239,5460.4
3240,1671.4
3241,948.6
3242,408
3243,408
3244,948.1
3245,5088.1
3246,17148.2
3247,18228.2
3248,17508.2
3249,15348.2
3250,13908.2
3251,11208.1
3252,9768.1
3253,8688.1
3254,7608.1
3255,8688.1
3256,10128.1
3257,13368.2
3258,15708.2
3259,14988.2
3260,13728.2
3261,11208.1
3262,9768.1
3263,5448.1
3264,1668
3265,946.9
3266,407.6
3267,407.6
3268,946.3
3269,5076.5
3270,17108.1
3271,18185.5
3272,17467.2
3273,15312.3
3274,13875.7
3275,11182.1
3276,9745.5
3277,8668
3278,7590.6
3279,8668
3280,10104.6
3281,13337
3282,15671.5
3283,14953.2
3284,13696.1
3285,11182.1
3286,9745.5
3287,5435.7
3288,1664.6
3289,945.2
3290,407.2
3291,407.2
3292,944.6
3293,5065
3294,17067.8
3295,18142.6
3296,17426
3297,15276.3
3298,13843.1
3299,11155.9
3300,9722.8
3301,8647.9
3302,7573
3303,8647.9
3304,10081
3305,13305.7
3306,15634.6
3307,14918
3308,13664
3309,11155.9
3310,9722.8
3311,5423.2
3312,1661.2
3313,943.4
3314,406.8
3315,406.7
3316,942.9
3317,5053.4
3318,17027.3
3319,18099.6
3320,17384.8
3321,15240.2
3322,13810.4
3323,11129.7
3324,9700
3325,8627.7
3326,7555.4
3327,8627.7
3328,10057.4
3329,13274.3
3330,15597.6
3331,14882.7
3332,13631.7
3333,11129.7
3334,9700
3335,5410.8
3336,1657.7
3337,941.7
3338,406.3
3339,406.3
3340,941.2
3341,5041.7
3342,16986.8
3343,18056.5
3344,17343.4
3345,15204
3346,13777.7
3347,11103.4
3348,9677.1
3349,8607.4
3350,7537.7
3351,8607.4
3352,10033.7
3353,13242.8
3354,15560.5
3355,14847.4
3356,13599.4
3357,11103.4
3358,9677.1
3359,5398.3
3360,1654.3
3361,940
3362,405.9
3363,405.9
3364,939.5
3365,5030.1
3366,16946.2
3367,18013.3
3368,17301.9
3369,15167.7
3370,13744.8
3371,11077
3372,9654.2
3373,8587.1
3374,7520
3375,8587.1
3376,10009.9
3377,13211.3
3378,15523.4
3379,14812
3380,13567
3381,11077
3382,9654.2
3383,5385.7
3384,1650.8
3385,938.3
3386,405.5
3387,405.5
3388,937.7
3389,5018.4
3390,16905.5
3391,17970
3392,17260.3
3393,15131.3
3394,13711.9
3395,11050.6
3396,9631.3
3397,8566.8
3398,7502.2
3399,8566.8
3400,9986.1
3401,13179.7
3402,15486.1
3403,14776.5
3404,13534.5
3405,11050.6
3406,9631.3
3407,5373.2
3408,1647.4
3409,936.5
3410,405
3411,405
3412,936
3413,5006.7
3414,16864.7
3415,17926.7
3416,17218.7
3417,15094.9
3418,13679
3419,11024.2
3420,9608.3
3421,8546.4
3422,7484.5
3423,8546.4
3424,9962.3
3425,13148
3426,15448.8
3427,14740.9
3428,13502
3429,11024.2
3430,9608.3
3431,5360.6
3432,1643.9
3433,934.8
3434,404.6
3435,404.6
3436,934.3
3437,4994.9
3438,16823.9
3439,17883.2
3440,17177
3441,15058.4
3442,13646
3443,10997.7
3444,9585.3
3445,8526
3446,7466.7
3447,8526
3448,9938.4
3449,13116.3
3450,15411.5
3451,14705.3
3452,13469.4
3453,10997.7
3454,9585.3
3455,5348
3456,1640.4
3457,933.1
3458,404.2
3459,404.1
3460,932.5
3461,4983.2
3462,16783.1
3463,17839.8
3464,17135.3
3465,15021.9
3466,13612.9
3467,10971.2
3468,9562.2
3469,8505.5
3470,7448.8
3471,8505.5
3472,9914.5
3473,13084.6
3474,15374.1
3475,14669.6
3476,13436.8
3477,10971.2
3478,9562.2
3479,5335.4
3480,1636.9
3481,931.3
3482,403.7
3483,403.7
3484,930.8
3485,4971.4
3486,16742.2
3487,17796.3
3488,17093.5
3489,14985.3
3490,13579.9
3491,10944.6
3492,9539.2
3493,8485.1
3494,7431
3495,8485.1
3496,9890.5
3497,13052.8
3498,15336.7
3499,14634
3500,13404.2
3501,10944.6
3502,9539.2
3503,5322.8
3504,1633.5
3505,929.6
3506,403.3
3507,403.3
3508,929
3509,4959.7
3510,16701.2
3511,17752.7
3512,17051.7
3513,14948.8
3514,13546.8
3515,10918.1
3516,9516.1
3517,8464.6
3518,7413.1
3519,8464.6
3520,9866.6
3521,13021.1
3522,15299.3
3523,14598.3
3524,13371.5
3525,10918.1
3526,9516.1
3527,5310.2
3528,1630
3529,927.8
3530,402.9
3531,402.8
3532,927.3
3533,4947.9
3534,16660.3
3535,17709.2
3536,17009.9
3537,14912.2
3538,13513.7
3539,10891.5
3540,9493
3541,8444.2
3542,7395.3
3543,8444.2
3544,9842.7
3545,12989.3
3546,15261.8
3547,14562.6
3548,13338.9
3549,10891.5
3550,9493
3551,5297.6
3552,1626.5
3553,926.1
3554,402.4
3555,402.4
3556,925.6
3557,4936.2
3558,16619.4
3559,17665.7
3560,16968.2
3561,14875.6
3562,13480.6
3563,10865
3564,9470
3565,8423.7
3566,7377.4
3567,8423.7
3568,9818.7
3569,12957.5
3570,15224.4
3571,14526.9
3572,13306.2
3573,10865
3574,9470
3575,5284.9
3576,1623
3577,924.4
3578,402
3579,402
3580,923.8
3581,4924.4
3582,16578.5
3583,17622.1
3584,16926.4
3585,14839.1
3586,13447.5
3587,10838.4
3588,9446.9
3589,8403.3
3590,7359.6
3591,8403.3
3592,9794.8
3593,12925.7
3594,15187
3595,14491.2
3596,13273.6
3597,10838.4
3598,9446.9
3599,5272.3
3600,1619.5
3601,922.6
3602,401.6
3603,401.5
3604,922.1
3605,4912.7
3606,16537.6
3607,17578.7
3608,16884.6
3609,14802.6
3610,13414.5
3611,10811.9
3612,9423.9
3613,8382.8
3614,7341.8
3615,8382.8
3616,9770.9
3617,12894
3618,15149.6
3619,14455.5
3620,13241
3621,10811.9
3622,9423.9
3623,5259.7
3624,1616.1
3625,920.9
3626,401.1
3627,401.1
3628,920.3
3629,4901
3630,16496.8
3631,17535.2
3632,16842.9
3633,14766.1
3634,13381.5
3635,10785.4
3636,9400.8
3637,8362.4
3638,7324
3639,8362.4
3640,9747
3641,12862.3
3642,15112.2
3643,14419.9
3644,13208.4
3645,10785.4
3646,9400.8
3647,5247.1
3648,1612.6
3649,919.1
3650,400.7
3651,400.7
3652,918.6
3653,4889.3
3654,16456
3655,17491.8
3656,16801.3
3657,14729.6
3658,13348.5
3659,10758.9
3660,9377.8
3661,8342
3662,7306.2
3663,8342
3664,9723.1
3665,12830.6
3666,15074.9
3667,14384.3
3668,13175.9
3669,10758.9
3670,9377.8
3671,5234.5
3672,1609.1
3673,917.4
3674,400.3
3675,400.2
3676,916.9
3677,4877.6
3678,16415.3
3679,17448.5
3680,16759.7
3681,14693.2
3682,13315.6
3683,10732.5
3684,9354.9
3685,8321.6
3686,7288.4
3687,8321.6
3688,9699.3
3689,12799
3690,15037.6
3691,14348.8
3692,13143.4
3693,10732.5
3694,9354.9
3695,5222
3696,1605.6
3697,915.7
3698,399.8
3699,399.8
3700,915.1
3701,4865.9
3702,16374.6
3703,17405.3
3704,16718.2
3705,14656.9
3706,13282.7
3707,10706.1
3708,9332
3709,8301.3
3710,7270.7
3711,8301.3
3712,9675.5
3713,12767.4
3714,15000.5
3715,14313.4
3716,13111
3717,10706.1
3718,9332
3719,5209.4
3720,1602.2
3721,913.9
3722,399.4
3723,399.4
3724,913.4
3725,4854.2
3726,16334.1
3727,17362.1
3728,16676.8
3729,14620.7
3730,13249.9
3731,10679.8
3732,9309.1
3733,8281
3734,7253
3735,8281
3736,9651.8
3737,12735.9
3738,14963.4
3739,14278
3740,13078.6
3741,10679.8
3742,9309.1
3743,5196.9
3744,1598.7
3745,912.2
3746,399
3747,398.9
3748,911.7
3749,4842.6
3750,16293.6
3751,17319.1
3752,16635.5
3753,14584.5
3754,13217.2
3755,10653.6
3756,9286.3
3757,8260.8
3758,7235.4
3759,8260.8
3760,9628.1
3761,12704.5
3762,14926.3
3763,14242.7
3764,13046.3
3765,10653.6
3766,9286.3
3767,5184.4
3768,1595.3
3769,910.5
3770,398.5
3771,398.5
3772,910
3773,4831
3774,16253.3
3775,17276.2
3776,16594.3
3777,14548.5
3778,13184.6
3779,10627.4
3780,9263.5
3781,8240.7
3782,7217.8
3783,8240.7
3784,9604.5
3785,12673.2
3786,14889.4
3787,14207.5
3788,13014.1
3789,10627.4
3790,9263.5
3791,5172
3792,1591.9
3793,908.8
3794,398.1
3795,398.1
3796,908.3
3797,4819.5
3798,16213.1
3799,17233.4
3800,16553.2
3801,14512.5
3802,13152.1
3803,10601.3
3804,9240.9
3805,8220.5
3806,7200.2
3807,8220.5
3808,9581
3809,12641.9
3810,14852.6
3811,14172.4
3812,12982
3813,10601.3
3814,9240.9
3815,5159.6
3816,1588.4
3817,907.1
3818,397.7
3819,397.7
3820,906.6
3821,4808
3822,16173
3823,17190.8
3824,16512.3
3825,14476.7
3826,13119.7
3827,10575.3
3828,9218.3
3829,8200.5
3830,7182.7
3831,8200.5
3832,9557.5
3833,12610.8
3834,14816
3835,14137.5
3836,12950.1
3837,10575.3
3838,9218.3
3839,5147.2
3840,1585
3841,905.4
3842,397.2
3843,397.2
3844,904.9
3845,4796.5
3846,16133.1
3847,17148.3
3848,16471.5
3849,14441
3850,13087.4
3851,10549.4
3852,9195.8
3853,8180.5
3854,7165.3
3855,8180.5
3856,9534.2
3857,12579.8
3858,14779.4
3859,14102.6
3860,12918.2
3861,10549.4
3862,9195.8
3863,5134.9
3864,1581.6
3865,903.7
3866,396.8
3867,396.8
3868,903.2
3869,4785.1
3870,16093.3
3871,17106
3872,16430.9
3873,14405.5
3874,13055.3
3875,10523.6
3876,9173.3
3877,8160.7
3878,7148
3879,8160.7
3880,9510.9
3881,12548.9
3882,14743.1
3883,14067.9
3884,12886.5
3885,10523.6
3886,9173.3
3887,5122.6
3888,1578.2
3889,902
3890,396.4
3891,396.4
3892,901.5
3893,4773.7
3894,16053.7
3895,17063.8
3896,16390.4
3897,14370.1
3898,13023.2
3899,10497.9
3900,9151
3901,8140.9
3902,7130.7
3903,8140.9
3904,9487.7
3905,12518.2
3906,14706.8
3907,14033.4
3908,12854.9
3909,10497.9
3910,9151
3911,5110.4
3912,1574.9
3913,900.3
3914,396
3915,396
3916,899.8
3917,4762.4
3918,16014.3
3919,17021.9
3920,16350.2
3921,14334.9
3922,12991.4
3923,10472.3
3924,9128.8
3925,8121.1
3926,7113.5
3927,8121.1
3928,9464.7
3929,12487.6
3930,14670.8
3931,13999
3932,12823.4
3933,10472.3
3934,9128.8
3935,5098.2
3936,1571.5
3937,898.6
3938,395.6
3939,395.6
3940,898.1
3941,4751.1
3942,15975.1
3943,16980.2
3944,16310.1
3945,14299.8
3946,12959.7
3947,10446.8
3948,9106.7
3949,8101.5
3950,7096.4
3951,8101.5
3952,9441.7
3953,12457.1
3954,14634.9
3955,13964.8
3956,12792.1
3957,10446.8
3958,9106.7
3959,5086.1
3960,1568.2
3961,897
3962,395.2
3963,395.1
3964,896.5
3965,4739.9
3966,15936.1
3967,16938.7
3968,16270.3
3969,14265
3970,12928.1
3971,10421.5
3972,9084.7
3973,8082
3974,7079.4
3975,8082
3976,9418.9
3977,12426.8
3978,14599.2
3979,13930.8
3980,12761
3981,10421.5
3982,9084.7
3983,5074.1
3984,1564.9
3985,895.3
3986,394.7
3987,394.7
3988,894.8
3989,4728.8
3990,15897.3
3991,16897.4
3992,16230.6
3993,14230.3
3994,12896.8
3995,10396.3
3996,9062.8
3997,8062.6
3998,7062.5
3999,8062.6
4000,9396.2
4001,12396.7
4002,14563.7
4003,13896.9
4004,12730.1
4005,10396.3
4006,9062.8
4007,5062.1
4008,1561.6
4009,893.7
4010,394.3
4011,394.3
4012,893.2
4013,4717.7
4014,15858.7
4015,16856.4
4016,16191.3
4017,14195.9
4018,12865.6
4019,10371.3
4020,9041.1
4021,8043.4
4022,7045.6
4023,8043.4
4024,9373.6
4025,12366.7
4026,14528.4
4027,13863.3
4028,12699.3
4029,10371.3
4030,9041.1
4031,5050.2
4032,1558.3
4033,892.1
4034,393.9
4035,393.9
4036,891.6
4037,4706.7
4038,15820.4
4039,16815.6
4040,16152.1
4041,14161.6
4042,12834.6
4043,10346.5
4044,9019.4
4045,8024.2
4046,7028.9
4047,8024.2
4048,9351.2
4049,12337
4050,14493.4
4051,13829.9
4052,12668.7
4053,10346.5
4054,9019.4
4055,5038.4
4056,1555
4057,890.4
4058,393.5
4059,393.5
4060,889.9
4061,4695.7
4062,15782.3
4063,16775.1
4064,16113.2
4065,14127.6
4066,12803.8
4067,10321.8
4068,8998
4069,8005.2
4070,7012.3
4071,8005.2
4072,9328.9
4073,12307.4
4074,14458.5
4075,13796.6
4076,12638.3
4077,10321.8
4078,8998
4079,5026.7
4080,1551.8
4081,888.8
4082,393.1
4083,393.1
4084,888.3
4085,4684.9
4086,15744.5
4087,16734.9
4088,16074.6
4089,14093.8
4090,12773.3
4091,10297.2
4092,8976.7
4093,7986.3
4094,6995.8
4095,7986.3
4096,9306.8
4097,12278
4098,14423.9
4099,13763.7
4100,12608.2
4101,10297.2
4102,8976.7
4103,5015
4104,1548.6
4105,887.2
4106,392.7
4107,392.7
4108,886.7
4109,4674.1
4110,15707
4111,16695
4112,16036.3
4113,14060.3
4114,12742.9
4115,10272.9
4116,8955.5
4117,7967.5
4118,6979.5
4119,7967.5
4120,9284.8
4121,12248.9
4122,14389.6
4123,13730.9
4124,12578.2
4125,10272.9
4126,8955.5
4127,5003.4
4128,1545.4
4129,885.6
4130,392.3
4131,392.3
4132,885.1
4133,4663.4
4134,15669.7
4135,16655.4
4136,15998.3
4137,14027
4138,12712.8
4139,10248.7
4140,8934.5
4141,7948.9
4142,6963.2
4143,7948.9
4144,9263.1
4145,12220
4146,14355.5
4147,13698.4
4148,12548.5
4149,10248.7
4150,8934.5
4151,4991.9
4152,1542.2
4153,884
4154,391.9
4155,391.9
4156,883.6
4157,4652.8
4158,15632.8
4159,16616.1
4160,15960.5
4161,13994
4162,12682.9
4163,10224.7
4164,8913.7
4165,7930.4
4166,6947.1
4167,7930.4
4168,9241.4
4169,12191.3
4170,14321.7
4171,13666.2
4172,12519
4173,10224.7
4174,8913.7
4175,4980.5
4176,1539.1
4177,882.5
4178,391.5
4179,391.5
4180,882
4181,4642.3
4182,15596.1
4183,16577.1
4184,15923.1
4185,13961.2
4186,12653.3
4187,10200.9
4188,8893
4189,7912.1
4190,6931.1
4191,7912.1
4192,9220
4193,12162.8
4194,14288.2
4195,13634.3
4196,12489.8
4197,10200.9
4198,8893
4199,4969.2
4200,1535.9
4201,880.9
4202,391.1
4203,391.1
4204,880.5
4205,4631.8
4206,15559.8
4207,16538.5
4208,15886
4209,13928.8
4210,12623.9
4211,10177.4
4212,8872.5
4213,7893.9
4214,6915.3
4215,7893.9
4216,9198.8
4217,12134.6
4218,14255
4219,13602.6
4220,12460.8
4221,10177.4
4222,8872.5
4223,4958
4224,1532.8
4225,879.4
4226,390.8
4227,390.8
4228,878.9
4229,4621.5
4230,15523.8
4231,16500.2
4232,15849.3
4233,13896.6
4234,12594.8
4235,10154
4236,8852.3
4237,7875.9
4238,6899.6
4239,7875.9
4240,9177.7
4241,12106.7
4242,14222.1
4243,13571.2
4244,12432.1
4245,10154
4246,8852.3
4247,4946.9
4248,1529.8
4249,877.9
4250,390.4
4251,390.4
4252,877.4
4253,4611.3
4254,15488.2
4255,16462.2
4256,15812.9
4257,13864.8
4258,12566
4259,10130.9
4260,8832.2
4261,7858.1
4262,6884
4263,7858.1
4264,9156.8
4265,12079
4266,14189.5
4267,13540.1
4268,12403.7
4269,10130.9
4270,8832.2
4271,4935.9
4272,1526.7
4273,876.4
4274,390
4275,390
4276,875.9
4277,4601.1
4278,15452.9
4279,16424.7
4280,15776.8
4281,13833.2
4282,12537.5
4283,10108
4284,8812.3
4285,7840.5
4286,6868.7
4287,7840.5
4288,9136.2
4289,12051.6
4290,14157.2
4291,13509.3
4292,12375.5
4293,10108
4294,8812.3
4295,4925
4296,1523.7
4297,874.9
4298,389.6
4299,389.6
4300,874.4
4301,4591.1
4302,15418
4303,16387.5
4304,15741.2
4305,13802
4306,12509.2
4307,10085.3
4308,8792.6
4309,7823
4310,6853.4
4311,7823
4312,9115.7
4313,12024.5
4314,14125.2
4315,13478.8
4316,12347.6
4317,10085.3
4318,8792.6
4319,4914.3
4320,1520.8
4321,873.4
4322,389.3
4323,389.3
4324,873
4325,4581.2
4326,15383.4
4327,16350.8
4328,15705.9
4329,13771.1
4330,12481.3
4331,10062.9
4332,8773.1
4333,7805.7
4334,6838.3
4335,7805.7
4336,9095.5
4337,11997.6
4338,14093.6
4339,13448.7
4340,12320.1
4341,10062.9
4342,8773.1
4343,4903.6
4344,1517.8
4345,871.9
4346,388.9
4347,388.9
4348,871.5
4349,4571.3
4350,15349.2
4351,16314.4
4352,15670.9
4353,13740.6
4354,12453.7
4355,10040.7
4356,8753.8
4357,7788.6
4358,6823.4
4359,7788.6
4360,9075.5
4361,11971.1
4362,14062.3
4363,13418.8
4364,12292.8
4365,10040.7
4366,8753.8
4367,4893.1
4368,1514.9
4369,870.5
4370,388.5
4371,388.5
4372,870.1
4373,4561.6
4374,15315.4
4375,16278.5
4376,15636.4
4377,13710.4
4378,12426.3
4379,10018.8
4380,8734.7
4381,7771.7
4382,6808.7
4383,7771.7
4384,9055.8
4385,11944.8
4386,14031.4
4387,13389.4
4388,12265.8
4389,10018.8
4390,8734.7
4391,4882.6
4392,1512
4393,869.1
4394,388.2
4395,388.2
4396,868.6
4397,4552
4398,15282
4399,16242.9
4400,15602.3
4401,13680.5
4402,12399.4
4403,9997.1
4404,8715.9
4405,7755
4406,6794.1
4407,7755
4408,9036.2
4409,11918.9
4410,14000.8
4411,13360.3
4412,12239.2
4413,9997.1
4414,8715.9
4415,4872.3
4416,1509.2
4417,867.7
4418,387.8
4419,387.8
4420,867.2
4421,4542.6
4422,15249.1
4423,16207.9
4424,15568.7
4425,13651.1
4426,12372.7
4427,9975.7
4428,8697.3
4429,7738.5
4430,6779.7
4431,7738.5
4432,9016.9
4433,11893.3
4434,13970.7
4435,13331.5
4436,12212.9
4437,9975.7
4438,8697.3
4439,4862.2
4440,1506.4
4441,866.3
4442,387.5
4443,387.5
4444,865.9
4445,4533.2
4446,15216.5
4447,16173.2
4448,15535.4
4449,13622
4450,12346.4
4451,9954.6
4452,8679
4453,7722.3
4454,6765.6
4455,7722.3
4456,8997.9
4457,11868
4458,13940.9
4459,13303.1
4460,12186.9
4461,9954.6
4462,8679
4463,4852.1
4464,1503.6
4465,864.9
4466,387.1
4467,387.1
4468,864.5
4469,4524
4470,15184.4
4471,16139.1
4472,15502.6
4473,13593.3
4474,12320.4
4475,9933.8
4476,8660.9
4477,7706.2
4478,6751.5
4479,7706.2
4480,8979.1
4481,11843.1
4482,13911.5
4483,13275.1
4484,12161.3
4485,9933.8
4486,8660.9
4487,4842.2
4488,1500.9
4489,863.5
4490,386.8
4491,386.8
4492,863.1
4493,4514.9
4494,15152.7
4495,16105.4
4496,15470.3
4497,13565
4498,12294.8
4499,9913.2
4500,8643
4501,7690.4
4502,6737.7
4503,7690.4
4504,8960.6
4505,11818.5
4506,13882.5
4507,13247.4
4508,12136
4509,9913.2
4510,8643
4511,4832.4
4512,1498.2
4513,862.2
4514,386.5
4515,386.5
4516,861.8
4517,4505.9
4518,15121.5
4519,16072.1
4520,15438.4
4521,13537.1
4522,12269.5
4523,9892.9
4524,8625.4
4525,7674.8
4526,6724.1
4527,7674.8
4528,8942.3
4529,11794.2
4530,13854
4531,13220.2
4532,12111.1
4533,9892.9
4534,8625.4
4535,4822.8
4536,1495.5
4537,860.9
4538,386.2
4539,386.1
4540,860.5
4541,4497.1
4542,15090.7
4543,16039.4
4544,15407
4545,13509.6
4546,12244.7
4547,9873
4548,8608.1
4549,7659.4
4550,6710.7
4551,7659.4
4552,8924.3
4553,11770.3
4554,13825.8
4555,13193.4
4556,12086.6
4557,9873
4558,8608.1
4559,4813.3
4560,1492.9
4561,859.6
4562,385.8
4563,385.8
4564,859.2
4565,4488.4
4566,15060.4
4567,16007.2
4568,15376
4569,13482.5
4570,12220.2
4571,9853.3
4572,8591
4573,7644.2
4574,6697.5
4575,7644.2
4576,8906.6
4577,11746.8
4578,13798.1
4579,13166.9
4580,12062.4
4581,9853.3
4582,8591
4583,4804
4584,1490.3
4585,858.3
4586,385.5
4587,385.5
4588,857.9
4589,4479.8
4590,15030.6
4591,15975.5
4592,15345.6
4593,13455.9
4594,12196.1
4595,9834
4596,8574.2
4597,7629.3
4598,6684.5
4599,7629.3
4600,8889.1
4601,11723.6
4602,13770.8
4603,13140.9
4604,12038.6
4605,9834
4606,8574.2
4607,4794.8
4608,1487.8
4609,857.1
4610,385.2
4611,385.2
4612,856.7
4613,4471.4
4614,15001.3
4615,15944.2
4616,15315.6
4617,13429.6
4618,12172.3
4619,9814.9
4620,8557.6
4621,7614.6
4622,6671.7
4623,7614.6
4624,8871.9
4625,11700.9
4626,13744
4627,13115.3
4628,12015.2
4629,9814.9
4630,8557.6
4631,4785.7
4632,1485.3
4633,855.8
4634,384.9
4635,384.9
4636,855.5
4637,4463.1
4638,14972.4
4639,15913.6
4640,15286.1
4641,13403.9
4642,12149
4643,9796.2
4644,8541.4
4645,7600.2
4646,6659.1
4647,7600.2
4648,8855.1
4649,11678.5
4650,13717.6
4651,13090.2
4652,11992.2
4653,9796.2
4654,8541.4
4655,4776.8
4656,1482.9
4657,854.6
4658,384.6
4659,384.6
4660,854.3
4661,4455
4662,14944.1
4663,15883.4
4664,15257.2
4665,13378.6
4666,12126.1
4667,9777.8
4668,8525.4
4669,7586.1
4670,6646.7
4671,7586.1
4672,8838.5
4673,11656.5
4674,13691.7
4675,13065.4
4676,11969.6
4677,9777.8
4678,8525.4
4679,4768.1
4680,1480.4
4681,853.4
4682,384.3
4683,384.3
4684,853.1
4685,4447
4686,14916.3
4687,15853.8
4688,15228.8
4689,13353.7
4690,12103.6
4691,9759.8
4692,8509.7
4693,7572.1
4694,6634.6
4695,7572.1
4696,8822.2
4697,11634.9
4698,13666.2
4699,13041.2
4700,11947.4
4701,9759.8
4702,8509.7
4703,4759.5
4704,1478.1
4705,852.3
4706,384
4707,384
4708,851.9
4709,4439.1
4710,14889
4711,15824.8
4712,15200.9
4713,13329.3
4714,12081.6
4715,9742
4716,8494.3
4717,7558.5
4718,6622.7
4719,7558.5
4720,8806.2
4721,11613.6
4722,13641.2
4723,13017.4
4724,11925.6
4725,9742
4726,8494.3
4727,4751.1
4728,1475.7
4729,851.1
4730,383.7
4731,383.7
4732,850.8
4733,4431.5
4734,14862.2
4735,15796.3
4736,15173.6
4737,13305.4
4738,12059.9
4739,9724.7
4740,8479.2
4741,7545.1
4742,6611
4743,7545.1
4744,8790.6
4745,11592.9
4746,13616.7
4747,12994
4748,11904.2
4749,9724.7
4750,8479.2
4751,4742.8
4752,1473.5
4753,850
4754,383.4
4755,383.4
4756,849.6
4757,4423.9
4758,14836
4759,15768.4
4760,15146.8
4761,13281.9
4762,12038.7
4763,9707.6
4764,8464.4
4765,7532
4766,6599.6
4767,7532
4768,8775.2
4769,11572.5
4770,13592.7
4771,12971.1
4772,11883.3
4773,9707.6
4774,8464.4
4775,4734.7
4776,1471.2
4777,848.9
4778,383.2
4779,383.2
4780,848.6
4781,4416.5
4782,14810.3
4783,15741.1
4784,15120.5
4785,13259
4786,12017.9
4787,9691
4788,8449.9
4789,7519.1
4790,6588.4
4791,7519.1
4792,8760.2
4793,11552.5
4794,13569.2
4795,12948.7
4796,11862.8
4797,9691
4798,8449.9
4799,4726.8
4800,1469
4801,847.8
4802,382.9
4803,382.9
4804,847.5
4805,4409.3
4806,14785.1
4807,15714.3
4808,15094.9
4809,13236.5
4810,11997.6
4811,9674.7
4812,8435.7
4813,7506.6
4814,6577.4
4815,7506.6
4816,8745.5
4817,11533
4818,13546.2
4819,12926.8
4820,11842.7
4821,9674.7
4822,8435.7
4823,4719
4824,1466.9
4825,846.8
4826,382.6
4827,382.6
4828,846.4
4829,4402.3
4830,14760.5
4831,15688.2
4832,15069.7
4833,13214.5
4834,11977.7
4835,9658.7
4836,8421.9
4837,7494.3
4838,6566.7
4839,7494.3
4840,8731.1
4841,11513.9
4842,13523.7
4843,12905.3
4844,11823.1
4845,9658.7
4846,8421.9
4847,4711.4
4848,1464.8
4849,845.7
4850,382.4
4851,382.4
4852,845.4
4853,4395.4
4854,14736.5
4855,15662.6
4856,15045.2
4857,13193.1
4858,11958.3
4859,9643.1
4860,8408.3
4861,7482.3
4862,6556.2
4863,7482.3
4864,8717
4865,11495.3
4866,13501.8
4867,12884.4
4868,11804
4869,9643.1
4870,8408.3
4871,4704
4872,1462.8
4873,844.7
4874,382.1
4875,382.1
4876,844.4
4877,4388.6
4878,14713.1
4879,15637.7
4880,15021.3
4881,13172.1
4882,11939.3
4883,9627.9
4884,8395.1
4885,7470.6
4886,6546
4887,7470.6
4888,8703.3
4889,11477.1
4890,13480.3
4891,12863.9
4892,11785.3
4893,9627.9
4894,8395.1
4895,4696.8
4896,1460.8
4897,843.7
4898,381.9
4899,381.9
4900,843.4
4901,4382.1
4902,14690.2
4903,15613.4
4904,14997.9
4905,13151.7
4906,11920.9
4907,9613.1
4908,8382.2
4909,7459.1
4910,6536
4911,7459.1
4912,8689.9
4913,11459.3
4914,13459.4
4915,12844
4916,11767
4917,9613.1
4918,8382.2
4919,4689.8
4920,1458.8
4921,842.8
4922,381.6
4923,381.6
4924,842.5
4925,4375.7
4926,14668
4927,15589.7
4928,14975.2
4929,13131.8
4930,11902.9
4931,9598.6
4932,8369.7
4933,7448
4934,6526.3
4935,7448
4936,8676.9
4937,11442
4938,13439
4939,12824.6
4940,11749.2
4941,9598.6
4942,8369.7
4943,4682.9
4944,1456.9
4945,841.8
4946,381.4
4947,381.4
4948,841.6
4949,4369.4
4950,14646.3
4951,15566.6
4952,14953.1
4953,13112.4
4954,11885.3
4955,9584.5
4956,8357.5
4957,7437.1
4958,6516.8
4959,7437.1
4960,8664.2
4961,11425.2
4962,13419.2
4963,12805.6
4964,11731.9
4965,9584.5
4966,8357.5
4967,4676.2
4968,1455.1
4969,840.9
4970,381.2
4971,381.2
4972,840.7
4973,4363.4
4974,14625.2
4975,15544.2
4976,14931.5
4977,13093.6
4978,11868.3
4979,9570.9
4980,8345.6
4981,7426.6
4982,6507.6
4983,7426.6
4984,8651.9
4985,11408.8
4986,13399.9
4987,12787.3
4988,11715.1
4989,9570.9
4990,8345.6
4991,4669.7
4992,1453.3
4993,840.1
4994,381
4995,381
4996,839.8
4997,4357.5
4998,14604.7
4999,15522.4
5000,14910.6
5001,13075.3
5002,11851.7
5003,9557.6
5004,8334
5005,7416.4
5006,6498.7
5007,7416.4
5008,8639.9
5009,11392.9
5010,13381.2
5011,12769.4
5012,11698.8
5013,9557.6
5014,8334
5015,4663.4
5016,1451.6
5017,839.2
5018,380.8
5019,380.7
5020,839
5021,4351.8
5022,14584.9
5023,15501.3
5024,14890.3
5025,13057.5
5026,11835.7
5027,9544.7
5028,8322.8
5029,7406.4
5030,6490
5031,7406.4
5032,8628.3
5033,11377.5
5034,13363
5035,12752.1
5036,11683
5037,9544.7
5038,8322.8
5039,4657.3
5040,1449.9
5041,838.4
5042,380.6
5043,380.5
5044,838.1
5045,4346.3
5046,14565.6
5047,15480.8
5048,14870.7
5049,13040.4
5050,11820.1
5051,9532.2
5052,8312
5053,7396.8
5054,6481.7
5055,7396.8
5056,8617
5057,11362.5
5058,13345.4
5059,12735.3
5060,11667.6
5061,9532.2
5062,8312
5063,4651.3
5064,1448.2
5065,837.6
5066,380.4
5067,380.3
5068,837.3
5069,4340.9
5070,14547
5071,15461
5072,14851.7
5073,13023.7
5074,11805.1
5075,9520.1
5076,8301.5
5077,7387.5
5078,6473.5
5079,7387.5
5080,8606.2
5081,11348.1
5082,13328.4
5083,12719.1
5084,11652.7
5085,9520.1
5086,8301.5
5087,4645.6
5088,1446.6
5089,836.8
5090,380.2
5091,380.2
5092,836.6
5093,4335.8
5094,14529
5095,15441.9
5096,14833.3
5097,13007.6
5098,11790.5
5099,9508.5
5100,8291.4
5101,7378.5
5102,6465.7
5103,7378.5
5104,8595.6
5105,11334.1
5106,13311.9
5107,12703.4
5108,11638.4
5109,9508.5
5110,8291.4
5111,4640
5112,1445.1
5113,836.1
5114,380
5115,380
5116,835.8
5117,4330.8
5118,14511.7
5119,15423.4
5120,14815.6
5121,12992.1
5122,11776.5
5123,9497.2
5124,8281.6
5125,7369.8
5126,6458.1
5127,7369.8
5128,8585.5
5129,11320.6
5130,13296.1
5131,12688.2
5132,11624.6
5133,9497.2
5134,8281.6
5135,4634.7
5136,1443.6
5137,835.3
5138,379.8
5139,379.8
5140,835.1
5141,4326
5142,14495
5143,15405.6
5144,14798.5
5145,12977.2
5146,11763
5147,9486.4
5148,8272.1
5149,7361.5
5150,6450.8
5151,7361.5
5152,8575.7
5153,11307.7
5154,13280.8
5155,12673.7
5156,11611.2
5157,9486.4
5158,8272.1
5159,4629.5
5160,1442.2
5161,834.6
5162,379.6
5163,379.6
5164,834.4
5165,4321.4
5166,14478.9
5167,15388.5
5168,14782.1
5169,12962.9
5170,11750
5171,9475.9
5172,8263.1
5173,7353.5
5174,6443.8
5175,7353.5
5176,8566.3
5177,11295.2
5178,13266.1
5179,12659.6
5180,11598.4
5181,9475.9
5182,8263.1
5183,4624.6
5184,1440.8
5185,834
5186,379.5
5187,379.5
5188,833.8
5189,4316.9
5190,14463.5
5191,15372.1
5192,14766.4
5193,12949.1
5194,11737.5
5195,9465.9
5196,8254.4
5197,7345.8
5198,6437.1
5199,7345.8
5200,8557.3
5201,11283.2
5202,13252
5203,12646.2
5204,11586.1
5205,9465.9
5206,8254.4
5207,4619.8
5208,1439.5
5209,833.3
5210,379.3
5211,379.3
5212,833.2
5213,4312.7
5214,14448.7
5215,15356.4
5216,14751.3
5217,12935.9
5218,11725.6
5219,9456.4
5220,8246.1
5221,7338.4
5222,6430.7
5223,7338.4
5224,8548.6
5225,11271.8
5226,13238.5
5227,12633.3
5228,11574.3
5229,9456.4
5230,8246.1
5231,4615.3
5232,1438.3
5233,832.7
5234,379.2
5235,379.1
5236,832.6
5237,4308.6
5238,14434.6
5239,15341.4
5240,14736.9
5241,12923.3
5242,11714.2
5243,9447.2
5244,8238.1
5245,7331.3
5246,6424.5
5247,7331.3
5248,8540.4
5249,11260.8
5250,13225.6
5251,12621
5252,11563.1
5253,9447.2
5254,8238.1
5255,4610.9
5256,1437.1
5257,832.2
5258,379
5259,379
5260,832
5261,4304.8
5262,14421.2
5263,15327.1
5264,14723.2
5265,12911.3
5266,11703.4
5267,9438.5
5268,8230.6
5269,7324.6
5270,6418.7
5271,7324.6
5272,8532.5
5273,11250.4
5274,13213.3
5275,12609.3
5276,11552.4
5277,9438.5
5278,8230.6
5279,4606.8
5280,1435.9
5281,831.6
5282,378.9
5283,378.9
5284,831.4
5285,4301.1
5286,14408.4
5287,15313.6
5288,14710.1
5289,12899.9
5290,11693
5291,9430.2
5292,8223.4
5293,7318.2
5294,6413.1
5295,7318.2
5296,8525.1
5297,11240.5
5298,13201.6
5299,12598.2
5300,11542.2
5301,9430.2
5302,8223.4
5303,4602.8
5304,1434.9
5305,831.1
5306,378.7
5307,378.7
5308,830.9
5309,4297.6
5310,14396.3
5311,15300.7
5312,14697.8
5313,12889.1
5314,11683.2
5315,9422.3
5316,8216.5
5317,7312.2
5318,6407.8
5319,7312.2
5320,8518
5321,11231.1
5322,13190.5
5323,12587.6
5324,11532.5
5325,9422.3
5326,8216.5
5327,4599.1
5328,1433.8
5329,830.6
5330,378.6
5331,378.6
5332,830.4
5333,4294.4
5334,14384.9
5335,15288.5
5336,14686.1
5337,12878.9
5338,11674
5339,9414.9
5340,8210.1
5341,7306.5
5342,6402.8
5343,7306.5
5344,8511.3
5345,11222.2
5346,13180.1
5347,12577.6
5348,11523.4
5349,9414.9
5350,8210.1
5351,4595.6
5352,1432.8
5353,830.1
5354,378.5
5355,378.5
5356,830
5357,4291.3
5358,14374.2
5359,15277.1
5360,14675.1
5361,12869.2
5362,11665.3
5363,9408
5364,8204
5365,7301.1
5366,6398.1
5367,7301.1
5368,8505
5369,11213.8
5370,13170.2
5371,12568.3
5372,11514.8
5373,9408
5374,8204
5375,4592.2
5376,1431.9
5377,829.7
5378,378.4
5379,378.4
5380,829.5
5381,4288.4
5382,14364.1
5383,15266.4
5384,14664.9
5385,12860.3
5386,11657.2
5387,9401.4
5388,8198.4
5389,7296.1
5390,6393.7
5391,7296.1
5392,8499.1
5393,11206
5394,13161
5395,12559.5
5396,11506.8
5397,9401.4
5398,8198.4
5399,4589.1
5400,1431.1
5401,829.3
5402,378.3
5403,378.3
5404,829.1
5405,4285.7
5406,14354.7
5407,15256.4
5408,14655.3
5409,12851.9
5410,11649.6
5411,9395.3
5412,8193.1
5413,7291.4
5414,6389.7
5415,7291.4
5416,8493.6
5417,11198.7
5418,13152.4
5419,12551.3
5420,11499.3
5421,9395.3
5422,8193.1
5423,4586.2
5424,1430.3
5425,828.9
5426,378.2
5427,378.2
5428,828.8
5429,4283.2
5430,14346
5431,15247.2
5432,14646.4
5433,12844.1
5434,11642.6
5435,9389.7
5436,8188.2
5437,7287
5438,6385.9
5439,7287
5440,8488.5
5441,11192
5442,13144.5
5443,12543.7
5444,11492.4
5445,9389.7
5446,8188.2
5447,4583.6
5448,1429.5
5449,828.5
5450,378.1
5451,378.1
5452,828.4
5453,4280.9
5454,14338
5455,15238.7
5456,14638.2
5457,12836.9
5458,11636.1
5459,9384.5
5460,8183.7
5461,7283
5462,6382.4
5463,7283
5464,8483.9
5465,11185.8
5466,13137.2
5467,12536.7
5468,11486
5469,9384.5
5470,8183.7
5471,4581.1
5472,1428.9
5473,828.2
5474,378
5475,378
5476,828.1
5477,4278.8
5478,14330.7
5479,15230.9
5480,14630.8
5481,12830.4
5482,11630.2
5483,9379.8
5484,8179.5
5485,7279.4
5486,6379.2
5487,7279.4
5488,8479.6
5489,11180.1
5490,13130.5
5491,12530.4
5492,11480.2
5493,9379.8
5494,8179.5
5495,4578.8
5496,1428.2
5497,827.9
5498,378
5499,378
5500,827.8
5501,4276.9
5502,14324.1
5503,15223.8
5504,14624
5505,12824.5
5506,11624.8
5507,9375.5
5508,8175.8
5509,7276
5510,6376.3
5511,7276
5512,8475.7
5513,11175
5514,13124.4
5515,12524.6
5516,11474.9
5517,9375.5
5518,8175.8
5519,4576.8
5520,1427.7
5521,827.7
5522,377.9
5523,377.9
5524,827.6
5525,4275.2
5526,14318.2
5527,15217.5
5528,14617.9
5529,12819.2
5530,11620
5531,9371.6
5532,8172.5
5533,7273.1
5534,6373.7
5535,7273.1
5536,8472.2
5537,11170.4
5538,13119
5539,12519.4
5540,11470.1
5541,9371.6
5542,8172.5
5543,4575
5544,1427.2
5545,827.4
5546,377.8
5547,377.8
5548,827.4
5549,4273.7
5550,14312.9
5551,15212
5552,14612.6
5553,12814.5
5554,11615.8
5555,9368.2
5556,8169.5
5557,7270.5
5558,6371.4
5559,7270.5
5560,8469.2
5561,11166.3
5562,13114.2
5563,12514.9
5564,11466
5565,9368.2
5566,8169.5
5567,4573.4
5568,1426.7
5569,827.2
5570,377.8
5571,377.8
5572,827.2
5573,4272.4
5574,14308.4
5575,15207.2
5576,14608
5577,12810.5
5578,11612.2
5579,9365.3
5580,8167
5581,7268.2
5582,6369.5
5583,7268.2
5584,8466.5
5585,11162.8
5586,13110.1
5587,12510.9
5588,11462.4
5589,9365.3
5590,8167
5591,4572
5592,1426.3
5593,827.1
5594,377.8
5595,377.8
5596,827
5597,4271.3
5598,14304.6
5599,15203.1
5600,14604.1
5601,12807.1
5602,11609.1
5603,9362.8
5604,8164.8
5605,7266.3
5606,6367.8
5607,7266.3
5608,8464.3
5609,11159.8
5610,13106.6
5611,12507.6
5612,11459.3
5613,9362.8
5614,8164.8
5615,4570.8
5616,1426
5617,826.9
5618,377.7
5619,377.7
5620,826.9
5621,4270.4
5622,14301.5
5623,15199.8
5624,14600.9
5625,12804.3
5626,11606.5
5627,9360.8
5628,8163
5629,7264.7
5630,6366.4
5631,7264.7
5632,8462.5
5633,11157.4
5634,13103.7
5635,12504.8
5636,11456.8
5637,9360.8
5638,8163
5639,4569.8
5640,1425.7
5641,826.8
5642,377.7
5643,377.7
5644,826.8
5645,4269.7
5646,14299
5647,15197.2
5648,14598.4
5649,12802.1
5650,11604.6
5651,9359.2
5652,8161.7
5653,7263.5
5654,6365.4
5655,7263.5
5656,8461.1
5657,11155.5
5658,13101.5
5659,12502.7
5660,11454.9
5661,9359.2
5662,8161.7
5663,4569.1
5664,1425.5
5665,826.7
5666,377.7
5667,377.7
5668,826.7
5669,4269.2
5670,14297.3
5671,15195.4
5672,14596.7
5673,12800.6
5674,11603.2
5675,9358.1
5676,8160.7
5677,7262.7
5678,6364.6
5679,7262.7
5680,8460.1
5681,11154.2
5682,13099.9
5683,12501.2
5684,11453.5
5685,9358.1
5686,8160.7
5687,4568.5
5688,1425.4
5689,826.7
5690,377.7
5691,377.7
5692,826.7
5693,4268.9
5694,14296.3
5695,15194.3
5696,14595.6
5697,12799.7
5698,11602.4
5699,9357.4
5700,8160.1
5701,7262.2
5702,6364.2
5703,7262.2
5704,8459.5
5705,11153.4
5706,13099
5707,12500.4
5708,11452.7
5709,9357.4
5710,8160.1
5711,4568.2
5712,1425.3
5713,826.6
5714,377.7
5715,377.7
5716,826.6
5717,4268.8
5718,14296
5719,15194
5720,14595.3
5721,12799.4
5722,11602.1
5723,9357.2
5724,8160
5725,7262
5726,6364
5727,7262
5728,8459.3
5729,11153.1
5730,13098.7
5731,12500.1
5732,11452.5
5733,9357.2
5734,8160
5735,4568.1
5736,1425.3
5737,826.6
5738,377.7
5739,377.7
5740,826.7
5741,4268.9
5742,14296.4
5743,15194.4
5744,14595.7
5745,12799.8
5746,11602.4
5747,9357.5
5748,8160.2
5749,7262.2
5750,6364.2
5751,7262.2
5752,8459.5
5753,11153.5
5754,13099.1
5755,12500.4
5756,11452.8
5757,9357.5
5758,8160.2
5759,4568.3
5760,1425.3
5761,826.7
5762,377.7
5763,377.7
5764,826.7
5765,4269.2
5766,14297.5
5767,15195.5
5768,14596.8
5769,12800.7
5770,11603.3
5771,9358.2
5772,8160.8
5773,7262.7
5774,6364.7
5775,7262.7
5776,8460.2
5777,11154.3
5778,13100.1
5779,12501.4
5780,11453.7
5781,9358.2
5782,8160.8
5783,4568.6
5784,1425.4
5785,826.8
5786,377.7
5787,377.7
5788,826.8
5789,4269.8
5790,14299.3
5791,15197.5
5792,14598.7
5793,12802.3
5794,11604.8
5795,9359.4
5796,8161.8
5797,7263.7
5798,6365.5
5799,7263.7
5800,8461.2
5801,11155.7
5802,13101.7
5803,12503
5804,11455.1
5805,9359.4
5806,8161.8
5807,4569.1
5808,1425.6
5809,826.9
5810,377.7
5811,377.7
5812,826.9
5813,4270.5
5814,14301.8
5815,15200.1
5816,14601.2
5817,12804.6
5818,11606.8
5819,9361
5820,8163.2
5821,7264.9
5822,6366.6
5823,7264.9
5824,8462.7
5825,11157.7
5826,13104
5827,12505.1
5828,11457.1
5829,9361
5830,8163.2
5831,4569.9
5832,1425.8
5833,827
5834,377.8
5835,377.8
5836,827
5837,4271.4
5838,14305
5839,15203.5
5840,14604.5
5841,12807.5
5842,11609.4
5843,9363.1
5844,8165
5845,7266.5
5846,6368
5847,7266.5
5848,8464.6
5849,11160.1
5850,13107
5851,12507.9
5852,11459.7
5853,9363.1
5854,8165
5855,4570.9
5856,1426
5857,827.1
5858,377.8
5859,377.8
5860,827.2
5861,4272.5
5862,14308.9
5863,15207.7
5864,14608.5
5865,12810.9
5866,11612.6
5867,9365.6
5868,8167.2
5869,7268.5
5870,6369.7
5871,7268.5
5872,8466.8
5873,11163.2
5874,13110.5
5875,12511.4
5876,11462.8
5877,9365.6
5878,8167.2
5879,4572.1
5880,1426.4
5881,827.3
5882,377.8
5883,377.8
5884,827.4
5885,4273.8
5886,14313.5
5887,15212.6
5888,14613.2
5889,12815.1
5890,11616.3
5891,9368.6
5892,8169.8
5893,7270.8
5894,6371.7
5895,7270.8
5896,8469.5
5897,11166.8
5898,13114.8
5899,12515.4
5900,11466.5
5901,9368.6
5902,8169.8
5903,4573.5
5904,1426.8
5905,827.5
5906,377.9
5907,377.9
5908,827.6
5909,4275.4
5910,14318.8
5911,15218.3
5912,14618.6
5913,12819.8
5914,11620.6
5915,9372.1
5916,8172.8
5917,7273.4
5918,6374
5919,7273.4
5920,8472.6
5921,11170.9
5922,13119.6
5923,12520
5924,11470.7
5925,9372.1
5926,8172.8
5927,4575.2
5928,1427.2
5929,827.8
5930,378
5931,378
5932,827.9
5933,4277.1
5934,14324.8
5935,15224.6
5936,14624.8
5937,12825.2
5938,11625.4
5939,9376
5940,8176.2
5941,7276.4
5942,6376.6
5943,7276.4
5944,8476.2
5945,11175.5
5946,13125.1
5947,12525.2
5948,11475.5
5949,9376
5950,8176.2
5951,4577
5952,1427.7
5953,828.1
5954,378
5955,378
5956,828.1
5957,4279
5958,14331.5
5959,15231.8
5960,14631.6
5961,12831.2
5962,11630.9
5963,9380.3
5964,8180
5965,7279.8
5966,6379.6
5967,7279.8
5968,8480.1
5969,11180.8
5970,13131.2
5971,12531.1
5972,11480.8
5973,9380.3
5974,8180
5975,4579.1
5976,1428.3
5977,828.4
5978,378.1
5979,378.1
5980,828.5
5981,4281.1
5982,14338.9
5983,15239.6
5984,14639.2
5985,12837.8
5986,11636.8
5987,9385.1
5988,8184.2
5989,7283.5
5990,6382.8
5991,7283.5
5992,8484.4
5993,11186.5
5994,13138
5995,12537.5
5996,11486.7
5997,9385.1
5998,8184.2
5999,4581.4
6000,1428.9
6001,828.7
6002,378.2
6003,378.2
6004,828.8
6005,4283.5
6006,14347
6007,15248.2
6008,14647.4
6009,12845
6010,11643.4
6011,9390.4
6012,8188.7
6013,7287.5
6014,6386.3
6015,7287.5
6016,8489.1
6017,11192.8
6018,13145.4
6019,12544.6
6020,11493.2
6021,9390.4
6022,8188.7
6023,4583.9
6024,1429.6
6025,829.1
6026,378.3
6027,378.3
6028,829.2
6029,4286
6030,14355.8
6031,15257.6
6032,14656.4
6033,12852.8
6034,11650.5
6035,9396
6036,8193.7
6037,7291.9
6038,6390.1
6039,7291.9
6040,8494.3
6041,11199.6
6042,13153.4
6043,12552.3
6044,11500.2
6045,9396
6046,8193.7
6047,4586.6
6048,1430.4
6049,829.5
6050,378.4
6051,378.4
6052,829.6
6053,4288.7
6054,14365.3
6055,15267.6
6056,14666.1
6057,12861.3
6058,11658.1
6059,9402.2
6060,8199
6061,7296.6
6062,6394.3
6063,7296.6
6064,8499.8
6065,11206.9
6066,13162.1
6067,12560.5
6068,11507.7
6069,9402.2
6070,8199
6071,4589.5
6072,1431.2
6073,829.9
6074,378.5
6075,378.5
6076,830
6077,4291.6
6078,14375.4
6079,15278.4
6080,14676.4
6081,12870.4
6082,11666.3
6083,9408.8
6084,8204.7
6085,7301.7
6086,6398.7
6087,7301.7
6088,8505.7
6089,11214.8
6090,13171.4
6091,12569.4
6092,11515.8
6093,9408.8
6094,8204.7
6095,4592.6
6096,1432
6097,830.3
6098,378.6
6099,378.6
6100,830.5
6101,4294.7
6102,14386.2
6103,15290
6104,14687.5
6105,12880
6106,11675.1
6107,9415.8
6108,8210.8
6109,7307.1
6110,6403.4
6111,7307.1
6112,8512.1
6113,11223.2
6114,13181.3
6115,12578.8
6116,11524.5
6117,9415.8
6118,8210.8
6119,4596
6120,1433
6121,830.8
6122,378.7
6123,378.7
6124,831
6125,4298
6126,14397.8
6127,15302.2
6128,14699.2
6129,12890.3
6130,11684.4
6131,9423.3
6132,8217.3
6133,7312.9
6134,6408.4
6135,7312.9
6136,8518.8
6137,11232.2
6138,13191.8
6139,12588.8
6140,11533.7
6141,9423.3
6142,8217.3
6143,4599.5
6144,1433.9
6145,831.3
6146,378.9
6147,378.9
6148,831.5
6149,4301.5
6150,14409.9
6151,15315.2
6152,14711.7
6153,12901.2
6154,11694.2
6155,9431.2
6156,8224.2
6157,7319
6158,6413.7
6159,7319
6160,8525.9
6161,11241.6
6162,13203
6163,12599.5
6164,11543.4
6165,9431.2
6166,8224.2
6167,4603.3
6168,1435
6169,831.9
6170,379
6171,379
6172,832
6173,4305.2
6174,14422.8
6175,15328.8
6176,14724.8
6177,12912.7
6178,11704.6
6179,9439.5
6180,8231.4
6181,7325.4
6182,6419.3
6183,7325.4
6184,8533.5
6185,11251.6
6186,13214.7
6187,12610.7
6188,11553.6
6189,9439.5
6190,8231.4
6191,4607.2
6192,1436.1
6193,832.4
6194,379.1
6195,379.1
6196,832.6
6197,4309.1
6198,14436.3
6199,15343.2
6200,14738.6
6201,12924.8
6202,11715.6
6203,9448.3
6204,8239.1
6205,7332.2
6206,6425.2
6207,7332.2
6208,8541.4
6209,11262.1
6210,13227.1
6211,12622.5
6212,11564.4
6213,9448.3
6214,8239.1
6215,4611.4
6216,1437.2
6217,833
6218,379.3
6219,379.3
6220,833.2
6221,4313.2
6222,14450.5
6223,15358.3
6224,14753.1
6225,12937.4
6226,11727
6227,9457.5
6228,8247.1
6229,7339.2
6230,6431.4
6231,7339.2
6232,8549.7
6233,11273.1
6234,13240.1
6235,12634.8
6236,11575.7
6237,9457.5
6238,8247.1
6239,4615.8
6240,1438.4
6241,833.6
6242,379.4
6243,379.4
6244,833.8
6245,4317.4
6246,14465.3
6247,15374.1
6248,14768.2
6249,12950.7
6250,11739
6251,9467.1
6252,8255.4
6253,7346.7
6254,6437.9
6255,7346.7
6256,8558.4
6257,11284.6
6258,13253.6
6259,12647.8
6260,11587.6
6261,9467.1
6262,8255.4
6263,4620.4
6264,1439.7
6265,834.3
6266,379.6
6267,379.6
6268,834.5
6269,4321.9
6270,14480.8
6271,15390.6
6272,14784.1
6273,12964.6
6274,11751.5
6275,9477.2
6276,8264.2
6277,7354.4
6278,6444.7
6279,7354.4
6280,8567.4
6281,11296.7
6282,13267.8
6283,12661.3
6284,11599.9
6285,9477.2
6286,8264.2
6287,4625.1
6288,1441
6289,835
6290,379.8
6291,379.8
6292,835.2
6293,4326.5
6294,14497
6295,15407.7
6296,14800.5
6297,12979
6298,11764.6
6299,9487.6
6300,8273.3
6301,7362.5
6302,6451.7
6303,7362.5
6304,8576.9
6305,11309.2
6306,13282.6
6307,12675.4
6308,11612.8
6309,9487.6
6310,8273.3
6311,4630.1
6312,1442.4
6313,835.7
6314,380
6315,380
6316,835.9
6317,4331.3
6318,14513.7
6319,15425.6
6320,14817.7
6321,12994
6322,11778.2
6323,9498.5
6324,8282.7
6325,7370.9
6326,6459
6327,7370.9
6328,8586.7
6329,11322.2
6330,13297.9
6331,12690
6332,11626.2
6333,9498.5
6334,8282.7
6335,4635.3
6336,1443.8
6337,836.4
6338,380.1
6339,380.1
6340,836.6
6341,4336.4
6342,14531.2
6343,15444.1
6344,14835.5
6345,13009.6
6346,11792.3
6347,9509.8
6348,8292.6
6349,7379.6
6350,6466.6
6351,7379.6
6352,8596.9
6353,11335.8
6354,13313.9
6355,12705.2
6356,11640.1
6357,9509.8
6358,8292.6
6359,4640.7
6360,1445.3
6361,837.2
6362,380.3
6363,380.3
6364,837.4
6365,4341.5
6366,14549.2
6367,15463.3
6368,14853.9
6369,13025.7
6370,11806.9
6371,9521.6
6372,8302.7
6373,7388.6
6374,6474.5
6375,7388.6
6376,8607.4
6377,11349.8
6378,13330.4
6379,12721
6380,11654.5
6381,9521.6
6382,8302.7
6383,4646.3
6384,1446.8
6385,837.9
6386,380.5
6387,380.5
6388,838.2
6389,4346.9
6390,14567.9
6391,15483.2
6392,14873
6393,13042.4
6394,11822
6395,9533.7
6396,8313.3
6397,7398
6398,6482.6
6399,7398
6400,8618.4
6401,11364.3
6402,13347.5
6403,12737.3
6404,11669.4
6405,9533.7
6406,8313.3
6407,4652
6408,1448.4
6409,838.8
6410,380.7
6411,380.7
6412,839
6413,4352.5
6414,14587.2
6415,15503.8
6416,14892.7
6417,13059.7
6418,11837.6
6419,9546.2
6420,8324.2
6421,7407.6
6422,6491.1
6423,7407.6
6424,8629.7
6425,11379.3
6426,13365.2
6427,12754.1
6428,11684.8
6429,9546.2
6430,8324.2
6431,4658
6432,1450.1
6433,839.6
6434,380.9
6435,381
6436,839.9
6437,4358.2
6438,14607.2
6439,15525
6440,14913.1
6441,13077.5
6442,11853.7
6443,9559.2
6444,8335.4
6445,7417.6
6446,6499.8
6447,7417.6
6448,8641.3
6449,11394.8
6450,13383.4
6451,12771.5
6452,11700.7
6453,9559.2
6454,8335.4
6455,4664.1
6456,1451.8
6457,840.5
6458,381.2
6459,381.2
6460,840.7
6461,4364.1
6462,14627.7
6463,15546.8
6464,14934.1
6465,13095.8
6466,11870.3
6467,9572.5
6468,8347
6469,7427.9
6470,6508.7
6471,7427.9
6472,8653.4
6473,11410.8
6474,13402.2
6475,12789.4
6476,11717.1
6477,9572.5
6478,8347
6479,4670.5
6480,1453.5
6481,841.4
6482,381.4
6483,381.4
6484,841.6
6485,4370.2
6486,14648.9
6487,15569.3
6488,14955.7
6489,13114.7
6490,11887.4
6491,9586.2
6492,8358.9
6493,7438.4
6494,6518
6495,7438.4
6496,8665.7
6497,11427.2
6498,13421.6
6499,12807.9
6500,11734
6501,9586.2
6502,8358.9
6503,4677
6504,1455.3
6505,842.3
6506,381.6
6507,381.6
6508,842.6
6509,4376.4
6510,14670.6
6511,15592.5
6512,14977.9
6513,13134.2
6514,11905
6515,9600.3
6516,8371.2
6517,7449.3
6518,6527.4
6519,7449.3
6520,8678.5
6521,11444.1
6522,13441.5
6523,12826.9
6524,11751.4
6525,9600.3
6526,8371.2
6527,4683.7
6528,1457.2
6529,843.2
6530,381.9
6531,381.9
6532,843.5
6533,4382.8
6534,14693
6535,15616.2
6536,15000.7
6537,13154.1
6538,11923.1
6539,9614.8
6540,8383.8
6541,7460.5
6542,6537.2
6543,7460.5
6544,8691.5
6545,11461.4
6546,13461.9
6547,12846.4
6548,11769.2
6549,9614.8
6550,8383.8
6551,4690.6
6552,1459.1
6553,844.2
6554,382.1
6555,382.1
6556,844.5
6557,4389.4
6558,14715.9
6559,15640.6
6560,15024.1
6561,13174.6
6562,11941.6
6563,9629.7
6564,8396.7
6565,7471.9
6566,6547.2
6567,7471.9
6568,8705
6569,11479.2
6570,13482.9
6571,12866.4
6572,11787.5
6573,9629.7
6574,8396.7
6575,4697.7
6576,1461
6577,845.2
6578,382.3
6579,382.4
6580,845.5
6581,4396.2
6582,14739.4
6583,15665.7
6584,15048.1
6585,13195.6
6586,11960.6
6587,9645
6588,8410
6589,7483.7
6590,6557.4
6591,7483.7
6592,8718.7
6593,11497.5
6594,13504.4
6595,12886.9
6596,11806.2
6597,9645
6598,8410
6599,4704.9
6600,1463
6601,846.2
6602,382.6
6603,382.6
6604,846.5
6605,4403.1
6606,14763.5
6607,15691.3
6608,15072.7
6609,13217.1
6610,11980.1
6611,9660.6
6612,8423.5
6613,7495.7
6614,6567.9
6615,7495.7
6616,8732.8
6617,11516.2
6618,13526.4
6619,12907.9
6620,11825.5
6621,9660.6
6622,8423.5
6623,4712.4
6624,1465.1
6625,847.2
6626,382.9
6627,382.9
6628,847.5
6629,4410.2
6630,14788.1
6631,15717.5
6632,15097.9
6633,13239.2
6634,12000
6635,9676.6
6636,8437.4
6637,7508.1
6638,6578.7
6639,7508.1
6640,8747.2
6641,11535.3
6642,13549
6643,12929.4
6644,11845.1
6645,9676.6
6646,8437.4
6647,4720
6648,1467.2
6649,848.3
6650,383.1
6651,383.1
6652,848.6
6653,4417.4
6654,14813.3
6655,15744.3
6656,15123.7
6657,13261.7
6658,12020.4
6659,9693
6660,8451.7
6661,7520.7
6662,6589.7
6663,7520.7
6664,8762
6665,11554.9
6666,13572
6667,12951.4
6668,11865.2
6669,9693
6670,8451.7
6671,4727.7
6672,1469.3
6673,849.4
6674,383.4
6675,383.4
6676,849.7
6677,4424.8
6678,14839.1
6679,15771.7
6680,15150
6681,13284.7
6682,12041.2
6683,9709.7
6684,8466.2
6685,7533.6
6686,6600.9
6687,7533.6
6688,8777
6689,11574.9
6690,13595.6
6691,12973.8
6692,11885.8
6693,9709.7
6694,8466.2
6695,4735.7
6696,1471.5
6697,850.5
6698,383.7
6699,383.7
6700,850.8
6701,4432.4
6702,14865.4
6703,15799.7
6704,15176.8
6705,13308.2
6706,12062.5
6707,9726.7
6708,8481
6709,7546.7
6710,6612.4
6711,7546.7
6712,8792.4
6713,11595.3
6714,13619.7
6715,12996.8
6716,11906.8
6717,9726.7
6718,8481
6719,4743.8
6720,1473.7
6721,851.6
6722,384
6723,384
6724,852
6725,4440.1
6726,14892.2
6727,15828.2
6728,15204.2
6729,13332.2
6730,12084.2
6731,9744.2
6732,8496.1
6733,7560.1
6734,6624.1
6735,7560.1
6736,8808.1
6737,11616.2
6738,13644.2
6739,13020.2
6740,11928.2
6741,9744.2
6742,8496.1
6743,4752.1
6744,1476
6745,852.8
6746,384.3
6747,384.3
6748,853.1
6749,4447.9
6750,14919.6
6751,15857.4
6752,15232.2
6753,13356.7
6754,12106.3
6755,9761.9
6756,8511.6
6757,7573.8
6758,6636
6759,7573.8
6760,8824.2
6761,11637.4
6762,13669.2
6763,13044.1
6764,11950
6765,9761.9
6766,8511.6
6767,4760.5
6768,1478.4
6769,854
6770,384.6
6771,384.6
6772,854.3
6773,4455.9
6774,14947.5
6775,15887
6776,15260.7
6777,13381.6
6778,12128.9
6779,9780
6780,8527.3
6781,7587.7
6782,6648.2
6783,7587.7
6784,8840.5
6785,11659.1
6786,13694.8
6787,13068.4
6788,11972.3
6789,9780
6790,8527.3
6791,4769.1
6792,1480.7
6793,855.2
6794,384.9
6795,384.9
6796,855.5
6797,4464.1
6798,14975.9
6799,15917.2
6800,15289.7
6801,13407
6802,12151.8
6803,9798.4
6804,8543.3
6805,7601.9
6806,6660.6
6807,7601.9
6808,8857.1
6809,11681.1
6810,13720.7
6811,13093.2
6812,11994.9
6813,9798.4
6814,8543.3
6815,4777.9
6816,1483.1
6817,856.4
6818,385.2
6819,385.2
6820,856.8
6821,4472.4
6822,15004.8
6823,15948
6824,15319.2
6825,13432.8
6826,12175.2
6827,9817.2
6828,8559.6
6829,7616.4
6830,6673.2
6831,7616.4
6832,8874
6833,11703.6
6834,13747.2
6835,13118.4
6836,12018
6837,9817.2
6838,8559.6
6839,4786.8
6840,1485.6
6841,857.6
6842,385.5
6843,385.5
6844,858
6845,4480.8
6846,15034.2
6847,15979.2
6848,15349.2
6849,13459
6850,12198.9
6851,9836.3
6852,8576.2
6853,7631.1
6854,6686
6855,7631.1
6856,8891.2
6857,11726.4
6858,13774.1
6859,13144
6860,12041.4
6861,9836.3
6862,8576.2
6863,4795.9
6864,1488.1
6865,858.9
6866,385.8
6867,385.8
6868,859.3
6869,4489.4
6870,15064
6871,16011
6872,15379.7
6873,13485.7
6874,12223.1
6875,9855.7
6876,8593
6877,7646
6878,6699
6879,7646
6880,8908.7
6881,11749.6
6882,13801.4
6883,13170.1
6884,12065.3
6885,9855.7
6886,8593
6887,4805.1
6888,1490.6
6889,860.2
6890,386.1
6891,386.1
6892,860.6
6893,4498.1
6894,15094.4
6895,16043.3
6896,15410.7
6897,13512.9
6898,12247.6
6899,9875.4
6900,8610.1
6901,7661.2
6902,6712.3
6903,7661.2
6904,8926.4
6905,11773.2
6906,13829.2
6907,13196.6
6908,12089.5
6909,9875.4
6910,8610.1
6911,4814.4
6912,1493.2
6913,861.5
6914,386.4
6915,386.5
6916,861.9
6917,4507
6918,15125.2
6919,16076.1
6920,15442.2
6921,13540.4
6922,12272.6
6923,9895.4
6924,8627.5
6925,7676.6
6926,6725.7
6927,7676.6
6928,8944.5
6929,11797.1
6930,13857.4
6931,13223.5
6932,12114.1
6933,9895.4
6934,8627.5
6935,4824
6936,1495.9
6937,862.8
6938,386.8
6939,386.8
6940,863.2
6941,4516
6942,15156.5
6943,16109.4
6944,15474.1
6945,13568.4
6946,12297.9
6947,9915.7
6948,8645.1
6949,7692.3
6950,6739.4
6951,7692.3
6952,8962.8
6953,11821.4
6954,13886
6955,13250.7
6956,12139
6957,9915.7
6958,8645.1
6959,4833.6
6960,1498.5
6961,864.2
6962,387.1
6963,387.1
6964,864.6
6965,4525.1
6966,15188.2
6967,16143.2
6968,15506.5
6969,13596.7
6970,12323.5
6971,9936.2
6972,8663
6973,7708.1
6974,6753.2
6975,7708.1
6976,8981.3
6977,11846.1
6978,13915
6979,13278.4
6980,12164.4
6981,9936.2
6982,8663
6983,4843.4
6984,1501.2
6985,865.5
6986,387.5
6987,387.5
6988,865.9
6989,4534.3
6990,15220.4
6991,16177.4
6992,15539.4
6993,13625.5
6994,12349.5
6995,9957.1
6996,8681.2
6997,7724.2
6998,6767.3
6999,7724.2
7000,9000.2
7001,11871
7002,13944.5
7003,13306.5
7004,12190
7005,9957.1
7006,8681.2
7007,4853.3
7008,1504
7009,866.9
7010,387.8
7011,387.8
7012,867.3
7013,4543.7
7014,15253
7015,16212.1
7016,15572.7
7017,13654.6
7018,12375.9
7019,9978.3
7020,8699.6
7021,7740.5
7022,6781.5
7023,7740.5
7024,9019.2
7025,11896.4
7026,13974.3
7027,13334.9
7028,12216
7029,9978.3
7030,8699.6
7031,4863.4
7032,1506.7
7033,868.3
7034,388.2
7035,388.2
7036,868.7
7037,4553.2
7038,15286
7039,16247.2
7040,15606.4
7041,13684.1
7042,12402.6
7043,9999.7
7044,8718.2
7045,7757
7046,6795.9
7047,7757
7048,9038.6
7049,11922
7050,14004.5
7051,13363.7
7052,12242.4
7053,9999.7
7054,8718.2
7055,4873.6
7056,1509.5
7057,869.7
7058,388.5
7059,388.5
7060,870.1
7061,4562.8
7062,15319.5
7063,16282.8
7064,15640.6
7065,13714
7066,12429.6
7067,10021.4
7068,8737
7069,7773.7
7070,6810.5
7071,7773.7
7072,9058.1
7073,11948
7074,14035.1
7075,13392.9
7076,12269.1
7077,10021.4
7078,8737
7079,4883.9
7080,1512.4
7081,871.2
7082,388.9
7083,388.9
7084,871.6
7085,4572.5
7086,15353.3
7087,16318.8
7088,15675.1
7089,13744.2
7090,12457
7091,10043.4
7092,8756.1
7093,7790.7
7094,6825.2
7095,7790.7
7096,9077.9
7097,11974.3
7098,14066.1
7099,13422.4
7100,12296.1
7101,10043.4
7102,8756.1
7103,4894.3
7104,1515.3
7105,872.6
7106,389.2
7107,389.2
7108,873
7109,4582.3
7110,15387.5
7111,16355.2
7112,15710.1
7113,13774.8
7114,12484.6
7115,10065.6
7116,8775.4
7117,7807.8
7118,6840.1
7119,7807.8
7120,9097.9
7121,12000.8
7122,14097.4
7123,13452.3
7124,12323.4
7125,10065.6
7126,8775.4
7127,4904.9
7128,1518.2
7129,874.1
7130,389.6
7131,389.6
7132,874.5
7133,4592.3
7134,15422.1
7135,16392
7136,15745.4
7137,13805.7
7138,12512.6
7139,10088
7140,8794.9
7141,7825.1
7142,6855.2
7143,7825.1
7144,9118.2
7145,12027.7
7146,14129
7147,13482.5
7148,12351
7149,10088
7150,8794.9
7151,4915.6
7152,1521.1
7153,875.6
7154,390
7155,390
7156,876
7157,4602.3
7158,15457.1
7159,16429.2
7160,15781.2
7161,13837
7162,12540.9
7163,10110.7
7164,8814.6
7165,7842.6
7166,6870.5
7167,7842.6
7168,9138.7
7169,12054.9
7170,14161
7171,13513
7172,12378.9
7173,10110.7
7174,8814.6
7175,4926.4
7176,1524.1
7177,877.1
7178,390.3
7179,390.4
7180,877.5
7181,4612.5
7182,15492.5
7183,16466.8
7184,15817.2
7185,13868.6
7186,12569.5
7187,10133.7
7188,8834.6
7189,7860.2
7190,6885.9
7191,7860.2
7192,9159.3
7193,12082.3
7194,14193.4
7195,13543.8
7196,12407.1
7197,10133.7
7198,8834.6
7199,4937.3
7200,1527.1
7201,878.6
7202,390.7
7203,390.7
7204,879
7205,4622.7
7206,15528.2
7207,16504.8
7208,15853.7
7209,13900.5
7210,12598.3
7211,10156.8
7212,8854.7
7213,7878.1
7214,6901.5
7215,7878.1
7216,9180.2
7217,12110
7218,14226
7219,13574.9
7220,12435.6
7221,10156.8
7222,8854.7
7223,4948.3
7224,1530.1
7225,880.1
7226,391.1
7227,391.1
7228,880.6
7229,4633.1
7230,15564.2
7231,16543.1
7232,15890.5
7233,13932.7
7234,12627.5
7235,10180.2
7236,8875
7237,7896.1
7238,6917.2
7239,7896.1
7240,9201.3
7241,12138
7242,14259
7243,13606.4
7244,12464.3
7245,10180.2
7246,8875
7247,4959.4
7248,1533.2
7249,881.6
7250,391.5
7251,391.5
7252,882.1
7253,4643.5
7254,15600.5
7255,16581.8
7256,15927.6
7257,13965.2
7258,12656.9
7259,10203.8
7260,8895.5
7261,7914.3
7262,6933
7263,7914.3
7264,9222.6
7265,12166.2
7266,14292.2
7267,13638.1
7268,12493.3
7269,10203.8
7270,8895.5
7271,4970.6
7272,1536.3
7273,883.2
7274,391.9
7275,391.9
7276,883.7
7277,4654
7278,15637.2
7279,16620.8
7280,15965.1
7281,13997.9
7282,12686.5
7283,10227.6
7284,8916.2
7285,7932.6
7286,6949
7287,7932.6
7288,9244
7289,12194.7
7290,14325.8
7291,13670.1
7292,12522.6
7293,10227.6
7294,8916.2
7295,4981.9
7296,1539.4
7297,884.8
7298,392.3
7299,392.3
7300,885.2
7301,4664.7
7302,15674.2
7303,16660.1
7304,16002.8
7305,14031
7306,12716.4
7307,10251.6
7308,8937
7309,7951.1
7310,6965.2
7311,7951.1
7312,9265.7
7313,12223.5
7314,14359.6
7315,13702.3
7316,12552.1
7317,10251.6
7318,8937
7319,4993.3
7320,1542.6
7321,886.3
7322,392.7
7323,392.7
7324,886.8
7325,4675.4
7326,15711.5
7327,16699.8
7328,16040.9
7329,14064.3
7330,12746.6
7331,10275.8
7332,8958
7333,7969.7
7334,6981.4
7335,7969.7
7336,9287.5
7337,12252.4
7338,14393.7
7339,13734.9
7340,12581.8
7341,10275.8
7342,8958
7343,5004.8
7344,1545.7
7345,887.9
7346,393.1
7347,393.1
7348,888.4
7349,4686.2
7350,15749
7351,16739.7
7352,16079.3
7353,14097.9
7354,12776.9
7355,10300.2
7356,8979.2
7357,7988.5
7358,6997.8
7359,7988.5
7360,9309.5
7361,12281.6
7362,14428.1
7363,13767.6
7364,12611.8
7365,10300.2
7366,8979.2
7367,5016.4
7368,1548.9
7369,889.5
7370,393.5
7371,393.5
7372,890
7373,4697
7374,15786.9
7375,16780
7376,16117.9
7377,14131.7
7378,12807.5
7379,10324.7
7380,9000.6
7381,8007.4
7382,7014.3
7383,8007.4
7384,9331.6
7385,12311
7386,14462.7
7387,13800.6
7388,12642
7389,10324.7
7390,9000.6
7391,5028.1
7392,1552.2
7393,891.2
7394,393.9
7395,393.9
7396,891.7
7397,4708
7398,15825
7399,16820.5
7400,16156.8
7401,14165.7
7402,12838.3
7403,10349.4
7404,9022
7405,8026.5
7406,7030.9
7407,8026.5
7408,9353.9
7409,12340.5
7410,14497.6
7411,13833.9
7412,12672.4
7413,10349.4
7414,9022
7415,5039.8
7416,1555.4
7417,1558
7418,893.3
7419,394.3
7420,394.3
7421,893.3
7422,4719
7423,15863.3
7424,16861.3
7425,16196
7426,14200
7427,12869.3
7428,10374.3
7429,9043.7
7430,8045.7
7431,7047.7
7432,8045.7
7433,9376.3
7434,12370.3
7435,14532.7
7436,13867.3
7437,12703
7438,10374.3
7439,9043.7
7440,5051.7
7441,1561.3
7442,895
7443,394.7
7444,394.7
7445,895
7446,4730.1
7447,15901.9
7448,16902.4
7449,16235.4
7450,14234.5
7451,12900.5
7452,10399.4
7453,9065.4
7454,8065
7455,7064.5
7456,8065
7457,9398.9
7458,12400.3
7459,14568
7460,13901
7461,12733.8
7462,10399.4
7463,9065.4
7464,5063.6
7465,1564.6
7466,896.6
7467,395.2
7468,395.2
7469,896.6
7470,4741.2
7471,15940.7
7472,16943.7
7473,16275.1
7474,14269.2
7475,12931.9
7476,10424.6
7477,9087.3
7478,8084.4
7479,7081.4
7480,8084.4
7481,9421.6
7482,12430.4
7483,14603.5
7484,13934.9
7485,12764.8
7486,10424.6
7487,9087.3
7488,5075.6
7489,1567.9
7490,898.3
7491,395.6
7492,395.6
7493,898.3
7494,4752.5
7495,15979.8
7496,16985.2
7497,16314.9
7498,14304.1
7499,12963.5
7500,10449.9
7501,9109.3
7502,8103.9
7503,7098.5
7504,8103.9
7505,9444.5
7506,12460.8
7507,14639.2
7508,13968.9
7509,12795.9
7510,10449.9
7511,9109.3
7512,5087.6
7513,1571.3
7514,899.9
7515,396
7516,396
7517,900
7518,4763.7
7519,16019
7520,17027
7521,16355
7522,14339.1
7523,12995.2
7524,10475.4
7525,9131.5
7526,8123.5
7527,7115.6
7528,8123.5
7529,9467.4
7530,12491.2
7531,14675.1
7532,14003.1
7533,12827.2
7534,10475.4
7535,9131.5
7536,5099.7
7537,1574.6
7538,901.6
7539,396.4
7540,396.4
7541,901.6
7542,4775.1
7543,16058.5
7544,17068.9
7545,16395.3
7546,14374.4
7547,13027.1
7548,10501
7549,9153.7
7550,8143.2
7551,7132.8
7552,8143.2
7553,9490.5
7554,12521.9
7555,14711.2
7556,14037.5
7557,12858.7
7558,10501
7559,9153.7
7560,5111.9
7561,1578
7562,903.3
7563,396.8
7564,396.8
7565,903.3
7566,4786.4
7567,16098.1
7568,17111.1
7569,16435.7
7570,14409.8
7571,13059.1
7572,10526.7
7573,9176
7574,8163
7575,7150.1
7576,8163
7577,9513.7
7578,12552.6
7579,14747.4
7580,14072.1
7581,12890.3
7582,10526.7
7583,9176
7584,5124.1
7585,1581.4
7586,905
7587,397.3
7588,397.3
7589,905
7590,4797.9
7591,16137.9
7592,17153.4
7593,16476.4
7594,14445.3
7595,13091.3
7596,10552.5
7597,9198.5
7598,8182.9
7599,7167.4
7600,8182.9
7601,9537
7602,12583.5
7603,14783.8
7604,14106.8
7605,12922
7606,10552.5
7607,9198.5
7608,5136.4
7609,1584.8
7610,906.7
7611,397.7
7612,397.7
7613,906.7
7614,4809.3
7615,16177.8
7616,17195.9
7617,16517.2
7618,14481
7619,13123.6
7620,10578.4
7621,9221
7622,8202.9
7623,7184.8
7624,8202.9
7625,9560.3
7626,12614.6
7627,14820.4
7628,14141.7
7629,12953.9
7630,10578.4
7631,9221
7632,5148.7
7633,1588.2
7634,908.4
7635,398.1
7636,398.1
7637,908.4
7638,4820.9
7639,16217.9
7640,17238.5
7641,16558.1
7642,14516.9
7643,13156
7644,10604.4
7645,9243.6
7646,8223
7647,7202.3
7648,8223
7649,9583.8
7650,12645.7
7651,14857.1
7652,14176.6
7653,12985.9
7654,10604.4
7655,9243.6
7656,5161.1
7657,1591.6
7658,910.1
7659,398.5
7660,398.5
7661,910.1
7662,4832.4
7663,16258.1
7664,17281.3
7665,16599.2
7666,14552.8
7667,13188.5
7668,10630.5
7669,9266.3
7670,8243.1
7671,7219.9
7672,8243.1
7673,9607.3
7674,12676.9
7675,14893.9
7676,14211.7
7677,13018
7678,10630.5
7679,9266.3
7680,5173.5
7681,1595
7682,911.8
7683,399
7684,399
7685,911.8
7686,4844
7687,16298.5
7688,17324.3
7689,16640.4
7690,14588.9
7691,13221.2
7692,10656.7
7693,9289
7694,8263.3
7695,7237.5
7696,8263.3
7697,9631
7698,12708.3
7699,14930.8
7700,14246.9
7701,13050.2
7702,10656.7
7703,9289
7704,5185.9
7705,1598.5
7706,913.6
7707,399.4
7708,399.4
7709,913.6
7710,4855.6
7711,16339
7712,17367.3
7713,16681.7
7714,14625
7715,13253.9
7716,10683
7717,9311.8
7718,8283.5
7719,7255.1
7720,8283.5
7721,9654.6
7722,12739.7
7723,14967.8
7724,14282.2
7725,13082.5
7726,10683
7727,9311.8
7728,5198.4
7729,1601.9
7730,915.3
7731,399.8
7732,399.8
7733,915.3
7734,4867.3
7735,16379.5
7736,17410.5
7737,16723.2
7738,14661.3
7739,13286.7
7740,10709.3
7741,9334.7
7742,8303.8
7743,7272.8
7744,8303.8
7745,9678.4
7746,12771.2
7747,15004.9
7748,14317.6
7749,13114.9
7750,10709.3
7751,9334.7
7752,5210.9
7753,1605.4
7754,917
7755,400.3
7756,400.3
7757,917
7758,4878.9
7759,16420.2
7760,17453.7
7761,16764.7
7762,14697.6
7763,13319.5
7764,10735.7
7765,9357.6
7766,8324.1
7767,7290.6
7768,8324.1
7769,9702.2
7770,12802.8
7771,15042.1
7772,14353.1
7773,13147.3
7774,10735.7
7775,9357.6
7776,5223.5
7777,1608.8
7778,918.7
7779,400.7
7780,400.7
7781,918.8
7782,4890.6
7783,16460.9
7784,17497
7785,16806.3
7786,14734
7787,13352.5
7788,10762.1
7789,9380.6
7790,8344.5
7791,7308.3
7792,8344.5
7793,9726
7794,12834.4
7795,15079.4
7796,14388.6
7797,13179.8
7798,10762.1
7799,9380.6
7800,5236
7801,1612.3
7802,920.5
7803,401.1
7804,401.1
7805,920.5
7806,4902.4
7807,16501.7
7808,17540.4
7809,16847.9
7810,14770.5
7811,13385.5
7812,10788.6
7813,9403.6
7814,8364.9
7815,7326.1
7816,8364.9
7817,9749.8
7818,12866.1
7819,15116.7
7820,14424.2
7821,13212.3
7822,10788.6
7823,9403.6
7824,5248.6
7825,1615.8
7826,922.2
7827,401.6
7828,401.6
7829,922.2
7830,4914.1
7831,16542.5
7832,17583.9
7833,16889.7
7834,14806.9
7835,13418.5
7836,10815.1
7837,9426.6
7838,8385.3
7839,7343.9
7840,8385.3
7841,9773.7
7842,12897.8
7843,15154.1
7844,14459.8
7845,13244.9
7846,10815.1
7847,9426.6
7848,5261.2
7849,1619.3
7850,924
7851,402
7852,402
7853,924
7854,4925.8
7855,16583.4
7856,17627.4
7857,16931.4
7858,14843.5
7859,13451.5
7860,10841.6
7861,9449.7
7862,8405.7
7863,7361.8
7864,8405.7
7865,9797.7
7866,12929.5
7867,15191.5
7868,14495.5
7869,13277.5
7870,10841.6
7871,9449.7
7872,5273.8
7873,1622.7
7874,925.7
7875,402.4
7876,402.4
7877,925.7
7878,4937.6
7879,16624.3
7880,17670.9
7881,16973.2
7882,14880
7883,13484.6
7884,10868.2
7885,9472.7
7886,8426.2
7887,7379.6
7888,8426.2
7889,9821.6
7890,12961.3
7891,15228.9
7892,14531.2
7893,13310.2
7894,10868.2
7895,9472.7
7896,5286.4
7897,1626.2
7898,927.4
7899,402.9
7900,402.9
7901,927.5
7902,4949.3
7903,16665.2
7904,17714.4
7905,17015
7906,14916.6
7907,13517.7
7908,10894.7
7909,9495.8
7910,8446.6
7911,7397.4
7912,8446.6
7913,9845.5
7914,12993.1
7915,15266.3
7916,14566.9
7917,13342.8
7918,10894.7
7919,9495.8
7920,5299.1
7921,1629.7
7922,929.2
7923,403.3
7924,403.3
7925,929.2
7926,4961.1
7927,16706.2
7928,17758
7929,17056.8
7930,14953.2
7931,13550.8
7932,10921.3
7933,9518.9
7934,8467.1
7935,7415.3
7936,8467.1
7937,9869.5
7938,13024.9
7939,15303.8
7940,14602.6
7941,13375.5
7942,10921.3
7943,9518.9
7944,5311.7
7945,1633.2
7946,930.9
7947,403.7
7948,403.7
7949,930.9
7950,4972.8
7951,16747.1
7952,17801.5
7953,17098.6
7954,14989.7
7955,13583.9
7956,10947.8
7957,9542
7958,8487.5
7959,7433.1
7960,8487.5
7961,9893.4
7962,13056.7
7963,15341.2
7964,14638.3
7965,13408.1
7966,10947.8
7967,9542
7968,5324.3
7969,1636.7
7970,932.7
7971,404.2
7972,404.2
7973,932.7
7974,4984.6
7975,16788
7976,17845
7977,17140.3
7978,15026.3
7979,13616.9
7980,10974.4
7981,9565
7982,8508
7983,7451
7984,8508
7985,9917.4
7986,13088.4
7987,15378.6
7988,14673.9
7989,13440.8
7990,10974.4
7991,9565
7992,5336.9
7993,1640.1
7994,934.4
7995,404.6
7996,404.6
7997,934.4
7998,4996.3
7999,16828.8
8000,17888.5
8001,17182.1
8002,15062.8
8003,13650
8004,11000.9
8005,9588.1
8006,8528.4
8007,7468.8
8008,8528.4
8009,9941.3
8010,13120.1
8011,15416
8012,14709.6
8013,13473.4
8014,11000.9
8015,9588.1
8016,5349.5
8017,1643.6
8018,936.1
8019,405
8020,405
8021,936.2
8022,5008.1
8023,16869.7
8024,17931.9
8025,17223.7
8026,15099.3
8027,13683
8028,11027.4
8029,9611.1
8030,8548.8
8031,7486.6
8032,8548.8
8033,9965.1
8034,13151.8
8035,15453.3
8036,14745.2
8037,13505.9
8038,11027.4
8039,9611.1
8040,5362.1
8041,1647.1
8042,937.9
8043,405.5
8044,405.5
8045,937.9
8046,5019.8
8047,16910.4
8048,17975.2
8049,17265.4
8050,15135.7
8051,13715.9
8052,11053.8
8053,9634
8054,8569.2
8055,7504.4
8056,8569.2
8057,9989
8058,13183.5
8059,15490.6
8060,14780.7
8061,13538.4
8062,11053.8
8063,9634
8064,5374.7
8065,1650.6
8066,939.6
8067,405.9
8068,405.9
8069,939.6
8070,5031.4
8071,16951.1
8072,18018.5
8073,17306.9
8074,15172
8075,13748.8
8076,11080.2
8077,9657
8078,8589.6
8079,7522.1
8080,8589.6
8081,10012.8
8082,13215.1
8083,15527.9
8084,14816.2
8085,13570.9
8086,11080.2
8087,9657
8088,5387.3
8089,1654
8090,941.3
8091,406.3
8092,406.3
8093,941.3
8094,5043.1
8095,16991.7
8096,18061.7
8097,17348.4
8098,15208.3
8099,13781.6
8100,11106.6
8101,9679.9
8102,8609.9
8103,7539.8
8104,8609.9
8105,10036.5
8106,13246.6
8107,15565
8108,14851.7
8109,13603.3
8110,11106.6
8111,9679.9
8112,5399.8
8113,1657.5
8114,943.1
8115,406.8
8116,406.8
8117,943.1
8118,5054.7
8119,17032.2
8120,18104.8
8121,17389.7
8122,15244.5
8123,13814.4
8124,11132.9
8125,9702.7
8126,8630.1
8127,7557.5
8128,8630.1
8129,10060.3
8130,13278.1
8131,15602.1
8132,14887
8133,13635.6
8134,11132.9
8135,9702.7
8136,5412.3
8137,1660.9
8138,944.8
8139,407.2
8140,407.2
8141,944.8
8142,5066.4
8143,17072.6
8144,18147.8
8145,17431
8146,15280.6
8147,13847.1
8148,11159.1
8149,9725.5
8150,8650.3
8151,7575.1
8152,8650.3
8153,10083.9
8154,13309.5
8155,15639
8156,14922.2
8157,13667.9
8158,11159.1
8159,9725.5
8160,5424.7
8161,1664.3
8162,946.5
8163,407.6
8164,407.6
8165,946.5
8166,5077.9
8167,17112.9
8168,18190.7
8169,17472.2
8170,15316.6
8171,13879.6
8172,11185.2
8173,9748.2
8174,8670.5
8175,7592.7
8176,8670.5
8177,10107.5
8178,13340.7
8179,15675.9
8180,14957.4
8181,13700
8182,11185.2
8183,9748.2
8184,5437.2
8185,1667.7
8186,948.2
8187,408.1
8188,408.1
8189,948.2
8190,5089.5
8191,17153.1
8192,18233.4
8193,17513.2
8194,15352.5
8195,13912.1
8196,11211.3
8197,9770.9
8198,8690.5
8199,7610.2
8200,8690.5
8201,10131
8202,13371.9
8203,15712.6
8204,14992.4
8205,13732
8206,11211.3
8207,9770.9
8208,5449.6
8209,1671.2
8210,949.9
8211,408.5
8212,408.5
8213,949.9
8214,5101
8215,17193.1
8216,18276
8217,17554
8218,15388.3
8219,13944.4
8220,11237.2
8221,9793.4
8222,8710.5
8223,7627.7
8224,8710.5
8225,10154.4
8226,13403
8227,15749.2
8228,15027.3
8229,13764
8230,11237.2
8231,9793.4
8232,5461.9
8233,1674.6
8234,951.6
8235,408.9
8236,408.9
8237,951.6
8238,5112.4
8239,17232.9
8240,18318.4
8241,17594.7
8242,15423.9
8243,13976.7
8244,11263.1
8245,9815.9
8246,8730.5
8247,7645.1
8248,8730.5
8249,10177.7
8250,13434
8251,15785.7
8252,15062.1
8253,13795.8
8254,11263.1
8255,9815.9
8256,5474.2
8257,1677.9
8258,953.3
8259,409.3
8260,409.3
8261,953.3
8262,5123.8
8263,17272.6
8264,18360.6
8265,17635.3
8266,15459.4
8267,14008.8
8268,11288.9
8269,9838.3
8270,8750.3
8271,7662.4
8272,8750.3
8273,10200.9
8274,13464.8
8275,15822
8276,15096.7
8277,13827.4
8278,11288.9
8279,9838.3
8280,5486.5
8281,1681.3
8282,955
8283,409.7
8284,409.7
8285,955
8286,5135.2
8287,17312.1
8288,18402.6
8289,17675.6
8290,15494.7
8291,14040.7
8292,11314.5
8293,9860.6
8294,8770.1
8295,7679.6
8296,8770.1
8297,10224
8298,13495.5
8299,15858.2
8300,15131.2
8301,13859
8302,11314.5
8303,9860.6
8304,5498.6
8305,1684.6
8306,956.6
8307,410.2
8308,410.2
8309,956.7
8310,5146.4
8311,17351.5
8312,18444.5
8313,17715.8
8314,15529.8
8315,14072.5
8316,11340
8317,9882.7
8318,8789.7
8319,7696.8
8320,8789.7
8321,10247.1
8322,13526
8323,15894.2
8324,15165.5
8325,13890.3
8326,11340
8327,9882.7
8328,5510.8
8329,1688
8330,958.3
8331,410.6
8332,410.6
8333,958.3
8334,5157.7
8335,17390.6
8336,18486.1
8337,17755.8
8338,15564.8
8339,14104.1
8340,11365.4
8341,9904.8
8342,8809.3
8343,7713.8
8344,8809.3
8345,10269.9
8346,13556.4
8347,15930
8348,15199.6
8349,13921.6
8350,11365.4
8351,9904.8
8352,5522.9
8353,1691.3
8354,960
8355,411
8356,411
8357,960
8358,5168.9
8359,17429.5
8360,18527.5
8361,17795.5
8362,15599.6
8363,14135.6
8364,11390.7
8365,9926.7
8366,8828.8
8367,7730.8
8368,8828.8
8369,10292.7
8370,13586.6
8371,15965.6
8372,15233.6
8373,13952.6
8374,11390.7
8375,9926.7
8376,5534.9
8377,1694.6
8378,961.6
8379,411.4
8380,411.4
8381,961.6
8382,5180
8383,17468.2
8384,18568.7
8385,17835
8386,15634.1
8387,14166.9
8388,11415.8
8389,9948.6
8390,8848.1
8391,7747.7
8392,8848.1
8393,10315.4
8394,13616.7
8395,16001
8396,15267.3
8397,13983.5
8398,11415.8
8399,9948.6
8400,5546.8
8401,1697.9
8402,963.2
8403,411.8
8404,411.8
8405,963.3
8406,5191
8407,17506.7
8408,18609.6
8409,17874.3
8410,15668.5
8411,14198
8412,11440.8
8413,9970.2
8414,8867.3
8415,7764.4
8416,8867.3
8417,10337.9
8418,13646.5
8419,16036.1
8420,15300.9
8421,14014.2
8422,11440.8
8423,9970.2
8424,5558.7
8425,1701.1
8426,964.9
8427,412.2
8428,412.2
8429,964.9
8430,5202
8431,17544.9
8432,18650.2
8433,17913.3
8434,15702.7
8435,14228.9
8436,11465.6
8437,9991.8
8438,8886.4
8439,7781.1
8440,8886.4
8441,10360.2
8442,13676.2
8443,16071.1
8444,15334.2
8445,14044.7
8446,11465.6
8447,9991.8
8448,5570.4
8449,1704.4
8450,966.5
8451,412.6
8452,412.6
8453,966.5
8454,5212.9
8455,17582.8
8456,18690.6
8457,17952.1
8458,15736.6
8459,14259.6
8460,11490.2
8461,10013.2
8462,8905.4
8463,7797.7
8464,8905.4
8465,10382.4
8466,13705.7
8467,16105.8
8468,15367.3
8469,14074.9
8470,11490.2
8471,10013.2
8472,5582.2
8473,1707.6
8474,968.1
8475,413
8476,413
8477,968.1
8478,5223.7
8479,17620.5
8480,18730.7
8481,17990.6
8482,15770.3
8483,14290
8484,11514.6
8485,10034.4
8486,8924.3
8487,7814.1
8488,8924.3
8489,10404.5
8490,13735
8491,16140.3
8492,15400.2
8493,14105
8494,11514.6
8495,10034.4
8496,5593.8
8497,1710.8
8498,969.7
8499,413.4
8500,413.4
8501,969.7
8502,5234.5
8503,17657.9
8504,18770.5
8505,18028.8
8506,15803.7
8507,14320.3
8508,11538.9
8509,10055.5
8510,8943
8511,7830.4
8512,8943
8513,10426.4
8514,13764
8515,16174.5
8516,15432.8
8517,14134.9
8518,11538.9
8519,10055.5
8520,5605.3
8521,1713.9
8522,971.3
8523,413.8
8524,413.8
8525,971.3
8526,5245.1
8527,17695
8528,18810
8529,18066.7
8530,15836.8
8531,14350.3
8532,11563
8533,10076.4
8534,8961.5
8535,7846.6
8536,8961.5
8537,10448.1
8538,13792.8
8539,16208.5
8540,15465.2
8541,14164.5
8542,11563
8543,10076.4
8544,5616.8
8545,1717.1
8546,972.8
8547,414.2
8548,414.2
8549,972.8
8550,5255.7
8551,17731.8
8552,18849.1
8553,18104.3
8554,15869.7
8555,14380
8556,11586.9
8557,10097.2
8558,8979.9
8559,7862.7
8560,8979.9
8561,10469.6
8562,13821.4
8563,16242.2
8564,15497.3
8565,14193.8
8566,11586.9
8567,10097.2
8568,5628.1
8569,1720.2
8570,974.4
8571,414.6
8572,414.6
8573,974.4
8574,5266.2
8575,17768.3
8576,18887.9
8577,18141.5
8578,15902.3
8579,14409.6
8580,11610.6
8581,10117.8
8582,8998.2
8583,7878.6
8584,8998.2
8585,10491
8586,13849.8
8587,16275.5
8588,15529.1
8589,14223
8590,11610.6
8591,10117.8
8592,5639.4
8593,1723.3
8594,975.9
8595,415
8596,415
8597,975.9
8598,5276.6
8599,17804.5
8600,18926.4
8601,18178.5
8602,15934.7
8603,14438.8
8604,11634
8605,10138.2
8606,9016.3
8607,7894.4
8608,9016.3
8609,10512.1
8610,13877.8
8611,16308.6
8612,15560.7
8613,14251.8
8614,11634
8615,10138.2
8616,5650.5
8617,1726.3
8618,977.4
8619,415.4
8620,415.4
8621,977.5
8622,5286.9
8623,17840.4
8624,18964.5
8625,18215.1
8626,15966.7
8627,14467.8
8628,11657.3
8629,10158.4
8630,9034.2
8631,7910
8632,9034.2
8633,10533.1
8634,13905.7
8635,16341.4
8636,15592
8637,14280.4
8638,11657.3
8639,10158.4
8640,5661.6
8641,1729.3
8642,979
8643,415.7
8644,415.7
8645,979
8646,5297.1
8647,17875.8
8648,19002.3
8649,18251.3
8650,15998.4
8651,14496.5
8652,11680.3
8653,10178.4
8654,9051.9
8655,7925.5
8656,9051.9
8657,10553.9
8658,13933.2
8659,16373.9
8660,15622.9
8661,14308.7
8662,11680.3
8663,10178.4
8664,5672.6
8665,1732.3
8666,980.5
8667,416.1
8668,416.1
8669,980.5
8670,5307.2
8671,17911
8672,19039.7
8673,18287.2
8674,16029.8
8675,14524.9
8676,11703.1
8677,10198.2
8678,9069.5
8679,7940.8
8680,9069.5
8681,10574.4
8682,13960.5
8683,16406
8684,15653.6
8685,14336.8
8686,11703.1
8687,10198.2
8688,5683.4
8689,1735.3
8690,981.9
8691,416.5
8692,416.5
8693,981.9
8694,5317.1
8695,17945.8
8696,19076.7
8697,18322.7
8698,16060.9
8699,14553
8700,11725.7
8701,10217.8
8702,9086.9
8703,7956
8704,9086.9
8705,10594.8
8706,13987.5
8707,16437.9
8708,15683.9
8709,14364.5
8710,11725.7
8711,10217.8
8712,5694.1
8713,1738.2
8714,983.4
8715,416.9
8716,416.9
8717,983.4
8718,5327
8719,17980.1
8720,19113.3
8721,18357.9
8722,16091.6
8723,14580.8
8724,11748
8725,10237.2
8726,9104.1
8727,7971
8728,9104.1
8729,10614.9
8730,14014.2
8731,16469.3
8732,15713.9
8733,14391.9
8734,11748
8735,10237.2
8736,5704.7
8737,1741.1
8738,984.8
8739,417.2
8740,417.2
8741,984.9
8742,5336.8
8743,18014.2
8744,19149.4
8745,18392.6
8746,16122
8747,14608.3
8748,11770.1
8749,10256.4
8750,9121.1
8751,7985.8
8752,9121.1
8753,10634.8
8754,14040.7
8755,16500.4
8756,15743.6
8757,14419.1
8758,11770.1
8759,10256.4
8760,5715.2
8761,1744.9
8762,986.4
8763,417.6
8764,417.6
8765,986.4
8766,5347.5
8767,18051.5
8768,19189.2
8769,18430.7
8770,16155.4
8771,14638.5
8772,11794.3
8773,10277.4
8774,9139.7
8775,8002.1
8776,9139.7
8777,10656.6
8778,14069.6
8779,16534.6
8780,15776.2
8781,14448.9
8782,11794.3
8783,10277.4
8784,5726.7
8785,1747.2
8786,987.8
8787,418
8788,418
8789,987.9
8790,5357
8791,18084.6
8792,19224.4
8793,18464.6
8794,16185
8795,14665.3
8796,11815.8
8797,10296.1
8798,9156.3
8799,8016.5
8800,9156.3
8801,10676
8802,14095.4
8803,16564.9
8804,15805.1
8805,14475.3
8806,11815.8
8807,10296.1
8808,5737
8809,1749.9
8810,989.2
8811,418.3
8812,418.3
8813,989.2
8814,5366.4
8815,18117.4
8816,19259.3
8817,18498
8818,16214.3
8819,14691.8
8820,11837.1
8821,10314.6
8822,9172.7
8823,8030.8
8824,9172.7
8825,10695.2
8826,14120.8
8827,16594.9
8828,15833.6
8829,14501.4
8830,11837.1
8831,10314.6
8832,5747.1
8833,1752.7
8834,990.6
8835,418.7
8836,418.7
8837,990.6
8838,5375.7
8839,18149.7
8840,19293.6
8841,18531
8842,16243.1
8843,14717.9
8844,11858
8845,10332.8
8846,9188.9
8847,8044.9
8848,9188.9
8849,10714.1
8850,14145.9
8851,16624.4
8852,15861.8
8853,14527.2
8854,11858
8855,10332.8
8856,5757
8857,1755.4
8858,992
8859,419
8860,419
8861,992
8862,5384.9
8863,18181.6
8864,19327.5
8865,18563.6
8866,16271.6
8867,14743.7
8868,11878.7
8869,10350.8
8870,9204.8
8871,8058.8
8872,9204.8
8873,10732.8
8874,14170.7
8875,16653.6
8876,15889.6
8877,14552.7
8878,11878.7
8879,10350.8
8880,5766.9
8881,1758.1
8882,993.3
8883,419.3
8884,419.3
8885,993.3
8886,5393.9
8887,18213
8888,19361
8889,18595.7
8890,16299.7
8891,14769.1
8892,11899.1
8893,10368.5
8894,9220.5
8895,8072.5
8896,9220.5
8897,10751.1
8898,14195.1
8899,16682.4
8900,15917
8901,14577.7
8902,11899.1
8903,10368.5
8904,5776.6
8905,1760.7
8906,994.6
8907,419.7
8908,419.7
8909,994.6
8910,5402.8
8911,18244
8912,19393.9
8913,18627.3
8914,16327.4
8915,14794.1
8916,11919.2
8917,10385.9
8918,9236
8919,8086
8920,9236
8921,10769.3
8922,14219.1
8923,16710.7
8924,15944.1
8925,14602.5
8926,11919.2
8927,10385.9
8928,5786.1
8929,1763.4
8930,995.9
8931,420
8932,420
8933,995.9
8934,5411.6
8935,18274.5
8936,19426.4
8937,18658.5
8938,16354.6
8939,14818.8
8940,11939
8941,10403.1
8942,9251.2
8943,8099.3
8944,9251.2
8945,10787.1
8946,14242.8
8947,16738.6
8948,15970.7
8949,14626.8
8950,11939
8951,10403.1
8952,5795.5
8953,1765.9
8954,997.2
8955,420.3
8956,420.3
8957,997.2
8958,5420.2
8959,18304.5
8960,19458.3
8961,18689.1
8962,16381.5
8963,14843.1
8964,11958.5
8965,10420.1
8966,9266.3
8967,8112.4
8968,9266.3
8969,10804.7
8970,14266.1
8971,16766.1
8972,15996.9
8973,14650.8
8974,11958.5
8975,10420.1
8976,5804.8
8977,1768.4
8978,998.5
8979,420.6
8980,420.6
8981,998.5
8982,5428.7
8983,18334.1
8984,19489.8
8985,18719.3
8986,16407.9
8987,14867
8988,11977.7
8989,10436.7
8990,9281
8991,8125.3
8992,9281
8993,10822
8994,14289.1
8995,16793.1
8996,16022.7
8997,14674.3
8998,11977.7
8999,10436.7
9000,5813.9
9001,1770.9
9002,999.7
9003,420.9
9004,420.9
9005,999.7
9006,5437
9007,18363.1
9008,19520.7
9009,18749
9010,16433.9
9011,14890.4
9012,11996.5
9013,10453.1
9014,9295.6
9015,8138
9016,9295.6
9017,10839
9018,14311.7
9019,16819.7
9020,16048
9021,14697.5
9022,11996.5
9023,10453.1
9024,5822.9
9025,1773.4
9026,1000.9
9027,421.2
9028,421.2
9029,1000.9
9030,5445.2
9031,18391.7
9032,19551.1
9033,18778.2
9034,16459.4
9035,14913.5
9036,12015.1
9037,10469.2
9038,9309.9
9039,8150.5
9040,9309.9
9041,10855.7
9042,14333.8
9043,16845.8
9044,16072.9
9045,14720.3
9046,12015.1
9047,10469.2
9048,5831.7
9049,1775.8
9050,1002.1
9051,421.5
9052,421.5
9053,1002.1
9054,5453.3
9055,18419.7
9056,19580.9
9057,18806.8
9058,16484.5
9059,14936.2
9060,12033.3
9061,10485
9062,9323.9
9063,8162.7
9064,9323.9
9065,10872.1
9066,14355.6
9067,16871.5
9068,16097.4
9069,14742.7
9070,12033.3
9071,10485
9072,5840.4
9073,1778.1
9074,1003.3
9075,421.8
9076,421.8
9077,1003.3
9078,5461.2
9079,18447.3
9080,19610.2
9081,18834.9
9082,16509.1
9083,14958.5
9084,12051.1
9085,10500.6
9086,9337.6
9087,8174.7
9088,9337.6
9089,10888.2
9090,14377
9091,16896.7
9092,16121.4
9093,14764.7
9094,12051.1
9095,10500.6
9096,5848.8
9097,1780.4
9098,1004.4
9099,422.1
9100,422.1
9101,1004.4
9102,5469
9103,18474.3
9104,19638.9
9105,18862.5
9106,16533.2
9107,14980.3
9108,12068.7
9109,10515.8
9110,9351.1
9111,8186.5
9112,9351.1
9113,10904
9114,14398
9115,16921.4
9116,16145
9117,14786.2
9118,12068.7
9119,10515.8
9120,5857.2
9121,1782.7
9122,1005.6
9123,422.4
9124,422.4
9125,1005.6
9126,5476.6
9127,18500.8
9128,19667.1
9129,18889.5
9130,16556.9
9131,15001.7
9132,12085.9
9133,10530.7
9134,9364.4
9135,8198
9136,9364.4
9137,10919.5
9138,14418.6
9139,16945.6
9140,16168.1
9141,14807.3
9142,12085.9
9143,10530.7
9144,5865.3
9145,1784.9
9146,1006.7
9147,422.7
9148,422.7
9149,1006.7
9150,5484
9151,18526.7
9152,19694.7
9153,18916
9154,16580
9155,15022.7
9156,12102.7
9157,10545.4
9158,9377.4
9159,8209.4
9160,9377.4
9161,10934.7
9162,14438.7
9163,16969.4
9164,16190.7
9165,14828
9166,12102.7
9167,10545.4
9168,5873.3
9169,1787.1
9170,1007.7
9171,422.9
9172,422.9
9173,1007.8
9174,5491.3
9175,18552.1
9176,19721.7
9177,18942
9178,16602.7
9179,15043.2
9180,12119.2
9181,10559.7
9182,9390
9183,8220.4
9184,9390
9185,10949.5
9186,14458.4
9187,16992.6
9188,16212.8
9189,14848.3
9190,12119.2
9191,10559.7
9192,5881.2
9193,1789.2
9194,1008.8
9195,423.2
9196,423.2
9197,1008.8
9198,5498.4
9199,18576.9
9200,19748.1
9201,18967.3
9202,16624.9
9203,15063.3
9204,12135.3
9205,10573.7
9206,9402.5
9207,8231.3
9208,9402.5
9209,10964.1
9210,14477.7
9211,17015.3
9212,16234.5
9213,14868.1
9214,12135.3
9215,10573.7
9216,5888.8
9217,1791.3
9218,1009.8
9219,423.5
9220,423.5
9221,1009.8
9222,5505.4
9223,18601.2
9224,19773.9
9225,18992.1
9226,16646.6
9227,15082.9
9228,12151
9229,10587.3
9230,9414.6
9231,8241.8
9232,9414.6
9233,10978.3
9234,14496.5
9235,17037.5
9236,16255.7
9237,14887.5
9238,12151
9239,10587.3
9240,5896.3
9241,1793.3
9242,1010.8
9243,423.7
9244,423.7
9245,1010.9
9246,5512.2
9247,18624.9
9248,19799.1
9249,19016.3
9250,16667.8
9251,15102.1
9252,12166.4
9253,10600.7
9254,9426.4
9255,8252.2
9256,9426.4
9257,10992.1
9258,14514.9
9259,17059.2
9260,16276.3
9261,14906.4
9262,12166.4
9263,10600.7
9264,5903.6
9265,1795.3
9266,1011.8
9267,424
9268,424
9269,1011.8
9270,5518.9
9271,18648
9272,19823.7
9273,19039.9
9274,16688.4
9275,15120.8
9276,12181.4
9277,10613.7
9278,9438
9279,8262.3
9280,9438
9281,11005.7
9282,14532.9
9283,17080.3
9284,16296.5
9285,14924.8
9286,12181.4
9287,10613.7
9288,5910.8
9289,1797.2
9290,1012.8
9291,424.2
9292,424.2
9293,1012.8
9294,5525.3
9295,18670.5
9296,19847.7
9297,19062.9
9298,16708.6
9299,15139
9300,12196
9301,10626.5
9302,9449.3
9303,8272.1
9304,9449.3
9305,11018.8
9306,14550.4
9307,17101
9308,16316.2
9309,14942.8
9310,12196
9311,10626.5
9312,5917.7
9313,1799.1
9314,1013.7
9315,424.4
9316,424.4
9317,1013.7
9318,5531.6
9319,18692.5
9320,19871.1
9321,19085.3
9322,16728.2
9323,15156.7
9324,12210.3
9325,10638.8
9326,9460.2
9327,8281.7
9328,9460.2
9329,11031.7
9330,14567.4
9331,17121
9332,16335.3
9333,14960.3
9334,12210.3
9335,10638.8
9336,5924.5
9337,1800.9
9338,1014.6
9339,424.7
9340,424.7
9341,1014.6
9342,5537.8
9343,18713.8
9344,19893.8
9345,19107.1
9346,16747.2
9347,15174
9348,12224.1
9349,10650.9
9350,9470.9
9351,8291
9352,9470.9
9353,11044.2
9354,14584
9355,17140.6
9356,16353.9
9357,14977.3
9358,12224.1
9359,10650.9
9360,5931.1
9361,1802.7
9362,1015.5
9363,424.9
9364,424.9
9365,1015.5
9366,5543.7
9367,18734.6
9368,19915.8
9369,19128.3
9370,16765.8
9371,15190.8
9372,12237.6
9373,10662.6
9374,9481.3
9375,8300
9376,9481.3
9377,11056.3
9378,14600.1
9379,17159.5
9380,16372
9381,14993.9
9382,12237.6
9383,10662.6
9384,5937.5
9385,1804.4
9386,1016.4
9387,425.1
9388,425.1
9389,1016.4
9390,5549.5
9391,18754.7
9392,19937.2
9393,19148.9
9394,16783.8
9395,15207
9396,12250.6
9397,10673.9
9398,9491.4
9399,8308.8
9400,9491.4
9401,11068.1
9402,14615.8
9403,17178
9404,16389.6
9405,15009.9
9406,12250.6
9407,10673.9
9408,5943.7
9409,1806.1
9410,1017.2
9411,425.3
9412,425.3
9413,1017.2
9414,5555.1
9415,18774.2
9416,19958
9417,19168.8
9418,16801.2
9419,15222.8
9420,12263.3
9421,10684.9
9422,9501.1
9423,8317.3
9424,9501.1
9425,11079.5
9426,14630.9
9427,17195.8
9428,16406.6
9429,15025.5
9430,12263.3
9431,10684.9
9432,5949.7
9433,1807.7
9434,1018
9435,425.5
9436,425.5
9437,1018
9438,5560.5
9439,18793.1
9440,19978.1
9441,19188.1
9442,16818.1
9443,15238.1
9444,12275.6
9445,10695.6
9446,9510.6
9447,8325.5
9448,9510.6
9449,11090.6
9450,14645.6
9451,17213.1
9452,16423.1
9453,15040.6
9454,12275.6
9455,10695.6
9456,5955.5
9457,1809.3
9458,1018.8
9459,425.7
9460,425.7
9461,1018.8
9462,5565.8
9463,18811.4
9464,19997.5
9465,19206.8
9466,16834.4
9467,15252.9
9468,12287.4
9469,10705.9
9470,9519.7
9471,8333.5
9472,9519.7
9473,11101.2
9474,14659.8
9475,17229.8
9476,16439
9477,15055.2
9478,12287.4
9479,10705.9
9480,5961.2
9481,1810.8
9482,1019.5
9483,425.9
9484,425.9
9485,1019.5
9486,5570.8
9487,18829
9488,20016.3
9489,19224.8
9490,16850.2
9491,15267.1
9492,12298.9
9493,10715.8
9494,9528.5
9495,8341.2
9496,9528.5
9497,11111.6
9498,14673.5
9499,17245.9
9500,16454.4
9501,15069.2
9502,12298.9
9503,10715.8
9504,5966.6
9505,1812.2
9506,1020.3
9507,426.1
9508,426.1
9509,1020.3
9510,5575.7
9511,18846
9512,20034.4
9513,19242.1
9514,16865.4
9515,15280.8
9516,12309.9
9517,10725.4
9518,9537
9519,8348.6
9520,9537
9521,11121.5
9522,14686.7
9523,17261.5
9524,16469.2
9525,15082.8
9526,12309.9
9527,10725.4
9528,5971.9
9529,1813.6
9530,1020.9
9531,426.2
9532,426.2
9533,1021
9534,5580.4
9535,18862.3
9536,20051.8
9537,19258.8
9538,16880
9539,15294.1
9540,12320.5
9541,10734.6
9542,9545.2
9543,8355.8
9544,9545.2
9545,11131.1
9546,14699.4
9547,17276.4
9548,16483.5
9549,15095.8
9550,12320.5
9551,10734.6
9552,5976.9
9553,1815
9554,1021.6
9555,426.4
9556,426.4
9557,1021.6
9558,5584.9
9559,18878.1
9560,20068.5
9561,19274.9
9562,16894
9563,15306.8
9564,12330.7
9565,10743.5
9566,9553
9567,8362.6
9568,9553
9569,11140.3
9570,14711.5
9571,17290.8
9572,16497.2
9573,15108.4
9574,12330.7
9575,10743.5
9576,5981.7
9577,1816.3
9578,1022.3
9579,426.6
9580,426.6
9581,1022.3
9582,5589.3
9583,18893.1
9584,20084.5
9585,19290.2
9586,16907.5
9587,15318.9
9588,12340.5
9589,10751.9
9590,9560.6
9591,8369.2
9592,9560.6
9593,11149.1
9594,14723.2
9595,17304.6
9596,16510.3
9597,15120.4
9598,12340.5
9599,10751.9
9600,5986.4
9601,1817.5
9602,1022.9
9603,426.7
9604,426.7
9605,1022.9
9606,5593.4
9607,18907.5
9608,20099.8
9609,19304.9
9610,16920.3
9611,15330.6
9612,12349.8
9613,10760.1
9614,9567.8
9615,8375.4
9616,9567.8
9617,11157.5
9618,14734.4
9619,17317.8
9620,16522.9
9621,15131.9
9622,12349.8
9623,10760.1
9624,5990.8
9625,1818.7
9626,1023.5
9627,426.9
9628,426.9
9629,1023.5
9630,5597.3
9631,18921.2
9632,20114.4
9633,19319
9634,16932.6
9635,15341.7
9636,12358.7
9637,10767.8
9638,9574.6
9639,8381.4
9640,9574.6
9641,11165.5
9642,14745.1
9643,17330.3
9644,16534.9
9645,15142.8
9646,12358.7
9647,10767.8
9648,5995.1
9649,1819.8
9650,1024
9651,427
9652,427
9653,1024
9654,5601.1
9655,18934.3
9656,20128.3
9657,19332.3
9658,16944.3
9659,15352.2
9660,12367.2
9661,10775.2
9662,9581.2
9663,8387.1
9664,9581.2
9665,11173.2
9666,14755.2
9667,17342.3
9668,16546.3
9669,15153.2
9670,12367.2
9671,10775.2
9672,5999.1
9673,1820.9
9674,1024.5
9675,427.1
9676,427.1
9677,1024.5
9678,5604.7
9679,18946.7
9680,20141.5
9681,19345
9682,16955.3
9683,15362.3
9684,12375.2
9685,10782.2
9686,9587.4
9687,8392.5
9688,9587.4
9689,11180.4
9690,14764.9
9691,17353.6
9692,16557.1
9693,15163.1
9694,12375.2
9695,10782.2
9696,6002.9
9697,1821.9
9698,1025
9699,427.3
9700,427.3
9701,1025
9702,5608
9703,18958.4
9704,20154
9705,19356.9
9706,16965.8
9707,15371.7
9708,12382.8
9709,10788.8
9710,9593.2
9711,8397.7
9712,9593.2
9713,11187.3
9714,14774
9715,17364.3
9716,16567.3
9717,15172.5
9718,12382.8
9719,10788.8
9720,6006.5
9721,1822.8
9722,1025.5
9723,427.4
9724,427.4
9725,1025.5
9726,5611.2
9727,18969.5
9728,20165.7
9729,19368.2
9730,16975.7
9731,15380.7
9732,12390
9733,10795
9734,9598.7
9735,8402.5
9736,9598.7
9737,11193.7
9738,14782.5
9739,17374.4
9740,16576.9
9741,15181.3
9742,12390
9743,10795
9744,6009.9
9745,1823.7
9746,1026
9747,427.5
9748,427.5
9749,1026
9750,5614.2
9751,18979.8
9752,20176.8
9753,19378.8
9754,16985
9755,15389.1
9756,12396.7
9757,10800.8
9758,9603.9
9759,8407
9760,9603.9
9761,11199.8
9762,14790.6
9763,17383.9
9764,16586
9765,15189.6
9766,12396.7
9767,10800.8
9768,6013.1
9769,1824.6
9770,1026.4
9771,427.6
9772,427.6
9773,1026.4
9774,5617
9775,18989.5
9776,20187.1
9777,19388.7
9778,16993.6
9779,15396.9
9780,12403
9781,10806.3
9782,9608.8
9783,8411.2
9784,9608.8
9785,11205.5
9786,14798.1
9787,17392.8
9788,16594.4
9789,15197.3
9790,12403
9791,10806.3
9792,6016.1
9793,1825.3
9794,1026.7
9795,427.7
9796,427.7
9797,1026.8
9798,5619.5
9799,18998.5
9800,20196.6
9801,19397.9
9802,17001.7
9803,15404.2
9804,12408.9
9805,10811.4
9806,9613.3
9807,8415.1
9808,9613.3
9809,11210.7
9810,14805.1
9811,17401
9812,16602.3
9813,15204.5
9814,12408.9
9815,10811.4
9816,6018.9
9817,1826.1
9818,1027.1
9819,427.8
9820,427.8
9821,1027.1
9822,5621.9
9823,19006.8
9824,20205.5
9825,19406.4
9826,17009.1
9827,15410.9
9828,12414.3
9829,10816.1
9830,9617.4
9831,8418.8
9832,9617.4
9833,11215.6
9834,14811.6
9835,17408.6
9836,16609.5
9837,15211.1
9838,12414.3
9839,10816.1
9840,6021.5
9841,1826.7
9842,1027.4
9843,427.9
9844,427.9
9845,1027.4
9846,5624.1
9847,19014.4
9848,20213.6
9849,19414.2
9850,17015.9
9851,15417
9852,12419.2
9853,10820.4
9854,9621.2
9855,8422.1
9856,9621.2
9857,11220.1
9858,14817.5
9859,17415.6
9860,16616.2
9861,15217.2
9862,12419.2
9863,10820.4
9864,6023.8
9865,1827.3
9866,1027.7
9867,427.9
9868,427.9
9869,1027.7
9870,5626.1
9871,19021.4
9872,20221
9873,19421.2
9874,17022.1
9875,15422.6
9876,12423.7
9877,10824.3
9878,9624.7
9879,8425.1
9880,9624.7
9881,11224.1
9882,14822.9
9883,17421.9
9884,16622.2
9885,15222.7
9886,12423.7
9887,10824.3
9888,6026
9889,1827.9
9890,1028
9891,428
9892,428
9893,1028
9894,5627.9
9895,19027.6
9896,20227.6
9897,19427.6
9898,17027.7
9899,15427.7
9900,12427.7
9901,10827.8
9902,9627.8
9903,8427.8
9904,9627.8
9905,11227.8
9906,14827.7
9907,17427.6
9908,16627.7
9909,15227.7
9910,12427.7
9911,10827.8
9912,6027.9
9913,1828.3
9914,1028.2
9915,428.1
9916,428.1
9917,1028.2
9918,5629.5
9919,19033.1
9920,20233.5
9921,19433.3
9922,17032.6
9923,15432.2
9924,12431.3
9925,10830.9
9926,9630.6
9927,8430.2
9928,9630.6
9929,11231
9930,14832
9931,17432.7
9932,16632.5
9933,15232.1
9934,12431.3
9935,10830.9
9936,6029.6
9937,1828.8
9938,1028.4
9939,428.1
9940,428.1
9941,1028.4
9942,5630.9
9943,19038
9944,20238.6
9945,19438.2
9946,17036.9
9947,15436.1
9948,12434.5
9949,10833.6
9950,9633
9951,8432.4
9952,9633
9953,11233.8
9954,14835.8
9955,17437.1
9956,16636.7
9957,15236
9958,12434.5
9959,10833.6
9960,6031.1
9961,1829.1
9962,1028.6
9963,428.2
9964,428.2
9965,1028.6
9966,5632.1
9967,19042.1
9968,20243
9969,19442.4
9970,17040.6
9971,15439.4
9972,12437.2
9973,10836
9974,9635.1
9975,8434.2
9976,9635.1
9977,11236.3
9978,14839
9979,17440.9
9980,16640.3
9981,15239.3
9982,12437.2
9983,10836
9984,6032.4
9985,1829.4
9986,1028.8
9987,428.2
9988,428.2
9989,1028.8
9990,5633
9991,19045.6
9992,20246.7
9993,19445.9
9994,17043.7
9995,15442.2
9996,12439.4
9997,10837.9
9998,9636.8
9999,8435.7
10000,9636.8
10001,11238.3
10002,14841.6
10003,17444.1
10004,16643.3
10005,15242
10006,12439.4
10007,10837.9
10008,6033.4
10009,1829.7
10010,1028.9
10011,428.2
10012,428.2
10013,1028.9
10014,5633.8
10015,19048.3
10016,20249.6
10017,19448.7
10018,17046.1
10019,15444.4
10020,12441.2
10021,10839.4
10022,9638.1
10023,8436.9
10024,9638.1
10025,11239.9
10026,14843.8
10027,17446.6
10028,16645.7
10029,15244.2
10030,12441.2
10031,10839.4
10032,6034.3
10033,1829.9
10034,1029
10035,428.2
10036,428.2
10037,1029
10038,5634.4
10039,19050.3
10040,20251.7
10041,19450.8
10042,17047.9
10043,15446
10044,12442.5
10045,10840.6
10046,9639.2
10047,8437.7
10048,9639.2
10049,11241.1
10050,14845.3
10051,17448.4
10052,16647.5
10053,15245.8
10054,12442.5
10055,10840.6
10056,6034.9
10057,1830
10058,1029
10059,428.3
10060,428.3
10061,1029
10062,5634.8
10063,19051.6
10064,20253.2
10065,19452.1
10066,17049.1
10067,15447.1
10068,12443.3
10069,10841.3
10070,9639.8
10071,8438.3
10072,9639.8
10073,11241.8
10074,14846.4
10075,17449.6
10076,16648.6
10077,15246.9
10078,12443.3
10079,10841.3
10080,6035.3
10081,1830.1
10082,1029
10083,428.3
10084,428.3
10085,1029
10086,5635
10087,19052.3
10088,20253.8
10089,19452.8
10090,17049.7
10091,15447.6
10092,12443.7
10093,10841.7
10094,9640.1
10095,8438.6
10096,9640.1
10097,11242.2
10098,14846.8
10099,17450.2
10100,16649.2
10101,15247.4
10102,12443.7
10103,10841.7
10104,6035.5
10105,1830.1
10106,1029
10107,428.3
10108,428.3
10109,1029
10110,5635
10111,19052.2
10112,20253.7
10113,19452.7
10114,17049.6
10115,15447.6
10116,12443.7
10117,10841.6
10118,9640.1
10119,8438.6
10120,9640.1
10121,11242.2
10122,14846.8
10123,17450.1
10124,16649.1
10125,15247.3
10126,12443.7
10127,10841.6
10128,6035.5
10129,1830
10130,1029
10131,428.2
10132,428.2
10133,1029
10134,5634.7
10135,19051.4
10136,20252.9
10137,19451.9
10138,17048.9
10139,15446.9
10140,12443.2
10141,10841.2
10142,9639.7
10143,8438.2
10144,9639.7
10145,11241.7
10146,14846.2
10147,17449.4
10148,16648.4
10149,15246.7
10150,12443.2
10151,10841.2
10152,6035.2
10153,1829.9
10154,1028.9
10155,428.2
10156,428.2
10157,1028.9
10158,5634.3
10159,19049.9
10160,20251.3
10161,19450.4
10162,17047.6
10163,15445.7
10164,12442.2
10165,10840.4
10166,9639
10167,8437.6
10168,9639
10169,11240.8
10170,14845
10171,17448
10172,16647.1
10173,15245.5
10174,12442.2
10175,10840.4
10176,6034.8
10177,1829.7
10178,1028.8
10179,428.2
10180,428.2
10181,1028.8
10182,5633.7
10183,19047.7
10184,20249
10185,19448.1
10186,17045.6
10187,15443.9
10188,12440.8
10189,10839.1
10190,9637.9
10191,8436.6
10192,9637.9
10193,11239.5
10194,14843.3
10195,17446
10196,16645.2
10197,15243.7
10198,12440.8
10199,10839.1
10200,6034.1
10201,1829.5
10202,1028.7
10203,428.2
10204,428.2
10205,1028.7
10206,5632.8
10207,19044.8
10208,20245.9
10209,19445.2
10210,17043
10211,15441.6
10212,12438.9
10213,10837.5
10214,9636.4
10215,8435.3
10216,9636.4
10217,11237.8
10218,14841.1
10219,17443.4
10220,16642.7
10221,15241.4
10222,12438.9
10223,10837.5
10224,6033.2
10225,1829.2
10226,1028.6
10227,428.1
10228,428.1
10229,1028.6
10230,5631.8
10231,19041.2
10232,20242.1
10233,19441.5
10234,17039.8
10235,15438.7
10236,12436.6
10237,10835.5
10238,9634.6
10239,8433.8
10240,9634.6
10241,11235.7
10242,14838.3
10243,17440.1
10244,16639.5
10245,15238.5
10246,12436.6
10247,10835.5
10248,6032.1
10249,1828.8
10250,1028.4
10251,428.1
10252,428.1
10253,1028.4
10254,5630.6
10255,19036.9
10256,20237.5
10257,19437.1
10258,17036
10259,15435.2
10260,12433.8
10261,10833
10262,9632.5
10263,8431.9
10264,9632.5
10265,11233.2
10266,14834.9
10267,17436.2
10268,16635.8
10269,15235.1
10270,12433.8
10271,10833
10272,6030.8
10273,1828.4
10274,1028.2
10275,428
10276,428
10277,1028.2
10278,5629.1
10279,19031.9
10280,20232.2
10281,19432
10282,17031.5
10283,15431.2
10284,12430.5
10285,10830.2
10286,9630
10287,8429.7
10288,9630
10289,11230.3
10290,14831
10291,17431.6
10292,16631.4
10293,15231.1
10294,12430.5
10295,10830.2
10296,6029.2
10297,1828
10298,1027.9
10299,428
10300,428
10301,1027.9
10302,5627.5
10303,19026.2
10304,20226.1
10305,19426.2
10306,17026.4
10307,15426.6
10308,12426.8
10309,10827
10310,9627.1
10311,8427.2
10312,9627.1
10313,11227
10314,14826.6
10315,17426.4
10316,16626.5
10317,15226.6
10318,12426.8
10319,10827
10320,6027.5
10321,1827.4
10322,1027.7
10323,427.9
10324,427.9
10325,1027.7
10326,5625.7
10327,19019.8
10328,20219.3
10329,19419.7
10330,17020.7
10331,15421.4
10332,12422.7
10333,10823.4
10334,9623.9
10335,8424.4
10336,9623.9
10337,11223.2
10338,14821.7
10339,17420.5
10340,16620.9
10341,15221.5
10342,12422.7
10343,10823.4
10344,6025.5
10345,1826.8
10346,1027.4
10347,427.8
10348,427.8
10349,1027.4
10350,5623.6
10351,19012.7
10352,20211.8
10353,19412.4
10354,17014.4
10355,15415.7
10356,12418.1
10357,10819.4
10358,9620.4
10359,8421.4
10360,9620.4
10361,11219.1
10362,14816.2
10363,17414
10364,16614.7
10365,15215.8
10366,12418.1
10367,10819.4
10368,6023.3
10369,1826.2
10370,1027
10371,427.8
10372,427.8
10373,1027
10374,5621.4
10375,19005
10376,20203.5
10377,19404.5
10378,17007.4
10379,15409.4
10380,12413
10381,10815
10382,9616.5
10383,8418
10384,9616.5
10385,11214.5
10386,14810.1
10387,17406.9
10388,16607.9
10389,15209.6
10390,12413
10391,10815
10392,6020.9
10393,1825.5
10394,1026.7
10395,427.7
10396,427.7
10397,1026.7
10398,5619
10399,18996.5
10400,20194.5
10401,19395.8
10402,16999.8
10403,15402.5
10404,12407.6
10405,10810.2
10406,9612.3
10407,8414.3
10408,9612.3
10409,11209.6
10410,14803.5
10411,17399.2
10412,16600.5
10413,15202.9
10414,12407.6
10415,10810.2
10416,6018.3
10417,1824.7
10418,1026.3
10419,427.6
10420,427.6
10421,1026.3
10422,5616.3
10423,18987.3
10424,20184.7
10425,19386.5
10426,16991.7
10427,15395.1
10428,12401.6
10429,10805.1
10430,9607.7
10431,8410.3
10432,9607.7
10433,11204.2
10434,14796.4
10435,17390.8
10436,16592.5
10437,15195.6
10438,12401.6
10439,10805.1
10440,6015.5
10441,1026
10442,427.5
10443,427.5
10444,1025.9
10445,5613.5
10446,18977.5
10447,20174.3
10448,19376.4
10449,16982.9
10450,15387.2
10451,12395.2
10452,10799.5
10453,9602.7
10454,8406
10455,9602.7
10456,11198.4
10457,14788.8
10458,17381.8
10459,16583.9
10460,15187.7
10461,12395.2
10462,10799.5
10463,6012.4
10464,1823.7
10465,1025.6
10466,427.4
10467,427.4
10468,1025.4
10469,5610.5
10470,18967
10471,20163.1
10472,19365.7
10473,16973.5
10474,15378.6
10475,12388.4
10476,10793.6
10477,9597.5
10478,8401.4
10479,9597.5
10480,11192.3
10481,14780.6
10482,17372.2
10483,16574.8
10484,15179.3
10485,12388.4
10486,10793.6
10487,6009.2
10488,1822.8
10489,1025.1
10490,427.2
10491,427.2
10492,1024.9
10493,5607.3
10494,18955.8
10495,20151.1
10496,19354.2
10497,16963.4
10498,15369.6
10499,12381.1
10500,10787.3
10501,9591.9
10502,8396.5
10503,9591.9
10504,11185.7
10505,14771.9
10506,17361.9
10507,16565
10508,15170.4
10509,12381.1
10510,10787.3
10511,6005.7
10512,1821.9
10513,1024.6
10514,427.1
10515,427.1
10516,1024.4
10517,5603.8
10518,18943.9
10519,20138.5
10520,19342.1
10521,16952.8
10522,15360
10523,12373.4
10524,10780.6
10525,9585.9
10526,8391.3
10527,9585.9
10528,11178.8
10529,14762.7
10530,17351
10531,16554.6
10532,15160.9
10533,12373.4
10534,10780.6
10535,6002.1
10536,1820.8
10537,1024.1
10538,427
10539,427
10540,1023.9
10541,5600.2
10542,18931.3
10543,20125.2
10544,19329.3
10545,16941.6
10546,15349.8
10547,12365.3
10548,10773.5
10549,9579.7
10550,8385.8
10551,9579.7
10552,11171.4
10553,14752.9
10554,17339.5
10555,16543.7
10556,15150.9
10557,12365.3
10558,10773.5
10559,5998.2
10560,1819.8
10561,1023.5
10562,426.8
10563,426.8
10564,1023.3
10565,5596.4
10566,18918.1
10567,20111.1
10568,19315.8
10569,16929.8
10570,15339.1
10571,12356.7
10572,10766
10573,9573.1
10574,8380.1
10575,9573.1
10576,11163.7
10577,14742.7
10578,17327.5
10579,16532.1
10580,15140.3
10581,12356.7
10582,10766
10583,5994.1
10584,1818.7
10585,1022.9
10586,426.7
10587,426.7
10588,1022.8
10589,5592.5
10590,18904.2
10591,20096.3
10592,19301.6
10593,16917.4
10594,15327.9
10595,12347.7
10596,10758.2
10597,9566.1
10598,8374
10599,9566.1
10600,11155.6
10601,14731.9
10602,17314.7
10603,16520
10604,15129.2
10605,12347.7
10606,10758.2
10607,5989.8
10608,1817.5
10609,1022.3
10610,426.5
10611,426.5
10612,1022.1
10613,5588.3
10614,18889.7
10615,20080.8
10616,19286.7
10617,16904.4
10618,15316.2
10619,12338.2
10620,10750
10621,9558.8
10622,8367.7
10623,9558.8
10624,11147.1
10625,14720.6
10626,17301.4
10627,16507.3
10628,15117.6
10629,12338.2
10630,10750
10631,5985.3
10632,1816.2
10633,1021.7
10634,426.4
10635,426.4
10636,1021.5
10637,5583.9
10638,18874.5
10639,20064.7
10640,19271.2
10641,16890.8
10642,15303.9
10643,12328.4
10644,10741.4
10645,9551.2
10646,8361
10647,9551.2
10648,11138.2
10649,14708.8
10650,17287.5
10651,16494.1
10652,15105.5
10653,12328.4
10654,10741.4
10655,5980.6
10656,1814.9
10657,1021
10658,426.2
10659,426.2
10660,1020.8
10661,5579.4
10662,18858.6
10663,20047.8
10664,19255
10665,16876.6
10666,15291
10667,12318.1
10668,10732.5
10669,9543.3
10670,8354.1
10671,9543.3
10672,11128.9
10673,14696.5
10674,17273
10675,16480.2
10676,15092.8
10677,12318.1
10678,10732.5
10679,5975.7
10680,1813.6
10681,1020.3
10682,426
10683,426
10684,1020.1
10685,5574.6
10686,18842.1
10687,20030.2
10688,19238.2
10689,16861.9
10690,15277.7
10691,12307.4
10692,10723.2
10693,9535.1
10694,8346.9
10695,9535.1
10696,11119.2
10697,14683.6
10698,17257.9
10699,16465.8
10700,15079.7
10701,12307.4
10702,10723.2
10703,5970.7
10704,1812.2
10705,1019.6
10706,425.9
10707,425.9
10708,1019.4
10709,5569.7
10710,18825
10711,20012
10712,19220.6
10713,16846.6
10714,15263.8
10715,12296.2
10716,10713.5
10717,9526.5
10718,8339.4
10719,9526.5
10720,11109.2
10721,14670.3
10722,17242.2
10723,16450.9
10724,15066
10725,12296.2
10726,10713.5
10727,5965.4
10728,1810.7
10729,1018.9
10730,425.7
10731,425.7
10732,1018.6
10733,5564.6
10734,18807.2
10735,19993.1
10736,19202.5
10737,16830.7
10738,15249.5
10739,12284.7
10740,10703.5
10741,9517.6
10742,8331.7
10743,9517.6
10744,11098.8
10745,14656.5
10746,17226
10747,16435.4
10748,15051.8
10749,12284.7
10750,10703.5
10751,5959.9
10752,1809.2
10753,1018.1
10754,425.5
10755,425.5
10756,1017.8
10757,5559.3
10758,18788.8
10759,19973.5
10760,19183.7
10761,16814.2
10762,15234.6
10763,12272.8
10764,10693.1
10765,9508.4
10766,8323.7
10767,9508.4
10768,11088
10769,14642.2
10770,17209.1
10771,16419.3
10772,15037.1
10773,12272.8
10774,10693.1
10775,5954.2
10776,1807.6
10777,1017.3
10778,425.3
10779,425.3
10780,1017
10781,5553.8
10782,18769.7
10783,19953.3
10784,19164.2
10785,16797.2
10786,15219.2
10787,12260.4
10788,10682.4
10789,9498.9
10790,8315.4
10791,9498.9
10792,11076.9
10793,14627.4
10794,17191.7
10795,16402.7
10796,15021.9
10797,12260.4
10798,10682.4
10799,5948.3
10800,1806
10801,1016.5
10802,425.1
10803,425.1
10804,1016.2
10805,5548.2
10806,18750.1
10807,19932.3
10808,19144.2
10809,16779.6
10810,15203.3
10811,12247.6
10812,10671.3
10813,9489
10814,8306.8
10815,9489
10816,11065.4
10817,14612.2
10818,17173.7
10819,16385.6
10820,15006.3
10821,12247.6
10822,10671.3
10823,5942.3
10824,1804.4
10825,1015.6
10826,424.9
10827,424.8
10828,1015.3
10829,5542.4
10830,18729.8
10831,19910.8
10832,19123.5
10833,16761.5
10834,15186.9
10835,12234.5
10836,10659.9
10837,9478.9
10838,8297.9
10839,9478.9
10840,11053.5
10841,14596.4
10842,17155.2
10843,16367.9
10844,14990.1
10845,12234.5
10846,10659.9
10847,5936
10848,1802.6
10849,1014.7
10850,424.6
10851,424.6
10852,1014.5
10853,5536.4
10854,18708.9
10855,19888.6
10856,19102.1
10857,16742.9
10858,15170
10859,12220.9
10860,10648.1
10861,9468.5
10862,8288.8
10863,9468.5
10864,11041.3
10865,14580.2
10866,17136.1
10867,16349.7
10868,14973.4
10869,12220.9
10870,10648.1
10871,5929.6
10872,1800.8
10873,1013.8
10874,424.4
10875,424.4
10876,1013.5
10877,5530.2
10878,18687.4
10879,19865.7
10880,19080.2
10881,16723.7
10882,15152.7
10883,12207
10884,10636
10885,9457.7
10886,8279.5
10887,9457.7
10888,11028.7
10889,14563.5
10890,17116.4
10891,16330.9
10892,14956.3
10893,12207
10894,10636
10895,5922.9
10896,1799
10897,1012.9
10898,424.2
10899,424.2
10900,1012.6
10901,5523.8
10902,18665.4
10903,19842.2
10904,19057.6
10905,16703.9
10906,15134.8
10907,12192.7
10908,10623.5
10909,9446.7
10910,8269.8
10911,9446.7
10912,11015.8
10913,14546.4
10914,17096.2
10915,16311.7
10916,14938.7
10917,12192.7
10918,10623.5
10919,5916.1
10920,1797.1
10921,1011.9
10922,423.9
10923,423.9
10924,1011.6
10925,5517.3
10926,18642.7
10927,19818.1
10928,19034.5
10929,16683.7
10930,15116.5
10931,12178
10932,10610.7
10933,9435.3
10934,8259.9
10935,9435.3
10936,11002.6
10937,14528.8
10938,17075.5
10939,16291.9
10940,14920.6
10941,12178
10942,10610.7
10943,5909.1
10944,1795.2
10945,1011
10946,423.7
10947,423.7
10948,1010.6
10949,5510.7
10950,18619.4
10951,19793.4
10952,19010.7
10953,16662.9
10954,15097.7
10955,12162.9
10956,10597.6
10957,9423.7
10958,8249.8
10959,9423.7
10960,10988.9
10961,14510.7
10962,17054.2
10963,16271.6
10964,14902
10965,12162.9
10966,10597.6
10967,5902
10968,1793.2
10969,1010
10970,423.4
10971,423.4
10972,1009.6
10973,5503.8
10974,18595.6
10975,19768
10976,18986.4
10977,16641.6
10978,15078.4
10979,12147.4
10980,10584.2
10981,9411.8
10982,8239.4
10983,9411.8
10984,10975
10985,14492.2
10986,17032.4
10987,16250.8
10988,14883
10989,12147.4
10990,10584.2
10991,5894.6
10992,1791.2
10993,1008.9
10994,423.2
10995,423.2
10996,1008.6
10997,5496.8
10998,18571.2
10999,19742
11000,18961.5
11001,16619.8
11002,15058.7
11003,12131.6
11004,10570.4
11005,9399.6
11006,8228.8
11007,9399.6
11008,10960.7
11009,14473.3
11010,17010.1
11011,16229.5
11012,14863.5
11013,12131.6
11014,10570.4
11015,5887.1
11016,1789.1
11017,1007.9
11018,422.9
11019,422.9
11020,1007.5
11021,5489.6
11022,18546.2
11023,19715.5
11024,18936
11025,16597.5
11026,15038.5
11027,12115.4
11028,10556.4
11029,9387.1
11030,8217.9
11031,9387.1
11032,10946.1
11033,14453.9
11034,16987.2
11035,16207.7
11036,14843.6
11037,12115.4
11038,10556.4
11039,5879.4
11040,1787
11041,1006.8
11042,422.6
11043,422.6
11044,1006.4
11045,5482.3
11046,18520.7
11047,19688.4
11048,18909.9
11049,16574.7
11050,15017.9
11051,12098.8
11052,10542
11053,9374.4
11054,8206.7
11055,9374.4
11056,10931.2
11057,14434.1
11058,16963.9
11059,16185.5
11060,14823.3
11061,12098.8
11062,10542
11063,5871.5
11064,1784.8
11065,1005.7
11066,422.4
11067,422.3
11068,1005.3
11069,5474.8
11070,18494.7
11071,19660.6
11072,18883.3
11073,16551.4
11074,14996.8
11075,12081.9
11076,10527.3
11077,9361.3
11078,8195.4
11079,9361.3
11080,10915.9
11081,14413.8
11082,16940.1
11083,16162.8
11084,14802.5
11085,12081.9
11086,10527.3
11087,5863.5
11088,1782.6
11089,1004.6
11090,422.1
11091,422.1
11092,1004.2
11093,5467.2
11094,18468.1
11095,19632.3
11096,18856.2
11097,16527.6
11098,14975.3
11099,12064.6
11100,10512.3
11101,9348
11102,8183.8
11103,9348
11104,10900.4
11105,14393.2
11106,16915.7
11107,16139.5
11108,14781.2
11109,12064.6
11110,10512.3
11111,5855.3
11112,1780.4
11113,1003.4
11114,421.8
11115,421.8
11116,1003.1
11117,5459.4
11118,18440.9
11119,19603.5
11120,18828.4
11121,16503.4
11122,14953.4
11123,12047
11124,10497
11125,9334.5
11126,8171.9
11127,9334.5
11128,10884.5
11129,14372.1
11130,16890.9
11131,16115.9
11132,14759.6
11133,12047
11134,10497
11135,5846.9
11136,1778
11137,1002.2
11138,421.5
11139,421.5
11140,1001.9
11141,5451.4
11142,18413.3
11143,19574
11144,18800.2
11145,16478.7
11146,14931
11147,12029.1
11148,10481.4
11149,9320.6
11150,8159.9
11151,9320.6
11152,10868.3
11153,14350.6
11154,16865.6
11155,16091.8
11156,14737.5
11157,12029.1
11158,10481.4
11159,5838.4
11160,1775.7
11161,1001.1
11162,421.2
11163,421.2
11164,1000.7
11165,5443.4
11166,18385.1
11167,19544.1
11168,18771.4
11169,16453.5
11170,14908.2
11171,12010.8
11172,10465.5
11173,9306.6
11174,8147.6
11175,9306.6
11176,10851.8
11177,14328.7
11178,16839.8
11179,16067.2
11180,14715.1
11181,12010.8
11182,10465.5
11183,5829.7
11184,1773.3
11185,999.8
11186,420.9
11187,420.9
11188,999.5
11189,5435.1
11190,18356.4
11191,19513.6
11192,18742.1
11193,16427.9
11194,14885
11195,11992.2
11196,10449.4
11197,9292.2
11198,8135.1
11199,9292.2
11200,10835.1
11201,14306.5
11202,16813.6
11203,16042.2
11204,14692.2
11205,11992.2
11206,10449.4
11207,5820.8
11208,1770.9
11209,998.6
11210,420.6
11211,420.6
11212,998.2
11213,5426.7
11214,18327.3
11215,19482.5
11216,18712.4
11217,16401.8
11218,14861.4
11219,11973.3
11220,10432.9
11221,9277.6
11222,8122.4
11223,9277.6
11224,10818
11225,14283.8
11226,16786.9
11227,16016.7
11228,14668.9
11229,11973.3
11230,10432.9
11231,5811.8
11232,1768.4
11233,997.3
11234,420.3
11235,420.3
11236,997
11237,5418.2
11238,18297.6
11239,19451
11240,18682.1
11241,16375.3
11242,14837.5
11243,11954
11244,10416.2
11245,9262.8
11246,8109.4
11247,9262.8
11248,10800.6
11249,14260.8
11250,16759.8
11251,15990.8
11252,14645.2
11253,11954
11254,10416.2
11255,5802.7
11256,1765.8
11257,996.1
11258,419.9
11259,419.9
11260,995.7
11261,5409.6
11262,18267.5
11263,19418.9
11264,18651.3
11265,16348.4
11266,14813.1
11267,11934.5
11268,10399.2
11269,9247.7
11270,8096.3
11271,9247.7
11272,10783
11273,14237.4
11274,16732.2
11275,15964.5
11276,14621.2
11277,11934.5
11278,10399.2
11279,5793.4
11280,1763.3
11281,994.8
11282,419.6
11283,419.6
11284,994.4
11285,5400.8
11286,18236.8
11287,19386.3
11288,18620
11289,16321
11290,14788.3
11291,11914.6
11292,10381.9
11293,9232.4
11294,8082.9
11295,9232.4
11296,10765.1
11297,14213.6
11298,16704.2
11299,15937.8
11300,14596.7
11301,11914.6
11302,10381.9
11303,5783.9
11304,1760.7
11305,993.5
11306,419.3
11307,419.3
11308,993
11309,5391.8
11310,18205.8
11311,19353.3
11312,18588.3
11313,16293.2
11314,14763.2
11315,11894.4
11316,10364.4
11317,9216.9
11318,8069.4
11319,9216.9
11320,10746.9
11321,14189.4
11322,16675.7
11323,15910.7
11324,14572
11325,11894.4
11326,10364.4
11327,5774.3
11328,1758
11329,992.1
11330,419
11331,418.9
11332,991.7
11333,5382.8
11334,18174.2
11335,19319.7
11336,18556.1
11337,16265
11338,14737.7
11339,11874
11340,10346.6
11341,9201.1
11342,8055.6
11343,9201.1
11344,10728.4
11345,14165
11346,16646.9
11347,15883.2
11348,14546.8
11349,11874
11350,10346.6
11351,5764.6
11352,1755.3
11353,990.8
11354,418.6
11355,418.6
11356,990.3
11357,5373.6
11358,18142.2
11359,19285.7
11360,18523.4
11361,16236.5
11362,14711.9
11363,11853.2
11364,10328.6
11365,9185.1
11366,8041.7
11367,9185.1
11368,10709.7
11369,14140.1
11370,16617.6
11371,15855.3
11372,14521.3
11373,11853.2
11374,10328.6
11375,5754.7
11376,1752.6
11377,989.4
11378,418.3
11379,418.3
11380,989
11381,5364.3
11382,18109.8
11383,19251.2
11384,18490.3
11385,16207.5
11386,14685.6
11387,11832.2
11388,10310.3
11389,9168.9
11390,8027.5
11391,9168.9
11392,10690.8
11393,14115
11394,16588
11395,15827
11396,14495.4
11397,11832.2
11398,10310.3
11399,5744.7
11400,1749.9
11401,988
11402,417.9
11403,417.9
11404,987.6
11405,5354.9
11406,18077
11407,19216.3
11408,18456.8
11409,16178.2
11410,14659.1
11411,11810.9
11412,10291.8
11413,9152.5
11414,8013.2
11415,9152.5
11416,10671.6
11417,14089.5
11418,16557.9
11419,15798.4
11420,14469.2
11421,11810.9
11422,10291.8
11423,5734.6
11424,1747.1
11425,986.6
11426,417.6
11427,417.6
11428,986.2
11429,5345.3
11430,18043.7
11431,19180.9
11432,18422.8
11433,16148.4
11434,14632.2
11435,11789.3
11436,10273
11437,9135.9
11438,7998.7
11439,9135.9
11440,10652.1
11441,14063.6
11442,16527.5
11443,15769.4
11444,14442.7
11445,11789.3
11446,10273
11447,5724.3
11448,1744.2
11449,985.2
11450,417.2
11451,417.2
11452,984.7
11453,5335.6
11454,18010.1
11455,19145.1
11456,18388.4
11457,16118.4
11458,14605
11459,11767.4
11460,10254.1
11461,9119
11462,7984
11463,9119
11464,10632.4
11465,14037.5
11466,16496.7
11467,15740
11468,14415.8
11469,11767.4
11470,10254.1
11471,5714
11472,1741.4
11473,983.7
11474,416.8
11475,416.8
11476,983.3
11477,5325.9
11478,17976
11479,19108.9
11480,18353.6
11481,16087.9
11482,14577.5
11483,11745.3
11484,10234.9
11485,9102
11486,7969.2
11487,9102
11488,10612.5
11489,14011
11490,16465.6
11491,15710.3
11492,14388.7
11493,11745.3
11494,10234.9
11495,5703.5
11496,1738.5
11497,982.3
11498,416.5
11499,416.5
11500,981.8
11501,5316
11502,17941.6
11503,19072.2
11504,18318.5
11505,16057.2
11506,14549.6
11507,11723
11508,10215.4
11509,9084.8
11510,7954.1
11511,9084.8
11512,10592.3
11513,13984.3
11514,16434
11515,15680.3
11516,14361.2
11517,11723
11518,10215.4
11519,5692.8
11520,1735.5
11521,980.8
11522,416.1
11523,416.1
11524,980.3
11525,5306
11526,17906.8
11527,19035.2
11528,18282.9
11529,16026
11530,14521.5
11531,11700.4
11532,10195.8
11533,9067.4
11534,7939
11535,9067.4
11536,10572
11537,13957.3
11538,16402.2
11539,15649.9
11540,14333.4
11541,11700.4
11542,10195.8
11543,5682.1
11544,1732.6
11545,979.3
11546,415.7
11547,415.7
11548,978.8
11549,5295.9
11550,17871.6
11551,18997.8
11552,18247
11553,15994.6
11554,14493
11555,11677.6
11556,10176
11557,9049.8
11558,7923.6
11559,9049.8
11560,10551.4
11561,13929.9
11562,16370
11563,15619.2
11564,14305.3
11565,11677.6
11566,10176
11567,5671.2
11568,1729.6
11569,977.8
11570,415.4
11571,415.3
11572,977.3
11573,5285.6
11574,17836.1
11575,18960
11576,18210.7
11577,15962.9
11578,14464.3
11579,11654.5
11580,10155.9
11581,9032
11582,7908.1
11583,9032
11584,10530.6
11585,13902.3
11586,16337.5
11587,15588.2
11588,14277
11589,11654.5
11590,10155.9
11591,5660.3
11592,1726.6
11593,976.3
11594,415
11595,415
11596,975.8
11597,5275.3
11598,17800.2
11599,18921.8
11600,18174.1
11601,15930.8
11602,14435.3
11603,11631.2
11604,10135.7
11605,9014.1
11606,7892.5
11607,9014.1
11608,10509.6
11609,13874.5
11610,16304.7
11611,15556.9
11612,14248.4
11613,11631.2
11614,10135.7
11615,5649.2
11616,1723.5
11617,974.7
11618,414.6
11619,414.6
11620,974.3
11621,5264.9
11622,17764
11623,18883.3
11624,18137.1
11625,15898.4
11626,14406
11627,11607.7
11628,10115.3
11629,8996
11630,7876.7
11631,8996
11632,10488.4
11633,13846.4
11634,16271.5
11635,15525.3
11636,14219.5
11637,11607.7
11638,10115.3
11639,5638
11640,1720.4
11641,973.2
11642,414.2
11643,414.2
11644,972.7
11645,5254.4
11646,17727.4
11647,18844.4
11648,18099.8
11649,15865.8
11650,14376.5
11651,11584
11652,10094.7
11653,8977.7
11654,7860.7
11655,8977.7
11656,10467
11657,13818
11658,16238.1
11659,15493.5
11660,14190.3
11661,11584
11662,10094.7
11663,5626.8
11664,1717.3
11665,971.6
11666,413.8
11667,413.8
11668,971.1
11669,5243.9
11670,17690.6
11671,18805.2
11672,18062.1
11673,15832.9
11674,14346.7
11675,11560.1
11676,10073.9
11677,8959.3
11678,7844.7
11679,8959.3
11680,10445.5
11681,13789.4
11682,16204.4
11683,15461.3
11684,14160.9
11685,11560.1
11686,10073.9
11687,5615.4
11688,1714.2
11689,970
11690,413.4
11691,413.4
11692,969.6
11693,5233.2
11694,17653.4
11695,18765.7
11696,18024.2
11697,15799.7
11698,14316.6
11699,11536
11700,10053
11701,8940.7
11702,7828.5
11703,8940.7
11704,10423.7
11705,13760.5
11706,16170.4
11707,15428.9
11708,14131.3
11709,11536
11710,10053
11711,5603.9
11712,1711
11713,968.5
11714,413
11715,413
11716,968
11717,5222.4
11718,17616
11719,18725.9
11720,17986
11721,15766.2
11722,14286.4
11723,11511.7
11724,10031.9
11725,8922
11726,7812.1
11727,8922
11728,10401.8
11729,13731.4
11730,16136.2
11731,15396.3
11732,14101.4
11733,11511.7
11734,10031.9
11735,5592.4
11736,1707.8
11737,966.9
11738,412.6
11739,412.6
11740,966.4
11741,5211.6
11742,17578.3
11743,18685.7
11744,17947.4
11745,15732.5
11746,14255.9
11747,11487.2
11748,10010.6
11749,8903.1
11750,7795.7
11751,8903.1
11752,10379.8
11753,13702.2
11754,16101.7
11755,15363.3
11756,14071.3
11757,11487.2
11758,10010.6
11759,5580.8
11760,1704.6
11761,965.2
11762,412.2
11763,412.2
11764,964.7
11765,5200.7
11766,17540.3
11767,18645.3
11768,17908.6
11769,15698.6
11770,14225.2
11771,11462.6
11772,9989.2
11773,8884.2
11774,7779.1
11775,8884.2
11776,10357.5
11777,13672.7
11778,16066.9
11779,15330.2
11780,14041
11781,11462.6
11782,9989.2
11783,5569
11784,1701.4
11785,963.6
11786,411.8
11787,411.8
11788,963.1
11789,5189.7
11790,17502.1
11791,18604.7
11792,17869.6
11793,15664.4
11794,14194.3
11795,11437.8
11796,9967.6
11797,8865
11798,7762.4
11799,8865
11800,10335.2
11801,13643
11802,16031.9
11803,15296.9
11804,14010.5
11805,11437.8
11806,9967.6
11807,5557.2
11808,1698.1
11809,962
11810,411.4
11811,411.4
11812,961.5
11813,5178.7
11814,17463.6
11815,18563.7
11816,17830.3
11817,15630
11818,14163.1
11819,11412.8
11820,9945.9
11821,8845.8
11822,7745.6
11823,8845.8
11824,10312.6
11825,13613.1
11826,15996.7
11827,15263.3
11828,13979.8
11829,11412.8
11830,9945.9
11831,5545.4
11832,1694.9
11833,960.3
11834,411
11835,411
11836,959.8
11837,5167.5
11838,17424.8
11839,18522.5
11840,17790.7
11841,15595.4
11842,14131.8
11843,11387.7
11844,9924.1
11845,8826.4
11846,7728.8
11847,8826.4
11848,10290
11849,13583
11850,15961.3
11851,15229.5
11852,13948.9
11853,11387.7
11854,9924.1
11855,5533.4
11856,1691.6
11857,958.7
11858,410.6
11859,410.6
11860,958.2
11861,5156.3
11862,17385.9
11863,18481.1
11864,17751
11865,15560.6
11866,14100.3
11867,11362.4
11868,9902.1
11869,8807
11870,7711.8
11871,8807
11872,10267.2
11873,13552.8
11874,15925.7
11875,15195.5
11876,13917.8
11877,11362.4
11878,9902.1
11879,5521.4
11880,1688.3
11881,957
11882,410.2
11883,410.1
11884,956.5
11885,5145.1
11886,17346.7
11887,18439.4
11888,17711
11889,15525.6
11890,14068.7
11891,11337
11892,9880.1
11893,8787.4
11894,7694.7
11895,8787.4
11896,10244.3
11897,13522.3
11898,15889.8
11899,15161.4
11900,13886.6
11901,11337
11902,9880.1
11903,5509.3
11904,1684.9
11905,955.3
11906,409.7
11907,409.7
11908,954.8
11909,5133.8
11910,17307.4
11911,18397.6
11912,17670.8
11913,15490.4
11914,14036.9
11915,11311.4
11916,9857.9
11917,8767.7
11918,7677.5
11919,8767.7
11920,10221.3
11921,13491.8
11922,15853.8
11923,15127
11924,13855.2
11925,11311.4
11926,9857.9
11927,5497.2
11928,1681.6
11929,953.7
11930,409.3
11931,409.3
11932,953.1
11933,5122.4
11934,17267.9
11935,18355.5
11936,17630.4
11937,15455.1
11938,14004.9
11939,11285.8
11940,9835.6
11941,8747.9
11942,7660.3
11943,8747.9
11944,10198.1
11945,13461.1
11946,15817.7
11947,15092.6
11948,13823.6
11949,11285.8
11950,9835.6
11951,5485
11952,1678.2
11953,952
11954,408.9
11955,408.9
11956,951.5
11957,5111
11958,17228.1
11959,18313.3
11960,17589.8
11961,15419.6
11962,13972.8
11963,11260
11964,9813.2
11965,8728.1
11966,7643
11967,8728.1
11968,10174.9
11969,13430.2
11970,15781.3
11971,15057.9
11972,13791.9
11973,11260
11974,9813.2
11975,5472.7
11976,1674.8
11977,950.3
11978,408.5
11979,408.5
11980,949.8
11981,5099.6
11982,17188.3
11983,18270.8
11984,17549.1
11985,15384
11986,13940.6
11987,11234.1
11988,9790.7
11989,8708.1
11990,7625.6
11991,8708.1
11992,10151.6
11993,13399.3
11994,15744.8
11995,15023.1
11996,13760.1
11997,11234.1
11998,9790.7
11999,5460.4
12000,1671.4
12001,948.6
12002,408
12003,408
12004,948.1
12005,5088.1
12006,17148.2
12007,18228.2
12008,17508.2
12009,15348.2
12010,13908.2
12011,11208.1
12012,9768.1
12013,8688.1
12014,7608.1
12015,8688.1
12016,10128.1
12017,13368.2
12018,15708.2
12019,14988.2
12020,13728.2
12021,11208.1
12022,9768.1
12023,5448.1
12024,1668
12025,946.9
12026,407.6
12027,407.6
12028,946.3
12029,5076.5
12030,17108.1
12031,18185.5
12032,17467.2
12033,15312.3
12034,13875.7
12035,11182.1
12036,9745.5
12037,8668
12038,7590.6
12039,8668
12040,10104.6
12041,13337
12042,15671.5
12043,14953.2
12044,13696.1
12045,11182.1
12046,9745.5
12047,5435.7
12048,1664.6
12049,945.2
12050,407.2
12051,407.2
12052,944.6
12053,5065
12054,17067.8
12055,18142.6
12056,17426
12057,15276.3
12058,13843.1
12059,11155.9
12060,9722.8
12061,8647.9
12062,7573
12063,8647.9
12064,10081
12065,13305.7
12066,15634.6
12067,14918
12068,13664
12069,11155.9
12070,9722.8
12071,5423.2
12072,1661.2
12073,943.4
12074,406.8
12075,406.7
12076,942.9
12077,5053.4
12078,17027.3
12079,18099.6
12080,17384.8
12081,15240.2
12082,13810.4
12083,11129.7
12084,9700
12085,8627.7
12086,7555.4
12087,8627.7
12088,10057.4
12089,13274.3
12090,15597.6
12091,14882.7
12092,13631.7
12093,11129.7
12094,9700
12095,5410.8
12096,1657.7
12097,941.7
12098,406.3
12099,406.3
12100,941.2
12101,5041.7
12102,16986.8
12103,18056.5
12104,17343.4
12105,15204
12106,13777.7
12107,11103.4
12108,9677.1
12109,8607.4
12110,7537.7
12111,8607.4
12112,10033.7
12113,13242.8
12114,15560.5
12115,14847.4
12116,13599.4
12117,11103.4
12118,9677.1
12119,5398.3
12120,1654.3
12121,940
12122,405.9
12123,405.9
12124,939.5
12125,5030.1
12126,16946.2
12127,18013.3
12128,17301.9
12129,15167.7
12130,13744.8
12131,11077
12132,9654.2
12133,8587.1
12134,7520
12135,8587.1
12136,10009.9
12137,13211.3
12138,15523.4
12139,14812
12140,13567
12141,11077
12142,9654.2
12143,5385.7
12144,1650.8
12145,938.3
12146,405.5
12147,405.5
12148,937.7
12149,5018.4
12150,16905.5
12151,17970
12152,17260.3
12153,15131.3
12154,13711.9
12155,11050.6
12156,9631.3
12157,8566.8
12158,7502.2
12159,8566.8
12160,9986.1
12161,13179.7
12162,15486.1
12163,14776.5
12164,13534.5
12165,11050.6
12166,9631.3
12167,5373.2
12168,1647.4
12169,936.5
12170,405
12171,405
12172,936
12173,5006.7
12174,16864.7
12175,17926.7
12176,17218.7
12177,15094.9
12178,13679
12179,11024.2
12180,9608.3
12181,8546.4
12182,7484.5
12183,8546.4
12184,9962.3
12185,13148
12186,15448.8
12187,14740.9
12188,13502
12189,11024.2
12190,9608.3
12191,5360.6
12192,1643.9
12193,934.8
12194,404.6
12195,404.6
12196,934.3
12197,4994.9
12198,16823.9
12199,17883.2
12200,17177
12201,15058.4
12202,13646
12203,10997.7
12204,9585.3
12205,8526
12206,7466.7
12207,8526
12208,9938.4
12209,13116.3
12210,15411.5
12211,14705.3
12212,13469.4
12213,10997.7
12214,9585.3
12215,5348
12216,1640.4
12217,933.1
12218,404.2
12219,404.1
12220,932.5
12221,4983.2
12222,16783.1
12223,17839.8
12224,17135.3
12225,15021.9
12226,13612.9
12227,10971.2
12228,9562.2
12229,8505.5
12230,7448.8
12231,8505.5
12232,9914.5
12233,13084.6
12234,15374.1
12235,14669.6
12236,13436.8
12237,10971.2
12238,9562.2
12239,5335.4
12240,1636.9
12241,931.3
12242,403.7
12243,403.7
12244,930.8
12245,4971.4
12246,16742.2
12247,17796.3
12248,17093.5
12249,14985.3
12250,13579.9
12251,10944.6
12252,9539.2
12253,8485.1
12254,7431
12255,8485.1
12256,9890.5
12257,13052.8
12258,15336.7
12259,14634
12260,13404.2
12261,10944.6
12262,9539.2
12263,5322.8
12264,1633.5
12265,929.6
12266,403.3
12267,403.3
12268,929
12269,4959.7
12270,16701.2
12271,17752.7
12272,17051.7
12273,14948.8
12274,13546.8
12275,10918.1
12276,9516.1
12277,8464.6
12278,7413.1
12279,8464.6
12280,9866.6
12281,13021.1
12282,15299.3
12283,14598.3
12284,13371.5
12285,10918.1
12286,9516.1
12287,5310.2
12288,1630
12289,927.8
12290,402.9
12291,402.8
12292,927.3
12293,4947.9
12294,16660.3
12295,17709.2
12296,17009.9
12297,14912.2
12298,13513.7
12299,10891.5
12300,9493
12301,8444.2
12302,7395.3
12303,8444.2
12304,9842.7
12305,12989.3
12306,15261.8
12307,14562.6
12308,13338.9
12309,10891.5
12310,9493
12311,5297.6
12312,1626.5
12313,926.1
12314,402.4
12315,402.4
12316,925.6
12317,4936.2
12318,16619.4
12319,17665.7
12320,16968.2
12321,14875.6
12322,13480.6
12323,10865
12324,9470
12325,8423.7
12326,7377.4
12327,8423.7
12328,9818.7
12329,12957.5
12330,15224.4
12331,14526.9
12332,13306.2
12333,10865
12334,9470
12335,5284.9
12336,1623
12337,924.4
12338,402
12339,402
12340,923.8
12341,4924.4
12342,16578.5
12343,17622.1
12344,16926.4
12345,14839.1
12346,13447.5
12347,10838.4
12348,9446.9
12349,8403.3
12350,7359.6
12351,8403.3
12352,9794.8
12353,12925.7
12354,15187
12355,14491.2
12356,13273.6
12357,10838.4
12358,9446.9
12359,5272.3
12360,1619.5
12361,922.6
12362,401.6
12363,401.5
12364,922.1
12365,4912.7
12366,16537.6
12367,17578.7
12368,16884.6
12369,14802.6
12370,13414.5
12371,10811.9
12372,9423.9
12373,8382.8
12374,7341.8
12375,8382.8
12376,9770.9
12377,12894
12378,15149.6
12379,14455.5
12380,13241
12381,10811.9
12382,9423.9
12383,5259.7
12384,1616.1
12385,920.9
12386,401.1
12387,401.1
12388,920.3
12389,4901
12390,16496.8
12391,17535.2
12392,16842.9
12393,14766.1
12394,13381.5
12395,10785.4
12396,9400.8
12397,8362.4
12398,7324
12399,8362.4
12400,9747
12401,12862.3
12402,15112.2
12403,14419.9
12404,13208.4
12405,10785.4
12406,9400.8
12407,5247.1
12408,1612.6
12409,919.1
12410,400.7
12411,400.7
12412,918.6
12413,4889.3
12414,16456
12415,17491.8
12416,16801.3
12417,14729.6
12418,13348.5
12419,10758.9
12420,9377.8
12421,8342
12422,7306.2
12423,8342
12424,9723.1
12425,12830.6
12426,15074.9
12427,14384.3
12428,13175.9
12429,10758.9
12430,9377.8
12431,5234.5
12432,1609.1
12433,917.4
12434,400.3
12435,400.2
12436,916.9
12437,4877.6
12438,16415.3
12439,17448.5
12440,16759.7
12441,14693.2
12442,13315.6
12443,10732.5
12444,9354.9
12445,8321.6
12446,7288.4
12447,8321.6
12448,9699.3
12449,12799
12450,15037.6
12451,14348.8
12452,13143.4
12453,10732.5
12454,9354.9
12455,5222
12456,1605.6
12457,915.7
12458,399.8
12459,399.8
12460,915.1
12461,4865.9
12462,16374.6
12463,17405.3
12464,16718.2
12465,14656.9
12466,13282.7
12467,10706.1
12468,9332
12469,8301.3
12470,7270.7
12471,8301.3
12472,9675.5
12473,12767.4
12474,15000.5
12475,14313.4
12476,13111
12477,10706.1
12478,9332
12479,5209.4
12480,1602.2
12481,913.9
12482,399.4
12483,399.4
12484,913.4
12485,4854.2
12486,16334.1
12487,17362.1
12488,16676.8
12489,14620.7
12490,13249.9
12491,10679.8
12492,9309.1
12493,8281
12494,7253
12495,8281
12496,9651.8
12497,12735.9
12498,14963.4
12499,14278
12500,13078.6
12501,10679.8
12502,9309.1
12503,5196.9
12504,1598.7
12505,912.2
12506,399
12507,398.9
12508,911.7
12509,4842.6
12510,16293.6
12511,17319.1
12512,16635.5
12513,14584.5
12514,13217.2
12515,10653.6
12516,9286.3
12517,8260.8
12518,7235.4
12519,8260.8
12520,9628.1
12521,12704.5
12522,14926.3
12523,14242.7
12524,13046.3
12525,10653.6
12526,9286.3
12527,5184.4
12528,1595.3
12529,910.5
12530,398.5
12531,398.5
12532,910
12533,4831
12534,16253.3
12535,17276.2
12536,16594.3
12537,14548.5
12538,13184.6
12539,10627.4
12540,9263.5
12541,8240.7
12542,7217.8
12543,8240.7
12544,9604.5
12545,12673.2
12546,14889.4
12547,14207.5
12548,13014.1
12549,10627.4
12550,9263.5
12551,5172
12552,1591.9
12553,908.8
12554,398.1
12555,398.1
12556,908.3
12557,4819.5
12558,16213.1
12559,17233.4
12560,16553.2
12561,14512.5
12562,13152.1
12563,10601.3
12564,9240.9
12565,8220.5
12566,7200.2
12567,8220.5
12568,9581
12569,12641.9
12570,14852.6
12571,14172.4
12572,12982
12573,10601.3
12574,9240.9
12575,5159.6
12576,1588.4
12577,907.1
12578,397.7
12579,397.7
12580,906.6
12581,4808
12582,16173
12583,17190.8
12584,16512.3
12585,14476.7
12586,13119.7
12587,10575.3
12588,9218.3
12589,8200.5
12590,7182.7
12591,8200.5
12592,9557.5
12593,12610.8
12594,14816
12595,14137.5
12596,12950.1
12597,10575.3
12598,9218.3
12599,5147.2
12600,1585
12601,905.4
12602,397.2
12603,397.2
12604,904.9
12605,4796.5
12606,16133.1
12607,17148.3
12608,16471.5
12609,14441
12610,13087.4
12611,10549.4
12612,9195.8
12613,8180.5
12614,7165.3
12615,8180.5
12616,9534.2
12617,12579.8
12618,14779.4
12619,14102.6
12620,12918.2
12621,10549.4
12622,9195.8
12623,5134.9
12624,1581.6
12625,903.7
12626,396.8
12627,396.8
12628,903.2
12629,4785.1
12630,16093.3
12631,17106
12632,16430.9
12633,14405.5
12634,13055.3
12635,10523.6
12636,9173.3
12637,8160.7
12638,7148
12639,8160.7
12640,9510.9
12641,12548.9
12642,14743.1
12643,14067.9
12644,12886.5
12645,10523.6
12646,9173.3
12647,5122.6
12648,1578.2
12649,902
12650,396.4
12651,396.4
12652,901.5
12653,4773.7
12654,16053.7
12655,17063.8
12656,16390.4
12657,14370.1
12658,13023.2
12659,10497.9
12660,9151
12661,8140.9
12662,7130.7
12663,8140.9
12664,9487.7
12665,12518.2
12666,14706.8
12667,14033.4
12668,12854.9
12669,10497.9
12670,9151
12671,5110.4
12672,1574.9
12673,900.3
12674,396
12675,396
12676,899.8
12677,4762.4
12678,16014.3
12679,17021.9
12680,16350.2
12681,14334.9
12682,12991.4
12683,10472.3
12684,9128.8
12685,8121.1
12686,7113.5
12687,8121.1
12688,9464.7
12689,12487.6
12690,14670.8
12691,13999
12692,12823.4
12693,10472.3
12694,9128.8
12695,5098.2
12696,1571.5
12697,898.6
12698,395.6
12699,395.6
12700,898.1
12701,4751.1
12702,15975.1
12703,16980.2
12704,16310.1
12705,14299.8
12706,12959.7
12707,10446.8
12708,9106.7
12709,8101.5
12710,7096.4
12711,8101.5
12712,9441.7
12713,12457.1
12714,14634.9
12715,13964.8
12716,12792.1
12717,10446.8
12718,9106.7
12719,5086.1
12720,1568.2
12721,897
12722,395.2
12723,395.1
12724,896.5
12725,4739.9
12726,15936.1
12727,16938.7
12728,16270.3
12729,14265
12730,12928.1
12731,10421.5
12732,9084.7
12733,8082
12734,7079.4
12735,8082
12736,9418.9
12737,12426.8
12738,14599.2
12739,13930.8
12740,12761
12741,10421.5
12742,9084.7
12743,5074.1
12744,1564.9
12745,895.3
12746,394.7
12747,394.7
12748,894.8
12749,4728.8
12750,15897.3
12751,16897.4
12752,16230.6
12753,14230.3
12754,12896.8
12755,10396.3
12756,9062.8
12757,8062.6
12758,7062.5
12759,8062.6
12760,9396.2
12761,12396.7
12762,14563.7
12763,13896.9
12764,12730.1
12765,10396.3
12766,9062.8
12767,5062.1
12768,1561.6
12769,893.7
12770,394.3
12771,394.3
12772,893.2
12773,4717.7
12774,15858.7
12775,16856.4
12776,16191.3
12777,14195.9
12778,12865.6
12779,10371.3
12780,9041.1
12781,8043.4
12782,7045.6
12783,8043.4
12784,9373.6
12785,12366.7
12786,14528.4
12787,13863.3
12788,12699.3
12789,10371.3
12790,9041.1
12791,5050.2
12792,1558.3
12793,892.1
12794,393.9
12795,393.9
12796,891.6
12797,4706.7
12798,15820.4
12799,16815.6
12800,16152.1
12801,14161.6
12802,12834.6
12803,10346.5
12804,9019.4
12805,8024.2
12806,7028.9
12807,8024.2
12808,9351.2
12809,12337
12810,14493.4
12811,13829.9
12812,12668.7
12813,10346.5
12814,9019.4
12815,5038.4
12816,1555
12817,890.4
12818,393.5
12819,393.5
12820,889.9
12821,4695.7
12822,15782.3
12823,16775.1
12824,16113.2
12825,14127.6
12826,12803.8
12827,10321.8
12828,8998
12829,8005.2
12830,7012.3
12831,8005.2
12832,9328.9
12833,12307.4
12834,14458.5
12835,13796.6
12836,12638.3
12837,10321.8
12838,8998
12839,5026.7
12840,1551.8
12841,888.8
12842,393.1
12843,393.1
12844,888.3
12845,4684.9
12846,15744.5
12847,16734.9
12848,16074.6
12849,14093.8
12850,12773.3
12851,10297.2
12852,8976.7
12853,7986.3
12854,6995.8
12855,7986.3
12856,9306.8
12857,12278
12858,14423.9
12859,13763.7
12860,12608.2
12861,10297.2
12862,8976.7
12863,5015
12864,1548.6
12865,887.2
12866,392.7
12867,392.7
12868,886.7
12869,4674.1
12870,15707
12871,16695
12872,16036.3
12873,14060.3
12874,12742.9
12875,10272.9
12876,8955.5
12877,7967.5
12878,6979.5
12879,7967.5
12880,9284.8
12881,12248.9
12882,14389.6
12883,13730.9
12884,12578.2
12885,10272.9
12886,8955.5
12887,5003.4
12888,1545.4
12889,885.6
12890,392.3
12891,392.3
12892,885.1
12893,4663.4
12894,15669.7
12895,16655.4
12896,15998.3
12897,14027
12898,12712.8
12899,10248.7
12900,8934.5
12901,7948.9
12902,6963.2
12903,7948.9
12904,9263.1
12905,12220
12906,14355.5
12907,13698.4
12908,12548.5
12909,10248.7
12910,8934.5
12911,4991.9
12912,1542.2
12913,884
12914,391.9
12915,391.9
12916,883.6
12917,4652.8
12918,15632.8
12919,16616.1
12920,15960.5
12921,13994
12922,12682.9
12923,10224.7
12924,8913.7
12925,7930.4
12926,6947.1
12927,7930.4
12928,9241.4
12929,12191.3
12930,14321.7
12931,13666.2
12932,12519
12933,10224.7
12934,8913.7
12935,4980.5
12936,1539.1
12937,882.5
12938,391.5
12939,391.5
12940,882
12941,4642.3
12942,15596.1
12943,16577.1
12944,15923.1
12945,13961.2
12946,12653.3
12947,10200.9
12948,8893
12949,7912.1
12950,6931.1
12951,7912.1
12952,9220
12953,12162.8
12954,14288.2
12955,13634.3
12956,12489.8
12957,10200.9
12958,8893
12959,4969.2
12960,1535.9
12961,880.9
12962,391.1
12963,391.1
12964,880.5
12965,4631.8
12966,15559.8
12967,16538.5
12968,15886
12969,13928.8
12970,12623.9
12971,10177.4
12972,8872.5
12973,7893.9
12974,6915.3
12975,7893.9
12976,9198.8
12977,12134.6
12978,14255
12979,13602.6
12980,12460.8
12981,10177.4
12982,8872.5
12983,4958
12984,1532.8
12985,879.4
12986,390.8
12987,390.8
12988,878.9
12989,4621.5
12990,15523.8
12991,16500.2
12992,15849.3
12993,13896.6
12994,12594.8
12995,10154
12996,8852.3
12997,7875.9
12998,6899.6
12999,7875.9
13000,9177.7
13001,12106.7
13002,14222.1
13003,13571.2
13004,12432.1
13005,10154
13006,8852.3
13007,4946.9
13008,1529.8
13009,877.9
13010,390.4
13011,390.4
13012,877.4
13013,4611.3
13014,15488.2
13015,16462.2
13016,15812.9
13017,13864.8
13018,12566
13019,10130.9
13020,8832.2
13021,7858.1
13022,6884
13023,7858.1
13024,9156.8
13025,12079
13026,14189.5
13027,13540.1
13028,12403.7
13029,10130.9
13030,8832.2
13031,4935.9
13032,1526.7
13033,876.4
13034,390
13035,390
13036,875.9
13037,4601.1
13038,15452.9
13039,16424.7
13040,15776.8
13041,13833.2
13042,12537.5
13043,10108
13044,8812.3
13045,7840.5
13046,6868.7
13047,7840.5
13048,9136.2
13049,12051.6
13050,14157.2
13051,13509.3
13052,12375.5
13053,10108
13054,8812.3
13055,4925
13056,1523.7
13057,874.9
13058,389.6
13059,389.6
13060,874.4
13061,4591.1
13062,15418
13063,16387.5
13064,15741.2
13065,13802
13066,12509.2
13067,10085.3
13068,8792.6
13069,7823
13070,6853.4
13071,7823
13072,9115.7
13073,12024.5
13074,14125.2
13075,13478.8
13076,12347.6
13077,10085.3
13078,8792.6
13079,4914.3
13080,1520.8
13081,873.4
13082,389.3
13083,389.3
13084,873
13085,4581.2
13086,15383.4
13087,16350.8
13088,15705.9
13089,13771.1
13090,12481.3
13091,10062.9
13092,8773.1
13093,7805.7
13094,6838.3
13095,7805.7
13096,9095.5
13097,11997.6
13098,14093.6
13099,13448.7
13100,12320.1
13101,10062.9
13102,8773.1
13103,4903.6
13104,1517.8
13105,871.9
13106,388.9
13107,388.9
13108,871.5
13109,4571.3
13110,15349.2
13111,16314.4
13112,15670.9
13113,13740.6
13114,12453.7
13115,10040.7
13116,8753.8
13117,7788.6
13118,6823.4
13119,7788.6
13120,9075.5
13121,11971.1
13122,14062.3
13123,13418.8
13124,12292.8
13125,10040.7
13126,8753.8
13127,4893.1
13128,1514.9
13129,870.5
13130,388.5
13131,388.5
13132,870.1
13133,4561.6
13134,15315.4
13135,16278.5
13136,15636.4
13137,13710.4
13138,12426.3
13139,10018.8
13140,8734.7
13141,7771.7
13142,6808.7
13143,7771.7
13144,9055.8
13145,11944.8
13146,14031.4
13147,13389.4
13148,12265.8
13149,10018.8
13150,8734.7
13151,4882.6
13152,1512
13153,869.1
13154,388.2
13155,388.2
13156,868.6
13157,4552
13158,15282
13159,16242.9
13160,15602.3
13161,13680.5
13162,12399.4
13163,9997.1
13164,8715.9
13165,7755
13166,6794.1
13167,7755
13168,9036.2
13169,11918.9
13170,14000.8
13171,13360.3
13172,12239.2
13173,9997.1
13174,8715.9
13175,4872.3
13176,1509.2
13177,867.7
13178,387.8
13179,387.8
13180,867.2
13181,4542.6
13182,15249.1
13183,16207.9
13184,15568.7
13185,13651.1
13186,12372.7
13187,9975.7
13188,8697.3
13189,7738.5
13190,6779.7
13191,7738.5
13192,9016.9
13193,11893.3
13194,13970.7
13195,13331.5
13196,12212.9
13197,9975.7
13198,8697.3
13199,4862.2
13200,1506.4
13201,866.3
13202,387.5
13203,387.5
13204,865.9
13205,4533.2
13206,15216.5
13207,16173.2
13208,15535.4
13209,13622
13210,12346.4
13211,9954.6
13212,8679
13213,7722.3
13214,6765.6
13215,7722.3
13216,8997.9
13217,11868
13218,13940.9
13219,13303.1
13220,12186.9
13221,9954.6
13222,8679
13223,4852.1
13224,1503.6
13225,864.9
13226,387.1
13227,387.1
13228,864.5
13229,4524
13230,15184.4
13231,16139.1
13232,15502.6
13233,13593.3
13234,12320.4
13235,9933.8
13236,8660.9
13237,7706.2
13238,6751.5
13239,7706.2
13240,8979.1
13241,11843.1
13242,13911.5
13243,13275.1
13244,12161.3
13245,9933.8
13246,8660.9
13247,4842.2
13248,1500.9
13249,863.5
13250,386.8
13251,386.8
13252,863.1
13253,4514.9
13254,15152.7
13255,16105.4
13256,15470.3
13257,13565
13258,12294.8
13259,9913.2
13260,8643
13261,7690.4
13262,6737.7
13263,7690.4
13264,8960.6
13265,11818.5
13266,13882.5
13267,13247.4
13268,12136
13269,9913.2
13270,8643
13271,4832.4
13272,1498.2
13273,862.2
13274,386.5
13275,386.5
13276,861.8
13277,4505.9
13278,15121.5
13279,16072.1
13280,15438.4
13281,13537.1
13282,12269.5
13283,9892.9
13284,8625.4
13285,7674.8
13286,6724.1
13287,7674.8
13288,8942.3
13289,11794.2
13290,13854
13291,13220.2
13292,12111.1
13293,9892.9
13294,8625.4
13295,4822.8
13296,1495.5
13297,860.9
13298,386.2
13299,386.1
13300,860.5
13301,4497.1
13302,15090.7
13303,16039.4
13304,15407
13305,13509.6
13306,12244.7
13307,9873
13308,8608.1
13309,7659.4
13310,6710.7
13311,7659.4
13312,8924.3
13313,11770.3
13314,13825.8
13315,13193.4
13316,12086.6
13317,9873
13318,8608.1
13319,4813.3
13320,1492.9
13321,859.6
13322,385.8
13323,385.8
13324,859.2
13325,4488.4
13326,15060.4
13327,16007.2
13328,15376
13329,13482.5
13330,12220.2
13331,9853.3
13332,8591
13333,7644.2
13334,6697.5
13335,7644.2
13336,8906.6
13337,11746.8
13338,13798.1
13339,13166.9
13340,12062.4
13341,9853.3
13342,8591
13343,4804
13344,1490.3
13345,858.3
13346,385.5
13347,385.5
13348,857.9
13349,4479.8
13350,15030.6
13351,15975.5
13352,15345.6
13353,13455.9
13354,12196.1
13355,9834
13356,8574.2
13357,7629.3
13358,6684.5
13359,7629.3
13360,8889.1
13361,11723.6
13362,13770.8
13363,13140.9
13364,12038.6
13365,9834
13366,8574.2
13367,4794.8
13368,1487.8
13369,857.1
13370,385.2
13371,385.2
13372,856.7
13373,4471.4
13374,15001.3
13375,15944.2
13376,15315.6
13377,13429.6
13378,12172.3
13379,9814.9
13380,8557.6
13381,7614.6
13382,6671.7
13383,7614.6
13384,8871.9
13385,11700.9
13386,13744
13387,13115.3
13388,12015.2
13389,9814.9
13390,8557.6
13391,4785.7
13392,1485.3
13393,855.8
13394,384.9
13395,384.9
13396,855.5
13397,4463.1
13398,14972.4
13399,15913.6
13400,15286.1
13401,13403.9
13402,12149
13403,9796.2
13404,8541.4
13405,7600.2
13406,6659.1
13407,7600.2
13408,8855.1
13409,11678.5
13410,13717.6
13411,13090.2
13412,11992.2
13413,9796.2
13414,8541.4
13415,4776.8
13416,1482.9
13417,854.6
13418,384.6
13419,384.6
13420,854.3
13421,4455
13422,14944.1
13423,15883.4
13424,15257.2
13425,13378.6
13426,12126.1
13427,9777.8
13428,8525.4
13429,7586.1
13430,6646.7
13431,7586.1
13432,8838.5
13433,11656.5
13434,13691.7
13435,13065.4
13436,11969.6
13437,9777.8
13438,8525.4
13439,4768.1
13440,1480.4
13441,853.4
13442,384.3
13443,384.3
13444,853.1
13445,4447
13446,14916.3
13447,15853.8
13448,15228.8
13449,13353.7
13450,12103.6
13451,9759.8
13452,8509.7
13453,7572.1
13454,6634.6
13455,7572.1
13456,8822.2
13457,11634.9
13458,13666.2
13459,13041.2
13460,11947.4
13461,9759.8
13462,8509.7
13463,4759.5
13464,1478.1
13465,852.3
13466,384
13467,384
13468,851.9
13469,4439.1
13470,14889
13471,15824.8
13472,15200.9
13473,13329.3
13474,12081.6
13475,9742
13476,8494.3
13477,7558.5
13478,6622.7
13479,7558.5
13480,8806.2
13481,11613.6
13482,13641.2
13483,13017.4
13484,11925.6
13485,9742
13486,8494.3
13487,4751.1
13488,1475.7
13489,851.1
13490,383.7
13491,383.7
13492,850.8
13493,4431.5
13494,14862.2
13495,15796.3
13496,15173.6
13497,13305.4
13498,12059.9
13499,9724.7
13500,8479.2
13501,7545.1
13502,6611
13503,7545.1
13504,8790.6
13505,11592.9
13506,13616.7
13507,12994
13508,11904.2
13509,9724.7
13510,8479.2
13511,4742.8
13512,1473.5
13513,850
13514,383.4
13515,383.4
13516,849.6
13517,4423.9
13518,14836
13519,15768.4
13520,15146.8
13521,13281.9
13522,12038.7
13523,9707.6
13524,8464.4
13525,7532
13526,6599.6
13527,7532
13528,8775.2
13529,11572.5
13530,13592.7
13531,12971.1
13532,11883.3
13533,9707.6
13534,8464.4
13535,4734.7
13536,1471.2
13537,848.9
13538,383.2
13539,383.2
13540,848.6
13541,4416.5
13542,14810.3
13543,15741.1
13544,15120.5
13545,13259
13546,12017.9
13547,9691
13548,8449.9
13549,7519.1
13550,6588.4
13551,7519.1
13552,8760.2
13553,11552.5
13554,13569.2
13555,12948.7
13556,11862.8
13557,9691
13558,8449.9
13559,4726.8
13560,1469
13561,847.8
13562,382.9
13563,382.9
13564,847.5
13565,4409.3
13566,14785.1
13567,15714.3
13568,15094.9
13569,13236.5
13570,11997.6
13571,9674.7
13572,8435.7
13573,7506.6
13574,6577.4
13575,7506.6
13576,8745.5
13577,11533
13578,13546.2
13579,12926.8
13580,11842.7
13581,9674.7
13582,8435.7
13583,4719
13584,1466.9
13585,846.8
13586,382.6
13587,382.6
13588,846.4
13589,4402.3
13590,14760.5
13591,15688.2
13592,15069.7
13593,13214.5
13594,11977.7
13595,9658.7
13596,8421.9
13597,7494.3
13598,6566.7
13599,7494.3
13600,8731.1
13601,11513.9
13602,13523.7
13603,12905.3
13604,11823.1
13605,9658.7
13606,8421.9
13607,4711.4
13608,1464.8
13609,845.7
13610,382.4
13611,382.4
13612,845.4
13613,4395.4
13614,14736.5
13615,15662.6
13616,15045.2
13617,13193.1
13618,11958.3
13619,9643.1
13620,8408.3
13621,7482.3
13622,6556.2
13623,7482.3
13624,8717
13625,11495.3
13626,13501.8
13627,12884.4
13628,11804
13629,9643.1
13630,8408.3
13631,4704
13632,1462.8
13633,844.7
13634,382.1
13635,382.1
13636,844.4
13637,4388.6
13638,14713.1
13639,15637.7
13640,15021.3
13641,13172.1
13642,11939.3
13643,9627.9
13644,8395.1
13645,7470.6
13646,6546
13647,7470.6
13648,8703.3
13649,11477.1
13650,13480.3
13651,12863.9
13652,11785.3
13653,9627.9
13654,8395.1
13655,4696.8
13656,1460.8
13657,843.7
13658,381.9
13659,381.9
13660,843.4
13661,4382.1
13662,14690.2
13663,15613.4
13664,14997.9
13665,13151.7
13666,11920.9
13667,9613.1
13668,8382.2
13669,7459.1
13670,6536
13671,7459.1
13672,8689.9
13673,11459.3
13674,13459.4
13675,12844
13676,11767
13677,9613.1
13678,8382.2
13679,4689.8
13680,1458.8
13681,842.8
13682,381.6
13683,381.6
13684,842.5
13685,4375.7
13686,14668
13687,15589.7
13688,14975.2
13689,13131.8
13690,11902.9
13691,9598.6
13692,8369.7
13693,7448
13694,6526.3
13695,7448
13696,8676.9
13697,11442
13698,13439
13699,12824.6
13700,11749.2
13701,9598.6
13702,8369.7
13703,4682.9
13704,1456.9
13705,841.8
13706,381.4
13707,381.4
13708,841.6
13709,4369.4
13710,14646.3
13711,15566.6
13712,14953.1
13713,13112.4
13714,11885.3
13715,9584.5
13716,8357.5
13717,7437.1
13718,6516.8
13719,7437.1
13720,8664.2
13721,11425.2
13722,13419.2
13723,12805.6
13724,11731.9
13725,9584.5
13726,8357.5
13727,4676.2
13728,1455.1
13729,840.9
13730,381.2
13731,381.2
13732,840.7
13733,4363.4
13734,14625.2
13735,15544.2
13736,14931.5
13737,13093.6
13738,11868.3
13739,9570.9
13740,8345.6
13741,7426.6
13742,6507.6
13743,7426.6
13744,8651.9
13745,11408.8
13746,13399.9
13747,12787.3
13748,11715.1
13749,9570.9
13750,8345.6
13751,4669.7
13752,1453.3
13753,840.1
13754,381
13755,381
13756,839.8
13757,4357.5
13758,14604.7
13759,15522.4
13760,14910.6
13761,13075.3
13762,11851.7
13763,9557.6
13764,8334
13765,7416.4
13766,6498.7
13767,7416.4
13768,8639.9
13769,11392.9
13770,13381.2
13771,12769.4
13772,11698.8
13773,9557.6
13774,8334
13775,4663.4
13776,1451.6
13777,839.2
13778,380.8
13779,380.7
13780,839
13781,4351.8
13782,14584.9
13783,15501.3
13784,14890.3
13785,13057.5
13786,11835.7
13787,9544.7
13788,8322.8
13789,7406.4
13790,6490
13791,7406.4
13792,8628.3
13793,11377.5
13794,13363
13795,12752.1
13796,11683
13797,9544.7
13798,8322.8
13799,4657.3
13800,1449.9
13801,838.4
13802,380.6
13803,380.5
13804,838.1
13805,4346.3
13806,14565.6
13807,15480.8
13808,14870.7
13809,13040.4
13810,11820.1
13811,9532.2
13812,8312
13813,7396.8
13814,6481.7
13815,7396.8
13816,8617
13817,11362.5
13818,13345.4
13819,12735.3
13820,11667.6
13821,9532.2
13822,8312
13823,4651.3
13824,1448.2
13825,837.6
13826,380.4
13827,380.3
13828,837.3
13829,4340.9
13830,14547
13831,15461
13832,14851.7
13833,13023.7
13834,11805.1
13835,9520.1
13836,8301.5
13837,7387.5
13838,6473.5
13839,7387.5
13840,8606.2
13841,11348.1
13842,13328.4
13843,12719.1
13844,11652.7
13845,9520.1
13846,8301.5
13847,4645.6
13848,1446.6
13849,836.8
13850,380.2
13851,380.2
13852,836.6
13853,4335.8
13854,14529
13855,15441.9
13856,14833.3
13857,13007.6
13858,11790.5
13859,9508.5
13860,8291.4
13861,7378.5
13862,6465.7
13863,7378.5
13864,8595.6
13865,11334.1
13866,13311.9
13867,12703.4
13868,11638.4
13869,9508.5
13870,8291.4
13871,4640
13872,1445.1
13873,836.1
13874,380
13875,380
13876,835.8
13877,4330.8
13878,14511.7
13879,15423.4
13880,14815.6
13881,12992.1
13882,11776.5
13883,9497.2
13884,8281.6
13885,7369.8
13886,6458.1
13887,7369.8
13888,8585.5
13889,11320.6
13890,13296.1
13891,12688.2
13892,11624.6
13893,9497.2
13894,8281.6
13895,4634.7
13896,1443.6
13897,835.3
13898,379.8
13899,379.8
13900,835.1
13901,4326
13902,14495
13903,15405.6
13904,14798.5
13905,12977.2
13906,11763
13907,9486.4
13908,8272.1
13909,7361.5
13910,6450.8
13911,7361.5
13912,8575.7
13913,11307.7
13914,13280.8
13915,12673.7
13916,11611.2
13917,9486.4
13918,8272.1
13919,4629.5
13920,1442.2
13921,834.6
13922,379.6
13923,379.6
13924,834.4
13925,4321.4
13926,14478.9
13927,15388.5
13928,14782.1
13929,12962.9
13930,11750
13931,9475.9
13932,8263.1
13933,7353.5
13934,6443.8
13935,7353.5
13936,8566.3
13937,11295.2
13938,13266.1
13939,12659.6
13940,11598.4
13941,9475.9
13942,8263.1
13943,4624.6
13944,1440.8
13945,834
13946,379.5
13947,379.5
13948,833.8
13949,4316.9
13950,14463.5
13951,15372.1
13952,14766.4
13953,12949.1
13954,11737.5
13955,9465.9
13956,8254.4
13957,7345.8
13958,6437.1
13959,7345.8
13960,8557.3
13961,11283.2
13962,13252
13963,12646.2
13964,11586.1
13965,9465.9
13966,8254.4
13967,4619.8
13968,1439.5
13969,833.3
13970,379.3
13971,379.3
13972,833.2
13973,4312.7
13974,14448.7
13975,15356.4
13976,14751.3
13977,12935.9
13978,11725.6
13979,9456.4
13980,8246.1
13981,7338.4
13982,6430.7
13983,7338.4
13984,8548.6
13985,11271.8
13986,13238.5
13987,12633.3
13988,11574.3
13989,9456.4
13990,8246.1
13991,4615.3
13992,1438.3
13993,832.7
13994,379.2
13995,379.1
13996,832.6
13997,4308.6
13998,14434.6
13999,15341.4
14000,14736.9
14001,12923.3
14002,11714.2
14003,9447.2
14004,8238.1
14005,7331.3
14006,6424.5
14007,7331.3
14008,8540.4
14009,11260.8
14010,13225.6
14011,12621
14012,11563.1
14013,9447.2
14014,8238.1
14015,4610.9
14016,1437.1
14017,832.2
14018,379
14019,379
14020,832
14021,4304.8
14022,14421.2
14023,15327.1
14024,14723.2
14025,12911.3
14026,11703.4
14027,9438.5
14028,8230.6
14029,7324.6
14030,6418.7
14031,7324.6
14032,8532.5
14033,11250.4
14034,13213.3
14035,12609.3
14036,11552.4
14037,9438.5
14038,8230.6
14039,4606.8
14040,1435.9
14041,831.6
14042,378.9
14043,378.9
14044,831.4
14045,4301.1
14046,14408.4
14047,15313.6
14048,14710.1
14049,12899.9
14050,11693
14051,9430.2
14052,8223.4
14053,7318.2
14054,6413.1
14055,7318.2
14056,8525.1
14057,11240.5
14058,13201.6
14059,12598.2
14060,11542.2
14061,9430.2
14062,8223.4
14063,4602.8
14064,1434.9
14065,831.1
14066,378.7
14067,378.7
14068,830.9
14069,4297.6
14070,14396.3
14071,15300.7
14072,14697.8
14073,12889.1
14074,11683.2
14075,9422.3
14076,8216.5
14077,7312.2
14078,6407.8
14079,7312.2
14080,8518
14081,11231.1
14082,13190.5
14083,12587.6
14084,11532.5
14085,9422.3
14086,8216.5
14087,4599.1
14088,1433.8
14089,830.6
14090,378.6
14091,378.6
14092,830.4
14093,4294.4
14094,14384.9
14095,15288.5
14096,14686.1
14097,12878.9
14098,11674
14099,9414.9
14100,8210.1
14101,7306.5
14102,6402.8
14103,7306.5
14104,8511.3
14105,11222.2
14106,13180.1
14107,12577.6
14108,11523.4
14109,9414.9
14110,8210.1
14111,4595.6
14112,1432.8
14113,830.1
14114,378.5
14115,378.5
14116,830
14117,4291.3
14118,14374.2
14119,15277.1
14120,14675.1
14121,12869.2
14122,11665.3
14123,9408
14124,8204
14125,7301.1
14126,6398.1
14127,7301.1
14128,8505
14129,11213.8
14130,13170.2
14131,12568.3
14132,11514.8
14133,9408
14134,8204
14135,4592.2
14136,1431.9
14137,829.7
14138,378.4
14139,378.4
14140,829.5
14141,4288.4
14142,14364.1
14143,15266.4
14144,14664.9
14145,12860.3
14146,11657.2
14147,9401.4
14148,8198.4
14149,7296.1
14150,6393.7
14151,7296.1
14152,8499.1
14153,11206
14154,13161
14155,12559.5
14156,11506.8
14157,9401.4
14158,8198.4
14159,4589.1
14160,1431.1
14161,829.3
14162,378.3
14163,378.3
14164,829.1
14165,4285.7
14166,14354.7
14167,15256.4
14168,14655.3
14169,12851.9
14170,11649.6
14171,9395.3
14172,8193.1
14173,7291.4
14174,6389.7
14175,7291.4
14176,8493.6
14177,11198.7
14178,13152.4
14179,12551.3
14180,11499.3
14181,9395.3
14182,8193.1
14183,4586.2
14184,1430.3
14185,828.9
14186,378.2
14187,378.2
14188,828.8
14189,4283.2
14190,14346
14191,15247.2
14192,14646.4
14193,12844.1
14194,11642.6
14195,9389.7
14196,8188.2
14197,7287
14198,6385.9
14199,7287
14200,8488.5
14201,11192
14202,13144.5
14203,12543.7
14204,11492.4
14205,9389.7
14206,8188.2
14207,4583.6
14208,1429.5
14209,828.5
14210,378.1
14211,378.1
14212,828.4
14213,4280.9
14214,14338
14215,15238.7
14216,14638.2
14217,12836.9
14218,11636.1
14219,9384.5
14220,8183.7
14221,7283
14222,6382.4
14223,7283
14224,8483.9
14225,11185.8
14226,13137.2
14227,12536.7
14228,11486
14229,9384.5
14230,8183.7
14231,4581.1
14232,1428.9
14233,828.2
14234,378
14235,378
14236,828.1
14237,4278.8
14238,14330.7
14239,15230.9
14240,14630.8
14241,12830.4
14242,11630.2
14243,9379.8
14244,8179.5
14245,7279.4
14246,6379.2
14247,7279.4
14248,8479.6
14249,11180.1
14250,13130.5
14251,12530.4
14252,11480.2
14253,9379.8
14254,8179.5
14255,4578.8
14256,1428.2
14257,827.9
14258,378
14259,378
14260,827.8
14261,4276.9
14262,14324.1
14263,15223.8
14264,14624
14265,12824.5
14266,11624.8
14267,9375.5
14268,8175.8
14269,7276
14270,6376.3
14271,7276
14272,8475.7
14273,11175
14274,13124.4
14275,12524.6
14276,11474.9
14277,9375.5
14278,8175.8
14279,4576.8
14280,1427.7
14281,827.7
14282,377.9
14283,377.9
14284,827.6
14285,4275.2
14286,14318.2
14287,15217.5
14288,14617.9
14289,12819.2
14290,11620
14291,9371.6
14292,8172.5
14293,7273.1
14294,6373.7
14295,7273.1
14296,8472.2
14297,11170.4
14298,13119
14299,12519.4
14300,11470.1
14301,9371.6
14302,8172.5
14303,4575
14304,1427.2
14305,827.4
14306,377.8
14307,377.8
14308,827.4
14309,4273.7
14310,14312.9
14311,15212
14312,14612.6
14313,12814.5
14314,11615.8
14315,9368.2
14316,8169.5
14317,7270.5
14318,6371.4
14319,7270.5
14320,8469.2
14321,11166.3
14322,13114.2
14323,12514.9
14324,11466
14325,9368.2
14326,8169.5
14327,4573.4
14328,1426.7
14329,827.2
14330,377.8
14331,377.8
14332,827.2
14333,4272.4
14334,14308.4
14335,15207.2
14336,14608
14337,12810.5
14338,11612.2
14339,9365.3
14340,8167
14341,7268.2
14342,6369.5
14343,7268.2
14344,8466.5
14345,11162.8
14346,13110.1
14347,12510.9
14348,11462.4
14349,9365.3
14350,8167
14351,4572
14352,1426.3
14353,827.1
14354,377.8
14355,377.8
14356,827
14357,4271.3
14358,14304.6
14359,15203.1
14360,14604.1
14361,12807.1
14362,11609.1
14363,9362.8
14364,8164.8
14365,7266.3
14366,6367.8
14367,7266.3
14368,8464.3
14369,11159.8
14370,13106.6
14371,12507.6
14372,11459.3
14373,9362.8
14374,8164.8
14375,4570.8
14376,1426
14377,826.9
14378,377.7
14379,377.7
14380,826.9
14381,4270.4
14382,14301.5
14383,15199.8
14384,14600.9
14385,12804.3
14386,11606.5
14387,9360.8
14388,8163
14389,7264.7
14390,6366.4
14391,7264.7
14392,8462.5
14393,11157.4
14394,13103.7
14395,12504.8
14396,11456.8
14397,9360.8
14398,8163
14399,4569.8
14400,1425.7
14401,826.8
14402,377.7
14403,377.7
14404,826.8
14405,4269.7
14406,14299
14407,15197.2
14408,14598.4
14409,12802.1
14410,11604.6
14411,9359.2
14412,8161.7
14413,7263.5
14414,6365.4
14415,7263.5
14416,8461.1
14417,11155.5
14418,13101.5
14419,12502.7
14420,11454.9
14421,9359.2
14422,8161.7
14423,4569.1
14424,1425.5
14425,826.7
14426,377.7
14427,377.7
14428,826.7
14429,4269.2
14430,14297.3
14431,15195.4
14432,14596.7
14433,12800.6
14434,11603.2
14435,9358.1
14436,8160.7
14437,7262.7
14438,6364.6
14439,7262.7
14440,8460.1
14441,11154.2
14442,13099.9
14443,12501.2
14444,11453.5
14445,9358.1
14446,8160.7
14447,4568.5
14448,1425.4
14449,826.7
14450,377.7
14451,377.7
14452,826.7
14453,4268.9
14454,14296.3
14455,15194.3
14456,14595.6
14457,12799.7
14458,11602.4
14459,9357.4
14460,8160.1
14461,7262.2
14462,6364.2
14463,7262.2
14464,8459.5
14465,11153.4
14466,13099
14467,12500.4
14468,11452.7
14469,9357.4
14470,8160.1
14471,4568.2
14472,1425.3
14473,826.6
14474,377.7
14475,377.7
14476,826.6
14477,4268.8
14478,14296
14479,15194
14480,14595.3
14481,12799.4
14482,11602.1
14483,9357.2
14484,8160
14485,7262
14486,6364
14487,7262
14488,8459.3
14489,11153.1
14490,13098.7
14491,12500.1
14492,11452.5
14493,9357.2
14494,8160
14495,4568.1
14496,1425.3
14497,826.6
14498,377.7
14499,377.7
14500,826.7
14501,4268.9
14502,14296.4
14503,15194.4
14504,14595.7
14505,12799.8
14506,11602.4
14507,9357.5
14508,8160.2
14509,7262.2
14510,6364.2
14511,7262.2
14512,8459.5
14513,11153.5
14514,13099.1
14515,12500.4
14516,11452.8
14517,9357.5
14518,8160.2
14519,4568.3
14520,1425.3
14521,826.7
14522,377.7
14523,377.7
14524,826.7
14525,4269.2
14526,14297.5
14527,15195.5
14528,14596.8
14529,12800.7
14530,11603.3
14531,9358.2
14532,8160.8
14533,7262.7
14534,6364.7
14535,7262.7
14536,8460.2
14537,11154.3
14538,13100.1
14539,12501.4
14540,11453.7
14541,9358.2
14542,8160.8
14543,4568.6
14544,1425.4
14545,826.8
14546,377.7
14547,377.7
14548,826.8
14549,4269.8
14550,14299.3
14551,15197.5
14552,14598.7
14553,12802.3
14554,11604.8
14555,9359.4
14556,8161.8
14557,7263.7
14558,6365.5
14559,7263.7
14560,8461.2
14561,11155.7
14562,13101.7
14563,12503
14564,11455.1
14565,9359.4
14566,8161.8
14567,4569.1
14568,1425.6
14569,826.9
14570,377.7
14571,377.7
14572,826.9
14573,4270.5
14574,14301.8
14575,15200.1
14576,14601.2
14577,12804.6
14578,11606.8
14579,9361
14580,8163.2
14581,7264.9
14582,6366.6
14583,7264.9
14584,8462.7
14585,11157.7
14586,13104
14587,12505.1
14588,11457.1
14589,9361
14590,8163.2
14591,4569.9
14592,1425.8
14593,827
14594,377.8
14595,377.8
14596,827
14597,4271.4
14598,14305
14599,15203.5
14600,14604.5
14601,12807.5
14602,11609.4
14603,9363.1
14604,8165
14605,7266.5
14606,6368
14607,7266.5
14608,8464.6
14609,11160.1
14610,13107
14611,12507.9
14612,11459.7
14613,9363.1
14614,8165
14615,4570.9
14616,1426
14617,827.1
14618,377.8
14619,377.8
14620,827.2
14621,4272.5
14622,14308.9
14623,15207.7
14624,14608.5
14625,12810.9
14626,11612.6
14627,9365.6
14628,8167.2
14629,7268.5
14630,6369.7
14631,7268.5
14632,8466.8
14633,11163.2
14634,13110.5
14635,12511.4
14636,11462.8
14637,9365.6
14638,8167.2
14639,4572.1
14640,1426.4
14641,827.3
14642,377.8
14643,377.8
14644,827.4
14645,4273.8
14646,14313.5
14647,15212.6
14648,14613.2
14649,12815.1
14650,11616.3
14651,9368.6
14652,8169.8
14653,7270.8
14654,6371.7
14655,7270.8
14656,8469.5
14657,11166.8
14658,13114.8
14659,12515.4
14660,11466.5
14661,9368.6
14662,8169.8
14663,4573.5
14664,1426.8
14665,827.5
14666,377.9
14667,377.9
14668,827.6
14669,4275.4
14670,14318.8
14671,15218.3
14672,14618.6
14673,12819.8
14674,11620.6
14675,9372.1
14676,8172.8
14677,7273.4
14678,6374
14679,7273.4
14680,8472.6
14681,11170.9
14682,13119.6
14683,12520
14684,11470.7
14685,9372.1
14686,8172.8
14687,4575.2
14688,1427.2
14689,827.8
14690,378
14691,378
14692,827.9
14693,4277.1
14694,14324.8
14695,15224.6
14696,14624.8
14697,12825.2
14698,11625.4
14699,9376
14700,8176.2
14701,7276.4
14702,6376.6
14703,7276.4
14704,8476.2
14705,11175.5
14706,13125.1
14707,12525.2
14708,11475.5
14709,9376
14710,8176.2
14711,4577
14712,1427.7
14713,828.1
14714,378
14715,378
14716,828.1
14717,4279
14718,14331.5
14719,15231.8
14720,14631.6
14721,12831.2
14722,11630.9
14723,9380.3
14724,8180
14725,7279.8
14726,6379.6
14727,7279.8
14728,8480.1
14729,11180.8
14730,13131.2
14731,12531.1
14732,11480.8
14733,9380.3
14734,8180
14735,4579.1
14736,1428.3
14737,828.4
14738,378.1
14739,378.1
14740,828.5
14741,4281.1
14742,14338.9
14743,15239.6
14744,14639.2
14745,12837.8
14746,11636.8
14747,9385.1
14748,8184.2
14749,7283.5
14750,6382.8
14751,7283.5
14752,8484.4
14753,11186.5
14754,13138
14755,12537.5
14756,11486.7
14757,9385.1
14758,8184.2
14759,4581.4
14760,1428.9
14761,828.7
14762,378.2
14763,378.2
14764,828.8
14765,4283.5
14766,14347
14767,15248.2
14768,14647.4
14769,12845
14770,11643.4
14771,9390.4
14772,8188.7
14773,7287.5
14774,6386.3
14775,7287.5
14776,8489.1
14777,11192.8
14778,13145.4
14779,12544.6
14780,11493.2
14781,9390.4
14782,8188.7
14783,4583.9
14784,1429.6
14785,829.1
14786,378.3
14787,378.3
14788,829.2
14789,4286
14790,14355.8
14791,15257.6
14792,14656.4
14793,12852.8
14794,11650.5
14795,9396
14796,8193.7
14797,7291.9
14798,6390.1
14799,7291.9
14800,8494.3
14801,11199.6
14802,13153.4
14803,12552.3
14804,11500.2
14805,9396
14806,8193.7
14807,4586.6
14808,1430.4
14809,829.5
14810,378.4
14811,378.4
14812,829.6
14813,4288.7
14814,14365.3
14815,15267.6
14816,14666.1
14817,12861.3
14818,11658.1
14819,9402.2
14820,8199
14821,7296.6
14822,6394.3
14823,7296.6
14824,8499.8
14825,11206.9
14826,13162.1
14827,12560.5
14828,11507.7
14829,9402.2
14830,8199
14831,4589.5
14832,1431.2
14833,829.9
14834,378.5
14835,378.5
14836,830
14837,4291.6
14838,14375.4
14839,15278.4
14840,14676.4
14841,12870.4
14842,11666.3
14843,9408.8
14844,8204.7
14845,7301.7
14846,6398.7
14847,7301.7
14848,8505.7
14849,11214.8
14850,13171.4
14851,12569.4
14852,11515.8
14853,9408.8
14854,8204.7
14855,4592.6
14856,1432
14857,830.3
14858,378.6
14859,378.6
14860,830.5
14861,4294.7
14862,14386.2
14863,15290
14864,14687.5
14865,12880
14866,11675.1
14867,9415.8
14868,8210.8
14869,7307.1
14870,6403.4
14871,7307.1
14872,8512.1
14873,11223.2
14874,13181.3
14875,12578.8
14876,11524.5
14877,9415.8
14878,8210.8
14879,4596
14880,1433
14881,830.8
14882,378.7
14883,378.7
14884,831
14885,4298
14886,14397.8
14887,15302.2
14888,14699.2
14889,12890.3
14890,11684.4
14891,9423.3
14892,8217.3
14893,7312.9
14894,6408.4
14895,7312.9
14896,8518.8
14897,11232.2
14898,13191.8
14899,12588.8
14900,11533.7
14901,9423.3
14902,8217.3
14903,4599.5
14904,1433.9
14905,831.3
14906,378.9
14907,378.9
14908,831.5
14909,4301.5
14910,14409.9
14911,15315.2
14912,14711.7
14913,12901.2
14914,11694.2
14915,9431.2
14916,8224.2
14917,7319
14918,6413.7
14919,7319
14920,8525.9
14921,11241.6
14922,13203
14923,12599.5
14924,11543.4
14925,9431.2
14926,8224.2
14927,4603.3
14928,1435
14929,831.9
14930,379
14931,379
14932,832
14933,4305.2
14934,14422.8
14935,15328.8
14936,14724.8
14937,12912.7
14938,11704.6
14939,9439.5
14940,8231.4
14941,7325.4
14942,6419.3
14943,7325.4
14944,8533.5
14945,11251.6
14946,13214.7
14947,12610.7
14948,11553.6
14949,9439.5
14950,8231.4
14951,4607.2
14952,1436.1
14953,832.4
14954,379.1
14955,379.1
14956,832.6
14957,4309.1
14958,14436.3
14959,15343.2
14960,14738.6
14961,12924.8
14962,11715.6
14963,9448.3
14964,8239.1
14965,7332.2
14966,6425.2
14967,7332.2
14968,8541.4
14969,11262.1
14970,13227.1
14971,12622.5
14972,11564.4
14973,9448.3
14974,8239.1
14975,4611.4
14976,1437.2
14977,833
14978,379.3
14979,379.3
14980,833.2
14981,4313.2
14982,14450.5
14983,15358.3
14984,14753.1
14985,12937.4
14986,11727
14987,9457.5
14988,8247.1
14989,7339.2
14990,6431.4
14991,7339.2
14992,8549.7
14993,11273.1
14994,13240.1
14995,12634.8
14996,11575.7
14997,9457.5
14998,8247.1
14999,4615.8
15000,1438.4
15001,833.6
15002,379.4
15003,379.4
15004,833.8
15005,4317.4
15006,14465.3
15007,15374.1
15008,14768.2
15009,12950.7
15010,11739
15011,9467.1
15012,8255.4
15013,7346.7
15014,6437.9
15015,7346.7
15016,8558.4
15017,11284.6
15018,13253.6
15019,12647.8
15020,11587.6
15021,9467.1
15022,8255.4
15023,4620.4
15024,1439.7
15025,834.3
15026,379.6
15027,379.6
15028,834.5
15029,4321.9
15030,14480.8
15031,15390.6
15032,14784.1
15033,12964.6
15034,11751.5
15035,9477.2
15036,8264.2
15037,7354.4
15038,6444.7
15039,7354.4
15040,8567.4
15041,11296.7
15042,13267.8
15043,12661.3
15044,11599.9
15045,9477.2
15046,8264.2
15047,4625.1
15048,1441
15049,835
15050,379.8
15051,379.8
15052,835.2
15053,4326.5
15054,14497
15055,15407.7
15056,14800.5
15057,12979
15058,11764.6
15059,9487.6
15060,8273.3
15061,7362.5
15062,6451.7
15063,7362.5
15064,8576.9
15065,11309.2
15066,13282.6
15067,12675.4
15068,11612.8
15069,9487.6
15070,8273.3
15071,4630.1
15072,1442.4
15073,835.7
15074,380
15075,380
15076,835.9
15077,4331.3
15078,14513.7
15079,15425.6
15080,14817.7
15081,12994
15082,11778.2
15083,9498.5
15084,8282.7
15085,7370.9
15086,6459
15087,7370.9
15088,8586.7
15089,11322.2
15090,13297.9
15091,12690
15092,11626.2
15093,9498.5
15094,8282.7
15095,4635.3
15096,1443.8
15097,836.4
15098,380.1
15099,380.1
15100,836.6
15101,4336.4
15102,14531.2
15103,15444.1
15104,14835.5
15105,13009.6
15106,11792.3
15107,9509.8
15108,8292.6
15109,7379.6
15110,6466.6
15111,7379.6
15112,8596.9
15113,11335.8
15114,13313.9
15115,12705.2
15116,11640.1
15117,9509.8
15118,8292.6
15119,4640.7
15120,1445.3
15121,837.2
15122,380.3
15123,380.3
15124,837.4
15125,4341.5
15126,14549.2
15127,15463.3
15128,14853.9
15129,13025.7
15130,11806.9
15131,9521.6
15132,8302.7
15133,7388.6
15134,6474.5
15135,7388.6
15136,8607.4
15137,11349.8
15138,13330.4
15139,12721
15140,11654.5
15141,9521.6
15142,8302.7
15143,4646.3
15144,1446.8
15145,837.9
15146,380.5
15147,380.5
15148,838.2
15149,4346.9
15150,14567.9
15151,15483.2
15152,14873
15153,13042.4
15154,11822
15155,9533.7
15156,8313.3
15157,7398
15158,6482.6
15159,7398
15160,8618.4
15161,11364.3
15162,13347.5
15163,12737.3
15164,11669.4
15165,9533.7
15166,8313.3
15167,4652
15168,1448.4
15169,838.8
15170,380.7
15171,380.7
15172,839
15173,4352.5
15174,14587.2
15175,15503.8
15176,14892.7
15177,13059.7
15178,11837.6
15179,9546.2
15180,8324.2
15181,7407.6
15182,6491.1
15183,7407.6
15184,8629.7
15185,11379.3
15186,13365.2
15187,12754.1
15188,11684.8
15189,9546.2
15190,8324.2
15191,4658
15192,1450.1
15193,839.6
15194,380.9
15195,381
15196,839.9
15197,4358.2
15198,14607.2
15199,15525
15200,14913.1
15201,13077.5
15202,11853.7
15203,9559.2
15204,8335.4
15205,7417.6
15206,6499.8
15207,7417.6
15208,8641.3
15209,11394.8
15210,13383.4
15211,12771.5
15212,11700.7
15213,9559.2
15214,8335.4
15215,4664.1
15216,1451.8
15217,840.5
15218,381.2
15219,381.2
15220,840.7
15221,4364.1
15222,14627.7
15223,15546.8
15224,14934.1
15225,13095.8
15226,11870.3
15227,9572.5
15228,8347
15229,7427.9
15230,6508.7
15231,7427.9
15232,8653.4
15233,11410.8
15234,13402.2
15235,12789.4
15236,11717.1
15237,9572.5
15238,8347
15239,4670.5
15240,1453.5
15241,841.4
15242,381.4
15243,381.4
15244,841.6
15245,4370.2
15246,14648.9
15247,15569.3
15248,14955.7
15249,13114.7
15250,11887.4
15251,9586.2
15252,8358.9
15253,7438.4
15254,6518
15255,7438.4
15256,8665.7
15257,11427.2
15258,13421.6
15259,12807.9
15260,11734
15261,9586.2
15262,8358.9
15263,4677
15264,1455.3
15265,842.3
15266,381.6
15267,381.6
15268,842.6
15269,4376.4
15270,14670.6
15271,15592.5
15272,14977.9
15273,13134.2
15274,11905
15275,9600.3
15276,8371.2
15277,7449.3
15278,6527.4
15279,7449.3
15280,8678.5
15281,11444.1
15282,13441.5
15283,12826.9
15284,11751.4
15285,9600.3
15286,8371.2
15287,4683.7
15288,1457.2
15289,843.2
15290,381.9
15291,381.9
15292,843.5
15293,4382.8
15294,14693
15295,15616.2
15296,15000.7
15297,13154.1
15298,11923.1
15299,9614.8
15300,8383.8
15301,7460.5
15302,6537.2
15303,7460.5
15304,8691.5
15305,11461.4
15306,13461.9
15307,12846.4
15308,11769.2
15309,9614.8
15310,8383.8
15311,4690.6
15312,1459.1
15313,844.2
15314,382.1
15315,382.1
15316,844.5
15317,4389.4
15318,14715.9
15319,15640.6
15320,15024.1
15321,13174.6
15322,11941.6
15323,9629.7
15324,8396.7
15325,7471.9
15326,6547.2
15327,7471.9
15328,8705
15329,11479.2
15330,13482.9
15331,12866.4
15332,11787.5
15333,9629.7
15334,8396.7
15335,4697.7
15336,1461
15337,845.2
15338,382.3
15339,382.4
15340,845.5
15341,4396.2
15342,14739.4
15343,15665.7
15344,15048.1
15345,13195.6
15346,11960.6
15347,9645
15348,8410
15349,7483.7
15350,6557.4
15351,7483.7
15352,8718.7
15353,11497.5
15354,13504.4
15355,12886.9
15356,11806.2
15357,9645
15358,8410
15359,4704.9
15360,1463
15361,846.2
15362,382.6
15363,382.6
15364,846.5
15365,4403.1
15366,14763.5
15367,15691.3
15368,15072.7
15369,13217.1
15370,11980.1
15371,9660.6
15372,8423.5
15373,7495.7
15374,6567.9
15375,7495.7
15376,8732.8
15377,11516.2
15378,13526.4
15379,12907.9
15380,11825.5
15381,9660.6
15382,8423.5
15383,4712.4
15384,1465.1
15385,847.2
15386,382.9
15387,382.9
15388,847.5
15389,4410.2
15390,14788.1
15391,15717.5
15392,15097.9
15393,13239.2
15394,12000
15395,9676.6
15396,8437.4
15397,7508.1
15398,6578.7
15399,7508.1
15400,8747.2
15401,11535.3
15402,13549
15403,12929.4
15404,11845.1
15405,9676.6
15406,8437.4
15407,4720
15408,1467.2
15409,848.3
15410,383.1
15411,383.1
15412,848.6
15413,4417.4
15414,14813.3
15415,15744.3
15416,15123.7
15417,13261.7
15418,12020.4
15419,9693
15420,8451.7
15421,7520.7
15422,6589.7
15423,7520.7
15424,8762
15425,11554.9
15426,13572
15427,12951.4
15428,11865.2
15429,9693
15430,8451.7
15431,4727.7
15432,1469.3
15433,849.4
15434,383.4
15435,383.4
15436,849.7
15437,4424.8
15438,14839.1
15439,15771.7
15440,15150
15441,13284.7
15442,12041.2
15443,9709.7
15444,8466.2
15445,7533.6
15446,6600.9
15447,7533.6
15448,8777
15449,11574.9
15450,13595.6
15451,12973.8
15452,11885.8
15453,9709.7
15454,8466.2
15455,4735.7
15456,1471.5
15457,850.5
15458,383.7
15459,383.7
15460,850.8
15461,4432.4
15462,14865.4
15463,15799.7
15464,15176.8
15465,13308.2
15466,12062.5
15467,9726.7
15468,8481
15469,7546.7
15470,6612.4
15471,7546.7
15472,8792.4
15473,11595.3
15474,13619.7
15475,12996.8
15476,11906.8
15477,9726.7
15478,8481
15479,4743.8
15480,1473.7
15481,851.6
15482,384
15483,384
15484,852
15485,4440.1
15486,14892.2
15487,15828.2
15488,15204.2
15489,13332.2
15490,12084.2
15491,9744.2
15492,8496.1
15493,7560.1
15494,6624.1
15495,7560.1
15496,8808.1
15497,11616.2
15498,13644.2
15499,13020.2
15500,11928.2
15501,9744.2
15502,8496.1
15503,4752.1
15504,1476
15505,852.8
15506,384.3
15507,384.3
15508,853.1
15509,4447.9
15510,14919.6
15511,15857.4
15512,15232.2
15513,13356.7
15514,12106.3
15515,9761.9
15516,8511.6
15517,7573.8
15518,6636
15519,7573.8
15520,8824.2
15521,11637.4
15522,13669.2
15523,13044.1
15524,11950
15525,9761.9
15526,8511.6
15527,4760.5
15528,1478.4
15529,854
15530,384.6
15531,384.6
15532,854.3
15533,4455.9
15534,14947.5
15535,15887
15536,15260.7
15537,13381.6
15538,12128.9
15539,9780
15540,8527.3
15541,7587.7
15542,6648.2
15543,7587.7
15544,8840.5
15545,11659.1
15546,13694.8
15547,13068.4
15548,11972.3
15549,9780
15550,8527.3
15551,4769.1
15552,1480.7
15553,855.2
15554,384.9
15555,384.9
15556,855.5
15557,4464.1
15558,14975.9
15559,15917.2
15560,15289.7
15561,13407
15562,12151.8
15563,9798.4
15564,8543.3
15565,7601.9
15566,6660.6
15567,7601.9
15568,8857.1
15569,11681.1
15570,13720.7
15571,13093.2
15572,11994.9
15573,9798.4
15574,8543.3
15575,4777.9
15576,1483.1
15577,856.4
15578,385.2
15579,385.2
15580,856.8
15581,4472.4
15582,15004.8
15583,15948
15584,15319.2
15585,13432.8
15586,12175.2
15587,9817.2
15588,8559.6
15589,7616.4
15590,6673.2
15591,7616.4
15592,8874
15593,11703.6
15594,13747.2
15595,13118.4
15596,12018
15597,9817.2
15598,8559.6
15599,4786.8
15600,1485.6
15601,857.6
15602,385.5
15603,385.5
15604,858
15605,4480.8
15606,15034.2
15607,15979.2
15608,15349.2
15609,13459
15610,12198.9
15611,9836.3
15612,8576.2
15613,7631.1
15614,6686
15615,7631.1
15616,8891.2
15617,11726.4
15618,13774.1
15619,13144
15620,12041.4
15621,9836.3
15622,8576.2
15623,4795.9
15624,1488.1
15625,858.9
15626,385.8
15627,385.8
15628,859.3
15629,4489.4
15630,15064
15631,16011
15632,15379.7
15633,13485.7
15634,12223.1
15635,9855.7
15636,8593
15637,7646
15638,6699
15639,7646
15640,8908.7
15641,11749.6
15642,13801.4
15643,13170.1
15644,12065.3
15645,9855.7
15646,8593
15647,4805.1
15648,1490.6
15649,860.2
15650,386.1
15651,386.1
15652,860.6
15653,4498.1
15654,15094.4
15655,16043.3
15656,15410.7
15657,13512.9
15658,12247.6
15659,9875.4
15660,8610.1
15661,7661.2
15662,6712.3
15663,7661.2
15664,8926.4
15665,11773.2
15666,13829.2
15667,13196.6
15668,12089.5
15669,9875.4
15670,8610.1
15671,4814.4
15672,1493.2
15673,861.5
15674,386.4
15675,386.5
15676,861.9
15677,4507
15678,15125.2
15679,16076.1
15680,15442.2
15681,13540.4
15682,12272.6
15683,9895.4
15684,8627.5
15685,7676.6
15686,6725.7
15687,7676.6
15688,8944.5
15689,11797.1
15690,13857.4
15691,13223.5
15692,12114.1
15693,9895.4
15694,8627.5
15695,4824
15696,1495.9
15697,862.8
15698,386.8
15699,386.8
15700,863.2
15701,4516
15702,15156.5
15703,16109.4
15704,15474.1
15705,13568.4
15706,12297.9
15707,9915.7
15708,8645.1
15709,7692.3
15710,6739.4
15711,7692.3
15712,8962.8
15713,11821.4
15714,13886
15715,13250.7
15716,12139
15717,9915.7
15718,8645.1
15719,4833.6
15720,1498.5
15721,864.2
15722,387.1
15723,387.1
15724,864.6
15725,4525.1
15726,15188.2
15727,16143.2
15728,15506.5
15729,13596.7
15730,12323.5
15731,9936.2
15732,8663
15733,7708.1
15734,6753.2
15735,7708.1
15736,8981.3
15737,11846.1
15738,13915
15739,13278.4
15740,12164.4
15741,9936.2
15742,8663
15743,4843.4
15744,1501.2
15745,865.5
15746,387.5
15747,387.5
15748,865.9
15749,4534.3
15750,15220.4
15751,16177.4
15752,15539.4
15753,13625.5
15754,12349.5
15755,9957.1
15756,8681.2
15757,7724.2
15758,6767.3
15759,7724.2
15760,9000.2
15761,11871
15762,13944.5
15763,13306.5
15764,12190
15765,9957.1
15766,8681.2
15767,4853.3
15768,1504
15769,866.9
15770,387.8
15771,387.8
15772,867.3
15773,4543.7
15774,15253
15775,16212.1
15776,15572.7
15777,13654.6
15778,12375.9
15779,9978.3
15780,8699.6
15781,7740.5
15782,6781.5
15783,7740.5
15784,9019.2
15785,11896.4
15786,13974.3
15787,13334.9
15788,12216
15789,9978.3
15790,8699.6
15791,4863.4
15792,1506.7
15793,868.3
15794,388.2
15795,388.2
15796,868.7
15797,4553.2
15798,15286
15799,16247.2
15800,15606.4
15801,13684.1
15802,12402.6
15803,9999.7
15804,8718.2
15805,7757
15806,6795.9
15807,7757
15808,9038.6
15809,11922
15810,14004.5
15811,13363.7
15812,12242.4
15813,9999.7
15814,8718.2
15815,4873.6
15816,1509.5
15817,869.7
15818,388.5
15819,388.5
15820,870.1
15821,4562.8
15822,15319.5
15823,16282.8
15824,15640.6
15825,13714
15826,12429.6
15827,10021.4
15828,8737
15829,7773.7
15830,6810.5
15831,7773.7
15832,9058.1
15833,11948
15834,14035.1
15835,13392.9
15836,12269.1
15837,10021.4
15838,8737
15839,4883.9
15840,1512.4
15841,871.2
15842,388.9
15843,388.9
15844,871.6
15845,4572.5
15846,15353.3
15847,16318.8
15848,15675.1
15849,13744.2
15850,12457
15851,10043.4
15852,8756.1
15853,7790.7
15854,6825.2
15855,7790.7
15856,9077.9
15857,11974.3
15858,14066.1
15859,13422.4
15860,12296.1
15861,10043.4
15862,8756.1
15863,4894.3
15864,1515.3
15865,872.6
15866,389.2
15867,389.2
15868,873
15869,4582.3
15870,15387.5
15871,16355.2
15872,15710.1
15873,13774.8
15874,12484.6
15875,10065.6
15876,8775.4
15877,7807.8
15878,6840.1
15879,7807.8
15880,9097.9
15881,12000.8
15882,14097.4
15883,13452.3
15884,12323.4
15885,10065.6
15886,8775.4
15887,4904.9
15888,1518.2
15889,874.1
15890,389.6
15891,389.6
15892,874.5
15893,4592.3
15894,15422.1
15895,16392
15896,15745.4
15897,13805.7
15898,12512.6
15899,10088
15900,8794.9
15901,7825.1
15902,6855.2
15903,7825.1
15904,9118.2
15905,12027.7
15906,14129
15907,13482.5
15908,12351
15909,10088
15910,8794.9
15911,4915.6
15912,1521.1
15913,875.6
15914,390
15915,390
15916,876
15917,4602.3
15918,15457.1
15919,16429.2
15920,15781.2
15921,13837
15922,12540.9
15923,10110.7
15924,8814.6
15925,7842.6
15926,6870.5
15927,7842.6
15928,9138.7
15929,12054.9
15930,14161
15931,13513
15932,12378.9
15933,10110.7
15934,8814.6
15935,4926.4
15936,1524.1
15937,877.1
15938,390.3
15939,390.4
15940,877.5
15941,4612.5
15942,15492.5
15943,16466.8
15944,15817.2
15945,13868.6
15946,12569.5
15947,10133.7
15948,8834.6
15949,7860.2
15950,6885.9
15951,7860.2
15952,9159.3
15953,12082.3
15954,14193.4
15955,13543.8
15956,12407.1
15957,10133.7
15958,8834.6
15959,4937.3
15960,1527.1
15961,878.6
15962,390.7
15963,390.7
15964,879
15965,4622.7
15966,15528.2
15967,16504.8
15968,15853.7
15969,13900.5
15970,12598.3
15971,10156.8
15972,8854.7
15973,7878.1
15974,6901.5
15975,7878.1
15976,9180.2
15977,12110
15978,14226
15979,13574.9
15980,12435.6
15981,10156.8
15982,8854.7
15983,4948.3
15984,1530.1
15985,880.1
15986,391.1
15987,391.1
15988,880.6
15989,4633.1
15990,15564.2
15991,16543.1
15992,15890.5
15993,13932.7
15994,12627.5
15995,10180.2
15996,8875
15997,7896.1
15998,6917.2
15999,7896.1
16000,9201.3
16001,12138
16002,14259
16003,13606.4
16004,12464.3
16005,10180.2
16006,8875
16007,4959.4
16008,1533.2
16009,881.6
16010,391.5
16011,391.5
16012,882.1
16013,4643.5
16014,15600.5
16015,16581.8
16016,15927.6
16017,13965.2
16018,12656.9
16019,10203.8
16020,8895.5
16021,7914.3
16022,6933
16023,7914.3
16024,9222.6
16025,12166.2
16026,14292.2
16027,13638.1
16028,12493.3
16029,10203.8
16030,8895.5
16031,4970.6
16032,1536.3
16033,883.2
16034,391.9
16035,391.9
16036,883.7
16037,4654
16038,15637.2
16039,16620.8
16040,15965.1
16041,13997.9
16042,12686.5
16043,10227.6
16044,8916.2
16045,7932.6
16046,6949
16047,7932.6
16048,9244
16049,12194.7
16050,14325.8
16051,13670.1
16052,12522.6
16053,10227.6
16054,8916.2
16055,4981.9
16056,1539.4
16057,884.8
16058,392.3
16059,392.3
16060,885.2
16061,4664.7
16062,15674.2
16063,16660.1
16064,16002.8
16065,14031
16066,12716.4
16067,10251.6
16068,8937
16069,7951.1
16070,6965.2
16071,7951.1
16072,9265.7
16073,12223.5
16074,14359.6
16075,13702.3
16076,12552.1
16077,10251.6
16078,8937
16079,4993.3
16080,1542.6
16081,886.3
16082,392.7
16083,392.7
16084,886.8
16085,4675.4
16086,15711.5
16087,16699.8
16088,16040.9
16089,14064.3
16090,12746.6
16091,10275.8
16092,8958
16093,7969.7
16094,6981.4
16095,7969.7
16096,9287.5
16097,12252.4
16098,14393.7
16099,13734.9
16100,12581.8
16101,10275.8
16102,8958
16103,5004.8
16104,1545.7
16105,887.9
16106,393.1
16107,393.1
16108,888.4
16109,4686.2
16110,15749
16111,16739.7
16112,16079.3
16113,14097.9
16114,12776.9
16115,10300.2
16116,8979.2
16117,7988.5
16118,6997.8
16119,7988.5
16120,9309.5
16121,12281.6
16122,14428.1
16123,13767.6
16124,12611.8
16125,10300.2
16126,8979.2
16127,5016.4
16128,1548.9
16129,889.5
16130,393.5
16131,393.5
16132,890
16133,4697
16134,15786.9
16135,16780
16136,16117.9
16137,14131.7
16138,12807.5
16139,10324.7
16140,9000.6
16141,8007.4
16142,7014.3
16143,8007.4
16144,9331.6
16145,12311
16146,14462.7
16147,13800.6
16148,12642
16149,10324.7
16150,9000.6
16151,5028.1
16152,1552.2
16153,891.2
16154,393.9
16155,393.9
16156,891.7
16157,4708
16158,15825
16159,16820.5
16160,16156.8
16161,14165.7
16162,12838.3
16163,10349.4
16164,9022
16165,8026.5
16166,7030.9
16167,8026.5
16168,9353.9
16169,12340.5
16170,14497.6
16171,13833.9
16172,12672.4
16173,10349.4
16174,9022
16175,5039.8
16176,1555.4
16177,1558
16178,893.3
16179,394.3
16180,394.3
16181,893.3
16182,4719
16183,15863.3
16184,16861.3
16185,16196
16186,14200
16187,12869.3
16188,10374.3
16189,9043.7
16190,8045.7
16191,7047.7
16192,8045.7
16193,9376.3
16194,12370.3
16195,14532.7
16196,13867.3
16197,12703
16198,10374.3
16199,9043.7
16200,5051.7
16201,1561.3
16202,895
16203,394.7
16204,394.7
16205,895
16206,4730.1
16207,15901.9
16208,16902.4
16209,16235.4
16210,14234.5
16211,12900.5
16212,10399.4
16213,9065.4
16214,8065
16215,7064.5
16216,8065
16217,9398.9
16218,12400.3
16219,14568
16220,13901
16221,12733.8
16222,10399.4
16223,9065.4
16224,5063.6
16225,1564.6
16226,896.6
16227,395.2
16228,395.2
16229,896.6
16230,4741.2
16231,15940.7
16232,16943.7
16233,16275.1
16234,14269.2
16235,12931.9
16236,10424.6
16237,9087.3
16238,8084.4
16239,7081.4
16240,8084.4
16241,9421.6
16242,12430.4
16243,14603.5
16244,13934.9
16245,12764.8
16246,10424.6
16247,9087.3
16248,5075.6
16249,1567.9
16250,898.3
16251,395.6
16252,395.6
16253,898.3
16254,4752.5
16255,15979.8
16256,16985.2
16257,16314.9
16258,14304.1
16259,12963.5
16260,10449.9
16261,9109.3
16262,8103.9
16263,7098.5
16264,8103.9
16265,9444.5
16266,12460.8
16267,14639.2
16268,13968.9
16269,12795.9
16270,10449.9
16271,9109.3
16272,5087.6
16273,1571.3
16274,899.9
16275,396
16276,396
16277,900
16278,4763.7
16279,16019
16280,17027
16281,16355
16282,14339.1
16283,12995.2
16284,10475.4
16285,9131.5
16286,8123.5
16287,7115.6
16288,8123.5
16289,9467.4
16290,12491.2
16291,14675.1
16292,14003.1
16293,12827.2
16294,10475.4
16295,9131.5
16296,5099.7
16297,1574.6
16298,901.6
16299,396.4
16300,396.4
16301,901.6
16302,4775.1
16303,16058.5
16304,17068.9
16305,16395.3
16306,14374.4
16307,13027.1
16308,10501
16309,9153.7
16310,8143.2
16311,7132.8
16312,8143.2
16313,9490.5
16314,12521.9
16315,14711.2
16316,14037.5
16317,12858.7
16318,10501
16319,9153.7
16320,5111.9
16321,1578
16322,903.3
16323,396.8
16324,396.8
16325,903.3
16326,4786.4
16327,16098.1
16328,17111.1
16329,16435.7
16330,14409.8
16331,13059.1
16332,10526.7
16333,9176
16334,8163
16335,7150.1
16336,8163
16337,9513.7
16338,12552.6
16339,14747.4
16340,14072.1
16341,12890.3
16342,10526.7
16343,9176
16344,5124.1
16345,1581.4
16346,905
16347,397.3
16348,397.3
16349,905
16350,4797.9
16351,16137.9
16352,17153.4
16353,16476.4
16354,14445.3
16355,13091.3
16356,10552.5
16357,9198.5
16358,8182.9
16359,7167.4
16360,8182.9
16361,9537
16362,12583.5
16363,14783.8
16364,14106.8
16365,12922
16366,10552.5
16367,9198.5
16368,5136.4
16369,1584.8
16370,906.7
16371,397.7
16372,397.7
16373,906.7
16374,4809.3
16375,16177.8
16376,17195.9
16377,16517.2
16378,14481
16379,13123.6
16380,10578.4
16381,9221
16382,8202.9
16383,7184.8
16384,8202.9
16385,9560.3
16386,12614.6
16387,14820.4
16388,14141.7
16389,12953.9
16390,10578.4
16391,9221
16392,5148.7
16393,1588.2
16394,908.4
16395,398.1
16396,398.1
16397,908.4
16398,4820.9
16399,16217.9
16400,17238.5
16401,16558.1
16402,14516.9
16403,13156
16404,10604.4
16405,9243.6
16406,8223
16407,7202.3
16408,8223
16409,9583.8
16410,12645.7
16411,14857.1
16412,14176.6
16413,12985.9
16414,10604.4
16415,9243.6
16416,5161.1
16417,1591.6
16418,910.1
16419,398.5
16420,398.5
16421,910.1
16422,4832.4
16423,16258.1
16424,17281.3
16425,16599.2
16426,14552.8
16427,13188.5
16428,10630.5
16429,9266.3
16430,8243.1
16431,7219.9
16432,8243.1
16433,9607.3
16434,12676.9
16435,14893.9
16436,14211.7
16437,13018
16438,10630.5
16439,9266.3
16440,5173.5
16441,1595
16442,911.8
16443,399
16444,399
16445,911.8
16446,4844
16447,16298.5
16448,17324.3
16449,16640.4
16450,14588.9
16451,13221.2
16452,10656.7
16453,9289
16454,8263.3
16455,7237.5
16456,8263.3
16457,9631
16458,12708.3
16459,14930.8
16460,14246.9
16461,13050.2
16462,10656.7
16463,9289
16464,5185.9
16465,1598.5
16466,913.6
16467,399.4
16468,399.4
16469,913.6
16470,4855.6
16471,16339
16472,17367.3
16473,16681.7
16474,14625
16475,13253.9
16476,10683
16477,9311.8
16478,8283.5
16479,7255.1
16480,8283.5
16481,9654.6
16482,12739.7
16483,14967.8
16484,14282.2
16485,13082.5
16486,10683
16487,9311.8
16488,5198.4
16489,1601.9
16490,915.3
16491,399.8
16492,399.8
16493,915.3
16494,4867.3
16495,16379.5
16496,17410.5
16497,16723.2
16498,14661.3
16499,13286.7
16500,10709.3
16501,9334.7
16502,8303.8
16503,7272.8
16504,8303.8
16505,9678.4
16506,12771.2
16507,15004.9
16508,14317.6
16509,13114.9
16510,10709.3
16511,9334.7
16512,5210.9
16513,1605.4
16514,917
16515,400.3
16516,400.3
16517,917
16518,4878.9
16519,16420.2
16520,17453.7
16521,16764.7
16522,14697.6
16523,13319.5
16524,10735.7
16525,9357.6
16526,8324.1
16527,7290.6
16528,8324.1
16529,9702.2
16530,12802.8
16531,15042.1
16532,14353.1
16533,13147.3
16534,10735.7
16535,9357.6
16536,5223.5
16537,1608.8
16538,918.7
16539,400.7
16540,400.7
16541,918.8
16542,4890.6
16543,16460.9
16544,17497
16545,16806.3
16546,14734
16547,13352.5
16548,10762.1
16549,9380.6
16550,8344.5
16551,7308.3
16552,8344.5
16553,9726
16554,12834.4
16555,15079.4
16556,14388.6
16557,13179.8
16558,10762.1
16559,9380.6
16560,5236
16561,1612.3
16562,920.5
16563,401.1
16564,401.1
16565,920.5
16566,4902.4
16567,16501.7
16568,17540.4
16569,16847.9
16570,14770.5
16571,13385.5
16572,10788.6
16573,9403.6
16574,8364.9
16575,7326.1
16576,8364.9
16577,9749.8
16578,12866.1
16579,15116.7
16580,14424.2
16581,13212.3
16582,10788.6
16583,9403.6
16584,5248.6
16585,1615.8
16586,922.2
16587,401.6
16588,401.6
16589,922.2
16590,4914.1
16591,16542.5
16592,17583.9
16593,16889.7
16594,14806.9
16595,13418.5
16596,10815.1
16597,9426.6
16598,8385.3
16599,7343.9
16600,8385.3
16601,9773.7
16602,12897.8
16603,15154.1
16604,14459.8
16605,13244.9
16606,10815.1
16607,9426.6
16608,5261.2
16609,1619.3
16610,924
16611,402
16612,402
16613,924
16614,4925.8
16615,16583.4
16616,17627.4
16617,16931.4
16618,14843.5
16619,13451.5
16620,10841.6
16621,9449.7
16622,8405.7
16623,7361.8
16624,8405.7
16625,9797.7
16626,12929.5
16627,15191.5
16628,14495.5
16629,13277.5
16630,10841.6
16631,9449.7
16632,5273.8
16633,1622.7
16634,925.7
16635,402.4
16636,402.4
16637,925.7
16638,4937.6
16639,16624.3
16640,17670.9
16641,16973.2
16642,14880
16643,13484.6
16644,10868.2
16645,9472.7
16646,8426.2
16647,7379.6
16648,8426.2
16649,9821.6
16650,12961.3
16651,15228.9
16652,14531.2
16653,13310.2
16654,10868.2
16655,9472.7
16656,5286.4
16657,1626.2
16658,927.4
16659,402.9
16660,402.9
16661,927.5
16662,4949.3
16663,16665.2
16664,17714.4
16665,17015
16666,14916.6
16667,13517.7
16668,10894.7
16669,9495.8
16670,8446.6
16671,7397.4
16672,8446.6
16673,9845.5
16674,12993.1
16675,15266.3
16676,14566.9
16677,13342.8
16678,10894.7
16679,9495.8
16680,5299.1
16681,1629.7
16682,929.2
16683,403.3
16684,403.3
16685,929.2
16686,4961.1
16687,16706.2
16688,17758
16689,17056.8
16690,14953.2
16691,13550.8
16692,10921.3
16693,9518.9
16694,8467.1
16695,7415.3
16696,8467.1
16697,9869.5
16698,13024.9
16699,15303.8
16700,14602.6
16701,13375.5
16702,10921.3
16703,9518.9
16704,5311.7
16705,1633.2
16706,930.9
16707,403.7
16708,403.7
16709,930.9
16710,4972.8
16711,16747.1
16712,17801.5
16713,17098.6
16714,14989.7
16715,13583.9
16716,10947.8
16717,9542
16718,8487.5
16719,7433.1
16720,8487.5
16721,9893.4
16722,13056.7
16723,15341.2
16724,14638.3
16725,13408.1
16726,10947.8
16727,9542
16728,5324.3
16729,1636.7
16730,932.7
16731,404.2
16732,404.2
16733,932.7
16734,4984.6
16735,16788
16736,17845
16737,17140.3
16738,15026.3
16739,13616.9
16740,10974.4
16741,9565
16742,8508
16743,7451
16744,8508
16745,9917.4
16746,13088.4
16747,15378.6
16748,14673.9
16749,13440.8
16750,10974.4
16751,9565
16752,5336.9
16753,1640.1
16754,934.4
16755,404.6
16756,404.6
16757,934.4
16758,4996.3
16759,16828.8
16760,17888.5
16761,17182.1
16762,15062.8
16763,13650
16764,11000.9
16765,9588.1
16766,8528.4
16767,7468.8
16768,8528.4
16769,9941.3
16770,13120.1
16771,15416
16772,14709.6
16773,13473.4
16774,11000.9
16775,9588.1
16776,5349.5
16777,1643.6
16778,936.1
16779,405
16780,405
16781,936.2
16782,5008.1
16783,16869.7
16784,17931.9
16785,17223.7
16786,15099.3
16787,13683
16788,11027.4
16789,9611.1
16790,8548.8
16791,7486.6
16792,8548.8
16793,9965.1
16794,13151.8
16795,15453.3
16796,14745.2
16797,13505.9
16798,11027.4
16799,9611.1
16800,5362.1
16801,1647.1
16802,937.9
16803,405.5
16804,405.5
16805,937.9
16806,5019.8
16807,16910.4
16808,17975.2
16809,17265.4
16810,15135.7
16811,13715.9
16812,11053.8
16813,9634
16814,8569.2
16815,7504.4
16816,8569.2
16817,9989
16818,13183.5
16819,15490.6
16820,14780.7
16821,13538.4
16822,11053.8
16823,9634
16824,5374.7
16825,1650.6
16826,939.6
16827,405.9
16828,405.9
16829,939.6
16830,5031.4
16831,16951.1
16832,18018.5
16833,17306.9
16834,15172
16835,13748.8
16836,11080.2
16837,9657
16838,8589.6
16839,7522.1
16840,8589.6
16841,10012.8
16842,13215.1
16843,15527.9
16844,14816.2
16845,13570.9
16846,11080.2
16847,9657
16848,5387.3
16849,1654
16850,941.3
16851,406.3
16852,406.3
16853,941.3
16854,5043.1
16855,16991.7
16856,18061.7
16857,17348.4
16858,15208.3
16859,13781.6
16860,11106.6
16861,9679.9
16862,8609.9
16863,7539.8
16864,8609.9
16865,10036.5
16866,13246.6
16867,15565
16868,14851.7
16869,13603.3
16870,11106.6
16871,9679.9
16872,5399.8
16873,1657.5
16874,943.1
16875,406.8
16876,406.8
16877,943.1
16878,5054.7
16879,17032.2
16880,18104.8
16881,17389.7
16882,15244.5
16883,13814.4
16884,11132.9
16885,9702.7
16886,8630.1
16887,7557.5
16888,8630.1
16889,10060.3
16890,13278.1
16891,15602.1
16892,14887
16893,13635.6
16894,11132.9
16895,9702.7
16896,5412.3
16897,1660.9
16898,944.8
16899,407.2
16900,407.2
16901,944.8
16902,5066.4
16903,17072.6
16904,18147.8
16905,17431
16906,15280.6
16907,13847.1
16908,11159.1
16909,9725.5
16910,8650.3
16911,7575.1
16912,8650.3
16913,10083.9
16914,13309.5
16915,15639
16916,14922.2
16917,13667.9
16918,11159.1
16919,9725.5
16920,5424.7
16921,1664.3
16922,946.5
16923,407.6
16924,407.6
16925,946.5
16926,5077.9
16927,17112.9
16928,18190.7
16929,17472.2
16930,15316.6
16931,13879.6
16932,11185.2
16933,9748.2
16934,8670.5
16935,7592.7
16936,8670.5
16937,10107.5
16938,13340.7
16939,15675.9
16940,14957.4
16941,13700
16942,11185.2
16943,9748.2
16944,5437.2
16945,1667.7
16946,948.2
16947,408.1
16948,408.1
16949,948.2
16950,5089.5
16951,17153.1
16952,18233.4
16953,17513.2
16954,15352.5
16955,13912.1
16956,11211.3
16957,9770.9
16958,8690.5
16959,7610.2
16960,8690.5
16961,10131
16962,13371.9
16963,15712.6
16964,14992.4
16965,13732
16966,11211.3
16967,9770.9
16968,5449.6
16969,1671.2
16970,949.9
16971,408.5
16972,408.5
16973,949.9
16974,5101
16975,17193.1
16976,18276
16977,17554
16978,15388.3
16979,13944.4
16980,11237.2
16981,9793.4
16982,8710.5
16983,7627.7
16984,8710.5
16985,10154.4
16986,13403
16987,15749.2
16988,15027.3
16989,13764
16990,11237.2
16991,9793.4
16992,5461.9
16993,1674.6
16994,951.6
16995,408.9
16996,408.9
16997,951.6
16998,5112.4
16999,17232.9
17000,18318.4
17001,17594.7
17002,15423.9
17003,13976.7
17004,11263.1
17005,9815.9
17006,8730.5
17007,7645.1
17008,8730.5
17009,10177.7
17010,13434
17011,15785.7
17012,15062.1
17013,13795.8
17014,11263.1
17015,9815.9
17016,5474.2
17017,1677.9
17018,953.3
17019,409.3
17020,409.3
17021,953.3
17022,5123.8
17023,17272.6
17024,18360.6
17025,17635.3
17026,15459.4
17027,14008.8
17028,11288.9
17029,9838.3
17030,8750.3
17031,7662.4
17032,8750.3
17033,10200.9
17034,13464.8
17035,15822
17036,15096.7
17037,13827.4
17038,11288.9
17039,9838.3
17040,5486.5
17041,1681.3
17042,955
17043,409.7
17044,409.7
17045,955
17046,5135.2
17047,17312.1
17048,18402.6
17049,17675.6
17050,15494.7
17051,14040.7
17052,11314.5
17053,9860.6
17054,8770.1
17055,7679.6
17056,8770.1
17057,10224
17058,13495.5
17059,15858.2
17060,15131.2
17061,13859
17062,11314.5
17063,9860.6
17064,5498.6
17065,1684.6
17066,956.6
17067,410.2
17068,410.2
17069,956.7
17070,5146.4
17071,17351.5
17072,18444.5
17073,17715.8
17074,15529.8
17075,14072.5
17076,11340
17077,9882.7
17078,8789.7
17079,7696.8
17080,8789.7
17081,10247.1
17082,13526
17083,15894.2
17084,15165.5
17085,13890.3
17086,11340
17087,9882.7
17088,5510.8
17089,1688
17090,958.3
17091,410.6
17092,410.6
17093,958.3
17094,5157.7
17095,17390.6
17096,18486.1
17097,17755.8
17098,15564.8
17099,14104.1
17100,11365.4
17101,9904.8
17102,8809.3
17103,7713.8
17104,8809.3
17105,10269.9
17106,13556.4
17107,15930
17108,15199.6
17109,13921.6
17110,11365.4
17111,9904.8
17112,5522.9
17113,1691.3
17114,960
17115,411
17116,411
17117,960
17118,5168.9
17119,17429.5
17120,18527.5
17121,17795.5
17122,15599.6
17123,14135.6
17124,11390.7
17125,9926.7
17126,8828.8
17127,7730.8
17128,8828.8
17129,10292.7
17130,13586.6
17131,15965.6
17132,15233.6
17133,13952.6
17134,11390.7
17135,9926.7
17136,5534.9
17137,1694.6
17138,961.6
17139,411.4
17140,411.4
17141,961.6
17142,5180
17143,17468.2
17144,18568.7
17145,17835
17146,15634.1
17147,14166.9
17148,11415.8
17149,9948.6
17150,8848.1
17151,7747.7
17152,8848.1
17153,10315.4
17154,13616.7
17155,16001
17156,15267.3
17157,13983.5
17158,11415.8
17159,9948.6
17160,5546.8
17161,1697.9
17162,963.2
17163,411.8
17164,411.8
17165,963.3
17166,5191
17167,17506.7
17168,18609.6
17169,17874.3
17170,15668.5
17171,14198
17172,11440.8
17173,9970.2
17174,8867.3
17175,7764.4
17176,8867.3
17177,10337.9
17178,13646.5
17179,16036.1
17180,15300.9
17181,14014.2
17182,11440.8
17183,9970.2
17184,5558.7
17185,1701.1
17186,964.9
17187,412.2
17188,412.2
17189,964.9
17190,5202
17191,17544.9
17192,18650.2
17193,17913.3
17194,15702.7
17195,14228.9
17196,11465.6
17197,9991.8
17198,8886.4
17199,7781.1
17200,8886.4
17201,10360.2
17202,13676.2
17203,16071.1
17204,15334.2
17205,14044.7
17206,11465.6
17207,9991.8
17208,5570.4
17209,1704.4
17210,966.5
17211,412.6
17212,412.6
17213,966.5
17214,5212.9
17215,17582.8
17216,18690.6
17217,17952.1
17218,15736.6
17219,14259.6
17220,11490.2
17221,10013.2
17222,8905.4
17223,7797.7
17224,8905.4
17225,10382.4
17226,13705.7
17227,16105.8
17228,15367.3
17229,14074.9
17230,11490.2
17231,10013.2
17232,5582.2
17233,1707.6
17234,968.1
17235,413
17236,413
17237,968.1
17238,5223.7
17239,17620.5
17240,18730.7
17241,17990.6
17242,15770.3
17243,14290
17244,11514.6
17245,10034.4
17246,8924.3
17247,7814.1
17248,8924.3
17249,10404.5
17250,13735
17251,16140.3
17252,15400.2
17253,14105
17254,11514.6
17255,10034.4
17256,5593.8
17257,1710.8
17258,969.7
17259,413.4
17260,413.4
17261,969.7
17262,5234.5
17263,17657.9
17264,18770.5
17265,18028.8
17266,15803.7
17267,14320.3
17268,11538.9
17269,10055.5
17270,8943
17271,7830.4
17272,8943
17273,10426.4
17274,13764
17275,16174.5
17276,15432.8
17277,14134.9
17278,11538.9
17279,10055.5
17280,5605.3
17281,1713.9
17282,971.3
17283,413.8
17284,413.8
17285,971.3
17286,5245.1
17287,17695
17288,18810
17289,18066.7
17290,15836.8
17291,14350.3
17292,11563
17293,10076.4
17294,8961.5
17295,7846.6
17296,8961.5
17297,10448.1
17298,13792.8
17299,16208.5
17300,15465.2
17301,14164.5
17302,11563
17303,10076.4
17304,5616.8
17305,1717.1
17306,972.8
17307,414.2
17308,414.2
17309,972.8
17310,5255.7
17311,17731.8
17312,18849.1
17313,18104.3
17314,15869.7
17315,14380
17316,11586.9
17317,10097.2
17318,8979.9
17319,7862.7
17320,8979.9
17321,10469.6
17322,13821.4
17323,16242.2
17324,15497.3
17325,14193.8
17326,11586.9
17327,10097.2
17328,5628.1
17329,1720.2
17330,974.4
17331,414.6
17332,414.6
17333,974.4
17334,5266.2
17335,17768.3
17336,18887.9
17337,18141.5
17338,15902.3
17339,14409.6
17340,11610.6
17341,10117.8
17342,8998.2
17343,7878.6
17344,8998.2
17345,10491
17346,13849.8
17347,16275.5
17348,15529.1
17349,14223
17350,11610.6
17351,10117.8
17352,5639.4
17353,1723.3
17354,975.9
17355,415
17356,415
17357,975.9
17358,5276.6
17359,17804.5
17360,18926.4
17361,18178.5
17362,15934.7
17363,14438.8
17364,11634
17365,10138.2
17366,9016.3
17367,7894.4
17368,9016.3
17369,10512.1
17370,13877.8
17371,16308.6
17372,15560.7
17373,14251.8
17374,11634
17375,10138.2
17376,5650.5
17377,1726.3
17378,977.4
17379,415.4
17380,415.4
17381,977.5
17382,5286.9
17383,17840.4
17384,18964.5
17385,18215.1
17386,15966.7
17387,14467.8
17388,11657.3
17389,10158.4
17390,9034.2
17391,7910
17392,9034.2
17393,10533.1
17394,13905.7
17395,16341.4
17396,15592
17397,14280.4
17398,11657.3
17399,10158.4
17400,5661.6
17401,1729.3
17402,979
17403,415.7
17404,415.7
17405,979
17406,5297.1
17407,17875.8
17408,19002.3
17409,18251.3
17410,15998.4
17411,14496.5
17412,11680.3
17413,10178.4
17414,9051.9
17415,7925.5
17416,9051.9
17417,10553.9
17418,13933.2
17419,16373.9
17420,15622.9
17421,14308.7
17422,11680.3
17423,10178.4
17424,5672.6
17425,1732.3
17426,980.5
17427,416.1
17428,416.1
17429,980.5
17430,5307.2
17431,17911
17432,19039.7
17433,18287.2
17434,16029.8
17435,14524.9
17436,11703.1
17437,10198.2
17438,9069.5
17439,7940.8
17440,9069.5
17441,10574.4
17442,13960.5
17443,16406
17444,15653.6
17445,14336.8
17446,11703.1
17447,10198.2
17448,5683.4
17449,1735.3
17450,981.9
17451,416.5
17452,416.5
17453,981.9
17454,5317.1
17455,17945.8
17456,19076.7
17457,18322.7
17458,16060.9
17459,14553
17460,11725.7
17461,10217.8
17462,9086.9
17463,7956
17464,9086.9
17465,10594.8
17466,13987.5
17467,16437.9
17468,15683.9
17469,14364.5
17470,11725.7
17471,10217.8
17472,5694.1
17473,1738.2
17474,983.4
17475,416.9
17476,416.9
17477,983.4
17478,5327
17479,17980.1
17480,19113.3
17481,18357.9
17482,16091.6
17483,14580.8
17484,11748
17485,10237.2
17486,9104.1
17487,7971
17488,9104.1
17489,10614.9
17490,14014.2
17491,16469.3
17492,15713.9
17493,14391.9
17494,11748
17495,10237.2
17496,5704.7
17497,1741.1
17498,984.8
17499,417.2
17500,417.2
17501,984.9
17502,5336.8
17503,18014.2
17504,19149.4
17505,18392.6
17506,16122
17507,14608.3
17508,11770.1
17509,10256.4
17510,9121.1
17511,7985.8
17512,9121.1
17513,10634.8
17514,14040.7
17515,16500.4
17516,15743.6
17517,14419.1
17518,11770.1
17519,10256.4
17520,5715.2
17521,1744.9
17522,986.4
17523,417.6
17524,417.6
17525,986.4
17526,5347.5
17527,18051.5
17528,19189.2
17529,18430.7
17530,16155.4
17531,14638.5
17532,11794.3
17533,10277.4
17534,9139.7
17535,8002.1
17536,9139.7
17537,10656.6
17538,14069.6
17539,16534.6
17540,15776.2
17541,14448.9
17542,11794.3
17543,10277.4
17544,5726.7
17545,1747.2
17546,987.8
17547,418
17548,418
17549,987.9
17550,5357
17551,18084.6
17552,19224.4
17553,18464.6
17554,16185
17555,14665.3
17556,11815.8
17557,10296.1
17558,9156.3
17559,8016.5
17560,9156.3
17561,10676
17562,14095.4
17563,16564.9
17564,15805.1
17565,14475.3
17566,11815.8
17567,10296.1
17568,5737
17569,1749.9
17570,989.2
17571,418.3
17572,418.3
17573,989.2
17574,5366.4
17575,18117.4
17576,19259.3
17577,18498
17578,16214.3
17579,14691.8
17580,11837.1
17581,10314.6
17582,9172.7
17583,8030.8
17584,9172.7
17585,10695.2
17586,14120.8
17587,16594.9
17588,15833.6
17589,14501.4
17590,11837.1
17591,10314.6
17592,5747.1
17593,1752.7
17594,990.6
17595,418.7
17596,418.7
17597,990.6
17598,5375.7
17599,18149.7
17600,19293.6
17601,18531
17602,16243.1
17603,14717.9
17604,11858
17605,10332.8
17606,9188.9
17607,8044.9
17608,9188.9
17609,10714.1
17610,14145.9
17611,16624.4
17612,15861.8
17613,14527.2
17614,11858
17615,10332.8
17616,5757
17617,1755.4
17618,992
17619,419
17620,419
17621,992
17622,5384.9
17623,18181.6
17624,19327.5
17625,18563.6
17626,16271.6
17627,14743.7
17628,11878.7
17629,10350.8
17630,9204.8
17631,8058.8
17632,9204.8
17633,10732.8
17634,14170.7
17635,16653.6
17636,15889.6
17637,14552.7
17638,11878.7
17639,10350.8
17640,5766.9
17641,1758.1
17642,993.3
17643,419.3
17644,419.3
17645,993.3
17646,5393.9
17647,18213
17648,19361
17649,18595.7
17650,16299.7
17651,14769.1
17652,11899.1
17653,10368.5
17654,9220.5
17655,8072.5
17656,9220.5
17657,10751.1
17658,14195.1
17659,16682.4
17660,15917
17661,14577.7
17662,11899.1
17663,10368.5
17664,5776.6
17665,1760.7
17666,994.6
17667,419.7
17668,419.7
17669,994.6
17670,5402.8
17671,18244
17672,19393.9
17673,18627.3
17674,16327.4
17675,14794.1
17676,11919.2
17677,10385.9
17678,9236
17679,8086
17680,9236
17681,10769.3
17682,14219.1
17683,16710.7
17684,15944.1
17685,14602.5
17686,11919.2
17687,10385.9
17688,5786.1
17689,1763.4
17690,995.9
17691,420
17692,420
17693,995.9
17694,5411.6
17695,18274.5
17696,19426.4
17697,18658.5
17698,16354.6
17699,14818.8
17700,11939
17701,10403.1
17702,9251.2
17703,8099.3
17704,9251.2
17705,10787.1
17706,14242.8
17707,16738.6
17708,15970.7
17709,14626.8
17710,11939
17711,10403.1
17712,5795.5
17713,1765.9
17714,997.2
17715,420.3
17716,420.3
17717,997.2
17718,5420.2
17719,18304.5
17720,19458.3
17721,18689.1
17722,16381.5
17723,14843.1
17724,11958.5
17725,10420.1
17726,9266.3
17727,8112.4
17728,9266.3
17729,10804.7
17730,14266.1
17731,16766.1
17732,15996.9
17733,14650.8
17734,11958.5
17735,10420.1
17736,5804.8
17737,1768.4
17738,998.5
17739,420.6
17740,420.6
17741,998.5
17742,5428.7
17743,18334.1
17744,19489.8
17745,18719.3
17746,16407.9
17747,14867
17748,11977.7
17749,10436.7
17750,9281
17751,8125.3
17752,9281
17753,10822
17754,14289.1
17755,16793.1
17756,16022.7
17757,14674.3
17758,11977.7
17759,10436.7
17760,5813.9
17761,1770.9
17762,999.7
17763,420.9
17764,420.9
17765,999.7
17766,5437
17767,18363.1
17768,19520.7
17769,18749
17770,16433.9
17771,14890.4
17772,11996.5
17773,10453.1
17774,9295.6
17775,8138
17776,9295.6
17777,10839
17778,14311.7
17779,16819.7
17780,16048
17781,14697.5
17782,11996.5
17783,10453.1
17784,5822.9
17785,1773.4
17786,1000.9
17787,421.2
17788,421.2
17789,1000.9
17790,5445.2
17791,18391.7
17792,19551.1
17793,18778.2
17794,16459.4
17795,14913.5
17796,12015.1
17797,10469.2
17798,9309.9
17799,8150.5
17800,9309.9
17801,10855.7
17802,14333.8
17803,16845.8
17804,16072.9
17805,14720.3
17806,12015.1
17807,10469.2
17808,5831.7
17809,1775.8
17810,1002.1
17811,421.5
17812,421.5
17813,1002.1
17814,5453.3
17815,18419.7
17816,19580.9
17817,18806.8
17818,16484.5
17819,14936.2
17820,12033.3
17821,10485
17822,9323.9
17823,8162.7
17824,9323.9
17825,10872.1
17826,14355.6
17827,16871.5
17828,16097.4
17829,14742.7
17830,12033.3
17831,10485
17832,5840.4
17833,1778.1
17834,1003.3
17835,421.8
17836,421.8
17837,1003.3
17838,5461.2
17839,18447.3
17840,19610.2
17841,18834.9
17842,16509.1
17843,14958.5
17844,12051.1
17845,10500.6
17846,9337.6
17847,8174.7
17848,9337.6
17849,10888.2
17850,14377
17851,16896.7
17852,16121.4
17853,14764.7
17854,12051.1
17855,10500.6
17856,5848.8
17857,1780.4
17858,1004.4
17859,422.1
17860,422.1
17861,1004.4
17862,5469
17863,18474.3
17864,19638.9
17865,18862.5
17866,16533.2
17867,14980.3
17868,12068.7
17869,10515.8
17870,9351.1
17871,8186.5
17872,9351.1
17873,10904
17874,14398
17875,16921.4
17876,16145
17877,14786.2
17878,12068.7
17879,10515.8
17880,5857.2
17881,1782.7
17882,1005.6
17883,422.4
17884,422.4
17885,1005.6
17886,5476.6
17887,18500.8
17888,19667.1
17889,18889.5
17890,16556.9
17891,15001.7
17892,12085.9
17893,10530.7
17894,9364.4
17895,8198
17896,9364.4
17897,10919.5
17898,14418.6
17899,16945.6
17900,16168.1
17901,14807.3
17902,12085.9
17903,10530.7
17904,5865.3
17905,1784.9
17906,1006.7
17907,422.7
17908,422.7
17909,1006.7
17910,5484
17911,18526.7
17912,19694.7
17913,18916
17914,16580
17915,15022.7
17916,12102.7
17917,10545.4
17918,9377.4
17919,8209.4
17920,9377.4
17921,10934.7
17922,14438.7
17923,16969.4
17924,16190.7
17925,14828
17926,12102.7
17927,10545.4
17928,5873.3
17929,1787.1
17930,1007.7
17931,422.9
17932,422.9
17933,1007.8
17934,5491.3
17935,18552.1
17936,19721.7
17937,18942
17938,16602.7
17939,15043.2
17940,12119.2
17941,10559.7
17942,9390
17943,8220.4
17944,9390
17945,10949.5
17946,14458.4
17947,16992.6
17948,16212.8
17949,14848.3
17950,12119.2
17951,10559.7
17952,5881.2
17953,1789.2
17954,1008.8
17955,423.2
17956,423.2
17957,1008.8
17958,5498.4
17959,18576.9
17960,19748.1
17961,18967.3
17962,16624.9
17963,15063.3
17964,12135.3
17965,10573.7
17966,9402.5
17967,8231.3
17968,9402.5
17969,10964.1
17970,14477.7
17971,17015.3
17972,16234.5
17973,14868.1
17974,12135.3
17975,10573.7
17976,5888.8
17977,1791.3
17978,1009.8
17979,423.5
17980,423.5
17981,1009.8
17982,5505.4
17983,18601.2
17984,19773.9
17985,18992.1
17986,16646.6
17987,15082.9
17988,12151
17989,10587.3
17990,9414.6
17991,8241.8
17992,9414.6
17993,10978.3
17994,14496.5
17995,17037.5
17996,16255.7
17997,14887.5
17998,12151
17999,10587.3
18000,5896.3
18001,1793.3
18002,1010.8
18003,423.7
18004,423.7
18005,1010.9
18006,5512.2
18007,18624.9
18008,19799.1
18009,19016.3
18010,16667.8
18011,15102.1
18012,12166.4
18013,10600.7
18014,9426.4
18015,8252.2
18016,9426.4
18017,10992.1
18018,14514.9
18019,17059.2
18020,16276.3
18021,14906.4
18022,12166.4
18023,10600.7
18024,5903.6
18025,1795.3
18026,1011.8
18027,424
18028,424
18029,1011.8
18030,5518.9
18031,18648
18032,19823.7
18033,19039.9
18034,16688.4
18035,15120.8
18036,12181.4
18037,10613.7
18038,9438
18039,8262.3
18040,9438
18041,11005.7
18042,14532.9
18043,17080.3
18044,16296.5
18045,14924.8
18046,12181.4
18047,10613.7
18048,5910.8
18049,1797.2
18050,1012.8
18051,424.2
18052,424.2
18053,1012.8
18054,5525.3
18055,18670.5
18056,19847.7
18057,19062.9
18058,16708.6
18059,15139
18060,12196
18061,10626.5
18062,9449.3
18063,8272.1
18064,9449.3
18065,11018.8
18066,14550.4
18067,17101
18068,16316.2
18069,14942.8
18070,12196
18071,10626.5
18072,5917.7
18073,1799.1
18074,1013.7
18075,424.4
18076,424.4
18077,1013.7
18078,5531.6
18079,18692.5
18080,19871.1
18081,19085.3
18082,16728.2
18083,15156.7
18084,12210.3
18085,10638.8
18086,9460.2
18087,8281.7
18088,9460.2
18089,11031.7
18090,14567.4
18091,17121
18092,16335.3
18093,14960.3
18094,12210.3
18095,10638.8
18096,5924.5
18097,1800.9
18098,1014.6
18099,424.7
18100,424.7
18101,1014.6
18102,5537.8
18103,18713.8
18104,19893.8
18105,19107.1
18106,16747.2
18107,15174
18108,12224.1
18109,10650.9
18110,9470.9
18111,8291
18112,9470.9
18113,11044.2
18114,14584
18115,17140.6
18116,16353.9
18117,14977.3
18118,12224.1
18119,10650.9
18120,5931.1
18121,1802.7
18122,1015.5
18123,424.9
18124,424.9
18125,1015.5
18126,5543.7
18127,18734.6
18128,19915.8
18129,19128.3
18130,16765.8
18131,15190.8
18132,12237.6
18133,10662.6
18134,9481.3
18135,8300
18136,9481.3
18137,11056.3
18138,14600.1
18139,17159.5
18140,16372
18141,14993.9
18142,12237.6
18143,10662.6
18144,5937.5
18145,1804.4
18146,1016.4
18147,425.1
18148,425.1
18149,1016.4
18150,5549.5
18151,18754.7
18152,19937.2
18153,19148.9
18154,16783.8
18155,15207
18156,12250.6
18157,10673.9
18158,9491.4
18159,8308.8
18160,9491.4
18161,11068.1
18162,14615.8
18163,17178
18164,16389.6
18165,15009.9
18166,12250.6
18167,10673.9
18168,5943.7
18169,1806.1
18170,1017.2
18171,425.3
18172,425.3
18173,1017.2
18174,5555.1
18175,18774.2
18176,19958
18177,19168.8
18178,16801.2
18179,15222.8
18180,12263.3
18181,10684.9
18182,9501.1
18183,8317.3
18184,9501.1
18185,11079.5
18186,14630.9
18187,17195.8
18188,16406.6
18189,15025.5
18190,12263.3
18191,10684.9
18192,5949.7
18193,1807.7
18194,1018
18195,425.5
18196,425.5
18197,1018
18198,5560.5
18199,18793.1
18200,19978.1
18201,19188.1
18202,16818.1
18203,15238.1
18204,12275.6
18205,10695.6
18206,9510.6
18207,8325.5
18208,9510.6
18209,11090.6
18210,14645.6
18211,17213.1
18212,16423.1
18213,15040.6
18214,12275.6
18215,10695.6
18216,5955.5
18217,1809.3
18218,1018.8
18219,425.7
18220,425.7
18221,1018.8
18222,5565.8
18223,18811.4
18224,19997.5
18225,19206.8
18226,16834.4
18227,15252.9
18228,12287.4
18229,10705.9
18230,9519.7
18231,8333.5
18232,9519.7
18233,11101.2
18234,14659.8
18235,17229.8
18236,16439
18237,15055.2
18238,12287.4
18239,10705.9
18240,5961.2
18241,1810.8
18242,1019.5
18243,425.9
18244,425.9
18245,1019.5
18246,5570.8
18247,18829
18248,20016.3
18249,19224.8
18250,16850.2
18251,15267.1
18252,12298.9
18253,10715.8
18254,9528.5
18255,8341.2
18256,9528.5
18257,11111.6
18258,14673.5
18259,17245.9
18260,16454.4
18261,15069.2
18262,12298.9
18263,10715.8
18264,5966.6
18265,1812.2
18266,1020.3
18267,426.1
18268,426.1
18269,1020.3
18270,5575.7
18271,18846
18272,20034.4
18273,19242.1
18274,16865.4
18275,15280.8
18276,12309.9
18277,10725.4
18278,9537
18279,8348.6
18280,9537
18281,11121.5
18282,14686.7
18283,17261.5
18284,16469.2
18285,15082.8
18286,12309.9
18287,10725.4
18288,5971.9
18289,1813.6
18290,1020.9
18291,426.2
18292,426.2
18293,1021
18294,5580.4
18295,18862.3
18296,20051.8
18297,19258.8
18298,16880
18299,15294.1
18300,12320.5
18301,10734.6
18302,9545.2
18303,8355.8
18304,9545.2
18305,11131.1
18306,14699.4
18307,17276.4
18308,16483.5
18309,15095.8
18310,12320.5
18311,10734.6
18312,5976.9
18313,1815
18314,1021.6
18315,426.4
18316,426.4
18317,1021.6
18318,5584.9
18319,18878.1
18320,20068.5
18321,19274.9
18322,16894
18323,15306.8
18324,12330.7
18325,10743.5
18326,9553
18327,8362.6
18328,9553
18329,11140.3
18330,14711.5
18331,17290.8
18332,16497.2
18333,15108.4
18334,12330.7
18335,10743.5
18336,5981.7
18337,1816.3
18338,1022.3
18339,426.6
18340,426.6
18341,1022.3
18342,5589.3
18343,18893.1
18344,20084.5
18345,19290.2
18346,16907.5
18347,15318.9
18348,12340.5
18349,10751.9
18350,9560.6
18351,8369.2
18352,9560.6
18353,11149.1
18354,14723.2
18355,17304.6
18356,16510.3
18357,15120.4
18358,12340.5
18359,10751.9
18360,5986.4
18361,1817.5
18362,1022.9
18363,426.7
18364,426.7
18365,1022.9
18366,5593.4
18367,18907.5
18368,20099.8
18369,19304.9
18370,16920.3
18371,15330.6
18372,12349.8
18373,10760.1
18374,9567.8
18375,8375.4
18376,9567.8
18377,11157.5
18378,14734.4
18379,17317.8
18380,16522.9
18381,15131.9
18382,12349.8
18383,10760.1
18384,5990.8
18385,1818.7
18386,1023.5
18387,426.9
18388,426.9
18389,1023.5
18390,5597.3
18391,18921.2
18392,20114.4
18393,19319
18394,16932.6
18395,15341.7
18396,12358.7
18397,10767.8
18398,9574.6
18399,8381.4
18400,9574.6
18401,11165.5
18402,14745.1
18403,17330.3
18404,16534.9
18405,15142.8
18406,12358.7
18407,10767.8
18408,5995.1
18409,1819.8
18410,1024
18411,427
18412,427
18413,1024
18414,5601.1
18415,18934.3
18416,20128.3
18417,19332.3
18418,16944.3
18419,15352.2
18420,12367.2
18421,10775.2
18422,9581.2
18423,8387.1
18424,9581.2
18425,11173.2
18426,14755.2
18427,17342.3
18428,16546.3
18429,15153.2
18430,12367.2
18431,10775.2
18432,5999.1
18433,1820.9
18434,1024.5
18435,427.1
18436,427.1
18437,1024.5
18438,5604.7
18439,18946.7
18440,20141.5
18441,19345
18442,16955.3
18443,15362.3
18444,12375.2
18445,10782.2
18446,9587.4
18447,8392.5
18448,9587.4
18449,11180.4
18450,14764.9
18451,17353.6
18452,16557.1
18453,15163.1
18454,12375.2
18455,10782.2
18456,6002.9
18457,1821.9
18458,1025
18459,427.3
18460,427.3
18461,1025
18462,5608
18463,18958.4
18464,20154
18465,19356.9
18466,16965.8
18467,15371.7
18468,12382.8
18469,10788.8
18470,9593.2
18471,8397.7
18472,9593.2
18473,11187.3
18474,14774
18475,17364.3
18476,16567.3
18477,15172.5
18478,12382.8
18479,10788.8
18480,6006.5
18481,1822.8
18482,1025.5
18483,427.4
18484,427.4
18485,1025.5
18486,5611.2
18487,18969.5
18488,20165.7
18489,19368.2
18490,16975.7
18491,15380.7
18492,12390
18493,10795
18494,9598.7
18495,8402.5
18496,9598.7
18497,11193.7
18498,14782.5
18499,17374.4
18500,16576.9
18501,15181.3
18502,12390
18503,10795
18504,6009.9
18505,1823.7
18506,1026
18507,427.5
18508,427.5
18509,1026
18510,5614.2
18511,18979.8
18512,20176.8
18513,19378.8
18514,16985
18515,15389.1
18516,12396.7
18517,10800.8
18518,9603.9
18519,8407
18520,9603.9
18521,11199.8
18522,14790.6
18523,17383.9
18524,16586
18525,15189.6
18526,12396.7
18527,10800.8
18528,6013.1
18529,1824.6
18530,1026.4
18531,427.6
18532,427.6
18533,1026.4
18534,5617
18535,18989.5
18536,20187.1
18537,19388.7
18538,16993.6
18539,15396.9
18540,12403
18541,10806.3
18542,9608.8
18543,8411.2
18544,9608.8
18545,11205.5
18546,14798.1
18547,17392.8
18548,16594.4
18549,15197.3
18550,12403
18551,10806.3
18552,6016.1
18553,1825.3
18554,1026.7
18555,427.7
18556,427.7
18557,1026.8
18558,5619.5
18559,18998.5
18560,20196.6
18561,19397.9
18562,17001.7
18563,15404.2
18564,12408.9
18565,10811.4
18566,9613.3
18567,8415.1
18568,9613.3
18569,11210.7
18570,14805.1
18571,17401
18572,16602.3
18573,15204.5
18574,12408.9
18575,10811.4
18576,6018.9
18577,1826.1
18578,1027.1
18579,427.8
18580,427.8
18581,1027.1
18582,5621.9
18583,19006.8
18584,20205.5
18585,19406.4
18586,17009.1
18587,15410.9
18588,12414.3
18589,10816.1
18590,9617.4
18591,8418.8
18592,9617.4
18593,11215.6
18594,14811.6
18595,17408.6
18596,16609.5
18597,15211.1
18598,12414.3
18599,10816.1
18600,6021.5
18601,1826.7
18602,1027.4
18603,427.9
18604,427.9
18605,1027.4
18606,5624.1
18607,19014.4
18608,20213.6
18609,19414.2
18610,17015.9
18611,15417
18612,12419.2
18613,10820.4
18614,9621.2
18615,8422.1
18616,9621.2
18617,11220.1
18618,14817.5
18619,17415.6
18620,16616.2
18621,15217.2
18622,12419.2
18623,10820.4
18624,6023.8
18625,1827.3
18626,1027.7
18627,427.9
18628,427.9
18629,1027.7
18630,5626.1
18631,19021.4
18632,20221
18633,19421.2
18634,17022.1
18635,15422.6
18636,12423.7
18637,10824.3
18638,9624.7
18639,8425.1
18640,9624.7
18641,11224.1
18642,14822.9
18643,17421.9
18644,16622.2
18645,15222.7
18646,12423.7
18647,10824.3
18648,6026
18649,1827.9
18650,1028
18651,428
18652,428
18653,1028
18654,5627.9
18655,19027.6
18656,20227.6
18657,19427.6
18658,17027.7
18659,15427.7
18660,12427.7
18661,10827.8
18662,9627.8
18663,8427.8
18664,9627.8
18665,11227.8
18666,14827.7
18667,17427.6
18668,16627.7
18669,15227.7
18670,12427.7
18671,10827.8
18672,6027.9
18673,1828.3
18674,1028.2
18675,428.1
18676,428.1
18677,1028.2
18678,5629.5
18679,19033.1
18680,20233.5
18681,19433.3
18682,17032.6
18683,15432.2
18684,12431.3
18685,10830.9
18686,9630.6
18687,8430.2
18688,9630.6
18689,11231
18690,14832
18691,17432.7
18692,16632.5
18693,15232.1
18694,12431.3
18695,10830.9
18696,6029.6
18697,1828.8
18698,1028.4
18699,428.1
18700,428.1
18701,1028.4
18702,5630.9
18703,19038
18704,20238.6
18705,19438.2
18706,17036.9
18707,15436.1
18708,12434.5
18709,10833.6
18710,9633
18711,8432.4
18712,9633
18713,11233.8
18714,14835.8
18715,17437.1
18716,16636.7
18717,15236
18718,12434.5
18719,10833.6
18720,6031.1
18721,1829.1
18722,1028.6
18723,428.2
18724,428.2
18725,1028.6
18726,5632.1
18727,19042.1
18728,20243
18729,19442.4
18730,17040.6
18731,15439.4
18732,12437.2
18733,10836
18734,9635.1
18735,8434.2
18736,9635.1
18737,11236.3
18738,14839
18739,17440.9
18740,16640.3
18741,15239.3
18742,12437.2
18743,10836
18744,6032.4
18745,1829.4
18746,1028.8
18747,428.2
18748,428.2
18749,1028.8
18750,5633
18751,19045.6
18752,20246.7
18753,19445.9
18754,17043.7
18755,15442.2
18756,12439.4
18757,10837.9
18758,9636.8
18759,8435.7
18760,9636.8
18761,11238.3
18762,14841.6
18763,17444.1
18764,16643.3
18765,15242
18766,12439.4
18767,10837.9
18768,6033.4
18769,1829.7
18770,1028.9
18771,428.2
18772,428.2
18773,1028.9
18774,5633.8
18775,19048.3
18776,20249.6
18777,19448.7
18778,17046.1
18779,15444.4
18780,12441.2
18781,10839.4
18782,9638.1
18783,8436.9
18784,9638.1
18785,11239.9
18786,14843.8
18787,17446.6
18788,16645.7
18789,15244.2
18790,12441.2
18791,10839.4
18792,6034.3
18793,1829.9
18794,1029
18795,428.2
18796,428.2
18797,1029
18798,5634.4
18799,19050.3
18800,20251.7
18801,19450.8
18802,17047.9
18803,15446
18804,12442.5
18805,10840.6
18806,9639.2
18807,8437.7
18808,9639.2
18809,11241.1
18810,14845.3
18811,17448.4
18812,16647.5
18813,15245.8
18814,12442.5
18815,10840.6
18816,6034.9
18817,1830
18818,1029
18819,428.3
18820,428.3
18821,1029
18822,5634.8
18823,19051.6
18824,20253.2
18825,19452.1
18826,17049.1
18827,15447.1
18828,12443.3
18829,10841.3
18830,9639.8
18831,8438.3
18832,9639.8
18833,11241.8
18834,14846.4
18835,17449.6
18836,16648.6
18837,15246.9
18838,12443.3
18839,10841.3
18840,6035.3
18841,1830.1
18842,1029
18843,428.3
18844,428.3
18845,1029
18846,5635
18847,19052.3
18848,20253.8
18849,19452.8
18850,17049.7
18851,15447.6
18852,12443.7
18853,10841.7
18854,9640.1
18855,8438.6
18856,9640.1
18857,11242.2
18858,14846.8
18859,17450.2
18860,16649.2
18861,15247.4
18862,12443.7
18863,10841.7
18864,6035.5
18865,1830.1
18866,1029
18867,428.3
18868,428.3
18869,1029
18870,5635
18871,19052.2
18872,20253.7
18873,19452.7
18874,17049.6
18875,15447.6
18876,12443.7
18877,10841.6
18878,9640.1
18879,8438.6
18880,9640.1
18881,11242.2
18882,14846.8
18883,17450.1
18884,16649.1
18885,15247.3
18886,12443.7
18887,10841.6
18888,6035.5
18889,1830
18890,1029
18891,428.2
18892,428.2
18893,1029
18894,5634.7
18895,19051.4
18896,20252.9
18897,19451.9
18898,17048.9
18899,15446.9
18900,12443.2
18901,10841.2
18902,9639.7
18903,8438.2
18904,9639.7
18905,11241.7
18906,14846.2
18907,17449.4
18908,16648.4
18909,15246.7
18910,12443.2
18911,10841.2
18912,6035.2
18913,1829.9
18914,1028.9
18915,428.2
18916,428.2
18917,1028.9
18918,5634.3
18919,19049.9
18920,20251.3
18921,19450.4
18922,17047.6
18923,15445.7
18924,12442.2
18925,10840.4
18926,9639
18927,8437.6
18928,9639
18929,11240.8
18930,14845
18931,17448
18932,16647.1
18933,15245.5
18934,12442.2
18935,10840.4
18936,6034.8
18937,1829.7
18938,1028.8
18939,428.2
18940,428.2
18941,1028.8
18942,5633.7
18943,19047.7
18944,20249
18945,19448.1
18946,17045.6
18947,15443.9
18948,12440.8
18949,10839.1
18950,9637.9
18951,8436.6
18952,9637.9
18953,11239.5
18954,14843.3
18955,17446
18956,16645.2
18957,15243.7
18958,12440.8
18959,10839.1
18960,6034.1
18961,1829.5
18962,1028.7
18963,428.2
18964,428.2
18965,1028.7
18966,5632.8
18967,19044.8
18968,20245.9
18969,19445.2
18970,17043
18971,15441.6
18972,12438.9
18973,10837.5
18974,9636.4
18975,8435.3
18976,9636.4
18977,11237.8
18978,14841.1
18979,17443.4
18980,16642.7
18981,15241.4
18982,12438.9
18983,10837.5
18984,6033.2
18985,1829.2
18986,1028.6
18987,428.1
18988,428.1
18989,1028.6
18990,5631.8
18991,19041.2
18992,20242.1
18993,19441.5
18994,17039.8
18995,15438.7
18996,12436.6
18997,10835.5
18998,9634.6
18999,8433.8
19000,9634.6
19001,11235.7
19002,14838.3
19003,17440.1
19004,16639.5
19005,15238.5
19006,12436.6
19007,10835.5
19008,6032.1
19009,1828.8
19010,1028.4
19011,428.1
19012,428.1
19013,1028.4
19014,5630.6
19015,19036.9
19016,20237.5
19017,19437.1
19018,17036
19019,15435.2
19020,12433.8
19021,10833
19022,9632.5
19023,8431.9
19024,9632.5
19025,11233.2
19026,14834.9
19027,17436.2
19028,16635.8
19029,15235.1
19030,12433.8
19031,10833
19032,6030.8
19033,1828.4
19034,1028.2
19035,428
19036,428
19037,1028.2
19038,5629.1
19039,19031.9
19040,20232.2
19041,19432
19042,17031.5
19043,15431.2
19044,12430.5
19045,10830.2
19046,9630
19047,8429.7
19048,9630
19049,11230.3
19050,14831
19051,17431.6
19052,16631.4
19053,15231.1
19054,12430.5
19055,10830.2
19056,6029.2
19057,1828
19058,1027.9
19059,428
19060,428
19061,1027.9
19062,5627.5
19063,19026.2
19064,20226.1
19065,19426.2
19066,17026.4
19067,15426.6
19068,12426.8
19069,10827
19070,9627.1
19071,8427.2
19072,9627.1
19073,11227
19074,14826.6
19075,17426.4
19076,16626.5
19077,15226.6
19078,12426.8
19079,10827
19080,6027.5
19081,1827.4
19082,1027.7
19083,427.9
19084,427.9
19085,1027.7
19086,5625.7
19087,19019.8
19088,20219.3
19089,19419.7
19090,17020.7
19091,15421.4
19092,12422.7
19093,10823.4
19094,9623.9
19095,8424.4
19096,9623.9
19097,11223.2
19098,14821.7
19099,17420.5
19100,16620.9
19101,15221.5
19102,12422.7
19103,10823.4
19104,6025.5
19105,1826.8
19106,1027.4
19107,427.8
19108,427.8
19109,1027.4
19110,5623.6
19111,19012.7
19112,20211.8
19113,19412.4
19114,17014.4
19115,15415.7
19116,12418.1
19117,10819.4
19118,9620.4
19119,8421.4
19120,9620.4
19121,11219.1
19122,14816.2
19123,17414
19124,16614.7
19125,15215.8
19126,12418.1
19127,10819.4
19128,6023.3
19129,1826.2
19130,1027
19131,427.8
19132,427.8
19133,1027
19134,5621.4
19135,19005
19136,20203.5
19137,19404.5
19138,17007.4
19139,15409.4
19140,12413
19141,10815
19142,9616.5
19143,8418
19144,9616.5
19145,11214.5
19146,14810.1
19147,17406.9
19148,16607.9
19149,15209.6
19150,12413
19151,10815
19152,6020.9
19153,1825.5
19154,1026.7
19155,427.7
19156,427.7
19157,1026.7
19158,5619
19159,18996.5
19160,20194.5
19161,19395.8
19162,16999.8
19163,15402.5
19164,12407.6
19165,10810.2
19166,9612.3
19167,8414.3
19168,9612.3
19169,11209.6
19170,14803.5
19171,17399.2
19172,16600.5
19173,15202.9
19174,12407.6
19175,10810.2
19176,6018.3
19177,1824.7
19178,1026.3
19179,427.6
19180,427.6
19181,1026.3
19182,5616.3
19183,18987.3
19184,20184.7
19185,19386.5
19186,16991.7
19187,15395.1
19188,12401.6
19189,10805.1
19190,9607.7
19191,8410.3
19192,9607.7
19193,11204.2
19194,14796.4
19195,17390.8
19196,16592.5
19197,15195.6
19198,12401.6
19199,10805.1
19200,6015.5
19201,1026
19202,427.5
19203,427.5
19204,1025.9
19205,5613.5
19206,18977.5
19207,20174.3
19208,19376.4
19209,16982.9
19210,15387.2
19211,12395.2
19212,10799.5
19213,9602.7
19214,8406
19215,9602.7
19216,11198.4
19217,14788.8
19218,17381.8
19219,16583.9
19220,15187.7
19221,12395.2
19222,10799.5
19223,6012.4
19224,1823.7
19225,1025.6
19226,427.4
19227,427.4
19228,1025.4
19229,5610.5
19230,18967
19231,20163.1
19232,19365.7
19233,16973.5
19234,15378.6
19235,12388.4
19236,10793.6
19237,9597.5
19238,8401.4
19239,9597.5
19240,11192.3
19241,14780.6
19242,17372.2
19243,16574.8
19244,15179.3
19245,12388.4
19246,10793.6
19247,6009.2
19248,1822.8
19249,1025.1
19250,427.2
19251,427.2
19252,1024.9
19253,5607.3
19254,18955.8
19255,20151.1
19256,19354.2
19257,16963.4
19258,15369.6
19259,12381.1
19260,10787.3
19261,9591.9
19262,8396.5
19263,9591.9
19264,11185.7
19265,14771.9
19266,17361.9
19267,16565
19268,15170.4
19269,12381.1
19270,10787.3
19271,6005.7
19272,1821.9
19273,1024.6
19274,427.1
19275,427.1
19276,1024.4
19277,5603.8
19278,18943.9
19279,20138.5
19280,19342.1
19281,16952.8
19282,15360
19283,12373.4
19284,10780.6
19285,9585.9
19286,8391.3
19287,9585.9
19288,11178.8
19289,14762.7
19290,17351
19291,16554.6
19292,15160.9
19293,12373.4
19294,10780.6
19295,6002.1
19296,1820.8
19297,1024.1
19298,427
19299,427
19300,1023.9
19301,5600.2
19302,18931.3
19303,20125.2
19304,19329.3
19305,16941.6
19306,15349.8
19307,12365.3
19308,10773.5
19309,9579.7
19310,8385.8
19311,9579.7
19312,11171.4
19313,14752.9
19314,17339.5
19315,16543.7
19316,15150.9
19317,12365.3
19318,10773.5
19319,5998.2
19320,1819.8
19321,1023.5
19322,426.8
19323,426.8
19324,1023.3
19325,5596.4
19326,18918.1
19327,20111.1
19328,19315.8
19329,16929.8
19330,15339.1
19331,12356.7
19332,10766
19333,9573.1
19334,8380.1
19335,9573.1
19336,11163.7
19337,14742.7
19338,17327.5
19339,16532.1
19340,15140.3
19341,12356.7
19342,10766
19343,5994.1
19344,1818.7
19345,1022.9
19346,426.7
19347,426.7
19348,1022.8
19349,5592.5
19350,18904.2
19351,20096.3
19352,19301.6
19353,16917.4
19354,15327.9
19355,12347.7
19356,10758.2
19357,9566.1
19358,8374
19359,9566.1
19360,11155.6
19361,14731.9
19362,17314.7
19363,16520
19364,15129.2
19365,12347.7
19366,10758.2
19367,5989.8
19368,1817.5
19369,1022.3
19370,426.5
19371,426.5
19372,1022.1
19373,5588.3
19374,18889.7
19375,20080.8
19376,19286.7
19377,16904.4
19378,15316.2
19379,12338.2
19380,10750
19381,9558.8
19382,8367.7
19383,9558.8
19384,11147.1
19385,14720.6
19386,17301.4
19387,16507.3
19388,15117.6
19389,12338.2
19390,10750
19391,5985.3
19392,1816.2
19393,1021.7
19394,426.4
19395,426.4
19396,1021.5
19397,5583.9
19398,18874.5
19399,20064.7
19400,19271.2
19401,16890.8
19402,15303.9
19403,12328.4
19404,10741.4
19405,9551.2
19406,8361
19407,9551.2
19408,11138.2
19409,14708.8
19410,17287.5
19411,16494.1
19412,15105.5
19413,12328.4
19414,10741.4
19415,5980.6
19416,1814.9
19417,1021
19418,426.2
19419,426.2
19420,1020.8
19421,5579.4
19422,18858.6
19423,20047.8
19424,19255
19425,16876.6
19426,15291
19427,12318.1
19428,10732.5
19429,9543.3
19430,8354.1
19431,9543.3
19432,11128.9
19433,14696.5
19434,17273
19435,16480.2
19436,15092.8
19437,12318.1
19438,10732.5
19439,5975.7
19440,1813.6
19441,1020.3
19442,426
19443,426
19444,1020.1
19445,5574.6
19446,18842.1
19447,20030.2
19448,19238.2
19449,16861.9
19450,15277.7
19451,12307.4
19452,10723.2
19453,9535.1
19454,8346.9
19455,9535.1
19456,11119.2
19457,14683.6
19458,17257.9
19459,16465.8
19460,15079.7
19461,12307.4
19462,10723.2
19463,5970.7
19464,1812.2
19465,1019.6
19466,425.9
19467,425.9
19468,1019.4
19469,5569.7
19470,18825
19471,20012
19472,19220.6
19473,16846.6
19474,15263.8
19475,12296.2
19476,10713.5
19477,9526.5
19478,8339.4
19479,9526.5
19480,11109.2
19481,14670.3
19482,17242.2
19483,16450.9
19484,15066
19485,12296.2
19486,10713.5
19487,5965.4
19488,1810.7
19489,1018.9
19490,425.7
19491,425.7
19492,1018.6
19493,5564.6
19494,18807.2
19495,19993.1
19496,19202.5
19497,16830.7
19498,15249.5
19499,12284.7
19500,10703.5
19501,9517.6
19502,8331.7
19503,9517.6
19504,11098.8
19505,14656.5
19506,17226
19507,16435.4
19508,15051.8
19509,12284.7
19510,10703.5
19511,5959.9
19512,1809.2
19513,1018.1
19514,425.5
19515,425.5
19516,1017.8
19517,5559.3
19518,18788.8
19519,19973.5
19520,19183.7
19521,16814.2
19522,15234.6
19523,12272.8
19524,10693.1
19525,9508.4
19526,8323.7
19527,9508.4
19528,11088
19529,14642.2
19530,17209.1
19531,16419.3
19532,15037.1
19533,12272.8
19534,10693.1
19535,5954.2
19536,1807.6
19537,1017.3
19538,425.3
19539,425.3
19540,1017
19541,5553.8
19542,18769.7
19543,19953.3
19544,19164.2
19545,16797.2
19546,15219.2
19547,12260.4
19548,10682.4
19549,9498.9
19550,8315.4
19551,9498.9
19552,11076.9
19553,14627.4
19554,17191.7
19555,16402.7
19556,15021.9
19557,12260.4
19558,10682.4
19559,5948.3
19560,1806
19561,1016.5
19562,425.1
19563,425.1
19564,1016.2
19565,5548.2
19566,18750.1
19567,19932.3
19568,19144.2
19569,16779.6
19570,15203.3
19571,12247.6
19572,10671.3
19573,9489
19574,8306.8
19575,9489
19576,11065.4
19577,14612.2
19578,17173.7
19579,16385.6
19580,15006.3
19581,12247.6
19582,10671.3
19583,5942.3
19584,1804.4
19585,1015.6
19586,424.9
19587,424.8
19588,1015.3
19589,5542.4
19590,18729.8
19591,19910.8
19592,19123.5
19593,16761.5
19594,15186.9
19595,12234.5
19596,10659.9
19597,9478.9
19598,8297.9
19599,9478.9
19600,11053.5
19601,14596.4
19602,17155.2
19603,16367.9
19604,14990.1
19605,12234.5
19606,10659.9
19607,5936
19608,1802.6
19609,1014.7
19610,424.6
19611,424.6
19612,1014.5
19613,5536.4
19614,18708.9
19615,19888.6
19616,19102.1
19617,16742.9
19618,15170
19619,12220.9
19620,10648.1
19621,9468.5
19622,8288.8
19623,9468.5
19624,11041.3
19625,14580.2
19626,17136.1
19627,16349.7
19628,14973.4
19629,12220.9
19630,10648.1
19631,5929.6
19632,1800.8
19633,1013.8
19634,424.4
19635,424.4
19636,1013.5
19637,5530.2
19638,18687.4
19639,19865.7
19640,19080.2
19641,16723.7
19642,15152.7
19643,12207
19644,10636
19645,9457.7
19646,8279.5
19647,9457.7
19648,11028.7
19649,14563.5
19650,17116.4
19651,16330.9
19652,14956.3
19653,12207
19654,10636
19655,5922.9
19656,1799
19657,1012.9
19658,424.2
19659,424.2
19660,1012.6
19661,5523.8
19662,18665.4
19663,19842.2
19664,19057.6
19665,16703.9
19666,15134.8
19667,12192.7
19668,10623.5
19669,9446.7
19670,8269.8
19671,9446.7
19672,11015.8
19673,14546.4
19674,17096.2
19675,16311.7
19676,14938.7
19677,12192.7
19678,10623.5
19679,5916.1
19680,1797.1
19681,1011.9
19682,423.9
19683,423.9
19684,1011.6
19685,5517.3
19686,18642.7
19687,19818.1
19688,19034.5
19689,16683.7
19690,15116.5
19691,12178
19692,10610.7
19693,9435.3
19694,8259.9
19695,9435.3
19696,11002.6
19697,14528.8
19698,17075.5
19699,16291.9
19700,14920.6
19701,12178
19702,10610.7
19703,5909.1
19704,1795.2
19705,1011
19706,423.7
19707,423.7
19708,1010.6
19709,5510.7
19710,18619.4
19711,19793.4
19712,19010.7
19713,16662.9
19714,15097.7
19715,12162.9
19716,10597.6
19717,9423.7
19718,8249.8
19719,9423.7
19720,10988.9
19721,14510.7
19722,17054.2
19723,16271.6
19724,14902
19725,12162.9
19726,10597.6
19727,5902
19728,1793.2
19729,1010
19730,423.4
19731,423.4
19732,1009.6
19733,5503.8
19734,18595.6
19735,19768
19736,18986.4
19737,16641.6
19738,15078.4
19739,12147.4
19740,10584.2
19741,9411.8
19742,8239.4
19743,9411.8
19744,10975
19745,14492.2
19746,17032.4
19747,16250.8
19748,14883
19749,12147.4
19750,10584.2
19751,5894.6
19752,1791.2
19753,1008.9
19754,423.2
19755,423.2
19756,1008.6
19757,5496.8
19758,18571.2
19759,19742
19760,18961.5
19761,16619.8
19762,15058.7
19763,12131.6
19764,10570.4
19765,9399.6
19766,8228.8
19767,9399.6
19768,10960.7
19769,14473.3
19770,17010.1
19771,16229.5
19772,14863.5
19773,12131.6
19774,10570.4
19775,5887.1
19776,1789.1
19777,1007.9
19778,422.9
19779,422.9
19780,1007.5
19781,5489.6
19782,18546.2
19783,19715.5
19784,18936
19785,16597.5
19786,15038.5
19787,12115.4
19788,10556.4
19789,9387.1
19790,8217.9
19791,9387.1
19792,10946.1
19793,14453.9
19794,16987.2
19795,16207.7
19796,14843.6
19797,12115.4
19798,10556.4
19799,5879.4
19800,1787
19801,1006.8
19802,422.6
19803,422.6
19804,1006.4
19805,5482.3
19806,18520.7
19807,19688.4
19808,18909.9
19809,16574.7
19810,15017.9
19811,12098.8
19812,10542
19813,9374.4
19814,8206.7
19815,9374.4
19816,10931.2
19817,14434.1
19818,16963.9
19819,16185.5
19820,14823.3
19821,12098.8
19822,10542
19823,5871.5
19824,1784.8
19825,1005.7
19826,422.4
19827,422.3
19828,1005.3
19829,5474.8
19830,18494.7
19831,19660.6
19832,18883.3
19833,16551.4
19834,14996.8
19835,12081.9
19836,10527.3
19837,9361.3
19838,8195.4
19839,9361.3
19840,10915.9
19841,14413.8
19842,16940.1
19843,16162.8
19844,14802.5
19845,12081.9
19846,10527.3
19847,5863.5
19848,1782.6
19849,1004.6
19850,422.1
19851,422.1
19852,1004.2
19853,5467.2
19854,18468.1
19855,19632.3
19856,18856.2
19857,16527.6
19858,14975.3
19859,12064.6
19860,10512.3
19861,9348
19862,8183.8
19863,9348
19864,10900.4
19865,14393.2
19866,16915.7
19867,16139.5
19868,14781.2
19869,12064.6
19870,10512.3
19871,5855.3
19872,1780.4
19873,1003.4
19874,421.8
19875,421.8
19876,1003.1
19877,5459.4
19878,18440.9
19879,19603.5
19880,18828.4
19881,16503.4
19882,14953.4
19883,12047
19884,10497
19885,9334.5
19886,8171.9
19887,9334.5
19888,10884.5
19889,14372.1
19890,16890.9
19891,16115.9
19892,14759.6
19893,12047
19894,10497
19895,5846.9
19896,1778
19897,1002.2
19898,421.5
19899,421.5
19900,1001.9
19901,5451.4
19902,18413.3
19903,19574
19904,18800.2
19905,16478.7
19906,14931
19907,12029.1
19908,10481.4
19909,9320.6
19910,8159.9
19911,9320.6
19912,10868.3
19913,14350.6
19914,16865.6
19915,16091.8
19916,14737.5
19917,12029.1
19918,10481.4
19919,5838.4
19920,1775.7
19921,1001.1
19922,421.2
19923,421.2
19924,1000.7
19925,5443.4
19926,18385.1
19927,19544.1
19928,18771.4
19929,16453.5
19930,14908.2
19931,12010.8
19932,10465.5
19933,9306.6
19934,8147.6
19935,9306.6
19936,10851.8
19937,14328.7
19938,16839.8
19939,16067.2
19940,14715.1
19941,12010.8
19942,10465.5
19943,5829.7
19944,1773.3
19945,999.8
19946,420.9
19947,420.9
19948,999.5
19949,5435.1
19950,18356.4
19951,19513.6
19952,18742.1
19953,16427.9
19954,14885
19955,11992.2
19956,10449.4
19957,9292.2
19958,8135.1
19959,9292.2
19960,10835.1
19961,14306.5
19962,16813.6
19963,16042.2
19964,14692.2
19965,11992.2
19966,10449.4
19967,5820.8
19968,1770.9
19969,998.6
19970,420.6
19971,420.6
19972,998.2
19973,5426.7
19974,18327.3
19975,19482.5
19976,18712.4
19977,16401.8
19978,14861.4
19979,11973.3
19980,10432.9
19981,9277.6
19982,8122.4
19983,9277.6
19984,10818
19985,14283.8
19986,16786.9
19987,16016.7
19988,14668.9
19989,11973.3
19990,10432.9
19991,5811.8
19992,1768.4
19993,997.3
19994,420.3
19995,420.3
19996,997
19997,5418.2
19998,18297.6
19999,19451
20000,18682.1
20001,16375.3
20002,14837.5
20003,11954
20004,10416.2
20005,9262.8
20006,8109.4
20007,9262.8
20008,10800.6
20009,14260.8
20010,16759.8
20011,15990.8
20012,14645.2
20013,11954
20014,10416.2
20015,5802.7
20016,1765.8
20017,996.1
20018,419.9
20019,419.9
20020,995.7
20021,5409.6
20022,18267.5
20023,19418.9
20024,18651.3
20025,16348.4
20026,14813.1
20027,11934.5
20028,10399.2
20029,9247.7
20030,8096.3
20031,9247.7
20032,10783
20033,14237.4
20034,16732.2
20035,15964.5
20036,14621.2
20037,11934.5
20038,10399.2
20039,5793.4
20040,1763.3
20041,994.8
20042,419.6
20043,419.6
20044,994.4
20045,5400.8
20046,18236.8
20047,19386.3
20048,18620
20049,16321
20050,14788.3
20051,11914.6
20052,10381.9
20053,9232.4
20054,8082.9
20055,9232.4
20056,10765.1
20057,14213.6
20058,16704.2
20059,15937.8
20060,14596.7
20061,11914.6
20062,10381.9
20063,5783.9
20064,1760.7
20065,993.5
20066,419.3
20067,419.3
20068,993
20069,5391.8
20070,18205.8
20071,19353.3
20072,18588.3
20073,16293.2
20074,14763.2
20075,11894.4
20076,10364.4
20077,9216.9
20078,8069.4
20079,9216.9
20080,10746.9
20081,14189.4
20082,16675.7
20083,15910.7
20084,14572
20085,11894.4
20086,10364.4
20087,5774.3
20088,1758
20089,992.1
20090,419
20091,418.9
20092,991.7
20093,5382.8
20094,18174.2
20095,19319.7
20096,18556.1
20097,16265
20098,14737.7
20099,11874
20100,10346.6
20101,9201.1
20102,8055.6
20103,9201.1
20104,10728.4
20105,14165
20106,16646.9
20107,15883.2
20108,14546.8
20109,11874
20110,10346.6
20111,5764.6
20112,1755.3
20113,990.8
20114,418.6
20115,418.6
20116,990.3
20117,5373.6
20118,18142.2
20119,19285.7
20120,18523.4
20121,16236.5
20122,14711.9
20123,11853.2
20124,10328.6
20125,9185.1
20126,8041.7
20127,9185.1
20128,10709.7
20129,14140.1
20130,16617.6
20131,15855.3
20132,14521.3
20133,11853.2
20134,10328.6
20135,5754.7
20136,1752.6
20137,989.4
20138,418.3
20139,418.3
20140,989
20141,5364.3
20142,18109.8
20143,19251.2
20144,18490.3
20145,16207.5
20146,14685.6
20147,11832.2
20148,10310.3
20149,9168.9
20150,8027.5
20151,9168.9
20152,10690.8
20153,14115
20154,16588
20155,15827
20156,14495.4
20157,11832.2
20158,10310.3
20159,5744.7
20160,1749.9
20161,988
20162,417.9
20163,417.9
20164,987.6
20165,5354.9
20166,18077
20167,19216.3
20168,18456.8
20169,16178.2
20170,14659.1
20171,11810.9
20172,10291.8
20173,9152.5
20174,8013.2
20175,9152.5
20176,10671.6
20177,14089.5
20178,16557.9
20179,15798.4
20180,14469.2
20181,11810.9
20182,10291.8
20183,5734.6
20184,1747.1
20185,986.6
20186,417.6
20187,417.6
20188,986.2
20189,5345.3
20190,18043.7
20191,19180.9
20192,18422.8
20193,16148.4
20194,14632.2
20195,11789.3
20196,10273
20197,9135.9
20198,7998.7
20199,9135.9
20200,10652.1
20201,14063.6
20202,16527.5
20203,15769.4
20204,14442.7
20205,11789.3
20206,10273
20207,5724.3
20208,1744.2
20209,985.2
20210,417.2
20211,417.2
20212,984.7
20213,5335.6
20214,18010.1
20215,19145.1
20216,18388.4
20217,16118.4
20218,14605
20219,11767.4
20220,10254.1
20221,9119
20222,7984
20223,9119
20224,10632.4
20225,14037.5
20226,16496.7
20227,15740
20228,14415.8
20229,11767.4
20230,10254.1
20231,5714
20232,1741.4
20233,983.7
20234,416.8
20235,416.8
20236,983.3
20237,5325.9
20238,17976
20239,19108.9
20240,18353.6
20241,16087.9
20242,14577.5
20243,11745.3
20244,10234.9
20245,9102
20246,7969.2
20247,9102
20248,10612.5
20249,14011
20250,16465.6
20251,15710.3
20252,14388.7
20253,11745.3
20254,10234.9
20255,5703.5
20256,1738.5
20257,982.3
20258,416.5
20259,416.5
20260,981.8
20261,5316
20262,17941.6
20263,19072.2
20264,18318.5
20265,16057.2
20266,14549.6
20267,11723
20268,10215.4
20269,9084.8
20270,7954.1
20271,9084.8
20272,10592.3
20273,13984.3
20274,16434
20275,15680.3
20276,14361.2
20277,11723
20278,10215.4
20279,5692.8
20280,1735.5
20281,980.8
20282,416.1
20283,416.1
20284,980.3
20285,5306
20286,17906.8
20287,19035.2
20288,18282.9
20289,16026
20290,14521.5
20291,11700.4
20292,10195.8
20293,9067.4
20294,7939
20295,9067.4
20296,10572
20297,13957.3
20298,16402.2
20299,15649.9
20300,14333.4
20301,11700.4
20302,10195.8
20303,5682.1
20304,1732.6
20305,979.3
20306,415.7
20307,415.7
20308,978.8
20309,5295.9
20310,17871.6
20311,18997.8
20312,18247
20313,15994.6
20314,14493
20315,11677.6
20316,10176
20317,9049.8
20318,7923.6
20319,9049.8
20320,10551.4
20321,13929.9
20322,16370
20323,15619.2
20324,14305.3
20325,11677.6
20326,10176
20327,5671.2
20328,1729.6
20329,977.8
20330,415.4
20331,415.3
20332,977.3
20333,5285.6
20334,17836.1
20335,18960
20336,18210.7
20337,15962.9
20338,14464.3
20339,11654.5
20340,10155.9
20341,9032
20342,7908.1
20343,9032
20344,10530.6
20345,13902.3
20346,16337.5
20347,15588.2
20348,14277
20349,11654.5
20350,10155.9
20351,5660.3
20352,1726.6
20353,976.3
20354,415
20355,415
20356,975.8
20357,5275.3
20358,17800.2
20359,18921.8
20360,18174.1
20361,15930.8
20362,14435.3
20363,11631.2
20364,10135.7
20365,9014.1
20366,7892.5
20367,9014.1
20368,10509.6
20369,13874.5
20370,16304.7
20371,15556.9
20372,14248.4
20373,11631.2
20374,10135.7
20375,5649.2
20376,1723.5
20377,974.7
20378,414.6
20379,414.6
20380,974.3
20381,5264.9
20382,17764
20383,18883.3
20384,18137.1
20385,15898.4
20386,14406
20387,11607.7
20388,10115.3
20389,8996
20390,7876.7
20391,8996
20392,10488.4
20393,13846.4
20394,16271.5
20395,15525.3
20396,14219.5
20397,11607.7
20398,10115.3
20399,5638
20400,1720.4
20401,973.2
20402,414.2
20403,414.2
20404,972.7
20405,5254.4
20406,17727.4
20407,18844.4
20408,18099.8
20409,15865.8
20410,14376.5
20411,11584
20412,10094.7
20413,8977.7
20414,7860.7
20415,8977.7
20416,10467
20417,13818
20418,16238.1
20419,15493.5
20420,14190.3
20421,11584
20422,10094.7
20423,5626.8
20424,1717.3
20425,971.6
20426,413.8
20427,413.8
20428,971.1
20429,5243.9
20430,17690.6
20431,18805.2
20432,18062.1
20433,15832.9
20434,14346.7
20435,11560.1
20436,10073.9
20437,8959.3
20438,7844.7
20439,8959.3
20440,10445.5
20441,13789.4
20442,16204.4
20443,15461.3
20444,14160.9
20445,11560.1
20446,10073.9
20447,5615.4
20448,1714.2
20449,970
20450,413.4
20451,413.4
20452,969.6
20453,5233.2
20454,17653.4
20455,18765.7
20456,18024.2
20457,15799.7
20458,14316.6
20459,11536
20460,10053
20461,8940.7
20462,7828.5
20463,8940.7
20464,10423.7
20465,13760.5
20466,16170.4
20467,15428.9
20468,14131.3
20469,11536
20470,10053
20471,5603.9
20472,1711
20473,968.5
20474,413
20475,413
20476,968
20477,5222.4
20478,17616
20479,18725.9
20480,17986
20481,15766.2
20482,14286.4
20483,11511.7
20484,10031.9
20485,8922
20486,7812.1
20487,8922
20488,10401.8
20489,13731.4
20490,16136.2
20491,15396.3
20492,14101.4
20493,11511.7
20494,10031.9
20495,5592.4
20496,1707.8
20497,966.9
20498,412.6
20499,412.6
20500,966.4
20501,5211.6
20502,17578.3
20503,18685.7
20504,17947.4
20505,15732.5
20506,14255.9
20507,11487.2
20508,10010.6
20509,8903.1
20510,7795.7
20511,8903.1
20512,10379.8
20513,13702.2
20514,16101.7
20515,15363.3
20516,14071.3
20517,11487.2
20518,10010.6
20519,5580.8
20520,1704.6
20521,965.2
20522,412.2
20523,412.2
20524,964.7
20525,5200.7
20526,17540.3
20527,18645.3
20528,17908.6
20529,15698.6
20530,14225.2
20531,11462.6
20532,9989.2
20533,8884.2
20534,7779.1
20535,8884.2
20536,10357.5
20537,13672.7
20538,16066.9
20539,15330.2
20540,14041
20541,11462.6
20542,9989.2
20543,5569
20544,1701.4
20545,963.6
20546,411.8
20547,411.8
20548,963.1
20549,5189.7
20550,17502.1
20551,18604.7
20552,17869.6
20553,15664.4
20554,14194.3
20555,11437.8
20556,9967.6
20557,8865
20558,7762.4
20559,8865
20560,10335.2
20561,13643
20562,16031.9
20563,15296.9
20564,14010.5
20565,11437.8
20566,9967.6
20567,5557.2
20568,1698.1
20569,962
20570,411.4
20571,411.4
20572,961.5
20573,5178.7
20574,17463.6
20575,18563.7
20576,17830.3
20577,15630
20578,14163.1
20579,11412.8
20580,9945.9
20581,8845.8
20582,7745.6
20583,8845.8
20584,10312.6
20585,13613.1
20586,15996.7
20587,15263.3
20588,13979.8
20589,11412.8
20590,9945.9
20591,5545.4
20592,1694.9
20593,960.3
20594,411
20595,411
20596,959.8
20597,5167.5
20598,17424.8
20599,18522.5
20600,17790.7
20601,15595.4
20602,14131.8
20603,11387.7
20604,9924.1
20605,8826.4
20606,7728.8
20607,8826.4
20608,10290
20609,13583
20610,15961.3
20611,15229.5
20612,13948.9
20613,11387.7
20614,9924.1
20615,5533.4
20616,1691.6
20617,958.7
20618,410.6
20619,410.6
20620,958.2
20621,5156.3
20622,17385.9
20623,18481.1
20624,17751
20625,15560.6
20626,14100.3
20627,11362.4
20628,9902.1
20629,8807
20630,7711.8
20631,8807
20632,10267.2
20633,13552.8
20634,15925.7
20635,15195.5
20636,13917.8
20637,11362.4
20638,9902.1
20639,5521.4
20640,1688.3
20641,957
20642,410.2
20643,410.1
20644,956.5
20645,5145.1
20646,17346.7
20647,18439.4
20648,17711
20649,15525.6
20650,14068.7
20651,11337
20652,9880.1
20653,8787.4
20654,7694.7
20655,8787.4
20656,10244.3
20657,13522.3
20658,15889.8
20659,15161.4
20660,13886.6
20661,11337
20662,9880.1
20663,5509.3
20664,1684.9
20665,955.3
20666,409.7
20667,409.7
20668,954.8
20669,5133.8
20670,17307.4
20671,18397.6
20672,17670.8
20673,15490.4
20674,14036.9
20675,11311.4
20676,9857.9
20677,8767.7
20678,7677.5
20679,8767.7
20680,10221.3
20681,13491.8
20682,15853.8
20683,15127
20684,13855.2
20685,11311.4
20686,9857.9
20687,5497.2
20688,1681.6
20689,953.7
20690,409.3
20691,409.3
20692,953.1
20693,5122.4
20694,17267.9
20695,18355.5
20696,17630.4
20697,15455.1
20698,14004.9
20699,11285.8
20700,9835.6
20701,8747.9
20702,7660.3
20703,8747.9
20704,10198.1
20705,13461.1
20706,15817.7
20707,15092.6
20708,13823.6
20709,11285.8
20710,9835.6
20711,5485
20712,1678.2
20713,952
20714,408.9
20715,408.9
20716,951.5
20717,5111
20718,17228.1
20719,18313.3
20720,17589.8
20721,15419.6
20722,13972.8
20723,11260
20724,9813.2
20725,8728.1
20726,7643
20727,8728.1
20728,10174.9
20729,13430.2
20730,15781.3
20731,15057.9
20732,13791.9
20733,11260
20734,9813.2
20735,5472.7
20736,1674.8
20737,950.3
20738,408.5
20739,408.5
20740,949.8
20741,5099.6
20742,17188.3
20743,18270.8
20744,17549.1
20745,15384
20746,13940.6
20747,11234.1
20748,9790.7
20749,8708.1
20750,7625.6
20751,8708.1
20752,10151.6
20753,13399.3
20754,15744.8
20755,15023.1
20756,13760.1
20757,11234.1
20758,9790.7
20759,5460.4
20760,1671.4
20761,948.6
20762,408
20763,408
20764,948.1
20765,5088.1
20766,17148.2
20767,18228.2
20768,17508.2
20769,15348.2
20770,13908.2
20771,11208.1
20772,9768.1
20773,8688.1
20774,7608.1
20775,8688.1
20776,10128.1
20777,13368.2
20778,15708.2
20779,14988.2
20780,13728.2
20781,11208.1
20782,9768.1
20783,5448.1
20784,1668
20785,946.9
20786,407.6
20787,407.6
20788,946.3
20789,5076.5
20790,17108.1
20791,18185.5
20792,17467.2
20793,15312.3
20794,13875.7
20795,11182.1
20796,9745.5
20797,8668
20798,7590.6
20799,8668
20800,10104.6
20801,13337
20802,15671.5
20803,14953.2
20804,13696.1
20805,11182.1
20806,9745.5
20807,5435.7
20808,1664.6
20809,945.2
20810,407.2
20811,407.2
20812,944.6
20813,5065
20814,17067.8
20815,18142.6
20816,17426
20817,15276.3
20818,13843.1
20819,11155.9
20820,9722.8
20821,8647.9
20822,7573
20823,8647.9
20824,10081
20825,13305.7
20826,15634.6
20827,14918
20828,13664
20829,11155.9
20830,9722.8
20831,5423.2
20832,1661.2
20833,943.4
20834,406.8
20835,406.7
20836,942.9
20837,5053.4
20838,17027.3
20839,18099.6
20840,17384.8
20841,15240.2
20842,13810.4
20843,11129.7
20844,9700
20845,8627.7
20846,7555.4
20847,8627.7
20848,10057.4
20849,13274.3
20850,15597.6
20851,14882.7
20852,13631.7
20853,11129.7
20854,9700
20855,5410.8
20856,1657.7
20857,941.7
20858,406.3
20859,406.3
20860,941.2
20861,5041.7
20862,16986.8
20863,18056.5
20864,17343.4
20865,15204
20866,13777.7
20867,11103.4
20868,9677.1
20869,8607.4
20870,7537.7
20871,8607.4
20872,10033.7
20873,13242.8
20874,15560.5
20875,14847.4
20876,13599.4
20877,11103.4
20878,9677.1
20879,5398.3
20880,1654.3
20881,940
20882,405.9
20883,405.9
20884,939.5
20885,5030.1
20886,16946.2
20887,18013.3
20888,17301.9
20889,15167.7
20890,13744.8
20891,11077
20892,9654.2
20893,8587.1
20894,7520
20895,8587.1
20896,10009.9
20897,13211.3
20898,15523.4
20899,14812
20900,13567
20901,11077
20902,9654.2
20903,5385.7
20904,1650.8
20905,938.3
20906,405.5
20907,405.5
20908,937.7
20909,5018.4
20910,16905.5
20911,17970
20912,17260.3
20913,15131.3
20914,13711.9
20915,11050.6
20916,9631.3
20917,8566.8
20918,7502.2
20919,8566.8
20920,9986.1
20921,13179.7
20922,15486.1
20923,14776.5
20924,13534.5
20925,11050.6
20926,9631.3
20927,5373.2
20928,1647.4
20929,936.5
20930,405
20931,405
20932,936
20933,5006.7
20934,16864.7
20935,17926.7
20936,17218.7
20937,15094.9
20938,13679
20939,11024.2
20940,9608.3
20941,8546.4
20942,7484.5
20943,8546.4
20944,9962.3
20945,13148
20946,15448.8
20947,14740.9
20948,13502
20949,11024.2
20950,9608.3
20951,5360.6
20952,1643.9
20953,934.8
20954,404.6
20955,404.6
20956,934.3
20957,4994.9
20958,16823.9
20959,17883.2
20960,17177
20961,15058.4
20962,13646
20963,10997.7
20964,9585.3
20965,8526
20966,7466.7
20967,8526
20968,9938.4
20969,13116.3
20970,15411.5
20971,14705.3
20972,13469.4
20973,10997.7
20974,9585.3
20975,5348
20976,1640.4
20977,933.1
20978,404.2
20979,404.1
20980,932.5
20981,4983.2
20982,16783.1
20983,17839.8
20984,17135.3
20985,15021.9
20986,13612.9
20987,10971.2
20988,9562.2
20989,8505.5
20990,7448.8
20991,8505.5
20992,9914.5
20993,13084.6
20994,15374.1
20995,14669.6
20996,13436.8
20997,10971.2
20998,9562.2
20999,5335.4
21000,1636.9
21001,931.3
21002,403.7
21003,403.7
21004,930.8
21005,4971.4
21006,16742.2
21007,17796.3
21008,17093.5
21009,14985.3
21010,13579.9
21011,10944.6
21012,9539.2
21013,8485.1
21014,7431
21015,8485.1
21016,9890.5
21017,13052.8
21018,15336.7
21019,14634
21020,13404.2
21021,10944.6
21022,9539.2
21023,5322.8
21024,1633.5
21025,929.6
21026,403.3
21027,403.3
21028,929
21029,4959.7
21030,16701.2
21031,17752.7
21032,17051.7
21033,14948.8
21034,13546.8
21035,10918.1
21036,9516.1
21037,8464.6
21038,7413.1
21039,8464.6
21040,9866.6
21041,13021.1
21042,15299.3
21043,14598.3
21044,13371.5
21045,10918.1
21046,9516.1
21047,5310.2
21048,1630
21049,927.8
21050,402.9
21051,402.8
21052,927.3
21053,4947.9
21054,16660.3
21055,17709.2
21056,17009.9
21057,14912.2
21058,13513.7
21059,10891.5
21060,9493
21061,8444.2
21062,7395.3
21063,8444.2
21064,9842.7
21065,12989.3
21066,15261.8
21067,14562.6
21068,13338.9
21069,10891.5
21070,9493
21071,5297.6
21072,1626.5
21073,926.1
21074,402.4
21075,402.4
21076,925.6
21077,4936.2
21078,16619.4
21079,17665.7
21080,16968.2
21081,14875.6
21082,13480.6
21083,10865
21084,9470
21085,8423.7
21086,7377.4
21087,8423.7
21088,9818.7
21089,12957.5
21090,15224.4
21091,14526.9
21092,13306.2
21093,10865
21094,9470
21095,5284.9
21096,1623
21097,924.4
21098,402
21099,402
21100,923.8
21101,4924.4
21102,16578.5
21103,17622.1
21104,16926.4
21105,14839.1
21106,13447.5
21107,10838.4
21108,9446.9
21109,8403.3
21110,7359.6
21111,8403.3
21112,9794.8
21113,12925.7
21114,15187
21115,14491.2
21116,13273.6
21117,10838.4
21118,9446.9
21119,5272.3
21120,1619.5
21121,922.6
21122,401.6
21123,401.5
21124,922.1
21125,4912.7
21126,16537.6
21127,17578.7
21128,16884.6
21129,14802.6
21130,13414.5
21131,10811.9
21132,9423.9
21133,8382.8
21134,7341.8
21135,8382.8
21136,9770.9
21137,12894
21138,15149.6
21139,14455.5
21140,13241
21141,10811.9
21142,9423.9
21143,5259.7
21144,1616.1
21145,920.9
21146,401.1
21147,401.1
21148,920.3
21149,4901
21150,16496.8
21151,17535.2
21152,16842.9
21153,14766.1
21154,13381.5
21155,10785.4
21156,9400.8
21157,8362.4
21158,7324
21159,8362.4
21160,9747
21161,12862.3
21162,15112.2
21163,14419.9
21164,13208.4
21165,10785.4
21166,9400.8
21167,5247.1
21168,1612.6
21169,919.1
21170,400.7
21171,400.7
21172,918.6
21173,4889.3
21174,16456
21175,17491.8
21176,16801.3
21177,14729.6
21178,13348.5
21179,10758.9
21180,9377.8
21181,8342
21182,7306.2
21183,8342
21184,9723.1
21185,12830.6
21186,15074.9
21187,14384.3
21188,13175.9
21189,10758.9
21190,9377.8
21191,5234.5
21192,1609.1
21193,917.4
21194,400.3
21195,400.2
21196,916.9
21197,4877.6
21198,16415.3
21199,17448.5
21200,16759.7
21201,14693.2
21202,13315.6
21203,10732.5
21204,9354.9
21205,8321.6
21206,7288.4
21207,8321.6
21208,9699.3
21209,12799
21210,15037.6
21211,14348.8
21212,13143.4
21213,10732.5
21214,9354.9
21215,5222
21216,1605.6
21217,915.7
21218,399.8
21219,399.8
21220,915.1
21221,4865.9
21222,16374.6
21223,17405.3
21224,16718.2
21225,14656.9
21226,13282.7
21227,10706.1
21228,9332
21229,8301.3
21230,7270.7
21231,8301.3
21232,9675.5
21233,12767.4
21234,15000.5
21235,14313.4
21236,13111
21237,10706.1
21238,9332
21239,5209.4
21240,1602.2
21241,913.9
21242,399.4
21243,399.4
21244,913.4
21245,4854.2
21246,16334.1
21247,17362.1
21248,16676.8
21249,14620.7
21250,13249.9
21251,10679.8
21252,9309.1
21253,8281
21254,7253
21255,8281
21256,9651.8
21257,12735.9
21258,14963.4
21259,14278
21260,13078.6
21261,10679.8
21262,9309.1
21263,5196.9
21264,1598.7
21265,912.2
21266,399
21267,398.9
21268,911.7
21269,4842.6
21270,16293.6
21271,17319.1
21272,16635.5
21273,14584.5
21274,13217.2
21275,10653.6
21276,9286.3
21277,8260.8
21278,7235.4
21279,8260.8
21280,9628.1
21281,12704.5
21282,14926.3
21283,14242.7
21284,13046.3
21285,10653.6
21286,9286.3
21287,5184.4
21288,1595.3
21289,910.5
21290,398.5
21291,398.5
21292,910
21293,4831
21294,16253.3
21295,17276.2
21296,16594.3
21297,14548.5
21298,13184.6
21299,10627.4
21300,9263.5
21301,8240.7
21302,7217.8
21303,8240.7
21304,9604.5
21305,12673.2
21306,14889.4
21307,14207.5
21308,13014.1
21309,10627.4
21310,9263.5
21311,5172
21312,1591.9
21313,908.8
21314,398.1
21315,398.1
21316,908.3
21317,4819.5
21318,16213.1
21319,17233.4
21320,16553.2
21321,14512.5
21322,13152.1
21323,10601.3
21324,9240.9
21325,8220.5
21326,7200.2
21327,8220.5
21328,9581
21329,12641.9
21330,14852.6
21331,14172.4
21332,12982
21333,10601.3
21334,9240.9
21335,5159.6
21336,1588.4
21337,907.1
21338,397.7
21339,397.7
21340,906.6
21341,4808
21342,16173
21343,17190.8
21344,16512.3
21345,14476.7
21346,13119.7
21347,10575.3
21348,9218.3
21349,8200.5
21350,7182.7
21351,8200.5
21352,9557.5
21353,12610.8
21354,14816
21355,14137.5
21356,12950.1
21357,10575.3
21358,9218.3
21359,5147.2
21360,1585
21361,905.4
21362,397.2
21363,397.2
21364,904.9
21365,4796.5
21366,16133.1
21367,17148.3
21368,16471.5
21369,14441
21370,13087.4
21371,10549.4
21372,9195.8
21373,8180.5
21374,7165.3
21375,8180.5
21376,9534.2
21377,12579.8
21378,14779.4
21379,14102.6
21380,12918.2
21381,10549.4
21382,9195.8
21383,5134.9
21384,1581.6
21385,903.7
21386,396.8
21387,396.8
21388,903.2
21389,4785.1
21390,16093.3
21391,17106
21392,16430.9
21393,14405.5
21394,13055.3
21395,10523.6
21396,9173.3
21397,8160.7
21398,7148
21399,8160.7
21400,9510.9
21401,12548.9
21402,14743.1
21403,14067.9
21404,12886.5
21405,10523.6
21406,9173.3
21407,5122.6
21408,1578.2
21409,902
21410,396.4
21411,396.4
21412,901.5
21413,4773.7
21414,16053.7
21415,17063.8
21416,16390.4
21417,14370.1
21418,13023.2
21419,10497.9
21420,9151
21421,8140.9
21422,7130.7
21423,8140.9
21424,9487.7
21425,12518.2
21426,14706.8
21427,14033.4
21428,12854.9
21429,10497.9
21430,9151
21431,5110.4
21432,1574.9
21433,900.3
21434,396
21435,396
21436,899.8
21437,4762.4
21438,16014.3
21439,17021.9
21440,16350.2
21441,14334.9
21442,12991.4
21443,10472.3
21444,9128.8
21445,8121.1
21446,7113.5
21447,8121.1
21448,9464.7
21449,12487.6
21450,14670.8
21451,13999
21452,12823.4
21453,10472.3
21454,9128.8
21455,5098.2
21456,1571.5
21457,898.6
21458,395.6
21459,395.6
21460,898.1
21461,4751.1
21462,15975.1
21463,16980.2
21464,16310.1
21465,14299.8
21466,12959.7
21467,10446.8
21468,9106.7
21469,8101.5
21470,7096.4
21471,8101.5
21472,9441.7
21473,12457.1
21474,14634.9
21475,13964.8
21476,12792.1
21477,10446.8
21478,9106.7
21479,5086.1
21480,1568.2
21481,897
21482,395.2
21483,395.1
21484,896.5
21485,4739.9
21486,15936.1
21487,16938.7
21488,16270.3
21489,14265
21490,12928.1
21491,10421.5
21492,9084.7
21493,8082
21494,7079.4
21495,8082
21496,9418.9
21497,12426.8
21498,14599.2
21499,13930.8
21500,12761
21501,10421.5
21502,9084.7
21503,5074.1
21504,1564.9
21505,895.3
21506,394.7
21507,394.7
21508,894.8
21509,4728.8
21510,15897.3
21511,16897.4
21512,16230.6
21513,14230.3
21514,12896.8
21515,10396.3
21516,9062.8
21517,8062.6
21518,7062.5
21519,8062.6
21520,9396.2
21521,12396.7
21522,14563.7
21523,13896.9
21524,12730.1
21525,10396.3
21526,9062.8
21527,5062.1
21528,1561.6
21529,893.7
21530,394.3
21531,394.3
21532,893.2
21533,4717.7
21534,15858.7
21535,16856.4
21536,16191.3
21537,14195.9
21538,12865.6
21539,10371.3
21540,9041.1
21541,8043.4
21542,7045.6
21543,8043.4
21544,9373.6
21545,12366.7
21546,14528.4
21547,13863.3
21548,12699.3
21549,10371.3
21550,9041.1
21551,5050.2
21552,1558.3
21553,892.1
21554,393.9
21555,393.9
21556,891.6
21557,4706.7
21558,15820.4
21559,16815.6
21560,16152.1
21561,14161.6
21562,12834.6
21563,10346.5
21564,9019.4
21565,8024.2
21566,7028.9
21567,8024.2
21568,9351.2
21569,12337
21570,14493.4
21571,13829.9
21572,12668.7
21573,10346.5
21574,9019.4
21575,5038.4
21576,1555
21577,890.4
21578,393.5
21579,393.5
21580,889.9
21581,4695.7
21582,15782.3
21583,16775.1
21584,16113.2
21585,14127.6
21586,12803.8
21587,10321.8
21588,8998
21589,8005.2
21590,7012.3
21591,8005.2
21592,9328.9
21593,12307.4
21594,14458.5
21595,13796.6
21596,12638.3
21597,10321.8
21598,8998
21599,5026.7
21600,1551.8
21601,888.8
21602,393.1
21603,393.1
21604,888.3
21605,4684.9
21606,15744.5
21607,16734.9
21608,16074.6
21609,14093.8
21610,12773.3
21611,10297.2
21612,8976.7
21613,7986.3
21614,6995.8
21615,7986.3
21616,9306.8
21617,12278
21618,14423.9
21619,13763.7
21620,12608.2
21621,10297.2
21622,8976.7
21623,5015
21624,1548.6
21625,887.2
21626,392.7
21627,392.7
21628,886.7
21629,4674.1
21630,15707
21631,16695
21632,16036.3
21633,14060.3
21634,12742.9
21635,10272.9
21636,8955.5
21637,7967.5
21638,6979.5
21639,7967.5
21640,9284.8
21641,12248.9
21642,14389.6
21643,13730.9
21644,12578.2
21645,10272.9
21646,8955.5
21647,5003.4
21648,1545.4
21649,885.6
21650,392.3
21651,392.3
21652,885.1
21653,4663.4
21654,15669.7
21655,16655.4
21656,15998.3
21657,14027
21658,12712.8
21659,10248.7
21660,8934.5
21661,7948.9
21662,6963.2
21663,7948.9
21664,9263.1
21665,12220
21666,14355.5
21667,13698.4
21668,12548.5
21669,10248.7
21670,8934.5
21671,4991.9
21672,1542.2
21673,884
21674,391.9
21675,391.9
21676,883.6
21677,4652.8
21678,15632.8
21679,16616.1
21680,15960.5
21681,13994
21682,12682.9
21683,10224.7
21684,8913.7
21685,7930.4
21686,6947.1
21687,7930.4
21688,9241.4
21689,12191.3
21690,14321.7
21691,13666.2
21692,12519
21693,10224.7
21694,8913.7
21695,4980.5
21696,1539.1
21697,882.5
21698,391.5
21699,391.5
21700,882
21701,4642.3
21702,15596.1
21703,16577.1
21704,15923.1
21705,13961.2
21706,12653.3
21707,10200.9
21708,8893
21709,7912.1
21710,6931.1
21711,7912.1
21712,9220
21713,12162.8
21714,14288.2
21715,13634.3
21716,12489.8
21717,10200.9
21718,8893
21719,4969.2
21720,1535.9
21721,880.9
21722,391.1
21723,391.1
21724,880.5
21725,4631.8
21726,15559.8
21727,16538.5
21728,15886
21729,13928.8
21730,12623.9
21731,10177.4
21732,8872.5
21733,7893.9
21734,6915.3
21735,7893.9
21736,9198.8
21737,12134.6
21738,14255
21739,13602.6
21740,12460.8
21741,10177.4
21742,8872.5
21743,4958
21744,1532.8
21745,879.4
21746,390.8
21747,390.8
21748,878.9
21749,4621.5
21750,15523.8
21751,16500.2
21752,15849.3
21753,13896.6
21754,12594.8
21755,10154
21756,8852.3
21757,7875.9
21758,6899.6
21759,7875.9
21760,9177.7
21761,12106.7
21762,14222.1
21763,13571.2
21764,12432.1
21765,10154
21766,8852.3
21767,4946.9
21768,1529.8
21769,877.9
21770,390.4
21771,390.4
21772,877.4
21773,4611.3
21774,15488.2
21775,16462.2
21776,15812.9
21777,13864.8
21778,12566
21779,10130.9
21780,8832.2
21781,7858.1
21782,6884
21783,7858.1
21784,9156.8
21785,12079
21786,14189.5
21787,13540.1
21788,12403.7
21789,10130.9
21790,8832.2
21791,4935.9
21792,1526.7
21793,876.4
21794,390
21795,390
21796,875.9
21797,4601.1
21798,15452.9
21799,16424.7
21800,15776.8
21801,13833.2
21802,12537.5
21803,10108
21804,8812.3
21805,7840.5
21806,6868.7
21807,7840.5
21808,9136.2
21809,12051.6
21810,14157.2
21811,13509.3
21812,12375.5
21813,10108
21814,8812.3
21815,4925
21816,1523.7
21817,874.9
21818,389.6
21819,389.6
21820,874.4
21821,4591.1
21822,15418
21823,16387.5
21824,15741.2
21825,13802
21826,12509.2
21827,10085.3
21828,8792.6
21829,7823
21830,6853.4
21831,7823
21832,9115.7
21833,12024.5
21834,14125.2
21835,13478.8
21836,12347.6
21837,10085.3
21838,8792.6
21839,4914.3
21840,1520.8
21841,873.4
21842,389.3
21843,389.3
21844,873
21845,4581.2
21846,15383.4
21847,16350.8
21848,15705.9
21849,13771.1
21850,12481.3
21851,10062.9
21852,8773.1
21853,7805.7
21854,6838.3
21855,7805.7
21856,9095.5
21857,11997.6
21858,14093.6
21859,13448.7
21860,12320.1
21861,10062.9
21862,8773.1
21863,4903.6
21864,1517.8
21865,871.9
21866,388.9
21867,388.9
21868,871.5
21869,4571.3
21870,15349.2
21871,16314.4
21872,15670.9
21873,13740.6
21874,12453.7
21875,10040.7
21876,8753.8
21877,7788.6
21878,6823.4
21879,7788.6
21880,9075.5
21881,11971.1
21882,14062.3
21883,13418.8
21884,12292.8
21885,10040.7
21886,8753.8
21887,4893.1
21888,1514.9
21889,870.5
21890,388.5
21891,388.5
21892,870.1
21893,4561.6
21894,15315.4
21895,16278.5
21896,15636.4
21897,13710.4
21898,12426.3
21899,10018.8
21900,8734.7
21901,7771.7
21902,6808.7
21903,7771.7
21904,9055.8
21905,11944.8
21906,14031.4
21907,13389.4
21908,12265.8
21909,10018.8
21910,8734.7
21911,4882.6
21912,1512
21913,869.1
21914,388.2
21915,388.2
21916,868.6
21917,4552
21918,15282
21919,16242.9
21920,15602.3
21921,13680.5
21922,12399.4
21923,9997.1
21924,8715.9
21925,7755
21926,6794.1
21927,7755
21928,9036.2
21929,11918.9
21930,14000.8
21931,13360.3
21932,12239.2
21933,9997.1
21934,8715.9
21935,4872.3
21936,1509.2
21937,867.7
21938,387.8
21939,387.8
21940,867.2
21941,4542.6
21942,15249.1
21943,16207.9
21944,15568.7
21945,13651.1
21946,12372.7
21947,9975.7
21948,8697.3
21949,7738.5
21950,6779.7
21951,7738.5
21952,9016.9
21953,11893.3
21954,13970.7
21955,13331.5
21956,12212.9
21957,9975.7
21958,8697.3
21959,4862.2
21960,1506.4
21961,866.3
21962,387.5
21963,387.5
21964,865.9
21965,4533.2
21966,15216.5
21967,16173.2
21968,15535.4
21969,13622
21970,12346.4
21971,9954.6
21972,8679
21973,7722.3
21974,6765.6
21975,7722.3
21976,8997.9
21977,11868
21978,13940.9
21979,13303.1
21980,12186.9
21981,9954.6
21982,8679
21983,4852.1
21984,1503.6
21985,864.9
21986,387.1
21987,387.1
21988,864.5
21989,4524
21990,15184.4
21991,16139.1
21992,15502.6
21993,13593.3
21994,12320.4
21995,9933.8
21996,8660.9
21997,7706.2
21998,6751.5
21999,7706.2
22000,8979.1
22001,11843.1
22002,13911.5
22003,13275.1
22004,12161.3
22005,9933.8
22006,8660.9
22007,4842.2
22008,1500.9
22009,863.5
22010,386.8
22011,386.8
22012,863.1
22013,4514.9
22014,15152.7
22015,16105.4
22016,15470.3
22017,13565
22018,12294.8
22019,9913.2
22020,8643
22021,7690.4
22022,6737.7
22023,7690.4
22024,8960.6
22025,11818.5
22026,13882.5
22027,13247.4
22028,12136
22029,9913.2
22030,8643
22031,4832.4
22032,1498.2
22033,862.2
22034,386.5
22035,386.5
22036,861.8
22037,4505.9
22038,15121.5
22039,16072.1
22040,15438.4
22041,13537.1
22042,12269.5
22043,9892.9
22044,8625.4
22045,7674.8
22046,6724.1
22047,7674.8
22048,8942.3
22049,11794.2
22050,13854
22051,13220.2
22052,12111.1
22053,9892.9
22054,8625.4
22055,4822.8
22056,1495.5
22057,860.9
22058,386.2
22059,386.1
22060,860.5
22061,4497.1
22062,15090.7
22063,16039.4
22064,15407
22065,13509.6
22066,12244.7
22067,9873
22068,8608.1
22069,7659.4
22070,6710.7
22071,7659.4
22072,8924.3
22073,11770.3
22074,13825.8
22075,13193.4
22076,12086.6
22077,9873
22078,8608.1
22079,4813.3
22080,1492.9
22081,859.6
22082,385.8
22083,385.8
22084,859.2
22085,4488.4
22086,15060.4
22087,16007.2
22088,15376
22089,13482.5
22090,12220.2
22091,9853.3
22092,8591
22093,7644.2
22094,6697.5
22095,7644.2
22096,8906.6
22097,11746.8
22098,13798.1
22099,13166.9
22100,12062.4
22101,9853.3
22102,8591
22103,4804
22104,1490.3
22105,858.3
22106,385.5
22107,385.5
22108,857.9
22109,4479.8
22110,15030.6
22111,15975.5
22112,15345.6
22113,13455.9
22114,12196.1
22115,9834
22116,8574.2
22117,7629.3
22118,6684.5
22119,7629.3
22120,8889.1
22121,11723.6
22122,13770.8
22123,13140.9
22124,12038.6
22125,9834
22126,8574.2
22127,4794.8
22128,1487.8
22129,857.1
22130,385.2
22131,385.2
22132,856.7
22133,4471.4
22134,15001.3
22135,15944.2
22136,15315.6
22137,13429.6
22138,12172.3
22139,9814.9
22140,8557.6
22141,7614.6
22142,6671.7
22143,7614.6
22144,8871.9
22145,11700.9
22146,13744
22147,13115.3
22148,12015.2
22149,9814.9
22150,8557.6
22151,4785.7
22152,1485.3
22153,855.8
22154,384.9
22155,384.9
22156,855.5
22157,4463.1
22158,14972.4
22159,15913.6
22160,15286.1
22161,13403.9
22162,12149
22163,9796.2
22164,8541.4
22165,7600.2
22166,6659.1
22167,7600.2
22168,8855.1
22169,11678.5
22170,13717.6
22171,13090.2
22172,11992.2
22173,9796.2
22174,8541.4
22175,4776.8
22176,1482.9
22177,854.6
22178,384.6
22179,384.6
22180,854.3
22181,4455
22182,14944.1
22183,15883.4
22184,15257.2
22185,13378.6
22186,12126.1
22187,9777.8
22188,8525.4
22189,7586.1
22190,6646.7
22191,7586.1
22192,8838.5
22193,11656.5
22194,13691.7
22195,13065.4
22196,11969.6
22197,9777.8
22198,8525.4
22199,4768.1
22200,1480.4
22201,853.4
22202,384.3
22203,384.3
22204,853.1
22205,4447
22206,14916.3
22207,15853.8
22208,15228.8
22209,13353.7
22210,12103.6
22211,9759.8
22212,8509.7
22213,7572.1
22214,6634.6
22215,7572.1
22216,8822.2
22217,11634.9
22218,13666.2
22219,13041.2
22220,11947.4
22221,9759.8
22222,8509.7
22223,4759.5
22224,1478.1
22225,852.3
22226,384
22227,384
22228,851.9
22229,4439.1
22230,14889
22231,15824.8
22232,15200.9
22233,13329.3
22234,12081.6
22235,9742
22236,8494.3
22237,7558.5
22238,6622.7
22239,7558.5
22240,8806.2
22241,11613.6
22242,13641.2
22243,13017.4
22244,11925.6
22245,9742
22246,8494.3
22247,4751.1
22248,1475.7
22249,851.1
22250,383.7
22251,383.7
22252,850.8
22253,4431.5
22254,14862.2
22255,15796.3
22256,15173.6
22257,13305.4
22258,12059.9
22259,9724.7
22260,8479.2
22261,7545.1
22262,6611
22263,7545.1
22264,8790.6
22265,11592.9
22266,13616.7
22267,12994
22268,11904.2
22269,9724.7
22270,8479.2
22271,4742.8
22272,1473.5
22273,850
22274,383.4
22275,383.4
22276,849.6
22277,4423.9
22278,14836
22279,15768.4
22280,15146.8
22281,13281.9
22282,12038.7
22283,9707.6
22284,8464.4
22285,7532
22286,6599.6
22287,7532
22288,8775.2
22289,11572.5
22290,13592.7
22291,12971.1
22292,11883.3
22293,9707.6
22294,8464.4
22295,4734.7
22296,1471.2
22297,848.9
22298,383.2
22299,383.2
22300,848.6
22301,4416.5
22302,14810.3
22303,15741.1
22304,15120.5
22305,13259
22306,12017.9
22307,9691
22308,8449.9
22309,7519.1
22310,6588.4
22311,7519.1
22312,8760.2
22313,11552.5
22314,13569.2
22315,12948.7
22316,11862.8
22317,9691
22318,8449.9
22319,4726.8
22320,1469
22321,847.8
22322,382.9
22323,382.9
22324,847.5
22325,4409.3
22326,14785.1
22327,15714.3
22328,15094.9
22329,13236.5
22330,11997.6
22331,9674.7
22332,8435.7
22333,7506.6
22334,6577.4
22335,7506.6
22336,8745.5
22337,11533
22338,13546.2
22339,12926.8
22340,11842.7
22341,9674.7
22342,8435.7
22343,4719
22344,1466.9
22345,846.8
22346,382.6
22347,382.6
22348,846.4
22349,4402.3
22350,14760.5
22351,15688.2
22352,15069.7
22353,13214.5
22354,11977.7
22355,9658.7
22356,8421.9
22357,7494.3
22358,6566.7
22359,7494.3
22360,8731.1
22361,11513.9
22362,13523.7
22363,12905.3
22364,11823.1
22365,9658.7
22366,8421.9
22367,4711.4
22368,1464.8
22369,845.7
22370,382.4
22371,382.4
22372,845.4
22373,4395.4
22374,14736.5
22375,15662.6
22376,15045.2
22377,13193.1
22378,11958.3
22379,9643.1
22380,8408.3
22381,7482.3
22382,6556.2
22383,7482.3
22384,8717
22385,11495.3
22386,13501.8
22387,12884.4
22388,11804
22389,9643.1
22390,8408.3
22391,4704
22392,1462.8
22393,844.7
22394,382.1
22395,382.1
22396,844.4
22397,4388.6
22398,14713.1
22399,15637.7
22400,15021.3
22401,13172.1
22402,11939.3
22403,9627.9
22404,8395.1
22405,7470.6
22406,6546
22407,7470.6
22408,8703.3
22409,11477.1
22410,13480.3
22411,12863.9
22412,11785.3
22413,9627.9
22414,8395.1
22415,4696.8
22416,1460.8
22417,843.7
22418,381.9
22419,381.9
22420,843.4
22421,4382.1
22422,14690.2
22423,15613.4
22424,14997.9
22425,13151.7
22426,11920.9
22427,9613.1
22428,8382.2
22429,7459.1
22430,6536
22431,7459.1
22432,8689.9
22433,11459.3
22434,13459.4
22435,12844
22436,11767
22437,9613.1
22438,8382.2
22439,4689.8
22440,1458.8
22441,842.8
22442,381.6
22443,381.6
22444,842.5
22445,4375.7
22446,14668
22447,15589.7
22448,14975.2
22449,13131.8
22450,11902.9
22451,9598.6
22452,8369.7
22453,7448
22454,6526.3
22455,7448
22456,8676.9
22457,11442
22458,13439
22459,12824.6
22460,11749.2
22461,9598.6
22462,8369.7
22463,4682.9
22464,1456.9
22465,841.8
22466,381.4
22467,381.4
22468,841.6
22469,4369.4
22470,14646.3
22471,15566.6
22472,14953.1
22473,13112.4
22474,11885.3
22475,9584.5
22476,8357.5
22477,7437.1
22478,6516.8
22479,7437.1
22480,8664.2
22481,11425.2
22482,13419.2
22483,12805.6
22484,11731.9
22485,9584.5
22486,8357.5
22487,4676.2
22488,1455.1
22489,840.9
22490,381.2
22491,381.2
22492,840.7
22493,4363.4
22494,14625.2
22495,15544.2
22496,14931.5
22497,13093.6
22498,11868.3
22499,9570.9
22500,8345.6
22501,7426.6
22502,6507.6
22503,7426.6
22504,8651.9
22505,11408.8
22506,13399.9
22507,12787.3
22508,11715.1
22509,9570.9
22510,8345.6
22511,4669.7
22512,1453.3
22513,840.1
22514,381
22515,381
22516,839.8
22517,4357.5
22518,14604.7
22519,15522.4
22520,14910.6
22521,13075.3
22522,11851.7
22523,9557.6
22524,8334
22525,7416.4
22526,6498.7
22527,7416.4
22528,8639.9
22529,11392.9
22530,13381.2
22531,12769.4
22532,11698.8
22533,9557.6
22534,8334
22535,4663.4
22536,1451.6
22537,839.2
22538,380.8
22539,380.7
22540,839
22541,4351.8
22542,14584.9
22543,15501.3
22544,14890.3
22545,13057.5
22546,11835.7
22547,9544.7
22548,8322.8
22549,7406.4
22550,6490
22551,7406.4
22552,8628.3
22553,11377.5
22554,13363
22555,12752.1
22556,11683
22557,9544.7
22558,8322.8
22559,4657.3
22560,1449.9
22561,838.4
22562,380.6
22563,380.5
22564,838.1
22565,4346.3
22566,14565.6
22567,15480.8
22568,14870.7
22569,13040.4
22570,11820.1
22571,9532.2
22572,8312
22573,7396.8
22574,6481.7
22575,7396.8
22576,8617
22577,11362.5
22578,13345.4
22579,12735.3
22580,11667.6
22581,9532.2
22582,8312
22583,4651.3
22584,1448.2
22585,837.6
22586,380.4
22587,380.3
22588,837.3
22589,4340.9
22590,14547
22591,15461
22592,14851.7
22593,13023.7
22594,11805.1
22595,9520.1
22596,8301.5
22597,7387.5
22598,6473.5
22599,7387.5
22600,8606.2
22601,11348.1
22602,13328.4
22603,12719.1
22604,11652.7
22605,9520.1
22606,8301.5
22607,4645.6
22608,1446.6
22609,836.8
22610,380.2
22611,380.2
22612,836.6
22613,4335.8
22614,14529
22615,15441.9
22616,14833.3
22617,13007.6
22618,11790.5
22619,9508.5
22620,8291.4
22621,7378.5
22622,6465.7
22623,7378.5
22624,8595.6
22625,11334.1
22626,13311.9
22627,12703.4
22628,11638.4
22629,9508.5
22630,8291.4
22631,4640
22632,1445.1
22633,836.1
22634,380
22635,380
22636,835.8
22637,4330.8
22638,14511.7
22639,15423.4
22640,14815.6
22641,12992.1
22642,11776.5
22643,9497.2
22644,8281.6
22645,7369.8
22646,6458.1
22647,7369.8
22648,8585.5
22649,11320.6
22650,13296.1
22651,12688.2
22652,11624.6
22653,9497.2
22654,8281.6
22655,4634.7
22656,1443.6
22657,835.3
22658,379.8
22659,379.8
22660,835.1
22661,4326
22662,14495
22663,15405.6
22664,14798.5
22665,12977.2
22666,11763
22667,9486.4
22668,8272.1
22669,7361.5
22670,6450.8
22671,7361.5
22672,8575.7
22673,11307.7
22674,13280.8
22675,12673.7
22676,11611.2
22677,9486.4
22678,8272.1
22679,4629.5
22680,1442.2
22681,834.6
22682,379.6
22683,379.6
22684,834.4
22685,4321.4
22686,14478.9
22687,15388.5
22688,14782.1
22689,12962.9
22690,11750
22691,9475.9
22692,8263.1
22693,7353.5
22694,6443.8
22695,7353.5
22696,8566.3
22697,11295.2
22698,13266.1
22699,12659.6
22700,11598.4
22701,9475.9
22702,8263.1
22703,4624.6
22704,1440.8
22705,834
22706,379.5
22707,379.5
22708,833.8
22709,4316.9
22710,14463.5
22711,15372.1
22712,14766.4
22713,12949.1
22714,11737.5
22715,9465.9
22716,8254.4
22717,7345.8
22718,6437.1
22719,7345.8
22720,8557.3
22721,11283.2
22722,13252
22723,12646.2
22724,11586.1
22725,9465.9
22726,8254.4
22727,4619.8
22728,1439.5
22729,833.3
22730,379.3
22731,379.3
22732,833.2
22733,4312.7
22734,14448.7
22735,15356.4
22736,14751.3
22737,12935.9
22738,11725.6
22739,9456.4
22740,8246.1
22741,7338.4
22742,6430.7
22743,7338.4
22744,8548.6
22745,11271.8
22746,13238.5
22747,12633.3
22748,11574.3
22749,9456.4
22750,8246.1
22751,4615.3
22752,1438.3
22753,832.7
22754,379.2
22755,379.1
22756,832.6
22757,4308.6
22758,14434.6
22759,15341.4
22760,14736.9
22761,12923.3
22762,11714.2
22763,9447.2
22764,8238.1
22765,7331.3
22766,6424.5
22767,7331.3
22768,8540.4
22769,11260.8
22770,13225.6
22771,12621
22772,11563.1
22773,9447.2
22774,8238.1
22775,4610.9
22776,1437.1
22777,832.2
22778,379
22779,379
22780,832
22781,4304.8
22782,14421.2
22783,15327.1
22784,14723.2
22785,12911.3
22786,11703.4
22787,9438.5
22788,8230.6
22789,7324.6
22790,6418.7
22791,7324.6
22792,8532.5
22793,11250.4
22794,13213.3
22795,12609.3
22796,11552.4
22797,9438.5
22798,8230.6
22799,4606.8
22800,1435.9
22801,831.6
22802,378.9
22803,378.9
22804,831.4
22805,4301.1
22806,14408.4
22807,15313.6
22808,14710.1
22809,12899.9
22810,11693
22811,9430.2
22812,8223.4
22813,7318.2
22814,6413.1
22815,7318.2
22816,8525.1
22817,11240.5
22818,13201.6
22819,12598.2
22820,11542.2
22821,9430.2
22822,8223.4
22823,4602.8
22824,1434.9
22825,831.1
22826,378.7
22827,378.7
22828,830.9
22829,4297.6
22830,14396.3
22831,15300.7
22832,14697.8
22833,12889.1
22834,11683.2
22835,9422.3
22836,8216.5
22837,7312.2
22838,6407.8
22839,7312.2
22840,8518
22841,11231.1
22842,13190.5
22843,12587.6
22844,11532.5
22845,9422.3
22846,8216.5
22847,4599.1
22848,1433.8
22849,830.6
22850,378.6
22851,378.6
22852,830.4
22853,4294.4
22854,14384.9
22855,15288.5
22856,14686.1
22857,12878.9
22858,11674
22859,9414.9
22860,8210.1
22861,7306.5
22862,6402.8
22863,7306.5
22864,8511.3
22865,11222.2
22866,13180.1
22867,12577.6
22868,11523.4
22869,9414.9
22870,8210.1
22871,4595.6
22872,1432.8
22873,830.1
22874,378.5
22875,378.5
22876,830
22877,4291.3
22878,14374.2
22879,15277.1
22880,14675.1
22881,12869.2
22882,11665.3
22883,9408
22884,8204
22885,7301.1
22886,6398.1
22887,7301.1
22888,8505
22889,11213.8
22890,13170.2
22891,12568.3
22892,11514.8
22893,9408
22894,8204
22895,4592.2
22896,1431.9
22897,829.7
22898,378.4
22899,378.4
22900,829.5
22901,4288.4
22902,14364.1
22903,15266.4
22904,14664.9
22905,12860.3
22906,11657.2
22907,9401.4
22908,8198.4
22909,7296.1
22910,6393.7
22911,7296.1
22912,8499.1
22913,11206
22914,13161
22915,12559.5
22916,11506.8
22917,9401.4
22918,8198.4
22919,4589.1
22920,1431.1
22921,829.3
22922,378.3
22923,378.3
22924,829.1
22925,4285.7
22926,14354.7
22927,15256.4
22928,14655.3
22929,12851.9
22930,11649.6
22931,9395.3
22932,8193.1
22933,7291.4
22934,6389.7
22935,7291.4
22936,8493.6
22937,11198.7
22938,13152.4
22939,12551.3
22940,11499.3
22941,9395.3
22942,8193.1
22943,4586.2
22944,1430.3
22945,828.9
22946,378.2
22947,378.2
22948,828.8
22949,4283.2
22950,14346
22951,15247.2
22952,14646.4
22953,12844.1
22954,11642.6
22955,9389.7
22956,8188.2
22957,7287
22958,6385.9
22959,7287
22960,8488.5
22961,11192
22962,13144.5
22963,12543.7
22964,11492.4
22965,9389.7
22966,8188.2
22967,4583.6
22968,1429.5
22969,828.5
22970,378.1
22971,378.1
22972,828.4
22973,4280.9
22974,14338
22975,15238.7
22976,14638.2
22977,12836.9
22978,11636.1
22979,9384.5
22980,8183.7
22981,7283
22982,6382.4
22983,7283
22984,8483.9
22985,11185.8
22986,13137.2
22987,12536.7
22988,11486
22989,9384.5
22990,8183.7
22991,4581.1
22992,1428.9
22993,828.2
22994,378
22995,378
22996,828.1
22997,4278.8
22998,14330.7
22999,15230.9
23000,14630.8
23001,12830.4
23002,11630.2
23003,9379.8
23004,8179.5
23005,7279.4
23006,6379.2
23007,7279.4
23008,8479.6
23009,11180.1
23010,13130.5
23011,12530.4
23012,11480.2
23013,9379.8
23014,8179.5
23015,4578.8
23016,1428.2
23017,827.9
23018,378
23019,378
23020,827.8
23021,4276.9
23022,14324.1
23023,15223.8
23024,14624
23025,12824.5
23026,11624.8
23027,9375.5
23028,8175.8
23029,7276
23030,6376.3
23031,7276
23032,8475.7
23033,11175
23034,13124.4
23035,12524.6
23036,11474.9
23037,9375.5
23038,8175.8
23039,4576.8
23040,1427.7
23041,827.7
23042,377.9
23043,377.9
23044,827.6
23045,4275.2
23046,14318.2
23047,15217.5
23048,14617.9
23049,12819.2
23050,11620
23051,9371.6
23052,8172.5
23053,7273.1
23054,6373.7
23055,7273.1
23056,8472.2
23057,11170.4
23058,13119
23059,12519.4
23060,11470.1
23061,9371.6
23062,8172.5
23063,4575
23064,1427.2
23065,827.4
23066,377.8
23067,377.8
23068,827.4
23069,4273.7
23070,14312.9
23071,15212
23072,14612.6
23073,12814.5
23074,11615.8
23075,9368.2
23076,8169.5
23077,7270.5
23078,6371.4
23079,7270.5
23080,8469.2
23081,11166.3
23082,13114.2
23083,12514.9
23084,11466
23085,9368.2
23086,8169.5
23087,4573.4
23088,1426.7
23089,827.2
23090,377.8
23091,377.8
23092,827.2
23093,4272.4
23094,14308.4
23095,15207.2
23096,14608
23097,12810.5
23098,11612.2
23099,9365.3
23100,8167
23101,7268.2
23102,6369.5
23103,7268.2
23104,8466.5
23105,11162.8
23106,13110.1
23107,12510.9
23108,11462.4
23109,9365.3
23110,8167
23111,4572
23112,1426.3
23113,827.1
23114,377.8
23115,377.8
23116,827
23117,4271.3
23118,14304.6
23119,15203.1
23120,14604.1
23121,12807.1
23122,11609.1
23123,9362.8
23124,8164.8
23125,7266.3
23126,6367.8
23127,7266.3
23128,8464.3
23129,11159.8
23130,13106.6
23131,12507.6
23132,11459.3
23133,9362.8
23134,8164.8
23135,4570.8
23136,1426
23137,826.9
23138,377.7
23139,377.7
23140,826.9
23141,4270.4
23142,14301.5
23143,15199.8
23144,14600.9
23145,12804.3
23146,11606.5
23147,9360.8
23148,8163
23149,7264.7
23150,6366.4
23151,7264.7
23152,8462.5
23153,11157.4
23154,13103.7
23155,12504.8
23156,11456.8
23157,9360.8
23158,8163
23159,4569.8
23160,1425.7
23161,826.8
23162,377.7
23163,377.7
23164,826.8
23165,4269.7
23166,14299
23167,15197.2
23168,14598.4
23169,12802.1
23170,11604.6
23171,9359.2
23172,8161.7
23173,7263.5
23174,6365.4
23175,7263.5
23176,8461.1
23177,11155.5
23178,13101.5
23179,12502.7
23180,11454.9
23181,9359.2
23182,8161.7
23183,4569.1
23184,1425.5
23185,826.7
23186,377.7
23187,377.7
23188,826.7
23189,4269.2
23190,14297.3
23191,15195.4
23192,14596.7
23193,12800.6
23194,11603.2
23195,9358.1
23196,8160.7
23197,7262.7
23198,6364.6
23199,7262.7
23200,8460.1
23201,11154.2
23202,13099.9
23203,12501.2
23204,11453.5
23205,9358.1
23206,8160.7
23207,4568.5
23208,1425.4
23209,826.7
23210,377.7
23211,377.7
23212,826.7
23213,4268.9
23214,14296.3
23215,15194.3
23216,14595.6
23217,12799.7
23218,11602.4
23219,9357.4
23220,8160.1
23221,7262.2
23222,6364.2
23223,7262.2
23224,8459.5
23225,11153.4
23226,13099
23227,12500.4
23228,11452.7
23229,9357.4
23230,8160.1
23231,4568.2
23232,1425.3
23233,826.6
23234,377.7
23235,377.7
23236,826.6
23237,4268.8
23238,14296
23239,15194
23240,14595.3
23241,12799.4
23242,11602.1
23243,9357.2
23244,8160
23245,7262
23246,6364
23247,7262
23248,8459.3
23249,11153.1
23250,13098.7
23251,12500.1
23252,11452.5
23253,9357.2
23254,8160
23255,4568.1
23256,1425.3
23257,826.6
23258,377.7
23259,377.7
23260,826.7
23261,4268.9
23262,14296.4
23263,15194.4
23264,14595.7
23265,12799.8
23266,11602.4
23267,9357.5
23268,8160.2
23269,7262.2
23270,6364.2
23271,7262.2
23272,8459.5
23273,11153.5
23274,13099.1
23275,12500.4
23276,11452.8
23277,9357.5
23278,8160.2
23279,4568.3
23280,1425.3
23281,826.7
23282,377.7
23283,377.7
23284,826.7
23285,4269.2
23286,14297.5
23287,15195.5
23288,14596.8
23289,12800.7
23290,11603.3
23291,9358.2
23292,8160.8
23293,7262.7
23294,6364.7
23295,7262.7
23296,8460.2
23297,11154.3
23298,13100.1
23299,12501.4
23300,11453.7
23301,9358.2
23302,8160.8
23303,4568.6
23304,1425.4
23305,826.8
23306,377.7
23307,377.7
23308,826.8
23309,4269.8
23310,14299.3
23311,15197.5
23312,14598.7
23313,12802.3
23314,11604.8
23315,9359.4
23316,8161.8
23317,7263.7
23318,6365.5
23319,7263.7
23320,8461.2
23321,11155.7
23322,13101.7
23323,12503
23324,11455.1
23325,9359.4
23326,8161.8
23327,4569.1
23328,1425.6
23329,826.9
23330,377.7
23331,377.7
23332,826.9
23333,4270.5
23334,14301.8
23335,15200.1
23336,14601.2
23337,12804.6
23338,11606.8
23339,9361
23340,8163.2
23341,7264.9
23342,6366.6
23343,7264.9
23344,8462.7
23345,11157.7
23346,13104
23347,12505.1
23348,11457.1
23349,9361
23350,8163.2
23351,4569.9
23352,1425.8
23353,827
23354,377.8
23355,377.8
23356,827
23357,4271.4
23358,14305
23359,15203.5
23360,14604.5
23361,12807.5
23362,11609.4
23363,9363.1
23364,8165
23365,7266.5
23366,6368
23367,7266.5
23368,8464.6
23369,11160.1
23370,13107
23371,12507.9
23372,11459.7
23373,9363.1
23374,8165
23375,4570.9
23376,1426
23377,827.1
23378,377.8
23379,377.8
23380,827.2
23381,4272.5
23382,14308.9
23383,15207.7
23384,14608.5
23385,12810.9
23386,11612.6
23387,9365.6
23388,8167.2
23389,7268.5
23390,6369.7
23391,7268.5
23392,8466.8
23393,11163.2
23394,13110.5
23395,12511.4
23396,11462.8
23397,9365.6
23398,8167.2
23399,4572.1
23400,1426.4
23401,827.3
23402,377.8
23403,377.8
23404,827.4
23405,4273.8
23406,14313.5
23407,15212.6
23408,14613.2
23409,12815.1
23410,11616.3
23411,9368.6
23412,8169.8
23413,7270.8
23414,6371.7
23415,7270.8
23416,8469.5
23417,11166.8
23418,13114.8
23419,12515.4
23420,11466.5
23421,9368.6
23422,8169.8
23423,4573.5
23424,1426.8
23425,827.5
23426,377.9
23427,377.9
23428,827.6
23429,4275.4
23430,14318.8
23431,15218.3
23432,14618.6
23433,12819.8
23434,11620.6
23435,9372.1
23436,8172.8
23437,7273.4
23438,6374
23439,7273.4
23440,8472.6
23441,11170.9
23442,13119.6
23443,12520
23444,11470.7
23445,9372.1
23446,8172.8
23447,4575.2
23448,1427.2
23449,827.8
23450,378
23451,378
23452,827.9
23453,4277.1
23454,14324.8
23455,15224.6
23456,14624.8
23457,12825.2
23458,11625.4
23459,9376
23460,8176.2
23461,7276.4
23462,6376.6
23463,7276.4
23464,8476.2
23465,11175.5
23466,13125.1
23467,12525.2
23468,11475.5
23469,9376
23470,8176.2
23471,4577
23472,1427.7
23473,828.1
23474,378
23475,378
23476,828.1
23477,4279
23478,14331.5
23479,15231.8
23480,14631.6
23481,12831.2
23482,11630.9
23483,9380.3
23484,8180
23485,7279.8
23486,6379.6
23487,7279.8
23488,8480.1
23489,11180.8
23490,13131.2
23491,12531.1
23492,11480.8
23493,9380.3
23494,8180
23495,4579.1
23496,1428.3
23497,828.4
23498,378.1
23499,378.1
23500,828.5
23501,4281.1
23502,14338.9
23503,15239.6
23504,14639.2
23505,12837.8
23506,11636.8
23507,9385.1
23508,8184.2
23509,7283.5
23510,6382.8
23511,7283.5
23512,8484.4
23513,11186.5
23514,13138
23515,12537.5
23516,11486.7
23517,9385.1
23518,8184.2
23519,4581.4
23520,1428.9
23521,828.7
23522,378.2
23523,378.2
23524,828.8
23525,4283.5
23526,14347
23527,15248.2
23528,14647.4
23529,12845
23530,11643.4
23531,9390.4
23532,8188.7
23533,7287.5
23534,6386.3
23535,7287.5
23536,8489.1
23537,11192.8
23538,13145.4
23539,12544.6
23540,11493.2
23541,9390.4
23542,8188.7
23543,4583.9
23544,1429.6
23545,829.1
23546,378.3
23547,378.3
23548,829.2
23549,4286
23550,14355.8
23551,15257.6
23552,14656.4
23553,12852.8
23554,11650.5
23555,9396
23556,8193.7
23557,7291.9
23558,6390.1
23559,7291.9
23560,8494.3
23561,11199.6
23562,13153.4
23563,12552.3
23564,11500.2
23565,9396
23566,8193.7
23567,4586.6
23568,1430.4
23569,829.5
23570,378.4
23571,378.4
23572,829.6
23573,4288.7
23574,14365.3
23575,15267.6
23576,14666.1
23577,12861.3
23578,11658.1
23579,9402.2
23580,8199
23581,7296.6
23582,6394.3
23583,7296.6
23584,8499.8
23585,11206.9
23586,13162.1
23587,12560.5
23588,11507.7
23589,9402.2
23590,8199
23591,4589.5
23592,1431.2
23593,829.9
23594,378.5
23595,378.5
23596,830
23597,4291.6
23598,14375.4
23599,15278.4
23600,14676.4
23601,12870.4
23602,11666.3
23603,9408.8
23604,8204.7
23605,7301.7
23606,6398.7
23607,7301.7
23608,8505.7
23609,11214.8
23610,13171.4
23611,12569.4
23612,11515.8
23613,9408.8
23614,8204.7
23615,4592.6
23616,1432
23617,830.3
23618,378.6
23619,378.6
23620,830.5
23621,4294.7
23622,14386.2
23623,15290
23624,14687.5
23625,12880
23626,11675.1
23627,9415.8
23628,8210.8
23629,7307.1
23630,6403.4
23631,7307.1
23632,8512.1
23633,11223.2
23634,13181.3
23635,12578.8
23636,11524.5
23637,9415.8
23638,8210.8
23639,4596
23640,1433
23641,830.8
23642,378.7
23643,378.7
23644,831
23645,4298
23646,14397.8
23647,15302.2
23648,14699.2
23649,12890.3
23650,11684.4
23651,9423.3
23652,8217.3
23653,7312.9
23654,6408.4
23655,7312.9
23656,8518.8
23657,11232.2
23658,13191.8
23659,12588.8
23660,11533.7
23661,9423.3
23662,8217.3
23663,4599.5
23664,1433.9
23665,831.3
23666,378.9
23667,378.9
23668,831.5
23669,4301.5
23670,14409.9
23671,15315.2
23672,14711.7
23673,12901.2
23674,11694.2
23675,9431.2
23676,8224.2
23677,7319
23678,6413.7
23679,7319
23680,8525.9
23681,11241.6
23682,13203
23683,12599.5
23684,11543.4
23685,9431.2
23686,8224.2
23687,4603.3
23688,1435
23689,831.9
23690,379
23691,379
23692,832
23693,4305.2
23694,14422.8
23695,15328.8
23696,14724.8
23697,12912.7
23698,11704.6
23699,9439.5
23700,8231.4
23701,7325.4
23702,6419.3
23703,7325.4
23704,8533.5
23705,11251.6
23706,13214.7
23707,12610.7
23708,11553.6
23709,9439.5
23710,8231.4
23711,4607.2
23712,1436.1
23713,832.4
23714,379.1
23715,379.1
23716,832.6
23717,4309.1
23718,14436.3
23719,15343.2
23720,14738.6
23721,12924.8
23722,11715.6
23723,9448.3
23724,8239.1
23725,7332.2
23726,6425.2
23727,7332.2
23728,8541.4
23729,11262.1
23730,13227.1
23731,12622.5
23732,11564.4
23733,9448.3
23734,8239.1
23735,4611.4
23736,1437.2
23737,833
23738,379.3
23739,379.3
23740,833.2
23741,4313.2
23742,14450.5
23743,15358.3
23744,14753.1
23745,12937.4
23746,11727
23747,9457.5
23748,8247.1
23749,7339.2
23750,6431.4
23751,7339.2
23752,8549.7
23753,11273.1
23754,13240.1
23755,12634.8
23756,11575.7
23757,9457.5
23758,8247.1
23759,4615.8
23760,1438.4
23761,833.6
23762,379.4
23763,379.4
23764,833.8
23765,4317.4
23766,14465.3
23767,15374.1
23768,14768.2
23769,12950.7
23770,11739
23771,9467.1
23772,8255.4
23773,7346.7
23774,6437.9
23775,7346.7
23776,8558.4
23777,11284.6
23778,13253.6
23779,12647.8
23780,11587.6
23781,9467.1
23782,8255.4
23783,4620.4
23784,1439.7
23785,834.3
23786,379.6
23787,379.6
23788,834.5
23789,4321.9
23790,14480.8
23791,15390.6
23792,14784.1
23793,12964.6
23794,11751.5
23795,9477.2
23796,8264.2
23797,7354.4
23798,6444.7
23799,7354.4
23800,8567.4
23801,11296.7
23802,13267.8
23803,12661.3
23804,11599.9
23805,9477.2
23806,8264.2
23807,4625.1
23808,1441
23809,835
23810,379.8
23811,379.8
23812,835.2
23813,4326.5
23814,14497
23815,15407.7
23816,14800.5
23817,12979
23818,11764.6
23819,9487.6
23820,8273.3
23821,7362.5
23822,6451.7
23823,7362.5
23824,8576.9
23825,11309.2
23826,13282.6
23827,12675.4
23828,11612.8
23829,9487.6
23830,8273.3
23831,4630.1
23832,1442.4
23833,835.7
23834,380
23835,380
23836,835.9
23837,4331.3
23838,14513.7
23839,15425.6
23840,14817.7
23841,12994
23842,11778.2
23843,9498.5
23844,8282.7
23845,7370.9
23846,6459
23847,7370.9
23848,8586.7
23849,11322.2
23850,13297.9
23851,12690
23852,11626.2
23853,9498.5
23854,8282.7
23855,4635.3
23856,1443.8
23857,836.4
23858,380.1
23859,380.1
23860,836.6
23861,4336.4
23862,14531.2
23863,15444.1
23864,14835.5
23865,13009.6
23866,11792.3
23867,9509.8
23868,8292.6
23869,7379.6
23870,6466.6
23871,7379.6
23872,8596.9
23873,11335.8
23874,13313.9
23875,12705.2
23876,11640.1
23877,9509.8
23878,8292.6
23879,4640.7
23880,1445.3
23881,837.2
23882,380.3
23883,380.3
23884,837.4
23885,4341.5
23886,14549.2
23887,15463.3
23888,14853.9
23889,13025.7
23890,11806.9
23891,9521.6
23892,8302.7
23893,7388.6
23894,6474.5
23895,7388.6
23896,8607.4
23897,11349.8
23898,13330.4
23899,12721
23900,11654.5
23901,9521.6
23902,8302.7
23903,4646.3
23904,1446.8
23905,837.9
23906,380.5
23907,380.5
23908,838.2
23909,4346.9
23910,14567.9
23911,15483.2
23912,14873
23913,13042.4
23914,11822
23915,9533.7
23916,8313.3
23917,7398
23918,6482.6
23919,7398
23920,8618.4
23921,11364.3
23922,13347.5
23923,12737.3
23924,11669.4
23925,9533.7
23926,8313.3
23927,4652
23928,1448.4
23929,838.8
23930,380.7
23931,380.7
23932,839
23933,4352.5
23934,14587.2
23935,15503.8
23936,14892.7
23937,13059.7
23938,11837.6
23939,9546.2
23940,8324.2
23941,7407.6
23942,6491.1
23943,7407.6
23944,8629.7
23945,11379.3
23946,13365.2
23947,12754.1
23948,11684.8
23949,9546.2
23950,8324.2
23951,4658
23952,1450.1
23953,839.6
23954,380.9
23955,381
23956,839.9
23957,4358.2
23958,14607.2
23959,15525
23960,14913.1
23961,13077.5
23962,11853.7
23963,9559.2
23964,8335.4
23965,7417.6
23966,6499.8
23967,7417.6
23968,8641.3
23969,11394.8
23970,13383.4
23971,12771.5
23972,11700.7
23973,9559.2
23974,8335.4
23975,4664.1
23976,1451.8
23977,840.5
23978,381.2
23979,381.2
23980,840.7
23981,4364.1
23982,14627.7
23983,15546.8
23984,14934.1
23985,13095.8
23986,11870.3
23987,9572.5
23988,8347
23989,7427.9
23990,6508.7
23991,7427.9
23992,8653.4
23993,11410.8
23994,13402.2
23995,12789.4
23996,11717.1
23997,9572.5
23998,8347
23999,4670.5
24000,1453.5
24001,841.4
24002,381.4
24003,381.4
24004,841.6
24005,4370.2
24006,14648.9
24007,15569.3
24008,14955.7
24009,13114.7
24010,11887.4
24011,9586.2
24012,8358.9
24013,7438.4
24014,6518
24015,7438.4
24016,8665.7
24017,11427.2
24018,13421.6
24019,12807.9
24020,11734
24021,9586.2
24022,8358.9
24023,4677
24024,1455.3
24025,842.3
24026,381.6
24027,381.6
24028,842.6
24029,4376.4
24030,14670.6
24031,15592.5
24032,14977.9
24033,13134.2
24034,11905
24035,9600.3
24036,8371.2
24037,7449.3
24038,6527.4
24039,7449.3
24040,8678.5
24041,11444.1
24042,13441.5
24043,12826.9
24044,11751.4
24045,9600.3
24046,8371.2
24047,4683.7
24048,1457.2
24049,843.2
24050,381.9
24051,381.9
24052,843.5
24053,4382.8
24054,14693
24055,15616.2
24056,15000.7
24057,13154.1
24058,11923.1
24059,9614.8
24060,8383.8
24061,7460.5
24062,6537.2
24063,7460.5
24064,8691.5
24065,11461.4
24066,13461.9
24067,12846.4
24068,11769.2
24069,9614.8
24070,8383.8
24071,4690.6
24072,1459.1
24073,844.2
24074,382.1
24075,382.1
24076,844.5
24077,4389.4
24078,14715.9
24079,15640.6
24080,15024.1
24081,13174.6
24082,11941.6
24083,9629.7
24084,8396.7
24085,7471.9
24086,6547.2
24087,7471.9
24088,8705
24089,11479.2
24090,13482.9
24091,12866.4
24092,11787.5
24093,9629.7
24094,8396.7
24095,4697.7
24096,1461
24097,845.2
24098,382.3
24099,382.4
24100,845.5
24101,4396.2
24102,14739.4
24103,15665.7
24104,15048.1
24105,13195.6
24106,11960.6
24107,9645
24108,8410
24109,7483.7
24110,6557.4
24111,7483.7
24112,8718.7
24113,11497.5
24114,13504.4
24115,12886.9
24116,11806.2
24117,9645
24118,8410
24119,4704.9
24120,1463
24121,846.2
24122,382.6
24123,382.6
24124,846.5
24125,4403.1
24126,14763.5
24127,15691.3
24128,15072.7
24129,13217.1
24130,11980.1
24131,9660.6
24132,8423.5
24133,7495.7
24134,6567.9
24135,7495.7
24136,8732.8
24137,11516.2
24138,13526.4
24139,12907.9
24140,11825.5
24141,9660.6
24142,8423.5
24143,4712.4
24144,1465.1
24145,847.2
24146,382.9
24147,382.9
24148,847.5
24149,4410.2
24150,14788.1
24151,15717.5
24152,15097.9
24153,13239.2
24154,12000
24155,9676.6
24156,8437.4
24157,7508.1
24158,6578.7
24159,7508.1
24160,8747.2
24161,11535.3
24162,13549
24163,12929.4
24164,11845.1
24165,9676.6
24166,8437.4
24167,4720
24168,1467.2
24169,848.3
24170,383.1
24171,383.1
24172,848.6
24173,4417.4
24174,14813.3
24175,15744.3
24176,15123.7
24177,13261.7
24178,12020.4
24179,9693
24180,8451.7
24181,7520.7
24182,6589.7
24183,7520.7
24184,8762
24185,11554.9
24186,13572
24187,12951.4
24188,11865.2
24189,9693
24190,8451.7
24191,4727.7
24192,1469.3
24193,849.4
24194,383.4
24195,383.4
24196,849.7
24197,4424.8
24198,14839.1
24199,15771.7
24200,15150
24201,13284.7
24202,12041.2
24203,9709.7
24204,8466.2
24205,7533.6
24206,6600.9
24207,7533.6
24208,8777
24209,11574.9
24210,13595.6
24211,12973.8
24212,11885.8
24213,9709.7
24214,8466.2
24215,4735.7
24216,1471.5
24217,850.5
24218,383.7
24219,383.7
24220,850.8
24221,4432.4
24222,14865.4
24223,15799.7
24224,15176.8
24225,13308.2
24226,12062.5
24227,9726.7
24228,8481
24229,7546.7
24230,6612.4
24231,7546.7
24232,8792.4
24233,11595.3
24234,13619.7
24235,12996.8
24236,11906.8
24237,9726.7
24238,8481
24239,4743.8
24240,1473.7
24241,851.6
24242,384
24243,384
24244,852
24245,4440.1
24246,14892.2
24247,15828.2
24248,15204.2
24249,13332.2
24250,12084.2
24251,9744.2
24252,8496.1
24253,7560.1
24254,6624.1
24255,7560.1
24256,8808.1
24257,11616.2
24258,13644.2
24259,13020.2
24260,11928.2
24261,9744.2
24262,8496.1
24263,4752.1
24264,1476
24265,852.8
24266,384.3
24267,384.3
24268,853.1
24269,4447.9
24270,14919.6
24271,15857.4
24272,15232.2
24273,13356.7
24274,12106.3
24275,9761.9
24276,8511.6
24277,7573.8
24278,6636
24279,7573.8
24280,8824.2
24281,11637.4
24282,13669.2
24283,13044.1
24284,11950
24285,9761.9
24286,8511.6
24287,4760.5
24288,1478.4
24289,854
24290,384.6
24291,384.6
24292,854.3
24293,4455.9
24294,14947.5
24295,15887
24296,15260.7
24297,13381.6
24298,12128.9
24299,9780
24300,8527.3
24301,7587.7
24302,6648.2
24303,7587.7
24304,8840.5
24305,11659.1
24306,13694.8
24307,13068.4
24308,11972.3
24309,9780
24310,8527.3
24311,4769.1
24312,1480.7
24313,855.2
24314,384.9
24315,384.9
24316,855.5
24317,4464.1
24318,14975.9
24319,15917.2
24320,15289.7
24321,13407
24322,12151.8
24323,9798.4
24324,8543.3
24325,7601.9
24326,6660.6
24327,7601.9
24328,8857.1
24329,11681.1
24330,13720.7
24331,13093.2
24332,11994.9
24333,9798.4
24334,8543.3
24335,4777.9
24336,1483.1
24337,856.4
24338,385.2
24339,385.2
24340,856.8
24341,4472.4
24342,15004.8
24343,15948
24344,15319.2
24345,13432.8
24346,12175.2
24347,9817.2
24348,8559.6
24349,7616.4
24350,6673.2
24351,7616.4
24352,8874
24353,11703.6
24354,13747.2
24355,13118.4
24356,12018
24357,9817.2
24358,8559.6
24359,4786.8
24360,1485.6
24361,857.6
24362,385.5
24363,385.5
24364,858
24365,4480.8
24366,15034.2
24367,15979.2
24368,15349.2
24369,13459
24370,12198.9
24371,9836.3
24372,8576.2
24373,7631.1
24374,6686
24375,7631.1
24376,8891.2
24377,11726.4
24378,13774.1
24379,13144
24380,12041.4
24381,9836.3
24382,8576.2
24383,4795.9
24384,1488.1
24385,858.9
24386,385.8
24387,385.8
24388,859.3
24389,4489.4
24390,15064
24391,16011
24392,15379.7
24393,13485.7
24394,12223.1
24395,9855.7
24396,8593
24397,7646
24398,6699
24399,7646
24400,8908.7
24401,11749.6
24402,13801.4
24403,13170.1
24404,12065.3
24405,9855.7
24406,8593
24407,4805.1
24408,1490.6
24409,860.2
24410,386.1
24411,386.1
24412,860.6
24413,4498.1
24414,15094.4
24415,16043.3
24416,15410.7
24417,13512.9
24418,12247.6
24419,9875.4
24420,8610.1
24421,7661.2
24422,6712.3
24423,7661.2
24424,8926.4
24425,11773.2
24426,13829.2
24427,13196.6
24428,12089.5
24429,9875.4
24430,8610.1
24431,4814.4
24432,1493.2
24433,861.5
24434,386.4
24435,386.5
24436,861.9
24437,4507
24438,15125.2
24439,16076.1
24440,15442.2
24441,13540.4
24442,12272.6
24443,9895.4
24444,8627.5
24445,7676.6
24446,6725.7
24447,7676.6
24448,8944.5
24449,11797.1
24450,13857.4
24451,13223.5
24452,12114.1
24453,9895.4
24454,8627.5
24455,4824
24456,1495.9
24457,862.8
24458,386.8
24459,386.8
24460,863.2
24461,4516
24462,15156.5
24463,16109.4
24464,15474.1
24465,13568.4
24466,12297.9
24467,9915.7
24468,8645.1
24469,7692.3
24470,6739.4
24471,7692.3
24472,8962.8
24473,11821.4
24474,13886
24475,13250.7
24476,12139
24477,9915.7
24478,8645.1
24479,4833.6
24480,1498.5
24481,864.2
24482,387.1
24483,387.1
24484,864.6
24485,4525.1
24486,15188.2
24487,16143.2
24488,15506.5
24489,13596.7
24490,12323.5
24491,9936.2
24492,8663
24493,7708.1
24494,6753.2
24495,7708.1
24496,8981.3
24497,11846.1
24498,13915
24499,13278.4
24500,12164.4
24501,9936.2
24502,8663
24503,4843.4
24504,1501.2
24505,865.5
24506,387.5
24507,387.5
24508,865.9
24509,4534.3
24510,15220.4
24511,16177.4
24512,15539.4
24513,13625.5
24514,12349.5
24515,9957.1
24516,8681.2
24517,7724.2
24518,6767.3
24519,7724.2
24520,9000.2
24521,11871
24522,13944.5
24523,13306.5
24524,12190
24525,9957.1
24526,8681.2
24527,4853.3
24528,1504
24529,866.9
24530,387.8
24531,387.8
24532,867.3
24533,4543.7
24534,15253
24535,16212.1
24536,15572.7
24537,13654.6
24538,12375.9
24539,9978.3
24540,8699.6
24541,7740.5
24542,6781.5
24543,7740.5
24544,9019.2
24545,11896.4
24546,13974.3
24547,13334.9
24548,12216
24549,9978.3
24550,8699.6
24551,4863.4
24552,1506.7
24553,868.3
24554,388.2
24555,388.2
24556,868.7
24557,4553.2
24558,15286
24559,16247.2
24560,15606.4
24561,13684.1
24562,12402.6
24563,9999.7
24564,8718.2
24565,7757
24566,6795.9
24567,7757
24568,9038.6
24569,11922
24570,14004.5
24571,13363.7
24572,12242.4
24573,9999.7
24574,8718.2
24575,4873.6
24576,1509.5
24577,869.7
24578,388.5
24579,388.5
24580,870.1
24581,4562.8
24582,15319.5
24583,16282.8
24584,15640.6
24585,13714
24586,12429.6
24587,10021.4
24588,8737
24589,7773.7
24590,6810.5
24591,7773.7
24592,9058.1
24593,11948
24594,14035.1
24595,13392.9
24596,12269.1
24597,10021.4
24598,8737
24599,4883.9
24600,1512.4
24601,871.2
24602,388.9
24603,388.9
24604,871.6
24605,4572.5
24606,15353.3
24607,16318.8
24608,15675.1
24609,13744.2
24610,12457
24611,10043.4
24612,8756.1
24613,7790.7
24614,6825.2
24615,7790.7
24616,9077.9
24617,11974.3
24618,14066.1
24619,13422.4
24620,12296.1
24621,10043.4
24622,8756.1
24623,4894.3
24624,1515.3
24625,872.6
24626,389.2
24627,389.2
24628,873
24629,4582.3
24630,15387.5
24631,16355.2
24632,15710.1
24633,13774.8
24634,12484.6
24635,10065.6
24636,8775.4
24637,7807.8
24638,6840.1
24639,7807.8
24640,9097.9
24641,12000.8
24642,14097.4
24643,13452.3
24644,12323.4
24645,10065.6
24646,8775.4
24647,4904.9
24648,1518.2
24649,874.1
24650,389.6
24651,389.6
24652,874.5
24653,4592.3
24654,15422.1
24655,16392
24656,15745.4
24657,13805.7
24658,12512.6
24659,10088
24660,8794.9
24661,7825.1
24662,6855.2
24663,7825.1
24664,9118.2
24665,12027.7
24666,14129
24667,13482.5
24668,12351
24669,10088
24670,8794.9
24671,4915.6
24672,1521.1
24673,875.6
24674,390
24675,390
24676,876
24677,4602.3
24678,15457.1
24679,16429.2
24680,15781.2
24681,13837
24682,12540.9
24683,10110.7
24684,8814.6
24685,7842.6
24686,6870.5
24687,7842.6
24688,9138.7
24689,12054.9
24690,14161
24691,13513
24692,12378.9
24693,10110.7
24694,8814.6
24695,4926.4
24696,1524.1
24697,877.1
24698,390.3
24699,390.4
24700,877.5
24701,4612.5
24702,15492.5
24703,16466.8
24704,15817.2
24705,13868.6
24706,12569.5
24707,10133.7
24708,8834.6
24709,7860.2
24710,6885.9
24711,7860.2
24712,9159.3
24713,12082.3
24714,14193.4
24715,13543.8
24716,12407.1
24717,10133.7
24718,8834.6
24719,4937.3
24720,1527.1
24721,878.6
24722,390.7
24723,390.7
24724,879
24725,4622.7
24726,15528.2
24727,16504.8
24728,15853.7
24729,13900.5
24730,12598.3
24731,10156.8
24732,8854.7
24733,7878.1
24734,6901.5
24735,7878.1
24736,9180.2
24737,12110
24738,14226
24739,13574.9
24740,12435.6
24741,10156.8
24742,8854.7
24743,4948.3
24744,1530.1
24745,880.1
24746,391.1
24747,391.1
24748,880.6
24749,4633.1
24750,15564.2
24751,16543.1
24752,15890.5
24753,13932.7
24754,12627.5
24755,10180.2
24756,8875
24757,7896.1
24758,6917.2
24759,7896.1
24760,9201.3
24761,12138
24762,14259
24763,13606.4
24764,12464.3
24765,10180.2
24766,8875
24767,4959.4
24768,1533.2
24769,881.6
24770,391.5
24771,391.5
24772,882.1
24773,4643.5
24774,15600.5
24775,16581.8
24776,15927.6
24777,13965.2
24778,12656.9
24779,10203.8
24780,8895.5
24781,7914.3
24782,6933
24783,7914.3
24784,9222.6
24785,12166.2
24786,14292.2
24787,13638.1
24788,12493.3
24789,10203.8
24790,8895.5
24791,4970.6
24792,1536.3
24793,883.2
24794,391.9
24795,391.9
24796,883.7
24797,4654
24798,15637.2
24799,16620.8
24800,15965.1
24801,13997.9
24802,12686.5
24803,10227.6
24804,8916.2
24805,7932.6
24806,6949
24807,7932.6
24808,9244
24809,12194.7
24810,14325.8
24811,13670.1
24812,12522.6
24813,10227.6
24814,8916.2
24815,4981.9
24816,1539.4
24817,884.8
24818,392.3
24819,392.3
24820,885.2
24821,4664.7
24822,15674.2
24823,16660.1
24824,16002.8
24825,14031
24826,12716.4
24827,10251.6
24828,8937
24829,7951.1
24830,6965.2
24831,7951.1
24832,9265.7
24833,12223.5
24834,14359.6
24835,13702.3
24836,12552.1
24837,10251.6
24838,8937
24839,4993.3
24840,1542.6
24841,886.3
24842,392.7
24843,392.7
24844,886.8
24845,4675.4
24846,15711.5
24847,16699.8
24848,16040.9
24849,14064.3
24850,12746.6
24851,10275.8
24852,8958
24853,7969.7
24854,6981.4
24855,7969.7
24856,9287.5
24857,12252.4
24858,14393.7
24859,13734.9
24860,12581.8
24861,10275.8
24862,8958
24863,5004.8
24864,1545.7
24865,887.9
24866,393.1
24867,393.1
24868,888.4
24869,4686.2
24870,15749
24871,16739.7
24872,16079.3
24873,14097.9
24874,12776.9
24875,10300.2
24876,8979.2
24877,7988.5
24878,6997.8
24879,7988.5
24880,9309.5
24881,12281.6
24882,14428.1
24883,13767.6
24884,12611.8
24885,10300.2
24886,8979.2
24887,5016.4
24888,1548.9
24889,889.5
24890,393.5
24891,393.5
24892,890
24893,4697
24894,15786.9
24895,16780
24896,16117.9
24897,14131.7
24898,12807.5
24899,10324.7
24900,9000.6
24901,8007.4
24902,7014.3
24903,8007.4
24904,9331.6
24905,12311
24906,14462.7
24907,13800.6
24908,12642
24909,10324.7
24910,9000.6
24911,5028.1
24912,1552.2
24913,891.2
24914,393.9
24915,393.9
24916,891.7
24917,4708
24918,15825
24919,16820.5
24920,16156.8
24921,14165.7
24922,12838.3
24923,10349.4
24924,9022
24925,8026.5
24926,7030.9
24927,8026.5
24928,9353.9
24929,12340.5
24930,14497.6
24931,13833.9
24932,12672.4
24933,10349.4
24934,9022
24935,5039.8
24936,1555.4
24937,1558
24938,893.3
24939,394.3
24940,394.3
24941,893.3
24942,4719
24943,15863.3
24944,16861.3
24945,16196
24946,14200
24947,12869.3
24948,10374.3
24949,9043.7
24950,8045.7
24951,7047.7
24952,8045.7
24953,9376.3
24954,12370.3
24955,14532.7
24956,13867.3
24957,12703
24958,10374.3
24959,9043.7
24960,5051.7
24961,1561.3
24962,895
24963,394.7
24964,394.7
24965,895
24966,4730.1
24967,15901.9
24968,16902.4
24969,16235.4
24970,14234.5
24971,12900.5
24972,10399.4
24973,9065.4
24974,8065
24975,7064.5
24976,8065
24977,9398.9
24978,12400.3
24979,14568
24980,13901
24981,12733.8
24982,10399.4
24983,9065.4
24984,5063.6
24985,1564.6
24986,896.6
24987,395.2
24988,395.2
24989,896.6
24990,4741.2
24991,15940.7
24992,16943.7
24993,16275.1
24994,14269.2
24995,12931.9
24996,10424.6
24997,9087.3
24998,8084.4
24999,7081.4
25000,8084.4
25001,9421.6
25002,12430.4
25003,14603.5
25004,13934.9
25005,12764.8
25006,10424.6
25007,9087.3
25008,5075.6
25009,1567.9
25010,898.3
25011,395.6
25012,395.6
25013,898.3
25014,4752.5
25015,15979.8
25016,16985.2
25017,16314.9
25018,14304.1
25019,12963.5
25020,10449.9
25021,9109.3
25022,8103.9
25023,7098.5
25024,8103.9
25025,9444.5
25026,12460.8
25027,14639.2
25028,13968.9
25029,12795.9
25030,10449.9
25031,9109.3
25032,5087.6
25033,1571.3
25034,899.9
25035,396
25036,396
25037,900
25038,4763.7
25039,16019
25040,17027
25041,16355
25042,14339.1
25043,12995.2
25044,10475.4
25045,9131.5
25046,8123.5
25047,7115.6
25048,8123.5
25049,9467.4
25050,12491.2
25051,14675.1
25052,14003.1
25053,12827.2
25054,10475.4
25055,9131.5
25056,5099.7
25057,1574.6
25058,901.6
25059,396.4
25060,396.4
25061,901.6
25062,4775.1
25063,16058.5
25064,17068.9
25065,16395.3
25066,14374.4
25067,13027.1
25068,10501
25069,9153.7
25070,8143.2
25071,7132.8
25072,8143.2
25073,9490.5
25074,12521.9
25075,14711.2
25076,14037.5
25077,12858.7
25078,10501
25079,9153.7
25080,5111.9
25081,1578
25082,903.3
25083,396.8
25084,396.8
25085,903.3
25086,4786.4
25087,16098.1
25088,17111.1
25089,16435.7
25090,14409.8
25091,13059.1
25092,10526.7
25093,9176
25094,8163
25095,7150.1
25096,8163
25097,9513.7
25098,12552.6
25099,14747.4
25100,14072.1
25101,12890.3
25102,10526.7
25103,9176
25104,5124.1
25105,1581.4
25106,905
25107,397.3
25108,397.3
25109,905
25110,4797.9
25111,16137.9
25112,17153.4
25113,16476.4
25114,14445.3
25115,13091.3
25116,10552.5
25117,9198.5
25118,8182.9
25119,7167.4
25120,8182.9
25121,9537
25122,12583.5
25123,14783.8
25124,14106.8
25125,12922
25126,10552.5
25127,9198.5
25128,5136.4
25129,1584.8
25130,906.7
25131,397.7
25132,397.7
25133,906.7
25134,4809.3
25135,16177.8
25136,17195.9
25137,16517.2
25138,14481
25139,13123.6
25140,10578.4
25141,9221
25142,8202.9
25143,7184.8
25144,8202.9
25145,9560.3
25146,12614.6
25147,14820.4
25148,14141.7
25149,12953.9
25150,10578.4
25151,9221
25152,5148.7
25153,1588.2
25154,908.4
25155,398.1
25156,398.1
25157,908.4
25158,4820.9
25159,16217.9
25160,17238.5
25161,16558.1
25162,14516.9
25163,13156
25164,10604.4
25165,9243.6
25166,8223
25167,7202.3
25168,8223
25169,9583.8
25170,12645.7
25171,14857.1
25172,14176.6
25173,12985.9
25174,10604.4
25175,9243.6
25176,5161.1
25177,1591.6
25178,910.1
25179,398.5
25180,398.5
25181,910.1
25182,4832.4
25183,16258.1
25184,17281.3
25185,16599.2
25186,14552.8
25187,13188.5
25188,10630.5
25189,9266.3
25190,8243.1
25191,7219.9
25192,8243.1
25193,9607.3
25194,12676.9
25195,14893.9
25196,14211.7
25197,13018
25198,10630.5
25199,9266.3
25200,5173.5
25201,1595
25202,911.8
25203,399
25204,399
25205,911.8
25206,4844
25207,16298.5
25208,17324.3
25209,16640.4
25210,14588.9
25211,13221.2
25212,10656.7
25213,9289
25214,8263.3
25215,7237.5
25216,8263.3
25217,9631
25218,12708.3
25219,14930.8
25220,14246.9
25221,13050.2
25222,10656.7
25223,9289
25224,5185.9
25225,1598.5
25226,913.6
25227,399.4
25228,399.4
25229,913.6
25230,4855.6
25231,16339
25232,17367.3
25233,16681.7
25234,14625
25235,13253.9
25236,10683
25237,9311.8
25238,8283.5
25239,7255.1
25240,8283.5
25241,9654.6
25242,12739.7
25243,14967.8
25244,14282.2
25245,13082.5
25246,10683
25247,9311.8
25248,5198.4
25249,1601.9
25250,915.3
25251,399.8
25252,399.8
25253,915.3
25254,4867.3
25255,16379.5
25256,17410.5
25257,16723.2
25258,14661.3
25259,13286.7
25260,10709.3
25261,9334.7
25262,8303.8
25263,7272.8
25264,8303.8
25265,9678.4
25266,12771.2
25267,15004.9
25268,14317.6
25269,13114.9
25270,10709.3
25271,9334.7
25272,5210.9
25273,1605.4
25274,917
25275,400.3
25276,400.3
25277,917
25278,4878.9
25279,16420.2
25280,17453.7
25281,16764.7
25282,14697.6
25283,13319.5
25284,10735.7
25285,9357.6
25286,8324.1
25287,7290.6
25288,8324.1
25289,9702.2
25290,12802.8
25291,15042.1
25292,14353.1
25293,13147.3
25294,10735.7
25295,9357.6
25296,5223.5
25297,1608.8
25298,918.7
25299,400.7
25300,400.7
25301,918.8
25302,4890.6
25303,16460.9
25304,17497
25305,16806.3
25306,14734
25307,13352.5
25308,10762.1
25309,9380.6
25310,8344.5
25311,7308.3
25312,8344.5
25313,9726
25314,12834.4
25315,15079.4
25316,14388.6
25317,13179.8
25318,10762.1
25319,9380.6
25320,5236
25321,1612.3
25322,920.5
25323,401.1
25324,401.1
25325,920.5
25326,4902.4
25327,16501.7
25328,17540.4
25329,16847.9
25330,14770.5
25331,13385.5
25332,10788.6
25333,9403.6
25334,8364.9
25335,7326.1
25336,8364.9
25337,9749.8
25338,12866.1
25339,15116.7
25340,14424.2
25341,13212.3
25342,10788.6
25343,9403.6
25344,5248.6
25345,1615.8
25346,922.2
25347,401.6
25348,401.6
25349,922.2
25350,4914.1
25351,16542.5
25352,17583.9
25353,16889.7
25354,14806.9
25355,13418.5
25356,10815.1
25357,9426.6
25358,8385.3
25359,7343.9
25360,8385.3
25361,9773.7
25362,12897.8
25363,15154.1
25364,14459.8
25365,13244.9
25366,10815.1
25367,9426.6
25368,5261.2
25369,1619.3
25370,924
25371,402
25372,402
25373,924
25374,4925.8
25375,16583.4
25376,17627.4
25377,16931.4
25378,14843.5
25379,13451.5
25380,10841.6
25381,9449.7
25382,8405.7
25383,7361.8
25384,8405.7
25385,9797.7
25386,12929.5
25387,15191.5
25388,14495.5
25389,13277.5
25390,10841.6
25391,9449.7
25392,5273.8
25393,1622.7
25394,925.7
25395,402.4
25396,402.4
25397,925.7
25398,4937.6
25399,16624.3
25400,17670.9
25401,16973.2
25402,14880
25403,13484.6
25404,10868.2
25405,9472.7
25406,8426.2
25407,7379.6
25408,8426.2
25409,9821.6
25410,12961.3
25411,15228.9
25412,14531.2
25413,13310.2
25414,10868.2
25415,9472.7
25416,5286.4
25417,1626.2
25418,927.4
25419,402.9
25420,402.9
25421,927.5
25422,4949.3
25423,16665.2
25424,17714.4
25425,17015
25426,14916.6
25427,13517.7
25428,10894.7
25429,9495.8
25430,8446.6
25431,7397.4
25432,8446.6
25433,9845.5
25434,12993.1
25435,15266.3
25436,14566.9
25437,13342.8
25438,10894.7
25439,9495.8
25440,5299.1
25441,1629.7
25442,929.2
25443,403.3
25444,403.3
25445,929.2
25446,4961.1
25447,16706.2
25448,17758
25449,17056.8
25450,14953.2
25451,13550.8
25452,10921.3
25453,9518.9
25454,8467.1
25455,7415.3
25456,8467.1
25457,9869.5
25458,13024.9
25459,15303.8
25460,14602.6
25461,13375.5
25462,10921.3
25463,9518.9
25464,5311.7
25465,1633.2
25466,930.9
25467,403.7
25468,403.7
25469,930.9
25470,4972.8
25471,16747.1
25472,17801.5
25473,17098.6
25474,14989.7
25475,13583.9
25476,10947.8
25477,9542
25478,8487.5
25479,7433.1
25480,8487.5
25481,9893.4
25482,13056.7
25483,15341.2
25484,14638.3
25485,13408.1
25486,10947.8
25487,9542
25488,5324.3
25489,1636.7
25490,932.7
25491,404.2
25492,404.2
25493,932.7
25494,4984.6
25495,16788
25496,17845
25497,17140.3
25498,15026.3
25499,13616.9
25500,10974.4
25501,9565
25502,8508
25503,7451
25504,8508
25505,9917.4
25506,13088.4
25507,15378.6
25508,14673.9
25509,13440.8
25510,10974.4
25511,9565
25512,5336.9
25513,1640.1
25514,934.4
25515,404.6
25516,404.6
25517,934.4
25518,4996.3
25519,16828.8
25520,17888.5
25521,17182.1
25522,15062.8
25523,13650
25524,11000.9
25525,9588.1
25526,8528.4
25527,7468.8
25528,8528.4
25529,9941.3
25530,13120.1
25531,15416
25532,14709.6
25533,13473.4
25534,11000.9
25535,9588.1
25536,5349.5
25537,1643.6
25538,936.1
25539,405
25540,405
25541,936.2
25542,5008.1
25543,16869.7
25544,17931.9
25545,17223.7
25546,15099.3
25547,13683
25548,11027.4
25549,9611.1
25550,8548.8
25551,7486.6
25552,8548.8
25553,9965.1
25554,13151.8
25555,15453.3
25556,14745.2
25557,13505.9
25558,11027.4
25559,9611.1
25560,5362.1
25561,1647.1
25562,937.9
25563,405.5
25564,405.5
25565,937.9
25566,5019.8
25567,16910.4
25568,17975.2
25569,17265.4
25570,15135.7
25571,13715.9
25572,11053.8
25573,9634
25574,8569.2
25575,7504.4
25576,8569.2
25577,9989
25578,13183.5
25579,15490.6
25580,14780.7
25581,13538.4
25582,11053.8
25583,9634
25584,5374.7
25585,1650.6
25586,939.6
25587,405.9
25588,405.9
25589,939.6
25590,5031.4
25591,16951.1
25592,18018.5
25593,17306.9
25594,15172
25595,13748.8
25596,11080.2
25597,9657
25598,8589.6
25599,7522.1
25600,8589.6
25601,10012.8
25602,13215.1
25603,15527.9
25604,14816.2
25605,13570.9
25606,11080.2
25607,9657
25608,5387.3
25609,1654
25610,941.3
25611,406.3
25612,406.3
25613,941.3
25614,5043.1
25615,16991.7
25616,18061.7
25617,17348.4
25618,15208.3
25619,13781.6
25620,11106.6
25621,9679.9
25622,8609.9
25623,7539.8
25624,8609.9
25625,10036.5
25626,13246.6
25627,15565
25628,14851.7
25629,13603.3
25630,11106.6
25631,9679.9
25632,5399.8
25633,1657.5
25634,943.1
25635,406.8
25636,406.8
25637,943.1
25638,5054.7
25639,17032.2
25640,18104.8
25641,17389.7
25642,15244.5
25643,13814.4
25644,11132.9
25645,9702.7
25646,8630.1
25647,7557.5
25648,8630.1
25649,10060.3
25650,13278.1
25651,15602.1
25652,14887
25653,13635.6
25654,11132.9
25655,9702.7
25656,5412.3
25657,1660.9
25658,944.8
25659,407.2
25660,407.2
25661,944.8
25662,5066.4
25663,17072.6
25664,18147.8
25665,17431
25666,15280.6
25667,13847.1
25668,11159.1
25669,9725.5
25670,8650.3
25671,7575.1
25672,8650.3
25673,10083.9
25674,13309.5
25675,15639
25676,14922.2
25677,13667.9
25678,11159.1
25679,9725.5
25680,5424.7
25681,1664.3
25682,946.5
25683,407.6
25684,407.6
25685,946.5
25686,5077.9
25687,17112.9
25688,18190.7
25689,17472.2
25690,15316.6
25691,13879.6
25692,11185.2
25693,9748.2
25694,8670.5
25695,7592.7
25696,8670.5
25697,10107.5
25698,13340.7
25699,15675.9
25700,14957.4
25701,13700
25702,11185.2
25703,9748.2
25704,5437.2
25705,1667.7
25706,948.2
25707,408.1
25708,408.1
25709,948.2
25710,5089.5
25711,17153.1
25712,18233.4
25713,17513.2
25714,15352.5
25715,13912.1
25716,11211.3
25717,9770.9
25718,8690.5
25719,7610.2
25720,8690.5
25721,10131
25722,13371.9
25723,15712.6
25724,14992.4
25725,13732
25726,11211.3
25727,9770.9
25728,5449.6
25729,1671.2
25730,949.9
25731,408.5
25732,408.5
25733,949.9
25734,5101
25735,17193.1
25736,18276
25737,17554
25738,15388.3
25739,13944.4
25740,11237.2
25741,9793.4
25742,8710.5
25743,7627.7
25744,8710.5
25745,10154.4
25746,13403
25747,15749.2
25748,15027.3
25749,13764
25750,11237.2
25751,9793.4
25752,5461.9
25753,1674.6
25754,951.6
25755,408.9
25756,408.9
25757,951.6
25758,5112.4
25759,17232.9
25760,18318.4
25761,17594.7
25762,15423.9
25763,13976.7
25764,11263.1
25765,9815.9
25766,8730.5
25767,7645.1
25768,8730.5
25769,10177.7
25770,13434
25771,15785.7
25772,15062.1
25773,13795.8
25774,11263.1
25775,9815.9
25776,5474.2
25777,1677.9
25778,953.3
25779,409.3
25780,409.3
25781,953.3
25782,5123.8
25783,17272.6
25784,18360.6
25785,17635.3
25786,15459.4
25787,14008.8
25788,11288.9
25789,9838.3
25790,8750.3
25791,7662.4
25792,8750.3
25793,10200.9
25794,13464.8
25795,15822
25796,15096.7
25797,13827.4
25798,11288.9
25799,9838.3
25800,5486.5
25801,1681.3
25802,955
25803,409.7
25804,409.7
25805,955
25806,5135.2
25807,17312.1
25808,18402.6
25809,17675.6
25810,15494.7
25811,14040.7
25812,11314.5
25813,9860.6
25814,8770.1
25815,7679.6
25816,8770.1
25817,10224
25818,13495.5
25819,15858.2
25820,15131.2
25821,13859
25822,11314.5
25823,9860.6
25824,5498.6
25825,1684.6
25826,956.6
25827,410.2
25828,410.2
25829,956.7
25830,5146.4
25831,17351.5
25832,18444.5
25833,17715.8
25834,15529.8
25835,14072.5
25836,11340
25837,9882.7
25838,8789.7
25839,7696.8
25840,8789.7
25841,10247.1
25842,13526
25843,15894.2
25844,15165.5
25845,13890.3
25846,11340
25847,9882.7
25848,5510.8
25849,1688
25850,958.3
25851,410.6
25852,410.6
25853,958.3
25854,5157.7
25855,17390.6
25856,18486.1
25857,17755.8
25858,15564.8
25859,14104.1
25860,11365.4
25861,9904.8
25862,8809.3
25863,7713.8
25864,8809.3
25865,10269.9
25866,13556.4
25867,15930
25868,15199.6
25869,13921.6
25870,11365.4
25871,9904.8
25872,5522.9
25873,1691.3
25874,960
25875,411
25876,411
25877,960
25878,5168.9
25879,17429.5
25880,18527.5
25881,17795.5
25882,15599.6
25883,14135.6
25884,11390.7
25885,9926.7
25886,8828.8
25887,7730.8
25888,8828.8
25889,10292.7
25890,13586.6
25891,15965.6
25892,15233.6
25893,13952.6
25894,11390.7
25895,9926.7
25896,5534.9
25897,1694.6
25898,961.6
25899,411.4
25900,411.4
25901,961.6
25902,5180
25903,17468.2
25904,18568.7
25905,17835
25906,15634.1
25907,14166.9
25908,11415.8
25909,9948.6
25910,8848.1
25911,7747.7
25912,8848.1
25913,10315.4
25914,13616.7
25915,16001
25916,15267.3
25917,13983.5
25918,11415.8
25919,9948.6
25920,5546.8
25921,1697.9
25922,963.2
25923,411.8
25924,411.8
25925,963.3
25926,5191
25927,17506.7
25928,18609.6
25929,17874.3
25930,15668.5
25931,14198
25932,11440.8
25933,9970.2
25934,8867.3
25935,7764.4
25936,8867.3
25937,10337.9
25938,13646.5
25939,16036.1
25940,15300.9
25941,14014.2
25942,11440.8
25943,9970.2
25944,5558.7
25945,1701.1
25946,964.9
25947,412.2
25948,412.2
25949,964.9
25950,5202
25951,17544.9
25952,18650.2
25953,17913.3
25954,15702.7
25955,14228.9
25956,11465.6
25957,9991.8
25958,8886.4
25959,7781.1
25960,8886.4
25961,10360.2
25962,13676.2
25963,16071.1
25964,15334.2
25965,14044.7
25966,11465.6
25967,9991.8
25968,5570.4
25969,1704.4
25970,966.5
25971,412.6
25972,412.6
25973,966.5
25974,5212.9
25975,17582.8
25976,18690.6
25977,17952.1
25978,15736.6
25979,14259.6
25980,11490.2
25981,10013.2
25982,8905.4
25983,7797.7
25984,8905.4
25985,10382.4
25986,13705.7
25987,16105.8
25988,15367.3
25989,14074.9
25990,11490.2
25991,10013.2
25992,5582.2
25993,1707.6
25994,968.1
25995,413
25996,413
25997,968.1
25998,5223.7
25999,17620.5
26000,18730.7
26001,17990.6
26002,15770.3
26003,14290
26004,11514.6
26005,10034.4
26006,8924.3
26007,7814.1
26008,8924.3
26009,10404.5
26010,13735
26011,16140.3
26012,15400.2
26013,14105
26014,11514.6
26015,10034.4
26016,5593.8
26017,1710.8
26018,969.7
26019,413.4
26020,413.4
26021,969.7
26022,5234.5
26023,17657.9
26024,18770.5
26025,18028.8
26026,15803.7
26027,14320.3
26028,11538.9
26029,10055.5
26030,8943
26031,7830.4
26032,8943
26033,10426.4
26034,13764
26035,16174.5
26036,15432.8
26037,14134.9
26038,11538.9
26039,10055.5
26040,5605.3
26041,1713.9
26042,971.3
26043,413.8
26044,413.8
26045,971.3
26046,5245.1
26047,17695
26048,18810
26049,18066.7
26050,15836.8
26051,14350.3
26052,11563
26053,10076.4
26054,8961.5
26055,7846.6
26056,8961.5
26057,10448.1
26058,13792.8
26059,16208.5
26060,15465.2
26061,14164.5
26062,11563
26063,10076.4
26064,5616.8
26065,1717.1
26066,972.8
26067,414.2
26068,414.2
26069,972.8
26070,5255.7
26071,17731.8
26072,18849.1
26073,18104.3
26074,15869.7
26075,14380
26076,11586.9
26077,10097.2
26078,8979.9
26079,7862.7
26080,8979.9
26081,10469.6
26082,13821.4
26083,16242.2
26084,15497.3
26085,14193.8
26086,11586.9
26087,10097.2
26088,5628.1
26089,1720.2
26090,974.4
26091,414.6
26092,414.6
26093,974.4
26094,5266.2
26095,17768.3
26096,18887.9
26097,18141.5
26098,15902.3
26099,14409.6
26100,11610.6
26101,10117.8
26102,8998.2
26103,7878.6
26104,8998.2
26105,10491
26106,13849.8
26107,16275.5
26108,15529.1
26109,14223
26110,11610.6
26111,10117.8
26112,5639.4
26113,1723.3
26114,975.9
26115,415
26116,415
26117,975.9
26118,5276.6
26119,17804.5
26120,18926.4
26121,18178.5
26122,15934.7
26123,14438.8
26124,11634
26125,10138.2
26126,9016.3
26127,7894.4
26128,9016.3
26129,10512.1
26130,13877.8
26131,16308.6
26132,15560.7
26133,14251.8
26134,11634
26135,10138.2
26136,5650.5
26137,1726.3
26138,977.4
26139,415.4
26140,415.4
26141,977.5
26142,5286.9
26143,17840.4
26144,18964.5
26145,18215.1
26146,15966.7
26147,14467.8
26148,11657.3
26149,10158.4
26150,9034.2
26151,7910
26152,9034.2
26153,10533.1
26154,13905.7
26155,16341.4
26156,15592
26157,14280.4
26158,11657.3
26159,10158.4
26160,5661.6
26161,1729.3
26162,979
26163,415.7
26164,415.7
26165,979
26166,5297.1
26167,17875.8
26168,19002.3
26169,18251.3
26170,15998.4
26171,14496.5
26172,11680.3
26173,10178.4
26174,9051.9
26175,7925.5
26176,9051.9
26177,10553.9
26178,13933.2
26179,16373.9
26180,15622.9
26181,14308.7
26182,11680.3
26183,10178.4
26184,5672.6
26185,1732.3
26186,980.5
26187,416.1
26188,416.1
26189,980.5
26190,5307.2
26191,17911
26192,19039.7
26193,18287.2
26194,16029.8
26195,14524.9
26196,11703.1
26197,10198.2
26198,9069.5
26199,7940.8
26200,9069.5
26201,10574.4
26202,13960.5
26203,16406
26204,15653.6
26205,14336.8
26206,11703.1
26207,10198.2
26208,5683.4
26209,1735.3
26210,981.9
26211,416.5
26212,416.5
26213,981.9
26214,5317.1
26215,17945.8
26216,19076.7
26217,18322.7
26218,16060.9
26219,14553
26220,11725.7
26221,10217.8
26222,9086.9
26223,7956
26224,9086.9
26225,10594.8
26226,13987.5
26227,16437.9
26228,15683.9
26229,14364.5
26230,11725.7
26231,10217.8
26232,5694.1
26233,1738.2
26234,983.4
26235,416.9
26236,416.9
26237,983.4
26238,5327
26239,17980.1
26240,19113.3
26241,18357.9
26242,16091.6
26243,14580.8
26244,11748
26245,10237.2
26246,9104.1
26247,7971
26248,9104.1
26249,10614.9
26250,14014.2
26251,16469.3
26252,15713.9
26253,14391.9
26254,11748
26255,10237.2
26256,5704.7
26257,1741.1
26258,984.8
26259,417.2
26260,417.2
26261,984.9
26262,5336.8
26263,18014.2
26264,19149.4
26265,18392.6
26266,16122
26267,14608.3
26268,11770.1
26269,10256.4
26270,9121.1
26271,7985.8
26272,9121.1
26273,10634.8
26274,14040.7
26275,16500.4
26276,15743.6
26277,14419.1
26278,11770.1
26279,10256.4
26280,5715.2
26281,1744.9
26282,986.4
26283,417.6
26284,417.6
26285,986.4
26286,5347.5
26287,18051.5
26288,19189.2
26289,18430.7
26290,16155.4
26291,14638.5
26292,11794.3
26293,10277.4
26294,9139.7
26295,8002.1
26296,9139.7
26297,10656.6
26298,14069.6
26299,16534.6
26300,15776.2
26301,14448.9
26302,11794.3
26303,10277.4
26304,5726.7
26305,1747.2
26306,987.8
26307,418
26308,418
26309,987.9
26310,5357
26311,18084.6
26312,19224.4
26313,18464.6
26314,16185
26315,14665.3
26316,11815.8
26317,10296.1
26318,9156.3
26319,8016.5
26320,9156.3
26321,10676
26322,14095.4
26323,16564.9
26324,15805.1
26325,14475.3
26326,11815.8
26327,10296.1
26328,5737
26329,1749.9
26330,989.2
26331,418.3
26332,418.3
26333,989.2
26334,5366.4
26335,18117.4
26336,19259.3
26337,18498
26338,16214.3
26339,14691.8
26340,11837.1
26341,10314.6
26342,9172.7
26343,8030.8
26344,9172.7
26345,10695.2
26346,14120.8
26347,16594.9
26348,15833.6
26349,14501.4
26350,11837.1
26351,10314.6
26352,5747.1
26353,1752.7
26354,990.6
26355,418.7
26356,418.7
26357,990.6
26358,5375.7
26359,18149.7
26360,19293.6
26361,18531
26362,16243.1
26363,14717.9
26364,11858
26365,10332.8
26366,9188.9
26367,8044.9
26368,9188.9
26369,10714.1
26370,14145.9
26371,16624.4
26372,15861.8
26373,14527.2
26374,11858
26375,10332.8
26376,5757
26377,1755.4
26378,992
26379,419
26380,419
26381,992
26382,5384.9
26383,18181.6
26384,19327.5
26385,18563.6
26386,16271.6
26387,14743.7
26388,11878.7
26389,10350.8
26390,9204.8
26391,8058.8
26392,9204.8
26393,10732.8
26394,14170.7
26395,16653.6
26396,15889.6
26397,14552.7
26398,11878.7
26399,10350.8
26400,5766.9
26401,1758.1
26402,993.3
26403,419.3
26404,419.3
26405,993.3
26406,5393.9
26407,18213
26408,19361
26409,18595.7
26410,16299.7
26411,14769.1
26412,11899.1
26413,10368.5
26414,9220.5
26415,8072.5
26416,9220.5
26417,10751.1
26418,14195.1
26419,16682.4
26420,15917
26421,14577.7
26422,11899.1
26423,10368.5
26424,5776.6
26425,1760.7
26426,994.6
26427,419.7
26428,419.7
26429,994.6
26430,5402.8
26431,18244
26432,19393.9
26433,18627.3
26434,16327.4
26435,14794.1
26436,11919.2
26437,10385.9
26438,9236
26439,8086
26440,9236
26441,10769.3
26442,14219.1
26443,16710.7
26444,15944.1
26445,14602.5
26446,11919.2
26447,10385.9
26448,5786.1
26449,1763.4
26450,995.9
26451,420
26452,420
26453,995.9
26454,5411.6
26455,18274.5
26456,19426.4
26457,18658.5
26458,16354.6
26459,14818.8
26460,11939
26461,10403.1
26462,9251.2
26463,8099.3
26464,9251.2
26465,10787.1
26466,14242.8
26467,16738.6
26468,15970.7
26469,14626.8
26470,11939
26471,10403.1
26472,5795.5
26473,1765.9
26474,997.2
26475,420.3
26476,420.3
26477,997.2
26478,5420.2
26479,18304.5
26480,19458.3
26481,18689.1
26482,16381.5
26483,14843.1
26484,11958.5
26485,10420.1
26486,9266.3
26487,8112.4
26488,9266.3
26489,10804.7
26490,14266.1
26491,16766.1
26492,15996.9
26493,14650.8
26494,11958.5
26495,10420.1
26496,5804.8
26497,1768.4
26498,998.5
26499,420.6
26500,420.6
26501,998.5
26502,5428.7
26503,18334.1
26504,19489.8
26505,18719.3
26506,16407.9
26507,14867
26508,11977.7
26509,10436.7
26510,9281
26511,8125.3
26512,9281
26513,10822
26514,14289.1
26515,16793.1
26516,16022.7
26517,14674.3
26518,11977.7
26519,10436.7
26520,5813.9
26521,1770.9
26522,999.7
26523,420.9
26524,420.9
26525,999.7
26526,5437
26527,18363.1
26528,19520.7
26529,18749
26530,16433.9
26531,14890.4
26532,11996.5
26533,10453.1
26534,9295.6
26535,8138
26536,9295.6
26537,10839
26538,14311.7
26539,16819.7
26540,16048
26541,14697.5
26542,11996.5
26543,10453.1
26544,5822.9
26545,1773.4
26546,1000.9
26547,421.2
26548,421.2
26549,1000.9
26550,5445.2
26551,18391.7
26552,19551.1
26553,18778.2
26554,16459.4
26555,14913.5
26556,12015.1
26557,10469.2
26558,9309.9
26559,8150.5
26560,9309.9
26561,10855.7
26562,14333.8
26563,16845.8
26564,16072.9
26565,14720.3
26566,12015.1
26567,10469.2
26568,5831.7
26569,1775.8
26570,1002.1
26571,421.5
26572,421.5
26573,1002.1
26574,5453.3
26575,18419.7
26576,19580.9
26577,18806.8
26578,16484.5
26579,14936.2
26580,12033.3
26581,10485
26582,9323.9
26583,8162.7
26584,9323.9
26585,10872.1
26586,14355.6
26587,16871.5
26588,16097.4
26589,14742.7
26590,12033.3
26591,10485
26592,5840.4
26593,1778.1
26594,1003.3
26595,421.8
26596,421.8
26597,1003.3
26598,5461.2
26599,18447.3
26600,19610.2
26601,18834.9
26602,16509.1
26603,14958.5
26604,12051.1
26605,10500.6
26606,9337.6
26607,8174.7
26608,9337.6
26609,10888.2
26610,14377
26611,16896.7
26612,16121.4
26613,14764.7
26614,12051.1
26615,10500.6
26616,5848.8
26617,1780.4
26618,1004.4
26619,422.1
26620,422.1
26621,1004.4
26622,5469
26623,18474.3
26624,19638.9
26625,18862.5
26626,16533.2
26627,14980.3
26628,12068.7
26629,10515.8
26630,9351.1
26631,8186.5
26632,9351.1
26633,10904
26634,14398
26635,16921.4
26636,16145
26637,14786.2
26638,12068.7
26639,10515.8
26640,5857.2
26641,1782.7
26642,1005.6
26643,422.4
26644,422.4
26645,1005.6
26646,5476.6
26647,18500.8
26648,19667.1
26649,18889.5
26650,16556.9
26651,15001.7
26652,12085.9
26653,10530.7
26654,9364.4
26655,8198
26656,9364.4
26657,10919.5
26658,14418.6
26659,16945.6
26660,16168.1
26661,14807.3
26662,12085.9
26663,10530.7
26664,5865.3
26665,1784.9
26666,1006.7
26667,422.7
26668,422.7
26669,1006.7
26670,5484
26671,18526.7
26672,19694.7
26673,18916
26674,16580
26675,15022.7
26676,12102.7
26677,10545.4
26678,9377.4
26679,8209.4
26680,9377.4
26681,10934.7
26682,14438.7
26683,16969.4
26684,16190.7
26685,14828
26686,12102.7
26687,10545.4
26688,5873.3
26689,1787.1
26690,1007.7
26691,422.9
26692,422.9
26693,1007.8
26694,5491.3
26695,18552.1
26696,19721.7
26697,18942
26698,16602.7
26699,15043.2
26700,12119.2
26701,10559.7
26702,9390
26703,8220.4
26704,9390
26705,10949.5
26706,14458.4
26707,16992.6
26708,16212.8
26709,14848.3
26710,12119.2
26711,10559.7
26712,5881.2
26713,1789.2
26714,1008.8
26715,423.2
26716,423.2
26717,1008.8
26718,5498.4
26719,18576.9
26720,19748.1
26721,18967.3
26722,16624.9
26723,15063.3
26724,12135.3
26725,10573.7
26726,9402.5
26727,8231.3
26728,9402.5
26729,10964.1
26730,14477.7
26731,17015.3
26732,16234.5
26733,14868.1
26734,12135.3
26735,10573.7
26736,5888.8
26737,1791.3
26738,1009.8
26739,423.5
26740,423.5
26741,1009.8
26742,5505.4
26743,18601.2
26744,19773.9
26745,18992.1
26746,16646.6
26747,15082.9
26748,12151
26749,10587.3
26750,9414.6
26751,8241.8
26752,9414.6
26753,10978.3
26754,14496.5
26755,17037.5
26756,16255.7
26757,14887.5
26758,12151
26759,10587.3
26760,5896.3
26761,1793.3
26762,1010.8
26763,423.7
26764,423.7
26765,1010.9
26766,5512.2
26767,18624.9
26768,19799.1
26769,19016.3
26770,16667.8
26771,15102.1
26772,12166.4
26773,10600.7
26774,9426.4
26775,8252.2
26776,9426.4
26777,10992.1
26778,14514.9
26779,17059.2
26780,16276.3
26781,14906.4
26782,12166.4
26783,10600.7
26784,5903.6
26785,1795.3
26786,1011.8
26787,424
26788,424
26789,1011.8
26790,5518.9
26791,18648
26792,19823.7
26793,19039.9
26794,16688.4
26795,15120.8
26796,12181.4
26797,10613.7
26798,9438
26799,8262.3
26800,9438
26801,11005.7
26802,14532.9
26803,17080.3
26804,16296.5
26805,14924.8
26806,12181.4
26807,10613.7
26808,5910.8
26809,1797.2
26810,1012.8
26811,424.2
26812,424.2
26813,1012.8
26814,5525.3
26815,18670.5
26816,19847.7
26817,19062.9
26818,16708.6
26819,15139
26820,12196
26821,10626.5
26822,9449.3
26823,8272.1
26824,9449.3
26825,11018.8
26826,14550.4
26827,17101
26828,16316.2
26829,14942.8
26830,12196
26831,10626.5
26832,5917.7
26833,1799.1
26834,1013.7
26835,424.4
26836,424.4
26837,1013.7
26838,5531.6
26839,18692.5
26840,19871.1
26841,19085.3
26842,16728.2
26843,15156.7
26844,12210.3
26845,10638.8
26846,9460.2
26847,8281.7
26848,9460.2
26849,11031.7
26850,14567.4
26851,17121
26852,16335.3
26853,14960.3
26854,12210.3
26855,10638.8
26856,5924.5
26857,1800.9
26858,1014.6
26859,424.7
26860,424.7
26861,1014.6
26862,5537.8
26863,18713.8
26864,19893.8
26865,19107.1
26866,16747.2
26867,15174
26868,12224.1
26869,10650.9
26870,9470.9
26871,8291
26872,9470.9
26873,11044.2
26874,14584
26875,17140.6
26876,16353.9
26877,14977.3
26878,12224.1
26879,10650.9
26880,5931.1
26881,1802.7
26882,1015.5
26883,424.9
26884,424.9
26885,1015.5
26886,5543.7
26887,18734.6
26888,19915.8
26889,19128.3
26890,16765.8
26891,15190.8
26892,12237.6
26893,10662.6
26894,9481.3
26895,8300
26896,9481.3
26897,11056.3
26898,14600.1
26899,17159.5
26900,16372
26901,14993.9
26902,12237.6
26903,10662.6
26904,5937.5
26905,1804.4
26906,1016.4
26907,425.1
26908,425.1
26909,1016.4
26910,5549.5
26911,18754.7
26912,19937.2
26913,19148.9
26914,16783.8
26915,15207
26916,12250.6
26917,10673.9
26918,9491.4
26919,8308.8
26920,9491.4
26921,11068.1
26922,14615.8
26923,17178
26924,16389.6
26925,15009.9
26926,12250.6
26927,10673.9
26928,5943.7
26929,1806.1
26930,1017.2
26931,425.3
26932,425.3
26933,1017.2
26934,5555.1
26935,18774.2
26936,19958
26937,19168.8
26938,16801.2
26939,15222.8
26940,12263.3
26941,10684.9
26942,9501.1
26943,8317.3
26944,9501.1
26945,11079.5
26946,14630.9
26947,17195.8
26948,16406.6
26949,15025.5
26950,12263.3
26951,10684.9
26952,5949.7
26953,1807.7
26954,1018
26955,425.5
26956,425.5
26957,1018
26958,5560.5
26959,18793.1
26960,19978.1
26961,19188.1
26962,16818.1
26963,15238.1
26964,12275.6
26965,10695.6
26966,9510.6
26967,8325.5
26968,9510.6
26969,11090.6
26970,14645.6
26971,17213.1
26972,16423.1
26973,15040.6
26974,12275.6
26975,10695.6
26976,5955.5
26977,1809.3
26978,1018.8
26979,425.7
26980,425.7
26981,1018.8
26982,5565.8
26983,18811.4
26984,19997.5
26985,19206.8
26986,16834.4
26987,15252.9
26988,12287.4
26989,10705.9
26990,9519.7
26991,8333.5
26992,9519.7
26993,11101.2
26994,14659.8
26995,17229.8
26996,16439
26997,15055.2
26998,12287.4
26999,10705.9
27000,5961.2
27001,1810.8
27002,1019.5
27003,425.9
27004,425.9
27005,1019.5
27006,5570.8
27007,18829
27008,20016.3
27009,19224.8
27010,16850.2
27011,15267.1
27012,12298.9
27013,10715.8
27014,9528.5
27015,8341.2
27016,9528.5
27017,11111.6
27018,14673.5
27019,17245.9
27020,16454.4
27021,15069.2
27022,12298.9
27023,10715.8
27024,5966.6
27025,1812.2
27026,1020.3
27027,426.1
27028,426.1
27029,1020.3
27030,5575.7
27031,18846
27032,20034.4
27033,19242.1
27034,16865.4
27035,15280.8
27036,12309.9
27037,10725.4
27038,9537
27039,8348.6
27040,9537
27041,11121.5
27042,14686.7
27043,17261.5
27044,16469.2
27045,15082.8
27046,12309.9
27047,10725.4
27048,5971.9
27049,1813.6
27050,1020.9
27051,426.2
27052,426.2
27053,1021
27054,5580.4
27055,18862.3
27056,20051.8
27057,19258.8
27058,16880
27059,15294.1
27060,12320.5
27061,10734.6
27062,9545.2
27063,8355.8
27064,9545.2
27065,11131.1
27066,14699.4
27067,17276.4
27068,16483.5
27069,15095.8
27070,12320.5
27071,10734.6
27072,5976.9
27073,1815
27074,1021.6
27075,426.4
27076,426.4
27077,1021.6
27078,5584.9
27079,18878.1
27080,20068.5
27081,19274.9
27082,16894
27083,15306.8
27084,12330.7
27085,10743.5
27086,9553
27087,8362.6
27088,9553
27089,11140.3
27090,14711.5
27091,17290.8
27092,16497.2
27093,15108.4
27094,12330.7
27095,10743.5
27096,5981.7
27097,1816.3
27098,1022.3
27099,426.6
27100,426.6
27101,1022.3
27102,5589.3
27103,18893.1
27104,20084.5
27105,19290.2
27106,16907.5
27107,15318.9
27108,12340.5
27109,10751.9
27110,9560.6
27111,8369.2
27112,9560.6
27113,11149.1
27114,14723.2
27115,17304.6
27116,16510.3
27117,15120.4
27118,12340.5
27119,10751.9
27120,5986.4
27121,1817.5
27122,1022.9
27123,426.7
27124,426.7
27125,1022.9
27126,5593.4
27127,18907.5
27128,20099.8
27129,19304.9
27130,16920.3
27131,15330.6
27132,12349.8
27133,10760.1
27134,9567.8
27135,8375.4
27136,9567.8
27137,11157.5
27138,14734.4
27139,17317.8
27140,16522.9
27141,15131.9
27142,12349.8
27143,10760.1
27144,5990.8
27145,1818.7
27146,1023.5
27147,426.9
27148,426.9
27149,1023.5
27150,5597.3
27151,18921.2
27152,20114.4
27153,19319
27154,16932.6
27155,15341.7
27156,12358.7
27157,10767.8
27158,9574.6
27159,8381.4
27160,9574.6
27161,11165.5
27162,14745.1
27163,17330.3
27164,16534.9
27165,15142.8
27166,12358.7
27167,10767.8
27168,5995.1
27169,1819.8
27170,1024
27171,427
27172,427
27173,1024
27174,5601.1
27175,18934.3
27176,20128.3
27177,19332.3
27178,16944.3
27179,15352.2
27180,12367.2
27181,10775.2
27182,9581.2
27183,8387.1
27184,9581.2
27185,11173.2
27186,14755.2
27187,17342.3
27188,16546.3
27189,15153.2
27190,12367.2
27191,10775.2
27192,5999.1
27193,1820.9
27194,1024.5
27195,427.1
27196,427.1
27197,1024.5
27198,5604.7
27199,18946.7
27200,20141.5
27201,19345
27202,16955.3
27203,15362.3
27204,12375.2
27205,10782.2
27206,9587.4
27207,8392.5
27208,9587.4
27209,11180.4
27210,14764.9
27211,17353.6
27212,16557.1
27213,15163.1
27214,12375.2
27215,10782.2
27216,6002.9
27217,1821.9
27218,1025
27219,427.3
27220,427.3
27221,1025
27222,5608
27223,18958.4
27224,20154
27225,19356.9
27226,16965.8
27227,15371.7
27228,12382.8
27229,10788.8
27230,9593.2
27231,8397.7
27232,9593.2
27233,11187.3
27234,14774
27235,17364.3
27236,16567.3
27237,15172.5
27238,12382.8
27239,10788.8
27240,6006.5
27241,1822.8
27242,1025.5
27243,427.4
27244,427.4
27245,1025.5
27246,5611.2
27247,18969.5
27248,20165.7
27249,19368.2
27250,16975.7
27251,15380.7
27252,12390
27253,10795
27254,9598.7
27255,8402.5
27256,9598.7
27257,11193.7
27258,14782.5
27259,17374.4
27260,16576.9
27261,15181.3
27262,12390
27263,10795
27264,6009.9
27265,1823.7
27266,1026
27267,427.5
27268,427.5
27269,1026
27270,5614.2
27271,18979.8
27272,20176.8
27273,19378.8
27274,16985
27275,15389.1
27276,12396.7
27277,10800.8
27278,9603.9
27279,8407
27280,9603.9
27281,11199.8
27282,14790.6
27283,17383.9
27284,16586
27285,15189.6
27286,12396.7
27287,10800.8
27288,6013.1
27289,1824.6
27290,1026.4
27291,427.6
27292,427.6
27293,1026.4
27294,5617
27295,18989.5
27296,20187.1
27297,19388.7
27298,16993.6
27299,15396.9
27300,12403
27301,10806.3
27302,9608.8
27303,8411.2
27304,9608.8
27305,11205.5
27306,14798.1
27307,17392.8
27308,16594.4
27309,15197.3
27310,12403
27311,10806.3
27312,6016.1
27313,1825.3
27314,1026.7
27315,427.7
27316,427.7
27317,1026.8
27318,5619.5
27319,18998.5
27320,20196.6
27321,19397.9
27322,17001.7
27323,15404.2
27324,12408.9
27325,10811.4
27326,9613.3
27327,8415.1
27328,9613.3
27329,11210.7
27330,14805.1
27331,17401
27332,16602.3
27333,15204.5
27334,12408.9
27335,10811.4
27336,6018.9
27337,1826.1
27338,1027.1
27339,427.8
27340,427.8
27341,1027.1
27342,5621.9
27343,19006.8
27344,20205.5
27345,19406.4
27346,17009.1
27347,15410.9
27348,12414.3
27349,10816.1
27350,9617.4
27351,8418.8
27352,9617.4
27353,11215.6
27354,14811.6
27355,17408.6
27356,16609.5
27357,15211.1
27358,12414.3
27359,10816.1
27360,6021.5
27361,1826.7
27362,1027.4
27363,427.9
27364,427.9
27365,1027.4
27366,5624.1
27367,19014.4
27368,20213.6
27369,19414.2
27370,17015.9
27371,15417
27372,12419.2
27373,10820.4
27374,9621.2
27375,8422.1
27376,9621.2
27377,11220.1
27378,14817.5
27379,17415.6
27380,16616.2
27381,15217.2
27382,12419.2
27383,10820.4
27384,6023.8
27385,1827.3
27386,1027.7
27387,427.9
27388,427.9
27389,1027.7
27390,5626.1
27391,19021.4
27392,20221
27393,19421.2
27394,17022.1
27395,15422.6
27396,12423.7
27397,10824.3
27398,9624.7
27399,8425.1
27400,9624.7
27401,11224.1
27402,14822.9
27403,17421.9
27404,16622.2
27405,15222.7
27406,12423.7
27407,10824.3
27408,6026
27409,1827.9
27410,1028
27411,428
27412,428
27413,1028
27414,5627.9
27415,19027.6
27416,20227.6
27417,19427.6
27418,17027.7
27419,15427.7
27420,12427.7
27421,10827.8
27422,9627.8
27423,8427.8
27424,9627.8
27425,11227.8
27426,14827.7
27427,17427.6
27428,16627.7
27429,15227.7
27430,12427.7
27431,10827.8
27432,6027.9
27433,1828.3
27434,1028.2
27435,428.1
27436,428.1
27437,1028.2
27438,5629.5
27439,19033.1
27440,20233.5
27441,19433.3
27442,17032.6
27443,15432.2
27444,12431.3
27445,10830.9
27446,9630.6
27447,8430.2
27448,9630.6
27449,11231
27450,14832
27451,17432.7
27452,16632.5
27453,15232.1
27454,12431.3
27455,10830.9
27456,6029.6
27457,1828.8
27458,1028.4
27459,428.1
27460,428.1
27461,1028.4
27462,5630.9
27463,19038
27464,20238.6
27465,19438.2
27466,17036.9
27467,15436.1
27468,12434.5
27469,10833.6
27470,9633
27471,8432.4
27472,9633
27473,11233.8
27474,14835.8
27475,17437.1
27476,16636.7
27477,15236
27478,12434.5
27479,10833.6
27480,6031.1
27481,1829.1
27482,1028.6
27483,428.2
27484,428.2
27485,1028.6
27486,5632.1
27487,19042.1
27488,20243
27489,19442.4
27490,17040.6
27491,15439.4
27492,12437.2
27493,10836
27494,9635.1
27495,8434.2
27496,9635.1
27497,11236.3
27498,14839
27499,17440.9
27500,16640.3
27501,15239.3
27502,12437.2
27503,10836
27504,6032.4
27505,1829.4
27506,1028.8
27507,428.2
27508,428.2
27509,1028.8
27510,5633
27511,19045.6
27512,20246.7
27513,19445.9
27514,17043.7
27515,15442.2
27516,12439.4
27517,10837.9
27518,9636.8
27519,8435.7
27520,9636.8
27521,11238.3
27522,14841.6
27523,17444.1
27524,16643.3
27525,15242
27526,12439.4
27527,10837.9
27528,6033.4
27529,1829.7
27530,1028.9
27531,428.2
27532,428.2
27533,1028.9
27534,5633.8
27535,19048.3
27536,20249.6
27537,19448.7
27538,17046.1
27539,15444.4
27540,12441.2
27541,10839.4
27542,9638.1
27543,8436.9
27544,9638.1
27545,11239.9
27546,14843.8
27547,17446.6
27548,16645.7
27549,15244.2
27550,12441.2
27551,10839.4
27552,6034.3
27553,1829.9
27554,1029
27555,428.2
27556,428.2
27557,1029
27558,5634.4
27559,19050.3
27560,20251.7
27561,19450.8
27562,17047.9
27563,15446
27564,12442.5
27565,10840.6
27566,9639.2
27567,8437.7
27568,9639.2
27569,11241.1
27570,14845.3
27571,17448.4
27572,16647.5
27573,15245.8
27574,12442.5
27575,10840.6
27576,6034.9
27577,1830
27578,1029
27579,428.3
27580,428.3
27581,1029
27582,5634.8
27583,19051.6
27584,20253.2
27585,19452.1
27586,17049.1
27587,15447.1
27588,12443.3
27589,10841.3
27590,9639.8
27591,8438.3
27592,9639.8
27593,11241.8
27594,14846.4
27595,17449.6
27596,16648.6
27597,15246.9
27598,12443.3
27599,10841.3
27600,6035.3
27601,1830.1
27602,1029
27603,428.3
27604,428.3
27605,1029
27606,5635
27607,19052.3
27608,20253.8
27609,19452.8
27610,17049.7
27611,15447.6
27612,12443.7
27613,10841.7
27614,9640.1
27615,8438.6
27616,9640.1
27617,11242.2
27618,14846.8
27619,17450.2
27620,16649.2
27621,15247.4
27622,12443.7
27623,10841.7
27624,6035.5
27625,1830.1
27626,1029
27627,428.3
27628,428.3
27629,1029
27630,5635
27631,19052.2
27632,20253.7
27633,19452.7
27634,17049.6
27635,15447.6
27636,12443.7
27637,10841.6
27638,9640.1
27639,8438.6
27640,9640.1
27641,11242.2
27642,14846.8
27643,17450.1
27644,16649.1
27645,15247.3
27646,12443.7
27647,10841.6
27648,6035.5
27649,1830
27650,1029
27651,428.2
27652,428.2
27653,1029
27654,5634.7
27655,19051.4
27656,20252.9
27657,19451.9
27658,17048.9
27659,15446.9
27660,12443.2
27661,10841.2
27662,9639.7
27663,8438.2
27664,9639.7
27665,11241.7
27666,14846.2
27667,17449.4
27668,16648.4
27669,15246.7
27670,12443.2
27671,10841.2
27672,6035.2
27673,1829.9
27674,1028.9
27675,428.2
27676,428.2
27677,1028.9
27678,5634.3
27679,19049.9
27680,20251.3
27681,19450.4
27682,17047.6
27683,15445.7
27684,12442.2
27685,10840.4
27686,9639
27687,8437.6
27688,9639
27689,11240.8
27690,14845
27691,17448
27692,16647.1
27693,15245.5
27694,12442.2
27695,10840.4
27696,6034.8
27697,1829.7
27698,1028.8
27699,428.2
27700,428.2
27701,1028.8
27702,5633.7
27703,19047.7
27704,20249
27705,19448.1
27706,17045.6
27707,15443.9
27708,12440.8
27709,10839.1
27710,9637.9
27711,8436.6
27712,9637.9
27713,11239.5
27714,14843.3
27715,17446
27716,16645.2
27717,15243.7
27718,12440.8
27719,10839.1
27720,6034.1
27721,1829.5
27722,1028.7
27723,428.2
27724,428.2
27725,1028.7
27726,5632.8
27727,19044.8
27728,20245.9
27729,19445.2
27730,17043
27731,15441.6
27732,12438.9
27733,10837.5
27734,9636.4
27735,8435.3
27736,9636.4
27737,11237.8
27738,14841.1
27739,17443.4
27740,16642.7
27741,15241.4
27742,12438.9
27743,10837.5
27744,6033.2
27745,1829.2
27746,1028.6
27747,428.1
27748,428.1
27749,1028.6
27750,5631.8
27751,19041.2
27752,20242.1
27753,19441.5
27754,17039.8
27755,15438.7
27756,12436.6
27757,10835.5
27758,9634.6
27759,8433.8
27760,9634.6
27761,11235.7
27762,14838.3
27763,17440.1
27764,16639.5
27765,15238.5
27766,12436.6
27767,10835.5
27768,6032.1
27769,1828.8
27770,1028.4
27771,428.1
27772,428.1
27773,1028.4
27774,5630.6
27775,19036.9
27776,20237.5
27777,19437.1
27778,17036
27779,15435.2
27780,12433.8
27781,10833
27782,9632.5
27783,8431.9
27784,9632.5
27785,11233.2
27786,14834.9
27787,17436.2
27788,16635.8
27789,15235.1
27790,12433.8
27791,10833
27792,6030.8
27793,1828.4
27794,1028.2
27795,428
27796,428
27797,1028.2
27798,5629.1
27799,19031.9
27800,20232.2
27801,19432
27802,17031.5
27803,15431.2
27804,12430.5
27805,10830.2
27806,9630
27807,8429.7
27808,9630
27809,11230.3
27810,14831
27811,17431.6
27812,16631.4
27813,15231.1
27814,12430.5
27815,10830.2
27816,6029.2
27817,1828
27818,1027.9
27819,428
27820,428
27821,1027.9
27822,5627.5
27823,19026.2
27824,20226.1
27825,19426.2
27826,17026.4
27827,15426.6
27828,12426.8
27829,10827
27830,9627.1
27831,8427.2
27832,9627.1
27833,11227
27834,14826.6
27835,17426.4
27836,16626.5
27837,15226.6
27838,12426.8
27839,10827
27840,6027.5
27841,1827.4
27842,1027.7
27843,427.9
27844,427.9
27845,1027.7
27846,5625.7
27847,19019.8
27848,20219.3
27849,19419.7
27850,17020.7
27851,15421.4
27852,12422.7
27853,10823.4
27854,9623.9
27855,8424.4
27856,9623.9
27857,11223.2
27858,14821.7
27859,17420.5
27860,16620.9
27861,15221.5
27862,12422.7
27863,10823.4
27864,6025.5
27865,1826.8
27866,1027.4
27867,427.8
27868,427.8
27869,1027.4
27870,5623.6
27871,19012.7
27872,20211.8
27873,19412.4
27874,17014.4
27875,15415.7
27876,12418.1
27877,10819.4
27878,9620.4
27879,8421.4
27880,9620.4
27881,11219.1
27882,14816.2
27883,17414
27884,16614.7
27885,15215.8
27886,12418.1
27887,10819.4
27888,6023.3
27889,1826.2
27890,1027
27891,427.8
27892,427.8
27893,1027
27894,5621.4
27895,19005
27896,20203.5
27897,19404.5
27898,17007.4
27899,15409.4
27900,12413
27901,10815
27902,9616.5
27903,8418
27904,9616.5
27905,11214.5
27906,14810.1
27907,17406.9
27908,16607.9
27909,15209.6
27910,12413
27911,10815
27912,6020.9
27913,1825.5
27914,1026.7
27915,427.7
27916,427.7
27917,1026.7
27918,5619
27919,18996.5
27920,20194.5
27921,19395.8
27922,16999.8
27923,15402.5
27924,12407.6
27925,10810.2
27926,9612.3
27927,8414.3
27928,9612.3
27929,11209.6
27930,14803.5
27931,17399.2
27932,16600.5
27933,15202.9
27934,12407.6
27935,10810.2
27936,6018.3
27937,1824.7
27938,1026.3
27939,427.6
27940,427.6
27941,1026.3
27942,5616.3
27943,18987.3
27944,20184.7
27945,19386.5
27946,16991.7
27947,15395.1
27948,12401.6
27949,10805.1
27950,9607.7
27951,8410.3
27952,9607.7
27953,11204.2
27954,14796.4
27955,17390.8
27956,16592.5
27957,15195.6
27958,12401.6
27959,10805.1
27960,6015.5
27961,1026
27962,427.5
27963,427.5
27964,1025.9
27965,5613.5
27966,18977.5
27967,20174.3
27968,19376.4
27969,16982.9
27970,15387.2
27971,12395.2
27972,10799.5
27973,9602.7
27974,8406
27975,9602.7
27976,11198.4
27977,14788.8
27978,17381.8
27979,16583.9
27980,15187.7
27981,12395.2
27982,10799.5
27983,6012.4
27984,1823.7
27985,1025.6
27986,427.4
27987,427.4
27988,1025.4
27989,5610.5
27990,18967
27991,20163.1
27992,19365.7
27993,16973.5
27994,15378.6
27995,12388.4
27996,10793.6
27997,9597.5
27998,8401.4
27999,9597.5
28000,11192.3
28001,14780.6
28002,17372.2
28003,16574.8
28004,15179.3
28005,12388.4
28006,10793.6
28007,6009.2
28008,1822.8
28009,1025.1
28010,427.2
28011,427.2
28012,1024.9
28013,5607.3
28014,18955.8
28015,20151.1
28016,19354.2
28017,16963.4
28018,15369.6
28019,12381.1
28020,10787.3
28021,9591.9
28022,8396.5
28023,9591.9
28024,11185.7
28025,14771.9
28026,17361.9
28027,16565
28028,15170.4
28029,12381.1
28030,10787.3
28031,6005.7
28032,1821.9
28033,1024.6
28034,427.1
28035,427.1
28036,1024.4
28037,5603.8
28038,18943.9
28039,20138.5
28040,19342.1
28041,16952.8
28042,15360
28043,12373.4
28044,10780.6
28045,9585.9
28046,8391.3
28047,9585.9
28048,11178.8
28049,14762.7
28050,17351
28051,16554.6
28052,15160.9
28053,12373.4
28054,10780.6
28055,6002.1
28056,1820.8
28057,1024.1
28058,427
28059,427
28060,1023.9
28061,5600.2
28062,18931.3
28063,20125.2
28064,19329.3
28065,16941.6
28066,15349.8
28067,12365.3
28068,10773.5
28069,9579.7
28070,8385.8
28071,9579.7
28072,11171.4
28073,14752.9
28074,17339.5
28075,16543.7
28076,15150.9
28077,12365.3
28078,10773.5
28079,5998.2
28080,1819.8
28081,1023.5
28082,426.8
28083,426.8
28084,1023.3
28085,5596.4
28086,18918.1
28087,20111.1
28088,19315.8
28089,16929.8
28090,15339.1
28091,12356.7
28092,10766
28093,9573.1
28094,8380.1
28095,9573.1
28096,11163.7
28097,14742.7
28098,17327.5
28099,16532.1
28100,15140.3
28101,12356.7
28102,10766
28103,5994.1
28104,1818.7
28105,1022.9
28106,426.7
28107,426.7
28108,1022.8
28109,5592.5
28110,18904.2
28111,20096.3
28112,19301.6
28113,16917.4
28114,15327.9
28115,12347.7
28116,10758.2
28117,9566.1
28118,8374
28119,9566.1
28120,11155.6
28121,14731.9
28122,17314.7
28123,16520
28124,15129.2
28125,12347.7
28126,10758.2
28127,5989.8
28128,1817.5
28129,1022.3
28130,426.5
28131,426.5
28132,1022.1
28133,5588.3
28134,18889.7
28135,20080.8
28136,19286.7
28137,16904.4
28138,15316.2
28139,12338.2
28140,10750
28141,9558.8
28142,8367.7
28143,9558.8
28144,11147.1
28145,14720.6
28146,17301.4
28147,16507.3
28148,15117.6
28149,12338.2
28150,10750
28151,5985.3
28152,1816.2
28153,1021.7
28154,426.4
28155,426.4
28156,1021.5
28157,5583.9
28158,18874.5
28159,20064.7
28160,19271.2
28161,16890.8
28162,15303.9
28163,12328.4
28164,10741.4
28165,9551.2
28166,8361
28167,9551.2
28168,11138.2
28169,14708.8
28170,17287.5
28171,16494.1
28172,15105.5
28173,12328.4
28174,10741.4
28175,5980.6
28176,1814.9
28177,1021
28178,426.2
28179,426.2
28180,1020.8
28181,5579.4
28182,18858.6
28183,20047.8
28184,19255
28185,16876.6
28186,15291
28187,12318.1
28188,10732.5
28189,9543.3
28190,8354.1
28191,9543.3
28192,11128.9
28193,14696.5
28194,17273
28195,16480.2
28196,15092.8
28197,12318.1
28198,10732.5
28199,5975.7
28200,1813.6
28201,1020.3
28202,426
28203,426
28204,1020.1
28205,5574.6
28206,18842.1
28207,20030.2
28208,19238.2
28209,16861.9
28210,15277.7
28211,12307.4
28212,10723.2
28213,9535.1
28214,8346.9
28215,9535.1
28216,11119.2
28217,14683.6
28218,17257.9
28219,16465.8
28220,15079.7
28221,12307.4
28222,10723.2
28223,5970.7
28224,1812.2
28225,1019.6
28226,425.9
28227,425.9
28228,1019.4
28229,5569.7
28230,18825
28231,20012
28232,19220.6
28233,16846.6
28234,15263.8
28235,12296.2
28236,10713.5
28237,9526.5
28238,8339.4
28239,9526.5
28240,11109.2
28241,14670.3
28242,17242.2
28243,16450.9
28244,15066
28245,12296.2
28246,10713.5
28247,5965.4
28248,1810.7
28249,1018.9
28250,425.7
28251,425.7
28252,1018.6
28253,5564.6
28254,18807.2
28255,19993.1
28256,19202.5
28257,16830.7
28258,15249.5
28259,12284.7
28260,10703.5
28261,9517.6
28262,8331.7
28263,9517.6
28264,11098.8
28265,14656.5
28266,17226
28267,16435.4
28268,15051.8
28269,12284.7
28270,10703.5
28271,5959.9
28272,1809.2
28273,1018.1
28274,425.5
28275,425.5
28276,1017.8
28277,5559.3
28278,18788.8
28279,19973.5
28280,19183.7
28281,16814.2
28282,15234.6
28283,12272.8
28284,10693.1
28285,9508.4
28286,8323.7
28287,9508.4
28288,11088
28289,14642.2
28290,17209.1
28291,16419.3
28292,15037.1
28293,12272.8
28294,10693.1
28295,5954.2
28296,1807.6
28297,1017.3
28298,425.3
28299,425.3
28300,1017
28301,5553.8
28302,18769.7
28303,19953.3
28304,19164.2
28305,16797.2
28306,15219.2
28307,12260.4
28308,10682.4
28309,9498.9
28310,8315.4
28311,9498.9
28312,11076.9
28313,14627.4
28314,17191.7
28315,16402.7
28316,15021.9
28317,12260.4
28318,10682.4
28319,5948.3
28320,1806
28321,1016.5
28322,425.1
28323,425.1
28324,1016.2
28325,5548.2
28326,18750.1
28327,19932.3
28328,19144.2
28329,16779.6
28330,15203.3
28331,12247.6
28332,10671.3
28333,9489
28334,8306.8
28335,9489
28336,11065.4
28337,14612.2
28338,17173.7
28339,16385.6
28340,15006.3
28341,12247.6
28342,10671.3
28343,5942.3
28344,1804.4
28345,1015.6
28346,424.9
28347,424.8
28348,1015.3
28349,5542.4
28350,18729.8
28351,19910.8
28352,19123.5
28353,16761.5
28354,15186.9
28355,12234.5
28356,10659.9
28357,9478.9
28358,8297.9
28359,9478.9
28360,11053.5
28361,14596.4
28362,17155.2
28363,16367.9
28364,14990.1
28365,12234.5
28366,10659.9
28367,5936
28368,1802.6
28369,1014.7
28370,424.6
28371,424.6
28372,1014.5
28373,5536.4
28374,18708.9
28375,19888.6
28376,19102.1
28377,16742.9
28378,15170
28379,12220.9
28380,10648.1
28381,9468.5
28382,8288.8
28383,9468.5
28384,11041.3
28385,14580.2
28386,17136.1
28387,16349.7
28388,14973.4
28389,12220.9
28390,10648.1
28391,5929.6
28392,1800.8
28393,1013.8
28394,424.4
28395,424.4
28396,1013.5
28397,5530.2
28398,18687.4
28399,19865.7
28400,19080.2
28401,16723.7
28402,15152.7
28403,12207
28404,10636
28405,9457.7
28406,8279.5
28407,9457.7
28408,11028.7
28409,14563.5
28410,17116.4
28411,16330.9
28412,14956.3
28413,12207
28414,10636
28415,5922.9
28416,1799
28417,1012.9
28418,424.2
28419,424.2
28420,1012.6
28421,5523.8
28422,18665.4
28423,19842.2
28424,19057.6
28425,16703.9
28426,15134.8
28427,12192.7
28428,10623.5
28429,9446.7
28430,8269.8
28431,9446.7
28432,11015.8
28433,14546.4
28434,17096.2
28435,16311.7
28436,14938.7
28437,12192.7
28438,10623.5
28439,5916.1
28440,1797.1
28441,1011.9
28442,423.9
28443,423.9
28444,1011.6
28445,5517.3
28446,18642.7
28447,19818.1
28448,19034.5
28449,16683.7
28450,15116.5
28451,12178
28452,10610.7
28453,9435.3
28454,8259.9
28455,9435.3
28456,11002.6
28457,14528.8
28458,17075.5
28459,16291.9
28460,14920.6
28461,12178
28462,10610.7
28463,5909.1
28464,1795.2
28465,1011
28466,423.7
28467,423.7
28468,1010.6
28469,5510.7
28470,18619.4
28471,19793.4
28472,19010.7
28473,16662.9
28474,15097.7
28475,12162.9
28476,10597.6
28477,9423.7
28478,8249.8
28479,9423.7
28480,10988.9
28481,14510.7
28482,17054.2
28483,16271.6
28484,14902
28485,12162.9
28486,10597.6
28487,5902
28488,1793.2
28489,1010
28490,423.4
28491,423.4
28492,1009.6
28493,5503.8
28494,18595.6
28495,19768
28496,18986.4
28497,16641.6
28498,15078.4
28499,12147.4
28500,10584.2
28501,9411.8
28502,8239.4
28503,9411.8
28504,10975
28505,14492.2
28506,17032.4
28507,16250.8
28508,14883
28509,12147.4
28510,10584.2
28511,5894.6
28512,1791.2
28513,1008.9
28514,423.2
28515,423.2
28516,1008.6
28517,5496.8
28518,18571.2
28519,19742
28520,18961.5
28521,16619.8
28522,15058.7
28523,12131.6
28524,10570.4
28525,9399.6
28526,8228.8
28527,9399.6
28528,10960.7
28529,14473.3
28530,17010.1
28531,16229.5
28532,14863.5
28533,12131.6
28534,10570.4
28535,5887.1
28536,1789.1
28537,1007.9
28538,422.9
28539,422.9
28540,1007.5
28541,5489.6
28542,18546.2
28543,19715.5
28544,18936
28545,16597.5
28546,15038.5
28547,12115.4
28548,10556.4
28549,9387.1
28550,8217.9
28551,9387.1
28552,10946.1
28553,14453.9
28554,16987.2
28555,16207.7
28556,14843.6
28557,12115.4
28558,10556.4
28559,5879.4
28560,1787
28561,1006.8
28562,422.6
28563,422.6
28564,1006.4
28565,5482.3
28566,18520.7
28567,19688.4
28568,18909.9
28569,16574.7
28570,15017.9
28571,12098.8
28572,10542
28573,9374.4
28574,8206.7
28575,9374.4
28576,10931.2
28577,14434.1
28578,16963.9
28579,16185.5
28580,14823.3
28581,12098.8
28582,10542
28583,5871.5
28584,1784.8
28585,1005.7
28586,422.4
28587,422.3
28588,1005.3
28589,5474.8
28590,18494.7
28591,19660.6
28592,18883.3
28593,16551.4
28594,14996.8
28595,12081.9
28596,10527.3
28597,9361.3
28598,8195.4
28599,9361.3
28600,10915.9
28601,14413.8
28602,16940.1
28603,16162.8
28604,14802.5
28605,12081.9
28606,10527.3
28607,5863.5
28608,1782.6
28609,1004.6
28610,422.1
28611,422.1
28612,1004.2
28613,5467.2
28614,18468.1
28615,19632.3
28616,18856.2
28617,16527.6
28618,14975.3
28619,12064.6
28620,10512.3
28621,9348
28622,8183.8
28623,9348
28624,10900.4
28625,14393.2
28626,16915.7
28627,16139.5
28628,14781.2
28629,12064.6
28630,10512.3
28631,5855.3
28632,1780.4
28633,1003.4
28634,421.8
28635,421.8
28636,1003.1
28637,5459.4
28638,18440.9
28639,19603.5
28640,18828.4
28641,16503.4
28642,14953.4
28643,12047
28644,10497
28645,9334.5
28646,8171.9
28647,9334.5
28648,10884.5
28649,14372.1
28650,16890.9
28651,16115.9
28652,14759.6
28653,12047
28654,10497
28655,5846.9
28656,1778
28657,1002.2
28658,421.5
28659,421.5
28660,1001.9
28661,5451.4
28662,18413.3
28663,19574
28664,18800.2
28665,16478.7
28666,14931
28667,12029.1
28668,10481.4
28669,9320.6
28670,8159.9
28671,9320.6
28672,10868.3
28673,14350.6
28674,16865.6
28675,16091.8
28676,14737.5
28677,12029.1
28678,10481.4
28679,5838.4
28680,1775.7
28681,1001.1
28682,421.2
28683,421.2
28684,1000.7
28685,5443.4
28686,18385.1
28687,19544.1
28688,18771.4
28689,16453.5
28690,14908.2
28691,12010.8
28692,10465.5
28693,9306.6
28694,8147.6
28695,9306.6
28696,10851.8
28697,14328.7
28698,16839.8
28699,16067.2
28700,14715.1
28701,12010.8
28702,10465.5
28703,5829.7
28704,1773.3
28705,999.8
28706,420.9
28707,420.9
28708,999.5
28709,5435.1
28710,18356.4
28711,19513.6
28712,18742.1
28713,16427.9
28714,14885
28715,11992.2
28716,10449.4
28717,9292.2
28718,8135.1
28719,9292.2
28720,10835.1
28721,14306.5
28722,16813.6
28723,16042.2
28724,14692.2
28725,11992.2
28726,10449.4
28727,5820.8
28728,1770.9
28729,998.6
28730,420.6
28731,420.6
28732,998.2
28733,5426.7
28734,18327.3
28735,19482.5
28736,18712.4
28737,16401.8
28738,14861.4
28739,11973.3
28740,10432.9
28741,9277.6
28742,8122.4
28743,9277.6
28744,10818
28745,14283.8
28746,16786.9
28747,16016.7
28748,14668.9
28749,11973.3
28750,10432.9
28751,5811.8
28752,1768.4
28753,997.3
28754,420.3
28755,420.3
28756,997
28757,5418.2
28758,18297.6
28759,19451
28760,18682.1
28761,16375.3
28762,14837.5
28763,11954
28764,10416.2
28765,9262.8
28766,8109.4
28767,9262.8
28768,10800.6
28769,14260.8
28770,16759.8
28771,15990.8
28772,14645.2
28773,11954
28774,10416.2
28775,5802.7
28776,1765.8
28777,996.1
28778,419.9
28779,419.9
28780,995.7
28781,5409.6
28782,18267.5
28783,19418.9
28784,18651.3
28785,16348.4
28786,14813.1
28787,11934.5
28788,10399.2
28789,9247.7
28790,8096.3
28791,9247.7
28792,10783
28793,14237.4
28794,16732.2
28795,15964.5
28796,14621.2
28797,11934.5
28798,10399.2
28799,5793.4
28800,1763.3
28801,994.8
28802,419.6
28803,419.6
28804,994.4
28805,5400.8
28806,18236.8
28807,19386.3
28808,18620
28809,16321
28810,14788.3
28811,11914.6
28812,10381.9
28813,9232.4
28814,8082.9
28815,9232.4
28816,10765.1
28817,14213.6
28818,16704.2
28819,15937.8
28820,14596.7
28821,11914.6
28822,10381.9
28823,5783.9
28824,1760.7
28825,993.5
28826,419.3
28827,419.3
28828,993
28829,5391.8
28830,18205.8
28831,19353.3
28832,18588.3
28833,16293.2
28834,14763.2
28835,11894.4
28836,10364.4
28837,9216.9
28838,8069.4
28839,9216.9
28840,10746.9
28841,14189.4
28842,16675.7
28843,15910.7
28844,14572
28845,11894.4
28846,10364.4
28847,5774.3
28848,1758
28849,992.1
28850,419
28851,418.9
28852,991.7
28853,5382.8
28854,18174.2
28855,19319.7
28856,18556.1
28857,16265
28858,14737.7
28859,11874
28860,10346.6
28861,9201.1
28862,8055.6
28863,9201.1
28864,10728.4
28865,14165
28866,16646.9
28867,15883.2
28868,14546.8
28869,11874
28870,10346.6
28871,5764.6
28872,1755.3
28873,990.8
28874,418.6
28875,418.6
28876,990.3
28877,5373.6
28878,18142.2
28879,19285.7
28880,18523.4
28881,16236.5
28882,14711.9
28883,11853.2
28884,10328.6
28885,9185.1
28886,8041.7
28887,9185.1
28888,10709.7
28889,14140.1
28890,16617.6
28891,15855.3
28892,14521.3
28893,11853.2
28894,10328.6
28895,5754.7
28896,1752.6
28897,989.4
28898,418.3
28899,418.3
28900,989
28901,5364.3
28902,18109.8
28903,19251.2
28904,18490.3
28905,16207.5
28906,14685.6
28907,11832.2
28908,10310.3
28909,9168.9
28910,8027.5
28911,9168.9
28912,10690.8
28913,14115
28914,16588
28915,15827
28916,14495.4
28917,11832.2
28918,10310.3
28919,5744.7
28920,1749.9
28921,988
28922,417.9
28923,417.9
28924,987.6
28925,5354.9
28926,18077
28927,19216.3
28928,18456.8
28929,16178.2
28930,14659.1
28931,11810.9
28932,10291.8
28933,9152.5
28934,8013.2
28935,9152.5
28936,10671.6
28937,14089.5
28938,16557.9
28939,15798.4
28940,14469.2
28941,11810.9
28942,10291.8
28943,5734.6
28944,1747.1
28945,986.6
28946,417.6
28947,417.6
28948,986.2
28949,5345.3
28950,18043.7
28951,19180.9
28952,18422.8
28953,16148.4
28954,14632.2
28955,11789.3
28956,10273
28957,9135.9
28958,7998.7
28959,9135.9
28960,10652.1
28961,14063.6
28962,16527.5
28963,15769.4
28964,14442.7
28965,11789.3
28966,10273
28967,5724.3
28968,1744.2
28969,985.2
28970,417.2
28971,417.2
28972,984.7
28973,5335.6
28974,18010.1
28975,19145.1
28976,18388.4
28977,16118.4
28978,14605
28979,11767.4
28980,10254.1
28981,9119
28982,7984
28983,9119
28984,10632.4
28985,14037.5
28986,16496.7
28987,15740
28988,14415.8
28989,11767.4
28990,10254.1
28991,5714
28992,1741.4
28993,983.7
28994,416.8
28995,416.8
28996,983.3
28997,5325.9
28998,17976
28999,19108.9
29000,18353.6
29001,16087.9
29002,14577.5
29003,11745.3
29004,10234.9
29005,9102
29006,7969.2
29007,9102
29008,10612.5
29009,14011
29010,16465.6
29011,15710.3
29012,14388.7
29013,11745.3
29014,10234.9
29015,5703.5
29016,1738.5
29017,982.3
29018,416.5
29019,416.5
29020,981.8
29021,5316
29022,17941.6
29023,19072.2
29024,18318.5
29025,16057.2
29026,14549.6
29027,11723
29028,10215.4
29029,9084.8
29030,7954.1
29031,9084.8
29032,10592.3
29033,13984.3
29034,16434
29035,15680.3
29036,14361.2
29037,11723
29038,10215.4
29039,5692.8
29040,1735.5
29041,980.8
29042,416.1
29043,416.1
29044,980.3
29045,5306
29046,17906.8
29047,19035.2
29048,18282.9
29049,16026
29050,14521.5
29051,11700.4
29052,10195.8
29053,9067.4
29054,7939
29055,9067.4
29056,10572
29057,13957.3
29058,16402.2
29059,15649.9
29060,14333.4
29061,11700.4
29062,10195.8
29063,5682.1
29064,1732.6
29065,979.3
29066,415.7
29067,415.7
29068,978.8
29069,5295.9
29070,17871.6
29071,18997.8
29072,18247
29073,15994.6
29074,14493
29075,11677.6
29076,10176
29077,9049.8
29078,7923.6
29079,9049.8
29080,10551.4
29081,13929.9
29082,16370
29083,15619.2
29084,14305.3
29085,11677.6
29086,10176
29087,5671.2
29088,1729.6
29089,977.8
29090,415.4
29091,415.3
29092,977.3
29093,5285.6
29094,17836.1
29095,18960
29096,18210.7
29097,15962.9
29098,14464.3
29099,11654.5
29100,10155.9
29101,9032
29102,7908.1
29103,9032
29104,10530.6
29105,13902.3
29106,16337.5
29107,15588.2
29108,14277
29109,11654.5
29110,10155.9
29111,5660.3
29112,1726.6
29113,976.3
29114,415
29115,415
29116,975.8
29117,5275.3
29118,17800.2
29119,18921.8
29120,18174.1
29121,15930.8
29122,14435.3
29123,11631.2
29124,10135.7
29125,9014.1
29126,7892.5
29127,9014.1
29128,10509.6
29129,13874.5
29130,16304.7
29131,15556.9
29132,14248.4
29133,11631.2
29134,10135.7
29135,5649.2
29136,1723.5
29137,974.7
29138,414.6
29139,414.6
29140,974.3
29141,5264.9
29142,17764
29143,18883.3
29144,18137.1
29145,15898.4
29146,14406
29147,11607.7
29148,10115.3
29149,8996
29150,7876.7
29151,8996
29152,10488.4
29153,13846.4
29154,16271.5
29155,15525.3
29156,14219.5
29157,11607.7
29158,10115.3
29159,5638
29160,1720.4
29161,973.2
29162,414.2
29163,414.2
29164,972.7
29165,5254.4
29166,17727.4
29167,18844.4
29168,18099.8
29169,15865.8
29170,14376.5
29171,11584
29172,10094.7
29173,8977.7
29174,7860.7
29175,8977.7
29176,10467
29177,13818
29178,16238.1
29179,15493.5
29180,14190.3
29181,11584
29182,10094.7
29183,5626.8
29184,1717.3
29185,971.6
29186,413.8
29187,413.8
29188,971.1
29189,5243.9
29190,17690.6
29191,18805.2
29192,18062.1
29193,15832.9
29194,14346.7
29195,11560.1
29196,10073.9
29197,8959.3
29198,7844.7
29199,8959.3
29200,10445.5
29201,13789.4
29202,16204.4
29203,15461.3
29204,14160.9
29205,11560.1
29206,10073.9
29207,5615.4
29208,1714.2
29209,970
29210,413.4
29211,413.4
29212,969.6
29213,5233.2
29214,17653.4
29215,18765.7
29216,18024.2
29217,15799.7
29218,14316.6
29219,11536
29220,10053
29221,8940.7
29222,7828.5
29223,8940.7
29224,10423.7
29225,13760.5
29226,16170.4
29227,15428.9
29228,14131.3
29229,11536
29230,10053
29231,5603.9
29232,1711
29233,968.5
29234,413
29235,413
29236,968
29237,5222.4
29238,17616
29239,18725.9
29240,17986
29241,15766.2
29242,14286.4
29243,11511.7
29244,10031.9
29245,8922
29246,7812.1
29247,8922
29248,10401.8
29249,13731.4
29250,16136.2
29251,15396.3
29252,14101.4
29253,11511.7
29254,10031.9
29255,5592.4
29256,1707.8
29257,966.9
29258,412.6
29259,412.6
29260,966.4
29261,5211.6
29262,17578.3
29263,18685.7
29264,17947.4
29265,15732.5
29266,14255.9
29267,11487.2
29268,10010.6
29269,8903.1
29270,7795.7
29271,8903.1
29272,10379.8
29273,13702.2
29274,16101.7
29275,15363.3
29276,14071.3
29277,11487.2
29278,10010.6
29279,5580.8
29280,1704.6
29281,965.2
29282,412.2
29283,412.2
29284,964.7
29285,5200.7
29286,17540.3
29287,18645.3
29288,17908.6
29289,15698.6
29290,14225.2
29291,11462.6
29292,9989.2
29293,8884.2
29294,7779.1
29295,8884.2
29296,10357.5
29297,13672.7
29298,16066.9
29299,15330.2
29300,14041
29301,11462.6
29302,9989.2
29303,5569
29304,1701.4
29305,963.6
29306,411.8
29307,411.8
29308,963.1
29309,5189.7
29310,17502.1
29311,18604.7
29312,17869.6
29313,15664.4
29314,14194.3
29315,11437.8
29316,9967.6
29317,8865
29318,7762.4
29319,8865
29320,10335.2
29321,13643
29322,16031.9
29323,15296.9
29324,14010.5
29325,11437.8
29326,9967.6
29327,5557.2
29328,1698.1
29329,962
29330,411.4
29331,411.4
29332,961.5
29333,5178.7
29334,17463.6
29335,18563.7
29336,17830.3
29337,15630
29338,14163.1
29339,11412.8
29340,9945.9
29341,8845.8
29342,7745.6
29343,8845.8
29344,10312.6
29345,13613.1
29346,15996.7
29347,15263.3
29348,13979.8
29349,11412.8
29350,9945.9
29351,5545.4
29352,1694.9
29353,960.3
29354,411
29355,411
29356,959.8
29357,5167.5
29358,17424.8
29359,18522.5
29360,17790.7
29361,15595.4
29362,14131.8
29363,11387.7
29364,9924.1
29365,8826.4
29366,7728.8
29367,8826.4
29368,10290
29369,13583
29370,15961.3
29371,15229.5
29372,13948.9
29373,11387.7
29374,9924.1
29375,5533.4
29376,1691.6
29377,958.7
29378,410.6
29379,410.6
29380,958.2
29381,5156.3
29382,17385.9
29383,18481.1
29384,17751
29385,15560.6
29386,14100.3
29387,11362.4
29388,9902.1
29389,8807
29390,7711.8
29391,8807
29392,10267.2
29393,13552.8
29394,15925.7
29395,15195.5
29396,13917.8
29397,11362.4
29398,9902.1
29399,5521.4
29400,1688.3
29401,957
29402,410.2
29403,410.1
29404,956.5
29405,5145.1
29406,17346.7
29407,18439.4
29408,17711
29409,15525.6
29410,14068.7
29411,11337
29412,9880.1
29413,8787.4
29414,7694.7
29415,8787.4
29416,10244.3
29417,13522.3
29418,15889.8
29419,15161.4
29420,13886.6
29421,11337
29422,9880.1
29423,5509.3
29424,1684.9
29425,955.3
29426,409.7
29427,409.7
29428,954.8
29429,5133.8
29430,17307.4
29431,18397.6
29432,17670.8
29433,15490.4
29434,14036.9
29435,11311.4
29436,9857.9
29437,8767.7
29438,7677.5
29439,8767.7
29440,10221.3
29441,13491.8
29442,15853.8
29443,15127
29444,13855.2
29445,11311.4
29446,9857.9
29447,5497.2
29448,1681.6
29449,953.7
29450,409.3
29451,409.3
29452,953.1
29453,5122.4
29454,17267.9
29455,18355.5
29456,17630.4
29457,15455.1
29458,14004.9
29459,11285.8
29460,9835.6
29461,8747.9
29462,7660.3
29463,8747.9
29464,10198.1
29465,13461.1
29466,15817.7
29467,15092.6
29468,13823.6
29469,11285.8
29470,9835.6
29471,5485
29472,1678.2
29473,952
29474,408.9
29475,408.9
29476,951.5
29477,5111
29478,17228.1
29479,18313.3
29480,17589.8
29481,15419.6
29482,13972.8
29483,11260
29484,9813.2
29485,8728.1
29486,7643
29487,8728.1
29488,10174.9
29489,13430.2
29490,15781.3
29491,15057.9
29492,13791.9
29493,11260
29494,9813.2
29495,5472.7
29496,1674.8
29497,950.3
29498,408.5
29499,408.5
29500,949.8
29501,5099.6
29502,17188.3
29503,18270.8
29504,17549.1
29505,15384
29506,13940.6
29507,11234.1
29508,9790.7
29509,8708.1
29510,7625.6
29511,8708.1
29512,10151.6
29513,13399.3
29514,15744.8
29515,15023.1
29516,13760.1
29517,11234.1
29518,9790.7
29519,5460.4
29520,1671.4
29521,948.6
29522,408
29523,408
29524,948.1
29525,5088.1
29526,17148.2
29527,18228.2
29528,17508.2
29529,15348.2
29530,13908.2
29531,11208.1
29532,9768.1
29533,8688.1
29534,7608.1
29535,8688.1
29536,10128.1
29537,13368.2
29538,15708.2
29539,14988.2
29540,13728.2
29541,11208.1
29542,9768.1
29543,5448.1
29544,1668
29545,946.9
29546,407.6
29547,407.6
29548,946.3
29549,5076.5
29550,17108.1
29551,18185.5
29552,17467.2
29553,15312.3
29554,13875.7
29555,11182.1
29556,9745.5
29557,8668
29558,7590.6
29559,8668
29560,10104.6
29561,13337
29562,15671.5
29563,14953.2
29564,13696.1
29565,11182.1
29566,9745.5
29567,5435.7
29568,1664.6
29569,945.2
29570,407.2
29571,407.2
29572,944.6
29573,5065
29574,17067.8
29575,18142.6
29576,17426
29577,15276.3
29578,13843.1
29579,11155.9
29580,9722.8
29581,8647.9
29582,7573
29583,8647.9
29584,10081
29585,13305.7
29586,15634.6
29587,14918
29588,13664
29589,11155.9
29590,9722.8
29591,5423.2
29592,1661.2
29593,943.4
29594,406.8
29595,406.7
29596,942.9
29597,5053.4
29598,17027.3
29599,18099.6
29600,17384.8
29601,15240.2
29602,13810.4
29603,11129.7
29604,9700
29605,8627.7
29606,7555.4
29607,8627.7
29608,10057.4
29609,13274.3
29610,15597.6
29611,14882.7
29612,13631.7
29613,11129.7
29614,9700
29615,5410.8
29616,1657.7
29617,941.7
29618,406.3
29619,406.3
29620,941.2
29621,5041.7
29622,16986.8
29623,18056.5
29624,17343.4
29625,15204
29626,13777.7
29627,11103.4
29628,9677.1
29629,8607.4
29630,7537.7
29631,8607.4
29632,10033.7
29633,13242.8
29634,15560.5
29635,14847.4
29636,13599.4
29637,11103.4
29638,9677.1
29639,5398.3
29640,1654.3
29641,940
29642,405.9
29643,405.9
29644,939.5
29645,5030.1
29646,16946.2
29647,18013.3
29648,17301.9
29649,15167.7
29650,13744.8
29651,11077
29652,9654.2
29653,8587.1
29654,7520
29655,8587.1
29656,10009.9
29657,13211.3
29658,15523.4
29659,14812
29660,13567
29661,11077
29662,9654.2
29663,5385.7
29664,1650.8
29665,938.3
29666,405.5
29667,405.5
29668,937.7
29669,5018.4
29670,16905.5
29671,17970
29672,17260.3
29673,15131.3
29674,13711.9
29675,11050.6
29676,9631.3
29677,8566.8
29678,7502.2
29679,8566.8
29680,9986.1
29681,13179.7
29682,15486.1
29683,14776.5
29684,13534.5
29685,11050.6
29686,9631.3
29687,5373.2
29688,1647.4
29689,936.5
29690,405
29691,405
29692,936
29693,5006.7
29694,16864.7
29695,17926.7
29696,17218.7
29697,15094.9
29698,13679
29699,11024.2
29700,9608.3
29701,8546.4
29702,7484.5
29703,8546.4
29704,9962.3
29705,13148
29706,15448.8
29707,14740.9
29708,13502
29709,11024.2
29710,9608.3
29711,5360.6
29712,1643.9
29713,934.8
29714,404.6
29715,404.6
29716,934.3
29717,4994.9
29718,16823.9
29719,17883.2
29720,17177
29721,15058.4
29722,13646
29723,10997.7
29724,9585.3
29725,8526
29726,7466.7
29727,8526
29728,9938.4
29729,13116.3
29730,15411.5
29731,14705.3
29732,13469.4
29733,10997.7
29734,9585.3
29735,5348
29736,1640.4
29737,933.1
29738,404.2
29739,404.1
29740,932.5
29741,4983.2
29742,16783.1
29743,17839.8
29744,17135.3
29745,15021.9
29746,13612.9
29747,10971.2
29748,9562.2
29749,8505.5
29750,7448.8
29751,8505.5
29752,9914.5
29753,13084.6
29754,15374.1
29755,14669.6
29756,13436.8
29757,10971.2
29758,9562.2
29759,5335.4
29760,1636.9
29761,931.3
29762,403.7
29763,403.7
29764,930.8
29765,4971.4
29766,16742.2
29767,17796.3
29768,17093.5
29769,14985.3
29770,13579.9
29771,10944.6
29772,9539.2
29773,8485.1
29774,7431
29775,8485.1
29776,9890.5
29777,13052.8
29778,15336.7
29779,14634
29780,13404.2
29781,10944.6
29782,9539.2
29783,5322.8
29784,1633.5
29785,929.6
29786,403.3
29787,403.3
29788,929
29789,4959.7
29790,16701.2
29791,17752.7
29792,17051.7
29793,14948.8
29794,13546.8
29795,10918.1
29796,9516.1
29797,8464.6
29798,7413.1
29799,8464.6
29800,9866.6
29801,13021.1
29802,15299.3
29803,14598.3
29804,13371.5
29805,10918.1
29806,9516.1
29807,5310.2
29808,1630
29809,927.8
29810,402.9
29811,402.8
29812,927.3
29813,4947.9
29814,16660.3
29815,17709.2
29816,17009.9
29817,14912.2
29818,13513.7
29819,10891.5
29820,9493
29821,8444.2
29822,7395.3
29823,8444.2
29824,9842.7
29825,12989.3
29826,15261.8
29827,14562.6
29828,13338.9
29829,10891.5
29830,9493
29831,5297.6
29832,1626.5
29833,926.1
29834,402.4
29835,402.4
29836,925.6
29837,4936.2
29838,16619.4
29839,17665.7
29840,16968.2
29841,14875.6
29842,13480.6
29843,10865
29844,9470
29845,8423.7
29846,7377.4
29847,8423.7
29848,9818.7
29849,12957.5
29850,15224.4
29851,14526.9
29852,13306.2
29853,10865
29854,9470
29855,5284.9
29856,1623
29857,924.4
29858,402
29859,402
29860,923.8
29861,4924.4
29862,16578.5
29863,17622.1
29864,16926.4
29865,14839.1
29866,13447.5
29867,10838.4
29868,9446.9
29869,8403.3
29870,7359.6
29871,8403.3
29872,9794.8
29873,12925.7
29874,15187
29875,14491.2
29876,13273.6
29877,10838.4
29878,9446.9
29879,5272.3
29880,1619.5
29881,922.6
29882,401.6
29883,401.5
29884,922.1
29885,4912.7
29886,16537.6
29887,17578.7
29888,16884.6
29889,14802.6
29890,13414.5
29891,10811.9
29892,9423.9
29893,8382.8
29894,7341.8
29895,8382.8
29896,9770.9
29897,12894
29898,15149.6
29899,14455.5
29900,13241
29901,10811.9
29902,9423.9
29903,5259.7
29904,1616.1
29905,920.9
29906,401.1
29907,401.1
29908,920.3
29909,4901
29910,16496.8
29911,17535.2
29912,16842.9
29913,14766.1
29914,13381.5
29915,10785.4
29916,9400.8
29917,8362.4
29918,7324
29919,8362.4
29920,9747
29921,12862.3
29922,15112.2
29923,14419.9
29924,13208.4
29925,10785.4
29926,9400.8
29927,5247.1
29928,1612.6
29929,919.1
29930,400.7
29931,400.7
29932,918.6
29933,4889.3
29934,16456
29935,17491.8
29936,16801.3
29937,14729.6
29938,13348.5
29939,10758.9
29940,9377.8
29941,8342
29942,7306.2
29943,8342
29944,9723.1
29945,12830.6
29946,15074.9
29947,14384.3
29948,13175.9
29949,10758.9
29950,9377.8
29951,5234.5
29952,1609.1
29953,917.4
29954,400.3
29955,400.2
29956,916.9
29957,4877.6
29958,16415.3
29959,17448.5
29960,16759.7
29961,14693.2
29962,13315.6
29963,10732.5
29964,9354.9
29965,8321.6
29966,7288.4
29967,8321.6
29968,9699.3
29969,12799
29970,15037.6
29971,14348.8
29972,13143.4
29973,10732.5
29974,9354.9
29975,5222
29976,1605.6
29977,915.7
29978,399.8
29979,399.8
29980,915.1
29981,4865.9
29982,16374.6
29983,17405.3
29984,16718.2
29985,14656.9
29986,13282.7
29987,10706.1
29988,9332
29989,8301.3
29990,7270.7
29991,8301.3
29992,9675.5
29993,12767.4
29994,15000.5
29995,14313.4
29996,13111
29997,10706.1
29998,9332
29999,5209.4
30000,1602.2
30001,913.9
30002,399.4
30003,399.4
30004,913.4
30005,4854.2
30006,16334.1
30007,17362.1
30008,16676.8
30009,14620.7
30010,13249.9
30011,10679.8
30012,9309.1
30013,8281
30014,7253
30015,8281
30016,9651.8
30017,12735.9
30018,14963.4
30019,14278
30020,13078.6
30021,10679.8
30022,9309.1
30023,5196.9
30024,1598.7
30025,912.2
30026,399
30027,398.9
30028,911.7
30029,4842.6
30030,16293.6
30031,17319.1
30032,16635.5
30033,14584.5
30034,13217.2
30035,10653.6
30036,9286.3
30037,8260.8
30038,7235.4
30039,8260.8
30040,9628.1
30041,12704.5
30042,14926.3
30043,14242.7
30044,13046.3
30045,10653.6
30046,9286.3
30047,5184.4
30048,1595.3
30049,910.5
30050,398.5
30051,398.5
30052,910
30053,4831
30054,16253.3
30055,17276.2
30056,16594.3
30057,14548.5
30058,13184.6
30059,10627.4
30060,9263.5
30061,8240.7
30062,7217.8
30063,8240.7
30064,9604.5
30065,12673.2
30066,14889.4
30067,14207.5
30068,13014.1
30069,10627.4
30070,9263.5
30071,5172
30072,1591.9
30073,908.8
30074,398.1
30075,398.1
30076,908.3
30077,4819.5
30078,16213.1
30079,17233.4
30080,16553.2
30081,14512.5
30082,13152.1
30083,10601.3
30084,9240.9
30085,8220.5
30086,7200.2
30087,8220.5
30088,9581
30089,12641.9
30090,14852.6
30091,14172.4
30092,12982
30093,10601.3
30094,9240.9
30095,5159.6
30096,1588.4
30097,907.1
30098,397.7
30099,397.7
30100,906.6
30101,4808
30102,16173
30103,17190.8
30104,16512.3
30105,14476.7
30106,13119.7
30107,10575.3
30108,9218.3
30109,8200.5
30110,7182.7
30111,8200.5
30112,9557.5
30113,12610.8
30114,14816
30115,14137.5
30116,12950.1
30117,10575.3
30118,9218.3
30119,5147.2
30120,1585
30121,905.4
30122,397.2
30123,397.2
30124,904.9
30125,4796.5
30126,16133.1
30127,17148.3
30128,16471.5
30129,14441
30130,13087.4
30131,10549.4
30132,9195.8
30133,8180.5
30134,7165.3
30135,8180.5
30136,9534.2
30137,12579.8
30138,14779.4
30139,14102.6
30140,12918.2
30141,10549.4
30142,9195.8
30143,5134.9
30144,1581.6
30145,903.7
30146,396.8
30147,396.8
30148,903.2
30149,4785.1
30150,16093.3
30151,17106
30152,16430.9
30153,14405.5
30154,13055.3
30155,10523.6
30156,9173.3
30157,8160.7
30158,7148
30159,8160.7
30160,9510.9
30161,12548.9
30162,14743.1
30163,14067.9
30164,12886.5
30165,10523.6
30166,9173.3
30167,5122.6
30168,1578.2
30169,902
30170,396.4
30171,396.4
30172,901.5
30173,4773.7
30174,16053.7
30175,17063.8
30176,16390.4
30177,14370.1
30178,13023.2
30179,10497.9
30180,9151
30181,8140.9
30182,7130.7
30183,8140.9
30184,9487.7
30185,12518.2
30186,14706.8
30187,14033.4
30188,12854.9
30189,10497.9
30190,9151
30191,5110.4
30192,1574.9
30193,900.3
30194,396
30195,396
30196,899.8
30197,4762.4
30198,16014.3
30199,17021.9
30200,16350.2
30201,14334.9
30202,12991.4
30203,10472.3
30204,9128.8
30205,8121.1
30206,7113.5
30207,8121.1
30208,9464.7
30209,12487.6
30210,14670.8
30211,13999
30212,12823.4
30213,10472.3
30214,9128.8
30215,5098.2
30216,1571.5
30217,898.6
30218,395.6
30219,395.6
30220,898.1
30221,4751.1
30222,15975.1
30223,16980.2
30224,16310.1
30225,14299.8
30226,12959.7
30227,10446.8
30228,9106.7
30229,8101.5
30230,7096.4
30231,8101.5
30232,9441.7
30233,12457.1
30234,14634.9
30235,13964.8
30236,12792.1
30237,10446.8
30238,9106.7
30239,5086.1
30240,1568.2
30241,897
30242,395.2
30243,395.1
30244,896.5
30245,4739.9
30246,15936.1
30247,16938.7
30248,16270.3
30249,14265
30250,12928.1
30251,10421.5
30252,9084.7
30253,8082
30254,7079.4
30255,8082
30256,9418.9
30257,12426.8
30258,14599.2
30259,13930.8
30260,12761
30261,10421.5
30262,9084.7
30263,5074.1
30264,1564.9
30265,895.3
30266,394.7
30267,394.7
30268,894.8
30269,4728.8
30270,15897.3
30271,16897.4
30272,16230.6
30273,14230.3
30274,12896.8
30275,10396.3
30276,9062.8
30277,8062.6
30278,7062.5
30279,8062.6
30280,9396.2
30281,12396.7
30282,14563.7
30283,13896.9
30284,12730.1
30285,10396.3
30286,9062.8
30287,5062.1
30288,1561.6
30289,893.7
30290,394.3
30291,394.3
30292,893.2
30293,4717.7
30294,15858.7
30295,16856.4
30296,16191.3
30297,14195.9
30298,12865.6
30299,10371.3
30300,9041.1
30301,8043.4
30302,7045.6
30303,8043.4
30304,9373.6
30305,12366.7
30306,14528.4
30307,13863.3
30308,12699.3
30309,10371.3
30310,9041.1
30311,5050.2
30312,1558.3
30313,892.1
30314,393.9
30315,393.9
30316,891.6
30317,4706.7
30318,15820.4
30319,16815.6
30320,16152.1
30321,14161.6
30322,12834.6
30323,10346.5
30324,9019.4
30325,8024.2
30326,7028.9
30327,8024.2
30328,9351.2
30329,12337
30330,14493.4
30331,13829.9
30332,12668.7
30333,10346.5
30334,9019.4
30335,5038.4
30336,1555
30337,890.4
30338,393.5
30339,393.5
30340,889.9
30341,4695.7
30342,15782.3
30343,16775.1
30344,16113.2
30345,14127.6
30346,12803.8
30347,10321.8
30348,8998
30349,8005.2
30350,7012.3
30351,8005.2
30352,9328.9
30353,12307.4
30354,14458.5
30355,13796.6
30356,12638.3
30357,10321.8
30358,8998
30359,5026.7
30360,1551.8
30361,888.8
30362,393.1
30363,393.1
30364,888.3
30365,4684.9
30366,15744.5
30367,16734.9
30368,16074.6
30369,14093.8
30370,12773.3
30371,10297.2
30372,8976.7
30373,7986.3
30374,6995.8
30375,7986.3
30376,9306.8
30377,12278
30378,14423.9
30379,13763.7
30380,12608.2
30381,10297.2
30382,8976.7
30383,5015
30384,1548.6
30385,887.2
30386,392.7
30387,392.7
30388,886.7
30389,4674.1
30390,15707
30391,16695
30392,16036.3
30393,14060.3
30394,12742.9
30395,10272.9
30396,8955.5
30397,7967.5
30398,6979.5
30399,7967.5
30400,9284.8
30401,12248.9
30402,14389.6
30403,13730.9
30404,12578.2
30405,10272.9
30406,8955.5
30407,5003.4
30408,1545.4
30409,885.6
30410,392.3
30411,392.3
30412,885.1
30413,4663.4
30414,15669.7
30415,16655.4
30416,15998.3
30417,14027
30418,12712.8
30419,10248.7
30420,8934.5
30421,7948.9
30422,6963.2
30423,7948.9
30424,9263.1
30425,12220
30426,14355.5
30427,13698.4
30428,12548.5
30429,10248.7
30430,8934.5
30431,4991.9
30432,1542.2
30433,884
30434,391.9
30435,391.9
30436,883.6
30437,4652.8
30438,15632.8
30439,16616.1
30440,15960.5
30441,13994
30442,12682.9
30443,10224.7
30444,8913.7
30445,7930.4
30446,6947.1
30447,7930.4
30448,9241.4
30449,12191.3
30450,14321.7
30451,13666.2
30452,12519
30453,10224.7
30454,8913.7
30455,4980.5
30456,1539.1
30457,882.5
30458,391.5
30459,391.5
30460,882
30461,4642.3
30462,15596.1
30463,16577.1
30464,15923.1
30465,13961.2
30466,12653.3
30467,10200.9
30468,8893
30469,7912.1
30470,6931.1
30471,7912.1
30472,9220
30473,12162.8
30474,14288.2
30475,13634.3
30476,12489.8
30477,10200.9
30478,8893
30479,4969.2
30480,1535.9
30481,880.9
30482,391.1
30483,391.1
30484,880.5
30485,4631.8
30486,15559.8
30487,16538.5
30488,15886
30489,13928.8
30490,12623.9
30491,10177.4
30492,8872.5
30493,7893.9
30494,6915.3
30495,7893.9
30496,9198.8
30497,12134.6
30498,14255
30499,13602.6
30500,12460.8
30501,10177.4
30502,8872.5
30503,4958
30504,1532.8
30505,879.4
30506,390.8
30507,390.8
30508,878.9
30509,4621.5
30510,15523.8
30511,16500.2
30512,15849.3
30513,13896.6
30514,12594.8
30515,10154
30516,8852.3
30517,7875.9
30518,6899.6
30519,7875.9
30520,9177.7
30521,12106.7
30522,14222.1
30523,13571.2
30524,12432.1
30525,10154
30526,8852.3
30527,4946.9
30528,1529.8
30529,877.9
30530,390.4
30531,390.4
30532,877.4
30533,4611.3
30534,15488.2
30535,16462.2
30536,15812.9
30537,13864.8
30538,12566
30539,10130.9
30540,8832.2
30541,7858.1
30542,6884
30543,7858.1
30544,9156.8
30545,12079
30546,14189.5
30547,13540.1
30548,12403.7
30549,10130.9
30550,8832.2
30551,4935.9
30552,1526.7
30553,876.4
30554,390
30555,390
30556,875.9
30557,4601.1
30558,15452.9
30559,16424.7
30560,15776.8
30561,13833.2
30562,12537.5
30563,10108
30564,8812.3
30565,7840.5
30566,6868.7
30567,7840.5
30568,9136.2
30569,12051.6
30570,14157.2
30571,13509.3
30572,12375.5
30573,10108
30574,8812.3
30575,4925
30576,1523.7
30577,874.9
30578,389.6
30579,389.6
30580,874.4
30581,4591.1
30582,15418
30583,16387.5
30584,15741.2
30585,13802
30586,12509.2
30587,10085.3
30588,8792.6
30589,7823
30590,6853.4
30591,7823
30592,9115.7
30593,12024.5
30594,14125.2
30595,13478.8
30596,12347.6
30597,10085.3
30598,8792.6
30599,4914.3
30600,1520.8
30601,873.4
30602,389.3
30603,389.3
30604,873
30605,4581.2
30606,15383.4
30607,16350.8
30608,15705.9
30609,13771.1
30610,12481.3
30611,10062.9
30612,8773.1
30613,7805.7
30614,6838.3
30615,7805.7
30616,9095.5
30617,11997.6
30618,14093.6
30619,13448.7
30620,12320.1
30621,10062.9
30622,8773.1
30623,4903.6
30624,1517.8
30625,871.9
30626,388.9
30627,388.9
30628,871.5
30629,4571.3
30630,15349.2
30631,16314.4
30632,15670.9
30633,13740.6
30634,12453.7
30635,10040.7
30636,8753.8
30637,7788.6
30638,6823.4
30639,7788.6
30640,9075.5
30641,11971.1
30642,14062.3
30643,13418.8
30644,12292.8
30645,10040.7
30646,8753.8
30647,4893.1
30648,1514.9
30649,870.5
30650,388.5
30651,388.5
30652,870.1
30653,4561.6
30654,15315.4
30655,16278.5
30656,15636.4
30657,13710.4
30658,12426.3
30659,10018.8
30660,8734.7
30661,7771.7
30662,6808.7
30663,7771.7
30664,9055.8
30665,11944.8
30666,14031.4
30667,13389.4
30668,12265.8
30669,10018.8
30670,8734.7
30671,4882.6
30672,1512
30673,869.1
30674,388.2
30675,388.2
30676,868.6
30677,4552
30678,15282
30679,16242.9
30680,15602.3
30681,13680.5
30682,12399.4
30683,9997.1
30684,8715.9
30685,7755
30686,6794.1
30687,7755
30688,9036.2
30689,11918.9
30690,14000.8
30691,13360.3
30692,12239.2
30693,9997.1
30694,8715.9
30695,4872.3
30696,1509.2
30697,867.7
30698,387.8
30699,387.8
30700,867.2
30701,4542.6
30702,15249.1
30703,16207.9
30704,15568.7
30705,13651.1
30706,12372.7
30707,9975.7
30708,8697.3
30709,7738.5
30710,6779.7
30711,7738.5
30712,9016.9
30713,11893.3
30714,13970.7
30715,13331.5
30716,12212.9
30717,9975.7
30718,8697.3
30719,4862.2
30720,1506.4
30721,866.3
30722,387.5
30723,387.5
30724,865.9
30725,4533.2
30726,15216.5
30727,16173.2
30728,15535.4
30729,13622
30730,12346.4
30731,9954.6
30732,8679
30733,7722.3
30734,6765.6
30735,7722.3
30736,8997.9
30737,11868
30738,13940.9
30739,13303.1
30740,12186.9
30741,9954.6
30742,8679
30743,4852.1
30744,1503.6
30745,864.9
30746,387.1
30747,387.1
30748,864.5
30749,4524
30750,15184.4
30751,16139.1
30752,15502.6
30753,13593.3
30754,12320.4
30755,9933.8
30756,8660.9
30757,7706.2
30758,6751.5
30759,7706.2
30760,8979.1
30761,11843.1
30762,13911.5
30763,13275.1
30764,12161.3
30765,9933.8
30766,8660.9
30767,4842.2
30768,1500.9
30769,863.5
30770,386.8
30771,386.8
30772,863.1
30773,4514.9
30774,15152.7
30775,16105.4
30776,15470.3
30777,13565
30778,12294.8
30779,9913.2
30780,8643
30781,7690.4
30782,6737.7
30783,7690.4
30784,8960.6
30785,11818.5
30786,13882.5
30787,13247.4
30788,12136
30789,9913.2
30790,8643
30791,4832.4
30792,1498.2
30793,862.2
30794,386.5
30795,386.5
30796,861.8
30797,4505.9
30798,15121.5
30799,16072.1
30800,15438.4
30801,13537.1
30802,12269.5
30803,9892.9
30804,8625.4
30805,7674.8
30806,6724.1
30807,7674.8
30808,8942.3
30809,11794.2
30810,13854
30811,13220.2
30812,12111.1
30813,9892.9
30814,8625.4
30815,4822.8
30816,1495.5
30817,860.9
30818,386.2
30819,386.1
30820,860.5
30821,4497.1
30822,15090.7
30823,16039.4
30824,15407
30825,13509.6
30826,12244.7
30827,9873
30828,8608.1
30829,7659.4
30830,6710.7
30831,7659.4
30832,8924.3
30833,11770.3
30834,13825.8
30835,13193.4
30836,12086.6
30837,9873
30838,8608.1
30839,4813.3
30840,1492.9
30841,859.6
30842,385.8
30843,385.8
30844,859.2
30845,4488.4
30846,15060.4
30847,16007.2
30848,15376
30849,13482.5
30850,12220.2
30851,9853.3
30852,8591
30853,7644.2
30854,6697.5
30855,7644.2
30856,8906.6
30857,11746.8
30858,13798.1
30859,13166.9
30860,12062.4
30861,9853.3
30862,8591
30863,4804
30864,1490.3
30865,858.3
30866,385.5
30867,385.5
30868,857.9
30869,4479.8
30870,15030.6
30871,15975.5
30872,15345.6
30873,13455.9
30874,12196.1
30875,9834
30876,8574.2
30877,7629.3
30878,6684.5
30879,7629.3
30880,8889.1
30881,11723.6
30882,13770.8
30883,13140.9
30884,12038.6
30885,9834
30886,8574.2
30887,4794.8
30888,1487.8
30889,857.1
30890,385.2
30891,385.2
30892,856.7
30893,4471.4
30894,15001.3
30895,15944.2
30896,15315.6
30897,13429.6
30898,12172.3
30899,9814.9
30900,8557.6
30901,7614.6
30902,6671.7
30903,7614.6
30904,8871.9
30905,11700.9
30906,13744
30907,13115.3
30908,12015.2
30909,9814.9
30910,8557.6
30911,4785.7
30912,1485.3
30913,855.8
30914,384.9
30915,384.9
30916,855.5
30917,4463.1
30918,14972.4
30919,15913.6
30920,15286.1
30921,13403.9
30922,12149
30923,9796.2
30924,8541.4
30925,7600.2
30926,6659.1
30927,7600.2
30928,8855.1
30929,11678.5
30930,13717.6
30931,13090.2
30932,11992.2
30933,9796.2
30934,8541.4
30935,4776.8
30936,1482.9
30937,854.6
30938,384.6
30939,384.6
30940,854.3
30941,4455
30942,14944.1
30943,15883.4
30944,15257.2
30945,13378.6
30946,12126.1
30947,9777.8
30948,8525.4
30949,7586.1
30950,6646.7
30951,7586.1
30952,8838.5
30953,11656.5
30954,13691.7
30955,13065.4
30956,11969.6
30957,9777.8
30958,8525.4
30959,4768.1
30960,1480.4
30961,853.4
30962,384.3
30963,384.3
30964,853.1
30965,4447
30966,14916.3
30967,15853.8
30968,15228.8
30969,13353.7
30970,12103.6
30971,9759.8
30972,8509.7
30973,7572.1
30974,6634.6
30975,7572.1
30976,8822.2
30977,11634.9
30978,13666.2
30979,13041.2
30980,11947.4
30981,9759.8
30982,8509.7
30983,4759.5
30984,1478.1
30985,852.3
30986,384
30987,384
30988,851.9
30989,4439.1
30990,14889
30991,15824.8
30992,15200.9
30993,13329.3
30994,12081.6
30995,9742
30996,8494.3
30997,7558.5
30998,6622.7
30999,7558.5
31000,8806.2
31001,11613.6
31002,13641.2
31003,13017.4
31004,11925.6
31005,9742
31006,8494.3
31007,4751.1
31008,1475.7
31009,851.1
31010,383.7
31011,383.7
31012,850.8
31013,4431.5
31014,14862.2
31015,15796.3
31016,15173.6
31017,13305.4
31018,12059.9
31019,9724.7
31020,8479.2
31021,7545.1
31022,6611
31023,7545.1
31024,8790.6
31025,11592.9
31026,13616.7
31027,12994
31028,11904.2
31029,9724.7
31030,8479.2
31031,4742.8
31032,1473.5
31033,850
31034,383.4
31035,383.4
31036,849.6
31037,4423.9
31038,14836
31039,15768.4
31040,15146.8
31041,13281.9
31042,12038.7
31043,9707.6
31044,8464.4
31045,7532
31046,6599.6
31047,7532
31048,8775.2
31049,11572.5
31050,13592.7
31051,12971.1
31052,11883.3
31053,9707.6
31054,8464.4
31055,4734.7
31056,1471.2
31057,848.9
31058,383.2
31059,383.2
31060,848.6
31061,4416.5
31062,14810.3
31063,15741.1
31064,15120.5
31065,13259
31066,12017.9
31067,9691
31068,8449.9
31069,7519.1
31070,6588.4
31071,7519.1
31072,8760.2
31073,11552.5
31074,13569.2
31075,12948.7
31076,11862.8
31077,9691
31078,8449.9
31079,4726.8
31080,1469
31081,847.8
31082,382.9
31083,382.9
31084,847.5
31085,4409.3
31086,14785.1
31087,15714.3
31088,15094.9
31089,13236.5
31090,11997.6
31091,9674.7
31092,8435.7
31093,7506.6
31094,6577.4
31095,7506.6
31096,8745.5
31097,11533
31098,13546.2
31099,12926.8
31100,11842.7
31101,9674.7
31102,8435.7
31103,4719
31104,1466.9
31105,846.8
31106,382.6
31107,382.6
31108,846.4
31109,4402.3
31110,14760.5
31111,15688.2
31112,15069.7
31113,13214.5
31114,11977.7
31115,9658.7
31116,8421.9
31117,7494.3
31118,6566.7
31119,7494.3
31120,8731.1
31121,11513.9
31122,13523.7
31123,12905.3
31124,11823.1
31125,9658.7
31126,8421.9
31127,4711.4
31128,1464.8
31129,845.7
31130,382.4
31131,382.4
31132,845.4
31133,4395.4
31134,14736.5
31135,15662.6
31136,15045.2
31137,13193.1
31138,11958.3
31139,9643.1
31140,8408.3
31141,7482.3
31142,6556.2
31143,7482.3
31144,8717
31145,11495.3
31146,13501.8
31147,12884.4
31148,11804
31149,9643.1
31150,8408.3
31151,4704
31152,1462.8
31153,844.7
31154,382.1
31155,382.1
31156,844.4
31157,4388.6
31158,14713.1
31159,15637.7
31160,15021.3
31161,13172.1
31162,11939.3
31163,9627.9
31164,8395.1
31165,7470.6
31166,6546
31167,7470.6
31168,8703.3
31169,11477.1
31170,13480.3
31171,12863.9
31172,11785.3
31173,9627.9
31174,8395.1
31175,4696.8
31176,1460.8
31177,843.7
31178,381.9
31179,381.9
31180,843.4
31181,4382.1
31182,14690.2
31183,15613.4
31184,14997.9
31185,13151.7
31186,11920.9
31187,9613.1
31188,8382.2
31189,7459.1
31190,6536
31191,7459.1
31192,8689.9
31193,11459.3
31194,13459.4
31195,12844
31196,11767
31197,9613.1
31198,8382.2
31199,4689.8
31200,1458.8
31201,842.8
31202,381.6
31203,381.6
31204,842.5
31205,4375.7
31206,14668
31207,15589.7
31208,14975.2
31209,13131.8
31210,11902.9
31211,9598.6
31212,8369.7
31213,7448
31214,6526.3
31215,7448
31216,8676.9
31217,11442
31218,13439
31219,12824.6
31220,11749.2
31221,9598.6
31222,8369.7
31223,4682.9
31224,1456.9
31225,841.8
31226,381.4
31227,381.4
31228,841.6
31229,4369.4
31230,14646.3
31231,15566.6
31232,14953.1
31233,13112.4
31234,11885.3
31235,9584.5
31236,8357.5
31237,7437.1
31238,6516.8
31239,7437.1
31240,8664.2
31241,11425.2
31242,13419.2
31243,12805.6
31244,11731.9
31245,9584.5
31246,8357.5
31247,4676.2
31248,1455.1
31249,840.9
31250,381.2
31251,381.2
31252,840.7
31253,4363.4
31254,14625.2
31255,15544.2
31256,14931.5
31257,13093.6
31258,11868.3
31259,9570.9
31260,8345.6
31261,7426.6
31262,6507.6
31263,7426.6
31264,8651.9
31265,11408.8
31266,13399.9
31267,12787.3
31268,11715.1
31269,9570.9
31270,8345.6
31271,4669.7
31272,1453.3
31273,840.1
31274,381
31275,381
31276,839.8
31277,4357.5
31278,14604.7
31279,15522.4
31280,14910.6
31281,13075.3
31282,11851.7
31283,9557.6
31284,8334
31285,7416.4
31286,6498.7
31287,7416.4
31288,8639.9
31289,11392.9
31290,13381.2
31291,12769.4
31292,11698.8
31293,9557.6
31294,8334
31295,4663.4
31296,1451.6
31297,839.2
31298,380.8
31299,380.7
31300,839
31301,4351.8
31302,14584.9
31303,15501.3
31304,14890.3
31305,13057.5
31306,11835.7
31307,9544.7
31308,8322.8
31309,7406.4
31310,6490
31311,7406.4
31312,8628.3
31313,11377.5
31314,13363
31315,12752.1
31316,11683
31317,9544.7
31318,8322.8
31319,4657.3
31320,1449.9
31321,838.4
31322,380.6
31323,380.5
31324,838.1
31325,4346.3
31326,14565.6
31327,15480.8
31328,14870.7
31329,13040.4
31330,11820.1
31331,9532.2
31332,8312
31333,7396.8
31334,6481.7
31335,7396.8
31336,8617
31337,11362.5
31338,13345.4
31339,12735.3
31340,11667.6
31341,9532.2
31342,8312
31343,4651.3
31344,1448.2
31345,837.6
31346,380.4
31347,380.3
31348,837.3
31349,4340.9
31350,14547
31351,15461
31352,14851.7
31353,13023.7
31354,11805.1
31355,9520.1
31356,8301.5
31357,7387.5
31358,6473.5
31359,7387.5
31360,8606.2
31361,11348.1
31362,13328.4
31363,12719.1
31364,11652.7
31365,9520.1
31366,8301.5
31367,4645.6
31368,1446.6
31369,836.8
31370,380.2
31371,380.2
31372,836.6
31373,4335.8
31374,14529
31375,15441.9
31376,14833.3
31377,13007.6
31378,11790.5
31379,9508.5
31380,8291.4
31381,7378.5
31382,6465.7
31383,7378.5
31384,8595.6
31385,11334.1
31386,13311.9
31387,12703.4
31388,11638.4
31389,9508.5
31390,8291.4
31391,4640
31392,1445.1
31393,836.1
31394,380
31395,380
31396,835.8
31397,4330.8
31398,14511.7
31399,15423.4
31400,14815.6
31401,12992.1
31402,11776.5
31403,9497.2
31404,8281.6
31405,7369.8
31406,6458.1
31407,7369.8
31408,8585.5
31409,11320.6
31410,13296.1
31411,12688.2
31412,11624.6
31413,9497.2
31414,8281.6
31415,4634.7
31416,1443.6
31417,835.3
31418,379.8
31419,379.8
31420,835.1
31421,4326
31422,14495
31423,15405.6
31424,14798.5
31425,12977.2
31426,11763
31427,9486.4
31428,8272.1
31429,7361.5
31430,6450.8
31431,7361.5
31432,8575.7
31433,11307.7
31434,13280.8
31435,12673.7
31436,11611.2
31437,9486.4
31438,8272.1
31439,4629.5
31440,1442.2
31441,834.6
31442,379.6
31443,379.6
31444,834.4
31445,4321.4
31446,14478.9
31447,15388.5
31448,14782.1
31449,12962.9
31450,11750
31451,9475.9
31452,8263.1
31453,7353.5
31454,6443.8
31455,7353.5
31456,8566.3
31457,11295.2
31458,13266.1
31459,12659.6
31460,11598.4
31461,9475.9
31462,8263.1
31463,4624.6
31464,1440.8
31465,834
31466,379.5
31467,379.5
31468,833.8
31469,4316.9
31470,14463.5
31471,15372.1
31472,14766.4
31473,12949.1
31474,11737.5
31475,9465.9
31476,8254.4
31477,7345.8
31478,6437.1
31479,7345.8
31480,8557.3
31481,11283.2
31482,13252
31483,12646.2
31484,11586.1
31485,9465.9
31486,8254.4
31487,4619.8
31488,1439.5
31489,833.3
31490,379.3
31491,379.3
31492,833.2
31493,4312.7
31494,14448.7
31495,15356.4
31496,14751.3
31497,12935.9
31498,11725.6
31499,9456.4
31500,8246.1
31501,7338.4
31502,6430.7
31503,7338.4
31504,8548.6
31505,11271.8
31506,13238.5
31507,12633.3
31508,11574.3
31509,9456.4
31510,8246.1
31511,4615.3
31512,1438.3
31513,832.7
31514,379.2
31515,379.1
31516,832.6
31517,4308.6
31518,14434.6
31519,15341.4
31520,14736.9
31521,12923.3
31522,11714.2
31523,9447.2
31524,8238.1
31525,7331.3
31526,6424.5
31527,7331.3
31528,8540.4
31529,11260.8
31530,13225.6
31531,12621
31532,11563.1
31533,9447.2
31534,8238.1
31535,4610.9
31536,1437.1
31537,832.2
31538,379
31539,379
31540,832
31541,4304.8
31542,14421.2
31543,15327.1
31544,14723.2
31545,12911.3
31546,11703.4
31547,9438.5
31548,8230.6
31549,7324.6
31550,6418.7
31551,7324.6
31552,8532.5
31553,11250.4
31554,13213.3
31555,12609.3
31556,11552.4
31557,9438.5
31558,8230.6
31559,4606.8
31560,1435.9
31561,831.6
31562,378.9
31563,378.9
31564,831.4
31565,4301.1
31566,14408.4
31567,15313.6
31568,14710.1
31569,12899.9
31570,11693
31571,9430.2
31572,8223.4
31573,7318.2
31574,6413.1
31575,7318.2
31576,8525.1
31577,11240.5
31578,13201.6
31579,12598.2
31580,11542.2
31581,9430.2
31582,8223.4
31583,4602.8
31584,1434.9
31585,831.1
31586,378.7
31587,378.7
31588,830.9
31589,4297.6
31590,14396.3
31591,15300.7
31592,14697.8
31593,12889.1
31594,11683.2
31595,9422.3
31596,8216.5
31597,7312.2
31598,6407.8
31599,7312.2
31600,8518
31601,11231.1
31602,13190.5
31603,12587.6
31604,11532.5
31605,9422.3
31606,8216.5
31607,4599.1
31608,1433.8
31609,830.6
31610,378.6
31611,378.6
31612,830.4
31613,4294.4
31614,14384.9
31615,15288.5
31616,14686.1
31617,12878.9
31618,11674
31619,9414.9
31620,8210.1
31621,7306.5
31622,6402.8
31623,7306.5
31624,8511.3
31625,11222.2
31626,13180.1
31627,12577.6
31628,11523.4
31629,9414.9
31630,8210.1
31631,4595.6
31632,1432.8
31633,830.1
31634,378.5
31635,378.5
31636,830
31637,4291.3
31638,14374.2
31639,15277.1
31640,14675.1
31641,12869.2
31642,11665.3
31643,9408
31644,8204
31645,7301.1
31646,6398.1
31647,7301.1
31648,8505
31649,11213.8
31650,13170.2
31651,12568.3
31652,11514.8
31653,9408
31654,8204
31655,4592.2
31656,1431.9
31657,829.7
31658,378.4
31659,378.4
31660,829.5
31661,4288.4
31662,14364.1
31663,15266.4
31664,14664.9
31665,12860.3
31666,11657.2
31667,9401.4
31668,8198.4
31669,7296.1
31670,6393.7
31671,7296.1
31672,8499.1
31673,11206
31674,13161
31675,12559.5
31676,11506.8
31677,9401.4
31678,8198.4
31679,4589.1
31680,1431.1
31681,829.3
31682,378.3
31683,378.3
31684,829.1
31685,4285.7
31686,14354.7
31687,15256.4
31688,14655.3
31689,12851.9
31690,11649.6
31691,9395.3
31692,8193.1
31693,7291.4
31694,6389.7
31695,7291.4
31696,8493.6
31697,11198.7
31698,13152.4
31699,12551.3
31700,11499.3
31701,9395.3
31702,8193.1
31703,4586.2
31704,1430.3
31705,828.9
31706,378.2
31707,378.2
31708,828.8
31709,4283.2
31710,14346
31711,15247.2
31712,14646.4
31713,12844.1
31714,11642.6
31715,9389.7
31716,8188.2
31717,7287
31718,6385.9
31719,7287
31720,8488.5
31721,11192
31722,13144.5
31723,12543.7
31724,11492.4
31725,9389.7
31726,8188.2
31727,4583.6
31728,1429.5
31729,828.5
31730,378.1
31731,378.1
31732,828.4
31733,4280.9
31734,14338
31735,15238.7
31736,14638.2
31737,12836.9
31738,11636.1
31739,9384.5
31740,8183.7
31741,7283
31742,6382.4
31743,7283
31744,8483.9
31745,11185.8
31746,13137.2
31747,12536.7
31748,11486
31749,9384.5
31750,8183.7
31751,4581.1
31752,1428.9
31753,828.2
31754,378
31755,378
31756,828.1
31757,4278.8
31758,14330.7
31759,15230.9
31760,14630.8
31761,12830.4
31762,11630.2
31763,9379.8
31764,8179.5
31765,7279.4
31766,6379.2
31767,7279.4
31768,8479.6
31769,11180.1
31770,13130.5
31771,12530.4
31772,11480.2
31773,9379.8
31774,8179.5
31775,4578.8
31776,1428.2
31777,827.9
31778,378
31779,378
31780,827.8
31781,4276.9
31782,14324.1
31783,15223.8
31784,14624
31785,12824.5
31786,11624.8
31787,9375.5
31788,8175.8
31789,7276
31790,6376.3
31791,7276
31792,8475.7
31793,11175
31794,13124.4
31795,12524.6
31796,11474.9
31797,9375.5
31798,8175.8
31799,4576.8
31800,1427.7
31801,827.7
31802,377.9
31803,377.9
31804,827.6
31805,4275.2
31806,14318.2
31807,15217.5
31808,14617.9
31809,12819.2
31810,11620
31811,9371.6
31812,8172.5
31813,7273.1
31814,6373.7
31815,7273.1
31816,8472.2
31817,11170.4
31818,13119
31819,12519.4
31820,11470.1
31821,9371.6
31822,8172.5
31823,4575
31824,1427.2
31825,827.4
31826,377.8
31827,377.8
31828,827.4
31829,4273.7
31830,14312.9
31831,15212
31832,14612.6
31833,12814.5
31834,11615.8
31835,9368.2
31836,8169.5
31837,7270.5
31838,6371.4
31839,7270.5
31840,8469.2
31841,11166.3
31842,13114.2
31843,12514.9
31844,11466
31845,9368.2
31846,8169.5
31847,4573.4
31848,1426.7
31849,827.2
31850,377.8
31851,377.8
31852,827.2
31853,4272.4
31854,14308.4
31855,15207.2
31856,14608
31857,12810.5
31858,11612.2
31859,9365.3
31860,8167
31861,7268.2
31862,6369.5
31863,7268.2
31864,8466.5
31865,11162.8
31866,13110.1
31867,12510.9
31868,11462.4
31869,9365.3
31870,8167
31871,4572
31872,1426.3
31873,827.1
31874,377.8
31875,377.8
31876,827
31877,4271.3
31878,14304.6
31879,15203.1
31880,14604.1
31881,12807.1
31882,11609.1
31883,9362.8
31884,8164.8
31885,7266.3
31886,6367.8
31887,7266.3
31888,8464.3
31889,11159.8
31890,13106.6
31891,12507.6
31892,11459.3
31893,9362.8
31894,8164.8
31895,4570.8
31896,1426
31897,826.9
31898,377.7
31899,377.7
31900,826.9
31901,4270.4
31902,14301.5
31903,15199.8
31904,14600.9
31905,12804.3
31906,11606.5
31907,9360.8
31908,8163
31909,7264.7
31910,6366.4
31911,7264.7
31912,8462.5
31913,11157.4
31914,13103.7
31915,12504.8
31916,11456.8
31917,9360.8
31918,8163
31919,4569.8
31920,1425.7
31921,826.8
31922,377.7
31923,377.7
31924,826.8
31925,4269.7
31926,14299
31927,15197.2
31928,14598.4
31929,12802.1
31930,11604.6
31931,9359.2
31932,8161.7
31933,7263.5
31934,6365.4
31935,7263.5
31936,8461.1
31937,11155.5
31938,13101.5
31939,12502.7
31940,11454.9
31941,9359.2
31942,8161.7
31943,4569.1
31944,1425.5
31945,826.7
31946,377.7
31947,377.7
31948,826.7
31949,4269.2
31950,14297.3
31951,15195.4
31952,14596.7
31953,12800.6
31954,11603.2
31955,9358.1
31956,8160.7
31957,7262.7
31958,6364.6
31959,7262.7
31960,8460.1
31961,11154.2
31962,13099.9
31963,12501.2
31964,11453.5
31965,9358.1
31966,8160.7
31967,4568.5
31968,1425.4
31969,826.7
31970,377.7
31971,377.7
31972,826.7
31973,4268.9
31974,14296.3
31975,15194.3
31976,14595.6
31977,12799.7
31978,11602.4
31979,9357.4
31980,8160.1
31981,7262.2
31982,6364.2
31983,7262.2
31984,8459.5
31985,11153.4
31986,13099
31987,12500.4
31988,11452.7
31989,9357.4
31990,8160.1
31991,4568.2
31992,1425.3
31993,826.6
31994,377.7
31995,377.7
31996,826.6
31997,4268.8
31998,14296
31999,15194
32000,14595.3
32001,12799.4
32002,11602.1
32003,9357.2
32004,8160
32005,7262
32006,6364
32007,7262
32008,8459.3
32009,11153.1
32010,13098.7
32011,12500.1
32012,11452.5
32013,9357.2
32014,8160
32015,4568.1
32016,1425.3
32017,826.6
32018,377.7
32019,377.7
32020,826.7
32021,4268.9
32022,14296.4
32023,15194.4
32024,14595.7
32025,12799.8
32026,11602.4
32027,9357.5
32028,8160.2
32029,7262.2
32030,6364.2
32031,7262.2
32032,8459.5
32033,11153.5
32034,13099.1
32035,12500.4
32036,11452.8
32037,9357.5
32038,8160.2
32039,4568.3
32040,1425.3
32041,826.7
32042,377.7
32043,377.7
32044,826.7
32045,4269.2
32046,14297.5
32047,15195.5
32048,14596.8
32049,12800.7
32050,11603.3
32051,9358.2
32052,8160.8
32053,7262.7
32054,6364.7
32055,7262.7
32056,8460.2
32057,11154.3
32058,13100.1
32059,12501.4
32060,11453.7
32061,9358.2
32062,8160.8
32063,4568.6
32064,1425.4
32065,826.8
32066,377.7
32067,377.7
32068,826.8
32069,4269.8
32070,14299.3
32071,15197.5
32072,14598.7
32073,12802.3
32074,11604.8
32075,9359.4
32076,8161.8
32077,7263.7
32078,6365.5
32079,7263.7
32080,8461.2
32081,11155.7
32082,13101.7
32083,12503
32084,11455.1
32085,9359.4
32086,8161.8
32087,4569.1
32088,1425.6
32089,826.9
32090,377.7
32091,377.7
32092,826.9
32093,4270.5
32094,14301.8
32095,15200.1
32096,14601.2
32097,12804.6
32098,11606.8
32099,9361
32100,8163.2
32101,7264.9
32102,6366.6
32103,7264.9
32104,8462.7
32105,11157.7
32106,13104
32107,12505.1
32108,11457.1
32109,9361
32110,8163.2
32111,4569.9
32112,1425.8
32113,827
32114,377.8
32115,377.8
32116,827
32117,4271.4
32118,14305
32119,15203.5
32120,14604.5
32121,12807.5
32122,11609.4
32123,9363.1
32124,8165
32125,7266.5
32126,6368
32127,7266.5
32128,8464.6
32129,11160.1
32130,13107
32131,12507.9
32132,11459.7
32133,9363.1
32134,8165
32135,4570.9
32136,1426
32137,827.1
32138,377.8
32139,377.8
32140,827.2
32141,4272.5
32142,14308.9
32143,15207.7
32144,14608.5
32145,12810.9
32146,11612.6
32147,9365.6
32148,8167.2
32149,7268.5
32150,6369.7
32151,7268.5
32152,8466.8
32153,11163.2
32154,13110.5
32155,12511.4
32156,11462.8
32157,9365.6
32158,8167.2
32159,4572.1
32160,1426.4
32161,827.3
32162,377.8
32163,377.8
32164,827.4
32165,4273.8
32166,14313.5
32167,15212.6
32168,14613.2
32169,12815.1
32170,11616.3
32171,9368.6
32172,8169.8
32173,7270.8
32174,6371.7
32175,7270.8
32176,8469.5
32177,11166.8
32178,13114.8
32179,12515.4
32180,11466.5
32181,9368.6
32182,8169.8
32183,4573.5
32184,1426.8
32185,827.5
32186,377.9
32187,377.9
32188,827.6
32189,4275.4
32190,14318.8
32191,15218.3
32192,14618.6
32193,12819.8
32194,11620.6
32195,9372.1
32196,8172.8
32197,7273.4
32198,6374
32199,7273.4
32200,8472.6
32201,11170.9
32202,13119.6
32203,12520
32204,11470.7
32205,9372.1
32206,8172.8
32207,4575.2
32208,1427.2
32209,827.8
32210,378
32211,378
32212,827.9
32213,4277.1
32214,14324.8
32215,15224.6
32216,14624.8
32217,12825.2
32218,11625.4
32219,9376
32220,8176.2
32221,7276.4
32222,6376.6
32223,7276.4
32224,8476.2
32225,11175.5
32226,13125.1
32227,12525.2
32228,11475.5
32229,9376
32230,8176.2
32231,4577
32232,1427.7
32233,828.1
32234,378
32235,378
32236,828.1
32237,4279
32238,14331.5
32239,15231.8
32240,14631.6
32241,12831.2
32242,11630.9
32243,9380.3
32244,8180
32245,7279.8
32246,6379.6
32247,7279.8
32248,8480.1
32249,11180.8
32250,13131.2
32251,12531.1
32252,11480.8
32253,9380.3
32254,8180
32255,4579.1
32256,1428.3
32257,828.4
32258,378.1
32259,378.1
32260,828.5
32261,4281.1
32262,14338.9
32263,15239.6
32264,14639.2
32265,12837.8
32266,11636.8
32267,9385.1
32268,8184.2
32269,7283.5
32270,6382.8
32271,7283.5
32272,8484.4
32273,11186.5
32274,13138
32275,12537.5
32276,11486.7
32277,9385.1
32278,8184.2
32279,4581.4
32280,1428.9
32281,828.7
32282,378.2
32283,378.2
32284,828.8
32285,4283.5
32286,14347
32287,15248.2
32288,14647.4
32289,12845
32290,11643.4
32291,9390.4
32292,8188.7
32293,7287.5
32294,6386.3
32295,7287.5
32296,8489.1
32297,11192.8
32298,13145.4
32299,12544.6
32300,11493.2
32301,9390.4
32302,8188.7
32303,4583.9
32304,1429.6
32305,829.1
32306,378.3
32307,378.3
32308,829.2
32309,4286
32310,14355.8
32311,15257.6
32312,14656.4
32313,12852.8
32314,11650.5
32315,9396
32316,8193.7
32317,7291.9
32318,6390.1
32319,7291.9
32320,8494.3
32321,11199.6
32322,13153.4
32323,12552.3
32324,11500.2
32325,9396
32326,8193.7
32327,4586.6
32328,1430.4
32329,829.5
32330,378.4
32331,378.4
32332,829.6
32333,4288.7
32334,14365.3
32335,15267.6
32336,14666.1
32337,12861.3
32338,11658.1
32339,9402.2
32340,8199
32341,7296.6
32342,6394.3
32343,7296.6
32344,8499.8
32345,11206.9
32346,13162.1
32347,12560.5
32348,11507.7
32349,9402.2
32350,8199
32351,4589.5
32352,1431.2
32353,829.9
32354,378.5
32355,378.5
32356,830
32357,4291.6
32358,14375.4
32359,15278.4
32360,14676.4
32361,12870.4
32362,11666.3
32363,9408.8
32364,8204.7
32365,7301.7
32366,6398.7
32367,7301.7
32368,8505.7
32369,11214.8
32370,13171.4
32371,12569.4
32372,11515.8
32373,9408.8
32374,8204.7
32375,4592.6
32376,1432
32377,830.3
32378,378.6
32379,378.6
32380,830.5
32381,4294.7
32382,14386.2
32383,15290
32384,14687.5
32385,12880
32386,11675.1
32387,9415.8
32388,8210.8
32389,7307.1
32390,6403.4
32391,7307.1
32392,8512.1
32393,11223.2
32394,13181.3
32395,12578.8
32396,11524.5
32397,9415.8
32398,8210.8
32399,4596
32400,1433
32401,830.8
32402,378.7
32403,378.7
32404,831
32405,4298
32406,14397.8
32407,15302.2
32408,14699.2
32409,12890.3
32410,11684.4
32411,9423.3
32412,8217.3
32413,7312.9
32414,6408.4
32415,7312.9
32416,8518.8
32417,11232.2
32418,13191.8
32419,12588.8
32420,11533.7
32421,9423.3
32422,8217.3
32423,4599.5
32424,1433.9
32425,831.3
32426,378.9
32427,378.9
32428,831.5
32429,4301.5
32430,14409.9
32431,15315.2
32432,14711.7
32433,12901.2
32434,11694.2
32435,9431.2
32436,8224.2
32437,7319
32438,6413.7
32439,7319
32440,8525.9
32441,11241.6
32442,13203
32443,12599.5
32444,11543.4
32445,9431.2
32446,8224.2
32447,4603.3
32448,1435
32449,831.9
32450,379
32451,379
32452,832
32453,4305.2
32454,14422.8
32455,15328.8
32456,14724.8
32457,12912.7
32458,11704.6
32459,9439.5
32460,8231.4
32461,7325.4
32462,6419.3
32463,7325.4
32464,8533.5
32465,11251.6
32466,13214.7
32467,12610.7
32468,11553.6
32469,9439.5
32470,8231.4
32471,4607.2
32472,1436.1
32473,832.4
32474,379.1
32475,379.1
32476,832.6
32477,4309.1
32478,14436.3
32479,15343.2
32480,14738.6
32481,12924.8
32482,11715.6
32483,9448.3
32484,8239.1
32485,7332.2
32486,6425.2
32487,7332.2
32488,8541.4
32489,11262.1
32490,13227.1
32491,12622.5
32492,11564.4
32493,9448.3
32494,8239.1
32495,4611.4
32496,1437.2
32497,833
32498,379.3
32499,379.3
32500,833.2
32501,4313.2
32502,14450.5
32503,15358.3
32504,14753.1
32505,12937.4
32506,11727
32507,9457.5
32508,8247.1
32509,7339.2
32510,6431.4
32511,7339.2
32512,8549.7
32513,11273.1
32514,13240.1
32515,12634.8
32516,11575.7
32517,9457.5
32518,8247.1
32519,4615.8
32520,1438.4
32521,833.6
32522,379.4
32523,379.4
32524,833.8
32525,4317.4
32526,14465.3
32527,15374.1
32528,14768.2
32529,12950.7
32530,11739
32531,9467.1
32532,8255.4
32533,7346.7
32534,6437.9
32535,7346.7
32536,8558.4
32537,11284.6
32538,13253.6
32539,12647.8
32540,11587.6
32541,9467.1
32542,8255.4
32543,4620.4
32544,1439.7
32545,834.3
32546,379.6
32547,379.6
32548,834.5
32549,4321.9
32550,14480.8
32551,15390.6
32552,14784.1
32553,12964.6
32554,11751.5
32555,9477.2
32556,8264.2
32557,7354.4
32558,6444.7
32559,7354.4
32560,8567.4
32561,11296.7
32562,13267.8
32563,12661.3
32564,11599.9
32565,9477.2
32566,8264.2
32567,4625.1
32568,1441
32569,835
32570,379.8
32571,379.8
32572,835.2
32573,4326.5
32574,14497
32575,15407.7
32576,14800.5
32577,12979
32578,11764.6
32579,9487.6
32580,8273.3
32581,7362.5
32582,6451.7
32583,7362.5
32584,8576.9
32585,11309.2
32586,13282.6
32587,12675.4
32588,11612.8
32589,9487.6
32590,8273.3
32591,4630.1
32592,1442.4
32593,835.7
32594,380
32595,380
32596,835.9
32597,4331.3
32598,14513.7
32599,15425.6
32600,14817.7
32601,12994
32602,11778.2
32603,9498.5
32604,8282.7
32605,7370.9
32606,6459
32607,7370.9
32608,8586.7
32609,11322.2
32610,13297.9
32611,12690
32612,11626.2
32613,9498.5
32614,8282.7
32615,4635.3
32616,1443.8
32617,836.4
32618,380.1
32619,380.1
32620,836.6
32621,4336.4
32622,14531.2
32623,15444.1
32624,14835.5
32625,13009.6
32626,11792.3
32627,9509.8
32628,8292.6
32629,7379.6
32630,6466.6
32631,7379.6
32632,8596.9
32633,11335.8
32634,13313.9
32635,12705.2
32636,11640.1
32637,9509.8
32638,8292.6
32639,4640.7
32640,1445.3
32641,837.2
32642,380.3
32643,380.3
32644,837.4
32645,4341.5
32646,14549.2
32647,15463.3
32648,14853.9
32649,13025.7
32650,11806.9
32651,9521.6
32652,8302.7
32653,7388.6
32654,6474.5
32655,7388.6
32656,8607.4
32657,11349.8
32658,13330.4
32659,12721
32660,11654.5
32661,9521.6
32662,8302.7
32663,4646.3
32664,1446.8
32665,837.9
32666,380.5
32667,380.5
32668,838.2
32669,4346.9
32670,14567.9
32671,15483.2
32672,14873
32673,13042.4
32674,11822
32675,9533.7
32676,8313.3
32677,7398
32678,6482.6
32679,7398
32680,8618.4
32681,11364.3
32682,13347.5
32683,12737.3
32684,11669.4
32685,9533.7
32686,8313.3
32687,4652
32688,1448.4
32689,838.8
32690,380.7
32691,380.7
32692,839
32693,4352.5
32694,14587.2
32695,15503.8
32696,14892.7
32697,13059.7
32698,11837.6
32699,9546.2
32700,8324.2
32701,7407.6
32702,6491.1
32703,7407.6
32704,8629.7
32705,11379.3
32706,13365.2
32707,12754.1
32708,11684.8
32709,9546.2
32710,8324.2
32711,4658
32712,1450.1
32713,839.6
32714,380.9
32715,381
32716,839.9
32717,4358.2
32718,14607.2
32719,15525
32720,14913.1
32721,13077.5
32722,11853.7
32723,9559.2
32724,8335.4
32725,7417.6
32726,6499.8
32727,7417.6
32728,8641.3
32729,11394.8
32730,13383.4
32731,12771.5
32732,11700.7
32733,9559.2
32734,8335.4
32735,4664.1
32736,1451.8
32737,840.5
32738,381.2
32739,381.2
32740,840.7
32741,4364.1
32742,14627.7
32743,15546.8
32744,14934.1
32745,13095.8
32746,11870.3
32747,9572.5
32748,8347
32749,7427.9
32750,6508.7
32751,7427.9
32752,8653.4
32753,11410.8
32754,13402.2
32755,12789.4
32756,11717.1
32757,9572.5
32758,8347
32759,4670.5
32760,1453.5
32761,841.4
32762,381.4
32763,381.4
32764,841.6
32765,4370.2
32766,14648.9
32767,15569.3
32768,14955.7
32769,13114.7
32770,11887.4
32771,9586.2
32772,8358.9
32773,7438.4
32774,6518
32775,7438.4
32776,8665.7
32777,11427.2
32778,13421.6
32779,12807.9
32780,11734
32781,9586.2
32782,8358.9
32783,4677
32784,1455.3
32785,842.3
32786,381.6
32787,381.6
32788,842.6
32789,4376.4
32790,14670.6
32791,15592.5
32792,14977.9
32793,13134.2
32794,11905
32795,9600.3
32796,8371.2
32797,7449.3
32798,6527.4
32799,7449.3
32800,8678.5
32801,11444.1
32802,13441.5
32803,12826.9
32804,11751.4
32805,9600.3
32806,8371.2
32807,4683.7
32808,1457.2
32809,843.2
32810,381.9
32811,381.9
32812,843.5
32813,4382.8
32814,14693
32815,15616.2
32816,15000.7
32817,13154.1
32818,11923.1
32819,9614.8
32820,8383.8
32821,7460.5
32822,6537.2
32823,7460.5
32824,8691.5
32825,11461.4
32826,13461.9
32827,12846.4
32828,11769.2
32829,9614.8
32830,8383.8
32831,4690.6
32832,1459.1
32833,844.2
32834,382.1
32835,382.1
32836,844.5
32837,4389.4
32838,14715.9
32839,15640.6
32840,15024.1
32841,13174.6
32842,11941.6
32843,9629.7
32844,8396.7
32845,7471.9
32846,6547.2
32847,7471.9
32848,8705
32849,11479.2
32850,13482.9
32851,12866.4
32852,11787.5
32853,9629.7
32854,8396.7
32855,4697.7
32856,1461
32857,845.2
32858,382.3
32859,382.4
32860,845.5
32861,4396.2
32862,14739.4
32863,15665.7
32864,15048.1
32865,13195.6
32866,11960.6
32867,9645
32868,8410
32869,7483.7
32870,6557.4
32871,7483.7
32872,8718.7
32873,11497.5
32874,13504.4
32875,12886.9
32876,11806.2
32877,9645
32878,8410
32879,4704.9
32880,1463
32881,846.2
32882,382.6
32883,382.6
32884,846.5
32885,4403.1
32886,14763.5
32887,15691.3
32888,15072.7
32889,13217.1
32890,11980.1
32891,9660.6
32892,8423.5
32893,7495.7
32894,6567.9
32895,7495.7
32896,8732.8
32897,11516.2
32898,13526.4
32899,12907.9
32900,11825.5
32901,9660.6
32902,8423.5
32903,4712.4
32904,1465.1
32905,847.2
32906,382.9
32907,382.9
32908,847.5
32909,4410.2
32910,14788.1
32911,15717.5
32912,15097.9
32913,13239.2
32914,12000
32915,9676.6
32916,8437.4
32917,7508.1
32918,6578.7
32919,7508.1
32920,8747.2
32921,11535.3
32922,13549
32923,12929.4
32924,11845.1
32925,9676.6
32926,8437.4
32927,4720
32928,1467.2
32929,848.3
32930,383.1
32931,383.1
32932,848.6
32933,4417.4
32934,14813.3
32935,15744.3
32936,15123.7
32937,13261.7
32938,12020.4
32939,9693
32940,8451.7
32941,7520.7
32942,6589.7
32943,7520.7
32944,8762
32945,11554.9
32946,13572
32947,12951.4
32948,11865.2
32949,9693
32950,8451.7
32951,4727.7
32952,1469.3
32953,849.4
32954,383.4
32955,383.4
32956,849.7
32957,4424.8
32958,14839.1
32959,15771.7
32960,15150
32961,13284.7
32962,12041.2
32963,9709.7
32964,8466.2
32965,7533.6
32966,6600.9
32967,7533.6
32968,8777
32969,11574.9
32970,13595.6
32971,12973.8
32972,11885.8
32973,9709.7
32974,8466.2
32975,4735.7
32976,1471.5
32977,850.5
32978,383.7
32979,383.7
32980,850.8
32981,4432.4
32982,14865.4
32983,15799.7
32984,15176.8
32985,13308.2
32986,12062.5
32987,9726.7
32988,8481
32989,7546.7
32990,6612.4
32991,7546.7
32992,8792.4
32993,11595.3
32994,13619.7
32995,12996.8
32996,11906.8
32997,9726.7
32998,8481
32999,4743.8
33000,1473.7
33001,851.6
33002,384
33003,384
33004,852
33005,4440.1
33006,14892.2
33007,15828.2
33008,15204.2
33009,13332.2
33010,12084.2
33011,9744.2
33012,8496.1
33013,7560.1
33014,6624.1
33015,7560.1
33016,8808.1
33017,11616.2
33018,13644.2
33019,13020.2
33020,11928.2
33021,9744.2
33022,8496.1
33023,4752.1
33024,1476
33025,852.8
33026,384.3
33027,384.3
33028,853.1
33029,4447.9
33030,14919.6
33031,15857.4
33032,15232.2
33033,13356.7
33034,12106.3
33035,9761.9
33036,8511.6
33037,7573.8
33038,6636
33039,7573.8
33040,8824.2
33041,11637.4
33042,13669.2
33043,13044.1
33044,11950
33045,9761.9
33046,8511.6
33047,4760.5
33048,1478.4
33049,854
33050,384.6
33051,384.6
33052,854.3
33053,4455.9
33054,14947.5
33055,15887
33056,15260.7
33057,13381.6
33058,12128.9
33059,9780
33060,8527.3
33061,7587.7
33062,6648.2
33063,7587.7
33064,8840.5
33065,11659.1
33066,13694.8
33067,13068.4
33068,11972.3
33069,9780
33070,8527.3
33071,4769.1
33072,1480.7
33073,855.2
33074,384.9
33075,384.9
33076,855.5
33077,4464.1
33078,14975.9
33079,15917.2
33080,15289.7
33081,13407
33082,12151.8
33083,9798.4
33084,8543.3
33085,7601.9
33086,6660.6
33087,7601.9
33088,8857.1
33089,11681.1
33090,13720.7
33091,13093.2
33092,11994.9
33093,9798.4
33094,8543.3
33095,4777.9
33096,1483.1
33097,856.4
33098,385.2
33099,385.2
33100,856.8
33101,4472.4
33102,15004.8
33103,15948
33104,15319.2
33105,13432.8
33106,12175.2
33107,9817.2
33108,8559.6
33109,7616.4
33110,6673.2
33111,7616.4
33112,8874
33113,11703.6
33114,13747.2
33115,13118.4
33116,12018
33117,9817.2
33118,8559.6
33119,4786.8
33120,1485.6
33121,857.6
33122,385.5
33123,385.5
33124,858
33125,4480.8
33126,15034.2
33127,15979.2
33128,15349.2
33129,13459
33130,12198.9
33131,9836.3
33132,8576.2
33133,7631.1
33134,6686
33135,7631.1
33136,8891.2
33137,11726.4
33138,13774.1
33139,13144
33140,12041.4
33141,9836.3
33142,8576.2
33143,4795.9
33144,1488.1
33145,858.9
33146,385.8
33147,385.8
33148,859.3
33149,4489.4
33150,15064
33151,16011
33152,15379.7
33153,13485.7
33154,12223.1
33155,9855.7
33156,8593
33157,7646
33158,6699
33159,7646
33160,8908.7
33161,11749.6
33162,13801.4
33163,13170.1
33164,12065.3
33165,9855.7
33166,8593
33167,4805.1
33168,1490.6
33169,860.2
33170,386.1
33171,386.1
33172,860.6
33173,4498.1
33174,15094.4
33175,16043.3
33176,15410.7
33177,13512.9
33178,12247.6
33179,9875.4
33180,8610.1
33181,7661.2
33182,6712.3
33183,7661.2
33184,8926.4
33185,11773.2
33186,13829.2
33187,13196.6
33188,12089.5
33189,9875.4
33190,8610.1
33191,4814.4
33192,1493.2
33193,861.5
33194,386.4
33195,386.5
33196,861.9
33197,4507
33198,15125.2
33199,16076.1
33200,15442.2
33201,13540.4
33202,12272.6
33203,9895.4
33204,8627.5
33205,7676.6
33206,6725.7
33207,7676.6
33208,8944.5
33209,11797.1
33210,13857.4
33211,13223.5
33212,12114.1
33213,9895.4
33214,8627.5
33215,4824
33216,1495.9
33217,862.8
33218,386.8
33219,386.8
33220,863.2
33221,4516
33222,15156.5
33223,16109.4
33224,15474.1
33225,13568.4
33226,12297.9
33227,9915.7
33228,8645.1
33229,7692.3
33230,6739.4
33231,7692.3
33232,8962.8
33233,11821.4
33234,13886
33235,13250.7
33236,12139
33237,9915.7
33238,8645.1
33239,4833.6
33240,1498.5
33241,864.2
33242,387.1
33243,387.1
33244,864.6
33245,4525.1
33246,15188.2
33247,16143.2
33248,15506.5
33249,13596.7
33250,12323.5
33251,9936.2
33252,8663
33253,7708.1
33254,6753.2
33255,7708.1
33256,8981.3
33257,11846.1
33258,13915
33259,13278.4
33260,12164.4
33261,9936.2
33262,8663
33263,4843.4
33264,1501.2
33265,865.5
33266,387.5
33267,387.5
33268,865.9
33269,4534.3
33270,15220.4
33271,16177.4
33272,15539.4
33273,13625.5
33274,12349.5
33275,9957.1
33276,8681.2
33277,7724.2
33278,6767.3
33279,7724.2
33280,9000.2
33281,11871
33282,13944.5
33283,13306.5
33284,12190
33285,9957.1
33286,8681.2
33287,4853.3
33288,1504
33289,866.9
33290,387.8
33291,387.8
33292,867.3
33293,4543.7
33294,15253
33295,16212.1
33296,15572.7
33297,13654.6
33298,12375.9
33299,9978.3
33300,8699.6
33301,7740.5
33302,6781.5
33303,7740.5
33304,9019.2
33305,11896.4
33306,13974.3
33307,13334.9
33308,12216
33309,9978.3
33310,8699.6
33311,4863.4
33312,1506.7
33313,868.3
33314,388.2
33315,388.2
33316,868.7
33317,4553.2
33318,15286
33319,16247.2
33320,15606.4
33321,13684.1
33322,12402.6
33323,9999.7
33324,8718.2
33325,7757
33326,6795.9
33327,7757
33328,9038.6
33329,11922
33330,14004.5
33331,13363.7
33332,12242.4
33333,9999.7
33334,8718.2
33335,4873.6
33336,1509.5
33337,869.7
33338,388.5
33339,388.5
33340,870.1
33341,4562.8
33342,15319.5
33343,16282.8
33344,15640.6
33345,13714
33346,12429.6
33347,10021.4
33348,8737
33349,7773.7
33350,6810.5
33351,7773.7
33352,9058.1
33353,11948
33354,14035.1
33355,13392.9
33356,12269.1
33357,10021.4
33358,8737
33359,4883.9
33360,1512.4
33361,871.2
33362,388.9
33363,388.9
33364,871.6
33365,4572.5
33366,15353.3
33367,16318.8
33368,15675.1
33369,13744.2
33370,12457
33371,10043.4
33372,8756.1
33373,7790.7
33374,6825.2
33375,7790.7
33376,9077.9
33377,11974.3
33378,14066.1
33379,13422.4
33380,12296.1
33381,10043.4
33382,8756.1
33383,4894.3
33384,1515.3
33385,872.6
33386,389.2
33387,389.2
33388,873
33389,4582.3
33390,15387.5
33391,16355.2
33392,15710.1
33393,13774.8
33394,12484.6
33395,10065.6
33396,8775.4
33397,7807.8
33398,6840.1
33399,7807.8
33400,9097.9
33401,12000.8
33402,14097.4
33403,13452.3
33404,12323.4
33405,10065.6
33406,8775.4
33407,4904.9
33408,1518.2
33409,874.1
33410,389.6
33411,389.6
33412,874.5
33413,4592.3
33414,15422.1
33415,16392
33416,15745.4
33417,13805.7
33418,12512.6
33419,10088
33420,8794.9
33421,7825.1
33422,6855.2
33423,7825.1
33424,9118.2
33425,12027.7
33426,14129
33427,13482.5
33428,12351
33429,10088
33430,8794.9
33431,4915.6
33432,1521.1
33433,875.6
33434,390
33435,390
33436,876
33437,4602.3
33438,15457.1
33439,16429.2
33440,15781.2
33441,13837
33442,12540.9
33443,10110.7
33444,8814.6
33445,7842.6
33446,6870.5
33447,7842.6
33448,9138.7
33449,12054.9
33450,14161
33451,13513
33452,12378.9
33453,10110.7
33454,8814.6
33455,4926.4
33456,1524.1
33457,877.1
33458,390.3
33459,390.4
33460,877.5
33461,4612.5
33462,15492.5
33463,16466.8
33464,15817.2
33465,13868.6
33466,12569.5
33467,10133.7
33468,8834.6
33469,7860.2
33470,6885.9
33471,7860.2
33472,9159.3
33473,12082.3
33474,14193.4
33475,13543.8
33476,12407.1
33477,10133.7
33478,8834.6
33479,4937.3
33480,1527.1
33481,878.6
33482,390.7
33483,390.7
33484,879
33485,4622.7
33486,15528.2
33487,16504.8
33488,15853.7
33489,13900.5
33490,12598.3
33491,10156.8
33492,8854.7
33493,7878.1
33494,6901.5
33495,7878.1
33496,9180.2
33497,12110
33498,14226
33499,13574.9
33500,12435.6
33501,10156.8
33502,8854.7
33503,4948.3
33504,1530.1
33505,880.1
33506,391.1
33507,391.1
33508,880.6
33509,4633.1
33510,15564.2
33511,16543.1
33512,15890.5
33513,13932.7
33514,12627.5
33515,10180.2
33516,8875
33517,7896.1
33518,6917.2
33519,7896.1
33520,9201.3
33521,12138
33522,14259
33523,13606.4
33524,12464.3
33525,10180.2
33526,8875
33527,4959.4
33528,1533.2
33529,881.6
33530,391.5
33531,391.5
33532,882.1
33533,4643.5
33534,15600.5
33535,16581.8
33536,15927.6
33537,13965.2
33538,12656.9
33539,10203.8
33540,8895.5
33541,7914.3
33542,6933
33543,7914.3
33544,9222.6
33545,12166.2
33546,14292.2
33547,13638.1
33548,12493.3
33549,10203.8
33550,8895.5
33551,4970.6
33552,1536.3
33553,883.2
33554,391.9
33555,391.9
33556,883.7
33557,4654
33558,15637.2
33559,16620.8
33560,15965.1
33561,13997.9
33562,12686.5
33563,10227.6
33564,8916.2
33565,7932.6
33566,6949
33567,7932.6
33568,9244
33569,12194.7
33570,14325.8
33571,13670.1
33572,12522.6
33573,10227.6
33574,8916.2
33575,4981.9
33576,1539.4
33577,884.8
33578,392.3
33579,392.3
33580,885.2
33581,4664.7
33582,15674.2
33583,16660.1
33584,16002.8
33585,14031
33586,12716.4
33587,10251.6
33588,8937
33589,7951.1
33590,6965.2
33591,7951.1
33592,9265.7
33593,12223.5
33594,14359.6
33595,13702.3
33596,12552.1
33597,10251.6
33598,8937
33599,4993.3
33600,1542.6
33601,886.3
33602,392.7
33603,392.7
33604,886.8
33605,4675.4
33606,15711.5
33607,16699.8
33608,16040.9
33609,14064.3
33610,12746.6
33611,10275.8
33612,8958
33613,7969.7
33614,6981.4
33615,7969.7
33616,9287.5
33617,12252.4
33618,14393.7
33619,13734.9
33620,12581.8
33621,10275.8
33622,8958
33623,5004.8
33624,1545.7
33625,887.9
33626,393.1
33627,393.1
33628,888.4
33629,4686.2
33630,15749
33631,16739.7
33632,16079.3
33633,14097.9
33634,12776.9
33635,10300.2
33636,8979.2
33637,7988.5
33638,6997.8
33639,7988.5
33640,9309.5
33641,12281.6
33642,14428.1
33643,13767.6
33644,12611.8
33645,10300.2
33646,8979.2
33647,5016.4
33648,1548.9
33649,889.5
33650,393.5
33651,393.5
33652,890
33653,4697
33654,15786.9
33655,16780
33656,16117.9
33657,14131.7
33658,12807.5
33659,10324.7
33660,9000.6
33661,8007.4
33662,7014.3
33663,8007.4
33664,9331.6
33665,12311
33666,14462.7
33667,13800.6
33668,12642
33669,10324.7
33670,9000.6
33671,5028.1
33672,1552.2
33673,891.2
33674,393.9
33675,393.9
33676,891.7
33677,4708
33678,15825
33679,16820.5
33680,16156.8
33681,14165.7
33682,12838.3
33683,10349.4
33684,9022
33685,8026.5
33686,7030.9
33687,8026.5
33688,9353.9
33689,12340.5
33690,14497.6
33691,13833.9
33692,12672.4
33693,10349.4
33694,9022
33695,5039.8
33696,1555.4
33697,1558
33698,893.3
33699,394.3
33700,394.3
33701,893.3
33702,4719
33703,15863.3
33704,16861.3
33705,16196
33706,14200
33707,12869.3
33708,10374.3
33709,9043.7
33710,8045.7
33711,7047.7
33712,8045.7
33713,9376.3
33714,12370.3
33715,14532.7
33716,13867.3
33717,12703
33718,10374.3
33719,9043.7
33720,5051.7
33721,1561.3
33722,895
33723,394.7
33724,394.7
33725,895
33726,4730.1
33727,15901.9
33728,16902.4
33729,16235.4
33730,14234.5
33731,12900.5
33732,10399.4
33733,9065.4
33734,8065
33735,7064.5
33736,8065
33737,9398.9
33738,12400.3
33739,14568
33740,13901
33741,12733.8
33742,10399.4
33743,9065.4
33744,5063.6
33745,1564.6
33746,896.6
33747,395.2
33748,395.2
33749,896.6
33750,4741.2
33751,15940.7
33752,16943.7
33753,16275.1
33754,14269.2
33755,12931.9
33756,10424.6
33757,9087.3
33758,8084.4
33759,7081.4
33760,8084.4
33761,9421.6
33762,12430.4
33763,14603.5
33764,13934.9
33765,12764.8
33766,10424.6
33767,9087.3
33768,5075.6
33769,1567.9
33770,898.3
33771,395.6
33772,395.6
33773,898.3
33774,4752.5
33775,15979.8
33776,16985.2
33777,16314.9
33778,14304.1
33779,12963.5
33780,10449.9
33781,9109.3
33782,8103.9
33783,7098.5
33784,8103.9
33785,9444.5
33786,12460.8
33787,14639.2
33788,13968.9
33789,12795.9
33790,10449.9
33791,9109.3
33792,5087.6
33793,1571.3
33794,899.9
33795,396
33796,396
33797,900
33798,4763.7
33799,16019
33800,17027
33801,16355
33802,14339.1
33803,12995.2
33804,10475.4
33805,9131.5
33806,8123.5
33807,7115.6
33808,8123.5
33809,9467.4
33810,12491.2
33811,14675.1
33812,14003.1
33813,12827.2
33814,10475.4
33815,9131.5
33816,5099.7
33817,1574.6
33818,901.6
33819,396.4
33820,396.4
33821,901.6
33822,4775.1
33823,16058.5
33824,17068.9
33825,16395.3
33826,14374.4
33827,13027.1
33828,10501
33829,9153.7
33830,8143.2
33831,7132.8
33832,8143.2
33833,9490.5
33834,12521.9
33835,14711.2
33836,14037.5
33837,12858.7
33838,10501
33839,9153.7
33840,5111.9
33841,1578
33842,903.3
33843,396.8
33844,396.8
33845,903.3
33846,4786.4
33847,16098.1
33848,17111.1
33849,16435.7
33850,14409.8
33851,13059.1
33852,10526.7
33853,9176
33854,8163
33855,7150.1
33856,8163
33857,9513.7
33858,12552.6
33859,14747.4
33860,14072.1
33861,12890.3
33862,10526.7
33863,9176
33864,5124.1
33865,1581.4
33866,905
33867,397.3
33868,397.3
33869,905
33870,4797.9
33871,16137.9
33872,17153.4
33873,16476.4
33874,14445.3
33875,13091.3
33876,10552.5
33877,9198.5
33878,8182.9
33879,7167.4
33880,8182.9
33881,9537
33882,12583.5
33883,14783.8
33884,14106.8
33885,12922
33886,10552.5
33887,9198.5
33888,5136.4
33889,1584.8
33890,906.7
33891,397.7
33892,397.7
33893,906.7
33894,4809.3
33895,16177.8
33896,17195.9
33897,16517.2
33898,14481
33899,13123.6
33900,10578.4
33901,9221
33902,8202.9
33903,7184.8
33904,8202.9
33905,9560.3
33906,12614.6
33907,14820.4
33908,14141.7
33909,12953.9
33910,10578.4
33911,9221
33912,5148.7
33913,1588.2
33914,908.4
33915,398.1
33916,398.1
33917,908.4
33918,4820.9
33919,16217.9
33920,17238.5
33921,16558.1
33922,14516.9
33923,13156
33924,10604.4
33925,9243.6
33926,8223
33927,7202.3
33928,8223
33929,9583.8
33930,12645.7
33931,14857.1
33932,14176.6
33933,12985.9
33934,10604.4
33935,9243.6
33936,5161.1
33937,1591.6
33938,910.1
33939,398.5
33940,398.5
33941,910.1
33942,4832.4
33943,16258.1
33944,17281.3
33945,16599.2
33946,14552.8
33947,13188.5
33948,10630.5
33949,9266.3
33950,8243.1
33951,7219.9
33952,8243.1
33953,9607.3
33954,12676.9
33955,14893.9
33956,14211.7
33957,13018
33958,10630.5
33959,9266.3
33960,5173.5
33961,1595
33962,911.8
33963,399
33964,399
33965,911.8
33966,4844
33967,16298.5
33968,17324.3
33969,16640.4
33970,14588.9
33971,13221.2
33972,10656.7
33973,9289
33974,8263.3
33975,7237.5
33976,8263.3
33977,9631
33978,12708.3
33979,14930.8
33980,14246.9
33981,13050.2
33982,10656.7
33983,9289
33984,5185.9
33985,1598.5
33986,913.6
33987,399.4
33988,399.4
33989,913.6
33990,4855.6
33991,16339
33992,17367.3
33993,16681.7
33994,14625
33995,13253.9
33996,10683
33997,9311.8
33998,8283.5
33999,7255.1
34000,8283.5
34001,9654.6
34002,12739.7
34003,14967.8
34004,14282.2
34005,13082.5
34006,10683
34007,9311.8
34008,5198.4
34009,1601.9
34010,915.3
34011,399.8
34012,399.8
34013,915.3
34014,4867.3
34015,16379.5
34016,17410.5
34017,16723.2
34018,14661.3
34019,13286.7
34020,10709.3
34021,9334.7
34022,8303.8
34023,7272.8
34024,8303.8
34025,9678.4
34026,12771.2
34027,15004.9
34028,14317.6
34029,13114.9
34030,10709.3
34031,9334.7
34032,5210.9
34033,1605.4
34034,917
34035,400.3
34036,400.3
34037,917
34038,4878.9
34039,16420.2
34040,17453.7
34041,16764.7
34042,14697.6
34043,13319.5
34044,10735.7
34045,9357.6
34046,8324.1
34047,7290.6
34048,8324.1
34049,9702.2
34050,12802.8
34051,15042.1
34052,14353.1
34053,13147.3
34054,10735.7
34055,9357.6
34056,5223.5
34057,1608.8
34058,918.7
34059,400.7
34060,400.7
34061,918.8
34062,4890.6
34063,16460.9
34064,17497
34065,16806.3
34066,14734
34067,13352.5
34068,10762.1
34069,9380.6
34070,8344.5
34071,7308.3
34072,8344.5
34073,9726
34074,12834.4
34075,15079.4
34076,14388.6
34077,13179.8
34078,10762.1
34079,9380.6
34080,5236
34081,1612.3
34082,920.5
34083,401.1
34084,401.1
34085,920.5
34086,4902.4
34087,16501.7
34088,17540.4
34089,16847.9
34090,14770.5
34091,13385.5
34092,10788.6
34093,9403.6
34094,8364.9
34095,7326.1
34096,8364.9
34097,9749.8
34098,12866.1
34099,15116.7
34100,14424.2
34101,13212.3
34102,10788.6
34103,9403.6
34104,5248.6
34105,1615.8
34106,922.2
34107,401.6
34108,401.6
34109,922.2
34110,4914.1
34111,16542.5
34112,17583.9
34113,16889.7
34114,14806.9
34115,13418.5
34116,10815.1
34117,9426.6
34118,8385.3
34119,7343.9
34120,8385.3
34121,9773.7
34122,12897.8
34123,15154.1
34124,14459.8
34125,13244.9
34126,10815.1
34127,9426.6
34128,5261.2
34129,1619.3
34130,924
34131,402
34132,402
34133,924
34134,4925.8
34135,16583.4
34136,17627.4
34137,16931.4
34138,14843.5
34139,13451.5
34140,10841.6
34141,9449.7
34142,8405.7
34143,7361.8
34144,8405.7
34145,9797.7
34146,12929.5
34147,15191.5
34148,14495.5
34149,13277.5
34150,10841.6
34151,9449.7
34152,5273.8
34153,1622.7
34154,925.7
34155,402.4
34156,402.4
34157,925.7
34158,4937.6
34159,16624.3
34160,17670.9
34161,16973.2
34162,14880
34163,13484.6
34164,10868.2
34165,9472.7
34166,8426.2
34167,7379.6
34168,8426.2
34169,9821.6
34170,12961.3
34171,15228.9
34172,14531.2
34173,13310.2
34174,10868.2
34175,9472.7
34176,5286.4
34177,1626.2
34178,927.4
34179,402.9
34180,402.9
34181,927.5
34182,4949.3
34183,16665.2
34184,17714.4
34185,17015
34186,14916.6
34187,13517.7
34188,10894.7
34189,9495.8
34190,8446.6
34191,7397.4
34192,8446.6
34193,9845.5
34194,12993.1
34195,15266.3
34196,14566.9
34197,13342.8
34198,10894.7
34199,9495.8
34200,5299.1
34201,1629.7
34202,929.2
34203,403.3
34204,403.3
34205,929.2
34206,4961.1
34207,16706.2
34208,17758
34209,17056.8
34210,14953.2
34211,13550.8
34212,10921.3
34213,9518.9
34214,8467.1
34215,7415.3
34216,8467.1
34217,9869.5
34218,13024.9
34219,15303.8
34220,14602.6
34221,13375.5
34222,10921.3
34223,9518.9
34224,5311.7
34225,1633.2
34226,930.9
34227,403.7
34228,403.7
34229,930.9
34230,4972.8
34231,16747.1
34232,17801.5
34233,17098.6
34234,14989.7
34235,13583.9
34236,10947.8
34237,9542
34238,8487.5
34239,7433.1
34240,8487.5
34241,9893.4
34242,13056.7
34243,15341.2
34244,14638.3
34245,13408.1
34246,10947.8
34247,9542
34248,5324.3
34249,1636.7
34250,932.7
34251,404.2
34252,404.2
34253,932.7
34254,4984.6
34255,16788
34256,17845
34257,17140.3
34258,15026.3
34259,13616.9
34260,10974.4
34261,9565
34262,8508
34263,7451
34264,8508
34265,9917.4
34266,13088.4
34267,15378.6
34268,14673.9
34269,13440.8
34270,10974.4
34271,9565
34272,5336.9
34273,1640.1
34274,934.4
34275,404.6
34276,404.6
34277,934.4
34278,4996.3
34279,16828.8
34280,17888.5
34281,17182.1
34282,15062.8
34283,13650
34284,11000.9
34285,9588.1
34286,8528.4
34287,7468.8
34288,8528.4
34289,9941.3
34290,13120.1
34291,15416
34292,14709.6
34293,13473.4
34294,11000.9
34295,9588.1
34296,5349.5
34297,1643.6
34298,936.1
34299,405
34300,405
34301,936.2
34302,5008.1
34303,16869.7
34304,17931.9
34305,17223.7
34306,15099.3
34307,13683
34308,11027.4
34309,9611.1
34310,8548.8
34311,7486.6
34312,8548.8
34313,9965.1
34314,13151.8
34315,15453.3
34316,14745.2
34317,13505.9
34318,11027.4
34319,9611.1
34320,5362.1
34321,1647.1
34322,937.9
34323,405.5
34324,405.5
34325,937.9
34326,5019.8
34327,16910.4
34328,17975.2
34329,17265.4
34330,15135.7
34331,13715.9
34332,11053.8
34333,9634
34334,8569.2
34335,7504.4
34336,8569.2
34337,9989
34338,13183.5
34339,15490.6
34340,14780.7
34341,13538.4
34342,11053.8
34343,9634
34344,5374.7
34345,1650.6
34346,939.6
34347,405.9
34348,405.9
34349,939.6
34350,5031.4
34351,16951.1
34352,18018.5
34353,17306.9
34354,15172
34355,13748.8
34356,11080.2
34357,9657
34358,8589.6
34359,7522.1
34360,8589.6
34361,10012.8
34362,13215.1
34363,15527.9
34364,14816.2
34365,13570.9
34366,11080.2
34367,9657
34368,5387.3
34369,1654
34370,941.3
34371,406.3
34372,406.3
34373,941.3
34374,5043.1
34375,16991.7
34376,18061.7
34377,17348.4
34378,15208.3
34379,13781.6
34380,11106.6
34381,9679.9
34382,8609.9
34383,7539.8
34384,8609.9
34385,10036.5
34386,13246.6
34387,15565
34388,14851.7
34389,13603.3
34390,11106.6
34391,9679.9
34392,5399.8
34393,1657.5
34394,943.1
34395,406.8
34396,406.8
34397,943.1
34398,5054.7
34399,17032.2
34400,18104.8
34401,17389.7
34402,15244.5
34403,13814.4
34404,11132.9
34405,9702.7
34406,8630.1
34407,7557.5
34408,8630.1
34409,10060.3
34410,13278.1
34411,15602.1
34412,14887
34413,13635.6
34414,11132.9
34415,9702.7
34416,5412.3
34417,1660.9
34418,944.8
34419,407.2
34420,407.2
34421,944.8
34422,5066.4
34423,17072.6
34424,18147.8
34425,17431
34426,15280.6
34427,13847.1
34428,11159.1
34429,9725.5
34430,8650.3
34431,7575.1
34432,8650.3
34433,10083.9
34434,13309.5
34435,15639
34436,14922.2
34437,13667.9
34438,11159.1
34439,9725.5
34440,5424.7
34441,1664.3
34442,946.5
34443,407.6
34444,407.6
34445,946.5
34446,5077.9
34447,17112.9
34448,18190.7
34449,17472.2
34450,15316.6
34451,13879.6
34452,11185.2
34453,9748.2
34454,8670.5
34455,7592.7
34456,8670.5
34457,10107.5
34458,13340.7
34459,15675.9
34460,14957.4
34461,13700
34462,11185.2
34463,9748.2
34464,5437.2
34465,1667.7
34466,948.2
34467,408.1
34468,408.1
34469,948.2
34470,5089.5
34471,17153.1
34472,18233.4
34473,17513.2
34474,15352.5
34475,13912.1
34476,11211.3
34477,9770.9
34478,8690.5
34479,7610.2
34480,8690.5
34481,10131
34482,13371.9
34483,15712.6
34484,14992.4
34485,13732
34486,11211.3
34487,9770.9
34488,5449.6
34489,1671.2
34490,949.9
34491,408.5
34492,408.5
34493,949.9
34494,5101
34495,17193.1
34496,18276
34497,17554
34498,15388.3
34499,13944.4
34500,11237.2
34501,9793.4
34502,8710.5
34503,7627.7
34504,8710.5
34505,10154.4
34506,13403
34507,15749.2
34508,15027.3
34509,13764
34510,11237.2
34511,9793.4
34512,5461.9
34513,1674.6
34514,951.6
34515,408.9
34516,408.9
34517,951.6
34518,5112.4
34519,17232.9
34520,18318.4
34521,17594.7
34522,15423.9
34523,13976.7
34524,11263.1
34525,9815.9
34526,8730.5
34527,7645.1
34528,8730.5
34529,10177.7
34530,13434
34531,15785.7
34532,15062.1
34533,13795.8
34534,11263.1
34535,9815.9
34536,5474.2
34537,1677.9
34538,953.3
34539,409.3
34540,409.3
34541,953.3
34542,5123.8
34543,17272.6
34544,18360.6
34545,17635.3
34546,15459.4
34547,14008.8
34548,11288.9
34549,9838.3
34550,8750.3
34551,7662.4
34552,8750.3
34553,10200.9
34554,13464.8
34555,15822
34556,15096.7
34557,13827.4
34558,11288.9
34559,9838.3
34560,5486.5
34561,1681.3
34562,955
34563,409.7
34564,409.7
34565,955
34566,5135.2
34567,17312.1
34568,18402.6
34569,17675.6
34570,15494.7
34571,14040.7
34572,11314.5
34573,9860.6
34574,8770.1
34575,7679.6
34576,8770.1
34577,10224
34578,13495.5
34579,15858.2
34580,15131.2
34581,13859
34582,11314.5
34583,9860.6
34584,5498.6
34585,1684.6
34586,956.6
34587,410.2
34588,410.2
34589,956.7
34590,5146.4
34591,17351.5
34592,18444.5
34593,17715.8
34594,15529.8
34595,14072.5
34596,11340
34597,9882.7
34598,8789.7
34599,7696.8
34600,8789.7
34601,10247.1
34602,13526
34603,15894.2
34604,15165.5
34605,13890.3
34606,11340
34607,9882.7
34608,5510.8
34609,1688
34610,958.3
34611,410.6
34612,410.6
34613,958.3
34614,5157.7
34615,17390.6
34616,18486.1
34617,17755.8
34618,15564.8
34619,14104.1
34620,11365.4
34621,9904.8
34622,8809.3
34623,7713.8
34624,8809.3
34625,10269.9
34626,13556.4
34627,15930
34628,15199.6
34629,13921.6
34630,11365.4
34631,9904.8
34632,5522.9
34633,1691.3
34634,960
34635,411
34636,411
34637,960
34638,5168.9
34639,17429.5
34640,18527.5
34641,17795.5
34642,15599.6
34643,14135.6
34644,11390.7
34645,9926.7
34646,8828.8
34647,7730.8
34648,8828.8
34649,10292.7
34650,13586.6
34651,15965.6
34652,15233.6
34653,13952.6
34654,11390.7
34655,9926.7
34656,5534.9
34657,1694.6
34658,961.6
34659,411.4
34660,411.4
34661,961.6
34662,5180
34663,17468.2
34664,18568.7
34665,17835
34666,15634.1
34667,14166.9
34668,11415.8
34669,9948.6
34670,8848.1
34671,7747.7
34672,8848.1
34673,10315.4
34674,13616.7
34675,16001
34676,15267.3
34677,13983.5
34678,11415.8
34679,9948.6
34680,5546.8
34681,1697.9
34682,963.2
34683,411.8
34684,411.8
34685,963.3
34686,5191
34687,17506.7
34688,18609.6
34689,17874.3
34690,15668.5
34691,14198
34692,11440.8
34693,9970.2
34694,8867.3
34695,7764.4
34696,8867.3
34697,10337.9
34698,13646.5
34699,16036.1
34700,15300.9
34701,14014.2
34702,11440.8
34703,9970.2
34704,5558.7
34705,1701.1
34706,964.9
34707,412.2
34708,412.2
34709,964.9
34710,5202
34711,17544.9
34712,18650.2
34713,17913.3
34714,15702.7
34715,14228.9
34716,11465.6
34717,9991.8
34718,8886.4
34719,7781.1
34720,8886.4
34721,10360.2
34722,13676.2
34723,16071.1
34724,15334.2
34725,14044.7
34726,11465.6
34727,9991.8
34728,5570.4
34729,1704.4
34730,966.5
34731,412.6
34732,412.6
34733,966.5
34734,5212.9
34735,17582.8
34736,18690.6
34737,17952.1
34738,15736.6
34739,14259.6
34740,11490.2
34741,10013.2
34742,8905.4
34743,7797.7
34744,8905.4
34745,10382.4
34746,13705.7
34747,16105.8
34748,15367.3
34749,14074.9
34750,11490.2
34751,10013.2
34752,5582.2
34753,1707.6
34754,968.1
34755,413
34756,413
34757,968.1
34758,5223.7
34759,17620.5
34760,18730.7
34761,17990.6
34762,15770.3
34763,14290
34764,11514.6
34765,10034.4
34766,8924.3
34767,7814.1
34768,8924.3
34769,10404.5
34770,13735
34771,16140.3
34772,15400.2
34773,14105
34774,11514.6
34775,10034.4
34776,5593.8
34777,1710.8
34778,969.7
34779,413.4
34780,413.4
34781,969.7
34782,5234.5
34783,17657.9
34784,18770.5
34785,18028.8
34786,15803.7
34787,14320.3
34788,11538.9
34789,10055.5
34790,8943
34791,7830.4
34792,8943
34793,10426.4
34794,13764
34795,16174.5
34796,15432.8
34797,14134.9
34798,11538.9
34799,10055.5
34800,5605.3
34801,1713.9
34802,971.3
34803,413.8
34804,413.8
34805,971.3
34806,5245.1
34807,17695
34808,18810
34809,18066.7
34810,15836.8
34811,14350.3
34812,11563
34813,10076.4
34814,8961.5
34815,7846.6
34816,8961.5
34817,10448.1
34818,13792.8
34819,16208.5
34820,15465.2
34821,14164.5
34822,11563
34823,10076.4
34824,5616.8
34825,1717.1
34826,972.8
34827,414.2
34828,414.2
34829,972.8
34830,5255.7
34831,17731.8
34832,18849.1
34833,18104.3
34834,15869.7
34835,14380
34836,11586.9
34837,10097.2
34838,8979.9
34839,7862.7
34840,8979.9
34841,10469.6
34842,13821.4
34843,16242.2
34844,15497.3
34845,14193.8
34846,11586.9
34847,10097.2
34848,5628.1
34849,1720.2
34850,974.4
34851,414.6
34852,414.6
34853,974.4
34854,5266.2
34855,17768.3
34856,18887.9
34857,18141.5
34858,15902.3
34859,14409.6
34860,11610.6
34861,10117.8
34862,8998.2
34863,7878.6
34864,8998.2
34865,10491
34866,13849.8
34867,16275.5
34868,15529.1
34869,14223
34870,11610.6
34871,10117.8
34872,5639.4
34873,1723.3
34874,975.9
34875,415
34876,415
34877,975.9
34878,5276.6
34879,17804.5
34880,18926.4
34881,18178.5
34882,15934.7
34883,14438.8
34884,11634
34885,10138.2
34886,9016.3
34887,7894.4
34888,9016.3
34889,10512.1
34890,13877.8
34891,16308.6
34892,15560.7
34893,14251.8
34894,11634
34895,10138.2
34896,5650.5
34897,1726.3
34898,977.4
34899,415.4
34900,415.4
34901,977.5
34902,5286.9
34903,17840.4
34904,18964.5
34905,18215.1
34906,15966.7
34907,14467.8
34908,11657.3
34909,10158.4
34910,9034.2
34911,7910
34912,9034.2
34913,10533.1
34914,13905.7
34915,16341.4
34916,15592
34917,14280.4
34918,11657.3
34919,10158.4
34920,5661.6
34921,1729.3
34922,979
34923,415.7
34924,415.7
34925,979
34926,5297.1
34927,17875.8
34928,19002.3
34929,18251.3
34930,15998.4
34931,14496.5
34932,11680.3
34933,10178.4
34934,9051.9
34935,7925.5
34936,9051.9
34937,10553.9
34938,13933.2
34939,16373.9
34940,15622.9
34941,14308.7
34942,11680.3
34943,10178.4
34944,5672.6
34945,1732.3
34946,980.5
34947,416.1
34948,416.1
34949,980.5
34950,5307.2
34951,17911
34952,19039.7
34953,18287.2
34954,16029.8
34955,14524.9
34956,11703.1
34957,10198.2
34958,9069.5
34959,7940.8
34960,9069.5
34961,10574.4
34962,13960.5
34963,16406
34964,15653.6
34965,14336.8
34966,11703.1
34967,10198.2
34968,5683.4
34969,1735.3
34970,981.9
34971,416.5
34972,416.5
34973,981.9
34974,5317.1
34975,17945.8
34976,19076.7
34977,18322.7
34978,16060.9
34979,14553
34980,11725.7
34981,10217.8
34982,9086.9
34983,7956
34984,9086.9
34985,10594.8
34986,13987.5
34987,16437.9
34988,15683.9
34989,14364.5
34990,11725.7
34991,10217.8
34992,5694.1
34993,1738.2
34994,983.4
34995,416.9
34996,416.9
34997,983.4
34998,5327
34999,17980.1
35000,19113.3
35001,18357.9
35002,16091.6
35003,14580.8
35004,11748
35005,10237.2
35006,9104.1
35007,7971
35008,9104.1
35009,10614.9
35010,14014.2
35011,16469.3
35012,15713.9
35013,14391.9
35014,11748
35015,10237.2
35016,5704.7
35017,1741.1
35018,984.8
35019,417.2
35020,417.2
35021,984.9
35022,5336.8
35023,18014.2
35024,19149.4
35025,18392.6
35026,16122
35027,14608.3
35028,11770.1
35029,10256.4
35030,9121.1
35031,7985.8
35032,9121.1
35033,10634.8
35034,14040.7
35035,16500.4
35036,15743.6
35037,14419.1
35038,11770.1
35039,10256.4
35040,5715.2
35041,1744.9
35042,986.4
35043,417.6
35044,417.6
35045,986.4
35046,5347.5
35047,18051.5
35048,19189.2
35049,18430.7
35050,16155.4
35051,14638.5
35052,11794.3
35053,10277.4
35054,9139.7
35055,8002.1
35056,9139.7
35057,10656.6
35058,14069.6
35059,16534.6
35060,15776.2
35061,14448.9
35062,11794.3
35063,10277.4
35064,5726.7
35065,1747.2
35066,987.8
35067,418
35068,418
35069,987.9
35070,5357
35071,18084.6
35072,19224.4
35073,18464.6
35074,16185
35075,14665.3
35076,11815.8
35077,10296.1
35078,9156.3
35079,8016.5
35080,9156.3
35081,10676
35082,14095.4
35083,16564.9
35084,15805.1
35085,14475.3
35086,11815.8
35087,10296.1
35088,5737
35089,1749.9
35090,989.2
35091,418.3
35092,418.3
35093,989.2
35094,5366.4
35095,18117.4
35096,19259.3
35097,18498
35098,16214.3
35099,14691.8
35100,11837.1
35101,10314.6
35102,9172.7
35103,8030.8
35104,9172.7
35105,10695.2
35106,14120.8
35107,16594.9
35108,15833.6
35109,14501.4
35110,11837.1
35111,10314.6
35112,5747.1
35113,1752.7
35114,990.6
35115,418.7
35116,418.7
35117,990.6
35118,5375.7
35119,18149.7
35120,19293.6
35121,18531
35122,16243.1
35123,14717.9
35124,11858
35125,10332.8
35126,9188.9
35127,8044.9
35128,9188.9
35129,10714.1
35130,14145.9
35131,16624.4
35132,15861.8
35133,14527.2
35134,11858
35135,10332.8
35136,5757
35137,1755.4
35138,992
35139,419
35140,419
35141,992
35142,5384.9
35143,18181.6
35144,19327.5
35145,18563.6
35146,16271.6
35147,14743.7
35148,11878.7
35149,10350.8
35150,9204.8
35151,8058.8
35152,9204.8
35153,10732.8
35154,14170.7
35155,16653.6
35156,15889.6
35157,14552.7
35158,11878.7
35159,10350.8
35160,5766.9
35161,1758.1
35162,993.3
35163,419.3
35164,419.3
35165,993.3
35166,5393.9
35167,18213
35168,19361
35169,18595.7
35170,16299.7
35171,14769.1
35172,11899.1
35173,10368.5
35174,9220.5
35175,8072.5
35176,9220.5
35177,10751.1
35178,14195.1
35179,16682.4
35180,15917
35181,14577.7
35182,11899.1
35183,10368.5
35184,5776.6
35185,1760.7
35186,994.6
35187,419.7
35188,419.7
35189,994.6
35190,5402.8
35191,18244
35192,19393.9
35193,18627.3
35194,16327.4
35195,14794.1
35196,11919.2
35197,10385.9
35198,9236
35199,8086
35200,9236
35201,10769.3
35202,14219.1
35203,16710.7
35204,15944.1
35205,14602.5
35206,11919.2
35207,10385.9
35208,5786.1
35209,1763.4
35210,995.9
35211,420
35212,420
35213,995.9
35214,5411.6
35215,18274.5
35216,19426.4
35217,18658.5
35218,16354.6
35219,14818.8
35220,11939
35221,10403.1
35222,9251.2
35223,8099.3
35224,9251.2
35225,10787.1
35226,14242.8
35227,16738.6
35228,15970.7
35229,14626.8
35230,11939
35231,10403.1
35232,5795.5
35233,1765.9
35234,997.2
35235,420.3
35236,420.3
35237,997.2
35238,5420.2
35239,18304.5
35240,19458.3
35241,18689.1
35242,16381.5
35243,14843.1
35244,11958.5
35245,10420.1
35246,9266.3
35247,8112.4
35248,9266.3
35249,10804.7
35250,14266.1
35251,16766.1
35252,15996.9
35253,14650.8
35254,11958.5
35255,10420.1
35256,5804.8
35257,1768.4
35258,998.5
35259,420.6
35260,420.6
35261,998.5
35262,5428.7
35263,18334.1
35264,19489.8
35265,18719.3
35266,16407.9
35267,14867
35268,11977.7
35269,10436.7
35270,9281
35271,8125.3
35272,9281
35273,10822
35274,14289.1
35275,16793.1
35276,16022.7
35277,14674.3
35278,11977.7
35279,10436.7
35280,5813.9
35281,1770.9
35282,999.7
35283,420.9
35284,420.9
35285,999.7
35286,5437
35287,18363.1
35288,19520.7
35289,18749
35290,16433.9
35291,14890.4
35292,11996.5
35293,10453.1
35294,9295.6
35295,8138
35296,9295.6
35297,10839
35298,14311.7
35299,16819.7
35300,16048
35301,14697.5
35302,11996.5
35303,10453.1
35304,5822.9
35305,1773.4
35306,1000.9
35307,421.2
35308,421.2
35309,1000.9
35310,5445.2
35311,18391.7
35312,19551.1
35313,18778.2
35314,16459.4
35315,14913.5
35316,12015.1
35317,10469.2
35318,9309.9
35319,8150.5
35320,9309.9
35321,10855.7
35322,14333.8
35323,16845.8
35324,16072.9
35325,14720.3
35326,12015.1
35327,10469.2
35328,5831.7
35329,1775.8
35330,1002.1
35331,421.5
35332,421.5
35333,1002.1
35334,5453.3
35335,18419.7
35336,19580.9
35337,18806.8
35338,16484.5
35339,14936.2
35340,12033.3
35341,10485
35342,9323.9
35343,8162.7
35344,9323.9
35345,10872.1
35346,14355.6
35347,16871.5
35348,16097.4
35349,14742.7
35350,12033.3
35351,10485
35352,5840.4
35353,1778.1
35354,1003.3
35355,421.8
35356,421.8
35357,1003.3
35358,5461.2
35359,18447.3
35360,19610.2
35361,18834.9
35362,16509.1
35363,14958.5
35364,12051.1
35365,10500.6
35366,9337.6
35367,8174.7
35368,9337.6
35369,10888.2
35370,14377
35371,16896.7
35372,16121.4
35373,14764.7
35374,12051.1
35375,10500.6
35376,5848.8
35377,1780.4
35378,1004.4
35379,422.1
35380,422.1
35381,1004.4
35382,5469
35383,18474.3
35384,19638.9
35385,18862.5
35386,16533.2
35387,14980.3
35388,12068.7
35389,10515.8
35390,9351.1
35391,8186.5
35392,9351.1
35393,10904
35394,14398
35395,16921.4
35396,16145
35397,14786.2
35398,12068.7
35399,10515.8
35400,5857.2
35401,1782.7
35402,1005.6
35403,422.4
35404,422.4
35405,1005.6
35406,5476.6
35407,18500.8
35408,19667.1
35409,18889.5
35410,16556.9
35411,15001.7
35412,12085.9
35413,10530.7
35414,9364.4
35415,8198
35416,9364.4
35417,10919.5
35418,14418.6
35419,16945.6
35420,16168.1
35421,14807.3
35422,12085.9
35423,10530.7
35424,5865.3
35425,1784.9
35426,1006.7
35427,422.7
35428,422.7
35429,1006.7
35430,5484
35431,18526.7
35432,19694.7
35433,18916
35434,16580
35435,15022.7
35436,12102.7
35437,10545.4
35438,9377.4
35439,8209.4
35440,9377.4
35441,10934.7
35442,14438.7
35443,16969.4
35444,16190.7
35445,14828
35446,12102.7
35447,10545.4
35448,5873.3
35449,1787.1
35450,1007.7
35451,422.9
35452,422.9
35453,1007.8
35454,5491.3
35455,18552.1
35456,19721.7
35457,18942
35458,16602.7
35459,15043.2
35460,12119.2
35461,10559.7
35462,9390
35463,8220.4
35464,9390
35465,10949.5
35466,14458.4
35467,16992.6
35468,16212.8
35469,14848.3
35470,12119.2
35471,10559.7
35472,5881.2
35473,1789.2
35474,1008.8
35475,423.2
35476,423.2
35477,1008.8
35478,5498.4
35479,18576.9
35480,19748.1
35481,18967.3
35482,16624.9
35483,15063.3
35484,12135.3
35485,10573.7
35486,9402.5
35487,8231.3
35488,9402.5
35489,10964.1
35490,14477.7
35491,17015.3
35492,16234.5
35493,14868.1
35494,12135.3
35495,10573.7
35496,5888.8
35497,1791.3
35498,1009.8
35499,423.5
35500,423.5
35501,1009.8
35502,5505.4
35503,18601.2
35504,19773.9
35505,18992.1
35506,16646.6
35507,15082.9
35508,12151
35509,10587.3
35510,9414.6
35511,8241.8
35512,9414.6
35513,10978.3
35514,14496.5
35515,17037.5
35516,16255.7
35517,14887.5
35518,12151
35519,10587.3
35520,5896.3
35521,1793.3
35522,1010.8
35523,423.7
35524,423.7
35525,1010.9
35526,5512.2
35527,18624.9
35528,19799.1
35529,19016.3
35530,16667.8
35531,15102.1
35532,12166.4
35533,10600.7
35534,9426.4
35535,8252.2
35536,9426.4
35537,10992.1
35538,14514.9
35539,17059.2
35540,16276.3
35541,14906.4
35542,12166.4
35543,10600.7
35544,5903.6
35545,1795.3
35546,1011.8
35547,424
35548,424
35549,1011.8
35550,5518.9
35551,18648
35552,19823.7
35553,19039.9
35554,16688.4
35555,15120.8
35556,12181.4
35557,10613.7
35558,9438
35559,8262.3
35560,9438
35561,11005.7
35562,14532.9
35563,17080.3
35564,16296.5
35565,14924.8
35566,12181.4
35567,10613.7
35568,5910.8
35569,1797.2
35570,1012.8
35571,424.2
35572,424.2
35573,1012.8
35574,5525.3
35575,18670.5
35576,19847.7
35577,19062.9
35578,16708.6
35579,15139
35580,12196
35581,10626.5
35582,9449.3
35583,8272.1
35584,9449.3
35585,11018.8
35586,14550.4
35587,17101
35588,16316.2
35589,14942.8
35590,12196
35591,10626.5
35592,5917.7
35593,1799.1
35594,1013.7
35595,424.4
35596,424.4
35597,1013.7
35598,5531.6
35599,18692.5
35600,19871.1
35601,19085.3
35602,16728.2
35603,15156.7
35604,12210.3
35605,10638.8
35606,9460.2
35607,8281.7
35608,9460.2
35609,11031.7
35610,14567.4
35611,17121
35612,16335.3
35613,14960.3
35614,12210.3
35615,10638.8
35616,5924.5
35617,1800.9
35618,1014.6
35619,424.7
35620,424.7
35621,1014.6
35622,5537.8
35623,18713.8
35624,19893.8
35625,19107.1
35626,16747.2
35627,15174
35628,12224.1
35629,10650.9
35630,9470.9
35631,8291
35632,9470.9
35633,11044.2
35634,14584
35635,17140.6
35636,16353.9
35637,14977.3
35638,12224.1
35639,10650.9
35640,5931.1
35641,1802.7
35642,1015.5
35643,424.9
35644,424.9
35645,1015.5
35646,5543.7
35647,18734.6
35648,19915.8
35649,19128.3
35650,16765.8
35651,15190.8
35652,12237.6
35653,10662.6
35654,9481.3
35655,8300
35656,9481.3
35657,11056.3
35658,14600.1
35659,17159.5
35660,16372
35661,14993.9
35662,12237.6
35663,10662.6
35664,5937.5
35665,1804.4
35666,1016.4
35667,425.1
35668,425.1
35669,1016.4
35670,5549.5
35671,18754.7
35672,19937.2
35673,19148.9
35674,16783.8
35675,15207
35676,12250.6
35677,10673.9
35678,9491.4
35679,8308.8
35680,9491.4
35681,11068.1
35682,14615.8
35683,17178
35684,16389.6
35685,15009.9
35686,12250.6
35687,10673.9
35688,5943.7
35689,1806.1
35690,1017.2
35691,425.3
35692,425.3
35693,1017.2
35694,5555.1
35695,18774.2
35696,19958
35697,19168.8
35698,16801.2
35699,15222.8
35700,12263.3
35701,10684.9
35702,9501.1
35703,8317.3
35704,9501.1
35705,11079.5
35706,14630.9
35707,17195.8
35708,16406.6
35709,15025.5
35710,12263.3
35711,10684.9
35712,5949.7
35713,1807.7
35714,1018
35715,425.5
35716,425.5
35717,1018
35718,5560.5
35719,18793.1
35720,19978.1
35721,19188.1
35722,16818.1
35723,15238.1
35724,12275.6
35725,10695.6
35726,9510.6
35727,8325.5
35728,9510.6
35729,11090.6
35730,14645.6
35731,17213.1
35732,16423.1
35733,15040.6
35734,12275.6
35735,10695.6
35736,5955.5
35737,1809.3
35738,1018.8
35739,425.7
35740,425.7
35741,1018.8
35742,5565.8
35743,18811.4
35744,19997.5
35745,19206.8
35746,16834.4
35747,15252.9
35748,12287.4
35749,10705.9
35750,9519.7
35751,8333.5
35752,9519.7
35753,11101.2
35754,14659.8
35755,17229.8
35756,16439
35757,15055.2
35758,12287.4
35759,10705.9
35760,5961.2
35761,1810.8
35762,1019.5
35763,425.9
35764,425.9
35765,1019.5
35766,5570.8
35767,18829
35768,20016.3
35769,19224.8
35770,16850.2
35771,15267.1
35772,12298.9
35773,10715.8
35774,9528.5
35775,8341.2
35776,9528.5
35777,11111.6
35778,14673.5
35779,17245.9
35780,16454.4
35781,15069.2
35782,12298.9
35783,10715.8
35784,5966.6
35785,1812.2
35786,1020.3
35787,426.1
35788,426.1
35789,1020.3
35790,5575.7
35791,18846
35792,20034.4
35793,19242.1
35794,16865.4
35795,15280.8
35796,12309.9
35797,10725.4
35798,9537
35799,8348.6
35800,9537
35801,11121.5
35802,14686.7
35803,17261.5
35804,16469.2
35805,15082.8
35806,12309.9
35807,10725.4
35808,5971.9
35809,1813.6
35810,1020.9
35811,426.2
35812,426.2
35813,1021
35814,5580.4
35815,18862.3
35816,20051.8
35817,19258.8
35818,16880
35819,15294.1
35820,12320.5
35821,10734.6
35822,9545.2
35823,8355.8
35824,9545.2
35825,11131.1
35826,14699.4
35827,17276.4
35828,16483.5
35829,15095.8
35830,12320.5
35831,10734.6
35832,5976.9
35833,1815
35834,1021.6
35835,426.4
35836,426.4
35837,1021.6
35838,5584.9
35839,18878.1
35840,20068.5
35841,19274.9
35842,16894
35843,15306.8
35844,12330.7
35845,10743.5
35846,9553
35847,8362.6
35848,9553
35849,11140.3
35850,14711.5
35851,17290.8
35852,16497.2
35853,15108.4
35854,12330.7
35855,10743.5
35856,5981.7
35857,1816.3
35858,1022.3
35859,426.6
35860,426.6
35861,1022.3
35862,5589.3
35863,18893.1
35864,20084.5
35865,19290.2
35866,16907.5
35867,15318.9
35868,12340.5
35869,10751.9
35870,9560.6
35871,8369.2
35872,9560.6
35873,11149.1
35874,14723.2
35875,17304.6
35876,16510.3
35877,15120.4
35878,12340.5
35879,10751.9
35880,5986.4
35881,1817.5
35882,1022.9
35883,426.7
35884,426.7
35885,1022.9
35886,5593.4
35887,18907.5
35888,20099.8
35889,19304.9
35890,16920.3
35891,15330.6
35892,12349.8
35893,10760.1
35894,9567.8
35895,8375.4
35896,9567.8
35897,11157.5
35898,14734.4
35899,17317.8
35900,16522.9
35901,15131.9
35902,12349.8
35903,10760.1
35904,5990.8
35905,1818.7
35906,1023.5
35907,426.9
35908,426.9
35909,1023.5
35910,5597.3
35911,18921.2
35912,20114.4
35913,19319
35914,16932.6
35915,15341.7
35916,12358.7
35917,10767.8
35918,9574.6
35919,8381.4
35920,9574.6
35921,11165.5
35922,14745.1
35923,17330.3
35924,16534.9
35925,15142.8
35926,12358.7
35927,10767.8
35928,5995.1
35929,1819.8
35930,1024
35931,427
35932,427
35933,1024
35934,5601.1
35935,18934.3
35936,20128.3
35937,19332.3
35938,16944.3
35939,15352.2
35940,12367.2
35941,10775.2
35942,9581.2
35943,8387.1
35944,9581.2
35945,11173.2
35946,14755.2
35947,17342.3
35948,16546.3
35949,15153.2
35950,12367.2
35951,10775.2
35952,5999.1
35953,1820.9
35954,1024.5
35955,427.1
35956,427.1
35957,1024.5
35958,5604.7
35959,18946.7
35960,20141.5
35961,19345
35962,16955.3
35963,15362.3
35964,12375.2
35965,10782.2
35966,9587.4
35967,8392.5
35968,9587.4
35969,11180.4
35970,14764.9
35971,17353.6
35972,16557.1
35973,15163.1
35974,12375.2
35975,10782.2
35976,6002.9
35977,1821.9
35978,1025
35979,427.3
35980,427.3
35981,1025
35982,5608
35983,18958.4
35984,20154
35985,19356.9
35986,16965.8
35987,15371.7
35988,12382.8
35989,10788.8
35990,9593.2
35991,8397.7
35992,9593.2
35993,11187.3
35994,14774
35995,17364.3
35996,16567.3
35997,15172.5
35998,12382.8
35999,10788.8
36000,6006.5
36001,1822.8
36002,1025.5
36003,427.4
36004,427.4
36005,1025.5
36006,5611.2
36007,18969.5
36008,20165.7
36009,19368.2
36010,16975.7
36011,15380.7
36012,12390
36013,10795
36014,9598.7
36015,8402.5
36016,9598.7
36017,11193.7
36018,14782.5
36019,17374.4
36020,16576.9
36021,15181.3
36022,12390
36023,10795
36024,6009.9
36025,1823.7
36026,1026
36027,427.5
36028,427.5
36029,1026
36030,5614.2
36031,18979.8
36032,20176.8
36033,19378.8
36034,16985
36035,15389.1
36036,12396.7
36037,10800.8
36038,9603.9
36039,8407
36040,9603.9
36041,11199.8
36042,14790.6
36043,17383.9
36044,16586
36045,15189.6
36046,12396.7
36047,10800.8
36048,6013.1
36049,1824.6
36050,1026.4
36051,427.6
36052,427.6
36053,1026.4
36054,5617
36055,18989.5
36056,20187.1
36057,19388.7
36058,16993.6
36059,15396.9
36060,12403
36061,10806.3
36062,9608.8
36063,8411.2
36064,9608.8
36065,11205.5
36066,14798.1
36067,17392.8
36068,16594.4
36069,15197.3
36070,12403
36071,10806.3
36072,6016.1
36073,1825.3
36074,1026.7
36075,427.7
36076,427.7
36077,1026.8
36078,5619.5
36079,18998.5
36080,20196.6
36081,19397.9
36082,17001.7
36083,15404.2
36084,12408.9
36085,10811.4
36086,9613.3
36087,8415.1
36088,9613.3
36089,11210.7
36090,14805.1
36091,17401
36092,16602.3
36093,15204.5
36094,12408.9
36095,10811.4
36096,6018.9
36097,1826.1
36098,1027.1
36099,427.8
36100,427.8
36101,1027.1
36102,5621.9
36103,19006.8
36104,20205.5
36105,19406.4
36106,17009.1
36107,15410.9
36108,12414.3
36109,10816.1
36110,9617.4
36111,8418.8
36112,9617.4
36113,11215.6
36114,14811.6
36115,17408.6
36116,16609.5
36117,15211.1
36118,12414.3
36119,10816.1
36120,6021.5
36121,1826.7
36122,1027.4
36123,427.9
36124,427.9
36125,1027.4
36126,5624.1
36127,19014.4
36128,20213.6
36129,19414.2
36130,17015.9
36131,15417
36132,12419.2
36133,10820.4
36134,9621.2
36135,8422.1
36136,9621.2
36137,11220.1
36138,14817.5
36139,17415.6
36140,16616.2
36141,15217.2
36142,12419.2
36143,10820.4
36144,6023.8
36145,1827.3
36146,1027.7
36147,427.9
36148,427.9
36149,1027.7
36150,5626.1
36151,19021.4
36152,20221
36153,19421.2
36154,17022.1
36155,15422.6
36156,12423.7
36157,10824.3
36158,9624.7
36159,8425.1
36160,9624.7
36161,11224.1
36162,14822.9
36163,17421.9
36164,16622.2
36165,15222.7
36166,12423.7
36167,10824.3
36168,6026
36169,1827.9
36170,1028
36171,428
36172,428
36173,1028
36174,5627.9
36175,19027.6
36176,20227.6
36177,19427.6
36178,17027.7
36179,15427.7
36180,12427.7
36181,10827.8
36182,9627.8
36183,8427.8
36184,9627.8
36185,11227.8
36186,14827.7
36187,17427.6
36188,16627.7
36189,15227.7
36190,12427.7
36191,10827.8
36192,6027.9
36193,1828.3
36194,1028.2
36195,428.1
36196,428.1
36197,1028.2
36198,5629.5
36199,19033.1
36200,20233.5
36201,19433.3
36202,17032.6
36203,15432.2
36204,12431.3
36205,10830.9
36206,9630.6
36207,8430.2
36208,9630.6
36209,11231
36210,14832
36211,17432.7
36212,16632.5
36213,15232.1
36214,12431.3
36215,10830.9
36216,6029.6
36217,1828.8
36218,1028.4
36219,428.1
36220,428.1
36221,1028.4
36222,5630.9
36223,19038
36224,20238.6
36225,19438.2
36226,17036.9
36227,15436.1
36228,12434.5
36229,10833.6
36230,9633
36231,8432.4
36232,9633
36233,11233.8
36234,14835.8
36235,17437.1
36236,16636.7
36237,15236
36238,12434.5
36239,10833.6
36240,6031.1
36241,1829.1
36242,1028.6
36243,428.2
36244,428.2
36245,1028.6
36246,5632.1
36247,19042.1
36248,20243
36249,19442.4
36250,17040.6
36251,15439.4
36252,12437.2
36253,10836
36254,9635.1
36255,8434.2
36256,9635.1
36257,11236.3
36258,14839
36259,17440.9
36260,16640.3
36261,15239.3
36262,12437.2
36263,10836
36264,6032.4
36265,1829.4
36266,1028.8
36267,428.2
36268,428.2
36269,1028.8
36270,5633
36271,19045.6
36272,20246.7
36273,19445.9
36274,17043.7
36275,15442.2
36276,12439.4
36277,10837.9
36278,9636.8
36279,8435.7
36280,9636.8
36281,11238.3
36282,14841.6
36283,17444.1
36284,16643.3
36285,15242
36286,12439.4
36287,10837.9
36288,6033.4
36289,1829.7
36290,1028.9
36291,428.2
36292,428.2
36293,1028.9
36294,5633.8
36295,19048.3
36296,20249.6
36297,19448.7
36298,17046.1
36299,15444.4
36300,12441.2
36301,10839.4
36302,9638.1
36303,8436.9
36304,9638.1
36305,11239.9
36306,14843.8
36307,17446.6
36308,16645.7
36309,15244.2
36310,12441.2
36311,10839.4
36312,6034.3
36313,1829.9
36314,1029
36315,428.2
36316,428.2
36317,1029
36318,5634.4
36319,19050.3
36320,20251.7
36321,19450.8
36322,17047.9
36323,15446
36324,12442.5
36325,10840.6
36326,9639.2
36327,8437.7
36328,9639.2
36329,11241.1
36330,14845.3
36331,17448.4
36332,16647.5
36333,15245.8
36334,12442.5
36335,10840.6
36336,6034.9
36337,1830
36338,1029
36339,428.3
36340,428.3
36341,1029
36342,5634.8
36343,19051.6
36344,20253.2
36345,19452.1
36346,17049.1
36347,15447.1
36348,12443.3
36349,10841.3
36350,9639.8
36351,8438.3
36352,9639.8
36353,11241.8
36354,14846.4
36355,17449.6
36356,16648.6
36357,15246.9
36358,12443.3
36359,10841.3
36360,6035.3
36361,1830.1
36362,1029
36363,428.3
36364,428.3
36365,1029
36366,5635
36367,19052.3
36368,20253.8
36369,19452.8
36370,17049.7
36371,15447.6
36372,12443.7
36373,10841.7
36374,9640.1
36375,8438.6
36376,9640.1
36377,11242.2
36378,14846.8
36379,17450.2
36380,16649.2
36381,15247.4
36382,12443.7
36383,10841.7
36384,6035.5
36385,1830.1
36386,1029
36387,428.3
36388,428.3
36389,1029
36390,5635
36391,19052.2
36392,20253.7
36393,19452.7
36394,17049.6
36395,15447.6
36396,12443.7
36397,10841.6
36398,9640.1
36399,8438.6
36400,9640.1
36401,11242.2
36402,14846.8
36403,17450.1
36404,16649.1
36405,15247.3
36406,12443.7
36407,10841.6
36408,6035.5
36409,1830
36410,1029
36411,428.2
36412,428.2
36413,1029
36414,5634.7
36415,19051.4
36416,20252.9
36417,19451.9
36418,17048.9
36419,15446.9
36420,12443.2
36421,10841.2
36422,9639.7
36423,8438.2
36424,9639.7
36425,11241.7
36426,14846.2
36427,17449.4
36428,16648.4
36429,15246.7
36430,12443.2
36431,10841.2
36432,6035.2
36433,1829.9
36434,1028.9
36435,428.2
36436,428.2
36437,1028.9
36438,5634.3
36439,19049.9
36440,20251.3
36441,19450.4
36442,17047.6
36443,15445.7
36444,12442.2
36445,10840.4
36446,9639
36447,8437.6
36448,9639
36449,11240.8
36450,14845
36451,17448
36452,16647.1
36453,15245.5
36454,12442.2
36455,10840.4
36456,6034.8
36457,1829.7
36458,1028.8
36459,428.2
36460,428.2
36461,1028.8
36462,5633.7
36463,19047.7
36464,20249
36465,19448.1
36466,17045.6
36467,15443.9
36468,12440.8
36469,10839.1
36470,9637.9
36471,8436.6
36472,9637.9
36473,11239.5
36474,14843.3
36475,17446
36476,16645.2
36477,15243.7
36478,12440.8
36479,10839.1
36480,6034.1
36481,1829.5
36482,1028.7
36483,428.2
36484,428.2
36485,1028.7
36486,5632.8
36487,19044.8
36488,20245.9
36489,19445.2
36490,17043
36491,15441.6
36492,12438.9
36493,10837.5
36494,9636.4
36495,8435.3
36496,9636.4
36497,11237.8
36498,14841.1
36499,17443.4
36500,16642.7
36501,15241.4
36502,12438.9
36503,10837.5
36504,6033.2
36505,1829.2
36506,1028.6
36507,428.1
36508,428.1
36509,1028.6
36510,5631.8
36511,19041.2
36512,20242.1
36513,19441.5
36514,17039.8
36515,15438.7
36516,12436.6
36517,10835.5
36518,9634.6
36519,8433.8
36520,9634.6
36521,11235.7
36522,14838.3
36523,17440.1
36524,16639.5
36525,15238.5
36526,12436.6
36527,10835.5
36528,6032.1
36529,1828.8
36530,1028.4
36531,428.1
36532,428.1
36533,1028.4
36534,5630.6
36535,19036.9
36536,20237.5
36537,19437.1
36538,17036
36539,15435.2
36540,12433.8
36541,10833
36542,9632.5
36543,8431.9
36544,9632.5
36545,11233.2
36546,14834.9
36547,17436.2
36548,16635.8
36549,15235.1
36550,12433.8
36551,10833
36552,6030.8
36553,1828.4
36554,1028.2
36555,428
36556,428
36557,1028.2
36558,5629.1
36559,19031.9
36560,20232.2
36561,19432
36562,17031.5
36563,15431.2
36564,12430.5
36565,10830.2
36566,9630
36567,8429.7
36568,9630
36569,11230.3
36570,14831
36571,17431.6
36572,16631.4
36573,15231.1
36574,12430.5
36575,10830.2
36576,6029.2
36577,1828
36578,1027.9
36579,428
36580,428
36581,1027.9
36582,5627.5
36583,19026.2
36584,20226.1
36585,19426.2
36586,17026.4
36587,15426.6
36588,12426.8
36589,10827
36590,9627.1
36591,8427.2
36592,9627.1
36593,11227
36594,14826.6
36595,17426.4
36596,16626.5
36597,15226.6
36598,12426.8
36599,10827
36600,6027.5
36601,1827.4
36602,1027.7
36603,427.9
36604,427.9
36605,1027.7
36606,5625.7
36607,19019.8
36608,20219.3
36609,19419.7
36610,17020.7
36611,15421.4
36612,12422.7
36613,10823.4
36614,9623.9
36615,8424.4
36616,9623.9
36617,11223.2
36618,14821.7
36619,17420.5
36620,16620.9
36621,15221.5
36622,12422.7
36623,10823.4
36624,6025.5
36625,1826.8
36626,1027.4
36627,427.8
36628,427.8
36629,1027.4
36630,5623.6
36631,19012.7
36632,20211.8
36633,19412.4
36634,17014.4
36635,15415.7
36636,12418.1
36637,10819.4
36638,9620.4
36639,8421.4
36640,9620.4
36641,11219.1
36642,14816.2
36643,17414
36644,16614.7
36645,15215.8
36646,12418.1
36647,10819.4
36648,6023.3
36649,1826.2
36650,1027
36651,427.8
36652,427.8
36653,1027
36654,5621.4
36655,19005
36656,20203.5
36657,19404.5
36658,17007.4
36659,15409.4
36660,12413
36661,10815
36662,9616.5
36663,8418
36664,9616.5
36665,11214.5
36666,14810.1
36667,17406.9
36668,16607.9
36669,15209.6
36670,12413
36671,10815
36672,6020.9
36673,1825.5
36674,1026.7
36675,427.7
36676,427.7
36677,1026.7
36678,5619
36679,18996.5
36680,20194.5
36681,19395.8
36682,16999.8
36683,15402.5
36684,12407.6
36685,10810.2
36686,9612.3
36687,8414.3
36688,9612.3
36689,11209.6
36690,14803.5
36691,17399.2
36692,16600.5
36693,15202.9
36694,12407.6
36695,10810.2
36696,6018.3
36697,1824.7
36698,1026.3
36699,427.6
36700,427.6
36701,1026.3
36702,5616.3
36703,18987.3
36704,20184.7
36705,19386.5
36706,16991.7
36707,15395.1
36708,12401.6
36709,10805.1
36710,9607.7
36711,8410.3
36712,9607.7
36713,11204.2
36714,14796.4
36715,17390.8
36716,16592.5
36717,15195.6
36718,12401.6
36719,10805.1
36720,6015.5
36721,1026
36722,427.5
36723,427.5
36724,1025.9
36725,5613.5
36726,18977.5
36727,20174.3
36728,19376.4
36729,16982.9
36730,15387.2
36731,12395.2
36732,10799.5
36733,9602.7
36734,8406
36735,9602.7
36736,11198.4
36737,14788.8
36738,17381.8
36739,16583.9
36740,15187.7
36741,12395.2
36742,10799.5
36743,6012.4
36744,1823.7
36745,1025.6
36746,427.4
36747,427.4
36748,1025.4
36749,5610.5
36750,18967
36751,20163.1
36752,19365.7
36753,16973.5
36754,15378.6
36755,12388.4
36756,10793.6
36757,9597.5
36758,8401.4
36759,9597.5
36760,11192.3
36761,14780.6
36762,17372.2
36763,16574.8
36764,15179.3
36765,12388.4
36766,10793.6
36767,6009.2
36768,1822.8
36769,1025.1
36770,427.2
36771,427.2
36772,1024.9
36773,5607.3
36774,18955.8
36775,20151.1
36776,19354.2
36777,16963.4
36778,15369.6
36779,12381.1
36780,10787.3
36781,9591.9
36782,8396.5
36783,9591.9
36784,11185.7
36785,14771.9
36786,17361.9
36787,16565
36788,15170.4
36789,12381.1
36790,10787.3
36791,6005.7
36792,1821.9
36793,1024.6
36794,427.1
36795,427.1
36796,1024.4
36797,5603.8
36798,18943.9
36799,20138.5
36800,19342.1
36801,16952.8
36802,15360
36803,12373.4
36804,10780.6
36805,9585.9
36806,8391.3
36807,9585.9
36808,11178.8
36809,14762.7
36810,17351
36811,16554.6
36812,15160.9
36813,12373.4
36814,10780.6
36815,6002.1
36816,1820.8
36817,1024.1
36818,427
36819,427
36820,1023.9
36821,5600.2
36822,18931.3
36823,20125.2
36824,19329.3
36825,16941.6
36826,15349.8
36827,12365.3
36828,10773.5
36829,9579.7
36830,8385.8
36831,9579.7
36832,11171.4
36833,14752.9
36834,17339.5
36835,16543.7
36836,15150.9
36837,12365.3
36838,10773.5
36839,5998.2
36840,1819.8
36841,1023.5
36842,426.8
36843,426.8
36844,1023.3
36845,5596.4
36846,18918.1
36847,20111.1
36848,19315.8
36849,16929.8
36850,15339.1
36851,12356.7
36852,10766
36853,9573.1
36854,8380.1
36855,9573.1
36856,11163.7
36857,14742.7
36858,17327.5
36859,16532.1
36860,15140.3
36861,12356.7
36862,10766
36863,5994.1
36864,1818.7
36865,1022.9
36866,426.7
36867,426.7
36868,1022.8
36869,5592.5
36870,18904.2
36871,20096.3
36872,19301.6
36873,16917.4
36874,15327.9
36875,12347.7
36876,10758.2
36877,9566.1
36878,8374
36879,9566.1
36880,11155.6
36881,14731.9
36882,17314.7
36883,16520
36884,15129.2
36885,12347.7
36886,10758.2
36887,5989.8
36888,1817.5
36889,1022.3
36890,426.5
36891,426.5
36892,1022.1
36893,5588.3
36894,18889.7
36895,20080.8
36896,19286.7
36897,16904.4
36898,15316.2
36899,12338.2
36900,10750
36901,9558.8
36902,8367.7
36903,9558.8
36904,11147.1
36905,14720.6
36906,17301.4
36907,16507.3
36908,15117.6
36909,12338.2
36910,10750
36911,5985.3
36912,1816.2
36913,1021.7
36914,426.4
36915,426.4
36916,1021.5
36917,5583.9
36918,18874.5
36919,20064.7
36920,19271.2
36921,16890.8
36922,15303.9
36923,12328.4
36924,10741.4
36925,9551.2
36926,8361
36927,9551.2
36928,11138.2
36929,14708.8
36930,17287.5
36931,16494.1
36932,15105.5
36933,12328.4
36934,10741.4
36935,5980.6
36936,1814.9
36937,1021
36938,426.2
36939,426.2
36940,1020.8
36941,5579.4
36942,18858.6
36943,20047.8
36944,19255
36945,16876.6
36946,15291
36947,12318.1
36948,10732.5
36949,9543.3
36950,8354.1
36951,9543.3
36952,11128.9
36953,14696.5
36954,17273
36955,16480.2
36956,15092.8
36957,12318.1
36958,10732.5
36959,5975.7
36960,1813.6
36961,1020.3
36962,426
36963,426
36964,1020.1
36965,5574.6
36966,18842.1
36967,20030.2
36968,19238.2
36969,16861.9
36970,15277.7
36971,12307.4
36972,10723.2
36973,9535.1
36974,8346.9
36975,9535.1
36976,11119.2
36977,14683.6
36978,17257.9
36979,16465.8
36980,15079.7
36981,12307.4
36982,10723.2
36983,5970.7
36984,1812.2
36985,1019.6
36986,425.9
36987,425.9
36988,1019.4
36989,5569.7
36990,18825
36991,20012
36992,19220.6
36993,16846.6
36994,15263.8
36995,12296.2
36996,10713.5
36997,9526.5
36998,8339.4
36999,9526.5
37000,11109.2
37001,14670.3
37002,17242.2
37003,16450.9
37004,15066
37005,12296.2
37006,10713.5
37007,5965.4
37008,1810.7
37009,1018.9
37010,425.7
37011,425.7
37012,1018.6
37013,5564.6
37014,18807.2
37015,19993.1
37016,19202.5
37017,16830.7
37018,15249.5
37019,12284.7
37020,10703.5
37021,9517.6
37022,8331.7
37023,9517.6
37024,11098.8
37025,14656.5
37026,17226
37027,16435.4
37028,15051.8
37029,12284.7
37030,10703.5
37031,5959.9
37032,1809.2
37033,1018.1
37034,425.5
37035,425.5
37036,1017.8
37037,5559.3
37038,18788.8
37039,19973.5
37040,19183.7
37041,16814.2
37042,15234.6
37043,12272.8
37044,10693.1
37045,9508.4
37046,8323.7
37047,9508.4
37048,11088
37049,14642.2
37050,17209.1
37051,16419.3
37052,15037.1
37053,12272.8
37054,10693.1
37055,5954.2
37056,1807.6
37057,1017.3
37058,425.3
37059,425.3
37060,1017
37061,5553.8
37062,18769.7
37063,19953.3
37064,19164.2
37065,16797.2
37066,15219.2
37067,12260.4
37068,10682.4
37069,9498.9
37070,8315.4
37071,9498.9
37072,11076.9
37073,14627.4
37074,17191.7
37075,16402.7
37076,15021.9
37077,12260.4
37078,10682.4
37079,5948.3
37080,1806
37081,1016.5
37082,425.1
37083,425.1
37084,1016.2
37085,5548.2
37086,18750.1
37087,19932.3
37088,19144.2
37089,16779.6
37090,15203.3
37091,12247.6
37092,10671.3
37093,9489
37094,8306.8
37095,9489
37096,11065.4
37097,14612.2
37098,17173.7
37099,16385.6
37100,15006.3
37101,12247.6
37102,10671.3
37103,5942.3
37104,1804.4
37105,1015.6
37106,424.9
37107,424.8
37108,1015.3
37109,5542.4
37110,18729.8
37111,19910.8
37112,19123.5
37113,16761.5
37114,15186.9
37115,12234.5
37116,10659.9
37117,9478.9
37118,8297.9
37119,9478.9
37120,11053.5
37121,14596.4
37122,17155.2
37123,16367.9
37124,14990.1
37125,12234.5
37126,10659.9
37127,5936
37128,1802.6
37129,1014.7
37130,424.6
37131,424.6
37132,1014.5
37133,5536.4
37134,18708.9
37135,19888.6
37136,19102.1
37137,16742.9
37138,15170
37139,12220.9
37140,10648.1
37141,9468.5
37142,8288.8
37143,9468.5
37144,11041.3
37145,14580.2
37146,17136.1
37147,16349.7
37148,14973.4
37149,12220.9
37150,10648.1
37151,5929.6
37152,1800.8
37153,1013.8
37154,424.4
37155,424.4
37156,1013.5
37157,5530.2
37158,18687.4
37159,19865.7
37160,19080.2
37161,16723.7
37162,15152.7
37163,12207
37164,10636
37165,9457.7
37166,8279.5
37167,9457.7
37168,11028.7
37169,14563.5
37170,17116.4
37171,16330.9
37172,14956.3
37173,12207
37174,10636
37175,5922.9
37176,1799
37177,1012.9
37178,424.2
37179,424.2
37180,1012.6
37181,5523.8
37182,18665.4
37183,19842.2
37184,19057.6
37185,16703.9
37186,15134.8
37187,12192.7
37188,10623.5
37189,9446.7
37190,8269.8
37191,9446.7
37192,11015.8
37193,14546.4
37194,17096.2
37195,16311.7
37196,14938.7
37197,12192.7
37198,10623.5
37199,5916.1
37200,1797.1
37201,1011.9
37202,423.9
37203,423.9
37204,1011.6
37205,5517.3
37206,18642.7
37207,19818.1
37208,19034.5
37209,16683.7
37210,15116.5
37211,12178
37212,10610.7
37213,9435.3
37214,8259.9
37215,9435.3
37216,11002.6
37217,14528.8
37218,17075.5
37219,16291.9
37220,14920.6
37221,12178
37222,10610.7
37223,5909.1
37224,1795.2
37225,1011
37226,423.7
37227,423.7
37228,1010.6
37229,5510.7
37230,18619.4
37231,19793.4
37232,19010.7
37233,16662.9
37234,15097.7
37235,12162.9
37236,10597.6
37237,9423.7
37238,8249.8
37239,9423.7
37240,10988.9
37241,14510.7
37242,17054.2
37243,16271.6
37244,14902
37245,12162.9
37246,10597.6
37247,5902
37248,1793.2
37249,1010
37250,423.4
37251,423.4
37252,1009.6
37253,5503.8
37254,18595.6
37255,19768
37256,18986.4
37257,16641.6
37258,15078.4
37259,12147.4
37260,10584.2
37261,9411.8
37262,8239.4
37263,9411.8
37264,10975
37265,14492.2
37266,17032.4
37267,16250.8
37268,14883
37269,12147.4
37270,10584.2
37271,5894.6
37272,1791.2
37273,1008.9
37274,423.2
37275,423.2
37276,1008.6
37277,5496.8
37278,18571.2
37279,19742
37280,18961.5
37281,16619.8
37282,15058.7
37283,12131.6
37284,10570.4
37285,9399.6
37286,8228.8
37287,9399.6
37288,10960.7
37289,14473.3
37290,17010.1
37291,16229.5
37292,14863.5
37293,12131.6
37294,10570.4
37295,5887.1
37296,1789.1
37297,1007.9
37298,422.9
37299,422.9
37300,1007.5
37301,5489.6
37302,18546.2
37303,19715.5
37304,18936
37305,16597.5
37306,15038.5
37307,12115.4
37308,10556.4
37309,9387.1
37310,8217.9
37311,9387.1
37312,10946.1
37313,14453.9
37314,16987.2
37315,16207.7
37316,14843.6
37317,12115.4
37318,10556.4
37319,5879.4
37320,1787
37321,1006.8
37322,422.6
37323,422.6
37324,1006.4
37325,5482.3
37326,18520.7
37327,19688.4
37328,18909.9
37329,16574.7
37330,15017.9
37331,12098.8
37332,10542
37333,9374.4
37334,8206.7
37335,9374.4
37336,10931.2
37337,14434.1
37338,16963.9
37339,16185.5
37340,14823.3
37341,12098.8
37342,10542
37343,5871.5
37344,1784.8
37345,1005.7
37346,422.4
37347,422.3
37348,1005.3
37349,5474.8
37350,18494.7
37351,19660.6
37352,18883.3
37353,16551.4
37354,14996.8
37355,12081.9
37356,10527.3
37357,9361.3
37358,8195.4
37359,9361.3
37360,10915.9
37361,14413.8
37362,16940.1
37363,16162.8
37364,14802.5
37365,12081.9
37366,10527.3
37367,5863.5
37368,1782.6
37369,1004.6
37370,422.1
37371,422.1
37372,1004.2
37373,5467.2
37374,18468.1
37375,19632.3
37376,18856.2
37377,16527.6
37378,14975.3
37379,12064.6
37380,10512.3
37381,9348
37382,8183.8
37383,9348
37384,10900.4
37385,14393.2
37386,16915.7
37387,16139.5
37388,14781.2
37389,12064.6
37390,10512.3
37391,5855.3
37392,1780.4
37393,1003.4
37394,421.8
37395,421.8
37396,1003.1
37397,5459.4
37398,18440.9
37399,19603.5
37400,18828.4
37401,16503.4
37402,14953.4
37403,12047
37404,10497
37405,9334.5
37406,8171.9
37407,9334.5
37408,10884.5
37409,14372.1
37410,16890.9
37411,16115.9
37412,14759.6
37413,12047
37414,10497
37415,5846.9
37416,1778
37417,1002.2
37418,421.5
37419,421.5
37420,1001.9
37421,5451.4
37422,18413.3
37423,19574
37424,18800.2
37425,16478.7
37426,14931
37427,12029.1
37428,10481.4
37429,9320.6
37430,8159.9
37431,9320.6
37432,10868.3
37433,14350.6
37434,16865.6
37435,16091.8
37436,14737.5
37437,12029.1
37438,10481.4
37439,5838.4
37440,1775.7
37441,1001.1
37442,421.2
37443,421.2
37444,1000.7
37445,5443.4
37446,18385.1
37447,19544.1
37448,18771.4
37449,16453.5
37450,14908.2
37451,12010.8
37452,10465.5
37453,9306.6
37454,8147.6
37455,9306.6
37456,10851.8
37457,14328.7
37458,16839.8
37459,16067.2
37460,14715.1
37461,12010.8
37462,10465.5
37463,5829.7
37464,1773.3
37465,999.8
37466,420.9
37467,420.9
37468,999.5
37469,5435.1
37470,18356.4
37471,19513.6
37472,18742.1
37473,16427.9
37474,14885
37475,11992.2
37476,10449.4
37477,9292.2
37478,8135.1
37479,9292.2
37480,10835.1
37481,14306.5
37482,16813.6
37483,16042.2
37484,14692.2
37485,11992.2
37486,10449.4
37487,5820.8
37488,1770.9
37489,998.6
37490,420.6
37491,420.6
37492,998.2
37493,5426.7
37494,18327.3
37495,19482.5
37496,18712.4
37497,16401.8
37498,14861.4
37499,11973.3
37500,10432.9
37501,9277.6
37502,8122.4
37503,9277.6
37504,10818
37505,14283.8
37506,16786.9
37507,16016.7
37508,14668.9
37509,11973.3
37510,10432.9
37511,5811.8
37512,1768.4
37513,997.3
37514,420.3
37515,420.3
37516,997
37517,5418.2
37518,18297.6
37519,19451
37520,18682.1
37521,16375.3
37522,14837.5
37523,11954
37524,10416.2
37525,9262.8
37526,8109.4
37527,9262.8
37528,10800.6
37529,14260.8
37530,16759.8
37531,15990.8
37532,14645.2
37533,11954
37534,10416.2
37535,5802.7
37536,1765.8
37537,996.1
37538,419.9
37539,419.9
37540,995.7
37541,5409.6
37542,18267.5
37543,19418.9
37544,18651.3
37545,16348.4
37546,14813.1
37547,11934.5
37548,10399.2
37549,9247.7
37550,8096.3
37551,9247.7
37552,10783
37553,14237.4
37554,16732.2
37555,15964.5
37556,14621.2
37557,11934.5
37558,10399.2
37559,5793.4
37560,1763.3
37561,994.8
37562,419.6
37563,419.6
37564,994.4
37565,5400.8
37566,18236.8
37567,19386.3
37568,18620
37569,16321
37570,14788.3
37571,11914.6
37572,10381.9
37573,9232.4
37574,8082.9
37575,9232.4
37576,10765.1
37577,14213.6
37578,16704.2
37579,15937.8
37580,14596.7
37581,11914.6
37582,10381.9
37583,5783.9
37584,1760.7
37585,993.5
37586,419.3
37587,419.3
37588,993
37589,5391.8
37590,18205.8
37591,19353.3
37592,18588.3
37593,16293.2
37594,14763.2
37595,11894.4
37596,10364.4
37597,9216.9
37598,8069.4
37599,9216.9
37600,10746.9
37601,14189.4
37602,16675.7
37603,15910.7
37604,14572
37605,11894.4
37606,10364.4
37607,5774.3
37608,1758
37609,992.1
37610,419
37611,418.9
37612,991.7
37613,5382.8
37614,18174.2
37615,19319.7
37616,18556.1
37617,16265
37618,14737.7
37619,11874
37620,10346.6
37621,9201.1
37622,8055.6
37623,9201.1
37624,10728.4
37625,14165
37626,16646.9
37627,15883.2
37628,14546.8
37629,11874
37630,10346.6
37631,5764.6
37632,1755.3
37633,990.8
37634,418.6
37635,418.6
37636,990.3
37637,5373.6
37638,18142.2
37639,19285.7
37640,18523.4
37641,16236.5
37642,14711.9
37643,11853.2
37644,10328.6
37645,9185.1
37646,8041.7
37647,9185.1
37648,10709.7
37649,14140.1
37650,16617.6
37651,15855.3
37652,14521.3
37653,11853.2
37654,10328.6
37655,5754.7
37656,1752.6
37657,989.4
37658,418.3
37659,418.3
37660,989
37661,5364.3
37662,18109.8
37663,19251.2
37664,18490.3
37665,16207.5
37666,14685.6
37667,11832.2
37668,10310.3
37669,9168.9
37670,8027.5
37671,9168.9
37672,10690.8
37673,14115
37674,16588
37675,15827
37676,14495.4
37677,11832.2
37678,10310.3
37679,5744.7
37680,1749.9
37681,988
37682,417.9
37683,417.9
37684,987.6
37685,5354.9
37686,18077
37687,19216.3
37688,18456.8
37689,16178.2
37690,14659.1
37691,11810.9
37692,10291.8
37693,9152.5
37694,8013.2
37695,9152.5
37696,10671.6
37697,14089.5
37698,16557.9
37699,15798.4
37700,14469.2
37701,11810.9
37702,10291.8
37703,5734.6
37704,1747.1
37705,986.6
37706,417.6
37707,417.6
37708,986.2
37709,5345.3
37710,18043.7
37711,19180.9
37712,18422.8
37713,16148.4
37714,14632.2
37715,11789.3
37716,10273
37717,9135.9
37718,7998.7
37719,9135.9
37720,10652.1
37721,14063.6
37722,16527.5
37723,15769.4
37724,14442.7
37725,11789.3
37726,10273
37727,5724.3
37728,1744.2
37729,985.2
37730,417.2
37731,417.2
37732,984.7
37733,5335.6
37734,18010.1
37735,19145.1
37736,18388.4
37737,16118.4
37738,14605
37739,11767.4
37740,10254.1
37741,9119
37742,7984
37743,9119
37744,10632.4
37745,14037.5
37746,16496.7
37747,15740
37748,14415.8
37749,11767.4
37750,10254.1
37751,5714
37752,1741.4
37753,983.7
37754,416.8
37755,416.8
37756,983.3
37757,5325.9
37758,17976
37759,19108.9
37760,18353.6
37761,16087.9
37762,14577.5
37763,11745.3
37764,10234.9
37765,9102
37766,7969.2
37767,9102
37768,10612.5
37769,14011
37770,16465.6
37771,15710.3
37772,14388.7
37773,11745.3
37774,10234.9
37775,5703.5
37776,1738.5
37777,982.3
37778,416.5
37779,416.5
37780,981.8
37781,5316
37782,17941.6
37783,19072.2
37784,18318.5
37785,16057.2
37786,14549.6
37787,11723
37788,10215.4
37789,9084.8
37790,7954.1
37791,9084.8
37792,10592.3
37793,13984.3
37794,16434
37795,15680.3
37796,14361.2
37797,11723
37798,10215.4
37799,5692.8
37800,1735.5
37801,980.8
37802,416.1
37803,416.1
37804,980.3
37805,5306
37806,17906.8
37807,19035.2
37808,18282.9
37809,16026
37810,14521.5
37811,11700.4
37812,10195.8
37813,9067.4
37814,7939
37815,9067.4
37816,10572
37817,13957.3
37818,16402.2
37819,15649.9
37820,14333.4
37821,11700.4
37822,10195.8
37823,5682.1
37824,1732.6
37825,979.3
37826,415.7
37827,415.7
37828,978.8
37829,5295.9
37830,17871.6
37831,18997.8
37832,18247
37833,15994.6
37834,14493
37835,11677.6
37836,10176
37837,9049.8
37838,7923.6
37839,9049.8
37840,10551.4
37841,13929.9
37842,16370
37843,15619.2
37844,14305.3
37845,11677.6
37846,10176
37847,5671.2
37848,1729.6
37849,977.8
37850,415.4
37851,415.3
37852,977.3
37853,5285.6
37854,17836.1
37855,18960
37856,18210.7
37857,15962.9
37858,14464.3
37859,11654.5
37860,10155.9
37861,9032
37862,7908.1
37863,9032
37864,10530.6
37865,13902.3
37866,16337.5
37867,15588.2
37868,14277
37869,11654.5
37870,10155.9
37871,5660.3
37872,1726.6
37873,976.3
37874,415
37875,415
37876,975.8
37877,5275.3
37878,17800.2
37879,18921.8
37880,18174.1
37881,15930.8
37882,14435.3
37883,11631.2
37884,10135.7
37885,9014.1
37886,7892.5
37887,9014.1
37888,10509.6
37889,13874.5
37890,16304.7
37891,15556.9
37892,14248.4
37893,11631.2
37894,10135.7
37895,5649.2
37896,1723.5
37897,974.7
37898,414.6
37899,414.6
37900,974.3
37901,5264.9
37902,17764
37903,18883.3
37904,18137.1
37905,15898.4
37906,14406
37907,11607.7
37908,10115.3
37909,8996
37910,7876.7
37911,8996
37912,10488.4
37913,13846.4
37914,16271.5
37915,15525.3
37916,14219.5
37917,11607.7
37918,10115.3
37919,5638
37920,1720.4
37921,973.2
37922,414.2
37923,414.2
37924,972.7
37925,5254.4
37926,17727.4
37927,18844.4
37928,18099.8
37929,15865.8
37930,14376.5
37931,11584
37932,10094.7
37933,8977.7
37934,7860.7
37935,8977.7
37936,10467
37937,13818
37938,16238.1
37939,15493.5
37940,14190.3
37941,11584
37942,10094.7
37943,5626.8
37944,1717.3
37945,971.6
37946,413.8
37947,413.8
37948,971.1
37949,5243.9
37950,17690.6
37951,18805.2
37952,18062.1
37953,15832.9
37954,14346.7
37955,11560.1
37956,10073.9
37957,8959.3
37958,7844.7
37959,8959.3
37960,10445.5
37961,13789.4
37962,16204.4
37963,15461.3
37964,14160.9
37965,11560.1
37966,10073.9
37967,5615.4
37968,1714.2
37969,970
37970,413.4
37971,413.4
37972,969.6
37973,5233.2
37974,17653.4
37975,18765.7
37976,18024.2
37977,15799.7
37978,14316.6
37979,11536
37980,10053
37981,8940.7
37982,7828.5
37983,8940.7
37984,10423.7
37985,13760.5
37986,16170.4
37987,15428.9
37988,14131.3
37989,11536
37990,10053
37991,5603.9
37992,1711
37993,968.5
37994,413
37995,413
37996,968
37997,5222.4
37998,17616
37999,18725.9
38000,17986
38001,15766.2
38002,14286.4
38003,11511.7
38004,10031.9
38005,8922
38006,7812.1
38007,8922
38008,10401.8
38009,13731.4
38010,16136.2
38011,15396.3
38012,14101.4
38013,11511.7
38014,10031.9
38015,5592.4
38016,1707.8
38017,966.9
38018,412.6
38019,412.6
38020,966.4
38021,5211.6
38022,17578.3
38023,18685.7
38024,17947.4
38025,15732.5
38026,14255.9
38027,11487.2
38028,10010.6
38029,8903.1
38030,7795.7
38031,8903.1
38032,10379.8
38033,13702.2
38034,16101.7
38035,15363.3
38036,14071.3
38037,11487.2
38038,10010.6
38039,5580.8
38040,1704.6
38041,965.2
38042,412.2
38043,412.2
38044,964.7
38045,5200.7
38046,17540.3
38047,18645.3
38048,17908.6
38049,15698.6
38050,14225.2
38051,11462.6
38052,9989.2
38053,8884.2
38054,7779.1
38055,8884.2
38056,10357.5
38057,13672.7
38058,16066.9
38059,15330.2
38060,14041
38061,11462.6
38062,9989.2
38063,5569
38064,1701.4
38065,963.6
38066,411.8
38067,411.8
38068,963.1
38069,5189.7
38070,17502.1
38071,18604.7
38072,17869.6
38073,15664.4
38074,14194.3
38075,11437.8
38076,9967.6
38077,8865
38078,7762.4
38079,8865
38080,10335.2
38081,13643
38082,16031.9
38083,15296.9
38084,14010.5
38085,11437.8
38086,9967.6
38087,5557.2
38088,1698.1
38089,962
38090,411.4
38091,411.4
38092,961.5
38093,5178.7
38094,17463.6
38095,18563.7
38096,17830.3
38097,15630
38098,14163.1
38099,11412.8
38100,9945.9
38101,8845.8
38102,7745.6
38103,8845.8
38104,10312.6
38105,13613.1
38106,15996.7
38107,15263.3
38108,13979.8
38109,11412.8
38110,9945.9
38111,5545.4
38112,1694.9
38113,960.3
38114,411
38115,411
38116,959.8
38117,5167.5
38118,17424.8
38119,18522.5
38120,17790.7
38121,15595.4
38122,14131.8
38123,11387.7
38124,9924.1
38125,8826.4
38126,7728.8
38127,8826.4
38128,10290
38129,13583
38130,15961.3
38131,15229.5
38132,13948.9
38133,11387.7
38134,9924.1
38135,5533.4
38136,1691.6
38137,958.7
38138,410.6
38139,410.6
38140,958.2
38141,5156.3
38142,17385.9
38143,18481.1
38144,17751
38145,15560.6
38146,14100.3
38147,11362.4
38148,9902.1
38149,8807
38150,7711.8
38151,8807
38152,10267.2
38153,13552.8
38154,15925.7
38155,15195.5
38156,13917.8
38157,11362.4
38158,9902.1
38159,5521.4
38160,1688.3
38161,957
38162,410.2
38163,410.1
38164,956.5
38165,5145.1
38166,17346.7
38167,18439.4
38168,17711
38169,15525.6
38170,14068.7
38171,11337
38172,9880.1
38173,8787.4
38174,7694.7
38175,8787.4
38176,10244.3
38177,13522.3
38178,15889.8
38179,15161.4
38180,13886.6
38181,11337
38182,9880.1
38183,5509.3
38184,1684.9
38185,955.3
38186,409.7
38187,409.7
38188,954.8
38189,5133.8
38190,17307.4
38191,18397.6
38192,17670.8
38193,15490.4
38194,14036.9
38195,11311.4
38196,9857.9
38197,8767.7
38198,7677.5
38199,8767.7
38200,10221.3
38201,13491.8
38202,15853.8
38203,15127
38204,13855.2
38205,11311.4
38206,9857.9
38207,5497.2
38208,1681.6
38209,953.7
38210,409.3
38211,409.3
38212,953.1
38213,5122.4
38214,17267.9
38215,18355.5
38216,17630.4
38217,15455.1
38218,14004.9
38219,11285.8
38220,9835.6
38221,8747.9
38222,7660.3
38223,8747.9
38224,10198.1
38225,13461.1
38226,15817.7
38227,15092.6
38228,13823.6
38229,11285.8
38230,9835.6
38231,5485
38232,1678.2
38233,952
38234,408.9
38235,408.9
38236,951.5
38237,5111
38238,17228.1
38239,18313.3
38240,17589.8
38241,15419.6
38242,13972.8
38243,11260
38244,9813.2
38245,8728.1
38246,7643
38247,8728.1
38248,10174.9
38249,13430.2
38250,15781.3
38251,15057.9
38252,13791.9
38253,11260
38254,9813.2
38255,5472.7
38256,1674.8
38257,950.3
38258,408.5
38259,408.5
38260,949.8
38261,5099.6
38262,17188.3
38263,18270.8
38264,17549.1
38265,15384
38266,13940.6
38267,11234.1
38268,9790.7
38269,8708.1
38270,7625.6
38271,8708.1
38272,10151.6
38273,13399.3
38274,15744.8
38275,15023.1
38276,13760.1
38277,11234.1
38278,9790.7
38279,5460.4
38280,1671.4
38281,948.6
38282,408
38283,408
38284,948.1
38285,5088.1
38286,17148.2
38287,18228.2
38288,17508.2
38289,15348.2
38290,13908.2
38291,11208.1
38292,9768.1
38293,8688.1
38294,7608.1
38295,8688.1
38296,10128.1
38297,13368.2
38298,15708.2
38299,14988.2
38300,13728.2
38301,11208.1
38302,9768.1
38303,5448.1
38304,1668
38305,946.9
38306,407.6
38307,407.6
38308,946.3
38309,5076.5
38310,17108.1
38311,18185.5
38312,17467.2
38313,15312.3
38314,13875.7
38315,11182.1
38316,9745.5
38317,8668
38318,7590.6
38319,8668
38320,10104.6
38321,13337
38322,15671.5
38323,14953.2
38324,13696.1
38325,11182.1
38326,9745.5
38327,5435.7
38328,1664.6
38329,945.2
38330,407.2
38331,407.2
38332,944.6
38333,5065
38334,17067.8
38335,18142.6
38336,17426
38337,15276.3
38338,13843.1
38339,11155.9
38340,9722.8
38341,8647.9
38342,7573
38343,8647.9
38344,10081
38345,13305.7
38346,15634.6
38347,14918
38348,13664
38349,11155.9
38350,9722.8
38351,5423.2
38352,1661.2
38353,943.4
38354,406.8
38355,406.7
38356,942.9
38357,5053.4
38358,17027.3
38359,18099.6
38360,17384.8
38361,15240.2
38362,13810.4
38363,11129.7
38364,9700
38365,8627.7
38366,7555.4
38367,8627.7
38368,10057.4
38369,13274.3
38370,15597.6
38371,14882.7
38372,13631.7
38373,11129.7
38374,9700
38375,5410.8
38376,1657.7
38377,941.7
38378,406.3
38379,406.3
38380,941.2
38381,5041.7
38382,16986.8
38383,18056.5
38384,17343.4
38385,15204
38386,13777.7
38387,11103.4
38388,9677.1
38389,8607.4
38390,7537.7
38391,8607.4
38392,10033.7
38393,13242.8
38394,15560.5
38395,14847.4
38396,13599.4
38397,11103.4
38398,9677.1
38399,5398.3
38400,1654.3
38401,940
38402,405.9
38403,405.9
38404,939.5
38405,5030.1
38406,16946.2
38407,18013.3
38408,17301.9
38409,15167.7
38410,13744.8
38411,11077
38412,9654.2
38413,8587.1
38414,7520
38415,8587.1
38416,10009.9
38417,13211.3
38418,15523.4
38419,14812
38420,13567
38421,11077
38422,9654.2
38423,5385.7
38424,1650.8
38425,938.3
38426,405.5
38427,405.5
38428,937.7
38429,5018.4
38430,16905.5
38431,17970
38432,17260.3
38433,15131.3
38434,13711.9
38435,11050.6
38436,9631.3
38437,8566.8
38438,7502.2
38439,8566.8
38440,9986.1
38441,13179.7
38442,15486.1
38443,14776.5
38444,13534.5
38445,11050.6
38446,9631.3
38447,5373.2
38448,1647.4
38449,936.5
38450,405
38451,405
38452,936
38453,5006.7
38454,16864.7
38455,17926.7
38456,17218.7
38457,15094.9
38458,13679
38459,11024.2
38460,9608.3
38461,8546.4
38462,7484.5
38463,8546.4
38464,9962.3
38465,13148
38466,15448.8
38467,14740.9
38468,13502
38469,11024.2
38470,9608.3
38471,5360.6
38472,1643.9
38473,934.8
38474,404.6
38475,404.6
38476,934.3
38477,4994.9
38478,16823.9
38479,17883.2
38480,17177
38481,15058.4
38482,13646
38483,10997.7
38484,9585.3
38485,8526
38486,7466.7
38487,8526
38488,9938.4
38489,13116.3
38490,15411.5
38491,14705.3
38492,13469.4
38493,10997.7
38494,9585.3
38495,5348
38496,1640.4
38497,933.1
38498,404.2
38499,404.1
38500,932.5
38501,4983.2
38502,16783.1
38503,17839.8
38504,17135.3
38505,15021.9
38506,13612.9
38507,10971.2
38508,9562.2
38509,8505.5
38510,7448.8
38511,8505.5
38512,9914.5
38513,13084.6
38514,15374.1
38515,14669.6
38516,13436.8
38517,10971.2
38518,9562.2
38519,5335.4
38520,1636.9
38521,931.3
38522,403.7
38523,403.7
38524,930.8
38525,4971.4
38526,16742.2
38527,17796.3
38528,17093.5
38529,14985.3
38530,13579.9
38531,10944.6
38532,9539.2
38533,8485.1
38534,7431
38535,8485.1
38536,9890.5
38537,13052.8
38538,15336.7
38539,14634
38540,13404.2
38541,10944.6
38542,9539.2
38543,5322.8
38544,1633.5
38545,929.6
38546,403.3
38547,403.3
38548,929
38549,4959.7
38550,16701.2
38551,17752.7
38552,17051.7
38553,14948.8
38554,13546.8
38555,10918.1
38556,9516.1
38557,8464.6
38558,7413.1
38559,8464.6
38560,9866.6
38561,13021.1
38562,15299.3
38563,14598.3
38564,13371.5
38565,10918.1
38566,9516.1
38567,5310.2
38568,1630
38569,927.8
38570,402.9
38571,402.8
38572,927.3
38573,4947.9
38574,16660.3
38575,17709.2
38576,17009.9
38577,14912.2
38578,13513.7
38579,10891.5
38580,9493
38581,8444.2
38582,7395.3
38583,8444.2
38584,9842.7
38585,12989.3
38586,15261.8
38587,14562.6
38588,13338.9
38589,10891.5
38590,9493
38591,5297.6
38592,1626.5
38593,926.1
38594,402.4
38595,402.4
38596,925.6
38597,4936.2
38598,16619.4
38599,17665.7
38600,16968.2
38601,14875.6
38602,13480.6
38603,10865
38604,9470
38605,8423.7
38606,7377.4
38607,8423.7
38608,9818.7
38609,12957.5
38610,15224.4
38611,14526.9
38612,13306.2
38613,10865
38614,9470
38615,5284.9
38616,1623
38617,924.4
38618,402
38619,402
38620,923.8
38621,4924.4
38622,16578.5
38623,17622.1
38624,16926.4
38625,14839.1
38626,13447.5
38627,10838.4
38628,9446.9
38629,8403.3
38630,7359.6
38631,8403.3
38632,9794.8
38633,12925.7
38634,15187
38635,14491.2
38636,13273.6
38637,10838.4
38638,9446.9
38639,5272.3
38640,1619.5
38641,922.6
38642,401.6
38643,401.5
38644,922.1
38645,4912.7
38646,16537.6
38647,17578.7
38648,16884.6
38649,14802.6
38650,13414.5
38651,10811.9
38652,9423.9
38653,8382.8
38654,7341.8
38655,8382.8
38656,9770.9
38657,12894
38658,15149.6
38659,14455.5
38660,13241
38661,10811.9
38662,9423.9
38663,5259.7
38664,1616.1
38665,920.9
38666,401.1
38667,401.1
38668,920.3
38669,4901
38670,16496.8
38671,17535.2
38672,16842.9
38673,14766.1
38674,13381.5
38675,10785.4
38676,9400.8
38677,8362.4
38678,7324
38679,8362.4
38680,9747
38681,12862.3
38682,15112.2
38683,14419.9
38684,13208.4
38685,10785.4
38686,9400.8
38687,5247.1
38688,1612.6
38689,919.1
38690,400.7
38691,400.7
38692,918.6
38693,4889.3
38694,16456
38695,17491.8
38696,16801.3
38697,14729.6
38698,13348.5
38699,10758.9
38700,9377.8
38701,8342
38702,7306.2
38703,8342
38704,9723.1
38705,12830.6
38706,15074.9
38707,14384.3
38708,13175.9
38709,10758.9
38710,9377.8
38711,5234.5
38712,1609.1
38713,917.4
38714,400.3
38715,400.2
38716,916.9
38717,4877.6
38718,16415.3
38719,17448.5
38720,16759.7
38721,14693.2
38722,13315.6
38723,10732.5
38724,9354.9
38725,8321.6
38726,7288.4
38727,8321.6
38728,9699.3
38729,12799
38730,15037.6
38731,14348.8
38732,13143.4
38733,10732.5
38734,9354.9
38735,5222
38736,1605.6
38737,915.7
38738,399.8
38739,399.8
38740,915.1
38741,4865.9
38742,16374.6
38743,17405.3
38744,16718.2
38745,14656.9
38746,13282.7
38747,10706.1
38748,9332
38749,8301.3
38750,7270.7
38751,8301.3
38752,9675.5
38753,12767.4
38754,15000.5
38755,14313.4
38756,13111
38757,10706.1
38758,9332
38759,5209.4
38760,1602.2
38761,913.9
38762,399.4
38763,399.4
38764,913.4
38765,4854.2
38766,16334.1
38767,17362.1
38768,16676.8
38769,14620.7
38770,13249.9
38771,10679.8
38772,9309.1
38773,8281
38774,7253
38775,8281
38776,9651.8
38777,12735.9
38778,14963.4
38779,14278
38780,13078.6
38781,10679.8
38782,9309.1
38783,5196.9
38784,1598.7
38785,912.2
38786,399
38787,398.9
38788,911.7
38789,4842.6
38790,16293.6
38791,17319.1
38792,16635.5
38793,14584.5
38794,13217.2
38795,10653.6
38796,9286.3
38797,8260.8
38798,7235.4
38799,8260.8
38800,9628.1
38801,12704.5
38802,14926.3
38803,14242.7
38804,13046.3
38805,10653.6
38806,9286.3
38807,5184.4
38808,1595.3
38809,910.5
38810,398.5
38811,398.5
38812,910
38813,4831
38814,16253.3
38815,17276.2
38816,16594.3
38817,14548.5
38818,13184.6
38819,10627.4
38820,9263.5
38821,8240.7
38822,7217.8
38823,8240.7
38824,9604.5
38825,12673.2
38826,14889.4
38827,14207.5
38828,13014.1
38829,10627.4
38830,9263.5
38831,5172
38832,1591.9
38833,908.8
38834,398.1
38835,398.1
38836,908.3
38837,4819.5
38838,16213.1
38839,17233.4
38840,16553.2
38841,14512.5
38842,13152.1
38843,10601.3
38844,9240.9
38845,8220.5
38846,7200.2
38847,8220.5
38848,9581
38849,12641.9
38850,14852.6
38851,14172.4
38852,12982
38853,10601.3
38854,9240.9
38855,5159.6
38856,1588.4
38857,907.1
38858,397.7
38859,397.7
38860,906.6
38861,4808
38862,16173
38863,17190.8
38864,16512.3
38865,14476.7
38866,13119.7
38867,10575.3
38868,9218.3
38869,8200.5
38870,7182.7
38871,8200.5
38872,9557.5
38873,12610.8
38874,14816
38875,14137.5
38876,12950.1
38877,10575.3
38878,9218.3
38879,5147.2
38880,1585
38881,905.4
38882,397.2
38883,397.2
38884,904.9
38885,4796.5
38886,16133.1
38887,17148.3
38888,16471.5
38889,14441
38890,13087.4
38891,10549.4
38892,9195.8
38893,8180.5
38894,7165.3
38895,8180.5
38896,9534.2
38897,12579.8
38898,14779.4
38899,14102.6
38900,12918.2
38901,10549.4
38902,9195.8
38903,5134.9
38904,1581.6
38905,903.7
38906,396.8
38907,396.8
38908,903.2
38909,4785.1
38910,16093.3
38911,17106
38912,16430.9
38913,14405.5
38914,13055.3
38915,10523.6
38916,9173.3
38917,8160.7
38918,7148
38919,8160.7
38920,9510.9
38921,12548.9
38922,14743.1
38923,14067.9
38924,12886.5
38925,10523.6
38926,9173.3
38927,5122.6
38928,1578.2
38929,902
38930,396.4
38931,396.4
38932,901.5
38933,4773.7
38934,16053.7
38935,17063.8
38936,16390.4
38937,14370.1
38938,13023.2
38939,10497.9
38940,9151
38941,8140.9
38942,7130.7
38943,8140.9
38944,9487.7
38945,12518.2
38946,14706.8
38947,14033.4
38948,12854.9
38949,10497.9
38950,9151
38951,5110.4
38952,1574.9
38953,900.3
38954,396
38955,396
38956,899.8
38957,4762.4
38958,16014.3
38959,17021.9
38960,16350.2
38961,14334.9
38962,12991.4
38963,10472.3
38964,9128.8
38965,8121.1
38966,7113.5
38967,8121.1
38968,9464.7
38969,12487.6
38970,14670.8
38971,13999
38972,12823.4
38973,10472.3
38974,9128.8
38975,5098.2
38976,1571.5
38977,898.6
38978,395.6
38979,395.6
38980,898.1
38981,4751.1
38982,15975.1
38983,16980.2
38984,16310.1
38985,14299.8
38986,12959.7
38987,10446.8
38988,9106.7
38989,8101.5
38990,7096.4
38991,8101.5
38992,9441.7
38993,12457.1
38994,14634.9
38995,13964.8
38996,12792.1
38997,10446.8
38998,9106.7
38999,5086.1
39000,1568.2
39001,897
39002,395.2
39003,395.1
39004,896.5
39005,4739.9
39006,15936.1
39007,16938.7
39008,16270.3
39009,14265
39010,12928.1
39011,10421.5
39012,9084.7
39013,8082
39014,7079.4
39015,8082
39016,9418.9
39017,12426.8
39018,14599.2
39019,13930.8
39020,12761
39021,10421.5
39022,9084.7
39023,5074.1
39024,1564.9
39025,895.3
39026,394.7
39027,394.7
39028,894.8
39029,4728.8
39030,15897.3
39031,16897.4
39032,16230.6
39033,14230.3
39034,12896.8
39035,10396.3
39036,9062.8
39037,8062.6
39038,7062.5
39039,8062.6
39040,9396.2
39041,12396.7
39042,14563.7
39043,13896.9
39044,12730.1
39045,10396.3
39046,9062.8
39047,5062.1
39048,1561.6
39049,893.7
39050,394.3
39051,394.3
39052,893.2
39053,4717.7
39054,15858.7
39055,16856.4
39056,16191.3
39057,14195.9
39058,12865.6
39059,10371.3
39060,9041.1
39061,8043.4
39062,7045.6
39063,8043.4
39064,9373.6
39065,12366.7
39066,14528.4
39067,13863.3
39068,12699.3
39069,10371.3
39070,9041.1
39071,5050.2
39072,1558.3
39073,892.1
39074,393.9
39075,393.9
39076,891.6
39077,4706.7
39078,15820.4
39079,16815.6
39080,16152.1
39081,14161.6
39082,12834.6
39083,10346.5
39084,9019.4
39085,8024.2
39086,7028.9
39087,8024.2
39088,9351.2
39089,12337
39090,14493.4
39091,13829.9
39092,12668.7
39093,10346.5
39094,9019.4
39095,5038.4
39096,1555
39097,890.4
39098,393.5
39099,393.5
39100,889.9
39101,4695.7
39102,15782.3
39103,16775.1
39104,16113.2
39105,14127.6
39106,12803.8
39107,10321.8
39108,8998
39109,8005.2
39110,7012.3
39111,8005.2
39112,9328.9
39113,12307.4
39114,14458.5
39115,13796.6
39116,12638.3
39117,10321.8
39118,8998
39119,5026.7
39120,1551.8
39121,888.8
39122,393.1
39123,393.1
39124,888.3
39125,4684.9
39126,15744.5
39127,16734.9
39128,16074.6
39129,14093.8
39130,12773.3
39131,10297.2
39132,8976.7
39133,7986.3
39134,6995.8
39135,7986.3
39136,9306.8
39137,12278
39138,14423.9
39139,13763.7
39140,12608.2
39141,10297.2
39142,8976.7
39143,5015
39144,1548.6
39145,887.2
39146,392.7
39147,392.7
39148,886.7
39149,4674.1
39150,15707
39151,16695
39152,16036.3
39153,14060.3
39154,12742.9
39155,10272.9
39156,8955.5
39157,7967.5
39158,6979.5
39159,7967.5
39160,9284.8
39161,12248.9
39162,14389.6
39163,13730.9
39164,12578.2
39165,10272.9
39166,8955.5
39167,5003.4
39168,1545.4
39169,885.6
39170,392.3
39171,392.3
39172,885.1
39173,4663.4
39174,15669.7
39175,16655.4
39176,15998.3
39177,14027
39178,12712.8
39179,10248.7
39180,8934.5
39181,7948.9
39182,6963.2
39183,7948.9
39184,9263.1
39185,12220
39186,14355.5
39187,13698.4
39188,12548.5
39189,10248.7
39190,8934.5
39191,4991.9
39192,1542.2
39193,884
39194,391.9
39195,391.9
39196,883.6
39197,4652.8
39198,15632.8
39199,16616.1
39200,15960.5
39201,13994
39202,12682.9
39203,10224.7
39204,8913.7
39205,7930.4
39206,6947.1
39207,7930.4
39208,9241.4
39209,12191.3
39210,14321.7
39211,13666.2
39212,12519
39213,10224.7
39214,8913.7
39215,4980.5
39216,1539.1
39217,882.5
39218,391.5
39219,391.5
39220,882
39221,4642.3
39222,15596.1
39223,16577.1
39224,15923.1
39225,13961.2
39226,12653.3
39227,10200.9
39228,8893
39229,7912.1
39230,6931.1
39231,7912.1
39232,9220
39233,12162.8
39234,14288.2
39235,13634.3
39236,12489.8
39237,10200.9
39238,8893
39239,4969.2
39240,1535.9
39241,880.9
39242,391.1
39243,391.1
39244,880.5
39245,4631.8
39246,15559.8
39247,16538.5
39248,15886
39249,13928.8
39250,12623.9
39251,10177.4
39252,8872.5
39253,7893.9
39254,6915.3
39255,7893.9
39256,9198.8
39257,12134.6
39258,14255
39259,13602.6
39260,12460.8
39261,10177.4
39262,8872.5
39263,4958
39264,1532.8
39265,879.4
39266,390.8
39267,390.8
39268,878.9
39269,4621.5
39270,15523.8
39271,16500.2
39272,15849.3
39273,13896.6
39274,12594.8
39275,10154
39276,8852.3
39277,7875.9
39278,6899.6
39279,7875.9
39280,9177.7
39281,12106.7
39282,14222.1
39283,13571.2
39284,12432.1
39285,10154
39286,8852.3
39287,4946.9
39288,1529.8
39289,877.9
39290,390.4
39291,390.4
39292,877.4
39293,4611.3
39294,15488.2
39295,16462.2
39296,15812.9
39297,13864.8
39298,12566
39299,10130.9
39300,8832.2
39301,7858.1
39302,6884
39303,7858.1
39304,9156.8
39305,12079
39306,14189.5
39307,13540.1
39308,12403.7
39309,10130.9
39310,8832.2
39311,4935.9
39312,1526.7
39313,876.4
39314,390
39315,390
39316,875.9
39317,4601.1
39318,15452.9
39319,16424.7
39320,15776.8
39321,13833.2
39322,12537.5
39323,10108
39324,8812.3
39325,7840.5
39326,6868.7
39327,7840.5
39328,9136.2
39329,12051.6
39330,14157.2
39331,13509.3
39332,12375.5
39333,10108
39334,8812.3
39335,4925
39336,1523.7
39337,874.9
39338,389.6
39339,389.6
39340,874.4
39341,4591.1
39342,15418
39343,16387.5
39344,15741.2
39345,13802
39346,12509.2
39347,10085.3
39348,8792.6
39349,7823
39350,6853.4
39351,7823
39352,9115.7
39353,12024.5
39354,14125.2
39355,13478.8
39356,12347.6
39357,10085.3
39358,8792.6
39359,4914.3
39360,1520.8
39361,873.4
39362,389.3
39363,389.3
39364,873
39365,4581.2
39366,15383.4
39367,16350.8
39368,15705.9
39369,13771.1
39370,12481.3
39371,10062.9
39372,8773.1
39373,7805.7
39374,6838.3
39375,7805.7
39376,9095.5
39377,11997.6
39378,14093.6
39379,13448.7
39380,12320.1
39381,10062.9
39382,8773.1
39383,4903.6
39384,1517.8
39385,871.9
39386,388.9
39387,388.9
39388,871.5
39389,4571.3
39390,15349.2
39391,16314.4
39392,15670.9
39393,13740.6
39394,12453.7
39395,10040.7
39396,8753.8
39397,7788.6
39398,6823.4
39399,7788.6
39400,9075.5
39401,11971.1
39402,14062.3
39403,13418.8
39404,12292.8
39405,10040.7
39406,8753.8
39407,4893.1
39408,1514.9
39409,870.5
39410,388.5
39411,388.5
39412,870.1
39413,4561.6
39414,15315.4
39415,16278.5
39416,15636.4
39417,13710.4
39418,12426.3
39419,10018.8
39420,8734.7
39421,7771.7
39422,6808.7
39423,7771.7
39424,9055.8
39425,11944.8
39426,14031.4
39427,13389.4
39428,12265.8
39429,10018.8
39430,8734.7
39431,4882.6
39432,1512
39433,869.1
39434,388.2
39435,388.2
39436,868.6
39437,4552
39438,15282
39439,16242.9
39440,15602.3
39441,13680.5
39442,12399.4
39443,9997.1
39444,8715.9
39445,7755
39446,6794.1
39447,7755
39448,9036.2
39449,11918.9
39450,14000.8
39451,13360.3
39452,12239.2
39453,9997.1
39454,8715.9
39455,4872.3
39456,1509.2
39457,867.7
39458,387.8
39459,387.8
39460,867.2
39461,4542.6
39462,15249.1
39463,16207.9
39464,15568.7
39465,13651.1
39466,12372.7
39467,9975.7
39468,8697.3
39469,7738.5
39470,6779.7
39471,7738.5
39472,9016.9
39473,11893.3
39474,13970.7
39475,13331.5
39476,12212.9
39477,9975.7
39478,8697.3
39479,4862.2
39480,1506.4
39481,866.3
39482,387.5
39483,387.5
39484,865.9
39485,4533.2
39486,15216.5
39487,16173.2
39488,15535.4
39489,13622
39490,12346.4
39491,9954.6
39492,8679
39493,7722.3
39494,6765.6
39495,7722.3
39496,8997.9
39497,11868
39498,13940.9
39499,13303.1
39500,12186.9
39501,9954.6
39502,8679
39503,4852.1
39504,1503.6
39505,864.9
39506,387.1
39507,387.1
39508,864.5
39509,4524
39510,15184.4
39511,16139.1
39512,15502.6
39513,13593.3
39514,12320.4
39515,9933.8
39516,8660.9
39517,7706.2
39518,6751.5
39519,7706.2
39520,8979.1
39521,11843.1
39522,13911.5
39523,13275.1
39524,12161.3
39525,9933.8
39526,8660.9
39527,4842.2
39528,1500.9
39529,863.5
39530,386.8
39531,386.8
39532,863.1
39533,4514.9
39534,15152.7
39535,16105.4
39536,15470.3
39537,13565
39538,12294.8
39539,9913.2
39540,8643
39541,7690.4
39542,6737.7
39543,7690.4
39544,8960.6
39545,11818.5
39546,13882.5
39547,13247.4
39548,12136
39549,9913.2
39550,8643
39551,4832.4
39552,1498.2
39553,862.2
39554,386.5
39555,386.5
39556,861.8
39557,4505.9
39558,15121.5
39559,16072.1
39560,15438.4
39561,13537.1
39562,12269.5
39563,9892.9
39564,8625.4
39565,7674.8
39566,6724.1
39567,7674.8
39568,8942.3
39569,11794.2
39570,13854
39571,13220.2
39572,12111.1
39573,9892.9
39574,8625.4
39575,4822.8
39576,1495.5
39577,860.9
39578,386.2
39579,386.1
39580,860.5
39581,4497.1
39582,15090.7
39583,16039.4
39584,15407
39585,13509.6
39586,12244.7
39587,9873
39588,8608.1
39589,7659.4
39590,6710.7
39591,7659.4
39592,8924.3
39593,11770.3
39594,13825.8
39595,13193.4
39596,12086.6
39597,9873
39598,8608.1
39599,4813.3
39600,1492.9
39601,859.6
39602,385.8
39603,385.8
39604,859.2
39605,4488.4
39606,15060.4
39607,16007.2
39608,15376
39609,13482.5
39610,12220.2
39611,9853.3
39612,8591
39613,7644.2
39614,6697.5
39615,7644.2
39616,8906.6
39617,11746.8
39618,13798.1
39619,13166.9
39620,12062.4
39621,9853.3
39622,8591
39623,4804
39624,1490.3
39625,858.3
39626,385.5
39627,385.5
39628,857.9
39629,4479.8
39630,15030.6
39631,15975.5
39632,15345.6
39633,13455.9
39634,12196.1
39635,9834
39636,8574.2
39637,7629.3
39638,6684.5
39639,7629.3
39640,8889.1
39641,11723.6
39642,13770.8
39643,13140.9
39644,12038.6
39645,9834
39646,8574.2
39647,4794.8
39648,1487.8
39649,857.1
39650,385.2
39651,385.2
39652,856.7
39653,4471.4
39654,15001.3
39655,15944.2
39656,15315.6
39657,13429.6
39658,12172.3
39659,9814.9
39660,8557.6
39661,7614.6
39662,6671.7
39663,7614.6
39664,8871.9
39665,11700.9
39666,13744
39667,13115.3
39668,12015.2
39669,9814.9
39670,8557.6
39671,4785.7
39672,1485.3
39673,855.8
39674,384.9
39675,384.9
39676,855.5
39677,4463.1
39678,14972.4
39679,15913.6
39680,15286.1
39681,13403.9
39682,12149
39683,9796.2
39684,8541.4
39685,7600.2
39686,6659.1
39687,7600.2
39688,8855.1
39689,11678.5
39690,13717.6
39691,13090.2
39692,11992.2
39693,9796.2
39694,8541.4
39695,4776.8
39696,1482.9
39697,854.6
39698,384.6
39699,384.6
39700,854.3
39701,4455
39702,14944.1
39703,15883.4
39704,15257.2
39705,13378.6
39706,12126.1
39707,9777.8
39708,8525.4
39709,7586.1
39710,6646.7
39711,7586.1
39712,8838.5
39713,11656.5
39714,13691.7
39715,13065.4
39716,11969.6
39717,9777.8
39718,8525.4
39719,4768.1
39720,1480.4
39721,853.4
39722,384.3
39723,384.3
39724,853.1
39725,4447
39726,14916.3
39727,15853.8
39728,15228.8
39729,13353.7
39730,12103.6
39731,9759.8
39732,8509.7
39733,7572.1
39734,6634.6
39735,7572.1
39736,8822.2
39737,11634.9
39738,13666.2
39739,13041.2
39740,11947.4
39741,9759.8
39742,8509.7
39743,4759.5
39744,1478.1
39745,852.3
39746,384
39747,384
39748,851.9
39749,4439.1
39750,14889
39751,15824.8
39752,15200.9
39753,13329.3
39754,12081.6
39755,9742
39756,8494.3
39757,7558.5
39758,6622.7
39759,7558.5
39760,8806.2
39761,11613.6
39762,13641.2
39763,13017.4
39764,11925.6
39765,9742
39766,8494.3
39767,4751.1
39768,1475.7
39769,851.1
39770,383.7
39771,383.7
39772,850.8
39773,4431.5
39774,14862.2
39775,15796.3
39776,15173.6
39777,13305.4
39778,12059.9
39779,9724.7
39780,8479.2
39781,7545.1
39782,6611
39783,7545.1
39784,8790.6
39785,11592.9
39786,13616.7
39787,12994
39788,11904.2
39789,9724.7
39790,8479.2
39791,4742.8
39792,1473.5
39793,850
39794,383.4
39795,383.4
39796,849.6
39797,4423.9
39798,14836
39799,15768.4
39800,15146.8
39801,13281.9
39802,12038.7
39803,9707.6
39804,8464.4
39805,7532
39806,6599.6
39807,7532
39808,8775.2
39809,11572.5
39810,13592.7
39811,12971.1
39812,11883.3
39813,9707.6
39814,8464.4
39815,4734.7
39816,1471.2
39817,848.9
39818,383.2
39819,383.2
39820,848.6
39821,4416.5
39822,14810.3
39823,15741.1
39824,15120.5
39825,13259
39826,12017.9
39827,9691
39828,8449.9
39829,7519.1
39830,6588.4
39831,7519.1
39832,8760.2
39833,11552.5
39834,13569.2
39835,12948.7
39836,11862.8
39837,9691
39838,8449.9
39839,4726.8
39840,1469
39841,847.8
39842,382.9
39843,382.9
39844,847.5
39845,4409.3
39846,14785.1
39847,15714.3
39848,15094.9
39849,13236.5
39850,11997.6
39851,9674.7
39852,8435.7
39853,7506.6
39854,6577.4
39855,7506.6
39856,8745.5
39857,11533
39858,13546.2
39859,12926.8
39860,11842.7
39861,9674.7
39862,8435.7
39863,4719
39864,1466.9
39865,846.8
39866,382.6
39867,382.6
39868,846.4
39869,4402.3
39870,14760.5
39871,15688.2
39872,15069.7
39873,13214.5
39874,11977.7
39875,9658.7
39876,8421.9
39877,7494.3
39878,6566.7
39879,7494.3
39880,8731.1
39881,11513.9
39882,13523.7
39883,12905.3
39884,11823.1
39885,9658.7
39886,8421.9
39887,4711.4
39888,1464.8
39889,845.7
39890,382.4
39891,382.4
39892,845.4
39893,4395.4
39894,14736.5
39895,15662.6
39896,15045.2
39897,13193.1
39898,11958.3
39899,9643.1
39900,8408.3
39901,7482.3
39902,6556.2
39903,7482.3
39904,8717
39905,11495.3
39906,13501.8
39907,12884.4
39908,11804
39909,9643.1
39910,8408.3
39911,4704
39912,1462.8
39913,844.7
39914,382.1
39915,382.1
39916,844.4
39917,4388.6
39918,14713.1
39919,15637.7
39920,15021.3
39921,13172.1
39922,11939.3
39923,9627.9
39924,8395.1
39925,7470.6
39926,6546
39927,7470.6
39928,8703.3
39929,11477.1
39930,13480.3
39931,12863.9
39932,11785.3
39933,9627.9
39934,8395.1
39935,4696.8
39936,1460.8
39937,843.7
39938,381.9
39939,381.9
39940,843.4
39941,4382.1
39942,14690.2
39943,15613.4
39944,14997.9
39945,13151.7
39946,11920.9
39947,9613.1
39948,8382.2
39949,7459.1
39950,6536
39951,7459.1
39952,8689.9
39953,11459.3
39954,13459.4
39955,12844
39956,11767
39957,9613.1
39958,8382.2
39959,4689.8
39960,1458.8
39961,842.8
39962,381.6
39963,381.6
39964,842.5
39965,4375.7
39966,14668
39967,15589.7
39968,14975.2
39969,13131.8
39970,11902.9
39971,9598.6
39972,8369.7
39973,7448
39974,6526.3
39975,7448
39976,8676.9
39977,11442
39978,13439
39979,12824.6
39980,11749.2
39981,9598.6
39982,8369.7
39983,4682.9
39984,1456.9
39985,841.8
39986,381.4
39987,381.4
39988,841.6
39989,4369.4
39990,14646.3
39991,15566.6
39992,14953.1
39993,13112.4
39994,11885.3
39995,9584.5
39996,8357.5
39997,7437.1
39998,6516.8
39999,7437.1
40000,8664.2
40001,11425.2
40002,13419.2
40003,12805.6
40004,11731.9
40005,9584.5
40006,8357.5
40007,4676.2
40008,1455.1
40009,840.9
40010,381.2
40011,381.2
40012,840.7
40013,4363.4
40014,14625.2
40015,15544.2
40016,14931.5
40017,13093.6
40018,11868.3
40019,9570.9
40020,8345.6
40021,7426.6
40022,6507.6
40023,7426.6
40024,8651.9
40025,11408.8
40026,13399.9
40027,12787.3
40028,11715.1
40029,9570.9
40030,8345.6
40031,4669.7
40032,1453.3
40033,840.1
40034,381
40035,381
40036,839.8
40037,4357.5
40038,14604.7
40039,15522.4
40040,14910.6
40041,13075.3
40042,11851.7
40043,9557.6
40044,8334
40045,7416.4
40046,6498.7
40047,7416.4
40048,8639.9
40049,11392.9
40050,13381.2
40051,12769.4
40052,11698.8
40053,9557.6
40054,8334
40055,4663.4
40056,1451.6
40057,839.2
40058,380.8
40059,380.7
40060,839
40061,4351.8
40062,14584.9
40063,15501.3
40064,14890.3
40065,13057.5
40066,11835.7
40067,9544.7
40068,8322.8
40069,7406.4
40070,6490
40071,7406.4
40072,8628.3
40073,11377.5
40074,13363
40075,12752.1
40076,11683
40077,9544.7
40078,8322.8
40079,4657.3
40080,1449.9
40081,838.4
40082,380.6
40083,380.5
40084,838.1
40085,4346.3
40086,14565.6
40087,15480.8
40088,14870.7
40089,13040.4
40090,11820.1
40091,9532.2
40092,8312
40093,7396.8
40094,6481.7
40095,7396.8
40096,8617
40097,11362.5
40098,13345.4
40099,12735.3
40100,11667.6
40101,9532.2
40102,8312
40103,4651.3
40104,1448.2
40105,837.6
40106,380.4
40107,380.3
40108,837.3
40109,4340.9
40110,14547
40111,15461
40112,14851.7
40113,13023.7
40114,11805.1
40115,9520.1
40116,8301.5
40117,7387.5
40118,6473.5
40119,7387.5
40120,8606.2
40121,11348.1
40122,13328.4
40123,12719.1
40124,11652.7
40125,9520.1
40126,8301.5
40127,4645.6
40128,1446.6
40129,836.8
40130,380.2
40131,380.2
40132,836.6
40133,4335.8
40134,14529
40135,15441.9
40136,14833.3
40137,13007.6
40138,11790.5
40139,9508.5
40140,8291.4
40141,7378.5
40142,6465.7
40143,7378.5
40144,8595.6
40145,11334.1
40146,13311.9
40147,12703.4
40148,11638.4
40149,9508.5
40150,8291.4
40151,4640
40152,1445.1
40153,836.1
40154,380
40155,380
40156,835.8
40157,4330.8
40158,14511.7
40159,15423.4
40160,14815.6
40161,12992.1
40162,11776.5
40163,9497.2
40164,8281.6
40165,7369.8
40166,6458.1
40167,7369.8
40168,8585.5
40169,11320.6
40170,13296.1
40171,12688.2
40172,11624.6
40173,9497.2
40174,8281.6
40175,4634.7
40176,1443.6
40177,835.3
40178,379.8
40179,379.8
40180,835.1
40181,4326
40182,14495
40183,15405.6
40184,14798.5
40185,12977.2
40186,11763
40187,9486.4
40188,8272.1
40189,7361.5
40190,6450.8
40191,7361.5
40192,8575.7
40193,11307.7
40194,13280.8
40195,12673.7
40196,11611.2
40197,9486.4
40198,8272.1
40199,4629.5
40200,1442.2
40201,834.6
40202,379.6
40203,379.6
40204,834.4
40205,4321.4
40206,14478.9
40207,15388.5
40208,14782.1
40209,12962.9
40210,11750
40211,9475.9
40212,8263.1
40213,7353.5
40214,6443.8
40215,7353.5
40216,8566.3
40217,11295.2
40218,13266.1
40219,12659.6
40220,11598.4
40221,9475.9
40222,8263.1
40223,4624.6
40224,1440.8
40225,834
40226,379.5
40227,379.5
40228,833.8
40229,4316.9
40230,14463.5
40231,15372.1
40232,14766.4
40233,12949.1
40234,11737.5
40235,9465.9
40236,8254.4
40237,7345.8
40238,6437.1
40239,7345.8
40240,8557.3
40241,11283.2
40242,13252
40243,12646.2
40244,11586.1
40245,9465.9
40246,8254.4
40247,4619.8
40248,1439.5
40249,833.3
40250,379.3
40251,379.3
40252,833.2
40253,4312.7
40254,14448.7
40255,15356.4
40256,14751.3
40257,12935.9
40258,11725.6
40259,9456.4
40260,8246.1
40261,7338.4
40262,6430.7
40263,7338.4
40264,8548.6
40265,11271.8
40266,13238.5
40267,12633.3
40268,11574.3
40269,9456.4
40270,8246.1
40271,4615.3
40272,1438.3
40273,832.7
40274,379.2
40275,379.1
40276,832.6
40277,4308.6
40278,14434.6
40279,15341.4
40280,14736.9
40281,12923.3
40282,11714.2
40283,9447.2
40284,8238.1
40285,7331.3
40286,6424.5
40287,7331.3
40288,8540.4
40289,11260.8
40290,13225.6
40291,12621
40292,11563.1
40293,9447.2
40294,8238.1
40295,4610.9
40296,1437.1
40297,832.2
40298,379
40299,379
40300,832
40301,4304.8
40302,14421.2
40303,15327.1
40304,14723.2
40305,12911.3
40306,11703.4
40307,9438.5
40308,8230.6
40309,7324.6
40310,6418.7
40311,7324.6
40312,8532.5
40313,11250.4
40314,13213.3
40315,12609.3
40316,11552.4
40317,9438.5
40318,8230.6
40319,4606.8
40320,1435.9
40321,831.6
40322,378.9
40323,378.9
40324,831.4
40325,4301.1
40326,14408.4
40327,15313.6
40328,14710.1
40329,12899.9
40330,11693
40331,9430.2
40332,8223.4
40333,7318.2
40334,6413.1
40335,7318.2
40336,8525.1
40337,11240.5
40338,13201.6
40339,12598.2
40340,11542.2
40341,9430.2
40342,8223.4
40343,4602.8
40344,1434.9
40345,831.1
40346,378.7
40347,378.7
40348,830.9
40349,4297.6
40350,14396.3
40351,15300.7
40352,14697.8
40353,12889.1
40354,11683.2
40355,9422.3
40356,8216.5
40357,7312.2
40358,6407.8
40359,7312.2
40360,8518
40361,11231.1
40362,13190.5
40363,12587.6
40364,11532.5
40365,9422.3
40366,8216.5
40367,4599.1
40368,1433.8
40369,830.6
40370,378.6
40371,378.6
40372,830.4
40373,4294.4
40374,14384.9
40375,15288.5
40376,14686.1
40377,12878.9
40378,11674
40379,9414.9
40380,8210.1
40381,7306.5
40382,6402.8
40383,7306.5
40384,8511.3
40385,11222.2
40386,13180.1
40387,12577.6
40388,11523.4
40389,9414.9
40390,8210.1
40391,4595.6
40392,1432.8
40393,830.1
40394,378.5
40395,378.5
40396,830
40397,4291.3
40398,14374.2
40399,15277.1
40400,14675.1
40401,12869.2
40402,11665.3
40403,9408
40404,8204
40405,7301.1
40406,6398.1
40407,7301.1
40408,8505
40409,11213.8
40410,13170.2
40411,12568.3
40412,11514.8
40413,9408
40414,8204
40415,4592.2
40416,1431.9
40417,829.7
40418,378.4
40419,378.4
40420,829.5
40421,4288.4
40422,14364.1
40423,15266.4
40424,14664.9
40425,12860.3
40426,11657.2
40427,9401.4
40428,8198.4
40429,7296.1
40430,6393.7
40431,7296.1
40432,8499.1
40433,11206
40434,13161
40435,12559.5
40436,11506.8
40437,9401.4
40438,8198.4
40439,4589.1
40440,1431.1
40441,829.3
40442,378.3
40443,378.3
40444,829.1
40445,4285.7
40446,14354.7
40447,15256.4
40448,14655.3
40449,12851.9
40450,11649.6
40451,9395.3
40452,8193.1
40453,7291.4
40454,6389.7
40455,7291.4
40456,8493.6
40457,11198.7
40458,13152.4
40459,12551.3
40460,11499.3
40461,9395.3
40462,8193.1
40463,4586.2
40464,1430.3
40465,828.9
40466,378.2
40467,378.2
40468,828.8
40469,4283.2
40470,14346
40471,15247.2
40472,14646.4
40473,12844.1
40474,11642.6
40475,9389.7
40476,8188.2
40477,7287
40478,6385.9
40479,7287
40480,8488.5
40481,11192
40482,13144.5
40483,12543.7
40484,11492.4
40485,9389.7
40486,8188.2
40487,4583.6
40488,1429.5
40489,828.5
40490,378.1
40491,378.1
40492,828.4
40493,4280.9
40494,14338
40495,15238.7
40496,14638.2
40497,12836.9
40498,11636.1
40499,9384.5
40500,8183.7
40501,7283
40502,6382.4
40503,7283
40504,8483.9
40505,11185.8
40506,13137.2
40507,12536.7
40508,11486
40509,9384.5
40510,8183.7
40511,4581.1
40512,1428.9
40513,828.2
40514,378
40515,378
40516,828.1
40517,4278.8
40518,14330.7
40519,15230.9
40520,14630.8
40521,12830.4
40522,11630.2
40523,9379.8
40524,8179.5
40525,7279.4
40526,6379.2
40527,7279.4
40528,8479.6
40529,11180.1
40530,13130.5
40531,12530.4
40532,11480.2
40533,9379.8
40534,8179.5
40535,4578.8
40536,1428.2
40537,827.9
40538,378
40539,378
40540,827.8
40541,4276.9
40542,14324.1
40543,15223.8
40544,14624
40545,12824.5
40546,11624.8
40547,9375.5
40548,8175.8
40549,7276
40550,6376.3
40551,7276
40552,8475.7
40553,11175
40554,13124.4
40555,12524.6
40556,11474.9
40557,9375.5
40558,8175.8
40559,4576.8
40560,1427.7
40561,827.7
40562,377.9
40563,377.9
40564,827.6
40565,4275.2
40566,14318.2
40567,15217.5
40568,14617.9
40569,12819.2
40570,11620
40571,9371.6
40572,8172.5
40573,7273.1
40574,6373.7
40575,7273.1
40576,8472.2
40577,11170.4
40578,13119
40579,12519.4
40580,11470.1
40581,9371.6
40582,8172.5
40583,4575
40584,1427.2
40585,827.4
40586,377.8
40587,377.8
40588,827.4
40589,4273.7
40590,14312.9
40591,15212
40592,14612.6
40593,12814.5
40594,11615.8
40595,9368.2
40596,8169.5
40597,7270.5
40598,6371.4
40599,7270.5
40600,8469.2
40601,11166.3
40602,13114.2
40603,12514.9
40604,11466
40605,9368.2
40606,8169.5
40607,4573.4
40608,1426.7
40609,827.2
40610,377.8
40611,377.8
40612,827.2
40613,4272.4
40614,14308.4
40615,15207.2
40616,14608
40617,12810.5
40618,11612.2
40619,9365.3
40620,8167
40621,7268.2
40622,6369.5
40623,7268.2
40624,8466.5
40625,11162.8
40626,13110.1
40627,12510.9
40628,11462.4
40629,9365.3
40630,8167
40631,4572
40632,1426.3
40633,827.1
40634,377.8
40635,377.8
40636,827
40637,4271.3
40638,14304.6
40639,15203.1
40640,14604.1
40641,12807.1
40642,11609.1
40643,9362.8
40644,8164.8
40645,7266.3
40646,6367.8
40647,7266.3
40648,8464.3
40649,11159.8
40650,13106.6
40651,12507.6
40652,11459.3
40653,9362.8
40654,8164.8
40655,4570.8
40656,1426
40657,826.9
40658,377.7
40659,377.7
40660,826.9
40661,4270.4
40662,14301.5
40663,15199.8
40664,14600.9
40665,12804.3
40666,11606.5
40667,9360.8
40668,8163
40669,7264.7
40670,6366.4
40671,7264.7
40672,8462.5
40673,11157.4
40674,13103.7
40675,12504.8
40676,11456.8
40677,9360.8
40678,8163
40679,4569.8
40680,1425.7
40681,826.8
40682,377.7
40683,377.7
40684,826.8
40685,4269.7
40686,14299
40687,15197.2
40688,14598.4
40689,12802.1
40690,11604.6
40691,9359.2
40692,8161.7
40693,7263.5
40694,6365.4
40695,7263.5
40696,8461.1
40697,11155.5
40698,13101.5
40699,12502.7
40700,11454.9
40701,9359.2
40702,8161.7
40703,4569.1
40704,1425.5
40705,826.7
40706,377.7
40707,377.7
40708,826.7
40709,4269.2
40710,14297.3
40711,15195.4
40712,14596.7
40713,12800.6
40714,11603.2
40715,9358.1
40716,8160.7
40717,7262.7
40718,6364.6
40719,7262.7
40720,8460.1
40721,11154.2
40722,13099.9
40723,12501.2
40724,11453.5
40725,9358.1
40726,8160.7
40727,4568.5
40728,1425.4
40729,826.7
40730,377.7
40731,377.7
40732,826.7
40733,4268.9
40734,14296.3
40735,15194.3
40736,14595.6
40737,12799.7
40738,11602.4
40739,9357.4
40740,8160.1
40741,7262.2
40742,6364.2
40743,7262.2
40744,8459.5
40745,11153.4
40746,13099
40747,12500.4
40748,11452.7
40749,9357.4
40750,8160.1
40751,4568.2
40752,1425.3
40753,826.6
40754,377.7
40755,377.7
40756,826.6
40757,4268.8
40758,14296
40759,15194
40760,14595.3
40761,12799.4
40762,11602.1
40763,9357.2
40764,8160
40765,7262
40766,6364
40767,7262
40768,8459.3
40769,11153.1
40770,13098.7
40771,12500.1
40772,11452.5
40773,9357.2
40774,8160
40775,4568.1
40776,1425.3
40777,826.6
40778,377.7
40779,377.7
40780,826.7
40781,4268.9
40782,14296.4
40783,15194.4
40784,14595.7
40785,12799.8
40786,11602.4
40787,9357.5
40788,8160.2
40789,7262.2
40790,6364.2
40791,7262.2
40792,8459.5
40793,11153.5
40794,13099.1
40795,12500.4
40796,11452.8
40797,9357.5
40798,8160.2
40799,4568.3
40800,1425.3
40801,826.7
40802,377.7
40803,377.7
40804,826.7
40805,4269.2
40806,14297.5
40807,15195.5
40808,14596.8
40809,12800.7
40810,11603.3
40811,9358.2
40812,8160.8
40813,7262.7
40814,6364.7
40815,7262.7
40816,8460.2
40817,11154.3
40818,13100.1
40819,12501.4
40820,11453.7
40821,9358.2
40822,8160.8
40823,4568.6
40824,1425.4
40825,826.8
40826,377.7
40827,377.7
40828,826.8
40829,4269.8
40830,14299.3
40831,15197.5
40832,14598.7
40833,12802.3
40834,11604.8
40835,9359.4
40836,8161.8
40837,7263.7
40838,6365.5
40839,7263.7
40840,8461.2
40841,11155.7
40842,13101.7
40843,12503
40844,11455.1
40845,9359.4
40846,8161.8
40847,4569.1
40848,1425.6
40849,826.9
40850,377.7
40851,377.7
40852,826.9
40853,4270.5
40854,14301.8
40855,15200.1
40856,14601.2
40857,12804.6
40858,11606.8
40859,9361
40860,8163.2
40861,7264.9
40862,6366.6
40863,7264.9
40864,8462.7
40865,11157.7
40866,13104
40867,12505.1
40868,11457.1
40869,9361
40870,8163.2
40871,4569.9
40872,1425.8
40873,827
40874,377.8
40875,377.8
40876,827
40877,4271.4
40878,14305
40879,15203.5
40880,14604.5
40881,12807.5
40882,11609.4
40883,9363.1
40884,8165
40885,7266.5
40886,6368
40887,7266.5
40888,8464.6
40889,11160.1
40890,13107
40891,12507.9
40892,11459.7
40893,9363.1
40894,8165
40895,4570.9
40896,1426
40897,827.1
40898,377.8
40899,377.8
40900,827.2
40901,4272.5
40902,14308.9
40903,15207.7
40904,14608.5
40905,12810.9
40906,11612.6
40907,9365.6
40908,8167.2
40909,7268.5
40910,6369.7
40911,7268.5
40912,8466.8
40913,11163.2
40914,13110.5
40915,12511.4
40916,11462.8
40917,9365.6
40918,8167.2
40919,4572.1
40920,1426.4
40921,827.3
40922,377.8
40923,377.8
40924,827.4
40925,4273.8
40926,14313.5
40927,15212.6
40928,14613.2
40929,12815.1
40930,11616.3
40931,9368.6
40932,8169.8
40933,7270.8
40934,6371.7
40935,7270.8
40936,8469.5
40937,11166.8
40938,13114.8
40939,12515.4
40940,11466.5
40941,9368.6
40942,8169.8
40943,4573.5
40944,1426.8
40945,827.5
40946,377.9
40947,377.9
40948,827.6
40949,4275.4
40950,14318.8
40951,15218.3
40952,14618.6
40953,12819.8
40954,11620.6
40955,9372.1
40956,8172.8
40957,7273.4
40958,6374
40959,7273.4
40960,8472.6
40961,11170.9
40962,13119.6
40963,12520
40964,11470.7
40965,9372.1
40966,8172.8
40967,4575.2
40968,1427.2
40969,827.8
40970,378
40971,378
40972,827.9
40973,4277.1
40974,14324.8
40975,15224.6
40976,14624.8
40977,12825.2
40978,11625.4
40979,9376
40980,8176.2
40981,7276.4
40982,6376.6
40983,7276.4
40984,8476.2
40985,11175.5
40986,13125.1
40987,12525.2
40988,11475.5
40989,9376
40990,8176.2
40991,4577
40992,1427.7
40993,828.1
40994,378
40995,378
40996,828.1
40997,4279
40998,14331.5
40999,15231.8
41000,14631.6
41001,12831.2
41002,11630.9
41003,9380.3
41004,8180
41005,7279.8
41006,6379.6
41007,7279.8
41008,8480.1
41009,11180.8
41010,13131.2
41011,12531.1
41012,11480.8
41013,9380.3
41014,8180
41015,4579.1
41016,1428.3
41017,828.4
41018,378.1
41019,378.1
41020,828.5
41021,4281.1
41022,14338.9
41023,15239.6
41024,14639.2
41025,12837.8
41026,11636.8
41027,9385.1
41028,8184.2
41029,7283.5
41030,6382.8
41031,7283.5
41032,8484.4
41033,11186.5
41034,13138
41035,12537.5
41036,11486.7
41037,9385.1
41038,8184.2
41039,4581.4
41040,1428.9
41041,828.7
41042,378.2
41043,378.2
41044,828.8
41045,4283.5
41046,14347
41047,15248.2
41048,14647.4
41049,12845
41050,11643.4
41051,9390.4
41052,8188.7
41053,7287.5
41054,6386.3
41055,7287.5
41056,8489.1
41057,11192.8
41058,13145.4
41059,12544.6
41060,11493.2
41061,9390.4
41062,8188.7
41063,4583.9
41064,1429.6
41065,829.1
41066,378.3
41067,378.3
41068,829.2
41069,4286
41070,14355.8
41071,15257.6
41072,14656.4
41073,12852.8
41074,11650.5
41075,9396
41076,8193.7
41077,7291.9
41078,6390.1
41079,7291.9
41080,8494.3
41081,11199.6
41082,13153.4
41083,12552.3
41084,11500.2
41085,9396
41086,8193.7
41087,4586.6
41088,1430.4
41089,829.5
41090,378.4
41091,378.4
41092,829.6
41093,4288.7
41094,14365.3
41095,15267.6
41096,14666.1
41097,12861.3
41098,11658.1
41099,9402.2
41100,8199
41101,7296.6
41102,6394.3
41103,7296.6
41104,8499.8
41105,11206.9
41106,13162.1
41107,12560.5
41108,11507.7
41109,9402.2
41110,8199
41111,4589.5
41112,1431.2
41113,829.9
41114,378.5
41115,378.5
41116,830
41117,4291.6
41118,14375.4
41119,15278.4
41120,14676.4
41121,12870.4
41122,11666.3
41123,9408.8
41124,8204.7
41125,7301.7
41126,6398.7
41127,7301.7
41128,8505.7
41129,11214.8
41130,13171.4
41131,12569.4
41132,11515.8
41133,9408.8
41134,8204.7
41135,4592.6
41136,1432
41137,830.3
41138,378.6
41139,378.6
41140,830.5
41141,4294.7
41142,14386.2
41143,15290
41144,14687.5
41145,12880
41146,11675.1
41147,9415.8
41148,8210.8
41149,7307.1
41150,6403.4
41151,7307.1
41152,8512.1
41153,11223.2
41154,13181.3
41155,12578.8
41156,11524.5
41157,9415.8
41158,8210.8
41159,4596
41160,1433
41161,830.8
41162,378.7
41163,378.7
41164,831
41165,4298
41166,14397.8
41167,15302.2
41168,14699.2
41169,12890.3
41170,11684.4
41171,9423.3
41172,8217.3
41173,7312.9
41174,6408.4
41175,7312.9
41176,8518.8
41177,11232.2
41178,13191.8
41179,12588.8
41180,11533.7
41181,9423.3
41182,8217.3
41183,4599.5
41184,1433.9
41185,831.3
41186,378.9
41187,378.9
41188,831.5
41189,4301.5
41190,14409.9
41191,15315.2
41192,14711.7
41193,12901.2
41194,11694.2
41195,9431.2
41196,8224.2
41197,7319
41198,6413.7
41199,7319
41200,8525.9
41201,11241.6
41202,13203
41203,12599.5
41204,11543.4
41205,9431.2
41206,8224.2
41207,4603.3
41208,1435
41209,831.9
41210,379
41211,379
41212,832
41213,4305.2
41214,14422.8
41215,15328.8
41216,14724.8
41217,12912.7
41218,11704.6
41219,9439.5
41220,8231.4
41221,7325.4
41222,6419.3
41223,7325.4
41224,8533.5
41225,11251.6
41226,13214.7
41227,12610.7
41228,11553.6
41229,9439.5
41230,8231.4
41231,4607.2
41232,1436.1
41233,832.4
41234,379.1
41235,379.1
41236,832.6
41237,4309.1
41238,14436.3
41239,15343.2
41240,14738.6
41241,12924.8
41242,11715.6
41243,9448.3
41244,8239.1
41245,7332.2
41246,6425.2
41247,7332.2
41248,8541.4
41249,11262.1
41250,13227.1
41251,12622.5
41252,11564.4
41253,9448.3
41254,8239.1
41255,4611.4
41256,1437.2
41257,833
41258,379.3
41259,379.3
41260,833.2
41261,4313.2
41262,14450.5
41263,15358.3
41264,14753.1
41265,12937.4
41266,11727
41267,9457.5
41268,8247.1
41269,7339.2
41270,6431.4
41271,7339.2
41272,8549.7
41273,11273.1
41274,13240.1
41275,12634.8
41276,11575.7
41277,9457.5
41278,8247.1
41279,4615.8
41280,1438.4
41281,833.6
41282,379.4
41283,379.4
41284,833.8
41285,4317.4
41286,14465.3
41287,15374.1
41288,14768.2
41289,12950.7
41290,11739
41291,9467.1
41292,8255.4
41293,7346.7
41294,6437.9
41295,7346.7
41296,8558.4
41297,11284.6
41298,13253.6
41299,12647.8
41300,11587.6
41301,9467.1
41302,8255.4
41303,4620.4
41304,1439.7
41305,834.3
41306,379.6
41307,379.6
41308,834.5
41309,4321.9
41310,14480.8
41311,15390.6
41312,14784.1
41313,12964.6
41314,11751.5
41315,9477.2
41316,8264.2
41317,7354.4
41318,6444.7
41319,7354.4
41320,8567.4
41321,11296.7
41322,13267.8
41323,12661.3
41324,11599.9
41325,9477.2
41326,8264.2
41327,4625.1
41328,1441
41329,835
41330,379.8
41331,379.8
41332,835.2
41333,4326.5
41334,14497
41335,15407.7
41336,14800.5
41337,12979
41338,11764.6
41339,9487.6
41340,8273.3
41341,7362.5
41342,6451.7
41343,7362.5
41344,8576.9
41345,11309.2
41346,13282.6
41347,12675.4
41348,11612.8
41349,9487.6
41350,8273.3
41351,4630.1
41352,1442.4
41353,835.7
41354,380
41355,380
41356,835.9
41357,4331.3
41358,14513.7
41359,15425.6
41360,14817.7
41361,12994
41362,11778.2
41363,9498.5
41364,8282.7
41365,7370.9
41366,6459
41367,7370.9
41368,8586.7
41369,11322.2
41370,13297.9
41371,12690
41372,11626.2
41373,9498.5
41374,8282.7
41375,4635.3
41376,1443.8
41377,836.4
41378,380.1
41379,380.1
41380,836.6
41381,4336.4
41382,14531.2
41383,15444.1
41384,14835.5
41385,13009.6
41386,11792.3
41387,9509.8
41388,8292.6
41389,7379.6
41390,6466.6
41391,7379.6
41392,8596.9
41393,11335.8
41394,13313.9
41395,12705.2
41396,11640.1
41397,9509.8
41398,8292.6
41399,4640.7
41400,1445.3
41401,837.2
41402,380.3
41403,380.3
41404,837.4
41405,4341.5
41406,14549.2
41407,15463.3
41408,14853.9
41409,13025.7
41410,11806.9
41411,9521.6
41412,8302.7
41413,7388.6
41414,6474.5
41415,7388.6
41416,8607.4
41417,11349.8
41418,13330.4
41419,12721
41420,11654.5
41421,9521.6
41422,8302.7
41423,4646.3
41424,1446.8
41425,837.9
41426,380.5
41427,380.5
41428,838.2
41429,4346.9
41430,14567.9
41431,15483.2
41432,14873
41433,13042.4
41434,11822
41435,9533.7
41436,8313.3
41437,7398
41438,6482.6
41439,7398
41440,8618.4
41441,11364.3
41442,13347.5
41443,12737.3
41444,11669.4
41445,9533.7
41446,8313.3
41447,4652
41448,1448.4
41449,838.8
41450,380.7
41451,380.7
41452,839
41453,4352.5
41454,14587.2
41455,15503.8
41456,14892.7
41457,13059.7
41458,11837.6
41459,9546.2
41460,8324.2
41461,7407.6
41462,6491.1
41463,7407.6
41464,8629.7
41465,11379.3
41466,13365.2
41467,12754.1
41468,11684.8
41469,9546.2
41470,8324.2
41471,4658
41472,1450.1
41473,839.6
41474,380.9
41475,381
41476,839.9
41477,4358.2
41478,14607.2
41479,15525
41480,14913.1
41481,13077.5
41482,11853.7
41483,9559.2
41484,8335.4
41485,7417.6
41486,6499.8
41487,7417.6
41488,8641.3
41489,11394.8
41490,13383.4
41491,12771.5
41492,11700.7
41493,9559.2
41494,8335.4
41495,4664.1
41496,1451.8
41497,840.5
41498,381.2
41499,381.2
41500,840.7
41501,4364.1
41502,14627.7
41503,15546.8
41504,14934.1
41505,13095.8
41506,11870.3
41507,9572.5
41508,8347
41509,7427.9
41510,6508.7
41511,7427.9
41512,8653.4
41513,11410.8
41514,13402.2
41515,12789.4
41516,11717.1
41517,9572.5
41518,8347
41519,4670.5
41520,1453.5
41521,841.4
41522,381.4
41523,381.4
41524,841.6
41525,4370.2
41526,14648.9
41527,15569.3
41528,14955.7
41529,13114.7
41530,11887.4
41531,9586.2
41532,8358.9
41533,7438.4
41534,6518
41535,7438.4
41536,8665.7
41537,11427.2
41538,13421.6
41539,12807.9
41540,11734
41541,9586.2
41542,8358.9
41543,4677
41544,1455.3
41545,842.3
41546,381.6
41547,381.6
41548,842.6
41549,4376.4
41550,14670.6
41551,15592.5
41552,14977.9
41553,13134.2
41554,11905
41555,9600.3
41556,8371.2
41557,7449.3
41558,6527.4
41559,7449.3
41560,8678.5
41561,11444.1
41562,13441.5
41563,12826.9
41564,11751.4
41565,9600.3
41566,8371.2
41567,4683.7
41568,1457.2
41569,843.2
41570,381.9
41571,381.9
41572,843.5
41573,4382.8
41574,14693
41575,15616.2
41576,15000.7
41577,13154.1
41578,11923.1
41579,9614.8
41580,8383.8
41581,7460.5
41582,6537.2
41583,7460.5
41584,8691.5
41585,11461.4
41586,13461.9
41587,12846.4
41588,11769.2
41589,9614.8
41590,8383.8
41591,4690.6
41592,1459.1
41593,844.2
41594,382.1
41595,382.1
41596,844.5
41597,4389.4
41598,14715.9
41599,15640.6
41600,15024.1
41601,13174.6
41602,11941.6
41603,9629.7
41604,8396.7
41605,7471.9
41606,6547.2
41607,7471.9
41608,8705
41609,11479.2
41610,13482.9
41611,12866.4
41612,11787.5
41613,9629.7
41614,8396.7
41615,4697.7
41616,1461
41617,845.2
41618,382.3
41619,382.4
41620,845.5
41621,4396.2
41622,14739.4
41623,15665.7
41624,15048.1
41625,13195.6
41626,11960.6
41627,9645
41628,8410
41629,7483.7
41630,6557.4
41631,7483.7
41632,8718.7
41633,11497.5
41634,13504.4
41635,12886.9
41636,11806.2
41637,9645
41638,8410
41639,4704.9
41640,1463
41641,846.2
41642,382.6
41643,382.6
41644,846.5
41645,4403.1
41646,14763.5
41647,15691.3
41648,15072.7
41649,13217.1
41650,11980.1
41651,9660.6
41652,8423.5
41653,7495.7
41654,6567.9
41655,7495.7
41656,8732.8
41657,11516.2
41658,13526.4
41659,12907.9
41660,11825.5
41661,9660.6
41662,8423.5
41663,4712.4
41664,1465.1
41665,847.2
41666,382.9
41667,382.9
41668,847.5
41669,4410.2
41670,14788.1
41671,15717.5
41672,15097.9
41673,13239.2
41674,12000
41675,9676.6
41676,8437.4
41677,7508.1
41678,6578.7
41679,7508.1
41680,8747.2
41681,11535.3
41682,13549
41683,12929.4
41684,11845.1
41685,9676.6
41686,8437.4
41687,4720
41688,1467.2
41689,848.3
41690,383.1
41691,383.1
41692,848.6
41693,4417.4
41694,14813.3
41695,15744.3
41696,15123.7
41697,13261.7
41698,12020.4
41699,9693
41700,8451.7
41701,7520.7
41702,6589.7
41703,7520.7
41704,8762
41705,11554.9
41706,13572
41707,12951.4
41708,11865.2
41709,9693
41710,8451.7
41711,4727.7
41712,1469.3
41713,849.4
41714,383.4
41715,383.4
41716,849.7
41717,4424.8
41718,14839.1
41719,15771.7
41720,15150
41721,13284.7
41722,12041.2
41723,9709.7
41724,8466.2
41725,7533.6
41726,6600.9
41727,7533.6
41728,8777
41729,11574.9
41730,13595.6
41731,12973.8
41732,11885.8
41733,9709.7
41734,8466.2
41735,4735.7
41736,1471.5
41737,850.5
41738,383.7
41739,383.7
41740,850.8
41741,4432.4
41742,14865.4
41743,15799.7
41744,15176.8
41745,13308.2
41746,12062.5
41747,9726.7
41748,8481
41749,7546.7
41750,6612.4
41751,7546.7
41752,8792.4
41753,11595.3
41754,13619.7
41755,12996.8
41756,11906.8
41757,9726.7
41758,8481
41759,4743.8
41760,1473.7
41761,851.6
41762,384
41763,384
41764,852
41765,4440.1
41766,14892.2
41767,15828.2
41768,15204.2
41769,13332.2
41770,12084.2
41771,9744.2
41772,8496.1
41773,7560.1
41774,6624.1
41775,7560.1
41776,8808.1
41777,11616.2
41778,13644.2
41779,13020.2
41780,11928.2
41781,9744.2
41782,8496.1
41783,4752.1
41784,1476
41785,852.8
41786,384.3
41787,384.3
41788,853.1
41789,4447.9
41790,14919.6
41791,15857.4
41792,15232.2
41793,13356.7
41794,12106.3
41795,9761.9
41796,8511.6
41797,7573.8
41798,6636
41799,7573.8
41800,8824.2
41801,11637.4
41802,13669.2
41803,13044.1
41804,11950
41805,9761.9
41806,8511.6
41807,4760.5
41808,1478.4
41809,854
41810,384.6
41811,384.6
41812,854.3
41813,4455.9
41814,14947.5
41815,15887
41816,15260.7
41817,13381.6
41818,12128.9
41819,9780
41820,8527.3
41821,7587.7
41822,6648.2
41823,7587.7
41824,8840.5
41825,11659.1
41826,13694.8
41827,13068.4
41828,11972.3
41829,9780
41830,8527.3
41831,4769.1
41832,1480.7
41833,855.2
41834,384.9
41835,384.9
41836,855.5
41837,4464.1
41838,14975.9
41839,15917.2
41840,15289.7
41841,13407
41842,12151.8
41843,9798.4
41844,8543.3
41845,7601.9
41846,6660.6
41847,7601.9
41848,8857.1
41849,11681.1
41850,13720.7
41851,13093.2
41852,11994.9
41853,9798.4
41854,8543.3
41855,4777.9
41856,1483.1
41857,856.4
41858,385.2
41859,385.2
41860,856.8
41861,4472.4
41862,15004.8
41863,15948
41864,15319.2
41865,13432.8
41866,12175.2
41867,9817.2
41868,8559.6
41869,7616.4
41870,6673.2
41871,7616.4
41872,8874
41873,11703.6
41874,13747.2
41875,13118.4
41876,12018
41877,9817.2
41878,8559.6
41879,4786.8
41880,1485.6
41881,857.6
41882,385.5
41883,385.5
41884,858
41885,4480.8
41886,15034.2
41887,15979.2
41888,15349.2
41889,13459
41890,12198.9
41891,9836.3
41892,8576.2
41893,7631.1
41894,6686
41895,7631.1
41896,8891.2
41897,11726.4
41898,13774.1
41899,13144
41900,12041.4
41901,9836.3
41902,8576.2
41903,4795.9
41904,1488.1
41905,858.9
41906,385.8
41907,385.8
41908,859.3
41909,4489.4
41910,15064
41911,16011
41912,15379.7
41913,13485.7
41914,12223.1
41915,9855.7
41916,8593
41917,7646
41918,6699
41919,7646
41920,8908.7
41921,11749.6
41922,13801.4
41923,13170.1
41924,12065.3
41925,9855.7
41926,8593
41927,4805.1
41928,1490.6
41929,860.2
41930,386.1
41931,386.1
41932,860.6
41933,4498.1
41934,15094.4
41935,16043.3
41936,15410.7
41937,13512.9
41938,12247.6
41939,9875.4
41940,8610.1
41941,7661.2
41942,6712.3
41943,7661.2
41944,8926.4
41945,11773.2
41946,13829.2
41947,13196.6
41948,12089.5
41949,9875.4
41950,8610.1
41951,4814.4
41952,1493.2
41953,861.5
41954,386.4
41955,386.5
41956,861.9
41957,4507
41958,15125.2
41959,16076.1
41960,15442.2
41961,13540.4
41962,12272.6
41963,9895.4
41964,8627.5
41965,7676.6
41966,6725.7
41967,7676.6
41968,8944.5
41969,11797.1
41970,13857.4
41971,13223.5
41972,12114.1
41973,9895.4
41974,8627.5
41975,4824
41976,1495.9
41977,862.8
41978,386.8
41979,386.8
41980,863.2
41981,4516
41982,15156.5
41983,16109.4
41984,15474.1
41985,13568.4
41986,12297.9
41987,9915.7
41988,8645.1
41989,7692.3
41990,6739.4
41991,7692.3
41992,8962.8
41993,11821.4
41994,13886
41995,13250.7
41996,12139
41997,9915.7
41998,8645.1
41999,4833.6
42000,1498.5
42001,864.2
42002,387.1
42003,387.1
42004,864.6
42005,4525.1
42006,15188.2
42007,16143.2
42008,15506.5
42009,13596.7
42010,12323.5
42011,9936.2
42012,8663
42013,7708.1
42014,6753.2
42015,7708.1
42016,8981.3
42017,11846.1
42018,13915
42019,13278.4
42020,12164.4
42021,9936.2
42022,8663
42023,4843.4
42024,1501.2
42025,865.5
42026,387.5
42027,387.5
42028,865.9
42029,4534.3
42030,15220.4
42031,16177.4
42032,15539.4
42033,13625.5
42034,12349.5
42035,9957.1
42036,8681.2
42037,7724.2
42038,6767.3
42039,7724.2
42040,9000.2
42041,11871
42042,13944.5
42043,13306.5
42044,12190
42045,9957.1
42046,8681.2
42047,4853.3
42048,1504
42049,866.9
42050,387.8
42051,387.8
42052,867.3
42053,4543.7
42054,15253
42055,16212.1
42056,15572.7
42057,13654.6
42058,12375.9
42059,9978.3
42060,8699.6
42061,7740.5
42062,6781.5
42063,7740.5
42064,9019.2
42065,11896.4
42066,13974.3
42067,13334.9
42068,12216
42069,9978.3
42070,8699.6
42071,4863.4
42072,1506.7
42073,868.3
42074,388.2
42075,388.2
42076,868.7
42077,4553.2
42078,15286
42079,16247.2
42080,15606.4
42081,13684.1
42082,12402.6
42083,9999.7
42084,8718.2
42085,7757
42086,6795.9
42087,7757
42088,9038.6
42089,11922
42090,14004.5
42091,13363.7
42092,12242.4
42093,9999.7
42094,8718.2
42095,4873.6
42096,1509.5
42097,869.7
42098,388.5
42099,388.5
42100,870.1
42101,4562.8
42102,15319.5
42103,16282.8
42104,15640.6
42105,13714
42106,12429.6
42107,10021.4
42108,8737
42109,7773.7
42110,6810.5
42111,7773.7
42112,9058.1
42113,11948
42114,14035.1
42115,13392.9
42116,12269.1
42117,10021.4
42118,8737
42119,4883.9
42120,1512.4
42121,871.2
42122,388.9
42123,388.9
42124,871.6
42125,4572.5
42126,15353.3
42127,16318.8
42128,15675.1
42129,13744.2
42130,12457
42131,10043.4
42132,8756.1
42133,7790.7
42134,6825.2
42135,7790.7
42136,9077.9
42137,11974.3
42138,14066.1
42139,13422.4
42140,12296.1
42141,10043.4
42142,8756.1
42143,4894.3
42144,1515.3
42145,872.6
42146,389.2
42147,389.2
42148,873
42149,4582.3
42150,15387.5
42151,16355.2
42152,15710.1
42153,13774.8
42154,12484.6
42155,10065.6
42156,8775.4
42157,7807.8
42158,6840.1
42159,7807.8
42160,9097.9
42161,12000.8
42162,14097.4
42163,13452.3
42164,12323.4
42165,10065.6
42166,8775.4
42167,4904.9
42168,1518.2
42169,874.1
42170,389.6
42171,389.6
42172,874.5
42173,4592.3
42174,15422.1
42175,16392
42176,15745.4
42177,13805.7
42178,12512.6
42179,10088
42180,8794.9
42181,7825.1
42182,6855.2
42183,7825.1
42184,9118.2
42185,12027.7
42186,14129
42187,13482.5
42188,12351
42189,10088
42190,8794.9
42191,4915.6
42192,1521.1
42193,875.6
42194,390
42195,390
42196,876
42197,4602.3
42198,15457.1
42199,16429.2
42200,15781.2
42201,13837
42202,12540.9
42203,10110.7
42204,8814.6
42205,7842.6
42206,6870.5
42207,7842.6
42208,9138.7
42209,12054.9
42210,14161
42211,13513
42212,12378.9
42213,10110.7
42214,8814.6
42215,4926.4
42216,1524.1
42217,877.1
42218,390.3
42219,390.4
42220,877.5
42221,4612.5
42222,15492.5
42223,16466.8
42224,15817.2
42225,13868.6
42226,12569.5
42227,10133.7
42228,8834.6
42229,7860.2
42230,6885.9
42231,7860.2
42232,9159.3
42233,12082.3
42234,14193.4
42235,13543.8
42236,12407.1
42237,10133.7
42238,8834.6
42239,4937.3
42240,1527.1
42241,878.6
42242,390.7
42243,390.7
42244,879
42245,4622.7
42246,15528.2
42247,16504.8
42248,15853.7
42249,13900.5
42250,12598.3
42251,10156.8
42252,8854.7
42253,7878.1
42254,6901.5
42255,7878.1
42256,9180.2
42257,12110
42258,14226
42259,13574.9
42260,12435.6
42261,10156.8
42262,8854.7
42263,4948.3
42264,1530.1
42265,880.1
42266,391.1
42267,391.1
42268,880.6
42269,4633.1
42270,15564.2
42271,16543.1
42272,15890.5
42273,13932.7
42274,12627.5
42275,10180.2
42276,8875
42277,7896.1
42278,6917.2
42279,7896.1
42280,9201.3
42281,12138
42282,14259
42283,13606.4
42284,12464.3
42285,10180.2
42286,8875
42287,4959.4
42288,1533.2
42289,881.6
42290,391.5
42291,391.5
42292,882.1
42293,4643.5
42294,15600.5
42295,16581.8
42296,15927.6
42297,13965.2
42298,12656.9
42299,10203.8
42300,8895.5
42301,7914.3
42302,6933
42303,7914.3
42304,9222.6
42305,12166.2
42306,14292.2
42307,13638.1
42308,12493.3
42309,10203.8
42310,8895.5
42311,4970.6
42312,1536.3
42313,883.2
42314,391.9
42315,391.9
42316,883.7
42317,4654
42318,15637.2
42319,16620.8
42320,15965.1
42321,13997.9
42322,12686.5
42323,10227.6
42324,8916.2
42325,7932.6
42326,6949
42327,7932.6
42328,9244
42329,12194.7
42330,14325.8
42331,13670.1
42332,12522.6
42333,10227.6
42334,8916.2
42335,4981.9
42336,1539.4
42337,884.8
42338,392.3
42339,392.3
42340,885.2
42341,4664.7
42342,15674.2
42343,16660.1
42344,16002.8
42345,14031
42346,12716.4
42347,10251.6
42348,8937
42349,7951.1
42350,6965.2
42351,7951.1
42352,9265.7
42353,12223.5
42354,14359.6
42355,13702.3
42356,12552.1
42357,10251.6
42358,8937
42359,4993.3
42360,1542.6
42361,886.3
42362,392.7
42363,392.7
42364,886.8
42365,4675.4
42366,15711.5
42367,16699.8
42368,16040.9
42369,14064.3
42370,12746.6
42371,10275.8
42372,8958
42373,7969.7
42374,6981.4
42375,7969.7
42376,9287.5
42377,12252.4
42378,14393.7
42379,13734.9
42380,12581.8
42381,10275.8
42382,8958
42383,5004.8
42384,1545.7
42385,887.9
42386,393.1
42387,393.1
42388,888.4
42389,4686.2
42390,15749
42391,16739.7
42392,16079.3
42393,14097.9
42394,12776.9
42395,10300.2
42396,8979.2
42397,7988.5
42398,6997.8
42399,7988.5
42400,9309.5
42401,12281.6
42402,14428.1
42403,13767.6
42404,12611.8
42405,10300.2
42406,8979.2
42407,5016.4
42408,1548.9
42409,889.5
42410,393.5
42411,393.5
42412,890
42413,4697
42414,15786.9
42415,16780
42416,16117.9
42417,14131.7
42418,12807.5
42419,10324.7
42420,9000.6
42421,8007.4
42422,7014.3
42423,8007.4
42424,9331.6
42425,12311
42426,14462.7
42427,13800.6
42428,12642
42429,10324.7
42430,9000.6
42431,5028.1
42432,1552.2
42433,891.2
42434,393.9
42435,393.9
42436,891.7
42437,4708
42438,15825
42439,16820.5
42440,16156.8
42441,14165.7
42442,12838.3
42443,10349.4
42444,9022
42445,8026.5
42446,7030.9
42447,8026.5
42448,9353.9
42449,12340.5
42450,14497.6
42451,13833.9
42452,12672.4
42453,10349.4
42454,9022
42455,5039.8
42456,1555.4
42457,1558
42458,893.3
42459,394.3
42460,394.3
42461,893.3
42462,4719
42463,15863.3
42464,16861.3
42465,16196
42466,14200
42467,12869.3
42468,10374.3
42469,9043.7
42470,8045.7
42471,7047.7
42472,8045.7
42473,9376.3
42474,12370.3
42475,14532.7
42476,13867.3
42477,12703
42478,10374.3
42479,9043.7
42480,5051.7
42481,1561.3
42482,895
42483,394.7
42484,394.7
42485,895
42486,4730.1
42487,15901.9
42488,16902.4
42489,16235.4
42490,14234.5
42491,12900.5
42492,10399.4
42493,9065.4
42494,8065
42495,7064.5
42496,8065
42497,9398.9
42498,12400.3
42499,14568
42500,13901
42501,12733.8
42502,10399.4
42503,9065.4
42504,5063.6
42505,1564.6
42506,896.6
42507,395.2
42508,395.2
42509,896.6
42510,4741.2
42511,15940.7
42512,16943.7
42513,16275.1
42514,14269.2
42515,12931.9
42516,10424.6
42517,9087.3
42518,8084.4
42519,7081.4
42520,8084.4
42521,9421.6
42522,12430.4
42523,14603.5
42524,13934.9
42525,12764.8
42526,10424.6
42527,9087.3
42528,5075.6
42529,1567.9
42530,898.3
42531,395.6
42532,395.6
42533,898.3
42534,4752.5
42535,15979.8
42536,16985.2
42537,16314.9
42538,14304.1
42539,12963.5
42540,10449.9
42541,9109.3
42542,8103.9
42543,7098.5
42544,8103.9
42545,9444.5
42546,12460.8
42547,14639.2
42548,13968.9
42549,12795.9
42550,10449.9
42551,9109.3
42552,5087.6
42553,1571.3
42554,899.9
42555,396
42556,396
42557,900
42558,4763.7
42559,16019
42560,17027
42561,16355
42562,14339.1
42563,12995.2
42564,10475.4
42565,9131.5
42566,8123.5
42567,7115.6
42568,8123.5
42569,9467.4
42570,12491.2
42571,14675.1
42572,14003.1
42573,12827.2
42574,10475.4
42575,9131.5
42576,5099.7
42577,1574.6
42578,901.6
42579,396.4
42580,396.4
42581,901.6
42582,4775.1
42583,16058.5
42584,17068.9
42585,16395.3
42586,14374.4
42587,13027.1
42588,10501
42589,9153.7
42590,8143.2
42591,7132.8
42592,8143.2
42593,9490.5
42594,12521.9
42595,14711.2
42596,14037.5
42597,12858.7
42598,10501
42599,9153.7
42600,5111.9
42601,1578
42602,903.3
42603,396.8
42604,396.8
42605,903.3
42606,4786.4
42607,16098.1
42608,17111.1
42609,16435.7
42610,14409.8
42611,13059.1
42612,10526.7
42613,9176
42614,8163
42615,7150.1
42616,8163
42617,9513.7
42618,12552.6
42619,14747.4
42620,14072.1
42621,12890.3
42622,10526.7
42623,9176
42624,5124.1
42625,1581.4
42626,905
42627,397.3
42628,397.3
42629,905
42630,4797.9
42631,16137.9
42632,17153.4
42633,16476.4
42634,14445.3
42635,13091.3
42636,10552.5
42637,9198.5
42638,8182.9
42639,7167.4
42640,8182.9
42641,9537
42642,12583.5
42643,14783.8
42644,14106.8
42645,12922
42646,10552.5
42647,9198.5
42648,5136.4
42649,1584.8
42650,906.7
42651,397.7
42652,397.7
42653,906.7
42654,4809.3
42655,16177.8
42656,17195.9
42657,16517.2
42658,14481
42659,13123.6
42660,10578.4
42661,9221
42662,8202.9
42663,7184.8
42664,8202.9
42665,9560.3
42666,12614.6
42667,14820.4
42668,14141.7
42669,12953.9
42670,10578.4
42671,9221
42672,5148.7
42673,1588.2
42674,908.4
42675,398.1
42676,398.1
42677,908.4
42678,4820.9
42679,16217.9
42680,17238.5
42681,16558.1
42682,14516.9
42683,13156
42684,10604.4
42685,9243.6
42686,8223
42687,7202.3
42688,8223
42689,9583.8
42690,12645.7
42691,14857.1
42692,14176.6
42693,12985.9
42694,10604.4
42695,9243.6
42696,5161.1
42697,1591.6
42698,910.1
42699,398.5
42700,398.5
42701,910.1
42702,4832.4
42703,16258.1
42704,17281.3
42705,16599.2
42706,14552.8
42707,13188.5
42708,10630.5
42709,9266.3
42710,8243.1
42711,7219.9
42712,8243.1
42713,9607.3
42714,12676.9
42715,14893.9
42716,14211.7
42717,13018
42718,10630.5
42719,9266.3
42720,5173.5
42721,1595
42722,911.8
42723,399
42724,399
42725,911.8
42726,4844
42727,16298.5
42728,17324.3
42729,16640.4
42730,14588.9
42731,13221.2
42732,10656.7
42733,9289
42734,8263.3
42735,7237.5
42736,8263.3
42737,9631
42738,12708.3
42739,14930.8
42740,14246.9
42741,13050.2
42742,10656.7
42743,9289
42744,5185.9
42745,1598.5
42746,913.6
42747,399.4
42748,399.4
42749,913.6
42750,4855.6
42751,16339
42752,17367.3
42753,16681.7
42754,14625
42755,13253.9
42756,10683
42757,9311.8
42758,8283.5
42759,7255.1
42760,8283.5
42761,9654.6
42762,12739.7
42763,14967.8
42764,14282.2
42765,13082.5
42766,10683
42767,9311.8
42768,5198.4
42769,1601.9
42770,915.3
42771,399.8
42772,399.8
42773,915.3
42774,4867.3
42775,16379.5
42776,17410.5
42777,16723.2
42778,14661.3
42779,13286.7
42780,10709.3
42781,9334.7
42782,8303.8
42783,7272.8
42784,8303.8
42785,9678.4
42786,12771.2
42787,15004.9
42788,14317.6
42789,13114.9
42790,10709.3
42791,9334.7
42792,5210.9
42793,1605.4
42794,917
42795,400.3
42796,400.3
42797,917
42798,4878.9
42799,16420.2
42800,17453.7
42801,16764.7
42802,14697.6
42803,13319.5
42804,10735.7
42805,9357.6
42806,8324.1
42807,7290.6
42808,8324.1
42809,9702.2
42810,12802.8
42811,15042.1
42812,14353.1
42813,13147.3
42814,10735.7
42815,9357.6
42816,5223.5
42817,1608.8
42818,918.7
42819,400.7
42820,400.7
42821,918.8
42822,4890.6
42823,16460.9
42824,17497
42825,16806.3
42826,14734
42827,13352.5
42828,10762.1
42829,9380.6
42830,8344.5
42831,7308.3
42832,8344.5
42833,9726
42834,12834.4
42835,15079.4
42836,14388.6
42837,13179.8
42838,10762.1
42839,9380.6
42840,5236
42841,1612.3
42842,920.5
42843,401.1
42844,401.1
42845,920.5
42846,4902.4
42847,16501.7
42848,17540.4
42849,16847.9
42850,14770.5
42851,13385.5
42852,10788.6
42853,9403.6
42854,8364.9
42855,7326.1
42856,8364.9
42857,9749.8
42858,12866.1
42859,15116.7
42860,14424.2
42861,13212.3
42862,10788.6
42863,9403.6
42864,5248.6
42865,1615.8
42866,922.2
42867,401.6
42868,401.6
42869,922.2
42870,4914.1
42871,16542.5
42872,17583.9
42873,16889.7
42874,14806.9
42875,13418.5
42876,10815.1
42877,9426.6
42878,8385.3
42879,7343.9
42880,8385.3
42881,9773.7
42882,12897.8
42883,15154.1
42884,14459.8
42885,13244.9
42886,10815.1
42887,9426.6
42888,5261.2
42889,1619.3
42890,924
42891,402
42892,402
42893,924
42894,4925.8
42895,16583.4
42896,17627.4
42897,16931.4
42898,14843.5
42899,13451.5
42900,10841.6
42901,9449.7
42902,8405.7
42903,7361.8
42904,8405.7
42905,9797.7
42906,12929.5
42907,15191.5
42908,14495.5
42909,13277.5
42910,10841.6
42911,9449.7
42912,5273.8
42913,1622.7
42914,925.7
42915,402.4
42916,402.4
42917,925.7
42918,4937.6
42919,16624.3
42920,17670.9
42921,16973.2
42922,14880
42923,13484.6
42924,10868.2
42925,9472.7
42926,8426.2
42927,7379.6
42928,8426.2
42929,9821.6
42930,12961.3
42931,15228.9
42932,14531.2
42933,13310.2
42934,10868.2
42935,9472.7
42936,5286.4
42937,1626.2
42938,927.4
42939,402.9
42940,402.9
42941,927.5
42942,4949.3
42943,16665.2
42944,17714.4
42945,17015
42946,14916.6
42947,13517.7
42948,10894.7
42949,9495.8
42950,8446.6
42951,7397.4
42952,8446.6
42953,9845.5
42954,12993.1
42955,15266.3
42956,14566.9
42957,13342.8
42958,10894.7
42959,9495.8
42960,5299.1
42961,1629.7
42962,929.2
42963,403.3
42964,403.3
42965,929.2
42966,4961.1
42967,16706.2
42968,17758
42969,17056.8
42970,14953.2
42971,13550.8
42972,10921.3
42973,9518.9
42974,8467.1
42975,7415.3
42976,8467.1
42977,9869.5
42978,13024.9
42979,15303.8
42980,14602.6
42981,13375.5
42982,10921.3
42983,9518.9
42984,5311.7
42985,1633.2
42986,930.9
42987,403.7
42988,403.7
42989,930.9
42990,4972.8
42991,16747.1
42992,17801.5
42993,17098.6
42994,14989.7
42995,13583.9
42996,10947.8
42997,9542
42998,8487.5
42999,7433.1
43000,8487.5
43001,9893.4
43002,13056.7
43003,15341.2
43004,14638.3
43005,13408.1
43006,10947.8
43007,9542
43008,5324.3
43009,1636.7
43010,932.7
43011,404.2
43012,404.2
43013,932.7
43014,4984.6
43015,16788
43016,17845
43017,17140.3
43018,15026.3
43019,13616.9
43020,10974.4
43021,9565
43022,8508
43023,7451
43024,8508
43025,9917.4
43026,13088.4
43027,15378.6
43028,14673.9
43029,13440.8
43030,10974.4
43031,9565
43032,5336.9
43033,1640.1
43034,934.4
43035,404.6
43036,404.6
43037,934.4
43038,4996.3
43039,16828.8
43040,17888.5
43041,17182.1
43042,15062.8
43043,13650
43044,11000.9
43045,9588.1
43046,8528.4
43047,7468.8
43048,8528.4
43049,9941.3
43050,13120.1
43051,15416
43052,14709.6
43053,13473.4
43054,11000.9
43055,9588.1
43056,5349.5
43057,1643.6
43058,936.1
43059,405
43060,405
43061,936.2
43062,5008.1
43063,16869.7
43064,17931.9
43065,17223.7
43066,15099.3
43067,13683
43068,11027.4
43069,9611.1
43070,8548.8
43071,7486.6
43072,8548.8
43073,9965.1
43074,13151.8
43075,15453.3
43076,14745.2
43077,13505.9
43078,11027.4
43079,9611.1
43080,5362.1
43081,1647.1
43082,937.9
43083,405.5
43084,405.5
43085,937.9
43086,5019.8
43087,16910.4
43088,17975.2
43089,17265.4
43090,15135.7
43091,13715.9
43092,11053.8
43093,9634
43094,8569.2
43095,7504.4
43096,8569.2
43097,9989
43098,13183.5
43099,15490.6
43100,14780.7
43101,13538.4
43102,11053.8
43103,9634
43104,5374.7
43105,1650.6
43106,939.6
43107,405.9
43108,405.9
43109,939.6
43110,5031.4
43111,16951.1
43112,18018.5
43113,17306.9
43114,15172
43115,13748.8
43116,11080.2
43117,9657
43118,8589.6
43119,7522.1
43120,8589.6
43121,10012.8
43122,13215.1
43123,15527.9
43124,14816.2
43125,13570.9
43126,11080.2
43127,9657
43128,5387.3
43129,1654
43130,941.3
43131,406.3
43132,406.3
43133,941.3
43134,5043.1
43135,16991.7
43136,18061.7
43137,17348.4
43138,15208.3
43139,13781.6
43140,11106.6
43141,9679.9
43142,8609.9
43143,7539.8
43144,8609.9
43145,10036.5
43146,13246.6
43147,15565
43148,14851.7
43149,13603.3
43150,11106.6
43151,9679.9
43152,5399.8
43153,1657.5
43154,943.1
43155,406.8
43156,406.8
43157,943.1
43158,5054.7
43159,17032.2
43160,18104.8
43161,17389.7
43162,15244.5
43163,13814.4
43164,11132.9
43165,9702.7
43166,8630.1
43167,7557.5
43168,8630.1
43169,10060.3
43170,13278.1
43171,15602.1
43172,14887
43173,13635.6
43174,11132.9
43175,9702.7
43176,5412.3
43177,1660.9
43178,944.8
43179,407.2
43180,407.2
43181,944.8
43182,5066.4
43183,17072.6
43184,18147.8
43185,17431
43186,15280.6
43187,13847.1
43188,11159.1
43189,9725.5
43190,8650.3
43191,7575.1
43192,8650.3
43193,10083.9
43194,13309.5
43195,15639
43196,14922.2
43197,13667.9
43198,11159.1
43199,9725.5
43200,5424.7
43201,1664.3
43202,946.5
43203,407.6
43204,407.6
43205,946.5
43206,5077.9
43207,17112.9
43208,18190.7
43209,17472.2
43210,15316.6
43211,13879.6
43212,11185.2
43213,9748.2
43214,8670.5
43215,7592.7
43216,8670.5
43217,10107.5
43218,13340.7
43219,15675.9
43220,14957.4
43221,13700
43222,11185.2
43223,9748.2
43224,5437.2
43225,1667.7
43226,948.2
43227,408.1
43228,408.1
43229,948.2
43230,5089.5
43231,17153.1
43232,18233.4
43233,17513.2
43234,15352.5
43235,13912.1
43236,11211.3
43237,9770.9
43238,8690.5
43239,7610.2
43240,8690.5
43241,10131
43242,13371.9
43243,15712.6
43244,14992.4
43245,13732
43246,11211.3
43247,9770.9
43248,5449.6
43249,1671.2
43250,949.9
43251,408.5
43252,408.5
43253,949.9
43254,5101
43255,17193.1
43256,18276
43257,17554
43258,15388.3
43259,13944.4
43260,11237.2
43261,9793.4
43262,8710.5
43263,7627.7
43264,8710.5
43265,10154.4
43266,13403
43267,15749.2
43268,15027.3
43269,13764
43270,11237.2
43271,9793.4
43272,5461.9
43273,1674.6
43274,951.6
43275,408.9
43276,408.9
43277,951.6
43278,5112.4
43279,17232.9
43280,18318.4
43281,17594.7
43282,15423.9
43283,13976.7
43284,11263.1
43285,9815.9
43286,8730.5
43287,7645.1
43288,8730.5
43289,10177.7
43290,13434
43291,15785.7
43292,15062.1
43293,13795.8
43294,11263.1
43295,9815.9
43296,5474.2
43297,1677.9
43298,953.3
43299,409.3
43300,409.3
43301,953.3
43302,5123.8
43303,17272.6
43304,18360.6
43305,17635.3
43306,15459.4
43307,14008.8
43308,11288.9
43309,9838.3
43310,8750.3
43311,7662.4
43312,8750.3
43313,10200.9
43314,13464.8
43315,15822
43316,15096.7
43317,13827.4
43318,11288.9
43319,9838.3
43320,5486.5
43321,1681.3
43322,955
43323,409.7
43324,409.7
43325,955
43326,5135.2
43327,17312.1
43328,18402.6
43329,17675.6
43330,15494.7
43331,14040.7
43332,11314.5
43333,9860.6
43334,8770.1
43335,7679.6
43336,8770.1
43337,10224
43338,13495.5
43339,15858.2
43340,15131.2
43341,13859
43342,11314.5
43343,9860.6
43344,5498.6
43345,1684.6
43346,956.6
43347,410.2
43348,410.2
43349,956.7
43350,5146.4
43351,17351.5
43352,18444.5
43353,17715.8
43354,15529.8
43355,14072.5
43356,11340
43357,9882.7
43358,8789.7
43359,7696.8
43360,8789.7
43361,10247.1
43362,13526
43363,15894.2
43364,15165.5
43365,13890.3
43366,11340
43367,9882.7
43368,5510.8
43369,1688
43370,958.3
43371,410.6
43372,410.6
43373,958.3
43374,5157.7
43375,17390.6
43376,18486.1
43377,17755.8
43378,15564.8
43379,14104.1
43380,11365.4
43381,9904.8
43382,8809.3
43383,7713.8
43384,8809.3
43385,10269.9
43386,13556.4
43387,15930
43388,15199.6
43389,13921.6
43390,11365.4
43391,9904.8
43392,5522.9
43393,1691.3
43394,960
43395,411
43396,411
43397,960
43398,5168.9
43399,17429.5
43400,18527.5
43401,17795.5
43402,15599.6
43403,14135.6
43404,11390.7
43405,9926.7
43406,8828.8
43407,7730.8
43408,8828.8
43409,10292.7
43410,13586.6
43411,15965.6
43412,15233.6
43413,13952.6
43414,11390.7
43415,9926.7
43416,5534.9
43417,1694.6
43418,961.6
43419,411.4
43420,411.4
43421,961.6
43422,5180
43423,17468.2
43424,18568.7
43425,17835
43426,15634.1
43427,14166.9
43428,11415.8
43429,9948.6
43430,8848.1
43431,7747.7
43432,8848.1
43433,10315.4
43434,13616.7
43435,16001
43436,15267.3
43437,13983.5
43438,11415.8
43439,9948.6
43440,5546.8
43441,1697.9
43442,963.2
43443,411.8
43444,411.8
43445,963.3
43446,5191
43447,17506.7
43448,18609.6
43449,17874.3
43450,15668.5
43451,14198
43452,11440.8
43453,9970.2
43454,8867.3
43455,7764.4
43456,8867.3
43457,10337.9
43458,13646.5
43459,16036.1
43460,15300.9
43461,14014.2
43462,11440.8
43463,9970.2
43464,5558.7
43465,1701.1
43466,964.9
43467,412.2
43468,412.2
43469,964.9
43470,5202
43471,17544.9
43472,18650.2
43473,17913.3
43474,15702.7
43475,14228.9
43476,11465.6
43477,9991.8
43478,8886.4
43479,7781.1
43480,8886.4
43481,10360.2
43482,13676.2
43483,16071.1
43484,15334.2
43485,14044.7
43486,11465.6
43487,9991.8
43488,5570.4
43489,1704.4
43490,966.5
43491,412.6
43492,412.6
43493,966.5
43494,5212.9
43495,17582.8
43496,18690.6
43497,17952.1
43498,15736.6
43499,14259.6
43500,11490.2
43501,10013.2
43502,8905.4
43503,7797.7
43504,8905.4
43505,10382.4
43506,13705.7
43507,16105.8
43508,15367.3
43509,14074.9
43510,11490.2
43511,10013.2
43512,5582.2
43513,1707.6
43514,968.1
43515,413
43516,413
43517,968.1
43518,5223.7
43519,17620.5
43520,18730.7
43521,17990.6
43522,15770.3
43523,14290
43524,11514.6
43525,10034.4
43526,8924.3
43527,7814.1
43528,8924.3
43529,10404.5
43530,13735
43531,16140.3
43532,15400.2
43533,14105
43534,11514.6
43535,10034.4
43536,5593.8
43537,1710.8
43538,969.7
43539,413.4
43540,413.4
43541,969.7
43542,5234.5
43543,17657.9
43544,18770.5
43545,18028.8
43546,15803.7
43547,14320.3
43548,11538.9
43549,10055.5
43550,8943
43551,7830.4
43552,8943
43553,10426.4
43554,13764
43555,16174.5
43556,15432.8
43557,14134.9
43558,11538.9
43559,10055.5
43560,5605.3
43561,1713.9
43562,971.3
43563,413.8
43564,413.8
43565,971.3
43566,5245.1
43567,17695
43568,18810
43569,18066.7
43570,15836.8
43571,14350.3
43572,11563
43573,10076.4
43574,8961.5
43575,7846.6
43576,8961.5
43577,10448.1
43578,13792.8
43579,16208.5
43580,15465.2
43581,14164.5
43582,11563
43583,10076.4
43584,5616.8
43585,1717.1
43586,972.8
43587,414.2
43588,414.2
43589,972.8
43590,5255.7
43591,17731.8
43592,18849.1
43593,18104.3
43594,15869.7
43595,14380
43596,11586.9
43597,10097.2
43598,8979.9
43599,7862.7
43600,8979.9
43601,10469.6
43602,13821.4
43603,16242.2
43604,15497.3
43605,14193.8
43606,11586.9
43607,10097.2
43608,5628.1
43609,1720.2
43610,974.4
43611,414.6
43612,414.6
43613,974.4
43614,5266.2
43615,17768.3
43616,18887.9
43617,18141.5
43618,15902.3
43619,14409.6
43620,11610.6
43621,10117.8
43622,8998.2
43623,7878.6
43624,8998.2
43625,10491
43626,13849.8
43627,16275.5
43628,15529.1
43629,14223
43630,11610.6
43631,10117.8
43632,5639.4
43633,1723.3
43634,975.9
43635,415
43636,415
43637,975.9
43638,5276.6
43639,17804.5
43640,18926.4
43641,18178.5
43642,15934.7
43643,14438.8
43644,11634
43645,10138.2
43646,9016.3
43647,7894.4
43648,9016.3
43649,10512.1
43650,13877.8
43651,16308.6
43652,15560.7
43653,14251.8
43654,11634
43655,10138.2
43656,5650.5
43657,1726.3
43658,977.4
43659,415.4
43660,415.4
43661,977.5
43662,5286.9
43663,17840.4
43664,18964.5
43665,18215.1
43666,15966.7
43667,14467.8
43668,11657.3
43669,10158.4
43670,9034.2
43671,7910
43672,9034.2
43673,10533.1
43674,13905.7
43675,16341.4
43676,15592
43677,14280.4
43678,11657.3
43679,10158.4
43680,5661.6
43681,1729.3
43682,979
43683,415.7
43684,415.7
43685,979
43686,5297.1
43687,17875.8
43688,19002.3
43689,18251.3
43690,15998.4
43691,14496.5
43692,11680.3
43693,10178.4
43694,9051.9
43695,7925.5
43696,9051.9
43697,10553.9
43698,13933.2
43699,16373.9
43700,15622.9
43701,14308.7
43702,11680.3
43703,10178.4
43704,5672.6
43705,1732.3
43706,980.5
43707,416.1
43708,416.1
43709,980.5
43710,5307.2
43711,17911
43712,19039.7
43713,18287.2
43714,16029.8
43715,14524.9
43716,11703.1
43717,10198.2
43718,9069.5
43719,7940.8
43720,9069.5
43721,10574.4
43722,13960.5
43723,16406
43724,15653.6
43725,14336.8
43726,11703.1
43727,10198.2
43728,5683.4
43729,1735.3
43730,981.9
43731,416.5
43732,416.5
43733,981.9
43734,5317.1
43735,17945.8
43736,19076.7
43737,18322.7
43738,16060.9
43739,14553
43740,11725.7
43741,10217.8
43742,9086.9
43743,7956
43744,9086.9
43745,10594.8
43746,13987.5
43747,16437.9
43748,15683.9
43749,14364.5
43750,11725.7
43751,10217.8
43752,5694.1
43753,1738.2
43754,983.4
43755,416.9
43756,416.9
43757,983.4
43758,5327
43759,17980.1
43760,19113.3
43761,18357.9
43762,16091.6
43763,14580.8
43764,11748
43765,10237.2
43766,9104.1
43767,7971
43768,9104.1
43769,10614.9
43770,14014.2
43771,16469.3
43772,15713.9
43773,14391.9
43774,11748
43775,10237.2
43776,5704.7
43777,1741.1
43778,984.8
43779,417.2
43780,417.2
43781,984.9
43782,5336.8
43783,18014.2
43784,19149.4
43785,18392.6
43786,16122
43787,14608.3
43788,11770.1
43789,10256.4
43790,9121.1
43791,7985.8
43792,9121.1
43793,10634.8
43794,14040.7
43795,16500.4
43796,15743.6
43797,14419.1
43798,11770.1
43799,10256.4
43800,5715.2
