Hours,HPHtgLd_W,HPClgLd_W
0,0,0
1,112007.9,4691.8
2,111852.6,4330.6
3,113448.9,3979.4
4,114970.4,3660.8
5,115343.1,4600.9
6,115987.1,4680.8
7,139565,15868.2
8,111259.5,22487.2
9,105891.5,22245.2
10,89432.9,26393.3
11,86387.9,27671.4
12,83298.7,28962.2
13,80659.4,30124
14,78758.7,31157.8
15,77771.1,32039.8
16,77699.9,32772.3
17,78620.9,33337.7
18,103891.8,28420.1
19,110492.4,20089.1
20,101815.2,20896.7
21,118470.5,9758.9
22,108629.4,9988.7
23,111437.1,6392.2
24,113683.5,5168.2
25,112250.3,4614.3
26,113346.3,4198.3
27,115152.2,3832.5
28,117727.5,3492.3
29,104385.4,4924.6
30,89322.1,7573.2
31,72428.9,39763.6
32,43540,68461.6
33,35516,83215.8
34,29794.5,97266.1
35,25850.6,109629
36,22979,120764.6
37,20034.6,132053.5
38,16482.5,143448.9
39,13242.3,152356.5
40,10818.9,155411.3
41,9767.9,150465.3
42,8634,151353.5
43,16372.2,84829.5
44,16529.4,84441.2
45,29291.6,42691.9
46,32569.6,37869.8
47,43044.4,25098.5
48,48391.3,20128.8
49,52573.6,16894.9
50,56110.8,14322
51,59566.9,12840.3
52,63311.2,11540.2
53,56362.2,21574.2
54,51256.8,27738.5
55,33892.4,81080.8
56,17039.6,117186.8
57,12989.8,129092.2
58,9235,139436.4
59,7675,147423.4
60,6896.8,153467.6
61,6024.2,158987.9
62,5175,163738.1
63,5207,167174.2
64,5670.7,170662.8
65,6472.1,173835.2
66,6938.7,176967.6
67,10781.6,106064.3
68,11821.8,105564.8
69,19287.9,64986
70,22489.6,61249.8
71,28757.7,46971.7
72,32768.6,39862.9
73,35833.3,35338
74,38279.4,31802.8
75,40507.4,28776
76,43424.6,26150.8
77,37037.4,40132.9
78,35801.4,47246.1
79,19983.8,100582.8
80,14642.5,135222.1
81,13049.4,145461.8
82,11418.4,152633.9
83,9729,158839.6
84,8123.4,164425.5
85,7254.5,169041.7
86,6595,173264.1
87,6371.4,176948.1
88,6508.4,180121.6
89,7198,182682.3
90,7565.5,185431.2
91,11269.7,112889.8
92,12372.1,111527.9
93,19985.7,70580.3
94,22400.7,66951.6
95,27479.5,53141.4
96,29611.6,46636.8
97,31361.6,41941.6
98,33272.3,38242
99,34951.3,34876.6
100,36405,31794.1
101,29728.8,46958.7
102,28751.5,53150.7
103,15319.1,106564.3
104,11504.7,141323.1
105,10295.8,151014.1
106,8622.5,158197.5
107,6540.2,164759.3
108,4812.7,170974
109,3985,175775.5
110,3335.9,179571.5
111,3781.7,181822.6
112,4341.6,184749.9
113,5034.1,187914
114,5493.6,191252.3
115,8926.9,116540.8
116,9883.7,114801.8
117,16246.7,73901.9
118,18346.5,70282.8
119,23711.6,56378.5
120,26241.9,49646.1
121,28340.4,44680.2
122,30371.4,40517
123,32463,37066.2
124,34215,33852.7
125,27996.9,49139.4
126,27182.7,55087.6
127,14601.9,109135.5
128,11147.7,143987.1
129,9745.4,153503
130,8127.8,160388.8
131,6809.9,166107.8
132,5759.3,171191.3
133,4839,175838.7
134,4361.1,180072.2
135,4387.3,183776.1
136,4628.5,187341.5
137,5211,190846.5
138,5447.2,194618.5
139,8540.7,118733.1
140,9318.6,116789.9
141,15440.9,75599.9
142,17963,71649.1
143,24422.7,57045.3
144,28500.8,49692.1
145,32154.5,44444.1
146,35905.3,40712.3
147,39546.4,37130.8
148,42808.5,33676.5
149,45417.3,31799.1
150,48658.1,29536.9
151,46559.2,34781.1
152,39514.3,55260.6
153,36248.2,65788.3
154,25803.9,88477.9
155,21441,100396.9
156,17985.8,105026.4
157,14251.4,111496.8
158,12187.8,116166.6
159,10765.9,118547
160,16704.4,85895.6
161,22610.9,83873.8
162,27542.1,80756.5
163,32435.9,65557.1
164,35699.1,67850.5
165,49728,33721.1
166,54796.6,30332.8
167,59499.1,25032.4
168,63393.1,21909.4
169,70795.5,19034.5
170,76551.4,16941.5
171,81367.5,15125.3
172,86282.8,13418.8
173,89836.8,12643.2
174,94015.6,11282.7
175,95029.3,16919.5
176,88366.4,22649.8
177,76600,28392.5
178,68768.5,34508.9
179,65194.2,36312.9
180,63174.1,37666
181,60971.1,38926.4
182,56645.3,40926.6
183,53371,42556.8
184,54078.4,42213.3
185,62305.1,39814.7
186,81962.5,29093.3
187,90544.3,19702.8
188,91343.5,20350.4
189,102858.6,10085.1
190,102514.9,10306.2
191,108148.5,8627.6
192,114223.6,7857.1
193,120053.7,7387
194,124458.3,6860.3
195,128726.4,6341.3
196,132802.4,5834.4
197,121088,9833.1
198,112455.2,12834.3
199,83928.2,48791.3
200,55743.2,80134.9
201,43353.5,93090.3
202,33106.1,104579.2
203,26731.4,114410.2
204,23022.5,123398.6
205,19567.7,129921.2
206,16867.4,135357.4
207,17372.2,139116.7
208,18835.5,143127.6
209,20243.9,147278.1
210,20950.1,151482.9
211,32641.7,85093.5
212,35702.4,84547.9
213,50596.2,45650.2
214,54054,42843.8
215,61994.7,32673.1
216,65276.7,27494.6
217,70524.3,23859
218,74847,21784.3
219,78160.4,20117.9
220,80893.1,18554.2
221,72189.3,29848.9
222,67221.7,36118.4
223,41676.1,82764
224,28491,116507.9
225,24410.6,127506.2
226,21155.8,135669.4
227,18084.2,142796.6
228,15537.6,149332
229,13567.1,154942.4
230,12142,159932.2
231,12442.4,163741.4
232,11619.8,168050.8
233,11701.1,171553.5
234,11865.8,174780.1
235,16721.6,103764.2
236,17401.7,103049.2
237,25402.4,63166.9
238,26830.1,59572.6
239,31940.7,47592.7
240,33608.6,42530.1
241,34453.8,38754.1
242,34869.1,35255.7
243,34954,32148.8
244,36887,29144.2
245,32696.2,43859.9
246,33512.7,49729.9
247,20425.6,99344.8
248,17573.6,132188.3
249,17514,141600.7
250,16697.6,148683.1
251,16036.3,154583.1
252,16840,158891.4
253,16317.7,163498
254,15315.6,167996.8
255,15810.4,171376.7
256,16311,174527.3
257,17935.6,176816.1
258,19118.1,179103.4
259,27888.5,106230.8
260,30703.2,104008.5
261,42815.6,63736.1
262,46996.1,59799.4
263,55576.5,48654.4
264,59788.3,43429.4
265,63925.7,39400.2
266,68774.3,35803.5
267,72739.1,32249.4
268,76187.3,28964.6
269,71008.7,43499.2
270,69176.9,49381.7
271,44871.5,95086
272,33076.9,129011.7
273,23759.2,142724.7
274,17589.3,152152
275,15272.7,158731.6
276,13143,164499.3
277,11771,169242.4
278,10646,172302
279,11083.8,174700.7
280,12569.5,176902.9
281,13327.8,179649
282,13537.5,182531.3
283,18900.1,110137
284,20226.9,108512.6
285,30205.3,68367.9
286,32192.2,64752.3
287,37774,52472
288,39915.4,46358.1
289,41467.1,42362.4
290,42827.8,38985.2
291,44450.8,35673.3
292,45845,32543.4
293,37827.3,47805.3
294,34702.8,53655.5
295,17594.3,105276.3
296,12471.1,140010.1
297,10439.3,149993.2
298,7878.5,157572.1
299,5181.7,164644.8
300,3604.6,171351.7
301,2613.5,180669.1
302,1629.8,191393.8
303,856,201139.8
304,603.9,201502.4
305,991,194242.3
306,1397.3,202474.8
307,4040.7,118811.6
308,5768.8,116355.1
309,10688.4,75043.5
310,13605,70980.2
311,18707.1,56847.3
312,22605.8,50098.9
313,26256.2,44871.8
314,30116.2,40286.2
315,33868,36601.2
316,36858.9,33233.9
317,38387.4,31603.1
318,40789.1,29507.4
319,38719.6,35156.6
320,30756.4,56091.3
321,28167.8,66457.2
322,18351.7,89898.3
323,17184.6,100505.6
324,14379.6,104257
325,12840.8,106808.5
326,11496.7,109187.5
327,10707,111208
328,15083.3,81124.2
329,16504.5,82989.5
330,17479.4,81844
331,19119.7,68444.8
332,19699.1,71297.4
333,30598.3,37550.8
334,32995,34788.2
335,34944.1,28714.3
336,36063.6,25182.3
337,38923.1,21341.3
338,40212.6,18359.8
339,41241.6,15782.7
340,42379,13906.1
341,43199.5,13431.2
342,44725.4,12129.6
343,47596.9,21315.7
344,42876.9,27970.7
345,34773.4,33978.9
346,29927.7,40678.6
347,27292.1,42186.9
348,25646.2,43199
349,24186.1,43955.6
350,22923.9,44625.7
351,22555,45130.5
352,22786.9,45509.1
353,24011.5,45601
354,37567.2,35968.1
355,38526.7,29071.2
356,40590.6,27318.4
357,47909.1,15407.4
358,45452.5,16108.1
359,47776.5,12298.6
360,49660.3,10699.7
361,51326,9484.9
362,52809.3,8423.6
363,54312.8,7598.4
364,55999,7089.1
365,57039.1,8077.4
366,58660.8,7859.5
367,70950.6,19396.2
368,58301.9,26771.7
369,51056.8,28879.7
370,42473.5,34466.7
371,40268,36242.3
372,38312.5,37764.6
373,36327.8,39187.6
374,34899.9,40408.7
375,34349,41242.1
376,34260.2,41928.9
377,35803.8,42104.2
378,54071.6,34722.5
379,53214.8,27977.4
380,56068.2,26293.5
381,66440.4,13949.7
382,61984.2,14896
383,64464.6,10952.6
384,66433.1,9266.7
385,65225.9,8169
386,66171.9,7123.4
387,67398.4,6146.4
388,68687.4,5508.3
389,54857.1,8976.1
390,45302.1,12462.8
391,30218,55322.1
392,13779.1,90309.9
393,8898.6,102295.6
394,5020,111216.9
395,3085,118889.2
396,2566,125574.2
397,1529.7,134206
398,978.5,141611.5
399,691,148868.8
400,706.7,154982.2
401,1190.4,160253.2
402,1846.2,165309.5
403,4684.9,95190.8
404,5582.3,95008.9
405,9839.1,53810.1
406,11742,50502.8
407,15992.2,37284.9
408,18589.2,31433.6
409,20979.4,27599.2
410,23770,24292.8
411,26425.7,21345.5
412,29022.4,18915.6
413,21716.2,30976.9
414,20112.9,38774
415,10679.6,94633.2
416,7642.8,128604.9
417,5793.4,140236.3
418,4206.7,148442
419,2953.3,155573
420,2001.8,162834.2
421,1415.4,172805.8
422,793.4,182932.1
423,366.6,196953.4
424,369.5,204307.7
425,836,193716.7
426,1707.6,195782
427,5009,114123.2
428,6447.5,112945.4
429,11118.7,71969.9
430,13622,68853.4
431,18747.9,54820.7
432,21699.9,47828.1
433,23994.3,42128.5
434,25977.4,37034.6
435,27703.1,33171.7
436,29526.9,30304.5
437,24960.5,45264.9
438,25161.7,51758.7
439,13961.5,106877.7
440,11353.2,141424.4
441,9533.1,151872.4
442,6321.9,161774.4
443,4683.7,172413.1
444,4156.9,183104
445,3613.5,192580.1
446,2615.3,201411.2
447,1711.7,208639
448,1376.2,212341.2
449,1901.9,206307.3
450,2459.5,204328.2
451,5326.1,121815.6
452,6928.2,119445.6
453,11588.3,77559.3
454,14500.5,74054.8
455,20667.5,59579.6
456,24800.9,52104
457,28224.2,46253.7
458,31202.4,41209.5
459,33957.3,36635.4
460,36928.9,32775.3
461,32047.8,49162.4
462,32254.3,55570.6
463,18475.5,110090.6
464,13920.1,145086.9
465,11520.5,155323.3
466,8306.7,164447.9
467,6166.9,166199.5
468,5350,187564.7
469,4545.8,197486.5
470,3272.4,206589
471,2127,215045.3
472,1641.5,219744.9
473,2182,206894.7
474,2955.6,208015.9
475,5734.3,124366.8
476,7233.5,121761.5
477,11751.6,79635.9
478,14177.4,76451.5
479,19627.3,62414.7
480,22459.8,55448.7
481,24866.1,49905.7
482,27146.1,44834.6
483,29271.5,39975.2
484,31117.1,35685.3
485,32172.7,33170.6
486,34377.2,30673.4
487,32887.4,37619
488,25161.9,59923.3
489,22831.2,70685.1
490,14216.9,95028.8
491,11730.9,106783.3
492,10029.4,110369.7
493,7390.2,115388.9
494,5938.3,120605
495,5052.1,123174.8
496,6503.7,91757.5
497,8592.3,91661
498,9960.1,89843.5
499,12015.3,80306.6
500,13135.8,78046
501,22986.4,40634.6
502,26262,37889.8
503,29150.5,31538
504,31395.4,27761.7
505,35371.2,23309.4
506,37712,19773.1
507,39708.2,16671.1
508,42237.5,14351.1
509,44855.9,13847
510,48216.4,12519.7
511,51970.4,22022.6
512,49636.6,28337.2
513,42164.1,34337.9
514,36908.3,41187.9
515,36127.2,42071.5
516,34110.4,43687.7
517,31643.3,46673.2
518,29482.4,49060.4
519,28085.9,50336.6
520,29936,48607.4
521,35878.6,45822.2
522,52932.6,35067.7
523,60776.4,25490.2
524,61773,25893.2
525,72123,13915
526,72246.4,14098.8
527,77248.7,10117.9
528,81723,8709.7
529,84202.8,8154.2
530,89141.1,7564.7
531,93640.6,7011.5
532,97758.7,6577.8
533,85903.3,11069.1
534,79817.2,14240
535,54747,57199
536,33872.2,89738.7
537,23840.9,104649.8
538,17654.3,116243.4
539,14562.2,126891
540,12970.9,136394.2
541,11886.6,145696.7
542,9892.1,154478.5
543,8078,161510.5
544,7464.2,162292.4
545,8503.6,160153.7
546,10976,161827
547,16365.7,95315.2
548,18993.4,95003.1
549,30672.4,54092.3
550,34864.6,50307.2
551,43063.1,36358.9
552,46959.3,30724.1
553,49995.6,26942.4
554,54145.3,23983.6
555,57619.9,21430.6
556,60520.3,19411.8
557,52250,32709.1
558,50161.2,39596.1
559,27730.4,91706
560,20008.9,125501.2
561,17598.6,136027.1
562,15518,143936.4
563,13465.3,150510.9
564,10973.2,156681.6
565,9402.4,162070.3
566,7730.3,167459.2
567,6853.1,171866.9
568,7551.6,174606
569,8739.2,177169.2
570,9599.9,179851
571,14029,108545.6
572,15665.3,107558.5
573,24470.4,66960.6
574,27755.2,62987.3
575,34652.4,49033.5
576,38913.5,42672.1
577,42857.9,38521.4
578,46884.7,34607
579,51793.4,31095.2
580,56689,27916.4
581,52240,42527.8
582,52936,48664.9
583,33127.2,98165
584,25817.4,132018.6
585,19142.1,145606.3
586,15158.9,155346.6
587,12661.3,164293
588,11390.3,171895.5
589,10514.8,179670.8
590,8686.2,187540.1
591,7110.1,193758.4
592,6505.9,195044.5
593,7335.4,185457.6
594,9798,187162
595,15594.4,113313.2
596,18559.7,111089.1
597,30245.5,70142.8
598,35028.6,65576.2
599,44046.1,52091.1
600,49832.5,45144.6
601,54803.2,40162.8
602,60670.5,36521.7
603,65834.9,32932.8
604,70683.9,29574.3
605,66448.7,44132.9
606,66785.2,49932.5
607,43762.8,98513.2
608,33651.1,133021.4
609,24478.3,147303.1
610,19448.4,156119.3
611,17262.3,161964.9
612,15284,167650
613,13867.7,171632.6
614,12064.3,175808.9
615,11343.3,178527.5
616,12189.9,180487.2
617,14456.6,181934.6
618,16006.2,183963.6
619,23391.6,110520.8
620,26462,108643.3
621,38677,68165
622,42254.3,64052
623,50791.7,51504.4
624,54629.9,45071.5
625,58610.7,40973.8
626,63129.7,37447.2
627,66622.5,33974.5
628,69457.6,30654.2
629,63168.6,45434
630,61163.4,51215.1
631,37317.2,99706.9
632,27869.8,133852.2
633,24634,143922.2
634,19576.2,152189.2
635,14631.8,160558.6
636,12162,167886.5
637,11111.5,171339.7
638,10951.7,173637.9
639,10971.9,176493
640,10116.2,180258.3
641,11681.1,182161.7
642,13900.9,183817.5
643,20796.7,110358.2
644,23635.8,108370
645,35915.5,67773.5
646,39651.4,63771.4
647,48126.5,51207.2
648,52024.1,45090
649,55907.1,41105.9
650,60910.5,37532.8
651,65118,34018.5
652,68555.2,30655.4
653,69808.9,28535.5
654,71736.9,26269.8
655,65436.3,28850.3
656,54538.5,49395.9
657,46322.5,61448.4
658,34368.4,84734.1
659,28368.2,98983.1
660,23295.8,105246.9
661,20097.4,107998
662,16693.2,109754.1
663,15647.9,110047.3
664,21985.9,79286.5
665,26943,79253.6
666,30673.7,76843.5
667,34536.2,62091.5
668,36913.9,65033.2
669,49977.3,31647.7
670,54353.5,28723.4
671,59074.6,24150.5
672,62867.8,21334.9
673,70485.3,18677.3
674,76726.8,16650.2
675,82193.8,14846.6
676,87256,13135.9
677,90687,12286.4
678,94822.6,10913.6
679,95533.7,15518.3
680,87342.3,21429.3
681,74398.9,27366.8
682,65964.2,34141.3
683,60796.6,36899
684,56444.5,38989.9
685,51952.5,41227.5
686,45587,44313.9
687,40268.8,46828.8
688,38101.2,46919.1
689,40778.6,43896.4
690,61818.6,30926.8
691,71452.9,21137.1
692,72835.3,21803.9
693,84750.1,10767.6
694,84451,10596.9
695,89782.8,8763.7
696,94000.4,7971.4
697,98492.8,7540.2
698,103154.1,7139
699,107369,6742.3
700,111282.4,6365.6
701,99687.5,10641.6
702,91968.6,13715.2
703,63999.8,53224.7
704,38809,85824.5
705,29198.2,98445.7
706,20376.6,108441
707,15211.5,116714.2
708,11948.4,126192.8
709,9573.6,134878.2
710,7415.6,143316.8
711,6331.5,147656.3
712,5851.8,152045.3
713,6713.9,155062.7
714,8877.9,157967.6
715,14165.2,91137.3
716,17226.3,90546.4
717,29326.4,49029.5
718,34885.9,44817.4
719,44924.2,33938.4
720,50607,28584.6
721,55661.1,24689.5
722,62567.3,21979.9
723,69288.4,20217.4
724,75119.6,18584.2
725,69394.1,29803.1
726,68138.6,36019.9
727,44583,83495.4
728,31764.7,117774.6
729,25055.7,130384.8
730,17484.8,140971.1
731,14145.4,149187.8
732,11606.8,156969.1
733,9555,165536.8
734,7624.9,174998
735,5916.2,183118.4
736,4951.5,187101
737,4976.5,186046.8
738,6784.2,176830.3
739,11976.4,108178.8
740,14096.1,106969.7
741,24239,66384
742,28409.9,62213.3
743,35773,48643.6
744,40147,42211.8
745,43429.5,37578.8
746,46793.3,33948
747,50418.7,30681.3
748,53486.1,27729.2
749,46814.7,42410.1
750,45343,48759.6
751,25000.4,100507.7
752,17898.7,135643.7
753,12486,150197.4
754,9476.7,161261.2
755,7816.5,171226.1
756,6662.7,181179.6
757,5331,189851.5
758,3667,195177
759,2290.9,204917.2
760,1490.8,213371.7
761,1571.4,192110.3
762,2404.1,203346.9
763,4994.7,119270
764,6314.9,117385.2
765,10761.1,76290
766,13579.5,72872.6
767,19705.8,58561.5
768,23517.2,51333.3
769,26497.1,45846.7
770,29179.2,41258.6
771,31767.7,36895
772,34426.4,32827.9
773,28782.3,49613.8
774,28513.4,56023.3
775,15916.6,110228.7
776,12157,144851.1
777,9538.1,155193
778,8662.5,161021.5
779,7066.8,166923.8
780,4952.5,172970
781,3964.5,177552.3
782,2993.3,182536.2
783,2536.5,186758.2
784,2535.2,190432.7
785,3429.2,193396.1
786,4424.3,196567.8
787,8075.7,119340.9
788,9436.2,117176.9
789,15759.6,75908.8
790,18307.3,72264.7
791,24266,58090.6
792,27318,51010.5
793,30334.9,45515.3
794,33436,40855.2
795,35762.5,37132.3
796,37636.2,33863.1
797,31926.6,49274.5
798,31488.3,55242.1
799,17854.1,109387.4
800,13339.1,143935.8
801,10956.1,153878
802,9036,160588.9
803,7506.4,166315.3
804,5706.5,172195.3
805,3736,177581
806,2870.4,188562
807,2228.8,193272.6
808,1679.2,198055.2
809,1826.5,198968.9
810,2470.9,199830.6
811,6030.8,121034.7
812,7455.5,118765.6
813,13369.9,77002.8
814,16097.5,73392.1
815,22046,59378.2
816,25493.7,52286.9
817,28469.1,46671.5
818,30784.8,42072.5
819,32588.4,37830.4
820,35015.3,34353.5
821,37062.4,32579.3
822,40446,30339.4
823,39280.9,36335.4
824,31165.7,57631.4
825,26709.7,68811
826,15914.8,94568
827,12035.6,110207.8
828,10479.2,117057.7
829,9601.4,121441.3
830,8315,125854.8
831,6927.3,129839.8
832,7891.6,100626.8
833,8631.6,98263.1
834,13060.5,90483.4
835,17756.9,74318.2
836,21001.2,76226.2
837,35496.8,37638.7
838,41207.9,34245.6
839,46392.3,27607.5
840,50105.9,23740.4
841,55637.5,19760.2
842,61391.5,17358.7
843,66856.8,15440.4
844,72392.2,13702.9
845,76497.3,13051.9
846,80849.8,11711.7
847,82101.1,19387.9
848,75153.3,25376.8
849,62908.9,31679.6
850,55045.8,39722.4
851,50676.7,42366.8
852,46923.9,44796.7
853,42577.5,48143.5
854,37140.1,51133
855,33688.3,51927.9
856,32423.4,50681.5
857,34582.4,47220.8
858,53895.7,34263.4
859,62876.9,24282.7
860,64331.1,24730.2
861,75780.6,12861.7
862,76524.4,12992.4
863,81752.1,9317.6
864,86059.8,8254.7
865,89421.6,7762.1
866,93828.2,7283.9
867,97821.7,6869.8
868,101721.8,6485.1
869,89539.5,10840.6
870,82855.7,13959.5
871,55885.9,55946.8
872,32406.1,89837
873,21168.9,105071.5
874,15776.2,116790.9
875,13110.8,127449.7
876,11341.3,136645
877,9811.3,146915.5
878,7576.8,157749.5
879,5712.7,166897.9
880,4706.6,171871
881,4654.7,170589.9
882,6139.2,165630
883,10965.3,97236.5
884,12978.1,96952.3
885,21269.2,55937.7
886,26381.2,51752.9
887,36806.6,36841.7
888,42004.4,30155.6
889,46315.6,26350.2
890,52801,23271.9
891,58265.4,20676.7
892,62499.8,18989.3
893,54874.6,31640.8
894,52838.7,38645.3
895,30159.5,91386.1
896,21129.5,125451
897,16639.1,137167.5
898,13184.6,145831.1
899,10579.1,153283.1
900,8274.1,161169.5
901,7185,165469.7
902,6530.8,168990.5
903,6158.4,172340.1
904,6174.4,175698.4
905,7076.1,178399.9
906,8314.8,180806
907,12584.6,109730.3
908,14121.9,108840.7
909,22492.5,68182.6
910,25323.7,64525.8
911,30751.6,50674.5
912,33634.8,44208.2
913,36021.5,39310
914,37958,35563.3
915,39678.9,32297.4
916,41431.8,29415.7
917,34059.1,44473
918,33007.3,50761.3
919,18130.4,104187.3
920,12790.1,138975.4
921,8853.2,152187.3
922,6312.8,160990.6
923,4672.2,168623.3
924,3735,176622.9
925,2788.6,185946.7
926,1773.4,193089.9
927,1279.5,193853.8
928,879.9,197596.8
929,960,199544.8
930,1394.2,201504.6
931,4084.2,119617.8
932,5140.2,117937.1
933,8826.5,77070.3
934,10737,73864.1
935,15175.1,59891.5
936,18044.6,52976.1
937,20233.1,47719.1
938,22115.4,43138.4
939,24037.2,38843.9
940,25900.9,34742.7
941,20994.1,51587.8
942,20804.9,58088.2
943,10548.2,112876.6
944,7554.3,148060.5
945,4473.2,163306.9
946,3202.2,170772.4
947,2307.6,188231.9
948,1245.1,198571.6
949,341,212530.5
950,0,220825.2
951,0,233298
952,0,247015.7
953,0,247415.5
954,0,232655.7
955,646.2,141837.1
956,1124.7,134128.5
957,2488.1,84843.3
958,3791.6,81448
959,5967,67465.8
960,7617.2,60758.4
961,10046.3,55251.7
962,11860.9,50414.5
963,13832.4,45826.7
964,15641.1,41442.6
965,11670.5,58680.7
966,11470.2,65463.9
967,5851.5,120791.1
968,3725,154747.2
969,2372.8,166875.4
970,1491.3,175605.2
971,873.4,196167
972,218.9,209201.9
973,0,222398.4
974,0,237561.7
975,0,251038.5
976,0,255680.2
977,0,238005.3
978,0,246836
979,274.8,149618.4
980,495.4,142745.4
981,1550.8,89707.5
982,2280.9,86069.8
983,3875.2,71470
984,4654.8,64634.1
985,5402.2,59266.2
986,6401.7,54434
987,7670.8,49718.4
988,8820,45173.4
989,9562.3,43607.5
990,11125.4,40625.9
991,11512.5,46236.1
992,6620.5,71820.2
993,5729.4,82929.2
994,3937,106999.1
995,3025.6,119592.2
996,2314,120742.6
997,1869.3,139788.1
998,1157.1,145372
999,603.7,145108
1000,533.4,109431.1
1001,687.1,107007.3
1002,953.1,103453.1
1003,1441.3,92160.6
1004,2239.4,89679.8
1005,6485.2,52176.6
1006,8939.2,48260.7
1007,11289.2,40897.8
1008,14026.1,36079.1
1009,17915.6,30548.4
1010,19810.5,26471.9
1011,21302.9,23108.4
1012,22797.2,20209.4
1013,23836.7,19877.5
1014,25076.4,17735.3
1015,28879.1,26689.5
1016,25180.1,34094.9
1017,18135.8,42550.9
1018,15708.9,49822.7
1019,14650.4,51441.2
1020,13541.9,52839.2
1021,12646.7,53837.4
1022,12212.4,54180.4
1023,11797,54716.1
1024,12533,53986.9
1025,13609.2,53354.2
1026,27004.1,40791.9
1027,28906.3,33308.5
1028,31561.9,31300.9
1029,39081,19101.4
1030,37887,19546.4
1031,40719.6,15381.2
1032,42934,13535.3
1033,42536,12289.6
1034,44253,11100.1
1035,46074.4,10006.3
1036,47864.1,9001.1
1037,35883.8,13552.2
1038,30263.1,17301.4
1039,15250.2,66447.4
1040,6337.5,104029.5
1041,4578.5,115330.2
1042,3279.1,123945.8
1043,2385.9,131374.2
1044,1596.7,138713.5
1045,1038,146133.3
1046,677,153232.3
1047,447.7,159828.4
1048,288.6,165515.5
1049,469.8,170263.9
1050,1198.4,174167.5
1051,4176.4,103303.4
1052,5519.7,102597.6
1053,10520.6,61382
1054,12727.9,58307.6
1055,17053.5,44010.2
1056,19616.3,37266.7
1057,22829.2,32648.9
1058,26173.1,28855.4
1059,29451.8,25574.6
1060,32716.4,22878.9
1061,25776.7,35893.8
1062,26122.1,43601.6
1063,14637.5,98477.8
1064,11353.1,131382.5
1065,8727,143364.1
1066,5862.1,154309.8
1067,4475.5,165028.6
1068,4005.7,175160.8
1069,3580.3,185992.9
1070,2607.6,194377
1071,1752.8,199970.1
1072,1239.1,207151
1073,1278.6,208526.4
1074,2432.4,200110.7
1075,6191.5,116959.6
1076,8324.6,115164.2
1077,13667.9,73923
1078,17468.1,70374.9
1079,24119.6,55913.1
1080,28053.7,48576.9
1081,32076.9,42491.9
1082,36023.1,37039.9
1083,39920.8,33214.1
1084,44838.5,30003.7
1085,39979.6,44799.7
1086,41453.2,51106.3
1087,25468,104943.7
1088,18355.8,140327.3
1089,13790.5,153981.8
1090,10782.7,164770.5
1091,8609.7,174374.3
1092,7505.8,183494.2
1093,5977.6,193645.8
1094,4081.7,203930.9
1095,2583.8,213446.2
1096,1568.3,222827.9
1097,1312.2,219022.4
1098,2232,200679.9
1099,5655.9,121825.5
1100,8434.7,118881.2
1101,15038.1,76584.1
1102,21437.6,72365.6
1103,29153.3,58049.8
1104,34336.8,50697.4
1105,39593.3,44565.8
1106,45104.7,39656.1
1107,51978,35054.5
1108,58774.1,31470.6
1109,54630.4,46827.1
1110,55395.7,52758.5
1111,34107.6,106508.5
1112,23007.9,143292.6
1113,15666.5,155668.8
1114,12400.9,163236.6
1115,10044.3,170754.8
1116,8027.9,177778.1
1117,6452.3,184980.4
1118,4750.3,190144.2
1119,3738.5,194274.7
1120,3726.3,193168.2
1121,3853.3,194969.3
1122,4566.6,196897.6
1123,8286.8,120951.9
1124,9337,118974.2
1125,15131.7,77450
1126,17697.4,74277
1127,23052.7,60468.1
1128,25593.5,53688.7
1129,27310.3,48369.5
1130,29005.3,43554.1
1131,30363,39171
1132,31577.8,35005
1133,26138.4,51729.2
1134,25149.6,58230.6
1135,12482.1,112973.6
1136,9222.9,147322.6
1137,7114,156833.9
1138,5135.3,163913.4
1139,3559.8,170285.5
1140,2436.3,176218.7
1141,1480.9,181840
1142,700.8,188444.6
1143,226.2,194780.9
1144,40.1,199874.2
1145,315.2,198241
1146,980.7,207495.6
1147,4093.7,123141.3
1148,5446.1,120630
1149,9870.9,78405.3
1150,12327.1,74788
1151,17107.4,60599.4
1152,20701.7,53436.9
1153,23841.5,47692.8
1154,26567,42778.5
1155,28807.1,38495.4
1156,30734.9,35048.3
1157,31801,33380
1158,33864.7,31294.3
1159,32200.8,38063.8
1160,22825.6,60726.7
1161,20346.6,71049.8
1162,13441.8,94140.5
1163,10070.2,106179.5
1164,6539.3,114179.9
1165,5518.3,121103
1166,4123.5,127374.6
1167,3191,132371
1168,3040.6,104835.6
1169,3333.8,100545.3
1170,4365.3,94154.7
1171,6514.1,82587.9
1172,8632.2,79724.6
1173,19232.9,41372.6
1174,24818.1,37842.4
1175,29935.2,31206
1176,33879.4,27238.4
1177,39046,22724.2
1178,42788.8,19089
1179,47029.5,16105.5
1180,51641.1,14215.7
1181,54653.4,13706.1
1182,57633.5,12356.7
1183,59536.1,21740.3
1184,55524.4,28252.1
1185,48172.7,34385.1
1186,43782.5,40807.3
1187,41675.8,42050.4
1188,37956.7,43187.8
1189,32820.3,45150.1
1190,27287.3,48722.3
1191,21817.5,53486.7
1192,19919.6,55331.2
1193,19831.1,53848.5
1194,34736.8,39394.1
1195,39636.3,30296.8
1196,44500.9,28037.1
1197,53887.8,15919.1
1198,53599.1,16477.4
1199,57698.5,12543.5
1200,60726.3,10839.3
1201,63233.2,9575.8
1202,66072.9,8444.5
1203,69853.5,7356.5
1204,73331.5,6583.2
1205,75513,7663.5
1206,78218.2,7289.3
1207,88206.6,18252.8
1208,74223.2,25474.2
1209,64423.1,28678.7
1210,53361.6,36695.5
1211,48739.7,40289.3
1212,44255.4,42116.9
1213,40997.4,42285.4
1214,36183.2,45568.9
1215,32203.5,50236.1
1216,29481,52671.7
1217,28498.5,51306.5
1218,47174.3,38194.1
1219,48811.6,28994.6
1220,54035.6,26895.6
1221,67282.9,14295.6
1222,65654.9,15096.1
1223,70845,11079.5
1224,75702.9,9290.4
1225,75963.7,8272.9
1226,77539.3,7400.5
1227,80655.7,6437.8
1228,83112.2,5481.2
1229,68571.7,9121.5
1230,58049.7,12644
1231,37461.2,54830
1232,17381.8,91486.4
1233,10758.2,106341
1234,6499.3,119289.6
1235,4604.7,123750.8
1236,3230.1,128404.9
1237,2081,149479.7
1238,1130.8,165609.8
1239,554.7,178106.2
1240,99.8,190476.8
1241,9.4,190292.8
1242,94.8,178737.2
1243,1068,100432.8
1244,1744.1,102358.4
1245,4145.9,61574.7
1246,5911.4,57670.5
1247,10054.9,43338.9
1248,14163,35854.3
1249,19225.1,30301.3
1250,23381.7,26157.8
1251,26564.6,23281.9
1252,28961.8,20586.3
1253,22132.4,33408.5
1254,20491.4,41785.2
1255,10197.8,98838.8
1256,6825,133197.6
1257,5180.4,143764.4
1258,3925.8,151721.7
1259,3297.2,157888
1260,2639.4,163796.1
1261,2097.3,169302.2
1262,1598.5,174755.8
1263,1240.5,180224.2
1264,1386.3,184109
1265,1607.9,187979.3
1266,2482.7,190664.8
1267,6241.9,115013.2
1268,7457.9,113762.3
1269,13230.6,72713.9
1270,15535.6,69460.8
1271,20644.1,55347.4
1272,23352.6,48381.1
1273,25770.9,42575.8
1274,27721.5,37460.4
1275,29435.2,33542.7
1276,31377.2,30441.2
1277,26045.6,45816.1
1278,25603.1,52298
1279,13700.8,107929.3
1280,10075.6,142405.1
1281,8404.9,152051.1
1282,7568.7,158534.1
1283,6755.2,164162.6
1284,5810.7,169312.1
1285,5333.5,173764.1
1286,5113.5,177969
1287,5013,181823.9
1288,5294.7,185136.1
1289,5809.5,188168.1
1290,6377,191242.1
1291,10073.9,117539.9
1292,10879.9,115863.8
1293,17549.6,74472.1
1294,19585.4,70995.2
1295,24534.7,57066.2
1296,26666.5,50194.6
1297,28307.7,44740.9
1298,29566.1,40429.1
1299,30351.4,37092.9
1300,31237.2,33967.6
1301,25387.5,49432
1302,24180.4,55552.9
1303,12037.1,110635.7
1304,8721.2,145356.5
1305,6975.5,154872.1
1306,5428.5,161726.3
1307,3877.2,167722.5
1308,1806.8,174691.1
1309,887.2,180847.2
1310,373.3,187630.2
1311,47.2,194034.2
1312,0,199992.9
1313,21.7,198754.9
1314,521.9,207912.5
1315,3477.4,122243.9
1316,4583.4,119811.3
1317,8627.5,77789.4
1318,10907.2,74317
1319,15135.3,60337.2
1320,17832,53363.2
1321,20614.2,47709.7
1322,22913.9,42758.9
1323,25004.1,38731.9
1324,27372.8,35412.8
1325,28828.2,33660.8
1326,31743.7,31449
1327,31766.1,37873.3
1328,23433.2,59763.4
1329,21366.2,69688.1
1330,14021.1,92731.9
1331,11792.3,103812.1
1332,9913.2,107406
1333,8252.7,110501.9
1334,7266.9,112962.5
1335,6320.1,115320.8
1336,9583.9,85555.3
1337,10927.1,87338.1
1338,12617,85636.8
1339,15280.5,71312.4
1340,16839.8,73559.5
1341,28280.5,39569.1
1342,31772.8,36751
1343,34974,30432.6
1344,37250.2,26643.6
1345,41508.4,22196.4
1346,43915.5,19057.7
1347,45672.6,16347.2
1348,48224.2,14213.2
1349,49634.3,13717.3
1350,51757.7,12405.8
1351,54749.7,21546.3
1352,49153.5,27944.7
1353,39117.1,35496.3
1354,32070.7,44701.6
1355,29048.3,46870.4
1356,28433.6,45867.1
1357,25382.9,47140.4
1358,23816,47642.7
1359,22816.8,47888.8
1360,23017.5,47469.5
1361,25377.6,46411.7
1362,38648.9,36530
1363,45207.3,26720.8
1364,44881.8,27244.7
1365,53514.6,15305.1
1366,52169.6,15907.6
1367,55720.8,12025.8
1368,59025.1,10288.1
1369,59186.3,9092.6
1370,61304.5,8277.2
1371,63386.2,7769.8
1372,65840.8,7293.7
1373,52652.3,11634.4
1374,46063.3,15097.5
1375,27056.5,61871.3
1376,11265,98013.8
1377,7827.3,110534
1378,6014.5,120106.5
1379,4020,132979.1
1380,3070.6,144388.5
1381,2235.8,156453.9
1382,1174.5,166825.5
1383,512.4,175805.1
1384,169.8,182546.3
1385,136,177945.7
1386,463.1,182566.9
1387,2558.9,103511.2
1388,4166.4,102710.4
1389,8510.7,61532
1390,10981.4,58176
1391,16333.5,43596.5
1392,20044.6,36107.9
1393,23931.2,31047.5
1394,28602.1,27337.9
1395,32677.8,24345.3
1396,35925.4,21837.1
1397,28931,34833.8
1398,29333.8,42543.6
1399,16210.5,97875.9
1400,11814.8,131504.4
1401,9758.3,142593.2
1402,6549,152594.3
1403,4840.7,160560
1404,3559.8,168841.2
1405,2903.9,173767.2
1406,2026.4,179777
1407,1272.1,186964.7
1408,872.3,194399.5
1409,831.4,197593.9
1410,1397.3,196142.4
1411,4707.4,116645.2
1412,6622.4,114936.3
1413,12233.2,73631.4
1414,14606.4,70503.5
1415,19654.6,56718.5
1416,22327.5,49981.4
1417,24222.9,44624.1
1418,25661.1,39701.8
1419,26589.8,35346.3
1420,27207,32098.5
1421,21772.9,48784.9
1422,21090.1,55341.8
1423,10128.3,110848
1424,6010.2,147912.1
1425,3487.7,161284.9
1426,2225.1,173775.2
1427,1206.3,186983.9
1428,539.8,199017.7
1429,87.4,207313.4
1430,0,221282
1431,0,230217.3
1432,0,235619.2
1433,0,232501.1
1434,0,239831.1
1435,17.7,141856
1436,154.5,134828.5
1437,1034.3,85352.9
1438,1616.9,82029.9
1439,3369.6,67787.1
1440,4620,60990.4
1441,5834.5,55668.9
1442,7577.2,50683.5
1443,9212.8,45857.5
1444,10789,41322.7
1445,8854.4,58143.6
1446,9623.4,64769.6
1447,5215.5,120032.1
1448,2739.2,159374
1449,1822.8,175109.3
1450,1452.5,189026.8
1451,1073.5,201871.8
1452,577.1,213595.9
1453,227.9,224084.6
1454,2.5,237467
1455,0,250770.5
1456,0,260356.5
1457,3,257023.7
1458,63.7,249810.3
1459,1257.3,146657.8
1460,2030.3,135715
1461,5235.2,87510.5
1462,7454.7,83506.6
1463,11433.4,68308.7
1464,15099.8,60632.4
1465,18886.7,54594.2
1466,22434.8,49147
1467,25705.7,43952.3
1468,29124.2,38821.5
1469,25997.3,55126.8
1470,27363.5,61535.8
1471,16062.8,116543.7
1472,10624.9,156132.2
1473,8021.6,169976
1474,6380.9,180828.3
1475,5300.2,191748.8
1476,4128.4,202473.2
1477,2860.3,213140.8
1478,1395.7,223298
1479,593.4,215267.3
1480,379.4,221170
1481,615.1,217578.9
1482,1157.1,225461.1
1483,3273.1,126366.9
1484,4531.4,127236.7
1485,8227.6,84825.1
1486,9906.6,81307.7
1487,14409.8,66510.2
1488,17860.8,59170
1489,20885,53462
1490,23570.7,48428.7
1491,25860.2,43555.9
1492,27853,38841.6
1493,28888.8,36735
1494,30259.7,33516.7
1495,28865.6,39892.1
1496,21964.6,64161.1
1497,19475.5,74950.4
1498,11784.1,98672.6
1499,9530.4,110113.7
1500,7163.4,114682.9
1501,6313.3,117565.9
1502,5550.6,119771.5
1503,4973.7,122334.8
1504,4362,99602.8
1505,4623.1,101433.3
1506,6555.2,95719.9
1507,10872.7,82659.9
1508,13939.8,79476.8
1509,24784.3,41279.1
1510,29683.2,38149.4
1511,34078.7,31583.8
1512,37394.1,27623.8
1513,42561.9,23025
1514,45995.3,19340.5
1515,49543.8,16237.7
1516,52709.7,14151.1
1517,54999.9,13652.3
1518,56563.5,12305.8
1519,55844.6,22085.1
1520,50150.1,28798.4
1521,42423.7,34872.5
1522,37240.5,41524.4
1523,31919.3,44064.9
1524,28969.3,45808.6
1525,25430.6,48757.4
1526,20968.4,52433
1527,18082.5,55121.8
1528,17145.7,57079.5
1529,18092.6,54271.7
1530,32386.6,40220.7
1531,38383.4,30389.3
1532,43414.8,28158.9
1533,52949.1,15980.4
1534,52148,16661.9
1535,56005.6,12691.3
1536,59080.6,10887.8
1537,58796.2,9760.6
1538,60475.7,8651.1
1539,62559.7,7635.4
1540,64990.1,6937.6
1541,52467.6,11378.8
1542,46255.3,14663.4
1543,27592.9,61401.9
1544,10124,101736.2
1545,6927.9,116579
1546,5350.8,128876.8
1547,4304,140672.8
1548,3457.4,152349.8
1549,2686.7,163754.2
1550,1389.5,176012
1551,672.8,187075.7
1552,380.5,198081.8
1553,347.7,197965.5
1554,560.3,188588.2
1555,2421.7,102290.3
1556,3766.5,104505.6
1557,7462.9,63557.2
1558,9197.2,60503.2
1559,14081.8,45991.4
1560,17541,38482.8
1561,20385.1,32973.7
1562,23301.1,28529.8
1563,26066.3,25266.4
1564,28734.9,22278.6
1565,24002.9,35522
1566,24434.6,43238.6
1567,12635.8,100080.3
1568,7765.9,138699.4
1569,5207.9,152875.8
1570,3896.8,164653.4
1571,3082.9,175984.3
1572,2177.5,186897.7
1573,1152.7,197425.2
1574,210,209423.2
1575,0,221578.7
1576,0,212848
1577,0,212299.2
1578,137.8,218745.5
1579,1627.8,121135.3
1580,2339.3,120422
1581,5477.8,78425.4
1582,7002.3,75511.7
1583,9823.3,61684.7
1584,11923.3,54934.5
1585,13670.1,49567.1
1586,15657.8,44546.5
1587,17266.6,40049.2
1588,18894,35890.7
1589,14353.5,52702.9
1590,14157.1,60170.5
1591,7458.6,115501.5
1592,4914,150487.5
1593,3693.7,159859.9
1594,2780.9,166791.4
1595,1961.5,173333.2
1596,1210.5,179936.8
1597,774.7,185912
1598,383,191883.2
1599,176,197490.9
1600,68.1,203608.4
1601,371.4,206955.1
1602,871.8,210170.4
1603,3314.3,125045.1
1604,4179.2,122593.4
1605,7437.4,80639.9
1606,9028.4,77299.4
1607,12302,63199.8
1608,13389.6,56754.7
1609,14829.2,51538.6
1610,16429.5,46699.5
1611,17927.5,41998.1
1612,19228.9,37712.8
1613,14239.2,55029.9
1614,13857.4,61822.9
1615,6425.3,117253.2
1616,3497.4,153324.1
1617,2053.9,163666.2
1618,1133.6,171828.4
1619,498,179566.9
1620,100.1,188363.2
1621,0,198010.9
1622,0,206175
1623,0,213525.4
1624,0,220147.5
1625,0,218577.4
1626,0,230626.8
1627,474.2,133388
1628,1169.3,127965.1
1629,3403,84114.8
1630,4604.5,80619.4
1631,7456.7,65773.4
1632,9176.3,58838.7
1633,10563.9,53608.4
1634,12036.1,48721.5
1635,13742,43923.1
1636,15205.3,39448.7
1637,11490.2,56552
1638,11320,63381.5
1639,5237.6,118775.7
1640,2457.8,156472.1
1641,1023.4,170908.4
1642,457.6,180815.9
1643,50,195944.6
1644,0,219302.4
1645,0,235107
1646,0,254146.7
1647,0,272877.7
1648,0,285766.1
1649,0,283678.7
1650,0,276925.5
1651,0,175833.4
1652,0,166317.4
1653,103.6,105010.5
1654,465.9,94112.4
1655,1118.2,74378.6
1656,1661.8,67154.6
1657,2418.6,61617.8
1658,3264.5,56736.5
1659,3755.2,52190
1660,4428.6,47751.6
1661,5172.3,46431.5
1662,6073.7,43533.4
1663,6042.8,52628.7
1664,3716.5,75298.2
1665,3449.8,85825.4
1666,2412.1,109606.7
1667,2141.9,119720.6
1668,1854.2,123101.8
1669,1623.9,125726.8
1670,1459.5,127728.9
1671,1429.8,128947
1672,2116.4,99293.7
1673,2457.2,100937
1674,2889.7,99242.3
1675,3363.8,89133
1676,3756.8,86926.8
1677,8524.6,49439.2
1678,10412.1,46085.3
1679,12589.3,38719.7
1680,14169.4,34164.2
1681,17146.2,29647.3
1682,18836.2,26093.6
1683,20231,22938
1684,21112.2,22505.1
1685,22441.2,20212.2
1686,25065.7,28664.9
1687,22105.4,35778.3
1688,14995.6,44277.3
1689,13198.4,51741.7
1690,12594.9,53173.1
1691,11988,54271.6
1692,11645.6,54925.3
1693,11366.1,55335.1
1694,11218.4,55712.6
1695,11074.2,56052.9
1696,10535.1,56754.2
1697,21402.9,42614
1698,21945.7,34594.3
1699,24274.4,32193.7
1700,30753.8,19811.9
1701,29706.4,20216.3
1702,32484.8,16075.4
1703,34567.4,14279.8
1704,33365.1,13194.2
1705,34108.7,12175.5
1706,35950.3,11065.7
1707,37622.6,10019.7
1708,25702.7,14435.2
1709,19913.8,18429.4
1710,10664.8,68866.2
1711,2971.5,107172.7
1712,1727.5,120936.7
1713,1004.5,135083.8
1714,572,150305.5
1715,105.7,167308
1716,0,182661.6
1717,0,194999.6
1718,0,200715.4
1719,0,209314.9
1720,0,206780.2
1721,0,215579.9
1722,0,131107.7
1723,0,127271.9
1724,274.5,74202.5
1725,669.1,68599.2
1726,1375.8,54257
1727,1931.4,47341.1
1728,2749.5,42143.9
1729,3546.7,37875
1730,4381.4,34142.6
1731,5533.2,30680.7
1732,3723.2,46059.8
1733,3758.1,55166.1
1734,1491.6,111584.6
1735,374.5,149978
1736,156.2,162104.2
1737,21.8,171653.5
1738,0,180589
1739,0,189068.3
1740,0,197874.2
1741,0,206597.7
1742,0,213908.8
1743,0,223639.6
1744,0,224078.5
1745,0,233868.7
1746,0,136006.4
1747,68.2,133955.9
1748,921.3,83992
1749,1241.8,80576.7
1750,2171.5,66373.9
1751,2871,59996.1
1752,3690.5,54739.6
1753,4616.2,49770.8
1754,5570.4,45239.7
1755,6624.2,41053.6
1756,4908.7,57832.5
1757,5016.2,65290
1758,2061.9,120912.7
1759,712.1,158631.4
1760,181.3,170926.5
1761,3.8,179972.3
1762,0,189268.5
1763,0,201050.7
1764,0,204304.8
1765,0,223303.3
1766,0,240343.3
1767,0,240871.6
1768,0,236543.4
1769,0,242610.7
1770,94.1,141073.9
1771,557.5,137938.3
1772,2285.1,87234.2
1773,3135.8,83628.9
1774,4945,68959.2
1775,6168.4,61908.2
1776,7706.2,56370.5
1777,8851.8,51452.4
1778,9906.7,46759.1
1779,10987,42272.4
1780,8388.2,59182.8
1781,8532,66032.5
1782,3931,121588.3
1783,2217.1,158305.5
1784,1334,169355.4
1785,546.4,178146.4
1786,88.8,186686.2
1787,0,196113.5
1788,0,204222.1
1789,0,212215.2
1790,0,219440.8
1791,0,225938.8
1792,0,224224.5
1793,0,234745.6
1794,399.5,138358.9
1795,1416.8,131103.8
1796,4156.7,86228.4
1797,5617.6,82490.7
1798,9241.4,67415
1799,11319.6,60126.7
1800,13107.4,54371
1801,15154.4,49140.7
1802,16940.2,44420.9
1803,18611.3,39855.6
1804,14923.2,56604.4
1805,15195.3,63190.5
1806,7780.5,118644.5
1807,5683.4,154989.5
1808,4372.7,164897.3
1809,2484.1,174122.3
1810,1664.6,180731.2
1811,1062.9,186841.2
1812,639.5,192180.5
1813,308.2,198448
1814,32,206038.8
1815,10.3,211527.9
1816,0,217707.1
1817,1.7,222955.1
1818,1420.8,130634.5
1819,2890.6,126251.1
1820,6589.3,84093.7
1821,8840.8,80213.7
1822,13251.6,65023.1
1823,16029.4,57480.6
1824,19111.2,51435
1825,22207.8,46096.6
1826,25098.8,40953.9
1827,27941.1,36522.9
1828,29668.4,34937
1829,31635.4,32600.1
1830,30780.7,39496.7
1831,24561.6,62648.9
1832,21072.7,75408.1
1833,13168.1,98793.5
1834,11299.2,108830.2
1835,8366.9,113829.2
1836,6783.5,118929.8
1837,5728.1,123071.1
1838,5188.9,123007.2
1839,4894.6,95540.6
1840,6108.4,94744.2
1841,6453.2,93573.9
1842,8384.3,82928.3
1843,11736.6,79106.1
1844,22315.7,41652.8
1845,27224.7,38647.8
1846,31732.1,32094.7
1847,35377.9,28125.3
1848,40578.7,23482.3
1849,43829.7,19911.7
1850,47207.6,17132.6
1851,50859.7,14538.2
1852,53125.8,13857.3
1853,55694.4,12503.5
1854,56956.1,21823.2
1855,52742,28282.3
1856,42719.6,38032
1857,36586.4,47725.3
1858,32481.9,51084.2
1859,27931.9,53238.9
1860,23080.1,55392.5
1861,19591.3,58026.9
1862,15208.6,62188.8
1863,12268.4,65788.7
1864,10611.7,67475.3
1865,19131.2,49732.3
1866,18299.1,37621
1867,22487,31563.3
1868,31745.9,18290.9
1869,31982.8,18666.8
1870,36654.1,14577.3
1871,40527.5,12833.5
1872,41081.2,11671.9
1873,43568.9,10568.9
1874,45993.8,9545.4
1875,47777.2,8649.3
1876,35729.7,13213.4
1877,29837.8,16901.7
1878,16577.3,66569
1879,5963.7,104746.6
1880,4003.9,117241.8
1881,2634.9,128287.6
1882,1709.5,137157
1883,1026.8,143920.7
1884,451.2,152505.7
1885,78.7,162045.5
1886,0,172096.8
1887,0,181053.1
1888,0,185974.4
1889,0,206346.1
1890,0.2,112622.9
1891,24.5,110546.8
1892,1162.7,67358.6
1893,2070.7,64355.7
1894,4842.4,49717.7
1895,7395.9,42172.9
1896,9120.8,36913.7
1897,10839.7,32802.5
1898,12991.5,29698.4
1899,15116.6,26865.3
1900,10822.7,40800
1901,11011.4,49084.4
1902,5027.3,105469.8
1903,3149.6,140714
1904,1942.3,151642.1
1905,1167.1,159723
1906,501.1,168270.5
1907,126.1,176228.5
1908,0,183427.5
1909,0,191227.3
1910,0,199221.9
1911,0,206009.6
1912,0,205467
1913,0,215907.4
1914,442,125236.5
1915,1162.6,121109.9
1916,3728.5,78761.7
1917,4725.3,75768.9
1918,7406.2,62063.1
1919,9053.8,55505.8
1920,10518.6,50152.7
1921,12375,45075.6
1922,14509,40364.8
1923,16305,36075.2
1924,12160.9,53242.1
1925,11918.5,60584.5
1926,5512.2,115838.9
1927,3141.3,151620.2
1928,1948.6,161916.6
1929,1102.8,170971.5
1930,570,180381.7
1931,257.1,184201.2
1932,60.8,208053.3
1933,0,216472.6
1934,0,221751.4
1935,0,233119.9
1936,0,231631.9
1937,0,236078.4
1938,990,130738.1
1939,2116.8,126906.8
1940,5783.8,83249.8
1941,7890.9,79252.6
1942,12724.5,63808.3
1943,16424.2,56194.1
1944,20192,50122.4
1945,23804,44653.5
1946,27472.9,39228.4
1947,31072.4,34758.1
1948,27837,51196.3
1949,29122,57297.1
1950,17667.1,111896.6
1951,12784.6,149523.4
1952,9712.1,162318.9
1953,7698.2,171688.1
1954,5962.7,180646.1
1955,4710.4,189659.8
1956,3855.2,196864.3
1957,2717,205346.5
1958,1593.1,214427.3
1959,647.9,227857.4
1960,319.9,232394
1961,322.5,245577
1962,1186.9,141752.8
1963,2666.3,131114.5
1964,6778.3,84006.8
1965,9583.6,79885
1966,15396.5,64542.1
1967,19476.1,57130.3
1968,23060.3,51292.2
1969,26474.3,46001
1970,29689.7,40796.2
1971,32679.9,35866.2
1972,28670.2,52683.7
1973,29759.7,58660.1
1974,17548.2,113047.1
1975,12298.4,150833.9
1976,9103,163763.1
1977,6835.6,173856.8
1978,5110.4,183426.9
1979,3834.5,193449.4
1980,2822.3,202814.5
1981,1753.9,212449.5
1982,598.3,226214
1983,84,240791.7
1984,5.1,246570.7
1985,7.2,257570.8
1986,335.9,150168.5
1987,870.3,138110.3
1988,3393.3,87204.6
1989,4942.5,83294.2
1990,7493.8,68585.3
1991,9747.2,61472.5
1992,11849.6,55893.7
1993,14063.5,51008.9
1994,16093,46228.1
1995,17990,41548.6
1996,18968.4,39546.5
1997,20646.7,36270.3
1998,20063.7,41940.3
1999,13440.3,68551.5
2000,10989.1,81872.6
2001,6126.9,109933.1
2002,4831.4,124755.2
2003,3769.6,129000.7
2004,2898.6,130674.6
2005,2314.9,131372
2006,1766.3,133927.4
2007,1760.5,106005.5
2008,1521.9,109693.3
2009,1488.8,106906.7
2010,1718.1,93837.1
2011,2574.3,88689.2
2012,7469.4,49913
2013,11303.3,45525.2
2014,15482.7,37492.3
2015,19173.1,32422.2
2016,24433.9,27537.8
2017,28503.3,23678.7
2018,32195.4,20251.4
2019,35900,16925.4
2020,39123.5,15953.4
2021,43633.5,13734.6
2022,48089.6,23470.4
2023,44046.4,31454.1
2024,35292.7,42635.3
2025,30323.7,52834.5
2026,26821.6,56021.4
2027,22459.1,58880.4
2028,18334.7,60984.2
2029,15498.6,62166.8
2030,12578.4,65104.2
2031,10863.4,68686.4
2032,9784.7,70897.3
2033,18599.3,53230.2
2034,18300.5,42348.8
2035,21484.7,34748.6
2036,30258.7,20221
2037,31110.8,20270.5
2038,36938.2,15829.1
2039,41971.8,13810.2
2040,43455.5,12491.5
2041,47307.3,11225.8
2042,51702.1,10009.8
2043,56172,8903.3
2044,45117.5,13324.9
2045,41058.7,16937.8
2046,24109,65865.1
2047,9492,106085.7
2048,6929.3,119790.1
2049,5291.8,132740.8
2050,3893.8,144681.8
2051,2670.7,155583.7
2052,1472.3,163784.9
2053,431.6,177380.5
2054,0,194572.9
2055,0,213903.5
2056,0,222143
2057,0,233756.4
2058,16.6,127701.7
2059,124.3,121886.4
2060,1242.4,70525.7
2061,1707.7,67843.8
2062,3434.4,53763.5
2063,4614.2,46672.3
2064,6040.5,41321.3
2065,8095.3,36769.2
2066,10203.5,32571.7
2067,12468.3,28756
2068,8917.4,43695.3
2069,9136.5,52587.8
2070,4636.9,108569.6
2071,2993.4,143397.1
2072,1996.6,154019
2073,1344.6,162086.6
2074,654.3,171072.1
2075,265.5,178550.5
2076,14.2,186191.5
2077,0,193635.8
2078,0,202798.1
2079,0,210991.7
2080,0,214363.2
2081,0,218525.9
2082,812,126322.8
2083,1619.1,121882.2
2084,4440.6,79587
2085,5517.8,76380.8
2086,8655.5,62484.6
2087,10398.2,55801
2088,11979.3,50290.6
2089,13631.2,45129.7
2090,15243.1,40502.7
2091,16759.1,36282.6
2092,12905.1,53228.7
2093,12830.3,60539.5
2094,6253.1,115703.5
2095,3900.5,151285.8
2096,2600,161185.2
2097,1369,169560.1
2098,611.2,179474.7
2099,164.7,189585.9
2100,0,210986.4
2101,0,223924.8
2102,0,239569
2103,0,256244.2
2104,0,263181.2
2105,0,273367.4
2106,0,174576.4
2107,76.8,144113.3
2108,796.9,91211.8
2109,1379,85067.2
2110,2768.2,69864.3
2111,4267.4,62650.5
2112,5610.6,57245.5
2113,7247.9,52503.2
2114,8939.9,47633.2
2115,10291.6,43115
2116,8058.9,59677.7
2117,8765.5,66543.1
2118,4467.2,126033.8
2119,2414.5,160057.7
2120,1423.3,174402.3
2121,813.8,189342.7
2122,290.8,206207
2123,0,222969.9
2124,0,237775.1
2125,0,251329.2
2126,0,266965.3
2127,0,281647.7
2128,0,286095
2129,0,296836.8
2130,0,197148
2131,0,175545.6
2132,6.3,115354.4
2133,42.8,102572.5
2134,294.6,79847.1
2135,545.5,70968.5
2136,1159.9,64925.2
2137,1995.6,59942.3
2138,2752.4,55047.9
2139,3424.2,50237.7
2140,2902,67075.5
2141,3135.8,74035.3
2142,1324.7,134192.8
2143,155.5,173670.8
2144,0.1,191856
2145,0,206550.6
2146,0,222225.2
2147,0,237951.5
2148,0,251538.8
2149,0,264821.4
2150,0,280995.1
2151,0,294270.6
2152,0,298078.5
2153,0,306645.8
2154,0,203152.6
2155,0,188958.3
2156,0,125284.2
2157,0,113569.8
2158,28.5,88015.9
2159,213.1,76359.3
2160,503,63920.8
2161,1077.8,62033.5
2162,1996.4,56584.8
2163,3148,51296
2164,4442.9,49157.1
2165,6494.4,45559
2166,6542,54474
2167,4129.3,80769.2
2168,3720.7,95874.3
2169,2418.3,123005
2170,1895.9,136507.8
2171,1367,144356
2172,803.6,150338.5
2173,259.8,155965.3
2174,0,163057.9
2175,0,135929.3
2176,0,143312.2
2177,2.9,142059.3
2178,17,124291.7
2179,44.5,101057.4
2180,557.6,61140.3
2181,1687.2,56531.7
2182,2966.6,48847.2
2183,4416.2,43938.5
2184,7487,38227.8
2185,10513.4,33121.8
2186,13660,28596.8
2187,16725.6,24511.4
2188,19188.4,23618.7
2189,21534.5,21263.4
2190,22728,32699.7
2191,22088.2,41869.2
2192,14389.1,55367.4
2193,10500.4,68680.7
2194,7443.1,75083.3
2195,5476.1,80373.1
2196,4284,83649.8
2197,3514.7,86838.7
2198,2989.6,92011.2
2199,2775.9,97299.1
2200,3932.2,94770.1
2201,9666.8,78522.6
2202,8975.6,64751.7
2203,9953.4,52600.7
2204,10810.9,35177.8
2205,11733,30406.5
2206,13078.5,23956.5
2207,14487.1,20820.1
2208,14220.8,18713.4
2209,15210.5,17099.9
2210,16481.4,15765.2
2211,18131.2,14540.6
2212,11454.2,19890.9
2213,7239.6,25825.7
2214,5357,80468
2215,206.1,123704
2216,6.7,141557.8
2217,0,157581.5
2218,0,167593
2219,0,190342.5
2220,0,204221.7
2221,0,211318.2
2222,0,222606.6
2223,0,239720.6
2224,0,235889.9
2225,0,248444.5
2226,0,162484.2
2227,0,148552.7
2228,122.5,83288.2
2229,422.8,75304.1
2230,1222.6,60255.8
2231,2287.8,53073.5
2232,3400.7,47541.9
2233,4365.5,43001.4
2234,6027.2,38839.5
2235,7936.7,34816.1
2236,6444.6,49229.4
2237,7587.7,58319.7
2238,3953.6,114486.1
2239,2068.3,152845.9
2240,1272.6,165237.4
2241,763.1,175227.5
2242,312,190771.1
2243,19.1,209425.1
2244,0,224224
2245,0,237987
2246,0,255187.5
2247,0,271463.5
2248,0,277906.2
2249,0,288671.3
2250,0,192283.7
2251,0,169644.7
2252,104.9,107438.4
2253,376.5,95002.2
2254,1144.8,73427.1
2255,1903.5,65274.1
2256,3098.2,59510.4
2257,4209.7,54062.9
2258,5964.8,49052.8
2259,8026.5,44432.1
2260,6177.4,60912.5
2261,6692.2,68386.2
2262,3357.2,129187.1
2263,1441,166864.6
2264,686.3,184888.2
2265,251.2,200296
2266,9.9,209165.4
2267,0,230464.7
2268,0,230569.4
2269,0,236297.2
2270,0,243580
2271,0,261598.8
2272,0,272301.5
2273,0,263604.3
2274,0,169224.1
2275,0,159289.2
2276,266.5,100107.5
2277,549.5,93375
2278,1345.9,75504.9
2279,2204.8,67913.8
2280,3076.4,62327.9
2281,4195,57096.1
2282,5935.5,51925.3
2283,7310,47194.3
2284,5288.9,64214.5
2285,5542.7,71184.2
2286,2761.2,132381
2287,1005.4,171347.4
2288,264,190142.2
2289,9.6,206662.6
2290,0,216976.8
2291,0,240814
2292,0,254392.5
2293,0,268804.2
2294,0,285209.5
2295,0,301029.9
2296,0,307745.9
2297,0,319772.3
2298,0,218986.1
2299,0,196810.6
2300,0,134045.5
2301,0,120060.4
2302,23.9,91710.2
2303,149.8,77744.1
2304,411.4,64841.2
2305,745.3,63614.6
2306,1520.1,58848.3
2307,2114.5,54726.8
2308,1700.5,71611.6
2309,1729.5,78777.1
2310,450.4,143380.4
2311,0,188968.2
2312,0,203249.5
2313,0,217808.9
2314,0,226984.4
2315,0,242852.3
2316,0,250985.9
2317,0,255945.5
2318,0,261472.8
2319,0,265639.2
2320,0,267859.8
2321,0,269970.1
2322,0,172887.8
2323,0,164631.5
2324,432.8,105245.2
2325,721.7,97367.5
2326,1253.5,78634
2327,1804.7,69785.7
2328,2786.6,63652.1
2329,3497.4,58636.5
2330,4168.2,53823.7
2331,5411.2,48922.3
2332,6117.7,47205.4
2333,6883.6,44139.1
2334,6578.2,53556.9
2335,3864.1,76713
2336,3610,87017.4
2337,2596.2,110304.8
2338,1903.7,122553.2
2339,1294.3,127972.8
2340,995.1,130270.5
2341,735.1,131816.4
2342,522.6,135217.1
2343,594.4,107785.6
2344,546.8,116554.7
2345,408,113675.4
2346,274.3,100846.1
2347,273.7,94072.7
2348,1578.3,54437.9
2349,3244.3,50089.7
2350,5661,42309
2351,7911.4,37270.5
2352,11547,31747.2
2353,14684,27997.1
2354,18159.7,24422.9
2355,20943.6,21185.7
2356,22948,20767.7
2357,25224.6,18438.1
2358,25874.6,30022.5
2359,24655.1,38554.3
2360,17352.8,50133.2
2361,13630.1,59971
2362,11309,61065.9
2363,8038.6,64105.3
2364,6288.5,66006.3
2365,5501.1,65783.1
2366,5465.1,63844.3
2367,5595.5,63491.3
2368,6088.4,62056.3
2369,15117.8,45841
2370,15786.2,36549.2
2371,18660.8,33417.5
2372,26285.2,20512
2373,26213.2,20844.6
2374,29802.6,16672.1
2375,32695.3,14838
2376,32884.7,13583.7
2377,34719.8,12396.1
2378,36438.7,11325.3
2379,38346.1,10274.2
2380,26788.5,14594.4
2381,21719.4,18826.3
2382,11920.7,70160.6
2383,3570,109729.8
2384,2304.8,122581.3
2385,1348.8,135506.4
2386,764.6,142803.5
2387,248.6,153940.4
2388,0,162649.7
2389,0,169714
2390,0,180561.9
2391,0,193743.9
2392,0,195209.5
2393,0,208920.5
2394,0,114510.2
2395,9.7,114387.2
2396,1120.6,69033.6
2397,2163.4,65890
2398,4386.2,51619.2
2399,6266.9,44348.7
2400,8093.2,38890.4
2401,9528.8,34614.7
2402,11064.7,31385
2403,13141.3,28358.9
2404,10634.5,42082.4
2405,11105,50192.7
2406,5147.9,106859.6
2407,2730.9,145285.3
2408,1763.3,155613.5
2409,970,164443.3
2410,457,171771
2411,67.2,180009.8
2412,0,188338.2
2413,0,198608.4
2414,0,203354.9
2415,0,214800.7
2416,0,220762.5
2417,0,235172.1
2418,13,136829.7
2419,97.4,131906.4
2420,2065.9,81201.5
2421,3725.7,77160.5
2422,6847.9,62728.2
2423,9093.9,55988.2
2424,11072.8,50434.9
2425,13259,45203.5
2426,15741.9,40369.7
2427,18112.2,36024.4
2428,14001.9,53028.2
2429,14686.8,60016.2
2430,6980.6,115771.5
2431,3954.7,156467.7
2432,2640,169588.4
2433,1610.3,181155.5
2434,807.9,193048.9
2435,136.4,205738.4
2436,0,211010.1
2437,0,218795.6
2438,0,232514.7
2439,0,241345
2440,0,251181.2
2441,0,268728.5
2442,0,174682.7
2443,0,154274
2444,168,94428.1
2445,652.8,86650.8
2446,1756.3,70331.4
2447,3420.5,62809.1
2448,5296.6,57120
2449,7425.4,52402.1
2450,9279.9,47659.9
2451,11347.1,43103.6
2452,8556.5,59658
2453,9272.1,66410.4
2454,4204.5,122941.3
2455,1942.6,165300.6
2456,960.5,181928.3
2457,447.8,197441.6
2458,53.1,207386.9
2459,0,230866.1
2460,0,245182
2461,0,256747.8
2462,0,268918.2
2463,0,270258.2
2464,0,275701
2465,0,283746.6
2466,0,181961.6
2467,0,173011.3
2468,0,111337.3
2469,10,101082.4
2470,252,78439.4
2471,531.7,69860
2472,992.2,63999.1
2473,1566.4,58933.6
2474,2258.7,54267.5
2475,2975.6,49629.6
2476,2538.9,66411.3
2477,2827.5,73229.2
2478,1065.4,134856.7
2479,47.8,175277.4
2480,0,190500.4
2481,0,204580.8
2482,0,218426.5
2483,0,231767.1
2484,0,246665.4
2485,0,251953
2486,0,261982.5
2487,0,277066.8
2488,0,279299.1
2489,0,295956.9
2490,0,191763.1
2491,0,179368.3
2492,0,114778.3
2493,26.1,103410.1
2494,345.4,81028.3
2495,810.1,71094.8
2496,1427,64503
2497,2260.5,59462.6
2498,3147.9,54627.8
2499,3954.2,49969.8
2500,4818.7,48405.9
2501,5840,45234.2
2502,5846,55235.8
2503,3326,81339.3
2504,2679.8,95822.4
2505,1492.9,123684.2
2506,1014.3,137916.9
2507,607.5,145581.9
2508,240.1,151882.8
2509,2.5,156951.7
2510,0,165810.4
2511,0,138709.2
2512,0,145141.1
2513,0,144387.7
2514,0,126734.4
2515,0,104519.5
2516,160,63796.2
2517,703,59340
2518,1401.5,50997.9
2519,2142.6,46257.2
2520,3784.1,40748.6
2521,4682.3,36398.8
2522,5731.4,32549
2523,6904.6,28642.5
2524,7954,27584.4
2525,9102.6,24635.1
2526,11149.6,37536.1
2527,10653.7,48526.3
2528,4930.5,61495.6
2529,3290.5,73663.3
2530,2852,77341.4
2531,2483.1,82819.8
2532,2158.6,82469.2
2533,1893,84450.6
2534,1826.9,84031.6
2535,1978.5,82771
2536,2268.6,80920.7
2537,9297.8,64735.9
2538,8638.3,52183.2
2539,9618.1,47730.4
2540,10531.3,34162.6
2541,11698.6,30188.1
2542,13156.8,24175.6
2543,14659.7,21261.3
2544,14480.1,19359.3
2545,15386.3,17563.3
2546,16758.1,15755.1
2547,18320,14204.4
2548,11277.9,20881.5
2549,6903.1,27072.2
2550,4936.4,82690.5
2551,54.7,128158
2552,0,145312.5
2553,0,161710.9
2554,0,172748.6
2555,0,195902.3
2556,0,212202.8
2557,0,228707.2
2558,0,242892.9
2559,0,261557
2560,0,262292.5
2561,0,271037.7
2562,0,184956.1
2563,0,166343.1
2564,0,107642.2
2565,0,96916.5
2566,0,71372.4
2567,77,59368.6
2568,249.3,47610.3
2569,410.9,48243.6
2570,679,44281.8
2571,939.3,40454.7
2572,651.4,55359.8
2573,1224.1,63240.6
2574,320.4,122269.4
2575,3.6,165147.7
2576,0,179654.1
2577,0,191166.9
2578,0,200061.4
2579,0,208457.4
2580,0,215523.6
2581,0,221735
2582,0,228668.9
2583,0,241296.5
2584,0,246477.8
2585,0,244917.8
2586,7,145329.5
2587,11.3,145728.4
2588,587.5,90679.8
2589,772,85483.2
2590,1418.8,70426
2591,2272.4,63300.7
2592,3140.4,57552.5
2593,3979.4,52090
2594,5222.2,47155.4
2595,6113.4,42903.9
2596,4716.2,59533.8
2597,4889,66732.5
2598,1823.8,122919.8
2599,467.9,163831.1
2600,35.4,179410.1
2601,0,196818.7
2602,0,210379.5
2603,0,218193.7
2604,0,229764.1
2605,0,242913.8
2606,0,264999.1
2607,0,280814.8
2608,0,289383.6
2609,0,302416.5
2610,0,205654.2
2611,0,187524.6
2612,0,123116
2613,0.3,109795.1
2614,40.6,83987.1
2615,238.9,71737.7
2616,689,59401.6
2617,1169.8,58715.4
2618,1964.6,53647.2
2619,2998.6,48710.3
2620,2754.4,65203.8
2621,3093.7,72443.8
2622,1109.7,134410.3
2623,5.8,181062.7
2624,0,199760.9
2625,0,215356.5
2626,0,224848.8
2627,0,246140.6
2628,0,259530.3
2629,0,268267.8
2630,0,273772.1
2631,0,276657.4
2632,0,273086.1
2633,0,279035.4
2634,0,178614.4
2635,0,170571.9
2636,133.9,109768.8
2637,338.9,99861
2638,865.6,79084.7
2639,1233,70503.2
2640,1730,64884.7
2641,2505.8,59895.1
2642,3114.8,55189.6
2643,3754.6,50467
2644,3120.8,67192.1
2645,3288.5,74046.1
2646,1257.4,135778.5
2647,45.5,177308.3
2648,0,190678.6
2649,0,202637.4
2650,0,217124.1
2651,0,231398.3
2652,0,237972.4
2653,0,244488.6
2654,0,249986
2655,0,254372.4
2656,0,254664.4
2657,0,265586.3
2658,0,168424.9
2659,0,164186.1
2660,113.8,102373
2661,537,94379.4
2662,1212.8,75579.6
2663,2091.9,67616.3
2664,3236.9,61819.7
2665,3987.7,56941.9
2666,5138.4,52142.4
2667,6518.2,47249.9
2668,7302.6,45467.8
2669,8226.2,42270.9
2670,7700.4,52282
2671,4523.6,79471.1
2672,3836.3,92697.5
2673,2263.8,119888.8
2674,1626.1,133526.3
2675,1086,138801.1
2676,519.8,143790.6
2677,95.1,149466.2
2678,0,156778.3
2679,0,127893
2680,0,129552.5
2681,0,136298.5
2682,0,122261.2
2683,6.3,105312.1
2684,205.2,60446.3
2685,975.5,55222.9
2686,2266.1,47104.5
2687,3597.5,42131.6
2688,6555.3,36442.1
2689,8795.3,31725.6
2690,11172,27634.8
2691,13796.3,24337.3
2692,15741.9,24000.8
2693,17626.5,21782.3
2694,19168.4,33868.5
2695,18485.8,44667.5
2696,11005.7,56249.1
2697,7868.9,64420.5
2698,5102.2,71581.7
2699,4072.2,76733.6
2700,3570.1,79891.6
2701,3297.7,81991.5
2702,3186.2,85317.2
2703,3117,88999.6
2704,3169,91426.5
2705,10382.7,73557.5
2706,9596,61589.3
2707,10579.8,53071.7
2708,11640.8,33519
2709,12983.8,28271.8
2710,14654.9,22090.1
2711,16849.1,19260.6
2712,17368.9,17659
2713,19364.6,16275.2
2714,22237,14918.9
2715,25165,13662.3
2716,15820.5,18748.7
2717,11633.9,24427.3
2718,7516,78163.8
2719,1345.7,122279
2720,759.8,137327.2
2721,382.5,150695
2722,30.1,160098.4
2723,0,182264.6
2724,0,197466.5
2725,0,212732.9
2726,0,230815.3
2727,0,247477.8
2728,0,245207.7
2729,0,246396.4
2730,0,151984.6
2731,0,144956.4
2732,39.2,85664.7
2733,222.8,77092.1
2734,619,60273.6
2735,1163,53191.4
2736,2187.1,47560.4
2737,3989.6,41916.8
2738,5185.7,37625.6
2739,6725.1,33612.6
2740,5480.7,48263.7
2741,5878.1,57254.5
2742,2555.3,113192.6
2743,445.1,154255.8
2744,43.6,167974.2
2745,0,179372.1
2746,0,188722.2
2747,0,198353.4
2748,0,209245.9
2749,0,224117.2
2750,0,233726.2
2751,0,251561.4
2752,0,256951.6
2753,0,266883.1
2754,0,182173.3
2755,0,175484.6
2756,0,106308.8
2757,4.7,94940.9
2758,67.7,74112
2759,283.1,65451.8
2760,665,59493.7
2761,1247.5,53931.3
2762,1875.7,49176.6
2763,2816.4,44700.4
2764,2532.9,60991.6
2765,3005.8,68291.8
2766,949.3,129655
2767,16.9,170102.1
2768,0,185531.1
2769,0,197287.5
2770,0,204785.6
2771,0,216139.2
2772,0,223791.5
2773,0,233804.5
2774,0,249146.8
2775,0,260909.4
2776,0,267413.3
2777,0,279229.3
2778,0,184788.8
2779,0,172694.5
2780,40.6,105313.1
2781,199.7,96312.3
2782,1148,77423.6
2783,2635.8,67308.1
2784,4413.4,60242
2785,6764.6,54815.2
2786,8536,49665.6
2787,10051.6,44904.7
2788,8518.5,61230.5
2789,9537.8,68226.6
2790,3927.6,129796.3
2791,1926.6,167487.8
2792,985.3,184500.1
2793,514.6,197496.4
2794,81.3,201976.4
2795,0,213904
2796,0,225723.3
2797,0,241775.9
2798,0,256018.9
2799,0,278331.5
2800,0,284176.4
2801,0,289306.8
2802,0,170688.5
2803,0,169796.8
2804,2,108767.7
2805,23.2,100221.5
2806,321.1,80448.1
2807,707.5,71242.7
2808,1233.2,64242.9
2809,1909.1,58806.8
2810,2479.3,54095.6
2811,3440,49217.6
2812,2824.2,65685.9
2813,3002.8,72858.6
2814,1055.1,135755.3
2815,0,182990.6
2816,0,202248.4
2817,0,219536.6
2818,0,231053.7
2819,0,253824.2
2820,0,268853.4
2821,0,283088.5
2822,0,299960.6
2823,0,315052.7
2824,0,319862.2
2825,0,326779.4
2826,0,216309.1
2827,0,205993.4
2828,0,144919.6
2829,0,135846.3
2830,0,107236.8
2831,0,91882.2
2832,0,75408.6
2833,0,72670.8
2834,19.7,65167.5
2835,187.5,58162.5
2836,468.3,55285.8
2837,780.4,51748.7
2838,1073.8,61956.4
2839,616.8,86009.5
2840,385.1,98431.2
2841,14.8,121506.7
2842,0,131737.2
2843,0,133644.3
2844,0,137456.4
2845,0,148953.8
2846,0,162888.4
2847,0,136419.9
2848,0,137593
2849,0,146756.2
2850,0,135411.1
2851,0,126357.9
2852,123.9,69542.2
2853,620.7,60861.4
2854,1024.3,51541.1
2855,1589,46012.9
2856,3398.7,40281.5
2857,4863.6,35462.9
2858,6669.2,31018.9
2859,8306.3,26930.5
2860,9937.1,26216.3
2861,12182.3,23775.1
2862,14401.4,36185.4
2863,13735.8,48004
2864,6599,60620.3
2865,3928.5,72984.2
2866,3092.4,77828.7
2867,2498.3,81330
2868,2087.8,83973.2
2869,1776.6,86811
2870,1651,83306.7
2871,1802.5,81257.5
2872,2121.8,82120.6
2873,9134.1,70361.1
2874,8539.3,61356.8
2875,9542.7,53478.2
2876,10560.2,34514
2877,11819.5,29422.5
2878,13542.3,23265.7
2879,15405.7,20241
2880,15709.6,18285.5
2881,17572.3,16541.7
2882,19865.8,15141.7
2883,22751.5,13818.7
2884,14509.9,19271.2
2885,11232.3,24905.9
2886,6942.7,80334.9
2887,1564.1,123047.6
2888,894.6,137529.3
2889,447,151387.6
2890,34.1,160440.7
2891,0,183147.6
2892,0,198862.2
2893,0,215306.8
2894,0,234073.2
2895,0,252082.2
2896,0,261782.5
2897,0,276405.3
2898,0,188300.9
2899,0,179494.6
2900,0,103741.1
2901,2,92690.9
2902,47.8,65978.5
2903,198,55380.1
2904,572.8,44898.5
2905,1252.1,45104.9
2906,2440.4,40828.7
2907,3999.4,36698.5
2908,3394.6,51178.1
2909,3649.2,60861.8
2910,1680.6,120857
2911,405.5,165743.5
2912,78.9,183607.1
2913,0,202622.7
2914,0,213840.4
2915,0,237039.4
2916,0,251235.8
2917,0,265432.1
2918,0,281615.3
2919,0,297551.4
2920,0,307010.1
2921,0,320641.6
2922,0,226465.4
2923,0,214922.1
2924,0,144731
2925,0,130420
2926,0,101173.2
2927,0,85398.3
2928,5.1,68583.6
2929,45.1,66002
2930,252.1,59088.1
2931,641.4,52613.6
2932,529,69317.1
2933,698,76870.3
2934,1.5,146578.3
2935,0,196834.8
2936,0,217759.6
2937,0,236726.6
2938,0,247767.7
2939,0,267935.9
2940,0,280952
2941,0,293415.3
2942,0,308656.9
2943,0,321115.8
2944,0,324561.3
2945,0,334554.1
2946,0,233290.9
2947,0,217521.1
2948,0,147179.9
2949,0,132608.2
2950,0,103414.8
2951,1.7,88346.5
2952,46.7,72898.7
2953,222.1,71124.4
2954,499,64840
2955,748.7,58808.9
2956,550.4,75483.2
2957,648.2,82785.7
2958,1.2,151645
2959,0,200176.1
2960,0,217111.2
2961,0,231296.5
2962,0,240471.5
2963,0,261147
2964,0,273150.1
2965,0,284307.8
2966,0,297011.4
2967,0,309871.4
2968,0,310651.7
2969,0,319558.4
2970,0,215779.5
2971,0,204200.4
2972,0,133847.7
2973,0,120592.7
2974,7.5,94809.2
2975,113.8,82999.8
2976,383.8,70427.5
2977,710.7,68867.2
2978,1049,62563.6
2979,1747.7,56283
2980,1407.2,73013.5
2981,1634.9,80177.9
2982,243.3,146419.4
2983,0,193845.4
2984,0,213320.8
2985,0,230546.5
2986,0,240896.9
2987,0,260499.3
2988,0,272533
2989,0,284230.4
2990,0,297709.7
2991,0,310547.5
2992,0,313810.9
2993,0,323779.7
2994,0,221711.1
2995,0,206628
2996,0,135861.7
2997,0,121989.1
2998,7.5,95373.2
2999,107.6,82874.3
3000,382.4,69907.1
3001,740.8,68301.1
3002,1200.5,61824.1
3003,2112.1,55339.5
3004,2868.8,52797.9
3005,3940.1,49970.2
3006,4379.7,65021.8
3007,2502.2,91823.7
3008,2055.4,104432
3009,996.4,131498.5
3010,545.1,145015.8
3011,131.6,150512.9
3012,0,155068.7
3013,0,159988.9
3014,0,171468.4
3015,0,142456.1
3016,0,150375.6
3017,0,151061.7
3018,0,137506.9
3019,0,128494
3020,13.8,71288.3
3021,64.5,61740.8
3022,448.8,52162.5
3023,1173.9,46873.1
3024,3013.6,40981.3
3025,4282.6,36238.2
3026,5962.8,32003.9
3027,7566.9,27955.4
3028,9048.7,27223.1
3029,10623.3,25123.8
3030,12495.7,38109.7
3031,11838.3,48430.9
3032,5061.4,61010.5
3033,2969,72866
3034,2251.2,77797.8
3035,1796.1,81028
3036,1459.8,83637.9
3037,1209.9,85741.6
3038,1094.8,88612.2
3039,1185.8,90987.9
3040,1356.3,88978.8
3041,8222.1,66451.2
3042,7615.5,52660.2
3043,8613.9,47576.7
3044,9664.1,34308
3045,10837,30637.8
3046,12225.3,24776.9
3047,13660.1,21866.3
3048,13314.4,20062
3049,14066.9,18279.4
3050,15136.5,16579.1
3051,16409.6,14952.5
3052,9788,21708.4
3053,5992.5,28190.8
3054,4185.5,83518
3055,0,126670.5
3056,0,142040.5
3057,0,154056.8
3058,0,161491.5
3059,0,182783.8
3060,0,192921.4
3061,0,206516.5
3062,0,216275.8
3063,0,221341.5
3064,0,224337.8
3065,0,235774.8
3066,0,145161.4
3067,0,140471.6
3068,0,82087.5
3069,63.8,75986.9
3070,486.5,59891.1
3071,718.7,53174.5
3072,1003.1,48062.3
3073,1518.8,43818.5
3074,1954.6,39976.9
3075,2331.9,36337.6
3076,1725,51236.6
3077,1785.2,60364.1
3078,312.5,118298.7
3079,0,163095.5
3080,0,179779
3081,0,193483.1
3082,0,206135.5
3083,0,218116.9
3084,0,229209.3
3085,0,239675.2
3086,0,250122.6
3087,0,259584
3088,0,267285.2
3089,0,281850.6
3090,0,191153.7
3091,0,182410.5
3092,0,115005.5
3093,0,101947.1
3094,0,79042.7
3095,61.3,69041.4
3096,374.9,62027.7
3097,811.8,56558.8
3098,1386,51683.1
3099,1903.4,47183.6
3100,1572.8,63872.7
3101,1753.1,71695.2
3102,446.8,137185.8
3103,0,183543
3104,0,202354.1
3105,0,220689.1
3106,0,232324.5
3107,0,253042.9
3108,0,265064.1
3109,0,277892.5
3110,0,292920.9
3111,0,308704.3
3112,0,315510.2
3113,0,328599.1
3114,0,232530.1
3115,0,221358.1
3116,0,154380.8
3117,0,141268.5
3118,0,113948.1
3119,0,99657.7
3120,0,82783.8
3121,0,80464.7
3122,0,73200.5
3123,0,67607.7
3124,0,85086
3125,0,93098.8
3126,0,173053.4
3127,0,219156
3128,0,243392.5
3129,0,260284.7
3130,0,270070.4
3131,0,288232.8
3132,0,298965.2
3133,0,311688.5
3134,0,325513.9
3135,0,337495.5
3136,0,337826
3137,0,344481.8
3138,0,240505.6
3139,0,228420.7
3140,0,160906.9
3141,0,147725.7
3142,0,119453.5
3143,0,102955.9
3144,0,83528.5
3145,0,79679.7
3146,0.4,71678.5
3147,83.2,65513.5
3148,4.1,82031.2
3149,48.9,89154.3
3150,0,161814.3
3151,0,201679.4
3152,0,225277.5
3153,0,237275.9
3154,0,248328.7
3155,0,257523.6
3156,0,266519.4
3157,0,275198
3158,0,283948.7
3159,0,290320.5
3160,0,288005
3161,0,296230.1
3162,0,195419
3163,0,186931.7
3164,0,122337.3
3165,0,111647.4
3166,204.2,89357.1
3167,484.2,79942.5
3168,671.1,67834.5
3169,894.2,67024.5
3170,1420.6,60913.8
3171,1900.1,54947.6
3172,2309.4,53036.2
3173,2784,49997.6
3174,3120.2,61271.1
3175,1709.4,85666.2
3176,1303.9,98117.3
3177,486.7,126243.4
3178,266.6,141768.2
3179,32.2,149112.4
3180,0,154343.8
3181,0,162707.9
3182,0,175013
3183,0,146187.9
3184,0,149014.1
3185,0,158498.3
3186,0,143455.1
3187,0,133096.6
3188,0,76117.1
3189,14.2,66169.3
3190,278,55440.2
3191,602.6,50123.6
3192,1595.5,44109.5
3193,2252.4,39431.2
3194,3116.8,35283.4
3195,3901.6,31358.9
3196,4732.7,30448
3197,5759.1,27712.5
3198,7139.4,42107.6
3199,6494.3,51469
3200,1958.9,64725.7
3201,1299.4,77885.1
3202,1058.8,83351
3203,768.9,87330.4
3204,446.1,90050.3
3205,288.2,92525.4
3206,422,95268.6
3207,588,92173
3208,1735.6,86761.8
3209,7332.7,71256.3
3210,6771.8,58579.6
3211,7706.1,51795.6
3212,8551.1,36928.9
3213,9448.9,32574.1
3214,10528.8,26423
3215,11682,23472.9
3216,11328.2,21650.1
3217,12065.8,19787.7
3218,13017.2,17920.3
3219,14007.2,16195.6
3220,7884.1,22612.6
3221,4202.6,29308.8
3222,3069.2,85922.3
3223,0,131148.8
3224,0,146406.1
3225,0,159902.9
3226,0,173477.5
3227,0,187147.5
3228,0,200281.8
3229,0,215223.3
3230,0,232519
3231,0,252119.3
3232,0,261623.4
3233,0,276360.4
3234,0,189864.6
3235,0,183931.9
3236,0,110661.5
3237,0,101389
3238,0,74414
3239,0,61489.3
3240,14.5,48399.1
3241,28.7,48368.8
3242,141.2,44427.7
3243,370.9,40686.6
3244,121.3,55258.2
3245,144.9,64858.9
3246,0,128871.2
3247,0,185159.1
3248,0,206973
3249,0,224182.9
3250,0,235243.4
3251,0,255059
3252,0,267902.7
3253,0,282246.6
3254,0,299666.2
3255,0,316319.1
3256,0,324430.9
3257,0,337821.8
3258,0,243876.7
3259,0,234380.2
3260,0,164704.7
3261,0,147905.3
3262,0,119030.4
3263,0,102160.5
3264,0,81790.1
3265,0,76853.1
3266,0,68203.1
3267,1.1,61798.8
3268,0,78496.3
3269,0,87823.4
3270,0,167953.4
3271,0,213541.7
3272,0,239505.4
3273,0,254872
3274,0,265197.9
3275,0,285272.1
3276,0,299839.7
3277,0,315271.9
3278,0,332759.2
3279,0,348944.1
3280,0,355448.6
3281,0,368907.6
3282,0,270975
3283,0,259315.4
3284,0,185444.2
3285,0,167039.4
3286,0,137557.7
3287,0,121030.8
3288,0,100936.9
3289,0,93405.8
3290,0,82525.4
3291,0,74366.8
3292,0,93223.9
3293,0,102054.1
3294,0,186742.9
3295,0,233092.1
3296,0,257216.1
3297,0,273605.2
3298,0,284436.6
3299,0,304235.4
3300,0,319306.4
3301,0,331480.3
3302,0,347593.8
3303,0,362440.1
3304,0,369551.2
3305,0,386642.7
3306,0,288877.5
3307,0,275825.1
3308,0,200014
3309,0,181435.7
3310,0,152555.3
3311,0,137164.5
3312,0,119024.9
3313,0,112038.1
3314,0,100540.7
3315,0,89505.5
3316,0,107964.7
3317,0,115913.4
3318,0,199355.9
3319,0,243657.9
3320,0,265572.2
3321,0,274720
3322,0,280249
3323,0,298472.7
3324,0,309788.5
3325,0,320485.4
3326,0,329646.2
3327,0,340253.2
3328,0,348287.3
3329,0,354046.6
3330,0,252862.6
3331,0,242531.2
3332,0,174541.6
3333,0,161921.4
3334,0,135047.7
3335,0,120563.8
3336,0,102253.4
3337,0,96790.4
3338,0,86424.2
3339,0,77876
3340,0,73871.6
3341,0,69054.3
3342,0,80362.9
3343,0,104809.7
3344,0,117305.2
3345,0,146138.4
3346,0,160374.9
3347,0,165890.4
3348,0,170064.4
3349,0,174817.3
3350,0,179636.7
3351,0,144766.3
3352,0,155519
3353,0,159494.5
3354,0,151619.1
3355,0,145141.6
3356,0,84556.9
3357,13.1,75171.7
3358,274.6,62861.8
3359,600.1,55476.8
3360,1676.7,47090.6
3361,2679.8,40428.8
3362,3775.8,35457.1
3363,5195.4,30967.2
3364,6539.8,29847.2
3365,7687,27927.3
3366,9395.7,47121.5
3367,9490.9,56930.9
3368,3173.5,68840.2
3369,1819.4,79608
3370,1153,83673.1
3371,559.2,86642.8
3372,224.1,88836.5
3373,274.4,92728.2
3374,356,99064.4
3375,447.8,105627.4
3376,1535.5,106884.7
3377,7082.9,94234.8
3378,6501.6,85361.6
3379,7440.9,75837.9
3380,11605.8,47159.3
3381,9228.6,40699.8
3382,10199,31995.2
3383,11138.7,28041.2
3384,10476.7,25682.7
3385,10859.3,23362.3
3386,11495.8,21222.9
3387,12542.2,19252.9
3388,6586.8,25556.5
3389,2937.2,33294.9
3390,2707.2,96236.9
3391,0,146803.4
3392,0,167040.4
3393,0,186733.4
3394,0,199241.4
3395,0,223619.7
3396,0,240069.6
3397,0,255847.2
3398,0,269252.7
3399,0,283160.8
3400,0,288266.9
3401,0,302246.3
3402,0,213527.5
3403,0,203200.1
3404,0,141132.5
3405,0,127275.1
3406,0,98369.5
3407,0,81103.9
3408,0,61000.2
3409,0,58589.2
3410,0,51465
3411,30.8,46233.3
3412,0,61797.4
3413,0,71525.2
3414,0,142171.6
3415,0,191462.1
3416,0,221832.4
3417,0,238940.7
3418,0,250254.6
3419,0,269483
3420,0,282693.6
3421,0,297638.3
3422,0,314734.3
3423,0,329697.8
3424,0,335641.5
3425,0,349992.4
3426,0,254714.9
3427,0,244122.8
3428,0,174294.3
3429,0,157431.2
3430,0,128802.6
3431,0,112565.2
3432,0,92061.5
3433,0,84930.9
3434,0,74827.1
3435,0,66727.7
3436,0,84606.7
3437,0,93219.5
3438,0,174017.2
3439,0,219955.5
3440,0,243579.2
3441,0,257404.9
3442,0,269589.8
3443,0,291089.1
3444,0,305272.3
3445,0,319473.1
3446,0,334930.7
3447,0,349455.5
3448,0,354059.6
3449,0,366613.2
3450,0,269897.4
3451,0,257729.4
3452,0,184997.3
3453,0,168466.6
3454,0,140054.3
3455,0,124494.1
3456,0,105427.4
3457,0,98669.6
3458,0,87339.9
3459,0,78438.8
3460,0,97341.5
3461,0,105251.2
3462,0,184579.1
3463,0,227174.3
3464,0,248921.2
3465,0,260533.3
3466,0,267102.1
3467,0,284426.5
3468,0,297262.9
3469,0,310515.5
3470,0,329480.3
3471,0,346011.6
3472,0,352274.4
3473,0,360618.5
3474,0,262775.4
3475,0,250982
3476,0,179618
3477,0,165924.8
3478,0,138773.4
3479,0,123782.6
3480,0,105264.9
3481,0,99637.4
3482,0,89205.6
3483,0,80653.7
3484,0,99295.2
3485,0,106686.3
3486,0,185459.4
3487,0,228757.7
3488,0,251524.2
3489,0,264068.2
3490,0,272507.3
3491,0,294574.4
3492,0,310097.4
3493,0,321506.1
3494,0,339618.1
3495,0,355373.7
3496,0,354592.5
3497,0,361464.2
3498,0,252733.8
3499,0,240525.5
3500,0,175500.4
3501,0,164572.6
3502,0,138837.4
3503,0,125483.3
3504,0,108836.4
3505,0,103757.6
3506,0,93620.4
3507,0,84571.2
3508,0,80765.5
3509,0,75910.3
3510,0,88867.5
3511,0,116045
3512,0,129847.7
3513,0,161700
3514,0,181259.6
3515,0,191766.5
3516,0,200703
3517,0,208487.8
3518,0,212288.7
3519,0,174510.6
3520,0,178402.8
3521,0,177390.2
3522,0,162475.9
3523,0,157266.8
3524,0,104127.3
3525,15,93043.8
3526,280.4,78891.3
3527,589.5,69851
3528,1574.4,53697.2
3529,1923.5,53212
3530,2266.2,47935.3
3531,2592.6,43686.5
3532,2907.6,43186.2
3533,3206.3,40741.8
3534,4273.9,55062.3
3535,3760.6,62700.9
3536,159.1,73445.9
3537,0,81844.9
3538,17.9,85745.2
3539,102,88697.2
3540,190.3,88324.4
3541,275.1,91244.7
3542,355.4,93610.3
3543,430.5,94459.8
3544,503.5,94223.1
3545,6220,75416
3546,5562.4,64141.5
3547,6359.2,59005
3548,7195.2,44593
3549,8153.8,39861.9
3550,9134.7,32934
3551,10086.5,29523.8
3552,11009.3,26913.7
3553,11900.3,24659.3
3554,12803.2,22641.3
3555,13776.4,20760.2
3556,14764.2,21862.3
3557,15858,20640.1
3558,21768,37184.2
3559,17922,44585.7
3560,14990.8,49290.1
3561,10517.8,55978
3562,10472.4,59934.2
3563,10474.9,63033.4
3564,10467,65737.6
3565,10571.2,68473.7
3566,10713.1,70376.7
3567,10853.9,70904
3568,11001,70912
3569,21767.7,57733.4
3570,19370.4,47888.2
3571,20504.4,44906.2
3572,21422.6,32431
3573,22266.5,29326
3574,23093.1,23707
3575,23911.6,20982.1
3576,22916.8,18969.4
3577,23102.8,17370.9
3578,23636.5,16118.5
3579,24251.3,14999.6
3580,16753.5,18069.1
3581,10096.1,23947.7
3582,10531,78982.8
3583,486.8,129178.7
3584,0,147625
3585,0,163540.1
3586,0,174578.1
3587,0,197294.4
3588,0,209408.3
3589,0,224859.8
3590,0,236928.6
3591,0,244093.7
3592,0,249248.3
3593,0,261617.4
3594,0,173106.9
3595,0,167917.2
3596,0,107802.6
3597,0,97957.5
3598,0,71987.7
3599,0,59500.5
3600,0,46151.4
3601,0,46206.4
3602,0,42218.5
3603,0,38580.2
3604,0,52338.7
3605,0,62507.8
3606,0,130396.9
3607,0,178026.1
3608,0,206334.9
3609,0,221104.3
3610,0,227972
3611,0,245037.3
3612,0,255839.4
3613,0,265719.6
3614,0,272774.8
3615,0,275139.1
3616,0,276446.4
3617,0,283842.6
3618,0,185589.4
3619,0,178094.6
3620,0,116145.1
3621,0,104240.3
3622,39.8,80875.3
3623,268.8,69931.3
3624,465.6,58333.5
3625,625.5,57902.6
3626,757.5,53479.1
3627,888.6,49449.4
3628,509.4,66227.1
3629,405.9,74876.5
3630,0,147264
3631,0,194865.2
3632,0,209428.5
3633,0,219516.7
3634,0,226456.9
3635,0,241007.5
3636,0,249956.9
3637,0,259671.5
3638,0,268739.7
3639,0,276008.5
3640,0,271855.9
3641,0,279829.5
3642,0,181786.5
3643,0,175119.1
3644,0,111448
3645,122.1,101278.5
3646,474.2,80308.2
3647,670.8,71221.7
3648,851.6,64762.2
3649,1072.3,59857.9
3650,1436.1,55242.3
3651,1801.5,50822.1
3652,1175.1,67708.4
3653,1086.8,75140.4
3654,0,140821.8
3655,0,192939.6
3656,0,212122
3657,0,228154.2
3658,0,228681.4
3659,0,243461.9
3660,0,253429.4
3661,0,266011.8
3662,0,274894.3
3663,0,278419.5
3664,0,274438.9
3665,0,286046.5
3666,0,192691.7
3667,0,185898.2
3668,0,121705.2
3669,0,110022.4
3670,7.1,85919.9
3671,186.7,74239
3672,472,61792.1
3673,674.4,60806.8
3674,881,56041.3
3675,1117.2,51605.1
3676,1643,50343.6
3677,2035.4,48112.2
3678,1889.5,64137.2
3679,940.1,90600.9
3680,631.6,103327.1
3681,114.5,129346.3
3682,0,142514.2
3683,0,148221.9
3684,0,154926.7
3685,0,163447.2
3686,0,176512.4
3687,0,148080.6
3688,0,152302.5
3689,0,163842
3690,0,154624.6
3691,0,148436.6
3692,0,80077.9
3693,0,68763.3
3694,0,55319.8
3695,2.5,49281.5
3696,30,43232.9
3697,125.3,38466.9
3698,579.2,34285.7
3699,1233.9,30339.1
3700,1903.9,29238.2
3701,2756.4,27684.4
3702,3774.5,46235.8
3703,2782,56615.4
3704,2179.7,68684.4
3705,1277.2,78799.5
3706,916.7,82263.8
3707,489.8,84735
3708,108.6,86021.4
3709,36.5,87943.2
3710,124.5,92366.9
3711,266.7,96958.1
3712,1543.2,95136.2
3713,3777.1,83039.9
3714,3053.8,69574.3
3715,3918.8,61330.3
3716,4707.5,44622.3
3717,5597.8,37102.5
3718,6543.7,29552.2
3719,7460.7,25795.2
3720,6882.3,23618.6
3721,7712.5,21588.8
3722,8746.8,19693.5
3723,9744.9,17929.4
3724,8042.8,24142.5
3725,4329.2,32035.8
3726,3303.7,92912.8
3727,0,142479.4
3728,0,161064.5
3729,0,177933.8
3730,0,185290.2
3731,0,204928.3
3732,0,215060.1
3733,0,226945
3734,0,238720.4
3735,0,246718.3
3736,0,246216
3737,0,257891.7
3738,0,162667.3
3739,0,156374.7
3740,0,95850.7
3741,0,87073.1
3742,0,64968.5
3743,13.1,56933.4
3744,171.3,47070.1
3745,322.5,47743.8
3746,429.1,44034.2
3747,542.6,40544.8
3748,264.1,55164.4
3749,346.8,64030.9
3750,0,130072.8
3751,0,185099.9
3752,0,206792.5
3753,0,223977.5
3754,0,234720.6
3755,0,253682.9
3756,0,263505.7
3757,0,272332.7
3758,0,280509.1
3759,0,284441.5
3760,0,282295.7
3761,0,290293.1
3762,0,195875.4
3763,0,194792.6
3764,0,126900
3765,0,115005
3766,0,89280.6
3767,0,77005.1
3768,0,63111.3
3769,0,61932.4
3770,90.3,56786.9
3771,266.1,52502.5
3772,1.9,69320.4
3773,25.5,76970.6
3774,0,147246.5
3775,0,193863.3
3776,0,219161.1
3777,0,234713.3
3778,0,245561.4
3779,0,265876.3
3780,0,278188.1
3781,0,291548.9
3782,0,308100.5
3783,0,323928.7
3784,0,330701.5
3785,0,342418.3
3786,0,256033.5
3787,0,239855.7
3788,0,165672.9
3789,0,150735.3
3790,0,121280.9
3791,0,104418.4
3792,0,83784
3793,0,79415.8
3794,0,71656
3795,0,65536
3796,0,82807.5
3797,0,91212.7
3798,0,166874.3
3799,0,219761.8
3800,0,245386.8
3801,0,261412.2
3802,0,274263.5
3803,0,293721
3804,0,308033.3
3805,0,322909.2
3806,0,338183.4
3807,0,346694.9
3808,0,339521.4
3809,0,360997.7
3810,0,272067.9
3811,0,254555.8
3812,0,179838.6
3813,0,162701.6
3814,0,134148
3815,0,117410.9
3816,0,98492.3
3817,0,91726
3818,0,80842.8
3819,0,71865.6
3820,0,89712.7
3821,0,99263.3
3822,0,181204.1
3823,0,235096.2
3824,0,256954.5
3825,0,270898.5
3826,0,283725.4
3827,0,304111.8
3828,0,316784.5
3829,0,331005.9
3830,0,344529.3
3831,0,353616.1
3832,0,363702
3833,0,378648
3834,0,283293.8
3835,0,267784.3
3836,0,188317.8
3837,0,171510.9
3838,0,143003.6
3839,0,127947.7
3840,0,110004.2
3841,0,102891.8
3842,0,91290.1
3843,0,81382
3844,0,76420.4
3845,0,70860.4
3846,0,81838.8
3847,0,108075.8
3848,0,121116.2
3849,0,150893.5
3850,0,166358.4
3851,0,178403.9
3852,0,189831.9
3853,0,199813.1
3854,0,203180.3
3855,0,183309.1
3856,0,190291.4
3857,0,199451.3
3858,0,187112.9
3859,0,176444.1
3860,0,117350.2
3861,0,105096.5
3862,0,87833.8
3863,0,74924.7
3864,8.3,55704.1
3865,0,54009.6
3866,0,47565.6
3867,0,41245.9
3868,0,39009.4
3869,0,37567.2
3870,768.9,57239.1
3871,0,68061.3
3872,167.9,81432.8
3873,0,92123.3
3874,0,98427.3
3875,0,99486.2
3876,0,96756
3877,0,95616.4
3878,0,94664.7
3879,0,93319.4
3880,0,91187.6
3881,2239,73370.1
3882,1496.6,63165.5
3883,2254.6,58765.8
3884,3055.8,46441.6
3885,3963.9,41161.9
3886,4913.2,34721.9
3887,5819.5,31461.4
3888,5171.7,29427.8
3889,5577.7,27291.1
3890,6154.1,25173.1
3891,6741.4,23280.2
3892,5217.8,29282.8
3893,1768.9,37928.3
3894,2299.2,104293.7
3895,0,152228.8
3896,0,183324.1
3897,0,203769.7
3898,0,216270
3899,0,239505.3
3900,0,256170.9
3901,0,273464.9
3902,0,292082.3
3903,0,302572.1
3904,0,307369.1
3905,0,321767.6
3906,0,228622.8
3907,0,215330.8
3908,0,152407.9
3909,0,141641.5
3910,0,114442.5
3911,0,100093
3912,0,81082.2
3913,0,75569.4
3914,0,66241.1
3915,0,55906.2
3916,0,72773.9
3917,0,83839.2
3918,0,159310.4
3919,0,210534.7
3920,0,232077.8
3921,0,242024.9
3922,0,250536.6
3923,0,257960.7
3924,0,264402.9
3925,0,271189.5
3926,0,278220.8
3927,0,285593.5
3928,0,289731.8
3929,0,292779.3
3930,0,197347
3931,0,191285.3
3932,0,128018.3
3933,0,117906.3
3934,0,93380.8
3935,0,83314.3
3936,0,69191.4
3937,0,67744.1
3938,0,61391.1
3939,4.3,56226.8
3940,0,74024.2
3941,0,82243
3942,0,156702.4
3943,0,209027.9
3944,0,238810.2
3945,0,255730.6
3946,0,264964.1
3947,0,282651.6
3948,0,295653.6
3949,0,308259.1
3950,0,321272.7
3951,0,334994.7
3952,0,336429.5
3953,0,334110.4
3954,0,239679.3
3955,0,226046.5
3956,0,159105.1
3957,0,147647.2
3958,0,120742
3959,0,106391.9
3960,0,89031.9
3961,0,85882.9
3962,0,76985
3963,0,69224.3
3964,0,87511.1
3965,0,95740.7
3966,0,171722.8
3967,0,224229.6
3968,0,245001.3
3969,0,257406.1
3970,0,270057.4
3971,0,286552.2
3972,0,297976
3973,0,301983
3974,0,319405.5
3975,0,326201.3
3976,0,332752.3
3977,0,347896
3978,0,257004.2
3979,0,242170.4
3980,0,167564.5
3981,0,149212.3
3982,0,119687.6
3983,0,103012.2
3984,0,84548.4
3985,0,80804.9
3986,0,72738.8
3987,0,66606.7
3988,0,83297.6
3989,0,92061.2
3990,0,169911.8
3991,0,223379.2
3992,0,247851.3
3993,0,261866.1
3994,0,271089.9
3995,0,290008
3996,0,299535.5
3997,0,306347.5
3998,0,303571.4
3999,0,306739.9
4000,0,318801.2
4001,0,335253.3
4002,0,249046.6
4003,0,234129.1
4004,0,158758.1
4005,0,141681.1
4006,0,112728.4
4007,0,97406.5
4008,0,81033.3
4009,0,77885.2
4010,0,71068.6
4011,0.6,64771.1
4012,162,61926.2
4013,292.1,58266.2
4014,81,74010
4015,0,100163.7
4016,0,114736.1
4017,0,138807.8
4018,0,156548.2
4019,0,166149.2
4020,0,177333
4021,0,186515.7
4022,0,197349.7
4023,0,163037.4
4024,0,159035.2
4025,0,164343.7
4026,0,149068.9
4027,0,144400.4
4028,0,89586
4029,0,78828.6
4030,0,64402.3
4031,0,55670
4032,22.7,43664.7
4033,0,44230.5
4034,0,39645.2
4035,0,35654.1
4036,194.8,34160.6
4037,487.8,30243.9
4038,1537.7,42035
4039,752.8,49229.9
4040,541.1,61468.4
4041,314.5,71358.7
4042,303.7,73094
4043,235.6,72958.7
4044,180.9,72747.7
4045,135.9,75747.2
4046,94.6,78386.4
4047,48.1,83791.8
4048,151,84845
4049,3269.3,62722.8
4050,2659.7,51925.1
4051,3557.1,46903.5
4052,4356.2,34743.8
4053,5259.5,30048.9
4054,6264.6,24230.1
4055,7500.3,21527
4056,6949.3,20131.6
4057,7551.2,18481.9
4058,8406.6,16791.6
4059,9274.9,15452.1
4060,7345.7,21396.2
4061,3535.4,28904.9
4062,2973,91082.1
4063,0,143655.6
4064,0,163628.1
4065,0,181636
4066,0,193008.8
4067,0,216643.2
4068,0,231112.4
4069,0,245519.7
4070,0,263807.6
4071,0,280495.6
4072,0,288922.9
4073,0,303983.8
4074,0,216706.1
4075,0,210676.4
4076,0,145855.2
4077,0,128695.4
4078,0,99503.9
4079,0,81942.1
4080,0,60716.8
4081,0,59056
4082,0,52374.9
4083,0,46328
4084,0,61287.2
4085,0,72007.1
4086,0,151287.9
4087,0,206227.2
4088,0,233990.3
4089,0,248874.3
4090,0,258913.3
4091,0,276720.5
4092,0,290750.8
4093,0,302122.7
4094,0,305434.3
4095,0,326307.8
4096,0,332050.3
4097,0,324046.7
4098,0,228780
4099,0,215286.3
4100,0,152026.1
4101,0,140808.5
4102,0,113521.9
4103,0,97888.6
4104,0,78812.7
4105,0,74750.1
4106,0,65548.8
4107,0,58943.4
4108,0,76218.8
4109,0,84691.7
4110,0,159779.3
4111,0,211695
4112,0,234936
4113,0,246448.6
4114,0,251980.6
4115,0,270497.8
4116,0,280021.3
4117,0,293230
4118,0,307331.4
4119,0,320457.9
4120,0,322501.9
4121,0,337217.4
4122,0,250060.3
4123,0,235765.9
4124,0,165672.5
4125,0,147888.5
4126,0,117494.8
4127,0,99691
4128,0,80943.7
4129,0,76802.4
4130,0,69790.1
4131,18,64140.9
4132,0.5,80930.6
4133,1.2,89772.8
4134,0,164727.4
4135,0,217314.7
4136,0,243364.5
4137,0,258654.6
4138,0,268142.4
4139,0,287348.3
4140,0,300982.3
4141,0,288644.3
4142,0,331381.4
4143,0,347515.6
4144,0,353624.4
4145,0,368116.5
4146,0,278778.5
4147,0,262704.7
4148,0,187167.3
4149,0,168363.2
4150,0,139019.4
4151,0,122563.5
4152,0,102103.1
4153,0,94553.8
4154,0,83227
4155,0,74774.9
4156,0,93048.1
4157,0,101609.3
4158,0,182615.5
4159,0,236741.3
4160,0,259715.8
4161,0,274262
4162,0,283335.1
4163,0,301901.7
4164,0,313790.6
4165,0,325490.1
4166,0,339854.2
4167,0,353263.4
4168,0,356380.5
4169,0,366190.4
4170,0,277297.4
4171,0,262670.2
4172,0,189706.3
4173,0,171412
4174,0,143092.6
4175,0,128162
4176,0,109440.7
4177,0,102979.6
4178,0,92022.1
4179,0,82938.8
4180,0,78845.4
4181,0,75603.1
4182,0,92655.2
4183,0,117777.1
4184,0,127675.7
4185,0,161002.6
4186,0,181067.1
4187,0,186829
4188,0,191641.2
4189,0,196379.5
4190,0,200714.7
4191,0,172626.8
4192,0,186358.2
4193,0,187242.5
4194,0,164006.8
4195,0,158269.2
4196,0,109415.7
4197,0,96041.8
4198,0,81136.1
4199,0,71367.4
4200,21.3,56834.2
4201,0,56871.6
4202,0,51568.2
4203,0,46601.5
4204,0,45105.3
4205,0,43622.9
4206,789.1,62969.2
4207,0,71492.1
4208,154.5,81711.4
4209,0,95544.7
4210,0,102444.8
4211,0,108637
4212,0,113912.5
4213,0,119252
4214,0,129613.9
4215,0,141199.6
4216,387.6,144370
4217,1918.6,132717.4
4218,1134.4,126017.2
4219,1648.8,120966.8
4220,2267.7,97875.2
4221,3107.5,81425.9
4222,3956.9,68877.6
4223,4780.1,60640.6
4224,7403.8,50990.3
4225,4361.1,52111.7
4226,4868.1,48084.3
4227,5402.9,44827.4
4228,3654.4,55670.7
4229,444.7,65991.8
4230,1519.5,145099.3
4231,0,201666.7
4232,0,229823.9
4233,0,250479.4
4234,0,264058.7
4235,0,284470.8
4236,0,298676.1
4237,0,313503.9
4238,0,328232.3
4239,0,335509.7
4240,0,335770.4
4241,0,344739.9
4242,0,262551.7
4243,0,255527.2
4244,0,191878.2
4245,0,174453.8
4246,0,147513.2
4247,0,133918.3
4248,0,118362.4
4249,0,111429.9
4250,0,100221.1
4251,0,89528.4
4252,0,105683.5
4253,0,116323.1
4254,0,199395.1
4255,0,253211.7
4256,0,276582.6
4257,0,291224.5
4258,0,300281
4259,0,316527.8
4260,0,326913.6
4261,0,338269.3
4262,0,351747.1
4263,0,363797.1
4264,0,369312.1
4265,0,383621.4
4266,0,289898.6
4267,0,267749.9
4268,0,195425.7
4269,0,177127.2
4270,0,147570.5
4271,0,131202.2
4272,0,112692.1
4273,0,105178.2
4274,0,93492.2
4275,0,83735.1
4276,0,102299.6
4277,0,110475.4
4278,0,190925.8
4279,0,245283.3
4280,0,268420.2
4281,0,283198.8
4282,0,294429.9
4283,0,314522.2
4284,0,328470.8
4285,0,342492
4286,0,357702.9
4287,0,371494.6
4288,0,377080.8
4289,0,391818.6
4290,0,298958.4
4291,0,280769.5
4292,0,207439.4
4293,0,188526.3
4294,0,160308.6
4295,0,145933.3
4296,0,129998.5
4297,0,123849.4
4298,0,113235.2
4299,0,103168.4
4300,0,122961.6
4301,0,131756.9
4302,0,213812.2
4303,0,262604.9
4304,0,283796.7
4305,0,300868.9
4306,0,312021.5
4307,0,329615.5
4308,0,341130.6
4309,0,351585.2
4310,0,362718.8
4311,0,375330.8
4312,0,378288
4313,0,388756.5
4314,0,292318.9
4315,0,281172.3
4316,0,208488.6
4317,0,189414.9
4318,0,159849.3
4319,0,145949.8
4320,0,130550.7
4321,0,123536.1
4322,0,112178.2
4323,0,100713.8
4324,0,119120.3
4325,0,127267.9
4326,0,209971.5
4327,0,263488.7
4328,0,286371.3
4329,0,301380
4330,0,310955.3
4331,0,328861.3
4332,0,339107.1
4333,0,349448.2
4334,0,362518.3
4335,0,373613.9
4336,0,376498.6
4337,0,388696.6
4338,0,285367.2
4339,0,276036.6
4340,0,199505.1
4341,0,178216.8
4342,0,147888.5
4343,0,131630.4
4344,0,112183.2
4345,0,103299.4
4346,0,92419.9
4347,0,82831.2
4348,0,79309.8
4349,0,74820.8
4350,0,87169.6
4351,0,110683
4352,0,120258.9
4353,0,153082.5
4354,0,167707.9
4355,0,171913.8
4356,0,175604.9
4357,0,177830.2
4358,0,179872.7
4359,0,133505
4360,0,133106.5
4361,0,130130.1
4362,0,117292.6
4363,0,113005.3
4364,35.3,67073.6
4365,248.5,61815.1
4366,410.8,53456.1
4367,572.8,48476.8
4368,1119.7,42482.4
4369,1514.1,37729.4
4370,1900.6,33567.8
4371,2549.5,29666
4372,3176.6,28722.9
4373,3705.4,26175
4374,4760.2,38717.5
4375,4047,45165.7
4376,2760,54306.6
4377,2017.7,63852.8
4378,1412.6,68817.7
4379,1144.5,71117.7
4380,868.1,70362.3
4381,614.6,73457.5
4382,510.7,75314.3
4383,491.7,76028.4
4384,491.5,78281.8
4385,2953.7,62752.9
4386,1906.1,53216.9
4387,2544.1,48677.8
4388,6342.8,30900.7
4389,4080.8,29275.2
4390,5018.1,22859.1
4391,6079.2,20022.9
4392,6244.6,18449.3
4393,6923,17168.9
4394,7753.6,16018.4
4395,8599.7,14944.5
4396,8051.7,20598.7
4397,4424.3,26497.1
4398,3175.5,91998.1
4399,0,146740.7
4400,0,163185.8
4401,0,174772.6
4402,0,186963.2
4403,0,198867.7
4404,0,209858.2
4405,0,220336.9
4406,0,229241.2
4407,0,236216
4408,0,237313.8
4409,0,248593.4
4410,0,159861.1
4411,0,157317.7
4412,0,90299.6
4413,0,82724.3
4414,0,61270.7
4415,112.9,53184.8
4416,264.6,46801.7
4417,362.8,42396.8
4418,497.2,38347.7
4419,690.5,34692.1
4420,935.5,34093.2
4421,1115.9,31531.3
4422,1487.3,44248.5
4423,1141.8,51203.5
4424,723.8,61048.6
4425,450.7,70693.1
4426,351.7,73580.4
4427,217.4,76165
4428,57,78888.2
4429,0,83196.5
4430,0,87824.7
4431,0,92962.2
4432,796.3,89704.4
4433,1791.6,78538.3
4434,1016.7,65888.5
4435,1668.8,60019.8
4436,2232.2,46396.3
4437,2801.9,38903.9
4438,3361.1,31618.9
4439,4015.8,28182.5
4440,3967.8,26137.4
4441,4352.8,24024
4442,4870,21987.3
4443,5412.6,19998.4
4444,5478.6,26468.3
4445,2131.1,34610.6
4446,2485.4,113328.7
4447,0,167892
4448,0,196760.4
4449,0,214951.2
4450,0,228488.3
4451,0,252272.9
4452,0,268397.6
4453,0,282714
4454,0,289337.9
4455,0,301125
4456,0,313754.2
4457,0,329050.9
4458,0,239468
4459,0,232767.3
4460,0,161783.7
4461,0,148959.5
4462,0,119569.5
4463,0,103643.1
4464,0,84270.2
4465,0,80031
4466,0,70236.4
4467,0,61675.1
4468,0,81877.3
4469,0,95117.5
4470,0,186769.8
4471,0,242795.6
4472,0,266526.1
4473,0,281490.7
4474,0,291844
4475,0,309233.3
4476,0,319957.4
4477,0,330451.9
4478,0,344318.9
4479,0,357157
4480,0,364860.9
4481,0,379512
4482,0,291655.9
4483,0,279361.5
4484,0,202855.5
4485,0,181026
4486,0,148807
4487,0,132458.7
4488,0,113016.5
4489,0,105685.3
4490,0,93982.1
4491,0,84426.5
4492,0,109147.5
4493,0,119514.5
4494,0,213665.8
4495,0,258321
4496,0,277011.8
4497,0,288341.2
4498,0,295271.9
4499,0,310587.9
4500,0,319501.6
4501,0,327866
4502,0,335160.7
4503,0,349597.3
4504,0,349879.7
4505,0,364777.2
4506,0,277226.6
4507,0,266481
4508,0,189413.6
4509,0,169781.8
4510,0,137039.2
4511,0,119656.7
4512,0,98737.6
4513,0,93121.5
4514,0,83066.9
4515,0,74451.9
4516,0,71807.8
4517,0,67713.9
4518,0,83557
4519,0,115555.4
4520,0,131663.4
4521,0,169612.2
4522,0,188628.8
4523,0,197928.6
4524,0,205112.8
4525,0,215684.2
4526,0,227236.6
4527,0,193334.5
4528,0,195583.5
4529,0,202974.7
4530,0,192680.9
4531,0,185032.2
4532,0,121147.6
4533,0,105438.5
4534,0,87095.9
4535,0,74740.2
4536,30.2,55945.2
4537,0,54956.1
4538,0,49288.8
4539,0,43860.4
4540,0,42238.2
4541,0,39348.8
4542,797.6,56083.7
4543,0,65009.3
4544,198.2,77699.5
4545,0,89201.6
4546,0,93655.4
4547,0,97541.8
4548,0,102028
4549,0,104144
4550,0,107182
4551,0,114667.5
4552,613.3,114924.9
4553,1623.6,103992.9
4554,555.9,96569.6
4555,1052,81847.6
4556,4730.1,59497.3
4557,2415.6,51524.9
4558,3190.4,41636.4
4559,3915.3,36608.4
4560,7329.7,28843.9
4561,4210.5,30171.2
4562,4727.4,27090.3
4563,5259.9,24470.5
4564,5053.9,31867.5
4565,1548.5,40677.7
4566,2177.3,117842.5
4567,0,176282.5
4568,0,208056.9
4569,0,228002.2
4570,0,239757.2
4571,0,261742.2
4572,0,278137.9
4573,0,292703
4574,0,308820
4575,0,324345
4576,0,335939.1
4577,0,349135.3
4578,0,261307.8
4579,0,252236.4
4580,0,176620.9
4581,0,160001
4582,0,128638
4583,0,112286.7
4584,0,93453.4
4585,0,87047.9
4586,0,75792.1
4587,0,66002.5
4588,0,85012.2
4589,0,97391.8
4590,0,188299.2
4591,0,243814.3
4592,0,267355.2
4593,0,282465.1
4594,0,292133.3
4595,0,307462.9
4596,0,319720.8
4597,0,331028.1
4598,0,339312.1
4599,0,339138.2
4600,0,335847.5
4601,0,342177.2
4602,0,249601.8
4603,0,236337
4604,0,166305
4605,0,155814.6
4606,0,126540.2
4607,0,111225.6
4608,0,91029.3
4609,0,85640.8
4610,0,76063.6
4611,0,68819.5
4612,0,92199.2
4613,0,102649.4
4614,0,185831.4
4615,0,236134.4
4616,0,255893.4
4617,0,266426.8
4618,0,275636
4619,0,284248.1
4620,0,292319.6
4621,0,299530.2
4622,0,305689.9
4623,0,311193.8
4624,0,316862.8
4625,0,324981.7
4626,0,232860.5
4627,0,227073.3
4628,0,154905.2
4629,0,142106.6
4630,0,111576.7
4631,0,96005.9
4632,0,78824.8
4633,0,76426.7
4634,0,69434.3
4635,0,63687
4636,0,85708.9
4637,0,96207
4638,0,187256.3
4639,0,232505.5
4640,0,257308.8
4641,0,271196.6
4642,0,282076.8
4643,0,299458.2
4644,0,311707.3
4645,0,322854.6
4646,0,337792.4
4647,0,349471.2
4648,0,357036.2
4649,0,372359.3
4650,0,284460.7
4651,0,271620.3
4652,0,192836.2
4653,0,171773
4654,0,138717.1
4655,0,120327.4
4656,0,97775.9
4657,0,90333
4658,0,79897.5
4659,0,71808
4660,0,94839.3
4661,0,104258.9
4662,0,197840.1
4663,0,244989.8
4664,0,268552
4665,0,283048.6
4666,0,293643.4
4667,0,313887.6
4668,0,327232.9
4669,0,340167.6
4670,0,354975.2
4671,0,368371.8
4672,0,373721.3
4673,0,384847.5
4674,0,297358.9
4675,0,283088.3
4676,0,203017.6
4677,0,183319.8
4678,0,150915.5
4679,0,134086.7
4680,0,114132.6
4681,0,107369.6
4682,0,94961
4683,0,84053
4684,0,79792.6
4685,0,75254.6
4686,0,92494.6
4687,0,124921.6
4688,0,140771.9
4689,0,182325.9
4690,0,198190.6
4691,0,216863.4
4692,0,227409.5
4693,0,237372.8
4694,0,250469
4695,0,218236.8
4696,0,222429.3
4697,0,229440.2
4698,0,216290.9
4699,0,209843.4
4700,0,148113
4701,0,133513.8
4702,0,119718.1
4703,0,109225.9
4704,18.1,90560.3
4705,0,85244.5
4706,0,75251.6
4707,0,66913.2
4708,0,63422.2
4709,0,59612.5
4710,780.3,74879.7
4711,0,83944
4712,143.8,97307.8
4713,0,110357.5
4714,0,118463.1
4715,0,125314.1
4716,0,130356.3
4717,0,137733.2
4718,0,149299.1
4719,0,159802.8
4720,149.5,161857.3
4721,932,149810.5
4722,17.3,140881.8
4723,142.6,128770.6
4724,321.4,106877.1
4725,813.2,96242.6
4726,1403.3,85555.6
4727,2048.7,78023.8
4728,5220.5,63810.9
4729,2373.8,60817.9
4730,2840.2,53065
4731,3323.8,46351.9
4732,3009.1,58110.8
4733,198.2,67001.5
4734,1179.9,155526.4
4735,0,220172
4736,0,249148.3
4737,0,268462.4
4738,0,283686.5
4739,0,305251.2
4740,0,320375.7
4741,0,335807.5
4742,0,352467.9
4743,0,364991.1
4744,0,368063.4
4745,0,380455.3
4746,0,284427.6
4747,0,270866.6
4748,0,197207.6
4749,0,181777.8
4750,0,151507.5
4751,0,136686.5
4752,0,121112.4
4753,0,115625.8
4754,0,106949.6
4755,0,98550.8
4756,0,120009.3
4757,0,130430.9
4758,0,220375.9
4759,0,271436.1
4760,0,291147.8
4761,0,297322.2
4762,0,310320.8
4763,0,325878.3
4764,0,337501.5
4765,0,348796.1
4766,0,362590.3
4767,0,377138.7
4768,0,383712.4
4769,0,388831.4
4770,0,285503.8
4771,0,263890.9
4772,0,193241.4
4773,0,181192.2
4774,0,152224
4775,0,137563.9
4776,0,120028
4777,0,113048.5
4778,0,102206.6
4779,0,92669.2
4780,0,116260.7
4781,0,125304.8
4782,0,218194.1
4783,0,265971.6
4784,0,289042.5
4785,0,303982.7
4786,0,313248.3
4787,0,331523.3
4788,0,342933.2
4789,0,353408.6
4790,0,367658.7
4791,0,381102.7
4792,0,387071.4
4793,0,402226.3
4794,0,311740.3
4795,0,293128.8
4796,0,211608
4797,0,191671.8
4798,0,159249.4
4799,0,142005.3
4800,0,121575.8
4801,0,114502
4802,0,101353.4
4803,0,89915.4
4804,0,114232.3
4805,0,123249.6
4806,0,213547
4807,0,257448.6
4808,0,281050.4
4809,0,288100.6
4810,0,296611.4
4811,0,314653.9
4812,0,325332
4813,0,328618.6
4814,0,341133
4815,0,353737.7
4816,0,356333.1
4817,0,365285.2
4818,0,274174.3
4819,0,263868.9
4820,0,188268.7
4821,0,172809.7
4822,0,141574.6
4823,0,125088.8
4824,0,104156.1
4825,0,97526.9
4826,0,86151.9
4827,0,76492.5
4828,0,98963.8
4829,0,108083
4830,0,201923.2
4831,0,249655.2
4832,0,272409.6
4833,0,289021.6
4834,0,299820.2
4835,0,318370
4836,0,329918.5
4837,0,341575.6
4838,0,355665.2
4839,0,368896.6
4840,0,372623
4841,0,381414.4
4842,0,291696.2
4843,0,270712.2
4844,0,192744
4845,0,177997.4
4846,0,147764.6
4847,0,132068.3
4848,0,112606.7
4849,0,106209.8
4850,0,94184.4
4851,0,83672.6
4852,0,79810.9
4853,0,75197.6
4854,0,89327.9
4855,0,119068.9
4856,0,137028.2
4857,0,179618.3
4858,0,200840.5
4859,0,214561.5
4860,0,222575.7
4861,0,233233.4
4862,0,243293.5
4863,0,205540.9
4864,0,204712.6
4865,0,211401
4866,0,199316.5
4867,0,189969.4
4868,0,126272.7
4869,0,111882.6
4870,0,95537.1
4871,0,83864.2
4872,13.6,63600.3
4873,0,60638.5
4874,0,53885.4
4875,0,47825.4
4876,0,45360.9
4877,0,41324
4878,778.7,59708.4
4879,0,70399.5
4880,149.8,82674.8
4881,0,93139.8
4882,0,97725.8
4883,0,101591
4884,0,104639.1
4885,0,109238.4
4886,0,115892.9
4887,0,124050.7
4888,405.3,126644
4889,1300.8,115416.6
4890,260.6,105815.1
4891,678.2,95794.7
4892,1161.1,70262.8
4893,1899,53761.3
4894,2694,42863.8
4895,3392.2,38518.9
4896,6700.8,30768.6
4897,3663.6,32532.6
4898,4143.3,29985
4899,4646.1,27583.1
4900,4404.5,35337.7
4901,1097.6,43448.3
4902,1925,121618.4
4903,0,179033.9
4904,0,204265.2
4905,0,218963.9
4906,0,225798
4907,0,245046.6
4908,0,262290.6
4909,0,275193.7
4910,0,289069.6
4911,0,300577
4912,0,305212.3
4913,0,311597.9
4914,0,225332.8
4915,0,220622.9
4916,0,147574.2
4917,0,132608.3
4918,0,100874.3
4919,0,83004.9
4920,0,64640.1
4921,0,63133.7
4922,0,57584.1
4923,0,52277.3
4924,0,69891.8
4925,0,80401.6
4926,0,164749.2
4927,0,215651.8
4928,0,239681.4
4929,0,249916.5
4930,0,255618.9
4931,0,274278.3
4932,0,290360.4
4933,0,302124.7
4934,0,312327.3
4935,0,319791.4
4936,0,327645
4937,0,341787.4
4938,0,254813.9
4939,0,239785.5
4940,0,158875.8
4941,0,147923.6
4942,0,116186
4943,0,98772.1
4944,0,78322.1
4945,0,73562.4
4946,1.1,66048.3
4947,84.4,60404.5
4948,7.3,81359.5
4949,95.6,91248.5
4950,0,178760.1
4951,0,230975.6
4952,0,249436.1
4953,0,264552.9
4954,0,274324.9
4955,0,293743.9
4956,0,308629.3
4957,0,321929.1
4958,0,337651
4959,0,353794.4
4960,0,359183.2
4961,0,370327.7
4962,0,281422
4963,0,266519.7
4964,0,187610
4965,0,168791.3
4966,0,137323
4967,0,120512.1
4968,0,98902.7
4969,0,91510.1
4970,0,80575.2
4971,0,72228.6
4972,0,95787.2
4973,0,104889.9
4974,0,194431.9
4975,0,239678.3
4976,0,263029.2
4977,0,271361.9
4978,0,278185.9
4979,0,303175.2
4980,0,317324.9
4981,0,330671
4982,0,343897.4
4983,0,355029.5
4984,0,345172.8
4985,0,350292.8
4986,0,256131.3
4987,0,243491.1
4988,0,170173.9
4989,0,158238.4
4990,0,128413.9
4991,0,112365.7
4992,0,91862
4993,0,86327.5
4994,0,76831.3
4995,0,68421.2
4996,0,91466
4997,0,100684.2
4998,0,188599.9
4999,0,230902
5000,0,250032.4
5001,0,259396.4
5002,0,267721.6
5003,0,277738.6
5004,0,285950
5005,0,294552
5006,0,309000.4
5007,0,317875.1
5008,0,318943.3
5009,0,323014.8
5010,0,224652.3
5011,0,217650.2
5012,0,146301.7
5013,0,135241.5
5014,0,105057.5
5015,0,90085.6
5016,0,73184.6
5017,18.9,71438.3
5018,136.8,64758.8
5019,299.6,58335.6
5020,444.8,55810
5021,543.9,52595.7
5022,545.1,65215.1
5023,44.7,93252.4
5024,0,107755
5025,0,141810.6
5026,0,158043.3
5027,0,164505.4
5028,0,171603.7
5029,0,183902.9
5030,0,196666.4
5031,0,161352.8
5032,0,163015
5033,0,174155.5
5034,0,163471.9
5035,0,159562.6
5036,0,85741.8
5037,0,75026.5
5038,0,60248.6
5039,0,52639.4
5040,21.8,39967.6
5041,20.4,40365.7
5042,164.1,35823.1
5043,799.2,31813.1
5044,1347.6,30981.7
5045,2055.5,28229.8
5046,18770.7,29622.7
5047,2066.2,56893.7
5048,1781.8,70888.6
5049,1179.3,83092.4
5050,722,87231.3
5051,185.7,91190.5
5052,0,94427.5
5053,0,99127.1
5054,0,106157.3
5055,15.5,112881.3
5056,954.2,113245.1
5057,2208.4,95754.8
5058,1162.1,80802.1
5059,1759.8,73373
5060,2323.7,54424.7
5061,3041.8,47000.5
5062,3770.6,39793.1
5063,4457.7,36420
5064,4339,34561.8
5065,4667.3,32175.8
5066,5136.1,29646.9
5067,5628.6,27636.4
5068,5442.4,35789.9
5069,1891.8,43506.4
5070,2374.3,121271.8
5071,0,178041.1
5072,0,207467.9
5073,0,226203.1
5074,0,238544.8
5075,0,260988.8
5076,0,276084.9
5077,0,290740
5078,0,307193
5079,0,321972.3
5080,0,329307
5081,0,341104.4
5082,0,250426.1
5083,0,240794.5
5084,0,164359.9
5085,0,149271.7
5086,0,118750.1
5087,0,102720.1
5088,0,83579.4
5089,0,80046
5090,0,70973.1
5091,0,63797.9
5092,0,83424.1
5093,0,94776.7
5094,0,181021.1
5095,0,233691.4
5096,0,254870.4
5097,0,269929.3
5098,0,271872.2
5099,0,284415.3
5100,0,296479.4
5101,0,312738.3
5102,0,326202.2
5103,0,339442.9
5104,0,345379.4
5105,0,357426.3
5106,0,267457.3
5107,0,252109.7
5108,0,172891.5
5109,0,156308.2
5110,0,125426
5111,0,109934.5
5112,0,90522.2
5113,0,84938.5
5114,0,76222
5115,0,69640.6
5116,0,87298.6
5117,0,94781.1
5118,0,180822.8
5119,0,235344.1
5120,0,258185.4
5121,0,271796.4
5122,0,280779.3
5123,0,298843.8
5124,0,310774.8
5125,0,322910
5126,0,337737
5127,0,351578.8
5128,0,357171.1
5129,0,369255.1
5130,0,278663.4
5131,0,262960.7
5132,0,180742
5133,0,163416.5
5134,0,132297.3
5135,0,116451.6
5136,0,97071.8
5137,0,91760
5138,0,82787.8
5139,0,75481.5
5140,0,93671.9
5141,0,101074.8
5142,0,192783.2
5143,0,235293.9
5144,0,255254.7
5145,0,265549.7
5146,0,274042.5
5147,0,282697.3
5148,0,291738.1
5149,0,298459.7
5150,0,305033.1
5151,0,311104.1
5152,0,310163.7
5153,0,318615.9
5154,0,221839.1
5155,0,216007.7
5156,0,144995.4
5157,0,134318.5
5158,0,106772.9
5159,0,94447.8
5160,0,80101
5161,0,78539.6
5162,0,73010.2
5163,0,68047.4
5164,0,86028
5165,0,94565.2
5166,0,184169.2
5167,0,229670.1
5168,0,252433.6
5169,0,268311.8
5170,0,280897.1
5171,0,298676.1
5172,0,314214.8
5173,0,327833.4
5174,0,342192.9
5175,0,356690
5176,0,363592.4
5177,0,376043.9
5178,0,284561.9
5179,0,266585.4
5180,0,184009.8
5181,0,167509.4
5182,0,136378.7
5183,0,121323.8
5184,0,102455.4
5185,0,96603.2
5186,0,86476.1
5187,0,77909.8
5188,0,73876.4
5189,0,68940.6
5190,0,81232.2
5191,0,111643.2
5192,0,126719.6
5193,0,165596.6
5194,0,188143.6
5195,0,198281.2
5196,0,206641.8
5197,0,215373.2
5198,0,226922.6
5199,0,190842.5
5200,0,193706.3
5201,0,200226.4
5202,0,188322.2
5203,0,178405.3
5204,0,118224
5205,0,103072.7
5206,0,85820.7
5207,0,74086.9
5208,43.2,55405.1
5209,0,54662
5210,0,48600.6
5211,0,42708.4
5212,0.5,40579.2
5213,9.4,37048.4
5214,832.4,50007.2
5215,1.5,59612.2
5216,238.1,73599.9
5217,0,85560.1
5218,0,90903.4
5219,0,94378
5220,0,97465.1
5221,0,101739.6
5222,0,105491.5
5223,0,112405.8
5224,4.2,118876.4
5225,1782.3,101340
5226,760.9,90240.5
5227,1299.6,79527.9
5228,4987.1,49670.4
5229,2705.9,45763
5230,3469.4,37585.1
5231,4212.7,33244.5
5232,4155.1,30555.3
5233,4535.2,27946.4
5234,5037.2,25430.4
5235,5557,23335.9
5236,5382,31175.5
5237,1801.6,39284.9
5238,2338.9,105359.3
5239,0,159148.9
5240,0,185428.5
5241,0,198683.5
5242,0,205784.6
5243,0,223568.8
5244,0,239584.9
5245,0,259974.3
5246,0,277150.3
5247,0,293472.2
5248,0,302498.2
5249,0,314417.7
5250,0,222806
5251,0,212945.6
5252,0,139351.8
5253,0,127541.4
5254,0,99763.9
5255,0,83544.6
5256,0,65747.4
5257,0,63990.2
5258,0,57503.6
5259,0,52211.2
5260,0,67367.4
5261,0,77569.1
5262,0,158983.1
5263,0,216911.8
5264,0,245213.9
5265,0,260978
5266,0,272970.3
5267,0,292518.6
5268,0,306990
5269,0,319978
5270,0,335440.5
5271,0,349644.4
5272,0,355073.8
5273,0,365909.7
5274,0,272785.6
5275,0,248889.2
5276,0,177350.2
5277,0,165623.3
5278,0,138640.8
5279,0,124937.9
5280,0,107663.8
5281,0,101089.1
5282,0,90706.5
5283,0,81959.4
5284,0,100881.6
5285,0,109010.6
5286,0,195264.1
5287,0,250957.1
5288,0,272786.7
5289,0,287026.1
5290,0,294450.6
5291,0,314946
5292,0,322955.6
5293,0,338969.5
5294,0,354688.1
5295,0,367851.1
5296,0,368375.4
5297,0,372202.4
5298,0,273979.5
5299,0,258070
5300,0,185896.7
5301,0,173517
5302,0,145782
5303,0,132734.7
5304,0,117120.5
5305,0,111584.4
5306,0,101328.4
5307,0,92100.9
5308,0,112010.6
5309,0,119720.8
5310,0,212013.2
5311,0,254307.7
5312,0,272934.3
5313,0,283479
5314,0,296789.1
5315,0,317032.6
5316,0,329305.9
5317,0,340869.8
5318,0,353956.9
5319,0,364720.8
5320,0,365844.2
5321,0,377379
5322,0,284222.2
5323,0,260873.9
5324,0,182701.5
5325,0,168535.5
5326,0,139106.1
5327,0,123672.1
5328,0,104327
5329,0,97723.9
5330,0,87233.8
5331,0,79057.2
5332,0,98347.1
5333,0,105768.8
5334,0,197051
5335,0,246399.7
5336,0,270076.5
5337,0,286603.3
5338,0,298196.4
5339,0,318732.1
5340,0,331657
5341,0,344288.9
5342,0,360619.8
5343,0,372302.6
5344,0,359146.3
5345,0,365816.3
5346,0,273842.4
5347,0,264892.8
5348,0,187026.2
5349,0,173013.1
5350,0,144558.8
5351,0,131117.9
5352,0,115059.9
5353,0,107870.7
5354,0,96775.3
5355,0,86425.7
5356,0,81723.7
5357,0,76093.2
5358,0,87022.8
5359,0,112607.1
5360,0,124412.1
5361,0,162577.9
5362,0,182629.7
5363,0,195092.6
5364,0,202708.4
5365,0,207760.2
5366,0,218917.5
5367,0,178818.7
5368,0,181384.9
5369,0,183887.1
5370,0,167615.1
5371,0,160994
5372,0,103799.5
5373,0,90824.2
5374,0,76584.7
5375,0,66765.8
5376,12.1,50849.8
5377,0,50070.1
5378,0,45105.3
5379,0,40936
5380,0,40148.1
5381,0,36701.4
5382,784.1,50254.7
5383,0,62207.8
5384,177.4,76307.6
5385,0,89153
5386,0,94333.7
5387,0,98446.2
5388,0,99383.7
5389,0,106009
5390,0,113762
5391,0,120708.3
5392,567.9,118972.9
5393,1538.6,98647.7
5394,496.5,81529.9
5395,970.2,71489
5396,1508.8,53878.6
5397,2225.7,46861.2
5398,2990.5,38539
5399,3743.5,33637.1
5400,7087.3,26093.9
5401,3976.1,28671.7
5402,4460.5,25983.4
5403,4979,23566.7
5404,4755.2,31884.6
5405,1355.2,40092.3
5406,2074.4,107069.8
5407,0,159990.7
5408,0,188166.4
5409,0,209413.2
5410,0,213560.2
5411,0,232255.2
5412,0,251976.2
5413,0,270489.6
5414,0,286274.4
5415,0,296720.3
5416,0,295170.3
5417,0,298101.6
5418,0,207061.7
5419,0,201977.7
5420,0,135475.5
5421,0,127488.1
5422,0,102728.1
5423,0,89258.5
5424,0,71680.4
5425,0,69552.5
5426,0,62264.2
5427,0,56490.8
5428,0,75104.6
5429,0,84788.7
5430,0,168262.4
5431,0,219697.9
5432,0,239683
5433,0,249879.4
5434,0,258348.1
5435,0,268620.9
5436,0,276989.9
5437,0,289791
5438,0,298540.7
5439,0,306892.4
5440,0,319278.8
5441,0,322279.6
5442,0,237817.3
5443,0,223479.1
5444,0,147497.1
5445,0,134108.3
5446,0,105358.2
5447,0,90675.9
5448,0,74605.3
5449,0,71499.9
5450,0,64949.6
5451,0,59351.3
5452,0,76377.4
5453,0,84188.4
5454,0,164879.8
5455,0,219326
5456,0,246120
5457,0,262348.9
5458,0,273357.4
5459,0,292636.4
5460,0,301769.9
5461,0,316659.6
5462,0,333257.6
5463,0,346527.4
5464,0,347110.9
5465,0,343060.3
5466,0,248296.1
5467,0,234983.5
5468,0,163804.5
5469,0,152534
5470,0,124700.5
5471,0,110837.1
5472,0,91727.9
5473,0,87717.6
5474,0,78701.6
5475,0,71043.8
5476,0,89608.5
5477,0,97732.8
5478,0,187831.3
5479,0,234369.9
5480,0,256731.5
5481,0,265772.4
5482,0,276034.6
5483,0,284654.9
5484,0,296569
5485,0,310959.7
5486,0,320404.2
5487,0,321560.9
5488,0,321084.6
5489,0,336997
5490,0,237024.2
5491,0,221756.5
5492,0,147723.5
5493,0,135332.7
5494,0,105545.5
5495,0,91276.2
5496,0,75811.8
5497,0.5,73446.7
5498,61.9,67236.9
5499,203.8,61503.9
5500,26.5,78498.5
5501,39.2,86398.9
5502,0.9,155464.7
5503,0,214174.8
5504,0,237618.1
5505,0,252838.9
5506,0,264852.4
5507,0,284855.9
5508,0,296637.6
5509,0,309474.4
5510,0,325006.7
5511,0,337928.7
5512,0,341868.4
5513,0,344253.6
5514,0,245067.5
5515,0,229293
5516,0,155474.5
5517,0,144065.6
5518,0,114634.2
5519,0,98487
5520,0,80093.4
5521,0,76886.1
5522,0.4,68951.6
5523,73.5,62798.2
5524,251.8,60046.6
5525,446.4,55647.3
5526,545,68522
5527,32.2,98152.2
5528,0,112915.1
5529,0,148296.4
5530,0,168491.7
5531,0,179001.5
5532,0,189222.7
5533,0,199935.7
5534,0,213731.4
5535,0,179368.9
5536,0,182983.2
5537,0,190646.1
5538,0,178462.3
5539,0,167679.1
5540,0,106854.6
5541,0,92419.9
5542,0,76708.2
5543,0,65964.7
5544,17.2,49035.9
5545,0,48321.2
5546,0.1,43309.1
5547,9,38797.9
5548,22.1,38000.1
5549,90.5,34957.4
5550,930.4,48919.5
5551,176.4,60725.2
5552,480,75033.2
5553,129.5,87991.9
5554,10.8,93969.5
5555,0,99545.5
5556,0,103950.5
5557,0,108891.6
5558,0,113762.7
5559,11.5,112653.3
5560,779.4,105965.8
5561,1915.2,93376.8
5562,895.8,74861.9
5563,1376.6,65908.3
5564,1899.7,50603.4
5565,2610.5,46144.1
5566,3348.5,39098.1
5567,4082.6,35166.8
5568,4001.3,32792.4
5569,4360.6,30278.4
5570,4850.9,27753.3
5571,5347.8,25631.6
5572,5146.1,33010.3
5573,1642.6,41098.9
5574,2230.7,109935.5
5575,0,160368.1
5576,0,187623.6
5577,0,203619.5
5578,0,210080.8
5579,0,226879.4
5580,0,236811.6
5581,0,246795.2
5582,0,256647.1
5583,0,265866.3
5584,0,267431.9
5585,0,275998.6
5586,0,187030.5
5587,0,181446
5588,0,113521.5
5589,0,104975.9
5590,0,79765.9
5591,0,67172.2
5592,0,54401.1
5593,0,54714.8
5594,0,50899.7
5595,0,46992.4
5596,0,62010.3
5597,0,71158
5598,0,149927.2
5599,0,200582.8
5600,0,225014
5601,0,237594.1
5602,0,248259
5603,0,256954.4
5604,0,266204
5605,0,274429.1
5606,0,281621.3
5607,0,287987.9
5608,0,289592.9
5609,0,299347.6
5610,0,205391.8
5611,0,198265
5612,0,128825.1
5613,0,117894
5614,0,91544.1
5615,0,79479.8
5616,0,65156.9
5617,0,63791.3
5618,0,58458.6
5619,10.2,54452.7
5620,0,71188
5621,0,78808.5
5622,0,159442.4
5623,0,207962.9
5624,0,232071.5
5625,0,245200.4
5626,0,250345.1
5627,0,267032.4
5628,0,281153.3
5629,0,291790.3
5630,0,302621.9
5631,0,312916.5
5632,0,323174.8
5633,0,342021.3
5634,0,252919.5
5635,0,235064.3
5636,0,158912.9
5637,0,145727.2
5638,0,117331.4
5639,0,102365
5640,0,83867.2
5641,0,81096.3
5642,0,73418.8
5643,0,67533.7
5644,0,86021.7
5645,0,94085.9
5646,0,184995.9
5647,0,234100.5
5648,0,259151.4
5649,0,276355.8
5650,0,288991.6
5651,0,309666.5
5652,0,323172.3
5653,0,336713.5
5654,0,352063.3
5655,0,365405.7
5656,0,370877.7
5657,0,381191
5658,0,286418.2
5659,0,265408.7
5660,0,184705
5661,0,169800.2
5662,0,138816.4
5663,0,123900.6
5664,0,105050.1
5665,0,98324.4
5666,0,87071.7
5667,0,77650.6
5668,0,95964.2
5669,0,102861
5670,0,194241.2
5671,0,242815.4
5672,0,267344.2
5673,0,285082.7
5674,0,296922
5675,0,317579.3
5676,0,331550.8
5677,0,345852.9
5678,0,363075.9
5679,0,378309
5680,0,383716.6
5681,0,396384.2
5682,0,301245
5683,0,276655.9
5684,0,194154.5
5685,0,179066.2
5686,0,148781.1
5687,0,133516.9
5688,0,115761.9
5689,0,108448.1
5690,0,97239.7
5691,0,87151.3
5692,0,82418
5693,0,76632
5694,0,89200.1
5695,0,117630.1
5696,0,134926.2
5697,0,178010.5
5698,0,200721.4
5699,0,209421.5
5700,0,219073.7
5701,0,227764
5702,0,237908.4
5703,0,201502.5
5704,0,205846.5
5705,0,204022.3
5706,0,187374.3
5707,0,172691.3
5708,0,114599.6
5709,0,101952.9
5710,0,87133.1
5711,0,76450.1
5712,29.7,59466.3
5713,0,58622.7
5714,0,52315.9
5715,0,45945.2
5716,0,43278.7
5717,4.9,39134.5
5718,811.7,52808.9
5719,0,62498.8
5720,224.2,72589.3
5721,0,83254.7
5722,0,86448.3
5723,0,90153.2
5724,0,91274.7
5725,0,96618.8
5726,0,102742.5
5727,0,105822.8
5728,6.4,105196.7
5729,1771.3,84945.3
5730,775.7,67204.9
5731,1304.9,59526.5
5732,1926.1,43993.6
5733,2715,39208.1
5734,3511,31968.3
5735,4292,28145.9
5736,4252.3,25810.3
5737,4759.2,23368.1
5738,5475,21427.8
5739,6186.9,19600.7
5740,5691.2,26836.3
5741,2076.8,34499.8
5742,2438,98547.2
5743,0,154554.9
5744,0,175028.7
5745,0,190931.5
5746,0,199147.9
5747,0,220152
5748,0,237501
5749,0,258045.8
5750,0,274038
5751,0,292683.5
5752,0,300736.9
5753,0,312235.1
5754,0,221634.7
5755,0,209600.5
5756,0,137562.9
5757,0,126784.2
5758,0,99606.8
5759,0,84577.1
5760,0,66700.3
5761,0,64597.4
5762,0,57670.5
5763,0,53018.8
5764,0,69753
5765,0,79491.4
5766,0,162443.6
5767,0,216697.1
5768,0,241376.6
5769,0,252936.6
5770,0,268956.7
5771,0,289552
5772,0,294861.5
5773,0,300171.9
5774,0,305684.4
5775,0,312925.6
5776,0,311982.5
5777,0,321644
5778,0,237584.2
5779,0,221396.5
5780,0,150723.4
5781,0,140318.3
5782,0,113476.4
5783,0,99301.9
5784,0,81526.2
5785,0,78576.8
5786,0,71070.2
5787,0,64886.6
5788,0,82543.1
5789,0,90515.7
5790,0,173676.9
5791,0,227839.1
5792,0,253411.6
5793,0,268966.7
5794,0,280749.4
5795,0,302657
5796,0,317449.7
5797,0,331409.6
5798,0,345982.5
5799,0,357321.6
5800,0,355299.3
5801,0,362797.8
5802,0,259892.2
5803,0,242258.5
5804,0,169067.4
5805,0,156527.6
5806,0,127697.6
5807,0,112714.4
5808,0,93704.1
5809,0,88460.8
5810,0,78972.3
5811,0,71810.3
5812,0,90624.6
5813,0,97790.4
5814,0,187140.4
5815,0,234094.1
5816,0,259586.7
5817,0,276692.4
5818,0,288916.3
5819,0,309756.9
5820,0,323404.8
5821,0,336345.2
5822,0,351068.2
5823,0,363643.6
5824,0,365736.6
5825,0,370517.2
5826,0,272686
5827,0,253283
5828,0,179389.2
5829,0,167442.1
5830,0,139556.8
5831,0,125555.4
5832,0,107735
5833,0,102673.2
5834,0,92586.8
5835,0,83542.6
5836,0,102516.7
5837,0,110347.7
5838,0,190617.9
5839,0,242058.2
5840,0,263978
5841,0,276857.7
5842,0,286349.6
5843,0,295523.1
5844,0,306759
5845,0,314881.8
5846,0,320924.5
5847,0,328871.1
5848,0,339439.9
5849,0,342864.4
5850,0,257280.5
5851,0,238726.5
5852,0,164572.8
5853,0,153155.6
5854,0,126471.2
5855,0,111382.7
5856,0,92724.1
5857,0,88216.9
5858,0,79638.5
5859,0,72112.8
5860,0,69899.1
5861,0,65924.2
5862,0,77949.4
5863,0,103132.9
5864,0,114884
5865,0,142857.4
5866,0,158524.6
5867,0,168848.4
5868,0,182489.4
5869,0,193818.6
5870,0,206965.2
5871,0,177040
5872,0,175795.3
5873,0,166615.3
5874,0,148591.3
5875,0,141523.7
5876,0,86296.7
5877,0,76474.8
5878,0,63294.2
5879,0,56508.4
5880,17.6,44160
5881,7.6,44432.5
5882,86.4,39902.4
5883,174.4,35694.7
5884,364.7,35000.1
5885,612.1,32462.2
5886,1588.2,45522.4
5887,815.8,52199.5
5888,691.3,62860.6
5889,394.9,75766.6
5890,315.1,77646.7
5891,161.3,80710.9
5892,14.7,86453.9
5893,0,92954.3
5894,0,100538.9
5895,0,101702.3
5896,816.9,100883.8
5897,2567.6,85661.2
5898,1852.9,71642.3
5899,2658.6,61872.2
5900,3440.6,45554.8
5901,4356.7,40819.1
5902,5262.5,33743.2
5903,6134.1,30047.6
5904,6990.2,27030.1
5905,7840.3,23958.6
5906,8718.1,21638.2
5907,9662,19698.9
5908,10594.5,21409.3
5909,11553.8,20988.8
5910,17052.5,37779.4
5911,13490.7,46490.9
5912,11903.7,52831.4
5913,7820,61735.9
5914,7882.1,63977.7
5915,7963.9,67864.1
5916,11446.3,70571.4
5917,8393,82941.8
5918,8584.9,88761.4
5919,8751.9,93639.1
5920,12148.7,89547.2
5921,17608.9,76371.1
5922,15068.3,61503.2
5923,16094.8,50839.9
5924,16957.1,34674.5
5925,17764.5,30182.8
5926,18566.1,23827.6
5927,19366.5,21015.2
5928,18554.5,19401.2
5929,19112.3,17844.6
5930,19964.5,16288.9
5931,20858.2,14988.7
5932,17288.7,17480.3
5933,11642.3,22557.6
5934,11216.5,74926.5
5935,620.1,125815.2
5936,0,148142.4
5937,0,165615.5
5938,0,174637.5
5939,0,197964.4
5940,0,213511.8
5941,0,232314.3
5942,0,251801.4
5943,0,265807.4
5944,0,273663.2
5945,0,286992.4
5946,0,194339.1
5947,0,174028.8
5948,0,111348.1
5949,0,97101.3
5950,0,69921.6
5951,15.5,56003.2
5952,159.5,44470.7
5953,399.4,44990.1
5954,829.7,40803.3
5955,1603.2,37043.3
5956,1481.4,50621.2
5957,1836.2,60554.7
5958,710.1,122909.7
5959,7,175504.6
5960,0,197259.9
5961,0,216029.5
5962,0,228740.4
5963,0,251165.7
5964,0,264823.2
5965,0,278881.9
5966,0,295053.9
5967,0,311577.7
5968,0,319611.9
5969,0,330218
5970,0,237018.2
5971,0,214545.7
5972,0,144007.5
5973,0,130429.8
5974,0,101872.1
5975,0,86339.4
5976,9.2,69107.8
5977,54.2,67429
5978,166.3,62001.3
5979,288.9,56623.7
5980,181.3,73471.4
5981,243.4,80861.9
5982,0,148552.9
5983,0,205176.5
5984,0,226970.6
5985,0,245508.6
5986,0,257733.8
5987,0,277575.2
5988,0,290029.7
5989,0,302517.9
5990,0,318400.4
5991,0,332679.5
5992,0,336184.7
5993,0,342942
5994,0,242012.1
5995,0,222649.1
5996,0,156473.2
5997,0,146888
5998,0,120656.4
5999,0,106435.6
6000,0,89283.1
6001,0,86300.4
6002,0,77805
6003,0,70847.7
6004,0,88899.9
6005,0,95806.7
6006,0,170118.7
6007,0,222602.9
6008,0,242514
6009,0,253371.2
6010,0,267865.6
6011,0,286589.9
6012,0,300195.5
6013,0,309717.4
6014,0,325657.4
6015,0,340023.1
6016,0,345187.3
6017,0,354658.4
6018,0,258239.9
6019,0,232490.6
6020,0,157865.5
6021,0,144036.3
6022,0,115617.2
6023,0,100165.6
6024,0,83061.3
6025,0,80383.5
6026,3.4,74272
6027,25.5,68435.9
6028,100.9,66175.5
6029,197.4,61792.1
6030,306.2,73328
6031,13.5,102571.4
6032,0,117779.5
6033,0,147821.2
6034,0,166798.2
6035,0,177670.6
6036,0,186797.1
6037,0,195801.2
6038,0,207556.6
6039,0,179201.7
6040,0,186967.9
6041,0,186114
6042,0,169086.9
6043,0,152682
6044,0,92753.7
6045,0,81464.9
6046,0,68348.9
6047,9,60300.2
6048,37.1,51336.8
6049,185.4,44472.7
6050,526.4,39591.8
6051,1184.3,35120.2
6052,1853.5,33691.7
6053,2513.4,30742.4
6054,4189.7,42478.1
6055,4069.1,48867.3
6056,2823.3,62715
6057,2007,79562.7
6058,1669.6,84397.9
6059,1150.7,87609
6060,538.9,88712.2
6061,91.1,89281.7
6062,57.5,89982.6
6063,148.6,87826.5
6064,13098.1,67777.9
6065,3186.2,66790.5
6066,2461.7,55401.2
6067,3292.5,50432.6
6068,4056.3,36991.3
6069,4926.7,33020.9
6070,5897.5,26787.8
6071,6885.6,23842.6
6072,6352.1,21973.6
6073,6928.7,20257.5
6074,7651.4,18601.9
6075,8433.5,16894.5
6076,6458.8,23491.8
6077,2810.3,30651.3
6078,2761.5,89995.1
6079,0,143096.4
6080,0,164358.9
6081,0,181556
6082,0,193710.1
6083,0,218580.8
6084,0,235065.9
6085,0,251080.3
6086,0,268260.4
6087,0,283930
6088,0,290319.4
6089,0,300448.8
6090,0,204707.4
6091,0,188678.9
6092,0,124711.1
6093,0,113615.9
6094,0,86862.1
6095,0,73827.2
6096,0,59728.2
6097,0,59851.5
6098,0,55173.7
6099,0,51525
6100,0,67285.2
6101,0,76661.1
6102,0,151291.1
6103,0,199873.3
6104,0,222492.8
6105,0,235771.5
6106,0,248685.3
6107,0,259512.5
6108,0,267878.7
6109,0,275667.6
6110,0,283188.6
6111,0,287253.8
6112,0,290736.7
6113,0,298384.4
6114,0,199293
6115,0,189632.8
6116,0,124295.8
6117,0,112921.7
6118,1.2,87886.3
6119,129,75793.3
6120,383.8,63018.9
6121,676.7,61203.1
6122,933.4,55873.8
6123,1228.6,51573.8
6124,877.4,68122
6125,1172.6,75342
6126,225.8,138726.5
6127,0,193318
6128,0,214163.4
6129,0,232117.6
6130,0,244564.1
6131,0,265856.4
6132,0,279277.7
6133,0,292483.7
6134,0,307218.4
6135,0,321788
6136,0,326171.4
6137,0,335747.5
6138,0,239456.9
6139,0,215448.7
6140,0,144964.7
6141,0,133478.8
6142,0,105985.6
6143,0,90994
6144,0,74599.1
6145,7.8,72955.2
6146,99.9,66559.8
6147,217.8,60504.5
6148,101.6,77351.9
6149,188.1,83867.6
6150,0,152759.9
6151,0,203122.8
6152,0,231605.5
6153,0,250210.9
6154,0,262068.4
6155,0,281431
6156,0,293507.8
6157,0,306773.8
6158,0,322205
6159,0,336442.2
6160,0,339668.6
6161,0,347972.7
6162,0,226377.4
6163,0,225547.5
6164,0,154142.5
6165,0,141633.3
6166,0,113061.8
6167,0,96249.2
6168,2.6,77647.6
6169,41.4,75239.1
6170,148.2,69476.5
6171,257.6,63783.9
6172,112.4,80728.9
6173,126.3,88086.6
6174,0,157007.8
6175,0,205433
6176,0,230220.5
6177,0,244627.7
6178,0,256701.4
6179,0,269498.4
6180,0,283262.1
6181,0,293127.7
6182,0,299554
6183,0,306095.2
6184,0,300536.3
6185,0,307074.4
6186,0,207836.5
6187,0,199363.5
6188,0,132219.6
6189,0,122433.6
6190,0,97378.3
6191,0,85110.6
6192,6.3,71427.4
6193,59.2,70845.6
6194,120.7,64997.7
6195,218.9,59189.8
6196,353.8,56923.4
6197,466,53776.6
6198,556.5,65823.7
6199,191.2,88532.3
6200,82.5,99057.6
6201,0,123058.4
6202,0,134522.1
6203,0,139439.4
6204,0,142947.1
6205,0,146555.1
6206,0,152161.6
6207,0,119320.5
6208,0,122312.9
6209,0,121546
6210,0,107535.6
6211,0,104233.6
6212,0,64845.7
6213,0,61244.2
6214,0,53160.9
6215,0,48434.1
6216,44.5,42969.3
6217,112.2,38761.3
6218,252.9,35023
6219,463.8,31102.7
6220,599.4,30479.4
6221,737.1,27865.9
6222,1752,40771.2
6223,936.6,47557.2
6224,970.5,59203.9
6225,419.1,75727.8
6226,287.6,84852.8
6227,46.1,93115.3
6228,0,99761.6
6229,0,106927.1
6230,23.7,116114.5
6231,100.2,123496.8
6232,1127.4,124105.5
6233,3201.8,105404.2
6234,4995.6,78002.9
6235,3228.6,70260.6
6236,7090.5,46231.5
6237,4911.1,43941.7
6238,5760.5,36082.2
6239,6581.3,32398.3
6240,5890,29816.4
6241,6251.9,27141.3
6242,6754.5,24883.2
6243,7303.4,22554.2
6244,5714.3,30699.6
6245,2119.1,38433.1
6246,2488.6,100678
6247,0,146380.1
6248,0,172668.1
6249,0,197696.5
6250,0,208843.9
6251,0,236697.7
6252,0,251151.3
6253,0,266785.9
6254,0,276459.9
6255,0,280742.1
6256,0,283309.9
6257,0,291221.7
6258,0,194981
6259,0,186203.9
6260,0,126564.1
6261,0,117485.3
6262,0,89970.6
6263,0,75750.8
6264,0,60516.4
6265,0,59825.8
6266,0,55344.4
6267,0,51621.1
6268,0,67208
6269,0,76085.3
6270,0,150783.3
6271,0,201549.1
6272,0,226950.7
6273,0,238872
6274,0,247771.7
6275,0,265171
6276,0,275761.2
6277,0,286198.3
6278,0,294903.4
6279,0,299780
6280,0,300604.5
6281,0,308001.3
6282,0,211504
6283,0,204045.6
6284,0,141786.6
6285,0,131462.3
6286,0,104512.9
6287,0,89127.3
6288,0,71951.9
6289,0,68751.6
6290,40.7,60752.8
6291,221.7,55832.5
6292,34.5,72451.6
6293,125.8,79597
6294,0,150073.8
6295,0,195925.4
6296,0,219162.3
6297,0,231788.1
6298,0,242618
6299,0,252742.4
6300,0,261828.5
6301,0,269793.8
6302,0,276470.1
6303,0,282056.4
6304,0,283591
6305,0,289157.5
6306,0,192279.4
6307,0,182372.2
6308,0,117993.8
6309,0,108128
6310,146,85665.2
6311,376,75842.1
6312,576.3,63851.9
6313,816.7,62255.6
6314,1078.9,56976.8
6315,1365.6,52622.1
6316,843.6,69700.3
6317,959.7,76825.8
6318,14.5,141700.5
6319,0,192357.8
6320,0,208266
6321,0,220449.7
6322,0,231789.9
6323,0,243265.2
6324,0,253921.5
6325,0,262873.1
6326,0,271274.6
6327,0,294334.4
6328,0,289003.8
6329,0,300303
6330,0,183201.9
6331,0,184192.8
6332,0,118860.8
6333,0,108834
6334,18.1,86353.6
6335,124.8,76479.9
6336,298.9,64632.4
6337,430.1,63767.8
6338,527.7,58186.4
6339,640.6,53642.5
6340,314.7,70602.9
6341,313.5,77763.7
6342,0,145893
6343,0,197924
6344,0,213849.1
6345,0,225368.1
6346,0,235249.4
6347,0,244803.2
6348,0,254372.6
6349,0,264342.8
6350,0,269472.4
6351,0,276515.2
6352,0,274282.9
6353,0,283432.4
6354,0,188000.1
6355,0,179914.3
6356,0,114996.6
6357,0,105646.7
6358,193.3,83760.1
6359,442.1,73641.1
6360,661.9,61856.5
6361,853.5,60921.1
6362,1097.6,56199.1
6363,1544.7,51492.6
6364,2072.8,49932.9
6365,2550.9,46785.8
6366,3211.6,56334.4
6367,2054.8,82788.9
6368,1488.2,98854.5
6369,573.4,127480.7
6370,281.6,144022.8
6371,47.2,152552.2
6372,0,159285.2
6373,0,167496.6
6374,0,176636.3
6375,0,142786.4
6376,0,153135.1
6377,0,152454.7
6378,0,132393.2
6379,0,108302.8
6380,7.9,66358.5
6381,37.7,61433.7
6382,186.9,52618.3
6383,401.1,47567.2
6384,988.7,42166.1
6385,1532.7,37957.8
6386,2173.1,33853.8
6387,2707.6,30200.5
6388,3540.4,29471.8
6389,4270.8,26664.2
6390,5847.3,38446.5
6391,5130.7,45906.3
6392,3325.7,58342.9
6393,2250.3,69944.9
6394,1892,74540.9
6395,1501.7,81446.1
6396,1184.4,88595.9
6397,904.9,94463.2
6398,633.9,100443.7
6399,437.2,105344.2
6400,417.1,106166.4
6401,3608.6,83330.1
6402,5605.1,61991.7
6403,3699.8,55979.4
6404,4445.9,40735.7
6405,5302.9,35852.8
6406,6235.9,28932.9
6407,7246,25165.4
6408,6722.5,22546.4
6409,7336.5,19906.9
6410,8118.2,18113.5
6411,8961.2,16663.2
6412,7224.8,23430.1
6413,3656.2,30210.3
6414,3018.7,87278.2
6415,0,138893.8
6416,0,161715
6417,0,180749.1
6418,0,192740.6
6419,0,215014.4
6420,0,229317.1
6421,0,236150.1
6422,0,238793.9
6423,0,243011.4
6424,0,242215.2
6425,0,251666.7
6426,0,158686.4
6427,0,152977.4
6428,0,93872.3
6429,0,85390
6430,159.5,65118.8
6431,291.7,57374.5
6432,461.9,47696.7
6433,601.6,48361.3
6434,819.2,44445.4
6435,1152.4,40725.1
6436,605,55599
6437,589.5,64784.7
6438,0,129247
6439,0,177792.1
6440,0,195938.4
6441,0,210628.6
6442,0,221847.3
6443,0,232210.9
6444,0,241274.9
6445,0,250902.8
6446,0,257498.2
6447,0,264224.4
6448,0,270485.8
6449,0,284590.3
6450,0,177343.3
6451,0,173015.5
6452,0,110111.9
6453,0,100460
6454,92.2,77639.5
6455,296.1,68080.9
6456,402.3,58577.8
6457,496.5,58389
6458,704.3,53666.4
6459,1094.2,49274.2
6460,603.5,65851.3
6461,670.1,73307.1
6462,0,137441.6
6463,0,188230.1
6464,0,206833.9
6465,0,218710.7
6466,0,228809.7
6467,0,240491.2
6468,0,250967.4
6469,0,262760.8
6470,0,273375.4
6471,0,282189.3
6472,0,279102.7
6473,0,284293.9
6474,0,184390.7
6475,0,176602.5
6476,0,112414.9
6477,2.7,102757.9
6478,193,80889.6
6479,412,71415
6480,641,60785.5
6481,801,60381.8
6482,1017.6,55647.7
6483,1413.4,51115
6484,890.4,67978.2
6485,929,75151.8
6486,54.3,138723.4
6487,0,188068.4
6488,0,203378.3
6489,0,215197.1
6490,0,226416.5
6491,0,234888.5
6492,0,243975.5
6493,0,254357
6494,0,265209.6
6495,0,268409.3
6496,0,262250
6497,0,268958.5
6498,0,173145.3
6499,0,165700.4
6500,172.6,102782.8
6501,384.5,95745.1
6502,739.8,77352.9
6503,954.3,69089
6504,1302.8,63627.9
6505,1698.7,58758.2
6506,2039.3,54011.6
6507,2332.5,49420.8
6508,1570.8,66565
6509,1469.9,73730.6
6510,161.2,136320.7
6511,0,184727.9
6512,0,200013.8
6513,0,213201.7
6514,0,224622.6
6515,0,236164.9
6516,0,247248.6
6517,0,256096.4
6518,0,264432.6
6519,0,270980.3
6520,0,268832.5
6521,0,277612.7
6522,0,180711.7
6523,0,173787.8
6524,0,110210.3
6525,0,101517
6526,130.9,79954.5
6527,313.2,70542.7
6528,456.3,64839.4
6529,588.8,60134.7
6530,712.6,55589.5
6531,909,51284.6
6532,1145.2,50307.2
6533,1339.6,47575.6
6534,1484,58730.1
6535,678.2,81839.3
6536,380.5,93170.2
6537,0,117207.1
6538,0,129063.5
6539,0,135168
6540,0,139887.7
6541,0,144738.5
6542,0,148235.2
6543,0,115354.4
6544,0,118870.1
6545,0,118291.6
6546,0,104974.2
6547,0,100349.7
6548,0,60240
6549,4.2,56434.1
6550,117.6,48700
6551,302.3,43945.9
6552,773.6,38343.4
6553,1260.5,33694.5
6554,1690.1,29674.8
6555,2366.7,25937.8
6556,3285.6,25514.2
6557,4433.1,23271.3
6558,6379,35083.9
6559,6116.3,41436.1
6560,15257,39607.6
6561,2177.4,71265.5
6562,1776,79281.8
6563,1318.8,85195.9
6564,861,90852.1
6565,435.3,96750.3
6566,244.3,102807.4
6567,349.8,108043.3
6568,1659.4,103553.7
6569,5558.7,84932.5
6570,4826,63572.8
6571,5720.3,53880
6572,6521,39012.6
6573,7455.2,34031.9
6574,8378.9,27165.9
6575,9296,23971
6576,8751.9,22026.2
6577,9444.8,19581.3
6578,10296.2,17561.1
6579,11179.5,16256.8
6580,7501.2,23210.7
6581,3824.9,30542.1
6582,3121.3,87848.2
6583,0,133684.6
6584,0,156736.7
6585,0,177958
6586,0,191212.5
6587,0,216059.5
6588,0,228826.5
6589,0,228232.3
6590,0,239085.4
6591,0,249512.8
6592,0,253023.6
6593,0,268238.5
6594,0,157980.6
6595,0,160114.5
6596,0,99835.4
6597,0,91433.5
6598,0,68824.4
6599,18.3,59497.8
6600,97.3,49603.8
6601,161.6,50119.7
6602,249.3,46208.1
6603,382.4,42605.6
6604,142.1,57422.8
6605,185.7,66391.6
6606,0,130086.2
6607,0,178456.8
6608,0,194971.3
6609,0,210360.1
6610,0,224911.2
6611,0,239274.1
6612,0,258963
6613,0,271743.7
6614,0,282346.9
6615,0,281603
6616,0,293446.1
6617,0,302961.7
6618,0,192898.1
6619,0,184846.2
6620,0,122424.7
6621,0,110724.2
6622,40.4,84483.6
6623,229.8,72234.9
6624,466.7,60565.2
6625,670.7,60025.6
6626,826.3,55570
6627,1257.4,51038.5
6628,1010.4,67251.5
6629,1314.6,74584.6
6630,232.8,139804.7
6631,0,183711.9
6632,0,205431.1
6633,0,222555.8
6634,0,233568.3
6635,0,245260.9
6636,0,258715.9
6637,0,268172.7
6638,0,282337.1
6639,0,290694.8
6640,0,282948.3
6641,0,291917.5
6642,0,182589.6
6643,0,176754.6
6644,23.9,113578.1
6645,191.9,103043.2
6646,517.6,81804.8
6647,888.2,72728.8
6648,1524.8,66024.7
6649,2243,61041.1
6650,2811.5,56172.8
6651,3334.2,51453.3
6652,2757.2,68235.5
6653,3150,74875.7
6654,1316.8,137897.5
6655,356.2,177827.9
6656,88.1,195189.9
6657,10.4,202380
6658,0,210386.3
6659,0,219848.3
6660,0,226514.5
6661,0,232850.8
6662,0,239475.8
6663,0,244876.6
6664,0,250152.6
6665,0,253567.3
6666,353.6,150172.6
6667,729.7,146979.9
6668,2256.5,92692.2
6669,3252.9,87968.6
6670,5273.8,72094.5
6671,6721.1,64968
6672,8202,59316.5
6673,9487.1,54173
6674,10677.6,49144.5
6675,11890.6,44220.4
6676,9620.7,60912.5
6677,10122.6,67564.7
6678,5101.1,125952.8
6679,3074.4,164803
6680,1623.5,178164.5
6681,801.8,193131.1
6682,336,208147.2
6683,5.5,221544.6
6684,0,230505.3
6685,0,234709.2
6686,0,241645.2
6687,0,250843.3
6688,0,250208.5
6689,0,263939.6
6690,18,159756.9
6691,199.5,149097.6
6692,1464.8,91053.1
6693,2010.4,86921.5
6694,3791.4,72358.3
6695,4921.4,65209.7
6696,6448,59493.1
6697,8194.4,54271
6698,9608.9,49225.3
6699,10993.1,44323.4
6700,12317.4,42460.3
6701,14622.4,39023.4
6702,14708.8,44795.8
6703,9247.2,70969.2
6704,6754,85459.9
6705,3992.6,114524.9
6706,3084.1,129634.1
6707,2300.9,136218.9
6708,1551.6,142920.4
6709,859.2,149856.6
6710,324.2,156907.1
6711,70,127141.5
6712,0,124217.2
6713,7.5,122593.5
6714,34,92449.4
6715,130.8,95838.5
6716,672.2,57198.9
6717,1230,53573.5
6718,2317.1,46042.8
6719,2981.8,41514.8
6720,4315.8,36126.2
6721,5719.4,31713.9
6722,6859.5,27930.2
6723,8165.9,24239.4
6724,9341.6,23492.5
6725,10499,21332.5
6726,12115.5,32841.8
6727,11638.3,39046
6728,6380.3,50842.8
6729,4679.3,59918.9
6730,4895.1,58917.3
6731,4658.4,59128.6
6732,5140.5,57974.7
6733,5395,57638.1
6734,5081.2,59243.4
6735,5473.8,59191.2
6736,5748.3,59258.4
6737,13835.2,45080.2
6738,13556.9,36481.3
6739,14731.4,34381.3
6740,19071.7,21650.9
6741,16857.6,22133.5
6742,17869.9,18025.4
6743,18779.1,16259.6
6744,20082.6,14817.1
6745,21406.8,13521.8
6746,22756.1,12384.4
6747,24335.4,11329.7
6748,25794.6,13009.8
6749,27289,12770.2
6750,33419.7,26774.8
6751,29478.3,33442.7
6752,21429,38743.9
6753,14893.8,49139.3
6754,14316.8,54642.2
6755,13762.8,57651.5
6756,13316.6,57307.7
6757,13003.7,62293.8
6758,12758.8,59974.7
6759,12601.6,57956
6760,12572.1,60226.6
6761,23818.1,51082
6762,20862.2,40258.8
6763,22040.3,37583.6
6764,28708.1,22596.7
6765,24355.5,22654.8
6766,25446.5,17810.2
6767,26352.3,16025.2
6768,25212.2,14879.9
6769,25395.5,13768.7
6770,25956.6,12567.6
6771,26395,11629.2
6772,20170.9,14582.8
6773,13474.5,19657
6774,13972.8,71778.1
6775,2172.7,118086.8
6776,116.2,136547.9
6777,0,150326.8
6778,0,156022
6779,0,173636.4
6780,0,183757.4
6781,0,193269.1
6782,0,201558.2
6783,0,207599.6
6784,0,207651.4
6785,0,220273
6786,0,129847.8
6787,0,125669.9
6788,107.3,73418.5
6789,312,67603
6790,614,52097.5
6791,823,45226.1
6792,1131.5,40280.1
6793,1505.4,36073.1
6794,1974.3,32318.1
6795,2541.3,28667.6
6796,1962.2,42588.5
6797,2139.3,51782
6798,645.4,110495.5
6799,75.3,156505.4
6800,0,175818.8
6801,0,193992.6
6802,0,207221.9
6803,0,229885
6804,0,243835.1
6805,0,257095.7
6806,0,272287.1
6807,0,285599.1
6808,0,288964.1
6809,0,292540.3
6810,0,176363.8
6811,0,175119.5
6812,0,112378.8
6813,0,101510.2
6814,44.7,77171.5
6815,174.7,68001.3
6816,292.9,58221.9
6817,383.7,57764.6
6818,590.1,53192.2
6819,976.6,49200.6
6820,618,65585.7
6821,816.9,72779.9
6822,82.2,134267.7
6823,0,180928.4
6824,0,197349.3
6825,0,210178.2
6826,0,223372
6827,0,238737.3
6828,0,259083.5
6829,0,273853.7
6830,0,284207.6
6831,0,279379.4
6832,0,278221.8
6833,0,284316.3
6834,0,183336.9
6835,0,175234.8
6836,0,114266.2
6837,16.1,104245.6
6838,233,81197.7
6839,435.8,71384
6840,675.1,65869.8
6841,846.8,61186
6842,1133.5,56572.7
6843,1535.4,52248.8
6844,966.4,69326.9
6845,982.2,76557.1
6846,40,143012.6
6847,0,186263.9
6848,0,200987.7
6849,0,210939.3
6850,0,217196.8
6851,0,225332.5
6852,0,233018.9
6853,0,239126.9
6854,0,247510.5
6855,0,250265.2
6856,0,256158.7
6857,0,264771.3
6858,0,165715.3
6859,0,157265.1
6860,514.3,98172.9
6861,829,91574.3
6862,1598.4,74301.7
6863,2496.3,67087.7
6864,3397.6,61493.9
6865,4280.4,56392.7
6866,5274.7,51521.3
6867,6319,46842.3
6868,6927.1,45275.2
6869,7766.3,42272.1
6870,7212.7,52014
6871,4423.9,74274
6872,3854.7,85124.3
6873,2467.4,109783.3
6874,1624.8,123164.8
6875,1157.5,127522.3
6876,788.7,131266
6877,498.2,135897.2
6878,231.3,138987.7
6879,169.6,108882.2
6880,64.1,109155
6881,104.6,105385.3
6882,429.6,93085.7
6883,863,90220
6884,2335.5,52460.1
6885,3449,48739.9
6886,5075.6,41284.3
6887,6351.2,36587
6888,8262,31170.8
6889,10534.5,27373.9
6890,12466.9,24111.6
6891,14369.8,21004.9
6892,15953.7,20548.9
6893,17844.5,18219.5
6894,21567.6,26908
6895,19189.5,33988.2
6896,14371.2,42582.1
6897,12790.8,49854.2
6898,11858.4,51873.1
6899,10009.1,54337
6900,9636.8,54798.9
6901,6689.2,58597.7
6902,6183.1,58688.6
6903,5566.9,59422.2
6904,5223.9,61589.1
6905,14348.1,44709.1
6906,15145.9,35080.7
6907,17440.7,32808
6908,23455.9,20314.2
6909,22788.5,20713.2
6910,25638.4,16516.5
6911,27759.1,14685.9
6912,27126.9,13487.6
6913,28640.1,12306.8
6914,30424.9,11178.9
6915,32293.3,10126.9
6916,22971,14419.7
6917,18493.4,18448.7
6918,10588.7,68889.9
6919,2841.8,107973.1
6920,1722.8,123524.1
6921,1167.3,132739.3
6922,717.9,141084.5
6923,266,149757.2
6924,12.8,159653.5
6925,0,174600
6926,0,188279.8
6927,0,205680.7
6928,0,211238.2
6929,0,219670.7
6930,9.7,112645
6931,120.5,111676.2
6932,1387,68294.6
6933,2551.5,65159.8
6934,4499.8,50976.6
6935,6229.9,43917.9
6936,8146.8,38488.9
6937,10282,33834.1
6938,12360.7,30242
6939,14818.9,27229.8
6940,11082.9,41396.9
6941,11698.2,50049.8
6942,5833.8,107227.1
6943,3900.1,146833.1
6944,2467.7,161088.2
6945,1717.5,174571.5
6946,1128.8,187368.1
6947,539.5,201007.1
6948,52.7,215298.2
6949,0,229931.8
6950,0,245333.6
6951,0,258046.1
6952,0,261645.9
6953,0,264763.7
6954,0,148071.4
6955,0.1,149615.6
6956,248.8,88992.9
6957,441.4,84386.8
6958,1173.6,69894.5
6959,1921.4,63379.4
6960,2510.8,58293.8
6961,3042.8,53421.1
6962,3591.2,48889.2
6963,4172.3,44847.2
6964,3301,61870.2
6965,3309.3,69391.7
6966,1354.4,132258.6
6967,209.8,168817.9
6968,20.3,182050.5
6969,0,191967
6970,0,199463.9
6971,0,207822.7
6972,0,215700.6
6973,0,223425.4
6974,0,230801.4
6975,0,243145.8
6976,0,253131.2
6977,0,262603
6978,0.5,151765.8
6979,75.3,146813.5
6980,1126.7,90533.3
6981,1772.5,85818.7
6982,3372.1,71073.5
6983,4553.6,63938.2
6984,5959.1,58422.8
6985,7433.8,53295.7
6986,8499.6,48477.7
6987,9376.1,44241.8
6988,6887,61088.2
6989,7002.3,68088.5
6990,2960.1,131389.3
6991,1406.9,165686.7
6992,577.2,178720.9
6993,89.8,188474.3
6994,0,199417.1
6995,0,213787
6996,0,229658.6
6997,0,239260
6998,0,242177.7
6999,0,248139.5
7000,0,247064.4
7001,0,258531.3
7002,0,159276.8
7003,13.1,150333.6
7004,600.4,92131.3
7005,1159.9,87114.8
7006,2565.6,72067.1
7007,3639,64957.3
7008,4570.7,59450.9
7009,5970.2,54379
7010,7141.6,49509.4
7011,8239.1,44837.4
7012,5890.3,61994.9
7013,5801.8,69038.7
7014,2488.5,127957.6
7015,970,167530.5
7016,258.6,180451.5
7017,7.6,191525.2
7018,0,205633.2
7019,0,223081.1
7020,0,236414.3
7021,0,243509.5
7022,0,255332.1
7023,0,262010.8
7024,0,264059.8
7025,0,271455.6
7026,0,166883.8
7027,0,158225.7
7028,208.4,97077.6
7029,484.4,90592.9
7030,1251.5,74231.5
7031,2136.5,67099.2
7032,3051.3,61439.7
7033,3905.6,56389.7
7034,5250.4,51276.8
7035,6791.1,46286.4
7036,7841.2,44456.9
7037,9231,41293.8
7038,9577.5,46928.5
7039,6356.4,72366.5
7040,4937.7,86676
7041,3152.8,116433.8
7042,2508.9,131346.9
7043,1902.3,136303.8
7044,1254.6,137121.7
7045,777.3,142269.2
7046,451.4,137535.6
7047,624.9,105330.6
7048,679.8,106994.3
7049,702.8,106180.7
7050,1033.1,94165.6
7051,1440,91314.4
7052,3145.4,53487
7053,4270.6,49818.8
7054,5759.9,42462.5
7055,7071.8,37752.5
7056,9464,32190.3
7057,11697.7,27834.6
7058,13838.6,24484.1
7059,15619.1,21436.3
7060,16618.9,21281.4
7061,17763.4,19266.9
7062,21323.3,27983.5
7063,18530.4,35730.3
7064,13220,45753.6
7065,11494.2,54094.4
7066,9471.1,57813.2
7067,7294.1,60441.3
7068,5582.9,61781.3
7069,5445,62727.4
7070,3687.4,73344.2
7071,3550.6,74500.5
7072,3589.2,72619.7
7073,9702.2,50468.7
7074,9292.2,38243.5
7075,10822.2,35412.8
7076,15922.7,22246.5
7077,14601.4,22683
7078,16559.9,18474.4
7079,18220.1,16661.7
7080,17245.8,15538.9
7081,18988.9,14103.1
7082,20282.1,12936.4
7083,20665.7,12066.3
7084,12766.6,16719.5
7085,8578.1,21774.3
7086,6108.6,75351.6
7087,165.4,117192.3
7088,0,134700.5
7089,0,151418.8
7090,0,165447.4
7091,0,189812.1
7092,0,205674.5
7093,0,220804.8
7094,0,235606.7
7095,0,248825
7096,0,253582.1
7097,0,256864.4
7098,0,155697.5
7099,0,148413.2
7100,0,89697.1
7101,0,81986.5
7102,160.9,62274.9
7103,312.2,54905.3
7104,391.2,50013.8
7105,642,46014.4
7106,1079.8,42284.5
7107,1471.3,38586.4
7108,1237.9,52522
7109,1281.3,61776
7110,44,123763.6
7111,0,168693.5
7112,0,185059.6
7113,0,194321.2
7114,0,204206.1
7115,0,211544.9
7116,0,218279.5
7117,0,224161
7118,0,229394.8
7119,0,233613.4
7120,0,236933.2
7121,0,239478.7
7122,400.9,140508.5
7123,693.3,138532.5
7124,2175.2,86063.2
7125,2820.3,82377.8
7126,4640.7,67763.5
7127,5863,60689.5
7128,7509.3,54970.4
7129,8909.8,49833.6
7130,10057.5,45171.3
7131,11128.9,40856.7
7132,8572.2,57700.3
7133,8639,65103.9
7134,4028.9,123233
7135,2388.8,161632.8
7136,1636.6,172705.8
7137,932.3,181000.1
7138,519,188142.9
7139,322.8,194933.6
7140,183.1,201337
7141,42.6,208246.8
7142,6.4,214040.1
7143,88.7,217684.1
7144,91.3,222638.7
7145,331.4,225954.9
7146,2399,133641
7147,2966.3,128363.9
7148,5828.7,84457.6
7149,6856.3,80873.4
7150,10168.6,65999.1
7151,11637.4,58834.4
7152,12769.6,53177.8
7153,13930.9,48162.3
7154,15167.1,43388.9
7155,16270.7,38966.2
7156,12518.7,56094
7157,12639.4,62726.6
7158,6136.5,121076.1
7159,4055.9,159343.1
7160,3211.8,169131.5
7161,2311.8,176697.8
7162,1676.6,183086.7
7163,1048.6,189107.6
7164,579.5,194984.2
7165,173.7,201641.8
7166,118.3,207054.1
7167,52,212876.7
7168,273.8,216887.7
7169,651.7,220581.5
7170,2938.9,130914.9
7171,3453,126825.6
7172,6483.9,82790.1
7173,7795,79237.1
7174,11014.9,64481.3
7175,12503,57318
7176,13743.4,51749
7177,15180.1,46936.9
7178,16620.5,42203
7179,17874,37685.8
7180,13568.4,55109.1
7181,13187,61698.3
7182,6172.9,120099.3
7183,4154.6,158527.6
7184,2634.4,169108.4
7185,1708.5,176220.5
7186,882,183173.4
7187,302.8,191415.2
7188,8.1,204082.1
7189,0,217827.2
7190,0,236043.5
7191,0,250112.7
7192,0,251350.3
7193,0,248355
7194,197.1,141033.8
7195,567.7,137442.3
7196,1887.2,86996.4
7197,3060.5,83600.3
7198,5067.7,68860.2
7199,6497.4,61774.4
7200,8104.2,56203.4
7201,9626.4,51081.3
7202,10835,46408.3
7203,12105.6,42084
7204,12955.4,40612.3
7205,14310.8,37645.8
7206,13750,43768.5
7207,8643.8,68899.4
7208,6488.3,82689.1
7209,3778.8,111084.5
7210,2953.9,126222.3
7211,2347.7,132297.6
7212,1792.8,139974.1
7213,1177.1,145667.3
7214,760,146713.9
7215,635.5,112817.3
7216,508.8,109851.8
7217,504.1,106808.5
7218,600.7,95309.9
7219,745.5,92653.3
7220,1795,54664.4
7221,2473.5,50866.5
7222,3210.3,43339.7
7223,3982.9,38508.1
7224,5560.8,32847
7225,6989.9,28289.9
7226,8630.9,24238.8
7227,10546.3,21020.2
7228,12054,20637.3
7229,13802.2,18424.6
7230,17892.1,27259.4
7231,15440.9,34706.3
7232,11031.1,43222.8
7233,9155.4,51336.5
7234,6536.6,58064.7
7235,5611.7,64995.9
7236,4976.6,69818.8
7237,4368.8,73634.3
7238,3822.4,77680.3
7239,3642.7,79422.9
7240,3715.2,76841
7241,10096.8,52153
7242,9775.1,37916.9
7243,11548.7,34653.5
7244,18201.9,21617.4
7245,18173.6,22061.5
7246,21213.4,17809.2
7247,23915.2,15895.6
7248,23822.8,14593.7
7249,25041.2,13467.9
7250,26751.5,12370.5
7251,28211,11355.1
7252,18761.3,15516
7253,13960.9,19948.2
7254,8713.1,72524.8
7255,1999.6,112236.9
7256,1291.8,125552
7257,668.5,136290.8
7258,286.7,146056.2
7259,47.7,153971.2
7260,0,161949.9
7261,0,169581.9
7262,0,176420.9
7263,0,183154.5
7264,0,188764.1
7265,0,194390.3
7266,728.9,110544.1
7267,995.8,108642.9
7268,2818.2,68241.3
7269,3437.6,65644.1
7270,5237.6,51739.2
7271,6313.5,44802.3
7272,7212.3,39664.8
7273,7983.7,35525.7
7274,8493.3,31914.1
7275,8937.8,28681.9
7276,5809.1,43953.8
7277,5392.9,53076.3
7278,2020.5,110776.9
7279,495.3,151614.9
7280,130.9,163665.2
7281,1.5,173310.6
7282,0,182840.1
7283,0,191893.6
7284,0,199526.7
7285,0,207194.1
7286,0,214433.3
7287,0,219847.8
7288,0,219080
7289,0,229027.9
7290,21.9,132329.3
7291,127.8,131795.8
7292,847.4,82863.2
7293,987.3,79969.6
7294,1943,65748.3
7295,2973.6,59096.1
7296,3908.1,53655
7297,5162.6,48136.6
7298,6589,43143.9
7299,8158.6,38732.8
7300,6408.2,55245.1
7301,6987,62536.2
7302,3307.9,119697.6
7303,1948.5,157965.2
7304,1294.4,169158.9
7305,630.9,177627.2
7306,230.9,185145.5
7307,22.2,192574.8
7308,0,199941
7309,0,207526
7310,0,213895.9
7311,0,219142.4
7312,0,223376.4
7313,5.8,226758.4
7314,1531.7,133273.5
7315,2065.1,127602.7
7316,4902.7,83674.1
7317,6131.8,80051.1
7318,9638.7,65147.4
7319,11771.5,57880.6
7320,13440.6,52386.7
7321,15288,47460.7
7322,17694.6,42427
7323,20151.5,37545.5
7324,16184.8,54605.1
7325,16515.6,61147.8
7326,8990.9,117805.5
7327,7061.9,155356.1
7328,4764,167786.6
7329,3426.5,175312.6
7330,2418,184831
7331,1809.3,189690.1
7332,1313,194674
7333,854.4,198043.4
7334,520.1,202517.9
7335,279.6,208647.3
7336,145.7,216482
7337,696.8,218393.4
7338,3746,128494.9
7339,5334.6,124583.1
7340,10125.5,81633.8
7341,13069.4,77570.6
7342,17762.1,62464.7
7343,21338.5,55063.4
7344,24920.5,49277.4
7345,28806.4,43877.6
7346,32455.9,39056
7347,35590.1,35383.3
7348,31462,51737.9
7349,32013.5,57992.4
7350,17893.5,114513.9
7351,12875.1,151953.9
7352,9810.6,164591.1
7353,7057.5,175903.8
7354,5386.7,184095.6
7355,4298.1,185658.7
7356,3197.6,193662.2
7357,2199,204513.6
7358,1226,212468.2
7359,671.7,217780.1
7360,389.2,214165.1
7361,617.4,219509.1
7362,3006.8,129303.5
7363,4105.4,125593.9
7364,7709.6,82958.1
7365,9621.7,79442
7366,13748.9,64662.4
7367,16083.7,57726.9
7368,18062.2,52383.6
7369,19676.5,47619.9
7370,21037.3,43052.2
7371,22153.5,38662
7372,22425.9,36953.4
7373,23159.3,34081.7
7374,21345.9,41089.3
7375,15229.8,64971
7376,13913.3,75118.2
7377,8166.2,98786.6
7378,6640.3,109928
7379,5247.3,113991.1
7380,4369.2,117324.6
7381,3859.3,119474.5
7382,3318.1,121702.1
7383,3854,92578.6
7384,4159.8,94072.8
7385,4779.6,92605.3
7386,6412.7,82722.5
7387,7166.3,80511.9
7388,12630.3,43483.7
7389,14426.1,40926.8
7390,15898.5,34701.6
7391,16981.3,31124.9
7392,19847.8,26930.7
7393,21215.5,23585.3
7394,22378.8,20550.2
7395,23272.2,17708.2
7396,23374.6,17418.7
7397,24019.1,15397.6
7398,27270.3,24818.2
7399,24134.6,31898.6
7400,17862.1,39860.4
7401,14982.6,47231.4
7402,13833.7,48809.3
7403,12702.8,50018
7404,12018.8,50730.5
7405,11530.8,51224
7406,11167.8,51668.9
7407,11362.3,51759.1
7408,12244,51373.2
7409,24779.6,39506.8
7410,25829.2,32073.4
7411,28055,30127
7412,34847,17970
7413,33779.8,18524.1
7414,36638.2,14437.5
7415,38820.8,12667.5
7416,38121.2,11508.7
7417,39590,10397.2
7418,41177.8,9362.9
7419,43024.2,8364.1
7420,44950.3,7477.6
7421,33085.1,12150.1
7422,27475.8,15800
7423,15806.8,64259.9
7424,5317.8,101591.3
7425,3534.9,113539
7426,2109.9,124247.4
7427,1253,134191.8
7428,659.1,142770.4
7429,256.6,150551.9
7430,7.8,158711.7
7431,0,165952.6
7432,0,172415.6
7433,40.5,177858.6
7434,226,182402.7
7435,2092.7,103039
7436,2618,102763.6
7437,5438.4,62098.7
7438,6538.3,59513.4
7439,9591,45526.1
7440,10806.4,38628.2
7441,11730.8,34257.4
7442,12825.8,31044.4
7443,13697,28155.5
7444,14298.6,25478.9
7445,10064,39047.2
7446,9605,47077.7
7447,3909.9,103931.1
7448,1804.1,142714.4
7449,692.2,154920
7450,124.6,164047.1
7451,0,172616.3
7452,0,181347.2
7453,0,188915.6
7454,0,196054.5
7455,0,203894
7456,0,207942.9
7457,0,207490.9
7458,0,216812.2
7459,503.2,127764.4
7460,745.8,122875.4
7461,2430.6,78635.6
7462,3230.3,75651.9
7463,5009.4,61962.9
7464,6199.6,55558
7465,7128,50325.3
7466,7983.2,45425.7
7467,8618,41095.3
7468,9028,37263.3
7469,5958.5,54637.3
7470,5734.7,61987.3
7471,2158.2,118784.8
7472,476.3,160737
7473,79.7,178268.7
7474,0,190318.7
7475,0,194778.6
7476,0,206151.6
7477,0,210000.9
7478,0,213511.6
7479,0,219440.6
7480,0,223651
7481,0,227604.1
7482,0,231417.1
7483,1026.7,132486.8
7484,1550.5,130700.7
7485,3819.7,84495.9
7486,4930.5,80883.1
7487,6891.1,66171.5
7488,8519.7,59425.9
7489,9821,54192.9
7490,11111.3,49313.5
7491,12393.4,44550.1
7492,13794.4,40038.9
7493,10931.1,57032.9
7494,11009,63840.8
7495,5497.4,120890
7496,3364,158269.4
7497,2192.5,168653.2
7498,1258.9,176980.3
7499,581.5,184854.8
7500,141,193859.1
7501,18.9,202240.7
7502,0,211100
7503,0,217120.9
7504,2.5,219236.3
7505,131,222127.1
7506,439.7,225041
7507,2523.3,132363.5
7508,3167.9,126813.5
7509,6268.4,84141.8
7510,7404.3,80538.9
7511,11074.2,65611.3
7512,12793.8,58398.3
7513,14151.7,52947.9
7514,15854.1,48089.2
7515,17436.3,43346.9
7516,18607.1,38901.4
7517,14355.3,55996
7518,14548.9,62502.4
7519,7325.1,119579.4
7520,4851.8,157247.7
7521,3479.7,167144
7522,2265.6,174637.1
7523,1412.7,180967.4
7524,785.3,187471.3
7525,338.4,193540.1
7526,108.7,199642.3
7527,153.1,204808.3
7528,341,209417.6
7529,844.8,213114.8
7530,1501.7,216341.7
7531,3878.5,128825.3
7532,4506.4,125395.8
7533,7577.3,83086.8
7534,8860.8,79710.4
7535,11972,65055.2
7536,13275.3,57984
7537,14833.2,51062.4
7538,16106.5,45694.4
7539,17114.4,40671.9
7540,17776.9,36255
7541,17828.5,35089.7
7542,18648.9,32711.1
7543,17794.2,39124.2
7544,15306.9,49479.6
7545,9433.4,63233.7
7546,7182.4,75604.8
7547,6606.5,79722.5
7548,6215.4,82127.3
7549,5435,84811.2
7550,4406.3,87389.3
7551,3744.1,87438.9
7552,3722.6,82484
7553,4381.5,74781.9
7554,11704.6,49361.1
7555,15353.1,40125
7556,18319.2,35836
7557,23771.5,20883.3
7558,25437.4,20513.8
7559,28798.3,15983.4
7560,32220.9,13798
7561,35780.1,12182.1
7562,38894.1,10916
7563,41678.1,9775.3
7564,44096,8793.3
7565,46476.4,10212.4
7566,48501.6,9943.1
7567,54963,21009
7568,46540.6,29017.6
7569,40070.1,31917.6
7570,35008.3,37299.1
7571,32878.9,38921.6
7572,31307.2,40215.3
7573,29828.4,41327.8
7574,28492.4,42350.2
7575,28482.8,42978.8
7576,28870.7,43533.9
7577,29748.3,44023
7578,44032.3,36354.2
7579,43770.3,29530
7580,45972.9,27844.2
7581,53960.4,15598.6
7582,50505.2,16458.7
7583,52758.7,12422.1
7584,54634.8,10702.5
7585,53418.2,9572.6
7586,54103.4,8536.1
7587,55152.2,7572.3
7588,56387.2,6652.1
7589,42529.1,10757.1
7590,35496.4,14337.4
7591,22866.1,59358.6
7592,8016.5,96439.5
7593,4145.1,108720.3
7594,2920.8,118816.6
7595,1986.7,129646.3
7596,1189.8,138789.7
7597,545.1,158703.1
7598,94.7,175418.5
7599,0,186791.3
7600,0,192687.9
7601,0,178412.3
7602,45.2,189360.6
7603,1208.4,100056.7
7604,1807.7,102178.9
7605,4613.6,61523.6
7606,5812.9,58265.4
7607,8690.7,44016.2
7608,10752.6,36763.5
7609,12316.9,31782.9
7610,14431.2,28059.3
7611,16285.5,25158
7612,18381.2,22393.9
7613,14499.9,35392.6
7614,14318.6,44000
7615,6703.6,101197.1
7616,4552.1,139918.3
7617,3733.4,150230.7
7618,2770.3,158099.2
7619,1719.4,165420.9
7620,1120.3,171502.6
7621,557.5,178248.7
7622,151.5,184931.7
7623,6.9,190859.6
7624,48.7,195430.8
7625,233.6,199422.6
7626,496.5,203166.2
7627,2348.7,119610.5
7628,3037.8,116975.9
7629,6166,75805.9
7630,7819.2,72702.4
7631,11355.8,58790.6
7632,12875.4,52071.3
7633,14338,46707.3
7634,15999.6,41721.5
7635,17392.9,37168.9
7636,18779.1,33260
7637,14223.2,50226.9
7638,14010.5,57401.3
7639,6881.7,114061
7640,4159.3,152367.4
7641,2218.8,167698.8
7642,1699.7,175036.5
7643,1048,181040.2
7644,455,188099.5
7645,135.6,192175.1
7646,52.7,197813.8
7647,73.5,202736.9
7648,241.1,206943.8
7649,769.6,209716.4
7650,1360.5,212729.1
7651,3889.6,125838.2
7652,4975.3,122015.7
7653,8670.7,79472.3
7654,11300.8,75650.6
7655,16122.9,61057.4
7656,18903.7,53866.4
7657,22579.6,47816
7658,26381.8,42115.7
7659,29642.8,37586.8
7660,32660.1,34292.7
7661,28649.9,49858.5
7662,29788.8,55678
7663,18542.8,111681.3
7664,13762.6,149224.6
7665,10690.8,160123.4
7666,9814.8,166294.8
7667,8313.6,172536.3
7668,7298,177594.3
7669,6341.7,182090.3
7670,5085.3,187160.2
7671,4643,190958.7
7672,5467,193174.8
7673,7311.9,194900.9
7674,8829.6,197121.2
7675,13584,120590.1
7676,15703,117252.5
7677,24808.2,74402.7
7678,28380.7,70424.9
7679,34672.8,56115.3
7680,37805.1,49087.2
7681,40091.2,44091.7
7682,42439.6,40382.1
7683,44914.8,36968.3
7684,47867.4,33628.5
7685,40855.9,48713.3
7686,39372.8,54657.8
7687,21768.4,109788.2
7688,15165.4,146603.9
7689,13067.4,156412.8
7690,11596.1,163150.8
7691,9633.5,169342.5
7692,7183,175764.9
7693,6083.1,179979
7694,6909.6,182475.9
7695,7139.8,185623.4
7696,7379.1,188831.1
7697,8246,191534.5
7698,8995.4,194193.3
7699,14084.7,117888.6
7700,16656.4,114491.8
7701,26132.5,71743.6
7702,29996,67458.5
7703,36213,53702.6
7704,40211.5,47201.8
7705,44125.7,42942.8
7706,47419.9,39292.6
7707,50906.6,35739.8
7708,54457,32360
7709,56284.7,30463
7710,58517.9,28239.6
7711,53170.4,32758.4
7712,43242.6,53878.7
7713,35437.4,66019
7714,23767.6,91490.4
7715,18849.7,105614.9
7716,15349.7,110051.8
7717,12395.2,113636.1
7718,10339.4,114753
7719,8130.3,119407.9
7720,11286.3,89503.7
7721,15351.9,86772.9
7722,18622.2,83906.3
7723,22316,68840.9
7724,24491.6,71601.2
7725,35031.5,36167.7
7726,37402.3,33404.2
7727,39347.7,27450.4
7728,41097.1,24249.5
7729,44334.6,20447.2
7730,45929.7,17523.5
7731,48012.9,15501
7732,49807.9,13769
7733,50354.8,13298.6
7734,51201.1,12033.1
7735,51020.8,20691.9
7736,46095.4,27226.8
7737,37674.9,33331.1
7738,31666.8,39944.1
7739,28187.2,41660.8
7740,27313,42461
7741,25667.3,43349
7742,20957.2,45616.4
7743,20688,45838.5
7744,20214.9,46208.7
7745,21483,46024.9
7746,33787.1,36275.5
7747,33467.2,29354.5
7748,34336.8,27679.1
7749,39970.1,15814.8
7750,37104.1,16626.4
7751,38612.4,12838.8
7752,39747.4,11270.4
7753,38062.6,10243.9
7754,38561.3,9263.2
7755,39709.2,8332.4
7756,40969.7,7549.6
7757,28947.4,12300.3
7758,23456.8,15797.6
7759,14599,64527.7
7760,3452,102311.3
7761,1712.8,116871.6
7762,1087.8,128196.4
7763,667.2,135707
7764,272,147234.3
7765,82.7,155140.2
7766,0,170530.8
7767,0,181044
7768,36.7,187941
7769,378.8,179253.6
7770,929.3,185991.2
7771,2967.5,103069.8
7772,4255.5,102464.9
7773,8095.9,61253.4
7774,10164.8,58056.4
7775,14283.8,43632.1
7776,16871.9,36438.6
7777,19606,31757.2
7778,22652.2,28156.7
7779,25491.9,24951.2
7780,27512.1,22389.2
7781,22111,35689.8
7782,21752.2,43560.2
7783,11021.7,99643.3
7784,8566.1,137732.3
7785,6883.3,148676.8
7786,4937.7,156861.5
7787,4053.3,163327.1
7788,3729.8,168313.8
7789,2938,173395.6
7790,2348.1,178161.1
7791,2171.3,182449.1
7792,2575.2,186237.8
7793,3199.2,189851
7794,3806.1,193059.3
7795,6760.7,116294.3
7796,7547.9,113826.7
7797,13046.3,72709.3
7798,15526.8,69403.7
7799,21196.1,55312
7800,24254.6,48214.8
7801,26532.1,42526.3
7802,28446.1,37815.9
7803,30642,34385.5
7804,33080,31314.9
7805,27735.9,46275.6
7806,28032,52508.8
7807,16422.2,107899.7
7808,11843.5,146203.5
7809,8173.5,160337.8
7810,6251.7,166543.5
7811,5444.8,181799.1
7812,4774.8,191851.6
7813,3719.4,201713.8
7814,2533,210390.2
7815,1524.3,218979.2
7816,1232.9,222147.6
7817,2220.9,199737.7
7818,3151.3,208514.9
7819,6611.4,123032.4
7820,8285.5,119728.4
7821,13179.5,77724.1
7822,16456.1,74299.8
7823,22445.8,60228.3
7824,25385.6,53388.6
7825,28832.4,46084.5
7826,31639.3,40122.3
7827,34028.4,35181.7
7828,35975.9,31399.4
7829,37186.2,29967.3
7830,38919.6,27688.4
7831,36367.6,34160.2
7832,35967.8,41933.5
7833,29205.5,51290
7834,25546.3,63236.2
7835,22878.6,67458.4
7836,20366.6,70310.5
7837,18320.7,71981.3
7838,15230.5,74358.1
7839,13290.9,75697.1
7840,13394.4,72484.3
7841,20369.7,52579.5
7842,31215.1,41059.9
7843,38394.8,30107.9
7844,42034.5,30214.1
7845,49492.9,16762.3
7846,50384.7,17059.7
7847,54903.4,12791
7848,58793.7,10803.7
7849,60725.9,9578.3
7850,65554.4,8780
7851,70734.2,8221.3
7852,75008.4,7744.3
7853,64001.5,13670.7
7854,59324,18046.5
7855,35683.8,68165.6
7856,19991.2,104852
7857,15181.5,117938.3
7858,12666.7,127762.8
7859,10369.9,136563.7
7860,8699.2,143819.1
7861,6866.8,151134.1
7862,4753,154529.4
7863,3893.7,171119.9
7864,3923.3,170266.3
7865,4531.5,171674.2
7866,5272.4,174668.9
7867,8955.8,103580.5
7868,10029.5,102852.7
7869,16713.4,62101
7870,19093,59152.6
7871,23993.8,45355.4
7872,25798.5,38451.3
7873,27237.5,33447.3
7874,28231,29764.5
7875,29424.2,26894.1
7876,30636.2,24420.9
7877,30752.1,23359.5
7878,31505.5,21439.7
7879,30874.1,29257.4
7880,21768.4,48505.1
7881,17502.4,59826.7
7882,9046.9,85160.9
7883,6863,100675.1
7884,5923.2,108974.7
7885,4938.1,116809.1
7886,3705.2,123125.1
7887,3021.8,126924.1
7888,3218.6,95481.6
7889,3896.7,85735.7
7890,4915.3,86971.7
7891,6136.7,77173.3
7892,6955.2,74818.6
7893,13659.7,37049
7894,16820.9,34355
7895,20290.1,27871
7896,23099.2,24033
7897,27483.4,19564.3
7898,30622.9,16622.8
7899,32899.1,14398.1
7900,34968.7,12283.8
7901,38222,12357.5
7902,41320.4,11335.1
7903,44994.7,22399.2
7904,40032.5,29610.7
7905,30899.7,35617.3
7906,26026.2,43537.5
7907,25585.4,43655.4
7908,23811.7,44377.1
7909,19344.2,47920.1
7910,16326.7,50670.4
7911,16612.5,49147.9
7912,18012.5,47807.1
7913,20663.3,46634.6
7914,34102.6,38117
7915,34804.2,30837.6
7916,37103.9,29119
7917,44593.2,17089.5
7918,42621.4,17768.7
7919,44744.7,13793.8
7920,46402.3,12156.6
7921,45132.6,11047
7922,45825.1,9998.7
7923,46802.3,9058.3
7924,47877.6,8192.1
7925,35389.5,12713.8
7926,29165.3,16372.2
7927,17146.9,64433.7
7928,5441.7,101879
7929,3731.9,113496.7
7930,2876.7,123364.9
7931,2148,132529.8
7932,1454.4,140776.5
7933,1341.5,147329.2
7934,1422.5,154047.8
7935,1219.3,161421.8
7936,1495.7,166562.2
7937,2733.8,170116.5
7938,4054.4,173562.5
7939,8279.2,98887.1
7940,10137.2,97890.5
7941,17568.1,55970
7942,20821.1,52498.7
7943,28092.5,38790.3
7944,32686.7,32561.2
7945,36624.6,28094.2
7946,40414.2,24972.8
7947,43877.9,22163.8
7948,47735,19527
7949,43185.2,32508.5
7950,44223.5,39706.2
7951,26958.1,91582.8
7952,20608.6,129314.5
7953,15361.5,143288.6
7954,12077.4,153687.2
7955,9828.3,163052.3
7956,8727.4,171930.5
7957,7485.6,180284.8
7958,5947.1,187674
7959,4984.4,191856.8
7960,4870.6,190349
7961,6227.5,186174.9
7962,8138.1,186503
7963,13146,112497.6
7964,14983.5,109896.6
7965,25382.8,68830.9
7966,29677.2,64835
7967,37101.6,50339.4
7968,42091.4,43440.2
7969,46047,38440.1
7970,49927.1,34640.5
7971,53406,31368
7972,56365.3,28441.5
7973,49534.2,43336.2
7974,47736.5,49774.5
7975,26554.4,104066.6
7976,19097.7,141194.9
7977,15254.1,152341.9
7978,10673.4,162618
7979,8227.5,163868.7
7980,6890.8,183244.1
7981,5351.8,193110.8
7982,3683.5,202376.1
7983,2351.8,209814
7984,1788.7,212178.5
7985,2223.5,199204.6
7986,2406.1,204597.4
7987,4427.9,122271.8
7988,5129.6,119128.6
7989,8574.7,77741.4
7990,9936.4,74696.3
7991,13786.6,60808.3
7992,16230.6,53917.1
7993,18255.2,48577.2
7994,20175.1,43699.7
7995,21996.6,39047.1
7996,23675,34929.2
7997,18818.2,51590.3
7998,18765,58254.5
7999,9900.8,115024.2
8000,7354.3,151778
8001,5375.7,161905.4
8002,3708.5,169690.5
8003,2681.5,176103.4
8004,1850.8,182734.3
8005,1053.8,194202.7
8006,337,206771.9
8007,20.1,219503.4
8008,3.5,221809.4
8009,197.6,218392.3
8010,616.5,219448.3
8011,2170.5,127457.4
8012,2812.4,123782.7
8013,6107.3,81179.9
8014,7533.6,77925.1
8015,11541.3,63746.5
8016,13910.8,56757.1
8017,16251.3,51288.6
8018,18631.8,46281.6
8019,21051.4,41255.9
8020,23500,36493.3
8021,19929.5,52952.7
8022,21257.5,58917.4
8023,12630.4,114449.2
8024,10358.7,150976.6
8025,7571.8,163518.6
8026,6234.5,172215.6
8027,5991.7,175137.6
8028,6685.8,177677.5
8029,7003.7,181287
8030,7182.5,185006.7
8031,7961.4,188073.4
8032,9056,191001.4
8033,10170.6,193801.6
8034,11051.1,196512.2
8035,16272.1,119475.1
8036,18566.1,116615.1
8037,28481.4,74159.1
8038,32173.8,69874.9
8039,38548.9,55504.4
8040,42269.8,48645.2
8041,45700.2,43465.9
8042,48933.6,39692.7
8043,52844.5,36105.9
8044,56734.5,32578.5
8045,59524.5,30658.9
8046,62448.1,28284.2
8047,56822.3,32962.8
8048,47506.3,53675.3
8049,39400.3,66373
8050,27066.7,92571.6
8051,21894.3,107528.1
8052,18687.6,113084.7
8053,15689.4,117591.5
8054,12574.6,121905.3
8055,9980.6,124941
8056,12482.3,88271.6
8057,17265.4,83463.1
8058,21806.7,84575.6
8059,26422.9,69099.4
8060,29207,71834.3
8061,41239.3,34979.5
8062,45366,32032.4
8063,48907.9,26014.4
8064,51447.5,22827.4
8065,56953.5,19128.9
8066,61565.8,16976.6
8067,64623,15145
8068,66886.6,13447
8069,67389.3,12810
8070,68206.8,11488.9
8071,66216.3,19444.6
8072,60181.4,25878.5
8073,52145.4,31719.3
8074,48692.4,38055.1
8075,47441.6,39113.4
8076,46865.8,39843
8077,46173,40463.4
8078,46142.2,40979.3
8079,46419.8,41425.9
8080,47210.9,41754.6
8081,48847.1,41881.4
8082,62076.3,32233.5
8083,67192.4,23032.1
8084,65661.5,23849.3
8085,73777.6,12452.7
8086,71190.2,12692.3
8087,73504.6,9353.9
8088,75033.7,8378.5
8089,73586,7847.2
8090,75135.2,7340.9
8091,76704.8,6878.2
8092,78003.3,6480.2
8093,63364.5,10899.8
8094,54697.5,14163
8095,33331.4,58577.1
8096,14348.5,92821.3
8097,11580.1,103954.7
8098,10104.3,112050.6
8099,8609.1,120422.6
8100,7366.3,128323
8101,6191.1,135724.9
8102,4857.2,143014.8
8103,3877.7,149456.2
8104,4407.4,154076.7
8105,5002.6,158558.3
8106,5130.5,163098.6
8107,8224.5,94677.1
8108,9006.2,94432.3
8109,15057.7,53280.8
8110,16655.5,50328.4
8111,21711.3,38110.2
8112,24278.1,32425
8113,26089.7,28725.5
8114,27540.9,25924.5
8115,28722.9,23396.7
8116,29837.7,21012.8
8117,22766.9,34017
8118,21168.2,41862.6
8119,10017.8,95946.3
8120,7406.1,131165.7
8121,6263.4,141897.6
8122,4855.8,149942.4
8123,3444.5,156741.4
8124,2793,162745.5
8125,1626,169130.9
8126,1174.9,174930.3
8127,1425.4,179769.1
8128,1560.1,184588
8129,1875.6,188843.5
8130,2049.4,192847.3
8131,4244.8,113897.9
8132,4728.6,112645.7
8133,7858.9,71814.6
8134,9068.2,68739.7
8135,12235.4,55096.8
8136,13495,48525.1
8137,14802.2,43195
8138,16191.3,38542.6
8139,17381.4,35243.9
8140,18455.1,32436.8
8141,13738.6,47997.7
8142,13190,54650.9
8143,6281.2,110226.8
8144,4061.8,146721
8145,2801,156660.6
8146,1568.1,164494.3
8147,745.3,171618.5
8148,232.4,178505.8
8149,32.5,185174
8150,0,190987.8
8151,0,196292.1
8152,32.9,200855.7
8153,240.7,204915.7
8154,520.3,209011.3
8155,2567.9,123040.8
8156,2975.1,119946.7
8157,5845.9,78279.3
8158,6901,75112.2
8159,10206.7,61196.6
8160,11778.2,54521.7
8161,13091.7,49215.3
8162,14416.5,44362.1
8163,15860.9,39640.5
8164,17329.5,35773.8
8165,13643.7,52867.4
8166,13750.9,59140.1
8167,7075,114458.8
8168,5065.9,150655.1
8169,4091,159897.6
8170,3004.4,167008.9
8171,2076,173395.7
8172,1256.9,180034
8173,775.2,185956.7
8174,624.8,191155.3
8175,816,195922
8176,1363.9,199911.2
8177,2110.1,203701.3
8178,2482.8,207470.2
8179,5190.9,123409.8
8180,6221.5,120749.9
8181,10770.4,78357.3
8182,13118.7,74545.7
8183,17667.4,60211.9
8184,20848,53052.2
8185,23803.5,47200.2
8186,26669.4,42230.7
8187,29389.9,38348.8
8188,32309,34947.9
8189,27982.6,50131
8190,28647.8,55922.7
8191,17350.5,110226.8
8192,13683,146277.3
8193,10098,159047.5
8194,7754.3,168807.8
8195,6356.3,178430.3
8196,5785.4,186937
8197,4952.4,196526.9
8198,3784.7,203755.2
8199,2818.7,210665
8200,2684.6,211734.6
8201,3859.1,202633
8202,4657.5,203107.7
8203,8753.6,123218.4
8204,10178.4,120415.8
8205,16368.6,78277.3
8206,19913.5,74432.7
8207,26366.3,59966.5
8208,30082,52645.4
8209,32835.7,47098.3
8210,35062,42581.5
8211,37035.2,38252.8
8212,40024,34326.8
8213,42056.5,32606.1
8214,43886,30469.2
8215,39620.3,36821.9
8216,31607.2,58257.4
8217,28535.9,68358.8
8218,20563.4,91687.1
8219,17565.3,103044
8220,15358.7,106322.4
8221,11923,110309.3
8222,10024.5,113756.7
8223,7644.2,120266.1
8224,11761.9,89967.7
8225,17665.3,86462.5
8226,21429,83538.8
8227,26090,68386.8
8228,29098.8,70416.7
8229,41814.9,35781.8
8230,46324.6,32756.9
8231,50101,26477.3
8232,52867.9,23170
8233,58113.4,19474.4
8234,62889.7,17223.4
8235,66744.5,15309.2
8236,70258.3,13575.3
8237,72448.5,12925.9
8238,75301,11591.4
8239,75559.9,19128.9
8240,70729.3,25089.2
8241,59683.1,30683.6
8242,52895.4,37384.6
8243,50011.9,39619.4
8244,48127.2,41333.7
8245,45581.1,43062.3
8246,41869.7,45081.3
8247,40180.6,45892.6
8248,42471.8,44368.2
8249,51149.3,41784.1
8250,67965.2,31592.2
8251,75658.6,22225.4
8252,76228,22874.8
8253,86619.7,11511.8
8254,86026.1,11386.7
8255,90344,8891
8256,93920.3,8043.2
8257,98047.7,7603.5
8258,101734.4,7174.9
8259,104941.7,6784.7
8260,107524.5,6398.7
8261,94128,10733.1
8262,85537.8,13822.5
8263,58337.7,55009.7
8264,34621.9,87577.2
8265,25339.8,100451.7
8266,19585.1,109359.3
8267,16685.1,117569.7
8268,15553.2,124959.8
8269,14755.8,131591.9
8270,13622.3,138152.1
8271,13141.5,143943.9
8272,13360.7,148940
8273,14448.3,153182.9
8274,14819.6,157506
8275,21922.7,89068
8276,23898.1,88614.5
8277,36404.5,48127.1
8278,39558.2,45302.7
8279,46767.2,34805.4
8280,49519.1,29681.3
8281,51376.9,25980.5
8282,53836.4,23135.7
8283,56079.9,20699.2
8284,57763.1,18989.3
8285,49751,31978.4
8286,45795,38935.1
8287,23877.2,89364.5
8288,16150.5,124575.2
8289,13227.1,136118.5
8290,9101.2,146411.5
8291,6213.1,151540.2
8292,5087.5,163865.3
8293,3911.5,177649.2
8294,2744.8,182730
8295,1995.6,183999.6
8296,2083.3,184766.3
8297,2978.2,185589
8298,4305.6,187533.1
8299,8834.5,109935.5
8300,10691.8,108253.5
8301,17338.2,67339.2
8302,20782.4,63017.9
8303,28693.5,49246.1
8304,34319.5,42610.5
8305,38673.5,38288.5
8306,42345.1,34476
8307,45589.8,31075.6
8308,49843.5,28048.2
8309,45342.4,42731.7
8310,45845.5,49011.6
8311,27391.4,99777.3
8312,21327.5,135478.1
8313,16237.2,148896.7
8314,12991.1,158851.9
8315,10837.8,167530.5
8316,9774.1,175218
8317,8627.1,180171.3
8318,7154.3,184067.8
8319,6615.5,184040.1
8320,7054.7,184463.2
8321,8385.2,186076.2
8322,8780.7,188716.4
8323,12519.4,115148
8324,13110.4,113348.6
8325,20713.9,73004.5
8326,23337.3,69152.8
8327,29124.1,55182.8
8328,32587.1,48530
8329,36003.5,43183.4
8330,39350.2,38531.5
8331,42705.2,34851.1
8332,46653.3,31534.6
8333,41505.1,46543
8334,41709.3,52339.7
8335,24540.9,104465.9
8336,19005.8,140310.5
8337,15191,152443.9
8338,12056.3,161688.5
8339,10437.5,168951.2
8340,9421.3,178293.6
8341,8286.1,186439.8
8342,6645.3,192495.4
8343,5582.4,194238.4
8344,5785.3,190807.6
8345,7221.3,189636.4
8346,8459,191748.1
8347,12975.3,116566.7
8348,14443.9,114296.9
8349,23840.1,73582.7
8350,27247,69783.7
8351,33221.9,56115.2
8352,36460.1,49724.2
8353,39156.9,44687.2
8354,41476.4,40179.1
8355,44270.4,36099.2
8356,47071.4,32835.9
8357,40242.2,48620.5
8358,39308.7,54540.4
8359,21193.8,108089.4
8360,15376.9,144338.4
8361,13577.3,153812.2
8362,11744.1,160627.2
8363,10210.8,166284
8364,8743,171393.2
8365,7806.4,175677.4
8366,7163.1,179489.8
8367,6906.4,183014.4
8368,6922.8,186357.6
8369,7589.2,189172.5
8370,7670.6,192372.2
8371,11214.9,116876.4
8372,12104.5,114796.5
8373,19437,73946.9
8374,21806.8,70272.2
8375,27025.1,56351.1
8376,29388.6,49813.6
8377,31462.2,44749.4
8378,33812.2,40400.7
8379,35973.5,36872.1
8380,38373.3,33525.2
8381,40575.6,31727.1
8382,43310.6,29512.5
8383,40286.8,34749.9
8384,32520.2,55829.6
8385,27263.2,67423.5
8386,16141.9,93084.8
8387,11983.1,108516.6
8388,10345.9,111786.7
8389,8256.3,117737.2
8390,6911.8,121995.3
8391,5761,125795.4
8392,6436.2,95380.2
8393,9248.7,85730.7
8394,11622.4,87587
8395,14670.8,72568.7
8396,16434.8,75401.7
8397,27386.7,38235.2
8398,30831.7,35565.7
8399,33582.5,29485.9
8400,35297.7,25917.2
8401,38718.8,21721
8402,40393.4,18669.4
8403,41741.3,16092.3
8404,43355.2,14180.2
8405,43920.9,13750.8
8406,44685.8,12503.3
8407,45437.9,22164.9
8408,40885.2,28867.1
8409,32980.3,35084.3
8410,29211.5,41565.5
8411,27424.3,42802.5
8412,25859.4,43738.5
8413,24703.5,44413.7
8414,23945.8,44994.1
8415,23301.1,45620.2
8416,22957.5,46259.4
8417,26570.8,45640.9
8418,40983.9,35762.7
8419,46951.5,26232.5
8420,46989.9,26721.2
8421,56077.1,14767.2
8422,55300.3,15210.1
8423,59063.4,11323
8424,62191.4,9595.4
8425,62327,8627.6
8426,64496.5,8082.2
8427,67021.6,7556.2
8428,70360.8,7060.1
8429,57744.7,11431.6
8430,52093.3,14864.4
8431,33553.8,60280.7
8432,16337.6,94210.8
8433,12469.1,107597.9
8434,10488.1,116546.9
8435,9894.4,124067.4
8436,9913.9,130917.4
8437,9956.7,137322.6
8438,8358.1,144888.5
8439,7198.1,152203
8440,8940.1,154758.7
8441,12443,157193.9
8442,14540.1,160591.8
8443,22165.9,91601.3
8444,25466.4,90678.4
8445,39327.2,49219.2
8446,44432,46020.3
8447,53338.7,34953.8
8448,57941,29503.6
8449,62464,25438.4
8450,67999.3,22425.7
8451,72497.3,20522.8
8452,76429.7,18898
8453,71054.3,30611.8
8454,69284.4,36947
8455,45819.1,84240.5
8456,33991.8,119115.2
8457,24842.1,133656.7
8458,19135.5,144283.5
8459,16957.7,152868
8460,15831.5,159921.5
8461,14784.9,166544.7
8462,12811.9,173382.4
8463,11167,178059.4
8464,10921.3,178746.8
8465,13931.3,168127.7
8466,16731.3,177799.1
8467,24871.4,104648.8
8468,28945.8,102991.8
8469,42174.6,62279.7
8470,47072.5,57899.1
8471,56344.4,45325
8472,60893.1,39877.9
8473,66989.1,35801.3
8474,72587.4,31977.8
8475,77008.6,28520.9
8476,80768.4,25474
8477,75629.2,40205.4
8478,74159.6,46120.1
8479,49082.1,92469.8
8480,37404.4,128206.7
8481,28813.5,141858.2
8482,21318.7,151855
8483,17847.5,160636
8484,15860,167987.1
8485,14300.6,174548.1
8486,12036.8,180958.5
8487,10233.1,184961.8
8488,9955.8,184075
8489,12129.5,178099
8490,14288.1,183404.7
8491,20467.1,109572
8492,23368.9,107505.7
8493,35819.4,67469.5
8494,39649.6,63235.7
8495,48641.8,50673.3
8496,53003.4,43980
8497,57263.4,39400.3
8498,61913.9,35870
8499,65431.6,32360.7
8500,68612.1,29140.2
8501,62874,43800.7
8502,61373.3,49787.5
8503,36736.6,98718.5
8504,26740.3,134867.9
8505,23507.3,145115.1
8506,20021.3,152586.8
8507,17647,158454
8508,15405.9,163920.1
8509,13781.1,168598.7
8510,12204,172894.2
8511,11498.6,176431.8
8512,11715.2,179284.4
8513,12620.4,181683.3
8514,13100.6,184267.1
8515,19112,110465.4
8516,20711.4,108511.3
8517,30805.5,67907.2
8518,33546.4,63825.7
8519,40374.1,51363.2
8520,43668.8,45286.2
8521,46017.2,41407.4
8522,48281.6,37994
8523,50955.1,34647.3
8524,53084.7,31464.3
8525,45698.9,46496.1
8526,43059.4,52340.9
8527,23021.5,103024.3
8528,16497.7,138834.5
8529,14388.8,149003.6
8530,12165.1,156233.3
8531,10249.1,162200.1
8532,8808.2,167384.1
8533,7802.5,171845.1
8534,6929.8,176000.7
8535,6681.8,179485.6
8536,6838.3,182527.2
8537,7257.5,185295.9
8538,7469.6,188104.7
8539,11048.1,114079.6
8540,11817.4,112261.7
8541,19162.4,71538.6
8542,21785.7,67657.7
8543,27500.6,54251.6
8544,30339.8,47880.2
8545,32749,43277.6
8546,34833.6,39824.7
8547,36566.3,36458.2
8548,38283.4,33236.4
8549,39222.7,31504.3
8550,40559.9,29427.8
8551,37255.9,34387.3
8552,29649.6,55254.4
8553,27772.5,65286.5
8554,18797.5,87018.2
8555,16083.9,98021.4
8556,14188.8,101376
8557,13524.5,103703.9
8558,13379.5,105536.9
8559,13608.7,107087.8
8560,20177.5,77370.8
8561,23180.4,79751
8562,25176.9,79015.7
8563,28718.7,65293.3
8564,30843.8,68066.2
8565,42579.2,34254.7
8566,46809.5,30919.9
8567,50907,25689.2
8568,54322.4,22432.4
8569,60105.2,18963.5
8570,65756.9,16757.4
8571,71399.3,14885.6
8572,77119.3,13139.9
8573,81314.6,12413.4
8574,86272,11042.1
8575,87959.3,16561.8
8576,82850.4,22326.8
8577,72865.4,28123.1
8578,64746.9,34158.3
8579,60924.1,35786.1
8580,58552.9,37341.3
8581,56224.6,38687.7
8582,52349.8,40506.3
8583,50133.6,41524
8584,51875.1,40913.6
8585,60198.3,39314.7
8586,77757.2,29176.9
8587,85234.8,19908
8588,85086.2,20753.9
8589,95187.5,10259.6
8590,94088.2,10571.5
8591,98647.7,8672.6
8592,102464.3,7879.1
8593,111234.3,7259.6
8594,116746,6753.6
8595,121733.4,6296.3
8596,126140,5899.4
8597,128563.5,6235.4
8598,131445.7,6069.5
8599,139577.1,11333.7
8600,122048.5,17699.8
8601,109496.1,19920.8
8602,98935.5,25186.5
8603,94456.4,26813.6
8604,90249,28261.4
8605,87100.2,29433.7
8606,86078.5,30370.4
8607,84689.6,31252.7
8608,84246.7,32009.9
8609,84200.4,32678.1
8610,101350,25338.9
8611,106410.8,16698.9
8612,101337.1,17989
8613,112070.4,7605.7
8614,106013.7,8171.8
8615,108235.7,6469.5
8616,109483.5,5704.7
8617,109333.1,5284.5
8618,110938.7,4911.4
8619,112267.8,4561.8
8620,113940.4,4227.7
8621,99033.2,7413.4
8622,86827.8,10463.2
8623,64697.1,45016.6
8624,38501.4,75732.3
8625,28434.8,88392.6
8626,20878.1,100384.8
8627,15486.6,111847
8628,12094.4,123226.8
8629,9603.1,134007.5
8630,7209.3,144550.4
8631,5769.4,151835.7
8632,5679.9,151616
8633,7038.3,145187.6
8634,8867.7,152870.2
8635,13910.8,85574.8
8636,16014,85445.7
8637,28157.1,44167.2
8638,32474.2,39704.5
8639,41343,29340.8
8640,45503.6,24469.7
8641,48630.2,21323.2
8642,51891.2,18917.4
8643,55292,17259.2
8644,58319.8,15705.4
8645,50769.7,26482.1
8646,45906.5,33100.4
8647,25382.3,84988.9
8648,15994,121184.7
8649,14384.8,132349
8650,12489.2,140782.8
8651,10817.8,147729.6
8652,9096.7,154008
8653,7918.6,159477.7
8654,7101.8,164424.7
8655,6716,168788.5
8656,6810.6,172493.7
8657,7292.7,175623.1
8658,7518.7,178692.9
8659,11090,106754.4
8660,11724.4,105722.1
8661,18529.8,65246.6
8662,20287.2,61720.1
8663,25094.9,48157.4
8664,27165.2,42045.6
8665,28920.5,37883.9
8666,30400,34368.4
8667,31591,31158
8668,32506.2,28451.9
8669,25438,43259.9
8670,23727.6,50055.6
8671,11639.4,103678.7
8672,8904.4,139829.4
8673,7401.8,150109.2
8674,5115.7,158153.5
8675,3258.5,165667.1
8676,2169.7,174077.2
8677,1606.7,179054.3
8678,894,187158.3
8679,281.6,195951.4
8680,257,198879.2
8681,871.7,199019.6
8682,1270,201382.3
8683,3672.2,118248.2
8684,4622.2,116262.6
8685,8187.2,75373.2
8686,10209.5,72053.5
8687,14393.8,58032.7
8688,17134.1,50966.8
8689,19817.9,45372.3
8690,22378.3,40637.9
8691,24860.9,36416.2
8692,27452.3,33200.6
8693,22971.3,48947.5
8694,23263.7,55103.8
8695,12697.1,109543.5
8696,10252.4,145848.1
8697,7741.3,157459.8
8698,5598.9,167281.9
8699,4534.5,175993.2
8700,3982.4,183841.6
8701,3256.5,191996.2
8702,2391,197468.7
8703,2040.1,197012.2
8704,2075.9,198302
8705,2529.5,200136.5
8706,3115.3,202535.1
8707,6713.8,121378.4
8708,8261.2,118757.2
8709,14185.3,77052.6
8710,16641.5,73684.9
8711,21976.6,59901.1
8712,24428.3,53252.5
8713,26334.1,47928.1
8714,27953.6,43270.6
8715,29206.8,38946.4
8716,30423,34919.1
8717,30834.4,33244.1
8718,31870.8,31201.1
8719,29930.5,37945.7
8720,22337.3,59836.1
8721,20738.1,69652.5
8722,13963.7,93177.9
8723,11615,104622.8
8724,9606,108231.7
8725,8158.6,111081.6
8726,7575.1,113155.2
8727,7752.5,114608.5
8728,10563.6,84898.7
8729,11400.5,87089.4
8730,11800.2,86180.8
8731,13225.2,76951.1
8732,13704.9,74851.5
8733,22285,40315.5
8734,25023.4,37660.4
8735,27443.8,31404.2
8736,29144,27700.1
8737,32500,23320.8
8738,34126.5,19864.1
8739,35432.9,17127.7
8740,36534.4,14603.1
8741,36781,13865.5
8742,37931.5,12572.5
8743,41253.7,22588.2
8744,37549.3,29259.1
8745,30259.4,35655
8746,26580.2,42390.3
8747,25131.7,43635.7
8748,24029.1,44487.7
8749,23074.6,45136.8
8750,22603.1,45586.1
8751,22497.7,45872.6
8752,23073,46020.6
8753,24662.5,46091.5
8754,37627.6,36593.6
8755,42544.7,27088
8756,41840.8,27595.3
8757,49754.8,15565.1
8758,48079.2,16163.6
8759,50770.3,12281.1
8760,52882.7,10640.5
8761,112007.9,4691.8
8762,111852.6,4330.6
8763,113448.9,3979.4
8764,114970.4,3660.8
8765,115343.1,4600.9
8766,115987.1,4680.8
8767,139565,15868.2
8768,111259.5,22487.2
8769,105891.5,22245.2
8770,89432.9,26393.3
8771,86387.9,27671.4
8772,83298.7,28962.2
8773,80659.4,30124
8774,78758.7,31157.8
8775,77771.1,32039.8
8776,77699.9,32772.3
8777,78620.9,33337.7
8778,103891.8,28420.1
8779,110492.4,20089.1
8780,101815.2,20896.7
8781,118470.5,9758.9
8782,108629.4,9988.7
8783,111437.1,6392.2
8784,113683.5,5168.2
8785,112250.3,4614.3
8786,113346.3,4198.3
8787,115152.2,3832.5
8788,117727.5,3492.3
8789,104385.4,4924.6
8790,89322.1,7573.2
8791,72428.9,39763.6
8792,43540,68461.6
8793,35516,83215.8
8794,29794.5,97266.1
8795,25850.6,109629
8796,22979,120764.6
8797,20034.6,132053.5
8798,16482.5,143448.9
8799,13242.3,152356.5
8800,10818.9,155411.3
8801,9767.9,150465.3
8802,8634,151353.5
8803,16372.2,84829.5
8804,16529.4,84441.2
8805,29291.6,42691.9
8806,32569.6,37869.8
8807,43044.4,25098.5
8808,48391.3,20128.8
8809,52573.6,16894.9
8810,56110.8,14322
8811,59566.9,12840.3
8812,63311.2,11540.2
8813,56362.2,21574.2
8814,51256.8,27738.5
8815,33892.4,81080.8
8816,17039.6,117186.8
8817,12989.8,129092.2
8818,9235,139436.4
8819,7675,147423.4
8820,6896.8,153467.6
8821,6024.2,158987.9
8822,5175,163738.1
8823,5207,167174.2
8824,5670.7,170662.8
8825,6472.1,173835.2
8826,6938.7,176967.6
8827,10781.6,106064.3
8828,11821.8,105564.8
8829,19287.9,64986
8830,22489.6,61249.8
8831,28757.7,46971.7
8832,32768.6,39862.9
8833,35833.3,35338
8834,38279.4,31802.8
8835,40507.4,28776
8836,43424.6,26150.8
8837,37037.4,40132.9
8838,35801.4,47246.1
8839,19983.8,100582.8
8840,14642.5,135222.1
8841,13049.4,145461.8
8842,11418.4,152633.9
8843,9729,158839.6
8844,8123.4,164425.5
8845,7254.5,169041.7
8846,6595,173264.1
8847,6371.4,176948.1
8848,6508.4,180121.6
8849,7198,182682.3
8850,7565.5,185431.2
8851,11269.7,112889.8
8852,12372.1,111527.9
8853,19985.7,70580.3
8854,22400.7,66951.6
8855,27479.5,53141.4
8856,29611.6,46636.8
8857,31361.6,41941.6
8858,33272.3,38242
8859,34951.3,34876.6
8860,36405,31794.1
8861,29728.8,46958.7
8862,28751.5,53150.7
8863,15319.1,106564.3
8864,11504.7,141323.1
8865,10295.8,151014.1
8866,8622.5,158197.5
8867,6540.2,164759.3
8868,4812.7,170974
8869,3985,175775.5
8870,3335.9,179571.5
8871,3781.7,181822.6
8872,4341.6,184749.9
8873,5034.1,187914
8874,5493.6,191252.3
8875,8926.9,116540.8
8876,9883.7,114801.8
8877,16246.7,73901.9
8878,18346.5,70282.8
8879,23711.6,56378.5
8880,26241.9,49646.1
8881,28340.4,44680.2
8882,30371.4,40517
8883,32463,37066.2
8884,34215,33852.7
8885,27996.9,49139.4
8886,27182.7,55087.6
8887,14601.9,109135.5
8888,11147.7,143987.1
8889,9745.4,153503
8890,8127.8,160388.8
8891,6809.9,166107.8
8892,5759.3,171191.3
8893,4839,175838.7
8894,4361.1,180072.2
8895,4387.3,183776.1
8896,4628.5,187341.5
8897,5211,190846.5
8898,5447.2,194618.5
8899,8540.7,118733.1
8900,9318.6,116789.9
8901,15440.9,75599.9
8902,17963,71649.1
8903,24422.7,57045.3
8904,28500.8,49692.1
8905,32154.5,44444.1
8906,35905.3,40712.3
8907,39546.4,37130.8
8908,42808.5,33676.5
8909,45417.3,31799.1
8910,48658.1,29536.9
8911,46559.2,34781.1
8912,39514.3,55260.6
8913,36248.2,65788.3
8914,25803.9,88477.9
8915,21441,100396.9
8916,17985.8,105026.4
8917,14251.4,111496.8
8918,12187.8,116166.6
8919,10765.9,118547
8920,16704.4,85895.6
8921,22610.9,83873.8
8922,27542.1,80756.5
8923,32435.9,65557.1
8924,35699.1,67850.5
8925,49728,33721.1
8926,54796.6,30332.8
8927,59499.1,25032.4
8928,63393.1,21909.4
8929,70795.5,19034.5
8930,76551.4,16941.5
8931,81367.5,15125.3
8932,86282.8,13418.8
8933,89836.8,12643.2
8934,94015.6,11282.7
8935,95029.3,16919.5
8936,88366.4,22649.8
8937,76600,28392.5
8938,68768.5,34508.9
8939,65194.2,36312.9
8940,63174.1,37666
8941,60971.1,38926.4
8942,56645.3,40926.6
8943,53371,42556.8
8944,54078.4,42213.3
8945,62305.1,39814.7
8946,81962.5,29093.3
8947,90544.3,19702.8
8948,91343.5,20350.4
8949,102858.6,10085.1
8950,102514.9,10306.2
8951,108148.5,8627.6
8952,114223.6,7857.1
8953,120053.7,7387
8954,124458.3,6860.3
8955,128726.4,6341.3
8956,132802.4,5834.4
8957,121088,9833.1
8958,112455.2,12834.3
8959,83928.2,48791.3
8960,55743.2,80134.9
8961,43353.5,93090.3
8962,33106.1,104579.2
8963,26731.4,114410.2
8964,23022.5,123398.6
8965,19567.7,129921.2
8966,16867.4,135357.4
8967,17372.2,139116.7
8968,18835.5,143127.6
8969,20243.9,147278.1
8970,20950.1,151482.9
8971,32641.7,85093.5
8972,35702.4,84547.9
8973,50596.2,45650.2
8974,54054,42843.8
8975,61994.7,32673.1
8976,65276.7,27494.6
8977,70524.3,23859
8978,74847,21784.3
8979,78160.4,20117.9
8980,80893.1,18554.2
8981,72189.3,29848.9
8982,67221.7,36118.4
8983,41676.1,82764
8984,28491,116507.9
8985,24410.6,127506.2
8986,21155.8,135669.4
8987,18084.2,142796.6
8988,15537.6,149332
8989,13567.1,154942.4
8990,12142,159932.2
8991,12442.4,163741.4
8992,11619.8,168050.8
8993,11701.1,171553.5
8994,11865.8,174780.1
8995,16721.6,103764.2
8996,17401.7,103049.2
8997,25402.4,63166.9
8998,26830.1,59572.6
8999,31940.7,47592.7
9000,33608.6,42530.1
9001,34453.8,38754.1
9002,34869.1,35255.7
9003,34954,32148.8
9004,36887,29144.2
9005,32696.2,43859.9
9006,33512.7,49729.9
9007,20425.6,99344.8
9008,17573.6,132188.3
9009,17514,141600.7
9010,16697.6,148683.1
9011,16036.3,154583.1
9012,16840,158891.4
9013,16317.7,163498
9014,15315.6,167996.8
9015,15810.4,171376.7
9016,16311,174527.3
9017,17935.6,176816.1
9018,19118.1,179103.4
9019,27888.5,106230.8
9020,30703.2,104008.5
9021,42815.6,63736.1
9022,46996.1,59799.4
9023,55576.5,48654.4
9024,59788.3,43429.4
9025,63925.7,39400.2
9026,68774.3,35803.5
9027,72739.1,32249.4
9028,76187.3,28964.6
9029,71008.7,43499.2
9030,69176.9,49381.7
9031,44871.5,95086
9032,33076.9,129011.7
9033,23759.2,142724.7
9034,17589.3,152152
9035,15272.7,158731.6
9036,13143,164499.3
9037,11771,169242.4
9038,10646,172302
9039,11083.8,174700.7
9040,12569.5,176902.9
9041,13327.8,179649
9042,13537.5,182531.3
9043,18900.1,110137
9044,20226.9,108512.6
9045,30205.3,68367.9
9046,32192.2,64752.3
9047,37774,52472
9048,39915.4,46358.1
9049,41467.1,42362.4
9050,42827.8,38985.2
9051,44450.8,35673.3
9052,45845,32543.4
9053,37827.3,47805.3
9054,34702.8,53655.5
9055,17594.3,105276.3
9056,12471.1,140010.1
9057,10439.3,149993.2
9058,7878.5,157572.1
9059,5181.7,164644.8
9060,3604.6,171351.7
9061,2613.5,180669.1
9062,1629.8,191393.8
9063,856,201139.8
9064,603.9,201502.4
9065,991,194242.3
9066,1397.3,202474.8
9067,4040.7,118811.6
9068,5768.8,116355.1
9069,10688.4,75043.5
9070,13605,70980.2
9071,18707.1,56847.3
9072,22605.8,50098.9
9073,26256.2,44871.8
9074,30116.2,40286.2
9075,33868,36601.2
9076,36858.9,33233.9
9077,38387.4,31603.1
9078,40789.1,29507.4
9079,38719.6,35156.6
9080,30756.4,56091.3
9081,28167.8,66457.2
9082,18351.7,89898.3
9083,17184.6,100505.6
9084,14379.6,104257
9085,12840.8,106808.5
9086,11496.7,109187.5
9087,10707,111208
9088,15083.3,81124.2
9089,16504.5,82989.5
9090,17479.4,81844
9091,19119.7,68444.8
9092,19699.1,71297.4
9093,30598.3,37550.8
9094,32995,34788.2
9095,34944.1,28714.3
9096,36063.6,25182.3
9097,38923.1,21341.3
9098,40212.6,18359.8
9099,41241.6,15782.7
9100,42379,13906.1
9101,43199.5,13431.2
9102,44725.4,12129.6
9103,47596.9,21315.7
9104,42876.9,27970.7
9105,34773.4,33978.9
9106,29927.7,40678.6
9107,27292.1,42186.9
9108,25646.2,43199
9109,24186.1,43955.6
9110,22923.9,44625.7
9111,22555,45130.5
9112,22786.9,45509.1
9113,24011.5,45601
9114,37567.2,35968.1
9115,38526.7,29071.2
9116,40590.6,27318.4
9117,47909.1,15407.4
9118,45452.5,16108.1
9119,47776.5,12298.6
9120,49660.3,10699.7
9121,51326,9484.9
9122,52809.3,8423.6
9123,54312.8,7598.4
9124,55999,7089.1
9125,57039.1,8077.4
9126,58660.8,7859.5
9127,70950.6,19396.2
9128,58301.9,26771.7
9129,51056.8,28879.7
9130,42473.5,34466.7
9131,40268,36242.3
9132,38312.5,37764.6
9133,36327.8,39187.6
9134,34899.9,40408.7
9135,34349,41242.1
9136,34260.2,41928.9
9137,35803.8,42104.2
9138,54071.6,34722.5
9139,53214.8,27977.4
9140,56068.2,26293.5
9141,66440.4,13949.7
9142,61984.2,14896
9143,64464.6,10952.6
9144,66433.1,9266.7
9145,65225.9,8169
9146,66171.9,7123.4
9147,67398.4,6146.4
9148,68687.4,5508.3
9149,54857.1,8976.1
9150,45302.1,12462.8
9151,30218,55322.1
9152,13779.1,90309.9
9153,8898.6,102295.6
9154,5020,111216.9
9155,3085,118889.2
9156,2566,125574.2
9157,1529.7,134206
9158,978.5,141611.5
9159,691,148868.8
9160,706.7,154982.2
9161,1190.4,160253.2
9162,1846.2,165309.5
9163,4684.9,95190.8
9164,5582.3,95008.9
9165,9839.1,53810.1
9166,11742,50502.8
9167,15992.2,37284.9
9168,18589.2,31433.6
9169,20979.4,27599.2
9170,23770,24292.8
9171,26425.7,21345.5
9172,29022.4,18915.6
9173,21716.2,30976.9
9174,20112.9,38774
9175,10679.6,94633.2
9176,7642.8,128604.9
9177,5793.4,140236.3
9178,4206.7,148442
9179,2953.3,155573
9180,2001.8,162834.2
9181,1415.4,172805.8
9182,793.4,182932.1
9183,366.6,196953.4
9184,369.5,204307.7
9185,836,193716.7
9186,1707.6,195782
9187,5009,114123.2
9188,6447.5,112945.4
9189,11118.7,71969.9
9190,13622,68853.4
9191,18747.9,54820.7
9192,21699.9,47828.1
9193,23994.3,42128.5
9194,25977.4,37034.6
9195,27703.1,33171.7
9196,29526.9,30304.5
9197,24960.5,45264.9
9198,25161.7,51758.7
9199,13961.5,106877.7
9200,11353.2,141424.4
9201,9533.1,151872.4
9202,6321.9,161774.4
9203,4683.7,172413.1
9204,4156.9,183104
9205,3613.5,192580.1
9206,2615.3,201411.2
9207,1711.7,208639
9208,1376.2,212341.2
9209,1901.9,206307.3
9210,2459.5,204328.2
9211,5326.1,121815.6
9212,6928.2,119445.6
9213,11588.3,77559.3
9214,14500.5,74054.8
9215,20667.5,59579.6
9216,24800.9,52104
9217,28224.2,46253.7
9218,31202.4,41209.5
9219,33957.3,36635.4
9220,36928.9,32775.3
9221,32047.8,49162.4
9222,32254.3,55570.6
9223,18475.5,110090.6
9224,13920.1,145086.9
9225,11520.5,155323.3
9226,8306.7,164447.9
9227,6166.9,166199.5
9228,5350,187564.7
9229,4545.8,197486.5
9230,3272.4,206589
9231,2127,215045.3
9232,1641.5,219744.9
9233,2182,206894.7
9234,2955.6,208015.9
9235,5734.3,124366.8
9236,7233.5,121761.5
9237,11751.6,79635.9
9238,14177.4,76451.5
9239,19627.3,62414.7
9240,22459.8,55448.7
9241,24866.1,49905.7
9242,27146.1,44834.6
9243,29271.5,39975.2
9244,31117.1,35685.3
9245,32172.7,33170.6
9246,34377.2,30673.4
9247,32887.4,37619
9248,25161.9,59923.3
9249,22831.2,70685.1
9250,14216.9,95028.8
9251,11730.9,106783.3
9252,10029.4,110369.7
9253,7390.2,115388.9
9254,5938.3,120605
9255,5052.1,123174.8
9256,6503.7,91757.5
9257,8592.3,91661
9258,9960.1,89843.5
9259,12015.3,80306.6
9260,13135.8,78046
9261,22986.4,40634.6
9262,26262,37889.8
9263,29150.5,31538
9264,31395.4,27761.7
9265,35371.2,23309.4
9266,37712,19773.1
9267,39708.2,16671.1
9268,42237.5,14351.1
9269,44855.9,13847
9270,48216.4,12519.7
9271,51970.4,22022.6
9272,49636.6,28337.2
9273,42164.1,34337.9
9274,36908.3,41187.9
9275,36127.2,42071.5
9276,34110.4,43687.7
9277,31643.3,46673.2
9278,29482.4,49060.4
9279,28085.9,50336.6
9280,29936,48607.4
9281,35878.6,45822.2
9282,52932.6,35067.7
9283,60776.4,25490.2
9284,61773,25893.2
9285,72123,13915
9286,72246.4,14098.8
9287,77248.7,10117.9
9288,81723,8709.7
9289,84202.8,8154.2
9290,89141.1,7564.7
9291,93640.6,7011.5
9292,97758.7,6577.8
9293,85903.3,11069.1
9294,79817.2,14240
9295,54747,57199
9296,33872.2,89738.7
9297,23840.9,104649.8
9298,17654.3,116243.4
9299,14562.2,126891
9300,12970.9,136394.2
9301,11886.6,145696.7
9302,9892.1,154478.5
9303,8078,161510.5
9304,7464.2,162292.4
9305,8503.6,160153.7
9306,10976,161827
9307,16365.7,95315.2
9308,18993.4,95003.1
9309,30672.4,54092.3
9310,34864.6,50307.2
9311,43063.1,36358.9
9312,46959.3,30724.1
9313,49995.6,26942.4
9314,54145.3,23983.6
9315,57619.9,21430.6
9316,60520.3,19411.8
9317,52250,32709.1
9318,50161.2,39596.1
9319,27730.4,91706
9320,20008.9,125501.2
9321,17598.6,136027.1
9322,15518,143936.4
9323,13465.3,150510.9
9324,10973.2,156681.6
9325,9402.4,162070.3
9326,7730.3,167459.2
9327,6853.1,171866.9
9328,7551.6,174606
9329,8739.2,177169.2
9330,9599.9,179851
9331,14029,108545.6
9332,15665.3,107558.5
9333,24470.4,66960.6
9334,27755.2,62987.3
9335,34652.4,49033.5
9336,38913.5,42672.1
9337,42857.9,38521.4
9338,46884.7,34607
9339,51793.4,31095.2
9340,56689,27916.4
9341,52240,42527.8
9342,52936,48664.9
9343,33127.2,98165
9344,25817.4,132018.6
9345,19142.1,145606.3
9346,15158.9,155346.6
9347,12661.3,164293
9348,11390.3,171895.5
9349,10514.8,179670.8
9350,8686.2,187540.1
9351,7110.1,193758.4
9352,6505.9,195044.5
9353,7335.4,185457.6
9354,9798,187162
9355,15594.4,113313.2
9356,18559.7,111089.1
9357,30245.5,70142.8
9358,35028.6,65576.2
9359,44046.1,52091.1
9360,49832.5,45144.6
9361,54803.2,40162.8
9362,60670.5,36521.7
9363,65834.9,32932.8
9364,70683.9,29574.3
9365,66448.7,44132.9
9366,66785.2,49932.5
9367,43762.8,98513.2
9368,33651.1,133021.4
9369,24478.3,147303.1
9370,19448.4,156119.3
9371,17262.3,161964.9
9372,15284,167650
9373,13867.7,171632.6
9374,12064.3,175808.9
9375,11343.3,178527.5
9376,12189.9,180487.2
9377,14456.6,181934.6
9378,16006.2,183963.6
9379,23391.6,110520.8
9380,26462,108643.3
9381,38677,68165
9382,42254.3,64052
9383,50791.7,51504.4
9384,54629.9,45071.5
9385,58610.7,40973.8
9386,63129.7,37447.2
9387,66622.5,33974.5
9388,69457.6,30654.2
9389,63168.6,45434
9390,61163.4,51215.1
9391,37317.2,99706.9
9392,27869.8,133852.2
9393,24634,143922.2
9394,19576.2,152189.2
9395,14631.8,160558.6
9396,12162,167886.5
9397,11111.5,171339.7
9398,10951.7,173637.9
9399,10971.9,176493
9400,10116.2,180258.3
9401,11681.1,182161.7
9402,13900.9,183817.5
9403,20796.7,110358.2
9404,23635.8,108370
9405,35915.5,67773.5
9406,39651.4,63771.4
9407,48126.5,51207.2
9408,52024.1,45090
9409,55907.1,41105.9
9410,60910.5,37532.8
9411,65118,34018.5
9412,68555.2,30655.4
9413,69808.9,28535.5
9414,71736.9,26269.8
9415,65436.3,28850.3
9416,54538.5,49395.9
9417,46322.5,61448.4
9418,34368.4,84734.1
9419,28368.2,98983.1
9420,23295.8,105246.9
9421,20097.4,107998
9422,16693.2,109754.1
9423,15647.9,110047.3
9424,21985.9,79286.5
9425,26943,79253.6
9426,30673.7,76843.5
9427,34536.2,62091.5
9428,36913.9,65033.2
9429,49977.3,31647.7
9430,54353.5,28723.4
9431,59074.6,24150.5
9432,62867.8,21334.9
9433,70485.3,18677.3
9434,76726.8,16650.2
9435,82193.8,14846.6
9436,87256,13135.9
9437,90687,12286.4
9438,94822.6,10913.6
9439,95533.7,15518.3
9440,87342.3,21429.3
9441,74398.9,27366.8
9442,65964.2,34141.3
9443,60796.6,36899
9444,56444.5,38989.9
9445,51952.5,41227.5
9446,45587,44313.9
9447,40268.8,46828.8
9448,38101.2,46919.1
9449,40778.6,43896.4
9450,61818.6,30926.8
9451,71452.9,21137.1
9452,72835.3,21803.9
9453,84750.1,10767.6
9454,84451,10596.9
9455,89782.8,8763.7
9456,94000.4,7971.4
9457,98492.8,7540.2
9458,103154.1,7139
9459,107369,6742.3
9460,111282.4,6365.6
9461,99687.5,10641.6
9462,91968.6,13715.2
9463,63999.8,53224.7
9464,38809,85824.5
9465,29198.2,98445.7
9466,20376.6,108441
9467,15211.5,116714.2
9468,11948.4,126192.8
9469,9573.6,134878.2
9470,7415.6,143316.8
9471,6331.5,147656.3
9472,5851.8,152045.3
9473,6713.9,155062.7
9474,8877.9,157967.6
9475,14165.2,91137.3
9476,17226.3,90546.4
9477,29326.4,49029.5
9478,34885.9,44817.4
9479,44924.2,33938.4
9480,50607,28584.6
9481,55661.1,24689.5
9482,62567.3,21979.9
9483,69288.4,20217.4
9484,75119.6,18584.2
9485,69394.1,29803.1
9486,68138.6,36019.9
9487,44583,83495.4
9488,31764.7,117774.6
9489,25055.7,130384.8
9490,17484.8,140971.1
9491,14145.4,149187.8
9492,11606.8,156969.1
9493,9555,165536.8
9494,7624.9,174998
9495,5916.2,183118.4
9496,4951.5,187101
9497,4976.5,186046.8
9498,6784.2,176830.3
9499,11976.4,108178.8
9500,14096.1,106969.7
9501,24239,66384
9502,28409.9,62213.3
9503,35773,48643.6
9504,40147,42211.8
9505,43429.5,37578.8
9506,46793.3,33948
9507,50418.7,30681.3
9508,53486.1,27729.2
9509,46814.7,42410.1
9510,45343,48759.6
9511,25000.4,100507.7
9512,17898.7,135643.7
9513,12486,150197.4
9514,9476.7,161261.2
9515,7816.5,171226.1
9516,6662.7,181179.6
9517,5331,189851.5
9518,3667,195177
9519,2290.9,204917.2
9520,1490.8,213371.7
9521,1571.4,192110.3
9522,2404.1,203346.9
9523,4994.7,119270
9524,6314.9,117385.2
9525,10761.1,76290
9526,13579.5,72872.6
9527,19705.8,58561.5
9528,23517.2,51333.3
9529,26497.1,45846.7
9530,29179.2,41258.6
9531,31767.7,36895
9532,34426.4,32827.9
9533,28782.3,49613.8
9534,28513.4,56023.3
9535,15916.6,110228.7
9536,12157,144851.1
9537,9538.1,155193
9538,8662.5,161021.5
9539,7066.8,166923.8
9540,4952.5,172970
9541,3964.5,177552.3
9542,2993.3,182536.2
9543,2536.5,186758.2
9544,2535.2,190432.7
9545,3429.2,193396.1
9546,4424.3,196567.8
9547,8075.7,119340.9
9548,9436.2,117176.9
9549,15759.6,75908.8
9550,18307.3,72264.7
9551,24266,58090.6
9552,27318,51010.5
9553,30334.9,45515.3
9554,33436,40855.2
9555,35762.5,37132.3
9556,37636.2,33863.1
9557,31926.6,49274.5
9558,31488.3,55242.1
9559,17854.1,109387.4
9560,13339.1,143935.8
9561,10956.1,153878
9562,9036,160588.9
9563,7506.4,166315.3
9564,5706.5,172195.3
9565,3736,177581
9566,2870.4,188562
9567,2228.8,193272.6
9568,1679.2,198055.2
9569,1826.5,198968.9
9570,2470.9,199830.6
9571,6030.8,121034.7
9572,7455.5,118765.6
9573,13369.9,77002.8
9574,16097.5,73392.1
9575,22046,59378.2
9576,25493.7,52286.9
9577,28469.1,46671.5
9578,30784.8,42072.5
9579,32588.4,37830.4
9580,35015.3,34353.5
9581,37062.4,32579.3
9582,40446,30339.4
9583,39280.9,36335.4
9584,31165.7,57631.4
9585,26709.7,68811
9586,15914.8,94568
9587,12035.6,110207.8
9588,10479.2,117057.7
9589,9601.4,121441.3
9590,8315,125854.8
9591,6927.3,129839.8
9592,7891.6,100626.8
9593,8631.6,98263.1
9594,13060.5,90483.4
9595,17756.9,74318.2
9596,21001.2,76226.2
9597,35496.8,37638.7
9598,41207.9,34245.6
9599,46392.3,27607.5
9600,50105.9,23740.4
9601,55637.5,19760.2
9602,61391.5,17358.7
9603,66856.8,15440.4
9604,72392.2,13702.9
9605,76497.3,13051.9
9606,80849.8,11711.7
9607,82101.1,19387.9
9608,75153.3,25376.8
9609,62908.9,31679.6
9610,55045.8,39722.4
9611,50676.7,42366.8
9612,46923.9,44796.7
9613,42577.5,48143.5
9614,37140.1,51133
9615,33688.3,51927.9
9616,32423.4,50681.5
9617,34582.4,47220.8
9618,53895.7,34263.4
9619,62876.9,24282.7
9620,64331.1,24730.2
9621,75780.6,12861.7
9622,76524.4,12992.4
9623,81752.1,9317.6
9624,86059.8,8254.7
9625,89421.6,7762.1
9626,93828.2,7283.9
9627,97821.7,6869.8
9628,101721.8,6485.1
9629,89539.5,10840.6
9630,82855.7,13959.5
9631,55885.9,55946.8
9632,32406.1,89837
9633,21168.9,105071.5
9634,15776.2,116790.9
9635,13110.8,127449.7
9636,11341.3,136645
9637,9811.3,146915.5
9638,7576.8,157749.5
9639,5712.7,166897.9
9640,4706.6,171871
9641,4654.7,170589.9
9642,6139.2,165630
9643,10965.3,97236.5
9644,12978.1,96952.3
9645,21269.2,55937.7
9646,26381.2,51752.9
9647,36806.6,36841.7
9648,42004.4,30155.6
9649,46315.6,26350.2
9650,52801,23271.9
9651,58265.4,20676.7
9652,62499.8,18989.3
9653,54874.6,31640.8
9654,52838.7,38645.3
9655,30159.5,91386.1
9656,21129.5,125451
9657,16639.1,137167.5
9658,13184.6,145831.1
9659,10579.1,153283.1
9660,8274.1,161169.5
9661,7185,165469.7
9662,6530.8,168990.5
9663,6158.4,172340.1
9664,6174.4,175698.4
9665,7076.1,178399.9
9666,8314.8,180806
9667,12584.6,109730.3
9668,14121.9,108840.7
9669,22492.5,68182.6
9670,25323.7,64525.8
9671,30751.6,50674.5
9672,33634.8,44208.2
9673,36021.5,39310
9674,37958,35563.3
9675,39678.9,32297.4
9676,41431.8,29415.7
9677,34059.1,44473
9678,33007.3,50761.3
9679,18130.4,104187.3
9680,12790.1,138975.4
9681,8853.2,152187.3
9682,6312.8,160990.6
9683,4672.2,168623.3
9684,3735,176622.9
9685,2788.6,185946.7
9686,1773.4,193089.9
9687,1279.5,193853.8
9688,879.9,197596.8
9689,960,199544.8
9690,1394.2,201504.6
9691,4084.2,119617.8
9692,5140.2,117937.1
9693,8826.5,77070.3
9694,10737,73864.1
9695,15175.1,59891.5
9696,18044.6,52976.1
9697,20233.1,47719.1
9698,22115.4,43138.4
9699,24037.2,38843.9
9700,25900.9,34742.7
9701,20994.1,51587.8
9702,20804.9,58088.2
9703,10548.2,112876.6
9704,7554.3,148060.5
9705,4473.2,163306.9
9706,3202.2,170772.4
9707,2307.6,188231.9
9708,1245.1,198571.6
9709,341,212530.5
9710,0,220825.2
9711,0,233298
9712,0,247015.7
9713,0,247415.5
9714,0,232655.7
9715,646.2,141837.1
9716,1124.7,134128.5
9717,2488.1,84843.3
9718,3791.6,81448
9719,5967,67465.8
9720,7617.2,60758.4
9721,10046.3,55251.7
9722,11860.9,50414.5
9723,13832.4,45826.7
9724,15641.1,41442.6
9725,11670.5,58680.7
9726,11470.2,65463.9
9727,5851.5,120791.1
9728,3725,154747.2
9729,2372.8,166875.4
9730,1491.3,175605.2
9731,873.4,196167
9732,218.9,209201.9
9733,0,222398.4
9734,0,237561.7
9735,0,251038.5
9736,0,255680.2
9737,0,238005.3
9738,0,246836
9739,274.8,149618.4
9740,495.4,142745.4
9741,1550.8,89707.5
9742,2280.9,86069.8
9743,3875.2,71470
9744,4654.8,64634.1
9745,5402.2,59266.2
9746,6401.7,54434
9747,7670.8,49718.4
9748,8820,45173.4
9749,9562.3,43607.5
9750,11125.4,40625.9
9751,11512.5,46236.1
9752,6620.5,71820.2
9753,5729.4,82929.2
9754,3937,106999.1
9755,3025.6,119592.2
9756,2314,120742.6
9757,1869.3,139788.1
9758,1157.1,145372
9759,603.7,145108
9760,533.4,109431.1
9761,687.1,107007.3
9762,953.1,103453.1
9763,1441.3,92160.6
9764,2239.4,89679.8
9765,6485.2,52176.6
9766,8939.2,48260.7
9767,11289.2,40897.8
9768,14026.1,36079.1
9769,17915.6,30548.4
9770,19810.5,26471.9
9771,21302.9,23108.4
9772,22797.2,20209.4
9773,23836.7,19877.5
9774,25076.4,17735.3
9775,28879.1,26689.5
9776,25180.1,34094.9
9777,18135.8,42550.9
9778,15708.9,49822.7
9779,14650.4,51441.2
9780,13541.9,52839.2
9781,12646.7,53837.4
9782,12212.4,54180.4
9783,11797,54716.1
9784,12533,53986.9
9785,13609.2,53354.2
9786,27004.1,40791.9
9787,28906.3,33308.5
9788,31561.9,31300.9
9789,39081,19101.4
9790,37887,19546.4
9791,40719.6,15381.2
9792,42934,13535.3
9793,42536,12289.6
9794,44253,11100.1
9795,46074.4,10006.3
9796,47864.1,9001.1
9797,35883.8,13552.2
9798,30263.1,17301.4
9799,15250.2,66447.4
9800,6337.5,104029.5
9801,4578.5,115330.2
9802,3279.1,123945.8
9803,2385.9,131374.2
9804,1596.7,138713.5
9805,1038,146133.3
9806,677,153232.3
9807,447.7,159828.4
9808,288.6,165515.5
9809,469.8,170263.9
9810,1198.4,174167.5
9811,4176.4,103303.4
9812,5519.7,102597.6
9813,10520.6,61382
9814,12727.9,58307.6
9815,17053.5,44010.2
9816,19616.3,37266.7
9817,22829.2,32648.9
9818,26173.1,28855.4
9819,29451.8,25574.6
9820,32716.4,22878.9
9821,25776.7,35893.8
9822,26122.1,43601.6
9823,14637.5,98477.8
9824,11353.1,131382.5
9825,8727,143364.1
9826,5862.1,154309.8
9827,4475.5,165028.6
9828,4005.7,175160.8
9829,3580.3,185992.9
9830,2607.6,194377
9831,1752.8,199970.1
9832,1239.1,207151
9833,1278.6,208526.4
9834,2432.4,200110.7
9835,6191.5,116959.6
9836,8324.6,115164.2
9837,13667.9,73923
9838,17468.1,70374.9
9839,24119.6,55913.1
9840,28053.7,48576.9
9841,32076.9,42491.9
9842,36023.1,37039.9
9843,39920.8,33214.1
9844,44838.5,30003.7
9845,39979.6,44799.7
9846,41453.2,51106.3
9847,25468,104943.7
9848,18355.8,140327.3
9849,13790.5,153981.8
9850,10782.7,164770.5
9851,8609.7,174374.3
9852,7505.8,183494.2
9853,5977.6,193645.8
9854,4081.7,203930.9
9855,2583.8,213446.2
9856,1568.3,222827.9
9857,1312.2,219022.4
9858,2232,200679.9
9859,5655.9,121825.5
9860,8434.7,118881.2
9861,15038.1,76584.1
9862,21437.6,72365.6
9863,29153.3,58049.8
9864,34336.8,50697.4
9865,39593.3,44565.8
9866,45104.7,39656.1
9867,51978,35054.5
9868,58774.1,31470.6
9869,54630.4,46827.1
9870,55395.7,52758.5
9871,34107.6,106508.5
9872,23007.9,143292.6
9873,15666.5,155668.8
9874,12400.9,163236.6
9875,10044.3,170754.8
9876,8027.9,177778.1
9877,6452.3,184980.4
9878,4750.3,190144.2
9879,3738.5,194274.7
9880,3726.3,193168.2
9881,3853.3,194969.3
9882,4566.6,196897.6
9883,8286.8,120951.9
9884,9337,118974.2
9885,15131.7,77450
9886,17697.4,74277
9887,23052.7,60468.1
9888,25593.5,53688.7
9889,27310.3,48369.5
9890,29005.3,43554.1
9891,30363,39171
9892,31577.8,35005
9893,26138.4,51729.2
9894,25149.6,58230.6
9895,12482.1,112973.6
9896,9222.9,147322.6
9897,7114,156833.9
9898,5135.3,163913.4
9899,3559.8,170285.5
9900,2436.3,176218.7
9901,1480.9,181840
9902,700.8,188444.6
9903,226.2,194780.9
9904,40.1,199874.2
9905,315.2,198241
9906,980.7,207495.6
9907,4093.7,123141.3
9908,5446.1,120630
9909,9870.9,78405.3
9910,12327.1,74788
9911,17107.4,60599.4
9912,20701.7,53436.9
9913,23841.5,47692.8
9914,26567,42778.5
9915,28807.1,38495.4
9916,30734.9,35048.3
9917,31801,33380
9918,33864.7,31294.3
9919,32200.8,38063.8
9920,22825.6,60726.7
9921,20346.6,71049.8
9922,13441.8,94140.5
9923,10070.2,106179.5
9924,6539.3,114179.9
9925,5518.3,121103
9926,4123.5,127374.6
9927,3191,132371
9928,3040.6,104835.6
9929,3333.8,100545.3
9930,4365.3,94154.7
9931,6514.1,82587.9
9932,8632.2,79724.6
9933,19232.9,41372.6
9934,24818.1,37842.4
9935,29935.2,31206
9936,33879.4,27238.4
9937,39046,22724.2
9938,42788.8,19089
9939,47029.5,16105.5
9940,51641.1,14215.7
9941,54653.4,13706.1
9942,57633.5,12356.7
9943,59536.1,21740.3
9944,55524.4,28252.1
9945,48172.7,34385.1
9946,43782.5,40807.3
9947,41675.8,42050.4
9948,37956.7,43187.8
9949,32820.3,45150.1
9950,27287.3,48722.3
9951,21817.5,53486.7
9952,19919.6,55331.2
9953,19831.1,53848.5
9954,34736.8,39394.1
9955,39636.3,30296.8
9956,44500.9,28037.1
9957,53887.8,15919.1
9958,53599.1,16477.4
9959,57698.5,12543.5
9960,60726.3,10839.3
9961,63233.2,9575.8
9962,66072.9,8444.5
9963,69853.5,7356.5
9964,73331.5,6583.2
9965,75513,7663.5
9966,78218.2,7289.3
9967,88206.6,18252.8
9968,74223.2,25474.2
9969,64423.1,28678.7
9970,53361.6,36695.5
9971,48739.7,40289.3
9972,44255.4,42116.9
9973,40997.4,42285.4
9974,36183.2,45568.9
9975,32203.5,50236.1
9976,29481,52671.7
9977,28498.5,51306.5
9978,47174.3,38194.1
9979,48811.6,28994.6
9980,54035.6,26895.6
9981,67282.9,14295.6
9982,65654.9,15096.1
9983,70845,11079.5
9984,75702.9,9290.4
9985,75963.7,8272.9
9986,77539.3,7400.5
9987,80655.7,6437.8
9988,83112.2,5481.2
9989,68571.7,9121.5
9990,58049.7,12644
9991,37461.2,54830
9992,17381.8,91486.4
9993,10758.2,106341
9994,6499.3,119289.6
9995,4604.7,123750.8
9996,3230.1,128404.9
9997,2081,149479.7
9998,1130.8,165609.8
9999,554.7,178106.2
10000,99.8,190476.8
10001,9.4,190292.8
10002,94.8,178737.2
10003,1068,100432.8
10004,1744.1,102358.4
10005,4145.9,61574.7
10006,5911.4,57670.5
10007,10054.9,43338.9
10008,14163,35854.3
10009,19225.1,30301.3
10010,23381.7,26157.8
10011,26564.6,23281.9
10012,28961.8,20586.3
10013,22132.4,33408.5
10014,20491.4,41785.2
10015,10197.8,98838.8
10016,6825,133197.6
10017,5180.4,143764.4
10018,3925.8,151721.7
10019,3297.2,157888
10020,2639.4,163796.1
10021,2097.3,169302.2
10022,1598.5,174755.8
10023,1240.5,180224.2
10024,1386.3,184109
10025,1607.9,187979.3
10026,2482.7,190664.8
10027,6241.9,115013.2
10028,7457.9,113762.3
10029,13230.6,72713.9
10030,15535.6,69460.8
10031,20644.1,55347.4
10032,23352.6,48381.1
10033,25770.9,42575.8
10034,27721.5,37460.4
10035,29435.2,33542.7
10036,31377.2,30441.2
10037,26045.6,45816.1
10038,25603.1,52298
10039,13700.8,107929.3
10040,10075.6,142405.1
10041,8404.9,152051.1
10042,7568.7,158534.1
10043,6755.2,164162.6
10044,5810.7,169312.1
10045,5333.5,173764.1
10046,5113.5,177969
10047,5013,181823.9
10048,5294.7,185136.1
10049,5809.5,188168.1
10050,6377,191242.1
10051,10073.9,117539.9
10052,10879.9,115863.8
10053,17549.6,74472.1
10054,19585.4,70995.2
10055,24534.7,57066.2
10056,26666.5,50194.6
10057,28307.7,44740.9
10058,29566.1,40429.1
10059,30351.4,37092.9
10060,31237.2,33967.6
10061,25387.5,49432
10062,24180.4,55552.9
10063,12037.1,110635.7
10064,8721.2,145356.5
10065,6975.5,154872.1
10066,5428.5,161726.3
10067,3877.2,167722.5
10068,1806.8,174691.1
10069,887.2,180847.2
10070,373.3,187630.2
10071,47.2,194034.2
10072,0,199992.9
10073,21.7,198754.9
10074,521.9,207912.5
10075,3477.4,122243.9
10076,4583.4,119811.3
10077,8627.5,77789.4
10078,10907.2,74317
10079,15135.3,60337.2
10080,17832,53363.2
10081,20614.2,47709.7
10082,22913.9,42758.9
10083,25004.1,38731.9
10084,27372.8,35412.8
10085,28828.2,33660.8
10086,31743.7,31449
10087,31766.1,37873.3
10088,23433.2,59763.4
10089,21366.2,69688.1
10090,14021.1,92731.9
10091,11792.3,103812.1
10092,9913.2,107406
10093,8252.7,110501.9
10094,7266.9,112962.5
10095,6320.1,115320.8
10096,9583.9,85555.3
10097,10927.1,87338.1
10098,12617,85636.8
10099,15280.5,71312.4
10100,16839.8,73559.5
10101,28280.5,39569.1
10102,31772.8,36751
10103,34974,30432.6
10104,37250.2,26643.6
10105,41508.4,22196.4
10106,43915.5,19057.7
10107,45672.6,16347.2
10108,48224.2,14213.2
10109,49634.3,13717.3
10110,51757.7,12405.8
10111,54749.7,21546.3
10112,49153.5,27944.7
10113,39117.1,35496.3
10114,32070.7,44701.6
10115,29048.3,46870.4
10116,28433.6,45867.1
10117,25382.9,47140.4
10118,23816,47642.7
10119,22816.8,47888.8
10120,23017.5,47469.5
10121,25377.6,46411.7
10122,38648.9,36530
10123,45207.3,26720.8
10124,44881.8,27244.7
10125,53514.6,15305.1
10126,52169.6,15907.6
10127,55720.8,12025.8
10128,59025.1,10288.1
10129,59186.3,9092.6
10130,61304.5,8277.2
10131,63386.2,7769.8
10132,65840.8,7293.7
10133,52652.3,11634.4
10134,46063.3,15097.5
10135,27056.5,61871.3
10136,11265,98013.8
10137,7827.3,110534
10138,6014.5,120106.5
10139,4020,132979.1
10140,3070.6,144388.5
10141,2235.8,156453.9
10142,1174.5,166825.5
10143,512.4,175805.1
10144,169.8,182546.3
10145,136,177945.7
10146,463.1,182566.9
10147,2558.9,103511.2
10148,4166.4,102710.4
10149,8510.7,61532
10150,10981.4,58176
10151,16333.5,43596.5
10152,20044.6,36107.9
10153,23931.2,31047.5
10154,28602.1,27337.9
10155,32677.8,24345.3
10156,35925.4,21837.1
10157,28931,34833.8
10158,29333.8,42543.6
10159,16210.5,97875.9
10160,11814.8,131504.4
10161,9758.3,142593.2
10162,6549,152594.3
10163,4840.7,160560
10164,3559.8,168841.2
10165,2903.9,173767.2
10166,2026.4,179777
10167,1272.1,186964.7
10168,872.3,194399.5
10169,831.4,197593.9
10170,1397.3,196142.4
10171,4707.4,116645.2
10172,6622.4,114936.3
10173,12233.2,73631.4
10174,14606.4,70503.5
10175,19654.6,56718.5
10176,22327.5,49981.4
10177,24222.9,44624.1
10178,25661.1,39701.8
10179,26589.8,35346.3
10180,27207,32098.5
10181,21772.9,48784.9
10182,21090.1,55341.8
10183,10128.3,110848
10184,6010.2,147912.1
10185,3487.7,161284.9
10186,2225.1,173775.2
10187,1206.3,186983.9
10188,539.8,199017.7
10189,87.4,207313.4
10190,0,221282
10191,0,230217.3
10192,0,235619.2
10193,0,232501.1
10194,0,239831.1
10195,17.7,141856
10196,154.5,134828.5
10197,1034.3,85352.9
10198,1616.9,82029.9
10199,3369.6,67787.1
10200,4620,60990.4
10201,5834.5,55668.9
10202,7577.2,50683.5
10203,9212.8,45857.5
10204,10789,41322.7
10205,8854.4,58143.6
10206,9623.4,64769.6
10207,5215.5,120032.1
10208,2739.2,159374
10209,1822.8,175109.3
10210,1452.5,189026.8
10211,1073.5,201871.8
10212,577.1,213595.9
10213,227.9,224084.6
10214,2.5,237467
10215,0,250770.5
10216,0,260356.5
10217,3,257023.7
10218,63.7,249810.3
10219,1257.3,146657.8
10220,2030.3,135715
10221,5235.2,87510.5
10222,7454.7,83506.6
10223,11433.4,68308.7
10224,15099.8,60632.4
10225,18886.7,54594.2
10226,22434.8,49147
10227,25705.7,43952.3
10228,29124.2,38821.5
10229,25997.3,55126.8
10230,27363.5,61535.8
10231,16062.8,116543.7
10232,10624.9,156132.2
10233,8021.6,169976
10234,6380.9,180828.3
10235,5300.2,191748.8
10236,4128.4,202473.2
10237,2860.3,213140.8
10238,1395.7,223298
10239,593.4,215267.3
10240,379.4,221170
10241,615.1,217578.9
10242,1157.1,225461.1
10243,3273.1,126366.9
10244,4531.4,127236.7
10245,8227.6,84825.1
10246,9906.6,81307.7
10247,14409.8,66510.2
10248,17860.8,59170
10249,20885,53462
10250,23570.7,48428.7
10251,25860.2,43555.9
10252,27853,38841.6
10253,28888.8,36735
10254,30259.7,33516.7
10255,28865.6,39892.1
10256,21964.6,64161.1
10257,19475.5,74950.4
10258,11784.1,98672.6
10259,9530.4,110113.7
10260,7163.4,114682.9
10261,6313.3,117565.9
10262,5550.6,119771.5
10263,4973.7,122334.8
10264,4362,99602.8
10265,4623.1,101433.3
10266,6555.2,95719.9
10267,10872.7,82659.9
10268,13939.8,79476.8
10269,24784.3,41279.1
10270,29683.2,38149.4
10271,34078.7,31583.8
10272,37394.1,27623.8
10273,42561.9,23025
10274,45995.3,19340.5
10275,49543.8,16237.7
10276,52709.7,14151.1
10277,54999.9,13652.3
10278,56563.5,12305.8
10279,55844.6,22085.1
10280,50150.1,28798.4
10281,42423.7,34872.5
10282,37240.5,41524.4
10283,31919.3,44064.9
10284,28969.3,45808.6
10285,25430.6,48757.4
10286,20968.4,52433
10287,18082.5,55121.8
10288,17145.7,57079.5
10289,18092.6,54271.7
10290,32386.6,40220.7
10291,38383.4,30389.3
10292,43414.8,28158.9
10293,52949.1,15980.4
10294,52148,16661.9
10295,56005.6,12691.3
10296,59080.6,10887.8
10297,58796.2,9760.6
10298,60475.7,8651.1
10299,62559.7,7635.4
10300,64990.1,6937.6
10301,52467.6,11378.8
10302,46255.3,14663.4
10303,27592.9,61401.9
10304,10124,101736.2
10305,6927.9,116579
10306,5350.8,128876.8
10307,4304,140672.8
10308,3457.4,152349.8
10309,2686.7,163754.2
10310,1389.5,176012
10311,672.8,187075.7
10312,380.5,198081.8
10313,347.7,197965.5
10314,560.3,188588.2
10315,2421.7,102290.3
10316,3766.5,104505.6
10317,7462.9,63557.2
10318,9197.2,60503.2
10319,14081.8,45991.4
10320,17541,38482.8
10321,20385.1,32973.7
10322,23301.1,28529.8
10323,26066.3,25266.4
10324,28734.9,22278.6
10325,24002.9,35522
10326,24434.6,43238.6
10327,12635.8,100080.3
10328,7765.9,138699.4
10329,5207.9,152875.8
10330,3896.8,164653.4
10331,3082.9,175984.3
10332,2177.5,186897.7
10333,1152.7,197425.2
10334,210,209423.2
10335,0,221578.7
10336,0,212848
10337,0,212299.2
10338,137.8,218745.5
10339,1627.8,121135.3
10340,2339.3,120422
10341,5477.8,78425.4
10342,7002.3,75511.7
10343,9823.3,61684.7
10344,11923.3,54934.5
10345,13670.1,49567.1
10346,15657.8,44546.5
10347,17266.6,40049.2
10348,18894,35890.7
10349,14353.5,52702.9
10350,14157.1,60170.5
10351,7458.6,115501.5
10352,4914,150487.5
10353,3693.7,159859.9
10354,2780.9,166791.4
10355,1961.5,173333.2
10356,1210.5,179936.8
10357,774.7,185912
10358,383,191883.2
10359,176,197490.9
10360,68.1,203608.4
10361,371.4,206955.1
10362,871.8,210170.4
10363,3314.3,125045.1
10364,4179.2,122593.4
10365,7437.4,80639.9
10366,9028.4,77299.4
10367,12302,63199.8
10368,13389.6,56754.7
10369,14829.2,51538.6
10370,16429.5,46699.5
10371,17927.5,41998.1
10372,19228.9,37712.8
10373,14239.2,55029.9
10374,13857.4,61822.9
10375,6425.3,117253.2
10376,3497.4,153324.1
10377,2053.9,163666.2
10378,1133.6,171828.4
10379,498,179566.9
10380,100.1,188363.2
10381,0,198010.9
10382,0,206175
10383,0,213525.4
10384,0,220147.5
10385,0,218577.4
10386,0,230626.8
10387,474.2,133388
10388,1169.3,127965.1
10389,3403,84114.8
10390,4604.5,80619.4
10391,7456.7,65773.4
10392,9176.3,58838.7
10393,10563.9,53608.4
10394,12036.1,48721.5
10395,13742,43923.1
10396,15205.3,39448.7
10397,11490.2,56552
10398,11320,63381.5
10399,5237.6,118775.7
10400,2457.8,156472.1
10401,1023.4,170908.4
10402,457.6,180815.9
10403,50,195944.6
10404,0,219302.4
10405,0,235107
10406,0,254146.7
10407,0,272877.7
10408,0,285766.1
10409,0,283678.7
10410,0,276925.5
10411,0,175833.4
10412,0,166317.4
10413,103.6,105010.5
10414,465.9,94112.4
10415,1118.2,74378.6
10416,1661.8,67154.6
10417,2418.6,61617.8
10418,3264.5,56736.5
10419,3755.2,52190
10420,4428.6,47751.6
10421,5172.3,46431.5
10422,6073.7,43533.4
10423,6042.8,52628.7
10424,3716.5,75298.2
10425,3449.8,85825.4
10426,2412.1,109606.7
10427,2141.9,119720.6
10428,1854.2,123101.8
10429,1623.9,125726.8
10430,1459.5,127728.9
10431,1429.8,128947
10432,2116.4,99293.7
10433,2457.2,100937
10434,2889.7,99242.3
10435,3363.8,89133
10436,3756.8,86926.8
10437,8524.6,49439.2
10438,10412.1,46085.3
10439,12589.3,38719.7
10440,14169.4,34164.2
10441,17146.2,29647.3
10442,18836.2,26093.6
10443,20231,22938
10444,21112.2,22505.1
10445,22441.2,20212.2
10446,25065.7,28664.9
10447,22105.4,35778.3
10448,14995.6,44277.3
10449,13198.4,51741.7
10450,12594.9,53173.1
10451,11988,54271.6
10452,11645.6,54925.3
10453,11366.1,55335.1
10454,11218.4,55712.6
10455,11074.2,56052.9
10456,10535.1,56754.2
10457,21402.9,42614
10458,21945.7,34594.3
10459,24274.4,32193.7
10460,30753.8,19811.9
10461,29706.4,20216.3
10462,32484.8,16075.4
10463,34567.4,14279.8
10464,33365.1,13194.2
10465,34108.7,12175.5
10466,35950.3,11065.7
10467,37622.6,10019.7
10468,25702.7,14435.2
10469,19913.8,18429.4
10470,10664.8,68866.2
10471,2971.5,107172.7
10472,1727.5,120936.7
10473,1004.5,135083.8
10474,572,150305.5
10475,105.7,167308
10476,0,182661.6
10477,0,194999.6
10478,0,200715.4
10479,0,209314.9
10480,0,206780.2
10481,0,215579.9
10482,0,131107.7
10483,0,127271.9
10484,274.5,74202.5
10485,669.1,68599.2
10486,1375.8,54257
10487,1931.4,47341.1
10488,2749.5,42143.9
10489,3546.7,37875
10490,4381.4,34142.6
10491,5533.2,30680.7
10492,3723.2,46059.8
10493,3758.1,55166.1
10494,1491.6,111584.6
10495,374.5,149978
10496,156.2,162104.2
10497,21.8,171653.5
10498,0,180589
10499,0,189068.3
10500,0,197874.2
10501,0,206597.7
10502,0,213908.8
10503,0,223639.6
10504,0,224078.5
10505,0,233868.7
10506,0,136006.4
10507,68.2,133955.9
10508,921.3,83992
10509,1241.8,80576.7
10510,2171.5,66373.9
10511,2871,59996.1
10512,3690.5,54739.6
10513,4616.2,49770.8
10514,5570.4,45239.7
10515,6624.2,41053.6
10516,4908.7,57832.5
10517,5016.2,65290
10518,2061.9,120912.7
10519,712.1,158631.4
10520,181.3,170926.5
10521,3.8,179972.3
10522,0,189268.5
10523,0,201050.7
10524,0,204304.8
10525,0,223303.3
10526,0,240343.3
10527,0,240871.6
10528,0,236543.4
10529,0,242610.7
10530,94.1,141073.9
10531,557.5,137938.3
10532,2285.1,87234.2
10533,3135.8,83628.9
10534,4945,68959.2
10535,6168.4,61908.2
10536,7706.2,56370.5
10537,8851.8,51452.4
10538,9906.7,46759.1
10539,10987,42272.4
10540,8388.2,59182.8
10541,8532,66032.5
10542,3931,121588.3
10543,2217.1,158305.5
10544,1334,169355.4
10545,546.4,178146.4
10546,88.8,186686.2
10547,0,196113.5
10548,0,204222.1
10549,0,212215.2
10550,0,219440.8
10551,0,225938.8
10552,0,224224.5
10553,0,234745.6
10554,399.5,138358.9
10555,1416.8,131103.8
10556,4156.7,86228.4
10557,5617.6,82490.7
10558,9241.4,67415
10559,11319.6,60126.7
10560,13107.4,54371
10561,15154.4,49140.7
10562,16940.2,44420.9
10563,18611.3,39855.6
10564,14923.2,56604.4
10565,15195.3,63190.5
10566,7780.5,118644.5
10567,5683.4,154989.5
10568,4372.7,164897.3
10569,2484.1,174122.3
10570,1664.6,180731.2
10571,1062.9,186841.2
10572,639.5,192180.5
10573,308.2,198448
10574,32,206038.8
10575,10.3,211527.9
10576,0,217707.1
10577,1.7,222955.1
10578,1420.8,130634.5
10579,2890.6,126251.1
10580,6589.3,84093.7
10581,8840.8,80213.7
10582,13251.6,65023.1
10583,16029.4,57480.6
10584,19111.2,51435
10585,22207.8,46096.6
10586,25098.8,40953.9
10587,27941.1,36522.9
10588,29668.4,34937
10589,31635.4,32600.1
10590,30780.7,39496.7
10591,24561.6,62648.9
10592,21072.7,75408.1
10593,13168.1,98793.5
10594,11299.2,108830.2
10595,8366.9,113829.2
10596,6783.5,118929.8
10597,5728.1,123071.1
10598,5188.9,123007.2
10599,4894.6,95540.6
10600,6108.4,94744.2
10601,6453.2,93573.9
10602,8384.3,82928.3
10603,11736.6,79106.1
10604,22315.7,41652.8
10605,27224.7,38647.8
10606,31732.1,32094.7
10607,35377.9,28125.3
10608,40578.7,23482.3
10609,43829.7,19911.7
10610,47207.6,17132.6
10611,50859.7,14538.2
10612,53125.8,13857.3
10613,55694.4,12503.5
10614,56956.1,21823.2
10615,52742,28282.3
10616,42719.6,38032
10617,36586.4,47725.3
10618,32481.9,51084.2
10619,27931.9,53238.9
10620,23080.1,55392.5
10621,19591.3,58026.9
10622,15208.6,62188.8
10623,12268.4,65788.7
10624,10611.7,67475.3
10625,19131.2,49732.3
10626,18299.1,37621
10627,22487,31563.3
10628,31745.9,18290.9
10629,31982.8,18666.8
10630,36654.1,14577.3
10631,40527.5,12833.5
10632,41081.2,11671.9
10633,43568.9,10568.9
10634,45993.8,9545.4
10635,47777.2,8649.3
10636,35729.7,13213.4
10637,29837.8,16901.7
10638,16577.3,66569
10639,5963.7,104746.6
10640,4003.9,117241.8
10641,2634.9,128287.6
10642,1709.5,137157
10643,1026.8,143920.7
10644,451.2,152505.7
10645,78.7,162045.5
10646,0,172096.8
10647,0,181053.1
10648,0,185974.4
10649,0,206346.1
10650,0.2,112622.9
10651,24.5,110546.8
10652,1162.7,67358.6
10653,2070.7,64355.7
10654,4842.4,49717.7
10655,7395.9,42172.9
10656,9120.8,36913.7
10657,10839.7,32802.5
10658,12991.5,29698.4
10659,15116.6,26865.3
10660,10822.7,40800
10661,11011.4,49084.4
10662,5027.3,105469.8
10663,3149.6,140714
10664,1942.3,151642.1
10665,1167.1,159723
10666,501.1,168270.5
10667,126.1,176228.5
10668,0,183427.5
10669,0,191227.3
10670,0,199221.9
10671,0,206009.6
10672,0,205467
10673,0,215907.4
10674,442,125236.5
10675,1162.6,121109.9
10676,3728.5,78761.7
10677,4725.3,75768.9
10678,7406.2,62063.1
10679,9053.8,55505.8
10680,10518.6,50152.7
10681,12375,45075.6
10682,14509,40364.8
10683,16305,36075.2
10684,12160.9,53242.1
10685,11918.5,60584.5
10686,5512.2,115838.9
10687,3141.3,151620.2
10688,1948.6,161916.6
10689,1102.8,170971.5
10690,570,180381.7
10691,257.1,184201.2
10692,60.8,208053.3
10693,0,216472.6
10694,0,221751.4
10695,0,233119.9
10696,0,231631.9
10697,0,236078.4
10698,990,130738.1
10699,2116.8,126906.8
10700,5783.8,83249.8
10701,7890.9,79252.6
10702,12724.5,63808.3
10703,16424.2,56194.1
10704,20192,50122.4
10705,23804,44653.5
10706,27472.9,39228.4
10707,31072.4,34758.1
10708,27837,51196.3
10709,29122,57297.1
10710,17667.1,111896.6
10711,12784.6,149523.4
10712,9712.1,162318.9
10713,7698.2,171688.1
10714,5962.7,180646.1
10715,4710.4,189659.8
10716,3855.2,196864.3
10717,2717,205346.5
10718,1593.1,214427.3
10719,647.9,227857.4
10720,319.9,232394
10721,322.5,245577
10722,1186.9,141752.8
10723,2666.3,131114.5
10724,6778.3,84006.8
10725,9583.6,79885
10726,15396.5,64542.1
10727,19476.1,57130.3
10728,23060.3,51292.2
10729,26474.3,46001
10730,29689.7,40796.2
10731,32679.9,35866.2
10732,28670.2,52683.7
10733,29759.7,58660.1
10734,17548.2,113047.1
10735,12298.4,150833.9
10736,9103,163763.1
10737,6835.6,173856.8
10738,5110.4,183426.9
10739,3834.5,193449.4
10740,2822.3,202814.5
10741,1753.9,212449.5
10742,598.3,226214
10743,84,240791.7
10744,5.1,246570.7
10745,7.2,257570.8
10746,335.9,150168.5
10747,870.3,138110.3
10748,3393.3,87204.6
10749,4942.5,83294.2
10750,7493.8,68585.3
10751,9747.2,61472.5
10752,11849.6,55893.7
10753,14063.5,51008.9
10754,16093,46228.1
10755,17990,41548.6
10756,18968.4,39546.5
10757,20646.7,36270.3
10758,20063.7,41940.3
10759,13440.3,68551.5
10760,10989.1,81872.6
10761,6126.9,109933.1
10762,4831.4,124755.2
10763,3769.6,129000.7
10764,2898.6,130674.6
10765,2314.9,131372
10766,1766.3,133927.4
10767,1760.5,106005.5
10768,1521.9,109693.3
10769,1488.8,106906.7
10770,1718.1,93837.1
10771,2574.3,88689.2
10772,7469.4,49913
10773,11303.3,45525.2
10774,15482.7,37492.3
10775,19173.1,32422.2
10776,24433.9,27537.8
10777,28503.3,23678.7
10778,32195.4,20251.4
10779,35900,16925.4
10780,39123.5,15953.4
10781,43633.5,13734.6
10782,48089.6,23470.4
10783,44046.4,31454.1
10784,35292.7,42635.3
10785,30323.7,52834.5
10786,26821.6,56021.4
10787,22459.1,58880.4
10788,18334.7,60984.2
10789,15498.6,62166.8
10790,12578.4,65104.2
10791,10863.4,68686.4
10792,9784.7,70897.3
10793,18599.3,53230.2
10794,18300.5,42348.8
10795,21484.7,34748.6
10796,30258.7,20221
10797,31110.8,20270.5
10798,36938.2,15829.1
10799,41971.8,13810.2
10800,43455.5,12491.5
10801,47307.3,11225.8
10802,51702.1,10009.8
10803,56172,8903.3
10804,45117.5,13324.9
10805,41058.7,16937.8
10806,24109,65865.1
10807,9492,106085.7
10808,6929.3,119790.1
10809,5291.8,132740.8
10810,3893.8,144681.8
10811,2670.7,155583.7
10812,1472.3,163784.9
10813,431.6,177380.5
10814,0,194572.9
10815,0,213903.5
10816,0,222143
10817,0,233756.4
10818,16.6,127701.7
10819,124.3,121886.4
10820,1242.4,70525.7
10821,1707.7,67843.8
10822,3434.4,53763.5
10823,4614.2,46672.3
10824,6040.5,41321.3
10825,8095.3,36769.2
10826,10203.5,32571.7
10827,12468.3,28756
10828,8917.4,43695.3
10829,9136.5,52587.8
10830,4636.9,108569.6
10831,2993.4,143397.1
10832,1996.6,154019
10833,1344.6,162086.6
10834,654.3,171072.1
10835,265.5,178550.5
10836,14.2,186191.5
10837,0,193635.8
10838,0,202798.1
10839,0,210991.7
10840,0,214363.2
10841,0,218525.9
10842,812,126322.8
10843,1619.1,121882.2
10844,4440.6,79587
10845,5517.8,76380.8
10846,8655.5,62484.6
10847,10398.2,55801
10848,11979.3,50290.6
10849,13631.2,45129.7
10850,15243.1,40502.7
10851,16759.1,36282.6
10852,12905.1,53228.7
10853,12830.3,60539.5
10854,6253.1,115703.5
10855,3900.5,151285.8
10856,2600,161185.2
10857,1369,169560.1
10858,611.2,179474.7
10859,164.7,189585.9
10860,0,210986.4
10861,0,223924.8
10862,0,239569
10863,0,256244.2
10864,0,263181.2
10865,0,273367.4
10866,0,174576.4
10867,76.8,144113.3
10868,796.9,91211.8
10869,1379,85067.2
10870,2768.2,69864.3
10871,4267.4,62650.5
10872,5610.6,57245.5
10873,7247.9,52503.2
10874,8939.9,47633.2
10875,10291.6,43115
10876,8058.9,59677.7
10877,8765.5,66543.1
10878,4467.2,126033.8
10879,2414.5,160057.7
10880,1423.3,174402.3
10881,813.8,189342.7
10882,290.8,206207
10883,0,222969.9
10884,0,237775.1
10885,0,251329.2
10886,0,266965.3
10887,0,281647.7
10888,0,286095
10889,0,296836.8
10890,0,197148
10891,0,175545.6
10892,6.3,115354.4
10893,42.8,102572.5
10894,294.6,79847.1
10895,545.5,70968.5
10896,1159.9,64925.2
10897,1995.6,59942.3
10898,2752.4,55047.9
10899,3424.2,50237.7
10900,2902,67075.5
10901,3135.8,74035.3
10902,1324.7,134192.8
10903,155.5,173670.8
10904,0.1,191856
10905,0,206550.6
10906,0,222225.2
10907,0,237951.5
10908,0,251538.8
10909,0,264821.4
10910,0,280995.1
10911,0,294270.6
10912,0,298078.5
10913,0,306645.8
10914,0,203152.6
10915,0,188958.3
10916,0,125284.2
10917,0,113569.8
10918,28.5,88015.9
10919,213.1,76359.3
10920,503,63920.8
10921,1077.8,62033.5
10922,1996.4,56584.8
10923,3148,51296
10924,4442.9,49157.1
10925,6494.4,45559
10926,6542,54474
10927,4129.3,80769.2
10928,3720.7,95874.3
10929,2418.3,123005
10930,1895.9,136507.8
10931,1367,144356
10932,803.6,150338.5
10933,259.8,155965.3
10934,0,163057.9
10935,0,135929.3
10936,0,143312.2
10937,2.9,142059.3
10938,17,124291.7
10939,44.5,101057.4
10940,557.6,61140.3
10941,1687.2,56531.7
10942,2966.6,48847.2
10943,4416.2,43938.5
10944,7487,38227.8
10945,10513.4,33121.8
10946,13660,28596.8
10947,16725.6,24511.4
10948,19188.4,23618.7
10949,21534.5,21263.4
10950,22728,32699.7
10951,22088.2,41869.2
10952,14389.1,55367.4
10953,10500.4,68680.7
10954,7443.1,75083.3
10955,5476.1,80373.1
10956,4284,83649.8
10957,3514.7,86838.7
10958,2989.6,92011.2
10959,2775.9,97299.1
10960,3932.2,94770.1
10961,9666.8,78522.6
10962,8975.6,64751.7
10963,9953.4,52600.7
10964,10810.9,35177.8
10965,11733,30406.5
10966,13078.5,23956.5
10967,14487.1,20820.1
10968,14220.8,18713.4
10969,15210.5,17099.9
10970,16481.4,15765.2
10971,18131.2,14540.6
10972,11454.2,19890.9
10973,7239.6,25825.7
10974,5357,80468
10975,206.1,123704
10976,6.7,141557.8
10977,0,157581.5
10978,0,167593
10979,0,190342.5
10980,0,204221.7
10981,0,211318.2
10982,0,222606.6
10983,0,239720.6
10984,0,235889.9
10985,0,248444.5
10986,0,162484.2
10987,0,148552.7
10988,122.5,83288.2
10989,422.8,75304.1
10990,1222.6,60255.8
10991,2287.8,53073.5
10992,3400.7,47541.9
10993,4365.5,43001.4
10994,6027.2,38839.5
10995,7936.7,34816.1
10996,6444.6,49229.4
10997,7587.7,58319.7
10998,3953.6,114486.1
10999,2068.3,152845.9
11000,1272.6,165237.4
11001,763.1,175227.5
11002,312,190771.1
11003,19.1,209425.1
11004,0,224224
11005,0,237987
11006,0,255187.5
11007,0,271463.5
11008,0,277906.2
11009,0,288671.3
11010,0,192283.7
11011,0,169644.7
11012,104.9,107438.4
11013,376.5,95002.2
11014,1144.8,73427.1
11015,1903.5,65274.1
11016,3098.2,59510.4
11017,4209.7,54062.9
11018,5964.8,49052.8
11019,8026.5,44432.1
11020,6177.4,60912.5
11021,6692.2,68386.2
11022,3357.2,129187.1
11023,1441,166864.6
11024,686.3,184888.2
11025,251.2,200296
11026,9.9,209165.4
11027,0,230464.7
11028,0,230569.4
11029,0,236297.2
11030,0,243580
11031,0,261598.8
11032,0,272301.5
11033,0,263604.3
11034,0,169224.1
11035,0,159289.2
11036,266.5,100107.5
11037,549.5,93375
11038,1345.9,75504.9
11039,2204.8,67913.8
11040,3076.4,62327.9
11041,4195,57096.1
11042,5935.5,51925.3
11043,7310,47194.3
11044,5288.9,64214.5
11045,5542.7,71184.2
11046,2761.2,132381
11047,1005.4,171347.4
11048,264,190142.2
11049,9.6,206662.6
11050,0,216976.8
11051,0,240814
11052,0,254392.5
11053,0,268804.2
11054,0,285209.5
11055,0,301029.9
11056,0,307745.9
11057,0,319772.3
11058,0,218986.1
11059,0,196810.6
11060,0,134045.5
11061,0,120060.4
11062,23.9,91710.2
11063,149.8,77744.1
11064,411.4,64841.2
11065,745.3,63614.6
11066,1520.1,58848.3
11067,2114.5,54726.8
11068,1700.5,71611.6
11069,1729.5,78777.1
11070,450.4,143380.4
11071,0,188968.2
11072,0,203249.5
11073,0,217808.9
11074,0,226984.4
11075,0,242852.3
11076,0,250985.9
11077,0,255945.5
11078,0,261472.8
11079,0,265639.2
11080,0,267859.8
11081,0,269970.1
11082,0,172887.8
11083,0,164631.5
11084,432.8,105245.2
11085,721.7,97367.5
11086,1253.5,78634
11087,1804.7,69785.7
11088,2786.6,63652.1
11089,3497.4,58636.5
11090,4168.2,53823.7
11091,5411.2,48922.3
11092,6117.7,47205.4
11093,6883.6,44139.1
11094,6578.2,53556.9
11095,3864.1,76713
11096,3610,87017.4
11097,2596.2,110304.8
11098,1903.7,122553.2
11099,1294.3,127972.8
11100,995.1,130270.5
11101,735.1,131816.4
11102,522.6,135217.1
11103,594.4,107785.6
11104,546.8,116554.7
11105,408,113675.4
11106,274.3,100846.1
11107,273.7,94072.7
11108,1578.3,54437.9
11109,3244.3,50089.7
11110,5661,42309
11111,7911.4,37270.5
11112,11547,31747.2
11113,14684,27997.1
11114,18159.7,24422.9
11115,20943.6,21185.7
11116,22948,20767.7
11117,25224.6,18438.1
11118,25874.6,30022.5
11119,24655.1,38554.3
11120,17352.8,50133.2
11121,13630.1,59971
11122,11309,61065.9
11123,8038.6,64105.3
11124,6288.5,66006.3
11125,5501.1,65783.1
11126,5465.1,63844.3
11127,5595.5,63491.3
11128,6088.4,62056.3
11129,15117.8,45841
11130,15786.2,36549.2
11131,18660.8,33417.5
11132,26285.2,20512
11133,26213.2,20844.6
11134,29802.6,16672.1
11135,32695.3,14838
11136,32884.7,13583.7
11137,34719.8,12396.1
11138,36438.7,11325.3
11139,38346.1,10274.2
11140,26788.5,14594.4
11141,21719.4,18826.3
11142,11920.7,70160.6
11143,3570,109729.8
11144,2304.8,122581.3
11145,1348.8,135506.4
11146,764.6,142803.5
11147,248.6,153940.4
11148,0,162649.7
11149,0,169714
11150,0,180561.9
11151,0,193743.9
11152,0,195209.5
11153,0,208920.5
11154,0,114510.2
11155,9.7,114387.2
11156,1120.6,69033.6
11157,2163.4,65890
11158,4386.2,51619.2
11159,6266.9,44348.7
11160,8093.2,38890.4
11161,9528.8,34614.7
11162,11064.7,31385
11163,13141.3,28358.9
11164,10634.5,42082.4
11165,11105,50192.7
11166,5147.9,106859.6
11167,2730.9,145285.3
11168,1763.3,155613.5
11169,970,164443.3
11170,457,171771
11171,67.2,180009.8
11172,0,188338.2
11173,0,198608.4
11174,0,203354.9
11175,0,214800.7
11176,0,220762.5
11177,0,235172.1
11178,13,136829.7
11179,97.4,131906.4
11180,2065.9,81201.5
11181,3725.7,77160.5
11182,6847.9,62728.2
11183,9093.9,55988.2
11184,11072.8,50434.9
11185,13259,45203.5
11186,15741.9,40369.7
11187,18112.2,36024.4
11188,14001.9,53028.2
11189,14686.8,60016.2
11190,6980.6,115771.5
11191,3954.7,156467.7
11192,2640,169588.4
11193,1610.3,181155.5
11194,807.9,193048.9
11195,136.4,205738.4
11196,0,211010.1
11197,0,218795.6
11198,0,232514.7
11199,0,241345
11200,0,251181.2
11201,0,268728.5
11202,0,174682.7
11203,0,154274
11204,168,94428.1
11205,652.8,86650.8
11206,1756.3,70331.4
11207,3420.5,62809.1
11208,5296.6,57120
11209,7425.4,52402.1
11210,9279.9,47659.9
11211,11347.1,43103.6
11212,8556.5,59658
11213,9272.1,66410.4
11214,4204.5,122941.3
11215,1942.6,165300.6
11216,960.5,181928.3
11217,447.8,197441.6
11218,53.1,207386.9
11219,0,230866.1
11220,0,245182
11221,0,256747.8
11222,0,268918.2
11223,0,270258.2
11224,0,275701
11225,0,283746.6
11226,0,181961.6
11227,0,173011.3
11228,0,111337.3
11229,10,101082.4
11230,252,78439.4
11231,531.7,69860
11232,992.2,63999.1
11233,1566.4,58933.6
11234,2258.7,54267.5
11235,2975.6,49629.6
11236,2538.9,66411.3
11237,2827.5,73229.2
11238,1065.4,134856.7
11239,47.8,175277.4
11240,0,190500.4
11241,0,204580.8
11242,0,218426.5
11243,0,231767.1
11244,0,246665.4
11245,0,251953
11246,0,261982.5
11247,0,277066.8
11248,0,279299.1
11249,0,295956.9
11250,0,191763.1
11251,0,179368.3
11252,0,114778.3
11253,26.1,103410.1
11254,345.4,81028.3
11255,810.1,71094.8
11256,1427,64503
11257,2260.5,59462.6
11258,3147.9,54627.8
11259,3954.2,49969.8
11260,4818.7,48405.9
11261,5840,45234.2
11262,5846,55235.8
11263,3326,81339.3
11264,2679.8,95822.4
11265,1492.9,123684.2
11266,1014.3,137916.9
11267,607.5,145581.9
11268,240.1,151882.8
11269,2.5,156951.7
11270,0,165810.4
11271,0,138709.2
11272,0,145141.1
11273,0,144387.7
11274,0,126734.4
11275,0,104519.5
11276,160,63796.2
11277,703,59340
11278,1401.5,50997.9
11279,2142.6,46257.2
11280,3784.1,40748.6
11281,4682.3,36398.8
11282,5731.4,32549
11283,6904.6,28642.5
11284,7954,27584.4
11285,9102.6,24635.1
11286,11149.6,37536.1
11287,10653.7,48526.3
11288,4930.5,61495.6
11289,3290.5,73663.3
11290,2852,77341.4
11291,2483.1,82819.8
11292,2158.6,82469.2
11293,1893,84450.6
11294,1826.9,84031.6
11295,1978.5,82771
11296,2268.6,80920.7
11297,9297.8,64735.9
11298,8638.3,52183.2
11299,9618.1,47730.4
11300,10531.3,34162.6
11301,11698.6,30188.1
11302,13156.8,24175.6
11303,14659.7,21261.3
11304,14480.1,19359.3
11305,15386.3,17563.3
11306,16758.1,15755.1
11307,18320,14204.4
11308,11277.9,20881.5
11309,6903.1,27072.2
11310,4936.4,82690.5
11311,54.7,128158
11312,0,145312.5
11313,0,161710.9
11314,0,172748.6
11315,0,195902.3
11316,0,212202.8
11317,0,228707.2
11318,0,242892.9
11319,0,261557
11320,0,262292.5
11321,0,271037.7
11322,0,184956.1
11323,0,166343.1
11324,0,107642.2
11325,0,96916.5
11326,0,71372.4
11327,77,59368.6
11328,249.3,47610.3
11329,410.9,48243.6
11330,679,44281.8
11331,939.3,40454.7
11332,651.4,55359.8
11333,1224.1,63240.6
11334,320.4,122269.4
11335,3.6,165147.7
11336,0,179654.1
11337,0,191166.9
11338,0,200061.4
11339,0,208457.4
11340,0,215523.6
11341,0,221735
11342,0,228668.9
11343,0,241296.5
11344,0,246477.8
11345,0,244917.8
11346,7,145329.5
11347,11.3,145728.4
11348,587.5,90679.8
11349,772,85483.2
11350,1418.8,70426
11351,2272.4,63300.7
11352,3140.4,57552.5
11353,3979.4,52090
11354,5222.2,47155.4
11355,6113.4,42903.9
11356,4716.2,59533.8
11357,4889,66732.5
11358,1823.8,122919.8
11359,467.9,163831.1
11360,35.4,179410.1
11361,0,196818.7
11362,0,210379.5
11363,0,218193.7
11364,0,229764.1
11365,0,242913.8
11366,0,264999.1
11367,0,280814.8
11368,0,289383.6
11369,0,302416.5
11370,0,205654.2
11371,0,187524.6
11372,0,123116
11373,0.3,109795.1
11374,40.6,83987.1
11375,238.9,71737.7
11376,689,59401.6
11377,1169.8,58715.4
11378,1964.6,53647.2
11379,2998.6,48710.3
11380,2754.4,65203.8
11381,3093.7,72443.8
11382,1109.7,134410.3
11383,5.8,181062.7
11384,0,199760.9
11385,0,215356.5
11386,0,224848.8
11387,0,246140.6
11388,0,259530.3
11389,0,268267.8
11390,0,273772.1
11391,0,276657.4
11392,0,273086.1
11393,0,279035.4
11394,0,178614.4
11395,0,170571.9
11396,133.9,109768.8
11397,338.9,99861
11398,865.6,79084.7
11399,1233,70503.2
11400,1730,64884.7
11401,2505.8,59895.1
11402,3114.8,55189.6
11403,3754.6,50467
11404,3120.8,67192.1
11405,3288.5,74046.1
11406,1257.4,135778.5
11407,45.5,177308.3
11408,0,190678.6
11409,0,202637.4
11410,0,217124.1
11411,0,231398.3
11412,0,237972.4
11413,0,244488.6
11414,0,249986
11415,0,254372.4
11416,0,254664.4
11417,0,265586.3
11418,0,168424.9
11419,0,164186.1
11420,113.8,102373
11421,537,94379.4
11422,1212.8,75579.6
11423,2091.9,67616.3
11424,3236.9,61819.7
11425,3987.7,56941.9
11426,5138.4,52142.4
11427,6518.2,47249.9
11428,7302.6,45467.8
11429,8226.2,42270.9
11430,7700.4,52282
11431,4523.6,79471.1
11432,3836.3,92697.5
11433,2263.8,119888.8
11434,1626.1,133526.3
11435,1086,138801.1
11436,519.8,143790.6
11437,95.1,149466.2
11438,0,156778.3
11439,0,127893
11440,0,129552.5
11441,0,136298.5
11442,0,122261.2
11443,6.3,105312.1
11444,205.2,60446.3
11445,975.5,55222.9
11446,2266.1,47104.5
11447,3597.5,42131.6
11448,6555.3,36442.1
11449,8795.3,31725.6
11450,11172,27634.8
11451,13796.3,24337.3
11452,15741.9,24000.8
11453,17626.5,21782.3
11454,19168.4,33868.5
11455,18485.8,44667.5
11456,11005.7,56249.1
11457,7868.9,64420.5
11458,5102.2,71581.7
11459,4072.2,76733.6
11460,3570.1,79891.6
11461,3297.7,81991.5
11462,3186.2,85317.2
11463,3117,88999.6
11464,3169,91426.5
11465,10382.7,73557.5
11466,9596,61589.3
11467,10579.8,53071.7
11468,11640.8,33519
11469,12983.8,28271.8
11470,14654.9,22090.1
11471,16849.1,19260.6
11472,17368.9,17659
11473,19364.6,16275.2
11474,22237,14918.9
11475,25165,13662.3
11476,15820.5,18748.7
11477,11633.9,24427.3
11478,7516,78163.8
11479,1345.7,122279
11480,759.8,137327.2
11481,382.5,150695
11482,30.1,160098.4
11483,0,182264.6
11484,0,197466.5
11485,0,212732.9
11486,0,230815.3
11487,0,247477.8
11488,0,245207.7
11489,0,246396.4
11490,0,151984.6
11491,0,144956.4
11492,39.2,85664.7
11493,222.8,77092.1
11494,619,60273.6
11495,1163,53191.4
11496,2187.1,47560.4
11497,3989.6,41916.8
11498,5185.7,37625.6
11499,6725.1,33612.6
11500,5480.7,48263.7
11501,5878.1,57254.5
11502,2555.3,113192.6
11503,445.1,154255.8
11504,43.6,167974.2
11505,0,179372.1
11506,0,188722.2
11507,0,198353.4
11508,0,209245.9
11509,0,224117.2
11510,0,233726.2
11511,0,251561.4
11512,0,256951.6
11513,0,266883.1
11514,0,182173.3
11515,0,175484.6
11516,0,106308.8
11517,4.7,94940.9
11518,67.7,74112
11519,283.1,65451.8
11520,665,59493.7
11521,1247.5,53931.3
11522,1875.7,49176.6
11523,2816.4,44700.4
11524,2532.9,60991.6
11525,3005.8,68291.8
11526,949.3,129655
11527,16.9,170102.1
11528,0,185531.1
11529,0,197287.5
11530,0,204785.6
11531,0,216139.2
11532,0,223791.5
11533,0,233804.5
11534,0,249146.8
11535,0,260909.4
11536,0,267413.3
11537,0,279229.3
11538,0,184788.8
11539,0,172694.5
11540,40.6,105313.1
11541,199.7,96312.3
11542,1148,77423.6
11543,2635.8,67308.1
11544,4413.4,60242
11545,6764.6,54815.2
11546,8536,49665.6
11547,10051.6,44904.7
11548,8518.5,61230.5
11549,9537.8,68226.6
11550,3927.6,129796.3
11551,1926.6,167487.8
11552,985.3,184500.1
11553,514.6,197496.4
11554,81.3,201976.4
11555,0,213904
11556,0,225723.3
11557,0,241775.9
11558,0,256018.9
11559,0,278331.5
11560,0,284176.4
11561,0,289306.8
11562,0,170688.5
11563,0,169796.8
11564,2,108767.7
11565,23.2,100221.5
11566,321.1,80448.1
11567,707.5,71242.7
11568,1233.2,64242.9
11569,1909.1,58806.8
11570,2479.3,54095.6
11571,3440,49217.6
11572,2824.2,65685.9
11573,3002.8,72858.6
11574,1055.1,135755.3
11575,0,182990.6
11576,0,202248.4
11577,0,219536.6
11578,0,231053.7
11579,0,253824.2
11580,0,268853.4
11581,0,283088.5
11582,0,299960.6
11583,0,315052.7
11584,0,319862.2
11585,0,326779.4
11586,0,216309.1
11587,0,205993.4
11588,0,144919.6
11589,0,135846.3
11590,0,107236.8
11591,0,91882.2
11592,0,75408.6
11593,0,72670.8
11594,19.7,65167.5
11595,187.5,58162.5
11596,468.3,55285.8
11597,780.4,51748.7
11598,1073.8,61956.4
11599,616.8,86009.5
11600,385.1,98431.2
11601,14.8,121506.7
11602,0,131737.2
11603,0,133644.3
11604,0,137456.4
11605,0,148953.8
11606,0,162888.4
11607,0,136419.9
11608,0,137593
11609,0,146756.2
11610,0,135411.1
11611,0,126357.9
11612,123.9,69542.2
11613,620.7,60861.4
11614,1024.3,51541.1
11615,1589,46012.9
11616,3398.7,40281.5
11617,4863.6,35462.9
11618,6669.2,31018.9
11619,8306.3,26930.5
11620,9937.1,26216.3
11621,12182.3,23775.1
11622,14401.4,36185.4
11623,13735.8,48004
11624,6599,60620.3
11625,3928.5,72984.2
11626,3092.4,77828.7
11627,2498.3,81330
11628,2087.8,83973.2
11629,1776.6,86811
11630,1651,83306.7
11631,1802.5,81257.5
11632,2121.8,82120.6
11633,9134.1,70361.1
11634,8539.3,61356.8
11635,9542.7,53478.2
11636,10560.2,34514
11637,11819.5,29422.5
11638,13542.3,23265.7
11639,15405.7,20241
11640,15709.6,18285.5
11641,17572.3,16541.7
11642,19865.8,15141.7
11643,22751.5,13818.7
11644,14509.9,19271.2
11645,11232.3,24905.9
11646,6942.7,80334.9
11647,1564.1,123047.6
11648,894.6,137529.3
11649,447,151387.6
11650,34.1,160440.7
11651,0,183147.6
11652,0,198862.2
11653,0,215306.8
11654,0,234073.2
11655,0,252082.2
11656,0,261782.5
11657,0,276405.3
11658,0,188300.9
11659,0,179494.6
11660,0,103741.1
11661,2,92690.9
11662,47.8,65978.5
11663,198,55380.1
11664,572.8,44898.5
11665,1252.1,45104.9
11666,2440.4,40828.7
11667,3999.4,36698.5
11668,3394.6,51178.1
11669,3649.2,60861.8
11670,1680.6,120857
11671,405.5,165743.5
11672,78.9,183607.1
11673,0,202622.7
11674,0,213840.4
11675,0,237039.4
11676,0,251235.8
11677,0,265432.1
11678,0,281615.3
11679,0,297551.4
11680,0,307010.1
11681,0,320641.6
11682,0,226465.4
11683,0,214922.1
11684,0,144731
11685,0,130420
11686,0,101173.2
11687,0,85398.3
11688,5.1,68583.6
11689,45.1,66002
11690,252.1,59088.1
11691,641.4,52613.6
11692,529,69317.1
11693,698,76870.3
11694,1.5,146578.3
11695,0,196834.8
11696,0,217759.6
11697,0,236726.6
11698,0,247767.7
11699,0,267935.9
11700,0,280952
11701,0,293415.3
11702,0,308656.9
11703,0,321115.8
11704,0,324561.3
11705,0,334554.1
11706,0,233290.9
11707,0,217521.1
11708,0,147179.9
11709,0,132608.2
11710,0,103414.8
11711,1.7,88346.5
11712,46.7,72898.7
11713,222.1,71124.4
11714,499,64840
11715,748.7,58808.9
11716,550.4,75483.2
11717,648.2,82785.7
11718,1.2,151645
11719,0,200176.1
11720,0,217111.2
11721,0,231296.5
11722,0,240471.5
11723,0,261147
11724,0,273150.1
11725,0,284307.8
11726,0,297011.4
11727,0,309871.4
11728,0,310651.7
11729,0,319558.4
11730,0,215779.5
11731,0,204200.4
11732,0,133847.7
11733,0,120592.7
11734,7.5,94809.2
11735,113.8,82999.8
11736,383.8,70427.5
11737,710.7,68867.2
11738,1049,62563.6
11739,1747.7,56283
11740,1407.2,73013.5
11741,1634.9,80177.9
11742,243.3,146419.4
11743,0,193845.4
11744,0,213320.8
11745,0,230546.5
11746,0,240896.9
11747,0,260499.3
11748,0,272533
11749,0,284230.4
11750,0,297709.7
11751,0,310547.5
11752,0,313810.9
11753,0,323779.7
11754,0,221711.1
11755,0,206628
11756,0,135861.7
11757,0,121989.1
11758,7.5,95373.2
11759,107.6,82874.3
11760,382.4,69907.1
11761,740.8,68301.1
11762,1200.5,61824.1
11763,2112.1,55339.5
11764,2868.8,52797.9
11765,3940.1,49970.2
11766,4379.7,65021.8
11767,2502.2,91823.7
11768,2055.4,104432
11769,996.4,131498.5
11770,545.1,145015.8
11771,131.6,150512.9
11772,0,155068.7
11773,0,159988.9
11774,0,171468.4
11775,0,142456.1
11776,0,150375.6
11777,0,151061.7
11778,0,137506.9
11779,0,128494
11780,13.8,71288.3
11781,64.5,61740.8
11782,448.8,52162.5
11783,1173.9,46873.1
11784,3013.6,40981.3
11785,4282.6,36238.2
11786,5962.8,32003.9
11787,7566.9,27955.4
11788,9048.7,27223.1
11789,10623.3,25123.8
11790,12495.7,38109.7
11791,11838.3,48430.9
11792,5061.4,61010.5
11793,2969,72866
11794,2251.2,77797.8
11795,1796.1,81028
11796,1459.8,83637.9
11797,1209.9,85741.6
11798,1094.8,88612.2
11799,1185.8,90987.9
11800,1356.3,88978.8
11801,8222.1,66451.2
11802,7615.5,52660.2
11803,8613.9,47576.7
11804,9664.1,34308
11805,10837,30637.8
11806,12225.3,24776.9
11807,13660.1,21866.3
11808,13314.4,20062
11809,14066.9,18279.4
11810,15136.5,16579.1
11811,16409.6,14952.5
11812,9788,21708.4
11813,5992.5,28190.8
11814,4185.5,83518
11815,0,126670.5
11816,0,142040.5
11817,0,154056.8
11818,0,161491.5
11819,0,182783.8
11820,0,192921.4
11821,0,206516.5
11822,0,216275.8
11823,0,221341.5
11824,0,224337.8
11825,0,235774.8
11826,0,145161.4
11827,0,140471.6
11828,0,82087.5
11829,63.8,75986.9
11830,486.5,59891.1
11831,718.7,53174.5
11832,1003.1,48062.3
11833,1518.8,43818.5
11834,1954.6,39976.9
11835,2331.9,36337.6
11836,1725,51236.6
11837,1785.2,60364.1
11838,312.5,118298.7
11839,0,163095.5
11840,0,179779
11841,0,193483.1
11842,0,206135.5
11843,0,218116.9
11844,0,229209.3
11845,0,239675.2
11846,0,250122.6
11847,0,259584
11848,0,267285.2
11849,0,281850.6
11850,0,191153.7
11851,0,182410.5
11852,0,115005.5
11853,0,101947.1
11854,0,79042.7
11855,61.3,69041.4
11856,374.9,62027.7
11857,811.8,56558.8
11858,1386,51683.1
11859,1903.4,47183.6
11860,1572.8,63872.7
11861,1753.1,71695.2
11862,446.8,137185.8
11863,0,183543
11864,0,202354.1
11865,0,220689.1
11866,0,232324.5
11867,0,253042.9
11868,0,265064.1
11869,0,277892.5
11870,0,292920.9
11871,0,308704.3
11872,0,315510.2
11873,0,328599.1
11874,0,232530.1
11875,0,221358.1
11876,0,154380.8
11877,0,141268.5
11878,0,113948.1
11879,0,99657.7
11880,0,82783.8
11881,0,80464.7
11882,0,73200.5
11883,0,67607.7
11884,0,85086
11885,0,93098.8
11886,0,173053.4
11887,0,219156
11888,0,243392.5
11889,0,260284.7
11890,0,270070.4
11891,0,288232.8
11892,0,298965.2
11893,0,311688.5
11894,0,325513.9
11895,0,337495.5
11896,0,337826
11897,0,344481.8
11898,0,240505.6
11899,0,228420.7
11900,0,160906.9
11901,0,147725.7
11902,0,119453.5
11903,0,102955.9
11904,0,83528.5
11905,0,79679.7
11906,0.4,71678.5
11907,83.2,65513.5
11908,4.1,82031.2
11909,48.9,89154.3
11910,0,161814.3
11911,0,201679.4
11912,0,225277.5
11913,0,237275.9
11914,0,248328.7
11915,0,257523.6
11916,0,266519.4
11917,0,275198
11918,0,283948.7
11919,0,290320.5
11920,0,288005
11921,0,296230.1
11922,0,195419
11923,0,186931.7
11924,0,122337.3
11925,0,111647.4
11926,204.2,89357.1
11927,484.2,79942.5
11928,671.1,67834.5
11929,894.2,67024.5
11930,1420.6,60913.8
11931,1900.1,54947.6
11932,2309.4,53036.2
11933,2784,49997.6
11934,3120.2,61271.1
11935,1709.4,85666.2
11936,1303.9,98117.3
11937,486.7,126243.4
11938,266.6,141768.2
11939,32.2,149112.4
11940,0,154343.8
11941,0,162707.9
11942,0,175013
11943,0,146187.9
11944,0,149014.1
11945,0,158498.3
11946,0,143455.1
11947,0,133096.6
11948,0,76117.1
11949,14.2,66169.3
11950,278,55440.2
11951,602.6,50123.6
11952,1595.5,44109.5
11953,2252.4,39431.2
11954,3116.8,35283.4
11955,3901.6,31358.9
11956,4732.7,30448
11957,5759.1,27712.5
11958,7139.4,42107.6
11959,6494.3,51469
11960,1958.9,64725.7
11961,1299.4,77885.1
11962,1058.8,83351
11963,768.9,87330.4
11964,446.1,90050.3
11965,288.2,92525.4
11966,422,95268.6
11967,588,92173
11968,1735.6,86761.8
11969,7332.7,71256.3
11970,6771.8,58579.6
11971,7706.1,51795.6
11972,8551.1,36928.9
11973,9448.9,32574.1
11974,10528.8,26423
11975,11682,23472.9
11976,11328.2,21650.1
11977,12065.8,19787.7
11978,13017.2,17920.3
11979,14007.2,16195.6
11980,7884.1,22612.6
11981,4202.6,29308.8
11982,3069.2,85922.3
11983,0,131148.8
11984,0,146406.1
11985,0,159902.9
11986,0,173477.5
11987,0,187147.5
11988,0,200281.8
11989,0,215223.3
11990,0,232519
11991,0,252119.3
11992,0,261623.4
11993,0,276360.4
11994,0,189864.6
11995,0,183931.9
11996,0,110661.5
11997,0,101389
11998,0,74414
11999,0,61489.3
12000,14.5,48399.1
12001,28.7,48368.8
12002,141.2,44427.7
12003,370.9,40686.6
12004,121.3,55258.2
12005,144.9,64858.9
12006,0,128871.2
12007,0,185159.1
12008,0,206973
12009,0,224182.9
12010,0,235243.4
12011,0,255059
12012,0,267902.7
12013,0,282246.6
12014,0,299666.2
12015,0,316319.1
12016,0,324430.9
12017,0,337821.8
12018,0,243876.7
12019,0,234380.2
12020,0,164704.7
12021,0,147905.3
12022,0,119030.4
12023,0,102160.5
12024,0,81790.1
12025,0,76853.1
12026,0,68203.1
12027,1.1,61798.8
12028,0,78496.3
12029,0,87823.4
12030,0,167953.4
12031,0,213541.7
12032,0,239505.4
12033,0,254872
12034,0,265197.9
12035,0,285272.1
12036,0,299839.7
12037,0,315271.9
12038,0,332759.2
12039,0,348944.1
12040,0,355448.6
12041,0,368907.6
12042,0,270975
12043,0,259315.4
12044,0,185444.2
12045,0,167039.4
12046,0,137557.7
12047,0,121030.8
12048,0,100936.9
12049,0,93405.8
12050,0,82525.4
12051,0,74366.8
12052,0,93223.9
12053,0,102054.1
12054,0,186742.9
12055,0,233092.1
12056,0,257216.1
12057,0,273605.2
12058,0,284436.6
12059,0,304235.4
12060,0,319306.4
12061,0,331480.3
12062,0,347593.8
12063,0,362440.1
12064,0,369551.2
12065,0,386642.7
12066,0,288877.5
12067,0,275825.1
12068,0,200014
12069,0,181435.7
12070,0,152555.3
12071,0,137164.5
12072,0,119024.9
12073,0,112038.1
12074,0,100540.7
12075,0,89505.5
12076,0,107964.7
12077,0,115913.4
12078,0,199355.9
12079,0,243657.9
12080,0,265572.2
12081,0,274720
12082,0,280249
12083,0,298472.7
12084,0,309788.5
12085,0,320485.4
12086,0,329646.2
12087,0,340253.2
12088,0,348287.3
12089,0,354046.6
12090,0,252862.6
12091,0,242531.2
12092,0,174541.6
12093,0,161921.4
12094,0,135047.7
12095,0,120563.8
12096,0,102253.4
12097,0,96790.4
12098,0,86424.2
12099,0,77876
12100,0,73871.6
12101,0,69054.3
12102,0,80362.9
12103,0,104809.7
12104,0,117305.2
12105,0,146138.4
12106,0,160374.9
12107,0,165890.4
12108,0,170064.4
12109,0,174817.3
12110,0,179636.7
12111,0,144766.3
12112,0,155519
12113,0,159494.5
12114,0,151619.1
12115,0,145141.6
12116,0,84556.9
12117,13.1,75171.7
12118,274.6,62861.8
12119,600.1,55476.8
12120,1676.7,47090.6
12121,2679.8,40428.8
12122,3775.8,35457.1
12123,5195.4,30967.2
12124,6539.8,29847.2
12125,7687,27927.3
12126,9395.7,47121.5
12127,9490.9,56930.9
12128,3173.5,68840.2
12129,1819.4,79608
12130,1153,83673.1
12131,559.2,86642.8
12132,224.1,88836.5
12133,274.4,92728.2
12134,356,99064.4
12135,447.8,105627.4
12136,1535.5,106884.7
12137,7082.9,94234.8
12138,6501.6,85361.6
12139,7440.9,75837.9
12140,11605.8,47159.3
12141,9228.6,40699.8
12142,10199,31995.2
12143,11138.7,28041.2
12144,10476.7,25682.7
12145,10859.3,23362.3
12146,11495.8,21222.9
12147,12542.2,19252.9
12148,6586.8,25556.5
12149,2937.2,33294.9
12150,2707.2,96236.9
12151,0,146803.4
12152,0,167040.4
12153,0,186733.4
12154,0,199241.4
12155,0,223619.7
12156,0,240069.6
12157,0,255847.2
12158,0,269252.7
12159,0,283160.8
12160,0,288266.9
12161,0,302246.3
12162,0,213527.5
12163,0,203200.1
12164,0,141132.5
12165,0,127275.1
12166,0,98369.5
12167,0,81103.9
12168,0,61000.2
12169,0,58589.2
12170,0,51465
12171,30.8,46233.3
12172,0,61797.4
12173,0,71525.2
12174,0,142171.6
12175,0,191462.1
12176,0,221832.4
12177,0,238940.7
12178,0,250254.6
12179,0,269483
12180,0,282693.6
12181,0,297638.3
12182,0,314734.3
12183,0,329697.8
12184,0,335641.5
12185,0,349992.4
12186,0,254714.9
12187,0,244122.8
12188,0,174294.3
12189,0,157431.2
12190,0,128802.6
12191,0,112565.2
12192,0,92061.5
12193,0,84930.9
12194,0,74827.1
12195,0,66727.7
12196,0,84606.7
12197,0,93219.5
12198,0,174017.2
12199,0,219955.5
12200,0,243579.2
12201,0,257404.9
12202,0,269589.8
12203,0,291089.1
12204,0,305272.3
12205,0,319473.1
12206,0,334930.7
12207,0,349455.5
12208,0,354059.6
12209,0,366613.2
12210,0,269897.4
12211,0,257729.4
12212,0,184997.3
12213,0,168466.6
12214,0,140054.3
12215,0,124494.1
12216,0,105427.4
12217,0,98669.6
12218,0,87339.9
12219,0,78438.8
12220,0,97341.5
12221,0,105251.2
12222,0,184579.1
12223,0,227174.3
12224,0,248921.2
12225,0,260533.3
12226,0,267102.1
12227,0,284426.5
12228,0,297262.9
12229,0,310515.5
12230,0,329480.3
12231,0,346011.6
12232,0,352274.4
12233,0,360618.5
12234,0,262775.4
12235,0,250982
12236,0,179618
12237,0,165924.8
12238,0,138773.4
12239,0,123782.6
12240,0,105264.9
12241,0,99637.4
12242,0,89205.6
12243,0,80653.7
12244,0,99295.2
12245,0,106686.3
12246,0,185459.4
12247,0,228757.7
12248,0,251524.2
12249,0,264068.2
12250,0,272507.3
12251,0,294574.4
12252,0,310097.4
12253,0,321506.1
12254,0,339618.1
12255,0,355373.7
12256,0,354592.5
12257,0,361464.2
12258,0,252733.8
12259,0,240525.5
12260,0,175500.4
12261,0,164572.6
12262,0,138837.4
12263,0,125483.3
12264,0,108836.4
12265,0,103757.6
12266,0,93620.4
12267,0,84571.2
12268,0,80765.5
12269,0,75910.3
12270,0,88867.5
12271,0,116045
12272,0,129847.7
12273,0,161700
12274,0,181259.6
12275,0,191766.5
12276,0,200703
12277,0,208487.8
12278,0,212288.7
12279,0,174510.6
12280,0,178402.8
12281,0,177390.2
12282,0,162475.9
12283,0,157266.8
12284,0,104127.3
12285,15,93043.8
12286,280.4,78891.3
12287,589.5,69851
12288,1574.4,53697.2
12289,1923.5,53212
12290,2266.2,47935.3
12291,2592.6,43686.5
12292,2907.6,43186.2
12293,3206.3,40741.8
12294,4273.9,55062.3
12295,3760.6,62700.9
12296,159.1,73445.9
12297,0,81844.9
12298,17.9,85745.2
12299,102,88697.2
12300,190.3,88324.4
12301,275.1,91244.7
12302,355.4,93610.3
12303,430.5,94459.8
12304,503.5,94223.1
12305,6220,75416
12306,5562.4,64141.5
12307,6359.2,59005
12308,7195.2,44593
12309,8153.8,39861.9
12310,9134.7,32934
12311,10086.5,29523.8
12312,11009.3,26913.7
12313,11900.3,24659.3
12314,12803.2,22641.3
12315,13776.4,20760.2
12316,14764.2,21862.3
12317,15858,20640.1
12318,21768,37184.2
12319,17922,44585.7
12320,14990.8,49290.1
12321,10517.8,55978
12322,10472.4,59934.2
12323,10474.9,63033.4
12324,10467,65737.6
12325,10571.2,68473.7
12326,10713.1,70376.7
12327,10853.9,70904
12328,11001,70912
12329,21767.7,57733.4
12330,19370.4,47888.2
12331,20504.4,44906.2
12332,21422.6,32431
12333,22266.5,29326
12334,23093.1,23707
12335,23911.6,20982.1
12336,22916.8,18969.4
12337,23102.8,17370.9
12338,23636.5,16118.5
12339,24251.3,14999.6
12340,16753.5,18069.1
12341,10096.1,23947.7
12342,10531,78982.8
12343,486.8,129178.7
12344,0,147625
12345,0,163540.1
12346,0,174578.1
12347,0,197294.4
12348,0,209408.3
12349,0,224859.8
12350,0,236928.6
12351,0,244093.7
12352,0,249248.3
12353,0,261617.4
12354,0,173106.9
12355,0,167917.2
12356,0,107802.6
12357,0,97957.5
12358,0,71987.7
12359,0,59500.5
12360,0,46151.4
12361,0,46206.4
12362,0,42218.5
12363,0,38580.2
12364,0,52338.7
12365,0,62507.8
12366,0,130396.9
12367,0,178026.1
12368,0,206334.9
12369,0,221104.3
12370,0,227972
12371,0,245037.3
12372,0,255839.4
12373,0,265719.6
12374,0,272774.8
12375,0,275139.1
12376,0,276446.4
12377,0,283842.6
12378,0,185589.4
12379,0,178094.6
12380,0,116145.1
12381,0,104240.3
12382,39.8,80875.3
12383,268.8,69931.3
12384,465.6,58333.5
12385,625.5,57902.6
12386,757.5,53479.1
12387,888.6,49449.4
12388,509.4,66227.1
12389,405.9,74876.5
12390,0,147264
12391,0,194865.2
12392,0,209428.5
12393,0,219516.7
12394,0,226456.9
12395,0,241007.5
12396,0,249956.9
12397,0,259671.5
12398,0,268739.7
12399,0,276008.5
12400,0,271855.9
12401,0,279829.5
12402,0,181786.5
12403,0,175119.1
12404,0,111448
12405,122.1,101278.5
12406,474.2,80308.2
12407,670.8,71221.7
12408,851.6,64762.2
12409,1072.3,59857.9
12410,1436.1,55242.3
12411,1801.5,50822.1
12412,1175.1,67708.4
12413,1086.8,75140.4
12414,0,140821.8
12415,0,192939.6
12416,0,212122
12417,0,228154.2
12418,0,228681.4
12419,0,243461.9
12420,0,253429.4
12421,0,266011.8
12422,0,274894.3
12423,0,278419.5
12424,0,274438.9
12425,0,286046.5
12426,0,192691.7
12427,0,185898.2
12428,0,121705.2
12429,0,110022.4
12430,7.1,85919.9
12431,186.7,74239
12432,472,61792.1
12433,674.4,60806.8
12434,881,56041.3
12435,1117.2,51605.1
12436,1643,50343.6
12437,2035.4,48112.2
12438,1889.5,64137.2
12439,940.1,90600.9
12440,631.6,103327.1
12441,114.5,129346.3
12442,0,142514.2
12443,0,148221.9
12444,0,154926.7
12445,0,163447.2
12446,0,176512.4
12447,0,148080.6
12448,0,152302.5
12449,0,163842
12450,0,154624.6
12451,0,148436.6
12452,0,80077.9
12453,0,68763.3
12454,0,55319.8
12455,2.5,49281.5
12456,30,43232.9
12457,125.3,38466.9
12458,579.2,34285.7
12459,1233.9,30339.1
12460,1903.9,29238.2
12461,2756.4,27684.4
12462,3774.5,46235.8
12463,2782,56615.4
12464,2179.7,68684.4
12465,1277.2,78799.5
12466,916.7,82263.8
12467,489.8,84735
12468,108.6,86021.4
12469,36.5,87943.2
12470,124.5,92366.9
12471,266.7,96958.1
12472,1543.2,95136.2
12473,3777.1,83039.9
12474,3053.8,69574.3
12475,3918.8,61330.3
12476,4707.5,44622.3
12477,5597.8,37102.5
12478,6543.7,29552.2
12479,7460.7,25795.2
12480,6882.3,23618.6
12481,7712.5,21588.8
12482,8746.8,19693.5
12483,9744.9,17929.4
12484,8042.8,24142.5
12485,4329.2,32035.8
12486,3303.7,92912.8
12487,0,142479.4
12488,0,161064.5
12489,0,177933.8
12490,0,185290.2
12491,0,204928.3
12492,0,215060.1
12493,0,226945
12494,0,238720.4
12495,0,246718.3
12496,0,246216
12497,0,257891.7
12498,0,162667.3
12499,0,156374.7
12500,0,95850.7
12501,0,87073.1
12502,0,64968.5
12503,13.1,56933.4
12504,171.3,47070.1
12505,322.5,47743.8
12506,429.1,44034.2
12507,542.6,40544.8
12508,264.1,55164.4
12509,346.8,64030.9
12510,0,130072.8
12511,0,185099.9
12512,0,206792.5
12513,0,223977.5
12514,0,234720.6
12515,0,253682.9
12516,0,263505.7
12517,0,272332.7
12518,0,280509.1
12519,0,284441.5
12520,0,282295.7
12521,0,290293.1
12522,0,195875.4
12523,0,194792.6
12524,0,126900
12525,0,115005
12526,0,89280.6
12527,0,77005.1
12528,0,63111.3
12529,0,61932.4
12530,90.3,56786.9
12531,266.1,52502.5
12532,1.9,69320.4
12533,25.5,76970.6
12534,0,147246.5
12535,0,193863.3
12536,0,219161.1
12537,0,234713.3
12538,0,245561.4
12539,0,265876.3
12540,0,278188.1
12541,0,291548.9
12542,0,308100.5
12543,0,323928.7
12544,0,330701.5
12545,0,342418.3
12546,0,256033.5
12547,0,239855.7
12548,0,165672.9
12549,0,150735.3
12550,0,121280.9
12551,0,104418.4
12552,0,83784
12553,0,79415.8
12554,0,71656
12555,0,65536
12556,0,82807.5
12557,0,91212.7
12558,0,166874.3
12559,0,219761.8
12560,0,245386.8
12561,0,261412.2
12562,0,274263.5
12563,0,293721
12564,0,308033.3
12565,0,322909.2
12566,0,338183.4
12567,0,346694.9
12568,0,339521.4
12569,0,360997.7
12570,0,272067.9
12571,0,254555.8
12572,0,179838.6
12573,0,162701.6
12574,0,134148
12575,0,117410.9
12576,0,98492.3
12577,0,91726
12578,0,80842.8
12579,0,71865.6
12580,0,89712.7
12581,0,99263.3
12582,0,181204.1
12583,0,235096.2
12584,0,256954.5
12585,0,270898.5
12586,0,283725.4
12587,0,304111.8
12588,0,316784.5
12589,0,331005.9
12590,0,344529.3
12591,0,353616.1
12592,0,363702
12593,0,378648
12594,0,283293.8
12595,0,267784.3
12596,0,188317.8
12597,0,171510.9
12598,0,143003.6
12599,0,127947.7
12600,0,110004.2
12601,0,102891.8
12602,0,91290.1
12603,0,81382
12604,0,76420.4
12605,0,70860.4
12606,0,81838.8
12607,0,108075.8
12608,0,121116.2
12609,0,150893.5
12610,0,166358.4
12611,0,178403.9
12612,0,189831.9
12613,0,199813.1
12614,0,203180.3
12615,0,183309.1
12616,0,190291.4
12617,0,199451.3
12618,0,187112.9
12619,0,176444.1
12620,0,117350.2
12621,0,105096.5
12622,0,87833.8
12623,0,74924.7
12624,8.3,55704.1
12625,0,54009.6
12626,0,47565.6
12627,0,41245.9
12628,0,39009.4
12629,0,37567.2
12630,768.9,57239.1
12631,0,68061.3
12632,167.9,81432.8
12633,0,92123.3
12634,0,98427.3
12635,0,99486.2
12636,0,96756
12637,0,95616.4
12638,0,94664.7
12639,0,93319.4
12640,0,91187.6
12641,2239,73370.1
12642,1496.6,63165.5
12643,2254.6,58765.8
12644,3055.8,46441.6
12645,3963.9,41161.9
12646,4913.2,34721.9
12647,5819.5,31461.4
12648,5171.7,29427.8
12649,5577.7,27291.1
12650,6154.1,25173.1
12651,6741.4,23280.2
12652,5217.8,29282.8
12653,1768.9,37928.3
12654,2299.2,104293.7
12655,0,152228.8
12656,0,183324.1
12657,0,203769.7
12658,0,216270
12659,0,239505.3
12660,0,256170.9
12661,0,273464.9
12662,0,292082.3
12663,0,302572.1
12664,0,307369.1
12665,0,321767.6
12666,0,228622.8
12667,0,215330.8
12668,0,152407.9
12669,0,141641.5
12670,0,114442.5
12671,0,100093
12672,0,81082.2
12673,0,75569.4
12674,0,66241.1
12675,0,55906.2
12676,0,72773.9
12677,0,83839.2
12678,0,159310.4
12679,0,210534.7
12680,0,232077.8
12681,0,242024.9
12682,0,250536.6
12683,0,257960.7
12684,0,264402.9
12685,0,271189.5
12686,0,278220.8
12687,0,285593.5
12688,0,289731.8
12689,0,292779.3
12690,0,197347
12691,0,191285.3
12692,0,128018.3
12693,0,117906.3
12694,0,93380.8
12695,0,83314.3
12696,0,69191.4
12697,0,67744.1
12698,0,61391.1
12699,4.3,56226.8
12700,0,74024.2
12701,0,82243
12702,0,156702.4
12703,0,209027.9
12704,0,238810.2
12705,0,255730.6
12706,0,264964.1
12707,0,282651.6
12708,0,295653.6
12709,0,308259.1
12710,0,321272.7
12711,0,334994.7
12712,0,336429.5
12713,0,334110.4
12714,0,239679.3
12715,0,226046.5
12716,0,159105.1
12717,0,147647.2
12718,0,120742
12719,0,106391.9
12720,0,89031.9
12721,0,85882.9
12722,0,76985
12723,0,69224.3
12724,0,87511.1
12725,0,95740.7
12726,0,171722.8
12727,0,224229.6
12728,0,245001.3
12729,0,257406.1
12730,0,270057.4
12731,0,286552.2
12732,0,297976
12733,0,301983
12734,0,319405.5
12735,0,326201.3
12736,0,332752.3
12737,0,347896
12738,0,257004.2
12739,0,242170.4
12740,0,167564.5
12741,0,149212.3
12742,0,119687.6
12743,0,103012.2
12744,0,84548.4
12745,0,80804.9
12746,0,72738.8
12747,0,66606.7
12748,0,83297.6
12749,0,92061.2
12750,0,169911.8
12751,0,223379.2
12752,0,247851.3
12753,0,261866.1
12754,0,271089.9
12755,0,290008
12756,0,299535.5
12757,0,306347.5
12758,0,303571.4
12759,0,306739.9
12760,0,318801.2
12761,0,335253.3
12762,0,249046.6
12763,0,234129.1
12764,0,158758.1
12765,0,141681.1
12766,0,112728.4
12767,0,97406.5
12768,0,81033.3
12769,0,77885.2
12770,0,71068.6
12771,0.6,64771.1
12772,162,61926.2
12773,292.1,58266.2
12774,81,74010
12775,0,100163.7
12776,0,114736.1
12777,0,138807.8
12778,0,156548.2
12779,0,166149.2
12780,0,177333
12781,0,186515.7
12782,0,197349.7
12783,0,163037.4
12784,0,159035.2
12785,0,164343.7
12786,0,149068.9
12787,0,144400.4
12788,0,89586
12789,0,78828.6
12790,0,64402.3
12791,0,55670
12792,22.7,43664.7
12793,0,44230.5
12794,0,39645.2
12795,0,35654.1
12796,194.8,34160.6
12797,487.8,30243.9
12798,1537.7,42035
12799,752.8,49229.9
12800,541.1,61468.4
12801,314.5,71358.7
12802,303.7,73094
12803,235.6,72958.7
12804,180.9,72747.7
12805,135.9,75747.2
12806,94.6,78386.4
12807,48.1,83791.8
12808,151,84845
12809,3269.3,62722.8
12810,2659.7,51925.1
12811,3557.1,46903.5
12812,4356.2,34743.8
12813,5259.5,30048.9
12814,6264.6,24230.1
12815,7500.3,21527
12816,6949.3,20131.6
12817,7551.2,18481.9
12818,8406.6,16791.6
12819,9274.9,15452.1
12820,7345.7,21396.2
12821,3535.4,28904.9
12822,2973,91082.1
12823,0,143655.6
12824,0,163628.1
12825,0,181636
12826,0,193008.8
12827,0,216643.2
12828,0,231112.4
12829,0,245519.7
12830,0,263807.6
12831,0,280495.6
12832,0,288922.9
12833,0,303983.8
12834,0,216706.1
12835,0,210676.4
12836,0,145855.2
12837,0,128695.4
12838,0,99503.9
12839,0,81942.1
12840,0,60716.8
12841,0,59056
12842,0,52374.9
12843,0,46328
12844,0,61287.2
12845,0,72007.1
12846,0,151287.9
12847,0,206227.2
12848,0,233990.3
12849,0,248874.3
12850,0,258913.3
12851,0,276720.5
12852,0,290750.8
12853,0,302122.7
12854,0,305434.3
12855,0,326307.8
12856,0,332050.3
12857,0,324046.7
12858,0,228780
12859,0,215286.3
12860,0,152026.1
12861,0,140808.5
12862,0,113521.9
12863,0,97888.6
12864,0,78812.7
12865,0,74750.1
12866,0,65548.8
12867,0,58943.4
12868,0,76218.8
12869,0,84691.7
12870,0,159779.3
12871,0,211695
12872,0,234936
12873,0,246448.6
12874,0,251980.6
12875,0,270497.8
12876,0,280021.3
12877,0,293230
12878,0,307331.4
12879,0,320457.9
12880,0,322501.9
12881,0,337217.4
12882,0,250060.3
12883,0,235765.9
12884,0,165672.5
12885,0,147888.5
12886,0,117494.8
12887,0,99691
12888,0,80943.7
12889,0,76802.4
12890,0,69790.1
12891,18,64140.9
12892,0.5,80930.6
12893,1.2,89772.8
12894,0,164727.4
12895,0,217314.7
12896,0,243364.5
12897,0,258654.6
12898,0,268142.4
12899,0,287348.3
12900,0,300982.3
12901,0,288644.3
12902,0,331381.4
12903,0,347515.6
12904,0,353624.4
12905,0,368116.5
12906,0,278778.5
12907,0,262704.7
12908,0,187167.3
12909,0,168363.2
12910,0,139019.4
12911,0,122563.5
12912,0,102103.1
12913,0,94553.8
12914,0,83227
12915,0,74774.9
12916,0,93048.1
12917,0,101609.3
12918,0,182615.5
12919,0,236741.3
12920,0,259715.8
12921,0,274262
12922,0,283335.1
12923,0,301901.7
12924,0,313790.6
12925,0,325490.1
12926,0,339854.2
12927,0,353263.4
12928,0,356380.5
12929,0,366190.4
12930,0,277297.4
12931,0,262670.2
12932,0,189706.3
12933,0,171412
12934,0,143092.6
12935,0,128162
12936,0,109440.7
12937,0,102979.6
12938,0,92022.1
12939,0,82938.8
12940,0,78845.4
12941,0,75603.1
12942,0,92655.2
12943,0,117777.1
12944,0,127675.7
12945,0,161002.6
12946,0,181067.1
12947,0,186829
12948,0,191641.2
12949,0,196379.5
12950,0,200714.7
12951,0,172626.8
12952,0,186358.2
12953,0,187242.5
12954,0,164006.8
12955,0,158269.2
12956,0,109415.7
12957,0,96041.8
12958,0,81136.1
12959,0,71367.4
12960,21.3,56834.2
12961,0,56871.6
12962,0,51568.2
12963,0,46601.5
12964,0,45105.3
12965,0,43622.9
12966,789.1,62969.2
12967,0,71492.1
12968,154.5,81711.4
12969,0,95544.7
12970,0,102444.8
12971,0,108637
12972,0,113912.5
12973,0,119252
12974,0,129613.9
12975,0,141199.6
12976,387.6,144370
12977,1918.6,132717.4
12978,1134.4,126017.2
12979,1648.8,120966.8
12980,2267.7,97875.2
12981,3107.5,81425.9
12982,3956.9,68877.6
12983,4780.1,60640.6
12984,7403.8,50990.3
12985,4361.1,52111.7
12986,4868.1,48084.3
12987,5402.9,44827.4
12988,3654.4,55670.7
12989,444.7,65991.8
12990,1519.5,145099.3
12991,0,201666.7
12992,0,229823.9
12993,0,250479.4
12994,0,264058.7
12995,0,284470.8
12996,0,298676.1
12997,0,313503.9
12998,0,328232.3
12999,0,335509.7
13000,0,335770.4
13001,0,344739.9
13002,0,262551.7
13003,0,255527.2
13004,0,191878.2
13005,0,174453.8
13006,0,147513.2
13007,0,133918.3
13008,0,118362.4
13009,0,111429.9
13010,0,100221.1
13011,0,89528.4
13012,0,105683.5
13013,0,116323.1
13014,0,199395.1
13015,0,253211.7
13016,0,276582.6
13017,0,291224.5
13018,0,300281
13019,0,316527.8
13020,0,326913.6
13021,0,338269.3
13022,0,351747.1
13023,0,363797.1
13024,0,369312.1
13025,0,383621.4
13026,0,289898.6
13027,0,267749.9
13028,0,195425.7
13029,0,177127.2
13030,0,147570.5
13031,0,131202.2
13032,0,112692.1
13033,0,105178.2
13034,0,93492.2
13035,0,83735.1
13036,0,102299.6
13037,0,110475.4
13038,0,190925.8
13039,0,245283.3
13040,0,268420.2
13041,0,283198.8
13042,0,294429.9
13043,0,314522.2
13044,0,328470.8
13045,0,342492
13046,0,357702.9
13047,0,371494.6
13048,0,377080.8
13049,0,391818.6
13050,0,298958.4
13051,0,280769.5
13052,0,207439.4
13053,0,188526.3
13054,0,160308.6
13055,0,145933.3
13056,0,129998.5
13057,0,123849.4
13058,0,113235.2
13059,0,103168.4
13060,0,122961.6
13061,0,131756.9
13062,0,213812.2
13063,0,262604.9
13064,0,283796.7
13065,0,300868.9
13066,0,312021.5
13067,0,329615.5
13068,0,341130.6
13069,0,351585.2
13070,0,362718.8
13071,0,375330.8
13072,0,378288
13073,0,388756.5
13074,0,292318.9
13075,0,281172.3
13076,0,208488.6
13077,0,189414.9
13078,0,159849.3
13079,0,145949.8
13080,0,130550.7
13081,0,123536.1
13082,0,112178.2
13083,0,100713.8
13084,0,119120.3
13085,0,127267.9
13086,0,209971.5
13087,0,263488.7
13088,0,286371.3
13089,0,301380
13090,0,310955.3
13091,0,328861.3
13092,0,339107.1
13093,0,349448.2
13094,0,362518.3
13095,0,373613.9
13096,0,376498.6
13097,0,388696.6
13098,0,285367.2
13099,0,276036.6
13100,0,199505.1
13101,0,178216.8
13102,0,147888.5
13103,0,131630.4
13104,0,112183.2
13105,0,103299.4
13106,0,92419.9
13107,0,82831.2
13108,0,79309.8
13109,0,74820.8
13110,0,87169.6
13111,0,110683
13112,0,120258.9
13113,0,153082.5
13114,0,167707.9
13115,0,171913.8
13116,0,175604.9
13117,0,177830.2
13118,0,179872.7
13119,0,133505
13120,0,133106.5
13121,0,130130.1
13122,0,117292.6
13123,0,113005.3
13124,35.3,67073.6
13125,248.5,61815.1
13126,410.8,53456.1
13127,572.8,48476.8
13128,1119.7,42482.4
13129,1514.1,37729.4
13130,1900.6,33567.8
13131,2549.5,29666
13132,3176.6,28722.9
13133,3705.4,26175
13134,4760.2,38717.5
13135,4047,45165.7
13136,2760,54306.6
13137,2017.7,63852.8
13138,1412.6,68817.7
13139,1144.5,71117.7
13140,868.1,70362.3
13141,614.6,73457.5
13142,510.7,75314.3
13143,491.7,76028.4
13144,491.5,78281.8
13145,2953.7,62752.9
13146,1906.1,53216.9
13147,2544.1,48677.8
13148,6342.8,30900.7
13149,4080.8,29275.2
13150,5018.1,22859.1
13151,6079.2,20022.9
13152,6244.6,18449.3
13153,6923,17168.9
13154,7753.6,16018.4
13155,8599.7,14944.5
13156,8051.7,20598.7
13157,4424.3,26497.1
13158,3175.5,91998.1
13159,0,146740.7
13160,0,163185.8
13161,0,174772.6
13162,0,186963.2
13163,0,198867.7
13164,0,209858.2
13165,0,220336.9
13166,0,229241.2
13167,0,236216
13168,0,237313.8
13169,0,248593.4
13170,0,159861.1
13171,0,157317.7
13172,0,90299.6
13173,0,82724.3
13174,0,61270.7
13175,112.9,53184.8
13176,264.6,46801.7
13177,362.8,42396.8
13178,497.2,38347.7
13179,690.5,34692.1
13180,935.5,34093.2
13181,1115.9,31531.3
13182,1487.3,44248.5
13183,1141.8,51203.5
13184,723.8,61048.6
13185,450.7,70693.1
13186,351.7,73580.4
13187,217.4,76165
13188,57,78888.2
13189,0,83196.5
13190,0,87824.7
13191,0,92962.2
13192,796.3,89704.4
13193,1791.6,78538.3
13194,1016.7,65888.5
13195,1668.8,60019.8
13196,2232.2,46396.3
13197,2801.9,38903.9
13198,3361.1,31618.9
13199,4015.8,28182.5
13200,3967.8,26137.4
13201,4352.8,24024
13202,4870,21987.3
13203,5412.6,19998.4
13204,5478.6,26468.3
13205,2131.1,34610.6
13206,2485.4,113328.7
13207,0,167892
13208,0,196760.4
13209,0,214951.2
13210,0,228488.3
13211,0,252272.9
13212,0,268397.6
13213,0,282714
13214,0,289337.9
13215,0,301125
13216,0,313754.2
13217,0,329050.9
13218,0,239468
13219,0,232767.3
13220,0,161783.7
13221,0,148959.5
13222,0,119569.5
13223,0,103643.1
13224,0,84270.2
13225,0,80031
13226,0,70236.4
13227,0,61675.1
13228,0,81877.3
13229,0,95117.5
13230,0,186769.8
13231,0,242795.6
13232,0,266526.1
13233,0,281490.7
13234,0,291844
13235,0,309233.3
13236,0,319957.4
13237,0,330451.9
13238,0,344318.9
13239,0,357157
13240,0,364860.9
13241,0,379512
13242,0,291655.9
13243,0,279361.5
13244,0,202855.5
13245,0,181026
13246,0,148807
13247,0,132458.7
13248,0,113016.5
13249,0,105685.3
13250,0,93982.1
13251,0,84426.5
13252,0,109147.5
13253,0,119514.5
13254,0,213665.8
13255,0,258321
13256,0,277011.8
13257,0,288341.2
13258,0,295271.9
13259,0,310587.9
13260,0,319501.6
13261,0,327866
13262,0,335160.7
13263,0,349597.3
13264,0,349879.7
13265,0,364777.2
13266,0,277226.6
13267,0,266481
13268,0,189413.6
13269,0,169781.8
13270,0,137039.2
13271,0,119656.7
13272,0,98737.6
13273,0,93121.5
13274,0,83066.9
13275,0,74451.9
13276,0,71807.8
13277,0,67713.9
13278,0,83557
13279,0,115555.4
13280,0,131663.4
13281,0,169612.2
13282,0,188628.8
13283,0,197928.6
13284,0,205112.8
13285,0,215684.2
13286,0,227236.6
13287,0,193334.5
13288,0,195583.5
13289,0,202974.7
13290,0,192680.9
13291,0,185032.2
13292,0,121147.6
13293,0,105438.5
13294,0,87095.9
13295,0,74740.2
13296,30.2,55945.2
13297,0,54956.1
13298,0,49288.8
13299,0,43860.4
13300,0,42238.2
13301,0,39348.8
13302,797.6,56083.7
13303,0,65009.3
13304,198.2,77699.5
13305,0,89201.6
13306,0,93655.4
13307,0,97541.8
13308,0,102028
13309,0,104144
13310,0,107182
13311,0,114667.5
13312,613.3,114924.9
13313,1623.6,103992.9
13314,555.9,96569.6
13315,1052,81847.6
13316,4730.1,59497.3
13317,2415.6,51524.9
13318,3190.4,41636.4
13319,3915.3,36608.4
13320,7329.7,28843.9
13321,4210.5,30171.2
13322,4727.4,27090.3
13323,5259.9,24470.5
13324,5053.9,31867.5
13325,1548.5,40677.7
13326,2177.3,117842.5
13327,0,176282.5
13328,0,208056.9
13329,0,228002.2
13330,0,239757.2
13331,0,261742.2
13332,0,278137.9
13333,0,292703
13334,0,308820
13335,0,324345
13336,0,335939.1
13337,0,349135.3
13338,0,261307.8
13339,0,252236.4
13340,0,176620.9
13341,0,160001
13342,0,128638
13343,0,112286.7
13344,0,93453.4
13345,0,87047.9
13346,0,75792.1
13347,0,66002.5
13348,0,85012.2
13349,0,97391.8
13350,0,188299.2
13351,0,243814.3
13352,0,267355.2
13353,0,282465.1
13354,0,292133.3
13355,0,307462.9
13356,0,319720.8
13357,0,331028.1
13358,0,339312.1
13359,0,339138.2
13360,0,335847.5
13361,0,342177.2
13362,0,249601.8
13363,0,236337
13364,0,166305
13365,0,155814.6
13366,0,126540.2
13367,0,111225.6
13368,0,91029.3
13369,0,85640.8
13370,0,76063.6
13371,0,68819.5
13372,0,92199.2
13373,0,102649.4
13374,0,185831.4
13375,0,236134.4
13376,0,255893.4
13377,0,266426.8
13378,0,275636
13379,0,284248.1
13380,0,292319.6
13381,0,299530.2
13382,0,305689.9
13383,0,311193.8
13384,0,316862.8
13385,0,324981.7
13386,0,232860.5
13387,0,227073.3
13388,0,154905.2
13389,0,142106.6
13390,0,111576.7
13391,0,96005.9
13392,0,78824.8
13393,0,76426.7
13394,0,69434.3
13395,0,63687
13396,0,85708.9
13397,0,96207
13398,0,187256.3
13399,0,232505.5
13400,0,257308.8
13401,0,271196.6
13402,0,282076.8
13403,0,299458.2
13404,0,311707.3
13405,0,322854.6
13406,0,337792.4
13407,0,349471.2
13408,0,357036.2
13409,0,372359.3
13410,0,284460.7
13411,0,271620.3
13412,0,192836.2
13413,0,171773
13414,0,138717.1
13415,0,120327.4
13416,0,97775.9
13417,0,90333
13418,0,79897.5
13419,0,71808
13420,0,94839.3
13421,0,104258.9
13422,0,197840.1
13423,0,244989.8
13424,0,268552
13425,0,283048.6
13426,0,293643.4
13427,0,313887.6
13428,0,327232.9
13429,0,340167.6
13430,0,354975.2
13431,0,368371.8
13432,0,373721.3
13433,0,384847.5
13434,0,297358.9
13435,0,283088.3
13436,0,203017.6
13437,0,183319.8
13438,0,150915.5
13439,0,134086.7
13440,0,114132.6
13441,0,107369.6
13442,0,94961
13443,0,84053
13444,0,79792.6
13445,0,75254.6
13446,0,92494.6
13447,0,124921.6
13448,0,140771.9
13449,0,182325.9
13450,0,198190.6
13451,0,216863.4
13452,0,227409.5
13453,0,237372.8
13454,0,250469
13455,0,218236.8
13456,0,222429.3
13457,0,229440.2
13458,0,216290.9
13459,0,209843.4
13460,0,148113
13461,0,133513.8
13462,0,119718.1
13463,0,109225.9
13464,18.1,90560.3
13465,0,85244.5
13466,0,75251.6
13467,0,66913.2
13468,0,63422.2
13469,0,59612.5
13470,780.3,74879.7
13471,0,83944
13472,143.8,97307.8
13473,0,110357.5
13474,0,118463.1
13475,0,125314.1
13476,0,130356.3
13477,0,137733.2
13478,0,149299.1
13479,0,159802.8
13480,149.5,161857.3
13481,932,149810.5
13482,17.3,140881.8
13483,142.6,128770.6
13484,321.4,106877.1
13485,813.2,96242.6
13486,1403.3,85555.6
13487,2048.7,78023.8
13488,5220.5,63810.9
13489,2373.8,60817.9
13490,2840.2,53065
13491,3323.8,46351.9
13492,3009.1,58110.8
13493,198.2,67001.5
13494,1179.9,155526.4
13495,0,220172
13496,0,249148.3
13497,0,268462.4
13498,0,283686.5
13499,0,305251.2
13500,0,320375.7
13501,0,335807.5
13502,0,352467.9
13503,0,364991.1
13504,0,368063.4
13505,0,380455.3
13506,0,284427.6
13507,0,270866.6
13508,0,197207.6
13509,0,181777.8
13510,0,151507.5
13511,0,136686.5
13512,0,121112.4
13513,0,115625.8
13514,0,106949.6
13515,0,98550.8
13516,0,120009.3
13517,0,130430.9
13518,0,220375.9
13519,0,271436.1
13520,0,291147.8
13521,0,297322.2
13522,0,310320.8
13523,0,325878.3
13524,0,337501.5
13525,0,348796.1
13526,0,362590.3
13527,0,377138.7
13528,0,383712.4
13529,0,388831.4
13530,0,285503.8
13531,0,263890.9
13532,0,193241.4
13533,0,181192.2
13534,0,152224
13535,0,137563.9
13536,0,120028
13537,0,113048.5
13538,0,102206.6
13539,0,92669.2
13540,0,116260.7
13541,0,125304.8
13542,0,218194.1
13543,0,265971.6
13544,0,289042.5
13545,0,303982.7
13546,0,313248.3
13547,0,331523.3
13548,0,342933.2
13549,0,353408.6
13550,0,367658.7
13551,0,381102.7
13552,0,387071.4
13553,0,402226.3
13554,0,311740.3
13555,0,293128.8
13556,0,211608
13557,0,191671.8
13558,0,159249.4
13559,0,142005.3
13560,0,121575.8
13561,0,114502
13562,0,101353.4
13563,0,89915.4
13564,0,114232.3
13565,0,123249.6
13566,0,213547
13567,0,257448.6
13568,0,281050.4
13569,0,288100.6
13570,0,296611.4
13571,0,314653.9
13572,0,325332
13573,0,328618.6
13574,0,341133
13575,0,353737.7
13576,0,356333.1
13577,0,365285.2
13578,0,274174.3
13579,0,263868.9
13580,0,188268.7
13581,0,172809.7
13582,0,141574.6
13583,0,125088.8
13584,0,104156.1
13585,0,97526.9
13586,0,86151.9
13587,0,76492.5
13588,0,98963.8
13589,0,108083
13590,0,201923.2
13591,0,249655.2
13592,0,272409.6
13593,0,289021.6
13594,0,299820.2
13595,0,318370
13596,0,329918.5
13597,0,341575.6
13598,0,355665.2
13599,0,368896.6
13600,0,372623
13601,0,381414.4
13602,0,291696.2
13603,0,270712.2
13604,0,192744
13605,0,177997.4
13606,0,147764.6
13607,0,132068.3
13608,0,112606.7
13609,0,106209.8
13610,0,94184.4
13611,0,83672.6
13612,0,79810.9
13613,0,75197.6
13614,0,89327.9
13615,0,119068.9
13616,0,137028.2
13617,0,179618.3
13618,0,200840.5
13619,0,214561.5
13620,0,222575.7
13621,0,233233.4
13622,0,243293.5
13623,0,205540.9
13624,0,204712.6
13625,0,211401
13626,0,199316.5
13627,0,189969.4
13628,0,126272.7
13629,0,111882.6
13630,0,95537.1
13631,0,83864.2
13632,13.6,63600.3
13633,0,60638.5
13634,0,53885.4
13635,0,47825.4
13636,0,45360.9
13637,0,41324
13638,778.7,59708.4
13639,0,70399.5
13640,149.8,82674.8
13641,0,93139.8
13642,0,97725.8
13643,0,101591
13644,0,104639.1
13645,0,109238.4
13646,0,115892.9
13647,0,124050.7
13648,405.3,126644
13649,1300.8,115416.6
13650,260.6,105815.1
13651,678.2,95794.7
13652,1161.1,70262.8
13653,1899,53761.3
13654,2694,42863.8
13655,3392.2,38518.9
13656,6700.8,30768.6
13657,3663.6,32532.6
13658,4143.3,29985
13659,4646.1,27583.1
13660,4404.5,35337.7
13661,1097.6,43448.3
13662,1925,121618.4
13663,0,179033.9
13664,0,204265.2
13665,0,218963.9
13666,0,225798
13667,0,245046.6
13668,0,262290.6
13669,0,275193.7
13670,0,289069.6
13671,0,300577
13672,0,305212.3
13673,0,311597.9
13674,0,225332.8
13675,0,220622.9
13676,0,147574.2
13677,0,132608.3
13678,0,100874.3
13679,0,83004.9
13680,0,64640.1
13681,0,63133.7
13682,0,57584.1
13683,0,52277.3
13684,0,69891.8
13685,0,80401.6
13686,0,164749.2
13687,0,215651.8
13688,0,239681.4
13689,0,249916.5
13690,0,255618.9
13691,0,274278.3
13692,0,290360.4
13693,0,302124.7
13694,0,312327.3
13695,0,319791.4
13696,0,327645
13697,0,341787.4
13698,0,254813.9
13699,0,239785.5
13700,0,158875.8
13701,0,147923.6
13702,0,116186
13703,0,98772.1
13704,0,78322.1
13705,0,73562.4
13706,1.1,66048.3
13707,84.4,60404.5
13708,7.3,81359.5
13709,95.6,91248.5
13710,0,178760.1
13711,0,230975.6
13712,0,249436.1
13713,0,264552.9
13714,0,274324.9
13715,0,293743.9
13716,0,308629.3
13717,0,321929.1
13718,0,337651
13719,0,353794.4
13720,0,359183.2
13721,0,370327.7
13722,0,281422
13723,0,266519.7
13724,0,187610
13725,0,168791.3
13726,0,137323
13727,0,120512.1
13728,0,98902.7
13729,0,91510.1
13730,0,80575.2
13731,0,72228.6
13732,0,95787.2
13733,0,104889.9
13734,0,194431.9
13735,0,239678.3
13736,0,263029.2
13737,0,271361.9
13738,0,278185.9
13739,0,303175.2
13740,0,317324.9
13741,0,330671
13742,0,343897.4
13743,0,355029.5
13744,0,345172.8
13745,0,350292.8
13746,0,256131.3
13747,0,243491.1
13748,0,170173.9
13749,0,158238.4
13750,0,128413.9
13751,0,112365.7
13752,0,91862
13753,0,86327.5
13754,0,76831.3
13755,0,68421.2
13756,0,91466
13757,0,100684.2
13758,0,188599.9
13759,0,230902
13760,0,250032.4
13761,0,259396.4
13762,0,267721.6
13763,0,277738.6
13764,0,285950
13765,0,294552
13766,0,309000.4
13767,0,317875.1
13768,0,318943.3
13769,0,323014.8
13770,0,224652.3
13771,0,217650.2
13772,0,146301.7
13773,0,135241.5
13774,0,105057.5
13775,0,90085.6
13776,0,73184.6
13777,18.9,71438.3
13778,136.8,64758.8
13779,299.6,58335.6
13780,444.8,55810
13781,543.9,52595.7
13782,545.1,65215.1
13783,44.7,93252.4
13784,0,107755
13785,0,141810.6
13786,0,158043.3
13787,0,164505.4
13788,0,171603.7
13789,0,183902.9
13790,0,196666.4
13791,0,161352.8
13792,0,163015
13793,0,174155.5
13794,0,163471.9
13795,0,159562.6
13796,0,85741.8
13797,0,75026.5
13798,0,60248.6
13799,0,52639.4
13800,21.8,39967.6
13801,20.4,40365.7
13802,164.1,35823.1
13803,799.2,31813.1
13804,1347.6,30981.7
13805,2055.5,28229.8
13806,18770.7,29622.7
13807,2066.2,56893.7
13808,1781.8,70888.6
13809,1179.3,83092.4
13810,722,87231.3
13811,185.7,91190.5
13812,0,94427.5
13813,0,99127.1
13814,0,106157.3
13815,15.5,112881.3
13816,954.2,113245.1
13817,2208.4,95754.8
13818,1162.1,80802.1
13819,1759.8,73373
13820,2323.7,54424.7
13821,3041.8,47000.5
13822,3770.6,39793.1
13823,4457.7,36420
13824,4339,34561.8
13825,4667.3,32175.8
13826,5136.1,29646.9
13827,5628.6,27636.4
13828,5442.4,35789.9
13829,1891.8,43506.4
13830,2374.3,121271.8
13831,0,178041.1
13832,0,207467.9
13833,0,226203.1
13834,0,238544.8
13835,0,260988.8
13836,0,276084.9
13837,0,290740
13838,0,307193
13839,0,321972.3
13840,0,329307
13841,0,341104.4
13842,0,250426.1
13843,0,240794.5
13844,0,164359.9
13845,0,149271.7
13846,0,118750.1
13847,0,102720.1
13848,0,83579.4
13849,0,80046
13850,0,70973.1
13851,0,63797.9
13852,0,83424.1
13853,0,94776.7
13854,0,181021.1
13855,0,233691.4
13856,0,254870.4
13857,0,269929.3
13858,0,271872.2
13859,0,284415.3
13860,0,296479.4
13861,0,312738.3
13862,0,326202.2
13863,0,339442.9
13864,0,345379.4
13865,0,357426.3
13866,0,267457.3
13867,0,252109.7
13868,0,172891.5
13869,0,156308.2
13870,0,125426
13871,0,109934.5
13872,0,90522.2
13873,0,84938.5
13874,0,76222
13875,0,69640.6
13876,0,87298.6
13877,0,94781.1
13878,0,180822.8
13879,0,235344.1
13880,0,258185.4
13881,0,271796.4
13882,0,280779.3
13883,0,298843.8
13884,0,310774.8
13885,0,322910
13886,0,337737
13887,0,351578.8
13888,0,357171.1
13889,0,369255.1
13890,0,278663.4
13891,0,262960.7
13892,0,180742
13893,0,163416.5
13894,0,132297.3
13895,0,116451.6
13896,0,97071.8
13897,0,91760
13898,0,82787.8
13899,0,75481.5
13900,0,93671.9
13901,0,101074.8
13902,0,192783.2
13903,0,235293.9
13904,0,255254.7
13905,0,265549.7
13906,0,274042.5
13907,0,282697.3
13908,0,291738.1
13909,0,298459.7
13910,0,305033.1
13911,0,311104.1
13912,0,310163.7
13913,0,318615.9
13914,0,221839.1
13915,0,216007.7
13916,0,144995.4
13917,0,134318.5
13918,0,106772.9
13919,0,94447.8
13920,0,80101
13921,0,78539.6
13922,0,73010.2
13923,0,68047.4
13924,0,86028
13925,0,94565.2
13926,0,184169.2
13927,0,229670.1
13928,0,252433.6
13929,0,268311.8
13930,0,280897.1
13931,0,298676.1
13932,0,314214.8
13933,0,327833.4
13934,0,342192.9
13935,0,356690
13936,0,363592.4
13937,0,376043.9
13938,0,284561.9
13939,0,266585.4
13940,0,184009.8
13941,0,167509.4
13942,0,136378.7
13943,0,121323.8
13944,0,102455.4
13945,0,96603.2
13946,0,86476.1
13947,0,77909.8
13948,0,73876.4
13949,0,68940.6
13950,0,81232.2
13951,0,111643.2
13952,0,126719.6
13953,0,165596.6
13954,0,188143.6
13955,0,198281.2
13956,0,206641.8
13957,0,215373.2
13958,0,226922.6
13959,0,190842.5
13960,0,193706.3
13961,0,200226.4
13962,0,188322.2
13963,0,178405.3
13964,0,118224
13965,0,103072.7
13966,0,85820.7
13967,0,74086.9
13968,43.2,55405.1
13969,0,54662
13970,0,48600.6
13971,0,42708.4
13972,0.5,40579.2
13973,9.4,37048.4
13974,832.4,50007.2
13975,1.5,59612.2
13976,238.1,73599.9
13977,0,85560.1
13978,0,90903.4
13979,0,94378
13980,0,97465.1
13981,0,101739.6
13982,0,105491.5
13983,0,112405.8
13984,4.2,118876.4
13985,1782.3,101340
13986,760.9,90240.5
13987,1299.6,79527.9
13988,4987.1,49670.4
13989,2705.9,45763
13990,3469.4,37585.1
13991,4212.7,33244.5
13992,4155.1,30555.3
13993,4535.2,27946.4
13994,5037.2,25430.4
13995,5557,23335.9
13996,5382,31175.5
13997,1801.6,39284.9
13998,2338.9,105359.3
13999,0,159148.9
14000,0,185428.5
14001,0,198683.5
14002,0,205784.6
14003,0,223568.8
14004,0,239584.9
14005,0,259974.3
14006,0,277150.3
14007,0,293472.2
14008,0,302498.2
14009,0,314417.7
14010,0,222806
14011,0,212945.6
14012,0,139351.8
14013,0,127541.4
14014,0,99763.9
14015,0,83544.6
14016,0,65747.4
14017,0,63990.2
14018,0,57503.6
14019,0,52211.2
14020,0,67367.4
14021,0,77569.1
14022,0,158983.1
14023,0,216911.8
14024,0,245213.9
14025,0,260978
14026,0,272970.3
14027,0,292518.6
14028,0,306990
14029,0,319978
14030,0,335440.5
14031,0,349644.4
14032,0,355073.8
14033,0,365909.7
14034,0,272785.6
14035,0,248889.2
14036,0,177350.2
14037,0,165623.3
14038,0,138640.8
14039,0,124937.9
14040,0,107663.8
14041,0,101089.1
14042,0,90706.5
14043,0,81959.4
14044,0,100881.6
14045,0,109010.6
14046,0,195264.1
14047,0,250957.1
14048,0,272786.7
14049,0,287026.1
14050,0,294450.6
14051,0,314946
14052,0,322955.6
14053,0,338969.5
14054,0,354688.1
14055,0,367851.1
14056,0,368375.4
14057,0,372202.4
14058,0,273979.5
14059,0,258070
14060,0,185896.7
14061,0,173517
14062,0,145782
14063,0,132734.7
14064,0,117120.5
14065,0,111584.4
14066,0,101328.4
14067,0,92100.9
14068,0,112010.6
14069,0,119720.8
14070,0,212013.2
14071,0,254307.7
14072,0,272934.3
14073,0,283479
14074,0,296789.1
14075,0,317032.6
14076,0,329305.9
14077,0,340869.8
14078,0,353956.9
14079,0,364720.8
14080,0,365844.2
14081,0,377379
14082,0,284222.2
14083,0,260873.9
14084,0,182701.5
14085,0,168535.5
14086,0,139106.1
14087,0,123672.1
14088,0,104327
14089,0,97723.9
14090,0,87233.8
14091,0,79057.2
14092,0,98347.1
14093,0,105768.8
14094,0,197051
14095,0,246399.7
14096,0,270076.5
14097,0,286603.3
14098,0,298196.4
14099,0,318732.1
14100,0,331657
14101,0,344288.9
14102,0,360619.8
14103,0,372302.6
14104,0,359146.3
14105,0,365816.3
14106,0,273842.4
14107,0,264892.8
14108,0,187026.2
14109,0,173013.1
14110,0,144558.8
14111,0,131117.9
14112,0,115059.9
14113,0,107870.7
14114,0,96775.3
14115,0,86425.7
14116,0,81723.7
14117,0,76093.2
14118,0,87022.8
14119,0,112607.1
14120,0,124412.1
14121,0,162577.9
14122,0,182629.7
14123,0,195092.6
14124,0,202708.4
14125,0,207760.2
14126,0,218917.5
14127,0,178818.7
14128,0,181384.9
14129,0,183887.1
14130,0,167615.1
14131,0,160994
14132,0,103799.5
14133,0,90824.2
14134,0,76584.7
14135,0,66765.8
14136,12.1,50849.8
14137,0,50070.1
14138,0,45105.3
14139,0,40936
14140,0,40148.1
14141,0,36701.4
14142,784.1,50254.7
14143,0,62207.8
14144,177.4,76307.6
14145,0,89153
14146,0,94333.7
14147,0,98446.2
14148,0,99383.7
14149,0,106009
14150,0,113762
14151,0,120708.3
14152,567.9,118972.9
14153,1538.6,98647.7
14154,496.5,81529.9
14155,970.2,71489
14156,1508.8,53878.6
14157,2225.7,46861.2
14158,2990.5,38539
14159,3743.5,33637.1
14160,7087.3,26093.9
14161,3976.1,28671.7
14162,4460.5,25983.4
14163,4979,23566.7
14164,4755.2,31884.6
14165,1355.2,40092.3
14166,2074.4,107069.8
14167,0,159990.7
14168,0,188166.4
14169,0,209413.2
14170,0,213560.2
14171,0,232255.2
14172,0,251976.2
14173,0,270489.6
14174,0,286274.4
14175,0,296720.3
14176,0,295170.3
14177,0,298101.6
14178,0,207061.7
14179,0,201977.7
14180,0,135475.5
14181,0,127488.1
14182,0,102728.1
14183,0,89258.5
14184,0,71680.4
14185,0,69552.5
14186,0,62264.2
14187,0,56490.8
14188,0,75104.6
14189,0,84788.7
14190,0,168262.4
14191,0,219697.9
14192,0,239683
14193,0,249879.4
14194,0,258348.1
14195,0,268620.9
14196,0,276989.9
14197,0,289791
14198,0,298540.7
14199,0,306892.4
14200,0,319278.8
14201,0,322279.6
14202,0,237817.3
14203,0,223479.1
14204,0,147497.1
14205,0,134108.3
14206,0,105358.2
14207,0,90675.9
14208,0,74605.3
14209,0,71499.9
14210,0,64949.6
14211,0,59351.3
14212,0,76377.4
14213,0,84188.4
14214,0,164879.8
14215,0,219326
14216,0,246120
14217,0,262348.9
14218,0,273357.4
14219,0,292636.4
14220,0,301769.9
14221,0,316659.6
14222,0,333257.6
14223,0,346527.4
14224,0,347110.9
14225,0,343060.3
14226,0,248296.1
14227,0,234983.5
14228,0,163804.5
14229,0,152534
14230,0,124700.5
14231,0,110837.1
14232,0,91727.9
14233,0,87717.6
14234,0,78701.6
14235,0,71043.8
14236,0,89608.5
14237,0,97732.8
14238,0,187831.3
14239,0,234369.9
14240,0,256731.5
14241,0,265772.4
14242,0,276034.6
14243,0,284654.9
14244,0,296569
14245,0,310959.7
14246,0,320404.2
14247,0,321560.9
14248,0,321084.6
14249,0,336997
14250,0,237024.2
14251,0,221756.5
14252,0,147723.5
14253,0,135332.7
14254,0,105545.5
14255,0,91276.2
14256,0,75811.8
14257,0.5,73446.7
14258,61.9,67236.9
14259,203.8,61503.9
14260,26.5,78498.5
14261,39.2,86398.9
14262,0.9,155464.7
14263,0,214174.8
14264,0,237618.1
14265,0,252838.9
14266,0,264852.4
14267,0,284855.9
14268,0,296637.6
14269,0,309474.4
14270,0,325006.7
14271,0,337928.7
14272,0,341868.4
14273,0,344253.6
14274,0,245067.5
14275,0,229293
14276,0,155474.5
14277,0,144065.6
14278,0,114634.2
14279,0,98487
14280,0,80093.4
14281,0,76886.1
14282,0.4,68951.6
14283,73.5,62798.2
14284,251.8,60046.6
14285,446.4,55647.3
14286,545,68522
14287,32.2,98152.2
14288,0,112915.1
14289,0,148296.4
14290,0,168491.7
14291,0,179001.5
14292,0,189222.7
14293,0,199935.7
14294,0,213731.4
14295,0,179368.9
14296,0,182983.2
14297,0,190646.1
14298,0,178462.3
14299,0,167679.1
14300,0,106854.6
14301,0,92419.9
14302,0,76708.2
14303,0,65964.7
14304,17.2,49035.9
14305,0,48321.2
14306,0.1,43309.1
14307,9,38797.9
14308,22.1,38000.1
14309,90.5,34957.4
14310,930.4,48919.5
14311,176.4,60725.2
14312,480,75033.2
14313,129.5,87991.9
14314,10.8,93969.5
14315,0,99545.5
14316,0,103950.5
14317,0,108891.6
14318,0,113762.7
14319,11.5,112653.3
14320,779.4,105965.8
14321,1915.2,93376.8
14322,895.8,74861.9
14323,1376.6,65908.3
14324,1899.7,50603.4
14325,2610.5,46144.1
14326,3348.5,39098.1
14327,4082.6,35166.8
14328,4001.3,32792.4
14329,4360.6,30278.4
14330,4850.9,27753.3
14331,5347.8,25631.6
14332,5146.1,33010.3
14333,1642.6,41098.9
14334,2230.7,109935.5
14335,0,160368.1
14336,0,187623.6
14337,0,203619.5
14338,0,210080.8
14339,0,226879.4
14340,0,236811.6
14341,0,246795.2
14342,0,256647.1
14343,0,265866.3
14344,0,267431.9
14345,0,275998.6
14346,0,187030.5
14347,0,181446
14348,0,113521.5
14349,0,104975.9
14350,0,79765.9
14351,0,67172.2
14352,0,54401.1
14353,0,54714.8
14354,0,50899.7
14355,0,46992.4
14356,0,62010.3
14357,0,71158
14358,0,149927.2
14359,0,200582.8
14360,0,225014
14361,0,237594.1
14362,0,248259
14363,0,256954.4
14364,0,266204
14365,0,274429.1
14366,0,281621.3
14367,0,287987.9
14368,0,289592.9
14369,0,299347.6
14370,0,205391.8
14371,0,198265
14372,0,128825.1
14373,0,117894
14374,0,91544.1
14375,0,79479.8
14376,0,65156.9
14377,0,63791.3
14378,0,58458.6
14379,10.2,54452.7
14380,0,71188
14381,0,78808.5
14382,0,159442.4
14383,0,207962.9
14384,0,232071.5
14385,0,245200.4
14386,0,250345.1
14387,0,267032.4
14388,0,281153.3
14389,0,291790.3
14390,0,302621.9
14391,0,312916.5
14392,0,323174.8
14393,0,342021.3
14394,0,252919.5
14395,0,235064.3
14396,0,158912.9
14397,0,145727.2
14398,0,117331.4
14399,0,102365
14400,0,83867.2
14401,0,81096.3
14402,0,73418.8
14403,0,67533.7
14404,0,86021.7
14405,0,94085.9
14406,0,184995.9
14407,0,234100.5
14408,0,259151.4
14409,0,276355.8
14410,0,288991.6
14411,0,309666.5
14412,0,323172.3
14413,0,336713.5
14414,0,352063.3
14415,0,365405.7
14416,0,370877.7
14417,0,381191
14418,0,286418.2
14419,0,265408.7
14420,0,184705
14421,0,169800.2
14422,0,138816.4
14423,0,123900.6
14424,0,105050.1
14425,0,98324.4
14426,0,87071.7
14427,0,77650.6
14428,0,95964.2
14429,0,102861
14430,0,194241.2
14431,0,242815.4
14432,0,267344.2
14433,0,285082.7
14434,0,296922
14435,0,317579.3
14436,0,331550.8
14437,0,345852.9
14438,0,363075.9
14439,0,378309
14440,0,383716.6
14441,0,396384.2
14442,0,301245
14443,0,276655.9
14444,0,194154.5
14445,0,179066.2
14446,0,148781.1
14447,0,133516.9
14448,0,115761.9
14449,0,108448.1
14450,0,97239.7
14451,0,87151.3
14452,0,82418
14453,0,76632
14454,0,89200.1
14455,0,117630.1
14456,0,134926.2
14457,0,178010.5
14458,0,200721.4
14459,0,209421.5
14460,0,219073.7
14461,0,227764
14462,0,237908.4
14463,0,201502.5
14464,0,205846.5
14465,0,204022.3
14466,0,187374.3
14467,0,172691.3
14468,0,114599.6
14469,0,101952.9
14470,0,87133.1
14471,0,76450.1
14472,29.7,59466.3
14473,0,58622.7
14474,0,52315.9
14475,0,45945.2
14476,0,43278.7
14477,4.9,39134.5
14478,811.7,52808.9
14479,0,62498.8
14480,224.2,72589.3
14481,0,83254.7
14482,0,86448.3
14483,0,90153.2
14484,0,91274.7
14485,0,96618.8
14486,0,102742.5
14487,0,105822.8
14488,6.4,105196.7
14489,1771.3,84945.3
14490,775.7,67204.9
14491,1304.9,59526.5
14492,1926.1,43993.6
14493,2715,39208.1
14494,3511,31968.3
14495,4292,28145.9
14496,4252.3,25810.3
14497,4759.2,23368.1
14498,5475,21427.8
14499,6186.9,19600.7
14500,5691.2,26836.3
14501,2076.8,34499.8
14502,2438,98547.2
14503,0,154554.9
14504,0,175028.7
14505,0,190931.5
14506,0,199147.9
14507,0,220152
14508,0,237501
14509,0,258045.8
14510,0,274038
14511,0,292683.5
14512,0,300736.9
14513,0,312235.1
14514,0,221634.7
14515,0,209600.5
14516,0,137562.9
14517,0,126784.2
14518,0,99606.8
14519,0,84577.1
14520,0,66700.3
14521,0,64597.4
14522,0,57670.5
14523,0,53018.8
14524,0,69753
14525,0,79491.4
14526,0,162443.6
14527,0,216697.1
14528,0,241376.6
14529,0,252936.6
14530,0,268956.7
14531,0,289552
14532,0,294861.5
14533,0,300171.9
14534,0,305684.4
14535,0,312925.6
14536,0,311982.5
14537,0,321644
14538,0,237584.2
14539,0,221396.5
14540,0,150723.4
14541,0,140318.3
14542,0,113476.4
14543,0,99301.9
14544,0,81526.2
14545,0,78576.8
14546,0,71070.2
14547,0,64886.6
14548,0,82543.1
14549,0,90515.7
14550,0,173676.9
14551,0,227839.1
14552,0,253411.6
14553,0,268966.7
14554,0,280749.4
14555,0,302657
14556,0,317449.7
14557,0,331409.6
14558,0,345982.5
14559,0,357321.6
14560,0,355299.3
14561,0,362797.8
14562,0,259892.2
14563,0,242258.5
14564,0,169067.4
14565,0,156527.6
14566,0,127697.6
14567,0,112714.4
14568,0,93704.1
14569,0,88460.8
14570,0,78972.3
14571,0,71810.3
14572,0,90624.6
14573,0,97790.4
14574,0,187140.4
14575,0,234094.1
14576,0,259586.7
14577,0,276692.4
14578,0,288916.3
14579,0,309756.9
14580,0,323404.8
14581,0,336345.2
14582,0,351068.2
14583,0,363643.6
14584,0,365736.6
14585,0,370517.2
14586,0,272686
14587,0,253283
14588,0,179389.2
14589,0,167442.1
14590,0,139556.8
14591,0,125555.4
14592,0,107735
14593,0,102673.2
14594,0,92586.8
14595,0,83542.6
14596,0,102516.7
14597,0,110347.7
14598,0,190617.9
14599,0,242058.2
14600,0,263978
14601,0,276857.7
14602,0,286349.6
14603,0,295523.1
14604,0,306759
14605,0,314881.8
14606,0,320924.5
14607,0,328871.1
14608,0,339439.9
14609,0,342864.4
14610,0,257280.5
14611,0,238726.5
14612,0,164572.8
14613,0,153155.6
14614,0,126471.2
14615,0,111382.7
14616,0,92724.1
14617,0,88216.9
14618,0,79638.5
14619,0,72112.8
14620,0,69899.1
14621,0,65924.2
14622,0,77949.4
14623,0,103132.9
14624,0,114884
14625,0,142857.4
14626,0,158524.6
14627,0,168848.4
14628,0,182489.4
14629,0,193818.6
14630,0,206965.2
14631,0,177040
14632,0,175795.3
14633,0,166615.3
14634,0,148591.3
14635,0,141523.7
14636,0,86296.7
14637,0,76474.8
14638,0,63294.2
14639,0,56508.4
14640,17.6,44160
14641,7.6,44432.5
14642,86.4,39902.4
14643,174.4,35694.7
14644,364.7,35000.1
14645,612.1,32462.2
14646,1588.2,45522.4
14647,815.8,52199.5
14648,691.3,62860.6
14649,394.9,75766.6
14650,315.1,77646.7
14651,161.3,80710.9
14652,14.7,86453.9
14653,0,92954.3
14654,0,100538.9
14655,0,101702.3
14656,816.9,100883.8
14657,2567.6,85661.2
14658,1852.9,71642.3
14659,2658.6,61872.2
14660,3440.6,45554.8
14661,4356.7,40819.1
14662,5262.5,33743.2
14663,6134.1,30047.6
14664,6990.2,27030.1
14665,7840.3,23958.6
14666,8718.1,21638.2
14667,9662,19698.9
14668,10594.5,21409.3
14669,11553.8,20988.8
14670,17052.5,37779.4
14671,13490.7,46490.9
14672,11903.7,52831.4
14673,7820,61735.9
14674,7882.1,63977.7
14675,7963.9,67864.1
14676,11446.3,70571.4
14677,8393,82941.8
14678,8584.9,88761.4
14679,8751.9,93639.1
14680,12148.7,89547.2
14681,17608.9,76371.1
14682,15068.3,61503.2
14683,16094.8,50839.9
14684,16957.1,34674.5
14685,17764.5,30182.8
14686,18566.1,23827.6
14687,19366.5,21015.2
14688,18554.5,19401.2
14689,19112.3,17844.6
14690,19964.5,16288.9
14691,20858.2,14988.7
14692,17288.7,17480.3
14693,11642.3,22557.6
14694,11216.5,74926.5
14695,620.1,125815.2
14696,0,148142.4
14697,0,165615.5
14698,0,174637.5
14699,0,197964.4
14700,0,213511.8
14701,0,232314.3
14702,0,251801.4
14703,0,265807.4
14704,0,273663.2
14705,0,286992.4
14706,0,194339.1
14707,0,174028.8
14708,0,111348.1
14709,0,97101.3
14710,0,69921.6
14711,15.5,56003.2
14712,159.5,44470.7
14713,399.4,44990.1
14714,829.7,40803.3
14715,1603.2,37043.3
14716,1481.4,50621.2
14717,1836.2,60554.7
14718,710.1,122909.7
14719,7,175504.6
14720,0,197259.9
14721,0,216029.5
14722,0,228740.4
14723,0,251165.7
14724,0,264823.2
14725,0,278881.9
14726,0,295053.9
14727,0,311577.7
14728,0,319611.9
14729,0,330218
14730,0,237018.2
14731,0,214545.7
14732,0,144007.5
14733,0,130429.8
14734,0,101872.1
14735,0,86339.4
14736,9.2,69107.8
14737,54.2,67429
14738,166.3,62001.3
14739,288.9,56623.7
14740,181.3,73471.4
14741,243.4,80861.9
14742,0,148552.9
14743,0,205176.5
14744,0,226970.6
14745,0,245508.6
14746,0,257733.8
14747,0,277575.2
14748,0,290029.7
14749,0,302517.9
14750,0,318400.4
14751,0,332679.5
14752,0,336184.7
14753,0,342942
14754,0,242012.1
14755,0,222649.1
14756,0,156473.2
14757,0,146888
14758,0,120656.4
14759,0,106435.6
14760,0,89283.1
14761,0,86300.4
14762,0,77805
14763,0,70847.7
14764,0,88899.9
14765,0,95806.7
14766,0,170118.7
14767,0,222602.9
14768,0,242514
14769,0,253371.2
14770,0,267865.6
14771,0,286589.9
14772,0,300195.5
14773,0,309717.4
14774,0,325657.4
14775,0,340023.1
14776,0,345187.3
14777,0,354658.4
14778,0,258239.9
14779,0,232490.6
14780,0,157865.5
14781,0,144036.3
14782,0,115617.2
14783,0,100165.6
14784,0,83061.3
14785,0,80383.5
14786,3.4,74272
14787,25.5,68435.9
14788,100.9,66175.5
14789,197.4,61792.1
14790,306.2,73328
14791,13.5,102571.4
14792,0,117779.5
14793,0,147821.2
14794,0,166798.2
14795,0,177670.6
14796,0,186797.1
14797,0,195801.2
14798,0,207556.6
14799,0,179201.7
14800,0,186967.9
14801,0,186114
14802,0,169086.9
14803,0,152682
14804,0,92753.7
14805,0,81464.9
14806,0,68348.9
14807,9,60300.2
14808,37.1,51336.8
14809,185.4,44472.7
14810,526.4,39591.8
14811,1184.3,35120.2
14812,1853.5,33691.7
14813,2513.4,30742.4
14814,4189.7,42478.1
14815,4069.1,48867.3
14816,2823.3,62715
14817,2007,79562.7
14818,1669.6,84397.9
14819,1150.7,87609
14820,538.9,88712.2
14821,91.1,89281.7
14822,57.5,89982.6
14823,148.6,87826.5
14824,13098.1,67777.9
14825,3186.2,66790.5
14826,2461.7,55401.2
14827,3292.5,50432.6
14828,4056.3,36991.3
14829,4926.7,33020.9
14830,5897.5,26787.8
14831,6885.6,23842.6
14832,6352.1,21973.6
14833,6928.7,20257.5
14834,7651.4,18601.9
14835,8433.5,16894.5
14836,6458.8,23491.8
14837,2810.3,30651.3
14838,2761.5,89995.1
14839,0,143096.4
14840,0,164358.9
14841,0,181556
14842,0,193710.1
14843,0,218580.8
14844,0,235065.9
14845,0,251080.3
14846,0,268260.4
14847,0,283930
14848,0,290319.4
14849,0,300448.8
14850,0,204707.4
14851,0,188678.9
14852,0,124711.1
14853,0,113615.9
14854,0,86862.1
14855,0,73827.2
14856,0,59728.2
14857,0,59851.5
14858,0,55173.7
14859,0,51525
14860,0,67285.2
14861,0,76661.1
14862,0,151291.1
14863,0,199873.3
14864,0,222492.8
14865,0,235771.5
14866,0,248685.3
14867,0,259512.5
14868,0,267878.7
14869,0,275667.6
14870,0,283188.6
14871,0,287253.8
14872,0,290736.7
14873,0,298384.4
14874,0,199293
14875,0,189632.8
14876,0,124295.8
14877,0,112921.7
14878,1.2,87886.3
14879,129,75793.3
14880,383.8,63018.9
14881,676.7,61203.1
14882,933.4,55873.8
14883,1228.6,51573.8
14884,877.4,68122
14885,1172.6,75342
14886,225.8,138726.5
14887,0,193318
14888,0,214163.4
14889,0,232117.6
14890,0,244564.1
14891,0,265856.4
14892,0,279277.7
14893,0,292483.7
14894,0,307218.4
14895,0,321788
14896,0,326171.4
14897,0,335747.5
14898,0,239456.9
14899,0,215448.7
14900,0,144964.7
14901,0,133478.8
14902,0,105985.6
14903,0,90994
14904,0,74599.1
14905,7.8,72955.2
14906,99.9,66559.8
14907,217.8,60504.5
14908,101.6,77351.9
14909,188.1,83867.6
14910,0,152759.9
14911,0,203122.8
14912,0,231605.5
14913,0,250210.9
14914,0,262068.4
14915,0,281431
14916,0,293507.8
14917,0,306773.8
14918,0,322205
14919,0,336442.2
14920,0,339668.6
14921,0,347972.7
14922,0,226377.4
14923,0,225547.5
14924,0,154142.5
14925,0,141633.3
14926,0,113061.8
14927,0,96249.2
14928,2.6,77647.6
14929,41.4,75239.1
14930,148.2,69476.5
14931,257.6,63783.9
14932,112.4,80728.9
14933,126.3,88086.6
14934,0,157007.8
14935,0,205433
14936,0,230220.5
14937,0,244627.7
14938,0,256701.4
14939,0,269498.4
14940,0,283262.1
14941,0,293127.7
14942,0,299554
14943,0,306095.2
14944,0,300536.3
14945,0,307074.4
14946,0,207836.5
14947,0,199363.5
14948,0,132219.6
14949,0,122433.6
14950,0,97378.3
14951,0,85110.6
14952,6.3,71427.4
14953,59.2,70845.6
14954,120.7,64997.7
14955,218.9,59189.8
14956,353.8,56923.4
14957,466,53776.6
14958,556.5,65823.7
14959,191.2,88532.3
14960,82.5,99057.6
14961,0,123058.4
14962,0,134522.1
14963,0,139439.4
14964,0,142947.1
14965,0,146555.1
14966,0,152161.6
14967,0,119320.5
14968,0,122312.9
14969,0,121546
14970,0,107535.6
14971,0,104233.6
14972,0,64845.7
14973,0,61244.2
14974,0,53160.9
14975,0,48434.1
14976,44.5,42969.3
14977,112.2,38761.3
14978,252.9,35023
14979,463.8,31102.7
14980,599.4,30479.4
14981,737.1,27865.9
14982,1752,40771.2
14983,936.6,47557.2
14984,970.5,59203.9
14985,419.1,75727.8
14986,287.6,84852.8
14987,46.1,93115.3
14988,0,99761.6
14989,0,106927.1
14990,23.7,116114.5
14991,100.2,123496.8
14992,1127.4,124105.5
14993,3201.8,105404.2
14994,4995.6,78002.9
14995,3228.6,70260.6
14996,7090.5,46231.5
14997,4911.1,43941.7
14998,5760.5,36082.2
14999,6581.3,32398.3
15000,5890,29816.4
15001,6251.9,27141.3
15002,6754.5,24883.2
15003,7303.4,22554.2
15004,5714.3,30699.6
15005,2119.1,38433.1
15006,2488.6,100678
15007,0,146380.1
15008,0,172668.1
15009,0,197696.5
15010,0,208843.9
15011,0,236697.7
15012,0,251151.3
15013,0,266785.9
15014,0,276459.9
15015,0,280742.1
15016,0,283309.9
15017,0,291221.7
15018,0,194981
15019,0,186203.9
15020,0,126564.1
15021,0,117485.3
15022,0,89970.6
15023,0,75750.8
15024,0,60516.4
15025,0,59825.8
15026,0,55344.4
15027,0,51621.1
15028,0,67208
15029,0,76085.3
15030,0,150783.3
15031,0,201549.1
15032,0,226950.7
15033,0,238872
15034,0,247771.7
15035,0,265171
15036,0,275761.2
15037,0,286198.3
15038,0,294903.4
15039,0,299780
15040,0,300604.5
15041,0,308001.3
15042,0,211504
15043,0,204045.6
15044,0,141786.6
15045,0,131462.3
15046,0,104512.9
15047,0,89127.3
15048,0,71951.9
15049,0,68751.6
15050,40.7,60752.8
15051,221.7,55832.5
15052,34.5,72451.6
15053,125.8,79597
15054,0,150073.8
15055,0,195925.4
15056,0,219162.3
15057,0,231788.1
15058,0,242618
15059,0,252742.4
15060,0,261828.5
15061,0,269793.8
15062,0,276470.1
15063,0,282056.4
15064,0,283591
15065,0,289157.5
15066,0,192279.4
15067,0,182372.2
15068,0,117993.8
15069,0,108128
15070,146,85665.2
15071,376,75842.1
15072,576.3,63851.9
15073,816.7,62255.6
15074,1078.9,56976.8
15075,1365.6,52622.1
15076,843.6,69700.3
15077,959.7,76825.8
15078,14.5,141700.5
15079,0,192357.8
15080,0,208266
15081,0,220449.7
15082,0,231789.9
15083,0,243265.2
15084,0,253921.5
15085,0,262873.1
15086,0,271274.6
15087,0,294334.4
15088,0,289003.8
15089,0,300303
15090,0,183201.9
15091,0,184192.8
15092,0,118860.8
15093,0,108834
15094,18.1,86353.6
15095,124.8,76479.9
15096,298.9,64632.4
15097,430.1,63767.8
15098,527.7,58186.4
15099,640.6,53642.5
15100,314.7,70602.9
15101,313.5,77763.7
15102,0,145893
15103,0,197924
15104,0,213849.1
15105,0,225368.1
15106,0,235249.4
15107,0,244803.2
15108,0,254372.6
15109,0,264342.8
15110,0,269472.4
15111,0,276515.2
15112,0,274282.9
15113,0,283432.4
15114,0,188000.1
15115,0,179914.3
15116,0,114996.6
15117,0,105646.7
15118,193.3,83760.1
15119,442.1,73641.1
15120,661.9,61856.5
15121,853.5,60921.1
15122,1097.6,56199.1
15123,1544.7,51492.6
15124,2072.8,49932.9
15125,2550.9,46785.8
15126,3211.6,56334.4
15127,2054.8,82788.9
15128,1488.2,98854.5
15129,573.4,127480.7
15130,281.6,144022.8
15131,47.2,152552.2
15132,0,159285.2
15133,0,167496.6
15134,0,176636.3
15135,0,142786.4
15136,0,153135.1
15137,0,152454.7
15138,0,132393.2
15139,0,108302.8
15140,7.9,66358.5
15141,37.7,61433.7
15142,186.9,52618.3
15143,401.1,47567.2
15144,988.7,42166.1
15145,1532.7,37957.8
15146,2173.1,33853.8
15147,2707.6,30200.5
15148,3540.4,29471.8
15149,4270.8,26664.2
15150,5847.3,38446.5
15151,5130.7,45906.3
15152,3325.7,58342.9
15153,2250.3,69944.9
15154,1892,74540.9
15155,1501.7,81446.1
15156,1184.4,88595.9
15157,904.9,94463.2
15158,633.9,100443.7
15159,437.2,105344.2
15160,417.1,106166.4
15161,3608.6,83330.1
15162,5605.1,61991.7
15163,3699.8,55979.4
15164,4445.9,40735.7
15165,5302.9,35852.8
15166,6235.9,28932.9
15167,7246,25165.4
15168,6722.5,22546.4
15169,7336.5,19906.9
15170,8118.2,18113.5
15171,8961.2,16663.2
15172,7224.8,23430.1
15173,3656.2,30210.3
15174,3018.7,87278.2
15175,0,138893.8
15176,0,161715
15177,0,180749.1
15178,0,192740.6
15179,0,215014.4
15180,0,229317.1
15181,0,236150.1
15182,0,238793.9
15183,0,243011.4
15184,0,242215.2
15185,0,251666.7
15186,0,158686.4
15187,0,152977.4
15188,0,93872.3
15189,0,85390
15190,159.5,65118.8
15191,291.7,57374.5
15192,461.9,47696.7
15193,601.6,48361.3
15194,819.2,44445.4
15195,1152.4,40725.1
15196,605,55599
15197,589.5,64784.7
15198,0,129247
15199,0,177792.1
15200,0,195938.4
15201,0,210628.6
15202,0,221847.3
15203,0,232210.9
15204,0,241274.9
15205,0,250902.8
15206,0,257498.2
15207,0,264224.4
15208,0,270485.8
15209,0,284590.3
15210,0,177343.3
15211,0,173015.5
15212,0,110111.9
15213,0,100460
15214,92.2,77639.5
15215,296.1,68080.9
15216,402.3,58577.8
15217,496.5,58389
15218,704.3,53666.4
15219,1094.2,49274.2
15220,603.5,65851.3
15221,670.1,73307.1
15222,0,137441.6
15223,0,188230.1
15224,0,206833.9
15225,0,218710.7
15226,0,228809.7
15227,0,240491.2
15228,0,250967.4
15229,0,262760.8
15230,0,273375.4
15231,0,282189.3
15232,0,279102.7
15233,0,284293.9
15234,0,184390.7
15235,0,176602.5
15236,0,112414.9
15237,2.7,102757.9
15238,193,80889.6
15239,412,71415
15240,641,60785.5
15241,801,60381.8
15242,1017.6,55647.7
15243,1413.4,51115
15244,890.4,67978.2
15245,929,75151.8
15246,54.3,138723.4
15247,0,188068.4
15248,0,203378.3
15249,0,215197.1
15250,0,226416.5
15251,0,234888.5
15252,0,243975.5
15253,0,254357
15254,0,265209.6
15255,0,268409.3
15256,0,262250
15257,0,268958.5
15258,0,173145.3
15259,0,165700.4
15260,172.6,102782.8
15261,384.5,95745.1
15262,739.8,77352.9
15263,954.3,69089
15264,1302.8,63627.9
15265,1698.7,58758.2
15266,2039.3,54011.6
15267,2332.5,49420.8
15268,1570.8,66565
15269,1469.9,73730.6
15270,161.2,136320.7
15271,0,184727.9
15272,0,200013.8
15273,0,213201.7
15274,0,224622.6
15275,0,236164.9
15276,0,247248.6
15277,0,256096.4
15278,0,264432.6
15279,0,270980.3
15280,0,268832.5
15281,0,277612.7
15282,0,180711.7
15283,0,173787.8
15284,0,110210.3
15285,0,101517
15286,130.9,79954.5
15287,313.2,70542.7
15288,456.3,64839.4
15289,588.8,60134.7
15290,712.6,55589.5
15291,909,51284.6
15292,1145.2,50307.2
15293,1339.6,47575.6
15294,1484,58730.1
15295,678.2,81839.3
15296,380.5,93170.2
15297,0,117207.1
15298,0,129063.5
15299,0,135168
15300,0,139887.7
15301,0,144738.5
15302,0,148235.2
15303,0,115354.4
15304,0,118870.1
15305,0,118291.6
15306,0,104974.2
15307,0,100349.7
15308,0,60240
15309,4.2,56434.1
15310,117.6,48700
15311,302.3,43945.9
15312,773.6,38343.4
15313,1260.5,33694.5
15314,1690.1,29674.8
15315,2366.7,25937.8
15316,3285.6,25514.2
15317,4433.1,23271.3
15318,6379,35083.9
15319,6116.3,41436.1
15320,15257,39607.6
15321,2177.4,71265.5
15322,1776,79281.8
15323,1318.8,85195.9
15324,861,90852.1
15325,435.3,96750.3
15326,244.3,102807.4
15327,349.8,108043.3
15328,1659.4,103553.7
15329,5558.7,84932.5
15330,4826,63572.8
15331,5720.3,53880
15332,6521,39012.6
15333,7455.2,34031.9
15334,8378.9,27165.9
15335,9296,23971
15336,8751.9,22026.2
15337,9444.8,19581.3
15338,10296.2,17561.1
15339,11179.5,16256.8
15340,7501.2,23210.7
15341,3824.9,30542.1
15342,3121.3,87848.2
15343,0,133684.6
15344,0,156736.7
15345,0,177958
15346,0,191212.5
15347,0,216059.5
15348,0,228826.5
15349,0,228232.3
15350,0,239085.4
15351,0,249512.8
15352,0,253023.6
15353,0,268238.5
15354,0,157980.6
15355,0,160114.5
15356,0,99835.4
15357,0,91433.5
15358,0,68824.4
15359,18.3,59497.8
15360,97.3,49603.8
15361,161.6,50119.7
15362,249.3,46208.1
15363,382.4,42605.6
15364,142.1,57422.8
15365,185.7,66391.6
15366,0,130086.2
15367,0,178456.8
15368,0,194971.3
15369,0,210360.1
15370,0,224911.2
15371,0,239274.1
15372,0,258963
15373,0,271743.7
15374,0,282346.9
15375,0,281603
15376,0,293446.1
15377,0,302961.7
15378,0,192898.1
15379,0,184846.2
15380,0,122424.7
15381,0,110724.2
15382,40.4,84483.6
15383,229.8,72234.9
15384,466.7,60565.2
15385,670.7,60025.6
15386,826.3,55570
15387,1257.4,51038.5
15388,1010.4,67251.5
15389,1314.6,74584.6
15390,232.8,139804.7
15391,0,183711.9
15392,0,205431.1
15393,0,222555.8
15394,0,233568.3
15395,0,245260.9
15396,0,258715.9
15397,0,268172.7
15398,0,282337.1
15399,0,290694.8
15400,0,282948.3
15401,0,291917.5
15402,0,182589.6
15403,0,176754.6
15404,23.9,113578.1
15405,191.9,103043.2
15406,517.6,81804.8
15407,888.2,72728.8
15408,1524.8,66024.7
15409,2243,61041.1
15410,2811.5,56172.8
15411,3334.2,51453.3
15412,2757.2,68235.5
15413,3150,74875.7
15414,1316.8,137897.5
15415,356.2,177827.9
15416,88.1,195189.9
15417,10.4,202380
15418,0,210386.3
15419,0,219848.3
15420,0,226514.5
15421,0,232850.8
15422,0,239475.8
15423,0,244876.6
15424,0,250152.6
15425,0,253567.3
15426,353.6,150172.6
15427,729.7,146979.9
15428,2256.5,92692.2
15429,3252.9,87968.6
15430,5273.8,72094.5
15431,6721.1,64968
15432,8202,59316.5
15433,9487.1,54173
15434,10677.6,49144.5
15435,11890.6,44220.4
15436,9620.7,60912.5
15437,10122.6,67564.7
15438,5101.1,125952.8
15439,3074.4,164803
15440,1623.5,178164.5
15441,801.8,193131.1
15442,336,208147.2
15443,5.5,221544.6
15444,0,230505.3
15445,0,234709.2
15446,0,241645.2
15447,0,250843.3
15448,0,250208.5
15449,0,263939.6
15450,18,159756.9
15451,199.5,149097.6
15452,1464.8,91053.1
15453,2010.4,86921.5
15454,3791.4,72358.3
15455,4921.4,65209.7
15456,6448,59493.1
15457,8194.4,54271
15458,9608.9,49225.3
15459,10993.1,44323.4
15460,12317.4,42460.3
15461,14622.4,39023.4
15462,14708.8,44795.8
15463,9247.2,70969.2
15464,6754,85459.9
15465,3992.6,114524.9
15466,3084.1,129634.1
15467,2300.9,136218.9
15468,1551.6,142920.4
15469,859.2,149856.6
15470,324.2,156907.1
15471,70,127141.5
15472,0,124217.2
15473,7.5,122593.5
15474,34,92449.4
15475,130.8,95838.5
15476,672.2,57198.9
15477,1230,53573.5
15478,2317.1,46042.8
15479,2981.8,41514.8
15480,4315.8,36126.2
15481,5719.4,31713.9
15482,6859.5,27930.2
15483,8165.9,24239.4
15484,9341.6,23492.5
15485,10499,21332.5
15486,12115.5,32841.8
15487,11638.3,39046
15488,6380.3,50842.8
15489,4679.3,59918.9
15490,4895.1,58917.3
15491,4658.4,59128.6
15492,5140.5,57974.7
15493,5395,57638.1
15494,5081.2,59243.4
15495,5473.8,59191.2
15496,5748.3,59258.4
15497,13835.2,45080.2
15498,13556.9,36481.3
15499,14731.4,34381.3
15500,19071.7,21650.9
15501,16857.6,22133.5
15502,17869.9,18025.4
15503,18779.1,16259.6
15504,20082.6,14817.1
15505,21406.8,13521.8
15506,22756.1,12384.4
15507,24335.4,11329.7
15508,25794.6,13009.8
15509,27289,12770.2
15510,33419.7,26774.8
15511,29478.3,33442.7
15512,21429,38743.9
15513,14893.8,49139.3
15514,14316.8,54642.2
15515,13762.8,57651.5
15516,13316.6,57307.7
15517,13003.7,62293.8
15518,12758.8,59974.7
15519,12601.6,57956
15520,12572.1,60226.6
15521,23818.1,51082
15522,20862.2,40258.8
15523,22040.3,37583.6
15524,28708.1,22596.7
15525,24355.5,22654.8
15526,25446.5,17810.2
15527,26352.3,16025.2
15528,25212.2,14879.9
15529,25395.5,13768.7
15530,25956.6,12567.6
15531,26395,11629.2
15532,20170.9,14582.8
15533,13474.5,19657
15534,13972.8,71778.1
15535,2172.7,118086.8
15536,116.2,136547.9
15537,0,150326.8
15538,0,156022
15539,0,173636.4
15540,0,183757.4
15541,0,193269.1
15542,0,201558.2
15543,0,207599.6
15544,0,207651.4
15545,0,220273
15546,0,129847.8
15547,0,125669.9
15548,107.3,73418.5
15549,312,67603
15550,614,52097.5
15551,823,45226.1
15552,1131.5,40280.1
15553,1505.4,36073.1
15554,1974.3,32318.1
15555,2541.3,28667.6
15556,1962.2,42588.5
15557,2139.3,51782
15558,645.4,110495.5
15559,75.3,156505.4
15560,0,175818.8
15561,0,193992.6
15562,0,207221.9
15563,0,229885
15564,0,243835.1
15565,0,257095.7
15566,0,272287.1
15567,0,285599.1
15568,0,288964.1
15569,0,292540.3
15570,0,176363.8
15571,0,175119.5
15572,0,112378.8
15573,0,101510.2
15574,44.7,77171.5
15575,174.7,68001.3
15576,292.9,58221.9
15577,383.7,57764.6
15578,590.1,53192.2
15579,976.6,49200.6
15580,618,65585.7
15581,816.9,72779.9
15582,82.2,134267.7
15583,0,180928.4
15584,0,197349.3
15585,0,210178.2
15586,0,223372
15587,0,238737.3
15588,0,259083.5
15589,0,273853.7
15590,0,284207.6
15591,0,279379.4
15592,0,278221.8
15593,0,284316.3
15594,0,183336.9
15595,0,175234.8
15596,0,114266.2
15597,16.1,104245.6
15598,233,81197.7
15599,435.8,71384
15600,675.1,65869.8
15601,846.8,61186
15602,1133.5,56572.7
15603,1535.4,52248.8
15604,966.4,69326.9
15605,982.2,76557.1
15606,40,143012.6
15607,0,186263.9
15608,0,200987.7
15609,0,210939.3
15610,0,217196.8
15611,0,225332.5
15612,0,233018.9
15613,0,239126.9
15614,0,247510.5
15615,0,250265.2
15616,0,256158.7
15617,0,264771.3
15618,0,165715.3
15619,0,157265.1
15620,514.3,98172.9
15621,829,91574.3
15622,1598.4,74301.7
15623,2496.3,67087.7
15624,3397.6,61493.9
15625,4280.4,56392.7
15626,5274.7,51521.3
15627,6319,46842.3
15628,6927.1,45275.2
15629,7766.3,42272.1
15630,7212.7,52014
15631,4423.9,74274
15632,3854.7,85124.3
15633,2467.4,109783.3
15634,1624.8,123164.8
15635,1157.5,127522.3
15636,788.7,131266
15637,498.2,135897.2
15638,231.3,138987.7
15639,169.6,108882.2
15640,64.1,109155
15641,104.6,105385.3
15642,429.6,93085.7
15643,863,90220
15644,2335.5,52460.1
15645,3449,48739.9
15646,5075.6,41284.3
15647,6351.2,36587
15648,8262,31170.8
15649,10534.5,27373.9
15650,12466.9,24111.6
15651,14369.8,21004.9
15652,15953.7,20548.9
15653,17844.5,18219.5
15654,21567.6,26908
15655,19189.5,33988.2
15656,14371.2,42582.1
15657,12790.8,49854.2
15658,11858.4,51873.1
15659,10009.1,54337
15660,9636.8,54798.9
15661,6689.2,58597.7
15662,6183.1,58688.6
15663,5566.9,59422.2
15664,5223.9,61589.1
15665,14348.1,44709.1
15666,15145.9,35080.7
15667,17440.7,32808
15668,23455.9,20314.2
15669,22788.5,20713.2
15670,25638.4,16516.5
15671,27759.1,14685.9
15672,27126.9,13487.6
15673,28640.1,12306.8
15674,30424.9,11178.9
15675,32293.3,10126.9
15676,22971,14419.7
15677,18493.4,18448.7
15678,10588.7,68889.9
15679,2841.8,107973.1
15680,1722.8,123524.1
15681,1167.3,132739.3
15682,717.9,141084.5
15683,266,149757.2
15684,12.8,159653.5
15685,0,174600
15686,0,188279.8
15687,0,205680.7
15688,0,211238.2
15689,0,219670.7
15690,9.7,112645
15691,120.5,111676.2
15692,1387,68294.6
15693,2551.5,65159.8
15694,4499.8,50976.6
15695,6229.9,43917.9
15696,8146.8,38488.9
15697,10282,33834.1
15698,12360.7,30242
15699,14818.9,27229.8
15700,11082.9,41396.9
15701,11698.2,50049.8
15702,5833.8,107227.1
15703,3900.1,146833.1
15704,2467.7,161088.2
15705,1717.5,174571.5
15706,1128.8,187368.1
15707,539.5,201007.1
15708,52.7,215298.2
15709,0,229931.8
15710,0,245333.6
15711,0,258046.1
15712,0,261645.9
15713,0,264763.7
15714,0,148071.4
15715,0.1,149615.6
15716,248.8,88992.9
15717,441.4,84386.8
15718,1173.6,69894.5
15719,1921.4,63379.4
15720,2510.8,58293.8
15721,3042.8,53421.1
15722,3591.2,48889.2
15723,4172.3,44847.2
15724,3301,61870.2
15725,3309.3,69391.7
15726,1354.4,132258.6
15727,209.8,168817.9
15728,20.3,182050.5
15729,0,191967
15730,0,199463.9
15731,0,207822.7
15732,0,215700.6
15733,0,223425.4
15734,0,230801.4
15735,0,243145.8
15736,0,253131.2
15737,0,262603
15738,0.5,151765.8
15739,75.3,146813.5
15740,1126.7,90533.3
15741,1772.5,85818.7
15742,3372.1,71073.5
15743,4553.6,63938.2
15744,5959.1,58422.8
15745,7433.8,53295.7
15746,8499.6,48477.7
15747,9376.1,44241.8
15748,6887,61088.2
15749,7002.3,68088.5
15750,2960.1,131389.3
15751,1406.9,165686.7
15752,577.2,178720.9
15753,89.8,188474.3
15754,0,199417.1
15755,0,213787
15756,0,229658.6
15757,0,239260
15758,0,242177.7
15759,0,248139.5
15760,0,247064.4
15761,0,258531.3
15762,0,159276.8
15763,13.1,150333.6
15764,600.4,92131.3
15765,1159.9,87114.8
15766,2565.6,72067.1
15767,3639,64957.3
15768,4570.7,59450.9
15769,5970.2,54379
15770,7141.6,49509.4
15771,8239.1,44837.4
15772,5890.3,61994.9
15773,5801.8,69038.7
15774,2488.5,127957.6
15775,970,167530.5
15776,258.6,180451.5
15777,7.6,191525.2
15778,0,205633.2
15779,0,223081.1
15780,0,236414.3
15781,0,243509.5
15782,0,255332.1
15783,0,262010.8
15784,0,264059.8
15785,0,271455.6
15786,0,166883.8
15787,0,158225.7
15788,208.4,97077.6
15789,484.4,90592.9
15790,1251.5,74231.5
15791,2136.5,67099.2
15792,3051.3,61439.7
15793,3905.6,56389.7
15794,5250.4,51276.8
15795,6791.1,46286.4
15796,7841.2,44456.9
15797,9231,41293.8
15798,9577.5,46928.5
15799,6356.4,72366.5
15800,4937.7,86676
15801,3152.8,116433.8
15802,2508.9,131346.9
15803,1902.3,136303.8
15804,1254.6,137121.7
15805,777.3,142269.2
15806,451.4,137535.6
15807,624.9,105330.6
15808,679.8,106994.3
15809,702.8,106180.7
15810,1033.1,94165.6
15811,1440,91314.4
15812,3145.4,53487
15813,4270.6,49818.8
15814,5759.9,42462.5
15815,7071.8,37752.5
15816,9464,32190.3
15817,11697.7,27834.6
15818,13838.6,24484.1
15819,15619.1,21436.3
15820,16618.9,21281.4
15821,17763.4,19266.9
15822,21323.3,27983.5
15823,18530.4,35730.3
15824,13220,45753.6
15825,11494.2,54094.4
15826,9471.1,57813.2
15827,7294.1,60441.3
15828,5582.9,61781.3
15829,5445,62727.4
15830,3687.4,73344.2
15831,3550.6,74500.5
15832,3589.2,72619.7
15833,9702.2,50468.7
15834,9292.2,38243.5
15835,10822.2,35412.8
15836,15922.7,22246.5
15837,14601.4,22683
15838,16559.9,18474.4
15839,18220.1,16661.7
15840,17245.8,15538.9
15841,18988.9,14103.1
15842,20282.1,12936.4
15843,20665.7,12066.3
15844,12766.6,16719.5
15845,8578.1,21774.3
15846,6108.6,75351.6
15847,165.4,117192.3
15848,0,134700.5
15849,0,151418.8
15850,0,165447.4
15851,0,189812.1
15852,0,205674.5
15853,0,220804.8
15854,0,235606.7
15855,0,248825
15856,0,253582.1
15857,0,256864.4
15858,0,155697.5
15859,0,148413.2
15860,0,89697.1
15861,0,81986.5
15862,160.9,62274.9
15863,312.2,54905.3
15864,391.2,50013.8
15865,642,46014.4
15866,1079.8,42284.5
15867,1471.3,38586.4
15868,1237.9,52522
15869,1281.3,61776
15870,44,123763.6
15871,0,168693.5
15872,0,185059.6
15873,0,194321.2
15874,0,204206.1
15875,0,211544.9
15876,0,218279.5
15877,0,224161
15878,0,229394.8
15879,0,233613.4
15880,0,236933.2
15881,0,239478.7
15882,400.9,140508.5
15883,693.3,138532.5
15884,2175.2,86063.2
15885,2820.3,82377.8
15886,4640.7,67763.5
15887,5863,60689.5
15888,7509.3,54970.4
15889,8909.8,49833.6
15890,10057.5,45171.3
15891,11128.9,40856.7
15892,8572.2,57700.3
15893,8639,65103.9
15894,4028.9,123233
15895,2388.8,161632.8
15896,1636.6,172705.8
15897,932.3,181000.1
15898,519,188142.9
15899,322.8,194933.6
15900,183.1,201337
15901,42.6,208246.8
15902,6.4,214040.1
15903,88.7,217684.1
15904,91.3,222638.7
15905,331.4,225954.9
15906,2399,133641
15907,2966.3,128363.9
15908,5828.7,84457.6
15909,6856.3,80873.4
15910,10168.6,65999.1
15911,11637.4,58834.4
15912,12769.6,53177.8
15913,13930.9,48162.3
15914,15167.1,43388.9
15915,16270.7,38966.2
15916,12518.7,56094
15917,12639.4,62726.6
15918,6136.5,121076.1
15919,4055.9,159343.1
15920,3211.8,169131.5
15921,2311.8,176697.8
15922,1676.6,183086.7
15923,1048.6,189107.6
15924,579.5,194984.2
15925,173.7,201641.8
15926,118.3,207054.1
15927,52,212876.7
15928,273.8,216887.7
15929,651.7,220581.5
15930,2938.9,130914.9
15931,3453,126825.6
15932,6483.9,82790.1
15933,7795,79237.1
15934,11014.9,64481.3
15935,12503,57318
15936,13743.4,51749
15937,15180.1,46936.9
15938,16620.5,42203
15939,17874,37685.8
15940,13568.4,55109.1
15941,13187,61698.3
15942,6172.9,120099.3
15943,4154.6,158527.6
15944,2634.4,169108.4
15945,1708.5,176220.5
15946,882,183173.4
15947,302.8,191415.2
15948,8.1,204082.1
15949,0,217827.2
15950,0,236043.5
15951,0,250112.7
15952,0,251350.3
15953,0,248355
15954,197.1,141033.8
15955,567.7,137442.3
15956,1887.2,86996.4
15957,3060.5,83600.3
15958,5067.7,68860.2
15959,6497.4,61774.4
15960,8104.2,56203.4
15961,9626.4,51081.3
15962,10835,46408.3
15963,12105.6,42084
15964,12955.4,40612.3
15965,14310.8,37645.8
15966,13750,43768.5
15967,8643.8,68899.4
15968,6488.3,82689.1
15969,3778.8,111084.5
15970,2953.9,126222.3
15971,2347.7,132297.6
15972,1792.8,139974.1
15973,1177.1,145667.3
15974,760,146713.9
15975,635.5,112817.3
15976,508.8,109851.8
15977,504.1,106808.5
15978,600.7,95309.9
15979,745.5,92653.3
15980,1795,54664.4
15981,2473.5,50866.5
15982,3210.3,43339.7
15983,3982.9,38508.1
15984,5560.8,32847
15985,6989.9,28289.9
15986,8630.9,24238.8
15987,10546.3,21020.2
15988,12054,20637.3
15989,13802.2,18424.6
15990,17892.1,27259.4
15991,15440.9,34706.3
15992,11031.1,43222.8
15993,9155.4,51336.5
15994,6536.6,58064.7
15995,5611.7,64995.9
15996,4976.6,69818.8
15997,4368.8,73634.3
15998,3822.4,77680.3
15999,3642.7,79422.9
16000,3715.2,76841
16001,10096.8,52153
16002,9775.1,37916.9
16003,11548.7,34653.5
16004,18201.9,21617.4
16005,18173.6,22061.5
16006,21213.4,17809.2
16007,23915.2,15895.6
16008,23822.8,14593.7
16009,25041.2,13467.9
16010,26751.5,12370.5
16011,28211,11355.1
16012,18761.3,15516
16013,13960.9,19948.2
16014,8713.1,72524.8
16015,1999.6,112236.9
16016,1291.8,125552
16017,668.5,136290.8
16018,286.7,146056.2
16019,47.7,153971.2
16020,0,161949.9
16021,0,169581.9
16022,0,176420.9
16023,0,183154.5
16024,0,188764.1
16025,0,194390.3
16026,728.9,110544.1
16027,995.8,108642.9
16028,2818.2,68241.3
16029,3437.6,65644.1
16030,5237.6,51739.2
16031,6313.5,44802.3
16032,7212.3,39664.8
16033,7983.7,35525.7
16034,8493.3,31914.1
16035,8937.8,28681.9
16036,5809.1,43953.8
16037,5392.9,53076.3
16038,2020.5,110776.9
16039,495.3,151614.9
16040,130.9,163665.2
16041,1.5,173310.6
16042,0,182840.1
16043,0,191893.6
16044,0,199526.7
16045,0,207194.1
16046,0,214433.3
16047,0,219847.8
16048,0,219080
16049,0,229027.9
16050,21.9,132329.3
16051,127.8,131795.8
16052,847.4,82863.2
16053,987.3,79969.6
16054,1943,65748.3
16055,2973.6,59096.1
16056,3908.1,53655
16057,5162.6,48136.6
16058,6589,43143.9
16059,8158.6,38732.8
16060,6408.2,55245.1
16061,6987,62536.2
16062,3307.9,119697.6
16063,1948.5,157965.2
16064,1294.4,169158.9
16065,630.9,177627.2
16066,230.9,185145.5
16067,22.2,192574.8
16068,0,199941
16069,0,207526
16070,0,213895.9
16071,0,219142.4
16072,0,223376.4
16073,5.8,226758.4
16074,1531.7,133273.5
16075,2065.1,127602.7
16076,4902.7,83674.1
16077,6131.8,80051.1
16078,9638.7,65147.4
16079,11771.5,57880.6
16080,13440.6,52386.7
16081,15288,47460.7
16082,17694.6,42427
16083,20151.5,37545.5
16084,16184.8,54605.1
16085,16515.6,61147.8
16086,8990.9,117805.5
16087,7061.9,155356.1
16088,4764,167786.6
16089,3426.5,175312.6
16090,2418,184831
16091,1809.3,189690.1
16092,1313,194674
16093,854.4,198043.4
16094,520.1,202517.9
16095,279.6,208647.3
16096,145.7,216482
16097,696.8,218393.4
16098,3746,128494.9
16099,5334.6,124583.1
16100,10125.5,81633.8
16101,13069.4,77570.6
16102,17762.1,62464.7
16103,21338.5,55063.4
16104,24920.5,49277.4
16105,28806.4,43877.6
16106,32455.9,39056
16107,35590.1,35383.3
16108,31462,51737.9
16109,32013.5,57992.4
16110,17893.5,114513.9
16111,12875.1,151953.9
16112,9810.6,164591.1
16113,7057.5,175903.8
16114,5386.7,184095.6
16115,4298.1,185658.7
16116,3197.6,193662.2
16117,2199,204513.6
16118,1226,212468.2
16119,671.7,217780.1
16120,389.2,214165.1
16121,617.4,219509.1
16122,3006.8,129303.5
16123,4105.4,125593.9
16124,7709.6,82958.1
16125,9621.7,79442
16126,13748.9,64662.4
16127,16083.7,57726.9
16128,18062.2,52383.6
16129,19676.5,47619.9
16130,21037.3,43052.2
16131,22153.5,38662
16132,22425.9,36953.4
16133,23159.3,34081.7
16134,21345.9,41089.3
16135,15229.8,64971
16136,13913.3,75118.2
16137,8166.2,98786.6
16138,6640.3,109928
16139,5247.3,113991.1
16140,4369.2,117324.6
16141,3859.3,119474.5
16142,3318.1,121702.1
16143,3854,92578.6
16144,4159.8,94072.8
16145,4779.6,92605.3
16146,6412.7,82722.5
16147,7166.3,80511.9
16148,12630.3,43483.7
16149,14426.1,40926.8
16150,15898.5,34701.6
16151,16981.3,31124.9
16152,19847.8,26930.7
16153,21215.5,23585.3
16154,22378.8,20550.2
16155,23272.2,17708.2
16156,23374.6,17418.7
16157,24019.1,15397.6
16158,27270.3,24818.2
16159,24134.6,31898.6
16160,17862.1,39860.4
16161,14982.6,47231.4
16162,13833.7,48809.3
16163,12702.8,50018
16164,12018.8,50730.5
16165,11530.8,51224
16166,11167.8,51668.9
16167,11362.3,51759.1
16168,12244,51373.2
16169,24779.6,39506.8
16170,25829.2,32073.4
16171,28055,30127
16172,34847,17970
16173,33779.8,18524.1
16174,36638.2,14437.5
16175,38820.8,12667.5
16176,38121.2,11508.7
16177,39590,10397.2
16178,41177.8,9362.9
16179,43024.2,8364.1
16180,44950.3,7477.6
16181,33085.1,12150.1
16182,27475.8,15800
16183,15806.8,64259.9
16184,5317.8,101591.3
16185,3534.9,113539
16186,2109.9,124247.4
16187,1253,134191.8
16188,659.1,142770.4
16189,256.6,150551.9
16190,7.8,158711.7
16191,0,165952.6
16192,0,172415.6
16193,40.5,177858.6
16194,226,182402.7
16195,2092.7,103039
16196,2618,102763.6
16197,5438.4,62098.7
16198,6538.3,59513.4
16199,9591,45526.1
16200,10806.4,38628.2
16201,11730.8,34257.4
16202,12825.8,31044.4
16203,13697,28155.5
16204,14298.6,25478.9
16205,10064,39047.2
16206,9605,47077.7
16207,3909.9,103931.1
16208,1804.1,142714.4
16209,692.2,154920
16210,124.6,164047.1
16211,0,172616.3
16212,0,181347.2
16213,0,188915.6
16214,0,196054.5
16215,0,203894
16216,0,207942.9
16217,0,207490.9
16218,0,216812.2
16219,503.2,127764.4
16220,745.8,122875.4
16221,2430.6,78635.6
16222,3230.3,75651.9
16223,5009.4,61962.9
16224,6199.6,55558
16225,7128,50325.3
16226,7983.2,45425.7
16227,8618,41095.3
16228,9028,37263.3
16229,5958.5,54637.3
16230,5734.7,61987.3
16231,2158.2,118784.8
16232,476.3,160737
16233,79.7,178268.7
16234,0,190318.7
16235,0,194778.6
16236,0,206151.6
16237,0,210000.9
16238,0,213511.6
16239,0,219440.6
16240,0,223651
16241,0,227604.1
16242,0,231417.1
16243,1026.7,132486.8
16244,1550.5,130700.7
16245,3819.7,84495.9
16246,4930.5,80883.1
16247,6891.1,66171.5
16248,8519.7,59425.9
16249,9821,54192.9
16250,11111.3,49313.5
16251,12393.4,44550.1
16252,13794.4,40038.9
16253,10931.1,57032.9
16254,11009,63840.8
16255,5497.4,120890
16256,3364,158269.4
16257,2192.5,168653.2
16258,1258.9,176980.3
16259,581.5,184854.8
16260,141,193859.1
16261,18.9,202240.7
16262,0,211100
16263,0,217120.9
16264,2.5,219236.3
16265,131,222127.1
16266,439.7,225041
16267,2523.3,132363.5
16268,3167.9,126813.5
16269,6268.4,84141.8
16270,7404.3,80538.9
16271,11074.2,65611.3
16272,12793.8,58398.3
16273,14151.7,52947.9
16274,15854.1,48089.2
16275,17436.3,43346.9
16276,18607.1,38901.4
16277,14355.3,55996
16278,14548.9,62502.4
16279,7325.1,119579.4
16280,4851.8,157247.7
16281,3479.7,167144
16282,2265.6,174637.1
16283,1412.7,180967.4
16284,785.3,187471.3
16285,338.4,193540.1
16286,108.7,199642.3
16287,153.1,204808.3
16288,341,209417.6
16289,844.8,213114.8
16290,1501.7,216341.7
16291,3878.5,128825.3
16292,4506.4,125395.8
16293,7577.3,83086.8
16294,8860.8,79710.4
16295,11972,65055.2
16296,13275.3,57984
16297,14833.2,51062.4
16298,16106.5,45694.4
16299,17114.4,40671.9
16300,17776.9,36255
16301,17828.5,35089.7
16302,18648.9,32711.1
16303,17794.2,39124.2
16304,15306.9,49479.6
16305,9433.4,63233.7
16306,7182.4,75604.8
16307,6606.5,79722.5
16308,6215.4,82127.3
16309,5435,84811.2
16310,4406.3,87389.3
16311,3744.1,87438.9
16312,3722.6,82484
16313,4381.5,74781.9
16314,11704.6,49361.1
16315,15353.1,40125
16316,18319.2,35836
16317,23771.5,20883.3
16318,25437.4,20513.8
16319,28798.3,15983.4
16320,32220.9,13798
16321,35780.1,12182.1
16322,38894.1,10916
16323,41678.1,9775.3
16324,44096,8793.3
16325,46476.4,10212.4
16326,48501.6,9943.1
16327,54963,21009
16328,46540.6,29017.6
16329,40070.1,31917.6
16330,35008.3,37299.1
16331,32878.9,38921.6
16332,31307.2,40215.3
16333,29828.4,41327.8
16334,28492.4,42350.2
16335,28482.8,42978.8
16336,28870.7,43533.9
16337,29748.3,44023
16338,44032.3,36354.2
16339,43770.3,29530
16340,45972.9,27844.2
16341,53960.4,15598.6
16342,50505.2,16458.7
16343,52758.7,12422.1
16344,54634.8,10702.5
16345,53418.2,9572.6
16346,54103.4,8536.1
16347,55152.2,7572.3
16348,56387.2,6652.1
16349,42529.1,10757.1
16350,35496.4,14337.4
16351,22866.1,59358.6
16352,8016.5,96439.5
16353,4145.1,108720.3
16354,2920.8,118816.6
16355,1986.7,129646.3
16356,1189.8,138789.7
16357,545.1,158703.1
16358,94.7,175418.5
16359,0,186791.3
16360,0,192687.9
16361,0,178412.3
16362,45.2,189360.6
16363,1208.4,100056.7
16364,1807.7,102178.9
16365,4613.6,61523.6
16366,5812.9,58265.4
16367,8690.7,44016.2
16368,10752.6,36763.5
16369,12316.9,31782.9
16370,14431.2,28059.3
16371,16285.5,25158
16372,18381.2,22393.9
16373,14499.9,35392.6
16374,14318.6,44000
16375,6703.6,101197.1
16376,4552.1,139918.3
16377,3733.4,150230.7
16378,2770.3,158099.2
16379,1719.4,165420.9
16380,1120.3,171502.6
16381,557.5,178248.7
16382,151.5,184931.7
16383,6.9,190859.6
16384,48.7,195430.8
16385,233.6,199422.6
16386,496.5,203166.2
16387,2348.7,119610.5
16388,3037.8,116975.9
16389,6166,75805.9
16390,7819.2,72702.4
16391,11355.8,58790.6
16392,12875.4,52071.3
16393,14338,46707.3
16394,15999.6,41721.5
16395,17392.9,37168.9
16396,18779.1,33260
16397,14223.2,50226.9
16398,14010.5,57401.3
16399,6881.7,114061
16400,4159.3,152367.4
16401,2218.8,167698.8
16402,1699.7,175036.5
16403,1048,181040.2
16404,455,188099.5
16405,135.6,192175.1
16406,52.7,197813.8
16407,73.5,202736.9
16408,241.1,206943.8
16409,769.6,209716.4
16410,1360.5,212729.1
16411,3889.6,125838.2
16412,4975.3,122015.7
16413,8670.7,79472.3
16414,11300.8,75650.6
16415,16122.9,61057.4
16416,18903.7,53866.4
16417,22579.6,47816
16418,26381.8,42115.7
16419,29642.8,37586.8
16420,32660.1,34292.7
16421,28649.9,49858.5
16422,29788.8,55678
16423,18542.8,111681.3
16424,13762.6,149224.6
16425,10690.8,160123.4
16426,9814.8,166294.8
16427,8313.6,172536.3
16428,7298,177594.3
16429,6341.7,182090.3
16430,5085.3,187160.2
16431,4643,190958.7
16432,5467,193174.8
16433,7311.9,194900.9
16434,8829.6,197121.2
16435,13584,120590.1
16436,15703,117252.5
16437,24808.2,74402.7
16438,28380.7,70424.9
16439,34672.8,56115.3
16440,37805.1,49087.2
16441,40091.2,44091.7
16442,42439.6,40382.1
16443,44914.8,36968.3
16444,47867.4,33628.5
16445,40855.9,48713.3
16446,39372.8,54657.8
16447,21768.4,109788.2
16448,15165.4,146603.9
16449,13067.4,156412.8
16450,11596.1,163150.8
16451,9633.5,169342.5
16452,7183,175764.9
16453,6083.1,179979
16454,6909.6,182475.9
16455,7139.8,185623.4
16456,7379.1,188831.1
16457,8246,191534.5
16458,8995.4,194193.3
16459,14084.7,117888.6
16460,16656.4,114491.8
16461,26132.5,71743.6
16462,29996,67458.5
16463,36213,53702.6
16464,40211.5,47201.8
16465,44125.7,42942.8
16466,47419.9,39292.6
16467,50906.6,35739.8
16468,54457,32360
16469,56284.7,30463
16470,58517.9,28239.6
16471,53170.4,32758.4
16472,43242.6,53878.7
16473,35437.4,66019
16474,23767.6,91490.4
16475,18849.7,105614.9
16476,15349.7,110051.8
16477,12395.2,113636.1
16478,10339.4,114753
16479,8130.3,119407.9
16480,11286.3,89503.7
16481,15351.9,86772.9
16482,18622.2,83906.3
16483,22316,68840.9
16484,24491.6,71601.2
16485,35031.5,36167.7
16486,37402.3,33404.2
16487,39347.7,27450.4
16488,41097.1,24249.5
16489,44334.6,20447.2
16490,45929.7,17523.5
16491,48012.9,15501
16492,49807.9,13769
16493,50354.8,13298.6
16494,51201.1,12033.1
16495,51020.8,20691.9
16496,46095.4,27226.8
16497,37674.9,33331.1
16498,31666.8,39944.1
16499,28187.2,41660.8
16500,27313,42461
16501,25667.3,43349
16502,20957.2,45616.4
16503,20688,45838.5
16504,20214.9,46208.7
16505,21483,46024.9
16506,33787.1,36275.5
16507,33467.2,29354.5
16508,34336.8,27679.1
16509,39970.1,15814.8
16510,37104.1,16626.4
16511,38612.4,12838.8
16512,39747.4,11270.4
16513,38062.6,10243.9
16514,38561.3,9263.2
16515,39709.2,8332.4
16516,40969.7,7549.6
16517,28947.4,12300.3
16518,23456.8,15797.6
16519,14599,64527.7
16520,3452,102311.3
16521,1712.8,116871.6
16522,1087.8,128196.4
16523,667.2,135707
16524,272,147234.3
16525,82.7,155140.2
16526,0,170530.8
16527,0,181044
16528,36.7,187941
16529,378.8,179253.6
16530,929.3,185991.2
16531,2967.5,103069.8
16532,4255.5,102464.9
16533,8095.9,61253.4
16534,10164.8,58056.4
16535,14283.8,43632.1
16536,16871.9,36438.6
16537,19606,31757.2
16538,22652.2,28156.7
16539,25491.9,24951.2
16540,27512.1,22389.2
16541,22111,35689.8
16542,21752.2,43560.2
16543,11021.7,99643.3
16544,8566.1,137732.3
16545,6883.3,148676.8
16546,4937.7,156861.5
16547,4053.3,163327.1
16548,3729.8,168313.8
16549,2938,173395.6
16550,2348.1,178161.1
16551,2171.3,182449.1
16552,2575.2,186237.8
16553,3199.2,189851
16554,3806.1,193059.3
16555,6760.7,116294.3
16556,7547.9,113826.7
16557,13046.3,72709.3
16558,15526.8,69403.7
16559,21196.1,55312
16560,24254.6,48214.8
16561,26532.1,42526.3
16562,28446.1,37815.9
16563,30642,34385.5
16564,33080,31314.9
16565,27735.9,46275.6
16566,28032,52508.8
16567,16422.2,107899.7
16568,11843.5,146203.5
16569,8173.5,160337.8
16570,6251.7,166543.5
16571,5444.8,181799.1
16572,4774.8,191851.6
16573,3719.4,201713.8
16574,2533,210390.2
16575,1524.3,218979.2
16576,1232.9,222147.6
16577,2220.9,199737.7
16578,3151.3,208514.9
16579,6611.4,123032.4
16580,8285.5,119728.4
16581,13179.5,77724.1
16582,16456.1,74299.8
16583,22445.8,60228.3
16584,25385.6,53388.6
16585,28832.4,46084.5
16586,31639.3,40122.3
16587,34028.4,35181.7
16588,35975.9,31399.4
16589,37186.2,29967.3
16590,38919.6,27688.4
16591,36367.6,34160.2
16592,35967.8,41933.5
16593,29205.5,51290
16594,25546.3,63236.2
16595,22878.6,67458.4
16596,20366.6,70310.5
16597,18320.7,71981.3
16598,15230.5,74358.1
16599,13290.9,75697.1
16600,13394.4,72484.3
16601,20369.7,52579.5
16602,31215.1,41059.9
16603,38394.8,30107.9
16604,42034.5,30214.1
16605,49492.9,16762.3
16606,50384.7,17059.7
16607,54903.4,12791
16608,58793.7,10803.7
16609,60725.9,9578.3
16610,65554.4,8780
16611,70734.2,8221.3
16612,75008.4,7744.3
16613,64001.5,13670.7
16614,59324,18046.5
16615,35683.8,68165.6
16616,19991.2,104852
16617,15181.5,117938.3
16618,12666.7,127762.8
16619,10369.9,136563.7
16620,8699.2,143819.1
16621,6866.8,151134.1
16622,4753,154529.4
16623,3893.7,171119.9
16624,3923.3,170266.3
16625,4531.5,171674.2
16626,5272.4,174668.9
16627,8955.8,103580.5
16628,10029.5,102852.7
16629,16713.4,62101
16630,19093,59152.6
16631,23993.8,45355.4
16632,25798.5,38451.3
16633,27237.5,33447.3
16634,28231,29764.5
16635,29424.2,26894.1
16636,30636.2,24420.9
16637,30752.1,23359.5
16638,31505.5,21439.7
16639,30874.1,29257.4
16640,21768.4,48505.1
16641,17502.4,59826.7
16642,9046.9,85160.9
16643,6863,100675.1
16644,5923.2,108974.7
16645,4938.1,116809.1
16646,3705.2,123125.1
16647,3021.8,126924.1
16648,3218.6,95481.6
16649,3896.7,85735.7
16650,4915.3,86971.7
16651,6136.7,77173.3
16652,6955.2,74818.6
16653,13659.7,37049
16654,16820.9,34355
16655,20290.1,27871
16656,23099.2,24033
16657,27483.4,19564.3
16658,30622.9,16622.8
16659,32899.1,14398.1
16660,34968.7,12283.8
16661,38222,12357.5
16662,41320.4,11335.1
16663,44994.7,22399.2
16664,40032.5,29610.7
16665,30899.7,35617.3
16666,26026.2,43537.5
16667,25585.4,43655.4
16668,23811.7,44377.1
16669,19344.2,47920.1
16670,16326.7,50670.4
16671,16612.5,49147.9
16672,18012.5,47807.1
16673,20663.3,46634.6
16674,34102.6,38117
16675,34804.2,30837.6
16676,37103.9,29119
16677,44593.2,17089.5
16678,42621.4,17768.7
16679,44744.7,13793.8
16680,46402.3,12156.6
16681,45132.6,11047
16682,45825.1,9998.7
16683,46802.3,9058.3
16684,47877.6,8192.1
16685,35389.5,12713.8
16686,29165.3,16372.2
16687,17146.9,64433.7
16688,5441.7,101879
16689,3731.9,113496.7
16690,2876.7,123364.9
16691,2148,132529.8
16692,1454.4,140776.5
16693,1341.5,147329.2
16694,1422.5,154047.8
16695,1219.3,161421.8
16696,1495.7,166562.2
16697,2733.8,170116.5
16698,4054.4,173562.5
16699,8279.2,98887.1
16700,10137.2,97890.5
16701,17568.1,55970
16702,20821.1,52498.7
16703,28092.5,38790.3
16704,32686.7,32561.2
16705,36624.6,28094.2
16706,40414.2,24972.8
16707,43877.9,22163.8
16708,47735,19527
16709,43185.2,32508.5
16710,44223.5,39706.2
16711,26958.1,91582.8
16712,20608.6,129314.5
16713,15361.5,143288.6
16714,12077.4,153687.2
16715,9828.3,163052.3
16716,8727.4,171930.5
16717,7485.6,180284.8
16718,5947.1,187674
16719,4984.4,191856.8
16720,4870.6,190349
16721,6227.5,186174.9
16722,8138.1,186503
16723,13146,112497.6
16724,14983.5,109896.6
16725,25382.8,68830.9
16726,29677.2,64835
16727,37101.6,50339.4
16728,42091.4,43440.2
16729,46047,38440.1
16730,49927.1,34640.5
16731,53406,31368
16732,56365.3,28441.5
16733,49534.2,43336.2
16734,47736.5,49774.5
16735,26554.4,104066.6
16736,19097.7,141194.9
16737,15254.1,152341.9
16738,10673.4,162618
16739,8227.5,163868.7
16740,6890.8,183244.1
16741,5351.8,193110.8
16742,3683.5,202376.1
16743,2351.8,209814
16744,1788.7,212178.5
16745,2223.5,199204.6
16746,2406.1,204597.4
16747,4427.9,122271.8
16748,5129.6,119128.6
16749,8574.7,77741.4
16750,9936.4,74696.3
16751,13786.6,60808.3
16752,16230.6,53917.1
16753,18255.2,48577.2
16754,20175.1,43699.7
16755,21996.6,39047.1
16756,23675,34929.2
16757,18818.2,51590.3
16758,18765,58254.5
16759,9900.8,115024.2
16760,7354.3,151778
16761,5375.7,161905.4
16762,3708.5,169690.5
16763,2681.5,176103.4
16764,1850.8,182734.3
16765,1053.8,194202.7
16766,337,206771.9
16767,20.1,219503.4
16768,3.5,221809.4
16769,197.6,218392.3
16770,616.5,219448.3
16771,2170.5,127457.4
16772,2812.4,123782.7
16773,6107.3,81179.9
16774,7533.6,77925.1
16775,11541.3,63746.5
16776,13910.8,56757.1
16777,16251.3,51288.6
16778,18631.8,46281.6
16779,21051.4,41255.9
16780,23500,36493.3
16781,19929.5,52952.7
16782,21257.5,58917.4
16783,12630.4,114449.2
16784,10358.7,150976.6
16785,7571.8,163518.6
16786,6234.5,172215.6
16787,5991.7,175137.6
16788,6685.8,177677.5
16789,7003.7,181287
16790,7182.5,185006.7
16791,7961.4,188073.4
16792,9056,191001.4
16793,10170.6,193801.6
16794,11051.1,196512.2
16795,16272.1,119475.1
16796,18566.1,116615.1
16797,28481.4,74159.1
16798,32173.8,69874.9
16799,38548.9,55504.4
16800,42269.8,48645.2
16801,45700.2,43465.9
16802,48933.6,39692.7
16803,52844.5,36105.9
16804,56734.5,32578.5
16805,59524.5,30658.9
16806,62448.1,28284.2
16807,56822.3,32962.8
16808,47506.3,53675.3
16809,39400.3,66373
16810,27066.7,92571.6
16811,21894.3,107528.1
16812,18687.6,113084.7
16813,15689.4,117591.5
16814,12574.6,121905.3
16815,9980.6,124941
16816,12482.3,88271.6
16817,17265.4,83463.1
16818,21806.7,84575.6
16819,26422.9,69099.4
16820,29207,71834.3
16821,41239.3,34979.5
16822,45366,32032.4
16823,48907.9,26014.4
16824,51447.5,22827.4
16825,56953.5,19128.9
16826,61565.8,16976.6
16827,64623,15145
16828,66886.6,13447
16829,67389.3,12810
16830,68206.8,11488.9
16831,66216.3,19444.6
16832,60181.4,25878.5
16833,52145.4,31719.3
16834,48692.4,38055.1
16835,47441.6,39113.4
16836,46865.8,39843
16837,46173,40463.4
16838,46142.2,40979.3
16839,46419.8,41425.9
16840,47210.9,41754.6
16841,48847.1,41881.4
16842,62076.3,32233.5
16843,67192.4,23032.1
16844,65661.5,23849.3
16845,73777.6,12452.7
16846,71190.2,12692.3
16847,73504.6,9353.9
16848,75033.7,8378.5
16849,73586,7847.2
16850,75135.2,7340.9
16851,76704.8,6878.2
16852,78003.3,6480.2
16853,63364.5,10899.8
16854,54697.5,14163
16855,33331.4,58577.1
16856,14348.5,92821.3
16857,11580.1,103954.7
16858,10104.3,112050.6
16859,8609.1,120422.6
16860,7366.3,128323
16861,6191.1,135724.9
16862,4857.2,143014.8
16863,3877.7,149456.2
16864,4407.4,154076.7
16865,5002.6,158558.3
16866,5130.5,163098.6
16867,8224.5,94677.1
16868,9006.2,94432.3
16869,15057.7,53280.8
16870,16655.5,50328.4
16871,21711.3,38110.2
16872,24278.1,32425
16873,26089.7,28725.5
16874,27540.9,25924.5
16875,28722.9,23396.7
16876,29837.7,21012.8
16877,22766.9,34017
16878,21168.2,41862.6
16879,10017.8,95946.3
16880,7406.1,131165.7
16881,6263.4,141897.6
16882,4855.8,149942.4
16883,3444.5,156741.4
16884,2793,162745.5
16885,1626,169130.9
16886,1174.9,174930.3
16887,1425.4,179769.1
16888,1560.1,184588
16889,1875.6,188843.5
16890,2049.4,192847.3
16891,4244.8,113897.9
16892,4728.6,112645.7
16893,7858.9,71814.6
16894,9068.2,68739.7
16895,12235.4,55096.8
16896,13495,48525.1
16897,14802.2,43195
16898,16191.3,38542.6
16899,17381.4,35243.9
16900,18455.1,32436.8
16901,13738.6,47997.7
16902,13190,54650.9
16903,6281.2,110226.8
16904,4061.8,146721
16905,2801,156660.6
16906,1568.1,164494.3
16907,745.3,171618.5
16908,232.4,178505.8
16909,32.5,185174
16910,0,190987.8
16911,0,196292.1
16912,32.9,200855.7
16913,240.7,204915.7
16914,520.3,209011.3
16915,2567.9,123040.8
16916,2975.1,119946.7
16917,5845.9,78279.3
16918,6901,75112.2
16919,10206.7,61196.6
16920,11778.2,54521.7
16921,13091.7,49215.3
16922,14416.5,44362.1
16923,15860.9,39640.5
16924,17329.5,35773.8
16925,13643.7,52867.4
16926,13750.9,59140.1
16927,7075,114458.8
16928,5065.9,150655.1
16929,4091,159897.6
16930,3004.4,167008.9
16931,2076,173395.7
16932,1256.9,180034
16933,775.2,185956.7
16934,624.8,191155.3
16935,816,195922
16936,1363.9,199911.2
16937,2110.1,203701.3
16938,2482.8,207470.2
16939,5190.9,123409.8
16940,6221.5,120749.9
16941,10770.4,78357.3
16942,13118.7,74545.7
16943,17667.4,60211.9
16944,20848,53052.2
16945,23803.5,47200.2
16946,26669.4,42230.7
16947,29389.9,38348.8
16948,32309,34947.9
16949,27982.6,50131
16950,28647.8,55922.7
16951,17350.5,110226.8
16952,13683,146277.3
16953,10098,159047.5
16954,7754.3,168807.8
16955,6356.3,178430.3
16956,5785.4,186937
16957,4952.4,196526.9
16958,3784.7,203755.2
16959,2818.7,210665
16960,2684.6,211734.6
16961,3859.1,202633
16962,4657.5,203107.7
16963,8753.6,123218.4
16964,10178.4,120415.8
16965,16368.6,78277.3
16966,19913.5,74432.7
16967,26366.3,59966.5
16968,30082,52645.4
16969,32835.7,47098.3
16970,35062,42581.5
16971,37035.2,38252.8
16972,40024,34326.8
16973,42056.5,32606.1
16974,43886,30469.2
16975,39620.3,36821.9
16976,31607.2,58257.4
16977,28535.9,68358.8
16978,20563.4,91687.1
16979,17565.3,103044
16980,15358.7,106322.4
16981,11923,110309.3
16982,10024.5,113756.7
16983,7644.2,120266.1
16984,11761.9,89967.7
16985,17665.3,86462.5
16986,21429,83538.8
16987,26090,68386.8
16988,29098.8,70416.7
16989,41814.9,35781.8
16990,46324.6,32756.9
16991,50101,26477.3
16992,52867.9,23170
16993,58113.4,19474.4
16994,62889.7,17223.4
16995,66744.5,15309.2
16996,70258.3,13575.3
16997,72448.5,12925.9
16998,75301,11591.4
16999,75559.9,19128.9
17000,70729.3,25089.2
17001,59683.1,30683.6
17002,52895.4,37384.6
17003,50011.9,39619.4
17004,48127.2,41333.7
17005,45581.1,43062.3
17006,41869.7,45081.3
17007,40180.6,45892.6
17008,42471.8,44368.2
17009,51149.3,41784.1
17010,67965.2,31592.2
17011,75658.6,22225.4
17012,76228,22874.8
17013,86619.7,11511.8
17014,86026.1,11386.7
17015,90344,8891
17016,93920.3,8043.2
17017,98047.7,7603.5
17018,101734.4,7174.9
17019,104941.7,6784.7
17020,107524.5,6398.7
17021,94128,10733.1
17022,85537.8,13822.5
17023,58337.7,55009.7
17024,34621.9,87577.2
17025,25339.8,100451.7
17026,19585.1,109359.3
17027,16685.1,117569.7
17028,15553.2,124959.8
17029,14755.8,131591.9
17030,13622.3,138152.1
17031,13141.5,143943.9
17032,13360.7,148940
17033,14448.3,153182.9
17034,14819.6,157506
17035,21922.7,89068
17036,23898.1,88614.5
17037,36404.5,48127.1
17038,39558.2,45302.7
17039,46767.2,34805.4
17040,49519.1,29681.3
17041,51376.9,25980.5
17042,53836.4,23135.7
17043,56079.9,20699.2
17044,57763.1,18989.3
17045,49751,31978.4
17046,45795,38935.1
17047,23877.2,89364.5
17048,16150.5,124575.2
17049,13227.1,136118.5
17050,9101.2,146411.5
17051,6213.1,151540.2
17052,5087.5,163865.3
17053,3911.5,177649.2
17054,2744.8,182730
17055,1995.6,183999.6
17056,2083.3,184766.3
17057,2978.2,185589
17058,4305.6,187533.1
17059,8834.5,109935.5
17060,10691.8,108253.5
17061,17338.2,67339.2
17062,20782.4,63017.9
17063,28693.5,49246.1
17064,34319.5,42610.5
17065,38673.5,38288.5
17066,42345.1,34476
17067,45589.8,31075.6
17068,49843.5,28048.2
17069,45342.4,42731.7
17070,45845.5,49011.6
17071,27391.4,99777.3
17072,21327.5,135478.1
17073,16237.2,148896.7
17074,12991.1,158851.9
17075,10837.8,167530.5
17076,9774.1,175218
17077,8627.1,180171.3
17078,7154.3,184067.8
17079,6615.5,184040.1
17080,7054.7,184463.2
17081,8385.2,186076.2
17082,8780.7,188716.4
17083,12519.4,115148
17084,13110.4,113348.6
17085,20713.9,73004.5
17086,23337.3,69152.8
17087,29124.1,55182.8
17088,32587.1,48530
17089,36003.5,43183.4
17090,39350.2,38531.5
17091,42705.2,34851.1
17092,46653.3,31534.6
17093,41505.1,46543
17094,41709.3,52339.7
17095,24540.9,104465.9
17096,19005.8,140310.5
17097,15191,152443.9
17098,12056.3,161688.5
17099,10437.5,168951.2
17100,9421.3,178293.6
17101,8286.1,186439.8
17102,6645.3,192495.4
17103,5582.4,194238.4
17104,5785.3,190807.6
17105,7221.3,189636.4
17106,8459,191748.1
17107,12975.3,116566.7
17108,14443.9,114296.9
17109,23840.1,73582.7
17110,27247,69783.7
17111,33221.9,56115.2
17112,36460.1,49724.2
17113,39156.9,44687.2
17114,41476.4,40179.1
17115,44270.4,36099.2
17116,47071.4,32835.9
17117,40242.2,48620.5
17118,39308.7,54540.4
17119,21193.8,108089.4
17120,15376.9,144338.4
17121,13577.3,153812.2
17122,11744.1,160627.2
17123,10210.8,166284
17124,8743,171393.2
17125,7806.4,175677.4
17126,7163.1,179489.8
17127,6906.4,183014.4
17128,6922.8,186357.6
17129,7589.2,189172.5
17130,7670.6,192372.2
17131,11214.9,116876.4
17132,12104.5,114796.5
17133,19437,73946.9
17134,21806.8,70272.2
17135,27025.1,56351.1
17136,29388.6,49813.6
17137,31462.2,44749.4
17138,33812.2,40400.7
17139,35973.5,36872.1
17140,38373.3,33525.2
17141,40575.6,31727.1
17142,43310.6,29512.5
17143,40286.8,34749.9
17144,32520.2,55829.6
17145,27263.2,67423.5
17146,16141.9,93084.8
17147,11983.1,108516.6
17148,10345.9,111786.7
17149,8256.3,117737.2
17150,6911.8,121995.3
17151,5761,125795.4
17152,6436.2,95380.2
17153,9248.7,85730.7
17154,11622.4,87587
17155,14670.8,72568.7
17156,16434.8,75401.7
17157,27386.7,38235.2
17158,30831.7,35565.7
17159,33582.5,29485.9
17160,35297.7,25917.2
17161,38718.8,21721
17162,40393.4,18669.4
17163,41741.3,16092.3
17164,43355.2,14180.2
17165,43920.9,13750.8
17166,44685.8,12503.3
17167,45437.9,22164.9
17168,40885.2,28867.1
17169,32980.3,35084.3
17170,29211.5,41565.5
17171,27424.3,42802.5
17172,25859.4,43738.5
17173,24703.5,44413.7
17174,23945.8,44994.1
17175,23301.1,45620.2
17176,22957.5,46259.4
17177,26570.8,45640.9
17178,40983.9,35762.7
17179,46951.5,26232.5
17180,46989.9,26721.2
17181,56077.1,14767.2
17182,55300.3,15210.1
17183,59063.4,11323
17184,62191.4,9595.4
17185,62327,8627.6
17186,64496.5,8082.2
17187,67021.6,7556.2
17188,70360.8,7060.1
17189,57744.7,11431.6
17190,52093.3,14864.4
17191,33553.8,60280.7
17192,16337.6,94210.8
17193,12469.1,107597.9
17194,10488.1,116546.9
17195,9894.4,124067.4
17196,9913.9,130917.4
17197,9956.7,137322.6
17198,8358.1,144888.5
17199,7198.1,152203
17200,8940.1,154758.7
17201,12443,157193.9
17202,14540.1,160591.8
17203,22165.9,91601.3
17204,25466.4,90678.4
17205,39327.2,49219.2
17206,44432,46020.3
17207,53338.7,34953.8
17208,57941,29503.6
17209,62464,25438.4
17210,67999.3,22425.7
17211,72497.3,20522.8
17212,76429.7,18898
17213,71054.3,30611.8
17214,69284.4,36947
17215,45819.1,84240.5
17216,33991.8,119115.2
17217,24842.1,133656.7
17218,19135.5,144283.5
17219,16957.7,152868
17220,15831.5,159921.5
17221,14784.9,166544.7
17222,12811.9,173382.4
17223,11167,178059.4
17224,10921.3,178746.8
17225,13931.3,168127.7
17226,16731.3,177799.1
17227,24871.4,104648.8
17228,28945.8,102991.8
17229,42174.6,62279.7
17230,47072.5,57899.1
17231,56344.4,45325
17232,60893.1,39877.9
17233,66989.1,35801.3
17234,72587.4,31977.8
17235,77008.6,28520.9
17236,80768.4,25474
17237,75629.2,40205.4
17238,74159.6,46120.1
17239,49082.1,92469.8
17240,37404.4,128206.7
17241,28813.5,141858.2
17242,21318.7,151855
17243,17847.5,160636
17244,15860,167987.1
17245,14300.6,174548.1
17246,12036.8,180958.5
17247,10233.1,184961.8
17248,9955.8,184075
17249,12129.5,178099
17250,14288.1,183404.7
17251,20467.1,109572
17252,23368.9,107505.7
17253,35819.4,67469.5
17254,39649.6,63235.7
17255,48641.8,50673.3
17256,53003.4,43980
17257,57263.4,39400.3
17258,61913.9,35870
17259,65431.6,32360.7
17260,68612.1,29140.2
17261,62874,43800.7
17262,61373.3,49787.5
17263,36736.6,98718.5
17264,26740.3,134867.9
17265,23507.3,145115.1
17266,20021.3,152586.8
17267,17647,158454
17268,15405.9,163920.1
17269,13781.1,168598.7
17270,12204,172894.2
17271,11498.6,176431.8
17272,11715.2,179284.4
17273,12620.4,181683.3
17274,13100.6,184267.1
17275,19112,110465.4
17276,20711.4,108511.3
17277,30805.5,67907.2
17278,33546.4,63825.7
17279,40374.1,51363.2
17280,43668.8,45286.2
17281,46017.2,41407.4
17282,48281.6,37994
17283,50955.1,34647.3
17284,53084.7,31464.3
17285,45698.9,46496.1
17286,43059.4,52340.9
17287,23021.5,103024.3
17288,16497.7,138834.5
17289,14388.8,149003.6
17290,12165.1,156233.3
17291,10249.1,162200.1
17292,8808.2,167384.1
17293,7802.5,171845.1
17294,6929.8,176000.7
17295,6681.8,179485.6
17296,6838.3,182527.2
17297,7257.5,185295.9
17298,7469.6,188104.7
17299,11048.1,114079.6
17300,11817.4,112261.7
17301,19162.4,71538.6
17302,21785.7,67657.7
17303,27500.6,54251.6
17304,30339.8,47880.2
17305,32749,43277.6
17306,34833.6,39824.7
17307,36566.3,36458.2
17308,38283.4,33236.4
17309,39222.7,31504.3
17310,40559.9,29427.8
17311,37255.9,34387.3
17312,29649.6,55254.4
17313,27772.5,65286.5
17314,18797.5,87018.2
17315,16083.9,98021.4
17316,14188.8,101376
17317,13524.5,103703.9
17318,13379.5,105536.9
17319,13608.7,107087.8
17320,20177.5,77370.8
17321,23180.4,79751
17322,25176.9,79015.7
17323,28718.7,65293.3
17324,30843.8,68066.2
17325,42579.2,34254.7
17326,46809.5,30919.9
17327,50907,25689.2
17328,54322.4,22432.4
17329,60105.2,18963.5
17330,65756.9,16757.4
17331,71399.3,14885.6
17332,77119.3,13139.9
17333,81314.6,12413.4
17334,86272,11042.1
17335,87959.3,16561.8
17336,82850.4,22326.8
17337,72865.4,28123.1
17338,64746.9,34158.3
17339,60924.1,35786.1
17340,58552.9,37341.3
17341,56224.6,38687.7
17342,52349.8,40506.3
17343,50133.6,41524
17344,51875.1,40913.6
17345,60198.3,39314.7
17346,77757.2,29176.9
17347,85234.8,19908
17348,85086.2,20753.9
17349,95187.5,10259.6
17350,94088.2,10571.5
17351,98647.7,8672.6
17352,102464.3,7879.1
17353,111234.3,7259.6
17354,116746,6753.6
17355,121733.4,6296.3
17356,126140,5899.4
17357,128563.5,6235.4
17358,131445.7,6069.5
17359,139577.1,11333.7
17360,122048.5,17699.8
17361,109496.1,19920.8
17362,98935.5,25186.5
17363,94456.4,26813.6
17364,90249,28261.4
17365,87100.2,29433.7
17366,86078.5,30370.4
17367,84689.6,31252.7
17368,84246.7,32009.9
17369,84200.4,32678.1
17370,101350,25338.9
17371,106410.8,16698.9
17372,101337.1,17989
17373,112070.4,7605.7
17374,106013.7,8171.8
17375,108235.7,6469.5
17376,109483.5,5704.7
17377,109333.1,5284.5
17378,110938.7,4911.4
17379,112267.8,4561.8
17380,113940.4,4227.7
17381,99033.2,7413.4
17382,86827.8,10463.2
17383,64697.1,45016.6
17384,38501.4,75732.3
17385,28434.8,88392.6
17386,20878.1,100384.8
17387,15486.6,111847
17388,12094.4,123226.8
17389,9603.1,134007.5
17390,7209.3,144550.4
17391,5769.4,151835.7
17392,5679.9,151616
17393,7038.3,145187.6
17394,8867.7,152870.2
17395,13910.8,85574.8
17396,16014,85445.7
17397,28157.1,44167.2
17398,32474.2,39704.5
17399,41343,29340.8
17400,45503.6,24469.7
17401,48630.2,21323.2
17402,51891.2,18917.4
17403,55292,17259.2
17404,58319.8,15705.4
17405,50769.7,26482.1
17406,45906.5,33100.4
17407,25382.3,84988.9
17408,15994,121184.7
17409,14384.8,132349
17410,12489.2,140782.8
17411,10817.8,147729.6
17412,9096.7,154008
17413,7918.6,159477.7
17414,7101.8,164424.7
17415,6716,168788.5
17416,6810.6,172493.7
17417,7292.7,175623.1
17418,7518.7,178692.9
17419,11090,106754.4
17420,11724.4,105722.1
17421,18529.8,65246.6
17422,20287.2,61720.1
17423,25094.9,48157.4
17424,27165.2,42045.6
17425,28920.5,37883.9
17426,30400,34368.4
17427,31591,31158
17428,32506.2,28451.9
17429,25438,43259.9
17430,23727.6,50055.6
17431,11639.4,103678.7
17432,8904.4,139829.4
17433,7401.8,150109.2
17434,5115.7,158153.5
17435,3258.5,165667.1
17436,2169.7,174077.2
17437,1606.7,179054.3
17438,894,187158.3
17439,281.6,195951.4
17440,257,198879.2
17441,871.7,199019.6
17442,1270,201382.3
17443,3672.2,118248.2
17444,4622.2,116262.6
17445,8187.2,75373.2
17446,10209.5,72053.5
17447,14393.8,58032.7
17448,17134.1,50966.8
17449,19817.9,45372.3
17450,22378.3,40637.9
17451,24860.9,36416.2
17452,27452.3,33200.6
17453,22971.3,48947.5
17454,23263.7,55103.8
17455,12697.1,109543.5
17456,10252.4,145848.1
17457,7741.3,157459.8
17458,5598.9,167281.9
17459,4534.5,175993.2
17460,3982.4,183841.6
17461,3256.5,191996.2
17462,2391,197468.7
17463,2040.1,197012.2
17464,2075.9,198302
17465,2529.5,200136.5
17466,3115.3,202535.1
17467,6713.8,121378.4
17468,8261.2,118757.2
17469,14185.3,77052.6
17470,16641.5,73684.9
17471,21976.6,59901.1
17472,24428.3,53252.5
17473,26334.1,47928.1
17474,27953.6,43270.6
17475,29206.8,38946.4
17476,30423,34919.1
17477,30834.4,33244.1
17478,31870.8,31201.1
17479,29930.5,37945.7
17480,22337.3,59836.1
17481,20738.1,69652.5
17482,13963.7,93177.9
17483,11615,104622.8
17484,9606,108231.7
17485,8158.6,111081.6
17486,7575.1,113155.2
17487,7752.5,114608.5
17488,10563.6,84898.7
17489,11400.5,87089.4
17490,11800.2,86180.8
17491,13225.2,76951.1
17492,13704.9,74851.5
17493,22285,40315.5
17494,25023.4,37660.4
17495,27443.8,31404.2
17496,29144,27700.1
17497,32500,23320.8
17498,34126.5,19864.1
17499,35432.9,17127.7
17500,36534.4,14603.1
17501,36781,13865.5
17502,37931.5,12572.5
17503,41253.7,22588.2
17504,37549.3,29259.1
17505,30259.4,35655
17506,26580.2,42390.3
17507,25131.7,43635.7
17508,24029.1,44487.7
17509,23074.6,45136.8
17510,22603.1,45586.1
17511,22497.7,45872.6
17512,23073,46020.6
17513,24662.5,46091.5
17514,37627.6,36593.6
17515,42544.7,27088
17516,41840.8,27595.3
17517,49754.8,15565.1
17518,48079.2,16163.6
17519,50770.3,12281.1
17520,52882.7,10640.5
17521,112007.9,4691.8
17522,111852.6,4330.6
17523,113448.9,3979.4
17524,114970.4,3660.8
17525,115343.1,4600.9
17526,115987.1,4680.8
17527,139565,15868.2
17528,111259.5,22487.2
17529,105891.5,22245.2
17530,89432.9,26393.3
17531,86387.9,27671.4
17532,83298.7,28962.2
17533,80659.4,30124
17534,78758.7,31157.8
17535,77771.1,32039.8
17536,77699.9,32772.3
17537,78620.9,33337.7
17538,103891.8,28420.1
17539,110492.4,20089.1
17540,101815.2,20896.7
17541,118470.5,9758.9
17542,108629.4,9988.7
17543,111437.1,6392.2
17544,113683.5,5168.2
17545,112250.3,4614.3
17546,113346.3,4198.3
17547,115152.2,3832.5
17548,117727.5,3492.3
17549,104385.4,4924.6
17550,89322.1,7573.2
17551,72428.9,39763.6
17552,43540,68461.6
17553,35516,83215.8
17554,29794.5,97266.1
17555,25850.6,109629
17556,22979,120764.6
17557,20034.6,132053.5
17558,16482.5,143448.9
17559,13242.3,152356.5
17560,10818.9,155411.3
17561,9767.9,150465.3
17562,8634,151353.5
17563,16372.2,84829.5
17564,16529.4,84441.2
17565,29291.6,42691.9
17566,32569.6,37869.8
17567,43044.4,25098.5
17568,48391.3,20128.8
17569,52573.6,16894.9
17570,56110.8,14322
17571,59566.9,12840.3
17572,63311.2,11540.2
17573,56362.2,21574.2
17574,51256.8,27738.5
17575,33892.4,81080.8
17576,17039.6,117186.8
17577,12989.8,129092.2
17578,9235,139436.4
17579,7675,147423.4
17580,6896.8,153467.6
17581,6024.2,158987.9
17582,5175,163738.1
17583,5207,167174.2
17584,5670.7,170662.8
17585,6472.1,173835.2
17586,6938.7,176967.6
17587,10781.6,106064.3
17588,11821.8,105564.8
17589,19287.9,64986
17590,22489.6,61249.8
17591,28757.7,46971.7
17592,32768.6,39862.9
17593,35833.3,35338
17594,38279.4,31802.8
17595,40507.4,28776
17596,43424.6,26150.8
17597,37037.4,40132.9
17598,35801.4,47246.1
17599,19983.8,100582.8
17600,14642.5,135222.1
17601,13049.4,145461.8
17602,11418.4,152633.9
17603,9729,158839.6
17604,8123.4,164425.5
17605,7254.5,169041.7
17606,6595,173264.1
17607,6371.4,176948.1
17608,6508.4,180121.6
17609,7198,182682.3
17610,7565.5,185431.2
17611,11269.7,112889.8
17612,12372.1,111527.9
17613,19985.7,70580.3
17614,22400.7,66951.6
17615,27479.5,53141.4
17616,29611.6,46636.8
17617,31361.6,41941.6
17618,33272.3,38242
17619,34951.3,34876.6
17620,36405,31794.1
17621,29728.8,46958.7
17622,28751.5,53150.7
17623,15319.1,106564.3
17624,11504.7,141323.1
17625,10295.8,151014.1
17626,8622.5,158197.5
17627,6540.2,164759.3
17628,4812.7,170974
17629,3985,175775.5
17630,3335.9,179571.5
17631,3781.7,181822.6
17632,4341.6,184749.9
17633,5034.1,187914
17634,5493.6,191252.3
17635,8926.9,116540.8
17636,9883.7,114801.8
17637,16246.7,73901.9
17638,18346.5,70282.8
17639,23711.6,56378.5
17640,26241.9,49646.1
17641,28340.4,44680.2
17642,30371.4,40517
17643,32463,37066.2
17644,34215,33852.7
17645,27996.9,49139.4
17646,27182.7,55087.6
17647,14601.9,109135.5
17648,11147.7,143987.1
17649,9745.4,153503
17650,8127.8,160388.8
17651,6809.9,166107.8
17652,5759.3,171191.3
17653,4839,175838.7
17654,4361.1,180072.2
17655,4387.3,183776.1
17656,4628.5,187341.5
17657,5211,190846.5
17658,5447.2,194618.5
17659,8540.7,118733.1
17660,9318.6,116789.9
17661,15440.9,75599.9
17662,17963,71649.1
17663,24422.7,57045.3
17664,28500.8,49692.1
17665,32154.5,44444.1
17666,35905.3,40712.3
17667,39546.4,37130.8
17668,42808.5,33676.5
17669,45417.3,31799.1
17670,48658.1,29536.9
17671,46559.2,34781.1
17672,39514.3,55260.6
17673,36248.2,65788.3
17674,25803.9,88477.9
17675,21441,100396.9
17676,17985.8,105026.4
17677,14251.4,111496.8
17678,12187.8,116166.6
17679,10765.9,118547
17680,16704.4,85895.6
17681,22610.9,83873.8
17682,27542.1,80756.5
17683,32435.9,65557.1
17684,35699.1,67850.5
17685,49728,33721.1
17686,54796.6,30332.8
17687,59499.1,25032.4
17688,63393.1,21909.4
17689,70795.5,19034.5
17690,76551.4,16941.5
17691,81367.5,15125.3
17692,86282.8,13418.8
17693,89836.8,12643.2
17694,94015.6,11282.7
17695,95029.3,16919.5
17696,88366.4,22649.8
17697,76600,28392.5
17698,68768.5,34508.9
17699,65194.2,36312.9
17700,63174.1,37666
17701,60971.1,38926.4
17702,56645.3,40926.6
17703,53371,42556.8
17704,54078.4,42213.3
17705,62305.1,39814.7
17706,81962.5,29093.3
17707,90544.3,19702.8
17708,91343.5,20350.4
17709,102858.6,10085.1
17710,102514.9,10306.2
17711,108148.5,8627.6
17712,114223.6,7857.1
17713,120053.7,7387
17714,124458.3,6860.3
17715,128726.4,6341.3
17716,132802.4,5834.4
17717,121088,9833.1
17718,112455.2,12834.3
17719,83928.2,48791.3
17720,55743.2,80134.9
17721,43353.5,93090.3
17722,33106.1,104579.2
17723,26731.4,114410.2
17724,23022.5,123398.6
17725,19567.7,129921.2
17726,16867.4,135357.4
17727,17372.2,139116.7
17728,18835.5,143127.6
17729,20243.9,147278.1
17730,20950.1,151482.9
17731,32641.7,85093.5
17732,35702.4,84547.9
17733,50596.2,45650.2
17734,54054,42843.8
17735,61994.7,32673.1
17736,65276.7,27494.6
17737,70524.3,23859
17738,74847,21784.3
17739,78160.4,20117.9
17740,80893.1,18554.2
17741,72189.3,29848.9
17742,67221.7,36118.4
17743,41676.1,82764
17744,28491,116507.9
17745,24410.6,127506.2
17746,21155.8,135669.4
17747,18084.2,142796.6
17748,15537.6,149332
17749,13567.1,154942.4
17750,12142,159932.2
17751,12442.4,163741.4
17752,11619.8,168050.8
17753,11701.1,171553.5
17754,11865.8,174780.1
17755,16721.6,103764.2
17756,17401.7,103049.2
17757,25402.4,63166.9
17758,26830.1,59572.6
17759,31940.7,47592.7
17760,33608.6,42530.1
17761,34453.8,38754.1
17762,34869.1,35255.7
17763,34954,32148.8
17764,36887,29144.2
17765,32696.2,43859.9
17766,33512.7,49729.9
17767,20425.6,99344.8
17768,17573.6,132188.3
17769,17514,141600.7
17770,16697.6,148683.1
17771,16036.3,154583.1
17772,16840,158891.4
17773,16317.7,163498
17774,15315.6,167996.8
17775,15810.4,171376.7
17776,16311,174527.3
17777,17935.6,176816.1
17778,19118.1,179103.4
17779,27888.5,106230.8
17780,30703.2,104008.5
17781,42815.6,63736.1
17782,46996.1,59799.4
17783,55576.5,48654.4
17784,59788.3,43429.4
17785,63925.7,39400.2
17786,68774.3,35803.5
17787,72739.1,32249.4
17788,76187.3,28964.6
17789,71008.7,43499.2
17790,69176.9,49381.7
17791,44871.5,95086
17792,33076.9,129011.7
17793,23759.2,142724.7
17794,17589.3,152152
17795,15272.7,158731.6
17796,13143,164499.3
17797,11771,169242.4
17798,10646,172302
17799,11083.8,174700.7
17800,12569.5,176902.9
17801,13327.8,179649
17802,13537.5,182531.3
17803,18900.1,110137
17804,20226.9,108512.6
17805,30205.3,68367.9
17806,32192.2,64752.3
17807,37774,52472
17808,39915.4,46358.1
17809,41467.1,42362.4
17810,42827.8,38985.2
17811,44450.8,35673.3
17812,45845,32543.4
17813,37827.3,47805.3
17814,34702.8,53655.5
17815,17594.3,105276.3
17816,12471.1,140010.1
17817,10439.3,149993.2
17818,7878.5,157572.1
17819,5181.7,164644.8
17820,3604.6,171351.7
17821,2613.5,180669.1
17822,1629.8,191393.8
17823,856,201139.8
17824,603.9,201502.4
17825,991,194242.3
17826,1397.3,202474.8
17827,4040.7,118811.6
17828,5768.8,116355.1
17829,10688.4,75043.5
17830,13605,70980.2
17831,18707.1,56847.3
17832,22605.8,50098.9
17833,26256.2,44871.8
17834,30116.2,40286.2
17835,33868,36601.2
17836,36858.9,33233.9
17837,38387.4,31603.1
17838,40789.1,29507.4
17839,38719.6,35156.6
17840,30756.4,56091.3
17841,28167.8,66457.2
17842,18351.7,89898.3
17843,17184.6,100505.6
17844,14379.6,104257
17845,12840.8,106808.5
17846,11496.7,109187.5
17847,10707,111208
17848,15083.3,81124.2
17849,16504.5,82989.5
17850,17479.4,81844
17851,19119.7,68444.8
17852,19699.1,71297.4
17853,30598.3,37550.8
17854,32995,34788.2
17855,34944.1,28714.3
17856,36063.6,25182.3
17857,38923.1,21341.3
17858,40212.6,18359.8
17859,41241.6,15782.7
17860,42379,13906.1
17861,43199.5,13431.2
17862,44725.4,12129.6
17863,47596.9,21315.7
17864,42876.9,27970.7
17865,34773.4,33978.9
17866,29927.7,40678.6
17867,27292.1,42186.9
17868,25646.2,43199
17869,24186.1,43955.6
17870,22923.9,44625.7
17871,22555,45130.5
17872,22786.9,45509.1
17873,24011.5,45601
17874,37567.2,35968.1
17875,38526.7,29071.2
17876,40590.6,27318.4
17877,47909.1,15407.4
17878,45452.5,16108.1
17879,47776.5,12298.6
17880,49660.3,10699.7
17881,51326,9484.9
17882,52809.3,8423.6
17883,54312.8,7598.4
17884,55999,7089.1
17885,57039.1,8077.4
17886,58660.8,7859.5
17887,70950.6,19396.2
17888,58301.9,26771.7
17889,51056.8,28879.7
17890,42473.5,34466.7
17891,40268,36242.3
17892,38312.5,37764.6
17893,36327.8,39187.6
17894,34899.9,40408.7
17895,34349,41242.1
17896,34260.2,41928.9
17897,35803.8,42104.2
17898,54071.6,34722.5
17899,53214.8,27977.4
17900,56068.2,26293.5
17901,66440.4,13949.7
17902,61984.2,14896
17903,64464.6,10952.6
17904,66433.1,9266.7
17905,65225.9,8169
17906,66171.9,7123.4
17907,67398.4,6146.4
17908,68687.4,5508.3
17909,54857.1,8976.1
17910,45302.1,12462.8
17911,30218,55322.1
17912,13779.1,90309.9
17913,8898.6,102295.6
17914,5020,111216.9
17915,3085,118889.2
17916,2566,125574.2
17917,1529.7,134206
17918,978.5,141611.5
17919,691,148868.8
17920,706.7,154982.2
17921,1190.4,160253.2
17922,1846.2,165309.5
17923,4684.9,95190.8
17924,5582.3,95008.9
17925,9839.1,53810.1
17926,11742,50502.8
17927,15992.2,37284.9
17928,18589.2,31433.6
17929,20979.4,27599.2
17930,23770,24292.8
17931,26425.7,21345.5
17932,29022.4,18915.6
17933,21716.2,30976.9
17934,20112.9,38774
17935,10679.6,94633.2
17936,7642.8,128604.9
17937,5793.4,140236.3
17938,4206.7,148442
17939,2953.3,155573
17940,2001.8,162834.2
17941,1415.4,172805.8
17942,793.4,182932.1
17943,366.6,196953.4
17944,369.5,204307.7
17945,836,193716.7
17946,1707.6,195782
17947,5009,114123.2
17948,6447.5,112945.4
17949,11118.7,71969.9
17950,13622,68853.4
17951,18747.9,54820.7
17952,21699.9,47828.1
17953,23994.3,42128.5
17954,25977.4,37034.6
17955,27703.1,33171.7
17956,29526.9,30304.5
17957,24960.5,45264.9
17958,25161.7,51758.7
17959,13961.5,106877.7
17960,11353.2,141424.4
17961,9533.1,151872.4
17962,6321.9,161774.4
17963,4683.7,172413.1
17964,4156.9,183104
17965,3613.5,192580.1
17966,2615.3,201411.2
17967,1711.7,208639
17968,1376.2,212341.2
17969,1901.9,206307.3
17970,2459.5,204328.2
17971,5326.1,121815.6
17972,6928.2,119445.6
17973,11588.3,77559.3
17974,14500.5,74054.8
17975,20667.5,59579.6
17976,24800.9,52104
17977,28224.2,46253.7
17978,31202.4,41209.5
17979,33957.3,36635.4
17980,36928.9,32775.3
17981,32047.8,49162.4
17982,32254.3,55570.6
17983,18475.5,110090.6
17984,13920.1,145086.9
17985,11520.5,155323.3
17986,8306.7,164447.9
17987,6166.9,166199.5
17988,5350,187564.7
17989,4545.8,197486.5
17990,3272.4,206589
17991,2127,215045.3
17992,1641.5,219744.9
17993,2182,206894.7
17994,2955.6,208015.9
17995,5734.3,124366.8
17996,7233.5,121761.5
17997,11751.6,79635.9
17998,14177.4,76451.5
17999,19627.3,62414.7
18000,22459.8,55448.7
18001,24866.1,49905.7
18002,27146.1,44834.6
18003,29271.5,39975.2
18004,31117.1,35685.3
18005,32172.7,33170.6
18006,34377.2,30673.4
18007,32887.4,37619
18008,25161.9,59923.3
18009,22831.2,70685.1
18010,14216.9,95028.8
18011,11730.9,106783.3
18012,10029.4,110369.7
18013,7390.2,115388.9
18014,5938.3,120605
18015,5052.1,123174.8
18016,6503.7,91757.5
18017,8592.3,91661
18018,9960.1,89843.5
18019,12015.3,80306.6
18020,13135.8,78046
18021,22986.4,40634.6
18022,26262,37889.8
18023,29150.5,31538
18024,31395.4,27761.7
18025,35371.2,23309.4
18026,37712,19773.1
18027,39708.2,16671.1
18028,42237.5,14351.1
18029,44855.9,13847
18030,48216.4,12519.7
18031,51970.4,22022.6
18032,49636.6,28337.2
18033,42164.1,34337.9
18034,36908.3,41187.9
18035,36127.2,42071.5
18036,34110.4,43687.7
18037,31643.3,46673.2
18038,29482.4,49060.4
18039,28085.9,50336.6
18040,29936,48607.4
18041,35878.6,45822.2
18042,52932.6,35067.7
18043,60776.4,25490.2
18044,61773,25893.2
18045,72123,13915
18046,72246.4,14098.8
18047,77248.7,10117.9
18048,81723,8709.7
18049,84202.8,8154.2
18050,89141.1,7564.7
18051,93640.6,7011.5
18052,97758.7,6577.8
18053,85903.3,11069.1
18054,79817.2,14240
18055,54747,57199
18056,33872.2,89738.7
18057,23840.9,104649.8
18058,17654.3,116243.4
18059,14562.2,126891
18060,12970.9,136394.2
18061,11886.6,145696.7
18062,9892.1,154478.5
18063,8078,161510.5
18064,7464.2,162292.4
18065,8503.6,160153.7
18066,10976,161827
18067,16365.7,95315.2
18068,18993.4,95003.1
18069,30672.4,54092.3
18070,34864.6,50307.2
18071,43063.1,36358.9
18072,46959.3,30724.1
18073,49995.6,26942.4
18074,54145.3,23983.6
18075,57619.9,21430.6
18076,60520.3,19411.8
18077,52250,32709.1
18078,50161.2,39596.1
18079,27730.4,91706
18080,20008.9,125501.2
18081,17598.6,136027.1
18082,15518,143936.4
18083,13465.3,150510.9
18084,10973.2,156681.6
18085,9402.4,162070.3
18086,7730.3,167459.2
18087,6853.1,171866.9
18088,7551.6,174606
18089,8739.2,177169.2
18090,9599.9,179851
18091,14029,108545.6
18092,15665.3,107558.5
18093,24470.4,66960.6
18094,27755.2,62987.3
18095,34652.4,49033.5
18096,38913.5,42672.1
18097,42857.9,38521.4
18098,46884.7,34607
18099,51793.4,31095.2
18100,56689,27916.4
18101,52240,42527.8
18102,52936,48664.9
18103,33127.2,98165
18104,25817.4,132018.6
18105,19142.1,145606.3
18106,15158.9,155346.6
18107,12661.3,164293
18108,11390.3,171895.5
18109,10514.8,179670.8
18110,8686.2,187540.1
18111,7110.1,193758.4
18112,6505.9,195044.5
18113,7335.4,185457.6
18114,9798,187162
18115,15594.4,113313.2
18116,18559.7,111089.1
18117,30245.5,70142.8
18118,35028.6,65576.2
18119,44046.1,52091.1
18120,49832.5,45144.6
18121,54803.2,40162.8
18122,60670.5,36521.7
18123,65834.9,32932.8
18124,70683.9,29574.3
18125,66448.7,44132.9
18126,66785.2,49932.5
18127,43762.8,98513.2
18128,33651.1,133021.4
18129,24478.3,147303.1
18130,19448.4,156119.3
18131,17262.3,161964.9
18132,15284,167650
18133,13867.7,171632.6
18134,12064.3,175808.9
18135,11343.3,178527.5
18136,12189.9,180487.2
18137,14456.6,181934.6
18138,16006.2,183963.6
18139,23391.6,110520.8
18140,26462,108643.3
18141,38677,68165
18142,42254.3,64052
18143,50791.7,51504.4
18144,54629.9,45071.5
18145,58610.7,40973.8
18146,63129.7,37447.2
18147,66622.5,33974.5
18148,69457.6,30654.2
18149,63168.6,45434
18150,61163.4,51215.1
18151,37317.2,99706.9
18152,27869.8,133852.2
18153,24634,143922.2
18154,19576.2,152189.2
18155,14631.8,160558.6
18156,12162,167886.5
18157,11111.5,171339.7
18158,10951.7,173637.9
18159,10971.9,176493
18160,10116.2,180258.3
18161,11681.1,182161.7
18162,13900.9,183817.5
18163,20796.7,110358.2
18164,23635.8,108370
18165,35915.5,67773.5
18166,39651.4,63771.4
18167,48126.5,51207.2
18168,52024.1,45090
18169,55907.1,41105.9
18170,60910.5,37532.8
18171,65118,34018.5
18172,68555.2,30655.4
18173,69808.9,28535.5
18174,71736.9,26269.8
18175,65436.3,28850.3
18176,54538.5,49395.9
18177,46322.5,61448.4
18178,34368.4,84734.1
18179,28368.2,98983.1
18180,23295.8,105246.9
18181,20097.4,107998
18182,16693.2,109754.1
18183,15647.9,110047.3
18184,21985.9,79286.5
18185,26943,79253.6
18186,30673.7,76843.5
18187,34536.2,62091.5
18188,36913.9,65033.2
18189,49977.3,31647.7
18190,54353.5,28723.4
18191,59074.6,24150.5
18192,62867.8,21334.9
18193,70485.3,18677.3
18194,76726.8,16650.2
18195,82193.8,14846.6
18196,87256,13135.9
18197,90687,12286.4
18198,94822.6,10913.6
18199,95533.7,15518.3
18200,87342.3,21429.3
18201,74398.9,27366.8
18202,65964.2,34141.3
18203,60796.6,36899
18204,56444.5,38989.9
18205,51952.5,41227.5
18206,45587,44313.9
18207,40268.8,46828.8
18208,38101.2,46919.1
18209,40778.6,43896.4
18210,61818.6,30926.8
18211,71452.9,21137.1
18212,72835.3,21803.9
18213,84750.1,10767.6
18214,84451,10596.9
18215,89782.8,8763.7
18216,94000.4,7971.4
18217,98492.8,7540.2
18218,103154.1,7139
18219,107369,6742.3
18220,111282.4,6365.6
18221,99687.5,10641.6
18222,91968.6,13715.2
18223,63999.8,53224.7
18224,38809,85824.5
18225,29198.2,98445.7
18226,20376.6,108441
18227,15211.5,116714.2
18228,11948.4,126192.8
18229,9573.6,134878.2
18230,7415.6,143316.8
18231,6331.5,147656.3
18232,5851.8,152045.3
18233,6713.9,155062.7
18234,8877.9,157967.6
18235,14165.2,91137.3
18236,17226.3,90546.4
18237,29326.4,49029.5
18238,34885.9,44817.4
18239,44924.2,33938.4
18240,50607,28584.6
18241,55661.1,24689.5
18242,62567.3,21979.9
18243,69288.4,20217.4
18244,75119.6,18584.2
18245,69394.1,29803.1
18246,68138.6,36019.9
18247,44583,83495.4
18248,31764.7,117774.6
18249,25055.7,130384.8
18250,17484.8,140971.1
18251,14145.4,149187.8
18252,11606.8,156969.1
18253,9555,165536.8
18254,7624.9,174998
18255,5916.2,183118.4
18256,4951.5,187101
18257,4976.5,186046.8
18258,6784.2,176830.3
18259,11976.4,108178.8
18260,14096.1,106969.7
18261,24239,66384
18262,28409.9,62213.3
18263,35773,48643.6
18264,40147,42211.8
18265,43429.5,37578.8
18266,46793.3,33948
18267,50418.7,30681.3
18268,53486.1,27729.2
18269,46814.7,42410.1
18270,45343,48759.6
18271,25000.4,100507.7
18272,17898.7,135643.7
18273,12486,150197.4
18274,9476.7,161261.2
18275,7816.5,171226.1
18276,6662.7,181179.6
18277,5331,189851.5
18278,3667,195177
18279,2290.9,204917.2
18280,1490.8,213371.7
18281,1571.4,192110.3
18282,2404.1,203346.9
18283,4994.7,119270
18284,6314.9,117385.2
18285,10761.1,76290
18286,13579.5,72872.6
18287,19705.8,58561.5
18288,23517.2,51333.3
18289,26497.1,45846.7
18290,29179.2,41258.6
18291,31767.7,36895
18292,34426.4,32827.9
18293,28782.3,49613.8
18294,28513.4,56023.3
18295,15916.6,110228.7
18296,12157,144851.1
18297,9538.1,155193
18298,8662.5,161021.5
18299,7066.8,166923.8
18300,4952.5,172970
18301,3964.5,177552.3
18302,2993.3,182536.2
18303,2536.5,186758.2
18304,2535.2,190432.7
18305,3429.2,193396.1
18306,4424.3,196567.8
18307,8075.7,119340.9
18308,9436.2,117176.9
18309,15759.6,75908.8
18310,18307.3,72264.7
18311,24266,58090.6
18312,27318,51010.5
18313,30334.9,45515.3
18314,33436,40855.2
18315,35762.5,37132.3
18316,37636.2,33863.1
18317,31926.6,49274.5
18318,31488.3,55242.1
18319,17854.1,109387.4
18320,13339.1,143935.8
18321,10956.1,153878
18322,9036,160588.9
18323,7506.4,166315.3
18324,5706.5,172195.3
18325,3736,177581
18326,2870.4,188562
18327,2228.8,193272.6
18328,1679.2,198055.2
18329,1826.5,198968.9
18330,2470.9,199830.6
18331,6030.8,121034.7
18332,7455.5,118765.6
18333,13369.9,77002.8
18334,16097.5,73392.1
18335,22046,59378.2
18336,25493.7,52286.9
18337,28469.1,46671.5
18338,30784.8,42072.5
18339,32588.4,37830.4
18340,35015.3,34353.5
18341,37062.4,32579.3
18342,40446,30339.4
18343,39280.9,36335.4
18344,31165.7,57631.4
18345,26709.7,68811
18346,15914.8,94568
18347,12035.6,110207.8
18348,10479.2,117057.7
18349,9601.4,121441.3
18350,8315,125854.8
18351,6927.3,129839.8
18352,7891.6,100626.8
18353,8631.6,98263.1
18354,13060.5,90483.4
18355,17756.9,74318.2
18356,21001.2,76226.2
18357,35496.8,37638.7
18358,41207.9,34245.6
18359,46392.3,27607.5
18360,50105.9,23740.4
18361,55637.5,19760.2
18362,61391.5,17358.7
18363,66856.8,15440.4
18364,72392.2,13702.9
18365,76497.3,13051.9
18366,80849.8,11711.7
18367,82101.1,19387.9
18368,75153.3,25376.8
18369,62908.9,31679.6
18370,55045.8,39722.4
18371,50676.7,42366.8
18372,46923.9,44796.7
18373,42577.5,48143.5
18374,37140.1,51133
18375,33688.3,51927.9
18376,32423.4,50681.5
18377,34582.4,47220.8
18378,53895.7,34263.4
18379,62876.9,24282.7
18380,64331.1,24730.2
18381,75780.6,12861.7
18382,76524.4,12992.4
18383,81752.1,9317.6
18384,86059.8,8254.7
18385,89421.6,7762.1
18386,93828.2,7283.9
18387,97821.7,6869.8
18388,101721.8,6485.1
18389,89539.5,10840.6
18390,82855.7,13959.5
18391,55885.9,55946.8
18392,32406.1,89837
18393,21168.9,105071.5
18394,15776.2,116790.9
18395,13110.8,127449.7
18396,11341.3,136645
18397,9811.3,146915.5
18398,7576.8,157749.5
18399,5712.7,166897.9
18400,4706.6,171871
18401,4654.7,170589.9
18402,6139.2,165630
18403,10965.3,97236.5
18404,12978.1,96952.3
18405,21269.2,55937.7
18406,26381.2,51752.9
18407,36806.6,36841.7
18408,42004.4,30155.6
18409,46315.6,26350.2
18410,52801,23271.9
18411,58265.4,20676.7
18412,62499.8,18989.3
18413,54874.6,31640.8
18414,52838.7,38645.3
18415,30159.5,91386.1
18416,21129.5,125451
18417,16639.1,137167.5
18418,13184.6,145831.1
18419,10579.1,153283.1
18420,8274.1,161169.5
18421,7185,165469.7
18422,6530.8,168990.5
18423,6158.4,172340.1
18424,6174.4,175698.4
18425,7076.1,178399.9
18426,8314.8,180806
18427,12584.6,109730.3
18428,14121.9,108840.7
18429,22492.5,68182.6
18430,25323.7,64525.8
18431,30751.6,50674.5
18432,33634.8,44208.2
18433,36021.5,39310
18434,37958,35563.3
18435,39678.9,32297.4
18436,41431.8,29415.7
18437,34059.1,44473
18438,33007.3,50761.3
18439,18130.4,104187.3
18440,12790.1,138975.4
18441,8853.2,152187.3
18442,6312.8,160990.6
18443,4672.2,168623.3
18444,3735,176622.9
18445,2788.6,185946.7
18446,1773.4,193089.9
18447,1279.5,193853.8
18448,879.9,197596.8
18449,960,199544.8
18450,1394.2,201504.6
18451,4084.2,119617.8
18452,5140.2,117937.1
18453,8826.5,77070.3
18454,10737,73864.1
18455,15175.1,59891.5
18456,18044.6,52976.1
18457,20233.1,47719.1
18458,22115.4,43138.4
18459,24037.2,38843.9
18460,25900.9,34742.7
18461,20994.1,51587.8
18462,20804.9,58088.2
18463,10548.2,112876.6
18464,7554.3,148060.5
18465,4473.2,163306.9
18466,3202.2,170772.4
18467,2307.6,188231.9
18468,1245.1,198571.6
18469,341,212530.5
18470,0,220825.2
18471,0,233298
18472,0,247015.7
18473,0,247415.5
18474,0,232655.7
18475,646.2,141837.1
18476,1124.7,134128.5
18477,2488.1,84843.3
18478,3791.6,81448
18479,5967,67465.8
18480,7617.2,60758.4
18481,10046.3,55251.7
18482,11860.9,50414.5
18483,13832.4,45826.7
18484,15641.1,41442.6
18485,11670.5,58680.7
18486,11470.2,65463.9
18487,5851.5,120791.1
18488,3725,154747.2
18489,2372.8,166875.4
18490,1491.3,175605.2
18491,873.4,196167
18492,218.9,209201.9
18493,0,222398.4
18494,0,237561.7
18495,0,251038.5
18496,0,255680.2
18497,0,238005.3
18498,0,246836
18499,274.8,149618.4
18500,495.4,142745.4
18501,1550.8,89707.5
18502,2280.9,86069.8
18503,3875.2,71470
18504,4654.8,64634.1
18505,5402.2,59266.2
18506,6401.7,54434
18507,7670.8,49718.4
18508,8820,45173.4
18509,9562.3,43607.5
18510,11125.4,40625.9
18511,11512.5,46236.1
18512,6620.5,71820.2
18513,5729.4,82929.2
18514,3937,106999.1
18515,3025.6,119592.2
18516,2314,120742.6
18517,1869.3,139788.1
18518,1157.1,145372
18519,603.7,145108
18520,533.4,109431.1
18521,687.1,107007.3
18522,953.1,103453.1
18523,1441.3,92160.6
18524,2239.4,89679.8
18525,6485.2,52176.6
18526,8939.2,48260.7
18527,11289.2,40897.8
18528,14026.1,36079.1
18529,17915.6,30548.4
18530,19810.5,26471.9
18531,21302.9,23108.4
18532,22797.2,20209.4
18533,23836.7,19877.5
18534,25076.4,17735.3
18535,28879.1,26689.5
18536,25180.1,34094.9
18537,18135.8,42550.9
18538,15708.9,49822.7
18539,14650.4,51441.2
18540,13541.9,52839.2
18541,12646.7,53837.4
18542,12212.4,54180.4
18543,11797,54716.1
18544,12533,53986.9
18545,13609.2,53354.2
18546,27004.1,40791.9
18547,28906.3,33308.5
18548,31561.9,31300.9
18549,39081,19101.4
18550,37887,19546.4
18551,40719.6,15381.2
18552,42934,13535.3
18553,42536,12289.6
18554,44253,11100.1
18555,46074.4,10006.3
18556,47864.1,9001.1
18557,35883.8,13552.2
18558,30263.1,17301.4
18559,15250.2,66447.4
18560,6337.5,104029.5
18561,4578.5,115330.2
18562,3279.1,123945.8
18563,2385.9,131374.2
18564,1596.7,138713.5
18565,1038,146133.3
18566,677,153232.3
18567,447.7,159828.4
18568,288.6,165515.5
18569,469.8,170263.9
18570,1198.4,174167.5
18571,4176.4,103303.4
18572,5519.7,102597.6
18573,10520.6,61382
18574,12727.9,58307.6
18575,17053.5,44010.2
18576,19616.3,37266.7
18577,22829.2,32648.9
18578,26173.1,28855.4
18579,29451.8,25574.6
18580,32716.4,22878.9
18581,25776.7,35893.8
18582,26122.1,43601.6
18583,14637.5,98477.8
18584,11353.1,131382.5
18585,8727,143364.1
18586,5862.1,154309.8
18587,4475.5,165028.6
18588,4005.7,175160.8
18589,3580.3,185992.9
18590,2607.6,194377
18591,1752.8,199970.1
18592,1239.1,207151
18593,1278.6,208526.4
18594,2432.4,200110.7
18595,6191.5,116959.6
18596,8324.6,115164.2
18597,13667.9,73923
18598,17468.1,70374.9
18599,24119.6,55913.1
18600,28053.7,48576.9
18601,32076.9,42491.9
18602,36023.1,37039.9
18603,39920.8,33214.1
18604,44838.5,30003.7
18605,39979.6,44799.7
18606,41453.2,51106.3
18607,25468,104943.7
18608,18355.8,140327.3
18609,13790.5,153981.8
18610,10782.7,164770.5
18611,8609.7,174374.3
18612,7505.8,183494.2
18613,5977.6,193645.8
18614,4081.7,203930.9
18615,2583.8,213446.2
18616,1568.3,222827.9
18617,1312.2,219022.4
18618,2232,200679.9
18619,5655.9,121825.5
18620,8434.7,118881.2
18621,15038.1,76584.1
18622,21437.6,72365.6
18623,29153.3,58049.8
18624,34336.8,50697.4
18625,39593.3,44565.8
18626,45104.7,39656.1
18627,51978,35054.5
18628,58774.1,31470.6
18629,54630.4,46827.1
18630,55395.7,52758.5
18631,34107.6,106508.5
18632,23007.9,143292.6
18633,15666.5,155668.8
18634,12400.9,163236.6
18635,10044.3,170754.8
18636,8027.9,177778.1
18637,6452.3,184980.4
18638,4750.3,190144.2
18639,3738.5,194274.7
18640,3726.3,193168.2
18641,3853.3,194969.3
18642,4566.6,196897.6
18643,8286.8,120951.9
18644,9337,118974.2
18645,15131.7,77450
18646,17697.4,74277
18647,23052.7,60468.1
18648,25593.5,53688.7
18649,27310.3,48369.5
18650,29005.3,43554.1
18651,30363,39171
18652,31577.8,35005
18653,26138.4,51729.2
18654,25149.6,58230.6
18655,12482.1,112973.6
18656,9222.9,147322.6
18657,7114,156833.9
18658,5135.3,163913.4
18659,3559.8,170285.5
18660,2436.3,176218.7
18661,1480.9,181840
18662,700.8,188444.6
18663,226.2,194780.9
18664,40.1,199874.2
18665,315.2,198241
18666,980.7,207495.6
18667,4093.7,123141.3
18668,5446.1,120630
18669,9870.9,78405.3
18670,12327.1,74788
18671,17107.4,60599.4
18672,20701.7,53436.9
18673,23841.5,47692.8
18674,26567,42778.5
18675,28807.1,38495.4
18676,30734.9,35048.3
18677,31801,33380
18678,33864.7,31294.3
18679,32200.8,38063.8
18680,22825.6,60726.7
18681,20346.6,71049.8
18682,13441.8,94140.5
18683,10070.2,106179.5
18684,6539.3,114179.9
18685,5518.3,121103
18686,4123.5,127374.6
18687,3191,132371
18688,3040.6,104835.6
18689,3333.8,100545.3
18690,4365.3,94154.7
18691,6514.1,82587.9
18692,8632.2,79724.6
18693,19232.9,41372.6
18694,24818.1,37842.4
18695,29935.2,31206
18696,33879.4,27238.4
18697,39046,22724.2
18698,42788.8,19089
18699,47029.5,16105.5
18700,51641.1,14215.7
18701,54653.4,13706.1
18702,57633.5,12356.7
18703,59536.1,21740.3
18704,55524.4,28252.1
18705,48172.7,34385.1
18706,43782.5,40807.3
18707,41675.8,42050.4
18708,37956.7,43187.8
18709,32820.3,45150.1
18710,27287.3,48722.3
18711,21817.5,53486.7
18712,19919.6,55331.2
18713,19831.1,53848.5
18714,34736.8,39394.1
18715,39636.3,30296.8
18716,44500.9,28037.1
18717,53887.8,15919.1
18718,53599.1,16477.4
18719,57698.5,12543.5
18720,60726.3,10839.3
18721,63233.2,9575.8
18722,66072.9,8444.5
18723,69853.5,7356.5
18724,73331.5,6583.2
18725,75513,7663.5
18726,78218.2,7289.3
18727,88206.6,18252.8
18728,74223.2,25474.2
18729,64423.1,28678.7
18730,53361.6,36695.5
18731,48739.7,40289.3
18732,44255.4,42116.9
18733,40997.4,42285.4
18734,36183.2,45568.9
18735,32203.5,50236.1
18736,29481,52671.7
18737,28498.5,51306.5
18738,47174.3,38194.1
18739,48811.6,28994.6
18740,54035.6,26895.6
18741,67282.9,14295.6
18742,65654.9,15096.1
18743,70845,11079.5
18744,75702.9,9290.4
18745,75963.7,8272.9
18746,77539.3,7400.5
18747,80655.7,6437.8
18748,83112.2,5481.2
18749,68571.7,9121.5
18750,58049.7,12644
18751,37461.2,54830
18752,17381.8,91486.4
18753,10758.2,106341
18754,6499.3,119289.6
18755,4604.7,123750.8
18756,3230.1,128404.9
18757,2081,149479.7
18758,1130.8,165609.8
18759,554.7,178106.2
18760,99.8,190476.8
18761,9.4,190292.8
18762,94.8,178737.2
18763,1068,100432.8
18764,1744.1,102358.4
18765,4145.9,61574.7
18766,5911.4,57670.5
18767,10054.9,43338.9
18768,14163,35854.3
18769,19225.1,30301.3
18770,23381.7,26157.8
18771,26564.6,23281.9
18772,28961.8,20586.3
18773,22132.4,33408.5
18774,20491.4,41785.2
18775,10197.8,98838.8
18776,6825,133197.6
18777,5180.4,143764.4
18778,3925.8,151721.7
18779,3297.2,157888
18780,2639.4,163796.1
18781,2097.3,169302.2
18782,1598.5,174755.8
18783,1240.5,180224.2
18784,1386.3,184109
18785,1607.9,187979.3
18786,2482.7,190664.8
18787,6241.9,115013.2
18788,7457.9,113762.3
18789,13230.6,72713.9
18790,15535.6,69460.8
18791,20644.1,55347.4
18792,23352.6,48381.1
18793,25770.9,42575.8
18794,27721.5,37460.4
18795,29435.2,33542.7
18796,31377.2,30441.2
18797,26045.6,45816.1
18798,25603.1,52298
18799,13700.8,107929.3
18800,10075.6,142405.1
18801,8404.9,152051.1
18802,7568.7,158534.1
18803,6755.2,164162.6
18804,5810.7,169312.1
18805,5333.5,173764.1
18806,5113.5,177969
18807,5013,181823.9
18808,5294.7,185136.1
18809,5809.5,188168.1
18810,6377,191242.1
18811,10073.9,117539.9
18812,10879.9,115863.8
18813,17549.6,74472.1
18814,19585.4,70995.2
18815,24534.7,57066.2
18816,26666.5,50194.6
18817,28307.7,44740.9
18818,29566.1,40429.1
18819,30351.4,37092.9
18820,31237.2,33967.6
18821,25387.5,49432
18822,24180.4,55552.9
18823,12037.1,110635.7
18824,8721.2,145356.5
18825,6975.5,154872.1
18826,5428.5,161726.3
18827,3877.2,167722.5
18828,1806.8,174691.1
18829,887.2,180847.2
18830,373.3,187630.2
18831,47.2,194034.2
18832,0,199992.9
18833,21.7,198754.9
18834,521.9,207912.5
18835,3477.4,122243.9
18836,4583.4,119811.3
18837,8627.5,77789.4
18838,10907.2,74317
18839,15135.3,60337.2
18840,17832,53363.2
18841,20614.2,47709.7
18842,22913.9,42758.9
18843,25004.1,38731.9
18844,27372.8,35412.8
18845,28828.2,33660.8
18846,31743.7,31449
18847,31766.1,37873.3
18848,23433.2,59763.4
18849,21366.2,69688.1
18850,14021.1,92731.9
18851,11792.3,103812.1
18852,9913.2,107406
18853,8252.7,110501.9
18854,7266.9,112962.5
18855,6320.1,115320.8
18856,9583.9,85555.3
18857,10927.1,87338.1
18858,12617,85636.8
18859,15280.5,71312.4
18860,16839.8,73559.5
18861,28280.5,39569.1
18862,31772.8,36751
18863,34974,30432.6
18864,37250.2,26643.6
18865,41508.4,22196.4
18866,43915.5,19057.7
18867,45672.6,16347.2
18868,48224.2,14213.2
18869,49634.3,13717.3
18870,51757.7,12405.8
18871,54749.7,21546.3
18872,49153.5,27944.7
18873,39117.1,35496.3
18874,32070.7,44701.6
18875,29048.3,46870.4
18876,28433.6,45867.1
18877,25382.9,47140.4
18878,23816,47642.7
18879,22816.8,47888.8
18880,23017.5,47469.5
18881,25377.6,46411.7
18882,38648.9,36530
18883,45207.3,26720.8
18884,44881.8,27244.7
18885,53514.6,15305.1
18886,52169.6,15907.6
18887,55720.8,12025.8
18888,59025.1,10288.1
18889,59186.3,9092.6
18890,61304.5,8277.2
18891,63386.2,7769.8
18892,65840.8,7293.7
18893,52652.3,11634.4
18894,46063.3,15097.5
18895,27056.5,61871.3
18896,11265,98013.8
18897,7827.3,110534
18898,6014.5,120106.5
18899,4020,132979.1
18900,3070.6,144388.5
18901,2235.8,156453.9
18902,1174.5,166825.5
18903,512.4,175805.1
18904,169.8,182546.3
18905,136,177945.7
18906,463.1,182566.9
18907,2558.9,103511.2
18908,4166.4,102710.4
18909,8510.7,61532
18910,10981.4,58176
18911,16333.5,43596.5
18912,20044.6,36107.9
18913,23931.2,31047.5
18914,28602.1,27337.9
18915,32677.8,24345.3
18916,35925.4,21837.1
18917,28931,34833.8
18918,29333.8,42543.6
18919,16210.5,97875.9
18920,11814.8,131504.4
18921,9758.3,142593.2
18922,6549,152594.3
18923,4840.7,160560
18924,3559.8,168841.2
18925,2903.9,173767.2
18926,2026.4,179777
18927,1272.1,186964.7
18928,872.3,194399.5
18929,831.4,197593.9
18930,1397.3,196142.4
18931,4707.4,116645.2
18932,6622.4,114936.3
18933,12233.2,73631.4
18934,14606.4,70503.5
18935,19654.6,56718.5
18936,22327.5,49981.4
18937,24222.9,44624.1
18938,25661.1,39701.8
18939,26589.8,35346.3
18940,27207,32098.5
18941,21772.9,48784.9
18942,21090.1,55341.8
18943,10128.3,110848
18944,6010.2,147912.1
18945,3487.7,161284.9
18946,2225.1,173775.2
18947,1206.3,186983.9
18948,539.8,199017.7
18949,87.4,207313.4
18950,0,221282
18951,0,230217.3
18952,0,235619.2
18953,0,232501.1
18954,0,239831.1
18955,17.7,141856
18956,154.5,134828.5
18957,1034.3,85352.9
18958,1616.9,82029.9
18959,3369.6,67787.1
18960,4620,60990.4
18961,5834.5,55668.9
18962,7577.2,50683.5
18963,9212.8,45857.5
18964,10789,41322.7
18965,8854.4,58143.6
18966,9623.4,64769.6
18967,5215.5,120032.1
18968,2739.2,159374
18969,1822.8,175109.3
18970,1452.5,189026.8
18971,1073.5,201871.8
18972,577.1,213595.9
18973,227.9,224084.6
18974,2.5,237467
18975,0,250770.5
18976,0,260356.5
18977,3,257023.7
18978,63.7,249810.3
18979,1257.3,146657.8
18980,2030.3,135715
18981,5235.2,87510.5
18982,7454.7,83506.6
18983,11433.4,68308.7
18984,15099.8,60632.4
18985,18886.7,54594.2
18986,22434.8,49147
18987,25705.7,43952.3
18988,29124.2,38821.5
18989,25997.3,55126.8
18990,27363.5,61535.8
18991,16062.8,116543.7
18992,10624.9,156132.2
18993,8021.6,169976
18994,6380.9,180828.3
18995,5300.2,191748.8
18996,4128.4,202473.2
18997,2860.3,213140.8
18998,1395.7,223298
18999,593.4,215267.3
19000,379.4,221170
19001,615.1,217578.9
19002,1157.1,225461.1
19003,3273.1,126366.9
19004,4531.4,127236.7
19005,8227.6,84825.1
19006,9906.6,81307.7
19007,14409.8,66510.2
19008,17860.8,59170
19009,20885,53462
19010,23570.7,48428.7
19011,25860.2,43555.9
19012,27853,38841.6
19013,28888.8,36735
19014,30259.7,33516.7
19015,28865.6,39892.1
19016,21964.6,64161.1
19017,19475.5,74950.4
19018,11784.1,98672.6
19019,9530.4,110113.7
19020,7163.4,114682.9
19021,6313.3,117565.9
19022,5550.6,119771.5
19023,4973.7,122334.8
19024,4362,99602.8
19025,4623.1,101433.3
19026,6555.2,95719.9
19027,10872.7,82659.9
19028,13939.8,79476.8
19029,24784.3,41279.1
19030,29683.2,38149.4
19031,34078.7,31583.8
19032,37394.1,27623.8
19033,42561.9,23025
19034,45995.3,19340.5
19035,49543.8,16237.7
19036,52709.7,14151.1
19037,54999.9,13652.3
19038,56563.5,12305.8
19039,55844.6,22085.1
19040,50150.1,28798.4
19041,42423.7,34872.5
19042,37240.5,41524.4
19043,31919.3,44064.9
19044,28969.3,45808.6
19045,25430.6,48757.4
19046,20968.4,52433
19047,18082.5,55121.8
19048,17145.7,57079.5
19049,18092.6,54271.7
19050,32386.6,40220.7
19051,38383.4,30389.3
19052,43414.8,28158.9
19053,52949.1,15980.4
19054,52148,16661.9
19055,56005.6,12691.3
19056,59080.6,10887.8
19057,58796.2,9760.6
19058,60475.7,8651.1
19059,62559.7,7635.4
19060,64990.1,6937.6
19061,52467.6,11378.8
19062,46255.3,14663.4
19063,27592.9,61401.9
19064,10124,101736.2
19065,6927.9,116579
19066,5350.8,128876.8
19067,4304,140672.8
19068,3457.4,152349.8
19069,2686.7,163754.2
19070,1389.5,176012
19071,672.8,187075.7
19072,380.5,198081.8
19073,347.7,197965.5
19074,560.3,188588.2
19075,2421.7,102290.3
19076,3766.5,104505.6
19077,7462.9,63557.2
19078,9197.2,60503.2
19079,14081.8,45991.4
19080,17541,38482.8
19081,20385.1,32973.7
19082,23301.1,28529.8
19083,26066.3,25266.4
19084,28734.9,22278.6
19085,24002.9,35522
19086,24434.6,43238.6
19087,12635.8,100080.3
19088,7765.9,138699.4
19089,5207.9,152875.8
19090,3896.8,164653.4
19091,3082.9,175984.3
19092,2177.5,186897.7
19093,1152.7,197425.2
19094,210,209423.2
19095,0,221578.7
19096,0,212848
19097,0,212299.2
19098,137.8,218745.5
19099,1627.8,121135.3
19100,2339.3,120422
19101,5477.8,78425.4
19102,7002.3,75511.7
19103,9823.3,61684.7
19104,11923.3,54934.5
19105,13670.1,49567.1
19106,15657.8,44546.5
19107,17266.6,40049.2
19108,18894,35890.7
19109,14353.5,52702.9
19110,14157.1,60170.5
19111,7458.6,115501.5
19112,4914,150487.5
19113,3693.7,159859.9
19114,2780.9,166791.4
19115,1961.5,173333.2
19116,1210.5,179936.8
19117,774.7,185912
19118,383,191883.2
19119,176,197490.9
19120,68.1,203608.4
19121,371.4,206955.1
19122,871.8,210170.4
19123,3314.3,125045.1
19124,4179.2,122593.4
19125,7437.4,80639.9
19126,9028.4,77299.4
19127,12302,63199.8
19128,13389.6,56754.7
19129,14829.2,51538.6
19130,16429.5,46699.5
19131,17927.5,41998.1
19132,19228.9,37712.8
19133,14239.2,55029.9
19134,13857.4,61822.9
19135,6425.3,117253.2
19136,3497.4,153324.1
19137,2053.9,163666.2
19138,1133.6,171828.4
19139,498,179566.9
19140,100.1,188363.2
19141,0,198010.9
19142,0,206175
19143,0,213525.4
19144,0,220147.5
19145,0,218577.4
19146,0,230626.8
19147,474.2,133388
19148,1169.3,127965.1
19149,3403,84114.8
19150,4604.5,80619.4
19151,7456.7,65773.4
19152,9176.3,58838.7
19153,10563.9,53608.4
19154,12036.1,48721.5
19155,13742,43923.1
19156,15205.3,39448.7
19157,11490.2,56552
19158,11320,63381.5
19159,5237.6,118775.7
19160,2457.8,156472.1
19161,1023.4,170908.4
19162,457.6,180815.9
19163,50,195944.6
19164,0,219302.4
19165,0,235107
19166,0,254146.7
19167,0,272877.7
19168,0,285766.1
19169,0,283678.7
19170,0,276925.5
19171,0,175833.4
19172,0,166317.4
19173,103.6,105010.5
19174,465.9,94112.4
19175,1118.2,74378.6
19176,1661.8,67154.6
19177,2418.6,61617.8
19178,3264.5,56736.5
19179,3755.2,52190
19180,4428.6,47751.6
19181,5172.3,46431.5
19182,6073.7,43533.4
19183,6042.8,52628.7
19184,3716.5,75298.2
19185,3449.8,85825.4
19186,2412.1,109606.7
19187,2141.9,119720.6
19188,1854.2,123101.8
19189,1623.9,125726.8
19190,1459.5,127728.9
19191,1429.8,128947
19192,2116.4,99293.7
19193,2457.2,100937
19194,2889.7,99242.3
19195,3363.8,89133
19196,3756.8,86926.8
19197,8524.6,49439.2
19198,10412.1,46085.3
19199,12589.3,38719.7
19200,14169.4,34164.2
19201,17146.2,29647.3
19202,18836.2,26093.6
19203,20231,22938
19204,21112.2,22505.1
19205,22441.2,20212.2
19206,25065.7,28664.9
19207,22105.4,35778.3
19208,14995.6,44277.3
19209,13198.4,51741.7
19210,12594.9,53173.1
19211,11988,54271.6
19212,11645.6,54925.3
19213,11366.1,55335.1
19214,11218.4,55712.6
19215,11074.2,56052.9
19216,10535.1,56754.2
19217,21402.9,42614
19218,21945.7,34594.3
19219,24274.4,32193.7
19220,30753.8,19811.9
19221,29706.4,20216.3
19222,32484.8,16075.4
19223,34567.4,14279.8
19224,33365.1,13194.2
19225,34108.7,12175.5
19226,35950.3,11065.7
19227,37622.6,10019.7
19228,25702.7,14435.2
19229,19913.8,18429.4
19230,10664.8,68866.2
19231,2971.5,107172.7
19232,1727.5,120936.7
19233,1004.5,135083.8
19234,572,150305.5
19235,105.7,167308
19236,0,182661.6
19237,0,194999.6
19238,0,200715.4
19239,0,209314.9
19240,0,206780.2
19241,0,215579.9
19242,0,131107.7
19243,0,127271.9
19244,274.5,74202.5
19245,669.1,68599.2
19246,1375.8,54257
19247,1931.4,47341.1
19248,2749.5,42143.9
19249,3546.7,37875
19250,4381.4,34142.6
19251,5533.2,30680.7
19252,3723.2,46059.8
19253,3758.1,55166.1
19254,1491.6,111584.6
19255,374.5,149978
19256,156.2,162104.2
19257,21.8,171653.5
19258,0,180589
19259,0,189068.3
19260,0,197874.2
19261,0,206597.7
19262,0,213908.8
19263,0,223639.6
19264,0,224078.5
19265,0,233868.7
19266,0,136006.4
19267,68.2,133955.9
19268,921.3,83992
19269,1241.8,80576.7
19270,2171.5,66373.9
19271,2871,59996.1
19272,3690.5,54739.6
19273,4616.2,49770.8
19274,5570.4,45239.7
19275,6624.2,41053.6
19276,4908.7,57832.5
19277,5016.2,65290
19278,2061.9,120912.7
19279,712.1,158631.4
19280,181.3,170926.5
19281,3.8,179972.3
19282,0,189268.5
19283,0,201050.7
19284,0,204304.8
19285,0,223303.3
19286,0,240343.3
19287,0,240871.6
19288,0,236543.4
19289,0,242610.7
19290,94.1,141073.9
19291,557.5,137938.3
19292,2285.1,87234.2
19293,3135.8,83628.9
19294,4945,68959.2
19295,6168.4,61908.2
19296,7706.2,56370.5
19297,8851.8,51452.4
19298,9906.7,46759.1
19299,10987,42272.4
19300,8388.2,59182.8
19301,8532,66032.5
19302,3931,121588.3
19303,2217.1,158305.5
19304,1334,169355.4
19305,546.4,178146.4
19306,88.8,186686.2
19307,0,196113.5
19308,0,204222.1
19309,0,212215.2
19310,0,219440.8
19311,0,225938.8
19312,0,224224.5
19313,0,234745.6
19314,399.5,138358.9
19315,1416.8,131103.8
19316,4156.7,86228.4
19317,5617.6,82490.7
19318,9241.4,67415
19319,11319.6,60126.7
19320,13107.4,54371
19321,15154.4,49140.7
19322,16940.2,44420.9
19323,18611.3,39855.6
19324,14923.2,56604.4
19325,15195.3,63190.5
19326,7780.5,118644.5
19327,5683.4,154989.5
19328,4372.7,164897.3
19329,2484.1,174122.3
19330,1664.6,180731.2
19331,1062.9,186841.2
19332,639.5,192180.5
19333,308.2,198448
19334,32,206038.8
19335,10.3,211527.9
19336,0,217707.1
19337,1.7,222955.1
19338,1420.8,130634.5
19339,2890.6,126251.1
19340,6589.3,84093.7
19341,8840.8,80213.7
19342,13251.6,65023.1
19343,16029.4,57480.6
19344,19111.2,51435
19345,22207.8,46096.6
19346,25098.8,40953.9
19347,27941.1,36522.9
19348,29668.4,34937
19349,31635.4,32600.1
19350,30780.7,39496.7
19351,24561.6,62648.9
19352,21072.7,75408.1
19353,13168.1,98793.5
19354,11299.2,108830.2
19355,8366.9,113829.2
19356,6783.5,118929.8
19357,5728.1,123071.1
19358,5188.9,123007.2
19359,4894.6,95540.6
19360,6108.4,94744.2
19361,6453.2,93573.9
19362,8384.3,82928.3
19363,11736.6,79106.1
19364,22315.7,41652.8
19365,27224.7,38647.8
19366,31732.1,32094.7
19367,35377.9,28125.3
19368,40578.7,23482.3
19369,43829.7,19911.7
19370,47207.6,17132.6
19371,50859.7,14538.2
19372,53125.8,13857.3
19373,55694.4,12503.5
19374,56956.1,21823.2
19375,52742,28282.3
19376,42719.6,38032
19377,36586.4,47725.3
19378,32481.9,51084.2
19379,27931.9,53238.9
19380,23080.1,55392.5
19381,19591.3,58026.9
19382,15208.6,62188.8
19383,12268.4,65788.7
19384,10611.7,67475.3
19385,19131.2,49732.3
19386,18299.1,37621
19387,22487,31563.3
19388,31745.9,18290.9
19389,31982.8,18666.8
19390,36654.1,14577.3
19391,40527.5,12833.5
19392,41081.2,11671.9
19393,43568.9,10568.9
19394,45993.8,9545.4
19395,47777.2,8649.3
19396,35729.7,13213.4
19397,29837.8,16901.7
19398,16577.3,66569
19399,5963.7,104746.6
19400,4003.9,117241.8
19401,2634.9,128287.6
19402,1709.5,137157
19403,1026.8,143920.7
19404,451.2,152505.7
19405,78.7,162045.5
19406,0,172096.8
19407,0,181053.1
19408,0,185974.4
19409,0,206346.1
19410,0.2,112622.9
19411,24.5,110546.8
19412,1162.7,67358.6
19413,2070.7,64355.7
19414,4842.4,49717.7
19415,7395.9,42172.9
19416,9120.8,36913.7
19417,10839.7,32802.5
19418,12991.5,29698.4
19419,15116.6,26865.3
19420,10822.7,40800
19421,11011.4,49084.4
19422,5027.3,105469.8
19423,3149.6,140714
19424,1942.3,151642.1
19425,1167.1,159723
19426,501.1,168270.5
19427,126.1,176228.5
19428,0,183427.5
19429,0,191227.3
19430,0,199221.9
19431,0,206009.6
19432,0,205467
19433,0,215907.4
19434,442,125236.5
19435,1162.6,121109.9
19436,3728.5,78761.7
19437,4725.3,75768.9
19438,7406.2,62063.1
19439,9053.8,55505.8
19440,10518.6,50152.7
19441,12375,45075.6
19442,14509,40364.8
19443,16305,36075.2
19444,12160.9,53242.1
19445,11918.5,60584.5
19446,5512.2,115838.9
19447,3141.3,151620.2
19448,1948.6,161916.6
19449,1102.8,170971.5
19450,570,180381.7
19451,257.1,184201.2
19452,60.8,208053.3
19453,0,216472.6
19454,0,221751.4
19455,0,233119.9
19456,0,231631.9
19457,0,236078.4
19458,990,130738.1
19459,2116.8,126906.8
19460,5783.8,83249.8
19461,7890.9,79252.6
19462,12724.5,63808.3
19463,16424.2,56194.1
19464,20192,50122.4
19465,23804,44653.5
19466,27472.9,39228.4
19467,31072.4,34758.1
19468,27837,51196.3
19469,29122,57297.1
19470,17667.1,111896.6
19471,12784.6,149523.4
19472,9712.1,162318.9
19473,7698.2,171688.1
19474,5962.7,180646.1
19475,4710.4,189659.8
19476,3855.2,196864.3
19477,2717,205346.5
19478,1593.1,214427.3
19479,647.9,227857.4
19480,319.9,232394
19481,322.5,245577
19482,1186.9,141752.8
19483,2666.3,131114.5
19484,6778.3,84006.8
19485,9583.6,79885
19486,15396.5,64542.1
19487,19476.1,57130.3
19488,23060.3,51292.2
19489,26474.3,46001
19490,29689.7,40796.2
19491,32679.9,35866.2
19492,28670.2,52683.7
19493,29759.7,58660.1
19494,17548.2,113047.1
19495,12298.4,150833.9
19496,9103,163763.1
19497,6835.6,173856.8
19498,5110.4,183426.9
19499,3834.5,193449.4
19500,2822.3,202814.5
19501,1753.9,212449.5
19502,598.3,226214
19503,84,240791.7
19504,5.1,246570.7
19505,7.2,257570.8
19506,335.9,150168.5
19507,870.3,138110.3
19508,3393.3,87204.6
19509,4942.5,83294.2
19510,7493.8,68585.3
19511,9747.2,61472.5
19512,11849.6,55893.7
19513,14063.5,51008.9
19514,16093,46228.1
19515,17990,41548.6
19516,18968.4,39546.5
19517,20646.7,36270.3
19518,20063.7,41940.3
19519,13440.3,68551.5
19520,10989.1,81872.6
19521,6126.9,109933.1
19522,4831.4,124755.2
19523,3769.6,129000.7
19524,2898.6,130674.6
19525,2314.9,131372
19526,1766.3,133927.4
19527,1760.5,106005.5
19528,1521.9,109693.3
19529,1488.8,106906.7
19530,1718.1,93837.1
19531,2574.3,88689.2
19532,7469.4,49913
19533,11303.3,45525.2
19534,15482.7,37492.3
19535,19173.1,32422.2
19536,24433.9,27537.8
19537,28503.3,23678.7
19538,32195.4,20251.4
19539,35900,16925.4
19540,39123.5,15953.4
19541,43633.5,13734.6
19542,48089.6,23470.4
19543,44046.4,31454.1
19544,35292.7,42635.3
19545,30323.7,52834.5
19546,26821.6,56021.4
19547,22459.1,58880.4
19548,18334.7,60984.2
19549,15498.6,62166.8
19550,12578.4,65104.2
19551,10863.4,68686.4
19552,9784.7,70897.3
19553,18599.3,53230.2
19554,18300.5,42348.8
19555,21484.7,34748.6
19556,30258.7,20221
19557,31110.8,20270.5
19558,36938.2,15829.1
19559,41971.8,13810.2
19560,43455.5,12491.5
19561,47307.3,11225.8
19562,51702.1,10009.8
19563,56172,8903.3
19564,45117.5,13324.9
19565,41058.7,16937.8
19566,24109,65865.1
19567,9492,106085.7
19568,6929.3,119790.1
19569,5291.8,132740.8
19570,3893.8,144681.8
19571,2670.7,155583.7
19572,1472.3,163784.9
19573,431.6,177380.5
19574,0,194572.9
19575,0,213903.5
19576,0,222143
19577,0,233756.4
19578,16.6,127701.7
19579,124.3,121886.4
19580,1242.4,70525.7
19581,1707.7,67843.8
19582,3434.4,53763.5
19583,4614.2,46672.3
19584,6040.5,41321.3
19585,8095.3,36769.2
19586,10203.5,32571.7
19587,12468.3,28756
19588,8917.4,43695.3
19589,9136.5,52587.8
19590,4636.9,108569.6
19591,2993.4,143397.1
19592,1996.6,154019
19593,1344.6,162086.6
19594,654.3,171072.1
19595,265.5,178550.5
19596,14.2,186191.5
19597,0,193635.8
19598,0,202798.1
19599,0,210991.7
19600,0,214363.2
19601,0,218525.9
19602,812,126322.8
19603,1619.1,121882.2
19604,4440.6,79587
19605,5517.8,76380.8
19606,8655.5,62484.6
19607,10398.2,55801
19608,11979.3,50290.6
19609,13631.2,45129.7
19610,15243.1,40502.7
19611,16759.1,36282.6
19612,12905.1,53228.7
19613,12830.3,60539.5
19614,6253.1,115703.5
19615,3900.5,151285.8
19616,2600,161185.2
19617,1369,169560.1
19618,611.2,179474.7
19619,164.7,189585.9
19620,0,210986.4
19621,0,223924.8
19622,0,239569
19623,0,256244.2
19624,0,263181.2
19625,0,273367.4
19626,0,174576.4
19627,76.8,144113.3
19628,796.9,91211.8
19629,1379,85067.2
19630,2768.2,69864.3
19631,4267.4,62650.5
19632,5610.6,57245.5
19633,7247.9,52503.2
19634,8939.9,47633.2
19635,10291.6,43115
19636,8058.9,59677.7
19637,8765.5,66543.1
19638,4467.2,126033.8
19639,2414.5,160057.7
19640,1423.3,174402.3
19641,813.8,189342.7
19642,290.8,206207
19643,0,222969.9
19644,0,237775.1
19645,0,251329.2
19646,0,266965.3
19647,0,281647.7
19648,0,286095
19649,0,296836.8
19650,0,197148
19651,0,175545.6
19652,6.3,115354.4
19653,42.8,102572.5
19654,294.6,79847.1
19655,545.5,70968.5
19656,1159.9,64925.2
19657,1995.6,59942.3
19658,2752.4,55047.9
19659,3424.2,50237.7
19660,2902,67075.5
19661,3135.8,74035.3
19662,1324.7,134192.8
19663,155.5,173670.8
19664,0.1,191856
19665,0,206550.6
19666,0,222225.2
19667,0,237951.5
19668,0,251538.8
19669,0,264821.4
19670,0,280995.1
19671,0,294270.6
19672,0,298078.5
19673,0,306645.8
19674,0,203152.6
19675,0,188958.3
19676,0,125284.2
19677,0,113569.8
19678,28.5,88015.9
19679,213.1,76359.3
19680,503,63920.8
19681,1077.8,62033.5
19682,1996.4,56584.8
19683,3148,51296
19684,4442.9,49157.1
19685,6494.4,45559
19686,6542,54474
19687,4129.3,80769.2
19688,3720.7,95874.3
19689,2418.3,123005
19690,1895.9,136507.8
19691,1367,144356
19692,803.6,150338.5
19693,259.8,155965.3
19694,0,163057.9
19695,0,135929.3
19696,0,143312.2
19697,2.9,142059.3
19698,17,124291.7
19699,44.5,101057.4
19700,557.6,61140.3
19701,1687.2,56531.7
19702,2966.6,48847.2
19703,4416.2,43938.5
19704,7487,38227.8
19705,10513.4,33121.8
19706,13660,28596.8
19707,16725.6,24511.4
19708,19188.4,23618.7
19709,21534.5,21263.4
19710,22728,32699.7
19711,22088.2,41869.2
19712,14389.1,55367.4
19713,10500.4,68680.7
19714,7443.1,75083.3
19715,5476.1,80373.1
19716,4284,83649.8
19717,3514.7,86838.7
19718,2989.6,92011.2
19719,2775.9,97299.1
19720,3932.2,94770.1
19721,9666.8,78522.6
19722,8975.6,64751.7
19723,9953.4,52600.7
19724,10810.9,35177.8
19725,11733,30406.5
19726,13078.5,23956.5
19727,14487.1,20820.1
19728,14220.8,18713.4
19729,15210.5,17099.9
19730,16481.4,15765.2
19731,18131.2,14540.6
19732,11454.2,19890.9
19733,7239.6,25825.7
19734,5357,80468
19735,206.1,123704
19736,6.7,141557.8
19737,0,157581.5
19738,0,167593
19739,0,190342.5
19740,0,204221.7
19741,0,211318.2
19742,0,222606.6
19743,0,239720.6
19744,0,235889.9
19745,0,248444.5
19746,0,162484.2
19747,0,148552.7
19748,122.5,83288.2
19749,422.8,75304.1
19750,1222.6,60255.8
19751,2287.8,53073.5
19752,3400.7,47541.9
19753,4365.5,43001.4
19754,6027.2,38839.5
19755,7936.7,34816.1
19756,6444.6,49229.4
19757,7587.7,58319.7
19758,3953.6,114486.1
19759,2068.3,152845.9
19760,1272.6,165237.4
19761,763.1,175227.5
19762,312,190771.1
19763,19.1,209425.1
19764,0,224224
19765,0,237987
19766,0,255187.5
19767,0,271463.5
19768,0,277906.2
19769,0,288671.3
19770,0,192283.7
19771,0,169644.7
19772,104.9,107438.4
19773,376.5,95002.2
19774,1144.8,73427.1
19775,1903.5,65274.1
19776,3098.2,59510.4
19777,4209.7,54062.9
19778,5964.8,49052.8
19779,8026.5,44432.1
19780,6177.4,60912.5
19781,6692.2,68386.2
19782,3357.2,129187.1
19783,1441,166864.6
19784,686.3,184888.2
19785,251.2,200296
19786,9.9,209165.4
19787,0,230464.7
19788,0,230569.4
19789,0,236297.2
19790,0,243580
19791,0,261598.8
19792,0,272301.5
19793,0,263604.3
19794,0,169224.1
19795,0,159289.2
19796,266.5,100107.5
19797,549.5,93375
19798,1345.9,75504.9
19799,2204.8,67913.8
19800,3076.4,62327.9
19801,4195,57096.1
19802,5935.5,51925.3
19803,7310,47194.3
19804,5288.9,64214.5
19805,5542.7,71184.2
19806,2761.2,132381
19807,1005.4,171347.4
19808,264,190142.2
19809,9.6,206662.6
19810,0,216976.8
19811,0,240814
19812,0,254392.5
19813,0,268804.2
19814,0,285209.5
19815,0,301029.9
19816,0,307745.9
19817,0,319772.3
19818,0,218986.1
19819,0,196810.6
19820,0,134045.5
19821,0,120060.4
19822,23.9,91710.2
19823,149.8,77744.1
19824,411.4,64841.2
19825,745.3,63614.6
19826,1520.1,58848.3
19827,2114.5,54726.8
19828,1700.5,71611.6
19829,1729.5,78777.1
19830,450.4,143380.4
19831,0,188968.2
19832,0,203249.5
19833,0,217808.9
19834,0,226984.4
19835,0,242852.3
19836,0,250985.9
19837,0,255945.5
19838,0,261472.8
19839,0,265639.2
19840,0,267859.8
19841,0,269970.1
19842,0,172887.8
19843,0,164631.5
19844,432.8,105245.2
19845,721.7,97367.5
19846,1253.5,78634
19847,1804.7,69785.7
19848,2786.6,63652.1
19849,3497.4,58636.5
19850,4168.2,53823.7
19851,5411.2,48922.3
19852,6117.7,47205.4
19853,6883.6,44139.1
19854,6578.2,53556.9
19855,3864.1,76713
19856,3610,87017.4
19857,2596.2,110304.8
19858,1903.7,122553.2
19859,1294.3,127972.8
19860,995.1,130270.5
19861,735.1,131816.4
19862,522.6,135217.1
19863,594.4,107785.6
19864,546.8,116554.7
19865,408,113675.4
19866,274.3,100846.1
19867,273.7,94072.7
19868,1578.3,54437.9
19869,3244.3,50089.7
19870,5661,42309
19871,7911.4,37270.5
19872,11547,31747.2
19873,14684,27997.1
19874,18159.7,24422.9
19875,20943.6,21185.7
19876,22948,20767.7
19877,25224.6,18438.1
19878,25874.6,30022.5
19879,24655.1,38554.3
19880,17352.8,50133.2
19881,13630.1,59971
19882,11309,61065.9
19883,8038.6,64105.3
19884,6288.5,66006.3
19885,5501.1,65783.1
19886,5465.1,63844.3
19887,5595.5,63491.3
19888,6088.4,62056.3
19889,15117.8,45841
19890,15786.2,36549.2
19891,18660.8,33417.5
19892,26285.2,20512
19893,26213.2,20844.6
19894,29802.6,16672.1
19895,32695.3,14838
19896,32884.7,13583.7
19897,34719.8,12396.1
19898,36438.7,11325.3
19899,38346.1,10274.2
19900,26788.5,14594.4
19901,21719.4,18826.3
19902,11920.7,70160.6
19903,3570,109729.8
19904,2304.8,122581.3
19905,1348.8,135506.4
19906,764.6,142803.5
19907,248.6,153940.4
19908,0,162649.7
19909,0,169714
19910,0,180561.9
19911,0,193743.9
19912,0,195209.5
19913,0,208920.5
19914,0,114510.2
19915,9.7,114387.2
19916,1120.6,69033.6
19917,2163.4,65890
19918,4386.2,51619.2
19919,6266.9,44348.7
19920,8093.2,38890.4
19921,9528.8,34614.7
19922,11064.7,31385
19923,13141.3,28358.9
19924,10634.5,42082.4
19925,11105,50192.7
19926,5147.9,106859.6
19927,2730.9,145285.3
19928,1763.3,155613.5
19929,970,164443.3
19930,457,171771
19931,67.2,180009.8
19932,0,188338.2
19933,0,198608.4
19934,0,203354.9
19935,0,214800.7
19936,0,220762.5
19937,0,235172.1
19938,13,136829.7
19939,97.4,131906.4
19940,2065.9,81201.5
19941,3725.7,77160.5
19942,6847.9,62728.2
19943,9093.9,55988.2
19944,11072.8,50434.9
19945,13259,45203.5
19946,15741.9,40369.7
19947,18112.2,36024.4
19948,14001.9,53028.2
19949,14686.8,60016.2
19950,6980.6,115771.5
19951,3954.7,156467.7
19952,2640,169588.4
19953,1610.3,181155.5
19954,807.9,193048.9
19955,136.4,205738.4
19956,0,211010.1
19957,0,218795.6
19958,0,232514.7
19959,0,241345
19960,0,251181.2
19961,0,268728.5
19962,0,174682.7
19963,0,154274
19964,168,94428.1
19965,652.8,86650.8
19966,1756.3,70331.4
19967,3420.5,62809.1
19968,5296.6,57120
19969,7425.4,52402.1
19970,9279.9,47659.9
19971,11347.1,43103.6
19972,8556.5,59658
19973,9272.1,66410.4
19974,4204.5,122941.3
19975,1942.6,165300.6
19976,960.5,181928.3
19977,447.8,197441.6
19978,53.1,207386.9
19979,0,230866.1
19980,0,245182
19981,0,256747.8
19982,0,268918.2
19983,0,270258.2
19984,0,275701
19985,0,283746.6
19986,0,181961.6
19987,0,173011.3
19988,0,111337.3
19989,10,101082.4
19990,252,78439.4
19991,531.7,69860
19992,992.2,63999.1
19993,1566.4,58933.6
19994,2258.7,54267.5
19995,2975.6,49629.6
19996,2538.9,66411.3
19997,2827.5,73229.2
19998,1065.4,134856.7
19999,47.8,175277.4
20000,0,190500.4
20001,0,204580.8
20002,0,218426.5
20003,0,231767.1
20004,0,246665.4
20005,0,251953
20006,0,261982.5
20007,0,277066.8
20008,0,279299.1
20009,0,295956.9
20010,0,191763.1
20011,0,179368.3
20012,0,114778.3
20013,26.1,103410.1
20014,345.4,81028.3
20015,810.1,71094.8
20016,1427,64503
20017,2260.5,59462.6
20018,3147.9,54627.8
20019,3954.2,49969.8
20020,4818.7,48405.9
20021,5840,45234.2
20022,5846,55235.8
20023,3326,81339.3
20024,2679.8,95822.4
20025,1492.9,123684.2
20026,1014.3,137916.9
20027,607.5,145581.9
20028,240.1,151882.8
20029,2.5,156951.7
20030,0,165810.4
20031,0,138709.2
20032,0,145141.1
20033,0,144387.7
20034,0,126734.4
20035,0,104519.5
20036,160,63796.2
20037,703,59340
20038,1401.5,50997.9
20039,2142.6,46257.2
20040,3784.1,40748.6
20041,4682.3,36398.8
20042,5731.4,32549
20043,6904.6,28642.5
20044,7954,27584.4
20045,9102.6,24635.1
20046,11149.6,37536.1
20047,10653.7,48526.3
20048,4930.5,61495.6
20049,3290.5,73663.3
20050,2852,77341.4
20051,2483.1,82819.8
20052,2158.6,82469.2
20053,1893,84450.6
20054,1826.9,84031.6
20055,1978.5,82771
20056,2268.6,80920.7
20057,9297.8,64735.9
20058,8638.3,52183.2
20059,9618.1,47730.4
20060,10531.3,34162.6
20061,11698.6,30188.1
20062,13156.8,24175.6
20063,14659.7,21261.3
20064,14480.1,19359.3
20065,15386.3,17563.3
20066,16758.1,15755.1
20067,18320,14204.4
20068,11277.9,20881.5
20069,6903.1,27072.2
20070,4936.4,82690.5
20071,54.7,128158
20072,0,145312.5
20073,0,161710.9
20074,0,172748.6
20075,0,195902.3
20076,0,212202.8
20077,0,228707.2
20078,0,242892.9
20079,0,261557
20080,0,262292.5
20081,0,271037.7
20082,0,184956.1
20083,0,166343.1
20084,0,107642.2
20085,0,96916.5
20086,0,71372.4
20087,77,59368.6
20088,249.3,47610.3
20089,410.9,48243.6
20090,679,44281.8
20091,939.3,40454.7
20092,651.4,55359.8
20093,1224.1,63240.6
20094,320.4,122269.4
20095,3.6,165147.7
20096,0,179654.1
20097,0,191166.9
20098,0,200061.4
20099,0,208457.4
20100,0,215523.6
20101,0,221735
20102,0,228668.9
20103,0,241296.5
20104,0,246477.8
20105,0,244917.8
20106,7,145329.5
20107,11.3,145728.4
20108,587.5,90679.8
20109,772,85483.2
20110,1418.8,70426
20111,2272.4,63300.7
20112,3140.4,57552.5
20113,3979.4,52090
20114,5222.2,47155.4
20115,6113.4,42903.9
20116,4716.2,59533.8
20117,4889,66732.5
20118,1823.8,122919.8
20119,467.9,163831.1
20120,35.4,179410.1
20121,0,196818.7
20122,0,210379.5
20123,0,218193.7
20124,0,229764.1
20125,0,242913.8
20126,0,264999.1
20127,0,280814.8
20128,0,289383.6
20129,0,302416.5
20130,0,205654.2
20131,0,187524.6
20132,0,123116
20133,0.3,109795.1
20134,40.6,83987.1
20135,238.9,71737.7
20136,689,59401.6
20137,1169.8,58715.4
20138,1964.6,53647.2
20139,2998.6,48710.3
20140,2754.4,65203.8
20141,3093.7,72443.8
20142,1109.7,134410.3
20143,5.8,181062.7
20144,0,199760.9
20145,0,215356.5
20146,0,224848.8
20147,0,246140.6
20148,0,259530.3
20149,0,268267.8
20150,0,273772.1
20151,0,276657.4
20152,0,273086.1
20153,0,279035.4
20154,0,178614.4
20155,0,170571.9
20156,133.9,109768.8
20157,338.9,99861
20158,865.6,79084.7
20159,1233,70503.2
20160,1730,64884.7
20161,2505.8,59895.1
20162,3114.8,55189.6
20163,3754.6,50467
20164,3120.8,67192.1
20165,3288.5,74046.1
20166,1257.4,135778.5
20167,45.5,177308.3
20168,0,190678.6
20169,0,202637.4
20170,0,217124.1
20171,0,231398.3
20172,0,237972.4
20173,0,244488.6
20174,0,249986
20175,0,254372.4
20176,0,254664.4
20177,0,265586.3
20178,0,168424.9
20179,0,164186.1
20180,113.8,102373
20181,537,94379.4
20182,1212.8,75579.6
20183,2091.9,67616.3
20184,3236.9,61819.7
20185,3987.7,56941.9
20186,5138.4,52142.4
20187,6518.2,47249.9
20188,7302.6,45467.8
20189,8226.2,42270.9
20190,7700.4,52282
20191,4523.6,79471.1
20192,3836.3,92697.5
20193,2263.8,119888.8
20194,1626.1,133526.3
20195,1086,138801.1
20196,519.8,143790.6
20197,95.1,149466.2
20198,0,156778.3
20199,0,127893
20200,0,129552.5
20201,0,136298.5
20202,0,122261.2
20203,6.3,105312.1
20204,205.2,60446.3
20205,975.5,55222.9
20206,2266.1,47104.5
20207,3597.5,42131.6
20208,6555.3,36442.1
20209,8795.3,31725.6
20210,11172,27634.8
20211,13796.3,24337.3
20212,15741.9,24000.8
20213,17626.5,21782.3
20214,19168.4,33868.5
20215,18485.8,44667.5
20216,11005.7,56249.1
20217,7868.9,64420.5
20218,5102.2,71581.7
20219,4072.2,76733.6
20220,3570.1,79891.6
20221,3297.7,81991.5
20222,3186.2,85317.2
20223,3117,88999.6
20224,3169,91426.5
20225,10382.7,73557.5
20226,9596,61589.3
20227,10579.8,53071.7
20228,11640.8,33519
20229,12983.8,28271.8
20230,14654.9,22090.1
20231,16849.1,19260.6
20232,17368.9,17659
20233,19364.6,16275.2
20234,22237,14918.9
20235,25165,13662.3
20236,15820.5,18748.7
20237,11633.9,24427.3
20238,7516,78163.8
20239,1345.7,122279
20240,759.8,137327.2
20241,382.5,150695
20242,30.1,160098.4
20243,0,182264.6
20244,0,197466.5
20245,0,212732.9
20246,0,230815.3
20247,0,247477.8
20248,0,245207.7
20249,0,246396.4
20250,0,151984.6
20251,0,144956.4
20252,39.2,85664.7
20253,222.8,77092.1
20254,619,60273.6
20255,1163,53191.4
20256,2187.1,47560.4
20257,3989.6,41916.8
20258,5185.7,37625.6
20259,6725.1,33612.6
20260,5480.7,48263.7
20261,5878.1,57254.5
20262,2555.3,113192.6
20263,445.1,154255.8
20264,43.6,167974.2
20265,0,179372.1
20266,0,188722.2
20267,0,198353.4
20268,0,209245.9
20269,0,224117.2
20270,0,233726.2
20271,0,251561.4
20272,0,256951.6
20273,0,266883.1
20274,0,182173.3
20275,0,175484.6
20276,0,106308.8
20277,4.7,94940.9
20278,67.7,74112
20279,283.1,65451.8
20280,665,59493.7
20281,1247.5,53931.3
20282,1875.7,49176.6
20283,2816.4,44700.4
20284,2532.9,60991.6
20285,3005.8,68291.8
20286,949.3,129655
20287,16.9,170102.1
20288,0,185531.1
20289,0,197287.5
20290,0,204785.6
20291,0,216139.2
20292,0,223791.5
20293,0,233804.5
20294,0,249146.8
20295,0,260909.4
20296,0,267413.3
20297,0,279229.3
20298,0,184788.8
20299,0,172694.5
20300,40.6,105313.1
20301,199.7,96312.3
20302,1148,77423.6
20303,2635.8,67308.1
20304,4413.4,60242
20305,6764.6,54815.2
20306,8536,49665.6
20307,10051.6,44904.7
20308,8518.5,61230.5
20309,9537.8,68226.6
20310,3927.6,129796.3
20311,1926.6,167487.8
20312,985.3,184500.1
20313,514.6,197496.4
20314,81.3,201976.4
20315,0,213904
20316,0,225723.3
20317,0,241775.9
20318,0,256018.9
20319,0,278331.5
20320,0,284176.4
20321,0,289306.8
20322,0,170688.5
20323,0,169796.8
20324,2,108767.7
20325,23.2,100221.5
20326,321.1,80448.1
20327,707.5,71242.7
20328,1233.2,64242.9
20329,1909.1,58806.8
20330,2479.3,54095.6
20331,3440,49217.6
20332,2824.2,65685.9
20333,3002.8,72858.6
20334,1055.1,135755.3
20335,0,182990.6
20336,0,202248.4
20337,0,219536.6
20338,0,231053.7
20339,0,253824.2
20340,0,268853.4
20341,0,283088.5
20342,0,299960.6
20343,0,315052.7
20344,0,319862.2
20345,0,326779.4
20346,0,216309.1
20347,0,205993.4
20348,0,144919.6
20349,0,135846.3
20350,0,107236.8
20351,0,91882.2
20352,0,75408.6
20353,0,72670.8
20354,19.7,65167.5
20355,187.5,58162.5
20356,468.3,55285.8
20357,780.4,51748.7
20358,1073.8,61956.4
20359,616.8,86009.5
20360,385.1,98431.2
20361,14.8,121506.7
20362,0,131737.2
20363,0,133644.3
20364,0,137456.4
20365,0,148953.8
20366,0,162888.4
20367,0,136419.9
20368,0,137593
20369,0,146756.2
20370,0,135411.1
20371,0,126357.9
20372,123.9,69542.2
20373,620.7,60861.4
20374,1024.3,51541.1
20375,1589,46012.9
20376,3398.7,40281.5
20377,4863.6,35462.9
20378,6669.2,31018.9
20379,8306.3,26930.5
20380,9937.1,26216.3
20381,12182.3,23775.1
20382,14401.4,36185.4
20383,13735.8,48004
20384,6599,60620.3
20385,3928.5,72984.2
20386,3092.4,77828.7
20387,2498.3,81330
20388,2087.8,83973.2
20389,1776.6,86811
20390,1651,83306.7
20391,1802.5,81257.5
20392,2121.8,82120.6
20393,9134.1,70361.1
20394,8539.3,61356.8
20395,9542.7,53478.2
20396,10560.2,34514
20397,11819.5,29422.5
20398,13542.3,23265.7
20399,15405.7,20241
20400,15709.6,18285.5
20401,17572.3,16541.7
20402,19865.8,15141.7
20403,22751.5,13818.7
20404,14509.9,19271.2
20405,11232.3,24905.9
20406,6942.7,80334.9
20407,1564.1,123047.6
20408,894.6,137529.3
20409,447,151387.6
20410,34.1,160440.7
20411,0,183147.6
20412,0,198862.2
20413,0,215306.8
20414,0,234073.2
20415,0,252082.2
20416,0,261782.5
20417,0,276405.3
20418,0,188300.9
20419,0,179494.6
20420,0,103741.1
20421,2,92690.9
20422,47.8,65978.5
20423,198,55380.1
20424,572.8,44898.5
20425,1252.1,45104.9
20426,2440.4,40828.7
20427,3999.4,36698.5
20428,3394.6,51178.1
20429,3649.2,60861.8
20430,1680.6,120857
20431,405.5,165743.5
20432,78.9,183607.1
20433,0,202622.7
20434,0,213840.4
20435,0,237039.4
20436,0,251235.8
20437,0,265432.1
20438,0,281615.3
20439,0,297551.4
20440,0,307010.1
20441,0,320641.6
20442,0,226465.4
20443,0,214922.1
20444,0,144731
20445,0,130420
20446,0,101173.2
20447,0,85398.3
20448,5.1,68583.6
20449,45.1,66002
20450,252.1,59088.1
20451,641.4,52613.6
20452,529,69317.1
20453,698,76870.3
20454,1.5,146578.3
20455,0,196834.8
20456,0,217759.6
20457,0,236726.6
20458,0,247767.7
20459,0,267935.9
20460,0,280952
20461,0,293415.3
20462,0,308656.9
20463,0,321115.8
20464,0,324561.3
20465,0,334554.1
20466,0,233290.9
20467,0,217521.1
20468,0,147179.9
20469,0,132608.2
20470,0,103414.8
20471,1.7,88346.5
20472,46.7,72898.7
20473,222.1,71124.4
20474,499,64840
20475,748.7,58808.9
20476,550.4,75483.2
20477,648.2,82785.7
20478,1.2,151645
20479,0,200176.1
20480,0,217111.2
20481,0,231296.5
20482,0,240471.5
20483,0,261147
20484,0,273150.1
20485,0,284307.8
20486,0,297011.4
20487,0,309871.4
20488,0,310651.7
20489,0,319558.4
20490,0,215779.5
20491,0,204200.4
20492,0,133847.7
20493,0,120592.7
20494,7.5,94809.2
20495,113.8,82999.8
20496,383.8,70427.5
20497,710.7,68867.2
20498,1049,62563.6
20499,1747.7,56283
20500,1407.2,73013.5
20501,1634.9,80177.9
20502,243.3,146419.4
20503,0,193845.4
20504,0,213320.8
20505,0,230546.5
20506,0,240896.9
20507,0,260499.3
20508,0,272533
20509,0,284230.4
20510,0,297709.7
20511,0,310547.5
20512,0,313810.9
20513,0,323779.7
20514,0,221711.1
20515,0,206628
20516,0,135861.7
20517,0,121989.1
20518,7.5,95373.2
20519,107.6,82874.3
20520,382.4,69907.1
20521,740.8,68301.1
20522,1200.5,61824.1
20523,2112.1,55339.5
20524,2868.8,52797.9
20525,3940.1,49970.2
20526,4379.7,65021.8
20527,2502.2,91823.7
20528,2055.4,104432
20529,996.4,131498.5
20530,545.1,145015.8
20531,131.6,150512.9
20532,0,155068.7
20533,0,159988.9
20534,0,171468.4
20535,0,142456.1
20536,0,150375.6
20537,0,151061.7
20538,0,137506.9
20539,0,128494
20540,13.8,71288.3
20541,64.5,61740.8
20542,448.8,52162.5
20543,1173.9,46873.1
20544,3013.6,40981.3
20545,4282.6,36238.2
20546,5962.8,32003.9
20547,7566.9,27955.4
20548,9048.7,27223.1
20549,10623.3,25123.8
20550,12495.7,38109.7
20551,11838.3,48430.9
20552,5061.4,61010.5
20553,2969,72866
20554,2251.2,77797.8
20555,1796.1,81028
20556,1459.8,83637.9
20557,1209.9,85741.6
20558,1094.8,88612.2
20559,1185.8,90987.9
20560,1356.3,88978.8
20561,8222.1,66451.2
20562,7615.5,52660.2
20563,8613.9,47576.7
20564,9664.1,34308
20565,10837,30637.8
20566,12225.3,24776.9
20567,13660.1,21866.3
20568,13314.4,20062
20569,14066.9,18279.4
20570,15136.5,16579.1
20571,16409.6,14952.5
20572,9788,21708.4
20573,5992.5,28190.8
20574,4185.5,83518
20575,0,126670.5
20576,0,142040.5
20577,0,154056.8
20578,0,161491.5
20579,0,182783.8
20580,0,192921.4
20581,0,206516.5
20582,0,216275.8
20583,0,221341.5
20584,0,224337.8
20585,0,235774.8
20586,0,145161.4
20587,0,140471.6
20588,0,82087.5
20589,63.8,75986.9
20590,486.5,59891.1
20591,718.7,53174.5
20592,1003.1,48062.3
20593,1518.8,43818.5
20594,1954.6,39976.9
20595,2331.9,36337.6
20596,1725,51236.6
20597,1785.2,60364.1
20598,312.5,118298.7
20599,0,163095.5
20600,0,179779
20601,0,193483.1
20602,0,206135.5
20603,0,218116.9
20604,0,229209.3
20605,0,239675.2
20606,0,250122.6
20607,0,259584
20608,0,267285.2
20609,0,281850.6
20610,0,191153.7
20611,0,182410.5
20612,0,115005.5
20613,0,101947.1
20614,0,79042.7
20615,61.3,69041.4
20616,374.9,62027.7
20617,811.8,56558.8
20618,1386,51683.1
20619,1903.4,47183.6
20620,1572.8,63872.7
20621,1753.1,71695.2
20622,446.8,137185.8
20623,0,183543
20624,0,202354.1
20625,0,220689.1
20626,0,232324.5
20627,0,253042.9
20628,0,265064.1
20629,0,277892.5
20630,0,292920.9
20631,0,308704.3
20632,0,315510.2
20633,0,328599.1
20634,0,232530.1
20635,0,221358.1
20636,0,154380.8
20637,0,141268.5
20638,0,113948.1
20639,0,99657.7
20640,0,82783.8
20641,0,80464.7
20642,0,73200.5
20643,0,67607.7
20644,0,85086
20645,0,93098.8
20646,0,173053.4
20647,0,219156
20648,0,243392.5
20649,0,260284.7
20650,0,270070.4
20651,0,288232.8
20652,0,298965.2
20653,0,311688.5
20654,0,325513.9
20655,0,337495.5
20656,0,337826
20657,0,344481.8
20658,0,240505.6
20659,0,228420.7
20660,0,160906.9
20661,0,147725.7
20662,0,119453.5
20663,0,102955.9
20664,0,83528.5
20665,0,79679.7
20666,0.4,71678.5
20667,83.2,65513.5
20668,4.1,82031.2
20669,48.9,89154.3
20670,0,161814.3
20671,0,201679.4
20672,0,225277.5
20673,0,237275.9
20674,0,248328.7
20675,0,257523.6
20676,0,266519.4
20677,0,275198
20678,0,283948.7
20679,0,290320.5
20680,0,288005
20681,0,296230.1
20682,0,195419
20683,0,186931.7
20684,0,122337.3
20685,0,111647.4
20686,204.2,89357.1
20687,484.2,79942.5
20688,671.1,67834.5
20689,894.2,67024.5
20690,1420.6,60913.8
20691,1900.1,54947.6
20692,2309.4,53036.2
20693,2784,49997.6
20694,3120.2,61271.1
20695,1709.4,85666.2
20696,1303.9,98117.3
20697,486.7,126243.4
20698,266.6,141768.2
20699,32.2,149112.4
20700,0,154343.8
20701,0,162707.9
20702,0,175013
20703,0,146187.9
20704,0,149014.1
20705,0,158498.3
20706,0,143455.1
20707,0,133096.6
20708,0,76117.1
20709,14.2,66169.3
20710,278,55440.2
20711,602.6,50123.6
20712,1595.5,44109.5
20713,2252.4,39431.2
20714,3116.8,35283.4
20715,3901.6,31358.9
20716,4732.7,30448
20717,5759.1,27712.5
20718,7139.4,42107.6
20719,6494.3,51469
20720,1958.9,64725.7
20721,1299.4,77885.1
20722,1058.8,83351
20723,768.9,87330.4
20724,446.1,90050.3
20725,288.2,92525.4
20726,422,95268.6
20727,588,92173
20728,1735.6,86761.8
20729,7332.7,71256.3
20730,6771.8,58579.6
20731,7706.1,51795.6
20732,8551.1,36928.9
20733,9448.9,32574.1
20734,10528.8,26423
20735,11682,23472.9
20736,11328.2,21650.1
20737,12065.8,19787.7
20738,13017.2,17920.3
20739,14007.2,16195.6
20740,7884.1,22612.6
20741,4202.6,29308.8
20742,3069.2,85922.3
20743,0,131148.8
20744,0,146406.1
20745,0,159902.9
20746,0,173477.5
20747,0,187147.5
20748,0,200281.8
20749,0,215223.3
20750,0,232519
20751,0,252119.3
20752,0,261623.4
20753,0,276360.4
20754,0,189864.6
20755,0,183931.9
20756,0,110661.5
20757,0,101389
20758,0,74414
20759,0,61489.3
20760,14.5,48399.1
20761,28.7,48368.8
20762,141.2,44427.7
20763,370.9,40686.6
20764,121.3,55258.2
20765,144.9,64858.9
20766,0,128871.2
20767,0,185159.1
20768,0,206973
20769,0,224182.9
20770,0,235243.4
20771,0,255059
20772,0,267902.7
20773,0,282246.6
20774,0,299666.2
20775,0,316319.1
20776,0,324430.9
20777,0,337821.8
20778,0,243876.7
20779,0,234380.2
20780,0,164704.7
20781,0,147905.3
20782,0,119030.4
20783,0,102160.5
20784,0,81790.1
20785,0,76853.1
20786,0,68203.1
20787,1.1,61798.8
20788,0,78496.3
20789,0,87823.4
20790,0,167953.4
20791,0,213541.7
20792,0,239505.4
20793,0,254872
20794,0,265197.9
20795,0,285272.1
20796,0,299839.7
20797,0,315271.9
20798,0,332759.2
20799,0,348944.1
20800,0,355448.6
20801,0,368907.6
20802,0,270975
20803,0,259315.4
20804,0,185444.2
20805,0,167039.4
20806,0,137557.7
20807,0,121030.8
20808,0,100936.9
20809,0,93405.8
20810,0,82525.4
20811,0,74366.8
20812,0,93223.9
20813,0,102054.1
20814,0,186742.9
20815,0,233092.1
20816,0,257216.1
20817,0,273605.2
20818,0,284436.6
20819,0,304235.4
20820,0,319306.4
20821,0,331480.3
20822,0,347593.8
20823,0,362440.1
20824,0,369551.2
20825,0,386642.7
20826,0,288877.5
20827,0,275825.1
20828,0,200014
20829,0,181435.7
20830,0,152555.3
20831,0,137164.5
20832,0,119024.9
20833,0,112038.1
20834,0,100540.7
20835,0,89505.5
20836,0,107964.7
20837,0,115913.4
20838,0,199355.9
20839,0,243657.9
20840,0,265572.2
20841,0,274720
20842,0,280249
20843,0,298472.7
20844,0,309788.5
20845,0,320485.4
20846,0,329646.2
20847,0,340253.2
20848,0,348287.3
20849,0,354046.6
20850,0,252862.6
20851,0,242531.2
20852,0,174541.6
20853,0,161921.4
20854,0,135047.7
20855,0,120563.8
20856,0,102253.4
20857,0,96790.4
20858,0,86424.2
20859,0,77876
20860,0,73871.6
20861,0,69054.3
20862,0,80362.9
20863,0,104809.7
20864,0,117305.2
20865,0,146138.4
20866,0,160374.9
20867,0,165890.4
20868,0,170064.4
20869,0,174817.3
20870,0,179636.7
20871,0,144766.3
20872,0,155519
20873,0,159494.5
20874,0,151619.1
20875,0,145141.6
20876,0,84556.9
20877,13.1,75171.7
20878,274.6,62861.8
20879,600.1,55476.8
20880,1676.7,47090.6
20881,2679.8,40428.8
20882,3775.8,35457.1
20883,5195.4,30967.2
20884,6539.8,29847.2
20885,7687,27927.3
20886,9395.7,47121.5
20887,9490.9,56930.9
20888,3173.5,68840.2
20889,1819.4,79608
20890,1153,83673.1
20891,559.2,86642.8
20892,224.1,88836.5
20893,274.4,92728.2
20894,356,99064.4
20895,447.8,105627.4
20896,1535.5,106884.7
20897,7082.9,94234.8
20898,6501.6,85361.6
20899,7440.9,75837.9
20900,11605.8,47159.3
20901,9228.6,40699.8
20902,10199,31995.2
20903,11138.7,28041.2
20904,10476.7,25682.7
20905,10859.3,23362.3
20906,11495.8,21222.9
20907,12542.2,19252.9
20908,6586.8,25556.5
20909,2937.2,33294.9
20910,2707.2,96236.9
20911,0,146803.4
20912,0,167040.4
20913,0,186733.4
20914,0,199241.4
20915,0,223619.7
20916,0,240069.6
20917,0,255847.2
20918,0,269252.7
20919,0,283160.8
20920,0,288266.9
20921,0,302246.3
20922,0,213527.5
20923,0,203200.1
20924,0,141132.5
20925,0,127275.1
20926,0,98369.5
20927,0,81103.9
20928,0,61000.2
20929,0,58589.2
20930,0,51465
20931,30.8,46233.3
20932,0,61797.4
20933,0,71525.2
20934,0,142171.6
20935,0,191462.1
20936,0,221832.4
20937,0,238940.7
20938,0,250254.6
20939,0,269483
20940,0,282693.6
20941,0,297638.3
20942,0,314734.3
20943,0,329697.8
20944,0,335641.5
20945,0,349992.4
20946,0,254714.9
20947,0,244122.8
20948,0,174294.3
20949,0,157431.2
20950,0,128802.6
20951,0,112565.2
20952,0,92061.5
20953,0,84930.9
20954,0,74827.1
20955,0,66727.7
20956,0,84606.7
20957,0,93219.5
20958,0,174017.2
20959,0,219955.5
20960,0,243579.2
20961,0,257404.9
20962,0,269589.8
20963,0,291089.1
20964,0,305272.3
20965,0,319473.1
20966,0,334930.7
20967,0,349455.5
20968,0,354059.6
20969,0,366613.2
20970,0,269897.4
20971,0,257729.4
20972,0,184997.3
20973,0,168466.6
20974,0,140054.3
20975,0,124494.1
20976,0,105427.4
20977,0,98669.6
20978,0,87339.9
20979,0,78438.8
20980,0,97341.5
20981,0,105251.2
20982,0,184579.1
20983,0,227174.3
20984,0,248921.2
20985,0,260533.3
20986,0,267102.1
20987,0,284426.5
20988,0,297262.9
20989,0,310515.5
20990,0,329480.3
20991,0,346011.6
20992,0,352274.4
20993,0,360618.5
20994,0,262775.4
20995,0,250982
20996,0,179618
20997,0,165924.8
20998,0,138773.4
20999,0,123782.6
21000,0,105264.9
21001,0,99637.4
21002,0,89205.6
21003,0,80653.7
21004,0,99295.2
21005,0,106686.3
21006,0,185459.4
21007,0,228757.7
21008,0,251524.2
21009,0,264068.2
21010,0,272507.3
21011,0,294574.4
21012,0,310097.4
21013,0,321506.1
21014,0,339618.1
21015,0,355373.7
21016,0,354592.5
21017,0,361464.2
21018,0,252733.8
21019,0,240525.5
21020,0,175500.4
21021,0,164572.6
21022,0,138837.4
21023,0,125483.3
21024,0,108836.4
21025,0,103757.6
21026,0,93620.4
21027,0,84571.2
21028,0,80765.5
21029,0,75910.3
21030,0,88867.5
21031,0,116045
21032,0,129847.7
21033,0,161700
21034,0,181259.6
21035,0,191766.5
21036,0,200703
21037,0,208487.8
21038,0,212288.7
21039,0,174510.6
21040,0,178402.8
21041,0,177390.2
21042,0,162475.9
21043,0,157266.8
21044,0,104127.3
21045,15,93043.8
21046,280.4,78891.3
21047,589.5,69851
21048,1574.4,53697.2
21049,1923.5,53212
21050,2266.2,47935.3
21051,2592.6,43686.5
21052,2907.6,43186.2
21053,3206.3,40741.8
21054,4273.9,55062.3
21055,3760.6,62700.9
21056,159.1,73445.9
21057,0,81844.9
21058,17.9,85745.2
21059,102,88697.2
21060,190.3,88324.4
21061,275.1,91244.7
21062,355.4,93610.3
21063,430.5,94459.8
21064,503.5,94223.1
21065,6220,75416
21066,5562.4,64141.5
21067,6359.2,59005
21068,7195.2,44593
21069,8153.8,39861.9
21070,9134.7,32934
21071,10086.5,29523.8
21072,11009.3,26913.7
21073,11900.3,24659.3
21074,12803.2,22641.3
21075,13776.4,20760.2
21076,14764.2,21862.3
21077,15858,20640.1
21078,21768,37184.2
21079,17922,44585.7
21080,14990.8,49290.1
21081,10517.8,55978
21082,10472.4,59934.2
21083,10474.9,63033.4
21084,10467,65737.6
21085,10571.2,68473.7
21086,10713.1,70376.7
21087,10853.9,70904
21088,11001,70912
21089,21767.7,57733.4
21090,19370.4,47888.2
21091,20504.4,44906.2
21092,21422.6,32431
21093,22266.5,29326
21094,23093.1,23707
21095,23911.6,20982.1
21096,22916.8,18969.4
21097,23102.8,17370.9
21098,23636.5,16118.5
21099,24251.3,14999.6
21100,16753.5,18069.1
21101,10096.1,23947.7
21102,10531,78982.8
21103,486.8,129178.7
21104,0,147625
21105,0,163540.1
21106,0,174578.1
21107,0,197294.4
21108,0,209408.3
21109,0,224859.8
21110,0,236928.6
21111,0,244093.7
21112,0,249248.3
21113,0,261617.4
21114,0,173106.9
21115,0,167917.2
21116,0,107802.6
21117,0,97957.5
21118,0,71987.7
21119,0,59500.5
21120,0,46151.4
21121,0,46206.4
21122,0,42218.5
21123,0,38580.2
21124,0,52338.7
21125,0,62507.8
21126,0,130396.9
21127,0,178026.1
21128,0,206334.9
21129,0,221104.3
21130,0,227972
21131,0,245037.3
21132,0,255839.4
21133,0,265719.6
21134,0,272774.8
21135,0,275139.1
21136,0,276446.4
21137,0,283842.6
21138,0,185589.4
21139,0,178094.6
21140,0,116145.1
21141,0,104240.3
21142,39.8,80875.3
21143,268.8,69931.3
21144,465.6,58333.5
21145,625.5,57902.6
21146,757.5,53479.1
21147,888.6,49449.4
21148,509.4,66227.1
21149,405.9,74876.5
21150,0,147264
21151,0,194865.2
21152,0,209428.5
21153,0,219516.7
21154,0,226456.9
21155,0,241007.5
21156,0,249956.9
21157,0,259671.5
21158,0,268739.7
21159,0,276008.5
21160,0,271855.9
21161,0,279829.5
21162,0,181786.5
21163,0,175119.1
21164,0,111448
21165,122.1,101278.5
21166,474.2,80308.2
21167,670.8,71221.7
21168,851.6,64762.2
21169,1072.3,59857.9
21170,1436.1,55242.3
21171,1801.5,50822.1
21172,1175.1,67708.4
21173,1086.8,75140.4
21174,0,140821.8
21175,0,192939.6
21176,0,212122
21177,0,228154.2
21178,0,228681.4
21179,0,243461.9
21180,0,253429.4
21181,0,266011.8
21182,0,274894.3
21183,0,278419.5
21184,0,274438.9
21185,0,286046.5
21186,0,192691.7
21187,0,185898.2
21188,0,121705.2
21189,0,110022.4
21190,7.1,85919.9
21191,186.7,74239
21192,472,61792.1
21193,674.4,60806.8
21194,881,56041.3
21195,1117.2,51605.1
21196,1643,50343.6
21197,2035.4,48112.2
21198,1889.5,64137.2
21199,940.1,90600.9
21200,631.6,103327.1
21201,114.5,129346.3
21202,0,142514.2
21203,0,148221.9
21204,0,154926.7
21205,0,163447.2
21206,0,176512.4
21207,0,148080.6
21208,0,152302.5
21209,0,163842
21210,0,154624.6
21211,0,148436.6
21212,0,80077.9
21213,0,68763.3
21214,0,55319.8
21215,2.5,49281.5
21216,30,43232.9
21217,125.3,38466.9
21218,579.2,34285.7
21219,1233.9,30339.1
21220,1903.9,29238.2
21221,2756.4,27684.4
21222,3774.5,46235.8
21223,2782,56615.4
21224,2179.7,68684.4
21225,1277.2,78799.5
21226,916.7,82263.8
21227,489.8,84735
21228,108.6,86021.4
21229,36.5,87943.2
21230,124.5,92366.9
21231,266.7,96958.1
21232,1543.2,95136.2
21233,3777.1,83039.9
21234,3053.8,69574.3
21235,3918.8,61330.3
21236,4707.5,44622.3
21237,5597.8,37102.5
21238,6543.7,29552.2
21239,7460.7,25795.2
21240,6882.3,23618.6
21241,7712.5,21588.8
21242,8746.8,19693.5
21243,9744.9,17929.4
21244,8042.8,24142.5
21245,4329.2,32035.8
21246,3303.7,92912.8
21247,0,142479.4
21248,0,161064.5
21249,0,177933.8
21250,0,185290.2
21251,0,204928.3
21252,0,215060.1
21253,0,226945
21254,0,238720.4
21255,0,246718.3
21256,0,246216
21257,0,257891.7
21258,0,162667.3
21259,0,156374.7
21260,0,95850.7
21261,0,87073.1
21262,0,64968.5
21263,13.1,56933.4
21264,171.3,47070.1
21265,322.5,47743.8
21266,429.1,44034.2
21267,542.6,40544.8
21268,264.1,55164.4
21269,346.8,64030.9
21270,0,130072.8
21271,0,185099.9
21272,0,206792.5
21273,0,223977.5
21274,0,234720.6
21275,0,253682.9
21276,0,263505.7
21277,0,272332.7
21278,0,280509.1
21279,0,284441.5
21280,0,282295.7
21281,0,290293.1
21282,0,195875.4
21283,0,194792.6
21284,0,126900
21285,0,115005
21286,0,89280.6
21287,0,77005.1
21288,0,63111.3
21289,0,61932.4
21290,90.3,56786.9
21291,266.1,52502.5
21292,1.9,69320.4
21293,25.5,76970.6
21294,0,147246.5
21295,0,193863.3
21296,0,219161.1
21297,0,234713.3
21298,0,245561.4
21299,0,265876.3
21300,0,278188.1
21301,0,291548.9
21302,0,308100.5
21303,0,323928.7
21304,0,330701.5
21305,0,342418.3
21306,0,256033.5
21307,0,239855.7
21308,0,165672.9
21309,0,150735.3
21310,0,121280.9
21311,0,104418.4
21312,0,83784
21313,0,79415.8
21314,0,71656
21315,0,65536
21316,0,82807.5
21317,0,91212.7
21318,0,166874.3
21319,0,219761.8
21320,0,245386.8
21321,0,261412.2
21322,0,274263.5
21323,0,293721
21324,0,308033.3
21325,0,322909.2
21326,0,338183.4
21327,0,346694.9
21328,0,339521.4
21329,0,360997.7
21330,0,272067.9
21331,0,254555.8
21332,0,179838.6
21333,0,162701.6
21334,0,134148
21335,0,117410.9
21336,0,98492.3
21337,0,91726
21338,0,80842.8
21339,0,71865.6
21340,0,89712.7
21341,0,99263.3
21342,0,181204.1
21343,0,235096.2
21344,0,256954.5
21345,0,270898.5
21346,0,283725.4
21347,0,304111.8
21348,0,316784.5
21349,0,331005.9
21350,0,344529.3
21351,0,353616.1
21352,0,363702
21353,0,378648
21354,0,283293.8
21355,0,267784.3
21356,0,188317.8
21357,0,171510.9
21358,0,143003.6
21359,0,127947.7
21360,0,110004.2
21361,0,102891.8
21362,0,91290.1
21363,0,81382
21364,0,76420.4
21365,0,70860.4
21366,0,81838.8
21367,0,108075.8
21368,0,121116.2
21369,0,150893.5
21370,0,166358.4
21371,0,178403.9
21372,0,189831.9
21373,0,199813.1
21374,0,203180.3
21375,0,183309.1
21376,0,190291.4
21377,0,199451.3
21378,0,187112.9
21379,0,176444.1
21380,0,117350.2
21381,0,105096.5
21382,0,87833.8
21383,0,74924.7
21384,8.3,55704.1
21385,0,54009.6
21386,0,47565.6
21387,0,41245.9
21388,0,39009.4
21389,0,37567.2
21390,768.9,57239.1
21391,0,68061.3
21392,167.9,81432.8
21393,0,92123.3
21394,0,98427.3
21395,0,99486.2
21396,0,96756
21397,0,95616.4
21398,0,94664.7
21399,0,93319.4
21400,0,91187.6
21401,2239,73370.1
21402,1496.6,63165.5
21403,2254.6,58765.8
21404,3055.8,46441.6
21405,3963.9,41161.9
21406,4913.2,34721.9
21407,5819.5,31461.4
21408,5171.7,29427.8
21409,5577.7,27291.1
21410,6154.1,25173.1
21411,6741.4,23280.2
21412,5217.8,29282.8
21413,1768.9,37928.3
21414,2299.2,104293.7
21415,0,152228.8
21416,0,183324.1
21417,0,203769.7
21418,0,216270
21419,0,239505.3
21420,0,256170.9
21421,0,273464.9
21422,0,292082.3
21423,0,302572.1
21424,0,307369.1
21425,0,321767.6
21426,0,228622.8
21427,0,215330.8
21428,0,152407.9
21429,0,141641.5
21430,0,114442.5
21431,0,100093
21432,0,81082.2
21433,0,75569.4
21434,0,66241.1
21435,0,55906.2
21436,0,72773.9
21437,0,83839.2
21438,0,159310.4
21439,0,210534.7
21440,0,232077.8
21441,0,242024.9
21442,0,250536.6
21443,0,257960.7
21444,0,264402.9
21445,0,271189.5
21446,0,278220.8
21447,0,285593.5
21448,0,289731.8
21449,0,292779.3
21450,0,197347
21451,0,191285.3
21452,0,128018.3
21453,0,117906.3
21454,0,93380.8
21455,0,83314.3
21456,0,69191.4
21457,0,67744.1
21458,0,61391.1
21459,4.3,56226.8
21460,0,74024.2
21461,0,82243
21462,0,156702.4
21463,0,209027.9
21464,0,238810.2
21465,0,255730.6
21466,0,264964.1
21467,0,282651.6
21468,0,295653.6
21469,0,308259.1
21470,0,321272.7
21471,0,334994.7
21472,0,336429.5
21473,0,334110.4
21474,0,239679.3
21475,0,226046.5
21476,0,159105.1
21477,0,147647.2
21478,0,120742
21479,0,106391.9
21480,0,89031.9
21481,0,85882.9
21482,0,76985
21483,0,69224.3
21484,0,87511.1
21485,0,95740.7
21486,0,171722.8
21487,0,224229.6
21488,0,245001.3
21489,0,257406.1
21490,0,270057.4
21491,0,286552.2
21492,0,297976
21493,0,301983
21494,0,319405.5
21495,0,326201.3
21496,0,332752.3
21497,0,347896
21498,0,257004.2
21499,0,242170.4
21500,0,167564.5
21501,0,149212.3
21502,0,119687.6
21503,0,103012.2
21504,0,84548.4
21505,0,80804.9
21506,0,72738.8
21507,0,66606.7
21508,0,83297.6
21509,0,92061.2
21510,0,169911.8
21511,0,223379.2
21512,0,247851.3
21513,0,261866.1
21514,0,271089.9
21515,0,290008
21516,0,299535.5
21517,0,306347.5
21518,0,303571.4
21519,0,306739.9
21520,0,318801.2
21521,0,335253.3
21522,0,249046.6
21523,0,234129.1
21524,0,158758.1
21525,0,141681.1
21526,0,112728.4
21527,0,97406.5
21528,0,81033.3
21529,0,77885.2
21530,0,71068.6
21531,0.6,64771.1
21532,162,61926.2
21533,292.1,58266.2
21534,81,74010
21535,0,100163.7
21536,0,114736.1
21537,0,138807.8
21538,0,156548.2
21539,0,166149.2
21540,0,177333
21541,0,186515.7
21542,0,197349.7
21543,0,163037.4
21544,0,159035.2
21545,0,164343.7
21546,0,149068.9
21547,0,144400.4
21548,0,89586
21549,0,78828.6
21550,0,64402.3
21551,0,55670
21552,22.7,43664.7
21553,0,44230.5
21554,0,39645.2
21555,0,35654.1
21556,194.8,34160.6
21557,487.8,30243.9
21558,1537.7,42035
21559,752.8,49229.9
21560,541.1,61468.4
21561,314.5,71358.7
21562,303.7,73094
21563,235.6,72958.7
21564,180.9,72747.7
21565,135.9,75747.2
21566,94.6,78386.4
21567,48.1,83791.8
21568,151,84845
21569,3269.3,62722.8
21570,2659.7,51925.1
21571,3557.1,46903.5
21572,4356.2,34743.8
21573,5259.5,30048.9
21574,6264.6,24230.1
21575,7500.3,21527
21576,6949.3,20131.6
21577,7551.2,18481.9
21578,8406.6,16791.6
21579,9274.9,15452.1
21580,7345.7,21396.2
21581,3535.4,28904.9
21582,2973,91082.1
21583,0,143655.6
21584,0,163628.1
21585,0,181636
21586,0,193008.8
21587,0,216643.2
21588,0,231112.4
21589,0,245519.7
21590,0,263807.6
21591,0,280495.6
21592,0,288922.9
21593,0,303983.8
21594,0,216706.1
21595,0,210676.4
21596,0,145855.2
21597,0,128695.4
21598,0,99503.9
21599,0,81942.1
21600,0,60716.8
21601,0,59056
21602,0,52374.9
21603,0,46328
21604,0,61287.2
21605,0,72007.1
21606,0,151287.9
21607,0,206227.2
21608,0,233990.3
21609,0,248874.3
21610,0,258913.3
21611,0,276720.5
21612,0,290750.8
21613,0,302122.7
21614,0,305434.3
21615,0,326307.8
21616,0,332050.3
21617,0,324046.7
21618,0,228780
21619,0,215286.3
21620,0,152026.1
21621,0,140808.5
21622,0,113521.9
21623,0,97888.6
21624,0,78812.7
21625,0,74750.1
21626,0,65548.8
21627,0,58943.4
21628,0,76218.8
21629,0,84691.7
21630,0,159779.3
21631,0,211695
21632,0,234936
21633,0,246448.6
21634,0,251980.6
21635,0,270497.8
21636,0,280021.3
21637,0,293230
21638,0,307331.4
21639,0,320457.9
21640,0,322501.9
21641,0,337217.4
21642,0,250060.3
21643,0,235765.9
21644,0,165672.5
21645,0,147888.5
21646,0,117494.8
21647,0,99691
21648,0,80943.7
21649,0,76802.4
21650,0,69790.1
21651,18,64140.9
21652,0.5,80930.6
21653,1.2,89772.8
21654,0,164727.4
21655,0,217314.7
21656,0,243364.5
21657,0,258654.6
21658,0,268142.4
21659,0,287348.3
21660,0,300982.3
21661,0,288644.3
21662,0,331381.4
21663,0,347515.6
21664,0,353624.4
21665,0,368116.5
21666,0,278778.5
21667,0,262704.7
21668,0,187167.3
21669,0,168363.2
21670,0,139019.4
21671,0,122563.5
21672,0,102103.1
21673,0,94553.8
21674,0,83227
21675,0,74774.9
21676,0,93048.1
21677,0,101609.3
21678,0,182615.5
21679,0,236741.3
21680,0,259715.8
21681,0,274262
21682,0,283335.1
21683,0,301901.7
21684,0,313790.6
21685,0,325490.1
21686,0,339854.2
21687,0,353263.4
21688,0,356380.5
21689,0,366190.4
21690,0,277297.4
21691,0,262670.2
21692,0,189706.3
21693,0,171412
21694,0,143092.6
21695,0,128162
21696,0,109440.7
21697,0,102979.6
21698,0,92022.1
21699,0,82938.8
21700,0,78845.4
21701,0,75603.1
21702,0,92655.2
21703,0,117777.1
21704,0,127675.7
21705,0,161002.6
21706,0,181067.1
21707,0,186829
21708,0,191641.2
21709,0,196379.5
21710,0,200714.7
21711,0,172626.8
21712,0,186358.2
21713,0,187242.5
21714,0,164006.8
21715,0,158269.2
21716,0,109415.7
21717,0,96041.8
21718,0,81136.1
21719,0,71367.4
21720,21.3,56834.2
21721,0,56871.6
21722,0,51568.2
21723,0,46601.5
21724,0,45105.3
21725,0,43622.9
21726,789.1,62969.2
21727,0,71492.1
21728,154.5,81711.4
21729,0,95544.7
21730,0,102444.8
21731,0,108637
21732,0,113912.5
21733,0,119252
21734,0,129613.9
21735,0,141199.6
21736,387.6,144370
21737,1918.6,132717.4
21738,1134.4,126017.2
21739,1648.8,120966.8
21740,2267.7,97875.2
21741,3107.5,81425.9
21742,3956.9,68877.6
21743,4780.1,60640.6
21744,7403.8,50990.3
21745,4361.1,52111.7
21746,4868.1,48084.3
21747,5402.9,44827.4
21748,3654.4,55670.7
21749,444.7,65991.8
21750,1519.5,145099.3
21751,0,201666.7
21752,0,229823.9
21753,0,250479.4
21754,0,264058.7
21755,0,284470.8
21756,0,298676.1
21757,0,313503.9
21758,0,328232.3
21759,0,335509.7
21760,0,335770.4
21761,0,344739.9
21762,0,262551.7
21763,0,255527.2
21764,0,191878.2
21765,0,174453.8
21766,0,147513.2
21767,0,133918.3
21768,0,118362.4
21769,0,111429.9
21770,0,100221.1
21771,0,89528.4
21772,0,105683.5
21773,0,116323.1
21774,0,199395.1
21775,0,253211.7
21776,0,276582.6
21777,0,291224.5
21778,0,300281
21779,0,316527.8
21780,0,326913.6
21781,0,338269.3
21782,0,351747.1
21783,0,363797.1
21784,0,369312.1
21785,0,383621.4
21786,0,289898.6
21787,0,267749.9
21788,0,195425.7
21789,0,177127.2
21790,0,147570.5
21791,0,131202.2
21792,0,112692.1
21793,0,105178.2
21794,0,93492.2
21795,0,83735.1
21796,0,102299.6
21797,0,110475.4
21798,0,190925.8
21799,0,245283.3
21800,0,268420.2
21801,0,283198.8
21802,0,294429.9
21803,0,314522.2
21804,0,328470.8
21805,0,342492
21806,0,357702.9
21807,0,371494.6
21808,0,377080.8
21809,0,391818.6
21810,0,298958.4
21811,0,280769.5
21812,0,207439.4
21813,0,188526.3
21814,0,160308.6
21815,0,145933.3
21816,0,129998.5
21817,0,123849.4
21818,0,113235.2
21819,0,103168.4
21820,0,122961.6
21821,0,131756.9
21822,0,213812.2
21823,0,262604.9
21824,0,283796.7
21825,0,300868.9
21826,0,312021.5
21827,0,329615.5
21828,0,341130.6
21829,0,351585.2
21830,0,362718.8
21831,0,375330.8
21832,0,378288
21833,0,388756.5
21834,0,292318.9
21835,0,281172.3
21836,0,208488.6
21837,0,189414.9
21838,0,159849.3
21839,0,145949.8
21840,0,130550.7
21841,0,123536.1
21842,0,112178.2
21843,0,100713.8
21844,0,119120.3
21845,0,127267.9
21846,0,209971.5
21847,0,263488.7
21848,0,286371.3
21849,0,301380
21850,0,310955.3
21851,0,328861.3
21852,0,339107.1
21853,0,349448.2
21854,0,362518.3
21855,0,373613.9
21856,0,376498.6
21857,0,388696.6
21858,0,285367.2
21859,0,276036.6
21860,0,199505.1
21861,0,178216.8
21862,0,147888.5
21863,0,131630.4
21864,0,112183.2
21865,0,103299.4
21866,0,92419.9
21867,0,82831.2
21868,0,79309.8
21869,0,74820.8
21870,0,87169.6
21871,0,110683
21872,0,120258.9
21873,0,153082.5
21874,0,167707.9
21875,0,171913.8
21876,0,175604.9
21877,0,177830.2
21878,0,179872.7
21879,0,133505
21880,0,133106.5
21881,0,130130.1
21882,0,117292.6
21883,0,113005.3
21884,35.3,67073.6
21885,248.5,61815.1
21886,410.8,53456.1
21887,572.8,48476.8
21888,1119.7,42482.4
21889,1514.1,37729.4
21890,1900.6,33567.8
21891,2549.5,29666
21892,3176.6,28722.9
21893,3705.4,26175
21894,4760.2,38717.5
21895,4047,45165.7
21896,2760,54306.6
21897,2017.7,63852.8
21898,1412.6,68817.7
21899,1144.5,71117.7
21900,868.1,70362.3
21901,614.6,73457.5
21902,510.7,75314.3
21903,491.7,76028.4
21904,491.5,78281.8
21905,2953.7,62752.9
21906,1906.1,53216.9
21907,2544.1,48677.8
21908,6342.8,30900.7
21909,4080.8,29275.2
21910,5018.1,22859.1
21911,6079.2,20022.9
21912,6244.6,18449.3
21913,6923,17168.9
21914,7753.6,16018.4
21915,8599.7,14944.5
21916,8051.7,20598.7
21917,4424.3,26497.1
21918,3175.5,91998.1
21919,0,146740.7
21920,0,163185.8
21921,0,174772.6
21922,0,186963.2
21923,0,198867.7
21924,0,209858.2
21925,0,220336.9
21926,0,229241.2
21927,0,236216
21928,0,237313.8
21929,0,248593.4
21930,0,159861.1
21931,0,157317.7
21932,0,90299.6
21933,0,82724.3
21934,0,61270.7
21935,112.9,53184.8
21936,264.6,46801.7
21937,362.8,42396.8
21938,497.2,38347.7
21939,690.5,34692.1
21940,935.5,34093.2
21941,1115.9,31531.3
21942,1487.3,44248.5
21943,1141.8,51203.5
21944,723.8,61048.6
21945,450.7,70693.1
21946,351.7,73580.4
21947,217.4,76165
21948,57,78888.2
21949,0,83196.5
21950,0,87824.7
21951,0,92962.2
21952,796.3,89704.4
21953,1791.6,78538.3
21954,1016.7,65888.5
21955,1668.8,60019.8
21956,2232.2,46396.3
21957,2801.9,38903.9
21958,3361.1,31618.9
21959,4015.8,28182.5
21960,3967.8,26137.4
21961,4352.8,24024
21962,4870,21987.3
21963,5412.6,19998.4
21964,5478.6,26468.3
21965,2131.1,34610.6
21966,2485.4,113328.7
21967,0,167892
21968,0,196760.4
21969,0,214951.2
21970,0,228488.3
21971,0,252272.9
21972,0,268397.6
21973,0,282714
21974,0,289337.9
21975,0,301125
21976,0,313754.2
21977,0,329050.9
21978,0,239468
21979,0,232767.3
21980,0,161783.7
21981,0,148959.5
21982,0,119569.5
21983,0,103643.1
21984,0,84270.2
21985,0,80031
21986,0,70236.4
21987,0,61675.1
21988,0,81877.3
21989,0,95117.5
21990,0,186769.8
21991,0,242795.6
21992,0,266526.1
21993,0,281490.7
21994,0,291844
21995,0,309233.3
21996,0,319957.4
21997,0,330451.9
21998,0,344318.9
21999,0,357157
22000,0,364860.9
22001,0,379512
22002,0,291655.9
22003,0,279361.5
22004,0,202855.5
22005,0,181026
22006,0,148807
22007,0,132458.7
22008,0,113016.5
22009,0,105685.3
22010,0,93982.1
22011,0,84426.5
22012,0,109147.5
22013,0,119514.5
22014,0,213665.8
22015,0,258321
22016,0,277011.8
22017,0,288341.2
22018,0,295271.9
22019,0,310587.9
22020,0,319501.6
22021,0,327866
22022,0,335160.7
22023,0,349597.3
22024,0,349879.7
22025,0,364777.2
22026,0,277226.6
22027,0,266481
22028,0,189413.6
22029,0,169781.8
22030,0,137039.2
22031,0,119656.7
22032,0,98737.6
22033,0,93121.5
22034,0,83066.9
22035,0,74451.9
22036,0,71807.8
22037,0,67713.9
22038,0,83557
22039,0,115555.4
22040,0,131663.4
22041,0,169612.2
22042,0,188628.8
22043,0,197928.6
22044,0,205112.8
22045,0,215684.2
22046,0,227236.6
22047,0,193334.5
22048,0,195583.5
22049,0,202974.7
22050,0,192680.9
22051,0,185032.2
22052,0,121147.6
22053,0,105438.5
22054,0,87095.9
22055,0,74740.2
22056,30.2,55945.2
22057,0,54956.1
22058,0,49288.8
22059,0,43860.4
22060,0,42238.2
22061,0,39348.8
22062,797.6,56083.7
22063,0,65009.3
22064,198.2,77699.5
22065,0,89201.6
22066,0,93655.4
22067,0,97541.8
22068,0,102028
22069,0,104144
22070,0,107182
22071,0,114667.5
22072,613.3,114924.9
22073,1623.6,103992.9
22074,555.9,96569.6
22075,1052,81847.6
22076,4730.1,59497.3
22077,2415.6,51524.9
22078,3190.4,41636.4
22079,3915.3,36608.4
22080,7329.7,28843.9
22081,4210.5,30171.2
22082,4727.4,27090.3
22083,5259.9,24470.5
22084,5053.9,31867.5
22085,1548.5,40677.7
22086,2177.3,117842.5
22087,0,176282.5
22088,0,208056.9
22089,0,228002.2
22090,0,239757.2
22091,0,261742.2
22092,0,278137.9
22093,0,292703
22094,0,308820
22095,0,324345
22096,0,335939.1
22097,0,349135.3
22098,0,261307.8
22099,0,252236.4
22100,0,176620.9
22101,0,160001
22102,0,128638
22103,0,112286.7
22104,0,93453.4
22105,0,87047.9
22106,0,75792.1
22107,0,66002.5
22108,0,85012.2
22109,0,97391.8
22110,0,188299.2
22111,0,243814.3
22112,0,267355.2
22113,0,282465.1
22114,0,292133.3
22115,0,307462.9
22116,0,319720.8
22117,0,331028.1
22118,0,339312.1
22119,0,339138.2
22120,0,335847.5
22121,0,342177.2
22122,0,249601.8
22123,0,236337
22124,0,166305
22125,0,155814.6
22126,0,126540.2
22127,0,111225.6
22128,0,91029.3
22129,0,85640.8
22130,0,76063.6
22131,0,68819.5
22132,0,92199.2
22133,0,102649.4
22134,0,185831.4
22135,0,236134.4
22136,0,255893.4
22137,0,266426.8
22138,0,275636
22139,0,284248.1
22140,0,292319.6
22141,0,299530.2
22142,0,305689.9
22143,0,311193.8
22144,0,316862.8
22145,0,324981.7
22146,0,232860.5
22147,0,227073.3
22148,0,154905.2
22149,0,142106.6
22150,0,111576.7
22151,0,96005.9
22152,0,78824.8
22153,0,76426.7
22154,0,69434.3
22155,0,63687
22156,0,85708.9
22157,0,96207
22158,0,187256.3
22159,0,232505.5
22160,0,257308.8
22161,0,271196.6
22162,0,282076.8
22163,0,299458.2
22164,0,311707.3
22165,0,322854.6
22166,0,337792.4
22167,0,349471.2
22168,0,357036.2
22169,0,372359.3
22170,0,284460.7
22171,0,271620.3
22172,0,192836.2
22173,0,171773
22174,0,138717.1
22175,0,120327.4
22176,0,97775.9
22177,0,90333
22178,0,79897.5
22179,0,71808
22180,0,94839.3
22181,0,104258.9
22182,0,197840.1
22183,0,244989.8
22184,0,268552
22185,0,283048.6
22186,0,293643.4
22187,0,313887.6
22188,0,327232.9
22189,0,340167.6
22190,0,354975.2
22191,0,368371.8
22192,0,373721.3
22193,0,384847.5
22194,0,297358.9
22195,0,283088.3
22196,0,203017.6
22197,0,183319.8
22198,0,150915.5
22199,0,134086.7
22200,0,114132.6
22201,0,107369.6
22202,0,94961
22203,0,84053
22204,0,79792.6
22205,0,75254.6
22206,0,92494.6
22207,0,124921.6
22208,0,140771.9
22209,0,182325.9
22210,0,198190.6
22211,0,216863.4
22212,0,227409.5
22213,0,237372.8
22214,0,250469
22215,0,218236.8
22216,0,222429.3
22217,0,229440.2
22218,0,216290.9
22219,0,209843.4
22220,0,148113
22221,0,133513.8
22222,0,119718.1
22223,0,109225.9
22224,18.1,90560.3
22225,0,85244.5
22226,0,75251.6
22227,0,66913.2
22228,0,63422.2
22229,0,59612.5
22230,780.3,74879.7
22231,0,83944
22232,143.8,97307.8
22233,0,110357.5
22234,0,118463.1
22235,0,125314.1
22236,0,130356.3
22237,0,137733.2
22238,0,149299.1
22239,0,159802.8
22240,149.5,161857.3
22241,932,149810.5
22242,17.3,140881.8
22243,142.6,128770.6
22244,321.4,106877.1
22245,813.2,96242.6
22246,1403.3,85555.6
22247,2048.7,78023.8
22248,5220.5,63810.9
22249,2373.8,60817.9
22250,2840.2,53065
22251,3323.8,46351.9
22252,3009.1,58110.8
22253,198.2,67001.5
22254,1179.9,155526.4
22255,0,220172
22256,0,249148.3
22257,0,268462.4
22258,0,283686.5
22259,0,305251.2
22260,0,320375.7
22261,0,335807.5
22262,0,352467.9
22263,0,364991.1
22264,0,368063.4
22265,0,380455.3
22266,0,284427.6
22267,0,270866.6
22268,0,197207.6
22269,0,181777.8
22270,0,151507.5
22271,0,136686.5
22272,0,121112.4
22273,0,115625.8
22274,0,106949.6
22275,0,98550.8
22276,0,120009.3
22277,0,130430.9
22278,0,220375.9
22279,0,271436.1
22280,0,291147.8
22281,0,297322.2
22282,0,310320.8
22283,0,325878.3
22284,0,337501.5
22285,0,348796.1
22286,0,362590.3
22287,0,377138.7
22288,0,383712.4
22289,0,388831.4
22290,0,285503.8
22291,0,263890.9
22292,0,193241.4
22293,0,181192.2
22294,0,152224
22295,0,137563.9
22296,0,120028
22297,0,113048.5
22298,0,102206.6
22299,0,92669.2
22300,0,116260.7
22301,0,125304.8
22302,0,218194.1
22303,0,265971.6
22304,0,289042.5
22305,0,303982.7
22306,0,313248.3
22307,0,331523.3
22308,0,342933.2
22309,0,353408.6
22310,0,367658.7
22311,0,381102.7
22312,0,387071.4
22313,0,402226.3
22314,0,311740.3
22315,0,293128.8
22316,0,211608
22317,0,191671.8
22318,0,159249.4
22319,0,142005.3
22320,0,121575.8
22321,0,114502
22322,0,101353.4
22323,0,89915.4
22324,0,114232.3
22325,0,123249.6
22326,0,213547
22327,0,257448.6
22328,0,281050.4
22329,0,288100.6
22330,0,296611.4
22331,0,314653.9
22332,0,325332
22333,0,328618.6
22334,0,341133
22335,0,353737.7
22336,0,356333.1
22337,0,365285.2
22338,0,274174.3
22339,0,263868.9
22340,0,188268.7
22341,0,172809.7
22342,0,141574.6
22343,0,125088.8
22344,0,104156.1
22345,0,97526.9
22346,0,86151.9
22347,0,76492.5
22348,0,98963.8
22349,0,108083
22350,0,201923.2
22351,0,249655.2
22352,0,272409.6
22353,0,289021.6
22354,0,299820.2
22355,0,318370
22356,0,329918.5
22357,0,341575.6
22358,0,355665.2
22359,0,368896.6
22360,0,372623
22361,0,381414.4
22362,0,291696.2
22363,0,270712.2
22364,0,192744
22365,0,177997.4
22366,0,147764.6
22367,0,132068.3
22368,0,112606.7
22369,0,106209.8
22370,0,94184.4
22371,0,83672.6
22372,0,79810.9
22373,0,75197.6
22374,0,89327.9
22375,0,119068.9
22376,0,137028.2
22377,0,179618.3
22378,0,200840.5
22379,0,214561.5
22380,0,222575.7
22381,0,233233.4
22382,0,243293.5
22383,0,205540.9
22384,0,204712.6
22385,0,211401
22386,0,199316.5
22387,0,189969.4
22388,0,126272.7
22389,0,111882.6
22390,0,95537.1
22391,0,83864.2
22392,13.6,63600.3
22393,0,60638.5
22394,0,53885.4
22395,0,47825.4
22396,0,45360.9
22397,0,41324
22398,778.7,59708.4
22399,0,70399.5
22400,149.8,82674.8
22401,0,93139.8
22402,0,97725.8
22403,0,101591
22404,0,104639.1
22405,0,109238.4
22406,0,115892.9
22407,0,124050.7
22408,405.3,126644
22409,1300.8,115416.6
22410,260.6,105815.1
22411,678.2,95794.7
22412,1161.1,70262.8
22413,1899,53761.3
22414,2694,42863.8
22415,3392.2,38518.9
22416,6700.8,30768.6
22417,3663.6,32532.6
22418,4143.3,29985
22419,4646.1,27583.1
22420,4404.5,35337.7
22421,1097.6,43448.3
22422,1925,121618.4
22423,0,179033.9
22424,0,204265.2
22425,0,218963.9
22426,0,225798
22427,0,245046.6
22428,0,262290.6
22429,0,275193.7
22430,0,289069.6
22431,0,300577
22432,0,305212.3
22433,0,311597.9
22434,0,225332.8
22435,0,220622.9
22436,0,147574.2
22437,0,132608.3
22438,0,100874.3
22439,0,83004.9
22440,0,64640.1
22441,0,63133.7
22442,0,57584.1
22443,0,52277.3
22444,0,69891.8
22445,0,80401.6
22446,0,164749.2
22447,0,215651.8
22448,0,239681.4
22449,0,249916.5
22450,0,255618.9
22451,0,274278.3
22452,0,290360.4
22453,0,302124.7
22454,0,312327.3
22455,0,319791.4
22456,0,327645
22457,0,341787.4
22458,0,254813.9
22459,0,239785.5
22460,0,158875.8
22461,0,147923.6
22462,0,116186
22463,0,98772.1
22464,0,78322.1
22465,0,73562.4
22466,1.1,66048.3
22467,84.4,60404.5
22468,7.3,81359.5
22469,95.6,91248.5
22470,0,178760.1
22471,0,230975.6
22472,0,249436.1
22473,0,264552.9
22474,0,274324.9
22475,0,293743.9
22476,0,308629.3
22477,0,321929.1
22478,0,337651
22479,0,353794.4
22480,0,359183.2
22481,0,370327.7
22482,0,281422
22483,0,266519.7
22484,0,187610
22485,0,168791.3
22486,0,137323
22487,0,120512.1
22488,0,98902.7
22489,0,91510.1
22490,0,80575.2
22491,0,72228.6
22492,0,95787.2
22493,0,104889.9
22494,0,194431.9
22495,0,239678.3
22496,0,263029.2
22497,0,271361.9
22498,0,278185.9
22499,0,303175.2
22500,0,317324.9
22501,0,330671
22502,0,343897.4
22503,0,355029.5
22504,0,345172.8
22505,0,350292.8
22506,0,256131.3
22507,0,243491.1
22508,0,170173.9
22509,0,158238.4
22510,0,128413.9
22511,0,112365.7
22512,0,91862
22513,0,86327.5
22514,0,76831.3
22515,0,68421.2
22516,0,91466
22517,0,100684.2
22518,0,188599.9
22519,0,230902
22520,0,250032.4
22521,0,259396.4
22522,0,267721.6
22523,0,277738.6
22524,0,285950
22525,0,294552
22526,0,309000.4
22527,0,317875.1
22528,0,318943.3
22529,0,323014.8
22530,0,224652.3
22531,0,217650.2
22532,0,146301.7
22533,0,135241.5
22534,0,105057.5
22535,0,90085.6
22536,0,73184.6
22537,18.9,71438.3
22538,136.8,64758.8
22539,299.6,58335.6
22540,444.8,55810
22541,543.9,52595.7
22542,545.1,65215.1
22543,44.7,93252.4
22544,0,107755
22545,0,141810.6
22546,0,158043.3
22547,0,164505.4
22548,0,171603.7
22549,0,183902.9
22550,0,196666.4
22551,0,161352.8
22552,0,163015
22553,0,174155.5
22554,0,163471.9
22555,0,159562.6
22556,0,85741.8
22557,0,75026.5
22558,0,60248.6
22559,0,52639.4
22560,21.8,39967.6
22561,20.4,40365.7
22562,164.1,35823.1
22563,799.2,31813.1
22564,1347.6,30981.7
22565,2055.5,28229.8
22566,18770.7,29622.7
22567,2066.2,56893.7
22568,1781.8,70888.6
22569,1179.3,83092.4
22570,722,87231.3
22571,185.7,91190.5
22572,0,94427.5
22573,0,99127.1
22574,0,106157.3
22575,15.5,112881.3
22576,954.2,113245.1
22577,2208.4,95754.8
22578,1162.1,80802.1
22579,1759.8,73373
22580,2323.7,54424.7
22581,3041.8,47000.5
22582,3770.6,39793.1
22583,4457.7,36420
22584,4339,34561.8
22585,4667.3,32175.8
22586,5136.1,29646.9
22587,5628.6,27636.4
22588,5442.4,35789.9
22589,1891.8,43506.4
22590,2374.3,121271.8
22591,0,178041.1
22592,0,207467.9
22593,0,226203.1
22594,0,238544.8
22595,0,260988.8
22596,0,276084.9
22597,0,290740
22598,0,307193
22599,0,321972.3
22600,0,329307
22601,0,341104.4
22602,0,250426.1
22603,0,240794.5
22604,0,164359.9
22605,0,149271.7
22606,0,118750.1
22607,0,102720.1
22608,0,83579.4
22609,0,80046
22610,0,70973.1
22611,0,63797.9
22612,0,83424.1
22613,0,94776.7
22614,0,181021.1
22615,0,233691.4
22616,0,254870.4
22617,0,269929.3
22618,0,271872.2
22619,0,284415.3
22620,0,296479.4
22621,0,312738.3
22622,0,326202.2
22623,0,339442.9
22624,0,345379.4
22625,0,357426.3
22626,0,267457.3
22627,0,252109.7
22628,0,172891.5
22629,0,156308.2
22630,0,125426
22631,0,109934.5
22632,0,90522.2
22633,0,84938.5
22634,0,76222
22635,0,69640.6
22636,0,87298.6
22637,0,94781.1
22638,0,180822.8
22639,0,235344.1
22640,0,258185.4
22641,0,271796.4
22642,0,280779.3
22643,0,298843.8
22644,0,310774.8
22645,0,322910
22646,0,337737
22647,0,351578.8
22648,0,357171.1
22649,0,369255.1
22650,0,278663.4
22651,0,262960.7
22652,0,180742
22653,0,163416.5
22654,0,132297.3
22655,0,116451.6
22656,0,97071.8
22657,0,91760
22658,0,82787.8
22659,0,75481.5
22660,0,93671.9
22661,0,101074.8
22662,0,192783.2
22663,0,235293.9
22664,0,255254.7
22665,0,265549.7
22666,0,274042.5
22667,0,282697.3
22668,0,291738.1
22669,0,298459.7
22670,0,305033.1
22671,0,311104.1
22672,0,310163.7
22673,0,318615.9
22674,0,221839.1
22675,0,216007.7
22676,0,144995.4
22677,0,134318.5
22678,0,106772.9
22679,0,94447.8
22680,0,80101
22681,0,78539.6
22682,0,73010.2
22683,0,68047.4
22684,0,86028
22685,0,94565.2
22686,0,184169.2
22687,0,229670.1
22688,0,252433.6
22689,0,268311.8
22690,0,280897.1
22691,0,298676.1
22692,0,314214.8
22693,0,327833.4
22694,0,342192.9
22695,0,356690
22696,0,363592.4
22697,0,376043.9
22698,0,284561.9
22699,0,266585.4
22700,0,184009.8
22701,0,167509.4
22702,0,136378.7
22703,0,121323.8
22704,0,102455.4
22705,0,96603.2
22706,0,86476.1
22707,0,77909.8
22708,0,73876.4
22709,0,68940.6
22710,0,81232.2
22711,0,111643.2
22712,0,126719.6
22713,0,165596.6
22714,0,188143.6
22715,0,198281.2
22716,0,206641.8
22717,0,215373.2
22718,0,226922.6
22719,0,190842.5
22720,0,193706.3
22721,0,200226.4
22722,0,188322.2
22723,0,178405.3
22724,0,118224
22725,0,103072.7
22726,0,85820.7
22727,0,74086.9
22728,43.2,55405.1
22729,0,54662
22730,0,48600.6
22731,0,42708.4
22732,0.5,40579.2
22733,9.4,37048.4
22734,832.4,50007.2
22735,1.5,59612.2
22736,238.1,73599.9
22737,0,85560.1
22738,0,90903.4
22739,0,94378
22740,0,97465.1
22741,0,101739.6
22742,0,105491.5
22743,0,112405.8
22744,4.2,118876.4
22745,1782.3,101340
22746,760.9,90240.5
22747,1299.6,79527.9
22748,4987.1,49670.4
22749,2705.9,45763
22750,3469.4,37585.1
22751,4212.7,33244.5
22752,4155.1,30555.3
22753,4535.2,27946.4
22754,5037.2,25430.4
22755,5557,23335.9
22756,5382,31175.5
22757,1801.6,39284.9
22758,2338.9,105359.3
22759,0,159148.9
22760,0,185428.5
22761,0,198683.5
22762,0,205784.6
22763,0,223568.8
22764,0,239584.9
22765,0,259974.3
22766,0,277150.3
22767,0,293472.2
22768,0,302498.2
22769,0,314417.7
22770,0,222806
22771,0,212945.6
22772,0,139351.8
22773,0,127541.4
22774,0,99763.9
22775,0,83544.6
22776,0,65747.4
22777,0,63990.2
22778,0,57503.6
22779,0,52211.2
22780,0,67367.4
22781,0,77569.1
22782,0,158983.1
22783,0,216911.8
22784,0,245213.9
22785,0,260978
22786,0,272970.3
22787,0,292518.6
22788,0,306990
22789,0,319978
22790,0,335440.5
22791,0,349644.4
22792,0,355073.8
22793,0,365909.7
22794,0,272785.6
22795,0,248889.2
22796,0,177350.2
22797,0,165623.3
22798,0,138640.8
22799,0,124937.9
22800,0,107663.8
22801,0,101089.1
22802,0,90706.5
22803,0,81959.4
22804,0,100881.6
22805,0,109010.6
22806,0,195264.1
22807,0,250957.1
22808,0,272786.7
22809,0,287026.1
22810,0,294450.6
22811,0,314946
22812,0,322955.6
22813,0,338969.5
22814,0,354688.1
22815,0,367851.1
22816,0,368375.4
22817,0,372202.4
22818,0,273979.5
22819,0,258070
22820,0,185896.7
22821,0,173517
22822,0,145782
22823,0,132734.7
22824,0,117120.5
22825,0,111584.4
22826,0,101328.4
22827,0,92100.9
22828,0,112010.6
22829,0,119720.8
22830,0,212013.2
22831,0,254307.7
22832,0,272934.3
22833,0,283479
22834,0,296789.1
22835,0,317032.6
22836,0,329305.9
22837,0,340869.8
22838,0,353956.9
22839,0,364720.8
22840,0,365844.2
22841,0,377379
22842,0,284222.2
22843,0,260873.9
22844,0,182701.5
22845,0,168535.5
22846,0,139106.1
22847,0,123672.1
22848,0,104327
22849,0,97723.9
22850,0,87233.8
22851,0,79057.2
22852,0,98347.1
22853,0,105768.8
22854,0,197051
22855,0,246399.7
22856,0,270076.5
22857,0,286603.3
22858,0,298196.4
22859,0,318732.1
22860,0,331657
22861,0,344288.9
22862,0,360619.8
22863,0,372302.6
22864,0,359146.3
22865,0,365816.3
22866,0,273842.4
22867,0,264892.8
22868,0,187026.2
22869,0,173013.1
22870,0,144558.8
22871,0,131117.9
22872,0,115059.9
22873,0,107870.7
22874,0,96775.3
22875,0,86425.7
22876,0,81723.7
22877,0,76093.2
22878,0,87022.8
22879,0,112607.1
22880,0,124412.1
22881,0,162577.9
22882,0,182629.7
22883,0,195092.6
22884,0,202708.4
22885,0,207760.2
22886,0,218917.5
22887,0,178818.7
22888,0,181384.9
22889,0,183887.1
22890,0,167615.1
22891,0,160994
22892,0,103799.5
22893,0,90824.2
22894,0,76584.7
22895,0,66765.8
22896,12.1,50849.8
22897,0,50070.1
22898,0,45105.3
22899,0,40936
22900,0,40148.1
22901,0,36701.4
22902,784.1,50254.7
22903,0,62207.8
22904,177.4,76307.6
22905,0,89153
22906,0,94333.7
22907,0,98446.2
22908,0,99383.7
22909,0,106009
22910,0,113762
22911,0,120708.3
22912,567.9,118972.9
22913,1538.6,98647.7
22914,496.5,81529.9
22915,970.2,71489
22916,1508.8,53878.6
22917,2225.7,46861.2
22918,2990.5,38539
22919,3743.5,33637.1
22920,7087.3,26093.9
22921,3976.1,28671.7
22922,4460.5,25983.4
22923,4979,23566.7
22924,4755.2,31884.6
22925,1355.2,40092.3
22926,2074.4,107069.8
22927,0,159990.7
22928,0,188166.4
22929,0,209413.2
22930,0,213560.2
22931,0,232255.2
22932,0,251976.2
22933,0,270489.6
22934,0,286274.4
22935,0,296720.3
22936,0,295170.3
22937,0,298101.6
22938,0,207061.7
22939,0,201977.7
22940,0,135475.5
22941,0,127488.1
22942,0,102728.1
22943,0,89258.5
22944,0,71680.4
22945,0,69552.5
22946,0,62264.2
22947,0,56490.8
22948,0,75104.6
22949,0,84788.7
22950,0,168262.4
22951,0,219697.9
22952,0,239683
22953,0,249879.4
22954,0,258348.1
22955,0,268620.9
22956,0,276989.9
22957,0,289791
22958,0,298540.7
22959,0,306892.4
22960,0,319278.8
22961,0,322279.6
22962,0,237817.3
22963,0,223479.1
22964,0,147497.1
22965,0,134108.3
22966,0,105358.2
22967,0,90675.9
22968,0,74605.3
22969,0,71499.9
22970,0,64949.6
22971,0,59351.3
22972,0,76377.4
22973,0,84188.4
22974,0,164879.8
22975,0,219326
22976,0,246120
22977,0,262348.9
22978,0,273357.4
22979,0,292636.4
22980,0,301769.9
22981,0,316659.6
22982,0,333257.6
22983,0,346527.4
22984,0,347110.9
22985,0,343060.3
22986,0,248296.1
22987,0,234983.5
22988,0,163804.5
22989,0,152534
22990,0,124700.5
22991,0,110837.1
22992,0,91727.9
22993,0,87717.6
22994,0,78701.6
22995,0,71043.8
22996,0,89608.5
22997,0,97732.8
22998,0,187831.3
22999,0,234369.9
23000,0,256731.5
23001,0,265772.4
23002,0,276034.6
23003,0,284654.9
23004,0,296569
23005,0,310959.7
23006,0,320404.2
23007,0,321560.9
23008,0,321084.6
23009,0,336997
23010,0,237024.2
23011,0,221756.5
23012,0,147723.5
23013,0,135332.7
23014,0,105545.5
23015,0,91276.2
23016,0,75811.8
23017,0.5,73446.7
23018,61.9,67236.9
23019,203.8,61503.9
23020,26.5,78498.5
23021,39.2,86398.9
23022,0.9,155464.7
23023,0,214174.8
23024,0,237618.1
23025,0,252838.9
23026,0,264852.4
23027,0,284855.9
23028,0,296637.6
23029,0,309474.4
23030,0,325006.7
23031,0,337928.7
23032,0,341868.4
23033,0,344253.6
23034,0,245067.5
23035,0,229293
23036,0,155474.5
23037,0,144065.6
23038,0,114634.2
23039,0,98487
23040,0,80093.4
23041,0,76886.1
23042,0.4,68951.6
23043,73.5,62798.2
23044,251.8,60046.6
23045,446.4,55647.3
23046,545,68522
23047,32.2,98152.2
23048,0,112915.1
23049,0,148296.4
23050,0,168491.7
23051,0,179001.5
23052,0,189222.7
23053,0,199935.7
23054,0,213731.4
23055,0,179368.9
23056,0,182983.2
23057,0,190646.1
23058,0,178462.3
23059,0,167679.1
23060,0,106854.6
23061,0,92419.9
23062,0,76708.2
23063,0,65964.7
23064,17.2,49035.9
23065,0,48321.2
23066,0.1,43309.1
23067,9,38797.9
23068,22.1,38000.1
23069,90.5,34957.4
23070,930.4,48919.5
23071,176.4,60725.2
23072,480,75033.2
23073,129.5,87991.9
23074,10.8,93969.5
23075,0,99545.5
23076,0,103950.5
23077,0,108891.6
23078,0,113762.7
23079,11.5,112653.3
23080,779.4,105965.8
23081,1915.2,93376.8
23082,895.8,74861.9
23083,1376.6,65908.3
23084,1899.7,50603.4
23085,2610.5,46144.1
23086,3348.5,39098.1
23087,4082.6,35166.8
23088,4001.3,32792.4
23089,4360.6,30278.4
23090,4850.9,27753.3
23091,5347.8,25631.6
23092,5146.1,33010.3
23093,1642.6,41098.9
23094,2230.7,109935.5
23095,0,160368.1
23096,0,187623.6
23097,0,203619.5
23098,0,210080.8
23099,0,226879.4
23100,0,236811.6
23101,0,246795.2
23102,0,256647.1
23103,0,265866.3
23104,0,267431.9
23105,0,275998.6
23106,0,187030.5
23107,0,181446
23108,0,113521.5
23109,0,104975.9
23110,0,79765.9
23111,0,67172.2
23112,0,54401.1
23113,0,54714.8
23114,0,50899.7
23115,0,46992.4
23116,0,62010.3
23117,0,71158
23118,0,149927.2
23119,0,200582.8
23120,0,225014
23121,0,237594.1
23122,0,248259
23123,0,256954.4
23124,0,266204
23125,0,274429.1
23126,0,281621.3
23127,0,287987.9
23128,0,289592.9
23129,0,299347.6
23130,0,205391.8
23131,0,198265
23132,0,128825.1
23133,0,117894
23134,0,91544.1
23135,0,79479.8
23136,0,65156.9
23137,0,63791.3
23138,0,58458.6
23139,10.2,54452.7
23140,0,71188
23141,0,78808.5
23142,0,159442.4
23143,0,207962.9
23144,0,232071.5
23145,0,245200.4
23146,0,250345.1
23147,0,267032.4
23148,0,281153.3
23149,0,291790.3
23150,0,302621.9
23151,0,312916.5
23152,0,323174.8
23153,0,342021.3
23154,0,252919.5
23155,0,235064.3
23156,0,158912.9
23157,0,145727.2
23158,0,117331.4
23159,0,102365
23160,0,83867.2
23161,0,81096.3
23162,0,73418.8
23163,0,67533.7
23164,0,86021.7
23165,0,94085.9
23166,0,184995.9
23167,0,234100.5
23168,0,259151.4
23169,0,276355.8
23170,0,288991.6
23171,0,309666.5
23172,0,323172.3
23173,0,336713.5
23174,0,352063.3
23175,0,365405.7
23176,0,370877.7
23177,0,381191
23178,0,286418.2
23179,0,265408.7
23180,0,184705
23181,0,169800.2
23182,0,138816.4
23183,0,123900.6
23184,0,105050.1
23185,0,98324.4
23186,0,87071.7
23187,0,77650.6
23188,0,95964.2
23189,0,102861
23190,0,194241.2
23191,0,242815.4
23192,0,267344.2
23193,0,285082.7
23194,0,296922
23195,0,317579.3
23196,0,331550.8
23197,0,345852.9
23198,0,363075.9
23199,0,378309
23200,0,383716.6
23201,0,396384.2
23202,0,301245
23203,0,276655.9
23204,0,194154.5
23205,0,179066.2
23206,0,148781.1
23207,0,133516.9
23208,0,115761.9
23209,0,108448.1
23210,0,97239.7
23211,0,87151.3
23212,0,82418
23213,0,76632
23214,0,89200.1
23215,0,117630.1
23216,0,134926.2
23217,0,178010.5
23218,0,200721.4
23219,0,209421.5
23220,0,219073.7
23221,0,227764
23222,0,237908.4
23223,0,201502.5
23224,0,205846.5
23225,0,204022.3
23226,0,187374.3
23227,0,172691.3
23228,0,114599.6
23229,0,101952.9
23230,0,87133.1
23231,0,76450.1
23232,29.7,59466.3
23233,0,58622.7
23234,0,52315.9
23235,0,45945.2
23236,0,43278.7
23237,4.9,39134.5
23238,811.7,52808.9
23239,0,62498.8
23240,224.2,72589.3
23241,0,83254.7
23242,0,86448.3
23243,0,90153.2
23244,0,91274.7
23245,0,96618.8
23246,0,102742.5
23247,0,105822.8
23248,6.4,105196.7
23249,1771.3,84945.3
23250,775.7,67204.9
23251,1304.9,59526.5
23252,1926.1,43993.6
23253,2715,39208.1
23254,3511,31968.3
23255,4292,28145.9
23256,4252.3,25810.3
23257,4759.2,23368.1
23258,5475,21427.8
23259,6186.9,19600.7
23260,5691.2,26836.3
23261,2076.8,34499.8
23262,2438,98547.2
23263,0,154554.9
23264,0,175028.7
23265,0,190931.5
23266,0,199147.9
23267,0,220152
23268,0,237501
23269,0,258045.8
23270,0,274038
23271,0,292683.5
23272,0,300736.9
23273,0,312235.1
23274,0,221634.7
23275,0,209600.5
23276,0,137562.9
23277,0,126784.2
23278,0,99606.8
23279,0,84577.1
23280,0,66700.3
23281,0,64597.4
23282,0,57670.5
23283,0,53018.8
23284,0,69753
23285,0,79491.4
23286,0,162443.6
23287,0,216697.1
23288,0,241376.6
23289,0,252936.6
23290,0,268956.7
23291,0,289552
23292,0,294861.5
23293,0,300171.9
23294,0,305684.4
23295,0,312925.6
23296,0,311982.5
23297,0,321644
23298,0,237584.2
23299,0,221396.5
23300,0,150723.4
23301,0,140318.3
23302,0,113476.4
23303,0,99301.9
23304,0,81526.2
23305,0,78576.8
23306,0,71070.2
23307,0,64886.6
23308,0,82543.1
23309,0,90515.7
23310,0,173676.9
23311,0,227839.1
23312,0,253411.6
23313,0,268966.7
23314,0,280749.4
23315,0,302657
23316,0,317449.7
23317,0,331409.6
23318,0,345982.5
23319,0,357321.6
23320,0,355299.3
23321,0,362797.8
23322,0,259892.2
23323,0,242258.5
23324,0,169067.4
23325,0,156527.6
23326,0,127697.6
23327,0,112714.4
23328,0,93704.1
23329,0,88460.8
23330,0,78972.3
23331,0,71810.3
23332,0,90624.6
23333,0,97790.4
23334,0,187140.4
23335,0,234094.1
23336,0,259586.7
23337,0,276692.4
23338,0,288916.3
23339,0,309756.9
23340,0,323404.8
23341,0,336345.2
23342,0,351068.2
23343,0,363643.6
23344,0,365736.6
23345,0,370517.2
23346,0,272686
23347,0,253283
23348,0,179389.2
23349,0,167442.1
23350,0,139556.8
23351,0,125555.4
23352,0,107735
23353,0,102673.2
23354,0,92586.8
23355,0,83542.6
23356,0,102516.7
23357,0,110347.7
23358,0,190617.9
23359,0,242058.2
23360,0,263978
23361,0,276857.7
23362,0,286349.6
23363,0,295523.1
23364,0,306759
23365,0,314881.8
23366,0,320924.5
23367,0,328871.1
23368,0,339439.9
23369,0,342864.4
23370,0,257280.5
23371,0,238726.5
23372,0,164572.8
23373,0,153155.6
23374,0,126471.2
23375,0,111382.7
23376,0,92724.1
23377,0,88216.9
23378,0,79638.5
23379,0,72112.8
23380,0,69899.1
23381,0,65924.2
23382,0,77949.4
23383,0,103132.9
23384,0,114884
23385,0,142857.4
23386,0,158524.6
23387,0,168848.4
23388,0,182489.4
23389,0,193818.6
23390,0,206965.2
23391,0,177040
23392,0,175795.3
23393,0,166615.3
23394,0,148591.3
23395,0,141523.7
23396,0,86296.7
23397,0,76474.8
23398,0,63294.2
23399,0,56508.4
23400,17.6,44160
23401,7.6,44432.5
23402,86.4,39902.4
23403,174.4,35694.7
23404,364.7,35000.1
23405,612.1,32462.2
23406,1588.2,45522.4
23407,815.8,52199.5
23408,691.3,62860.6
23409,394.9,75766.6
23410,315.1,77646.7
23411,161.3,80710.9
23412,14.7,86453.9
23413,0,92954.3
23414,0,100538.9
23415,0,101702.3
23416,816.9,100883.8
23417,2567.6,85661.2
23418,1852.9,71642.3
23419,2658.6,61872.2
23420,3440.6,45554.8
23421,4356.7,40819.1
23422,5262.5,33743.2
23423,6134.1,30047.6
23424,6990.2,27030.1
23425,7840.3,23958.6
23426,8718.1,21638.2
23427,9662,19698.9
23428,10594.5,21409.3
23429,11553.8,20988.8
23430,17052.5,37779.4
23431,13490.7,46490.9
23432,11903.7,52831.4
23433,7820,61735.9
23434,7882.1,63977.7
23435,7963.9,67864.1
23436,11446.3,70571.4
23437,8393,82941.8
23438,8584.9,88761.4
23439,8751.9,93639.1
23440,12148.7,89547.2
23441,17608.9,76371.1
23442,15068.3,61503.2
23443,16094.8,50839.9
23444,16957.1,34674.5
23445,17764.5,30182.8
23446,18566.1,23827.6
23447,19366.5,21015.2
23448,18554.5,19401.2
23449,19112.3,17844.6
23450,19964.5,16288.9
23451,20858.2,14988.7
23452,17288.7,17480.3
23453,11642.3,22557.6
23454,11216.5,74926.5
23455,620.1,125815.2
23456,0,148142.4
23457,0,165615.5
23458,0,174637.5
23459,0,197964.4
23460,0,213511.8
23461,0,232314.3
23462,0,251801.4
23463,0,265807.4
23464,0,273663.2
23465,0,286992.4
23466,0,194339.1
23467,0,174028.8
23468,0,111348.1
23469,0,97101.3
23470,0,69921.6
23471,15.5,56003.2
23472,159.5,44470.7
23473,399.4,44990.1
23474,829.7,40803.3
23475,1603.2,37043.3
23476,1481.4,50621.2
23477,1836.2,60554.7
23478,710.1,122909.7
23479,7,175504.6
23480,0,197259.9
23481,0,216029.5
23482,0,228740.4
23483,0,251165.7
23484,0,264823.2
23485,0,278881.9
23486,0,295053.9
23487,0,311577.7
23488,0,319611.9
23489,0,330218
23490,0,237018.2
23491,0,214545.7
23492,0,144007.5
23493,0,130429.8
23494,0,101872.1
23495,0,86339.4
23496,9.2,69107.8
23497,54.2,67429
23498,166.3,62001.3
23499,288.9,56623.7
23500,181.3,73471.4
23501,243.4,80861.9
23502,0,148552.9
23503,0,205176.5
23504,0,226970.6
23505,0,245508.6
23506,0,257733.8
23507,0,277575.2
23508,0,290029.7
23509,0,302517.9
23510,0,318400.4
23511,0,332679.5
23512,0,336184.7
23513,0,342942
23514,0,242012.1
23515,0,222649.1
23516,0,156473.2
23517,0,146888
23518,0,120656.4
23519,0,106435.6
23520,0,89283.1
23521,0,86300.4
23522,0,77805
23523,0,70847.7
23524,0,88899.9
23525,0,95806.7
23526,0,170118.7
23527,0,222602.9
23528,0,242514
23529,0,253371.2
23530,0,267865.6
23531,0,286589.9
23532,0,300195.5
23533,0,309717.4
23534,0,325657.4
23535,0,340023.1
23536,0,345187.3
23537,0,354658.4
23538,0,258239.9
23539,0,232490.6
23540,0,157865.5
23541,0,144036.3
23542,0,115617.2
23543,0,100165.6
23544,0,83061.3
23545,0,80383.5
23546,3.4,74272
23547,25.5,68435.9
23548,100.9,66175.5
23549,197.4,61792.1
23550,306.2,73328
23551,13.5,102571.4
23552,0,117779.5
23553,0,147821.2
23554,0,166798.2
23555,0,177670.6
23556,0,186797.1
23557,0,195801.2
23558,0,207556.6
23559,0,179201.7
23560,0,186967.9
23561,0,186114
23562,0,169086.9
23563,0,152682
23564,0,92753.7
23565,0,81464.9
23566,0,68348.9
23567,9,60300.2
23568,37.1,51336.8
23569,185.4,44472.7
23570,526.4,39591.8
23571,1184.3,35120.2
23572,1853.5,33691.7
23573,2513.4,30742.4
23574,4189.7,42478.1
23575,4069.1,48867.3
23576,2823.3,62715
23577,2007,79562.7
23578,1669.6,84397.9
23579,1150.7,87609
23580,538.9,88712.2
23581,91.1,89281.7
23582,57.5,89982.6
23583,148.6,87826.5
23584,13098.1,67777.9
23585,3186.2,66790.5
23586,2461.7,55401.2
23587,3292.5,50432.6
23588,4056.3,36991.3
23589,4926.7,33020.9
23590,5897.5,26787.8
23591,6885.6,23842.6
23592,6352.1,21973.6
23593,6928.7,20257.5
23594,7651.4,18601.9
23595,8433.5,16894.5
23596,6458.8,23491.8
23597,2810.3,30651.3
23598,2761.5,89995.1
23599,0,143096.4
23600,0,164358.9
23601,0,181556
23602,0,193710.1
23603,0,218580.8
23604,0,235065.9
23605,0,251080.3
23606,0,268260.4
23607,0,283930
23608,0,290319.4
23609,0,300448.8
23610,0,204707.4
23611,0,188678.9
23612,0,124711.1
23613,0,113615.9
23614,0,86862.1
23615,0,73827.2
23616,0,59728.2
23617,0,59851.5
23618,0,55173.7
23619,0,51525
23620,0,67285.2
23621,0,76661.1
23622,0,151291.1
23623,0,199873.3
23624,0,222492.8
23625,0,235771.5
23626,0,248685.3
23627,0,259512.5
23628,0,267878.7
23629,0,275667.6
23630,0,283188.6
23631,0,287253.8
23632,0,290736.7
23633,0,298384.4
23634,0,199293
23635,0,189632.8
23636,0,124295.8
23637,0,112921.7
23638,1.2,87886.3
23639,129,75793.3
23640,383.8,63018.9
23641,676.7,61203.1
23642,933.4,55873.8
23643,1228.6,51573.8
23644,877.4,68122
23645,1172.6,75342
23646,225.8,138726.5
23647,0,193318
23648,0,214163.4
23649,0,232117.6
23650,0,244564.1
23651,0,265856.4
23652,0,279277.7
23653,0,292483.7
23654,0,307218.4
23655,0,321788
23656,0,326171.4
23657,0,335747.5
23658,0,239456.9
23659,0,215448.7
23660,0,144964.7
23661,0,133478.8
23662,0,105985.6
23663,0,90994
23664,0,74599.1
23665,7.8,72955.2
23666,99.9,66559.8
23667,217.8,60504.5
23668,101.6,77351.9
23669,188.1,83867.6
23670,0,152759.9
23671,0,203122.8
23672,0,231605.5
23673,0,250210.9
23674,0,262068.4
23675,0,281431
23676,0,293507.8
23677,0,306773.8
23678,0,322205
23679,0,336442.2
23680,0,339668.6
23681,0,347972.7
23682,0,226377.4
23683,0,225547.5
23684,0,154142.5
23685,0,141633.3
23686,0,113061.8
23687,0,96249.2
23688,2.6,77647.6
23689,41.4,75239.1
23690,148.2,69476.5
23691,257.6,63783.9
23692,112.4,80728.9
23693,126.3,88086.6
23694,0,157007.8
23695,0,205433
23696,0,230220.5
23697,0,244627.7
23698,0,256701.4
23699,0,269498.4
23700,0,283262.1
23701,0,293127.7
23702,0,299554
23703,0,306095.2
23704,0,300536.3
23705,0,307074.4
23706,0,207836.5
23707,0,199363.5
23708,0,132219.6
23709,0,122433.6
23710,0,97378.3
23711,0,85110.6
23712,6.3,71427.4
23713,59.2,70845.6
23714,120.7,64997.7
23715,218.9,59189.8
23716,353.8,56923.4
23717,466,53776.6
23718,556.5,65823.7
23719,191.2,88532.3
23720,82.5,99057.6
23721,0,123058.4
23722,0,134522.1
23723,0,139439.4
23724,0,142947.1
23725,0,146555.1
23726,0,152161.6
23727,0,119320.5
23728,0,122312.9
23729,0,121546
23730,0,107535.6
23731,0,104233.6
23732,0,64845.7
23733,0,61244.2
23734,0,53160.9
23735,0,48434.1
23736,44.5,42969.3
23737,112.2,38761.3
23738,252.9,35023
23739,463.8,31102.7
23740,599.4,30479.4
23741,737.1,27865.9
23742,1752,40771.2
23743,936.6,47557.2
23744,970.5,59203.9
23745,419.1,75727.8
23746,287.6,84852.8
23747,46.1,93115.3
23748,0,99761.6
23749,0,106927.1
23750,23.7,116114.5
23751,100.2,123496.8
23752,1127.4,124105.5
23753,3201.8,105404.2
23754,4995.6,78002.9
23755,3228.6,70260.6
23756,7090.5,46231.5
23757,4911.1,43941.7
23758,5760.5,36082.2
23759,6581.3,32398.3
23760,5890,29816.4
23761,6251.9,27141.3
23762,6754.5,24883.2
23763,7303.4,22554.2
23764,5714.3,30699.6
23765,2119.1,38433.1
23766,2488.6,100678
23767,0,146380.1
23768,0,172668.1
23769,0,197696.5
23770,0,208843.9
23771,0,236697.7
23772,0,251151.3
23773,0,266785.9
23774,0,276459.9
23775,0,280742.1
23776,0,283309.9
23777,0,291221.7
23778,0,194981
23779,0,186203.9
23780,0,126564.1
23781,0,117485.3
23782,0,89970.6
23783,0,75750.8
23784,0,60516.4
23785,0,59825.8
23786,0,55344.4
23787,0,51621.1
23788,0,67208
23789,0,76085.3
23790,0,150783.3
23791,0,201549.1
23792,0,226950.7
23793,0,238872
23794,0,247771.7
23795,0,265171
23796,0,275761.2
23797,0,286198.3
23798,0,294903.4
23799,0,299780
23800,0,300604.5
23801,0,308001.3
23802,0,211504
23803,0,204045.6
23804,0,141786.6
23805,0,131462.3
23806,0,104512.9
23807,0,89127.3
23808,0,71951.9
23809,0,68751.6
23810,40.7,60752.8
23811,221.7,55832.5
23812,34.5,72451.6
23813,125.8,79597
23814,0,150073.8
23815,0,195925.4
23816,0,219162.3
23817,0,231788.1
23818,0,242618
23819,0,252742.4
23820,0,261828.5
23821,0,269793.8
23822,0,276470.1
23823,0,282056.4
23824,0,283591
23825,0,289157.5
23826,0,192279.4
23827,0,182372.2
23828,0,117993.8
23829,0,108128
23830,146,85665.2
23831,376,75842.1
23832,576.3,63851.9
23833,816.7,62255.6
23834,1078.9,56976.8
23835,1365.6,52622.1
23836,843.6,69700.3
23837,959.7,76825.8
23838,14.5,141700.5
23839,0,192357.8
23840,0,208266
23841,0,220449.7
23842,0,231789.9
23843,0,243265.2
23844,0,253921.5
23845,0,262873.1
23846,0,271274.6
23847,0,294334.4
23848,0,289003.8
23849,0,300303
23850,0,183201.9
23851,0,184192.8
23852,0,118860.8
23853,0,108834
23854,18.1,86353.6
23855,124.8,76479.9
23856,298.9,64632.4
23857,430.1,63767.8
23858,527.7,58186.4
23859,640.6,53642.5
23860,314.7,70602.9
23861,313.5,77763.7
23862,0,145893
23863,0,197924
23864,0,213849.1
23865,0,225368.1
23866,0,235249.4
23867,0,244803.2
23868,0,254372.6
23869,0,264342.8
23870,0,269472.4
23871,0,276515.2
23872,0,274282.9
23873,0,283432.4
23874,0,188000.1
23875,0,179914.3
23876,0,114996.6
23877,0,105646.7
23878,193.3,83760.1
23879,442.1,73641.1
23880,661.9,61856.5
23881,853.5,60921.1
23882,1097.6,56199.1
23883,1544.7,51492.6
23884,2072.8,49932.9
23885,2550.9,46785.8
23886,3211.6,56334.4
23887,2054.8,82788.9
23888,1488.2,98854.5
23889,573.4,127480.7
23890,281.6,144022.8
23891,47.2,152552.2
23892,0,159285.2
23893,0,167496.6
23894,0,176636.3
23895,0,142786.4
23896,0,153135.1
23897,0,152454.7
23898,0,132393.2
23899,0,108302.8
23900,7.9,66358.5
23901,37.7,61433.7
23902,186.9,52618.3
23903,401.1,47567.2
23904,988.7,42166.1
23905,1532.7,37957.8
23906,2173.1,33853.8
23907,2707.6,30200.5
23908,3540.4,29471.8
23909,4270.8,26664.2
23910,5847.3,38446.5
23911,5130.7,45906.3
23912,3325.7,58342.9
23913,2250.3,69944.9
23914,1892,74540.9
23915,1501.7,81446.1
23916,1184.4,88595.9
23917,904.9,94463.2
23918,633.9,100443.7
23919,437.2,105344.2
23920,417.1,106166.4
23921,3608.6,83330.1
23922,5605.1,61991.7
23923,3699.8,55979.4
23924,4445.9,40735.7
23925,5302.9,35852.8
23926,6235.9,28932.9
23927,7246,25165.4
23928,6722.5,22546.4
23929,7336.5,19906.9
23930,8118.2,18113.5
23931,8961.2,16663.2
23932,7224.8,23430.1
23933,3656.2,30210.3
23934,3018.7,87278.2
23935,0,138893.8
23936,0,161715
23937,0,180749.1
23938,0,192740.6
23939,0,215014.4
23940,0,229317.1
23941,0,236150.1
23942,0,238793.9
23943,0,243011.4
23944,0,242215.2
23945,0,251666.7
23946,0,158686.4
23947,0,152977.4
23948,0,93872.3
23949,0,85390
23950,159.5,65118.8
23951,291.7,57374.5
23952,461.9,47696.7
23953,601.6,48361.3
23954,819.2,44445.4
23955,1152.4,40725.1
23956,605,55599
23957,589.5,64784.7
23958,0,129247
23959,0,177792.1
23960,0,195938.4
23961,0,210628.6
23962,0,221847.3
23963,0,232210.9
23964,0,241274.9
23965,0,250902.8
23966,0,257498.2
23967,0,264224.4
23968,0,270485.8
23969,0,284590.3
23970,0,177343.3
23971,0,173015.5
23972,0,110111.9
23973,0,100460
23974,92.2,77639.5
23975,296.1,68080.9
23976,402.3,58577.8
23977,496.5,58389
23978,704.3,53666.4
23979,1094.2,49274.2
23980,603.5,65851.3
23981,670.1,73307.1
23982,0,137441.6
23983,0,188230.1
23984,0,206833.9
23985,0,218710.7
23986,0,228809.7
23987,0,240491.2
23988,0,250967.4
23989,0,262760.8
23990,0,273375.4
23991,0,282189.3
23992,0,279102.7
23993,0,284293.9
23994,0,184390.7
23995,0,176602.5
23996,0,112414.9
23997,2.7,102757.9
23998,193,80889.6
23999,412,71415
24000,641,60785.5
24001,801,60381.8
24002,1017.6,55647.7
24003,1413.4,51115
24004,890.4,67978.2
24005,929,75151.8
24006,54.3,138723.4
24007,0,188068.4
24008,0,203378.3
24009,0,215197.1
24010,0,226416.5
24011,0,234888.5
24012,0,243975.5
24013,0,254357
24014,0,265209.6
24015,0,268409.3
24016,0,262250
24017,0,268958.5
24018,0,173145.3
24019,0,165700.4
24020,172.6,102782.8
24021,384.5,95745.1
24022,739.8,77352.9
24023,954.3,69089
24024,1302.8,63627.9
24025,1698.7,58758.2
24026,2039.3,54011.6
24027,2332.5,49420.8
24028,1570.8,66565
24029,1469.9,73730.6
24030,161.2,136320.7
24031,0,184727.9
24032,0,200013.8
24033,0,213201.7
24034,0,224622.6
24035,0,236164.9
24036,0,247248.6
24037,0,256096.4
24038,0,264432.6
24039,0,270980.3
24040,0,268832.5
24041,0,277612.7
24042,0,180711.7
24043,0,173787.8
24044,0,110210.3
24045,0,101517
24046,130.9,79954.5
24047,313.2,70542.7
24048,456.3,64839.4
24049,588.8,60134.7
24050,712.6,55589.5
24051,909,51284.6
24052,1145.2,50307.2
24053,1339.6,47575.6
24054,1484,58730.1
24055,678.2,81839.3
24056,380.5,93170.2
24057,0,117207.1
24058,0,129063.5
24059,0,135168
24060,0,139887.7
24061,0,144738.5
24062,0,148235.2
24063,0,115354.4
24064,0,118870.1
24065,0,118291.6
24066,0,104974.2
24067,0,100349.7
24068,0,60240
24069,4.2,56434.1
24070,117.6,48700
24071,302.3,43945.9
24072,773.6,38343.4
24073,1260.5,33694.5
24074,1690.1,29674.8
24075,2366.7,25937.8
24076,3285.6,25514.2
24077,4433.1,23271.3
24078,6379,35083.9
24079,6116.3,41436.1
24080,15257,39607.6
24081,2177.4,71265.5
24082,1776,79281.8
24083,1318.8,85195.9
24084,861,90852.1
24085,435.3,96750.3
24086,244.3,102807.4
24087,349.8,108043.3
24088,1659.4,103553.7
24089,5558.7,84932.5
24090,4826,63572.8
24091,5720.3,53880
24092,6521,39012.6
24093,7455.2,34031.9
24094,8378.9,27165.9
24095,9296,23971
24096,8751.9,22026.2
24097,9444.8,19581.3
24098,10296.2,17561.1
24099,11179.5,16256.8
24100,7501.2,23210.7
24101,3824.9,30542.1
24102,3121.3,87848.2
24103,0,133684.6
24104,0,156736.7
24105,0,177958
24106,0,191212.5
24107,0,216059.5
24108,0,228826.5
24109,0,228232.3
24110,0,239085.4
24111,0,249512.8
24112,0,253023.6
24113,0,268238.5
24114,0,157980.6
24115,0,160114.5
24116,0,99835.4
24117,0,91433.5
24118,0,68824.4
24119,18.3,59497.8
24120,97.3,49603.8
24121,161.6,50119.7
24122,249.3,46208.1
24123,382.4,42605.6
24124,142.1,57422.8
24125,185.7,66391.6
24126,0,130086.2
24127,0,178456.8
24128,0,194971.3
24129,0,210360.1
24130,0,224911.2
24131,0,239274.1
24132,0,258963
24133,0,271743.7
24134,0,282346.9
24135,0,281603
24136,0,293446.1
24137,0,302961.7
24138,0,192898.1
24139,0,184846.2
24140,0,122424.7
24141,0,110724.2
24142,40.4,84483.6
24143,229.8,72234.9
24144,466.7,60565.2
24145,670.7,60025.6
24146,826.3,55570
24147,1257.4,51038.5
24148,1010.4,67251.5
24149,1314.6,74584.6
24150,232.8,139804.7
24151,0,183711.9
24152,0,205431.1
24153,0,222555.8
24154,0,233568.3
24155,0,245260.9
24156,0,258715.9
24157,0,268172.7
24158,0,282337.1
24159,0,290694.8
24160,0,282948.3
24161,0,291917.5
24162,0,182589.6
24163,0,176754.6
24164,23.9,113578.1
24165,191.9,103043.2
24166,517.6,81804.8
24167,888.2,72728.8
24168,1524.8,66024.7
24169,2243,61041.1
24170,2811.5,56172.8
24171,3334.2,51453.3
24172,2757.2,68235.5
24173,3150,74875.7
24174,1316.8,137897.5
24175,356.2,177827.9
24176,88.1,195189.9
24177,10.4,202380
24178,0,210386.3
24179,0,219848.3
24180,0,226514.5
24181,0,232850.8
24182,0,239475.8
24183,0,244876.6
24184,0,250152.6
24185,0,253567.3
24186,353.6,150172.6
24187,729.7,146979.9
24188,2256.5,92692.2
24189,3252.9,87968.6
24190,5273.8,72094.5
24191,6721.1,64968
24192,8202,59316.5
24193,9487.1,54173
24194,10677.6,49144.5
24195,11890.6,44220.4
24196,9620.7,60912.5
24197,10122.6,67564.7
24198,5101.1,125952.8
24199,3074.4,164803
24200,1623.5,178164.5
24201,801.8,193131.1
24202,336,208147.2
24203,5.5,221544.6
24204,0,230505.3
24205,0,234709.2
24206,0,241645.2
24207,0,250843.3
24208,0,250208.5
24209,0,263939.6
24210,18,159756.9
24211,199.5,149097.6
24212,1464.8,91053.1
24213,2010.4,86921.5
24214,3791.4,72358.3
24215,4921.4,65209.7
24216,6448,59493.1
24217,8194.4,54271
24218,9608.9,49225.3
24219,10993.1,44323.4
24220,12317.4,42460.3
24221,14622.4,39023.4
24222,14708.8,44795.8
24223,9247.2,70969.2
24224,6754,85459.9
24225,3992.6,114524.9
24226,3084.1,129634.1
24227,2300.9,136218.9
24228,1551.6,142920.4
24229,859.2,149856.6
24230,324.2,156907.1
24231,70,127141.5
24232,0,124217.2
24233,7.5,122593.5
24234,34,92449.4
24235,130.8,95838.5
24236,672.2,57198.9
24237,1230,53573.5
24238,2317.1,46042.8
24239,2981.8,41514.8
24240,4315.8,36126.2
24241,5719.4,31713.9
24242,6859.5,27930.2
24243,8165.9,24239.4
24244,9341.6,23492.5
24245,10499,21332.5
24246,12115.5,32841.8
24247,11638.3,39046
24248,6380.3,50842.8
24249,4679.3,59918.9
24250,4895.1,58917.3
24251,4658.4,59128.6
24252,5140.5,57974.7
24253,5395,57638.1
24254,5081.2,59243.4
24255,5473.8,59191.2
24256,5748.3,59258.4
24257,13835.2,45080.2
24258,13556.9,36481.3
24259,14731.4,34381.3
24260,19071.7,21650.9
24261,16857.6,22133.5
24262,17869.9,18025.4
24263,18779.1,16259.6
24264,20082.6,14817.1
24265,21406.8,13521.8
24266,22756.1,12384.4
24267,24335.4,11329.7
24268,25794.6,13009.8
24269,27289,12770.2
24270,33419.7,26774.8
24271,29478.3,33442.7
24272,21429,38743.9
24273,14893.8,49139.3
24274,14316.8,54642.2
24275,13762.8,57651.5
24276,13316.6,57307.7
24277,13003.7,62293.8
24278,12758.8,59974.7
24279,12601.6,57956
24280,12572.1,60226.6
24281,23818.1,51082
24282,20862.2,40258.8
24283,22040.3,37583.6
24284,28708.1,22596.7
24285,24355.5,22654.8
24286,25446.5,17810.2
24287,26352.3,16025.2
24288,25212.2,14879.9
24289,25395.5,13768.7
24290,25956.6,12567.6
24291,26395,11629.2
24292,20170.9,14582.8
24293,13474.5,19657
24294,13972.8,71778.1
24295,2172.7,118086.8
24296,116.2,136547.9
24297,0,150326.8
24298,0,156022
24299,0,173636.4
24300,0,183757.4
24301,0,193269.1
24302,0,201558.2
24303,0,207599.6
24304,0,207651.4
24305,0,220273
24306,0,129847.8
24307,0,125669.9
24308,107.3,73418.5
24309,312,67603
24310,614,52097.5
24311,823,45226.1
24312,1131.5,40280.1
24313,1505.4,36073.1
24314,1974.3,32318.1
24315,2541.3,28667.6
24316,1962.2,42588.5
24317,2139.3,51782
24318,645.4,110495.5
24319,75.3,156505.4
24320,0,175818.8
24321,0,193992.6
24322,0,207221.9
24323,0,229885
24324,0,243835.1
24325,0,257095.7
24326,0,272287.1
24327,0,285599.1
24328,0,288964.1
24329,0,292540.3
24330,0,176363.8
24331,0,175119.5
24332,0,112378.8
24333,0,101510.2
24334,44.7,77171.5
24335,174.7,68001.3
24336,292.9,58221.9
24337,383.7,57764.6
24338,590.1,53192.2
24339,976.6,49200.6
24340,618,65585.7
24341,816.9,72779.9
24342,82.2,134267.7
24343,0,180928.4
24344,0,197349.3
24345,0,210178.2
24346,0,223372
24347,0,238737.3
24348,0,259083.5
24349,0,273853.7
24350,0,284207.6
24351,0,279379.4
24352,0,278221.8
24353,0,284316.3
24354,0,183336.9
24355,0,175234.8
24356,0,114266.2
24357,16.1,104245.6
24358,233,81197.7
24359,435.8,71384
24360,675.1,65869.8
24361,846.8,61186
24362,1133.5,56572.7
24363,1535.4,52248.8
24364,966.4,69326.9
24365,982.2,76557.1
24366,40,143012.6
24367,0,186263.9
24368,0,200987.7
24369,0,210939.3
24370,0,217196.8
24371,0,225332.5
24372,0,233018.9
24373,0,239126.9
24374,0,247510.5
24375,0,250265.2
24376,0,256158.7
24377,0,264771.3
24378,0,165715.3
24379,0,157265.1
24380,514.3,98172.9
24381,829,91574.3
24382,1598.4,74301.7
24383,2496.3,67087.7
24384,3397.6,61493.9
24385,4280.4,56392.7
24386,5274.7,51521.3
24387,6319,46842.3
24388,6927.1,45275.2
24389,7766.3,42272.1
24390,7212.7,52014
24391,4423.9,74274
24392,3854.7,85124.3
24393,2467.4,109783.3
24394,1624.8,123164.8
24395,1157.5,127522.3
24396,788.7,131266
24397,498.2,135897.2
24398,231.3,138987.7
24399,169.6,108882.2
24400,64.1,109155
24401,104.6,105385.3
24402,429.6,93085.7
24403,863,90220
24404,2335.5,52460.1
24405,3449,48739.9
24406,5075.6,41284.3
24407,6351.2,36587
24408,8262,31170.8
24409,10534.5,27373.9
24410,12466.9,24111.6
24411,14369.8,21004.9
24412,15953.7,20548.9
24413,17844.5,18219.5
24414,21567.6,26908
24415,19189.5,33988.2
24416,14371.2,42582.1
24417,12790.8,49854.2
24418,11858.4,51873.1
24419,10009.1,54337
24420,9636.8,54798.9
24421,6689.2,58597.7
24422,6183.1,58688.6
24423,5566.9,59422.2
24424,5223.9,61589.1
24425,14348.1,44709.1
24426,15145.9,35080.7
24427,17440.7,32808
24428,23455.9,20314.2
24429,22788.5,20713.2
24430,25638.4,16516.5
24431,27759.1,14685.9
24432,27126.9,13487.6
24433,28640.1,12306.8
24434,30424.9,11178.9
24435,32293.3,10126.9
24436,22971,14419.7
24437,18493.4,18448.7
24438,10588.7,68889.9
24439,2841.8,107973.1
24440,1722.8,123524.1
24441,1167.3,132739.3
24442,717.9,141084.5
24443,266,149757.2
24444,12.8,159653.5
24445,0,174600
24446,0,188279.8
24447,0,205680.7
24448,0,211238.2
24449,0,219670.7
24450,9.7,112645
24451,120.5,111676.2
24452,1387,68294.6
24453,2551.5,65159.8
24454,4499.8,50976.6
24455,6229.9,43917.9
24456,8146.8,38488.9
24457,10282,33834.1
24458,12360.7,30242
24459,14818.9,27229.8
24460,11082.9,41396.9
24461,11698.2,50049.8
24462,5833.8,107227.1
24463,3900.1,146833.1
24464,2467.7,161088.2
24465,1717.5,174571.5
24466,1128.8,187368.1
24467,539.5,201007.1
24468,52.7,215298.2
24469,0,229931.8
24470,0,245333.6
24471,0,258046.1
24472,0,261645.9
24473,0,264763.7
24474,0,148071.4
24475,0.1,149615.6
24476,248.8,88992.9
24477,441.4,84386.8
24478,1173.6,69894.5
24479,1921.4,63379.4
24480,2510.8,58293.8
24481,3042.8,53421.1
24482,3591.2,48889.2
24483,4172.3,44847.2
24484,3301,61870.2
24485,3309.3,69391.7
24486,1354.4,132258.6
24487,209.8,168817.9
24488,20.3,182050.5
24489,0,191967
24490,0,199463.9
24491,0,207822.7
24492,0,215700.6
24493,0,223425.4
24494,0,230801.4
24495,0,243145.8
24496,0,253131.2
24497,0,262603
24498,0.5,151765.8
24499,75.3,146813.5
24500,1126.7,90533.3
24501,1772.5,85818.7
24502,3372.1,71073.5
24503,4553.6,63938.2
24504,5959.1,58422.8
24505,7433.8,53295.7
24506,8499.6,48477.7
24507,9376.1,44241.8
24508,6887,61088.2
24509,7002.3,68088.5
24510,2960.1,131389.3
24511,1406.9,165686.7
24512,577.2,178720.9
24513,89.8,188474.3
24514,0,199417.1
24515,0,213787
24516,0,229658.6
24517,0,239260
24518,0,242177.7
24519,0,248139.5
24520,0,247064.4
24521,0,258531.3
24522,0,159276.8
24523,13.1,150333.6
24524,600.4,92131.3
24525,1159.9,87114.8
24526,2565.6,72067.1
24527,3639,64957.3
24528,4570.7,59450.9
24529,5970.2,54379
24530,7141.6,49509.4
24531,8239.1,44837.4
24532,5890.3,61994.9
24533,5801.8,69038.7
24534,2488.5,127957.6
24535,970,167530.5
24536,258.6,180451.5
24537,7.6,191525.2
24538,0,205633.2
24539,0,223081.1
24540,0,236414.3
24541,0,243509.5
24542,0,255332.1
24543,0,262010.8
24544,0,264059.8
24545,0,271455.6
24546,0,166883.8
24547,0,158225.7
24548,208.4,97077.6
24549,484.4,90592.9
24550,1251.5,74231.5
24551,2136.5,67099.2
24552,3051.3,61439.7
24553,3905.6,56389.7
24554,5250.4,51276.8
24555,6791.1,46286.4
24556,7841.2,44456.9
24557,9231,41293.8
24558,9577.5,46928.5
24559,6356.4,72366.5
24560,4937.7,86676
24561,3152.8,116433.8
24562,2508.9,131346.9
24563,1902.3,136303.8
24564,1254.6,137121.7
24565,777.3,142269.2
24566,451.4,137535.6
24567,624.9,105330.6
24568,679.8,106994.3
24569,702.8,106180.7
24570,1033.1,94165.6
24571,1440,91314.4
24572,3145.4,53487
24573,4270.6,49818.8
24574,5759.9,42462.5
24575,7071.8,37752.5
24576,9464,32190.3
24577,11697.7,27834.6
24578,13838.6,24484.1
24579,15619.1,21436.3
24580,16618.9,21281.4
24581,17763.4,19266.9
24582,21323.3,27983.5
24583,18530.4,35730.3
24584,13220,45753.6
24585,11494.2,54094.4
24586,9471.1,57813.2
24587,7294.1,60441.3
24588,5582.9,61781.3
24589,5445,62727.4
24590,3687.4,73344.2
24591,3550.6,74500.5
24592,3589.2,72619.7
24593,9702.2,50468.7
24594,9292.2,38243.5
24595,10822.2,35412.8
24596,15922.7,22246.5
24597,14601.4,22683
24598,16559.9,18474.4
24599,18220.1,16661.7
24600,17245.8,15538.9
24601,18988.9,14103.1
24602,20282.1,12936.4
24603,20665.7,12066.3
24604,12766.6,16719.5
24605,8578.1,21774.3
24606,6108.6,75351.6
24607,165.4,117192.3
24608,0,134700.5
24609,0,151418.8
24610,0,165447.4
24611,0,189812.1
24612,0,205674.5
24613,0,220804.8
24614,0,235606.7
24615,0,248825
24616,0,253582.1
24617,0,256864.4
24618,0,155697.5
24619,0,148413.2
24620,0,89697.1
24621,0,81986.5
24622,160.9,62274.9
24623,312.2,54905.3
24624,391.2,50013.8
24625,642,46014.4
24626,1079.8,42284.5
24627,1471.3,38586.4
24628,1237.9,52522
24629,1281.3,61776
24630,44,123763.6
24631,0,168693.5
24632,0,185059.6
24633,0,194321.2
24634,0,204206.1
24635,0,211544.9
24636,0,218279.5
24637,0,224161
24638,0,229394.8
24639,0,233613.4
24640,0,236933.2
24641,0,239478.7
24642,400.9,140508.5
24643,693.3,138532.5
24644,2175.2,86063.2
24645,2820.3,82377.8
24646,4640.7,67763.5
24647,5863,60689.5
24648,7509.3,54970.4
24649,8909.8,49833.6
24650,10057.5,45171.3
24651,11128.9,40856.7
24652,8572.2,57700.3
24653,8639,65103.9
24654,4028.9,123233
24655,2388.8,161632.8
24656,1636.6,172705.8
24657,932.3,181000.1
24658,519,188142.9
24659,322.8,194933.6
24660,183.1,201337
24661,42.6,208246.8
24662,6.4,214040.1
24663,88.7,217684.1
24664,91.3,222638.7
24665,331.4,225954.9
24666,2399,133641
24667,2966.3,128363.9
24668,5828.7,84457.6
24669,6856.3,80873.4
24670,10168.6,65999.1
24671,11637.4,58834.4
24672,12769.6,53177.8
24673,13930.9,48162.3
24674,15167.1,43388.9
24675,16270.7,38966.2
24676,12518.7,56094
24677,12639.4,62726.6
24678,6136.5,121076.1
24679,4055.9,159343.1
24680,3211.8,169131.5
24681,2311.8,176697.8
24682,1676.6,183086.7
24683,1048.6,189107.6
24684,579.5,194984.2
24685,173.7,201641.8
24686,118.3,207054.1
24687,52,212876.7
24688,273.8,216887.7
24689,651.7,220581.5
24690,2938.9,130914.9
24691,3453,126825.6
24692,6483.9,82790.1
24693,7795,79237.1
24694,11014.9,64481.3
24695,12503,57318
24696,13743.4,51749
24697,15180.1,46936.9
24698,16620.5,42203
24699,17874,37685.8
24700,13568.4,55109.1
24701,13187,61698.3
24702,6172.9,120099.3
24703,4154.6,158527.6
24704,2634.4,169108.4
24705,1708.5,176220.5
24706,882,183173.4
24707,302.8,191415.2
24708,8.1,204082.1
24709,0,217827.2
24710,0,236043.5
24711,0,250112.7
24712,0,251350.3
24713,0,248355
24714,197.1,141033.8
24715,567.7,137442.3
24716,1887.2,86996.4
24717,3060.5,83600.3
24718,5067.7,68860.2
24719,6497.4,61774.4
24720,8104.2,56203.4
24721,9626.4,51081.3
24722,10835,46408.3
24723,12105.6,42084
24724,12955.4,40612.3
24725,14310.8,37645.8
24726,13750,43768.5
24727,8643.8,68899.4
24728,6488.3,82689.1
24729,3778.8,111084.5
24730,2953.9,126222.3
24731,2347.7,132297.6
24732,1792.8,139974.1
24733,1177.1,145667.3
24734,760,146713.9
24735,635.5,112817.3
24736,508.8,109851.8
24737,504.1,106808.5
24738,600.7,95309.9
24739,745.5,92653.3
24740,1795,54664.4
24741,2473.5,50866.5
24742,3210.3,43339.7
24743,3982.9,38508.1
24744,5560.8,32847
24745,6989.9,28289.9
24746,8630.9,24238.8
24747,10546.3,21020.2
24748,12054,20637.3
24749,13802.2,18424.6
24750,17892.1,27259.4
24751,15440.9,34706.3
24752,11031.1,43222.8
24753,9155.4,51336.5
24754,6536.6,58064.7
24755,5611.7,64995.9
24756,4976.6,69818.8
24757,4368.8,73634.3
24758,3822.4,77680.3
24759,3642.7,79422.9
24760,3715.2,76841
24761,10096.8,52153
24762,9775.1,37916.9
24763,11548.7,34653.5
24764,18201.9,21617.4
24765,18173.6,22061.5
24766,21213.4,17809.2
24767,23915.2,15895.6
24768,23822.8,14593.7
24769,25041.2,13467.9
24770,26751.5,12370.5
24771,28211,11355.1
24772,18761.3,15516
24773,13960.9,19948.2
24774,8713.1,72524.8
24775,1999.6,112236.9
24776,1291.8,125552
24777,668.5,136290.8
24778,286.7,146056.2
24779,47.7,153971.2
24780,0,161949.9
24781,0,169581.9
24782,0,176420.9
24783,0,183154.5
24784,0,188764.1
24785,0,194390.3
24786,728.9,110544.1
24787,995.8,108642.9
24788,2818.2,68241.3
24789,3437.6,65644.1
24790,5237.6,51739.2
24791,6313.5,44802.3
24792,7212.3,39664.8
24793,7983.7,35525.7
24794,8493.3,31914.1
24795,8937.8,28681.9
24796,5809.1,43953.8
24797,5392.9,53076.3
24798,2020.5,110776.9
24799,495.3,151614.9
24800,130.9,163665.2
24801,1.5,173310.6
24802,0,182840.1
24803,0,191893.6
24804,0,199526.7
24805,0,207194.1
24806,0,214433.3
24807,0,219847.8
24808,0,219080
24809,0,229027.9
24810,21.9,132329.3
24811,127.8,131795.8
24812,847.4,82863.2
24813,987.3,79969.6
24814,1943,65748.3
24815,2973.6,59096.1
24816,3908.1,53655
24817,5162.6,48136.6
24818,6589,43143.9
24819,8158.6,38732.8
24820,6408.2,55245.1
24821,6987,62536.2
24822,3307.9,119697.6
24823,1948.5,157965.2
24824,1294.4,169158.9
24825,630.9,177627.2
24826,230.9,185145.5
24827,22.2,192574.8
24828,0,199941
24829,0,207526
24830,0,213895.9
24831,0,219142.4
24832,0,223376.4
24833,5.8,226758.4
24834,1531.7,133273.5
24835,2065.1,127602.7
24836,4902.7,83674.1
24837,6131.8,80051.1
24838,9638.7,65147.4
24839,11771.5,57880.6
24840,13440.6,52386.7
24841,15288,47460.7
24842,17694.6,42427
24843,20151.5,37545.5
24844,16184.8,54605.1
24845,16515.6,61147.8
24846,8990.9,117805.5
24847,7061.9,155356.1
24848,4764,167786.6
24849,3426.5,175312.6
24850,2418,184831
24851,1809.3,189690.1
24852,1313,194674
24853,854.4,198043.4
24854,520.1,202517.9
24855,279.6,208647.3
24856,145.7,216482
24857,696.8,218393.4
24858,3746,128494.9
24859,5334.6,124583.1
24860,10125.5,81633.8
24861,13069.4,77570.6
24862,17762.1,62464.7
24863,21338.5,55063.4
24864,24920.5,49277.4
24865,28806.4,43877.6
24866,32455.9,39056
24867,35590.1,35383.3
24868,31462,51737.9
24869,32013.5,57992.4
24870,17893.5,114513.9
24871,12875.1,151953.9
24872,9810.6,164591.1
24873,7057.5,175903.8
24874,5386.7,184095.6
24875,4298.1,185658.7
24876,3197.6,193662.2
24877,2199,204513.6
24878,1226,212468.2
24879,671.7,217780.1
24880,389.2,214165.1
24881,617.4,219509.1
24882,3006.8,129303.5
24883,4105.4,125593.9
24884,7709.6,82958.1
24885,9621.7,79442
24886,13748.9,64662.4
24887,16083.7,57726.9
24888,18062.2,52383.6
24889,19676.5,47619.9
24890,21037.3,43052.2
24891,22153.5,38662
24892,22425.9,36953.4
24893,23159.3,34081.7
24894,21345.9,41089.3
24895,15229.8,64971
24896,13913.3,75118.2
24897,8166.2,98786.6
24898,6640.3,109928
24899,5247.3,113991.1
24900,4369.2,117324.6
24901,3859.3,119474.5
24902,3318.1,121702.1
24903,3854,92578.6
24904,4159.8,94072.8
24905,4779.6,92605.3
24906,6412.7,82722.5
24907,7166.3,80511.9
24908,12630.3,43483.7
24909,14426.1,40926.8
24910,15898.5,34701.6
24911,16981.3,31124.9
24912,19847.8,26930.7
24913,21215.5,23585.3
24914,22378.8,20550.2
24915,23272.2,17708.2
24916,23374.6,17418.7
24917,24019.1,15397.6
24918,27270.3,24818.2
24919,24134.6,31898.6
24920,17862.1,39860.4
24921,14982.6,47231.4
24922,13833.7,48809.3
24923,12702.8,50018
24924,12018.8,50730.5
24925,11530.8,51224
24926,11167.8,51668.9
24927,11362.3,51759.1
24928,12244,51373.2
24929,24779.6,39506.8
24930,25829.2,32073.4
24931,28055,30127
24932,34847,17970
24933,33779.8,18524.1
24934,36638.2,14437.5
24935,38820.8,12667.5
24936,38121.2,11508.7
24937,39590,10397.2
24938,41177.8,9362.9
24939,43024.2,8364.1
24940,44950.3,7477.6
24941,33085.1,12150.1
24942,27475.8,15800
24943,15806.8,64259.9
24944,5317.8,101591.3
24945,3534.9,113539
24946,2109.9,124247.4
24947,1253,134191.8
24948,659.1,142770.4
24949,256.6,150551.9
24950,7.8,158711.7
24951,0,165952.6
24952,0,172415.6
24953,40.5,177858.6
24954,226,182402.7
24955,2092.7,103039
24956,2618,102763.6
24957,5438.4,62098.7
24958,6538.3,59513.4
24959,9591,45526.1
24960,10806.4,38628.2
24961,11730.8,34257.4
24962,12825.8,31044.4
24963,13697,28155.5
24964,14298.6,25478.9
24965,10064,39047.2
24966,9605,47077.7
24967,3909.9,103931.1
24968,1804.1,142714.4
24969,692.2,154920
24970,124.6,164047.1
24971,0,172616.3
24972,0,181347.2
24973,0,188915.6
24974,0,196054.5
24975,0,203894
24976,0,207942.9
24977,0,207490.9
24978,0,216812.2
24979,503.2,127764.4
24980,745.8,122875.4
24981,2430.6,78635.6
24982,3230.3,75651.9
24983,5009.4,61962.9
24984,6199.6,55558
24985,7128,50325.3
24986,7983.2,45425.7
24987,8618,41095.3
24988,9028,37263.3
24989,5958.5,54637.3
24990,5734.7,61987.3
24991,2158.2,118784.8
24992,476.3,160737
24993,79.7,178268.7
24994,0,190318.7
24995,0,194778.6
24996,0,206151.6
24997,0,210000.9
24998,0,213511.6
24999,0,219440.6
25000,0,223651
25001,0,227604.1
25002,0,231417.1
25003,1026.7,132486.8
25004,1550.5,130700.7
25005,3819.7,84495.9
25006,4930.5,80883.1
25007,6891.1,66171.5
25008,8519.7,59425.9
25009,9821,54192.9
25010,11111.3,49313.5
25011,12393.4,44550.1
25012,13794.4,40038.9
25013,10931.1,57032.9
25014,11009,63840.8
25015,5497.4,120890
25016,3364,158269.4
25017,2192.5,168653.2
25018,1258.9,176980.3
25019,581.5,184854.8
25020,141,193859.1
25021,18.9,202240.7
25022,0,211100
25023,0,217120.9
25024,2.5,219236.3
25025,131,222127.1
25026,439.7,225041
25027,2523.3,132363.5
25028,3167.9,126813.5
25029,6268.4,84141.8
25030,7404.3,80538.9
25031,11074.2,65611.3
25032,12793.8,58398.3
25033,14151.7,52947.9
25034,15854.1,48089.2
25035,17436.3,43346.9
25036,18607.1,38901.4
25037,14355.3,55996
25038,14548.9,62502.4
25039,7325.1,119579.4
25040,4851.8,157247.7
25041,3479.7,167144
25042,2265.6,174637.1
25043,1412.7,180967.4
25044,785.3,187471.3
25045,338.4,193540.1
25046,108.7,199642.3
25047,153.1,204808.3
25048,341,209417.6
25049,844.8,213114.8
25050,1501.7,216341.7
25051,3878.5,128825.3
25052,4506.4,125395.8
25053,7577.3,83086.8
25054,8860.8,79710.4
25055,11972,65055.2
25056,13275.3,57984
25057,14833.2,51062.4
25058,16106.5,45694.4
25059,17114.4,40671.9
25060,17776.9,36255
25061,17828.5,35089.7
25062,18648.9,32711.1
25063,17794.2,39124.2
25064,15306.9,49479.6
25065,9433.4,63233.7
25066,7182.4,75604.8
25067,6606.5,79722.5
25068,6215.4,82127.3
25069,5435,84811.2
25070,4406.3,87389.3
25071,3744.1,87438.9
25072,3722.6,82484
25073,4381.5,74781.9
25074,11704.6,49361.1
25075,15353.1,40125
25076,18319.2,35836
25077,23771.5,20883.3
25078,25437.4,20513.8
25079,28798.3,15983.4
25080,32220.9,13798
25081,35780.1,12182.1
25082,38894.1,10916
25083,41678.1,9775.3
25084,44096,8793.3
25085,46476.4,10212.4
25086,48501.6,9943.1
25087,54963,21009
25088,46540.6,29017.6
25089,40070.1,31917.6
25090,35008.3,37299.1
25091,32878.9,38921.6
25092,31307.2,40215.3
25093,29828.4,41327.8
25094,28492.4,42350.2
25095,28482.8,42978.8
25096,28870.7,43533.9
25097,29748.3,44023
25098,44032.3,36354.2
25099,43770.3,29530
25100,45972.9,27844.2
25101,53960.4,15598.6
25102,50505.2,16458.7
25103,52758.7,12422.1
25104,54634.8,10702.5
25105,53418.2,9572.6
25106,54103.4,8536.1
25107,55152.2,7572.3
25108,56387.2,6652.1
25109,42529.1,10757.1
25110,35496.4,14337.4
25111,22866.1,59358.6
25112,8016.5,96439.5
25113,4145.1,108720.3
25114,2920.8,118816.6
25115,1986.7,129646.3
25116,1189.8,138789.7
25117,545.1,158703.1
25118,94.7,175418.5
25119,0,186791.3
25120,0,192687.9
25121,0,178412.3
25122,45.2,189360.6
25123,1208.4,100056.7
25124,1807.7,102178.9
25125,4613.6,61523.6
25126,5812.9,58265.4
25127,8690.7,44016.2
25128,10752.6,36763.5
25129,12316.9,31782.9
25130,14431.2,28059.3
25131,16285.5,25158
25132,18381.2,22393.9
25133,14499.9,35392.6
25134,14318.6,44000
25135,6703.6,101197.1
25136,4552.1,139918.3
25137,3733.4,150230.7
25138,2770.3,158099.2
25139,1719.4,165420.9
25140,1120.3,171502.6
25141,557.5,178248.7
25142,151.5,184931.7
25143,6.9,190859.6
25144,48.7,195430.8
25145,233.6,199422.6
25146,496.5,203166.2
25147,2348.7,119610.5
25148,3037.8,116975.9
25149,6166,75805.9
25150,7819.2,72702.4
25151,11355.8,58790.6
25152,12875.4,52071.3
25153,14338,46707.3
25154,15999.6,41721.5
25155,17392.9,37168.9
25156,18779.1,33260
25157,14223.2,50226.9
25158,14010.5,57401.3
25159,6881.7,114061
25160,4159.3,152367.4
25161,2218.8,167698.8
25162,1699.7,175036.5
25163,1048,181040.2
25164,455,188099.5
25165,135.6,192175.1
25166,52.7,197813.8
25167,73.5,202736.9
25168,241.1,206943.8
25169,769.6,209716.4
25170,1360.5,212729.1
25171,3889.6,125838.2
25172,4975.3,122015.7
25173,8670.7,79472.3
25174,11300.8,75650.6
25175,16122.9,61057.4
25176,18903.7,53866.4
25177,22579.6,47816
25178,26381.8,42115.7
25179,29642.8,37586.8
25180,32660.1,34292.7
25181,28649.9,49858.5
25182,29788.8,55678
25183,18542.8,111681.3
25184,13762.6,149224.6
25185,10690.8,160123.4
25186,9814.8,166294.8
25187,8313.6,172536.3
25188,7298,177594.3
25189,6341.7,182090.3
25190,5085.3,187160.2
25191,4643,190958.7
25192,5467,193174.8
25193,7311.9,194900.9
25194,8829.6,197121.2
25195,13584,120590.1
25196,15703,117252.5
25197,24808.2,74402.7
25198,28380.7,70424.9
25199,34672.8,56115.3
25200,37805.1,49087.2
25201,40091.2,44091.7
25202,42439.6,40382.1
25203,44914.8,36968.3
25204,47867.4,33628.5
25205,40855.9,48713.3
25206,39372.8,54657.8
25207,21768.4,109788.2
25208,15165.4,146603.9
25209,13067.4,156412.8
25210,11596.1,163150.8
25211,9633.5,169342.5
25212,7183,175764.9
25213,6083.1,179979
25214,6909.6,182475.9
25215,7139.8,185623.4
25216,7379.1,188831.1
25217,8246,191534.5
25218,8995.4,194193.3
25219,14084.7,117888.6
25220,16656.4,114491.8
25221,26132.5,71743.6
25222,29996,67458.5
25223,36213,53702.6
25224,40211.5,47201.8
25225,44125.7,42942.8
25226,47419.9,39292.6
25227,50906.6,35739.8
25228,54457,32360
25229,56284.7,30463
25230,58517.9,28239.6
25231,53170.4,32758.4
25232,43242.6,53878.7
25233,35437.4,66019
25234,23767.6,91490.4
25235,18849.7,105614.9
25236,15349.7,110051.8
25237,12395.2,113636.1
25238,10339.4,114753
25239,8130.3,119407.9
25240,11286.3,89503.7
25241,15351.9,86772.9
25242,18622.2,83906.3
25243,22316,68840.9
25244,24491.6,71601.2
25245,35031.5,36167.7
25246,37402.3,33404.2
25247,39347.7,27450.4
25248,41097.1,24249.5
25249,44334.6,20447.2
25250,45929.7,17523.5
25251,48012.9,15501
25252,49807.9,13769
25253,50354.8,13298.6
25254,51201.1,12033.1
25255,51020.8,20691.9
25256,46095.4,27226.8
25257,37674.9,33331.1
25258,31666.8,39944.1
25259,28187.2,41660.8
25260,27313,42461
25261,25667.3,43349
25262,20957.2,45616.4
25263,20688,45838.5
25264,20214.9,46208.7
25265,21483,46024.9
25266,33787.1,36275.5
25267,33467.2,29354.5
25268,34336.8,27679.1
25269,39970.1,15814.8
25270,37104.1,16626.4
25271,38612.4,12838.8
25272,39747.4,11270.4
25273,38062.6,10243.9
25274,38561.3,9263.2
25275,39709.2,8332.4
25276,40969.7,7549.6
25277,28947.4,12300.3
25278,23456.8,15797.6
25279,14599,64527.7
25280,3452,102311.3
25281,1712.8,116871.6
25282,1087.8,128196.4
25283,667.2,135707
25284,272,147234.3
25285,82.7,155140.2
25286,0,170530.8
25287,0,181044
25288,36.7,187941
25289,378.8,179253.6
25290,929.3,185991.2
25291,2967.5,103069.8
25292,4255.5,102464.9
25293,8095.9,61253.4
25294,10164.8,58056.4
25295,14283.8,43632.1
25296,16871.9,36438.6
25297,19606,31757.2
25298,22652.2,28156.7
25299,25491.9,24951.2
25300,27512.1,22389.2
25301,22111,35689.8
25302,21752.2,43560.2
25303,11021.7,99643.3
25304,8566.1,137732.3
25305,6883.3,148676.8
25306,4937.7,156861.5
25307,4053.3,163327.1
25308,3729.8,168313.8
25309,2938,173395.6
25310,2348.1,178161.1
25311,2171.3,182449.1
25312,2575.2,186237.8
25313,3199.2,189851
25314,3806.1,193059.3
25315,6760.7,116294.3
25316,7547.9,113826.7
25317,13046.3,72709.3
25318,15526.8,69403.7
25319,21196.1,55312
25320,24254.6,48214.8
25321,26532.1,42526.3
25322,28446.1,37815.9
25323,30642,34385.5
25324,33080,31314.9
25325,27735.9,46275.6
25326,28032,52508.8
25327,16422.2,107899.7
25328,11843.5,146203.5
25329,8173.5,160337.8
25330,6251.7,166543.5
25331,5444.8,181799.1
25332,4774.8,191851.6
25333,3719.4,201713.8
25334,2533,210390.2
25335,1524.3,218979.2
25336,1232.9,222147.6
25337,2220.9,199737.7
25338,3151.3,208514.9
25339,6611.4,123032.4
25340,8285.5,119728.4
25341,13179.5,77724.1
25342,16456.1,74299.8
25343,22445.8,60228.3
25344,25385.6,53388.6
25345,28832.4,46084.5
25346,31639.3,40122.3
25347,34028.4,35181.7
25348,35975.9,31399.4
25349,37186.2,29967.3
25350,38919.6,27688.4
25351,36367.6,34160.2
25352,35967.8,41933.5
25353,29205.5,51290
25354,25546.3,63236.2
25355,22878.6,67458.4
25356,20366.6,70310.5
25357,18320.7,71981.3
25358,15230.5,74358.1
25359,13290.9,75697.1
25360,13394.4,72484.3
25361,20369.7,52579.5
25362,31215.1,41059.9
25363,38394.8,30107.9
25364,42034.5,30214.1
25365,49492.9,16762.3
25366,50384.7,17059.7
25367,54903.4,12791
25368,58793.7,10803.7
25369,60725.9,9578.3
25370,65554.4,8780
25371,70734.2,8221.3
25372,75008.4,7744.3
25373,64001.5,13670.7
25374,59324,18046.5
25375,35683.8,68165.6
25376,19991.2,104852
25377,15181.5,117938.3
25378,12666.7,127762.8
25379,10369.9,136563.7
25380,8699.2,143819.1
25381,6866.8,151134.1
25382,4753,154529.4
25383,3893.7,171119.9
25384,3923.3,170266.3
25385,4531.5,171674.2
25386,5272.4,174668.9
25387,8955.8,103580.5
25388,10029.5,102852.7
25389,16713.4,62101
25390,19093,59152.6
25391,23993.8,45355.4
25392,25798.5,38451.3
25393,27237.5,33447.3
25394,28231,29764.5
25395,29424.2,26894.1
25396,30636.2,24420.9
25397,30752.1,23359.5
25398,31505.5,21439.7
25399,30874.1,29257.4
25400,21768.4,48505.1
25401,17502.4,59826.7
25402,9046.9,85160.9
25403,6863,100675.1
25404,5923.2,108974.7
25405,4938.1,116809.1
25406,3705.2,123125.1
25407,3021.8,126924.1
25408,3218.6,95481.6
25409,3896.7,85735.7
25410,4915.3,86971.7
25411,6136.7,77173.3
25412,6955.2,74818.6
25413,13659.7,37049
25414,16820.9,34355
25415,20290.1,27871
25416,23099.2,24033
25417,27483.4,19564.3
25418,30622.9,16622.8
25419,32899.1,14398.1
25420,34968.7,12283.8
25421,38222,12357.5
25422,41320.4,11335.1
25423,44994.7,22399.2
25424,40032.5,29610.7
25425,30899.7,35617.3
25426,26026.2,43537.5
25427,25585.4,43655.4
25428,23811.7,44377.1
25429,19344.2,47920.1
25430,16326.7,50670.4
25431,16612.5,49147.9
25432,18012.5,47807.1
25433,20663.3,46634.6
25434,34102.6,38117
25435,34804.2,30837.6
25436,37103.9,29119
25437,44593.2,17089.5
25438,42621.4,17768.7
25439,44744.7,13793.8
25440,46402.3,12156.6
25441,45132.6,11047
25442,45825.1,9998.7
25443,46802.3,9058.3
25444,47877.6,8192.1
25445,35389.5,12713.8
25446,29165.3,16372.2
25447,17146.9,64433.7
25448,5441.7,101879
25449,3731.9,113496.7
25450,2876.7,123364.9
25451,2148,132529.8
25452,1454.4,140776.5
25453,1341.5,147329.2
25454,1422.5,154047.8
25455,1219.3,161421.8
25456,1495.7,166562.2
25457,2733.8,170116.5
25458,4054.4,173562.5
25459,8279.2,98887.1
25460,10137.2,97890.5
25461,17568.1,55970
25462,20821.1,52498.7
25463,28092.5,38790.3
25464,32686.7,32561.2
25465,36624.6,28094.2
25466,40414.2,24972.8
25467,43877.9,22163.8
25468,47735,19527
25469,43185.2,32508.5
25470,44223.5,39706.2
25471,26958.1,91582.8
25472,20608.6,129314.5
25473,15361.5,143288.6
25474,12077.4,153687.2
25475,9828.3,163052.3
25476,8727.4,171930.5
25477,7485.6,180284.8
25478,5947.1,187674
25479,4984.4,191856.8
25480,4870.6,190349
25481,6227.5,186174.9
25482,8138.1,186503
25483,13146,112497.6
25484,14983.5,109896.6
25485,25382.8,68830.9
25486,29677.2,64835
25487,37101.6,50339.4
25488,42091.4,43440.2
25489,46047,38440.1
25490,49927.1,34640.5
25491,53406,31368
25492,56365.3,28441.5
25493,49534.2,43336.2
25494,47736.5,49774.5
25495,26554.4,104066.6
25496,19097.7,141194.9
25497,15254.1,152341.9
25498,10673.4,162618
25499,8227.5,163868.7
25500,6890.8,183244.1
25501,5351.8,193110.8
25502,3683.5,202376.1
25503,2351.8,209814
25504,1788.7,212178.5
25505,2223.5,199204.6
25506,2406.1,204597.4
25507,4427.9,122271.8
25508,5129.6,119128.6
25509,8574.7,77741.4
25510,9936.4,74696.3
25511,13786.6,60808.3
25512,16230.6,53917.1
25513,18255.2,48577.2
25514,20175.1,43699.7
25515,21996.6,39047.1
25516,23675,34929.2
25517,18818.2,51590.3
25518,18765,58254.5
25519,9900.8,115024.2
25520,7354.3,151778
25521,5375.7,161905.4
25522,3708.5,169690.5
25523,2681.5,176103.4
25524,1850.8,182734.3
25525,1053.8,194202.7
25526,337,206771.9
25527,20.1,219503.4
25528,3.5,221809.4
25529,197.6,218392.3
25530,616.5,219448.3
25531,2170.5,127457.4
25532,2812.4,123782.7
25533,6107.3,81179.9
25534,7533.6,77925.1
25535,11541.3,63746.5
25536,13910.8,56757.1
25537,16251.3,51288.6
25538,18631.8,46281.6
25539,21051.4,41255.9
25540,23500,36493.3
25541,19929.5,52952.7
25542,21257.5,58917.4
25543,12630.4,114449.2
25544,10358.7,150976.6
25545,7571.8,163518.6
25546,6234.5,172215.6
25547,5991.7,175137.6
25548,6685.8,177677.5
25549,7003.7,181287
25550,7182.5,185006.7
25551,7961.4,188073.4
25552,9056,191001.4
25553,10170.6,193801.6
25554,11051.1,196512.2
25555,16272.1,119475.1
25556,18566.1,116615.1
25557,28481.4,74159.1
25558,32173.8,69874.9
25559,38548.9,55504.4
25560,42269.8,48645.2
25561,45700.2,43465.9
25562,48933.6,39692.7
25563,52844.5,36105.9
25564,56734.5,32578.5
25565,59524.5,30658.9
25566,62448.1,28284.2
25567,56822.3,32962.8
25568,47506.3,53675.3
25569,39400.3,66373
25570,27066.7,92571.6
25571,21894.3,107528.1
25572,18687.6,113084.7
25573,15689.4,117591.5
25574,12574.6,121905.3
25575,9980.6,124941
25576,12482.3,88271.6
25577,17265.4,83463.1
25578,21806.7,84575.6
25579,26422.9,69099.4
25580,29207,71834.3
25581,41239.3,34979.5
25582,45366,32032.4
25583,48907.9,26014.4
25584,51447.5,22827.4
25585,56953.5,19128.9
25586,61565.8,16976.6
25587,64623,15145
25588,66886.6,13447
25589,67389.3,12810
25590,68206.8,11488.9
25591,66216.3,19444.6
25592,60181.4,25878.5
25593,52145.4,31719.3
25594,48692.4,38055.1
25595,47441.6,39113.4
25596,46865.8,39843
25597,46173,40463.4
25598,46142.2,40979.3
25599,46419.8,41425.9
25600,47210.9,41754.6
25601,48847.1,41881.4
25602,62076.3,32233.5
25603,67192.4,23032.1
25604,65661.5,23849.3
25605,73777.6,12452.7
25606,71190.2,12692.3
25607,73504.6,9353.9
25608,75033.7,8378.5
25609,73586,7847.2
25610,75135.2,7340.9
25611,76704.8,6878.2
25612,78003.3,6480.2
25613,63364.5,10899.8
25614,54697.5,14163
25615,33331.4,58577.1
25616,14348.5,92821.3
25617,11580.1,103954.7
25618,10104.3,112050.6
25619,8609.1,120422.6
25620,7366.3,128323
25621,6191.1,135724.9
25622,4857.2,143014.8
25623,3877.7,149456.2
25624,4407.4,154076.7
25625,5002.6,158558.3
25626,5130.5,163098.6
25627,8224.5,94677.1
25628,9006.2,94432.3
25629,15057.7,53280.8
25630,16655.5,50328.4
25631,21711.3,38110.2
25632,24278.1,32425
25633,26089.7,28725.5
25634,27540.9,25924.5
25635,28722.9,23396.7
25636,29837.7,21012.8
25637,22766.9,34017
25638,21168.2,41862.6
25639,10017.8,95946.3
25640,7406.1,131165.7
25641,6263.4,141897.6
25642,4855.8,149942.4
25643,3444.5,156741.4
25644,2793,162745.5
25645,1626,169130.9
25646,1174.9,174930.3
25647,1425.4,179769.1
25648,1560.1,184588
25649,1875.6,188843.5
25650,2049.4,192847.3
25651,4244.8,113897.9
25652,4728.6,112645.7
25653,7858.9,71814.6
25654,9068.2,68739.7
25655,12235.4,55096.8
25656,13495,48525.1
25657,14802.2,43195
25658,16191.3,38542.6
25659,17381.4,35243.9
25660,18455.1,32436.8
25661,13738.6,47997.7
25662,13190,54650.9
25663,6281.2,110226.8
25664,4061.8,146721
25665,2801,156660.6
25666,1568.1,164494.3
25667,745.3,171618.5
25668,232.4,178505.8
25669,32.5,185174
25670,0,190987.8
25671,0,196292.1
25672,32.9,200855.7
25673,240.7,204915.7
25674,520.3,209011.3
25675,2567.9,123040.8
25676,2975.1,119946.7
25677,5845.9,78279.3
25678,6901,75112.2
25679,10206.7,61196.6
25680,11778.2,54521.7
25681,13091.7,49215.3
25682,14416.5,44362.1
25683,15860.9,39640.5
25684,17329.5,35773.8
25685,13643.7,52867.4
25686,13750.9,59140.1
25687,7075,114458.8
25688,5065.9,150655.1
25689,4091,159897.6
25690,3004.4,167008.9
25691,2076,173395.7
25692,1256.9,180034
25693,775.2,185956.7
25694,624.8,191155.3
25695,816,195922
25696,1363.9,199911.2
25697,2110.1,203701.3
25698,2482.8,207470.2
25699,5190.9,123409.8
25700,6221.5,120749.9
25701,10770.4,78357.3
25702,13118.7,74545.7
25703,17667.4,60211.9
25704,20848,53052.2
25705,23803.5,47200.2
25706,26669.4,42230.7
25707,29389.9,38348.8
25708,32309,34947.9
25709,27982.6,50131
25710,28647.8,55922.7
25711,17350.5,110226.8
25712,13683,146277.3
25713,10098,159047.5
25714,7754.3,168807.8
25715,6356.3,178430.3
25716,5785.4,186937
25717,4952.4,196526.9
25718,3784.7,203755.2
25719,2818.7,210665
25720,2684.6,211734.6
25721,3859.1,202633
25722,4657.5,203107.7
25723,8753.6,123218.4
25724,10178.4,120415.8
25725,16368.6,78277.3
25726,19913.5,74432.7
25727,26366.3,59966.5
25728,30082,52645.4
25729,32835.7,47098.3
25730,35062,42581.5
25731,37035.2,38252.8
25732,40024,34326.8
25733,42056.5,32606.1
25734,43886,30469.2
25735,39620.3,36821.9
25736,31607.2,58257.4
25737,28535.9,68358.8
25738,20563.4,91687.1
25739,17565.3,103044
25740,15358.7,106322.4
25741,11923,110309.3
25742,10024.5,113756.7
25743,7644.2,120266.1
25744,11761.9,89967.7
25745,17665.3,86462.5
25746,21429,83538.8
25747,26090,68386.8
25748,29098.8,70416.7
25749,41814.9,35781.8
25750,46324.6,32756.9
25751,50101,26477.3
25752,52867.9,23170
25753,58113.4,19474.4
25754,62889.7,17223.4
25755,66744.5,15309.2
25756,70258.3,13575.3
25757,72448.5,12925.9
25758,75301,11591.4
25759,75559.9,19128.9
25760,70729.3,25089.2
25761,59683.1,30683.6
25762,52895.4,37384.6
25763,50011.9,39619.4
25764,48127.2,41333.7
25765,45581.1,43062.3
25766,41869.7,45081.3
25767,40180.6,45892.6
25768,42471.8,44368.2
25769,51149.3,41784.1
25770,67965.2,31592.2
25771,75658.6,22225.4
25772,76228,22874.8
25773,86619.7,11511.8
25774,86026.1,11386.7
25775,90344,8891
25776,93920.3,8043.2
25777,98047.7,7603.5
25778,101734.4,7174.9
25779,104941.7,6784.7
25780,107524.5,6398.7
25781,94128,10733.1
25782,85537.8,13822.5
25783,58337.7,55009.7
25784,34621.9,87577.2
25785,25339.8,100451.7
25786,19585.1,109359.3
25787,16685.1,117569.7
25788,15553.2,124959.8
25789,14755.8,131591.9
25790,13622.3,138152.1
25791,13141.5,143943.9
25792,13360.7,148940
25793,14448.3,153182.9
25794,14819.6,157506
25795,21922.7,89068
25796,23898.1,88614.5
25797,36404.5,48127.1
25798,39558.2,45302.7
25799,46767.2,34805.4
25800,49519.1,29681.3
25801,51376.9,25980.5
25802,53836.4,23135.7
25803,56079.9,20699.2
25804,57763.1,18989.3
25805,49751,31978.4
25806,45795,38935.1
25807,23877.2,89364.5
25808,16150.5,124575.2
25809,13227.1,136118.5
25810,9101.2,146411.5
25811,6213.1,151540.2
25812,5087.5,163865.3
25813,3911.5,177649.2
25814,2744.8,182730
25815,1995.6,183999.6
25816,2083.3,184766.3
25817,2978.2,185589
25818,4305.6,187533.1
25819,8834.5,109935.5
25820,10691.8,108253.5
25821,17338.2,67339.2
25822,20782.4,63017.9
25823,28693.5,49246.1
25824,34319.5,42610.5
25825,38673.5,38288.5
25826,42345.1,34476
25827,45589.8,31075.6
25828,49843.5,28048.2
25829,45342.4,42731.7
25830,45845.5,49011.6
25831,27391.4,99777.3
25832,21327.5,135478.1
25833,16237.2,148896.7
25834,12991.1,158851.9
25835,10837.8,167530.5
25836,9774.1,175218
25837,8627.1,180171.3
25838,7154.3,184067.8
25839,6615.5,184040.1
25840,7054.7,184463.2
25841,8385.2,186076.2
25842,8780.7,188716.4
25843,12519.4,115148
25844,13110.4,113348.6
25845,20713.9,73004.5
25846,23337.3,69152.8
25847,29124.1,55182.8
25848,32587.1,48530
25849,36003.5,43183.4
25850,39350.2,38531.5
25851,42705.2,34851.1
25852,46653.3,31534.6
25853,41505.1,46543
25854,41709.3,52339.7
25855,24540.9,104465.9
25856,19005.8,140310.5
25857,15191,152443.9
25858,12056.3,161688.5
25859,10437.5,168951.2
25860,9421.3,178293.6
25861,8286.1,186439.8
25862,6645.3,192495.4
25863,5582.4,194238.4
25864,5785.3,190807.6
25865,7221.3,189636.4
25866,8459,191748.1
25867,12975.3,116566.7
25868,14443.9,114296.9
25869,23840.1,73582.7
25870,27247,69783.7
25871,33221.9,56115.2
25872,36460.1,49724.2
25873,39156.9,44687.2
25874,41476.4,40179.1
25875,44270.4,36099.2
25876,47071.4,32835.9
25877,40242.2,48620.5
25878,39308.7,54540.4
25879,21193.8,108089.4
25880,15376.9,144338.4
25881,13577.3,153812.2
25882,11744.1,160627.2
25883,10210.8,166284
25884,8743,171393.2
25885,7806.4,175677.4
25886,7163.1,179489.8
25887,6906.4,183014.4
25888,6922.8,186357.6
25889,7589.2,189172.5
25890,7670.6,192372.2
25891,11214.9,116876.4
25892,12104.5,114796.5
25893,19437,73946.9
25894,21806.8,70272.2
25895,27025.1,56351.1
25896,29388.6,49813.6
25897,31462.2,44749.4
25898,33812.2,40400.7
25899,35973.5,36872.1
25900,38373.3,33525.2
25901,40575.6,31727.1
25902,43310.6,29512.5
25903,40286.8,34749.9
25904,32520.2,55829.6
25905,27263.2,67423.5
25906,16141.9,93084.8
25907,11983.1,108516.6
25908,10345.9,111786.7
25909,8256.3,117737.2
25910,6911.8,121995.3
25911,5761,125795.4
25912,6436.2,95380.2
25913,9248.7,85730.7
25914,11622.4,87587
25915,14670.8,72568.7
25916,16434.8,75401.7
25917,27386.7,38235.2
25918,30831.7,35565.7
25919,33582.5,29485.9
25920,35297.7,25917.2
25921,38718.8,21721
25922,40393.4,18669.4
25923,41741.3,16092.3
25924,43355.2,14180.2
25925,43920.9,13750.8
25926,44685.8,12503.3
25927,45437.9,22164.9
25928,40885.2,28867.1
25929,32980.3,35084.3
25930,29211.5,41565.5
25931,27424.3,42802.5
25932,25859.4,43738.5
25933,24703.5,44413.7
25934,23945.8,44994.1
25935,23301.1,45620.2
25936,22957.5,46259.4
25937,26570.8,45640.9
25938,40983.9,35762.7
25939,46951.5,26232.5
25940,46989.9,26721.2
25941,56077.1,14767.2
25942,55300.3,15210.1
25943,59063.4,11323
25944,62191.4,9595.4
25945,62327,8627.6
25946,64496.5,8082.2
25947,67021.6,7556.2
25948,70360.8,7060.1
25949,57744.7,11431.6
25950,52093.3,14864.4
25951,33553.8,60280.7
25952,16337.6,94210.8
25953,12469.1,107597.9
25954,10488.1,116546.9
25955,9894.4,124067.4
25956,9913.9,130917.4
25957,9956.7,137322.6
25958,8358.1,144888.5
25959,7198.1,152203
25960,8940.1,154758.7
25961,12443,157193.9
25962,14540.1,160591.8
25963,22165.9,91601.3
25964,25466.4,90678.4
25965,39327.2,49219.2
25966,44432,46020.3
25967,53338.7,34953.8
25968,57941,29503.6
25969,62464,25438.4
25970,67999.3,22425.7
25971,72497.3,20522.8
25972,76429.7,18898
25973,71054.3,30611.8
25974,69284.4,36947
25975,45819.1,84240.5
25976,33991.8,119115.2
25977,24842.1,133656.7
25978,19135.5,144283.5
25979,16957.7,152868
25980,15831.5,159921.5
25981,14784.9,166544.7
25982,12811.9,173382.4
25983,11167,178059.4
25984,10921.3,178746.8
25985,13931.3,168127.7
25986,16731.3,177799.1
25987,24871.4,104648.8
25988,28945.8,102991.8
25989,42174.6,62279.7
25990,47072.5,57899.1
25991,56344.4,45325
25992,60893.1,39877.9
25993,66989.1,35801.3
25994,72587.4,31977.8
25995,77008.6,28520.9
25996,80768.4,25474
25997,75629.2,40205.4
25998,74159.6,46120.1
25999,49082.1,92469.8
26000,37404.4,128206.7
26001,28813.5,141858.2
26002,21318.7,151855
26003,17847.5,160636
26004,15860,167987.1
26005,14300.6,174548.1
26006,12036.8,180958.5
26007,10233.1,184961.8
26008,9955.8,184075
26009,12129.5,178099
26010,14288.1,183404.7
26011,20467.1,109572
26012,23368.9,107505.7
26013,35819.4,67469.5
26014,39649.6,63235.7
26015,48641.8,50673.3
26016,53003.4,43980
26017,57263.4,39400.3
26018,61913.9,35870
26019,65431.6,32360.7
26020,68612.1,29140.2
26021,62874,43800.7
26022,61373.3,49787.5
26023,36736.6,98718.5
26024,26740.3,134867.9
26025,23507.3,145115.1
26026,20021.3,152586.8
26027,17647,158454
26028,15405.9,163920.1
26029,13781.1,168598.7
26030,12204,172894.2
26031,11498.6,176431.8
26032,11715.2,179284.4
26033,12620.4,181683.3
26034,13100.6,184267.1
26035,19112,110465.4
26036,20711.4,108511.3
26037,30805.5,67907.2
26038,33546.4,63825.7
26039,40374.1,51363.2
26040,43668.8,45286.2
26041,46017.2,41407.4
26042,48281.6,37994
26043,50955.1,34647.3
26044,53084.7,31464.3
26045,45698.9,46496.1
26046,43059.4,52340.9
26047,23021.5,103024.3
26048,16497.7,138834.5
26049,14388.8,149003.6
26050,12165.1,156233.3
26051,10249.1,162200.1
26052,8808.2,167384.1
26053,7802.5,171845.1
26054,6929.8,176000.7
26055,6681.8,179485.6
26056,6838.3,182527.2
26057,7257.5,185295.9
26058,7469.6,188104.7
26059,11048.1,114079.6
26060,11817.4,112261.7
26061,19162.4,71538.6
26062,21785.7,67657.7
26063,27500.6,54251.6
26064,30339.8,47880.2
26065,32749,43277.6
26066,34833.6,39824.7
26067,36566.3,36458.2
26068,38283.4,33236.4
26069,39222.7,31504.3
26070,40559.9,29427.8
26071,37255.9,34387.3
26072,29649.6,55254.4
26073,27772.5,65286.5
26074,18797.5,87018.2
26075,16083.9,98021.4
26076,14188.8,101376
26077,13524.5,103703.9
26078,13379.5,105536.9
26079,13608.7,107087.8
26080,20177.5,77370.8
26081,23180.4,79751
26082,25176.9,79015.7
26083,28718.7,65293.3
26084,30843.8,68066.2
26085,42579.2,34254.7
26086,46809.5,30919.9
26087,50907,25689.2
26088,54322.4,22432.4
26089,60105.2,18963.5
26090,65756.9,16757.4
26091,71399.3,14885.6
26092,77119.3,13139.9
26093,81314.6,12413.4
26094,86272,11042.1
26095,87959.3,16561.8
26096,82850.4,22326.8
26097,72865.4,28123.1
26098,64746.9,34158.3
26099,60924.1,35786.1
26100,58552.9,37341.3
26101,56224.6,38687.7
26102,52349.8,40506.3
26103,50133.6,41524
26104,51875.1,40913.6
26105,60198.3,39314.7
26106,77757.2,29176.9
26107,85234.8,19908
26108,85086.2,20753.9
26109,95187.5,10259.6
26110,94088.2,10571.5
26111,98647.7,8672.6
26112,102464.3,7879.1
26113,111234.3,7259.6
26114,116746,6753.6
26115,121733.4,6296.3
26116,126140,5899.4
26117,128563.5,6235.4
26118,131445.7,6069.5
26119,139577.1,11333.7
26120,122048.5,17699.8
26121,109496.1,19920.8
26122,98935.5,25186.5
26123,94456.4,26813.6
26124,90249,28261.4
26125,87100.2,29433.7
26126,86078.5,30370.4
26127,84689.6,31252.7
26128,84246.7,32009.9
26129,84200.4,32678.1
26130,101350,25338.9
26131,106410.8,16698.9
26132,101337.1,17989
26133,112070.4,7605.7
26134,106013.7,8171.8
26135,108235.7,6469.5
26136,109483.5,5704.7
26137,109333.1,5284.5
26138,110938.7,4911.4
26139,112267.8,4561.8
26140,113940.4,4227.7
26141,99033.2,7413.4
26142,86827.8,10463.2
26143,64697.1,45016.6
26144,38501.4,75732.3
26145,28434.8,88392.6
26146,20878.1,100384.8
26147,15486.6,111847
26148,12094.4,123226.8
26149,9603.1,134007.5
26150,7209.3,144550.4
26151,5769.4,151835.7
26152,5679.9,151616
26153,7038.3,145187.6
26154,8867.7,152870.2
26155,13910.8,85574.8
26156,16014,85445.7
26157,28157.1,44167.2
26158,32474.2,39704.5
26159,41343,29340.8
26160,45503.6,24469.7
26161,48630.2,21323.2
26162,51891.2,18917.4
26163,55292,17259.2
26164,58319.8,15705.4
26165,50769.7,26482.1
26166,45906.5,33100.4
26167,25382.3,84988.9
26168,15994,121184.7
26169,14384.8,132349
26170,12489.2,140782.8
26171,10817.8,147729.6
26172,9096.7,154008
26173,7918.6,159477.7
26174,7101.8,164424.7
26175,6716,168788.5
26176,6810.6,172493.7
26177,7292.7,175623.1
26178,7518.7,178692.9
26179,11090,106754.4
26180,11724.4,105722.1
26181,18529.8,65246.6
26182,20287.2,61720.1
26183,25094.9,48157.4
26184,27165.2,42045.6
26185,28920.5,37883.9
26186,30400,34368.4
26187,31591,31158
26188,32506.2,28451.9
26189,25438,43259.9
26190,23727.6,50055.6
26191,11639.4,103678.7
26192,8904.4,139829.4
26193,7401.8,150109.2
26194,5115.7,158153.5
26195,3258.5,165667.1
26196,2169.7,174077.2
26197,1606.7,179054.3
26198,894,187158.3
26199,281.6,195951.4
26200,257,198879.2
26201,871.7,199019.6
26202,1270,201382.3
26203,3672.2,118248.2
26204,4622.2,116262.6
26205,8187.2,75373.2
26206,10209.5,72053.5
26207,14393.8,58032.7
26208,17134.1,50966.8
26209,19817.9,45372.3
26210,22378.3,40637.9
26211,24860.9,36416.2
26212,27452.3,33200.6
26213,22971.3,48947.5
26214,23263.7,55103.8
26215,12697.1,109543.5
26216,10252.4,145848.1
26217,7741.3,157459.8
26218,5598.9,167281.9
26219,4534.5,175993.2
26220,3982.4,183841.6
26221,3256.5,191996.2
26222,2391,197468.7
26223,2040.1,197012.2
26224,2075.9,198302
26225,2529.5,200136.5
26226,3115.3,202535.1
26227,6713.8,121378.4
26228,8261.2,118757.2
26229,14185.3,77052.6
26230,16641.5,73684.9
26231,21976.6,59901.1
26232,24428.3,53252.5
26233,26334.1,47928.1
26234,27953.6,43270.6
26235,29206.8,38946.4
26236,30423,34919.1
26237,30834.4,33244.1
26238,31870.8,31201.1
26239,29930.5,37945.7
26240,22337.3,59836.1
26241,20738.1,69652.5
26242,13963.7,93177.9
26243,11615,104622.8
26244,9606,108231.7
26245,8158.6,111081.6
26246,7575.1,113155.2
26247,7752.5,114608.5
26248,10563.6,84898.7
26249,11400.5,87089.4
26250,11800.2,86180.8
26251,13225.2,76951.1
26252,13704.9,74851.5
26253,22285,40315.5
26254,25023.4,37660.4
26255,27443.8,31404.2
26256,29144,27700.1
26257,32500,23320.8
26258,34126.5,19864.1
26259,35432.9,17127.7
26260,36534.4,14603.1
26261,36781,13865.5
26262,37931.5,12572.5
26263,41253.7,22588.2
26264,37549.3,29259.1
26265,30259.4,35655
26266,26580.2,42390.3
26267,25131.7,43635.7
26268,24029.1,44487.7
26269,23074.6,45136.8
26270,22603.1,45586.1
26271,22497.7,45872.6
26272,23073,46020.6
26273,24662.5,46091.5
26274,37627.6,36593.6
26275,42544.7,27088
26276,41840.8,27595.3
26277,49754.8,15565.1
26278,48079.2,16163.6
26279,50770.3,12281.1
26280,52882.7,10640.5
26281,112007.9,4691.8
26282,111852.6,4330.6
26283,113448.9,3979.4
26284,114970.4,3660.8
26285,115343.1,4600.9
26286,115987.1,4680.8
26287,139565,15868.2
26288,111259.5,22487.2
26289,105891.5,22245.2
26290,89432.9,26393.3
26291,86387.9,27671.4
26292,83298.7,28962.2
26293,80659.4,30124
26294,78758.7,31157.8
26295,77771.1,32039.8
26296,77699.9,32772.3
26297,78620.9,33337.7
26298,103891.8,28420.1
26299,110492.4,20089.1
26300,101815.2,20896.7
26301,118470.5,9758.9
26302,108629.4,9988.7
26303,111437.1,6392.2
26304,113683.5,5168.2
26305,112250.3,4614.3
26306,113346.3,4198.3
26307,115152.2,3832.5
26308,117727.5,3492.3
26309,104385.4,4924.6
26310,89322.1,7573.2
26311,72428.9,39763.6
26312,43540,68461.6
26313,35516,83215.8
26314,29794.5,97266.1
26315,25850.6,109629
26316,22979,120764.6
26317,20034.6,132053.5
26318,16482.5,143448.9
26319,13242.3,152356.5
26320,10818.9,155411.3
26321,9767.9,150465.3
26322,8634,151353.5
26323,16372.2,84829.5
26324,16529.4,84441.2
26325,29291.6,42691.9
26326,32569.6,37869.8
26327,43044.4,25098.5
26328,48391.3,20128.8
26329,52573.6,16894.9
26330,56110.8,14322
26331,59566.9,12840.3
26332,63311.2,11540.2
26333,56362.2,21574.2
26334,51256.8,27738.5
26335,33892.4,81080.8
26336,17039.6,117186.8
26337,12989.8,129092.2
26338,9235,139436.4
26339,7675,147423.4
26340,6896.8,153467.6
26341,6024.2,158987.9
26342,5175,163738.1
26343,5207,167174.2
26344,5670.7,170662.8
26345,6472.1,173835.2
26346,6938.7,176967.6
26347,10781.6,106064.3
26348,11821.8,105564.8
26349,19287.9,64986
26350,22489.6,61249.8
26351,28757.7,46971.7
26352,32768.6,39862.9
26353,35833.3,35338
26354,38279.4,31802.8
26355,40507.4,28776
26356,43424.6,26150.8
26357,37037.4,40132.9
26358,35801.4,47246.1
26359,19983.8,100582.8
26360,14642.5,135222.1
26361,13049.4,145461.8
26362,11418.4,152633.9
26363,9729,158839.6
26364,8123.4,164425.5
26365,7254.5,169041.7
26366,6595,173264.1
26367,6371.4,176948.1
26368,6508.4,180121.6
26369,7198,182682.3
26370,7565.5,185431.2
26371,11269.7,112889.8
26372,12372.1,111527.9
26373,19985.7,70580.3
26374,22400.7,66951.6
26375,27479.5,53141.4
26376,29611.6,46636.8
26377,31361.6,41941.6
26378,33272.3,38242
26379,34951.3,34876.6
26380,36405,31794.1
26381,29728.8,46958.7
26382,28751.5,53150.7
26383,15319.1,106564.3
26384,11504.7,141323.1
26385,10295.8,151014.1
26386,8622.5,158197.5
26387,6540.2,164759.3
26388,4812.7,170974
26389,3985,175775.5
26390,3335.9,179571.5
26391,3781.7,181822.6
26392,4341.6,184749.9
26393,5034.1,187914
26394,5493.6,191252.3
26395,8926.9,116540.8
26396,9883.7,114801.8
26397,16246.7,73901.9
26398,18346.5,70282.8
26399,23711.6,56378.5
26400,26241.9,49646.1
26401,28340.4,44680.2
26402,30371.4,40517
26403,32463,37066.2
26404,34215,33852.7
26405,27996.9,49139.4
26406,27182.7,55087.6
26407,14601.9,109135.5
26408,11147.7,143987.1
26409,9745.4,153503
26410,8127.8,160388.8
26411,6809.9,166107.8
26412,5759.3,171191.3
26413,4839,175838.7
26414,4361.1,180072.2
26415,4387.3,183776.1
26416,4628.5,187341.5
26417,5211,190846.5
26418,5447.2,194618.5
26419,8540.7,118733.1
26420,9318.6,116789.9
26421,15440.9,75599.9
26422,17963,71649.1
26423,24422.7,57045.3
26424,28500.8,49692.1
26425,32154.5,44444.1
26426,35905.3,40712.3
26427,39546.4,37130.8
26428,42808.5,33676.5
26429,45417.3,31799.1
26430,48658.1,29536.9
26431,46559.2,34781.1
26432,39514.3,55260.6
26433,36248.2,65788.3
26434,25803.9,88477.9
26435,21441,100396.9
26436,17985.8,105026.4
26437,14251.4,111496.8
26438,12187.8,116166.6
26439,10765.9,118547
26440,16704.4,85895.6
26441,22610.9,83873.8
26442,27542.1,80756.5
26443,32435.9,65557.1
26444,35699.1,67850.5
26445,49728,33721.1
26446,54796.6,30332.8
26447,59499.1,25032.4
26448,63393.1,21909.4
26449,70795.5,19034.5
26450,76551.4,16941.5
26451,81367.5,15125.3
26452,86282.8,13418.8
26453,89836.8,12643.2
26454,94015.6,11282.7
26455,95029.3,16919.5
26456,88366.4,22649.8
26457,76600,28392.5
26458,68768.5,34508.9
26459,65194.2,36312.9
26460,63174.1,37666
26461,60971.1,38926.4
26462,56645.3,40926.6
26463,53371,42556.8
26464,54078.4,42213.3
26465,62305.1,39814.7
26466,81962.5,29093.3
26467,90544.3,19702.8
26468,91343.5,20350.4
26469,102858.6,10085.1
26470,102514.9,10306.2
26471,108148.5,8627.6
26472,114223.6,7857.1
26473,120053.7,7387
26474,124458.3,6860.3
26475,128726.4,6341.3
26476,132802.4,5834.4
26477,121088,9833.1
26478,112455.2,12834.3
26479,83928.2,48791.3
26480,55743.2,80134.9
26481,43353.5,93090.3
26482,33106.1,104579.2
26483,26731.4,114410.2
26484,23022.5,123398.6
26485,19567.7,129921.2
26486,16867.4,135357.4
26487,17372.2,139116.7
26488,18835.5,143127.6
26489,20243.9,147278.1
26490,20950.1,151482.9
26491,32641.7,85093.5
26492,35702.4,84547.9
26493,50596.2,45650.2
26494,54054,42843.8
26495,61994.7,32673.1
26496,65276.7,27494.6
26497,70524.3,23859
26498,74847,21784.3
26499,78160.4,20117.9
26500,80893.1,18554.2
26501,72189.3,29848.9
26502,67221.7,36118.4
26503,41676.1,82764
26504,28491,116507.9
26505,24410.6,127506.2
26506,21155.8,135669.4
26507,18084.2,142796.6
26508,15537.6,149332
26509,13567.1,154942.4
26510,12142,159932.2
26511,12442.4,163741.4
26512,11619.8,168050.8
26513,11701.1,171553.5
26514,11865.8,174780.1
26515,16721.6,103764.2
26516,17401.7,103049.2
26517,25402.4,63166.9
26518,26830.1,59572.6
26519,31940.7,47592.7
26520,33608.6,42530.1
26521,34453.8,38754.1
26522,34869.1,35255.7
26523,34954,32148.8
26524,36887,29144.2
26525,32696.2,43859.9
26526,33512.7,49729.9
26527,20425.6,99344.8
26528,17573.6,132188.3
26529,17514,141600.7
26530,16697.6,148683.1
26531,16036.3,154583.1
26532,16840,158891.4
26533,16317.7,163498
26534,15315.6,167996.8
26535,15810.4,171376.7
26536,16311,174527.3
26537,17935.6,176816.1
26538,19118.1,179103.4
26539,27888.5,106230.8
26540,30703.2,104008.5
26541,42815.6,63736.1
26542,46996.1,59799.4
26543,55576.5,48654.4
26544,59788.3,43429.4
26545,63925.7,39400.2
26546,68774.3,35803.5
26547,72739.1,32249.4
26548,76187.3,28964.6
26549,71008.7,43499.2
26550,69176.9,49381.7
26551,44871.5,95086
26552,33076.9,129011.7
26553,23759.2,142724.7
26554,17589.3,152152
26555,15272.7,158731.6
26556,13143,164499.3
26557,11771,169242.4
26558,10646,172302
26559,11083.8,174700.7
26560,12569.5,176902.9
26561,13327.8,179649
26562,13537.5,182531.3
26563,18900.1,110137
26564,20226.9,108512.6
26565,30205.3,68367.9
26566,32192.2,64752.3
26567,37774,52472
26568,39915.4,46358.1
26569,41467.1,42362.4
26570,42827.8,38985.2
26571,44450.8,35673.3
26572,45845,32543.4
26573,37827.3,47805.3
26574,34702.8,53655.5
26575,17594.3,105276.3
26576,12471.1,140010.1
26577,10439.3,149993.2
26578,7878.5,157572.1
26579,5181.7,164644.8
26580,3604.6,171351.7
26581,2613.5,180669.1
26582,1629.8,191393.8
26583,856,201139.8
26584,603.9,201502.4
26585,991,194242.3
26586,1397.3,202474.8
26587,4040.7,118811.6
26588,5768.8,116355.1
26589,10688.4,75043.5
26590,13605,70980.2
26591,18707.1,56847.3
26592,22605.8,50098.9
26593,26256.2,44871.8
26594,30116.2,40286.2
26595,33868,36601.2
26596,36858.9,33233.9
26597,38387.4,31603.1
26598,40789.1,29507.4
26599,38719.6,35156.6
26600,30756.4,56091.3
26601,28167.8,66457.2
26602,18351.7,89898.3
26603,17184.6,100505.6
26604,14379.6,104257
26605,12840.8,106808.5
26606,11496.7,109187.5
26607,10707,111208
26608,15083.3,81124.2
26609,16504.5,82989.5
26610,17479.4,81844
26611,19119.7,68444.8
26612,19699.1,71297.4
26613,30598.3,37550.8
26614,32995,34788.2
26615,34944.1,28714.3
26616,36063.6,25182.3
26617,38923.1,21341.3
26618,40212.6,18359.8
26619,41241.6,15782.7
26620,42379,13906.1
26621,43199.5,13431.2
26622,44725.4,12129.6
26623,47596.9,21315.7
26624,42876.9,27970.7
26625,34773.4,33978.9
26626,29927.7,40678.6
26627,27292.1,42186.9
26628,25646.2,43199
26629,24186.1,43955.6
26630,22923.9,44625.7
26631,22555,45130.5
26632,22786.9,45509.1
26633,24011.5,45601
26634,37567.2,35968.1
26635,38526.7,29071.2
26636,40590.6,27318.4
26637,47909.1,15407.4
26638,45452.5,16108.1
26639,47776.5,12298.6
26640,49660.3,10699.7
26641,51326,9484.9
26642,52809.3,8423.6
26643,54312.8,7598.4
26644,55999,7089.1
26645,57039.1,8077.4
26646,58660.8,7859.5
26647,70950.6,19396.2
26648,58301.9,26771.7
26649,51056.8,28879.7
26650,42473.5,34466.7
26651,40268,36242.3
26652,38312.5,37764.6
26653,36327.8,39187.6
26654,34899.9,40408.7
26655,34349,41242.1
26656,34260.2,41928.9
26657,35803.8,42104.2
26658,54071.6,34722.5
26659,53214.8,27977.4
26660,56068.2,26293.5
26661,66440.4,13949.7
26662,61984.2,14896
26663,64464.6,10952.6
26664,66433.1,9266.7
26665,65225.9,8169
26666,66171.9,7123.4
26667,67398.4,6146.4
26668,68687.4,5508.3
26669,54857.1,8976.1
26670,45302.1,12462.8
26671,30218,55322.1
26672,13779.1,90309.9
26673,8898.6,102295.6
26674,5020,111216.9
26675,3085,118889.2
26676,2566,125574.2
26677,1529.7,134206
26678,978.5,141611.5
26679,691,148868.8
26680,706.7,154982.2
26681,1190.4,160253.2
26682,1846.2,165309.5
26683,4684.9,95190.8
26684,5582.3,95008.9
26685,9839.1,53810.1
26686,11742,50502.8
26687,15992.2,37284.9
26688,18589.2,31433.6
26689,20979.4,27599.2
26690,23770,24292.8
26691,26425.7,21345.5
26692,29022.4,18915.6
26693,21716.2,30976.9
26694,20112.9,38774
26695,10679.6,94633.2
26696,7642.8,128604.9
26697,5793.4,140236.3
26698,4206.7,148442
26699,2953.3,155573
26700,2001.8,162834.2
26701,1415.4,172805.8
26702,793.4,182932.1
26703,366.6,196953.4
26704,369.5,204307.7
26705,836,193716.7
26706,1707.6,195782
26707,5009,114123.2
26708,6447.5,112945.4
26709,11118.7,71969.9
26710,13622,68853.4
26711,18747.9,54820.7
26712,21699.9,47828.1
26713,23994.3,42128.5
26714,25977.4,37034.6
26715,27703.1,33171.7
26716,29526.9,30304.5
26717,24960.5,45264.9
26718,25161.7,51758.7
26719,13961.5,106877.7
26720,11353.2,141424.4
26721,9533.1,151872.4
26722,6321.9,161774.4
26723,4683.7,172413.1
26724,4156.9,183104
26725,3613.5,192580.1
26726,2615.3,201411.2
26727,1711.7,208639
26728,1376.2,212341.2
26729,1901.9,206307.3
26730,2459.5,204328.2
26731,5326.1,121815.6
26732,6928.2,119445.6
26733,11588.3,77559.3
26734,14500.5,74054.8
26735,20667.5,59579.6
26736,24800.9,52104
26737,28224.2,46253.7
26738,31202.4,41209.5
26739,33957.3,36635.4
26740,36928.9,32775.3
26741,32047.8,49162.4
26742,32254.3,55570.6
26743,18475.5,110090.6
26744,13920.1,145086.9
26745,11520.5,155323.3
26746,8306.7,164447.9
26747,6166.9,166199.5
26748,5350,187564.7
26749,4545.8,197486.5
26750,3272.4,206589
26751,2127,215045.3
26752,1641.5,219744.9
26753,2182,206894.7
26754,2955.6,208015.9
26755,5734.3,124366.8
26756,7233.5,121761.5
26757,11751.6,79635.9
26758,14177.4,76451.5
26759,19627.3,62414.7
26760,22459.8,55448.7
26761,24866.1,49905.7
26762,27146.1,44834.6
26763,29271.5,39975.2
26764,31117.1,35685.3
26765,32172.7,33170.6
26766,34377.2,30673.4
26767,32887.4,37619
26768,25161.9,59923.3
26769,22831.2,70685.1
26770,14216.9,95028.8
26771,11730.9,106783.3
26772,10029.4,110369.7
26773,7390.2,115388.9
26774,5938.3,120605
26775,5052.1,123174.8
26776,6503.7,91757.5
26777,8592.3,91661
26778,9960.1,89843.5
26779,12015.3,80306.6
26780,13135.8,78046
26781,22986.4,40634.6
26782,26262,37889.8
26783,29150.5,31538
26784,31395.4,27761.7
26785,35371.2,23309.4
26786,37712,19773.1
26787,39708.2,16671.1
26788,42237.5,14351.1
26789,44855.9,13847
26790,48216.4,12519.7
26791,51970.4,22022.6
26792,49636.6,28337.2
26793,42164.1,34337.9
26794,36908.3,41187.9
26795,36127.2,42071.5
26796,34110.4,43687.7
26797,31643.3,46673.2
26798,29482.4,49060.4
26799,28085.9,50336.6
26800,29936,48607.4
26801,35878.6,45822.2
26802,52932.6,35067.7
26803,60776.4,25490.2
26804,61773,25893.2
26805,72123,13915
26806,72246.4,14098.8
26807,77248.7,10117.9
26808,81723,8709.7
26809,84202.8,8154.2
26810,89141.1,7564.7
26811,93640.6,7011.5
26812,97758.7,6577.8
26813,85903.3,11069.1
26814,79817.2,14240
26815,54747,57199
26816,33872.2,89738.7
26817,23840.9,104649.8
26818,17654.3,116243.4
26819,14562.2,126891
26820,12970.9,136394.2
26821,11886.6,145696.7
26822,9892.1,154478.5
26823,8078,161510.5
26824,7464.2,162292.4
26825,8503.6,160153.7
26826,10976,161827
26827,16365.7,95315.2
26828,18993.4,95003.1
26829,30672.4,54092.3
26830,34864.6,50307.2
26831,43063.1,36358.9
26832,46959.3,30724.1
26833,49995.6,26942.4
26834,54145.3,23983.6
26835,57619.9,21430.6
26836,60520.3,19411.8
26837,52250,32709.1
26838,50161.2,39596.1
26839,27730.4,91706
26840,20008.9,125501.2
26841,17598.6,136027.1
26842,15518,143936.4
26843,13465.3,150510.9
26844,10973.2,156681.6
26845,9402.4,162070.3
26846,7730.3,167459.2
26847,6853.1,171866.9
26848,7551.6,174606
26849,8739.2,177169.2
26850,9599.9,179851
26851,14029,108545.6
26852,15665.3,107558.5
26853,24470.4,66960.6
26854,27755.2,62987.3
26855,34652.4,49033.5
26856,38913.5,42672.1
26857,42857.9,38521.4
26858,46884.7,34607
26859,51793.4,31095.2
26860,56689,27916.4
26861,52240,42527.8
26862,52936,48664.9
26863,33127.2,98165
26864,25817.4,132018.6
26865,19142.1,145606.3
26866,15158.9,155346.6
26867,12661.3,164293
26868,11390.3,171895.5
26869,10514.8,179670.8
26870,8686.2,187540.1
26871,7110.1,193758.4
26872,6505.9,195044.5
26873,7335.4,185457.6
26874,9798,187162
26875,15594.4,113313.2
26876,18559.7,111089.1
26877,30245.5,70142.8
26878,35028.6,65576.2
26879,44046.1,52091.1
26880,49832.5,45144.6
26881,54803.2,40162.8
26882,60670.5,36521.7
26883,65834.9,32932.8
26884,70683.9,29574.3
26885,66448.7,44132.9
26886,66785.2,49932.5
26887,43762.8,98513.2
26888,33651.1,133021.4
26889,24478.3,147303.1
26890,19448.4,156119.3
26891,17262.3,161964.9
26892,15284,167650
26893,13867.7,171632.6
26894,12064.3,175808.9
26895,11343.3,178527.5
26896,12189.9,180487.2
26897,14456.6,181934.6
26898,16006.2,183963.6
26899,23391.6,110520.8
26900,26462,108643.3
26901,38677,68165
26902,42254.3,64052
26903,50791.7,51504.4
26904,54629.9,45071.5
26905,58610.7,40973.8
26906,63129.7,37447.2
26907,66622.5,33974.5
26908,69457.6,30654.2
26909,63168.6,45434
26910,61163.4,51215.1
26911,37317.2,99706.9
26912,27869.8,133852.2
26913,24634,143922.2
26914,19576.2,152189.2
26915,14631.8,160558.6
26916,12162,167886.5
26917,11111.5,171339.7
26918,10951.7,173637.9
26919,10971.9,176493
26920,10116.2,180258.3
26921,11681.1,182161.7
26922,13900.9,183817.5
26923,20796.7,110358.2
26924,23635.8,108370
26925,35915.5,67773.5
26926,39651.4,63771.4
26927,48126.5,51207.2
26928,52024.1,45090
26929,55907.1,41105.9
26930,60910.5,37532.8
26931,65118,34018.5
26932,68555.2,30655.4
26933,69808.9,28535.5
26934,71736.9,26269.8
26935,65436.3,28850.3
26936,54538.5,49395.9
26937,46322.5,61448.4
26938,34368.4,84734.1
26939,28368.2,98983.1
26940,23295.8,105246.9
26941,20097.4,107998
26942,16693.2,109754.1
26943,15647.9,110047.3
26944,21985.9,79286.5
26945,26943,79253.6
26946,30673.7,76843.5
26947,34536.2,62091.5
26948,36913.9,65033.2
26949,49977.3,31647.7
26950,54353.5,28723.4
26951,59074.6,24150.5
26952,62867.8,21334.9
26953,70485.3,18677.3
26954,76726.8,16650.2
26955,82193.8,14846.6
26956,87256,13135.9
26957,90687,12286.4
26958,94822.6,10913.6
26959,95533.7,15518.3
26960,87342.3,21429.3
26961,74398.9,27366.8
26962,65964.2,34141.3
26963,60796.6,36899
26964,56444.5,38989.9
26965,51952.5,41227.5
26966,45587,44313.9
26967,40268.8,46828.8
26968,38101.2,46919.1
26969,40778.6,43896.4
26970,61818.6,30926.8
26971,71452.9,21137.1
26972,72835.3,21803.9
26973,84750.1,10767.6
26974,84451,10596.9
26975,89782.8,8763.7
26976,94000.4,7971.4
26977,98492.8,7540.2
26978,103154.1,7139
26979,107369,6742.3
26980,111282.4,6365.6
26981,99687.5,10641.6
26982,91968.6,13715.2
26983,63999.8,53224.7
26984,38809,85824.5
26985,29198.2,98445.7
26986,20376.6,108441
26987,15211.5,116714.2
26988,11948.4,126192.8
26989,9573.6,134878.2
26990,7415.6,143316.8
26991,6331.5,147656.3
26992,5851.8,152045.3
26993,6713.9,155062.7
26994,8877.9,157967.6
26995,14165.2,91137.3
26996,17226.3,90546.4
26997,29326.4,49029.5
26998,34885.9,44817.4
26999,44924.2,33938.4
27000,50607,28584.6
27001,55661.1,24689.5
27002,62567.3,21979.9
27003,69288.4,20217.4
27004,75119.6,18584.2
27005,69394.1,29803.1
27006,68138.6,36019.9
27007,44583,83495.4
27008,31764.7,117774.6
27009,25055.7,130384.8
27010,17484.8,140971.1
27011,14145.4,149187.8
27012,11606.8,156969.1
27013,9555,165536.8
27014,7624.9,174998
27015,5916.2,183118.4
27016,4951.5,187101
27017,4976.5,186046.8
27018,6784.2,176830.3
27019,11976.4,108178.8
27020,14096.1,106969.7
27021,24239,66384
27022,28409.9,62213.3
27023,35773,48643.6
27024,40147,42211.8
27025,43429.5,37578.8
27026,46793.3,33948
27027,50418.7,30681.3
27028,53486.1,27729.2
27029,46814.7,42410.1
27030,45343,48759.6
27031,25000.4,100507.7
27032,17898.7,135643.7
27033,12486,150197.4
27034,9476.7,161261.2
27035,7816.5,171226.1
27036,6662.7,181179.6
27037,5331,189851.5
27038,3667,195177
27039,2290.9,204917.2
27040,1490.8,213371.7
27041,1571.4,192110.3
27042,2404.1,203346.9
27043,4994.7,119270
27044,6314.9,117385.2
27045,10761.1,76290
27046,13579.5,72872.6
27047,19705.8,58561.5
27048,23517.2,51333.3
27049,26497.1,45846.7
27050,29179.2,41258.6
27051,31767.7,36895
27052,34426.4,32827.9
27053,28782.3,49613.8
27054,28513.4,56023.3
27055,15916.6,110228.7
27056,12157,144851.1
27057,9538.1,155193
27058,8662.5,161021.5
27059,7066.8,166923.8
27060,4952.5,172970
27061,3964.5,177552.3
27062,2993.3,182536.2
27063,2536.5,186758.2
27064,2535.2,190432.7
27065,3429.2,193396.1
27066,4424.3,196567.8
27067,8075.7,119340.9
27068,9436.2,117176.9
27069,15759.6,75908.8
27070,18307.3,72264.7
27071,24266,58090.6
27072,27318,51010.5
27073,30334.9,45515.3
27074,33436,40855.2
27075,35762.5,37132.3
27076,37636.2,33863.1
27077,31926.6,49274.5
27078,31488.3,55242.1
27079,17854.1,109387.4
27080,13339.1,143935.8
27081,10956.1,153878
27082,9036,160588.9
27083,7506.4,166315.3
27084,5706.5,172195.3
27085,3736,177581
27086,2870.4,188562
27087,2228.8,193272.6
27088,1679.2,198055.2
27089,1826.5,198968.9
27090,2470.9,199830.6
27091,6030.8,121034.7
27092,7455.5,118765.6
27093,13369.9,77002.8
27094,16097.5,73392.1
27095,22046,59378.2
27096,25493.7,52286.9
27097,28469.1,46671.5
27098,30784.8,42072.5
27099,32588.4,37830.4
27100,35015.3,34353.5
27101,37062.4,32579.3
27102,40446,30339.4
27103,39280.9,36335.4
27104,31165.7,57631.4
27105,26709.7,68811
27106,15914.8,94568
27107,12035.6,110207.8
27108,10479.2,117057.7
27109,9601.4,121441.3
27110,8315,125854.8
27111,6927.3,129839.8
27112,7891.6,100626.8
27113,8631.6,98263.1
27114,13060.5,90483.4
27115,17756.9,74318.2
27116,21001.2,76226.2
27117,35496.8,37638.7
27118,41207.9,34245.6
27119,46392.3,27607.5
27120,50105.9,23740.4
27121,55637.5,19760.2
27122,61391.5,17358.7
27123,66856.8,15440.4
27124,72392.2,13702.9
27125,76497.3,13051.9
27126,80849.8,11711.7
27127,82101.1,19387.9
27128,75153.3,25376.8
27129,62908.9,31679.6
27130,55045.8,39722.4
27131,50676.7,42366.8
27132,46923.9,44796.7
27133,42577.5,48143.5
27134,37140.1,51133
27135,33688.3,51927.9
27136,32423.4,50681.5
27137,34582.4,47220.8
27138,53895.7,34263.4
27139,62876.9,24282.7
27140,64331.1,24730.2
27141,75780.6,12861.7
27142,76524.4,12992.4
27143,81752.1,9317.6
27144,86059.8,8254.7
27145,89421.6,7762.1
27146,93828.2,7283.9
27147,97821.7,6869.8
27148,101721.8,6485.1
27149,89539.5,10840.6
27150,82855.7,13959.5
27151,55885.9,55946.8
27152,32406.1,89837
27153,21168.9,105071.5
27154,15776.2,116790.9
27155,13110.8,127449.7
27156,11341.3,136645
27157,9811.3,146915.5
27158,7576.8,157749.5
27159,5712.7,166897.9
27160,4706.6,171871
27161,4654.7,170589.9
27162,6139.2,165630
27163,10965.3,97236.5
27164,12978.1,96952.3
27165,21269.2,55937.7
27166,26381.2,51752.9
27167,36806.6,36841.7
27168,42004.4,30155.6
27169,46315.6,26350.2
27170,52801,23271.9
27171,58265.4,20676.7
27172,62499.8,18989.3
27173,54874.6,31640.8
27174,52838.7,38645.3
27175,30159.5,91386.1
27176,21129.5,125451
27177,16639.1,137167.5
27178,13184.6,145831.1
27179,10579.1,153283.1
27180,8274.1,161169.5
27181,7185,165469.7
27182,6530.8,168990.5
27183,6158.4,172340.1
27184,6174.4,175698.4
27185,7076.1,178399.9
27186,8314.8,180806
27187,12584.6,109730.3
27188,14121.9,108840.7
27189,22492.5,68182.6
27190,25323.7,64525.8
27191,30751.6,50674.5
27192,33634.8,44208.2
27193,36021.5,39310
27194,37958,35563.3
27195,39678.9,32297.4
27196,41431.8,29415.7
27197,34059.1,44473
27198,33007.3,50761.3
27199,18130.4,104187.3
27200,12790.1,138975.4
27201,8853.2,152187.3
27202,6312.8,160990.6
27203,4672.2,168623.3
27204,3735,176622.9
27205,2788.6,185946.7
27206,1773.4,193089.9
27207,1279.5,193853.8
27208,879.9,197596.8
27209,960,199544.8
27210,1394.2,201504.6
27211,4084.2,119617.8
27212,5140.2,117937.1
27213,8826.5,77070.3
27214,10737,73864.1
27215,15175.1,59891.5
27216,18044.6,52976.1
27217,20233.1,47719.1
27218,22115.4,43138.4
27219,24037.2,38843.9
27220,25900.9,34742.7
27221,20994.1,51587.8
27222,20804.9,58088.2
27223,10548.2,112876.6
27224,7554.3,148060.5
27225,4473.2,163306.9
27226,3202.2,170772.4
27227,2307.6,188231.9
27228,1245.1,198571.6
27229,341,212530.5
27230,0,220825.2
27231,0,233298
27232,0,247015.7
27233,0,247415.5
27234,0,232655.7
27235,646.2,141837.1
27236,1124.7,134128.5
27237,2488.1,84843.3
27238,3791.6,81448
27239,5967,67465.8
27240,7617.2,60758.4
27241,10046.3,55251.7
27242,11860.9,50414.5
27243,13832.4,45826.7
27244,15641.1,41442.6
27245,11670.5,58680.7
27246,11470.2,65463.9
27247,5851.5,120791.1
27248,3725,154747.2
27249,2372.8,166875.4
27250,1491.3,175605.2
27251,873.4,196167
27252,218.9,209201.9
27253,0,222398.4
27254,0,237561.7
27255,0,251038.5
27256,0,255680.2
27257,0,238005.3
27258,0,246836
27259,274.8,149618.4
27260,495.4,142745.4
27261,1550.8,89707.5
27262,2280.9,86069.8
27263,3875.2,71470
27264,4654.8,64634.1
27265,5402.2,59266.2
27266,6401.7,54434
27267,7670.8,49718.4
27268,8820,45173.4
27269,9562.3,43607.5
27270,11125.4,40625.9
27271,11512.5,46236.1
27272,6620.5,71820.2
27273,5729.4,82929.2
27274,3937,106999.1
27275,3025.6,119592.2
27276,2314,120742.6
27277,1869.3,139788.1
27278,1157.1,145372
27279,603.7,145108
27280,533.4,109431.1
27281,687.1,107007.3
27282,953.1,103453.1
27283,1441.3,92160.6
27284,2239.4,89679.8
27285,6485.2,52176.6
27286,8939.2,48260.7
27287,11289.2,40897.8
27288,14026.1,36079.1
27289,17915.6,30548.4
27290,19810.5,26471.9
27291,21302.9,23108.4
27292,22797.2,20209.4
27293,23836.7,19877.5
27294,25076.4,17735.3
27295,28879.1,26689.5
27296,25180.1,34094.9
27297,18135.8,42550.9
27298,15708.9,49822.7
27299,14650.4,51441.2
27300,13541.9,52839.2
27301,12646.7,53837.4
27302,12212.4,54180.4
27303,11797,54716.1
27304,12533,53986.9
27305,13609.2,53354.2
27306,27004.1,40791.9
27307,28906.3,33308.5
27308,31561.9,31300.9
27309,39081,19101.4
27310,37887,19546.4
27311,40719.6,15381.2
27312,42934,13535.3
27313,42536,12289.6
27314,44253,11100.1
27315,46074.4,10006.3
27316,47864.1,9001.1
27317,35883.8,13552.2
27318,30263.1,17301.4
27319,15250.2,66447.4
27320,6337.5,104029.5
27321,4578.5,115330.2
27322,3279.1,123945.8
27323,2385.9,131374.2
27324,1596.7,138713.5
27325,1038,146133.3
27326,677,153232.3
27327,447.7,159828.4
27328,288.6,165515.5
27329,469.8,170263.9
27330,1198.4,174167.5
27331,4176.4,103303.4
27332,5519.7,102597.6
27333,10520.6,61382
27334,12727.9,58307.6
27335,17053.5,44010.2
27336,19616.3,37266.7
27337,22829.2,32648.9
27338,26173.1,28855.4
27339,29451.8,25574.6
27340,32716.4,22878.9
27341,25776.7,35893.8
27342,26122.1,43601.6
27343,14637.5,98477.8
27344,11353.1,131382.5
27345,8727,143364.1
27346,5862.1,154309.8
27347,4475.5,165028.6
27348,4005.7,175160.8
27349,3580.3,185992.9
27350,2607.6,194377
27351,1752.8,199970.1
27352,1239.1,207151
27353,1278.6,208526.4
27354,2432.4,200110.7
27355,6191.5,116959.6
27356,8324.6,115164.2
27357,13667.9,73923
27358,17468.1,70374.9
27359,24119.6,55913.1
27360,28053.7,48576.9
27361,32076.9,42491.9
27362,36023.1,37039.9
27363,39920.8,33214.1
27364,44838.5,30003.7
27365,39979.6,44799.7
27366,41453.2,51106.3
27367,25468,104943.7
27368,18355.8,140327.3
27369,13790.5,153981.8
27370,10782.7,164770.5
27371,8609.7,174374.3
27372,7505.8,183494.2
27373,5977.6,193645.8
27374,4081.7,203930.9
27375,2583.8,213446.2
27376,1568.3,222827.9
27377,1312.2,219022.4
27378,2232,200679.9
27379,5655.9,121825.5
27380,8434.7,118881.2
27381,15038.1,76584.1
27382,21437.6,72365.6
27383,29153.3,58049.8
27384,34336.8,50697.4
27385,39593.3,44565.8
27386,45104.7,39656.1
27387,51978,35054.5
27388,58774.1,31470.6
27389,54630.4,46827.1
27390,55395.7,52758.5
27391,34107.6,106508.5
27392,23007.9,143292.6
27393,15666.5,155668.8
27394,12400.9,163236.6
27395,10044.3,170754.8
27396,8027.9,177778.1
27397,6452.3,184980.4
27398,4750.3,190144.2
27399,3738.5,194274.7
27400,3726.3,193168.2
27401,3853.3,194969.3
27402,4566.6,196897.6
27403,8286.8,120951.9
27404,9337,118974.2
27405,15131.7,77450
27406,17697.4,74277
27407,23052.7,60468.1
27408,25593.5,53688.7
27409,27310.3,48369.5
27410,29005.3,43554.1
27411,30363,39171
27412,31577.8,35005
27413,26138.4,51729.2
27414,25149.6,58230.6
27415,12482.1,112973.6
27416,9222.9,147322.6
27417,7114,156833.9
27418,5135.3,163913.4
27419,3559.8,170285.5
27420,2436.3,176218.7
27421,1480.9,181840
27422,700.8,188444.6
27423,226.2,194780.9
27424,40.1,199874.2
27425,315.2,198241
27426,980.7,207495.6
27427,4093.7,123141.3
27428,5446.1,120630
27429,9870.9,78405.3
27430,12327.1,74788
27431,17107.4,60599.4
27432,20701.7,53436.9
27433,23841.5,47692.8
27434,26567,42778.5
27435,28807.1,38495.4
27436,30734.9,35048.3
27437,31801,33380
27438,33864.7,31294.3
27439,32200.8,38063.8
27440,22825.6,60726.7
27441,20346.6,71049.8
27442,13441.8,94140.5
27443,10070.2,106179.5
27444,6539.3,114179.9
27445,5518.3,121103
27446,4123.5,127374.6
27447,3191,132371
27448,3040.6,104835.6
27449,3333.8,100545.3
27450,4365.3,94154.7
27451,6514.1,82587.9
27452,8632.2,79724.6
27453,19232.9,41372.6
27454,24818.1,37842.4
27455,29935.2,31206
27456,33879.4,27238.4
27457,39046,22724.2
27458,42788.8,19089
27459,47029.5,16105.5
27460,51641.1,14215.7
27461,54653.4,13706.1
27462,57633.5,12356.7
27463,59536.1,21740.3
27464,55524.4,28252.1
27465,48172.7,34385.1
27466,43782.5,40807.3
27467,41675.8,42050.4
27468,37956.7,43187.8
27469,32820.3,45150.1
27470,27287.3,48722.3
27471,21817.5,53486.7
27472,19919.6,55331.2
27473,19831.1,53848.5
27474,34736.8,39394.1
27475,39636.3,30296.8
27476,44500.9,28037.1
27477,53887.8,15919.1
27478,53599.1,16477.4
27479,57698.5,12543.5
27480,60726.3,10839.3
27481,63233.2,9575.8
27482,66072.9,8444.5
27483,69853.5,7356.5
27484,73331.5,6583.2
27485,75513,7663.5
27486,78218.2,7289.3
27487,88206.6,18252.8
27488,74223.2,25474.2
27489,64423.1,28678.7
27490,53361.6,36695.5
27491,48739.7,40289.3
27492,44255.4,42116.9
27493,40997.4,42285.4
27494,36183.2,45568.9
27495,32203.5,50236.1
27496,29481,52671.7
27497,28498.5,51306.5
27498,47174.3,38194.1
27499,48811.6,28994.6
27500,54035.6,26895.6
27501,67282.9,14295.6
27502,65654.9,15096.1
27503,70845,11079.5
27504,75702.9,9290.4
27505,75963.7,8272.9
27506,77539.3,7400.5
27507,80655.7,6437.8
27508,83112.2,5481.2
27509,68571.7,9121.5
27510,58049.7,12644
27511,37461.2,54830
27512,17381.8,91486.4
27513,10758.2,106341
27514,6499.3,119289.6
27515,4604.7,123750.8
27516,3230.1,128404.9
27517,2081,149479.7
27518,1130.8,165609.8
27519,554.7,178106.2
27520,99.8,190476.8
27521,9.4,190292.8
27522,94.8,178737.2
27523,1068,100432.8
27524,1744.1,102358.4
27525,4145.9,61574.7
27526,5911.4,57670.5
27527,10054.9,43338.9
27528,14163,35854.3
27529,19225.1,30301.3
27530,23381.7,26157.8
27531,26564.6,23281.9
27532,28961.8,20586.3
27533,22132.4,33408.5
27534,20491.4,41785.2
27535,10197.8,98838.8
27536,6825,133197.6
27537,5180.4,143764.4
27538,3925.8,151721.7
27539,3297.2,157888
27540,2639.4,163796.1
27541,2097.3,169302.2
27542,1598.5,174755.8
27543,1240.5,180224.2
27544,1386.3,184109
27545,1607.9,187979.3
27546,2482.7,190664.8
27547,6241.9,115013.2
27548,7457.9,113762.3
27549,13230.6,72713.9
27550,15535.6,69460.8
27551,20644.1,55347.4
27552,23352.6,48381.1
27553,25770.9,42575.8
27554,27721.5,37460.4
27555,29435.2,33542.7
27556,31377.2,30441.2
27557,26045.6,45816.1
27558,25603.1,52298
27559,13700.8,107929.3
27560,10075.6,142405.1
27561,8404.9,152051.1
27562,7568.7,158534.1
27563,6755.2,164162.6
27564,5810.7,169312.1
27565,5333.5,173764.1
27566,5113.5,177969
27567,5013,181823.9
27568,5294.7,185136.1
27569,5809.5,188168.1
27570,6377,191242.1
27571,10073.9,117539.9
27572,10879.9,115863.8
27573,17549.6,74472.1
27574,19585.4,70995.2
27575,24534.7,57066.2
27576,26666.5,50194.6
27577,28307.7,44740.9
27578,29566.1,40429.1
27579,30351.4,37092.9
27580,31237.2,33967.6
27581,25387.5,49432
27582,24180.4,55552.9
27583,12037.1,110635.7
27584,8721.2,145356.5
27585,6975.5,154872.1
27586,5428.5,161726.3
27587,3877.2,167722.5
27588,1806.8,174691.1
27589,887.2,180847.2
27590,373.3,187630.2
27591,47.2,194034.2
27592,0,199992.9
27593,21.7,198754.9
27594,521.9,207912.5
27595,3477.4,122243.9
27596,4583.4,119811.3
27597,8627.5,77789.4
27598,10907.2,74317
27599,15135.3,60337.2
27600,17832,53363.2
27601,20614.2,47709.7
27602,22913.9,42758.9
27603,25004.1,38731.9
27604,27372.8,35412.8
27605,28828.2,33660.8
27606,31743.7,31449
27607,31766.1,37873.3
27608,23433.2,59763.4
27609,21366.2,69688.1
27610,14021.1,92731.9
27611,11792.3,103812.1
27612,9913.2,107406
27613,8252.7,110501.9
27614,7266.9,112962.5
27615,6320.1,115320.8
27616,9583.9,85555.3
27617,10927.1,87338.1
27618,12617,85636.8
27619,15280.5,71312.4
27620,16839.8,73559.5
27621,28280.5,39569.1
27622,31772.8,36751
27623,34974,30432.6
27624,37250.2,26643.6
27625,41508.4,22196.4
27626,43915.5,19057.7
27627,45672.6,16347.2
27628,48224.2,14213.2
27629,49634.3,13717.3
27630,51757.7,12405.8
27631,54749.7,21546.3
27632,49153.5,27944.7
27633,39117.1,35496.3
27634,32070.7,44701.6
27635,29048.3,46870.4
27636,28433.6,45867.1
27637,25382.9,47140.4
27638,23816,47642.7
27639,22816.8,47888.8
27640,23017.5,47469.5
27641,25377.6,46411.7
27642,38648.9,36530
27643,45207.3,26720.8
27644,44881.8,27244.7
27645,53514.6,15305.1
27646,52169.6,15907.6
27647,55720.8,12025.8
27648,59025.1,10288.1
27649,59186.3,9092.6
27650,61304.5,8277.2
27651,63386.2,7769.8
27652,65840.8,7293.7
27653,52652.3,11634.4
27654,46063.3,15097.5
27655,27056.5,61871.3
27656,11265,98013.8
27657,7827.3,110534
27658,6014.5,120106.5
27659,4020,132979.1
27660,3070.6,144388.5
27661,2235.8,156453.9
27662,1174.5,166825.5
27663,512.4,175805.1
27664,169.8,182546.3
27665,136,177945.7
27666,463.1,182566.9
27667,2558.9,103511.2
27668,4166.4,102710.4
27669,8510.7,61532
27670,10981.4,58176
27671,16333.5,43596.5
27672,20044.6,36107.9
27673,23931.2,31047.5
27674,28602.1,27337.9
27675,32677.8,24345.3
27676,35925.4,21837.1
27677,28931,34833.8
27678,29333.8,42543.6
27679,16210.5,97875.9
27680,11814.8,131504.4
27681,9758.3,142593.2
27682,6549,152594.3
27683,4840.7,160560
27684,3559.8,168841.2
27685,2903.9,173767.2
27686,2026.4,179777
27687,1272.1,186964.7
27688,872.3,194399.5
27689,831.4,197593.9
27690,1397.3,196142.4
27691,4707.4,116645.2
27692,6622.4,114936.3
27693,12233.2,73631.4
27694,14606.4,70503.5
27695,19654.6,56718.5
27696,22327.5,49981.4
27697,24222.9,44624.1
27698,25661.1,39701.8
27699,26589.8,35346.3
27700,27207,32098.5
27701,21772.9,48784.9
27702,21090.1,55341.8
27703,10128.3,110848
27704,6010.2,147912.1
27705,3487.7,161284.9
27706,2225.1,173775.2
27707,1206.3,186983.9
27708,539.8,199017.7
27709,87.4,207313.4
27710,0,221282
27711,0,230217.3
27712,0,235619.2
27713,0,232501.1
27714,0,239831.1
27715,17.7,141856
27716,154.5,134828.5
27717,1034.3,85352.9
27718,1616.9,82029.9
27719,3369.6,67787.1
27720,4620,60990.4
27721,5834.5,55668.9
27722,7577.2,50683.5
27723,9212.8,45857.5
27724,10789,41322.7
27725,8854.4,58143.6
27726,9623.4,64769.6
27727,5215.5,120032.1
27728,2739.2,159374
27729,1822.8,175109.3
27730,1452.5,189026.8
27731,1073.5,201871.8
27732,577.1,213595.9
27733,227.9,224084.6
27734,2.5,237467
27735,0,250770.5
27736,0,260356.5
27737,3,257023.7
27738,63.7,249810.3
27739,1257.3,146657.8
27740,2030.3,135715
27741,5235.2,87510.5
27742,7454.7,83506.6
27743,11433.4,68308.7
27744,15099.8,60632.4
27745,18886.7,54594.2
27746,22434.8,49147
27747,25705.7,43952.3
27748,29124.2,38821.5
27749,25997.3,55126.8
27750,27363.5,61535.8
27751,16062.8,116543.7
27752,10624.9,156132.2
27753,8021.6,169976
27754,6380.9,180828.3
27755,5300.2,191748.8
27756,4128.4,202473.2
27757,2860.3,213140.8
27758,1395.7,223298
27759,593.4,215267.3
27760,379.4,221170
27761,615.1,217578.9
27762,1157.1,225461.1
27763,3273.1,126366.9
27764,4531.4,127236.7
27765,8227.6,84825.1
27766,9906.6,81307.7
27767,14409.8,66510.2
27768,17860.8,59170
27769,20885,53462
27770,23570.7,48428.7
27771,25860.2,43555.9
27772,27853,38841.6
27773,28888.8,36735
27774,30259.7,33516.7
27775,28865.6,39892.1
27776,21964.6,64161.1
27777,19475.5,74950.4
27778,11784.1,98672.6
27779,9530.4,110113.7
27780,7163.4,114682.9
27781,6313.3,117565.9
27782,5550.6,119771.5
27783,4973.7,122334.8
27784,4362,99602.8
27785,4623.1,101433.3
27786,6555.2,95719.9
27787,10872.7,82659.9
27788,13939.8,79476.8
27789,24784.3,41279.1
27790,29683.2,38149.4
27791,34078.7,31583.8
27792,37394.1,27623.8
27793,42561.9,23025
27794,45995.3,19340.5
27795,49543.8,16237.7
27796,52709.7,14151.1
27797,54999.9,13652.3
27798,56563.5,12305.8
27799,55844.6,22085.1
27800,50150.1,28798.4
27801,42423.7,34872.5
27802,37240.5,41524.4
27803,31919.3,44064.9
27804,28969.3,45808.6
27805,25430.6,48757.4
27806,20968.4,52433
27807,18082.5,55121.8
27808,17145.7,57079.5
27809,18092.6,54271.7
27810,32386.6,40220.7
27811,38383.4,30389.3
27812,43414.8,28158.9
27813,52949.1,15980.4
27814,52148,16661.9
27815,56005.6,12691.3
27816,59080.6,10887.8
27817,58796.2,9760.6
27818,60475.7,8651.1
27819,62559.7,7635.4
27820,64990.1,6937.6
27821,52467.6,11378.8
27822,46255.3,14663.4
27823,27592.9,61401.9
27824,10124,101736.2
27825,6927.9,116579
27826,5350.8,128876.8
27827,4304,140672.8
27828,3457.4,152349.8
27829,2686.7,163754.2
27830,1389.5,176012
27831,672.8,187075.7
27832,380.5,198081.8
27833,347.7,197965.5
27834,560.3,188588.2
27835,2421.7,102290.3
27836,3766.5,104505.6
27837,7462.9,63557.2
27838,9197.2,60503.2
27839,14081.8,45991.4
27840,17541,38482.8
27841,20385.1,32973.7
27842,23301.1,28529.8
27843,26066.3,25266.4
27844,28734.9,22278.6
27845,24002.9,35522
27846,24434.6,43238.6
27847,12635.8,100080.3
27848,7765.9,138699.4
27849,5207.9,152875.8
27850,3896.8,164653.4
27851,3082.9,175984.3
27852,2177.5,186897.7
27853,1152.7,197425.2
27854,210,209423.2
27855,0,221578.7
27856,0,212848
27857,0,212299.2
27858,137.8,218745.5
27859,1627.8,121135.3
27860,2339.3,120422
27861,5477.8,78425.4
27862,7002.3,75511.7
27863,9823.3,61684.7
27864,11923.3,54934.5
27865,13670.1,49567.1
27866,15657.8,44546.5
27867,17266.6,40049.2
27868,18894,35890.7
27869,14353.5,52702.9
27870,14157.1,60170.5
27871,7458.6,115501.5
27872,4914,150487.5
27873,3693.7,159859.9
27874,2780.9,166791.4
27875,1961.5,173333.2
27876,1210.5,179936.8
27877,774.7,185912
27878,383,191883.2
27879,176,197490.9
27880,68.1,203608.4
27881,371.4,206955.1
27882,871.8,210170.4
27883,3314.3,125045.1
27884,4179.2,122593.4
27885,7437.4,80639.9
27886,9028.4,77299.4
27887,12302,63199.8
27888,13389.6,56754.7
27889,14829.2,51538.6
27890,16429.5,46699.5
27891,17927.5,41998.1
27892,19228.9,37712.8
27893,14239.2,55029.9
27894,13857.4,61822.9
27895,6425.3,117253.2
27896,3497.4,153324.1
27897,2053.9,163666.2
27898,1133.6,171828.4
27899,498,179566.9
27900,100.1,188363.2
27901,0,198010.9
27902,0,206175
27903,0,213525.4
27904,0,220147.5
27905,0,218577.4
27906,0,230626.8
27907,474.2,133388
27908,1169.3,127965.1
27909,3403,84114.8
27910,4604.5,80619.4
27911,7456.7,65773.4
27912,9176.3,58838.7
27913,10563.9,53608.4
27914,12036.1,48721.5
27915,13742,43923.1
27916,15205.3,39448.7
27917,11490.2,56552
27918,11320,63381.5
27919,5237.6,118775.7
27920,2457.8,156472.1
27921,1023.4,170908.4
27922,457.6,180815.9
27923,50,195944.6
27924,0,219302.4
27925,0,235107
27926,0,254146.7
27927,0,272877.7
27928,0,285766.1
27929,0,283678.7
27930,0,276925.5
27931,0,175833.4
27932,0,166317.4
27933,103.6,105010.5
27934,465.9,94112.4
27935,1118.2,74378.6
27936,1661.8,67154.6
27937,2418.6,61617.8
27938,3264.5,56736.5
27939,3755.2,52190
27940,4428.6,47751.6
27941,5172.3,46431.5
27942,6073.7,43533.4
27943,6042.8,52628.7
27944,3716.5,75298.2
27945,3449.8,85825.4
27946,2412.1,109606.7
27947,2141.9,119720.6
27948,1854.2,123101.8
27949,1623.9,125726.8
27950,1459.5,127728.9
27951,1429.8,128947
27952,2116.4,99293.7
27953,2457.2,100937
27954,2889.7,99242.3
27955,3363.8,89133
27956,3756.8,86926.8
27957,8524.6,49439.2
27958,10412.1,46085.3
27959,12589.3,38719.7
27960,14169.4,34164.2
27961,17146.2,29647.3
27962,18836.2,26093.6
27963,20231,22938
27964,21112.2,22505.1
27965,22441.2,20212.2
27966,25065.7,28664.9
27967,22105.4,35778.3
27968,14995.6,44277.3
27969,13198.4,51741.7
27970,12594.9,53173.1
27971,11988,54271.6
27972,11645.6,54925.3
27973,11366.1,55335.1
27974,11218.4,55712.6
27975,11074.2,56052.9
27976,10535.1,56754.2
27977,21402.9,42614
27978,21945.7,34594.3
27979,24274.4,32193.7
27980,30753.8,19811.9
27981,29706.4,20216.3
27982,32484.8,16075.4
27983,34567.4,14279.8
27984,33365.1,13194.2
27985,34108.7,12175.5
27986,35950.3,11065.7
27987,37622.6,10019.7
27988,25702.7,14435.2
27989,19913.8,18429.4
27990,10664.8,68866.2
27991,2971.5,107172.7
27992,1727.5,120936.7
27993,1004.5,135083.8
27994,572,150305.5
27995,105.7,167308
27996,0,182661.6
27997,0,194999.6
27998,0,200715.4
27999,0,209314.9
28000,0,206780.2
28001,0,215579.9
28002,0,131107.7
28003,0,127271.9
28004,274.5,74202.5
28005,669.1,68599.2
28006,1375.8,54257
28007,1931.4,47341.1
28008,2749.5,42143.9
28009,3546.7,37875
28010,4381.4,34142.6
28011,5533.2,30680.7
28012,3723.2,46059.8
28013,3758.1,55166.1
28014,1491.6,111584.6
28015,374.5,149978
28016,156.2,162104.2
28017,21.8,171653.5
28018,0,180589
28019,0,189068.3
28020,0,197874.2
28021,0,206597.7
28022,0,213908.8
28023,0,223639.6
28024,0,224078.5
28025,0,233868.7
28026,0,136006.4
28027,68.2,133955.9
28028,921.3,83992
28029,1241.8,80576.7
28030,2171.5,66373.9
28031,2871,59996.1
28032,3690.5,54739.6
28033,4616.2,49770.8
28034,5570.4,45239.7
28035,6624.2,41053.6
28036,4908.7,57832.5
28037,5016.2,65290
28038,2061.9,120912.7
28039,712.1,158631.4
28040,181.3,170926.5
28041,3.8,179972.3
28042,0,189268.5
28043,0,201050.7
28044,0,204304.8
28045,0,223303.3
28046,0,240343.3
28047,0,240871.6
28048,0,236543.4
28049,0,242610.7
28050,94.1,141073.9
28051,557.5,137938.3
28052,2285.1,87234.2
28053,3135.8,83628.9
28054,4945,68959.2
28055,6168.4,61908.2
28056,7706.2,56370.5
28057,8851.8,51452.4
28058,9906.7,46759.1
28059,10987,42272.4
28060,8388.2,59182.8
28061,8532,66032.5
28062,3931,121588.3
28063,2217.1,158305.5
28064,1334,169355.4
28065,546.4,178146.4
28066,88.8,186686.2
28067,0,196113.5
28068,0,204222.1
28069,0,212215.2
28070,0,219440.8
28071,0,225938.8
28072,0,224224.5
28073,0,234745.6
28074,399.5,138358.9
28075,1416.8,131103.8
28076,4156.7,86228.4
28077,5617.6,82490.7
28078,9241.4,67415
28079,11319.6,60126.7
28080,13107.4,54371
28081,15154.4,49140.7
28082,16940.2,44420.9
28083,18611.3,39855.6
28084,14923.2,56604.4
28085,15195.3,63190.5
28086,7780.5,118644.5
28087,5683.4,154989.5
28088,4372.7,164897.3
28089,2484.1,174122.3
28090,1664.6,180731.2
28091,1062.9,186841.2
28092,639.5,192180.5
28093,308.2,198448
28094,32,206038.8
28095,10.3,211527.9
28096,0,217707.1
28097,1.7,222955.1
28098,1420.8,130634.5
28099,2890.6,126251.1
28100,6589.3,84093.7
28101,8840.8,80213.7
28102,13251.6,65023.1
28103,16029.4,57480.6
28104,19111.2,51435
28105,22207.8,46096.6
28106,25098.8,40953.9
28107,27941.1,36522.9
28108,29668.4,34937
28109,31635.4,32600.1
28110,30780.7,39496.7
28111,24561.6,62648.9
28112,21072.7,75408.1
28113,13168.1,98793.5
28114,11299.2,108830.2
28115,8366.9,113829.2
28116,6783.5,118929.8
28117,5728.1,123071.1
28118,5188.9,123007.2
28119,4894.6,95540.6
28120,6108.4,94744.2
28121,6453.2,93573.9
28122,8384.3,82928.3
28123,11736.6,79106.1
28124,22315.7,41652.8
28125,27224.7,38647.8
28126,31732.1,32094.7
28127,35377.9,28125.3
28128,40578.7,23482.3
28129,43829.7,19911.7
28130,47207.6,17132.6
28131,50859.7,14538.2
28132,53125.8,13857.3
28133,55694.4,12503.5
28134,56956.1,21823.2
28135,52742,28282.3
28136,42719.6,38032
28137,36586.4,47725.3
28138,32481.9,51084.2
28139,27931.9,53238.9
28140,23080.1,55392.5
28141,19591.3,58026.9
28142,15208.6,62188.8
28143,12268.4,65788.7
28144,10611.7,67475.3
28145,19131.2,49732.3
28146,18299.1,37621
28147,22487,31563.3
28148,31745.9,18290.9
28149,31982.8,18666.8
28150,36654.1,14577.3
28151,40527.5,12833.5
28152,41081.2,11671.9
28153,43568.9,10568.9
28154,45993.8,9545.4
28155,47777.2,8649.3
28156,35729.7,13213.4
28157,29837.8,16901.7
28158,16577.3,66569
28159,5963.7,104746.6
28160,4003.9,117241.8
28161,2634.9,128287.6
28162,1709.5,137157
28163,1026.8,143920.7
28164,451.2,152505.7
28165,78.7,162045.5
28166,0,172096.8
28167,0,181053.1
28168,0,185974.4
28169,0,206346.1
28170,0.2,112622.9
28171,24.5,110546.8
28172,1162.7,67358.6
28173,2070.7,64355.7
28174,4842.4,49717.7
28175,7395.9,42172.9
28176,9120.8,36913.7
28177,10839.7,32802.5
28178,12991.5,29698.4
28179,15116.6,26865.3
28180,10822.7,40800
28181,11011.4,49084.4
28182,5027.3,105469.8
28183,3149.6,140714
28184,1942.3,151642.1
28185,1167.1,159723
28186,501.1,168270.5
28187,126.1,176228.5
28188,0,183427.5
28189,0,191227.3
28190,0,199221.9
28191,0,206009.6
28192,0,205467
28193,0,215907.4
28194,442,125236.5
28195,1162.6,121109.9
28196,3728.5,78761.7
28197,4725.3,75768.9
28198,7406.2,62063.1
28199,9053.8,55505.8
28200,10518.6,50152.7
28201,12375,45075.6
28202,14509,40364.8
28203,16305,36075.2
28204,12160.9,53242.1
28205,11918.5,60584.5
28206,5512.2,115838.9
28207,3141.3,151620.2
28208,1948.6,161916.6
28209,1102.8,170971.5
28210,570,180381.7
28211,257.1,184201.2
28212,60.8,208053.3
28213,0,216472.6
28214,0,221751.4
28215,0,233119.9
28216,0,231631.9
28217,0,236078.4
28218,990,130738.1
28219,2116.8,126906.8
28220,5783.8,83249.8
28221,7890.9,79252.6
28222,12724.5,63808.3
28223,16424.2,56194.1
28224,20192,50122.4
28225,23804,44653.5
28226,27472.9,39228.4
28227,31072.4,34758.1
28228,27837,51196.3
28229,29122,57297.1
28230,17667.1,111896.6
28231,12784.6,149523.4
28232,9712.1,162318.9
28233,7698.2,171688.1
28234,5962.7,180646.1
28235,4710.4,189659.8
28236,3855.2,196864.3
28237,2717,205346.5
28238,1593.1,214427.3
28239,647.9,227857.4
28240,319.9,232394
28241,322.5,245577
28242,1186.9,141752.8
28243,2666.3,131114.5
28244,6778.3,84006.8
28245,9583.6,79885
28246,15396.5,64542.1
28247,19476.1,57130.3
28248,23060.3,51292.2
28249,26474.3,46001
28250,29689.7,40796.2
28251,32679.9,35866.2
28252,28670.2,52683.7
28253,29759.7,58660.1
28254,17548.2,113047.1
28255,12298.4,150833.9
28256,9103,163763.1
28257,6835.6,173856.8
28258,5110.4,183426.9
28259,3834.5,193449.4
28260,2822.3,202814.5
28261,1753.9,212449.5
28262,598.3,226214
28263,84,240791.7
28264,5.1,246570.7
28265,7.2,257570.8
28266,335.9,150168.5
28267,870.3,138110.3
28268,3393.3,87204.6
28269,4942.5,83294.2
28270,7493.8,68585.3
28271,9747.2,61472.5
28272,11849.6,55893.7
28273,14063.5,51008.9
28274,16093,46228.1
28275,17990,41548.6
28276,18968.4,39546.5
28277,20646.7,36270.3
28278,20063.7,41940.3
28279,13440.3,68551.5
28280,10989.1,81872.6
28281,6126.9,109933.1
28282,4831.4,124755.2
28283,3769.6,129000.7
28284,2898.6,130674.6
28285,2314.9,131372
28286,1766.3,133927.4
28287,1760.5,106005.5
28288,1521.9,109693.3
28289,1488.8,106906.7
28290,1718.1,93837.1
28291,2574.3,88689.2
28292,7469.4,49913
28293,11303.3,45525.2
28294,15482.7,37492.3
28295,19173.1,32422.2
28296,24433.9,27537.8
28297,28503.3,23678.7
28298,32195.4,20251.4
28299,35900,16925.4
28300,39123.5,15953.4
28301,43633.5,13734.6
28302,48089.6,23470.4
28303,44046.4,31454.1
28304,35292.7,42635.3
28305,30323.7,52834.5
28306,26821.6,56021.4
28307,22459.1,58880.4
28308,18334.7,60984.2
28309,15498.6,62166.8
28310,12578.4,65104.2
28311,10863.4,68686.4
28312,9784.7,70897.3
28313,18599.3,53230.2
28314,18300.5,42348.8
28315,21484.7,34748.6
28316,30258.7,20221
28317,31110.8,20270.5
28318,36938.2,15829.1
28319,41971.8,13810.2
28320,43455.5,12491.5
28321,47307.3,11225.8
28322,51702.1,10009.8
28323,56172,8903.3
28324,45117.5,13324.9
28325,41058.7,16937.8
28326,24109,65865.1
28327,9492,106085.7
28328,6929.3,119790.1
28329,5291.8,132740.8
28330,3893.8,144681.8
28331,2670.7,155583.7
28332,1472.3,163784.9
28333,431.6,177380.5
28334,0,194572.9
28335,0,213903.5
28336,0,222143
28337,0,233756.4
28338,16.6,127701.7
28339,124.3,121886.4
28340,1242.4,70525.7
28341,1707.7,67843.8
28342,3434.4,53763.5
28343,4614.2,46672.3
28344,6040.5,41321.3
28345,8095.3,36769.2
28346,10203.5,32571.7
28347,12468.3,28756
28348,8917.4,43695.3
28349,9136.5,52587.8
28350,4636.9,108569.6
28351,2993.4,143397.1
28352,1996.6,154019
28353,1344.6,162086.6
28354,654.3,171072.1
28355,265.5,178550.5
28356,14.2,186191.5
28357,0,193635.8
28358,0,202798.1
28359,0,210991.7
28360,0,214363.2
28361,0,218525.9
28362,812,126322.8
28363,1619.1,121882.2
28364,4440.6,79587
28365,5517.8,76380.8
28366,8655.5,62484.6
28367,10398.2,55801
28368,11979.3,50290.6
28369,13631.2,45129.7
28370,15243.1,40502.7
28371,16759.1,36282.6
28372,12905.1,53228.7
28373,12830.3,60539.5
28374,6253.1,115703.5
28375,3900.5,151285.8
28376,2600,161185.2
28377,1369,169560.1
28378,611.2,179474.7
28379,164.7,189585.9
28380,0,210986.4
28381,0,223924.8
28382,0,239569
28383,0,256244.2
28384,0,263181.2
28385,0,273367.4
28386,0,174576.4
28387,76.8,144113.3
28388,796.9,91211.8
28389,1379,85067.2
28390,2768.2,69864.3
28391,4267.4,62650.5
28392,5610.6,57245.5
28393,7247.9,52503.2
28394,8939.9,47633.2
28395,10291.6,43115
28396,8058.9,59677.7
28397,8765.5,66543.1
28398,4467.2,126033.8
28399,2414.5,160057.7
28400,1423.3,174402.3
28401,813.8,189342.7
28402,290.8,206207
28403,0,222969.9
28404,0,237775.1
28405,0,251329.2
28406,0,266965.3
28407,0,281647.7
28408,0,286095
28409,0,296836.8
28410,0,197148
28411,0,175545.6
28412,6.3,115354.4
28413,42.8,102572.5
28414,294.6,79847.1
28415,545.5,70968.5
28416,1159.9,64925.2
28417,1995.6,59942.3
28418,2752.4,55047.9
28419,3424.2,50237.7
28420,2902,67075.5
28421,3135.8,74035.3
28422,1324.7,134192.8
28423,155.5,173670.8
28424,0.1,191856
28425,0,206550.6
28426,0,222225.2
28427,0,237951.5
28428,0,251538.8
28429,0,264821.4
28430,0,280995.1
28431,0,294270.6
28432,0,298078.5
28433,0,306645.8
28434,0,203152.6
28435,0,188958.3
28436,0,125284.2
28437,0,113569.8
28438,28.5,88015.9
28439,213.1,76359.3
28440,503,63920.8
28441,1077.8,62033.5
28442,1996.4,56584.8
28443,3148,51296
28444,4442.9,49157.1
28445,6494.4,45559
28446,6542,54474
28447,4129.3,80769.2
28448,3720.7,95874.3
28449,2418.3,123005
28450,1895.9,136507.8
28451,1367,144356
28452,803.6,150338.5
28453,259.8,155965.3
28454,0,163057.9
28455,0,135929.3
28456,0,143312.2
28457,2.9,142059.3
28458,17,124291.7
28459,44.5,101057.4
28460,557.6,61140.3
28461,1687.2,56531.7
28462,2966.6,48847.2
28463,4416.2,43938.5
28464,7487,38227.8
28465,10513.4,33121.8
28466,13660,28596.8
28467,16725.6,24511.4
28468,19188.4,23618.7
28469,21534.5,21263.4
28470,22728,32699.7
28471,22088.2,41869.2
28472,14389.1,55367.4
28473,10500.4,68680.7
28474,7443.1,75083.3
28475,5476.1,80373.1
28476,4284,83649.8
28477,3514.7,86838.7
28478,2989.6,92011.2
28479,2775.9,97299.1
28480,3932.2,94770.1
28481,9666.8,78522.6
28482,8975.6,64751.7
28483,9953.4,52600.7
28484,10810.9,35177.8
28485,11733,30406.5
28486,13078.5,23956.5
28487,14487.1,20820.1
28488,14220.8,18713.4
28489,15210.5,17099.9
28490,16481.4,15765.2
28491,18131.2,14540.6
28492,11454.2,19890.9
28493,7239.6,25825.7
28494,5357,80468
28495,206.1,123704
28496,6.7,141557.8
28497,0,157581.5
28498,0,167593
28499,0,190342.5
28500,0,204221.7
28501,0,211318.2
28502,0,222606.6
28503,0,239720.6
28504,0,235889.9
28505,0,248444.5
28506,0,162484.2
28507,0,148552.7
28508,122.5,83288.2
28509,422.8,75304.1
28510,1222.6,60255.8
28511,2287.8,53073.5
28512,3400.7,47541.9
28513,4365.5,43001.4
28514,6027.2,38839.5
28515,7936.7,34816.1
28516,6444.6,49229.4
28517,7587.7,58319.7
28518,3953.6,114486.1
28519,2068.3,152845.9
28520,1272.6,165237.4
28521,763.1,175227.5
28522,312,190771.1
28523,19.1,209425.1
28524,0,224224
28525,0,237987
28526,0,255187.5
28527,0,271463.5
28528,0,277906.2
28529,0,288671.3
28530,0,192283.7
28531,0,169644.7
28532,104.9,107438.4
28533,376.5,95002.2
28534,1144.8,73427.1
28535,1903.5,65274.1
28536,3098.2,59510.4
28537,4209.7,54062.9
28538,5964.8,49052.8
28539,8026.5,44432.1
28540,6177.4,60912.5
28541,6692.2,68386.2
28542,3357.2,129187.1
28543,1441,166864.6
28544,686.3,184888.2
28545,251.2,200296
28546,9.9,209165.4
28547,0,230464.7
28548,0,230569.4
28549,0,236297.2
28550,0,243580
28551,0,261598.8
28552,0,272301.5
28553,0,263604.3
28554,0,169224.1
28555,0,159289.2
28556,266.5,100107.5
28557,549.5,93375
28558,1345.9,75504.9
28559,2204.8,67913.8
28560,3076.4,62327.9
28561,4195,57096.1
28562,5935.5,51925.3
28563,7310,47194.3
28564,5288.9,64214.5
28565,5542.7,71184.2
28566,2761.2,132381
28567,1005.4,171347.4
28568,264,190142.2
28569,9.6,206662.6
28570,0,216976.8
28571,0,240814
28572,0,254392.5
28573,0,268804.2
28574,0,285209.5
28575,0,301029.9
28576,0,307745.9
28577,0,319772.3
28578,0,218986.1
28579,0,196810.6
28580,0,134045.5
28581,0,120060.4
28582,23.9,91710.2
28583,149.8,77744.1
28584,411.4,64841.2
28585,745.3,63614.6
28586,1520.1,58848.3
28587,2114.5,54726.8
28588,1700.5,71611.6
28589,1729.5,78777.1
28590,450.4,143380.4
28591,0,188968.2
28592,0,203249.5
28593,0,217808.9
28594,0,226984.4
28595,0,242852.3
28596,0,250985.9
28597,0,255945.5
28598,0,261472.8
28599,0,265639.2
28600,0,267859.8
28601,0,269970.1
28602,0,172887.8
28603,0,164631.5
28604,432.8,105245.2
28605,721.7,97367.5
28606,1253.5,78634
28607,1804.7,69785.7
28608,2786.6,63652.1
28609,3497.4,58636.5
28610,4168.2,53823.7
28611,5411.2,48922.3
28612,6117.7,47205.4
28613,6883.6,44139.1
28614,6578.2,53556.9
28615,3864.1,76713
28616,3610,87017.4
28617,2596.2,110304.8
28618,1903.7,122553.2
28619,1294.3,127972.8
28620,995.1,130270.5
28621,735.1,131816.4
28622,522.6,135217.1
28623,594.4,107785.6
28624,546.8,116554.7
28625,408,113675.4
28626,274.3,100846.1
28627,273.7,94072.7
28628,1578.3,54437.9
28629,3244.3,50089.7
28630,5661,42309
28631,7911.4,37270.5
28632,11547,31747.2
28633,14684,27997.1
28634,18159.7,24422.9
28635,20943.6,21185.7
28636,22948,20767.7
28637,25224.6,18438.1
28638,25874.6,30022.5
28639,24655.1,38554.3
28640,17352.8,50133.2
28641,13630.1,59971
28642,11309,61065.9
28643,8038.6,64105.3
28644,6288.5,66006.3
28645,5501.1,65783.1
28646,5465.1,63844.3
28647,5595.5,63491.3
28648,6088.4,62056.3
28649,15117.8,45841
28650,15786.2,36549.2
28651,18660.8,33417.5
28652,26285.2,20512
28653,26213.2,20844.6
28654,29802.6,16672.1
28655,32695.3,14838
28656,32884.7,13583.7
28657,34719.8,12396.1
28658,36438.7,11325.3
28659,38346.1,10274.2
28660,26788.5,14594.4
28661,21719.4,18826.3
28662,11920.7,70160.6
28663,3570,109729.8
28664,2304.8,122581.3
28665,1348.8,135506.4
28666,764.6,142803.5
28667,248.6,153940.4
28668,0,162649.7
28669,0,169714
28670,0,180561.9
28671,0,193743.9
28672,0,195209.5
28673,0,208920.5
28674,0,114510.2
28675,9.7,114387.2
28676,1120.6,69033.6
28677,2163.4,65890
28678,4386.2,51619.2
28679,6266.9,44348.7
28680,8093.2,38890.4
28681,9528.8,34614.7
28682,11064.7,31385
28683,13141.3,28358.9
28684,10634.5,42082.4
28685,11105,50192.7
28686,5147.9,106859.6
28687,2730.9,145285.3
28688,1763.3,155613.5
28689,970,164443.3
28690,457,171771
28691,67.2,180009.8
28692,0,188338.2
28693,0,198608.4
28694,0,203354.9
28695,0,214800.7
28696,0,220762.5
28697,0,235172.1
28698,13,136829.7
28699,97.4,131906.4
28700,2065.9,81201.5
28701,3725.7,77160.5
28702,6847.9,62728.2
28703,9093.9,55988.2
28704,11072.8,50434.9
28705,13259,45203.5
28706,15741.9,40369.7
28707,18112.2,36024.4
28708,14001.9,53028.2
28709,14686.8,60016.2
28710,6980.6,115771.5
28711,3954.7,156467.7
28712,2640,169588.4
28713,1610.3,181155.5
28714,807.9,193048.9
28715,136.4,205738.4
28716,0,211010.1
28717,0,218795.6
28718,0,232514.7
28719,0,241345
28720,0,251181.2
28721,0,268728.5
28722,0,174682.7
28723,0,154274
28724,168,94428.1
28725,652.8,86650.8
28726,1756.3,70331.4
28727,3420.5,62809.1
28728,5296.6,57120
28729,7425.4,52402.1
28730,9279.9,47659.9
28731,11347.1,43103.6
28732,8556.5,59658
28733,9272.1,66410.4
28734,4204.5,122941.3
28735,1942.6,165300.6
28736,960.5,181928.3
28737,447.8,197441.6
28738,53.1,207386.9
28739,0,230866.1
28740,0,245182
28741,0,256747.8
28742,0,268918.2
28743,0,270258.2
28744,0,275701
28745,0,283746.6
28746,0,181961.6
28747,0,173011.3
28748,0,111337.3
28749,10,101082.4
28750,252,78439.4
28751,531.7,69860
28752,992.2,63999.1
28753,1566.4,58933.6
28754,2258.7,54267.5
28755,2975.6,49629.6
28756,2538.9,66411.3
28757,2827.5,73229.2
28758,1065.4,134856.7
28759,47.8,175277.4
28760,0,190500.4
28761,0,204580.8
28762,0,218426.5
28763,0,231767.1
28764,0,246665.4
28765,0,251953
28766,0,261982.5
28767,0,277066.8
28768,0,279299.1
28769,0,295956.9
28770,0,191763.1
28771,0,179368.3
28772,0,114778.3
28773,26.1,103410.1
28774,345.4,81028.3
28775,810.1,71094.8
28776,1427,64503
28777,2260.5,59462.6
28778,3147.9,54627.8
28779,3954.2,49969.8
28780,4818.7,48405.9
28781,5840,45234.2
28782,5846,55235.8
28783,3326,81339.3
28784,2679.8,95822.4
28785,1492.9,123684.2
28786,1014.3,137916.9
28787,607.5,145581.9
28788,240.1,151882.8
28789,2.5,156951.7
28790,0,165810.4
28791,0,138709.2
28792,0,145141.1
28793,0,144387.7
28794,0,126734.4
28795,0,104519.5
28796,160,63796.2
28797,703,59340
28798,1401.5,50997.9
28799,2142.6,46257.2
28800,3784.1,40748.6
28801,4682.3,36398.8
28802,5731.4,32549
28803,6904.6,28642.5
28804,7954,27584.4
28805,9102.6,24635.1
28806,11149.6,37536.1
28807,10653.7,48526.3
28808,4930.5,61495.6
28809,3290.5,73663.3
28810,2852,77341.4
28811,2483.1,82819.8
28812,2158.6,82469.2
28813,1893,84450.6
28814,1826.9,84031.6
28815,1978.5,82771
28816,2268.6,80920.7
28817,9297.8,64735.9
28818,8638.3,52183.2
28819,9618.1,47730.4
28820,10531.3,34162.6
28821,11698.6,30188.1
28822,13156.8,24175.6
28823,14659.7,21261.3
28824,14480.1,19359.3
28825,15386.3,17563.3
28826,16758.1,15755.1
28827,18320,14204.4
28828,11277.9,20881.5
28829,6903.1,27072.2
28830,4936.4,82690.5
28831,54.7,128158
28832,0,145312.5
28833,0,161710.9
28834,0,172748.6
28835,0,195902.3
28836,0,212202.8
28837,0,228707.2
28838,0,242892.9
28839,0,261557
28840,0,262292.5
28841,0,271037.7
28842,0,184956.1
28843,0,166343.1
28844,0,107642.2
28845,0,96916.5
28846,0,71372.4
28847,77,59368.6
28848,249.3,47610.3
28849,410.9,48243.6
28850,679,44281.8
28851,939.3,40454.7
28852,651.4,55359.8
28853,1224.1,63240.6
28854,320.4,122269.4
28855,3.6,165147.7
28856,0,179654.1
28857,0,191166.9
28858,0,200061.4
28859,0,208457.4
28860,0,215523.6
28861,0,221735
28862,0,228668.9
28863,0,241296.5
28864,0,246477.8
28865,0,244917.8
28866,7,145329.5
28867,11.3,145728.4
28868,587.5,90679.8
28869,772,85483.2
28870,1418.8,70426
28871,2272.4,63300.7
28872,3140.4,57552.5
28873,3979.4,52090
28874,5222.2,47155.4
28875,6113.4,42903.9
28876,4716.2,59533.8
28877,4889,66732.5
28878,1823.8,122919.8
28879,467.9,163831.1
28880,35.4,179410.1
28881,0,196818.7
28882,0,210379.5
28883,0,218193.7
28884,0,229764.1
28885,0,242913.8
28886,0,264999.1
28887,0,280814.8
28888,0,289383.6
28889,0,302416.5
28890,0,205654.2
28891,0,187524.6
28892,0,123116
28893,0.3,109795.1
28894,40.6,83987.1
28895,238.9,71737.7
28896,689,59401.6
28897,1169.8,58715.4
28898,1964.6,53647.2
28899,2998.6,48710.3
28900,2754.4,65203.8
28901,3093.7,72443.8
28902,1109.7,134410.3
28903,5.8,181062.7
28904,0,199760.9
28905,0,215356.5
28906,0,224848.8
28907,0,246140.6
28908,0,259530.3
28909,0,268267.8
28910,0,273772.1
28911,0,276657.4
28912,0,273086.1
28913,0,279035.4
28914,0,178614.4
28915,0,170571.9
28916,133.9,109768.8
28917,338.9,99861
28918,865.6,79084.7
28919,1233,70503.2
28920,1730,64884.7
28921,2505.8,59895.1
28922,3114.8,55189.6
28923,3754.6,50467
28924,3120.8,67192.1
28925,3288.5,74046.1
28926,1257.4,135778.5
28927,45.5,177308.3
28928,0,190678.6
28929,0,202637.4
28930,0,217124.1
28931,0,231398.3
28932,0,237972.4
28933,0,244488.6
28934,0,249986
28935,0,254372.4
28936,0,254664.4
28937,0,265586.3
28938,0,168424.9
28939,0,164186.1
28940,113.8,102373
28941,537,94379.4
28942,1212.8,75579.6
28943,2091.9,67616.3
28944,3236.9,61819.7
28945,3987.7,56941.9
28946,5138.4,52142.4
28947,6518.2,47249.9
28948,7302.6,45467.8
28949,8226.2,42270.9
28950,7700.4,52282
28951,4523.6,79471.1
28952,3836.3,92697.5
28953,2263.8,119888.8
28954,1626.1,133526.3
28955,1086,138801.1
28956,519.8,143790.6
28957,95.1,149466.2
28958,0,156778.3
28959,0,127893
28960,0,129552.5
28961,0,136298.5
28962,0,122261.2
28963,6.3,105312.1
28964,205.2,60446.3
28965,975.5,55222.9
28966,2266.1,47104.5
28967,3597.5,42131.6
28968,6555.3,36442.1
28969,8795.3,31725.6
28970,11172,27634.8
28971,13796.3,24337.3
28972,15741.9,24000.8
28973,17626.5,21782.3
28974,19168.4,33868.5
28975,18485.8,44667.5
28976,11005.7,56249.1
28977,7868.9,64420.5
28978,5102.2,71581.7
28979,4072.2,76733.6
28980,3570.1,79891.6
28981,3297.7,81991.5
28982,3186.2,85317.2
28983,3117,88999.6
28984,3169,91426.5
28985,10382.7,73557.5
28986,9596,61589.3
28987,10579.8,53071.7
28988,11640.8,33519
28989,12983.8,28271.8
28990,14654.9,22090.1
28991,16849.1,19260.6
28992,17368.9,17659
28993,19364.6,16275.2
28994,22237,14918.9
28995,25165,13662.3
28996,15820.5,18748.7
28997,11633.9,24427.3
28998,7516,78163.8
28999,1345.7,122279
29000,759.8,137327.2
29001,382.5,150695
29002,30.1,160098.4
29003,0,182264.6
29004,0,197466.5
29005,0,212732.9
29006,0,230815.3
29007,0,247477.8
29008,0,245207.7
29009,0,246396.4
29010,0,151984.6
29011,0,144956.4
29012,39.2,85664.7
29013,222.8,77092.1
29014,619,60273.6
29015,1163,53191.4
29016,2187.1,47560.4
29017,3989.6,41916.8
29018,5185.7,37625.6
29019,6725.1,33612.6
29020,5480.7,48263.7
29021,5878.1,57254.5
29022,2555.3,113192.6
29023,445.1,154255.8
29024,43.6,167974.2
29025,0,179372.1
29026,0,188722.2
29027,0,198353.4
29028,0,209245.9
29029,0,224117.2
29030,0,233726.2
29031,0,251561.4
29032,0,256951.6
29033,0,266883.1
29034,0,182173.3
29035,0,175484.6
29036,0,106308.8
29037,4.7,94940.9
29038,67.7,74112
29039,283.1,65451.8
29040,665,59493.7
29041,1247.5,53931.3
29042,1875.7,49176.6
29043,2816.4,44700.4
29044,2532.9,60991.6
29045,3005.8,68291.8
29046,949.3,129655
29047,16.9,170102.1
29048,0,185531.1
29049,0,197287.5
29050,0,204785.6
29051,0,216139.2
29052,0,223791.5
29053,0,233804.5
29054,0,249146.8
29055,0,260909.4
29056,0,267413.3
29057,0,279229.3
29058,0,184788.8
29059,0,172694.5
29060,40.6,105313.1
29061,199.7,96312.3
29062,1148,77423.6
29063,2635.8,67308.1
29064,4413.4,60242
29065,6764.6,54815.2
29066,8536,49665.6
29067,10051.6,44904.7
29068,8518.5,61230.5
29069,9537.8,68226.6
29070,3927.6,129796.3
29071,1926.6,167487.8
29072,985.3,184500.1
29073,514.6,197496.4
29074,81.3,201976.4
29075,0,213904
29076,0,225723.3
29077,0,241775.9
29078,0,256018.9
29079,0,278331.5
29080,0,284176.4
29081,0,289306.8
29082,0,170688.5
29083,0,169796.8
29084,2,108767.7
29085,23.2,100221.5
29086,321.1,80448.1
29087,707.5,71242.7
29088,1233.2,64242.9
29089,1909.1,58806.8
29090,2479.3,54095.6
29091,3440,49217.6
29092,2824.2,65685.9
29093,3002.8,72858.6
29094,1055.1,135755.3
29095,0,182990.6
29096,0,202248.4
29097,0,219536.6
29098,0,231053.7
29099,0,253824.2
29100,0,268853.4
29101,0,283088.5
29102,0,299960.6
29103,0,315052.7
29104,0,319862.2
29105,0,326779.4
29106,0,216309.1
29107,0,205993.4
29108,0,144919.6
29109,0,135846.3
29110,0,107236.8
29111,0,91882.2
29112,0,75408.6
29113,0,72670.8
29114,19.7,65167.5
29115,187.5,58162.5
29116,468.3,55285.8
29117,780.4,51748.7
29118,1073.8,61956.4
29119,616.8,86009.5
29120,385.1,98431.2
29121,14.8,121506.7
29122,0,131737.2
29123,0,133644.3
29124,0,137456.4
29125,0,148953.8
29126,0,162888.4
29127,0,136419.9
29128,0,137593
29129,0,146756.2
29130,0,135411.1
29131,0,126357.9
29132,123.9,69542.2
29133,620.7,60861.4
29134,1024.3,51541.1
29135,1589,46012.9
29136,3398.7,40281.5
29137,4863.6,35462.9
29138,6669.2,31018.9
29139,8306.3,26930.5
29140,9937.1,26216.3
29141,12182.3,23775.1
29142,14401.4,36185.4
29143,13735.8,48004
29144,6599,60620.3
29145,3928.5,72984.2
29146,3092.4,77828.7
29147,2498.3,81330
29148,2087.8,83973.2
29149,1776.6,86811
29150,1651,83306.7
29151,1802.5,81257.5
29152,2121.8,82120.6
29153,9134.1,70361.1
29154,8539.3,61356.8
29155,9542.7,53478.2
29156,10560.2,34514
29157,11819.5,29422.5
29158,13542.3,23265.7
29159,15405.7,20241
29160,15709.6,18285.5
29161,17572.3,16541.7
29162,19865.8,15141.7
29163,22751.5,13818.7
29164,14509.9,19271.2
29165,11232.3,24905.9
29166,6942.7,80334.9
29167,1564.1,123047.6
29168,894.6,137529.3
29169,447,151387.6
29170,34.1,160440.7
29171,0,183147.6
29172,0,198862.2
29173,0,215306.8
29174,0,234073.2
29175,0,252082.2
29176,0,261782.5
29177,0,276405.3
29178,0,188300.9
29179,0,179494.6
29180,0,103741.1
29181,2,92690.9
29182,47.8,65978.5
29183,198,55380.1
29184,572.8,44898.5
29185,1252.1,45104.9
29186,2440.4,40828.7
29187,3999.4,36698.5
29188,3394.6,51178.1
29189,3649.2,60861.8
29190,1680.6,120857
29191,405.5,165743.5
29192,78.9,183607.1
29193,0,202622.7
29194,0,213840.4
29195,0,237039.4
29196,0,251235.8
29197,0,265432.1
29198,0,281615.3
29199,0,297551.4
29200,0,307010.1
29201,0,320641.6
29202,0,226465.4
29203,0,214922.1
29204,0,144731
29205,0,130420
29206,0,101173.2
29207,0,85398.3
29208,5.1,68583.6
29209,45.1,66002
29210,252.1,59088.1
29211,641.4,52613.6
29212,529,69317.1
29213,698,76870.3
29214,1.5,146578.3
29215,0,196834.8
29216,0,217759.6
29217,0,236726.6
29218,0,247767.7
29219,0,267935.9
29220,0,280952
29221,0,293415.3
29222,0,308656.9
29223,0,321115.8
29224,0,324561.3
29225,0,334554.1
29226,0,233290.9
29227,0,217521.1
29228,0,147179.9
29229,0,132608.2
29230,0,103414.8
29231,1.7,88346.5
29232,46.7,72898.7
29233,222.1,71124.4
29234,499,64840
29235,748.7,58808.9
29236,550.4,75483.2
29237,648.2,82785.7
29238,1.2,151645
29239,0,200176.1
29240,0,217111.2
29241,0,231296.5
29242,0,240471.5
29243,0,261147
29244,0,273150.1
29245,0,284307.8
29246,0,297011.4
29247,0,309871.4
29248,0,310651.7
29249,0,319558.4
29250,0,215779.5
29251,0,204200.4
29252,0,133847.7
29253,0,120592.7
29254,7.5,94809.2
29255,113.8,82999.8
29256,383.8,70427.5
29257,710.7,68867.2
29258,1049,62563.6
29259,1747.7,56283
29260,1407.2,73013.5
29261,1634.9,80177.9
29262,243.3,146419.4
29263,0,193845.4
29264,0,213320.8
29265,0,230546.5
29266,0,240896.9
29267,0,260499.3
29268,0,272533
29269,0,284230.4
29270,0,297709.7
29271,0,310547.5
29272,0,313810.9
29273,0,323779.7
29274,0,221711.1
29275,0,206628
29276,0,135861.7
29277,0,121989.1
29278,7.5,95373.2
29279,107.6,82874.3
29280,382.4,69907.1
29281,740.8,68301.1
29282,1200.5,61824.1
29283,2112.1,55339.5
29284,2868.8,52797.9
29285,3940.1,49970.2
29286,4379.7,65021.8
29287,2502.2,91823.7
29288,2055.4,104432
29289,996.4,131498.5
29290,545.1,145015.8
29291,131.6,150512.9
29292,0,155068.7
29293,0,159988.9
29294,0,171468.4
29295,0,142456.1
29296,0,150375.6
29297,0,151061.7
29298,0,137506.9
29299,0,128494
29300,13.8,71288.3
29301,64.5,61740.8
29302,448.8,52162.5
29303,1173.9,46873.1
29304,3013.6,40981.3
29305,4282.6,36238.2
29306,5962.8,32003.9
29307,7566.9,27955.4
29308,9048.7,27223.1
29309,10623.3,25123.8
29310,12495.7,38109.7
29311,11838.3,48430.9
29312,5061.4,61010.5
29313,2969,72866
29314,2251.2,77797.8
29315,1796.1,81028
29316,1459.8,83637.9
29317,1209.9,85741.6
29318,1094.8,88612.2
29319,1185.8,90987.9
29320,1356.3,88978.8
29321,8222.1,66451.2
29322,7615.5,52660.2
29323,8613.9,47576.7
29324,9664.1,34308
29325,10837,30637.8
29326,12225.3,24776.9
29327,13660.1,21866.3
29328,13314.4,20062
29329,14066.9,18279.4
29330,15136.5,16579.1
29331,16409.6,14952.5
29332,9788,21708.4
29333,5992.5,28190.8
29334,4185.5,83518
29335,0,126670.5
29336,0,142040.5
29337,0,154056.8
29338,0,161491.5
29339,0,182783.8
29340,0,192921.4
29341,0,206516.5
29342,0,216275.8
29343,0,221341.5
29344,0,224337.8
29345,0,235774.8
29346,0,145161.4
29347,0,140471.6
29348,0,82087.5
29349,63.8,75986.9
29350,486.5,59891.1
29351,718.7,53174.5
29352,1003.1,48062.3
29353,1518.8,43818.5
29354,1954.6,39976.9
29355,2331.9,36337.6
29356,1725,51236.6
29357,1785.2,60364.1
29358,312.5,118298.7
29359,0,163095.5
29360,0,179779
29361,0,193483.1
29362,0,206135.5
29363,0,218116.9
29364,0,229209.3
29365,0,239675.2
29366,0,250122.6
29367,0,259584
29368,0,267285.2
29369,0,281850.6
29370,0,191153.7
29371,0,182410.5
29372,0,115005.5
29373,0,101947.1
29374,0,79042.7
29375,61.3,69041.4
29376,374.9,62027.7
29377,811.8,56558.8
29378,1386,51683.1
29379,1903.4,47183.6
29380,1572.8,63872.7
29381,1753.1,71695.2
29382,446.8,137185.8
29383,0,183543
29384,0,202354.1
29385,0,220689.1
29386,0,232324.5
29387,0,253042.9
29388,0,265064.1
29389,0,277892.5
29390,0,292920.9
29391,0,308704.3
29392,0,315510.2
29393,0,328599.1
29394,0,232530.1
29395,0,221358.1
29396,0,154380.8
29397,0,141268.5
29398,0,113948.1
29399,0,99657.7
29400,0,82783.8
29401,0,80464.7
29402,0,73200.5
29403,0,67607.7
29404,0,85086
29405,0,93098.8
29406,0,173053.4
29407,0,219156
29408,0,243392.5
29409,0,260284.7
29410,0,270070.4
29411,0,288232.8
29412,0,298965.2
29413,0,311688.5
29414,0,325513.9
29415,0,337495.5
29416,0,337826
29417,0,344481.8
29418,0,240505.6
29419,0,228420.7
29420,0,160906.9
29421,0,147725.7
29422,0,119453.5
29423,0,102955.9
29424,0,83528.5
29425,0,79679.7
29426,0.4,71678.5
29427,83.2,65513.5
29428,4.1,82031.2
29429,48.9,89154.3
29430,0,161814.3
29431,0,201679.4
29432,0,225277.5
29433,0,237275.9
29434,0,248328.7
29435,0,257523.6
29436,0,266519.4
29437,0,275198
29438,0,283948.7
29439,0,290320.5
29440,0,288005
29441,0,296230.1
29442,0,195419
29443,0,186931.7
29444,0,122337.3
29445,0,111647.4
29446,204.2,89357.1
29447,484.2,79942.5
29448,671.1,67834.5
29449,894.2,67024.5
29450,1420.6,60913.8
29451,1900.1,54947.6
29452,2309.4,53036.2
29453,2784,49997.6
29454,3120.2,61271.1
29455,1709.4,85666.2
29456,1303.9,98117.3
29457,486.7,126243.4
29458,266.6,141768.2
29459,32.2,149112.4
29460,0,154343.8
29461,0,162707.9
29462,0,175013
29463,0,146187.9
29464,0,149014.1
29465,0,158498.3
29466,0,143455.1
29467,0,133096.6
29468,0,76117.1
29469,14.2,66169.3
29470,278,55440.2
29471,602.6,50123.6
29472,1595.5,44109.5
29473,2252.4,39431.2
29474,3116.8,35283.4
29475,3901.6,31358.9
29476,4732.7,30448
29477,5759.1,27712.5
29478,7139.4,42107.6
29479,6494.3,51469
29480,1958.9,64725.7
29481,1299.4,77885.1
29482,1058.8,83351
29483,768.9,87330.4
29484,446.1,90050.3
29485,288.2,92525.4
29486,422,95268.6
29487,588,92173
29488,1735.6,86761.8
29489,7332.7,71256.3
29490,6771.8,58579.6
29491,7706.1,51795.6
29492,8551.1,36928.9
29493,9448.9,32574.1
29494,10528.8,26423
29495,11682,23472.9
29496,11328.2,21650.1
29497,12065.8,19787.7
29498,13017.2,17920.3
29499,14007.2,16195.6
29500,7884.1,22612.6
29501,4202.6,29308.8
29502,3069.2,85922.3
29503,0,131148.8
29504,0,146406.1
29505,0,159902.9
29506,0,173477.5
29507,0,187147.5
29508,0,200281.8
29509,0,215223.3
29510,0,232519
29511,0,252119.3
29512,0,261623.4
29513,0,276360.4
29514,0,189864.6
29515,0,183931.9
29516,0,110661.5
29517,0,101389
29518,0,74414
29519,0,61489.3
29520,14.5,48399.1
29521,28.7,48368.8
29522,141.2,44427.7
29523,370.9,40686.6
29524,121.3,55258.2
29525,144.9,64858.9
29526,0,128871.2
29527,0,185159.1
29528,0,206973
29529,0,224182.9
29530,0,235243.4
29531,0,255059
29532,0,267902.7
29533,0,282246.6
29534,0,299666.2
29535,0,316319.1
29536,0,324430.9
29537,0,337821.8
29538,0,243876.7
29539,0,234380.2
29540,0,164704.7
29541,0,147905.3
29542,0,119030.4
29543,0,102160.5
29544,0,81790.1
29545,0,76853.1
29546,0,68203.1
29547,1.1,61798.8
29548,0,78496.3
29549,0,87823.4
29550,0,167953.4
29551,0,213541.7
29552,0,239505.4
29553,0,254872
29554,0,265197.9
29555,0,285272.1
29556,0,299839.7
29557,0,315271.9
29558,0,332759.2
29559,0,348944.1
29560,0,355448.6
29561,0,368907.6
29562,0,270975
29563,0,259315.4
29564,0,185444.2
29565,0,167039.4
29566,0,137557.7
29567,0,121030.8
29568,0,100936.9
29569,0,93405.8
29570,0,82525.4
29571,0,74366.8
29572,0,93223.9
29573,0,102054.1
29574,0,186742.9
29575,0,233092.1
29576,0,257216.1
29577,0,273605.2
29578,0,284436.6
29579,0,304235.4
29580,0,319306.4
29581,0,331480.3
29582,0,347593.8
29583,0,362440.1
29584,0,369551.2
29585,0,386642.7
29586,0,288877.5
29587,0,275825.1
29588,0,200014
29589,0,181435.7
29590,0,152555.3
29591,0,137164.5
29592,0,119024.9
29593,0,112038.1
29594,0,100540.7
29595,0,89505.5
29596,0,107964.7
29597,0,115913.4
29598,0,199355.9
29599,0,243657.9
29600,0,265572.2
29601,0,274720
29602,0,280249
29603,0,298472.7
29604,0,309788.5
29605,0,320485.4
29606,0,329646.2
29607,0,340253.2
29608,0,348287.3
29609,0,354046.6
29610,0,252862.6
29611,0,242531.2
29612,0,174541.6
29613,0,161921.4
29614,0,135047.7
29615,0,120563.8
29616,0,102253.4
29617,0,96790.4
29618,0,86424.2
29619,0,77876
29620,0,73871.6
29621,0,69054.3
29622,0,80362.9
29623,0,104809.7
29624,0,117305.2
29625,0,146138.4
29626,0,160374.9
29627,0,165890.4
29628,0,170064.4
29629,0,174817.3
29630,0,179636.7
29631,0,144766.3
29632,0,155519
29633,0,159494.5
29634,0,151619.1
29635,0,145141.6
29636,0,84556.9
29637,13.1,75171.7
29638,274.6,62861.8
29639,600.1,55476.8
29640,1676.7,47090.6
29641,2679.8,40428.8
29642,3775.8,35457.1
29643,5195.4,30967.2
29644,6539.8,29847.2
29645,7687,27927.3
29646,9395.7,47121.5
29647,9490.9,56930.9
29648,3173.5,68840.2
29649,1819.4,79608
29650,1153,83673.1
29651,559.2,86642.8
29652,224.1,88836.5
29653,274.4,92728.2
29654,356,99064.4
29655,447.8,105627.4
29656,1535.5,106884.7
29657,7082.9,94234.8
29658,6501.6,85361.6
29659,7440.9,75837.9
29660,11605.8,47159.3
29661,9228.6,40699.8
29662,10199,31995.2
29663,11138.7,28041.2
29664,10476.7,25682.7
29665,10859.3,23362.3
29666,11495.8,21222.9
29667,12542.2,19252.9
29668,6586.8,25556.5
29669,2937.2,33294.9
29670,2707.2,96236.9
29671,0,146803.4
29672,0,167040.4
29673,0,186733.4
29674,0,199241.4
29675,0,223619.7
29676,0,240069.6
29677,0,255847.2
29678,0,269252.7
29679,0,283160.8
29680,0,288266.9
29681,0,302246.3
29682,0,213527.5
29683,0,203200.1
29684,0,141132.5
29685,0,127275.1
29686,0,98369.5
29687,0,81103.9
29688,0,61000.2
29689,0,58589.2
29690,0,51465
29691,30.8,46233.3
29692,0,61797.4
29693,0,71525.2
29694,0,142171.6
29695,0,191462.1
29696,0,221832.4
29697,0,238940.7
29698,0,250254.6
29699,0,269483
29700,0,282693.6
29701,0,297638.3
29702,0,314734.3
29703,0,329697.8
29704,0,335641.5
29705,0,349992.4
29706,0,254714.9
29707,0,244122.8
29708,0,174294.3
29709,0,157431.2
29710,0,128802.6
29711,0,112565.2
29712,0,92061.5
29713,0,84930.9
29714,0,74827.1
29715,0,66727.7
29716,0,84606.7
29717,0,93219.5
29718,0,174017.2
29719,0,219955.5
29720,0,243579.2
29721,0,257404.9
29722,0,269589.8
29723,0,291089.1
29724,0,305272.3
29725,0,319473.1
29726,0,334930.7
29727,0,349455.5
29728,0,354059.6
29729,0,366613.2
29730,0,269897.4
29731,0,257729.4
29732,0,184997.3
29733,0,168466.6
29734,0,140054.3
29735,0,124494.1
29736,0,105427.4
29737,0,98669.6
29738,0,87339.9
29739,0,78438.8
29740,0,97341.5
29741,0,105251.2
29742,0,184579.1
29743,0,227174.3
29744,0,248921.2
29745,0,260533.3
29746,0,267102.1
29747,0,284426.5
29748,0,297262.9
29749,0,310515.5
29750,0,329480.3
29751,0,346011.6
29752,0,352274.4
29753,0,360618.5
29754,0,262775.4
29755,0,250982
29756,0,179618
29757,0,165924.8
29758,0,138773.4
29759,0,123782.6
29760,0,105264.9
29761,0,99637.4
29762,0,89205.6
29763,0,80653.7
29764,0,99295.2
29765,0,106686.3
29766,0,185459.4
29767,0,228757.7
29768,0,251524.2
29769,0,264068.2
29770,0,272507.3
29771,0,294574.4
29772,0,310097.4
29773,0,321506.1
29774,0,339618.1
29775,0,355373.7
29776,0,354592.5
29777,0,361464.2
29778,0,252733.8
29779,0,240525.5
29780,0,175500.4
29781,0,164572.6
29782,0,138837.4
29783,0,125483.3
29784,0,108836.4
29785,0,103757.6
29786,0,93620.4
29787,0,84571.2
29788,0,80765.5
29789,0,75910.3
29790,0,88867.5
29791,0,116045
29792,0,129847.7
29793,0,161700
29794,0,181259.6
29795,0,191766.5
29796,0,200703
29797,0,208487.8
29798,0,212288.7
29799,0,174510.6
29800,0,178402.8
29801,0,177390.2
29802,0,162475.9
29803,0,157266.8
29804,0,104127.3
29805,15,93043.8
29806,280.4,78891.3
29807,589.5,69851
29808,1574.4,53697.2
29809,1923.5,53212
29810,2266.2,47935.3
29811,2592.6,43686.5
29812,2907.6,43186.2
29813,3206.3,40741.8
29814,4273.9,55062.3
29815,3760.6,62700.9
29816,159.1,73445.9
29817,0,81844.9
29818,17.9,85745.2
29819,102,88697.2
29820,190.3,88324.4
29821,275.1,91244.7
29822,355.4,93610.3
29823,430.5,94459.8
29824,503.5,94223.1
29825,6220,75416
29826,5562.4,64141.5
29827,6359.2,59005
29828,7195.2,44593
29829,8153.8,39861.9
29830,9134.7,32934
29831,10086.5,29523.8
29832,11009.3,26913.7
29833,11900.3,24659.3
29834,12803.2,22641.3
29835,13776.4,20760.2
29836,14764.2,21862.3
29837,15858,20640.1
29838,21768,37184.2
29839,17922,44585.7
29840,14990.8,49290.1
29841,10517.8,55978
29842,10472.4,59934.2
29843,10474.9,63033.4
29844,10467,65737.6
29845,10571.2,68473.7
29846,10713.1,70376.7
29847,10853.9,70904
29848,11001,70912
29849,21767.7,57733.4
29850,19370.4,47888.2
29851,20504.4,44906.2
29852,21422.6,32431
29853,22266.5,29326
29854,23093.1,23707
29855,23911.6,20982.1
29856,22916.8,18969.4
29857,23102.8,17370.9
29858,23636.5,16118.5
29859,24251.3,14999.6
29860,16753.5,18069.1
29861,10096.1,23947.7
29862,10531,78982.8
29863,486.8,129178.7
29864,0,147625
29865,0,163540.1
29866,0,174578.1
29867,0,197294.4
29868,0,209408.3
29869,0,224859.8
29870,0,236928.6
29871,0,244093.7
29872,0,249248.3
29873,0,261617.4
29874,0,173106.9
29875,0,167917.2
29876,0,107802.6
29877,0,97957.5
29878,0,71987.7
29879,0,59500.5
29880,0,46151.4
29881,0,46206.4
29882,0,42218.5
29883,0,38580.2
29884,0,52338.7
29885,0,62507.8
29886,0,130396.9
29887,0,178026.1
29888,0,206334.9
29889,0,221104.3
29890,0,227972
29891,0,245037.3
29892,0,255839.4
29893,0,265719.6
29894,0,272774.8
29895,0,275139.1
29896,0,276446.4
29897,0,283842.6
29898,0,185589.4
29899,0,178094.6
29900,0,116145.1
29901,0,104240.3
29902,39.8,80875.3
29903,268.8,69931.3
29904,465.6,58333.5
29905,625.5,57902.6
29906,757.5,53479.1
29907,888.6,49449.4
29908,509.4,66227.1
29909,405.9,74876.5
29910,0,147264
29911,0,194865.2
29912,0,209428.5
29913,0,219516.7
29914,0,226456.9
29915,0,241007.5
29916,0,249956.9
29917,0,259671.5
29918,0,268739.7
29919,0,276008.5
29920,0,271855.9
29921,0,279829.5
29922,0,181786.5
29923,0,175119.1
29924,0,111448
29925,122.1,101278.5
29926,474.2,80308.2
29927,670.8,71221.7
29928,851.6,64762.2
29929,1072.3,59857.9
29930,1436.1,55242.3
29931,1801.5,50822.1
29932,1175.1,67708.4
29933,1086.8,75140.4
29934,0,140821.8
29935,0,192939.6
29936,0,212122
29937,0,228154.2
29938,0,228681.4
29939,0,243461.9
29940,0,253429.4
29941,0,266011.8
29942,0,274894.3
29943,0,278419.5
29944,0,274438.9
29945,0,286046.5
29946,0,192691.7
29947,0,185898.2
29948,0,121705.2
29949,0,110022.4
29950,7.1,85919.9
29951,186.7,74239
29952,472,61792.1
29953,674.4,60806.8
29954,881,56041.3
29955,1117.2,51605.1
29956,1643,50343.6
29957,2035.4,48112.2
29958,1889.5,64137.2
29959,940.1,90600.9
29960,631.6,103327.1
29961,114.5,129346.3
29962,0,142514.2
29963,0,148221.9
29964,0,154926.7
29965,0,163447.2
29966,0,176512.4
29967,0,148080.6
29968,0,152302.5
29969,0,163842
29970,0,154624.6
29971,0,148436.6
29972,0,80077.9
29973,0,68763.3
29974,0,55319.8
29975,2.5,49281.5
29976,30,43232.9
29977,125.3,38466.9
29978,579.2,34285.7
29979,1233.9,30339.1
29980,1903.9,29238.2
29981,2756.4,27684.4
29982,3774.5,46235.8
29983,2782,56615.4
29984,2179.7,68684.4
29985,1277.2,78799.5
29986,916.7,82263.8
29987,489.8,84735
29988,108.6,86021.4
29989,36.5,87943.2
29990,124.5,92366.9
29991,266.7,96958.1
29992,1543.2,95136.2
29993,3777.1,83039.9
29994,3053.8,69574.3
29995,3918.8,61330.3
29996,4707.5,44622.3
29997,5597.8,37102.5
29998,6543.7,29552.2
29999,7460.7,25795.2
30000,6882.3,23618.6
30001,7712.5,21588.8
30002,8746.8,19693.5
30003,9744.9,17929.4
30004,8042.8,24142.5
30005,4329.2,32035.8
30006,3303.7,92912.8
30007,0,142479.4
30008,0,161064.5
30009,0,177933.8
30010,0,185290.2
30011,0,204928.3
30012,0,215060.1
30013,0,226945
30014,0,238720.4
30015,0,246718.3
30016,0,246216
30017,0,257891.7
30018,0,162667.3
30019,0,156374.7
30020,0,95850.7
30021,0,87073.1
30022,0,64968.5
30023,13.1,56933.4
30024,171.3,47070.1
30025,322.5,47743.8
30026,429.1,44034.2
30027,542.6,40544.8
30028,264.1,55164.4
30029,346.8,64030.9
30030,0,130072.8
30031,0,185099.9
30032,0,206792.5
30033,0,223977.5
30034,0,234720.6
30035,0,253682.9
30036,0,263505.7
30037,0,272332.7
30038,0,280509.1
30039,0,284441.5
30040,0,282295.7
30041,0,290293.1
30042,0,195875.4
30043,0,194792.6
30044,0,126900
30045,0,115005
30046,0,89280.6
30047,0,77005.1
30048,0,63111.3
30049,0,61932.4
30050,90.3,56786.9
30051,266.1,52502.5
30052,1.9,69320.4
30053,25.5,76970.6
30054,0,147246.5
30055,0,193863.3
30056,0,219161.1
30057,0,234713.3
30058,0,245561.4
30059,0,265876.3
30060,0,278188.1
30061,0,291548.9
30062,0,308100.5
30063,0,323928.7
30064,0,330701.5
30065,0,342418.3
30066,0,256033.5
30067,0,239855.7
30068,0,165672.9
30069,0,150735.3
30070,0,121280.9
30071,0,104418.4
30072,0,83784
30073,0,79415.8
30074,0,71656
30075,0,65536
30076,0,82807.5
30077,0,91212.7
30078,0,166874.3
30079,0,219761.8
30080,0,245386.8
30081,0,261412.2
30082,0,274263.5
30083,0,293721
30084,0,308033.3
30085,0,322909.2
30086,0,338183.4
30087,0,346694.9
30088,0,339521.4
30089,0,360997.7
30090,0,272067.9
30091,0,254555.8
30092,0,179838.6
30093,0,162701.6
30094,0,134148
30095,0,117410.9
30096,0,98492.3
30097,0,91726
30098,0,80842.8
30099,0,71865.6
30100,0,89712.7
30101,0,99263.3
30102,0,181204.1
30103,0,235096.2
30104,0,256954.5
30105,0,270898.5
30106,0,283725.4
30107,0,304111.8
30108,0,316784.5
30109,0,331005.9
30110,0,344529.3
30111,0,353616.1
30112,0,363702
30113,0,378648
30114,0,283293.8
30115,0,267784.3
30116,0,188317.8
30117,0,171510.9
30118,0,143003.6
30119,0,127947.7
30120,0,110004.2
30121,0,102891.8
30122,0,91290.1
30123,0,81382
30124,0,76420.4
30125,0,70860.4
30126,0,81838.8
30127,0,108075.8
30128,0,121116.2
30129,0,150893.5
30130,0,166358.4
30131,0,178403.9
30132,0,189831.9
30133,0,199813.1
30134,0,203180.3
30135,0,183309.1
30136,0,190291.4
30137,0,199451.3
30138,0,187112.9
30139,0,176444.1
30140,0,117350.2
30141,0,105096.5
30142,0,87833.8
30143,0,74924.7
30144,8.3,55704.1
30145,0,54009.6
30146,0,47565.6
30147,0,41245.9
30148,0,39009.4
30149,0,37567.2
30150,768.9,57239.1
30151,0,68061.3
30152,167.9,81432.8
30153,0,92123.3
30154,0,98427.3
30155,0,99486.2
30156,0,96756
30157,0,95616.4
30158,0,94664.7
30159,0,93319.4
30160,0,91187.6
30161,2239,73370.1
30162,1496.6,63165.5
30163,2254.6,58765.8
30164,3055.8,46441.6
30165,3963.9,41161.9
30166,4913.2,34721.9
30167,5819.5,31461.4
30168,5171.7,29427.8
30169,5577.7,27291.1
30170,6154.1,25173.1
30171,6741.4,23280.2
30172,5217.8,29282.8
30173,1768.9,37928.3
30174,2299.2,104293.7
30175,0,152228.8
30176,0,183324.1
30177,0,203769.7
30178,0,216270
30179,0,239505.3
30180,0,256170.9
30181,0,273464.9
30182,0,292082.3
30183,0,302572.1
30184,0,307369.1
30185,0,321767.6
30186,0,228622.8
30187,0,215330.8
30188,0,152407.9
30189,0,141641.5
30190,0,114442.5
30191,0,100093
30192,0,81082.2
30193,0,75569.4
30194,0,66241.1
30195,0,55906.2
30196,0,72773.9
30197,0,83839.2
30198,0,159310.4
30199,0,210534.7
30200,0,232077.8
30201,0,242024.9
30202,0,250536.6
30203,0,257960.7
30204,0,264402.9
30205,0,271189.5
30206,0,278220.8
30207,0,285593.5
30208,0,289731.8
30209,0,292779.3
30210,0,197347
30211,0,191285.3
30212,0,128018.3
30213,0,117906.3
30214,0,93380.8
30215,0,83314.3
30216,0,69191.4
30217,0,67744.1
30218,0,61391.1
30219,4.3,56226.8
30220,0,74024.2
30221,0,82243
30222,0,156702.4
30223,0,209027.9
30224,0,238810.2
30225,0,255730.6
30226,0,264964.1
30227,0,282651.6
30228,0,295653.6
30229,0,308259.1
30230,0,321272.7
30231,0,334994.7
30232,0,336429.5
30233,0,334110.4
30234,0,239679.3
30235,0,226046.5
30236,0,159105.1
30237,0,147647.2
30238,0,120742
30239,0,106391.9
30240,0,89031.9
30241,0,85882.9
30242,0,76985
30243,0,69224.3
30244,0,87511.1
30245,0,95740.7
30246,0,171722.8
30247,0,224229.6
30248,0,245001.3
30249,0,257406.1
30250,0,270057.4
30251,0,286552.2
30252,0,297976
30253,0,301983
30254,0,319405.5
30255,0,326201.3
30256,0,332752.3
30257,0,347896
30258,0,257004.2
30259,0,242170.4
30260,0,167564.5
30261,0,149212.3
30262,0,119687.6
30263,0,103012.2
30264,0,84548.4
30265,0,80804.9
30266,0,72738.8
30267,0,66606.7
30268,0,83297.6
30269,0,92061.2
30270,0,169911.8
30271,0,223379.2
30272,0,247851.3
30273,0,261866.1
30274,0,271089.9
30275,0,290008
30276,0,299535.5
30277,0,306347.5
30278,0,303571.4
30279,0,306739.9
30280,0,318801.2
30281,0,335253.3
30282,0,249046.6
30283,0,234129.1
30284,0,158758.1
30285,0,141681.1
30286,0,112728.4
30287,0,97406.5
30288,0,81033.3
30289,0,77885.2
30290,0,71068.6
30291,0.6,64771.1
30292,162,61926.2
30293,292.1,58266.2
30294,81,74010
30295,0,100163.7
30296,0,114736.1
30297,0,138807.8
30298,0,156548.2
30299,0,166149.2
30300,0,177333
30301,0,186515.7
30302,0,197349.7
30303,0,163037.4
30304,0,159035.2
30305,0,164343.7
30306,0,149068.9
30307,0,144400.4
30308,0,89586
30309,0,78828.6
30310,0,64402.3
30311,0,55670
30312,22.7,43664.7
30313,0,44230.5
30314,0,39645.2
30315,0,35654.1
30316,194.8,34160.6
30317,487.8,30243.9
30318,1537.7,42035
30319,752.8,49229.9
30320,541.1,61468.4
30321,314.5,71358.7
30322,303.7,73094
30323,235.6,72958.7
30324,180.9,72747.7
30325,135.9,75747.2
30326,94.6,78386.4
30327,48.1,83791.8
30328,151,84845
30329,3269.3,62722.8
30330,2659.7,51925.1
30331,3557.1,46903.5
30332,4356.2,34743.8
30333,5259.5,30048.9
30334,6264.6,24230.1
30335,7500.3,21527
30336,6949.3,20131.6
30337,7551.2,18481.9
30338,8406.6,16791.6
30339,9274.9,15452.1
30340,7345.7,21396.2
30341,3535.4,28904.9
30342,2973,91082.1
30343,0,143655.6
30344,0,163628.1
30345,0,181636
30346,0,193008.8
30347,0,216643.2
30348,0,231112.4
30349,0,245519.7
30350,0,263807.6
30351,0,280495.6
30352,0,288922.9
30353,0,303983.8
30354,0,216706.1
30355,0,210676.4
30356,0,145855.2
30357,0,128695.4
30358,0,99503.9
30359,0,81942.1
30360,0,60716.8
30361,0,59056
30362,0,52374.9
30363,0,46328
30364,0,61287.2
30365,0,72007.1
30366,0,151287.9
30367,0,206227.2
30368,0,233990.3
30369,0,248874.3
30370,0,258913.3
30371,0,276720.5
30372,0,290750.8
30373,0,302122.7
30374,0,305434.3
30375,0,326307.8
30376,0,332050.3
30377,0,324046.7
30378,0,228780
30379,0,215286.3
30380,0,152026.1
30381,0,140808.5
30382,0,113521.9
30383,0,97888.6
30384,0,78812.7
30385,0,74750.1
30386,0,65548.8
30387,0,58943.4
30388,0,76218.8
30389,0,84691.7
30390,0,159779.3
30391,0,211695
30392,0,234936
30393,0,246448.6
30394,0,251980.6
30395,0,270497.8
30396,0,280021.3
30397,0,293230
30398,0,307331.4
30399,0,320457.9
30400,0,322501.9
30401,0,337217.4
30402,0,250060.3
30403,0,235765.9
30404,0,165672.5
30405,0,147888.5
30406,0,117494.8
30407,0,99691
30408,0,80943.7
30409,0,76802.4
30410,0,69790.1
30411,18,64140.9
30412,0.5,80930.6
30413,1.2,89772.8
30414,0,164727.4
30415,0,217314.7
30416,0,243364.5
30417,0,258654.6
30418,0,268142.4
30419,0,287348.3
30420,0,300982.3
30421,0,288644.3
30422,0,331381.4
30423,0,347515.6
30424,0,353624.4
30425,0,368116.5
30426,0,278778.5
30427,0,262704.7
30428,0,187167.3
30429,0,168363.2
30430,0,139019.4
30431,0,122563.5
30432,0,102103.1
30433,0,94553.8
30434,0,83227
30435,0,74774.9
30436,0,93048.1
30437,0,101609.3
30438,0,182615.5
30439,0,236741.3
30440,0,259715.8
30441,0,274262
30442,0,283335.1
30443,0,301901.7
30444,0,313790.6
30445,0,325490.1
30446,0,339854.2
30447,0,353263.4
30448,0,356380.5
30449,0,366190.4
30450,0,277297.4
30451,0,262670.2
30452,0,189706.3
30453,0,171412
30454,0,143092.6
30455,0,128162
30456,0,109440.7
30457,0,102979.6
30458,0,92022.1
30459,0,82938.8
30460,0,78845.4
30461,0,75603.1
30462,0,92655.2
30463,0,117777.1
30464,0,127675.7
30465,0,161002.6
30466,0,181067.1
30467,0,186829
30468,0,191641.2
30469,0,196379.5
30470,0,200714.7
30471,0,172626.8
30472,0,186358.2
30473,0,187242.5
30474,0,164006.8
30475,0,158269.2
30476,0,109415.7
30477,0,96041.8
30478,0,81136.1
30479,0,71367.4
30480,21.3,56834.2
30481,0,56871.6
30482,0,51568.2
30483,0,46601.5
30484,0,45105.3
30485,0,43622.9
30486,789.1,62969.2
30487,0,71492.1
30488,154.5,81711.4
30489,0,95544.7
30490,0,102444.8
30491,0,108637
30492,0,113912.5
30493,0,119252
30494,0,129613.9
30495,0,141199.6
30496,387.6,144370
30497,1918.6,132717.4
30498,1134.4,126017.2
30499,1648.8,120966.8
30500,2267.7,97875.2
30501,3107.5,81425.9
30502,3956.9,68877.6
30503,4780.1,60640.6
30504,7403.8,50990.3
30505,4361.1,52111.7
30506,4868.1,48084.3
30507,5402.9,44827.4
30508,3654.4,55670.7
30509,444.7,65991.8
30510,1519.5,145099.3
30511,0,201666.7
30512,0,229823.9
30513,0,250479.4
30514,0,264058.7
30515,0,284470.8
30516,0,298676.1
30517,0,313503.9
30518,0,328232.3
30519,0,335509.7
30520,0,335770.4
30521,0,344739.9
30522,0,262551.7
30523,0,255527.2
30524,0,191878.2
30525,0,174453.8
30526,0,147513.2
30527,0,133918.3
30528,0,118362.4
30529,0,111429.9
30530,0,100221.1
30531,0,89528.4
30532,0,105683.5
30533,0,116323.1
30534,0,199395.1
30535,0,253211.7
30536,0,276582.6
30537,0,291224.5
30538,0,300281
30539,0,316527.8
30540,0,326913.6
30541,0,338269.3
30542,0,351747.1
30543,0,363797.1
30544,0,369312.1
30545,0,383621.4
30546,0,289898.6
30547,0,267749.9
30548,0,195425.7
30549,0,177127.2
30550,0,147570.5
30551,0,131202.2
30552,0,112692.1
30553,0,105178.2
30554,0,93492.2
30555,0,83735.1
30556,0,102299.6
30557,0,110475.4
30558,0,190925.8
30559,0,245283.3
30560,0,268420.2
30561,0,283198.8
30562,0,294429.9
30563,0,314522.2
30564,0,328470.8
30565,0,342492
30566,0,357702.9
30567,0,371494.6
30568,0,377080.8
30569,0,391818.6
30570,0,298958.4
30571,0,280769.5
30572,0,207439.4
30573,0,188526.3
30574,0,160308.6
30575,0,145933.3
30576,0,129998.5
30577,0,123849.4
30578,0,113235.2
30579,0,103168.4
30580,0,122961.6
30581,0,131756.9
30582,0,213812.2
30583,0,262604.9
30584,0,283796.7
30585,0,300868.9
30586,0,312021.5
30587,0,329615.5
30588,0,341130.6
30589,0,351585.2
30590,0,362718.8
30591,0,375330.8
30592,0,378288
30593,0,388756.5
30594,0,292318.9
30595,0,281172.3
30596,0,208488.6
30597,0,189414.9
30598,0,159849.3
30599,0,145949.8
30600,0,130550.7
30601,0,123536.1
30602,0,112178.2
30603,0,100713.8
30604,0,119120.3
30605,0,127267.9
30606,0,209971.5
30607,0,263488.7
30608,0,286371.3
30609,0,301380
30610,0,310955.3
30611,0,328861.3
30612,0,339107.1
30613,0,349448.2
30614,0,362518.3
30615,0,373613.9
30616,0,376498.6
30617,0,388696.6
30618,0,285367.2
30619,0,276036.6
30620,0,199505.1
30621,0,178216.8
30622,0,147888.5
30623,0,131630.4
30624,0,112183.2
30625,0,103299.4
30626,0,92419.9
30627,0,82831.2
30628,0,79309.8
30629,0,74820.8
30630,0,87169.6
30631,0,110683
30632,0,120258.9
30633,0,153082.5
30634,0,167707.9
30635,0,171913.8
30636,0,175604.9
30637,0,177830.2
30638,0,179872.7
30639,0,133505
30640,0,133106.5
30641,0,130130.1
30642,0,117292.6
30643,0,113005.3
30644,35.3,67073.6
30645,248.5,61815.1
30646,410.8,53456.1
30647,572.8,48476.8
30648,1119.7,42482.4
30649,1514.1,37729.4
30650,1900.6,33567.8
30651,2549.5,29666
30652,3176.6,28722.9
30653,3705.4,26175
30654,4760.2,38717.5
30655,4047,45165.7
30656,2760,54306.6
30657,2017.7,63852.8
30658,1412.6,68817.7
30659,1144.5,71117.7
30660,868.1,70362.3
30661,614.6,73457.5
30662,510.7,75314.3
30663,491.7,76028.4
30664,491.5,78281.8
30665,2953.7,62752.9
30666,1906.1,53216.9
30667,2544.1,48677.8
30668,6342.8,30900.7
30669,4080.8,29275.2
30670,5018.1,22859.1
30671,6079.2,20022.9
30672,6244.6,18449.3
30673,6923,17168.9
30674,7753.6,16018.4
30675,8599.7,14944.5
30676,8051.7,20598.7
30677,4424.3,26497.1
30678,3175.5,91998.1
30679,0,146740.7
30680,0,163185.8
30681,0,174772.6
30682,0,186963.2
30683,0,198867.7
30684,0,209858.2
30685,0,220336.9
30686,0,229241.2
30687,0,236216
30688,0,237313.8
30689,0,248593.4
30690,0,159861.1
30691,0,157317.7
30692,0,90299.6
30693,0,82724.3
30694,0,61270.7
30695,112.9,53184.8
30696,264.6,46801.7
30697,362.8,42396.8
30698,497.2,38347.7
30699,690.5,34692.1
30700,935.5,34093.2
30701,1115.9,31531.3
30702,1487.3,44248.5
30703,1141.8,51203.5
30704,723.8,61048.6
30705,450.7,70693.1
30706,351.7,73580.4
30707,217.4,76165
30708,57,78888.2
30709,0,83196.5
30710,0,87824.7
30711,0,92962.2
30712,796.3,89704.4
30713,1791.6,78538.3
30714,1016.7,65888.5
30715,1668.8,60019.8
30716,2232.2,46396.3
30717,2801.9,38903.9
30718,3361.1,31618.9
30719,4015.8,28182.5
30720,3967.8,26137.4
30721,4352.8,24024
30722,4870,21987.3
30723,5412.6,19998.4
30724,5478.6,26468.3
30725,2131.1,34610.6
30726,2485.4,113328.7
30727,0,167892
30728,0,196760.4
30729,0,214951.2
30730,0,228488.3
30731,0,252272.9
30732,0,268397.6
30733,0,282714
30734,0,289337.9
30735,0,301125
30736,0,313754.2
30737,0,329050.9
30738,0,239468
30739,0,232767.3
30740,0,161783.7
30741,0,148959.5
30742,0,119569.5
30743,0,103643.1
30744,0,84270.2
30745,0,80031
30746,0,70236.4
30747,0,61675.1
30748,0,81877.3
30749,0,95117.5
30750,0,186769.8
30751,0,242795.6
30752,0,266526.1
30753,0,281490.7
30754,0,291844
30755,0,309233.3
30756,0,319957.4
30757,0,330451.9
30758,0,344318.9
30759,0,357157
30760,0,364860.9
30761,0,379512
30762,0,291655.9
30763,0,279361.5
30764,0,202855.5
30765,0,181026
30766,0,148807
30767,0,132458.7
30768,0,113016.5
30769,0,105685.3
30770,0,93982.1
30771,0,84426.5
30772,0,109147.5
30773,0,119514.5
30774,0,213665.8
30775,0,258321
30776,0,277011.8
30777,0,288341.2
30778,0,295271.9
30779,0,310587.9
30780,0,319501.6
30781,0,327866
30782,0,335160.7
30783,0,349597.3
30784,0,349879.7
30785,0,364777.2
30786,0,277226.6
30787,0,266481
30788,0,189413.6
30789,0,169781.8
30790,0,137039.2
30791,0,119656.7
30792,0,98737.6
30793,0,93121.5
30794,0,83066.9
30795,0,74451.9
30796,0,71807.8
30797,0,67713.9
30798,0,83557
30799,0,115555.4
30800,0,131663.4
30801,0,169612.2
30802,0,188628.8
30803,0,197928.6
30804,0,205112.8
30805,0,215684.2
30806,0,227236.6
30807,0,193334.5
30808,0,195583.5
30809,0,202974.7
30810,0,192680.9
30811,0,185032.2
30812,0,121147.6
30813,0,105438.5
30814,0,87095.9
30815,0,74740.2
30816,30.2,55945.2
30817,0,54956.1
30818,0,49288.8
30819,0,43860.4
30820,0,42238.2
30821,0,39348.8
30822,797.6,56083.7
30823,0,65009.3
30824,198.2,77699.5
30825,0,89201.6
30826,0,93655.4
30827,0,97541.8
30828,0,102028
30829,0,104144
30830,0,107182
30831,0,114667.5
30832,613.3,114924.9
30833,1623.6,103992.9
30834,555.9,96569.6
30835,1052,81847.6
30836,4730.1,59497.3
30837,2415.6,51524.9
30838,3190.4,41636.4
30839,3915.3,36608.4
30840,7329.7,28843.9
30841,4210.5,30171.2
30842,4727.4,27090.3
30843,5259.9,24470.5
30844,5053.9,31867.5
30845,1548.5,40677.7
30846,2177.3,117842.5
30847,0,176282.5
30848,0,208056.9
30849,0,228002.2
30850,0,239757.2
30851,0,261742.2
30852,0,278137.9
30853,0,292703
30854,0,308820
30855,0,324345
30856,0,335939.1
30857,0,349135.3
30858,0,261307.8
30859,0,252236.4
30860,0,176620.9
30861,0,160001
30862,0,128638
30863,0,112286.7
30864,0,93453.4
30865,0,87047.9
30866,0,75792.1
30867,0,66002.5
30868,0,85012.2
30869,0,97391.8
30870,0,188299.2
30871,0,243814.3
30872,0,267355.2
30873,0,282465.1
30874,0,292133.3
30875,0,307462.9
30876,0,319720.8
30877,0,331028.1
30878,0,339312.1
30879,0,339138.2
30880,0,335847.5
30881,0,342177.2
30882,0,249601.8
30883,0,236337
30884,0,166305
30885,0,155814.6
30886,0,126540.2
30887,0,111225.6
30888,0,91029.3
30889,0,85640.8
30890,0,76063.6
30891,0,68819.5
30892,0,92199.2
30893,0,102649.4
30894,0,185831.4
30895,0,236134.4
30896,0,255893.4
30897,0,266426.8
30898,0,275636
30899,0,284248.1
30900,0,292319.6
30901,0,299530.2
30902,0,305689.9
30903,0,311193.8
30904,0,316862.8
30905,0,324981.7
30906,0,232860.5
30907,0,227073.3
30908,0,154905.2
30909,0,142106.6
30910,0,111576.7
30911,0,96005.9
30912,0,78824.8
30913,0,76426.7
30914,0,69434.3
30915,0,63687
30916,0,85708.9
30917,0,96207
30918,0,187256.3
30919,0,232505.5
30920,0,257308.8
30921,0,271196.6
30922,0,282076.8
30923,0,299458.2
30924,0,311707.3
30925,0,322854.6
30926,0,337792.4
30927,0,349471.2
30928,0,357036.2
30929,0,372359.3
30930,0,284460.7
30931,0,271620.3
30932,0,192836.2
30933,0,171773
30934,0,138717.1
30935,0,120327.4
30936,0,97775.9
30937,0,90333
30938,0,79897.5
30939,0,71808
30940,0,94839.3
30941,0,104258.9
30942,0,197840.1
30943,0,244989.8
30944,0,268552
30945,0,283048.6
30946,0,293643.4
30947,0,313887.6
30948,0,327232.9
30949,0,340167.6
30950,0,354975.2
30951,0,368371.8
30952,0,373721.3
30953,0,384847.5
30954,0,297358.9
30955,0,283088.3
30956,0,203017.6
30957,0,183319.8
30958,0,150915.5
30959,0,134086.7
30960,0,114132.6
30961,0,107369.6
30962,0,94961
30963,0,84053
30964,0,79792.6
30965,0,75254.6
30966,0,92494.6
30967,0,124921.6
30968,0,140771.9
30969,0,182325.9
30970,0,198190.6
30971,0,216863.4
30972,0,227409.5
30973,0,237372.8
30974,0,250469
30975,0,218236.8
30976,0,222429.3
30977,0,229440.2
30978,0,216290.9
30979,0,209843.4
30980,0,148113
30981,0,133513.8
30982,0,119718.1
30983,0,109225.9
30984,18.1,90560.3
30985,0,85244.5
30986,0,75251.6
30987,0,66913.2
30988,0,63422.2
30989,0,59612.5
30990,780.3,74879.7
30991,0,83944
30992,143.8,97307.8
30993,0,110357.5
30994,0,118463.1
30995,0,125314.1
30996,0,130356.3
30997,0,137733.2
30998,0,149299.1
30999,0,159802.8
31000,149.5,161857.3
31001,932,149810.5
31002,17.3,140881.8
31003,142.6,128770.6
31004,321.4,106877.1
31005,813.2,96242.6
31006,1403.3,85555.6
31007,2048.7,78023.8
31008,5220.5,63810.9
31009,2373.8,60817.9
31010,2840.2,53065
31011,3323.8,46351.9
31012,3009.1,58110.8
31013,198.2,67001.5
31014,1179.9,155526.4
31015,0,220172
31016,0,249148.3
31017,0,268462.4
31018,0,283686.5
31019,0,305251.2
31020,0,320375.7
31021,0,335807.5
31022,0,352467.9
31023,0,364991.1
31024,0,368063.4
31025,0,380455.3
31026,0,284427.6
31027,0,270866.6
31028,0,197207.6
31029,0,181777.8
31030,0,151507.5
31031,0,136686.5
31032,0,121112.4
31033,0,115625.8
31034,0,106949.6
31035,0,98550.8
31036,0,120009.3
31037,0,130430.9
31038,0,220375.9
31039,0,271436.1
31040,0,291147.8
31041,0,297322.2
31042,0,310320.8
31043,0,325878.3
31044,0,337501.5
31045,0,348796.1
31046,0,362590.3
31047,0,377138.7
31048,0,383712.4
31049,0,388831.4
31050,0,285503.8
31051,0,263890.9
31052,0,193241.4
31053,0,181192.2
31054,0,152224
31055,0,137563.9
31056,0,120028
31057,0,113048.5
31058,0,102206.6
31059,0,92669.2
31060,0,116260.7
31061,0,125304.8
31062,0,218194.1
31063,0,265971.6
31064,0,289042.5
31065,0,303982.7
31066,0,313248.3
31067,0,331523.3
31068,0,342933.2
31069,0,353408.6
31070,0,367658.7
31071,0,381102.7
31072,0,387071.4
31073,0,402226.3
31074,0,311740.3
31075,0,293128.8
31076,0,211608
31077,0,191671.8
31078,0,159249.4
31079,0,142005.3
31080,0,121575.8
31081,0,114502
31082,0,101353.4
31083,0,89915.4
31084,0,114232.3
31085,0,123249.6
31086,0,213547
31087,0,257448.6
31088,0,281050.4
31089,0,288100.6
31090,0,296611.4
31091,0,314653.9
31092,0,325332
31093,0,328618.6
31094,0,341133
31095,0,353737.7
31096,0,356333.1
31097,0,365285.2
31098,0,274174.3
31099,0,263868.9
31100,0,188268.7
31101,0,172809.7
31102,0,141574.6
31103,0,125088.8
31104,0,104156.1
31105,0,97526.9
31106,0,86151.9
31107,0,76492.5
31108,0,98963.8
31109,0,108083
31110,0,201923.2
31111,0,249655.2
31112,0,272409.6
31113,0,289021.6
31114,0,299820.2
31115,0,318370
31116,0,329918.5
31117,0,341575.6
31118,0,355665.2
31119,0,368896.6
31120,0,372623
31121,0,381414.4
31122,0,291696.2
31123,0,270712.2
31124,0,192744
31125,0,177997.4
31126,0,147764.6
31127,0,132068.3
31128,0,112606.7
31129,0,106209.8
31130,0,94184.4
31131,0,83672.6
31132,0,79810.9
31133,0,75197.6
31134,0,89327.9
31135,0,119068.9
31136,0,137028.2
31137,0,179618.3
31138,0,200840.5
31139,0,214561.5
31140,0,222575.7
31141,0,233233.4
31142,0,243293.5
31143,0,205540.9
31144,0,204712.6
31145,0,211401
31146,0,199316.5
31147,0,189969.4
31148,0,126272.7
31149,0,111882.6
31150,0,95537.1
31151,0,83864.2
31152,13.6,63600.3
31153,0,60638.5
31154,0,53885.4
31155,0,47825.4
31156,0,45360.9
31157,0,41324
31158,778.7,59708.4
31159,0,70399.5
31160,149.8,82674.8
31161,0,93139.8
31162,0,97725.8
31163,0,101591
31164,0,104639.1
31165,0,109238.4
31166,0,115892.9
31167,0,124050.7
31168,405.3,126644
31169,1300.8,115416.6
31170,260.6,105815.1
31171,678.2,95794.7
31172,1161.1,70262.8
31173,1899,53761.3
31174,2694,42863.8
31175,3392.2,38518.9
31176,6700.8,30768.6
31177,3663.6,32532.6
31178,4143.3,29985
31179,4646.1,27583.1
31180,4404.5,35337.7
31181,1097.6,43448.3
31182,1925,121618.4
31183,0,179033.9
31184,0,204265.2
31185,0,218963.9
31186,0,225798
31187,0,245046.6
31188,0,262290.6
31189,0,275193.7
31190,0,289069.6
31191,0,300577
31192,0,305212.3
31193,0,311597.9
31194,0,225332.8
31195,0,220622.9
31196,0,147574.2
31197,0,132608.3
31198,0,100874.3
31199,0,83004.9
31200,0,64640.1
31201,0,63133.7
31202,0,57584.1
31203,0,52277.3
31204,0,69891.8
31205,0,80401.6
31206,0,164749.2
31207,0,215651.8
31208,0,239681.4
31209,0,249916.5
31210,0,255618.9
31211,0,274278.3
31212,0,290360.4
31213,0,302124.7
31214,0,312327.3
31215,0,319791.4
31216,0,327645
31217,0,341787.4
31218,0,254813.9
31219,0,239785.5
31220,0,158875.8
31221,0,147923.6
31222,0,116186
31223,0,98772.1
31224,0,78322.1
31225,0,73562.4
31226,1.1,66048.3
31227,84.4,60404.5
31228,7.3,81359.5
31229,95.6,91248.5
31230,0,178760.1
31231,0,230975.6
31232,0,249436.1
31233,0,264552.9
31234,0,274324.9
31235,0,293743.9
31236,0,308629.3
31237,0,321929.1
31238,0,337651
31239,0,353794.4
31240,0,359183.2
31241,0,370327.7
31242,0,281422
31243,0,266519.7
31244,0,187610
31245,0,168791.3
31246,0,137323
31247,0,120512.1
31248,0,98902.7
31249,0,91510.1
31250,0,80575.2
31251,0,72228.6
31252,0,95787.2
31253,0,104889.9
31254,0,194431.9
31255,0,239678.3
31256,0,263029.2
31257,0,271361.9
31258,0,278185.9
31259,0,303175.2
31260,0,317324.9
31261,0,330671
31262,0,343897.4
31263,0,355029.5
31264,0,345172.8
31265,0,350292.8
31266,0,256131.3
31267,0,243491.1
31268,0,170173.9
31269,0,158238.4
31270,0,128413.9
31271,0,112365.7
31272,0,91862
31273,0,86327.5
31274,0,76831.3
31275,0,68421.2
31276,0,91466
31277,0,100684.2
31278,0,188599.9
31279,0,230902
31280,0,250032.4
31281,0,259396.4
31282,0,267721.6
31283,0,277738.6
31284,0,285950
31285,0,294552
31286,0,309000.4
31287,0,317875.1
31288,0,318943.3
31289,0,323014.8
31290,0,224652.3
31291,0,217650.2
31292,0,146301.7
31293,0,135241.5
31294,0,105057.5
31295,0,90085.6
31296,0,73184.6
31297,18.9,71438.3
31298,136.8,64758.8
31299,299.6,58335.6
31300,444.8,55810
31301,543.9,52595.7
31302,545.1,65215.1
31303,44.7,93252.4
31304,0,107755
31305,0,141810.6
31306,0,158043.3
31307,0,164505.4
31308,0,171603.7
31309,0,183902.9
31310,0,196666.4
31311,0,161352.8
31312,0,163015
31313,0,174155.5
31314,0,163471.9
31315,0,159562.6
31316,0,85741.8
31317,0,75026.5
31318,0,60248.6
31319,0,52639.4
31320,21.8,39967.6
31321,20.4,40365.7
31322,164.1,35823.1
31323,799.2,31813.1
31324,1347.6,30981.7
31325,2055.5,28229.8
31326,18770.7,29622.7
31327,2066.2,56893.7
31328,1781.8,70888.6
31329,1179.3,83092.4
31330,722,87231.3
31331,185.7,91190.5
31332,0,94427.5
31333,0,99127.1
31334,0,106157.3
31335,15.5,112881.3
31336,954.2,113245.1
31337,2208.4,95754.8
31338,1162.1,80802.1
31339,1759.8,73373
31340,2323.7,54424.7
31341,3041.8,47000.5
31342,3770.6,39793.1
31343,4457.7,36420
31344,4339,34561.8
31345,4667.3,32175.8
31346,5136.1,29646.9
31347,5628.6,27636.4
31348,5442.4,35789.9
31349,1891.8,43506.4
31350,2374.3,121271.8
31351,0,178041.1
31352,0,207467.9
31353,0,226203.1
31354,0,238544.8
31355,0,260988.8
31356,0,276084.9
31357,0,290740
31358,0,307193
31359,0,321972.3
31360,0,329307
31361,0,341104.4
31362,0,250426.1
31363,0,240794.5
31364,0,164359.9
31365,0,149271.7
31366,0,118750.1
31367,0,102720.1
31368,0,83579.4
31369,0,80046
31370,0,70973.1
31371,0,63797.9
31372,0,83424.1
31373,0,94776.7
31374,0,181021.1
31375,0,233691.4
31376,0,254870.4
31377,0,269929.3
31378,0,271872.2
31379,0,284415.3
31380,0,296479.4
31381,0,312738.3
31382,0,326202.2
31383,0,339442.9
31384,0,345379.4
31385,0,357426.3
31386,0,267457.3
31387,0,252109.7
31388,0,172891.5
31389,0,156308.2
31390,0,125426
31391,0,109934.5
31392,0,90522.2
31393,0,84938.5
31394,0,76222
31395,0,69640.6
31396,0,87298.6
31397,0,94781.1
31398,0,180822.8
31399,0,235344.1
31400,0,258185.4
31401,0,271796.4
31402,0,280779.3
31403,0,298843.8
31404,0,310774.8
31405,0,322910
31406,0,337737
31407,0,351578.8
31408,0,357171.1
31409,0,369255.1
31410,0,278663.4
31411,0,262960.7
31412,0,180742
31413,0,163416.5
31414,0,132297.3
31415,0,116451.6
31416,0,97071.8
31417,0,91760
31418,0,82787.8
31419,0,75481.5
31420,0,93671.9
31421,0,101074.8
31422,0,192783.2
31423,0,235293.9
31424,0,255254.7
31425,0,265549.7
31426,0,274042.5
31427,0,282697.3
31428,0,291738.1
31429,0,298459.7
31430,0,305033.1
31431,0,311104.1
31432,0,310163.7
31433,0,318615.9
31434,0,221839.1
31435,0,216007.7
31436,0,144995.4
31437,0,134318.5
31438,0,106772.9
31439,0,94447.8
31440,0,80101
31441,0,78539.6
31442,0,73010.2
31443,0,68047.4
31444,0,86028
31445,0,94565.2
31446,0,184169.2
31447,0,229670.1
31448,0,252433.6
31449,0,268311.8
31450,0,280897.1
31451,0,298676.1
31452,0,314214.8
31453,0,327833.4
31454,0,342192.9
31455,0,356690
31456,0,363592.4
31457,0,376043.9
31458,0,284561.9
31459,0,266585.4
31460,0,184009.8
31461,0,167509.4
31462,0,136378.7
31463,0,121323.8
31464,0,102455.4
31465,0,96603.2
31466,0,86476.1
31467,0,77909.8
31468,0,73876.4
31469,0,68940.6
31470,0,81232.2
31471,0,111643.2
31472,0,126719.6
31473,0,165596.6
31474,0,188143.6
31475,0,198281.2
31476,0,206641.8
31477,0,215373.2
31478,0,226922.6
31479,0,190842.5
31480,0,193706.3
31481,0,200226.4
31482,0,188322.2
31483,0,178405.3
31484,0,118224
31485,0,103072.7
31486,0,85820.7
31487,0,74086.9
31488,43.2,55405.1
31489,0,54662
31490,0,48600.6
31491,0,42708.4
31492,0.5,40579.2
31493,9.4,37048.4
31494,832.4,50007.2
31495,1.5,59612.2
31496,238.1,73599.9
31497,0,85560.1
31498,0,90903.4
31499,0,94378
31500,0,97465.1
31501,0,101739.6
31502,0,105491.5
31503,0,112405.8
31504,4.2,118876.4
31505,1782.3,101340
31506,760.9,90240.5
31507,1299.6,79527.9
31508,4987.1,49670.4
31509,2705.9,45763
31510,3469.4,37585.1
31511,4212.7,33244.5
31512,4155.1,30555.3
31513,4535.2,27946.4
31514,5037.2,25430.4
31515,5557,23335.9
31516,5382,31175.5
31517,1801.6,39284.9
31518,2338.9,105359.3
31519,0,159148.9
31520,0,185428.5
31521,0,198683.5
31522,0,205784.6
31523,0,223568.8
31524,0,239584.9
31525,0,259974.3
31526,0,277150.3
31527,0,293472.2
31528,0,302498.2
31529,0,314417.7
31530,0,222806
31531,0,212945.6
31532,0,139351.8
31533,0,127541.4
31534,0,99763.9
31535,0,83544.6
31536,0,65747.4
31537,0,63990.2
31538,0,57503.6
31539,0,52211.2
31540,0,67367.4
31541,0,77569.1
31542,0,158983.1
31543,0,216911.8
31544,0,245213.9
31545,0,260978
31546,0,272970.3
31547,0,292518.6
31548,0,306990
31549,0,319978
31550,0,335440.5
31551,0,349644.4
31552,0,355073.8
31553,0,365909.7
31554,0,272785.6
31555,0,248889.2
31556,0,177350.2
31557,0,165623.3
31558,0,138640.8
31559,0,124937.9
31560,0,107663.8
31561,0,101089.1
31562,0,90706.5
31563,0,81959.4
31564,0,100881.6
31565,0,109010.6
31566,0,195264.1
31567,0,250957.1
31568,0,272786.7
31569,0,287026.1
31570,0,294450.6
31571,0,314946
31572,0,322955.6
31573,0,338969.5
31574,0,354688.1
31575,0,367851.1
31576,0,368375.4
31577,0,372202.4
31578,0,273979.5
31579,0,258070
31580,0,185896.7
31581,0,173517
31582,0,145782
31583,0,132734.7
31584,0,117120.5
31585,0,111584.4
31586,0,101328.4
31587,0,92100.9
31588,0,112010.6
31589,0,119720.8
31590,0,212013.2
31591,0,254307.7
31592,0,272934.3
31593,0,283479
31594,0,296789.1
31595,0,317032.6
31596,0,329305.9
31597,0,340869.8
31598,0,353956.9
31599,0,364720.8
31600,0,365844.2
31601,0,377379
31602,0,284222.2
31603,0,260873.9
31604,0,182701.5
31605,0,168535.5
31606,0,139106.1
31607,0,123672.1
31608,0,104327
31609,0,97723.9
31610,0,87233.8
31611,0,79057.2
31612,0,98347.1
31613,0,105768.8
31614,0,197051
31615,0,246399.7
31616,0,270076.5
31617,0,286603.3
31618,0,298196.4
31619,0,318732.1
31620,0,331657
31621,0,344288.9
31622,0,360619.8
31623,0,372302.6
31624,0,359146.3
31625,0,365816.3
31626,0,273842.4
31627,0,264892.8
31628,0,187026.2
31629,0,173013.1
31630,0,144558.8
31631,0,131117.9
31632,0,115059.9
31633,0,107870.7
31634,0,96775.3
31635,0,86425.7
31636,0,81723.7
31637,0,76093.2
31638,0,87022.8
31639,0,112607.1
31640,0,124412.1
31641,0,162577.9
31642,0,182629.7
31643,0,195092.6
31644,0,202708.4
31645,0,207760.2
31646,0,218917.5
31647,0,178818.7
31648,0,181384.9
31649,0,183887.1
31650,0,167615.1
31651,0,160994
31652,0,103799.5
31653,0,90824.2
31654,0,76584.7
31655,0,66765.8
31656,12.1,50849.8
31657,0,50070.1
31658,0,45105.3
31659,0,40936
31660,0,40148.1
31661,0,36701.4
31662,784.1,50254.7
31663,0,62207.8
31664,177.4,76307.6
31665,0,89153
31666,0,94333.7
31667,0,98446.2
31668,0,99383.7
31669,0,106009
31670,0,113762
31671,0,120708.3
31672,567.9,118972.9
31673,1538.6,98647.7
31674,496.5,81529.9
31675,970.2,71489
31676,1508.8,53878.6
31677,2225.7,46861.2
31678,2990.5,38539
31679,3743.5,33637.1
31680,7087.3,26093.9
31681,3976.1,28671.7
31682,4460.5,25983.4
31683,4979,23566.7
31684,4755.2,31884.6
31685,1355.2,40092.3
31686,2074.4,107069.8
31687,0,159990.7
31688,0,188166.4
31689,0,209413.2
31690,0,213560.2
31691,0,232255.2
31692,0,251976.2
31693,0,270489.6
31694,0,286274.4
31695,0,296720.3
31696,0,295170.3
31697,0,298101.6
31698,0,207061.7
31699,0,201977.7
31700,0,135475.5
31701,0,127488.1
31702,0,102728.1
31703,0,89258.5
31704,0,71680.4
31705,0,69552.5
31706,0,62264.2
31707,0,56490.8
31708,0,75104.6
31709,0,84788.7
31710,0,168262.4
31711,0,219697.9
31712,0,239683
31713,0,249879.4
31714,0,258348.1
31715,0,268620.9
31716,0,276989.9
31717,0,289791
31718,0,298540.7
31719,0,306892.4
31720,0,319278.8
31721,0,322279.6
31722,0,237817.3
31723,0,223479.1
31724,0,147497.1
31725,0,134108.3
31726,0,105358.2
31727,0,90675.9
31728,0,74605.3
31729,0,71499.9
31730,0,64949.6
31731,0,59351.3
31732,0,76377.4
31733,0,84188.4
31734,0,164879.8
31735,0,219326
31736,0,246120
31737,0,262348.9
31738,0,273357.4
31739,0,292636.4
31740,0,301769.9
31741,0,316659.6
31742,0,333257.6
31743,0,346527.4
31744,0,347110.9
31745,0,343060.3
31746,0,248296.1
31747,0,234983.5
31748,0,163804.5
31749,0,152534
31750,0,124700.5
31751,0,110837.1
31752,0,91727.9
31753,0,87717.6
31754,0,78701.6
31755,0,71043.8
31756,0,89608.5
31757,0,97732.8
31758,0,187831.3
31759,0,234369.9
31760,0,256731.5
31761,0,265772.4
31762,0,276034.6
31763,0,284654.9
31764,0,296569
31765,0,310959.7
31766,0,320404.2
31767,0,321560.9
31768,0,321084.6
31769,0,336997
31770,0,237024.2
31771,0,221756.5
31772,0,147723.5
31773,0,135332.7
31774,0,105545.5
31775,0,91276.2
31776,0,75811.8
31777,0.5,73446.7
31778,61.9,67236.9
31779,203.8,61503.9
31780,26.5,78498.5
31781,39.2,86398.9
31782,0.9,155464.7
31783,0,214174.8
31784,0,237618.1
31785,0,252838.9
31786,0,264852.4
31787,0,284855.9
31788,0,296637.6
31789,0,309474.4
31790,0,325006.7
31791,0,337928.7
31792,0,341868.4
31793,0,344253.6
31794,0,245067.5
31795,0,229293
31796,0,155474.5
31797,0,144065.6
31798,0,114634.2
31799,0,98487
31800,0,80093.4
31801,0,76886.1
31802,0.4,68951.6
31803,73.5,62798.2
31804,251.8,60046.6
31805,446.4,55647.3
31806,545,68522
31807,32.2,98152.2
31808,0,112915.1
31809,0,148296.4
31810,0,168491.7
31811,0,179001.5
31812,0,189222.7
31813,0,199935.7
31814,0,213731.4
31815,0,179368.9
31816,0,182983.2
31817,0,190646.1
31818,0,178462.3
31819,0,167679.1
31820,0,106854.6
31821,0,92419.9
31822,0,76708.2
31823,0,65964.7
31824,17.2,49035.9
31825,0,48321.2
31826,0.1,43309.1
31827,9,38797.9
31828,22.1,38000.1
31829,90.5,34957.4
31830,930.4,48919.5
31831,176.4,60725.2
31832,480,75033.2
31833,129.5,87991.9
31834,10.8,93969.5
31835,0,99545.5
31836,0,103950.5
31837,0,108891.6
31838,0,113762.7
31839,11.5,112653.3
31840,779.4,105965.8
31841,1915.2,93376.8
31842,895.8,74861.9
31843,1376.6,65908.3
31844,1899.7,50603.4
31845,2610.5,46144.1
31846,3348.5,39098.1
31847,4082.6,35166.8
31848,4001.3,32792.4
31849,4360.6,30278.4
31850,4850.9,27753.3
31851,5347.8,25631.6
31852,5146.1,33010.3
31853,1642.6,41098.9
31854,2230.7,109935.5
31855,0,160368.1
31856,0,187623.6
31857,0,203619.5
31858,0,210080.8
31859,0,226879.4
31860,0,236811.6
31861,0,246795.2
31862,0,256647.1
31863,0,265866.3
31864,0,267431.9
31865,0,275998.6
31866,0,187030.5
31867,0,181446
31868,0,113521.5
31869,0,104975.9
31870,0,79765.9
31871,0,67172.2
31872,0,54401.1
31873,0,54714.8
31874,0,50899.7
31875,0,46992.4
31876,0,62010.3
31877,0,71158
31878,0,149927.2
31879,0,200582.8
31880,0,225014
31881,0,237594.1
31882,0,248259
31883,0,256954.4
31884,0,266204
31885,0,274429.1
31886,0,281621.3
31887,0,287987.9
31888,0,289592.9
31889,0,299347.6
31890,0,205391.8
31891,0,198265
31892,0,128825.1
31893,0,117894
31894,0,91544.1
31895,0,79479.8
31896,0,65156.9
31897,0,63791.3
31898,0,58458.6
31899,10.2,54452.7
31900,0,71188
31901,0,78808.5
31902,0,159442.4
31903,0,207962.9
31904,0,232071.5
31905,0,245200.4
31906,0,250345.1
31907,0,267032.4
31908,0,281153.3
31909,0,291790.3
31910,0,302621.9
31911,0,312916.5
31912,0,323174.8
31913,0,342021.3
31914,0,252919.5
31915,0,235064.3
31916,0,158912.9
31917,0,145727.2
31918,0,117331.4
31919,0,102365
31920,0,83867.2
31921,0,81096.3
31922,0,73418.8
31923,0,67533.7
31924,0,86021.7
31925,0,94085.9
31926,0,184995.9
31927,0,234100.5
31928,0,259151.4
31929,0,276355.8
31930,0,288991.6
31931,0,309666.5
31932,0,323172.3
31933,0,336713.5
31934,0,352063.3
31935,0,365405.7
31936,0,370877.7
31937,0,381191
31938,0,286418.2
31939,0,265408.7
31940,0,184705
31941,0,169800.2
31942,0,138816.4
31943,0,123900.6
31944,0,105050.1
31945,0,98324.4
31946,0,87071.7
31947,0,77650.6
31948,0,95964.2
31949,0,102861
31950,0,194241.2
31951,0,242815.4
31952,0,267344.2
31953,0,285082.7
31954,0,296922
31955,0,317579.3
31956,0,331550.8
31957,0,345852.9
31958,0,363075.9
31959,0,378309
31960,0,383716.6
31961,0,396384.2
31962,0,301245
31963,0,276655.9
31964,0,194154.5
31965,0,179066.2
31966,0,148781.1
31967,0,133516.9
31968,0,115761.9
31969,0,108448.1
31970,0,97239.7
31971,0,87151.3
31972,0,82418
31973,0,76632
31974,0,89200.1
31975,0,117630.1
31976,0,134926.2
31977,0,178010.5
31978,0,200721.4
31979,0,209421.5
31980,0,219073.7
31981,0,227764
31982,0,237908.4
31983,0,201502.5
31984,0,205846.5
31985,0,204022.3
31986,0,187374.3
31987,0,172691.3
31988,0,114599.6
31989,0,101952.9
31990,0,87133.1
31991,0,76450.1
31992,29.7,59466.3
31993,0,58622.7
31994,0,52315.9
31995,0,45945.2
31996,0,43278.7
31997,4.9,39134.5
31998,811.7,52808.9
31999,0,62498.8
32000,224.2,72589.3
32001,0,83254.7
32002,0,86448.3
32003,0,90153.2
32004,0,91274.7
32005,0,96618.8
32006,0,102742.5
32007,0,105822.8
32008,6.4,105196.7
32009,1771.3,84945.3
32010,775.7,67204.9
32011,1304.9,59526.5
32012,1926.1,43993.6
32013,2715,39208.1
32014,3511,31968.3
32015,4292,28145.9
32016,4252.3,25810.3
32017,4759.2,23368.1
32018,5475,21427.8
32019,6186.9,19600.7
32020,5691.2,26836.3
32021,2076.8,34499.8
32022,2438,98547.2
32023,0,154554.9
32024,0,175028.7
32025,0,190931.5
32026,0,199147.9
32027,0,220152
32028,0,237501
32029,0,258045.8
32030,0,274038
32031,0,292683.5
32032,0,300736.9
32033,0,312235.1
32034,0,221634.7
32035,0,209600.5
32036,0,137562.9
32037,0,126784.2
32038,0,99606.8
32039,0,84577.1
32040,0,66700.3
32041,0,64597.4
32042,0,57670.5
32043,0,53018.8
32044,0,69753
32045,0,79491.4
32046,0,162443.6
32047,0,216697.1
32048,0,241376.6
32049,0,252936.6
32050,0,268956.7
32051,0,289552
32052,0,294861.5
32053,0,300171.9
32054,0,305684.4
32055,0,312925.6
32056,0,311982.5
32057,0,321644
32058,0,237584.2
32059,0,221396.5
32060,0,150723.4
32061,0,140318.3
32062,0,113476.4
32063,0,99301.9
32064,0,81526.2
32065,0,78576.8
32066,0,71070.2
32067,0,64886.6
32068,0,82543.1
32069,0,90515.7
32070,0,173676.9
32071,0,227839.1
32072,0,253411.6
32073,0,268966.7
32074,0,280749.4
32075,0,302657
32076,0,317449.7
32077,0,331409.6
32078,0,345982.5
32079,0,357321.6
32080,0,355299.3
32081,0,362797.8
32082,0,259892.2
32083,0,242258.5
32084,0,169067.4
32085,0,156527.6
32086,0,127697.6
32087,0,112714.4
32088,0,93704.1
32089,0,88460.8
32090,0,78972.3
32091,0,71810.3
32092,0,90624.6
32093,0,97790.4
32094,0,187140.4
32095,0,234094.1
32096,0,259586.7
32097,0,276692.4
32098,0,288916.3
32099,0,309756.9
32100,0,323404.8
32101,0,336345.2
32102,0,351068.2
32103,0,363643.6
32104,0,365736.6
32105,0,370517.2
32106,0,272686
32107,0,253283
32108,0,179389.2
32109,0,167442.1
32110,0,139556.8
32111,0,125555.4
32112,0,107735
32113,0,102673.2
32114,0,92586.8
32115,0,83542.6
32116,0,102516.7
32117,0,110347.7
32118,0,190617.9
32119,0,242058.2
32120,0,263978
32121,0,276857.7
32122,0,286349.6
32123,0,295523.1
32124,0,306759
32125,0,314881.8
32126,0,320924.5
32127,0,328871.1
32128,0,339439.9
32129,0,342864.4
32130,0,257280.5
32131,0,238726.5
32132,0,164572.8
32133,0,153155.6
32134,0,126471.2
32135,0,111382.7
32136,0,92724.1
32137,0,88216.9
32138,0,79638.5
32139,0,72112.8
32140,0,69899.1
32141,0,65924.2
32142,0,77949.4
32143,0,103132.9
32144,0,114884
32145,0,142857.4
32146,0,158524.6
32147,0,168848.4
32148,0,182489.4
32149,0,193818.6
32150,0,206965.2
32151,0,177040
32152,0,175795.3
32153,0,166615.3
32154,0,148591.3
32155,0,141523.7
32156,0,86296.7
32157,0,76474.8
32158,0,63294.2
32159,0,56508.4
32160,17.6,44160
32161,7.6,44432.5
32162,86.4,39902.4
32163,174.4,35694.7
32164,364.7,35000.1
32165,612.1,32462.2
32166,1588.2,45522.4
32167,815.8,52199.5
32168,691.3,62860.6
32169,394.9,75766.6
32170,315.1,77646.7
32171,161.3,80710.9
32172,14.7,86453.9
32173,0,92954.3
32174,0,100538.9
32175,0,101702.3
32176,816.9,100883.8
32177,2567.6,85661.2
32178,1852.9,71642.3
32179,2658.6,61872.2
32180,3440.6,45554.8
32181,4356.7,40819.1
32182,5262.5,33743.2
32183,6134.1,30047.6
32184,6990.2,27030.1
32185,7840.3,23958.6
32186,8718.1,21638.2
32187,9662,19698.9
32188,10594.5,21409.3
32189,11553.8,20988.8
32190,17052.5,37779.4
32191,13490.7,46490.9
32192,11903.7,52831.4
32193,7820,61735.9
32194,7882.1,63977.7
32195,7963.9,67864.1
32196,11446.3,70571.4
32197,8393,82941.8
32198,8584.9,88761.4
32199,8751.9,93639.1
32200,12148.7,89547.2
32201,17608.9,76371.1
32202,15068.3,61503.2
32203,16094.8,50839.9
32204,16957.1,34674.5
32205,17764.5,30182.8
32206,18566.1,23827.6
32207,19366.5,21015.2
32208,18554.5,19401.2
32209,19112.3,17844.6
32210,19964.5,16288.9
32211,20858.2,14988.7
32212,17288.7,17480.3
32213,11642.3,22557.6
32214,11216.5,74926.5
32215,620.1,125815.2
32216,0,148142.4
32217,0,165615.5
32218,0,174637.5
32219,0,197964.4
32220,0,213511.8
32221,0,232314.3
32222,0,251801.4
32223,0,265807.4
32224,0,273663.2
32225,0,286992.4
32226,0,194339.1
32227,0,174028.8
32228,0,111348.1
32229,0,97101.3
32230,0,69921.6
32231,15.5,56003.2
32232,159.5,44470.7
32233,399.4,44990.1
32234,829.7,40803.3
32235,1603.2,37043.3
32236,1481.4,50621.2
32237,1836.2,60554.7
32238,710.1,122909.7
32239,7,175504.6
32240,0,197259.9
32241,0,216029.5
32242,0,228740.4
32243,0,251165.7
32244,0,264823.2
32245,0,278881.9
32246,0,295053.9
32247,0,311577.7
32248,0,319611.9
32249,0,330218
32250,0,237018.2
32251,0,214545.7
32252,0,144007.5
32253,0,130429.8
32254,0,101872.1
32255,0,86339.4
32256,9.2,69107.8
32257,54.2,67429
32258,166.3,62001.3
32259,288.9,56623.7
32260,181.3,73471.4
32261,243.4,80861.9
32262,0,148552.9
32263,0,205176.5
32264,0,226970.6
32265,0,245508.6
32266,0,257733.8
32267,0,277575.2
32268,0,290029.7
32269,0,302517.9
32270,0,318400.4
32271,0,332679.5
32272,0,336184.7
32273,0,342942
32274,0,242012.1
32275,0,222649.1
32276,0,156473.2
32277,0,146888
32278,0,120656.4
32279,0,106435.6
32280,0,89283.1
32281,0,86300.4
32282,0,77805
32283,0,70847.7
32284,0,88899.9
32285,0,95806.7
32286,0,170118.7
32287,0,222602.9
32288,0,242514
32289,0,253371.2
32290,0,267865.6
32291,0,286589.9
32292,0,300195.5
32293,0,309717.4
32294,0,325657.4
32295,0,340023.1
32296,0,345187.3
32297,0,354658.4
32298,0,258239.9
32299,0,232490.6
32300,0,157865.5
32301,0,144036.3
32302,0,115617.2
32303,0,100165.6
32304,0,83061.3
32305,0,80383.5
32306,3.4,74272
32307,25.5,68435.9
32308,100.9,66175.5
32309,197.4,61792.1
32310,306.2,73328
32311,13.5,102571.4
32312,0,117779.5
32313,0,147821.2
32314,0,166798.2
32315,0,177670.6
32316,0,186797.1
32317,0,195801.2
32318,0,207556.6
32319,0,179201.7
32320,0,186967.9
32321,0,186114
32322,0,169086.9
32323,0,152682
32324,0,92753.7
32325,0,81464.9
32326,0,68348.9
32327,9,60300.2
32328,37.1,51336.8
32329,185.4,44472.7
32330,526.4,39591.8
32331,1184.3,35120.2
32332,1853.5,33691.7
32333,2513.4,30742.4
32334,4189.7,42478.1
32335,4069.1,48867.3
32336,2823.3,62715
32337,2007,79562.7
32338,1669.6,84397.9
32339,1150.7,87609
32340,538.9,88712.2
32341,91.1,89281.7
32342,57.5,89982.6
32343,148.6,87826.5
32344,13098.1,67777.9
32345,3186.2,66790.5
32346,2461.7,55401.2
32347,3292.5,50432.6
32348,4056.3,36991.3
32349,4926.7,33020.9
32350,5897.5,26787.8
32351,6885.6,23842.6
32352,6352.1,21973.6
32353,6928.7,20257.5
32354,7651.4,18601.9
32355,8433.5,16894.5
32356,6458.8,23491.8
32357,2810.3,30651.3
32358,2761.5,89995.1
32359,0,143096.4
32360,0,164358.9
32361,0,181556
32362,0,193710.1
32363,0,218580.8
32364,0,235065.9
32365,0,251080.3
32366,0,268260.4
32367,0,283930
32368,0,290319.4
32369,0,300448.8
32370,0,204707.4
32371,0,188678.9
32372,0,124711.1
32373,0,113615.9
32374,0,86862.1
32375,0,73827.2
32376,0,59728.2
32377,0,59851.5
32378,0,55173.7
32379,0,51525
32380,0,67285.2
32381,0,76661.1
32382,0,151291.1
32383,0,199873.3
32384,0,222492.8
32385,0,235771.5
32386,0,248685.3
32387,0,259512.5
32388,0,267878.7
32389,0,275667.6
32390,0,283188.6
32391,0,287253.8
32392,0,290736.7
32393,0,298384.4
32394,0,199293
32395,0,189632.8
32396,0,124295.8
32397,0,112921.7
32398,1.2,87886.3
32399,129,75793.3
32400,383.8,63018.9
32401,676.7,61203.1
32402,933.4,55873.8
32403,1228.6,51573.8
32404,877.4,68122
32405,1172.6,75342
32406,225.8,138726.5
32407,0,193318
32408,0,214163.4
32409,0,232117.6
32410,0,244564.1
32411,0,265856.4
32412,0,279277.7
32413,0,292483.7
32414,0,307218.4
32415,0,321788
32416,0,326171.4
32417,0,335747.5
32418,0,239456.9
32419,0,215448.7
32420,0,144964.7
32421,0,133478.8
32422,0,105985.6
32423,0,90994
32424,0,74599.1
32425,7.8,72955.2
32426,99.9,66559.8
32427,217.8,60504.5
32428,101.6,77351.9
32429,188.1,83867.6
32430,0,152759.9
32431,0,203122.8
32432,0,231605.5
32433,0,250210.9
32434,0,262068.4
32435,0,281431
32436,0,293507.8
32437,0,306773.8
32438,0,322205
32439,0,336442.2
32440,0,339668.6
32441,0,347972.7
32442,0,226377.4
32443,0,225547.5
32444,0,154142.5
32445,0,141633.3
32446,0,113061.8
32447,0,96249.2
32448,2.6,77647.6
32449,41.4,75239.1
32450,148.2,69476.5
32451,257.6,63783.9
32452,112.4,80728.9
32453,126.3,88086.6
32454,0,157007.8
32455,0,205433
32456,0,230220.5
32457,0,244627.7
32458,0,256701.4
32459,0,269498.4
32460,0,283262.1
32461,0,293127.7
32462,0,299554
32463,0,306095.2
32464,0,300536.3
32465,0,307074.4
32466,0,207836.5
32467,0,199363.5
32468,0,132219.6
32469,0,122433.6
32470,0,97378.3
32471,0,85110.6
32472,6.3,71427.4
32473,59.2,70845.6
32474,120.7,64997.7
32475,218.9,59189.8
32476,353.8,56923.4
32477,466,53776.6
32478,556.5,65823.7
32479,191.2,88532.3
32480,82.5,99057.6
32481,0,123058.4
32482,0,134522.1
32483,0,139439.4
32484,0,142947.1
32485,0,146555.1
32486,0,152161.6
32487,0,119320.5
32488,0,122312.9
32489,0,121546
32490,0,107535.6
32491,0,104233.6
32492,0,64845.7
32493,0,61244.2
32494,0,53160.9
32495,0,48434.1
32496,44.5,42969.3
32497,112.2,38761.3
32498,252.9,35023
32499,463.8,31102.7
32500,599.4,30479.4
32501,737.1,27865.9
32502,1752,40771.2
32503,936.6,47557.2
32504,970.5,59203.9
32505,419.1,75727.8
32506,287.6,84852.8
32507,46.1,93115.3
32508,0,99761.6
32509,0,106927.1
32510,23.7,116114.5
32511,100.2,123496.8
32512,1127.4,124105.5
32513,3201.8,105404.2
32514,4995.6,78002.9
32515,3228.6,70260.6
32516,7090.5,46231.5
32517,4911.1,43941.7
32518,5760.5,36082.2
32519,6581.3,32398.3
32520,5890,29816.4
32521,6251.9,27141.3
32522,6754.5,24883.2
32523,7303.4,22554.2
32524,5714.3,30699.6
32525,2119.1,38433.1
32526,2488.6,100678
32527,0,146380.1
32528,0,172668.1
32529,0,197696.5
32530,0,208843.9
32531,0,236697.7
32532,0,251151.3
32533,0,266785.9
32534,0,276459.9
32535,0,280742.1
32536,0,283309.9
32537,0,291221.7
32538,0,194981
32539,0,186203.9
32540,0,126564.1
32541,0,117485.3
32542,0,89970.6
32543,0,75750.8
32544,0,60516.4
32545,0,59825.8
32546,0,55344.4
32547,0,51621.1
32548,0,67208
32549,0,76085.3
32550,0,150783.3
32551,0,201549.1
32552,0,226950.7
32553,0,238872
32554,0,247771.7
32555,0,265171
32556,0,275761.2
32557,0,286198.3
32558,0,294903.4
32559,0,299780
32560,0,300604.5
32561,0,308001.3
32562,0,211504
32563,0,204045.6
32564,0,141786.6
32565,0,131462.3
32566,0,104512.9
32567,0,89127.3
32568,0,71951.9
32569,0,68751.6
32570,40.7,60752.8
32571,221.7,55832.5
32572,34.5,72451.6
32573,125.8,79597
32574,0,150073.8
32575,0,195925.4
32576,0,219162.3
32577,0,231788.1
32578,0,242618
32579,0,252742.4
32580,0,261828.5
32581,0,269793.8
32582,0,276470.1
32583,0,282056.4
32584,0,283591
32585,0,289157.5
32586,0,192279.4
32587,0,182372.2
32588,0,117993.8
32589,0,108128
32590,146,85665.2
32591,376,75842.1
32592,576.3,63851.9
32593,816.7,62255.6
32594,1078.9,56976.8
32595,1365.6,52622.1
32596,843.6,69700.3
32597,959.7,76825.8
32598,14.5,141700.5
32599,0,192357.8
32600,0,208266
32601,0,220449.7
32602,0,231789.9
32603,0,243265.2
32604,0,253921.5
32605,0,262873.1
32606,0,271274.6
32607,0,294334.4
32608,0,289003.8
32609,0,300303
32610,0,183201.9
32611,0,184192.8
32612,0,118860.8
32613,0,108834
32614,18.1,86353.6
32615,124.8,76479.9
32616,298.9,64632.4
32617,430.1,63767.8
32618,527.7,58186.4
32619,640.6,53642.5
32620,314.7,70602.9
32621,313.5,77763.7
32622,0,145893
32623,0,197924
32624,0,213849.1
32625,0,225368.1
32626,0,235249.4
32627,0,244803.2
32628,0,254372.6
32629,0,264342.8
32630,0,269472.4
32631,0,276515.2
32632,0,274282.9
32633,0,283432.4
32634,0,188000.1
32635,0,179914.3
32636,0,114996.6
32637,0,105646.7
32638,193.3,83760.1
32639,442.1,73641.1
32640,661.9,61856.5
32641,853.5,60921.1
32642,1097.6,56199.1
32643,1544.7,51492.6
32644,2072.8,49932.9
32645,2550.9,46785.8
32646,3211.6,56334.4
32647,2054.8,82788.9
32648,1488.2,98854.5
32649,573.4,127480.7
32650,281.6,144022.8
32651,47.2,152552.2
32652,0,159285.2
32653,0,167496.6
32654,0,176636.3
32655,0,142786.4
32656,0,153135.1
32657,0,152454.7
32658,0,132393.2
32659,0,108302.8
32660,7.9,66358.5
32661,37.7,61433.7
32662,186.9,52618.3
32663,401.1,47567.2
32664,988.7,42166.1
32665,1532.7,37957.8
32666,2173.1,33853.8
32667,2707.6,30200.5
32668,3540.4,29471.8
32669,4270.8,26664.2
32670,5847.3,38446.5
32671,5130.7,45906.3
32672,3325.7,58342.9
32673,2250.3,69944.9
32674,1892,74540.9
32675,1501.7,81446.1
32676,1184.4,88595.9
32677,904.9,94463.2
32678,633.9,100443.7
32679,437.2,105344.2
32680,417.1,106166.4
32681,3608.6,83330.1
32682,5605.1,61991.7
32683,3699.8,55979.4
32684,4445.9,40735.7
32685,5302.9,35852.8
32686,6235.9,28932.9
32687,7246,25165.4
32688,6722.5,22546.4
32689,7336.5,19906.9
32690,8118.2,18113.5
32691,8961.2,16663.2
32692,7224.8,23430.1
32693,3656.2,30210.3
32694,3018.7,87278.2
32695,0,138893.8
32696,0,161715
32697,0,180749.1
32698,0,192740.6
32699,0,215014.4
32700,0,229317.1
32701,0,236150.1
32702,0,238793.9
32703,0,243011.4
32704,0,242215.2
32705,0,251666.7
32706,0,158686.4
32707,0,152977.4
32708,0,93872.3
32709,0,85390
32710,159.5,65118.8
32711,291.7,57374.5
32712,461.9,47696.7
32713,601.6,48361.3
32714,819.2,44445.4
32715,1152.4,40725.1
32716,605,55599
32717,589.5,64784.7
32718,0,129247
32719,0,177792.1
32720,0,195938.4
32721,0,210628.6
32722,0,221847.3
32723,0,232210.9
32724,0,241274.9
32725,0,250902.8
32726,0,257498.2
32727,0,264224.4
32728,0,270485.8
32729,0,284590.3
32730,0,177343.3
32731,0,173015.5
32732,0,110111.9
32733,0,100460
32734,92.2,77639.5
32735,296.1,68080.9
32736,402.3,58577.8
32737,496.5,58389
32738,704.3,53666.4
32739,1094.2,49274.2
32740,603.5,65851.3
32741,670.1,73307.1
32742,0,137441.6
32743,0,188230.1
32744,0,206833.9
32745,0,218710.7
32746,0,228809.7
32747,0,240491.2
32748,0,250967.4
32749,0,262760.8
32750,0,273375.4
32751,0,282189.3
32752,0,279102.7
32753,0,284293.9
32754,0,184390.7
32755,0,176602.5
32756,0,112414.9
32757,2.7,102757.9
32758,193,80889.6
32759,412,71415
32760,641,60785.5
32761,801,60381.8
32762,1017.6,55647.7
32763,1413.4,51115
32764,890.4,67978.2
32765,929,75151.8
32766,54.3,138723.4
32767,0,188068.4
32768,0,203378.3
32769,0,215197.1
32770,0,226416.5
32771,0,234888.5
32772,0,243975.5
32773,0,254357
32774,0,265209.6
32775,0,268409.3
32776,0,262250
32777,0,268958.5
32778,0,173145.3
32779,0,165700.4
32780,172.6,102782.8
32781,384.5,95745.1
32782,739.8,77352.9
32783,954.3,69089
32784,1302.8,63627.9
32785,1698.7,58758.2
32786,2039.3,54011.6
32787,2332.5,49420.8
32788,1570.8,66565
32789,1469.9,73730.6
32790,161.2,136320.7
32791,0,184727.9
32792,0,200013.8
32793,0,213201.7
32794,0,224622.6
32795,0,236164.9
32796,0,247248.6
32797,0,256096.4
32798,0,264432.6
32799,0,270980.3
32800,0,268832.5
32801,0,277612.7
32802,0,180711.7
32803,0,173787.8
32804,0,110210.3
32805,0,101517
32806,130.9,79954.5
32807,313.2,70542.7
32808,456.3,64839.4
32809,588.8,60134.7
32810,712.6,55589.5
32811,909,51284.6
32812,1145.2,50307.2
32813,1339.6,47575.6
32814,1484,58730.1
32815,678.2,81839.3
32816,380.5,93170.2
32817,0,117207.1
32818,0,129063.5
32819,0,135168
32820,0,139887.7
32821,0,144738.5
32822,0,148235.2
32823,0,115354.4
32824,0,118870.1
32825,0,118291.6
32826,0,104974.2
32827,0,100349.7
32828,0,60240
32829,4.2,56434.1
32830,117.6,48700
32831,302.3,43945.9
32832,773.6,38343.4
32833,1260.5,33694.5
32834,1690.1,29674.8
32835,2366.7,25937.8
32836,3285.6,25514.2
32837,4433.1,23271.3
32838,6379,35083.9
32839,6116.3,41436.1
32840,15257,39607.6
32841,2177.4,71265.5
32842,1776,79281.8
32843,1318.8,85195.9
32844,861,90852.1
32845,435.3,96750.3
32846,244.3,102807.4
32847,349.8,108043.3
32848,1659.4,103553.7
32849,5558.7,84932.5
32850,4826,63572.8
32851,5720.3,53880
32852,6521,39012.6
32853,7455.2,34031.9
32854,8378.9,27165.9
32855,9296,23971
32856,8751.9,22026.2
32857,9444.8,19581.3
32858,10296.2,17561.1
32859,11179.5,16256.8
32860,7501.2,23210.7
32861,3824.9,30542.1
32862,3121.3,87848.2
32863,0,133684.6
32864,0,156736.7
32865,0,177958
32866,0,191212.5
32867,0,216059.5
32868,0,228826.5
32869,0,228232.3
32870,0,239085.4
32871,0,249512.8
32872,0,253023.6
32873,0,268238.5
32874,0,157980.6
32875,0,160114.5
32876,0,99835.4
32877,0,91433.5
32878,0,68824.4
32879,18.3,59497.8
32880,97.3,49603.8
32881,161.6,50119.7
32882,249.3,46208.1
32883,382.4,42605.6
32884,142.1,57422.8
32885,185.7,66391.6
32886,0,130086.2
32887,0,178456.8
32888,0,194971.3
32889,0,210360.1
32890,0,224911.2
32891,0,239274.1
32892,0,258963
32893,0,271743.7
32894,0,282346.9
32895,0,281603
32896,0,293446.1
32897,0,302961.7
32898,0,192898.1
32899,0,184846.2
32900,0,122424.7
32901,0,110724.2
32902,40.4,84483.6
32903,229.8,72234.9
32904,466.7,60565.2
32905,670.7,60025.6
32906,826.3,55570
32907,1257.4,51038.5
32908,1010.4,67251.5
32909,1314.6,74584.6
32910,232.8,139804.7
32911,0,183711.9
32912,0,205431.1
32913,0,222555.8
32914,0,233568.3
32915,0,245260.9
32916,0,258715.9
32917,0,268172.7
32918,0,282337.1
32919,0,290694.8
32920,0,282948.3
32921,0,291917.5
32922,0,182589.6
32923,0,176754.6
32924,23.9,113578.1
32925,191.9,103043.2
32926,517.6,81804.8
32927,888.2,72728.8
32928,1524.8,66024.7
32929,2243,61041.1
32930,2811.5,56172.8
32931,3334.2,51453.3
32932,2757.2,68235.5
32933,3150,74875.7
32934,1316.8,137897.5
32935,356.2,177827.9
32936,88.1,195189.9
32937,10.4,202380
32938,0,210386.3
32939,0,219848.3
32940,0,226514.5
32941,0,232850.8
32942,0,239475.8
32943,0,244876.6
32944,0,250152.6
32945,0,253567.3
32946,353.6,150172.6
32947,729.7,146979.9
32948,2256.5,92692.2
32949,3252.9,87968.6
32950,5273.8,72094.5
32951,6721.1,64968
32952,8202,59316.5
32953,9487.1,54173
32954,10677.6,49144.5
32955,11890.6,44220.4
32956,9620.7,60912.5
32957,10122.6,67564.7
32958,5101.1,125952.8
32959,3074.4,164803
32960,1623.5,178164.5
32961,801.8,193131.1
32962,336,208147.2
32963,5.5,221544.6
32964,0,230505.3
32965,0,234709.2
32966,0,241645.2
32967,0,250843.3
32968,0,250208.5
32969,0,263939.6
32970,18,159756.9
32971,199.5,149097.6
32972,1464.8,91053.1
32973,2010.4,86921.5
32974,3791.4,72358.3
32975,4921.4,65209.7
32976,6448,59493.1
32977,8194.4,54271
32978,9608.9,49225.3
32979,10993.1,44323.4
32980,12317.4,42460.3
32981,14622.4,39023.4
32982,14708.8,44795.8
32983,9247.2,70969.2
32984,6754,85459.9
32985,3992.6,114524.9
32986,3084.1,129634.1
32987,2300.9,136218.9
32988,1551.6,142920.4
32989,859.2,149856.6
32990,324.2,156907.1
32991,70,127141.5
32992,0,124217.2
32993,7.5,122593.5
32994,34,92449.4
32995,130.8,95838.5
32996,672.2,57198.9
32997,1230,53573.5
32998,2317.1,46042.8
32999,2981.8,41514.8
33000,4315.8,36126.2
33001,5719.4,31713.9
33002,6859.5,27930.2
33003,8165.9,24239.4
33004,9341.6,23492.5
33005,10499,21332.5
33006,12115.5,32841.8
33007,11638.3,39046
33008,6380.3,50842.8
33009,4679.3,59918.9
33010,4895.1,58917.3
33011,4658.4,59128.6
33012,5140.5,57974.7
33013,5395,57638.1
33014,5081.2,59243.4
33015,5473.8,59191.2
33016,5748.3,59258.4
33017,13835.2,45080.2
33018,13556.9,36481.3
33019,14731.4,34381.3
33020,19071.7,21650.9
33021,16857.6,22133.5
33022,17869.9,18025.4
33023,18779.1,16259.6
33024,20082.6,14817.1
33025,21406.8,13521.8
33026,22756.1,12384.4
33027,24335.4,11329.7
33028,25794.6,13009.8
33029,27289,12770.2
33030,33419.7,26774.8
33031,29478.3,33442.7
33032,21429,38743.9
33033,14893.8,49139.3
33034,14316.8,54642.2
33035,13762.8,57651.5
33036,13316.6,57307.7
33037,13003.7,62293.8
33038,12758.8,59974.7
33039,12601.6,57956
33040,12572.1,60226.6
33041,23818.1,51082
33042,20862.2,40258.8
33043,22040.3,37583.6
33044,28708.1,22596.7
33045,24355.5,22654.8
33046,25446.5,17810.2
33047,26352.3,16025.2
33048,25212.2,14879.9
33049,25395.5,13768.7
33050,25956.6,12567.6
33051,26395,11629.2
33052,20170.9,14582.8
33053,13474.5,19657
33054,13972.8,71778.1
33055,2172.7,118086.8
33056,116.2,136547.9
33057,0,150326.8
33058,0,156022
33059,0,173636.4
33060,0,183757.4
33061,0,193269.1
33062,0,201558.2
33063,0,207599.6
33064,0,207651.4
33065,0,220273
33066,0,129847.8
33067,0,125669.9
33068,107.3,73418.5
33069,312,67603
33070,614,52097.5
33071,823,45226.1
33072,1131.5,40280.1
33073,1505.4,36073.1
33074,1974.3,32318.1
33075,2541.3,28667.6
33076,1962.2,42588.5
33077,2139.3,51782
33078,645.4,110495.5
33079,75.3,156505.4
33080,0,175818.8
33081,0,193992.6
33082,0,207221.9
33083,0,229885
33084,0,243835.1
33085,0,257095.7
33086,0,272287.1
33087,0,285599.1
33088,0,288964.1
33089,0,292540.3
33090,0,176363.8
33091,0,175119.5
33092,0,112378.8
33093,0,101510.2
33094,44.7,77171.5
33095,174.7,68001.3
33096,292.9,58221.9
33097,383.7,57764.6
33098,590.1,53192.2
33099,976.6,49200.6
33100,618,65585.7
33101,816.9,72779.9
33102,82.2,134267.7
33103,0,180928.4
33104,0,197349.3
33105,0,210178.2
33106,0,223372
33107,0,238737.3
33108,0,259083.5
33109,0,273853.7
33110,0,284207.6
33111,0,279379.4
33112,0,278221.8
33113,0,284316.3
33114,0,183336.9
33115,0,175234.8
33116,0,114266.2
33117,16.1,104245.6
33118,233,81197.7
33119,435.8,71384
33120,675.1,65869.8
33121,846.8,61186
33122,1133.5,56572.7
33123,1535.4,52248.8
33124,966.4,69326.9
33125,982.2,76557.1
33126,40,143012.6
33127,0,186263.9
33128,0,200987.7
33129,0,210939.3
33130,0,217196.8
33131,0,225332.5
33132,0,233018.9
33133,0,239126.9
33134,0,247510.5
33135,0,250265.2
33136,0,256158.7
33137,0,264771.3
33138,0,165715.3
33139,0,157265.1
33140,514.3,98172.9
33141,829,91574.3
33142,1598.4,74301.7
33143,2496.3,67087.7
33144,3397.6,61493.9
33145,4280.4,56392.7
33146,5274.7,51521.3
33147,6319,46842.3
33148,6927.1,45275.2
33149,7766.3,42272.1
33150,7212.7,52014
33151,4423.9,74274
33152,3854.7,85124.3
33153,2467.4,109783.3
33154,1624.8,123164.8
33155,1157.5,127522.3
33156,788.7,131266
33157,498.2,135897.2
33158,231.3,138987.7
33159,169.6,108882.2
33160,64.1,109155
33161,104.6,105385.3
33162,429.6,93085.7
33163,863,90220
33164,2335.5,52460.1
33165,3449,48739.9
33166,5075.6,41284.3
33167,6351.2,36587
33168,8262,31170.8
33169,10534.5,27373.9
33170,12466.9,24111.6
33171,14369.8,21004.9
33172,15953.7,20548.9
33173,17844.5,18219.5
33174,21567.6,26908
33175,19189.5,33988.2
33176,14371.2,42582.1
33177,12790.8,49854.2
33178,11858.4,51873.1
33179,10009.1,54337
33180,9636.8,54798.9
33181,6689.2,58597.7
33182,6183.1,58688.6
33183,5566.9,59422.2
33184,5223.9,61589.1
33185,14348.1,44709.1
33186,15145.9,35080.7
33187,17440.7,32808
33188,23455.9,20314.2
33189,22788.5,20713.2
33190,25638.4,16516.5
33191,27759.1,14685.9
33192,27126.9,13487.6
33193,28640.1,12306.8
33194,30424.9,11178.9
33195,32293.3,10126.9
33196,22971,14419.7
33197,18493.4,18448.7
33198,10588.7,68889.9
33199,2841.8,107973.1
33200,1722.8,123524.1
33201,1167.3,132739.3
33202,717.9,141084.5
33203,266,149757.2
33204,12.8,159653.5
33205,0,174600
33206,0,188279.8
33207,0,205680.7
33208,0,211238.2
33209,0,219670.7
33210,9.7,112645
33211,120.5,111676.2
33212,1387,68294.6
33213,2551.5,65159.8
33214,4499.8,50976.6
33215,6229.9,43917.9
33216,8146.8,38488.9
33217,10282,33834.1
33218,12360.7,30242
33219,14818.9,27229.8
33220,11082.9,41396.9
33221,11698.2,50049.8
33222,5833.8,107227.1
33223,3900.1,146833.1
33224,2467.7,161088.2
33225,1717.5,174571.5
33226,1128.8,187368.1
33227,539.5,201007.1
33228,52.7,215298.2
33229,0,229931.8
33230,0,245333.6
33231,0,258046.1
33232,0,261645.9
33233,0,264763.7
33234,0,148071.4
33235,0.1,149615.6
33236,248.8,88992.9
33237,441.4,84386.8
33238,1173.6,69894.5
33239,1921.4,63379.4
33240,2510.8,58293.8
33241,3042.8,53421.1
33242,3591.2,48889.2
33243,4172.3,44847.2
33244,3301,61870.2
33245,3309.3,69391.7
33246,1354.4,132258.6
33247,209.8,168817.9
33248,20.3,182050.5
33249,0,191967
33250,0,199463.9
33251,0,207822.7
33252,0,215700.6
33253,0,223425.4
33254,0,230801.4
33255,0,243145.8
33256,0,253131.2
33257,0,262603
33258,0.5,151765.8
33259,75.3,146813.5
33260,1126.7,90533.3
33261,1772.5,85818.7
33262,3372.1,71073.5
33263,4553.6,63938.2
33264,5959.1,58422.8
33265,7433.8,53295.7
33266,8499.6,48477.7
33267,9376.1,44241.8
33268,6887,61088.2
33269,7002.3,68088.5
33270,2960.1,131389.3
33271,1406.9,165686.7
33272,577.2,178720.9
33273,89.8,188474.3
33274,0,199417.1
33275,0,213787
33276,0,229658.6
33277,0,239260
33278,0,242177.7
33279,0,248139.5
33280,0,247064.4
33281,0,258531.3
33282,0,159276.8
33283,13.1,150333.6
33284,600.4,92131.3
33285,1159.9,87114.8
33286,2565.6,72067.1
33287,3639,64957.3
33288,4570.7,59450.9
33289,5970.2,54379
33290,7141.6,49509.4
33291,8239.1,44837.4
33292,5890.3,61994.9
33293,5801.8,69038.7
33294,2488.5,127957.6
33295,970,167530.5
33296,258.6,180451.5
33297,7.6,191525.2
33298,0,205633.2
33299,0,223081.1
33300,0,236414.3
33301,0,243509.5
33302,0,255332.1
33303,0,262010.8
33304,0,264059.8
33305,0,271455.6
33306,0,166883.8
33307,0,158225.7
33308,208.4,97077.6
33309,484.4,90592.9
33310,1251.5,74231.5
33311,2136.5,67099.2
33312,3051.3,61439.7
33313,3905.6,56389.7
33314,5250.4,51276.8
33315,6791.1,46286.4
33316,7841.2,44456.9
33317,9231,41293.8
33318,9577.5,46928.5
33319,6356.4,72366.5
33320,4937.7,86676
33321,3152.8,116433.8
33322,2508.9,131346.9
33323,1902.3,136303.8
33324,1254.6,137121.7
33325,777.3,142269.2
33326,451.4,137535.6
33327,624.9,105330.6
33328,679.8,106994.3
33329,702.8,106180.7
33330,1033.1,94165.6
33331,1440,91314.4
33332,3145.4,53487
33333,4270.6,49818.8
33334,5759.9,42462.5
33335,7071.8,37752.5
33336,9464,32190.3
33337,11697.7,27834.6
33338,13838.6,24484.1
33339,15619.1,21436.3
33340,16618.9,21281.4
33341,17763.4,19266.9
33342,21323.3,27983.5
33343,18530.4,35730.3
33344,13220,45753.6
33345,11494.2,54094.4
33346,9471.1,57813.2
33347,7294.1,60441.3
33348,5582.9,61781.3
33349,5445,62727.4
33350,3687.4,73344.2
33351,3550.6,74500.5
33352,3589.2,72619.7
33353,9702.2,50468.7
33354,9292.2,38243.5
33355,10822.2,35412.8
33356,15922.7,22246.5
33357,14601.4,22683
33358,16559.9,18474.4
33359,18220.1,16661.7
33360,17245.8,15538.9
33361,18988.9,14103.1
33362,20282.1,12936.4
33363,20665.7,12066.3
33364,12766.6,16719.5
33365,8578.1,21774.3
33366,6108.6,75351.6
33367,165.4,117192.3
33368,0,134700.5
33369,0,151418.8
33370,0,165447.4
33371,0,189812.1
33372,0,205674.5
33373,0,220804.8
33374,0,235606.7
33375,0,248825
33376,0,253582.1
33377,0,256864.4
33378,0,155697.5
33379,0,148413.2
33380,0,89697.1
33381,0,81986.5
33382,160.9,62274.9
33383,312.2,54905.3
33384,391.2,50013.8
33385,642,46014.4
33386,1079.8,42284.5
33387,1471.3,38586.4
33388,1237.9,52522
33389,1281.3,61776
33390,44,123763.6
33391,0,168693.5
33392,0,185059.6
33393,0,194321.2
33394,0,204206.1
33395,0,211544.9
33396,0,218279.5
33397,0,224161
33398,0,229394.8
33399,0,233613.4
33400,0,236933.2
33401,0,239478.7
33402,400.9,140508.5
33403,693.3,138532.5
33404,2175.2,86063.2
33405,2820.3,82377.8
33406,4640.7,67763.5
33407,5863,60689.5
33408,7509.3,54970.4
33409,8909.8,49833.6
33410,10057.5,45171.3
33411,11128.9,40856.7
33412,8572.2,57700.3
33413,8639,65103.9
33414,4028.9,123233
33415,2388.8,161632.8
33416,1636.6,172705.8
33417,932.3,181000.1
33418,519,188142.9
33419,322.8,194933.6
33420,183.1,201337
33421,42.6,208246.8
33422,6.4,214040.1
33423,88.7,217684.1
33424,91.3,222638.7
33425,331.4,225954.9
33426,2399,133641
33427,2966.3,128363.9
33428,5828.7,84457.6
33429,6856.3,80873.4
33430,10168.6,65999.1
33431,11637.4,58834.4
33432,12769.6,53177.8
33433,13930.9,48162.3
33434,15167.1,43388.9
33435,16270.7,38966.2
33436,12518.7,56094
33437,12639.4,62726.6
33438,6136.5,121076.1
33439,4055.9,159343.1
33440,3211.8,169131.5
33441,2311.8,176697.8
33442,1676.6,183086.7
33443,1048.6,189107.6
33444,579.5,194984.2
33445,173.7,201641.8
33446,118.3,207054.1
33447,52,212876.7
33448,273.8,216887.7
33449,651.7,220581.5
33450,2938.9,130914.9
33451,3453,126825.6
33452,6483.9,82790.1
33453,7795,79237.1
33454,11014.9,64481.3
33455,12503,57318
33456,13743.4,51749
33457,15180.1,46936.9
33458,16620.5,42203
33459,17874,37685.8
33460,13568.4,55109.1
33461,13187,61698.3
33462,6172.9,120099.3
33463,4154.6,158527.6
33464,2634.4,169108.4
33465,1708.5,176220.5
33466,882,183173.4
33467,302.8,191415.2
33468,8.1,204082.1
33469,0,217827.2
33470,0,236043.5
33471,0,250112.7
33472,0,251350.3
33473,0,248355
33474,197.1,141033.8
33475,567.7,137442.3
33476,1887.2,86996.4
33477,3060.5,83600.3
33478,5067.7,68860.2
33479,6497.4,61774.4
33480,8104.2,56203.4
33481,9626.4,51081.3
33482,10835,46408.3
33483,12105.6,42084
33484,12955.4,40612.3
33485,14310.8,37645.8
33486,13750,43768.5
33487,8643.8,68899.4
33488,6488.3,82689.1
33489,3778.8,111084.5
33490,2953.9,126222.3
33491,2347.7,132297.6
33492,1792.8,139974.1
33493,1177.1,145667.3
33494,760,146713.9
33495,635.5,112817.3
33496,508.8,109851.8
33497,504.1,106808.5
33498,600.7,95309.9
33499,745.5,92653.3
33500,1795,54664.4
33501,2473.5,50866.5
33502,3210.3,43339.7
33503,3982.9,38508.1
33504,5560.8,32847
33505,6989.9,28289.9
33506,8630.9,24238.8
33507,10546.3,21020.2
33508,12054,20637.3
33509,13802.2,18424.6
33510,17892.1,27259.4
33511,15440.9,34706.3
33512,11031.1,43222.8
33513,9155.4,51336.5
33514,6536.6,58064.7
33515,5611.7,64995.9
33516,4976.6,69818.8
33517,4368.8,73634.3
33518,3822.4,77680.3
33519,3642.7,79422.9
33520,3715.2,76841
33521,10096.8,52153
33522,9775.1,37916.9
33523,11548.7,34653.5
33524,18201.9,21617.4
33525,18173.6,22061.5
33526,21213.4,17809.2
33527,23915.2,15895.6
33528,23822.8,14593.7
33529,25041.2,13467.9
33530,26751.5,12370.5
33531,28211,11355.1
33532,18761.3,15516
33533,13960.9,19948.2
33534,8713.1,72524.8
33535,1999.6,112236.9
33536,1291.8,125552
33537,668.5,136290.8
33538,286.7,146056.2
33539,47.7,153971.2
33540,0,161949.9
33541,0,169581.9
33542,0,176420.9
33543,0,183154.5
33544,0,188764.1
33545,0,194390.3
33546,728.9,110544.1
33547,995.8,108642.9
33548,2818.2,68241.3
33549,3437.6,65644.1
33550,5237.6,51739.2
33551,6313.5,44802.3
33552,7212.3,39664.8
33553,7983.7,35525.7
33554,8493.3,31914.1
33555,8937.8,28681.9
33556,5809.1,43953.8
33557,5392.9,53076.3
33558,2020.5,110776.9
33559,495.3,151614.9
33560,130.9,163665.2
33561,1.5,173310.6
33562,0,182840.1
33563,0,191893.6
33564,0,199526.7
33565,0,207194.1
33566,0,214433.3
33567,0,219847.8
33568,0,219080
33569,0,229027.9
33570,21.9,132329.3
33571,127.8,131795.8
33572,847.4,82863.2
33573,987.3,79969.6
33574,1943,65748.3
33575,2973.6,59096.1
33576,3908.1,53655
33577,5162.6,48136.6
33578,6589,43143.9
33579,8158.6,38732.8
33580,6408.2,55245.1
33581,6987,62536.2
33582,3307.9,119697.6
33583,1948.5,157965.2
33584,1294.4,169158.9
33585,630.9,177627.2
33586,230.9,185145.5
33587,22.2,192574.8
33588,0,199941
33589,0,207526
33590,0,213895.9
33591,0,219142.4
33592,0,223376.4
33593,5.8,226758.4
33594,1531.7,133273.5
33595,2065.1,127602.7
33596,4902.7,83674.1
33597,6131.8,80051.1
33598,9638.7,65147.4
33599,11771.5,57880.6
33600,13440.6,52386.7
33601,15288,47460.7
33602,17694.6,42427
33603,20151.5,37545.5
33604,16184.8,54605.1
33605,16515.6,61147.8
33606,8990.9,117805.5
33607,7061.9,155356.1
33608,4764,167786.6
33609,3426.5,175312.6
33610,2418,184831
33611,1809.3,189690.1
33612,1313,194674
33613,854.4,198043.4
33614,520.1,202517.9
33615,279.6,208647.3
33616,145.7,216482
33617,696.8,218393.4
33618,3746,128494.9
33619,5334.6,124583.1
33620,10125.5,81633.8
33621,13069.4,77570.6
33622,17762.1,62464.7
33623,21338.5,55063.4
33624,24920.5,49277.4
33625,28806.4,43877.6
33626,32455.9,39056
33627,35590.1,35383.3
33628,31462,51737.9
33629,32013.5,57992.4
33630,17893.5,114513.9
33631,12875.1,151953.9
33632,9810.6,164591.1
33633,7057.5,175903.8
33634,5386.7,184095.6
33635,4298.1,185658.7
33636,3197.6,193662.2
33637,2199,204513.6
33638,1226,212468.2
33639,671.7,217780.1
33640,389.2,214165.1
33641,617.4,219509.1
33642,3006.8,129303.5
33643,4105.4,125593.9
33644,7709.6,82958.1
33645,9621.7,79442
33646,13748.9,64662.4
33647,16083.7,57726.9
33648,18062.2,52383.6
33649,19676.5,47619.9
33650,21037.3,43052.2
33651,22153.5,38662
33652,22425.9,36953.4
33653,23159.3,34081.7
33654,21345.9,41089.3
33655,15229.8,64971
33656,13913.3,75118.2
33657,8166.2,98786.6
33658,6640.3,109928
33659,5247.3,113991.1
33660,4369.2,117324.6
33661,3859.3,119474.5
33662,3318.1,121702.1
33663,3854,92578.6
33664,4159.8,94072.8
33665,4779.6,92605.3
33666,6412.7,82722.5
33667,7166.3,80511.9
33668,12630.3,43483.7
33669,14426.1,40926.8
33670,15898.5,34701.6
33671,16981.3,31124.9
33672,19847.8,26930.7
33673,21215.5,23585.3
33674,22378.8,20550.2
33675,23272.2,17708.2
33676,23374.6,17418.7
33677,24019.1,15397.6
33678,27270.3,24818.2
33679,24134.6,31898.6
33680,17862.1,39860.4
33681,14982.6,47231.4
33682,13833.7,48809.3
33683,12702.8,50018
33684,12018.8,50730.5
33685,11530.8,51224
33686,11167.8,51668.9
33687,11362.3,51759.1
33688,12244,51373.2
33689,24779.6,39506.8
33690,25829.2,32073.4
33691,28055,30127
33692,34847,17970
33693,33779.8,18524.1
33694,36638.2,14437.5
33695,38820.8,12667.5
33696,38121.2,11508.7
33697,39590,10397.2
33698,41177.8,9362.9
33699,43024.2,8364.1
33700,44950.3,7477.6
33701,33085.1,12150.1
33702,27475.8,15800
33703,15806.8,64259.9
33704,5317.8,101591.3
33705,3534.9,113539
33706,2109.9,124247.4
33707,1253,134191.8
33708,659.1,142770.4
33709,256.6,150551.9
33710,7.8,158711.7
33711,0,165952.6
33712,0,172415.6
33713,40.5,177858.6
33714,226,182402.7
33715,2092.7,103039
33716,2618,102763.6
33717,5438.4,62098.7
33718,6538.3,59513.4
33719,9591,45526.1
33720,10806.4,38628.2
33721,11730.8,34257.4
33722,12825.8,31044.4
33723,13697,28155.5
33724,14298.6,25478.9
33725,10064,39047.2
33726,9605,47077.7
33727,3909.9,103931.1
33728,1804.1,142714.4
33729,692.2,154920
33730,124.6,164047.1
33731,0,172616.3
33732,0,181347.2
33733,0,188915.6
33734,0,196054.5
33735,0,203894
33736,0,207942.9
33737,0,207490.9
33738,0,216812.2
33739,503.2,127764.4
33740,745.8,122875.4
33741,2430.6,78635.6
33742,3230.3,75651.9
33743,5009.4,61962.9
33744,6199.6,55558
33745,7128,50325.3
33746,7983.2,45425.7
33747,8618,41095.3
33748,9028,37263.3
33749,5958.5,54637.3
33750,5734.7,61987.3
33751,2158.2,118784.8
33752,476.3,160737
33753,79.7,178268.7
33754,0,190318.7
33755,0,194778.6
33756,0,206151.6
33757,0,210000.9
33758,0,213511.6
33759,0,219440.6
33760,0,223651
33761,0,227604.1
33762,0,231417.1
33763,1026.7,132486.8
33764,1550.5,130700.7
33765,3819.7,84495.9
33766,4930.5,80883.1
33767,6891.1,66171.5
33768,8519.7,59425.9
33769,9821,54192.9
33770,11111.3,49313.5
33771,12393.4,44550.1
33772,13794.4,40038.9
33773,10931.1,57032.9
33774,11009,63840.8
33775,5497.4,120890
33776,3364,158269.4
33777,2192.5,168653.2
33778,1258.9,176980.3
33779,581.5,184854.8
33780,141,193859.1
33781,18.9,202240.7
33782,0,211100
33783,0,217120.9
33784,2.5,219236.3
33785,131,222127.1
33786,439.7,225041
33787,2523.3,132363.5
33788,3167.9,126813.5
33789,6268.4,84141.8
33790,7404.3,80538.9
33791,11074.2,65611.3
33792,12793.8,58398.3
33793,14151.7,52947.9
33794,15854.1,48089.2
33795,17436.3,43346.9
33796,18607.1,38901.4
33797,14355.3,55996
33798,14548.9,62502.4
33799,7325.1,119579.4
33800,4851.8,157247.7
33801,3479.7,167144
33802,2265.6,174637.1
33803,1412.7,180967.4
33804,785.3,187471.3
33805,338.4,193540.1
33806,108.7,199642.3
33807,153.1,204808.3
33808,341,209417.6
33809,844.8,213114.8
33810,1501.7,216341.7
33811,3878.5,128825.3
33812,4506.4,125395.8
33813,7577.3,83086.8
33814,8860.8,79710.4
33815,11972,65055.2
33816,13275.3,57984
33817,14833.2,51062.4
33818,16106.5,45694.4
33819,17114.4,40671.9
33820,17776.9,36255
33821,17828.5,35089.7
33822,18648.9,32711.1
33823,17794.2,39124.2
33824,15306.9,49479.6
33825,9433.4,63233.7
33826,7182.4,75604.8
33827,6606.5,79722.5
33828,6215.4,82127.3
33829,5435,84811.2
33830,4406.3,87389.3
33831,3744.1,87438.9
33832,3722.6,82484
33833,4381.5,74781.9
33834,11704.6,49361.1
33835,15353.1,40125
33836,18319.2,35836
33837,23771.5,20883.3
33838,25437.4,20513.8
33839,28798.3,15983.4
33840,32220.9,13798
33841,35780.1,12182.1
33842,38894.1,10916
33843,41678.1,9775.3
33844,44096,8793.3
33845,46476.4,10212.4
33846,48501.6,9943.1
33847,54963,21009
33848,46540.6,29017.6
33849,40070.1,31917.6
33850,35008.3,37299.1
33851,32878.9,38921.6
33852,31307.2,40215.3
33853,29828.4,41327.8
33854,28492.4,42350.2
33855,28482.8,42978.8
33856,28870.7,43533.9
33857,29748.3,44023
33858,44032.3,36354.2
33859,43770.3,29530
33860,45972.9,27844.2
33861,53960.4,15598.6
33862,50505.2,16458.7
33863,52758.7,12422.1
33864,54634.8,10702.5
33865,53418.2,9572.6
33866,54103.4,8536.1
33867,55152.2,7572.3
33868,56387.2,6652.1
33869,42529.1,10757.1
33870,35496.4,14337.4
33871,22866.1,59358.6
33872,8016.5,96439.5
33873,4145.1,108720.3
33874,2920.8,118816.6
33875,1986.7,129646.3
33876,1189.8,138789.7
33877,545.1,158703.1
33878,94.7,175418.5
33879,0,186791.3
33880,0,192687.9
33881,0,178412.3
33882,45.2,189360.6
33883,1208.4,100056.7
33884,1807.7,102178.9
33885,4613.6,61523.6
33886,5812.9,58265.4
33887,8690.7,44016.2
33888,10752.6,36763.5
33889,12316.9,31782.9
33890,14431.2,28059.3
33891,16285.5,25158
33892,18381.2,22393.9
33893,14499.9,35392.6
33894,14318.6,44000
33895,6703.6,101197.1
33896,4552.1,139918.3
33897,3733.4,150230.7
33898,2770.3,158099.2
33899,1719.4,165420.9
33900,1120.3,171502.6
33901,557.5,178248.7
33902,151.5,184931.7
33903,6.9,190859.6
33904,48.7,195430.8
33905,233.6,199422.6
33906,496.5,203166.2
33907,2348.7,119610.5
33908,3037.8,116975.9
33909,6166,75805.9
33910,7819.2,72702.4
33911,11355.8,58790.6
33912,12875.4,52071.3
33913,14338,46707.3
33914,15999.6,41721.5
33915,17392.9,37168.9
33916,18779.1,33260
33917,14223.2,50226.9
33918,14010.5,57401.3
33919,6881.7,114061
33920,4159.3,152367.4
33921,2218.8,167698.8
33922,1699.7,175036.5
33923,1048,181040.2
33924,455,188099.5
33925,135.6,192175.1
33926,52.7,197813.8
33927,73.5,202736.9
33928,241.1,206943.8
33929,769.6,209716.4
33930,1360.5,212729.1
33931,3889.6,125838.2
33932,4975.3,122015.7
33933,8670.7,79472.3
33934,11300.8,75650.6
33935,16122.9,61057.4
33936,18903.7,53866.4
33937,22579.6,47816
33938,26381.8,42115.7
33939,29642.8,37586.8
33940,32660.1,34292.7
33941,28649.9,49858.5
33942,29788.8,55678
33943,18542.8,111681.3
33944,13762.6,149224.6
33945,10690.8,160123.4
33946,9814.8,166294.8
33947,8313.6,172536.3
33948,7298,177594.3
33949,6341.7,182090.3
33950,5085.3,187160.2
33951,4643,190958.7
33952,5467,193174.8
33953,7311.9,194900.9
33954,8829.6,197121.2
33955,13584,120590.1
33956,15703,117252.5
33957,24808.2,74402.7
33958,28380.7,70424.9
33959,34672.8,56115.3
33960,37805.1,49087.2
33961,40091.2,44091.7
33962,42439.6,40382.1
33963,44914.8,36968.3
33964,47867.4,33628.5
33965,40855.9,48713.3
33966,39372.8,54657.8
33967,21768.4,109788.2
33968,15165.4,146603.9
33969,13067.4,156412.8
33970,11596.1,163150.8
33971,9633.5,169342.5
33972,7183,175764.9
33973,6083.1,179979
33974,6909.6,182475.9
33975,7139.8,185623.4
33976,7379.1,188831.1
33977,8246,191534.5
33978,8995.4,194193.3
33979,14084.7,117888.6
33980,16656.4,114491.8
33981,26132.5,71743.6
33982,29996,67458.5
33983,36213,53702.6
33984,40211.5,47201.8
33985,44125.7,42942.8
33986,47419.9,39292.6
33987,50906.6,35739.8
33988,54457,32360
33989,56284.7,30463
33990,58517.9,28239.6
33991,53170.4,32758.4
33992,43242.6,53878.7
33993,35437.4,66019
33994,23767.6,91490.4
33995,18849.7,105614.9
33996,15349.7,110051.8
33997,12395.2,113636.1
33998,10339.4,114753
33999,8130.3,119407.9
34000,11286.3,89503.7
34001,15351.9,86772.9
34002,18622.2,83906.3
34003,22316,68840.9
34004,24491.6,71601.2
34005,35031.5,36167.7
34006,37402.3,33404.2
34007,39347.7,27450.4
34008,41097.1,24249.5
34009,44334.6,20447.2
34010,45929.7,17523.5
34011,48012.9,15501
34012,49807.9,13769
34013,50354.8,13298.6
34014,51201.1,12033.1
34015,51020.8,20691.9
34016,46095.4,27226.8
34017,37674.9,33331.1
34018,31666.8,39944.1
34019,28187.2,41660.8
34020,27313,42461
34021,25667.3,43349
34022,20957.2,45616.4
34023,20688,45838.5
34024,20214.9,46208.7
34025,21483,46024.9
34026,33787.1,36275.5
34027,33467.2,29354.5
34028,34336.8,27679.1
34029,39970.1,15814.8
34030,37104.1,16626.4
34031,38612.4,12838.8
34032,39747.4,11270.4
34033,38062.6,10243.9
34034,38561.3,9263.2
34035,39709.2,8332.4
34036,40969.7,7549.6
34037,28947.4,12300.3
34038,23456.8,15797.6
34039,14599,64527.7
34040,3452,102311.3
34041,1712.8,116871.6
34042,1087.8,128196.4
34043,667.2,135707
34044,272,147234.3
34045,82.7,155140.2
34046,0,170530.8
34047,0,181044
34048,36.7,187941
34049,378.8,179253.6
34050,929.3,185991.2
34051,2967.5,103069.8
34052,4255.5,102464.9
34053,8095.9,61253.4
34054,10164.8,58056.4
34055,14283.8,43632.1
34056,16871.9,36438.6
34057,19606,31757.2
34058,22652.2,28156.7
34059,25491.9,24951.2
34060,27512.1,22389.2
34061,22111,35689.8
34062,21752.2,43560.2
34063,11021.7,99643.3
34064,8566.1,137732.3
34065,6883.3,148676.8
34066,4937.7,156861.5
34067,4053.3,163327.1
34068,3729.8,168313.8
34069,2938,173395.6
34070,2348.1,178161.1
34071,2171.3,182449.1
34072,2575.2,186237.8
34073,3199.2,189851
34074,3806.1,193059.3
34075,6760.7,116294.3
34076,7547.9,113826.7
34077,13046.3,72709.3
34078,15526.8,69403.7
34079,21196.1,55312
34080,24254.6,48214.8
34081,26532.1,42526.3
34082,28446.1,37815.9
34083,30642,34385.5
34084,33080,31314.9
34085,27735.9,46275.6
34086,28032,52508.8
34087,16422.2,107899.7
34088,11843.5,146203.5
34089,8173.5,160337.8
34090,6251.7,166543.5
34091,5444.8,181799.1
34092,4774.8,191851.6
34093,3719.4,201713.8
34094,2533,210390.2
34095,1524.3,218979.2
34096,1232.9,222147.6
34097,2220.9,199737.7
34098,3151.3,208514.9
34099,6611.4,123032.4
34100,8285.5,119728.4
34101,13179.5,77724.1
34102,16456.1,74299.8
34103,22445.8,60228.3
34104,25385.6,53388.6
34105,28832.4,46084.5
34106,31639.3,40122.3
34107,34028.4,35181.7
34108,35975.9,31399.4
34109,37186.2,29967.3
34110,38919.6,27688.4
34111,36367.6,34160.2
34112,35967.8,41933.5
34113,29205.5,51290
34114,25546.3,63236.2
34115,22878.6,67458.4
34116,20366.6,70310.5
34117,18320.7,71981.3
34118,15230.5,74358.1
34119,13290.9,75697.1
34120,13394.4,72484.3
34121,20369.7,52579.5
34122,31215.1,41059.9
34123,38394.8,30107.9
34124,42034.5,30214.1
34125,49492.9,16762.3
34126,50384.7,17059.7
34127,54903.4,12791
34128,58793.7,10803.7
34129,60725.9,9578.3
34130,65554.4,8780
34131,70734.2,8221.3
34132,75008.4,7744.3
34133,64001.5,13670.7
34134,59324,18046.5
34135,35683.8,68165.6
34136,19991.2,104852
34137,15181.5,117938.3
34138,12666.7,127762.8
34139,10369.9,136563.7
34140,8699.2,143819.1
34141,6866.8,151134.1
34142,4753,154529.4
34143,3893.7,171119.9
34144,3923.3,170266.3
34145,4531.5,171674.2
34146,5272.4,174668.9
34147,8955.8,103580.5
34148,10029.5,102852.7
34149,16713.4,62101
34150,19093,59152.6
34151,23993.8,45355.4
34152,25798.5,38451.3
34153,27237.5,33447.3
34154,28231,29764.5
34155,29424.2,26894.1
34156,30636.2,24420.9
34157,30752.1,23359.5
34158,31505.5,21439.7
34159,30874.1,29257.4
34160,21768.4,48505.1
34161,17502.4,59826.7
34162,9046.9,85160.9
34163,6863,100675.1
34164,5923.2,108974.7
34165,4938.1,116809.1
34166,3705.2,123125.1
34167,3021.8,126924.1
34168,3218.6,95481.6
34169,3896.7,85735.7
34170,4915.3,86971.7
34171,6136.7,77173.3
34172,6955.2,74818.6
34173,13659.7,37049
34174,16820.9,34355
34175,20290.1,27871
34176,23099.2,24033
34177,27483.4,19564.3
34178,30622.9,16622.8
34179,32899.1,14398.1
34180,34968.7,12283.8
34181,38222,12357.5
34182,41320.4,11335.1
34183,44994.7,22399.2
34184,40032.5,29610.7
34185,30899.7,35617.3
34186,26026.2,43537.5
34187,25585.4,43655.4
34188,23811.7,44377.1
34189,19344.2,47920.1
34190,16326.7,50670.4
34191,16612.5,49147.9
34192,18012.5,47807.1
34193,20663.3,46634.6
34194,34102.6,38117
34195,34804.2,30837.6
34196,37103.9,29119
34197,44593.2,17089.5
34198,42621.4,17768.7
34199,44744.7,13793.8
34200,46402.3,12156.6
34201,45132.6,11047
34202,45825.1,9998.7
34203,46802.3,9058.3
34204,47877.6,8192.1
34205,35389.5,12713.8
34206,29165.3,16372.2
34207,17146.9,64433.7
34208,5441.7,101879
34209,3731.9,113496.7
34210,2876.7,123364.9
34211,2148,132529.8
34212,1454.4,140776.5
34213,1341.5,147329.2
34214,1422.5,154047.8
34215,1219.3,161421.8
34216,1495.7,166562.2
34217,2733.8,170116.5
34218,4054.4,173562.5
34219,8279.2,98887.1
34220,10137.2,97890.5
34221,17568.1,55970
34222,20821.1,52498.7
34223,28092.5,38790.3
34224,32686.7,32561.2
34225,36624.6,28094.2
34226,40414.2,24972.8
34227,43877.9,22163.8
34228,47735,19527
34229,43185.2,32508.5
34230,44223.5,39706.2
34231,26958.1,91582.8
34232,20608.6,129314.5
34233,15361.5,143288.6
34234,12077.4,153687.2
34235,9828.3,163052.3
34236,8727.4,171930.5
34237,7485.6,180284.8
34238,5947.1,187674
34239,4984.4,191856.8
34240,4870.6,190349
34241,6227.5,186174.9
34242,8138.1,186503
34243,13146,112497.6
34244,14983.5,109896.6
34245,25382.8,68830.9
34246,29677.2,64835
34247,37101.6,50339.4
34248,42091.4,43440.2
34249,46047,38440.1
34250,49927.1,34640.5
34251,53406,31368
34252,56365.3,28441.5
34253,49534.2,43336.2
34254,47736.5,49774.5
34255,26554.4,104066.6
34256,19097.7,141194.9
34257,15254.1,152341.9
34258,10673.4,162618
34259,8227.5,163868.7
34260,6890.8,183244.1
34261,5351.8,193110.8
34262,3683.5,202376.1
34263,2351.8,209814
34264,1788.7,212178.5
34265,2223.5,199204.6
34266,2406.1,204597.4
34267,4427.9,122271.8
34268,5129.6,119128.6
34269,8574.7,77741.4
34270,9936.4,74696.3
34271,13786.6,60808.3
34272,16230.6,53917.1
34273,18255.2,48577.2
34274,20175.1,43699.7
34275,21996.6,39047.1
34276,23675,34929.2
34277,18818.2,51590.3
34278,18765,58254.5
34279,9900.8,115024.2
34280,7354.3,151778
34281,5375.7,161905.4
34282,3708.5,169690.5
34283,2681.5,176103.4
34284,1850.8,182734.3
34285,1053.8,194202.7
34286,337,206771.9
34287,20.1,219503.4
34288,3.5,221809.4
34289,197.6,218392.3
34290,616.5,219448.3
34291,2170.5,127457.4
34292,2812.4,123782.7
34293,6107.3,81179.9
34294,7533.6,77925.1
34295,11541.3,63746.5
34296,13910.8,56757.1
34297,16251.3,51288.6
34298,18631.8,46281.6
34299,21051.4,41255.9
34300,23500,36493.3
34301,19929.5,52952.7
34302,21257.5,58917.4
34303,12630.4,114449.2
34304,10358.7,150976.6
34305,7571.8,163518.6
34306,6234.5,172215.6
34307,5991.7,175137.6
34308,6685.8,177677.5
34309,7003.7,181287
34310,7182.5,185006.7
34311,7961.4,188073.4
34312,9056,191001.4
34313,10170.6,193801.6
34314,11051.1,196512.2
34315,16272.1,119475.1
34316,18566.1,116615.1
34317,28481.4,74159.1
34318,32173.8,69874.9
34319,38548.9,55504.4
34320,42269.8,48645.2
34321,45700.2,43465.9
34322,48933.6,39692.7
34323,52844.5,36105.9
34324,56734.5,32578.5
34325,59524.5,30658.9
34326,62448.1,28284.2
34327,56822.3,32962.8
34328,47506.3,53675.3
34329,39400.3,66373
34330,27066.7,92571.6
34331,21894.3,107528.1
34332,18687.6,113084.7
34333,15689.4,117591.5
34334,12574.6,121905.3
34335,9980.6,124941
34336,12482.3,88271.6
34337,17265.4,83463.1
34338,21806.7,84575.6
34339,26422.9,69099.4
34340,29207,71834.3
34341,41239.3,34979.5
34342,45366,32032.4
34343,48907.9,26014.4
34344,51447.5,22827.4
34345,56953.5,19128.9
34346,61565.8,16976.6
34347,64623,15145
34348,66886.6,13447
34349,67389.3,12810
34350,68206.8,11488.9
34351,66216.3,19444.6
34352,60181.4,25878.5
34353,52145.4,31719.3
34354,48692.4,38055.1
34355,47441.6,39113.4
34356,46865.8,39843
34357,46173,40463.4
34358,46142.2,40979.3
34359,46419.8,41425.9
34360,47210.9,41754.6
34361,48847.1,41881.4
34362,62076.3,32233.5
34363,67192.4,23032.1
34364,65661.5,23849.3
34365,73777.6,12452.7
34366,71190.2,12692.3
34367,73504.6,9353.9
34368,75033.7,8378.5
34369,73586,7847.2
34370,75135.2,7340.9
34371,76704.8,6878.2
34372,78003.3,6480.2
34373,63364.5,10899.8
34374,54697.5,14163
34375,33331.4,58577.1
34376,14348.5,92821.3
34377,11580.1,103954.7
34378,10104.3,112050.6
34379,8609.1,120422.6
34380,7366.3,128323
34381,6191.1,135724.9
34382,4857.2,143014.8
34383,3877.7,149456.2
34384,4407.4,154076.7
34385,5002.6,158558.3
34386,5130.5,163098.6
34387,8224.5,94677.1
34388,9006.2,94432.3
34389,15057.7,53280.8
34390,16655.5,50328.4
34391,21711.3,38110.2
34392,24278.1,32425
34393,26089.7,28725.5
34394,27540.9,25924.5
34395,28722.9,23396.7
34396,29837.7,21012.8
34397,22766.9,34017
34398,21168.2,41862.6
34399,10017.8,95946.3
34400,7406.1,131165.7
34401,6263.4,141897.6
34402,4855.8,149942.4
34403,3444.5,156741.4
34404,2793,162745.5
34405,1626,169130.9
34406,1174.9,174930.3
34407,1425.4,179769.1
34408,1560.1,184588
34409,1875.6,188843.5
34410,2049.4,192847.3
34411,4244.8,113897.9
34412,4728.6,112645.7
34413,7858.9,71814.6
34414,9068.2,68739.7
34415,12235.4,55096.8
34416,13495,48525.1
34417,14802.2,43195
34418,16191.3,38542.6
34419,17381.4,35243.9
34420,18455.1,32436.8
34421,13738.6,47997.7
34422,13190,54650.9
34423,6281.2,110226.8
34424,4061.8,146721
34425,2801,156660.6
34426,1568.1,164494.3
34427,745.3,171618.5
34428,232.4,178505.8
34429,32.5,185174
34430,0,190987.8
34431,0,196292.1
34432,32.9,200855.7
34433,240.7,204915.7
34434,520.3,209011.3
34435,2567.9,123040.8
34436,2975.1,119946.7
34437,5845.9,78279.3
34438,6901,75112.2
34439,10206.7,61196.6
34440,11778.2,54521.7
34441,13091.7,49215.3
34442,14416.5,44362.1
34443,15860.9,39640.5
34444,17329.5,35773.8
34445,13643.7,52867.4
34446,13750.9,59140.1
34447,7075,114458.8
34448,5065.9,150655.1
34449,4091,159897.6
34450,3004.4,167008.9
34451,2076,173395.7
34452,1256.9,180034
34453,775.2,185956.7
34454,624.8,191155.3
34455,816,195922
34456,1363.9,199911.2
34457,2110.1,203701.3
34458,2482.8,207470.2
34459,5190.9,123409.8
34460,6221.5,120749.9
34461,10770.4,78357.3
34462,13118.7,74545.7
34463,17667.4,60211.9
34464,20848,53052.2
34465,23803.5,47200.2
34466,26669.4,42230.7
34467,29389.9,38348.8
34468,32309,34947.9
34469,27982.6,50131
34470,28647.8,55922.7
34471,17350.5,110226.8
34472,13683,146277.3
34473,10098,159047.5
34474,7754.3,168807.8
34475,6356.3,178430.3
34476,5785.4,186937
34477,4952.4,196526.9
34478,3784.7,203755.2
34479,2818.7,210665
34480,2684.6,211734.6
34481,3859.1,202633
34482,4657.5,203107.7
34483,8753.6,123218.4
34484,10178.4,120415.8
34485,16368.6,78277.3
34486,19913.5,74432.7
34487,26366.3,59966.5
34488,30082,52645.4
34489,32835.7,47098.3
34490,35062,42581.5
34491,37035.2,38252.8
34492,40024,34326.8
34493,42056.5,32606.1
34494,43886,30469.2
34495,39620.3,36821.9
34496,31607.2,58257.4
34497,28535.9,68358.8
34498,20563.4,91687.1
34499,17565.3,103044
34500,15358.7,106322.4
34501,11923,110309.3
34502,10024.5,113756.7
34503,7644.2,120266.1
34504,11761.9,89967.7
34505,17665.3,86462.5
34506,21429,83538.8
34507,26090,68386.8
34508,29098.8,70416.7
34509,41814.9,35781.8
34510,46324.6,32756.9
34511,50101,26477.3
34512,52867.9,23170
34513,58113.4,19474.4
34514,62889.7,17223.4
34515,66744.5,15309.2
34516,70258.3,13575.3
34517,72448.5,12925.9
34518,75301,11591.4
34519,75559.9,19128.9
34520,70729.3,25089.2
34521,59683.1,30683.6
34522,52895.4,37384.6
34523,50011.9,39619.4
34524,48127.2,41333.7
34525,45581.1,43062.3
34526,41869.7,45081.3
34527,40180.6,45892.6
34528,42471.8,44368.2
34529,51149.3,41784.1
34530,67965.2,31592.2
34531,75658.6,22225.4
34532,76228,22874.8
34533,86619.7,11511.8
34534,86026.1,11386.7
34535,90344,8891
34536,93920.3,8043.2
34537,98047.7,7603.5
34538,101734.4,7174.9
34539,104941.7,6784.7
34540,107524.5,6398.7
34541,94128,10733.1
34542,85537.8,13822.5
34543,58337.7,55009.7
34544,34621.9,87577.2
34545,25339.8,100451.7
34546,19585.1,109359.3
34547,16685.1,117569.7
34548,15553.2,124959.8
34549,14755.8,131591.9
34550,13622.3,138152.1
34551,13141.5,143943.9
34552,13360.7,148940
34553,14448.3,153182.9
34554,14819.6,157506
34555,21922.7,89068
34556,23898.1,88614.5
34557,36404.5,48127.1
34558,39558.2,45302.7
34559,46767.2,34805.4
34560,49519.1,29681.3
34561,51376.9,25980.5
34562,53836.4,23135.7
34563,56079.9,20699.2
34564,57763.1,18989.3
34565,49751,31978.4
34566,45795,38935.1
34567,23877.2,89364.5
34568,16150.5,124575.2
34569,13227.1,136118.5
34570,9101.2,146411.5
34571,6213.1,151540.2
34572,5087.5,163865.3
34573,3911.5,177649.2
34574,2744.8,182730
34575,1995.6,183999.6
34576,2083.3,184766.3
34577,2978.2,185589
34578,4305.6,187533.1
34579,8834.5,109935.5
34580,10691.8,108253.5
34581,17338.2,67339.2
34582,20782.4,63017.9
34583,28693.5,49246.1
34584,34319.5,42610.5
34585,38673.5,38288.5
34586,42345.1,34476
34587,45589.8,31075.6
34588,49843.5,28048.2
34589,45342.4,42731.7
34590,45845.5,49011.6
34591,27391.4,99777.3
34592,21327.5,135478.1
34593,16237.2,148896.7
34594,12991.1,158851.9
34595,10837.8,167530.5
34596,9774.1,175218
34597,8627.1,180171.3
34598,7154.3,184067.8
34599,6615.5,184040.1
34600,7054.7,184463.2
34601,8385.2,186076.2
34602,8780.7,188716.4
34603,12519.4,115148
34604,13110.4,113348.6
34605,20713.9,73004.5
34606,23337.3,69152.8
34607,29124.1,55182.8
34608,32587.1,48530
34609,36003.5,43183.4
34610,39350.2,38531.5
34611,42705.2,34851.1
34612,46653.3,31534.6
34613,41505.1,46543
34614,41709.3,52339.7
34615,24540.9,104465.9
34616,19005.8,140310.5
34617,15191,152443.9
34618,12056.3,161688.5
34619,10437.5,168951.2
34620,9421.3,178293.6
34621,8286.1,186439.8
34622,6645.3,192495.4
34623,5582.4,194238.4
34624,5785.3,190807.6
34625,7221.3,189636.4
34626,8459,191748.1
34627,12975.3,116566.7
34628,14443.9,114296.9
34629,23840.1,73582.7
34630,27247,69783.7
34631,33221.9,56115.2
34632,36460.1,49724.2
34633,39156.9,44687.2
34634,41476.4,40179.1
34635,44270.4,36099.2
34636,47071.4,32835.9
34637,40242.2,48620.5
34638,39308.7,54540.4
34639,21193.8,108089.4
34640,15376.9,144338.4
34641,13577.3,153812.2
34642,11744.1,160627.2
34643,10210.8,166284
34644,8743,171393.2
34645,7806.4,175677.4
34646,7163.1,179489.8
34647,6906.4,183014.4
34648,6922.8,186357.6
34649,7589.2,189172.5
34650,7670.6,192372.2
34651,11214.9,116876.4
34652,12104.5,114796.5
34653,19437,73946.9
34654,21806.8,70272.2
34655,27025.1,56351.1
34656,29388.6,49813.6
34657,31462.2,44749.4
34658,33812.2,40400.7
34659,35973.5,36872.1
34660,38373.3,33525.2
34661,40575.6,31727.1
34662,43310.6,29512.5
34663,40286.8,34749.9
34664,32520.2,55829.6
34665,27263.2,67423.5
34666,16141.9,93084.8
34667,11983.1,108516.6
34668,10345.9,111786.7
34669,8256.3,117737.2
34670,6911.8,121995.3
34671,5761,125795.4
34672,6436.2,95380.2
34673,9248.7,85730.7
34674,11622.4,87587
34675,14670.8,72568.7
34676,16434.8,75401.7
34677,27386.7,38235.2
34678,30831.7,35565.7
34679,33582.5,29485.9
34680,35297.7,25917.2
34681,38718.8,21721
34682,40393.4,18669.4
34683,41741.3,16092.3
34684,43355.2,14180.2
34685,43920.9,13750.8
34686,44685.8,12503.3
34687,45437.9,22164.9
34688,40885.2,28867.1
34689,32980.3,35084.3
34690,29211.5,41565.5
34691,27424.3,42802.5
34692,25859.4,43738.5
34693,24703.5,44413.7
34694,23945.8,44994.1
34695,23301.1,45620.2
34696,22957.5,46259.4
34697,26570.8,45640.9
34698,40983.9,35762.7
34699,46951.5,26232.5
34700,46989.9,26721.2
34701,56077.1,14767.2
34702,55300.3,15210.1
34703,59063.4,11323
34704,62191.4,9595.4
34705,62327,8627.6
34706,64496.5,8082.2
34707,67021.6,7556.2
34708,70360.8,7060.1
34709,57744.7,11431.6
34710,52093.3,14864.4
34711,33553.8,60280.7
34712,16337.6,94210.8
34713,12469.1,107597.9
34714,10488.1,116546.9
34715,9894.4,124067.4
34716,9913.9,130917.4
34717,9956.7,137322.6
34718,8358.1,144888.5
34719,7198.1,152203
34720,8940.1,154758.7
34721,12443,157193.9
34722,14540.1,160591.8
34723,22165.9,91601.3
34724,25466.4,90678.4
34725,39327.2,49219.2
34726,44432,46020.3
34727,53338.7,34953.8
34728,57941,29503.6
34729,62464,25438.4
34730,67999.3,22425.7
34731,72497.3,20522.8
34732,76429.7,18898
34733,71054.3,30611.8
34734,69284.4,36947
34735,45819.1,84240.5
34736,33991.8,119115.2
34737,24842.1,133656.7
34738,19135.5,144283.5
34739,16957.7,152868
34740,15831.5,159921.5
34741,14784.9,166544.7
34742,12811.9,173382.4
34743,11167,178059.4
34744,10921.3,178746.8
34745,13931.3,168127.7
34746,16731.3,177799.1
34747,24871.4,104648.8
34748,28945.8,102991.8
34749,42174.6,62279.7
34750,47072.5,57899.1
34751,56344.4,45325
34752,60893.1,39877.9
34753,66989.1,35801.3
34754,72587.4,31977.8
34755,77008.6,28520.9
34756,80768.4,25474
34757,75629.2,40205.4
34758,74159.6,46120.1
34759,49082.1,92469.8
34760,37404.4,128206.7
34761,28813.5,141858.2
34762,21318.7,151855
34763,17847.5,160636
34764,15860,167987.1
34765,14300.6,174548.1
34766,12036.8,180958.5
34767,10233.1,184961.8
34768,9955.8,184075
34769,12129.5,178099
34770,14288.1,183404.7
34771,20467.1,109572
34772,23368.9,107505.7
34773,35819.4,67469.5
34774,39649.6,63235.7
34775,48641.8,50673.3
34776,53003.4,43980
34777,57263.4,39400.3
34778,61913.9,35870
34779,65431.6,32360.7
34780,68612.1,29140.2
34781,62874,43800.7
34782,61373.3,49787.5
34783,36736.6,98718.5
34784,26740.3,134867.9
34785,23507.3,145115.1
34786,20021.3,152586.8
34787,17647,158454
34788,15405.9,163920.1
34789,13781.1,168598.7
34790,12204,172894.2
34791,11498.6,176431.8
34792,11715.2,179284.4
34793,12620.4,181683.3
34794,13100.6,184267.1
34795,19112,110465.4
34796,20711.4,108511.3
34797,30805.5,67907.2
34798,33546.4,63825.7
34799,40374.1,51363.2
34800,43668.8,45286.2
34801,46017.2,41407.4
34802,48281.6,37994
34803,50955.1,34647.3
34804,53084.7,31464.3
34805,45698.9,46496.1
34806,43059.4,52340.9
34807,23021.5,103024.3
34808,16497.7,138834.5
34809,14388.8,149003.6
34810,12165.1,156233.3
34811,10249.1,162200.1
34812,8808.2,167384.1
34813,7802.5,171845.1
34814,6929.8,176000.7
34815,6681.8,179485.6
34816,6838.3,182527.2
34817,7257.5,185295.9
34818,7469.6,188104.7
34819,11048.1,114079.6
34820,11817.4,112261.7
34821,19162.4,71538.6
34822,21785.7,67657.7
34823,27500.6,54251.6
34824,30339.8,47880.2
34825,32749,43277.6
34826,34833.6,39824.7
34827,36566.3,36458.2
34828,38283.4,33236.4
34829,39222.7,31504.3
34830,40559.9,29427.8
34831,37255.9,34387.3
34832,29649.6,55254.4
34833,27772.5,65286.5
34834,18797.5,87018.2
34835,16083.9,98021.4
34836,14188.8,101376
34837,13524.5,103703.9
34838,13379.5,105536.9
34839,13608.7,107087.8
34840,20177.5,77370.8
34841,23180.4,79751
34842,25176.9,79015.7
34843,28718.7,65293.3
34844,30843.8,68066.2
34845,42579.2,34254.7
34846,46809.5,30919.9
34847,50907,25689.2
34848,54322.4,22432.4
34849,60105.2,18963.5
34850,65756.9,16757.4
34851,71399.3,14885.6
34852,77119.3,13139.9
34853,81314.6,12413.4
34854,86272,11042.1
34855,87959.3,16561.8
34856,82850.4,22326.8
34857,72865.4,28123.1
34858,64746.9,34158.3
34859,60924.1,35786.1
34860,58552.9,37341.3
34861,56224.6,38687.7
34862,52349.8,40506.3
34863,50133.6,41524
34864,51875.1,40913.6
34865,60198.3,39314.7
34866,77757.2,29176.9
34867,85234.8,19908
34868,85086.2,20753.9
34869,95187.5,10259.6
34870,94088.2,10571.5
34871,98647.7,8672.6
34872,102464.3,7879.1
34873,111234.3,7259.6
34874,116746,6753.6
34875,121733.4,6296.3
34876,126140,5899.4
34877,128563.5,6235.4
34878,131445.7,6069.5
34879,139577.1,11333.7
34880,122048.5,17699.8
34881,109496.1,19920.8
34882,98935.5,25186.5
34883,94456.4,26813.6
34884,90249,28261.4
34885,87100.2,29433.7
34886,86078.5,30370.4
34887,84689.6,31252.7
34888,84246.7,32009.9
34889,84200.4,32678.1
34890,101350,25338.9
34891,106410.8,16698.9
34892,101337.1,17989
34893,112070.4,7605.7
34894,106013.7,8171.8
34895,108235.7,6469.5
34896,109483.5,5704.7
34897,109333.1,5284.5
34898,110938.7,4911.4
34899,112267.8,4561.8
34900,113940.4,4227.7
34901,99033.2,7413.4
34902,86827.8,10463.2
34903,64697.1,45016.6
34904,38501.4,75732.3
34905,28434.8,88392.6
34906,20878.1,100384.8
34907,15486.6,111847
34908,12094.4,123226.8
34909,9603.1,134007.5
34910,7209.3,144550.4
34911,5769.4,151835.7
34912,5679.9,151616
34913,7038.3,145187.6
34914,8867.7,152870.2
34915,13910.8,85574.8
34916,16014,85445.7
34917,28157.1,44167.2
34918,32474.2,39704.5
34919,41343,29340.8
34920,45503.6,24469.7
34921,48630.2,21323.2
34922,51891.2,18917.4
34923,55292,17259.2
34924,58319.8,15705.4
34925,50769.7,26482.1
34926,45906.5,33100.4
34927,25382.3,84988.9
34928,15994,121184.7
34929,14384.8,132349
34930,12489.2,140782.8
34931,10817.8,147729.6
34932,9096.7,154008
34933,7918.6,159477.7
34934,7101.8,164424.7
34935,6716,168788.5
34936,6810.6,172493.7
34937,7292.7,175623.1
34938,7518.7,178692.9
34939,11090,106754.4
34940,11724.4,105722.1
34941,18529.8,65246.6
34942,20287.2,61720.1
34943,25094.9,48157.4
34944,27165.2,42045.6
34945,28920.5,37883.9
34946,30400,34368.4
34947,31591,31158
34948,32506.2,28451.9
34949,25438,43259.9
34950,23727.6,50055.6
34951,11639.4,103678.7
34952,8904.4,139829.4
34953,7401.8,150109.2
34954,5115.7,158153.5
34955,3258.5,165667.1
34956,2169.7,174077.2
34957,1606.7,179054.3
34958,894,187158.3
34959,281.6,195951.4
34960,257,198879.2
34961,871.7,199019.6
34962,1270,201382.3
34963,3672.2,118248.2
34964,4622.2,116262.6
34965,8187.2,75373.2
34966,10209.5,72053.5
34967,14393.8,58032.7
34968,17134.1,50966.8
34969,19817.9,45372.3
34970,22378.3,40637.9
34971,24860.9,36416.2
34972,27452.3,33200.6
34973,22971.3,48947.5
34974,23263.7,55103.8
34975,12697.1,109543.5
34976,10252.4,145848.1
34977,7741.3,157459.8
34978,5598.9,167281.9
34979,4534.5,175993.2
34980,3982.4,183841.6
34981,3256.5,191996.2
34982,2391,197468.7
34983,2040.1,197012.2
34984,2075.9,198302
34985,2529.5,200136.5
34986,3115.3,202535.1
34987,6713.8,121378.4
34988,8261.2,118757.2
34989,14185.3,77052.6
34990,16641.5,73684.9
34991,21976.6,59901.1
34992,24428.3,53252.5
34993,26334.1,47928.1
34994,27953.6,43270.6
34995,29206.8,38946.4
34996,30423,34919.1
34997,30834.4,33244.1
34998,31870.8,31201.1
34999,29930.5,37945.7
35000,22337.3,59836.1
35001,20738.1,69652.5
35002,13963.7,93177.9
35003,11615,104622.8
35004,9606,108231.7
35005,8158.6,111081.6
35006,7575.1,113155.2
35007,7752.5,114608.5
35008,10563.6,84898.7
35009,11400.5,87089.4
35010,11800.2,86180.8
35011,13225.2,76951.1
35012,13704.9,74851.5
35013,22285,40315.5
35014,25023.4,37660.4
35015,27443.8,31404.2
35016,29144,27700.1
35017,32500,23320.8
35018,34126.5,19864.1
35019,35432.9,17127.7
35020,36534.4,14603.1
35021,36781,13865.5
35022,37931.5,12572.5
35023,41253.7,22588.2
35024,37549.3,29259.1
35025,30259.4,35655
35026,26580.2,42390.3
35027,25131.7,43635.7
35028,24029.1,44487.7
35029,23074.6,45136.8
35030,22603.1,45586.1
35031,22497.7,45872.6
35032,23073,46020.6
35033,24662.5,46091.5
35034,37627.6,36593.6
35035,42544.7,27088
35036,41840.8,27595.3
35037,49754.8,15565.1
35038,48079.2,16163.6
35039,50770.3,12281.1
35040,52882.7,10640.5
35041,112007.9,4691.8
35042,111852.6,4330.6
35043,113448.9,3979.4
35044,114970.4,3660.8
35045,115343.1,4600.9
35046,115987.1,4680.8
35047,139565,15868.2
35048,111259.5,22487.2
35049,105891.5,22245.2
35050,89432.9,26393.3
35051,86387.9,27671.4
35052,83298.7,28962.2
35053,80659.4,30124
35054,78758.7,31157.8
35055,77771.1,32039.8
35056,77699.9,32772.3
35057,78620.9,33337.7
35058,103891.8,28420.1
35059,110492.4,20089.1
35060,101815.2,20896.7
35061,118470.5,9758.9
35062,108629.4,9988.7
35063,111437.1,6392.2
35064,113683.5,5168.2
35065,112250.3,4614.3
35066,113346.3,4198.3
35067,115152.2,3832.5
35068,117727.5,3492.3
35069,104385.4,4924.6
35070,89322.1,7573.2
35071,72428.9,39763.6
35072,43540,68461.6
35073,35516,83215.8
35074,29794.5,97266.1
35075,25850.6,109629
35076,22979,120764.6
35077,20034.6,132053.5
35078,16482.5,143448.9
35079,13242.3,152356.5
35080,10818.9,155411.3
35081,9767.9,150465.3
35082,8634,151353.5
35083,16372.2,84829.5
35084,16529.4,84441.2
35085,29291.6,42691.9
35086,32569.6,37869.8
35087,43044.4,25098.5
35088,48391.3,20128.8
35089,52573.6,16894.9
35090,56110.8,14322
35091,59566.9,12840.3
35092,63311.2,11540.2
35093,56362.2,21574.2
35094,51256.8,27738.5
35095,33892.4,81080.8
35096,17039.6,117186.8
35097,12989.8,129092.2
35098,9235,139436.4
35099,7675,147423.4
35100,6896.8,153467.6
35101,6024.2,158987.9
35102,5175,163738.1
35103,5207,167174.2
35104,5670.7,170662.8
35105,6472.1,173835.2
35106,6938.7,176967.6
35107,10781.6,106064.3
35108,11821.8,105564.8
35109,19287.9,64986
35110,22489.6,61249.8
35111,28757.7,46971.7
35112,32768.6,39862.9
35113,35833.3,35338
35114,38279.4,31802.8
35115,40507.4,28776
35116,43424.6,26150.8
35117,37037.4,40132.9
35118,35801.4,47246.1
35119,19983.8,100582.8
35120,14642.5,135222.1
35121,13049.4,145461.8
35122,11418.4,152633.9
35123,9729,158839.6
35124,8123.4,164425.5
35125,7254.5,169041.7
35126,6595,173264.1
35127,6371.4,176948.1
35128,6508.4,180121.6
35129,7198,182682.3
35130,7565.5,185431.2
35131,11269.7,112889.8
35132,12372.1,111527.9
35133,19985.7,70580.3
35134,22400.7,66951.6
35135,27479.5,53141.4
35136,29611.6,46636.8
35137,31361.6,41941.6
35138,33272.3,38242
35139,34951.3,34876.6
35140,36405,31794.1
35141,29728.8,46958.7
35142,28751.5,53150.7
35143,15319.1,106564.3
35144,11504.7,141323.1
35145,10295.8,151014.1
35146,8622.5,158197.5
35147,6540.2,164759.3
35148,4812.7,170974
35149,3985,175775.5
35150,3335.9,179571.5
35151,3781.7,181822.6
35152,4341.6,184749.9
35153,5034.1,187914
35154,5493.6,191252.3
35155,8926.9,116540.8
35156,9883.7,114801.8
35157,16246.7,73901.9
35158,18346.5,70282.8
35159,23711.6,56378.5
35160,26241.9,49646.1
35161,28340.4,44680.2
35162,30371.4,40517
35163,32463,37066.2
35164,34215,33852.7
35165,27996.9,49139.4
35166,27182.7,55087.6
35167,14601.9,109135.5
35168,11147.7,143987.1
35169,9745.4,153503
35170,8127.8,160388.8
35171,6809.9,166107.8
35172,5759.3,171191.3
35173,4839,175838.7
35174,4361.1,180072.2
35175,4387.3,183776.1
35176,4628.5,187341.5
35177,5211,190846.5
35178,5447.2,194618.5
35179,8540.7,118733.1
35180,9318.6,116789.9
35181,15440.9,75599.9
35182,17963,71649.1
35183,24422.7,57045.3
35184,28500.8,49692.1
35185,32154.5,44444.1
35186,35905.3,40712.3
35187,39546.4,37130.8
35188,42808.5,33676.5
35189,45417.3,31799.1
35190,48658.1,29536.9
35191,46559.2,34781.1
35192,39514.3,55260.6
35193,36248.2,65788.3
35194,25803.9,88477.9
35195,21441,100396.9
35196,17985.8,105026.4
35197,14251.4,111496.8
35198,12187.8,116166.6
35199,10765.9,118547
35200,16704.4,85895.6
35201,22610.9,83873.8
35202,27542.1,80756.5
35203,32435.9,65557.1
35204,35699.1,67850.5
35205,49728,33721.1
35206,54796.6,30332.8
35207,59499.1,25032.4
35208,63393.1,21909.4
35209,70795.5,19034.5
35210,76551.4,16941.5
35211,81367.5,15125.3
35212,86282.8,13418.8
35213,89836.8,12643.2
35214,94015.6,11282.7
35215,95029.3,16919.5
35216,88366.4,22649.8
35217,76600,28392.5
35218,68768.5,34508.9
35219,65194.2,36312.9
35220,63174.1,37666
35221,60971.1,38926.4
35222,56645.3,40926.6
35223,53371,42556.8
35224,54078.4,42213.3
35225,62305.1,39814.7
35226,81962.5,29093.3
35227,90544.3,19702.8
35228,91343.5,20350.4
35229,102858.6,10085.1
35230,102514.9,10306.2
35231,108148.5,8627.6
35232,114223.6,7857.1
35233,120053.7,7387
35234,124458.3,6860.3
35235,128726.4,6341.3
35236,132802.4,5834.4
35237,121088,9833.1
35238,112455.2,12834.3
35239,83928.2,48791.3
35240,55743.2,80134.9
35241,43353.5,93090.3
35242,33106.1,104579.2
35243,26731.4,114410.2
35244,23022.5,123398.6
35245,19567.7,129921.2
35246,16867.4,135357.4
35247,17372.2,139116.7
35248,18835.5,143127.6
35249,20243.9,147278.1
35250,20950.1,151482.9
35251,32641.7,85093.5
35252,35702.4,84547.9
35253,50596.2,45650.2
35254,54054,42843.8
35255,61994.7,32673.1
35256,65276.7,27494.6
35257,70524.3,23859
35258,74847,21784.3
35259,78160.4,20117.9
35260,80893.1,18554.2
35261,72189.3,29848.9
35262,67221.7,36118.4
35263,41676.1,82764
35264,28491,116507.9
35265,24410.6,127506.2
35266,21155.8,135669.4
35267,18084.2,142796.6
35268,15537.6,149332
35269,13567.1,154942.4
35270,12142,159932.2
35271,12442.4,163741.4
35272,11619.8,168050.8
35273,11701.1,171553.5
35274,11865.8,174780.1
35275,16721.6,103764.2
35276,17401.7,103049.2
35277,25402.4,63166.9
35278,26830.1,59572.6
35279,31940.7,47592.7
35280,33608.6,42530.1
35281,34453.8,38754.1
35282,34869.1,35255.7
35283,34954,32148.8
35284,36887,29144.2
35285,32696.2,43859.9
35286,33512.7,49729.9
35287,20425.6,99344.8
35288,17573.6,132188.3
35289,17514,141600.7
35290,16697.6,148683.1
35291,16036.3,154583.1
35292,16840,158891.4
35293,16317.7,163498
35294,15315.6,167996.8
35295,15810.4,171376.7
35296,16311,174527.3
35297,17935.6,176816.1
35298,19118.1,179103.4
35299,27888.5,106230.8
35300,30703.2,104008.5
35301,42815.6,63736.1
35302,46996.1,59799.4
35303,55576.5,48654.4
35304,59788.3,43429.4
35305,63925.7,39400.2
35306,68774.3,35803.5
35307,72739.1,32249.4
35308,76187.3,28964.6
35309,71008.7,43499.2
35310,69176.9,49381.7
35311,44871.5,95086
35312,33076.9,129011.7
35313,23759.2,142724.7
35314,17589.3,152152
35315,15272.7,158731.6
35316,13143,164499.3
35317,11771,169242.4
35318,10646,172302
35319,11083.8,174700.7
35320,12569.5,176902.9
35321,13327.8,179649
35322,13537.5,182531.3
35323,18900.1,110137
35324,20226.9,108512.6
35325,30205.3,68367.9
35326,32192.2,64752.3
35327,37774,52472
35328,39915.4,46358.1
35329,41467.1,42362.4
35330,42827.8,38985.2
35331,44450.8,35673.3
35332,45845,32543.4
35333,37827.3,47805.3
35334,34702.8,53655.5
35335,17594.3,105276.3
35336,12471.1,140010.1
35337,10439.3,149993.2
35338,7878.5,157572.1
35339,5181.7,164644.8
35340,3604.6,171351.7
35341,2613.5,180669.1
35342,1629.8,191393.8
35343,856,201139.8
35344,603.9,201502.4
35345,991,194242.3
35346,1397.3,202474.8
35347,4040.7,118811.6
35348,5768.8,116355.1
35349,10688.4,75043.5
35350,13605,70980.2
35351,18707.1,56847.3
35352,22605.8,50098.9
35353,26256.2,44871.8
35354,30116.2,40286.2
35355,33868,36601.2
35356,36858.9,33233.9
35357,38387.4,31603.1
35358,40789.1,29507.4
35359,38719.6,35156.6
35360,30756.4,56091.3
35361,28167.8,66457.2
35362,18351.7,89898.3
35363,17184.6,100505.6
35364,14379.6,104257
35365,12840.8,106808.5
35366,11496.7,109187.5
35367,10707,111208
35368,15083.3,81124.2
35369,16504.5,82989.5
35370,17479.4,81844
35371,19119.7,68444.8
35372,19699.1,71297.4
35373,30598.3,37550.8
35374,32995,34788.2
35375,34944.1,28714.3
35376,36063.6,25182.3
35377,38923.1,21341.3
35378,40212.6,18359.8
35379,41241.6,15782.7
35380,42379,13906.1
35381,43199.5,13431.2
35382,44725.4,12129.6
35383,47596.9,21315.7
35384,42876.9,27970.7
35385,34773.4,33978.9
35386,29927.7,40678.6
35387,27292.1,42186.9
35388,25646.2,43199
35389,24186.1,43955.6
35390,22923.9,44625.7
35391,22555,45130.5
35392,22786.9,45509.1
35393,24011.5,45601
35394,37567.2,35968.1
35395,38526.7,29071.2
35396,40590.6,27318.4
35397,47909.1,15407.4
35398,45452.5,16108.1
35399,47776.5,12298.6
35400,49660.3,10699.7
35401,51326,9484.9
35402,52809.3,8423.6
35403,54312.8,7598.4
35404,55999,7089.1
35405,57039.1,8077.4
35406,58660.8,7859.5
35407,70950.6,19396.2
35408,58301.9,26771.7
35409,51056.8,28879.7
35410,42473.5,34466.7
35411,40268,36242.3
35412,38312.5,37764.6
35413,36327.8,39187.6
35414,34899.9,40408.7
35415,34349,41242.1
35416,34260.2,41928.9
35417,35803.8,42104.2
35418,54071.6,34722.5
35419,53214.8,27977.4
35420,56068.2,26293.5
35421,66440.4,13949.7
35422,61984.2,14896
35423,64464.6,10952.6
35424,66433.1,9266.7
35425,65225.9,8169
35426,66171.9,7123.4
35427,67398.4,6146.4
35428,68687.4,5508.3
35429,54857.1,8976.1
35430,45302.1,12462.8
35431,30218,55322.1
35432,13779.1,90309.9
35433,8898.6,102295.6
35434,5020,111216.9
35435,3085,118889.2
35436,2566,125574.2
35437,1529.7,134206
35438,978.5,141611.5
35439,691,148868.8
35440,706.7,154982.2
35441,1190.4,160253.2
35442,1846.2,165309.5
35443,4684.9,95190.8
35444,5582.3,95008.9
35445,9839.1,53810.1
35446,11742,50502.8
35447,15992.2,37284.9
35448,18589.2,31433.6
35449,20979.4,27599.2
35450,23770,24292.8
35451,26425.7,21345.5
35452,29022.4,18915.6
35453,21716.2,30976.9
35454,20112.9,38774
35455,10679.6,94633.2
35456,7642.8,128604.9
35457,5793.4,140236.3
35458,4206.7,148442
35459,2953.3,155573
35460,2001.8,162834.2
35461,1415.4,172805.8
35462,793.4,182932.1
35463,366.6,196953.4
35464,369.5,204307.7
35465,836,193716.7
35466,1707.6,195782
35467,5009,114123.2
35468,6447.5,112945.4
35469,11118.7,71969.9
35470,13622,68853.4
35471,18747.9,54820.7
35472,21699.9,47828.1
35473,23994.3,42128.5
35474,25977.4,37034.6
35475,27703.1,33171.7
35476,29526.9,30304.5
35477,24960.5,45264.9
35478,25161.7,51758.7
35479,13961.5,106877.7
35480,11353.2,141424.4
35481,9533.1,151872.4
35482,6321.9,161774.4
35483,4683.7,172413.1
35484,4156.9,183104
35485,3613.5,192580.1
35486,2615.3,201411.2
35487,1711.7,208639
35488,1376.2,212341.2
35489,1901.9,206307.3
35490,2459.5,204328.2
35491,5326.1,121815.6
35492,6928.2,119445.6
35493,11588.3,77559.3
35494,14500.5,74054.8
35495,20667.5,59579.6
35496,24800.9,52104
35497,28224.2,46253.7
35498,31202.4,41209.5
35499,33957.3,36635.4
35500,36928.9,32775.3
35501,32047.8,49162.4
35502,32254.3,55570.6
35503,18475.5,110090.6
35504,13920.1,145086.9
35505,11520.5,155323.3
35506,8306.7,164447.9
35507,6166.9,166199.5
35508,5350,187564.7
35509,4545.8,197486.5
35510,3272.4,206589
35511,2127,215045.3
35512,1641.5,219744.9
35513,2182,206894.7
35514,2955.6,208015.9
35515,5734.3,124366.8
35516,7233.5,121761.5
35517,11751.6,79635.9
35518,14177.4,76451.5
35519,19627.3,62414.7
35520,22459.8,55448.7
35521,24866.1,49905.7
35522,27146.1,44834.6
35523,29271.5,39975.2
35524,31117.1,35685.3
35525,32172.7,33170.6
35526,34377.2,30673.4
35527,32887.4,37619
35528,25161.9,59923.3
35529,22831.2,70685.1
35530,14216.9,95028.8
35531,11730.9,106783.3
35532,10029.4,110369.7
35533,7390.2,115388.9
35534,5938.3,120605
35535,5052.1,123174.8
35536,6503.7,91757.5
35537,8592.3,91661
35538,9960.1,89843.5
35539,12015.3,80306.6
35540,13135.8,78046
35541,22986.4,40634.6
35542,26262,37889.8
35543,29150.5,31538
35544,31395.4,27761.7
35545,35371.2,23309.4
35546,37712,19773.1
35547,39708.2,16671.1
35548,42237.5,14351.1
35549,44855.9,13847
35550,48216.4,12519.7
35551,51970.4,22022.6
35552,49636.6,28337.2
35553,42164.1,34337.9
35554,36908.3,41187.9
35555,36127.2,42071.5
35556,34110.4,43687.7
35557,31643.3,46673.2
35558,29482.4,49060.4
35559,28085.9,50336.6
35560,29936,48607.4
35561,35878.6,45822.2
35562,52932.6,35067.7
35563,60776.4,25490.2
35564,61773,25893.2
35565,72123,13915
35566,72246.4,14098.8
35567,77248.7,10117.9
35568,81723,8709.7
35569,84202.8,8154.2
35570,89141.1,7564.7
35571,93640.6,7011.5
35572,97758.7,6577.8
35573,85903.3,11069.1
35574,79817.2,14240
35575,54747,57199
35576,33872.2,89738.7
35577,23840.9,104649.8
35578,17654.3,116243.4
35579,14562.2,126891
35580,12970.9,136394.2
35581,11886.6,145696.7
35582,9892.1,154478.5
35583,8078,161510.5
35584,7464.2,162292.4
35585,8503.6,160153.7
35586,10976,161827
35587,16365.7,95315.2
35588,18993.4,95003.1
35589,30672.4,54092.3
35590,34864.6,50307.2
35591,43063.1,36358.9
35592,46959.3,30724.1
35593,49995.6,26942.4
35594,54145.3,23983.6
35595,57619.9,21430.6
35596,60520.3,19411.8
35597,52250,32709.1
35598,50161.2,39596.1
35599,27730.4,91706
35600,20008.9,125501.2
35601,17598.6,136027.1
35602,15518,143936.4
35603,13465.3,150510.9
35604,10973.2,156681.6
35605,9402.4,162070.3
35606,7730.3,167459.2
35607,6853.1,171866.9
35608,7551.6,174606
35609,8739.2,177169.2
35610,9599.9,179851
35611,14029,108545.6
35612,15665.3,107558.5
35613,24470.4,66960.6
35614,27755.2,62987.3
35615,34652.4,49033.5
35616,38913.5,42672.1
35617,42857.9,38521.4
35618,46884.7,34607
35619,51793.4,31095.2
35620,56689,27916.4
35621,52240,42527.8
35622,52936,48664.9
35623,33127.2,98165
35624,25817.4,132018.6
35625,19142.1,145606.3
35626,15158.9,155346.6
35627,12661.3,164293
35628,11390.3,171895.5
35629,10514.8,179670.8
35630,8686.2,187540.1
35631,7110.1,193758.4
35632,6505.9,195044.5
35633,7335.4,185457.6
35634,9798,187162
35635,15594.4,113313.2
35636,18559.7,111089.1
35637,30245.5,70142.8
35638,35028.6,65576.2
35639,44046.1,52091.1
35640,49832.5,45144.6
35641,54803.2,40162.8
35642,60670.5,36521.7
35643,65834.9,32932.8
35644,70683.9,29574.3
35645,66448.7,44132.9
35646,66785.2,49932.5
35647,43762.8,98513.2
35648,33651.1,133021.4
35649,24478.3,147303.1
35650,19448.4,156119.3
35651,17262.3,161964.9
35652,15284,167650
35653,13867.7,171632.6
35654,12064.3,175808.9
35655,11343.3,178527.5
35656,12189.9,180487.2
35657,14456.6,181934.6
35658,16006.2,183963.6
35659,23391.6,110520.8
35660,26462,108643.3
35661,38677,68165
35662,42254.3,64052
35663,50791.7,51504.4
35664,54629.9,45071.5
35665,58610.7,40973.8
35666,63129.7,37447.2
35667,66622.5,33974.5
35668,69457.6,30654.2
35669,63168.6,45434
35670,61163.4,51215.1
35671,37317.2,99706.9
35672,27869.8,133852.2
35673,24634,143922.2
35674,19576.2,152189.2
35675,14631.8,160558.6
35676,12162,167886.5
35677,11111.5,171339.7
35678,10951.7,173637.9
35679,10971.9,176493
35680,10116.2,180258.3
35681,11681.1,182161.7
35682,13900.9,183817.5
35683,20796.7,110358.2
35684,23635.8,108370
35685,35915.5,67773.5
35686,39651.4,63771.4
35687,48126.5,51207.2
35688,52024.1,45090
35689,55907.1,41105.9
35690,60910.5,37532.8
35691,65118,34018.5
35692,68555.2,30655.4
35693,69808.9,28535.5
35694,71736.9,26269.8
35695,65436.3,28850.3
35696,54538.5,49395.9
35697,46322.5,61448.4
35698,34368.4,84734.1
35699,28368.2,98983.1
35700,23295.8,105246.9
35701,20097.4,107998
35702,16693.2,109754.1
35703,15647.9,110047.3
35704,21985.9,79286.5
35705,26943,79253.6
35706,30673.7,76843.5
35707,34536.2,62091.5
35708,36913.9,65033.2
35709,49977.3,31647.7
35710,54353.5,28723.4
35711,59074.6,24150.5
35712,62867.8,21334.9
35713,70485.3,18677.3
35714,76726.8,16650.2
35715,82193.8,14846.6
35716,87256,13135.9
35717,90687,12286.4
35718,94822.6,10913.6
35719,95533.7,15518.3
35720,87342.3,21429.3
35721,74398.9,27366.8
35722,65964.2,34141.3
35723,60796.6,36899
35724,56444.5,38989.9
35725,51952.5,41227.5
35726,45587,44313.9
35727,40268.8,46828.8
35728,38101.2,46919.1
35729,40778.6,43896.4
35730,61818.6,30926.8
35731,71452.9,21137.1
35732,72835.3,21803.9
35733,84750.1,10767.6
35734,84451,10596.9
35735,89782.8,8763.7
35736,94000.4,7971.4
35737,98492.8,7540.2
35738,103154.1,7139
35739,107369,6742.3
35740,111282.4,6365.6
35741,99687.5,10641.6
35742,91968.6,13715.2
35743,63999.8,53224.7
35744,38809,85824.5
35745,29198.2,98445.7
35746,20376.6,108441
35747,15211.5,116714.2
35748,11948.4,126192.8
35749,9573.6,134878.2
35750,7415.6,143316.8
35751,6331.5,147656.3
35752,5851.8,152045.3
35753,6713.9,155062.7
35754,8877.9,157967.6
35755,14165.2,91137.3
35756,17226.3,90546.4
35757,29326.4,49029.5
35758,34885.9,44817.4
35759,44924.2,33938.4
35760,50607,28584.6
35761,55661.1,24689.5
35762,62567.3,21979.9
35763,69288.4,20217.4
35764,75119.6,18584.2
35765,69394.1,29803.1
35766,68138.6,36019.9
35767,44583,83495.4
35768,31764.7,117774.6
35769,25055.7,130384.8
35770,17484.8,140971.1
35771,14145.4,149187.8
35772,11606.8,156969.1
35773,9555,165536.8
35774,7624.9,174998
35775,5916.2,183118.4
35776,4951.5,187101
35777,4976.5,186046.8
35778,6784.2,176830.3
35779,11976.4,108178.8
35780,14096.1,106969.7
35781,24239,66384
35782,28409.9,62213.3
35783,35773,48643.6
35784,40147,42211.8
35785,43429.5,37578.8
35786,46793.3,33948
35787,50418.7,30681.3
35788,53486.1,27729.2
35789,46814.7,42410.1
35790,45343,48759.6
35791,25000.4,100507.7
35792,17898.7,135643.7
35793,12486,150197.4
35794,9476.7,161261.2
35795,7816.5,171226.1
35796,6662.7,181179.6
35797,5331,189851.5
35798,3667,195177
35799,2290.9,204917.2
35800,1490.8,213371.7
35801,1571.4,192110.3
35802,2404.1,203346.9
35803,4994.7,119270
35804,6314.9,117385.2
35805,10761.1,76290
35806,13579.5,72872.6
35807,19705.8,58561.5
35808,23517.2,51333.3
35809,26497.1,45846.7
35810,29179.2,41258.6
35811,31767.7,36895
35812,34426.4,32827.9
35813,28782.3,49613.8
35814,28513.4,56023.3
35815,15916.6,110228.7
35816,12157,144851.1
35817,9538.1,155193
35818,8662.5,161021.5
35819,7066.8,166923.8
35820,4952.5,172970
35821,3964.5,177552.3
35822,2993.3,182536.2
35823,2536.5,186758.2
35824,2535.2,190432.7
35825,3429.2,193396.1
35826,4424.3,196567.8
35827,8075.7,119340.9
35828,9436.2,117176.9
35829,15759.6,75908.8
35830,18307.3,72264.7
35831,24266,58090.6
35832,27318,51010.5
35833,30334.9,45515.3
35834,33436,40855.2
35835,35762.5,37132.3
35836,37636.2,33863.1
35837,31926.6,49274.5
35838,31488.3,55242.1
35839,17854.1,109387.4
35840,13339.1,143935.8
35841,10956.1,153878
35842,9036,160588.9
35843,7506.4,166315.3
35844,5706.5,172195.3
35845,3736,177581
35846,2870.4,188562
35847,2228.8,193272.6
35848,1679.2,198055.2
35849,1826.5,198968.9
35850,2470.9,199830.6
35851,6030.8,121034.7
35852,7455.5,118765.6
35853,13369.9,77002.8
35854,16097.5,73392.1
35855,22046,59378.2
35856,25493.7,52286.9
35857,28469.1,46671.5
35858,30784.8,42072.5
35859,32588.4,37830.4
35860,35015.3,34353.5
35861,37062.4,32579.3
35862,40446,30339.4
35863,39280.9,36335.4
35864,31165.7,57631.4
35865,26709.7,68811
35866,15914.8,94568
35867,12035.6,110207.8
35868,10479.2,117057.7
35869,9601.4,121441.3
35870,8315,125854.8
35871,6927.3,129839.8
35872,7891.6,100626.8
35873,8631.6,98263.1
35874,13060.5,90483.4
35875,17756.9,74318.2
35876,21001.2,76226.2
35877,35496.8,37638.7
35878,41207.9,34245.6
35879,46392.3,27607.5
35880,50105.9,23740.4
35881,55637.5,19760.2
35882,61391.5,17358.7
35883,66856.8,15440.4
35884,72392.2,13702.9
35885,76497.3,13051.9
35886,80849.8,11711.7
35887,82101.1,19387.9
35888,75153.3,25376.8
35889,62908.9,31679.6
35890,55045.8,39722.4
35891,50676.7,42366.8
35892,46923.9,44796.7
35893,42577.5,48143.5
35894,37140.1,51133
35895,33688.3,51927.9
35896,32423.4,50681.5
35897,34582.4,47220.8
35898,53895.7,34263.4
35899,62876.9,24282.7
35900,64331.1,24730.2
35901,75780.6,12861.7
35902,76524.4,12992.4
35903,81752.1,9317.6
35904,86059.8,8254.7
35905,89421.6,7762.1
35906,93828.2,7283.9
35907,97821.7,6869.8
35908,101721.8,6485.1
35909,89539.5,10840.6
35910,82855.7,13959.5
35911,55885.9,55946.8
35912,32406.1,89837
35913,21168.9,105071.5
35914,15776.2,116790.9
35915,13110.8,127449.7
35916,11341.3,136645
35917,9811.3,146915.5
35918,7576.8,157749.5
35919,5712.7,166897.9
35920,4706.6,171871
35921,4654.7,170589.9
35922,6139.2,165630
35923,10965.3,97236.5
35924,12978.1,96952.3
35925,21269.2,55937.7
35926,26381.2,51752.9
35927,36806.6,36841.7
35928,42004.4,30155.6
35929,46315.6,26350.2
35930,52801,23271.9
35931,58265.4,20676.7
35932,62499.8,18989.3
35933,54874.6,31640.8
35934,52838.7,38645.3
35935,30159.5,91386.1
35936,21129.5,125451
35937,16639.1,137167.5
35938,13184.6,145831.1
35939,10579.1,153283.1
35940,8274.1,161169.5
35941,7185,165469.7
35942,6530.8,168990.5
35943,6158.4,172340.1
35944,6174.4,175698.4
35945,7076.1,178399.9
35946,8314.8,180806
35947,12584.6,109730.3
35948,14121.9,108840.7
35949,22492.5,68182.6
35950,25323.7,64525.8
35951,30751.6,50674.5
35952,33634.8,44208.2
35953,36021.5,39310
35954,37958,35563.3
35955,39678.9,32297.4
35956,41431.8,29415.7
35957,34059.1,44473
35958,33007.3,50761.3
35959,18130.4,104187.3
35960,12790.1,138975.4
35961,8853.2,152187.3
35962,6312.8,160990.6
35963,4672.2,168623.3
35964,3735,176622.9
35965,2788.6,185946.7
35966,1773.4,193089.9
35967,1279.5,193853.8
35968,879.9,197596.8
35969,960,199544.8
35970,1394.2,201504.6
35971,4084.2,119617.8
35972,5140.2,117937.1
35973,8826.5,77070.3
35974,10737,73864.1
35975,15175.1,59891.5
35976,18044.6,52976.1
35977,20233.1,47719.1
35978,22115.4,43138.4
35979,24037.2,38843.9
35980,25900.9,34742.7
35981,20994.1,51587.8
35982,20804.9,58088.2
35983,10548.2,112876.6
35984,7554.3,148060.5
35985,4473.2,163306.9
35986,3202.2,170772.4
35987,2307.6,188231.9
35988,1245.1,198571.6
35989,341,212530.5
35990,0,220825.2
35991,0,233298
35992,0,247015.7
35993,0,247415.5
35994,0,232655.7
35995,646.2,141837.1
35996,1124.7,134128.5
35997,2488.1,84843.3
35998,3791.6,81448
35999,5967,67465.8
36000,7617.2,60758.4
36001,10046.3,55251.7
36002,11860.9,50414.5
36003,13832.4,45826.7
36004,15641.1,41442.6
36005,11670.5,58680.7
36006,11470.2,65463.9
36007,5851.5,120791.1
36008,3725,154747.2
36009,2372.8,166875.4
36010,1491.3,175605.2
36011,873.4,196167
36012,218.9,209201.9
36013,0,222398.4
36014,0,237561.7
36015,0,251038.5
36016,0,255680.2
36017,0,238005.3
36018,0,246836
36019,274.8,149618.4
36020,495.4,142745.4
36021,1550.8,89707.5
36022,2280.9,86069.8
36023,3875.2,71470
36024,4654.8,64634.1
36025,5402.2,59266.2
36026,6401.7,54434
36027,7670.8,49718.4
36028,8820,45173.4
36029,9562.3,43607.5
36030,11125.4,40625.9
36031,11512.5,46236.1
36032,6620.5,71820.2
36033,5729.4,82929.2
36034,3937,106999.1
36035,3025.6,119592.2
36036,2314,120742.6
36037,1869.3,139788.1
36038,1157.1,145372
36039,603.7,145108
36040,533.4,109431.1
36041,687.1,107007.3
36042,953.1,103453.1
36043,1441.3,92160.6
36044,2239.4,89679.8
36045,6485.2,52176.6
36046,8939.2,48260.7
36047,11289.2,40897.8
36048,14026.1,36079.1
36049,17915.6,30548.4
36050,19810.5,26471.9
36051,21302.9,23108.4
36052,22797.2,20209.4
36053,23836.7,19877.5
36054,25076.4,17735.3
36055,28879.1,26689.5
36056,25180.1,34094.9
36057,18135.8,42550.9
36058,15708.9,49822.7
36059,14650.4,51441.2
36060,13541.9,52839.2
36061,12646.7,53837.4
36062,12212.4,54180.4
36063,11797,54716.1
36064,12533,53986.9
36065,13609.2,53354.2
36066,27004.1,40791.9
36067,28906.3,33308.5
36068,31561.9,31300.9
36069,39081,19101.4
36070,37887,19546.4
36071,40719.6,15381.2
36072,42934,13535.3
36073,42536,12289.6
36074,44253,11100.1
36075,46074.4,10006.3
36076,47864.1,9001.1
36077,35883.8,13552.2
36078,30263.1,17301.4
36079,15250.2,66447.4
36080,6337.5,104029.5
36081,4578.5,115330.2
36082,3279.1,123945.8
36083,2385.9,131374.2
36084,1596.7,138713.5
36085,1038,146133.3
36086,677,153232.3
36087,447.7,159828.4
36088,288.6,165515.5
36089,469.8,170263.9
36090,1198.4,174167.5
36091,4176.4,103303.4
36092,5519.7,102597.6
36093,10520.6,61382
36094,12727.9,58307.6
36095,17053.5,44010.2
36096,19616.3,37266.7
36097,22829.2,32648.9
36098,26173.1,28855.4
36099,29451.8,25574.6
36100,32716.4,22878.9
36101,25776.7,35893.8
36102,26122.1,43601.6
36103,14637.5,98477.8
36104,11353.1,131382.5
36105,8727,143364.1
36106,5862.1,154309.8
36107,4475.5,165028.6
36108,4005.7,175160.8
36109,3580.3,185992.9
36110,2607.6,194377
36111,1752.8,199970.1
36112,1239.1,207151
36113,1278.6,208526.4
36114,2432.4,200110.7
36115,6191.5,116959.6
36116,8324.6,115164.2
36117,13667.9,73923
36118,17468.1,70374.9
36119,24119.6,55913.1
36120,28053.7,48576.9
36121,32076.9,42491.9
36122,36023.1,37039.9
36123,39920.8,33214.1
36124,44838.5,30003.7
36125,39979.6,44799.7
36126,41453.2,51106.3
36127,25468,104943.7
36128,18355.8,140327.3
36129,13790.5,153981.8
36130,10782.7,164770.5
36131,8609.7,174374.3
36132,7505.8,183494.2
36133,5977.6,193645.8
36134,4081.7,203930.9
36135,2583.8,213446.2
36136,1568.3,222827.9
36137,1312.2,219022.4
36138,2232,200679.9
36139,5655.9,121825.5
36140,8434.7,118881.2
36141,15038.1,76584.1
36142,21437.6,72365.6
36143,29153.3,58049.8
36144,34336.8,50697.4
36145,39593.3,44565.8
36146,45104.7,39656.1
36147,51978,35054.5
36148,58774.1,31470.6
36149,54630.4,46827.1
36150,55395.7,52758.5
36151,34107.6,106508.5
36152,23007.9,143292.6
36153,15666.5,155668.8
36154,12400.9,163236.6
36155,10044.3,170754.8
36156,8027.9,177778.1
36157,6452.3,184980.4
36158,4750.3,190144.2
36159,3738.5,194274.7
36160,3726.3,193168.2
36161,3853.3,194969.3
36162,4566.6,196897.6
36163,8286.8,120951.9
36164,9337,118974.2
36165,15131.7,77450
36166,17697.4,74277
36167,23052.7,60468.1
36168,25593.5,53688.7
36169,27310.3,48369.5
36170,29005.3,43554.1
36171,30363,39171
36172,31577.8,35005
36173,26138.4,51729.2
36174,25149.6,58230.6
36175,12482.1,112973.6
36176,9222.9,147322.6
36177,7114,156833.9
36178,5135.3,163913.4
36179,3559.8,170285.5
36180,2436.3,176218.7
36181,1480.9,181840
36182,700.8,188444.6
36183,226.2,194780.9
36184,40.1,199874.2
36185,315.2,198241
36186,980.7,207495.6
36187,4093.7,123141.3
36188,5446.1,120630
36189,9870.9,78405.3
36190,12327.1,74788
36191,17107.4,60599.4
36192,20701.7,53436.9
36193,23841.5,47692.8
36194,26567,42778.5
36195,28807.1,38495.4
36196,30734.9,35048.3
36197,31801,33380
36198,33864.7,31294.3
36199,32200.8,38063.8
36200,22825.6,60726.7
36201,20346.6,71049.8
36202,13441.8,94140.5
36203,10070.2,106179.5
36204,6539.3,114179.9
36205,5518.3,121103
36206,4123.5,127374.6
36207,3191,132371
36208,3040.6,104835.6
36209,3333.8,100545.3
36210,4365.3,94154.7
36211,6514.1,82587.9
36212,8632.2,79724.6
36213,19232.9,41372.6
36214,24818.1,37842.4
36215,29935.2,31206
36216,33879.4,27238.4
36217,39046,22724.2
36218,42788.8,19089
36219,47029.5,16105.5
36220,51641.1,14215.7
36221,54653.4,13706.1
36222,57633.5,12356.7
36223,59536.1,21740.3
36224,55524.4,28252.1
36225,48172.7,34385.1
36226,43782.5,40807.3
36227,41675.8,42050.4
36228,37956.7,43187.8
36229,32820.3,45150.1
36230,27287.3,48722.3
36231,21817.5,53486.7
36232,19919.6,55331.2
36233,19831.1,53848.5
36234,34736.8,39394.1
36235,39636.3,30296.8
36236,44500.9,28037.1
36237,53887.8,15919.1
36238,53599.1,16477.4
36239,57698.5,12543.5
36240,60726.3,10839.3
36241,63233.2,9575.8
36242,66072.9,8444.5
36243,69853.5,7356.5
36244,73331.5,6583.2
36245,75513,7663.5
36246,78218.2,7289.3
36247,88206.6,18252.8
36248,74223.2,25474.2
36249,64423.1,28678.7
36250,53361.6,36695.5
36251,48739.7,40289.3
36252,44255.4,42116.9
36253,40997.4,42285.4
36254,36183.2,45568.9
36255,32203.5,50236.1
36256,29481,52671.7
36257,28498.5,51306.5
36258,47174.3,38194.1
36259,48811.6,28994.6
36260,54035.6,26895.6
36261,67282.9,14295.6
36262,65654.9,15096.1
36263,70845,11079.5
36264,75702.9,9290.4
36265,75963.7,8272.9
36266,77539.3,7400.5
36267,80655.7,6437.8
36268,83112.2,5481.2
36269,68571.7,9121.5
36270,58049.7,12644
36271,37461.2,54830
36272,17381.8,91486.4
36273,10758.2,106341
36274,6499.3,119289.6
36275,4604.7,123750.8
36276,3230.1,128404.9
36277,2081,149479.7
36278,1130.8,165609.8
36279,554.7,178106.2
36280,99.8,190476.8
36281,9.4,190292.8
36282,94.8,178737.2
36283,1068,100432.8
36284,1744.1,102358.4
36285,4145.9,61574.7
36286,5911.4,57670.5
36287,10054.9,43338.9
36288,14163,35854.3
36289,19225.1,30301.3
36290,23381.7,26157.8
36291,26564.6,23281.9
36292,28961.8,20586.3
36293,22132.4,33408.5
36294,20491.4,41785.2
36295,10197.8,98838.8
36296,6825,133197.6
36297,5180.4,143764.4
36298,3925.8,151721.7
36299,3297.2,157888
36300,2639.4,163796.1
36301,2097.3,169302.2
36302,1598.5,174755.8
36303,1240.5,180224.2
36304,1386.3,184109
36305,1607.9,187979.3
36306,2482.7,190664.8
36307,6241.9,115013.2
36308,7457.9,113762.3
36309,13230.6,72713.9
36310,15535.6,69460.8
36311,20644.1,55347.4
36312,23352.6,48381.1
36313,25770.9,42575.8
36314,27721.5,37460.4
36315,29435.2,33542.7
36316,31377.2,30441.2
36317,26045.6,45816.1
36318,25603.1,52298
36319,13700.8,107929.3
36320,10075.6,142405.1
36321,8404.9,152051.1
36322,7568.7,158534.1
36323,6755.2,164162.6
36324,5810.7,169312.1
36325,5333.5,173764.1
36326,5113.5,177969
36327,5013,181823.9
36328,5294.7,185136.1
36329,5809.5,188168.1
36330,6377,191242.1
36331,10073.9,117539.9
36332,10879.9,115863.8
36333,17549.6,74472.1
36334,19585.4,70995.2
36335,24534.7,57066.2
36336,26666.5,50194.6
36337,28307.7,44740.9
36338,29566.1,40429.1
36339,30351.4,37092.9
36340,31237.2,33967.6
36341,25387.5,49432
36342,24180.4,55552.9
36343,12037.1,110635.7
36344,8721.2,145356.5
36345,6975.5,154872.1
36346,5428.5,161726.3
36347,3877.2,167722.5
36348,1806.8,174691.1
36349,887.2,180847.2
36350,373.3,187630.2
36351,47.2,194034.2
36352,0,199992.9
36353,21.7,198754.9
36354,521.9,207912.5
36355,3477.4,122243.9
36356,4583.4,119811.3
36357,8627.5,77789.4
36358,10907.2,74317
36359,15135.3,60337.2
36360,17832,53363.2
36361,20614.2,47709.7
36362,22913.9,42758.9
36363,25004.1,38731.9
36364,27372.8,35412.8
36365,28828.2,33660.8
36366,31743.7,31449
36367,31766.1,37873.3
36368,23433.2,59763.4
36369,21366.2,69688.1
36370,14021.1,92731.9
36371,11792.3,103812.1
36372,9913.2,107406
36373,8252.7,110501.9
36374,7266.9,112962.5
36375,6320.1,115320.8
36376,9583.9,85555.3
36377,10927.1,87338.1
36378,12617,85636.8
36379,15280.5,71312.4
36380,16839.8,73559.5
36381,28280.5,39569.1
36382,31772.8,36751
36383,34974,30432.6
36384,37250.2,26643.6
36385,41508.4,22196.4
36386,43915.5,19057.7
36387,45672.6,16347.2
36388,48224.2,14213.2
36389,49634.3,13717.3
36390,51757.7,12405.8
36391,54749.7,21546.3
36392,49153.5,27944.7
36393,39117.1,35496.3
36394,32070.7,44701.6
36395,29048.3,46870.4
36396,28433.6,45867.1
36397,25382.9,47140.4
36398,23816,47642.7
36399,22816.8,47888.8
36400,23017.5,47469.5
36401,25377.6,46411.7
36402,38648.9,36530
36403,45207.3,26720.8
36404,44881.8,27244.7
36405,53514.6,15305.1
36406,52169.6,15907.6
36407,55720.8,12025.8
36408,59025.1,10288.1
36409,59186.3,9092.6
36410,61304.5,8277.2
36411,63386.2,7769.8
36412,65840.8,7293.7
36413,52652.3,11634.4
36414,46063.3,15097.5
36415,27056.5,61871.3
36416,11265,98013.8
36417,7827.3,110534
36418,6014.5,120106.5
36419,4020,132979.1
36420,3070.6,144388.5
36421,2235.8,156453.9
36422,1174.5,166825.5
36423,512.4,175805.1
36424,169.8,182546.3
36425,136,177945.7
36426,463.1,182566.9
36427,2558.9,103511.2
36428,4166.4,102710.4
36429,8510.7,61532
36430,10981.4,58176
36431,16333.5,43596.5
36432,20044.6,36107.9
36433,23931.2,31047.5
36434,28602.1,27337.9
36435,32677.8,24345.3
36436,35925.4,21837.1
36437,28931,34833.8
36438,29333.8,42543.6
36439,16210.5,97875.9
36440,11814.8,131504.4
36441,9758.3,142593.2
36442,6549,152594.3
36443,4840.7,160560
36444,3559.8,168841.2
36445,2903.9,173767.2
36446,2026.4,179777
36447,1272.1,186964.7
36448,872.3,194399.5
36449,831.4,197593.9
36450,1397.3,196142.4
36451,4707.4,116645.2
36452,6622.4,114936.3
36453,12233.2,73631.4
36454,14606.4,70503.5
36455,19654.6,56718.5
36456,22327.5,49981.4
36457,24222.9,44624.1
36458,25661.1,39701.8
36459,26589.8,35346.3
36460,27207,32098.5
36461,21772.9,48784.9
36462,21090.1,55341.8
36463,10128.3,110848
36464,6010.2,147912.1
36465,3487.7,161284.9
36466,2225.1,173775.2
36467,1206.3,186983.9
36468,539.8,199017.7
36469,87.4,207313.4
36470,0,221282
36471,0,230217.3
36472,0,235619.2
36473,0,232501.1
36474,0,239831.1
36475,17.7,141856
36476,154.5,134828.5
36477,1034.3,85352.9
36478,1616.9,82029.9
36479,3369.6,67787.1
36480,4620,60990.4
36481,5834.5,55668.9
36482,7577.2,50683.5
36483,9212.8,45857.5
36484,10789,41322.7
36485,8854.4,58143.6
36486,9623.4,64769.6
36487,5215.5,120032.1
36488,2739.2,159374
36489,1822.8,175109.3
36490,1452.5,189026.8
36491,1073.5,201871.8
36492,577.1,213595.9
36493,227.9,224084.6
36494,2.5,237467
36495,0,250770.5
36496,0,260356.5
36497,3,257023.7
36498,63.7,249810.3
36499,1257.3,146657.8
36500,2030.3,135715
36501,5235.2,87510.5
36502,7454.7,83506.6
36503,11433.4,68308.7
36504,15099.8,60632.4
36505,18886.7,54594.2
36506,22434.8,49147
36507,25705.7,43952.3
36508,29124.2,38821.5
36509,25997.3,55126.8
36510,27363.5,61535.8
36511,16062.8,116543.7
36512,10624.9,156132.2
36513,8021.6,169976
36514,6380.9,180828.3
36515,5300.2,191748.8
36516,4128.4,202473.2
36517,2860.3,213140.8
36518,1395.7,223298
36519,593.4,215267.3
36520,379.4,221170
36521,615.1,217578.9
36522,1157.1,225461.1
36523,3273.1,126366.9
36524,4531.4,127236.7
36525,8227.6,84825.1
36526,9906.6,81307.7
36527,14409.8,66510.2
36528,17860.8,59170
36529,20885,53462
36530,23570.7,48428.7
36531,25860.2,43555.9
36532,27853,38841.6
36533,28888.8,36735
36534,30259.7,33516.7
36535,28865.6,39892.1
36536,21964.6,64161.1
36537,19475.5,74950.4
36538,11784.1,98672.6
36539,9530.4,110113.7
36540,7163.4,114682.9
36541,6313.3,117565.9
36542,5550.6,119771.5
36543,4973.7,122334.8
36544,4362,99602.8
36545,4623.1,101433.3
36546,6555.2,95719.9
36547,10872.7,82659.9
36548,13939.8,79476.8
36549,24784.3,41279.1
36550,29683.2,38149.4
36551,34078.7,31583.8
36552,37394.1,27623.8
36553,42561.9,23025
36554,45995.3,19340.5
36555,49543.8,16237.7
36556,52709.7,14151.1
36557,54999.9,13652.3
36558,56563.5,12305.8
36559,55844.6,22085.1
36560,50150.1,28798.4
36561,42423.7,34872.5
36562,37240.5,41524.4
36563,31919.3,44064.9
36564,28969.3,45808.6
36565,25430.6,48757.4
36566,20968.4,52433
36567,18082.5,55121.8
36568,17145.7,57079.5
36569,18092.6,54271.7
36570,32386.6,40220.7
36571,38383.4,30389.3
36572,43414.8,28158.9
36573,52949.1,15980.4
36574,52148,16661.9
36575,56005.6,12691.3
36576,59080.6,10887.8
36577,58796.2,9760.6
36578,60475.7,8651.1
36579,62559.7,7635.4
36580,64990.1,6937.6
36581,52467.6,11378.8
36582,46255.3,14663.4
36583,27592.9,61401.9
36584,10124,101736.2
36585,6927.9,116579
36586,5350.8,128876.8
36587,4304,140672.8
36588,3457.4,152349.8
36589,2686.7,163754.2
36590,1389.5,176012
36591,672.8,187075.7
36592,380.5,198081.8
36593,347.7,197965.5
36594,560.3,188588.2
36595,2421.7,102290.3
36596,3766.5,104505.6
36597,7462.9,63557.2
36598,9197.2,60503.2
36599,14081.8,45991.4
36600,17541,38482.8
36601,20385.1,32973.7
36602,23301.1,28529.8
36603,26066.3,25266.4
36604,28734.9,22278.6
36605,24002.9,35522
36606,24434.6,43238.6
36607,12635.8,100080.3
36608,7765.9,138699.4
36609,5207.9,152875.8
36610,3896.8,164653.4
36611,3082.9,175984.3
36612,2177.5,186897.7
36613,1152.7,197425.2
36614,210,209423.2
36615,0,221578.7
36616,0,212848
36617,0,212299.2
36618,137.8,218745.5
36619,1627.8,121135.3
36620,2339.3,120422
36621,5477.8,78425.4
36622,7002.3,75511.7
36623,9823.3,61684.7
36624,11923.3,54934.5
36625,13670.1,49567.1
36626,15657.8,44546.5
36627,17266.6,40049.2
36628,18894,35890.7
36629,14353.5,52702.9
36630,14157.1,60170.5
36631,7458.6,115501.5
36632,4914,150487.5
36633,3693.7,159859.9
36634,2780.9,166791.4
36635,1961.5,173333.2
36636,1210.5,179936.8
36637,774.7,185912
36638,383,191883.2
36639,176,197490.9
36640,68.1,203608.4
36641,371.4,206955.1
36642,871.8,210170.4
36643,3314.3,125045.1
36644,4179.2,122593.4
36645,7437.4,80639.9
36646,9028.4,77299.4
36647,12302,63199.8
36648,13389.6,56754.7
36649,14829.2,51538.6
36650,16429.5,46699.5
36651,17927.5,41998.1
36652,19228.9,37712.8
36653,14239.2,55029.9
36654,13857.4,61822.9
36655,6425.3,117253.2
36656,3497.4,153324.1
36657,2053.9,163666.2
36658,1133.6,171828.4
36659,498,179566.9
36660,100.1,188363.2
36661,0,198010.9
36662,0,206175
36663,0,213525.4
36664,0,220147.5
36665,0,218577.4
36666,0,230626.8
36667,474.2,133388
36668,1169.3,127965.1
36669,3403,84114.8
36670,4604.5,80619.4
36671,7456.7,65773.4
36672,9176.3,58838.7
36673,10563.9,53608.4
36674,12036.1,48721.5
36675,13742,43923.1
36676,15205.3,39448.7
36677,11490.2,56552
36678,11320,63381.5
36679,5237.6,118775.7
36680,2457.8,156472.1
36681,1023.4,170908.4
36682,457.6,180815.9
36683,50,195944.6
36684,0,219302.4
36685,0,235107
36686,0,254146.7
36687,0,272877.7
36688,0,285766.1
36689,0,283678.7
36690,0,276925.5
36691,0,175833.4
36692,0,166317.4
36693,103.6,105010.5
36694,465.9,94112.4
36695,1118.2,74378.6
36696,1661.8,67154.6
36697,2418.6,61617.8
36698,3264.5,56736.5
36699,3755.2,52190
36700,4428.6,47751.6
36701,5172.3,46431.5
36702,6073.7,43533.4
36703,6042.8,52628.7
36704,3716.5,75298.2
36705,3449.8,85825.4
36706,2412.1,109606.7
36707,2141.9,119720.6
36708,1854.2,123101.8
36709,1623.9,125726.8
36710,1459.5,127728.9
36711,1429.8,128947
36712,2116.4,99293.7
36713,2457.2,100937
36714,2889.7,99242.3
36715,3363.8,89133
36716,3756.8,86926.8
36717,8524.6,49439.2
36718,10412.1,46085.3
36719,12589.3,38719.7
36720,14169.4,34164.2
36721,17146.2,29647.3
36722,18836.2,26093.6
36723,20231,22938
36724,21112.2,22505.1
36725,22441.2,20212.2
36726,25065.7,28664.9
36727,22105.4,35778.3
36728,14995.6,44277.3
36729,13198.4,51741.7
36730,12594.9,53173.1
36731,11988,54271.6
36732,11645.6,54925.3
36733,11366.1,55335.1
36734,11218.4,55712.6
36735,11074.2,56052.9
36736,10535.1,56754.2
36737,21402.9,42614
36738,21945.7,34594.3
36739,24274.4,32193.7
36740,30753.8,19811.9
36741,29706.4,20216.3
36742,32484.8,16075.4
36743,34567.4,14279.8
36744,33365.1,13194.2
36745,34108.7,12175.5
36746,35950.3,11065.7
36747,37622.6,10019.7
36748,25702.7,14435.2
36749,19913.8,18429.4
36750,10664.8,68866.2
36751,2971.5,107172.7
36752,1727.5,120936.7
36753,1004.5,135083.8
36754,572,150305.5
36755,105.7,167308
36756,0,182661.6
36757,0,194999.6
36758,0,200715.4
36759,0,209314.9
36760,0,206780.2
36761,0,215579.9
36762,0,131107.7
36763,0,127271.9
36764,274.5,74202.5
36765,669.1,68599.2
36766,1375.8,54257
36767,1931.4,47341.1
36768,2749.5,42143.9
36769,3546.7,37875
36770,4381.4,34142.6
36771,5533.2,30680.7
36772,3723.2,46059.8
36773,3758.1,55166.1
36774,1491.6,111584.6
36775,374.5,149978
36776,156.2,162104.2
36777,21.8,171653.5
36778,0,180589
36779,0,189068.3
36780,0,197874.2
36781,0,206597.7
36782,0,213908.8
36783,0,223639.6
36784,0,224078.5
36785,0,233868.7
36786,0,136006.4
36787,68.2,133955.9
36788,921.3,83992
36789,1241.8,80576.7
36790,2171.5,66373.9
36791,2871,59996.1
36792,3690.5,54739.6
36793,4616.2,49770.8
36794,5570.4,45239.7
36795,6624.2,41053.6
36796,4908.7,57832.5
36797,5016.2,65290
36798,2061.9,120912.7
36799,712.1,158631.4
36800,181.3,170926.5
36801,3.8,179972.3
36802,0,189268.5
36803,0,201050.7
36804,0,204304.8
36805,0,223303.3
36806,0,240343.3
36807,0,240871.6
36808,0,236543.4
36809,0,242610.7
36810,94.1,141073.9
36811,557.5,137938.3
36812,2285.1,87234.2
36813,3135.8,83628.9
36814,4945,68959.2
36815,6168.4,61908.2
36816,7706.2,56370.5
36817,8851.8,51452.4
36818,9906.7,46759.1
36819,10987,42272.4
36820,8388.2,59182.8
36821,8532,66032.5
36822,3931,121588.3
36823,2217.1,158305.5
36824,1334,169355.4
36825,546.4,178146.4
36826,88.8,186686.2
36827,0,196113.5
36828,0,204222.1
36829,0,212215.2
36830,0,219440.8
36831,0,225938.8
36832,0,224224.5
36833,0,234745.6
36834,399.5,138358.9
36835,1416.8,131103.8
36836,4156.7,86228.4
36837,5617.6,82490.7
36838,9241.4,67415
36839,11319.6,60126.7
36840,13107.4,54371
36841,15154.4,49140.7
36842,16940.2,44420.9
36843,18611.3,39855.6
36844,14923.2,56604.4
36845,15195.3,63190.5
36846,7780.5,118644.5
36847,5683.4,154989.5
36848,4372.7,164897.3
36849,2484.1,174122.3
36850,1664.6,180731.2
36851,1062.9,186841.2
36852,639.5,192180.5
36853,308.2,198448
36854,32,206038.8
36855,10.3,211527.9
36856,0,217707.1
36857,1.7,222955.1
36858,1420.8,130634.5
36859,2890.6,126251.1
36860,6589.3,84093.7
36861,8840.8,80213.7
36862,13251.6,65023.1
36863,16029.4,57480.6
36864,19111.2,51435
36865,22207.8,46096.6
36866,25098.8,40953.9
36867,27941.1,36522.9
36868,29668.4,34937
36869,31635.4,32600.1
36870,30780.7,39496.7
36871,24561.6,62648.9
36872,21072.7,75408.1
36873,13168.1,98793.5
36874,11299.2,108830.2
36875,8366.9,113829.2
36876,6783.5,118929.8
36877,5728.1,123071.1
36878,5188.9,123007.2
36879,4894.6,95540.6
36880,6108.4,94744.2
36881,6453.2,93573.9
36882,8384.3,82928.3
36883,11736.6,79106.1
36884,22315.7,41652.8
36885,27224.7,38647.8
36886,31732.1,32094.7
36887,35377.9,28125.3
36888,40578.7,23482.3
36889,43829.7,19911.7
36890,47207.6,17132.6
36891,50859.7,14538.2
36892,53125.8,13857.3
36893,55694.4,12503.5
36894,56956.1,21823.2
36895,52742,28282.3
36896,42719.6,38032
36897,36586.4,47725.3
36898,32481.9,51084.2
36899,27931.9,53238.9
36900,23080.1,55392.5
36901,19591.3,58026.9
36902,15208.6,62188.8
36903,12268.4,65788.7
36904,10611.7,67475.3
36905,19131.2,49732.3
36906,18299.1,37621
36907,22487,31563.3
36908,31745.9,18290.9
36909,31982.8,18666.8
36910,36654.1,14577.3
36911,40527.5,12833.5
36912,41081.2,11671.9
36913,43568.9,10568.9
36914,45993.8,9545.4
36915,47777.2,8649.3
36916,35729.7,13213.4
36917,29837.8,16901.7
36918,16577.3,66569
36919,5963.7,104746.6
36920,4003.9,117241.8
36921,2634.9,128287.6
36922,1709.5,137157
36923,1026.8,143920.7
36924,451.2,152505.7
36925,78.7,162045.5
36926,0,172096.8
36927,0,181053.1
36928,0,185974.4
36929,0,206346.1
36930,0.2,112622.9
36931,24.5,110546.8
36932,1162.7,67358.6
36933,2070.7,64355.7
36934,4842.4,49717.7
36935,7395.9,42172.9
36936,9120.8,36913.7
36937,10839.7,32802.5
36938,12991.5,29698.4
36939,15116.6,26865.3
36940,10822.7,40800
36941,11011.4,49084.4
36942,5027.3,105469.8
36943,3149.6,140714
36944,1942.3,151642.1
36945,1167.1,159723
36946,501.1,168270.5
36947,126.1,176228.5
36948,0,183427.5
36949,0,191227.3
36950,0,199221.9
36951,0,206009.6
36952,0,205467
36953,0,215907.4
36954,442,125236.5
36955,1162.6,121109.9
36956,3728.5,78761.7
36957,4725.3,75768.9
36958,7406.2,62063.1
36959,9053.8,55505.8
36960,10518.6,50152.7
36961,12375,45075.6
36962,14509,40364.8
36963,16305,36075.2
36964,12160.9,53242.1
36965,11918.5,60584.5
36966,5512.2,115838.9
36967,3141.3,151620.2
36968,1948.6,161916.6
36969,1102.8,170971.5
36970,570,180381.7
36971,257.1,184201.2
36972,60.8,208053.3
36973,0,216472.6
36974,0,221751.4
36975,0,233119.9
36976,0,231631.9
36977,0,236078.4
36978,990,130738.1
36979,2116.8,126906.8
36980,5783.8,83249.8
36981,7890.9,79252.6
36982,12724.5,63808.3
36983,16424.2,56194.1
36984,20192,50122.4
36985,23804,44653.5
36986,27472.9,39228.4
36987,31072.4,34758.1
36988,27837,51196.3
36989,29122,57297.1
36990,17667.1,111896.6
36991,12784.6,149523.4
36992,9712.1,162318.9
36993,7698.2,171688.1
36994,5962.7,180646.1
36995,4710.4,189659.8
36996,3855.2,196864.3
36997,2717,205346.5
36998,1593.1,214427.3
36999,647.9,227857.4
37000,319.9,232394
37001,322.5,245577
37002,1186.9,141752.8
37003,2666.3,131114.5
37004,6778.3,84006.8
37005,9583.6,79885
37006,15396.5,64542.1
37007,19476.1,57130.3
37008,23060.3,51292.2
37009,26474.3,46001
37010,29689.7,40796.2
37011,32679.9,35866.2
37012,28670.2,52683.7
37013,29759.7,58660.1
37014,17548.2,113047.1
37015,12298.4,150833.9
37016,9103,163763.1
37017,6835.6,173856.8
37018,5110.4,183426.9
37019,3834.5,193449.4
37020,2822.3,202814.5
37021,1753.9,212449.5
37022,598.3,226214
37023,84,240791.7
37024,5.1,246570.7
37025,7.2,257570.8
37026,335.9,150168.5
37027,870.3,138110.3
37028,3393.3,87204.6
37029,4942.5,83294.2
37030,7493.8,68585.3
37031,9747.2,61472.5
37032,11849.6,55893.7
37033,14063.5,51008.9
37034,16093,46228.1
37035,17990,41548.6
37036,18968.4,39546.5
37037,20646.7,36270.3
37038,20063.7,41940.3
37039,13440.3,68551.5
37040,10989.1,81872.6
37041,6126.9,109933.1
37042,4831.4,124755.2
37043,3769.6,129000.7
37044,2898.6,130674.6
37045,2314.9,131372
37046,1766.3,133927.4
37047,1760.5,106005.5
37048,1521.9,109693.3
37049,1488.8,106906.7
37050,1718.1,93837.1
37051,2574.3,88689.2
37052,7469.4,49913
37053,11303.3,45525.2
37054,15482.7,37492.3
37055,19173.1,32422.2
37056,24433.9,27537.8
37057,28503.3,23678.7
37058,32195.4,20251.4
37059,35900,16925.4
37060,39123.5,15953.4
37061,43633.5,13734.6
37062,48089.6,23470.4
37063,44046.4,31454.1
37064,35292.7,42635.3
37065,30323.7,52834.5
37066,26821.6,56021.4
37067,22459.1,58880.4
37068,18334.7,60984.2
37069,15498.6,62166.8
37070,12578.4,65104.2
37071,10863.4,68686.4
37072,9784.7,70897.3
37073,18599.3,53230.2
37074,18300.5,42348.8
37075,21484.7,34748.6
37076,30258.7,20221
37077,31110.8,20270.5
37078,36938.2,15829.1
37079,41971.8,13810.2
37080,43455.5,12491.5
37081,47307.3,11225.8
37082,51702.1,10009.8
37083,56172,8903.3
37084,45117.5,13324.9
37085,41058.7,16937.8
37086,24109,65865.1
37087,9492,106085.7
37088,6929.3,119790.1
37089,5291.8,132740.8
37090,3893.8,144681.8
37091,2670.7,155583.7
37092,1472.3,163784.9
37093,431.6,177380.5
37094,0,194572.9
37095,0,213903.5
37096,0,222143
37097,0,233756.4
37098,16.6,127701.7
37099,124.3,121886.4
37100,1242.4,70525.7
37101,1707.7,67843.8
37102,3434.4,53763.5
37103,4614.2,46672.3
37104,6040.5,41321.3
37105,8095.3,36769.2
37106,10203.5,32571.7
37107,12468.3,28756
37108,8917.4,43695.3
37109,9136.5,52587.8
37110,4636.9,108569.6
37111,2993.4,143397.1
37112,1996.6,154019
37113,1344.6,162086.6
37114,654.3,171072.1
37115,265.5,178550.5
37116,14.2,186191.5
37117,0,193635.8
37118,0,202798.1
37119,0,210991.7
37120,0,214363.2
37121,0,218525.9
37122,812,126322.8
37123,1619.1,121882.2
37124,4440.6,79587
37125,5517.8,76380.8
37126,8655.5,62484.6
37127,10398.2,55801
37128,11979.3,50290.6
37129,13631.2,45129.7
37130,15243.1,40502.7
37131,16759.1,36282.6
37132,12905.1,53228.7
37133,12830.3,60539.5
37134,6253.1,115703.5
37135,3900.5,151285.8
37136,2600,161185.2
37137,1369,169560.1
37138,611.2,179474.7
37139,164.7,189585.9
37140,0,210986.4
37141,0,223924.8
37142,0,239569
37143,0,256244.2
37144,0,263181.2
37145,0,273367.4
37146,0,174576.4
37147,76.8,144113.3
37148,796.9,91211.8
37149,1379,85067.2
37150,2768.2,69864.3
37151,4267.4,62650.5
37152,5610.6,57245.5
37153,7247.9,52503.2
37154,8939.9,47633.2
37155,10291.6,43115
37156,8058.9,59677.7
37157,8765.5,66543.1
37158,4467.2,126033.8
37159,2414.5,160057.7
37160,1423.3,174402.3
37161,813.8,189342.7
37162,290.8,206207
37163,0,222969.9
37164,0,237775.1
37165,0,251329.2
37166,0,266965.3
37167,0,281647.7
37168,0,286095
37169,0,296836.8
37170,0,197148
37171,0,175545.6
37172,6.3,115354.4
37173,42.8,102572.5
37174,294.6,79847.1
37175,545.5,70968.5
37176,1159.9,64925.2
37177,1995.6,59942.3
37178,2752.4,55047.9
37179,3424.2,50237.7
37180,2902,67075.5
37181,3135.8,74035.3
37182,1324.7,134192.8
37183,155.5,173670.8
37184,0.1,191856
37185,0,206550.6
37186,0,222225.2
37187,0,237951.5
37188,0,251538.8
37189,0,264821.4
37190,0,280995.1
37191,0,294270.6
37192,0,298078.5
37193,0,306645.8
37194,0,203152.6
37195,0,188958.3
37196,0,125284.2
37197,0,113569.8
37198,28.5,88015.9
37199,213.1,76359.3
37200,503,63920.8
37201,1077.8,62033.5
37202,1996.4,56584.8
37203,3148,51296
37204,4442.9,49157.1
37205,6494.4,45559
37206,6542,54474
37207,4129.3,80769.2
37208,3720.7,95874.3
37209,2418.3,123005
37210,1895.9,136507.8
37211,1367,144356
37212,803.6,150338.5
37213,259.8,155965.3
37214,0,163057.9
37215,0,135929.3
37216,0,143312.2
37217,2.9,142059.3
37218,17,124291.7
37219,44.5,101057.4
37220,557.6,61140.3
37221,1687.2,56531.7
37222,2966.6,48847.2
37223,4416.2,43938.5
37224,7487,38227.8
37225,10513.4,33121.8
37226,13660,28596.8
37227,16725.6,24511.4
37228,19188.4,23618.7
37229,21534.5,21263.4
37230,22728,32699.7
37231,22088.2,41869.2
37232,14389.1,55367.4
37233,10500.4,68680.7
37234,7443.1,75083.3
37235,5476.1,80373.1
37236,4284,83649.8
37237,3514.7,86838.7
37238,2989.6,92011.2
37239,2775.9,97299.1
37240,3932.2,94770.1
37241,9666.8,78522.6
37242,8975.6,64751.7
37243,9953.4,52600.7
37244,10810.9,35177.8
37245,11733,30406.5
37246,13078.5,23956.5
37247,14487.1,20820.1
37248,14220.8,18713.4
37249,15210.5,17099.9
37250,16481.4,15765.2
37251,18131.2,14540.6
37252,11454.2,19890.9
37253,7239.6,25825.7
37254,5357,80468
37255,206.1,123704
37256,6.7,141557.8
37257,0,157581.5
37258,0,167593
37259,0,190342.5
37260,0,204221.7
37261,0,211318.2
37262,0,222606.6
37263,0,239720.6
37264,0,235889.9
37265,0,248444.5
37266,0,162484.2
37267,0,148552.7
37268,122.5,83288.2
37269,422.8,75304.1
37270,1222.6,60255.8
37271,2287.8,53073.5
37272,3400.7,47541.9
37273,4365.5,43001.4
37274,6027.2,38839.5
37275,7936.7,34816.1
37276,6444.6,49229.4
37277,7587.7,58319.7
37278,3953.6,114486.1
37279,2068.3,152845.9
37280,1272.6,165237.4
37281,763.1,175227.5
37282,312,190771.1
37283,19.1,209425.1
37284,0,224224
37285,0,237987
37286,0,255187.5
37287,0,271463.5
37288,0,277906.2
37289,0,288671.3
37290,0,192283.7
37291,0,169644.7
37292,104.9,107438.4
37293,376.5,95002.2
37294,1144.8,73427.1
37295,1903.5,65274.1
37296,3098.2,59510.4
37297,4209.7,54062.9
37298,5964.8,49052.8
37299,8026.5,44432.1
37300,6177.4,60912.5
37301,6692.2,68386.2
37302,3357.2,129187.1
37303,1441,166864.6
37304,686.3,184888.2
37305,251.2,200296
37306,9.9,209165.4
37307,0,230464.7
37308,0,230569.4
37309,0,236297.2
37310,0,243580
37311,0,261598.8
37312,0,272301.5
37313,0,263604.3
37314,0,169224.1
37315,0,159289.2
37316,266.5,100107.5
37317,549.5,93375
37318,1345.9,75504.9
37319,2204.8,67913.8
37320,3076.4,62327.9
37321,4195,57096.1
37322,5935.5,51925.3
37323,7310,47194.3
37324,5288.9,64214.5
37325,5542.7,71184.2
37326,2761.2,132381
37327,1005.4,171347.4
37328,264,190142.2
37329,9.6,206662.6
37330,0,216976.8
37331,0,240814
37332,0,254392.5
37333,0,268804.2
37334,0,285209.5
37335,0,301029.9
37336,0,307745.9
37337,0,319772.3
37338,0,218986.1
37339,0,196810.6
37340,0,134045.5
37341,0,120060.4
37342,23.9,91710.2
37343,149.8,77744.1
37344,411.4,64841.2
37345,745.3,63614.6
37346,1520.1,58848.3
37347,2114.5,54726.8
37348,1700.5,71611.6
37349,1729.5,78777.1
37350,450.4,143380.4
37351,0,188968.2
37352,0,203249.5
37353,0,217808.9
37354,0,226984.4
37355,0,242852.3
37356,0,250985.9
37357,0,255945.5
37358,0,261472.8
37359,0,265639.2
37360,0,267859.8
37361,0,269970.1
37362,0,172887.8
37363,0,164631.5
37364,432.8,105245.2
37365,721.7,97367.5
37366,1253.5,78634
37367,1804.7,69785.7
37368,2786.6,63652.1
37369,3497.4,58636.5
37370,4168.2,53823.7
37371,5411.2,48922.3
37372,6117.7,47205.4
37373,6883.6,44139.1
37374,6578.2,53556.9
37375,3864.1,76713
37376,3610,87017.4
37377,2596.2,110304.8
37378,1903.7,122553.2
37379,1294.3,127972.8
37380,995.1,130270.5
37381,735.1,131816.4
37382,522.6,135217.1
37383,594.4,107785.6
37384,546.8,116554.7
37385,408,113675.4
37386,274.3,100846.1
37387,273.7,94072.7
37388,1578.3,54437.9
37389,3244.3,50089.7
37390,5661,42309
37391,7911.4,37270.5
37392,11547,31747.2
37393,14684,27997.1
37394,18159.7,24422.9
37395,20943.6,21185.7
37396,22948,20767.7
37397,25224.6,18438.1
37398,25874.6,30022.5
37399,24655.1,38554.3
37400,17352.8,50133.2
37401,13630.1,59971
37402,11309,61065.9
37403,8038.6,64105.3
37404,6288.5,66006.3
37405,5501.1,65783.1
37406,5465.1,63844.3
37407,5595.5,63491.3
37408,6088.4,62056.3
37409,15117.8,45841
37410,15786.2,36549.2
37411,18660.8,33417.5
37412,26285.2,20512
37413,26213.2,20844.6
37414,29802.6,16672.1
37415,32695.3,14838
37416,32884.7,13583.7
37417,34719.8,12396.1
37418,36438.7,11325.3
37419,38346.1,10274.2
37420,26788.5,14594.4
37421,21719.4,18826.3
37422,11920.7,70160.6
37423,3570,109729.8
37424,2304.8,122581.3
37425,1348.8,135506.4
37426,764.6,142803.5
37427,248.6,153940.4
37428,0,162649.7
37429,0,169714
37430,0,180561.9
37431,0,193743.9
37432,0,195209.5
37433,0,208920.5
37434,0,114510.2
37435,9.7,114387.2
37436,1120.6,69033.6
37437,2163.4,65890
37438,4386.2,51619.2
37439,6266.9,44348.7
37440,8093.2,38890.4
37441,9528.8,34614.7
37442,11064.7,31385
37443,13141.3,28358.9
37444,10634.5,42082.4
37445,11105,50192.7
37446,5147.9,106859.6
37447,2730.9,145285.3
37448,1763.3,155613.5
37449,970,164443.3
37450,457,171771
37451,67.2,180009.8
37452,0,188338.2
37453,0,198608.4
37454,0,203354.9
37455,0,214800.7
37456,0,220762.5
37457,0,235172.1
37458,13,136829.7
37459,97.4,131906.4
37460,2065.9,81201.5
37461,3725.7,77160.5
37462,6847.9,62728.2
37463,9093.9,55988.2
37464,11072.8,50434.9
37465,13259,45203.5
37466,15741.9,40369.7
37467,18112.2,36024.4
37468,14001.9,53028.2
37469,14686.8,60016.2
37470,6980.6,115771.5
37471,3954.7,156467.7
37472,2640,169588.4
37473,1610.3,181155.5
37474,807.9,193048.9
37475,136.4,205738.4
37476,0,211010.1
37477,0,218795.6
37478,0,232514.7
37479,0,241345
37480,0,251181.2
37481,0,268728.5
37482,0,174682.7
37483,0,154274
37484,168,94428.1
37485,652.8,86650.8
37486,1756.3,70331.4
37487,3420.5,62809.1
37488,5296.6,57120
37489,7425.4,52402.1
37490,9279.9,47659.9
37491,11347.1,43103.6
37492,8556.5,59658
37493,9272.1,66410.4
37494,4204.5,122941.3
37495,1942.6,165300.6
37496,960.5,181928.3
37497,447.8,197441.6
37498,53.1,207386.9
37499,0,230866.1
37500,0,245182
37501,0,256747.8
37502,0,268918.2
37503,0,270258.2
37504,0,275701
37505,0,283746.6
37506,0,181961.6
37507,0,173011.3
37508,0,111337.3
37509,10,101082.4
37510,252,78439.4
37511,531.7,69860
37512,992.2,63999.1
37513,1566.4,58933.6
37514,2258.7,54267.5
37515,2975.6,49629.6
37516,2538.9,66411.3
37517,2827.5,73229.2
37518,1065.4,134856.7
37519,47.8,175277.4
37520,0,190500.4
37521,0,204580.8
37522,0,218426.5
37523,0,231767.1
37524,0,246665.4
37525,0,251953
37526,0,261982.5
37527,0,277066.8
37528,0,279299.1
37529,0,295956.9
37530,0,191763.1
37531,0,179368.3
37532,0,114778.3
37533,26.1,103410.1
37534,345.4,81028.3
37535,810.1,71094.8
37536,1427,64503
37537,2260.5,59462.6
37538,3147.9,54627.8
37539,3954.2,49969.8
37540,4818.7,48405.9
37541,5840,45234.2
37542,5846,55235.8
37543,3326,81339.3
37544,2679.8,95822.4
37545,1492.9,123684.2
37546,1014.3,137916.9
37547,607.5,145581.9
37548,240.1,151882.8
37549,2.5,156951.7
37550,0,165810.4
37551,0,138709.2
37552,0,145141.1
37553,0,144387.7
37554,0,126734.4
37555,0,104519.5
37556,160,63796.2
37557,703,59340
37558,1401.5,50997.9
37559,2142.6,46257.2
37560,3784.1,40748.6
37561,4682.3,36398.8
37562,5731.4,32549
37563,6904.6,28642.5
37564,7954,27584.4
37565,9102.6,24635.1
37566,11149.6,37536.1
37567,10653.7,48526.3
37568,4930.5,61495.6
37569,3290.5,73663.3
37570,2852,77341.4
37571,2483.1,82819.8
37572,2158.6,82469.2
37573,1893,84450.6
37574,1826.9,84031.6
37575,1978.5,82771
37576,2268.6,80920.7
37577,9297.8,64735.9
37578,8638.3,52183.2
37579,9618.1,47730.4
37580,10531.3,34162.6
37581,11698.6,30188.1
37582,13156.8,24175.6
37583,14659.7,21261.3
37584,14480.1,19359.3
37585,15386.3,17563.3
37586,16758.1,15755.1
37587,18320,14204.4
37588,11277.9,20881.5
37589,6903.1,27072.2
37590,4936.4,82690.5
37591,54.7,128158
37592,0,145312.5
37593,0,161710.9
37594,0,172748.6
37595,0,195902.3
37596,0,212202.8
37597,0,228707.2
37598,0,242892.9
37599,0,261557
37600,0,262292.5
37601,0,271037.7
37602,0,184956.1
37603,0,166343.1
37604,0,107642.2
37605,0,96916.5
37606,0,71372.4
37607,77,59368.6
37608,249.3,47610.3
37609,410.9,48243.6
37610,679,44281.8
37611,939.3,40454.7
37612,651.4,55359.8
37613,1224.1,63240.6
37614,320.4,122269.4
37615,3.6,165147.7
37616,0,179654.1
37617,0,191166.9
37618,0,200061.4
37619,0,208457.4
37620,0,215523.6
37621,0,221735
37622,0,228668.9
37623,0,241296.5
37624,0,246477.8
37625,0,244917.8
37626,7,145329.5
37627,11.3,145728.4
37628,587.5,90679.8
37629,772,85483.2
37630,1418.8,70426
37631,2272.4,63300.7
37632,3140.4,57552.5
37633,3979.4,52090
37634,5222.2,47155.4
37635,6113.4,42903.9
37636,4716.2,59533.8
37637,4889,66732.5
37638,1823.8,122919.8
37639,467.9,163831.1
37640,35.4,179410.1
37641,0,196818.7
37642,0,210379.5
37643,0,218193.7
37644,0,229764.1
37645,0,242913.8
37646,0,264999.1
37647,0,280814.8
37648,0,289383.6
37649,0,302416.5
37650,0,205654.2
37651,0,187524.6
37652,0,123116
37653,0.3,109795.1
37654,40.6,83987.1
37655,238.9,71737.7
37656,689,59401.6
37657,1169.8,58715.4
37658,1964.6,53647.2
37659,2998.6,48710.3
37660,2754.4,65203.8
37661,3093.7,72443.8
37662,1109.7,134410.3
37663,5.8,181062.7
37664,0,199760.9
37665,0,215356.5
37666,0,224848.8
37667,0,246140.6
37668,0,259530.3
37669,0,268267.8
37670,0,273772.1
37671,0,276657.4
37672,0,273086.1
37673,0,279035.4
37674,0,178614.4
37675,0,170571.9
37676,133.9,109768.8
37677,338.9,99861
37678,865.6,79084.7
37679,1233,70503.2
37680,1730,64884.7
37681,2505.8,59895.1
37682,3114.8,55189.6
37683,3754.6,50467
37684,3120.8,67192.1
37685,3288.5,74046.1
37686,1257.4,135778.5
37687,45.5,177308.3
37688,0,190678.6
37689,0,202637.4
37690,0,217124.1
37691,0,231398.3
37692,0,237972.4
37693,0,244488.6
37694,0,249986
37695,0,254372.4
37696,0,254664.4
37697,0,265586.3
37698,0,168424.9
37699,0,164186.1
37700,113.8,102373
37701,537,94379.4
37702,1212.8,75579.6
37703,2091.9,67616.3
37704,3236.9,61819.7
37705,3987.7,56941.9
37706,5138.4,52142.4
37707,6518.2,47249.9
37708,7302.6,45467.8
37709,8226.2,42270.9
37710,7700.4,52282
37711,4523.6,79471.1
37712,3836.3,92697.5
37713,2263.8,119888.8
37714,1626.1,133526.3
37715,1086,138801.1
37716,519.8,143790.6
37717,95.1,149466.2
37718,0,156778.3
37719,0,127893
37720,0,129552.5
37721,0,136298.5
37722,0,122261.2
37723,6.3,105312.1
37724,205.2,60446.3
37725,975.5,55222.9
37726,2266.1,47104.5
37727,3597.5,42131.6
37728,6555.3,36442.1
37729,8795.3,31725.6
37730,11172,27634.8
37731,13796.3,24337.3
37732,15741.9,24000.8
37733,17626.5,21782.3
37734,19168.4,33868.5
37735,18485.8,44667.5
37736,11005.7,56249.1
37737,7868.9,64420.5
37738,5102.2,71581.7
37739,4072.2,76733.6
37740,3570.1,79891.6
37741,3297.7,81991.5
37742,3186.2,85317.2
37743,3117,88999.6
37744,3169,91426.5
37745,10382.7,73557.5
37746,9596,61589.3
37747,10579.8,53071.7
37748,11640.8,33519
37749,12983.8,28271.8
37750,14654.9,22090.1
37751,16849.1,19260.6
37752,17368.9,17659
37753,19364.6,16275.2
37754,22237,14918.9
37755,25165,13662.3
37756,15820.5,18748.7
37757,11633.9,24427.3
37758,7516,78163.8
37759,1345.7,122279
37760,759.8,137327.2
37761,382.5,150695
37762,30.1,160098.4
37763,0,182264.6
37764,0,197466.5
37765,0,212732.9
37766,0,230815.3
37767,0,247477.8
37768,0,245207.7
37769,0,246396.4
37770,0,151984.6
37771,0,144956.4
37772,39.2,85664.7
37773,222.8,77092.1
37774,619,60273.6
37775,1163,53191.4
37776,2187.1,47560.4
37777,3989.6,41916.8
37778,5185.7,37625.6
37779,6725.1,33612.6
37780,5480.7,48263.7
37781,5878.1,57254.5
37782,2555.3,113192.6
37783,445.1,154255.8
37784,43.6,167974.2
37785,0,179372.1
37786,0,188722.2
37787,0,198353.4
37788,0,209245.9
37789,0,224117.2
37790,0,233726.2
37791,0,251561.4
37792,0,256951.6
37793,0,266883.1
37794,0,182173.3
37795,0,175484.6
37796,0,106308.8
37797,4.7,94940.9
37798,67.7,74112
37799,283.1,65451.8
37800,665,59493.7
37801,1247.5,53931.3
37802,1875.7,49176.6
37803,2816.4,44700.4
37804,2532.9,60991.6
37805,3005.8,68291.8
37806,949.3,129655
37807,16.9,170102.1
37808,0,185531.1
37809,0,197287.5
37810,0,204785.6
37811,0,216139.2
37812,0,223791.5
37813,0,233804.5
37814,0,249146.8
37815,0,260909.4
37816,0,267413.3
37817,0,279229.3
37818,0,184788.8
37819,0,172694.5
37820,40.6,105313.1
37821,199.7,96312.3
37822,1148,77423.6
37823,2635.8,67308.1
37824,4413.4,60242
37825,6764.6,54815.2
37826,8536,49665.6
37827,10051.6,44904.7
37828,8518.5,61230.5
37829,9537.8,68226.6
37830,3927.6,129796.3
37831,1926.6,167487.8
37832,985.3,184500.1
37833,514.6,197496.4
37834,81.3,201976.4
37835,0,213904
37836,0,225723.3
37837,0,241775.9
37838,0,256018.9
37839,0,278331.5
37840,0,284176.4
37841,0,289306.8
37842,0,170688.5
37843,0,169796.8
37844,2,108767.7
37845,23.2,100221.5
37846,321.1,80448.1
37847,707.5,71242.7
37848,1233.2,64242.9
37849,1909.1,58806.8
37850,2479.3,54095.6
37851,3440,49217.6
37852,2824.2,65685.9
37853,3002.8,72858.6
37854,1055.1,135755.3
37855,0,182990.6
37856,0,202248.4
37857,0,219536.6
37858,0,231053.7
37859,0,253824.2
37860,0,268853.4
37861,0,283088.5
37862,0,299960.6
37863,0,315052.7
37864,0,319862.2
37865,0,326779.4
37866,0,216309.1
37867,0,205993.4
37868,0,144919.6
37869,0,135846.3
37870,0,107236.8
37871,0,91882.2
37872,0,75408.6
37873,0,72670.8
37874,19.7,65167.5
37875,187.5,58162.5
37876,468.3,55285.8
37877,780.4,51748.7
37878,1073.8,61956.4
37879,616.8,86009.5
37880,385.1,98431.2
37881,14.8,121506.7
37882,0,131737.2
37883,0,133644.3
37884,0,137456.4
37885,0,148953.8
37886,0,162888.4
37887,0,136419.9
37888,0,137593
37889,0,146756.2
37890,0,135411.1
37891,0,126357.9
37892,123.9,69542.2
37893,620.7,60861.4
37894,1024.3,51541.1
37895,1589,46012.9
37896,3398.7,40281.5
37897,4863.6,35462.9
37898,6669.2,31018.9
37899,8306.3,26930.5
37900,9937.1,26216.3
37901,12182.3,23775.1
37902,14401.4,36185.4
37903,13735.8,48004
37904,6599,60620.3
37905,3928.5,72984.2
37906,3092.4,77828.7
37907,2498.3,81330
37908,2087.8,83973.2
37909,1776.6,86811
37910,1651,83306.7
37911,1802.5,81257.5
37912,2121.8,82120.6
37913,9134.1,70361.1
37914,8539.3,61356.8
37915,9542.7,53478.2
37916,10560.2,34514
37917,11819.5,29422.5
37918,13542.3,23265.7
37919,15405.7,20241
37920,15709.6,18285.5
37921,17572.3,16541.7
37922,19865.8,15141.7
37923,22751.5,13818.7
37924,14509.9,19271.2
37925,11232.3,24905.9
37926,6942.7,80334.9
37927,1564.1,123047.6
37928,894.6,137529.3
37929,447,151387.6
37930,34.1,160440.7
37931,0,183147.6
37932,0,198862.2
37933,0,215306.8
37934,0,234073.2
37935,0,252082.2
37936,0,261782.5
37937,0,276405.3
37938,0,188300.9
37939,0,179494.6
37940,0,103741.1
37941,2,92690.9
37942,47.8,65978.5
37943,198,55380.1
37944,572.8,44898.5
37945,1252.1,45104.9
37946,2440.4,40828.7
37947,3999.4,36698.5
37948,3394.6,51178.1
37949,3649.2,60861.8
37950,1680.6,120857
37951,405.5,165743.5
37952,78.9,183607.1
37953,0,202622.7
37954,0,213840.4
37955,0,237039.4
37956,0,251235.8
37957,0,265432.1
37958,0,281615.3
37959,0,297551.4
37960,0,307010.1
37961,0,320641.6
37962,0,226465.4
37963,0,214922.1
37964,0,144731
37965,0,130420
37966,0,101173.2
37967,0,85398.3
37968,5.1,68583.6
37969,45.1,66002
37970,252.1,59088.1
37971,641.4,52613.6
37972,529,69317.1
37973,698,76870.3
37974,1.5,146578.3
37975,0,196834.8
37976,0,217759.6
37977,0,236726.6
37978,0,247767.7
37979,0,267935.9
37980,0,280952
37981,0,293415.3
37982,0,308656.9
37983,0,321115.8
37984,0,324561.3
37985,0,334554.1
37986,0,233290.9
37987,0,217521.1
37988,0,147179.9
37989,0,132608.2
37990,0,103414.8
37991,1.7,88346.5
37992,46.7,72898.7
37993,222.1,71124.4
37994,499,64840
37995,748.7,58808.9
37996,550.4,75483.2
37997,648.2,82785.7
37998,1.2,151645
37999,0,200176.1
38000,0,217111.2
38001,0,231296.5
38002,0,240471.5
38003,0,261147
38004,0,273150.1
38005,0,284307.8
38006,0,297011.4
38007,0,309871.4
38008,0,310651.7
38009,0,319558.4
38010,0,215779.5
38011,0,204200.4
38012,0,133847.7
38013,0,120592.7
38014,7.5,94809.2
38015,113.8,82999.8
38016,383.8,70427.5
38017,710.7,68867.2
38018,1049,62563.6
38019,1747.7,56283
38020,1407.2,73013.5
38021,1634.9,80177.9
38022,243.3,146419.4
38023,0,193845.4
38024,0,213320.8
38025,0,230546.5
38026,0,240896.9
38027,0,260499.3
38028,0,272533
38029,0,284230.4
38030,0,297709.7
38031,0,310547.5
38032,0,313810.9
38033,0,323779.7
38034,0,221711.1
38035,0,206628
38036,0,135861.7
38037,0,121989.1
38038,7.5,95373.2
38039,107.6,82874.3
38040,382.4,69907.1
38041,740.8,68301.1
38042,1200.5,61824.1
38043,2112.1,55339.5
38044,2868.8,52797.9
38045,3940.1,49970.2
38046,4379.7,65021.8
38047,2502.2,91823.7
38048,2055.4,104432
38049,996.4,131498.5
38050,545.1,145015.8
38051,131.6,150512.9
38052,0,155068.7
38053,0,159988.9
38054,0,171468.4
38055,0,142456.1
38056,0,150375.6
38057,0,151061.7
38058,0,137506.9
38059,0,128494
38060,13.8,71288.3
38061,64.5,61740.8
38062,448.8,52162.5
38063,1173.9,46873.1
38064,3013.6,40981.3
38065,4282.6,36238.2
38066,5962.8,32003.9
38067,7566.9,27955.4
38068,9048.7,27223.1
38069,10623.3,25123.8
38070,12495.7,38109.7
38071,11838.3,48430.9
38072,5061.4,61010.5
38073,2969,72866
38074,2251.2,77797.8
38075,1796.1,81028
38076,1459.8,83637.9
38077,1209.9,85741.6
38078,1094.8,88612.2
38079,1185.8,90987.9
38080,1356.3,88978.8
38081,8222.1,66451.2
38082,7615.5,52660.2
38083,8613.9,47576.7
38084,9664.1,34308
38085,10837,30637.8
38086,12225.3,24776.9
38087,13660.1,21866.3
38088,13314.4,20062
38089,14066.9,18279.4
38090,15136.5,16579.1
38091,16409.6,14952.5
38092,9788,21708.4
38093,5992.5,28190.8
38094,4185.5,83518
38095,0,126670.5
38096,0,142040.5
38097,0,154056.8
38098,0,161491.5
38099,0,182783.8
38100,0,192921.4
38101,0,206516.5
38102,0,216275.8
38103,0,221341.5
38104,0,224337.8
38105,0,235774.8
38106,0,145161.4
38107,0,140471.6
38108,0,82087.5
38109,63.8,75986.9
38110,486.5,59891.1
38111,718.7,53174.5
38112,1003.1,48062.3
38113,1518.8,43818.5
38114,1954.6,39976.9
38115,2331.9,36337.6
38116,1725,51236.6
38117,1785.2,60364.1
38118,312.5,118298.7
38119,0,163095.5
38120,0,179779
38121,0,193483.1
38122,0,206135.5
38123,0,218116.9
38124,0,229209.3
38125,0,239675.2
38126,0,250122.6
38127,0,259584
38128,0,267285.2
38129,0,281850.6
38130,0,191153.7
38131,0,182410.5
38132,0,115005.5
38133,0,101947.1
38134,0,79042.7
38135,61.3,69041.4
38136,374.9,62027.7
38137,811.8,56558.8
38138,1386,51683.1
38139,1903.4,47183.6
38140,1572.8,63872.7
38141,1753.1,71695.2
38142,446.8,137185.8
38143,0,183543
38144,0,202354.1
38145,0,220689.1
38146,0,232324.5
38147,0,253042.9
38148,0,265064.1
38149,0,277892.5
38150,0,292920.9
38151,0,308704.3
38152,0,315510.2
38153,0,328599.1
38154,0,232530.1
38155,0,221358.1
38156,0,154380.8
38157,0,141268.5
38158,0,113948.1
38159,0,99657.7
38160,0,82783.8
38161,0,80464.7
38162,0,73200.5
38163,0,67607.7
38164,0,85086
38165,0,93098.8
38166,0,173053.4
38167,0,219156
38168,0,243392.5
38169,0,260284.7
38170,0,270070.4
38171,0,288232.8
38172,0,298965.2
38173,0,311688.5
38174,0,325513.9
38175,0,337495.5
38176,0,337826
38177,0,344481.8
38178,0,240505.6
38179,0,228420.7
38180,0,160906.9
38181,0,147725.7
38182,0,119453.5
38183,0,102955.9
38184,0,83528.5
38185,0,79679.7
38186,0.4,71678.5
38187,83.2,65513.5
38188,4.1,82031.2
38189,48.9,89154.3
38190,0,161814.3
38191,0,201679.4
38192,0,225277.5
38193,0,237275.9
38194,0,248328.7
38195,0,257523.6
38196,0,266519.4
38197,0,275198
38198,0,283948.7
38199,0,290320.5
38200,0,288005
38201,0,296230.1
38202,0,195419
38203,0,186931.7
38204,0,122337.3
38205,0,111647.4
38206,204.2,89357.1
38207,484.2,79942.5
38208,671.1,67834.5
38209,894.2,67024.5
38210,1420.6,60913.8
38211,1900.1,54947.6
38212,2309.4,53036.2
38213,2784,49997.6
38214,3120.2,61271.1
38215,1709.4,85666.2
38216,1303.9,98117.3
38217,486.7,126243.4
38218,266.6,141768.2
38219,32.2,149112.4
38220,0,154343.8
38221,0,162707.9
38222,0,175013
38223,0,146187.9
38224,0,149014.1
38225,0,158498.3
38226,0,143455.1
38227,0,133096.6
38228,0,76117.1
38229,14.2,66169.3
38230,278,55440.2
38231,602.6,50123.6
38232,1595.5,44109.5
38233,2252.4,39431.2
38234,3116.8,35283.4
38235,3901.6,31358.9
38236,4732.7,30448
38237,5759.1,27712.5
38238,7139.4,42107.6
38239,6494.3,51469
38240,1958.9,64725.7
38241,1299.4,77885.1
38242,1058.8,83351
38243,768.9,87330.4
38244,446.1,90050.3
38245,288.2,92525.4
38246,422,95268.6
38247,588,92173
38248,1735.6,86761.8
38249,7332.7,71256.3
38250,6771.8,58579.6
38251,7706.1,51795.6
38252,8551.1,36928.9
38253,9448.9,32574.1
38254,10528.8,26423
38255,11682,23472.9
38256,11328.2,21650.1
38257,12065.8,19787.7
38258,13017.2,17920.3
38259,14007.2,16195.6
38260,7884.1,22612.6
38261,4202.6,29308.8
38262,3069.2,85922.3
38263,0,131148.8
38264,0,146406.1
38265,0,159902.9
38266,0,173477.5
38267,0,187147.5
38268,0,200281.8
38269,0,215223.3
38270,0,232519
38271,0,252119.3
38272,0,261623.4
38273,0,276360.4
38274,0,189864.6
38275,0,183931.9
38276,0,110661.5
38277,0,101389
38278,0,74414
38279,0,61489.3
38280,14.5,48399.1
38281,28.7,48368.8
38282,141.2,44427.7
38283,370.9,40686.6
38284,121.3,55258.2
38285,144.9,64858.9
38286,0,128871.2
38287,0,185159.1
38288,0,206973
38289,0,224182.9
38290,0,235243.4
38291,0,255059
38292,0,267902.7
38293,0,282246.6
38294,0,299666.2
38295,0,316319.1
38296,0,324430.9
38297,0,337821.8
38298,0,243876.7
38299,0,234380.2
38300,0,164704.7
38301,0,147905.3
38302,0,119030.4
38303,0,102160.5
38304,0,81790.1
38305,0,76853.1
38306,0,68203.1
38307,1.1,61798.8
38308,0,78496.3
38309,0,87823.4
38310,0,167953.4
38311,0,213541.7
38312,0,239505.4
38313,0,254872
38314,0,265197.9
38315,0,285272.1
38316,0,299839.7
38317,0,315271.9
38318,0,332759.2
38319,0,348944.1
38320,0,355448.6
38321,0,368907.6
38322,0,270975
38323,0,259315.4
38324,0,185444.2
38325,0,167039.4
38326,0,137557.7
38327,0,121030.8
38328,0,100936.9
38329,0,93405.8
38330,0,82525.4
38331,0,74366.8
38332,0,93223.9
38333,0,102054.1
38334,0,186742.9
38335,0,233092.1
38336,0,257216.1
38337,0,273605.2
38338,0,284436.6
38339,0,304235.4
38340,0,319306.4
38341,0,331480.3
38342,0,347593.8
38343,0,362440.1
38344,0,369551.2
38345,0,386642.7
38346,0,288877.5
38347,0,275825.1
38348,0,200014
38349,0,181435.7
38350,0,152555.3
38351,0,137164.5
38352,0,119024.9
38353,0,112038.1
38354,0,100540.7
38355,0,89505.5
38356,0,107964.7
38357,0,115913.4
38358,0,199355.9
38359,0,243657.9
38360,0,265572.2
38361,0,274720
38362,0,280249
38363,0,298472.7
38364,0,309788.5
38365,0,320485.4
38366,0,329646.2
38367,0,340253.2
38368,0,348287.3
38369,0,354046.6
38370,0,252862.6
38371,0,242531.2
38372,0,174541.6
38373,0,161921.4
38374,0,135047.7
38375,0,120563.8
38376,0,102253.4
38377,0,96790.4
38378,0,86424.2
38379,0,77876
38380,0,73871.6
38381,0,69054.3
38382,0,80362.9
38383,0,104809.7
38384,0,117305.2
38385,0,146138.4
38386,0,160374.9
38387,0,165890.4
38388,0,170064.4
38389,0,174817.3
38390,0,179636.7
38391,0,144766.3
38392,0,155519
38393,0,159494.5
38394,0,151619.1
38395,0,145141.6
38396,0,84556.9
38397,13.1,75171.7
38398,274.6,62861.8
38399,600.1,55476.8
38400,1676.7,47090.6
38401,2679.8,40428.8
38402,3775.8,35457.1
38403,5195.4,30967.2
38404,6539.8,29847.2
38405,7687,27927.3
38406,9395.7,47121.5
38407,9490.9,56930.9
38408,3173.5,68840.2
38409,1819.4,79608
38410,1153,83673.1
38411,559.2,86642.8
38412,224.1,88836.5
38413,274.4,92728.2
38414,356,99064.4
38415,447.8,105627.4
38416,1535.5,106884.7
38417,7082.9,94234.8
38418,6501.6,85361.6
38419,7440.9,75837.9
38420,11605.8,47159.3
38421,9228.6,40699.8
38422,10199,31995.2
38423,11138.7,28041.2
38424,10476.7,25682.7
38425,10859.3,23362.3
38426,11495.8,21222.9
38427,12542.2,19252.9
38428,6586.8,25556.5
38429,2937.2,33294.9
38430,2707.2,96236.9
38431,0,146803.4
38432,0,167040.4
38433,0,186733.4
38434,0,199241.4
38435,0,223619.7
38436,0,240069.6
38437,0,255847.2
38438,0,269252.7
38439,0,283160.8
38440,0,288266.9
38441,0,302246.3
38442,0,213527.5
38443,0,203200.1
38444,0,141132.5
38445,0,127275.1
38446,0,98369.5
38447,0,81103.9
38448,0,61000.2
38449,0,58589.2
38450,0,51465
38451,30.8,46233.3
38452,0,61797.4
38453,0,71525.2
38454,0,142171.6
38455,0,191462.1
38456,0,221832.4
38457,0,238940.7
38458,0,250254.6
38459,0,269483
38460,0,282693.6
38461,0,297638.3
38462,0,314734.3
38463,0,329697.8
38464,0,335641.5
38465,0,349992.4
38466,0,254714.9
38467,0,244122.8
38468,0,174294.3
38469,0,157431.2
38470,0,128802.6
38471,0,112565.2
38472,0,92061.5
38473,0,84930.9
38474,0,74827.1
38475,0,66727.7
38476,0,84606.7
38477,0,93219.5
38478,0,174017.2
38479,0,219955.5
38480,0,243579.2
38481,0,257404.9
38482,0,269589.8
38483,0,291089.1
38484,0,305272.3
38485,0,319473.1
38486,0,334930.7
38487,0,349455.5
38488,0,354059.6
38489,0,366613.2
38490,0,269897.4
38491,0,257729.4
38492,0,184997.3
38493,0,168466.6
38494,0,140054.3
38495,0,124494.1
38496,0,105427.4
38497,0,98669.6
38498,0,87339.9
38499,0,78438.8
38500,0,97341.5
38501,0,105251.2
38502,0,184579.1
38503,0,227174.3
38504,0,248921.2
38505,0,260533.3
38506,0,267102.1
38507,0,284426.5
38508,0,297262.9
38509,0,310515.5
38510,0,329480.3
38511,0,346011.6
38512,0,352274.4
38513,0,360618.5
38514,0,262775.4
38515,0,250982
38516,0,179618
38517,0,165924.8
38518,0,138773.4
38519,0,123782.6
38520,0,105264.9
38521,0,99637.4
38522,0,89205.6
38523,0,80653.7
38524,0,99295.2
38525,0,106686.3
38526,0,185459.4
38527,0,228757.7
38528,0,251524.2
38529,0,264068.2
38530,0,272507.3
38531,0,294574.4
38532,0,310097.4
38533,0,321506.1
38534,0,339618.1
38535,0,355373.7
38536,0,354592.5
38537,0,361464.2
38538,0,252733.8
38539,0,240525.5
38540,0,175500.4
38541,0,164572.6
38542,0,138837.4
38543,0,125483.3
38544,0,108836.4
38545,0,103757.6
38546,0,93620.4
38547,0,84571.2
38548,0,80765.5
38549,0,75910.3
38550,0,88867.5
38551,0,116045
38552,0,129847.7
38553,0,161700
38554,0,181259.6
38555,0,191766.5
38556,0,200703
38557,0,208487.8
38558,0,212288.7
38559,0,174510.6
38560,0,178402.8
38561,0,177390.2
38562,0,162475.9
38563,0,157266.8
38564,0,104127.3
38565,15,93043.8
38566,280.4,78891.3
38567,589.5,69851
38568,1574.4,53697.2
38569,1923.5,53212
38570,2266.2,47935.3
38571,2592.6,43686.5
38572,2907.6,43186.2
38573,3206.3,40741.8
38574,4273.9,55062.3
38575,3760.6,62700.9
38576,159.1,73445.9
38577,0,81844.9
38578,17.9,85745.2
38579,102,88697.2
38580,190.3,88324.4
38581,275.1,91244.7
38582,355.4,93610.3
38583,430.5,94459.8
38584,503.5,94223.1
38585,6220,75416
38586,5562.4,64141.5
38587,6359.2,59005
38588,7195.2,44593
38589,8153.8,39861.9
38590,9134.7,32934
38591,10086.5,29523.8
38592,11009.3,26913.7
38593,11900.3,24659.3
38594,12803.2,22641.3
38595,13776.4,20760.2
38596,14764.2,21862.3
38597,15858,20640.1
38598,21768,37184.2
38599,17922,44585.7
38600,14990.8,49290.1
38601,10517.8,55978
38602,10472.4,59934.2
38603,10474.9,63033.4
38604,10467,65737.6
38605,10571.2,68473.7
38606,10713.1,70376.7
38607,10853.9,70904
38608,11001,70912
38609,21767.7,57733.4
38610,19370.4,47888.2
38611,20504.4,44906.2
38612,21422.6,32431
38613,22266.5,29326
38614,23093.1,23707
38615,23911.6,20982.1
38616,22916.8,18969.4
38617,23102.8,17370.9
38618,23636.5,16118.5
38619,24251.3,14999.6
38620,16753.5,18069.1
38621,10096.1,23947.7
38622,10531,78982.8
38623,486.8,129178.7
38624,0,147625
38625,0,163540.1
38626,0,174578.1
38627,0,197294.4
38628,0,209408.3
38629,0,224859.8
38630,0,236928.6
38631,0,244093.7
38632,0,249248.3
38633,0,261617.4
38634,0,173106.9
38635,0,167917.2
38636,0,107802.6
38637,0,97957.5
38638,0,71987.7
38639,0,59500.5
38640,0,46151.4
38641,0,46206.4
38642,0,42218.5
38643,0,38580.2
38644,0,52338.7
38645,0,62507.8
38646,0,130396.9
38647,0,178026.1
38648,0,206334.9
38649,0,221104.3
38650,0,227972
38651,0,245037.3
38652,0,255839.4
38653,0,265719.6
38654,0,272774.8
38655,0,275139.1
38656,0,276446.4
38657,0,283842.6
38658,0,185589.4
38659,0,178094.6
38660,0,116145.1
38661,0,104240.3
38662,39.8,80875.3
38663,268.8,69931.3
38664,465.6,58333.5
38665,625.5,57902.6
38666,757.5,53479.1
38667,888.6,49449.4
38668,509.4,66227.1
38669,405.9,74876.5
38670,0,147264
38671,0,194865.2
38672,0,209428.5
38673,0,219516.7
38674,0,226456.9
38675,0,241007.5
38676,0,249956.9
38677,0,259671.5
38678,0,268739.7
38679,0,276008.5
38680,0,271855.9
38681,0,279829.5
38682,0,181786.5
38683,0,175119.1
38684,0,111448
38685,122.1,101278.5
38686,474.2,80308.2
38687,670.8,71221.7
38688,851.6,64762.2
38689,1072.3,59857.9
38690,1436.1,55242.3
38691,1801.5,50822.1
38692,1175.1,67708.4
38693,1086.8,75140.4
38694,0,140821.8
38695,0,192939.6
38696,0,212122
38697,0,228154.2
38698,0,228681.4
38699,0,243461.9
38700,0,253429.4
38701,0,266011.8
38702,0,274894.3
38703,0,278419.5
38704,0,274438.9
38705,0,286046.5
38706,0,192691.7
38707,0,185898.2
38708,0,121705.2
38709,0,110022.4
38710,7.1,85919.9
38711,186.7,74239
38712,472,61792.1
38713,674.4,60806.8
38714,881,56041.3
38715,1117.2,51605.1
38716,1643,50343.6
38717,2035.4,48112.2
38718,1889.5,64137.2
38719,940.1,90600.9
38720,631.6,103327.1
38721,114.5,129346.3
38722,0,142514.2
38723,0,148221.9
38724,0,154926.7
38725,0,163447.2
38726,0,176512.4
38727,0,148080.6
38728,0,152302.5
38729,0,163842
38730,0,154624.6
38731,0,148436.6
38732,0,80077.9
38733,0,68763.3
38734,0,55319.8
38735,2.5,49281.5
38736,30,43232.9
38737,125.3,38466.9
38738,579.2,34285.7
38739,1233.9,30339.1
38740,1903.9,29238.2
38741,2756.4,27684.4
38742,3774.5,46235.8
38743,2782,56615.4
38744,2179.7,68684.4
38745,1277.2,78799.5
38746,916.7,82263.8
38747,489.8,84735
38748,108.6,86021.4
38749,36.5,87943.2
38750,124.5,92366.9
38751,266.7,96958.1
38752,1543.2,95136.2
38753,3777.1,83039.9
38754,3053.8,69574.3
38755,3918.8,61330.3
38756,4707.5,44622.3
38757,5597.8,37102.5
38758,6543.7,29552.2
38759,7460.7,25795.2
38760,6882.3,23618.6
38761,7712.5,21588.8
38762,8746.8,19693.5
38763,9744.9,17929.4
38764,8042.8,24142.5
38765,4329.2,32035.8
38766,3303.7,92912.8
38767,0,142479.4
38768,0,161064.5
38769,0,177933.8
38770,0,185290.2
38771,0,204928.3
38772,0,215060.1
38773,0,226945
38774,0,238720.4
38775,0,246718.3
38776,0,246216
38777,0,257891.7
38778,0,162667.3
38779,0,156374.7
38780,0,95850.7
38781,0,87073.1
38782,0,64968.5
38783,13.1,56933.4
38784,171.3,47070.1
38785,322.5,47743.8
38786,429.1,44034.2
38787,542.6,40544.8
38788,264.1,55164.4
38789,346.8,64030.9
38790,0,130072.8
38791,0,185099.9
38792,0,206792.5
38793,0,223977.5
38794,0,234720.6
38795,0,253682.9
38796,0,263505.7
38797,0,272332.7
38798,0,280509.1
38799,0,284441.5
38800,0,282295.7
38801,0,290293.1
38802,0,195875.4
38803,0,194792.6
38804,0,126900
38805,0,115005
38806,0,89280.6
38807,0,77005.1
38808,0,63111.3
38809,0,61932.4
38810,90.3,56786.9
38811,266.1,52502.5
38812,1.9,69320.4
38813,25.5,76970.6
38814,0,147246.5
38815,0,193863.3
38816,0,219161.1
38817,0,234713.3
38818,0,245561.4
38819,0,265876.3
38820,0,278188.1
38821,0,291548.9
38822,0,308100.5
38823,0,323928.7
38824,0,330701.5
38825,0,342418.3
38826,0,256033.5
38827,0,239855.7
38828,0,165672.9
38829,0,150735.3
38830,0,121280.9
38831,0,104418.4
38832,0,83784
38833,0,79415.8
38834,0,71656
38835,0,65536
38836,0,82807.5
38837,0,91212.7
38838,0,166874.3
38839,0,219761.8
38840,0,245386.8
38841,0,261412.2
38842,0,274263.5
38843,0,293721
38844,0,308033.3
38845,0,322909.2
38846,0,338183.4
38847,0,346694.9
38848,0,339521.4
38849,0,360997.7
38850,0,272067.9
38851,0,254555.8
38852,0,179838.6
38853,0,162701.6
38854,0,134148
38855,0,117410.9
38856,0,98492.3
38857,0,91726
38858,0,80842.8
38859,0,71865.6
38860,0,89712.7
38861,0,99263.3
38862,0,181204.1
38863,0,235096.2
38864,0,256954.5
38865,0,270898.5
38866,0,283725.4
38867,0,304111.8
38868,0,316784.5
38869,0,331005.9
38870,0,344529.3
38871,0,353616.1
38872,0,363702
38873,0,378648
38874,0,283293.8
38875,0,267784.3
38876,0,188317.8
38877,0,171510.9
38878,0,143003.6
38879,0,127947.7
38880,0,110004.2
38881,0,102891.8
38882,0,91290.1
38883,0,81382
38884,0,76420.4
38885,0,70860.4
38886,0,81838.8
38887,0,108075.8
38888,0,121116.2
38889,0,150893.5
38890,0,166358.4
38891,0,178403.9
38892,0,189831.9
38893,0,199813.1
38894,0,203180.3
38895,0,183309.1
38896,0,190291.4
38897,0,199451.3
38898,0,187112.9
38899,0,176444.1
38900,0,117350.2
38901,0,105096.5
38902,0,87833.8
38903,0,74924.7
38904,8.3,55704.1
38905,0,54009.6
38906,0,47565.6
38907,0,41245.9
38908,0,39009.4
38909,0,37567.2
38910,768.9,57239.1
38911,0,68061.3
38912,167.9,81432.8
38913,0,92123.3
38914,0,98427.3
38915,0,99486.2
38916,0,96756
38917,0,95616.4
38918,0,94664.7
38919,0,93319.4
38920,0,91187.6
38921,2239,73370.1
38922,1496.6,63165.5
38923,2254.6,58765.8
38924,3055.8,46441.6
38925,3963.9,41161.9
38926,4913.2,34721.9
38927,5819.5,31461.4
38928,5171.7,29427.8
38929,5577.7,27291.1
38930,6154.1,25173.1
38931,6741.4,23280.2
38932,5217.8,29282.8
38933,1768.9,37928.3
38934,2299.2,104293.7
38935,0,152228.8
38936,0,183324.1
38937,0,203769.7
38938,0,216270
38939,0,239505.3
38940,0,256170.9
38941,0,273464.9
38942,0,292082.3
38943,0,302572.1
38944,0,307369.1
38945,0,321767.6
38946,0,228622.8
38947,0,215330.8
38948,0,152407.9
38949,0,141641.5
38950,0,114442.5
38951,0,100093
38952,0,81082.2
38953,0,75569.4
38954,0,66241.1
38955,0,55906.2
38956,0,72773.9
38957,0,83839.2
38958,0,159310.4
38959,0,210534.7
38960,0,232077.8
38961,0,242024.9
38962,0,250536.6
38963,0,257960.7
38964,0,264402.9
38965,0,271189.5
38966,0,278220.8
38967,0,285593.5
38968,0,289731.8
38969,0,292779.3
38970,0,197347
38971,0,191285.3
38972,0,128018.3
38973,0,117906.3
38974,0,93380.8
38975,0,83314.3
38976,0,69191.4
38977,0,67744.1
38978,0,61391.1
38979,4.3,56226.8
38980,0,74024.2
38981,0,82243
38982,0,156702.4
38983,0,209027.9
38984,0,238810.2
38985,0,255730.6
38986,0,264964.1
38987,0,282651.6
38988,0,295653.6
38989,0,308259.1
38990,0,321272.7
38991,0,334994.7
38992,0,336429.5
38993,0,334110.4
38994,0,239679.3
38995,0,226046.5
38996,0,159105.1
38997,0,147647.2
38998,0,120742
38999,0,106391.9
39000,0,89031.9
39001,0,85882.9
39002,0,76985
39003,0,69224.3
39004,0,87511.1
39005,0,95740.7
39006,0,171722.8
39007,0,224229.6
39008,0,245001.3
39009,0,257406.1
39010,0,270057.4
39011,0,286552.2
39012,0,297976
39013,0,301983
39014,0,319405.5
39015,0,326201.3
39016,0,332752.3
39017,0,347896
39018,0,257004.2
39019,0,242170.4
39020,0,167564.5
39021,0,149212.3
39022,0,119687.6
39023,0,103012.2
39024,0,84548.4
39025,0,80804.9
39026,0,72738.8
39027,0,66606.7
39028,0,83297.6
39029,0,92061.2
39030,0,169911.8
39031,0,223379.2
39032,0,247851.3
39033,0,261866.1
39034,0,271089.9
39035,0,290008
39036,0,299535.5
39037,0,306347.5
39038,0,303571.4
39039,0,306739.9
39040,0,318801.2
39041,0,335253.3
39042,0,249046.6
39043,0,234129.1
39044,0,158758.1
39045,0,141681.1
39046,0,112728.4
39047,0,97406.5
39048,0,81033.3
39049,0,77885.2
39050,0,71068.6
39051,0.6,64771.1
39052,162,61926.2
39053,292.1,58266.2
39054,81,74010
39055,0,100163.7
39056,0,114736.1
39057,0,138807.8
39058,0,156548.2
39059,0,166149.2
39060,0,177333
39061,0,186515.7
39062,0,197349.7
39063,0,163037.4
39064,0,159035.2
39065,0,164343.7
39066,0,149068.9
39067,0,144400.4
39068,0,89586
39069,0,78828.6
39070,0,64402.3
39071,0,55670
39072,22.7,43664.7
39073,0,44230.5
39074,0,39645.2
39075,0,35654.1
39076,194.8,34160.6
39077,487.8,30243.9
39078,1537.7,42035
39079,752.8,49229.9
39080,541.1,61468.4
39081,314.5,71358.7
39082,303.7,73094
39083,235.6,72958.7
39084,180.9,72747.7
39085,135.9,75747.2
39086,94.6,78386.4
39087,48.1,83791.8
39088,151,84845
39089,3269.3,62722.8
39090,2659.7,51925.1
39091,3557.1,46903.5
39092,4356.2,34743.8
39093,5259.5,30048.9
39094,6264.6,24230.1
39095,7500.3,21527
39096,6949.3,20131.6
39097,7551.2,18481.9
39098,8406.6,16791.6
39099,9274.9,15452.1
39100,7345.7,21396.2
39101,3535.4,28904.9
39102,2973,91082.1
39103,0,143655.6
39104,0,163628.1
39105,0,181636
39106,0,193008.8
39107,0,216643.2
39108,0,231112.4
39109,0,245519.7
39110,0,263807.6
39111,0,280495.6
39112,0,288922.9
39113,0,303983.8
39114,0,216706.1
39115,0,210676.4
39116,0,145855.2
39117,0,128695.4
39118,0,99503.9
39119,0,81942.1
39120,0,60716.8
39121,0,59056
39122,0,52374.9
39123,0,46328
39124,0,61287.2
39125,0,72007.1
39126,0,151287.9
39127,0,206227.2
39128,0,233990.3
39129,0,248874.3
39130,0,258913.3
39131,0,276720.5
39132,0,290750.8
39133,0,302122.7
39134,0,305434.3
39135,0,326307.8
39136,0,332050.3
39137,0,324046.7
39138,0,228780
39139,0,215286.3
39140,0,152026.1
39141,0,140808.5
39142,0,113521.9
39143,0,97888.6
39144,0,78812.7
39145,0,74750.1
39146,0,65548.8
39147,0,58943.4
39148,0,76218.8
39149,0,84691.7
39150,0,159779.3
39151,0,211695
39152,0,234936
39153,0,246448.6
39154,0,251980.6
39155,0,270497.8
39156,0,280021.3
39157,0,293230
39158,0,307331.4
39159,0,320457.9
39160,0,322501.9
39161,0,337217.4
39162,0,250060.3
39163,0,235765.9
39164,0,165672.5
39165,0,147888.5
39166,0,117494.8
39167,0,99691
39168,0,80943.7
39169,0,76802.4
39170,0,69790.1
39171,18,64140.9
39172,0.5,80930.6
39173,1.2,89772.8
39174,0,164727.4
39175,0,217314.7
39176,0,243364.5
39177,0,258654.6
39178,0,268142.4
39179,0,287348.3
39180,0,300982.3
39181,0,288644.3
39182,0,331381.4
39183,0,347515.6
39184,0,353624.4
39185,0,368116.5
39186,0,278778.5
39187,0,262704.7
39188,0,187167.3
39189,0,168363.2
39190,0,139019.4
39191,0,122563.5
39192,0,102103.1
39193,0,94553.8
39194,0,83227
39195,0,74774.9
39196,0,93048.1
39197,0,101609.3
39198,0,182615.5
39199,0,236741.3
39200,0,259715.8
39201,0,274262
39202,0,283335.1
39203,0,301901.7
39204,0,313790.6
39205,0,325490.1
39206,0,339854.2
39207,0,353263.4
39208,0,356380.5
39209,0,366190.4
39210,0,277297.4
39211,0,262670.2
39212,0,189706.3
39213,0,171412
39214,0,143092.6
39215,0,128162
39216,0,109440.7
39217,0,102979.6
39218,0,92022.1
39219,0,82938.8
39220,0,78845.4
39221,0,75603.1
39222,0,92655.2
39223,0,117777.1
39224,0,127675.7
39225,0,161002.6
39226,0,181067.1
39227,0,186829
39228,0,191641.2
39229,0,196379.5
39230,0,200714.7
39231,0,172626.8
39232,0,186358.2
39233,0,187242.5
39234,0,164006.8
39235,0,158269.2
39236,0,109415.7
39237,0,96041.8
39238,0,81136.1
39239,0,71367.4
39240,21.3,56834.2
39241,0,56871.6
39242,0,51568.2
39243,0,46601.5
39244,0,45105.3
39245,0,43622.9
39246,789.1,62969.2
39247,0,71492.1
39248,154.5,81711.4
39249,0,95544.7
39250,0,102444.8
39251,0,108637
39252,0,113912.5
39253,0,119252
39254,0,129613.9
39255,0,141199.6
39256,387.6,144370
39257,1918.6,132717.4
39258,1134.4,126017.2
39259,1648.8,120966.8
39260,2267.7,97875.2
39261,3107.5,81425.9
39262,3956.9,68877.6
39263,4780.1,60640.6
39264,7403.8,50990.3
39265,4361.1,52111.7
39266,4868.1,48084.3
39267,5402.9,44827.4
39268,3654.4,55670.7
39269,444.7,65991.8
39270,1519.5,145099.3
39271,0,201666.7
39272,0,229823.9
39273,0,250479.4
39274,0,264058.7
39275,0,284470.8
39276,0,298676.1
39277,0,313503.9
39278,0,328232.3
39279,0,335509.7
39280,0,335770.4
39281,0,344739.9
39282,0,262551.7
39283,0,255527.2
39284,0,191878.2
39285,0,174453.8
39286,0,147513.2
39287,0,133918.3
39288,0,118362.4
39289,0,111429.9
39290,0,100221.1
39291,0,89528.4
39292,0,105683.5
39293,0,116323.1
39294,0,199395.1
39295,0,253211.7
39296,0,276582.6
39297,0,291224.5
39298,0,300281
39299,0,316527.8
39300,0,326913.6
39301,0,338269.3
39302,0,351747.1
39303,0,363797.1
39304,0,369312.1
39305,0,383621.4
39306,0,289898.6
39307,0,267749.9
39308,0,195425.7
39309,0,177127.2
39310,0,147570.5
39311,0,131202.2
39312,0,112692.1
39313,0,105178.2
39314,0,93492.2
39315,0,83735.1
39316,0,102299.6
39317,0,110475.4
39318,0,190925.8
39319,0,245283.3
39320,0,268420.2
39321,0,283198.8
39322,0,294429.9
39323,0,314522.2
39324,0,328470.8
39325,0,342492
39326,0,357702.9
39327,0,371494.6
39328,0,377080.8
39329,0,391818.6
39330,0,298958.4
39331,0,280769.5
39332,0,207439.4
39333,0,188526.3
39334,0,160308.6
39335,0,145933.3
39336,0,129998.5
39337,0,123849.4
39338,0,113235.2
39339,0,103168.4
39340,0,122961.6
39341,0,131756.9
39342,0,213812.2
39343,0,262604.9
39344,0,283796.7
39345,0,300868.9
39346,0,312021.5
39347,0,329615.5
39348,0,341130.6
39349,0,351585.2
39350,0,362718.8
39351,0,375330.8
39352,0,378288
39353,0,388756.5
39354,0,292318.9
39355,0,281172.3
39356,0,208488.6
39357,0,189414.9
39358,0,159849.3
39359,0,145949.8
39360,0,130550.7
39361,0,123536.1
39362,0,112178.2
39363,0,100713.8
39364,0,119120.3
39365,0,127267.9
39366,0,209971.5
39367,0,263488.7
39368,0,286371.3
39369,0,301380
39370,0,310955.3
39371,0,328861.3
39372,0,339107.1
39373,0,349448.2
39374,0,362518.3
39375,0,373613.9
39376,0,376498.6
39377,0,388696.6
39378,0,285367.2
39379,0,276036.6
39380,0,199505.1
39381,0,178216.8
39382,0,147888.5
39383,0,131630.4
39384,0,112183.2
39385,0,103299.4
39386,0,92419.9
39387,0,82831.2
39388,0,79309.8
39389,0,74820.8
39390,0,87169.6
39391,0,110683
39392,0,120258.9
39393,0,153082.5
39394,0,167707.9
39395,0,171913.8
39396,0,175604.9
39397,0,177830.2
39398,0,179872.7
39399,0,133505
39400,0,133106.5
39401,0,130130.1
39402,0,117292.6
39403,0,113005.3
39404,35.3,67073.6
39405,248.5,61815.1
39406,410.8,53456.1
39407,572.8,48476.8
39408,1119.7,42482.4
39409,1514.1,37729.4
39410,1900.6,33567.8
39411,2549.5,29666
39412,3176.6,28722.9
39413,3705.4,26175
39414,4760.2,38717.5
39415,4047,45165.7
39416,2760,54306.6
39417,2017.7,63852.8
39418,1412.6,68817.7
39419,1144.5,71117.7
39420,868.1,70362.3
39421,614.6,73457.5
39422,510.7,75314.3
39423,491.7,76028.4
39424,491.5,78281.8
39425,2953.7,62752.9
39426,1906.1,53216.9
39427,2544.1,48677.8
39428,6342.8,30900.7
39429,4080.8,29275.2
39430,5018.1,22859.1
39431,6079.2,20022.9
39432,6244.6,18449.3
39433,6923,17168.9
39434,7753.6,16018.4
39435,8599.7,14944.5
39436,8051.7,20598.7
39437,4424.3,26497.1
39438,3175.5,91998.1
39439,0,146740.7
39440,0,163185.8
39441,0,174772.6
39442,0,186963.2
39443,0,198867.7
39444,0,209858.2
39445,0,220336.9
39446,0,229241.2
39447,0,236216
39448,0,237313.8
39449,0,248593.4
39450,0,159861.1
39451,0,157317.7
39452,0,90299.6
39453,0,82724.3
39454,0,61270.7
39455,112.9,53184.8
39456,264.6,46801.7
39457,362.8,42396.8
39458,497.2,38347.7
39459,690.5,34692.1
39460,935.5,34093.2
39461,1115.9,31531.3
39462,1487.3,44248.5
39463,1141.8,51203.5
39464,723.8,61048.6
39465,450.7,70693.1
39466,351.7,73580.4
39467,217.4,76165
39468,57,78888.2
39469,0,83196.5
39470,0,87824.7
39471,0,92962.2
39472,796.3,89704.4
39473,1791.6,78538.3
39474,1016.7,65888.5
39475,1668.8,60019.8
39476,2232.2,46396.3
39477,2801.9,38903.9
39478,3361.1,31618.9
39479,4015.8,28182.5
39480,3967.8,26137.4
39481,4352.8,24024
39482,4870,21987.3
39483,5412.6,19998.4
39484,5478.6,26468.3
39485,2131.1,34610.6
39486,2485.4,113328.7
39487,0,167892
39488,0,196760.4
39489,0,214951.2
39490,0,228488.3
39491,0,252272.9
39492,0,268397.6
39493,0,282714
39494,0,289337.9
39495,0,301125
39496,0,313754.2
39497,0,329050.9
39498,0,239468
39499,0,232767.3
39500,0,161783.7
39501,0,148959.5
39502,0,119569.5
39503,0,103643.1
39504,0,84270.2
39505,0,80031
39506,0,70236.4
39507,0,61675.1
39508,0,81877.3
39509,0,95117.5
39510,0,186769.8
39511,0,242795.6
39512,0,266526.1
39513,0,281490.7
39514,0,291844
39515,0,309233.3
39516,0,319957.4
39517,0,330451.9
39518,0,344318.9
39519,0,357157
39520,0,364860.9
39521,0,379512
39522,0,291655.9
39523,0,279361.5
39524,0,202855.5
39525,0,181026
39526,0,148807
39527,0,132458.7
39528,0,113016.5
39529,0,105685.3
39530,0,93982.1
39531,0,84426.5
39532,0,109147.5
39533,0,119514.5
39534,0,213665.8
39535,0,258321
39536,0,277011.8
39537,0,288341.2
39538,0,295271.9
39539,0,310587.9
39540,0,319501.6
39541,0,327866
39542,0,335160.7
39543,0,349597.3
39544,0,349879.7
39545,0,364777.2
39546,0,277226.6
39547,0,266481
39548,0,189413.6
39549,0,169781.8
39550,0,137039.2
39551,0,119656.7
39552,0,98737.6
39553,0,93121.5
39554,0,83066.9
39555,0,74451.9
39556,0,71807.8
39557,0,67713.9
39558,0,83557
39559,0,115555.4
39560,0,131663.4
39561,0,169612.2
39562,0,188628.8
39563,0,197928.6
39564,0,205112.8
39565,0,215684.2
39566,0,227236.6
39567,0,193334.5
39568,0,195583.5
39569,0,202974.7
39570,0,192680.9
39571,0,185032.2
39572,0,121147.6
39573,0,105438.5
39574,0,87095.9
39575,0,74740.2
39576,30.2,55945.2
39577,0,54956.1
39578,0,49288.8
39579,0,43860.4
39580,0,42238.2
39581,0,39348.8
39582,797.6,56083.7
39583,0,65009.3
39584,198.2,77699.5
39585,0,89201.6
39586,0,93655.4
39587,0,97541.8
39588,0,102028
39589,0,104144
39590,0,107182
39591,0,114667.5
39592,613.3,114924.9
39593,1623.6,103992.9
39594,555.9,96569.6
39595,1052,81847.6
39596,4730.1,59497.3
39597,2415.6,51524.9
39598,3190.4,41636.4
39599,3915.3,36608.4
39600,7329.7,28843.9
39601,4210.5,30171.2
39602,4727.4,27090.3
39603,5259.9,24470.5
39604,5053.9,31867.5
39605,1548.5,40677.7
39606,2177.3,117842.5
39607,0,176282.5
39608,0,208056.9
39609,0,228002.2
39610,0,239757.2
39611,0,261742.2
39612,0,278137.9
39613,0,292703
39614,0,308820
39615,0,324345
39616,0,335939.1
39617,0,349135.3
39618,0,261307.8
39619,0,252236.4
39620,0,176620.9
39621,0,160001
39622,0,128638
39623,0,112286.7
39624,0,93453.4
39625,0,87047.9
39626,0,75792.1
39627,0,66002.5
39628,0,85012.2
39629,0,97391.8
39630,0,188299.2
39631,0,243814.3
39632,0,267355.2
39633,0,282465.1
39634,0,292133.3
39635,0,307462.9
39636,0,319720.8
39637,0,331028.1
39638,0,339312.1
39639,0,339138.2
39640,0,335847.5
39641,0,342177.2
39642,0,249601.8
39643,0,236337
39644,0,166305
39645,0,155814.6
39646,0,126540.2
39647,0,111225.6
39648,0,91029.3
39649,0,85640.8
39650,0,76063.6
39651,0,68819.5
39652,0,92199.2
39653,0,102649.4
39654,0,185831.4
39655,0,236134.4
39656,0,255893.4
39657,0,266426.8
39658,0,275636
39659,0,284248.1
39660,0,292319.6
39661,0,299530.2
39662,0,305689.9
39663,0,311193.8
39664,0,316862.8
39665,0,324981.7
39666,0,232860.5
39667,0,227073.3
39668,0,154905.2
39669,0,142106.6
39670,0,111576.7
39671,0,96005.9
39672,0,78824.8
39673,0,76426.7
39674,0,69434.3
39675,0,63687
39676,0,85708.9
39677,0,96207
39678,0,187256.3
39679,0,232505.5
39680,0,257308.8
39681,0,271196.6
39682,0,282076.8
39683,0,299458.2
39684,0,311707.3
39685,0,322854.6
39686,0,337792.4
39687,0,349471.2
39688,0,357036.2
39689,0,372359.3
39690,0,284460.7
39691,0,271620.3
39692,0,192836.2
39693,0,171773
39694,0,138717.1
39695,0,120327.4
39696,0,97775.9
39697,0,90333
39698,0,79897.5
39699,0,71808
39700,0,94839.3
39701,0,104258.9
39702,0,197840.1
39703,0,244989.8
39704,0,268552
39705,0,283048.6
39706,0,293643.4
39707,0,313887.6
39708,0,327232.9
39709,0,340167.6
39710,0,354975.2
39711,0,368371.8
39712,0,373721.3
39713,0,384847.5
39714,0,297358.9
39715,0,283088.3
39716,0,203017.6
39717,0,183319.8
39718,0,150915.5
39719,0,134086.7
39720,0,114132.6
39721,0,107369.6
39722,0,94961
39723,0,84053
39724,0,79792.6
39725,0,75254.6
39726,0,92494.6
39727,0,124921.6
39728,0,140771.9
39729,0,182325.9
39730,0,198190.6
39731,0,216863.4
39732,0,227409.5
39733,0,237372.8
39734,0,250469
39735,0,218236.8
39736,0,222429.3
39737,0,229440.2
39738,0,216290.9
39739,0,209843.4
39740,0,148113
39741,0,133513.8
39742,0,119718.1
39743,0,109225.9
39744,18.1,90560.3
39745,0,85244.5
39746,0,75251.6
39747,0,66913.2
39748,0,63422.2
39749,0,59612.5
39750,780.3,74879.7
39751,0,83944
39752,143.8,97307.8
39753,0,110357.5
39754,0,118463.1
39755,0,125314.1
39756,0,130356.3
39757,0,137733.2
39758,0,149299.1
39759,0,159802.8
39760,149.5,161857.3
39761,932,149810.5
39762,17.3,140881.8
39763,142.6,128770.6
39764,321.4,106877.1
39765,813.2,96242.6
39766,1403.3,85555.6
39767,2048.7,78023.8
39768,5220.5,63810.9
39769,2373.8,60817.9
39770,2840.2,53065
39771,3323.8,46351.9
39772,3009.1,58110.8
39773,198.2,67001.5
39774,1179.9,155526.4
39775,0,220172
39776,0,249148.3
39777,0,268462.4
39778,0,283686.5
39779,0,305251.2
39780,0,320375.7
39781,0,335807.5
39782,0,352467.9
39783,0,364991.1
39784,0,368063.4
39785,0,380455.3
39786,0,284427.6
39787,0,270866.6
39788,0,197207.6
39789,0,181777.8
39790,0,151507.5
39791,0,136686.5
39792,0,121112.4
39793,0,115625.8
39794,0,106949.6
39795,0,98550.8
39796,0,120009.3
39797,0,130430.9
39798,0,220375.9
39799,0,271436.1
39800,0,291147.8
39801,0,297322.2
39802,0,310320.8
39803,0,325878.3
39804,0,337501.5
39805,0,348796.1
39806,0,362590.3
39807,0,377138.7
39808,0,383712.4
39809,0,388831.4
39810,0,285503.8
39811,0,263890.9
39812,0,193241.4
39813,0,181192.2
39814,0,152224
39815,0,137563.9
39816,0,120028
39817,0,113048.5
39818,0,102206.6
39819,0,92669.2
39820,0,116260.7
39821,0,125304.8
39822,0,218194.1
39823,0,265971.6
39824,0,289042.5
39825,0,303982.7
39826,0,313248.3
39827,0,331523.3
39828,0,342933.2
39829,0,353408.6
39830,0,367658.7
39831,0,381102.7
39832,0,387071.4
39833,0,402226.3
39834,0,311740.3
39835,0,293128.8
39836,0,211608
39837,0,191671.8
39838,0,159249.4
39839,0,142005.3
39840,0,121575.8
39841,0,114502
39842,0,101353.4
39843,0,89915.4
39844,0,114232.3
39845,0,123249.6
39846,0,213547
39847,0,257448.6
39848,0,281050.4
39849,0,288100.6
39850,0,296611.4
39851,0,314653.9
39852,0,325332
39853,0,328618.6
39854,0,341133
39855,0,353737.7
39856,0,356333.1
39857,0,365285.2
39858,0,274174.3
39859,0,263868.9
39860,0,188268.7
39861,0,172809.7
39862,0,141574.6
39863,0,125088.8
39864,0,104156.1
39865,0,97526.9
39866,0,86151.9
39867,0,76492.5
39868,0,98963.8
39869,0,108083
39870,0,201923.2
39871,0,249655.2
39872,0,272409.6
39873,0,289021.6
39874,0,299820.2
39875,0,318370
39876,0,329918.5
39877,0,341575.6
39878,0,355665.2
39879,0,368896.6
39880,0,372623
39881,0,381414.4
39882,0,291696.2
39883,0,270712.2
39884,0,192744
39885,0,177997.4
39886,0,147764.6
39887,0,132068.3
39888,0,112606.7
39889,0,106209.8
39890,0,94184.4
39891,0,83672.6
39892,0,79810.9
39893,0,75197.6
39894,0,89327.9
39895,0,119068.9
39896,0,137028.2
39897,0,179618.3
39898,0,200840.5
39899,0,214561.5
39900,0,222575.7
39901,0,233233.4
39902,0,243293.5
39903,0,205540.9
39904,0,204712.6
39905,0,211401
39906,0,199316.5
39907,0,189969.4
39908,0,126272.7
39909,0,111882.6
39910,0,95537.1
39911,0,83864.2
39912,13.6,63600.3
39913,0,60638.5
39914,0,53885.4
39915,0,47825.4
39916,0,45360.9
39917,0,41324
39918,778.7,59708.4
39919,0,70399.5
39920,149.8,82674.8
39921,0,93139.8
39922,0,97725.8
39923,0,101591
39924,0,104639.1
39925,0,109238.4
39926,0,115892.9
39927,0,124050.7
39928,405.3,126644
39929,1300.8,115416.6
39930,260.6,105815.1
39931,678.2,95794.7
39932,1161.1,70262.8
39933,1899,53761.3
39934,2694,42863.8
39935,3392.2,38518.9
39936,6700.8,30768.6
39937,3663.6,32532.6
39938,4143.3,29985
39939,4646.1,27583.1
39940,4404.5,35337.7
39941,1097.6,43448.3
39942,1925,121618.4
39943,0,179033.9
39944,0,204265.2
39945,0,218963.9
39946,0,225798
39947,0,245046.6
39948,0,262290.6
39949,0,275193.7
39950,0,289069.6
39951,0,300577
39952,0,305212.3
39953,0,311597.9
39954,0,225332.8
39955,0,220622.9
39956,0,147574.2
39957,0,132608.3
39958,0,100874.3
39959,0,83004.9
39960,0,64640.1
39961,0,63133.7
39962,0,57584.1
39963,0,52277.3
39964,0,69891.8
39965,0,80401.6
39966,0,164749.2
39967,0,215651.8
39968,0,239681.4
39969,0,249916.5
39970,0,255618.9
39971,0,274278.3
39972,0,290360.4
39973,0,302124.7
39974,0,312327.3
39975,0,319791.4
39976,0,327645
39977,0,341787.4
39978,0,254813.9
39979,0,239785.5
39980,0,158875.8
39981,0,147923.6
39982,0,116186
39983,0,98772.1
39984,0,78322.1
39985,0,73562.4
39986,1.1,66048.3
39987,84.4,60404.5
39988,7.3,81359.5
39989,95.6,91248.5
39990,0,178760.1
39991,0,230975.6
39992,0,249436.1
39993,0,264552.9
39994,0,274324.9
39995,0,293743.9
39996,0,308629.3
39997,0,321929.1
39998,0,337651
39999,0,353794.4
40000,0,359183.2
40001,0,370327.7
40002,0,281422
40003,0,266519.7
40004,0,187610
40005,0,168791.3
40006,0,137323
40007,0,120512.1
40008,0,98902.7
40009,0,91510.1
40010,0,80575.2
40011,0,72228.6
40012,0,95787.2
40013,0,104889.9
40014,0,194431.9
40015,0,239678.3
40016,0,263029.2
40017,0,271361.9
40018,0,278185.9
40019,0,303175.2
40020,0,317324.9
40021,0,330671
40022,0,343897.4
40023,0,355029.5
40024,0,345172.8
40025,0,350292.8
40026,0,256131.3
40027,0,243491.1
40028,0,170173.9
40029,0,158238.4
40030,0,128413.9
40031,0,112365.7
40032,0,91862
40033,0,86327.5
40034,0,76831.3
40035,0,68421.2
40036,0,91466
40037,0,100684.2
40038,0,188599.9
40039,0,230902
40040,0,250032.4
40041,0,259396.4
40042,0,267721.6
40043,0,277738.6
40044,0,285950
40045,0,294552
40046,0,309000.4
40047,0,317875.1
40048,0,318943.3
40049,0,323014.8
40050,0,224652.3
40051,0,217650.2
40052,0,146301.7
40053,0,135241.5
40054,0,105057.5
40055,0,90085.6
40056,0,73184.6
40057,18.9,71438.3
40058,136.8,64758.8
40059,299.6,58335.6
40060,444.8,55810
40061,543.9,52595.7
40062,545.1,65215.1
40063,44.7,93252.4
40064,0,107755
40065,0,141810.6
40066,0,158043.3
40067,0,164505.4
40068,0,171603.7
40069,0,183902.9
40070,0,196666.4
40071,0,161352.8
40072,0,163015
40073,0,174155.5
40074,0,163471.9
40075,0,159562.6
40076,0,85741.8
40077,0,75026.5
40078,0,60248.6
40079,0,52639.4
40080,21.8,39967.6
40081,20.4,40365.7
40082,164.1,35823.1
40083,799.2,31813.1
40084,1347.6,30981.7
40085,2055.5,28229.8
40086,18770.7,29622.7
40087,2066.2,56893.7
40088,1781.8,70888.6
40089,1179.3,83092.4
40090,722,87231.3
40091,185.7,91190.5
40092,0,94427.5
40093,0,99127.1
40094,0,106157.3
40095,15.5,112881.3
40096,954.2,113245.1
40097,2208.4,95754.8
40098,1162.1,80802.1
40099,1759.8,73373
40100,2323.7,54424.7
40101,3041.8,47000.5
40102,3770.6,39793.1
40103,4457.7,36420
40104,4339,34561.8
40105,4667.3,32175.8
40106,5136.1,29646.9
40107,5628.6,27636.4
40108,5442.4,35789.9
40109,1891.8,43506.4
40110,2374.3,121271.8
40111,0,178041.1
40112,0,207467.9
40113,0,226203.1
40114,0,238544.8
40115,0,260988.8
40116,0,276084.9
40117,0,290740
40118,0,307193
40119,0,321972.3
40120,0,329307
40121,0,341104.4
40122,0,250426.1
40123,0,240794.5
40124,0,164359.9
40125,0,149271.7
40126,0,118750.1
40127,0,102720.1
40128,0,83579.4
40129,0,80046
40130,0,70973.1
40131,0,63797.9
40132,0,83424.1
40133,0,94776.7
40134,0,181021.1
40135,0,233691.4
40136,0,254870.4
40137,0,269929.3
40138,0,271872.2
40139,0,284415.3
40140,0,296479.4
40141,0,312738.3
40142,0,326202.2
40143,0,339442.9
40144,0,345379.4
40145,0,357426.3
40146,0,267457.3
40147,0,252109.7
40148,0,172891.5
40149,0,156308.2
40150,0,125426
40151,0,109934.5
40152,0,90522.2
40153,0,84938.5
40154,0,76222
40155,0,69640.6
40156,0,87298.6
40157,0,94781.1
40158,0,180822.8
40159,0,235344.1
40160,0,258185.4
40161,0,271796.4
40162,0,280779.3
40163,0,298843.8
40164,0,310774.8
40165,0,322910
40166,0,337737
40167,0,351578.8
40168,0,357171.1
40169,0,369255.1
40170,0,278663.4
40171,0,262960.7
40172,0,180742
40173,0,163416.5
40174,0,132297.3
40175,0,116451.6
40176,0,97071.8
40177,0,91760
40178,0,82787.8
40179,0,75481.5
40180,0,93671.9
40181,0,101074.8
40182,0,192783.2
40183,0,235293.9
40184,0,255254.7
40185,0,265549.7
40186,0,274042.5
40187,0,282697.3
40188,0,291738.1
40189,0,298459.7
40190,0,305033.1
40191,0,311104.1
40192,0,310163.7
40193,0,318615.9
40194,0,221839.1
40195,0,216007.7
40196,0,144995.4
40197,0,134318.5
40198,0,106772.9
40199,0,94447.8
40200,0,80101
40201,0,78539.6
40202,0,73010.2
40203,0,68047.4
40204,0,86028
40205,0,94565.2
40206,0,184169.2
40207,0,229670.1
40208,0,252433.6
40209,0,268311.8
40210,0,280897.1
40211,0,298676.1
40212,0,314214.8
40213,0,327833.4
40214,0,342192.9
40215,0,356690
40216,0,363592.4
40217,0,376043.9
40218,0,284561.9
40219,0,266585.4
40220,0,184009.8
40221,0,167509.4
40222,0,136378.7
40223,0,121323.8
40224,0,102455.4
40225,0,96603.2
40226,0,86476.1
40227,0,77909.8
40228,0,73876.4
40229,0,68940.6
40230,0,81232.2
40231,0,111643.2
40232,0,126719.6
40233,0,165596.6
40234,0,188143.6
40235,0,198281.2
40236,0,206641.8
40237,0,215373.2
40238,0,226922.6
40239,0,190842.5
40240,0,193706.3
40241,0,200226.4
40242,0,188322.2
40243,0,178405.3
40244,0,118224
40245,0,103072.7
40246,0,85820.7
40247,0,74086.9
40248,43.2,55405.1
40249,0,54662
40250,0,48600.6
40251,0,42708.4
40252,0.5,40579.2
40253,9.4,37048.4
40254,832.4,50007.2
40255,1.5,59612.2
40256,238.1,73599.9
40257,0,85560.1
40258,0,90903.4
40259,0,94378
40260,0,97465.1
40261,0,101739.6
40262,0,105491.5
40263,0,112405.8
40264,4.2,118876.4
40265,1782.3,101340
40266,760.9,90240.5
40267,1299.6,79527.9
40268,4987.1,49670.4
40269,2705.9,45763
40270,3469.4,37585.1
40271,4212.7,33244.5
40272,4155.1,30555.3
40273,4535.2,27946.4
40274,5037.2,25430.4
40275,5557,23335.9
40276,5382,31175.5
40277,1801.6,39284.9
40278,2338.9,105359.3
40279,0,159148.9
40280,0,185428.5
40281,0,198683.5
40282,0,205784.6
40283,0,223568.8
40284,0,239584.9
40285,0,259974.3
40286,0,277150.3
40287,0,293472.2
40288,0,302498.2
40289,0,314417.7
40290,0,222806
40291,0,212945.6
40292,0,139351.8
40293,0,127541.4
40294,0,99763.9
40295,0,83544.6
40296,0,65747.4
40297,0,63990.2
40298,0,57503.6
40299,0,52211.2
40300,0,67367.4
40301,0,77569.1
40302,0,158983.1
40303,0,216911.8
40304,0,245213.9
40305,0,260978
40306,0,272970.3
40307,0,292518.6
40308,0,306990
40309,0,319978
40310,0,335440.5
40311,0,349644.4
40312,0,355073.8
40313,0,365909.7
40314,0,272785.6
40315,0,248889.2
40316,0,177350.2
40317,0,165623.3
40318,0,138640.8
40319,0,124937.9
40320,0,107663.8
40321,0,101089.1
40322,0,90706.5
40323,0,81959.4
40324,0,100881.6
40325,0,109010.6
40326,0,195264.1
40327,0,250957.1
40328,0,272786.7
40329,0,287026.1
40330,0,294450.6
40331,0,314946
40332,0,322955.6
40333,0,338969.5
40334,0,354688.1
40335,0,367851.1
40336,0,368375.4
40337,0,372202.4
40338,0,273979.5
40339,0,258070
40340,0,185896.7
40341,0,173517
40342,0,145782
40343,0,132734.7
40344,0,117120.5
40345,0,111584.4
40346,0,101328.4
40347,0,92100.9
40348,0,112010.6
40349,0,119720.8
40350,0,212013.2
40351,0,254307.7
40352,0,272934.3
40353,0,283479
40354,0,296789.1
40355,0,317032.6
40356,0,329305.9
40357,0,340869.8
40358,0,353956.9
40359,0,364720.8
40360,0,365844.2
40361,0,377379
40362,0,284222.2
40363,0,260873.9
40364,0,182701.5
40365,0,168535.5
40366,0,139106.1
40367,0,123672.1
40368,0,104327
40369,0,97723.9
40370,0,87233.8
40371,0,79057.2
40372,0,98347.1
40373,0,105768.8
40374,0,197051
40375,0,246399.7
40376,0,270076.5
40377,0,286603.3
40378,0,298196.4
40379,0,318732.1
40380,0,331657
40381,0,344288.9
40382,0,360619.8
40383,0,372302.6
40384,0,359146.3
40385,0,365816.3
40386,0,273842.4
40387,0,264892.8
40388,0,187026.2
40389,0,173013.1
40390,0,144558.8
40391,0,131117.9
40392,0,115059.9
40393,0,107870.7
40394,0,96775.3
40395,0,86425.7
40396,0,81723.7
40397,0,76093.2
40398,0,87022.8
40399,0,112607.1
40400,0,124412.1
40401,0,162577.9
40402,0,182629.7
40403,0,195092.6
40404,0,202708.4
40405,0,207760.2
40406,0,218917.5
40407,0,178818.7
40408,0,181384.9
40409,0,183887.1
40410,0,167615.1
40411,0,160994
40412,0,103799.5
40413,0,90824.2
40414,0,76584.7
40415,0,66765.8
40416,12.1,50849.8
40417,0,50070.1
40418,0,45105.3
40419,0,40936
40420,0,40148.1
40421,0,36701.4
40422,784.1,50254.7
40423,0,62207.8
40424,177.4,76307.6
40425,0,89153
40426,0,94333.7
40427,0,98446.2
40428,0,99383.7
40429,0,106009
40430,0,113762
40431,0,120708.3
40432,567.9,118972.9
40433,1538.6,98647.7
40434,496.5,81529.9
40435,970.2,71489
40436,1508.8,53878.6
40437,2225.7,46861.2
40438,2990.5,38539
40439,3743.5,33637.1
40440,7087.3,26093.9
40441,3976.1,28671.7
40442,4460.5,25983.4
40443,4979,23566.7
40444,4755.2,31884.6
40445,1355.2,40092.3
40446,2074.4,107069.8
40447,0,159990.7
40448,0,188166.4
40449,0,209413.2
40450,0,213560.2
40451,0,232255.2
40452,0,251976.2
40453,0,270489.6
40454,0,286274.4
40455,0,296720.3
40456,0,295170.3
40457,0,298101.6
40458,0,207061.7
40459,0,201977.7
40460,0,135475.5
40461,0,127488.1
40462,0,102728.1
40463,0,89258.5
40464,0,71680.4
40465,0,69552.5
40466,0,62264.2
40467,0,56490.8
40468,0,75104.6
40469,0,84788.7
40470,0,168262.4
40471,0,219697.9
40472,0,239683
40473,0,249879.4
40474,0,258348.1
40475,0,268620.9
40476,0,276989.9
40477,0,289791
40478,0,298540.7
40479,0,306892.4
40480,0,319278.8
40481,0,322279.6
40482,0,237817.3
40483,0,223479.1
40484,0,147497.1
40485,0,134108.3
40486,0,105358.2
40487,0,90675.9
40488,0,74605.3
40489,0,71499.9
40490,0,64949.6
40491,0,59351.3
40492,0,76377.4
40493,0,84188.4
40494,0,164879.8
40495,0,219326
40496,0,246120
40497,0,262348.9
40498,0,273357.4
40499,0,292636.4
40500,0,301769.9
40501,0,316659.6
40502,0,333257.6
40503,0,346527.4
40504,0,347110.9
40505,0,343060.3
40506,0,248296.1
40507,0,234983.5
40508,0,163804.5
40509,0,152534
40510,0,124700.5
40511,0,110837.1
40512,0,91727.9
40513,0,87717.6
40514,0,78701.6
40515,0,71043.8
40516,0,89608.5
40517,0,97732.8
40518,0,187831.3
40519,0,234369.9
40520,0,256731.5
40521,0,265772.4
40522,0,276034.6
40523,0,284654.9
40524,0,296569
40525,0,310959.7
40526,0,320404.2
40527,0,321560.9
40528,0,321084.6
40529,0,336997
40530,0,237024.2
40531,0,221756.5
40532,0,147723.5
40533,0,135332.7
40534,0,105545.5
40535,0,91276.2
40536,0,75811.8
40537,0.5,73446.7
40538,61.9,67236.9
40539,203.8,61503.9
40540,26.5,78498.5
40541,39.2,86398.9
40542,0.9,155464.7
40543,0,214174.8
40544,0,237618.1
40545,0,252838.9
40546,0,264852.4
40547,0,284855.9
40548,0,296637.6
40549,0,309474.4
40550,0,325006.7
40551,0,337928.7
40552,0,341868.4
40553,0,344253.6
40554,0,245067.5
40555,0,229293
40556,0,155474.5
40557,0,144065.6
40558,0,114634.2
40559,0,98487
40560,0,80093.4
40561,0,76886.1
40562,0.4,68951.6
40563,73.5,62798.2
40564,251.8,60046.6
40565,446.4,55647.3
40566,545,68522
40567,32.2,98152.2
40568,0,112915.1
40569,0,148296.4
40570,0,168491.7
40571,0,179001.5
40572,0,189222.7
40573,0,199935.7
40574,0,213731.4
40575,0,179368.9
40576,0,182983.2
40577,0,190646.1
40578,0,178462.3
40579,0,167679.1
40580,0,106854.6
40581,0,92419.9
40582,0,76708.2
40583,0,65964.7
40584,17.2,49035.9
40585,0,48321.2
40586,0.1,43309.1
40587,9,38797.9
40588,22.1,38000.1
40589,90.5,34957.4
40590,930.4,48919.5
40591,176.4,60725.2
40592,480,75033.2
40593,129.5,87991.9
40594,10.8,93969.5
40595,0,99545.5
40596,0,103950.5
40597,0,108891.6
40598,0,113762.7
40599,11.5,112653.3
40600,779.4,105965.8
40601,1915.2,93376.8
40602,895.8,74861.9
40603,1376.6,65908.3
40604,1899.7,50603.4
40605,2610.5,46144.1
40606,3348.5,39098.1
40607,4082.6,35166.8
40608,4001.3,32792.4
40609,4360.6,30278.4
40610,4850.9,27753.3
40611,5347.8,25631.6
40612,5146.1,33010.3
40613,1642.6,41098.9
40614,2230.7,109935.5
40615,0,160368.1
40616,0,187623.6
40617,0,203619.5
40618,0,210080.8
40619,0,226879.4
40620,0,236811.6
40621,0,246795.2
40622,0,256647.1
40623,0,265866.3
40624,0,267431.9
40625,0,275998.6
40626,0,187030.5
40627,0,181446
40628,0,113521.5
40629,0,104975.9
40630,0,79765.9
40631,0,67172.2
40632,0,54401.1
40633,0,54714.8
40634,0,50899.7
40635,0,46992.4
40636,0,62010.3
40637,0,71158
40638,0,149927.2
40639,0,200582.8
40640,0,225014
40641,0,237594.1
40642,0,248259
40643,0,256954.4
40644,0,266204
40645,0,274429.1
40646,0,281621.3
40647,0,287987.9
40648,0,289592.9
40649,0,299347.6
40650,0,205391.8
40651,0,198265
40652,0,128825.1
40653,0,117894
40654,0,91544.1
40655,0,79479.8
40656,0,65156.9
40657,0,63791.3
40658,0,58458.6
40659,10.2,54452.7
40660,0,71188
40661,0,78808.5
40662,0,159442.4
40663,0,207962.9
40664,0,232071.5
40665,0,245200.4
40666,0,250345.1
40667,0,267032.4
40668,0,281153.3
40669,0,291790.3
40670,0,302621.9
40671,0,312916.5
40672,0,323174.8
40673,0,342021.3
40674,0,252919.5
40675,0,235064.3
40676,0,158912.9
40677,0,145727.2
40678,0,117331.4
40679,0,102365
40680,0,83867.2
40681,0,81096.3
40682,0,73418.8
40683,0,67533.7
40684,0,86021.7
40685,0,94085.9
40686,0,184995.9
40687,0,234100.5
40688,0,259151.4
40689,0,276355.8
40690,0,288991.6
40691,0,309666.5
40692,0,323172.3
40693,0,336713.5
40694,0,352063.3
40695,0,365405.7
40696,0,370877.7
40697,0,381191
40698,0,286418.2
40699,0,265408.7
40700,0,184705
40701,0,169800.2
40702,0,138816.4
40703,0,123900.6
40704,0,105050.1
40705,0,98324.4
40706,0,87071.7
40707,0,77650.6
40708,0,95964.2
40709,0,102861
40710,0,194241.2
40711,0,242815.4
40712,0,267344.2
40713,0,285082.7
40714,0,296922
40715,0,317579.3
40716,0,331550.8
40717,0,345852.9
40718,0,363075.9
40719,0,378309
40720,0,383716.6
40721,0,396384.2
40722,0,301245
40723,0,276655.9
40724,0,194154.5
40725,0,179066.2
40726,0,148781.1
40727,0,133516.9
40728,0,115761.9
40729,0,108448.1
40730,0,97239.7
40731,0,87151.3
40732,0,82418
40733,0,76632
40734,0,89200.1
40735,0,117630.1
40736,0,134926.2
40737,0,178010.5
40738,0,200721.4
40739,0,209421.5
40740,0,219073.7
40741,0,227764
40742,0,237908.4
40743,0,201502.5
40744,0,205846.5
40745,0,204022.3
40746,0,187374.3
40747,0,172691.3
40748,0,114599.6
40749,0,101952.9
40750,0,87133.1
40751,0,76450.1
40752,29.7,59466.3
40753,0,58622.7
40754,0,52315.9
40755,0,45945.2
40756,0,43278.7
40757,4.9,39134.5
40758,811.7,52808.9
40759,0,62498.8
40760,224.2,72589.3
40761,0,83254.7
40762,0,86448.3
40763,0,90153.2
40764,0,91274.7
40765,0,96618.8
40766,0,102742.5
40767,0,105822.8
40768,6.4,105196.7
40769,1771.3,84945.3
40770,775.7,67204.9
40771,1304.9,59526.5
40772,1926.1,43993.6
40773,2715,39208.1
40774,3511,31968.3
40775,4292,28145.9
40776,4252.3,25810.3
40777,4759.2,23368.1
40778,5475,21427.8
40779,6186.9,19600.7
40780,5691.2,26836.3
40781,2076.8,34499.8
40782,2438,98547.2
40783,0,154554.9
40784,0,175028.7
40785,0,190931.5
40786,0,199147.9
40787,0,220152
40788,0,237501
40789,0,258045.8
40790,0,274038
40791,0,292683.5
40792,0,300736.9
40793,0,312235.1
40794,0,221634.7
40795,0,209600.5
40796,0,137562.9
40797,0,126784.2
40798,0,99606.8
40799,0,84577.1
40800,0,66700.3
40801,0,64597.4
40802,0,57670.5
40803,0,53018.8
40804,0,69753
40805,0,79491.4
40806,0,162443.6
40807,0,216697.1
40808,0,241376.6
40809,0,252936.6
40810,0,268956.7
40811,0,289552
40812,0,294861.5
40813,0,300171.9
40814,0,305684.4
40815,0,312925.6
40816,0,311982.5
40817,0,321644
40818,0,237584.2
40819,0,221396.5
40820,0,150723.4
40821,0,140318.3
40822,0,113476.4
40823,0,99301.9
40824,0,81526.2
40825,0,78576.8
40826,0,71070.2
40827,0,64886.6
40828,0,82543.1
40829,0,90515.7
40830,0,173676.9
40831,0,227839.1
40832,0,253411.6
40833,0,268966.7
40834,0,280749.4
40835,0,302657
40836,0,317449.7
40837,0,331409.6
40838,0,345982.5
40839,0,357321.6
40840,0,355299.3
40841,0,362797.8
40842,0,259892.2
40843,0,242258.5
40844,0,169067.4
40845,0,156527.6
40846,0,127697.6
40847,0,112714.4
40848,0,93704.1
40849,0,88460.8
40850,0,78972.3
40851,0,71810.3
40852,0,90624.6
40853,0,97790.4
40854,0,187140.4
40855,0,234094.1
40856,0,259586.7
40857,0,276692.4
40858,0,288916.3
40859,0,309756.9
40860,0,323404.8
40861,0,336345.2
40862,0,351068.2
40863,0,363643.6
40864,0,365736.6
40865,0,370517.2
40866,0,272686
40867,0,253283
40868,0,179389.2
40869,0,167442.1
40870,0,139556.8
40871,0,125555.4
40872,0,107735
40873,0,102673.2
40874,0,92586.8
40875,0,83542.6
40876,0,102516.7
40877,0,110347.7
40878,0,190617.9
40879,0,242058.2
40880,0,263978
40881,0,276857.7
40882,0,286349.6
40883,0,295523.1
40884,0,306759
40885,0,314881.8
40886,0,320924.5
40887,0,328871.1
40888,0,339439.9
40889,0,342864.4
40890,0,257280.5
40891,0,238726.5
40892,0,164572.8
40893,0,153155.6
40894,0,126471.2
40895,0,111382.7
40896,0,92724.1
40897,0,88216.9
40898,0,79638.5
40899,0,72112.8
40900,0,69899.1
40901,0,65924.2
40902,0,77949.4
40903,0,103132.9
40904,0,114884
40905,0,142857.4
40906,0,158524.6
40907,0,168848.4
40908,0,182489.4
40909,0,193818.6
40910,0,206965.2
40911,0,177040
40912,0,175795.3
40913,0,166615.3
40914,0,148591.3
40915,0,141523.7
40916,0,86296.7
40917,0,76474.8
40918,0,63294.2
40919,0,56508.4
40920,17.6,44160
40921,7.6,44432.5
40922,86.4,39902.4
40923,174.4,35694.7
40924,364.7,35000.1
40925,612.1,32462.2
40926,1588.2,45522.4
40927,815.8,52199.5
40928,691.3,62860.6
40929,394.9,75766.6
40930,315.1,77646.7
40931,161.3,80710.9
40932,14.7,86453.9
40933,0,92954.3
40934,0,100538.9
40935,0,101702.3
40936,816.9,100883.8
40937,2567.6,85661.2
40938,1852.9,71642.3
40939,2658.6,61872.2
40940,3440.6,45554.8
40941,4356.7,40819.1
40942,5262.5,33743.2
40943,6134.1,30047.6
40944,6990.2,27030.1
40945,7840.3,23958.6
40946,8718.1,21638.2
40947,9662,19698.9
40948,10594.5,21409.3
40949,11553.8,20988.8
40950,17052.5,37779.4
40951,13490.7,46490.9
40952,11903.7,52831.4
40953,7820,61735.9
40954,7882.1,63977.7
40955,7963.9,67864.1
40956,11446.3,70571.4
40957,8393,82941.8
40958,8584.9,88761.4
40959,8751.9,93639.1
40960,12148.7,89547.2
40961,17608.9,76371.1
40962,15068.3,61503.2
40963,16094.8,50839.9
40964,16957.1,34674.5
40965,17764.5,30182.8
40966,18566.1,23827.6
40967,19366.5,21015.2
40968,18554.5,19401.2
40969,19112.3,17844.6
40970,19964.5,16288.9
40971,20858.2,14988.7
40972,17288.7,17480.3
40973,11642.3,22557.6
40974,11216.5,74926.5
40975,620.1,125815.2
40976,0,148142.4
40977,0,165615.5
40978,0,174637.5
40979,0,197964.4
40980,0,213511.8
40981,0,232314.3
40982,0,251801.4
40983,0,265807.4
40984,0,273663.2
40985,0,286992.4
40986,0,194339.1
40987,0,174028.8
40988,0,111348.1
40989,0,97101.3
40990,0,69921.6
40991,15.5,56003.2
40992,159.5,44470.7
40993,399.4,44990.1
40994,829.7,40803.3
40995,1603.2,37043.3
40996,1481.4,50621.2
40997,1836.2,60554.7
40998,710.1,122909.7
40999,7,175504.6
41000,0,197259.9
41001,0,216029.5
41002,0,228740.4
41003,0,251165.7
41004,0,264823.2
41005,0,278881.9
41006,0,295053.9
41007,0,311577.7
41008,0,319611.9
41009,0,330218
41010,0,237018.2
41011,0,214545.7
41012,0,144007.5
41013,0,130429.8
41014,0,101872.1
41015,0,86339.4
41016,9.2,69107.8
41017,54.2,67429
41018,166.3,62001.3
41019,288.9,56623.7
41020,181.3,73471.4
41021,243.4,80861.9
41022,0,148552.9
41023,0,205176.5
41024,0,226970.6
41025,0,245508.6
41026,0,257733.8
41027,0,277575.2
41028,0,290029.7
41029,0,302517.9
41030,0,318400.4
41031,0,332679.5
41032,0,336184.7
41033,0,342942
41034,0,242012.1
41035,0,222649.1
41036,0,156473.2
41037,0,146888
41038,0,120656.4
41039,0,106435.6
41040,0,89283.1
41041,0,86300.4
41042,0,77805
41043,0,70847.7
41044,0,88899.9
41045,0,95806.7
41046,0,170118.7
41047,0,222602.9
41048,0,242514
41049,0,253371.2
41050,0,267865.6
41051,0,286589.9
41052,0,300195.5
41053,0,309717.4
41054,0,325657.4
41055,0,340023.1
41056,0,345187.3
41057,0,354658.4
41058,0,258239.9
41059,0,232490.6
41060,0,157865.5
41061,0,144036.3
41062,0,115617.2
41063,0,100165.6
41064,0,83061.3
41065,0,80383.5
41066,3.4,74272
41067,25.5,68435.9
41068,100.9,66175.5
41069,197.4,61792.1
41070,306.2,73328
41071,13.5,102571.4
41072,0,117779.5
41073,0,147821.2
41074,0,166798.2
41075,0,177670.6
41076,0,186797.1
41077,0,195801.2
41078,0,207556.6
41079,0,179201.7
41080,0,186967.9
41081,0,186114
41082,0,169086.9
41083,0,152682
41084,0,92753.7
41085,0,81464.9
41086,0,68348.9
41087,9,60300.2
41088,37.1,51336.8
41089,185.4,44472.7
41090,526.4,39591.8
41091,1184.3,35120.2
41092,1853.5,33691.7
41093,2513.4,30742.4
41094,4189.7,42478.1
41095,4069.1,48867.3
41096,2823.3,62715
41097,2007,79562.7
41098,1669.6,84397.9
41099,1150.7,87609
41100,538.9,88712.2
41101,91.1,89281.7
41102,57.5,89982.6
41103,148.6,87826.5
41104,13098.1,67777.9
41105,3186.2,66790.5
41106,2461.7,55401.2
41107,3292.5,50432.6
41108,4056.3,36991.3
41109,4926.7,33020.9
41110,5897.5,26787.8
41111,6885.6,23842.6
41112,6352.1,21973.6
41113,6928.7,20257.5
41114,7651.4,18601.9
41115,8433.5,16894.5
41116,6458.8,23491.8
41117,2810.3,30651.3
41118,2761.5,89995.1
41119,0,143096.4
41120,0,164358.9
41121,0,181556
41122,0,193710.1
41123,0,218580.8
41124,0,235065.9
41125,0,251080.3
41126,0,268260.4
41127,0,283930
41128,0,290319.4
41129,0,300448.8
41130,0,204707.4
41131,0,188678.9
41132,0,124711.1
41133,0,113615.9
41134,0,86862.1
41135,0,73827.2
41136,0,59728.2
41137,0,59851.5
41138,0,55173.7
41139,0,51525
41140,0,67285.2
41141,0,76661.1
41142,0,151291.1
41143,0,199873.3
41144,0,222492.8
41145,0,235771.5
41146,0,248685.3
41147,0,259512.5
41148,0,267878.7
41149,0,275667.6
41150,0,283188.6
41151,0,287253.8
41152,0,290736.7
41153,0,298384.4
41154,0,199293
41155,0,189632.8
41156,0,124295.8
41157,0,112921.7
41158,1.2,87886.3
41159,129,75793.3
41160,383.8,63018.9
41161,676.7,61203.1
41162,933.4,55873.8
41163,1228.6,51573.8
41164,877.4,68122
41165,1172.6,75342
41166,225.8,138726.5
41167,0,193318
41168,0,214163.4
41169,0,232117.6
41170,0,244564.1
41171,0,265856.4
41172,0,279277.7
41173,0,292483.7
41174,0,307218.4
41175,0,321788
41176,0,326171.4
41177,0,335747.5
41178,0,239456.9
41179,0,215448.7
41180,0,144964.7
41181,0,133478.8
41182,0,105985.6
41183,0,90994
41184,0,74599.1
41185,7.8,72955.2
41186,99.9,66559.8
41187,217.8,60504.5
41188,101.6,77351.9
41189,188.1,83867.6
41190,0,152759.9
41191,0,203122.8
41192,0,231605.5
41193,0,250210.9
41194,0,262068.4
41195,0,281431
41196,0,293507.8
41197,0,306773.8
41198,0,322205
41199,0,336442.2
41200,0,339668.6
41201,0,347972.7
41202,0,226377.4
41203,0,225547.5
41204,0,154142.5
41205,0,141633.3
41206,0,113061.8
41207,0,96249.2
41208,2.6,77647.6
41209,41.4,75239.1
41210,148.2,69476.5
41211,257.6,63783.9
41212,112.4,80728.9
41213,126.3,88086.6
41214,0,157007.8
41215,0,205433
41216,0,230220.5
41217,0,244627.7
41218,0,256701.4
41219,0,269498.4
41220,0,283262.1
41221,0,293127.7
41222,0,299554
41223,0,306095.2
41224,0,300536.3
41225,0,307074.4
41226,0,207836.5
41227,0,199363.5
41228,0,132219.6
41229,0,122433.6
41230,0,97378.3
41231,0,85110.6
41232,6.3,71427.4
41233,59.2,70845.6
41234,120.7,64997.7
41235,218.9,59189.8
41236,353.8,56923.4
41237,466,53776.6
41238,556.5,65823.7
41239,191.2,88532.3
41240,82.5,99057.6
41241,0,123058.4
41242,0,134522.1
41243,0,139439.4
41244,0,142947.1
41245,0,146555.1
41246,0,152161.6
41247,0,119320.5
41248,0,122312.9
41249,0,121546
41250,0,107535.6
41251,0,104233.6
41252,0,64845.7
41253,0,61244.2
41254,0,53160.9
41255,0,48434.1
41256,44.5,42969.3
41257,112.2,38761.3
41258,252.9,35023
41259,463.8,31102.7
41260,599.4,30479.4
41261,737.1,27865.9
41262,1752,40771.2
41263,936.6,47557.2
41264,970.5,59203.9
41265,419.1,75727.8
41266,287.6,84852.8
41267,46.1,93115.3
41268,0,99761.6
41269,0,106927.1
41270,23.7,116114.5
41271,100.2,123496.8
41272,1127.4,124105.5
41273,3201.8,105404.2
41274,4995.6,78002.9
41275,3228.6,70260.6
41276,7090.5,46231.5
41277,4911.1,43941.7
41278,5760.5,36082.2
41279,6581.3,32398.3
41280,5890,29816.4
41281,6251.9,27141.3
41282,6754.5,24883.2
41283,7303.4,22554.2
41284,5714.3,30699.6
41285,2119.1,38433.1
41286,2488.6,100678
41287,0,146380.1
41288,0,172668.1
41289,0,197696.5
41290,0,208843.9
41291,0,236697.7
41292,0,251151.3
41293,0,266785.9
41294,0,276459.9
41295,0,280742.1
41296,0,283309.9
41297,0,291221.7
41298,0,194981
41299,0,186203.9
41300,0,126564.1
41301,0,117485.3
41302,0,89970.6
41303,0,75750.8
41304,0,60516.4
41305,0,59825.8
41306,0,55344.4
41307,0,51621.1
41308,0,67208
41309,0,76085.3
41310,0,150783.3
41311,0,201549.1
41312,0,226950.7
41313,0,238872
41314,0,247771.7
41315,0,265171
41316,0,275761.2
41317,0,286198.3
41318,0,294903.4
41319,0,299780
41320,0,300604.5
41321,0,308001.3
41322,0,211504
41323,0,204045.6
41324,0,141786.6
41325,0,131462.3
41326,0,104512.9
41327,0,89127.3
41328,0,71951.9
41329,0,68751.6
41330,40.7,60752.8
41331,221.7,55832.5
41332,34.5,72451.6
41333,125.8,79597
41334,0,150073.8
41335,0,195925.4
41336,0,219162.3
41337,0,231788.1
41338,0,242618
41339,0,252742.4
41340,0,261828.5
41341,0,269793.8
41342,0,276470.1
41343,0,282056.4
41344,0,283591
41345,0,289157.5
41346,0,192279.4
41347,0,182372.2
41348,0,117993.8
41349,0,108128
41350,146,85665.2
41351,376,75842.1
41352,576.3,63851.9
41353,816.7,62255.6
41354,1078.9,56976.8
41355,1365.6,52622.1
41356,843.6,69700.3
41357,959.7,76825.8
41358,14.5,141700.5
41359,0,192357.8
41360,0,208266
41361,0,220449.7
41362,0,231789.9
41363,0,243265.2
41364,0,253921.5
41365,0,262873.1
41366,0,271274.6
41367,0,294334.4
41368,0,289003.8
41369,0,300303
41370,0,183201.9
41371,0,184192.8
41372,0,118860.8
41373,0,108834
41374,18.1,86353.6
41375,124.8,76479.9
41376,298.9,64632.4
41377,430.1,63767.8
41378,527.7,58186.4
41379,640.6,53642.5
41380,314.7,70602.9
41381,313.5,77763.7
41382,0,145893
41383,0,197924
41384,0,213849.1
41385,0,225368.1
41386,0,235249.4
41387,0,244803.2
41388,0,254372.6
41389,0,264342.8
41390,0,269472.4
41391,0,276515.2
41392,0,274282.9
41393,0,283432.4
41394,0,188000.1
41395,0,179914.3
41396,0,114996.6
41397,0,105646.7
41398,193.3,83760.1
41399,442.1,73641.1
41400,661.9,61856.5
41401,853.5,60921.1
41402,1097.6,56199.1
41403,1544.7,51492.6
41404,2072.8,49932.9
41405,2550.9,46785.8
41406,3211.6,56334.4
41407,2054.8,82788.9
41408,1488.2,98854.5
41409,573.4,127480.7
41410,281.6,144022.8
41411,47.2,152552.2
41412,0,159285.2
41413,0,167496.6
41414,0,176636.3
41415,0,142786.4
41416,0,153135.1
41417,0,152454.7
41418,0,132393.2
41419,0,108302.8
41420,7.9,66358.5
41421,37.7,61433.7
41422,186.9,52618.3
41423,401.1,47567.2
41424,988.7,42166.1
41425,1532.7,37957.8
41426,2173.1,33853.8
41427,2707.6,30200.5
41428,3540.4,29471.8
41429,4270.8,26664.2
41430,5847.3,38446.5
41431,5130.7,45906.3
41432,3325.7,58342.9
41433,2250.3,69944.9
41434,1892,74540.9
41435,1501.7,81446.1
41436,1184.4,88595.9
41437,904.9,94463.2
41438,633.9,100443.7
41439,437.2,105344.2
41440,417.1,106166.4
41441,3608.6,83330.1
41442,5605.1,61991.7
41443,3699.8,55979.4
41444,4445.9,40735.7
41445,5302.9,35852.8
41446,6235.9,28932.9
41447,7246,25165.4
41448,6722.5,22546.4
41449,7336.5,19906.9
41450,8118.2,18113.5
41451,8961.2,16663.2
41452,7224.8,23430.1
41453,3656.2,30210.3
41454,3018.7,87278.2
41455,0,138893.8
41456,0,161715
41457,0,180749.1
41458,0,192740.6
41459,0,215014.4
41460,0,229317.1
41461,0,236150.1
41462,0,238793.9
41463,0,243011.4
41464,0,242215.2
41465,0,251666.7
41466,0,158686.4
41467,0,152977.4
41468,0,93872.3
41469,0,85390
41470,159.5,65118.8
41471,291.7,57374.5
41472,461.9,47696.7
41473,601.6,48361.3
41474,819.2,44445.4
41475,1152.4,40725.1
41476,605,55599
41477,589.5,64784.7
41478,0,129247
41479,0,177792.1
41480,0,195938.4
41481,0,210628.6
41482,0,221847.3
41483,0,232210.9
41484,0,241274.9
41485,0,250902.8
41486,0,257498.2
41487,0,264224.4
41488,0,270485.8
41489,0,284590.3
41490,0,177343.3
41491,0,173015.5
41492,0,110111.9
41493,0,100460
41494,92.2,77639.5
41495,296.1,68080.9
41496,402.3,58577.8
41497,496.5,58389
41498,704.3,53666.4
41499,1094.2,49274.2
41500,603.5,65851.3
41501,670.1,73307.1
41502,0,137441.6
41503,0,188230.1
41504,0,206833.9
41505,0,218710.7
41506,0,228809.7
41507,0,240491.2
41508,0,250967.4
41509,0,262760.8
41510,0,273375.4
41511,0,282189.3
41512,0,279102.7
41513,0,284293.9
41514,0,184390.7
41515,0,176602.5
41516,0,112414.9
41517,2.7,102757.9
41518,193,80889.6
41519,412,71415
41520,641,60785.5
41521,801,60381.8
41522,1017.6,55647.7
41523,1413.4,51115
41524,890.4,67978.2
41525,929,75151.8
41526,54.3,138723.4
41527,0,188068.4
41528,0,203378.3
41529,0,215197.1
41530,0,226416.5
41531,0,234888.5
41532,0,243975.5
41533,0,254357
41534,0,265209.6
41535,0,268409.3
41536,0,262250
41537,0,268958.5
41538,0,173145.3
41539,0,165700.4
41540,172.6,102782.8
41541,384.5,95745.1
41542,739.8,77352.9
41543,954.3,69089
41544,1302.8,63627.9
41545,1698.7,58758.2
41546,2039.3,54011.6
41547,2332.5,49420.8
41548,1570.8,66565
41549,1469.9,73730.6
41550,161.2,136320.7
41551,0,184727.9
41552,0,200013.8
41553,0,213201.7
41554,0,224622.6
41555,0,236164.9
41556,0,247248.6
41557,0,256096.4
41558,0,264432.6
41559,0,270980.3
41560,0,268832.5
41561,0,277612.7
41562,0,180711.7
41563,0,173787.8
41564,0,110210.3
41565,0,101517
41566,130.9,79954.5
41567,313.2,70542.7
41568,456.3,64839.4
41569,588.8,60134.7
41570,712.6,55589.5
41571,909,51284.6
41572,1145.2,50307.2
41573,1339.6,47575.6
41574,1484,58730.1
41575,678.2,81839.3
41576,380.5,93170.2
41577,0,117207.1
41578,0,129063.5
41579,0,135168
41580,0,139887.7
41581,0,144738.5
41582,0,148235.2
41583,0,115354.4
41584,0,118870.1
41585,0,118291.6
41586,0,104974.2
41587,0,100349.7
41588,0,60240
41589,4.2,56434.1
41590,117.6,48700
41591,302.3,43945.9
41592,773.6,38343.4
41593,1260.5,33694.5
41594,1690.1,29674.8
41595,2366.7,25937.8
41596,3285.6,25514.2
41597,4433.1,23271.3
41598,6379,35083.9
41599,6116.3,41436.1
41600,15257,39607.6
41601,2177.4,71265.5
41602,1776,79281.8
41603,1318.8,85195.9
41604,861,90852.1
41605,435.3,96750.3
41606,244.3,102807.4
41607,349.8,108043.3
41608,1659.4,103553.7
41609,5558.7,84932.5
41610,4826,63572.8
41611,5720.3,53880
41612,6521,39012.6
41613,7455.2,34031.9
41614,8378.9,27165.9
41615,9296,23971
41616,8751.9,22026.2
41617,9444.8,19581.3
41618,10296.2,17561.1
41619,11179.5,16256.8
41620,7501.2,23210.7
41621,3824.9,30542.1
41622,3121.3,87848.2
41623,0,133684.6
41624,0,156736.7
41625,0,177958
41626,0,191212.5
41627,0,216059.5
41628,0,228826.5
41629,0,228232.3
41630,0,239085.4
41631,0,249512.8
41632,0,253023.6
41633,0,268238.5
41634,0,157980.6
41635,0,160114.5
41636,0,99835.4
41637,0,91433.5
41638,0,68824.4
41639,18.3,59497.8
41640,97.3,49603.8
41641,161.6,50119.7
41642,249.3,46208.1
41643,382.4,42605.6
41644,142.1,57422.8
41645,185.7,66391.6
41646,0,130086.2
41647,0,178456.8
41648,0,194971.3
41649,0,210360.1
41650,0,224911.2
41651,0,239274.1
41652,0,258963
41653,0,271743.7
41654,0,282346.9
41655,0,281603
41656,0,293446.1
41657,0,302961.7
41658,0,192898.1
41659,0,184846.2
41660,0,122424.7
41661,0,110724.2
41662,40.4,84483.6
41663,229.8,72234.9
41664,466.7,60565.2
41665,670.7,60025.6
41666,826.3,55570
41667,1257.4,51038.5
41668,1010.4,67251.5
41669,1314.6,74584.6
41670,232.8,139804.7
41671,0,183711.9
41672,0,205431.1
41673,0,222555.8
41674,0,233568.3
41675,0,245260.9
41676,0,258715.9
41677,0,268172.7
41678,0,282337.1
41679,0,290694.8
41680,0,282948.3
41681,0,291917.5
41682,0,182589.6
41683,0,176754.6
41684,23.9,113578.1
41685,191.9,103043.2
41686,517.6,81804.8
41687,888.2,72728.8
41688,1524.8,66024.7
41689,2243,61041.1
41690,2811.5,56172.8
41691,3334.2,51453.3
41692,2757.2,68235.5
41693,3150,74875.7
41694,1316.8,137897.5
41695,356.2,177827.9
41696,88.1,195189.9
41697,10.4,202380
41698,0,210386.3
41699,0,219848.3
41700,0,226514.5
41701,0,232850.8
41702,0,239475.8
41703,0,244876.6
41704,0,250152.6
41705,0,253567.3
41706,353.6,150172.6
41707,729.7,146979.9
41708,2256.5,92692.2
41709,3252.9,87968.6
41710,5273.8,72094.5
41711,6721.1,64968
41712,8202,59316.5
41713,9487.1,54173
41714,10677.6,49144.5
41715,11890.6,44220.4
41716,9620.7,60912.5
41717,10122.6,67564.7
41718,5101.1,125952.8
41719,3074.4,164803
41720,1623.5,178164.5
41721,801.8,193131.1
41722,336,208147.2
41723,5.5,221544.6
41724,0,230505.3
41725,0,234709.2
41726,0,241645.2
41727,0,250843.3
41728,0,250208.5
41729,0,263939.6
41730,18,159756.9
41731,199.5,149097.6
41732,1464.8,91053.1
41733,2010.4,86921.5
41734,3791.4,72358.3
41735,4921.4,65209.7
41736,6448,59493.1
41737,8194.4,54271
41738,9608.9,49225.3
41739,10993.1,44323.4
41740,12317.4,42460.3
41741,14622.4,39023.4
41742,14708.8,44795.8
41743,9247.2,70969.2
41744,6754,85459.9
41745,3992.6,114524.9
41746,3084.1,129634.1
41747,2300.9,136218.9
41748,1551.6,142920.4
41749,859.2,149856.6
41750,324.2,156907.1
41751,70,127141.5
41752,0,124217.2
41753,7.5,122593.5
41754,34,92449.4
41755,130.8,95838.5
41756,672.2,57198.9
41757,1230,53573.5
41758,2317.1,46042.8
41759,2981.8,41514.8
41760,4315.8,36126.2
41761,5719.4,31713.9
41762,6859.5,27930.2
41763,8165.9,24239.4
41764,9341.6,23492.5
41765,10499,21332.5
41766,12115.5,32841.8
41767,11638.3,39046
41768,6380.3,50842.8
41769,4679.3,59918.9
41770,4895.1,58917.3
41771,4658.4,59128.6
41772,5140.5,57974.7
41773,5395,57638.1
41774,5081.2,59243.4
41775,5473.8,59191.2
41776,5748.3,59258.4
41777,13835.2,45080.2
41778,13556.9,36481.3
41779,14731.4,34381.3
41780,19071.7,21650.9
41781,16857.6,22133.5
41782,17869.9,18025.4
41783,18779.1,16259.6
41784,20082.6,14817.1
41785,21406.8,13521.8
41786,22756.1,12384.4
41787,24335.4,11329.7
41788,25794.6,13009.8
41789,27289,12770.2
41790,33419.7,26774.8
41791,29478.3,33442.7
41792,21429,38743.9
41793,14893.8,49139.3
41794,14316.8,54642.2
41795,13762.8,57651.5
41796,13316.6,57307.7
41797,13003.7,62293.8
41798,12758.8,59974.7
41799,12601.6,57956
41800,12572.1,60226.6
41801,23818.1,51082
41802,20862.2,40258.8
41803,22040.3,37583.6
41804,28708.1,22596.7
41805,24355.5,22654.8
41806,25446.5,17810.2
41807,26352.3,16025.2
41808,25212.2,14879.9
41809,25395.5,13768.7
41810,25956.6,12567.6
41811,26395,11629.2
41812,20170.9,14582.8
41813,13474.5,19657
41814,13972.8,71778.1
41815,2172.7,118086.8
41816,116.2,136547.9
41817,0,150326.8
41818,0,156022
41819,0,173636.4
41820,0,183757.4
41821,0,193269.1
41822,0,201558.2
41823,0,207599.6
41824,0,207651.4
41825,0,220273
41826,0,129847.8
41827,0,125669.9
41828,107.3,73418.5
41829,312,67603
41830,614,52097.5
41831,823,45226.1
41832,1131.5,40280.1
41833,1505.4,36073.1
41834,1974.3,32318.1
41835,2541.3,28667.6
41836,1962.2,42588.5
41837,2139.3,51782
41838,645.4,110495.5
41839,75.3,156505.4
41840,0,175818.8
41841,0,193992.6
41842,0,207221.9
41843,0,229885
41844,0,243835.1
41845,0,257095.7
41846,0,272287.1
41847,0,285599.1
41848,0,288964.1
41849,0,292540.3
41850,0,176363.8
41851,0,175119.5
41852,0,112378.8
41853,0,101510.2
41854,44.7,77171.5
41855,174.7,68001.3
41856,292.9,58221.9
41857,383.7,57764.6
41858,590.1,53192.2
41859,976.6,49200.6
41860,618,65585.7
41861,816.9,72779.9
41862,82.2,134267.7
41863,0,180928.4
41864,0,197349.3
41865,0,210178.2
41866,0,223372
41867,0,238737.3
41868,0,259083.5
41869,0,273853.7
41870,0,284207.6
41871,0,279379.4
41872,0,278221.8
41873,0,284316.3
41874,0,183336.9
41875,0,175234.8
41876,0,114266.2
41877,16.1,104245.6
41878,233,81197.7
41879,435.8,71384
41880,675.1,65869.8
41881,846.8,61186
41882,1133.5,56572.7
41883,1535.4,52248.8
41884,966.4,69326.9
41885,982.2,76557.1
41886,40,143012.6
41887,0,186263.9
41888,0,200987.7
41889,0,210939.3
41890,0,217196.8
41891,0,225332.5
41892,0,233018.9
41893,0,239126.9
41894,0,247510.5
41895,0,250265.2
41896,0,256158.7
41897,0,264771.3
41898,0,165715.3
41899,0,157265.1
41900,514.3,98172.9
41901,829,91574.3
41902,1598.4,74301.7
41903,2496.3,67087.7
41904,3397.6,61493.9
41905,4280.4,56392.7
41906,5274.7,51521.3
41907,6319,46842.3
41908,6927.1,45275.2
41909,7766.3,42272.1
41910,7212.7,52014
41911,4423.9,74274
41912,3854.7,85124.3
41913,2467.4,109783.3
41914,1624.8,123164.8
41915,1157.5,127522.3
41916,788.7,131266
41917,498.2,135897.2
41918,231.3,138987.7
41919,169.6,108882.2
41920,64.1,109155
41921,104.6,105385.3
41922,429.6,93085.7
41923,863,90220
41924,2335.5,52460.1
41925,3449,48739.9
41926,5075.6,41284.3
41927,6351.2,36587
41928,8262,31170.8
41929,10534.5,27373.9
41930,12466.9,24111.6
41931,14369.8,21004.9
41932,15953.7,20548.9
41933,17844.5,18219.5
41934,21567.6,26908
41935,19189.5,33988.2
41936,14371.2,42582.1
41937,12790.8,49854.2
41938,11858.4,51873.1
41939,10009.1,54337
41940,9636.8,54798.9
41941,6689.2,58597.7
41942,6183.1,58688.6
41943,5566.9,59422.2
41944,5223.9,61589.1
41945,14348.1,44709.1
41946,15145.9,35080.7
41947,17440.7,32808
41948,23455.9,20314.2
41949,22788.5,20713.2
41950,25638.4,16516.5
41951,27759.1,14685.9
41952,27126.9,13487.6
41953,28640.1,12306.8
41954,30424.9,11178.9
41955,32293.3,10126.9
41956,22971,14419.7
41957,18493.4,18448.7
41958,10588.7,68889.9
41959,2841.8,107973.1
41960,1722.8,123524.1
41961,1167.3,132739.3
41962,717.9,141084.5
41963,266,149757.2
41964,12.8,159653.5
41965,0,174600
41966,0,188279.8
41967,0,205680.7
41968,0,211238.2
41969,0,219670.7
41970,9.7,112645
41971,120.5,111676.2
41972,1387,68294.6
41973,2551.5,65159.8
41974,4499.8,50976.6
41975,6229.9,43917.9
41976,8146.8,38488.9
41977,10282,33834.1
41978,12360.7,30242
41979,14818.9,27229.8
41980,11082.9,41396.9
41981,11698.2,50049.8
41982,5833.8,107227.1
41983,3900.1,146833.1
41984,2467.7,161088.2
41985,1717.5,174571.5
41986,1128.8,187368.1
41987,539.5,201007.1
41988,52.7,215298.2
41989,0,229931.8
41990,0,245333.6
41991,0,258046.1
41992,0,261645.9
41993,0,264763.7
41994,0,148071.4
41995,0.1,149615.6
41996,248.8,88992.9
41997,441.4,84386.8
41998,1173.6,69894.5
41999,1921.4,63379.4
42000,2510.8,58293.8
42001,3042.8,53421.1
42002,3591.2,48889.2
42003,4172.3,44847.2
42004,3301,61870.2
42005,3309.3,69391.7
42006,1354.4,132258.6
42007,209.8,168817.9
42008,20.3,182050.5
42009,0,191967
42010,0,199463.9
42011,0,207822.7
42012,0,215700.6
42013,0,223425.4
42014,0,230801.4
42015,0,243145.8
42016,0,253131.2
42017,0,262603
42018,0.5,151765.8
42019,75.3,146813.5
42020,1126.7,90533.3
42021,1772.5,85818.7
42022,3372.1,71073.5
42023,4553.6,63938.2
42024,5959.1,58422.8
42025,7433.8,53295.7
42026,8499.6,48477.7
42027,9376.1,44241.8
42028,6887,61088.2
42029,7002.3,68088.5
42030,2960.1,131389.3
42031,1406.9,165686.7
42032,577.2,178720.9
42033,89.8,188474.3
42034,0,199417.1
42035,0,213787
42036,0,229658.6
42037,0,239260
42038,0,242177.7
42039,0,248139.5
42040,0,247064.4
42041,0,258531.3
42042,0,159276.8
42043,13.1,150333.6
42044,600.4,92131.3
42045,1159.9,87114.8
42046,2565.6,72067.1
42047,3639,64957.3
42048,4570.7,59450.9
42049,5970.2,54379
42050,7141.6,49509.4
42051,8239.1,44837.4
42052,5890.3,61994.9
42053,5801.8,69038.7
42054,2488.5,127957.6
42055,970,167530.5
42056,258.6,180451.5
42057,7.6,191525.2
42058,0,205633.2
42059,0,223081.1
42060,0,236414.3
42061,0,243509.5
42062,0,255332.1
42063,0,262010.8
42064,0,264059.8
42065,0,271455.6
42066,0,166883.8
42067,0,158225.7
42068,208.4,97077.6
42069,484.4,90592.9
42070,1251.5,74231.5
42071,2136.5,67099.2
42072,3051.3,61439.7
42073,3905.6,56389.7
42074,5250.4,51276.8
42075,6791.1,46286.4
42076,7841.2,44456.9
42077,9231,41293.8
42078,9577.5,46928.5
42079,6356.4,72366.5
42080,4937.7,86676
42081,3152.8,116433.8
42082,2508.9,131346.9
42083,1902.3,136303.8
42084,1254.6,137121.7
42085,777.3,142269.2
42086,451.4,137535.6
42087,624.9,105330.6
42088,679.8,106994.3
42089,702.8,106180.7
42090,1033.1,94165.6
42091,1440,91314.4
42092,3145.4,53487
42093,4270.6,49818.8
42094,5759.9,42462.5
42095,7071.8,37752.5
42096,9464,32190.3
42097,11697.7,27834.6
42098,13838.6,24484.1
42099,15619.1,21436.3
42100,16618.9,21281.4
42101,17763.4,19266.9
42102,21323.3,27983.5
42103,18530.4,35730.3
42104,13220,45753.6
42105,11494.2,54094.4
42106,9471.1,57813.2
42107,7294.1,60441.3
42108,5582.9,61781.3
42109,5445,62727.4
42110,3687.4,73344.2
42111,3550.6,74500.5
42112,3589.2,72619.7
42113,9702.2,50468.7
42114,9292.2,38243.5
42115,10822.2,35412.8
42116,15922.7,22246.5
42117,14601.4,22683
42118,16559.9,18474.4
42119,18220.1,16661.7
42120,17245.8,15538.9
42121,18988.9,14103.1
42122,20282.1,12936.4
42123,20665.7,12066.3
42124,12766.6,16719.5
42125,8578.1,21774.3
42126,6108.6,75351.6
42127,165.4,117192.3
42128,0,134700.5
42129,0,151418.8
42130,0,165447.4
42131,0,189812.1
42132,0,205674.5
42133,0,220804.8
42134,0,235606.7
42135,0,248825
42136,0,253582.1
42137,0,256864.4
42138,0,155697.5
42139,0,148413.2
42140,0,89697.1
42141,0,81986.5
42142,160.9,62274.9
42143,312.2,54905.3
42144,391.2,50013.8
42145,642,46014.4
42146,1079.8,42284.5
42147,1471.3,38586.4
42148,1237.9,52522
42149,1281.3,61776
42150,44,123763.6
42151,0,168693.5
42152,0,185059.6
42153,0,194321.2
42154,0,204206.1
42155,0,211544.9
42156,0,218279.5
42157,0,224161
42158,0,229394.8
42159,0,233613.4
42160,0,236933.2
42161,0,239478.7
42162,400.9,140508.5
42163,693.3,138532.5
42164,2175.2,86063.2
42165,2820.3,82377.8
42166,4640.7,67763.5
42167,5863,60689.5
42168,7509.3,54970.4
42169,8909.8,49833.6
42170,10057.5,45171.3
42171,11128.9,40856.7
42172,8572.2,57700.3
42173,8639,65103.9
42174,4028.9,123233
42175,2388.8,161632.8
42176,1636.6,172705.8
42177,932.3,181000.1
42178,519,188142.9
42179,322.8,194933.6
42180,183.1,201337
42181,42.6,208246.8
42182,6.4,214040.1
42183,88.7,217684.1
42184,91.3,222638.7
42185,331.4,225954.9
42186,2399,133641
42187,2966.3,128363.9
42188,5828.7,84457.6
42189,6856.3,80873.4
42190,10168.6,65999.1
42191,11637.4,58834.4
42192,12769.6,53177.8
42193,13930.9,48162.3
42194,15167.1,43388.9
42195,16270.7,38966.2
42196,12518.7,56094
42197,12639.4,62726.6
42198,6136.5,121076.1
42199,4055.9,159343.1
42200,3211.8,169131.5
42201,2311.8,176697.8
42202,1676.6,183086.7
42203,1048.6,189107.6
42204,579.5,194984.2
42205,173.7,201641.8
42206,118.3,207054.1
42207,52,212876.7
42208,273.8,216887.7
42209,651.7,220581.5
42210,2938.9,130914.9
42211,3453,126825.6
42212,6483.9,82790.1
42213,7795,79237.1
42214,11014.9,64481.3
42215,12503,57318
42216,13743.4,51749
42217,15180.1,46936.9
42218,16620.5,42203
42219,17874,37685.8
42220,13568.4,55109.1
42221,13187,61698.3
42222,6172.9,120099.3
42223,4154.6,158527.6
42224,2634.4,169108.4
42225,1708.5,176220.5
42226,882,183173.4
42227,302.8,191415.2
42228,8.1,204082.1
42229,0,217827.2
42230,0,236043.5
42231,0,250112.7
42232,0,251350.3
42233,0,248355
42234,197.1,141033.8
42235,567.7,137442.3
42236,1887.2,86996.4
42237,3060.5,83600.3
42238,5067.7,68860.2
42239,6497.4,61774.4
42240,8104.2,56203.4
42241,9626.4,51081.3
42242,10835,46408.3
42243,12105.6,42084
42244,12955.4,40612.3
42245,14310.8,37645.8
42246,13750,43768.5
42247,8643.8,68899.4
42248,6488.3,82689.1
42249,3778.8,111084.5
42250,2953.9,126222.3
42251,2347.7,132297.6
42252,1792.8,139974.1
42253,1177.1,145667.3
42254,760,146713.9
42255,635.5,112817.3
42256,508.8,109851.8
42257,504.1,106808.5
42258,600.7,95309.9
42259,745.5,92653.3
42260,1795,54664.4
42261,2473.5,50866.5
42262,3210.3,43339.7
42263,3982.9,38508.1
42264,5560.8,32847
42265,6989.9,28289.9
42266,8630.9,24238.8
42267,10546.3,21020.2
42268,12054,20637.3
42269,13802.2,18424.6
42270,17892.1,27259.4
42271,15440.9,34706.3
42272,11031.1,43222.8
42273,9155.4,51336.5
42274,6536.6,58064.7
42275,5611.7,64995.9
42276,4976.6,69818.8
42277,4368.8,73634.3
42278,3822.4,77680.3
42279,3642.7,79422.9
42280,3715.2,76841
42281,10096.8,52153
42282,9775.1,37916.9
42283,11548.7,34653.5
42284,18201.9,21617.4
42285,18173.6,22061.5
42286,21213.4,17809.2
42287,23915.2,15895.6
42288,23822.8,14593.7
42289,25041.2,13467.9
42290,26751.5,12370.5
42291,28211,11355.1
42292,18761.3,15516
42293,13960.9,19948.2
42294,8713.1,72524.8
42295,1999.6,112236.9
42296,1291.8,125552
42297,668.5,136290.8
42298,286.7,146056.2
42299,47.7,153971.2
42300,0,161949.9
42301,0,169581.9
42302,0,176420.9
42303,0,183154.5
42304,0,188764.1
42305,0,194390.3
42306,728.9,110544.1
42307,995.8,108642.9
42308,2818.2,68241.3
42309,3437.6,65644.1
42310,5237.6,51739.2
42311,6313.5,44802.3
42312,7212.3,39664.8
42313,7983.7,35525.7
42314,8493.3,31914.1
42315,8937.8,28681.9
42316,5809.1,43953.8
42317,5392.9,53076.3
42318,2020.5,110776.9
42319,495.3,151614.9
42320,130.9,163665.2
42321,1.5,173310.6
42322,0,182840.1
42323,0,191893.6
42324,0,199526.7
42325,0,207194.1
42326,0,214433.3
42327,0,219847.8
42328,0,219080
42329,0,229027.9
42330,21.9,132329.3
42331,127.8,131795.8
42332,847.4,82863.2
42333,987.3,79969.6
42334,1943,65748.3
42335,2973.6,59096.1
42336,3908.1,53655
42337,5162.6,48136.6
42338,6589,43143.9
42339,8158.6,38732.8
42340,6408.2,55245.1
42341,6987,62536.2
42342,3307.9,119697.6
42343,1948.5,157965.2
42344,1294.4,169158.9
42345,630.9,177627.2
42346,230.9,185145.5
42347,22.2,192574.8
42348,0,199941
42349,0,207526
42350,0,213895.9
42351,0,219142.4
42352,0,223376.4
42353,5.8,226758.4
42354,1531.7,133273.5
42355,2065.1,127602.7
42356,4902.7,83674.1
42357,6131.8,80051.1
42358,9638.7,65147.4
42359,11771.5,57880.6
42360,13440.6,52386.7
42361,15288,47460.7
42362,17694.6,42427
42363,20151.5,37545.5
42364,16184.8,54605.1
42365,16515.6,61147.8
42366,8990.9,117805.5
42367,7061.9,155356.1
42368,4764,167786.6
42369,3426.5,175312.6
42370,2418,184831
42371,1809.3,189690.1
42372,1313,194674
42373,854.4,198043.4
42374,520.1,202517.9
42375,279.6,208647.3
42376,145.7,216482
42377,696.8,218393.4
42378,3746,128494.9
42379,5334.6,124583.1
42380,10125.5,81633.8
42381,13069.4,77570.6
42382,17762.1,62464.7
42383,21338.5,55063.4
42384,24920.5,49277.4
42385,28806.4,43877.6
42386,32455.9,39056
42387,35590.1,35383.3
42388,31462,51737.9
42389,32013.5,57992.4
42390,17893.5,114513.9
42391,12875.1,151953.9
42392,9810.6,164591.1
42393,7057.5,175903.8
42394,5386.7,184095.6
42395,4298.1,185658.7
42396,3197.6,193662.2
42397,2199,204513.6
42398,1226,212468.2
42399,671.7,217780.1
42400,389.2,214165.1
42401,617.4,219509.1
42402,3006.8,129303.5
42403,4105.4,125593.9
42404,7709.6,82958.1
42405,9621.7,79442
42406,13748.9,64662.4
42407,16083.7,57726.9
42408,18062.2,52383.6
42409,19676.5,47619.9
42410,21037.3,43052.2
42411,22153.5,38662
42412,22425.9,36953.4
42413,23159.3,34081.7
42414,21345.9,41089.3
42415,15229.8,64971
42416,13913.3,75118.2
42417,8166.2,98786.6
42418,6640.3,109928
42419,5247.3,113991.1
42420,4369.2,117324.6
42421,3859.3,119474.5
42422,3318.1,121702.1
42423,3854,92578.6
42424,4159.8,94072.8
42425,4779.6,92605.3
42426,6412.7,82722.5
42427,7166.3,80511.9
42428,12630.3,43483.7
42429,14426.1,40926.8
42430,15898.5,34701.6
42431,16981.3,31124.9
42432,19847.8,26930.7
42433,21215.5,23585.3
42434,22378.8,20550.2
42435,23272.2,17708.2
42436,23374.6,17418.7
42437,24019.1,15397.6
42438,27270.3,24818.2
42439,24134.6,31898.6
42440,17862.1,39860.4
42441,14982.6,47231.4
42442,13833.7,48809.3
42443,12702.8,50018
42444,12018.8,50730.5
42445,11530.8,51224
42446,11167.8,51668.9
42447,11362.3,51759.1
42448,12244,51373.2
42449,24779.6,39506.8
42450,25829.2,32073.4
42451,28055,30127
42452,34847,17970
42453,33779.8,18524.1
42454,36638.2,14437.5
42455,38820.8,12667.5
42456,38121.2,11508.7
42457,39590,10397.2
42458,41177.8,9362.9
42459,43024.2,8364.1
42460,44950.3,7477.6
42461,33085.1,12150.1
42462,27475.8,15800
42463,15806.8,64259.9
42464,5317.8,101591.3
42465,3534.9,113539
42466,2109.9,124247.4
42467,1253,134191.8
42468,659.1,142770.4
42469,256.6,150551.9
42470,7.8,158711.7
42471,0,165952.6
42472,0,172415.6
42473,40.5,177858.6
42474,226,182402.7
42475,2092.7,103039
42476,2618,102763.6
42477,5438.4,62098.7
42478,6538.3,59513.4
42479,9591,45526.1
42480,10806.4,38628.2
42481,11730.8,34257.4
42482,12825.8,31044.4
42483,13697,28155.5
42484,14298.6,25478.9
42485,10064,39047.2
42486,9605,47077.7
42487,3909.9,103931.1
42488,1804.1,142714.4
42489,692.2,154920
42490,124.6,164047.1
42491,0,172616.3
42492,0,181347.2
42493,0,188915.6
42494,0,196054.5
42495,0,203894
42496,0,207942.9
42497,0,207490.9
42498,0,216812.2
42499,503.2,127764.4
42500,745.8,122875.4
42501,2430.6,78635.6
42502,3230.3,75651.9
42503,5009.4,61962.9
42504,6199.6,55558
42505,7128,50325.3
42506,7983.2,45425.7
42507,8618,41095.3
42508,9028,37263.3
42509,5958.5,54637.3
42510,5734.7,61987.3
42511,2158.2,118784.8
42512,476.3,160737
42513,79.7,178268.7
42514,0,190318.7
42515,0,194778.6
42516,0,206151.6
42517,0,210000.9
42518,0,213511.6
42519,0,219440.6
42520,0,223651
42521,0,227604.1
42522,0,231417.1
42523,1026.7,132486.8
42524,1550.5,130700.7
42525,3819.7,84495.9
42526,4930.5,80883.1
42527,6891.1,66171.5
42528,8519.7,59425.9
42529,9821,54192.9
42530,11111.3,49313.5
42531,12393.4,44550.1
42532,13794.4,40038.9
42533,10931.1,57032.9
42534,11009,63840.8
42535,5497.4,120890
42536,3364,158269.4
42537,2192.5,168653.2
42538,1258.9,176980.3
42539,581.5,184854.8
42540,141,193859.1
42541,18.9,202240.7
42542,0,211100
42543,0,217120.9
42544,2.5,219236.3
42545,131,222127.1
42546,439.7,225041
42547,2523.3,132363.5
42548,3167.9,126813.5
42549,6268.4,84141.8
42550,7404.3,80538.9
42551,11074.2,65611.3
42552,12793.8,58398.3
42553,14151.7,52947.9
42554,15854.1,48089.2
42555,17436.3,43346.9
42556,18607.1,38901.4
42557,14355.3,55996
42558,14548.9,62502.4
42559,7325.1,119579.4
42560,4851.8,157247.7
42561,3479.7,167144
42562,2265.6,174637.1
42563,1412.7,180967.4
42564,785.3,187471.3
42565,338.4,193540.1
42566,108.7,199642.3
42567,153.1,204808.3
42568,341,209417.6
42569,844.8,213114.8
42570,1501.7,216341.7
42571,3878.5,128825.3
42572,4506.4,125395.8
42573,7577.3,83086.8
42574,8860.8,79710.4
42575,11972,65055.2
42576,13275.3,57984
42577,14833.2,51062.4
42578,16106.5,45694.4
42579,17114.4,40671.9
42580,17776.9,36255
42581,17828.5,35089.7
42582,18648.9,32711.1
42583,17794.2,39124.2
42584,15306.9,49479.6
42585,9433.4,63233.7
42586,7182.4,75604.8
42587,6606.5,79722.5
42588,6215.4,82127.3
42589,5435,84811.2
42590,4406.3,87389.3
42591,3744.1,87438.9
42592,3722.6,82484
42593,4381.5,74781.9
42594,11704.6,49361.1
42595,15353.1,40125
42596,18319.2,35836
42597,23771.5,20883.3
42598,25437.4,20513.8
42599,28798.3,15983.4
42600,32220.9,13798
42601,35780.1,12182.1
42602,38894.1,10916
42603,41678.1,9775.3
42604,44096,8793.3
42605,46476.4,10212.4
42606,48501.6,9943.1
42607,54963,21009
42608,46540.6,29017.6
42609,40070.1,31917.6
42610,35008.3,37299.1
42611,32878.9,38921.6
42612,31307.2,40215.3
42613,29828.4,41327.8
42614,28492.4,42350.2
42615,28482.8,42978.8
42616,28870.7,43533.9
42617,29748.3,44023
42618,44032.3,36354.2
42619,43770.3,29530
42620,45972.9,27844.2
42621,53960.4,15598.6
42622,50505.2,16458.7
42623,52758.7,12422.1
42624,54634.8,10702.5
42625,53418.2,9572.6
42626,54103.4,8536.1
42627,55152.2,7572.3
42628,56387.2,6652.1
42629,42529.1,10757.1
42630,35496.4,14337.4
42631,22866.1,59358.6
42632,8016.5,96439.5
42633,4145.1,108720.3
42634,2920.8,118816.6
42635,1986.7,129646.3
42636,1189.8,138789.7
42637,545.1,158703.1
42638,94.7,175418.5
42639,0,186791.3
42640,0,192687.9
42641,0,178412.3
42642,45.2,189360.6
42643,1208.4,100056.7
42644,1807.7,102178.9
42645,4613.6,61523.6
42646,5812.9,58265.4
42647,8690.7,44016.2
42648,10752.6,36763.5
42649,12316.9,31782.9
42650,14431.2,28059.3
42651,16285.5,25158
42652,18381.2,22393.9
42653,14499.9,35392.6
42654,14318.6,44000
42655,6703.6,101197.1
42656,4552.1,139918.3
42657,3733.4,150230.7
42658,2770.3,158099.2
42659,1719.4,165420.9
42660,1120.3,171502.6
42661,557.5,178248.7
42662,151.5,184931.7
42663,6.9,190859.6
42664,48.7,195430.8
42665,233.6,199422.6
42666,496.5,203166.2
42667,2348.7,119610.5
42668,3037.8,116975.9
42669,6166,75805.9
42670,7819.2,72702.4
42671,11355.8,58790.6
42672,12875.4,52071.3
42673,14338,46707.3
42674,15999.6,41721.5
42675,17392.9,37168.9
42676,18779.1,33260
42677,14223.2,50226.9
42678,14010.5,57401.3
42679,6881.7,114061
42680,4159.3,152367.4
42681,2218.8,167698.8
42682,1699.7,175036.5
42683,1048,181040.2
42684,455,188099.5
42685,135.6,192175.1
42686,52.7,197813.8
42687,73.5,202736.9
42688,241.1,206943.8
42689,769.6,209716.4
42690,1360.5,212729.1
42691,3889.6,125838.2
42692,4975.3,122015.7
42693,8670.7,79472.3
42694,11300.8,75650.6
42695,16122.9,61057.4
42696,18903.7,53866.4
42697,22579.6,47816
42698,26381.8,42115.7
42699,29642.8,37586.8
42700,32660.1,34292.7
42701,28649.9,49858.5
42702,29788.8,55678
42703,18542.8,111681.3
42704,13762.6,149224.6
42705,10690.8,160123.4
42706,9814.8,166294.8
42707,8313.6,172536.3
42708,7298,177594.3
42709,6341.7,182090.3
42710,5085.3,187160.2
42711,4643,190958.7
42712,5467,193174.8
42713,7311.9,194900.9
42714,8829.6,197121.2
42715,13584,120590.1
42716,15703,117252.5
42717,24808.2,74402.7
42718,28380.7,70424.9
42719,34672.8,56115.3
42720,37805.1,49087.2
42721,40091.2,44091.7
42722,42439.6,40382.1
42723,44914.8,36968.3
42724,47867.4,33628.5
42725,40855.9,48713.3
42726,39372.8,54657.8
42727,21768.4,109788.2
42728,15165.4,146603.9
42729,13067.4,156412.8
42730,11596.1,163150.8
42731,9633.5,169342.5
42732,7183,175764.9
42733,6083.1,179979
42734,6909.6,182475.9
42735,7139.8,185623.4
42736,7379.1,188831.1
42737,8246,191534.5
42738,8995.4,194193.3
42739,14084.7,117888.6
42740,16656.4,114491.8
42741,26132.5,71743.6
42742,29996,67458.5
42743,36213,53702.6
42744,40211.5,47201.8
42745,44125.7,42942.8
42746,47419.9,39292.6
42747,50906.6,35739.8
42748,54457,32360
42749,56284.7,30463
42750,58517.9,28239.6
42751,53170.4,32758.4
42752,43242.6,53878.7
42753,35437.4,66019
42754,23767.6,91490.4
42755,18849.7,105614.9
42756,15349.7,110051.8
42757,12395.2,113636.1
42758,10339.4,114753
42759,8130.3,119407.9
42760,11286.3,89503.7
42761,15351.9,86772.9
42762,18622.2,83906.3
42763,22316,68840.9
42764,24491.6,71601.2
42765,35031.5,36167.7
42766,37402.3,33404.2
42767,39347.7,27450.4
42768,41097.1,24249.5
42769,44334.6,20447.2
42770,45929.7,17523.5
42771,48012.9,15501
42772,49807.9,13769
42773,50354.8,13298.6
42774,51201.1,12033.1
42775,51020.8,20691.9
42776,46095.4,27226.8
42777,37674.9,33331.1
42778,31666.8,39944.1
42779,28187.2,41660.8
42780,27313,42461
42781,25667.3,43349
42782,20957.2,45616.4
42783,20688,45838.5
42784,20214.9,46208.7
42785,21483,46024.9
42786,33787.1,36275.5
42787,33467.2,29354.5
42788,34336.8,27679.1
42789,39970.1,15814.8
42790,37104.1,16626.4
42791,38612.4,12838.8
42792,39747.4,11270.4
42793,38062.6,10243.9
42794,38561.3,9263.2
42795,39709.2,8332.4
42796,40969.7,7549.6
42797,28947.4,12300.3
42798,23456.8,15797.6
42799,14599,64527.7
42800,3452,102311.3
42801,1712.8,116871.6
42802,1087.8,128196.4
42803,667.2,135707
42804,272,147234.3
42805,82.7,155140.2
42806,0,170530.8
42807,0,181044
42808,36.7,187941
42809,378.8,179253.6
42810,929.3,185991.2
42811,2967.5,103069.8
42812,4255.5,102464.9
42813,8095.9,61253.4
42814,10164.8,58056.4
42815,14283.8,43632.1
42816,16871.9,36438.6
42817,19606,31757.2
42818,22652.2,28156.7
42819,25491.9,24951.2
42820,27512.1,22389.2
42821,22111,35689.8
42822,21752.2,43560.2
42823,11021.7,99643.3
42824,8566.1,137732.3
42825,6883.3,148676.8
42826,4937.7,156861.5
42827,4053.3,163327.1
42828,3729.8,168313.8
42829,2938,173395.6
42830,2348.1,178161.1
42831,2171.3,182449.1
42832,2575.2,186237.8
42833,3199.2,189851
42834,3806.1,193059.3
42835,6760.7,116294.3
42836,7547.9,113826.7
42837,13046.3,72709.3
42838,15526.8,69403.7
42839,21196.1,55312
42840,24254.6,48214.8
42841,26532.1,42526.3
42842,28446.1,37815.9
42843,30642,34385.5
42844,33080,31314.9
42845,27735.9,46275.6
42846,28032,52508.8
42847,16422.2,107899.7
42848,11843.5,146203.5
42849,8173.5,160337.8
42850,6251.7,166543.5
42851,5444.8,181799.1
42852,4774.8,191851.6
42853,3719.4,201713.8
42854,2533,210390.2
42855,1524.3,218979.2
42856,1232.9,222147.6
42857,2220.9,199737.7
42858,3151.3,208514.9
42859,6611.4,123032.4
42860,8285.5,119728.4
42861,13179.5,77724.1
42862,16456.1,74299.8
42863,22445.8,60228.3
42864,25385.6,53388.6
42865,28832.4,46084.5
42866,31639.3,40122.3
42867,34028.4,35181.7
42868,35975.9,31399.4
42869,37186.2,29967.3
42870,38919.6,27688.4
42871,36367.6,34160.2
42872,35967.8,41933.5
42873,29205.5,51290
42874,25546.3,63236.2
42875,22878.6,67458.4
42876,20366.6,70310.5
42877,18320.7,71981.3
42878,15230.5,74358.1
42879,13290.9,75697.1
42880,13394.4,72484.3
42881,20369.7,52579.5
42882,31215.1,41059.9
42883,38394.8,30107.9
42884,42034.5,30214.1
42885,49492.9,16762.3
42886,50384.7,17059.7
42887,54903.4,12791
42888,58793.7,10803.7
42889,60725.9,9578.3
42890,65554.4,8780
42891,70734.2,8221.3
42892,75008.4,7744.3
42893,64001.5,13670.7
42894,59324,18046.5
42895,35683.8,68165.6
42896,19991.2,104852
42897,15181.5,117938.3
42898,12666.7,127762.8
42899,10369.9,136563.7
42900,8699.2,143819.1
42901,6866.8,151134.1
42902,4753,154529.4
42903,3893.7,171119.9
42904,3923.3,170266.3
42905,4531.5,171674.2
42906,5272.4,174668.9
42907,8955.8,103580.5
42908,10029.5,102852.7
42909,16713.4,62101
42910,19093,59152.6
42911,23993.8,45355.4
42912,25798.5,38451.3
42913,27237.5,33447.3
42914,28231,29764.5
42915,29424.2,26894.1
42916,30636.2,24420.9
42917,30752.1,23359.5
42918,31505.5,21439.7
42919,30874.1,29257.4
42920,21768.4,48505.1
42921,17502.4,59826.7
42922,9046.9,85160.9
42923,6863,100675.1
42924,5923.2,108974.7
42925,4938.1,116809.1
42926,3705.2,123125.1
42927,3021.8,126924.1
42928,3218.6,95481.6
42929,3896.7,85735.7
42930,4915.3,86971.7
42931,6136.7,77173.3
42932,6955.2,74818.6
42933,13659.7,37049
42934,16820.9,34355
42935,20290.1,27871
42936,23099.2,24033
42937,27483.4,19564.3
42938,30622.9,16622.8
42939,32899.1,14398.1
42940,34968.7,12283.8
42941,38222,12357.5
42942,41320.4,11335.1
42943,44994.7,22399.2
42944,40032.5,29610.7
42945,30899.7,35617.3
42946,26026.2,43537.5
42947,25585.4,43655.4
42948,23811.7,44377.1
42949,19344.2,47920.1
42950,16326.7,50670.4
42951,16612.5,49147.9
42952,18012.5,47807.1
42953,20663.3,46634.6
42954,34102.6,38117
42955,34804.2,30837.6
42956,37103.9,29119
42957,44593.2,17089.5
42958,42621.4,17768.7
42959,44744.7,13793.8
42960,46402.3,12156.6
42961,45132.6,11047
42962,45825.1,9998.7
42963,46802.3,9058.3
42964,47877.6,8192.1
42965,35389.5,12713.8
42966,29165.3,16372.2
42967,17146.9,64433.7
42968,5441.7,101879
42969,3731.9,113496.7
42970,2876.7,123364.9
42971,2148,132529.8
42972,1454.4,140776.5
42973,1341.5,147329.2
42974,1422.5,154047.8
42975,1219.3,161421.8
42976,1495.7,166562.2
42977,2733.8,170116.5
42978,4054.4,173562.5
42979,8279.2,98887.1
42980,10137.2,97890.5
42981,17568.1,55970
42982,20821.1,52498.7
42983,28092.5,38790.3
42984,32686.7,32561.2
42985,36624.6,28094.2
42986,40414.2,24972.8
42987,43877.9,22163.8
42988,47735,19527
42989,43185.2,32508.5
42990,44223.5,39706.2
42991,26958.1,91582.8
42992,20608.6,129314.5
42993,15361.5,143288.6
42994,12077.4,153687.2
42995,9828.3,163052.3
42996,8727.4,171930.5
42997,7485.6,180284.8
42998,5947.1,187674
42999,4984.4,191856.8
43000,4870.6,190349
43001,6227.5,186174.9
43002,8138.1,186503
43003,13146,112497.6
43004,14983.5,109896.6
43005,25382.8,68830.9
43006,29677.2,64835
43007,37101.6,50339.4
43008,42091.4,43440.2
43009,46047,38440.1
43010,49927.1,34640.5
43011,53406,31368
43012,56365.3,28441.5
43013,49534.2,43336.2
43014,47736.5,49774.5
43015,26554.4,104066.6
43016,19097.7,141194.9
43017,15254.1,152341.9
43018,10673.4,162618
43019,8227.5,163868.7
43020,6890.8,183244.1
43021,5351.8,193110.8
43022,3683.5,202376.1
43023,2351.8,209814
43024,1788.7,212178.5
43025,2223.5,199204.6
43026,2406.1,204597.4
43027,4427.9,122271.8
43028,5129.6,119128.6
43029,8574.7,77741.4
43030,9936.4,74696.3
43031,13786.6,60808.3
43032,16230.6,53917.1
43033,18255.2,48577.2
43034,20175.1,43699.7
43035,21996.6,39047.1
43036,23675,34929.2
43037,18818.2,51590.3
43038,18765,58254.5
43039,9900.8,115024.2
43040,7354.3,151778
43041,5375.7,161905.4
43042,3708.5,169690.5
43043,2681.5,176103.4
43044,1850.8,182734.3
43045,1053.8,194202.7
43046,337,206771.9
43047,20.1,219503.4
43048,3.5,221809.4
43049,197.6,218392.3
43050,616.5,219448.3
43051,2170.5,127457.4
43052,2812.4,123782.7
43053,6107.3,81179.9
43054,7533.6,77925.1
43055,11541.3,63746.5
43056,13910.8,56757.1
43057,16251.3,51288.6
43058,18631.8,46281.6
43059,21051.4,41255.9
43060,23500,36493.3
43061,19929.5,52952.7
43062,21257.5,58917.4
43063,12630.4,114449.2
43064,10358.7,150976.6
43065,7571.8,163518.6
43066,6234.5,172215.6
43067,5991.7,175137.6
43068,6685.8,177677.5
43069,7003.7,181287
43070,7182.5,185006.7
43071,7961.4,188073.4
43072,9056,191001.4
43073,10170.6,193801.6
43074,11051.1,196512.2
43075,16272.1,119475.1
43076,18566.1,116615.1
43077,28481.4,74159.1
43078,32173.8,69874.9
43079,38548.9,55504.4
43080,42269.8,48645.2
43081,45700.2,43465.9
43082,48933.6,39692.7
43083,52844.5,36105.9
43084,56734.5,32578.5
43085,59524.5,30658.9
43086,62448.1,28284.2
43087,56822.3,32962.8
43088,47506.3,53675.3
43089,39400.3,66373
43090,27066.7,92571.6
43091,21894.3,107528.1
43092,18687.6,113084.7
43093,15689.4,117591.5
43094,12574.6,121905.3
43095,9980.6,124941
43096,12482.3,88271.6
43097,17265.4,83463.1
43098,21806.7,84575.6
43099,26422.9,69099.4
43100,29207,71834.3
43101,41239.3,34979.5
43102,45366,32032.4
43103,48907.9,26014.4
43104,51447.5,22827.4
43105,56953.5,19128.9
43106,61565.8,16976.6
43107,64623,15145
43108,66886.6,13447
43109,67389.3,12810
43110,68206.8,11488.9
43111,66216.3,19444.6
43112,60181.4,25878.5
43113,52145.4,31719.3
43114,48692.4,38055.1
43115,47441.6,39113.4
43116,46865.8,39843
43117,46173,40463.4
43118,46142.2,40979.3
43119,46419.8,41425.9
43120,47210.9,41754.6
43121,48847.1,41881.4
43122,62076.3,32233.5
43123,67192.4,23032.1
43124,65661.5,23849.3
43125,73777.6,12452.7
43126,71190.2,12692.3
43127,73504.6,9353.9
43128,75033.7,8378.5
43129,73586,7847.2
43130,75135.2,7340.9
43131,76704.8,6878.2
43132,78003.3,6480.2
43133,63364.5,10899.8
43134,54697.5,14163
43135,33331.4,58577.1
43136,14348.5,92821.3
43137,11580.1,103954.7
43138,10104.3,112050.6
43139,8609.1,120422.6
43140,7366.3,128323
43141,6191.1,135724.9
43142,4857.2,143014.8
43143,3877.7,149456.2
43144,4407.4,154076.7
43145,5002.6,158558.3
43146,5130.5,163098.6
43147,8224.5,94677.1
43148,9006.2,94432.3
43149,15057.7,53280.8
43150,16655.5,50328.4
43151,21711.3,38110.2
43152,24278.1,32425
43153,26089.7,28725.5
43154,27540.9,25924.5
43155,28722.9,23396.7
43156,29837.7,21012.8
43157,22766.9,34017
43158,21168.2,41862.6
43159,10017.8,95946.3
43160,7406.1,131165.7
43161,6263.4,141897.6
43162,4855.8,149942.4
43163,3444.5,156741.4
43164,2793,162745.5
43165,1626,169130.9
43166,1174.9,174930.3
43167,1425.4,179769.1
43168,1560.1,184588
43169,1875.6,188843.5
43170,2049.4,192847.3
43171,4244.8,113897.9
43172,4728.6,112645.7
43173,7858.9,71814.6
43174,9068.2,68739.7
43175,12235.4,55096.8
43176,13495,48525.1
43177,14802.2,43195
43178,16191.3,38542.6
43179,17381.4,35243.9
43180,18455.1,32436.8
43181,13738.6,47997.7
43182,13190,54650.9
43183,6281.2,110226.8
43184,4061.8,146721
43185,2801,156660.6
43186,1568.1,164494.3
43187,745.3,171618.5
43188,232.4,178505.8
43189,32.5,185174
43190,0,190987.8
43191,0,196292.1
43192,32.9,200855.7
43193,240.7,204915.7
43194,520.3,209011.3
43195,2567.9,123040.8
43196,2975.1,119946.7
43197,5845.9,78279.3
43198,6901,75112.2
43199,10206.7,61196.6
43200,11778.2,54521.7
43201,13091.7,49215.3
43202,14416.5,44362.1
43203,15860.9,39640.5
43204,17329.5,35773.8
43205,13643.7,52867.4
43206,13750.9,59140.1
43207,7075,114458.8
43208,5065.9,150655.1
43209,4091,159897.6
43210,3004.4,167008.9
43211,2076,173395.7
43212,1256.9,180034
43213,775.2,185956.7
43214,624.8,191155.3
43215,816,195922
43216,1363.9,199911.2
43217,2110.1,203701.3
43218,2482.8,207470.2
43219,5190.9,123409.8
43220,6221.5,120749.9
43221,10770.4,78357.3
43222,13118.7,74545.7
43223,17667.4,60211.9
43224,20848,53052.2
43225,23803.5,47200.2
43226,26669.4,42230.7
43227,29389.9,38348.8
43228,32309,34947.9
43229,27982.6,50131
43230,28647.8,55922.7
43231,17350.5,110226.8
43232,13683,146277.3
43233,10098,159047.5
43234,7754.3,168807.8
43235,6356.3,178430.3
43236,5785.4,186937
43237,4952.4,196526.9
43238,3784.7,203755.2
43239,2818.7,210665
43240,2684.6,211734.6
43241,3859.1,202633
43242,4657.5,203107.7
43243,8753.6,123218.4
43244,10178.4,120415.8
43245,16368.6,78277.3
43246,19913.5,74432.7
43247,26366.3,59966.5
43248,30082,52645.4
43249,32835.7,47098.3
43250,35062,42581.5
43251,37035.2,38252.8
43252,40024,34326.8
43253,42056.5,32606.1
43254,43886,30469.2
43255,39620.3,36821.9
43256,31607.2,58257.4
43257,28535.9,68358.8
43258,20563.4,91687.1
43259,17565.3,103044
43260,15358.7,106322.4
43261,11923,110309.3
43262,10024.5,113756.7
43263,7644.2,120266.1
43264,11761.9,89967.7
43265,17665.3,86462.5
43266,21429,83538.8
43267,26090,68386.8
43268,29098.8,70416.7
43269,41814.9,35781.8
43270,46324.6,32756.9
43271,50101,26477.3
43272,52867.9,23170
43273,58113.4,19474.4
43274,62889.7,17223.4
43275,66744.5,15309.2
43276,70258.3,13575.3
43277,72448.5,12925.9
43278,75301,11591.4
43279,75559.9,19128.9
43280,70729.3,25089.2
43281,59683.1,30683.6
43282,52895.4,37384.6
43283,50011.9,39619.4
43284,48127.2,41333.7
43285,45581.1,43062.3
43286,41869.7,45081.3
43287,40180.6,45892.6
43288,42471.8,44368.2
43289,51149.3,41784.1
43290,67965.2,31592.2
43291,75658.6,22225.4
43292,76228,22874.8
43293,86619.7,11511.8
43294,86026.1,11386.7
43295,90344,8891
43296,93920.3,8043.2
43297,98047.7,7603.5
43298,101734.4,7174.9
43299,104941.7,6784.7
43300,107524.5,6398.7
43301,94128,10733.1
43302,85537.8,13822.5
43303,58337.7,55009.7
43304,34621.9,87577.2
43305,25339.8,100451.7
43306,19585.1,109359.3
43307,16685.1,117569.7
43308,15553.2,124959.8
43309,14755.8,131591.9
43310,13622.3,138152.1
43311,13141.5,143943.9
43312,13360.7,148940
43313,14448.3,153182.9
43314,14819.6,157506
43315,21922.7,89068
43316,23898.1,88614.5
43317,36404.5,48127.1
43318,39558.2,45302.7
43319,46767.2,34805.4
43320,49519.1,29681.3
43321,51376.9,25980.5
43322,53836.4,23135.7
43323,56079.9,20699.2
43324,57763.1,18989.3
43325,49751,31978.4
43326,45795,38935.1
43327,23877.2,89364.5
43328,16150.5,124575.2
43329,13227.1,136118.5
43330,9101.2,146411.5
43331,6213.1,151540.2
43332,5087.5,163865.3
43333,3911.5,177649.2
43334,2744.8,182730
43335,1995.6,183999.6
43336,2083.3,184766.3
43337,2978.2,185589
43338,4305.6,187533.1
43339,8834.5,109935.5
43340,10691.8,108253.5
43341,17338.2,67339.2
43342,20782.4,63017.9
43343,28693.5,49246.1
43344,34319.5,42610.5
43345,38673.5,38288.5
43346,42345.1,34476
43347,45589.8,31075.6
43348,49843.5,28048.2
43349,45342.4,42731.7
43350,45845.5,49011.6
43351,27391.4,99777.3
43352,21327.5,135478.1
43353,16237.2,148896.7
43354,12991.1,158851.9
43355,10837.8,167530.5
43356,9774.1,175218
43357,8627.1,180171.3
43358,7154.3,184067.8
43359,6615.5,184040.1
43360,7054.7,184463.2
43361,8385.2,186076.2
43362,8780.7,188716.4
43363,12519.4,115148
43364,13110.4,113348.6
43365,20713.9,73004.5
43366,23337.3,69152.8
43367,29124.1,55182.8
43368,32587.1,48530
43369,36003.5,43183.4
43370,39350.2,38531.5
43371,42705.2,34851.1
43372,46653.3,31534.6
43373,41505.1,46543
43374,41709.3,52339.7
43375,24540.9,104465.9
43376,19005.8,140310.5
43377,15191,152443.9
43378,12056.3,161688.5
43379,10437.5,168951.2
43380,9421.3,178293.6
43381,8286.1,186439.8
43382,6645.3,192495.4
43383,5582.4,194238.4
43384,5785.3,190807.6
43385,7221.3,189636.4
43386,8459,191748.1
43387,12975.3,116566.7
43388,14443.9,114296.9
43389,23840.1,73582.7
43390,27247,69783.7
43391,33221.9,56115.2
43392,36460.1,49724.2
43393,39156.9,44687.2
43394,41476.4,40179.1
43395,44270.4,36099.2
43396,47071.4,32835.9
43397,40242.2,48620.5
43398,39308.7,54540.4
43399,21193.8,108089.4
43400,15376.9,144338.4
43401,13577.3,153812.2
43402,11744.1,160627.2
43403,10210.8,166284
43404,8743,171393.2
43405,7806.4,175677.4
43406,7163.1,179489.8
43407,6906.4,183014.4
43408,6922.8,186357.6
43409,7589.2,189172.5
43410,7670.6,192372.2
43411,11214.9,116876.4
43412,12104.5,114796.5
43413,19437,73946.9
43414,21806.8,70272.2
43415,27025.1,56351.1
43416,29388.6,49813.6
43417,31462.2,44749.4
43418,33812.2,40400.7
43419,35973.5,36872.1
43420,38373.3,33525.2
43421,40575.6,31727.1
43422,43310.6,29512.5
43423,40286.8,34749.9
43424,32520.2,55829.6
43425,27263.2,67423.5
43426,16141.9,93084.8
43427,11983.1,108516.6
43428,10345.9,111786.7
43429,8256.3,117737.2
43430,6911.8,121995.3
43431,5761,125795.4
43432,6436.2,95380.2
43433,9248.7,85730.7
43434,11622.4,87587
43435,14670.8,72568.7
43436,16434.8,75401.7
43437,27386.7,38235.2
43438,30831.7,35565.7
43439,33582.5,29485.9
43440,35297.7,25917.2
43441,38718.8,21721
43442,40393.4,18669.4
43443,41741.3,16092.3
43444,43355.2,14180.2
43445,43920.9,13750.8
43446,44685.8,12503.3
43447,45437.9,22164.9
43448,40885.2,28867.1
43449,32980.3,35084.3
43450,29211.5,41565.5
43451,27424.3,42802.5
43452,25859.4,43738.5
43453,24703.5,44413.7
43454,23945.8,44994.1
43455,23301.1,45620.2
43456,22957.5,46259.4
43457,26570.8,45640.9
43458,40983.9,35762.7
43459,46951.5,26232.5
43460,46989.9,26721.2
43461,56077.1,14767.2
43462,55300.3,15210.1
43463,59063.4,11323
43464,62191.4,9595.4
43465,62327,8627.6
43466,64496.5,8082.2
43467,67021.6,7556.2
43468,70360.8,7060.1
43469,57744.7,11431.6
43470,52093.3,14864.4
43471,33553.8,60280.7
43472,16337.6,94210.8
43473,12469.1,107597.9
43474,10488.1,116546.9
43475,9894.4,124067.4
43476,9913.9,130917.4
43477,9956.7,137322.6
43478,8358.1,144888.5
43479,7198.1,152203
43480,8940.1,154758.7
43481,12443,157193.9
43482,14540.1,160591.8
43483,22165.9,91601.3
43484,25466.4,90678.4
43485,39327.2,49219.2
43486,44432,46020.3
43487,53338.7,34953.8
43488,57941,29503.6
43489,62464,25438.4
43490,67999.3,22425.7
43491,72497.3,20522.8
43492,76429.7,18898
43493,71054.3,30611.8
43494,69284.4,36947
43495,45819.1,84240.5
43496,33991.8,119115.2
43497,24842.1,133656.7
43498,19135.5,144283.5
43499,16957.7,152868
43500,15831.5,159921.5
43501,14784.9,166544.7
43502,12811.9,173382.4
43503,11167,178059.4
43504,10921.3,178746.8
43505,13931.3,168127.7
43506,16731.3,177799.1
43507,24871.4,104648.8
43508,28945.8,102991.8
43509,42174.6,62279.7
43510,47072.5,57899.1
43511,56344.4,45325
43512,60893.1,39877.9
43513,66989.1,35801.3
43514,72587.4,31977.8
43515,77008.6,28520.9
43516,80768.4,25474
43517,75629.2,40205.4
43518,74159.6,46120.1
43519,49082.1,92469.8
43520,37404.4,128206.7
43521,28813.5,141858.2
43522,21318.7,151855
43523,17847.5,160636
43524,15860,167987.1
43525,14300.6,174548.1
43526,12036.8,180958.5
43527,10233.1,184961.8
43528,9955.8,184075
43529,12129.5,178099
43530,14288.1,183404.7
43531,20467.1,109572
43532,23368.9,107505.7
43533,35819.4,67469.5
43534,39649.6,63235.7
43535,48641.8,50673.3
43536,53003.4,43980
43537,57263.4,39400.3
43538,61913.9,35870
43539,65431.6,32360.7
43540,68612.1,29140.2
43541,62874,43800.7
43542,61373.3,49787.5
43543,36736.6,98718.5
43544,26740.3,134867.9
43545,23507.3,145115.1
43546,20021.3,152586.8
43547,17647,158454
43548,15405.9,163920.1
43549,13781.1,168598.7
43550,12204,172894.2
43551,11498.6,176431.8
43552,11715.2,179284.4
43553,12620.4,181683.3
43554,13100.6,184267.1
43555,19112,110465.4
43556,20711.4,108511.3
43557,30805.5,67907.2
43558,33546.4,63825.7
43559,40374.1,51363.2
43560,43668.8,45286.2
43561,46017.2,41407.4
43562,48281.6,37994
43563,50955.1,34647.3
43564,53084.7,31464.3
43565,45698.9,46496.1
43566,43059.4,52340.9
43567,23021.5,103024.3
43568,16497.7,138834.5
43569,14388.8,149003.6
43570,12165.1,156233.3
43571,10249.1,162200.1
43572,8808.2,167384.1
43573,7802.5,171845.1
43574,6929.8,176000.7
43575,6681.8,179485.6
43576,6838.3,182527.2
43577,7257.5,185295.9
43578,7469.6,188104.7
43579,11048.1,114079.6
43580,11817.4,112261.7
43581,19162.4,71538.6
43582,21785.7,67657.7
43583,27500.6,54251.6
43584,30339.8,47880.2
43585,32749,43277.6
43586,34833.6,39824.7
43587,36566.3,36458.2
43588,38283.4,33236.4
43589,39222.7,31504.3
43590,40559.9,29427.8
43591,37255.9,34387.3
43592,29649.6,55254.4
43593,27772.5,65286.5
43594,18797.5,87018.2
43595,16083.9,98021.4
43596,14188.8,101376
43597,13524.5,103703.9
43598,13379.5,105536.9
43599,13608.7,107087.8
43600,20177.5,77370.8
43601,23180.4,79751
43602,25176.9,79015.7
43603,28718.7,65293.3
43604,30843.8,68066.2
43605,42579.2,34254.7
43606,46809.5,30919.9
43607,50907,25689.2
43608,54322.4,22432.4
43609,60105.2,18963.5
43610,65756.9,16757.4
43611,71399.3,14885.6
43612,77119.3,13139.9
43613,81314.6,12413.4
43614,86272,11042.1
43615,87959.3,16561.8
43616,82850.4,22326.8
43617,72865.4,28123.1
43618,64746.9,34158.3
43619,60924.1,35786.1
43620,58552.9,37341.3
43621,56224.6,38687.7
43622,52349.8,40506.3
43623,50133.6,41524
43624,51875.1,40913.6
43625,60198.3,39314.7
43626,77757.2,29176.9
43627,85234.8,19908
43628,85086.2,20753.9
43629,95187.5,10259.6
43630,94088.2,10571.5
43631,98647.7,8672.6
43632,102464.3,7879.1
43633,111234.3,7259.6
43634,116746,6753.6
43635,121733.4,6296.3
43636,126140,5899.4
43637,128563.5,6235.4
43638,131445.7,6069.5
43639,139577.1,11333.7
43640,122048.5,17699.8
43641,109496.1,19920.8
43642,98935.5,25186.5
43643,94456.4,26813.6
43644,90249,28261.4
43645,87100.2,29433.7
43646,86078.5,30370.4
43647,84689.6,31252.7
43648,84246.7,32009.9
43649,84200.4,32678.1
43650,101350,25338.9
43651,106410.8,16698.9
43652,101337.1,17989
43653,112070.4,7605.7
43654,106013.7,8171.8
43655,108235.7,6469.5
43656,109483.5,5704.7
43657,109333.1,5284.5
43658,110938.7,4911.4
43659,112267.8,4561.8
43660,113940.4,4227.7
43661,99033.2,7413.4
43662,86827.8,10463.2
43663,64697.1,45016.6
43664,38501.4,75732.3
43665,28434.8,88392.6
43666,20878.1,100384.8
43667,15486.6,111847
43668,12094.4,123226.8
43669,9603.1,134007.5
43670,7209.3,144550.4
43671,5769.4,151835.7
43672,5679.9,151616
43673,7038.3,145187.6
43674,8867.7,152870.2
43675,13910.8,85574.8
43676,16014,85445.7
43677,28157.1,44167.2
43678,32474.2,39704.5
43679,41343,29340.8
43680,45503.6,24469.7
43681,48630.2,21323.2
43682,51891.2,18917.4
43683,55292,17259.2
43684,58319.8,15705.4
43685,50769.7,26482.1
43686,45906.5,33100.4
43687,25382.3,84988.9
43688,15994,121184.7
43689,14384.8,132349
43690,12489.2,140782.8
43691,10817.8,147729.6
43692,9096.7,154008
43693,7918.6,159477.7
43694,7101.8,164424.7
43695,6716,168788.5
43696,6810.6,172493.7
43697,7292.7,175623.1
43698,7518.7,178692.9
43699,11090,106754.4
43700,11724.4,105722.1
43701,18529.8,65246.6
43702,20287.2,61720.1
43703,25094.9,48157.4
43704,27165.2,42045.6
43705,28920.5,37883.9
43706,30400,34368.4
43707,31591,31158
43708,32506.2,28451.9
43709,25438,43259.9
43710,23727.6,50055.6
43711,11639.4,103678.7
43712,8904.4,139829.4
43713,7401.8,150109.2
43714,5115.7,158153.5
43715,3258.5,165667.1
43716,2169.7,174077.2
43717,1606.7,179054.3
43718,894,187158.3
43719,281.6,195951.4
43720,257,198879.2
43721,871.7,199019.6
43722,1270,201382.3
43723,3672.2,118248.2
43724,4622.2,116262.6
43725,8187.2,75373.2
43726,10209.5,72053.5
43727,14393.8,58032.7
43728,17134.1,50966.8
43729,19817.9,45372.3
43730,22378.3,40637.9
43731,24860.9,36416.2
43732,27452.3,33200.6
43733,22971.3,48947.5
43734,23263.7,55103.8
43735,12697.1,109543.5
43736,10252.4,145848.1
43737,7741.3,157459.8
43738,5598.9,167281.9
43739,4534.5,175993.2
43740,3982.4,183841.6
43741,3256.5,191996.2
43742,2391,197468.7
43743,2040.1,197012.2
43744,2075.9,198302
43745,2529.5,200136.5
43746,3115.3,202535.1
43747,6713.8,121378.4
43748,8261.2,118757.2
43749,14185.3,77052.6
43750,16641.5,73684.9
43751,21976.6,59901.1
43752,24428.3,53252.5
43753,26334.1,47928.1
43754,27953.6,43270.6
43755,29206.8,38946.4
43756,30423,34919.1
43757,30834.4,33244.1
43758,31870.8,31201.1
43759,29930.5,37945.7
43760,22337.3,59836.1
43761,20738.1,69652.5
43762,13963.7,93177.9
43763,11615,104622.8
43764,9606,108231.7
43765,8158.6,111081.6
43766,7575.1,113155.2
43767,7752.5,114608.5
43768,10563.6,84898.7
43769,11400.5,87089.4
43770,11800.2,86180.8
43771,13225.2,76951.1
43772,13704.9,74851.5
43773,22285,40315.5
43774,25023.4,37660.4
43775,27443.8,31404.2
43776,29144,27700.1
43777,32500,23320.8
43778,34126.5,19864.1
43779,35432.9,17127.7
43780,36534.4,14603.1
43781,36781,13865.5
43782,37931.5,12572.5
43783,41253.7,22588.2
43784,37549.3,29259.1
43785,30259.4,35655
43786,26580.2,42390.3
43787,25131.7,43635.7
43788,24029.1,44487.7
43789,23074.6,45136.8
43790,22603.1,45586.1
43791,22497.7,45872.6
43792,23073,46020.6
43793,24662.5,46091.5
43794,37627.6,36593.6
43795,42544.7,27088
43796,41840.8,27595.3
43797,49754.8,15565.1
43798,48079.2,16163.6
43799,50770.3,12281.1
43800,52882.7,10640.5
