Hours,HPHtgLd_W,HPClgLd_W
0,0,0
1,38480.5,0
2,37297.6,0
3,37934.5,0
4,38337.2,0
5,38250,0
6,37264.3,0
7,35405.5,0
8,34905.6,0
9,36160,0
10,35637.6,0
11,34574.8,0
12,33342.2,0
13,32424,0
14,32186.6,0
15,32370.7,0
16,32652.7,0
17,32222.5,0
18,30230.2,0
19,29067.8,0
20,30259.6,0
21,31731.4,0
22,33388.3,0
23,36170.6,0
24,39144.1,0
25,41961.9,0
26,43666.2,0
27,45030.4,0
28,46543.3,0
29,47821.5,0
30,48130.3,0
31,47283.7,0
32,47491.2,0
33,44785.6,0
34,40501.4,0
35,36709.2,0
36,33697.8,0
37,30888.3,0
38,28238,0
39,26403.3,0
40,26624.9,0
41,29553.4,0
42,30619.6,0
43,31269.5,0
44,33736.5,0
45,36616.2,0
46,39060,0
47,42080.1,0
48,45126.6,0
49,47680.1,0
50,48879.2,0
51,49633.6,0
52,50137.8,0
53,50167.1,0
54,49160.8,0
55,46938.2,0
56,45855.8,0
57,45192.8,0
58,41712,0
59,38890.9,0
60,37278.9,0
61,35773.6,0
62,35248.7,0
63,35980,0
64,36145.7,0
65,35567.5,0
66,34152,0
67,32774.3,0
68,33339.8,0
69,34174.9,0
70,35745.6,0
71,38923.9,0
72,42313.9,0
73,44777.6,0
74,45668.7,0
75,46162.9,0
76,46830.1,0
77,47270.5,0
78,46743,0
79,44937.5,0
80,44033.4,0
81,43923.9,0
82,43302.5,0
83,41526.8,0
84,39625,0
85,38634.7,0
86,38074.1,0
87,37825.7,0
88,37440.3,0
89,36420.1,0
90,34621.5,0
91,32652.2,0
92,32689,0
93,33008.8,0
94,33551.6,0
95,35270.5,0
96,37130.1,0
97,38977.9,0
98,39940.8,0
99,40597,0
100,41083.3,0
101,41086.4,0
102,40204.9,0
103,38517.5,0
104,38157.1,0
105,38773.4,0
106,38139.9,0
107,35736.8,0
108,33142.5,0
109,31929,0
110,31601.6,0
111,32538.1,0
112,32665.9,0
113,31936.7,0
114,30497.7,0
115,28960.9,0
116,29205.4,0
117,29666.7,0
118,30510.2,0
119,32672.6,0
120,34978.3,0
121,37198,0
122,38391.3,0
123,39269,0
124,39760.7,0
125,39676.9,0
126,38595,0
127,36744,0
128,36243.2,0
129,36668.3,0
130,36255.7,0
131,35203.3,0
132,34276.2,0
133,33370.5,0
134,33125.4,0
135,33286.1,0
136,33000.6,0
137,31776.1,0
138,29574.4,0
139,27407.8,0
140,27325.9,0
141,27523.4,0
142,29548.2,0
143,34125.1,0
144,39082.8,0
145,43258.8,0
146,45994.3,0
147,48521.2,0
148,50468.4,0
149,51603.3,0
150,51739.1,0
151,51025.2,0
152,51616.9,0
153,52352.8,0
154,50680.9,0
155,48105.6,0
156,45625.6,0
157,41805.3,0
158,39901.5,0
159,39264.7,0
160,41200.9,0
161,44210,0
162,44710.8,0
163,45065.6,0
164,47496.6,0
165,50194.1,0
166,53133.6,0
167,57250.3,0
168,61423.7,0
169,64994.7,0
170,67132.1,0
171,68867.6,0
172,70632.4,0
173,71972.4,0
174,72328,0
175,71841.7,0
176,72443.5,0
177,70917.6,0
178,66618.4,0
179,63074.5,0
180,60635.6,0
181,57869.3,0
182,54908.6,0
183,53173.7,0
184,53979.7,0
185,58063.9,0
186,59368.3,0
187,59569.9,0
188,61629.5,0
189,63968.1,0
190,66679.3,0
191,70671,0
192,74796.4,0
193,78180.7,0
194,80026.4,0
195,81527.6,0
196,82772.5,0
197,83474.9,0
198,83130.7,0
199,81686.6,0
200,81125.7,0
201,77015.1,0
202,71140.6,0
203,66172.9,0
204,62227.1,0
205,59363.9,0
206,57802.3,0
207,58127.7,0
208,58632,0
209,58299.1,0
210,57463.3,0
211,55941.4,0
212,56416.3,0
213,57107.6,0
214,58077.1,0
215,60227.4,0
216,62468.6,0
217,64170.3,0
218,64600.2,0
219,64616.5,0
220,64342.1,0
221,63475.8,0
222,61574.4,0
223,58670.4,0
224,56801.8,0
225,55553.2,0
226,54054.9,0
227,51588.9,0
228,48854.9,0
229,46620.9,0
230,44901.9,0
231,44732.5,0
232,42730.3,0
233,40233.8,0
234,37292.8,0
235,33995.1,0
236,32841.7,0
237,31927.6,0
238,31379.6,0
239,32091.4,0
240,32974.5,0
241,33619.9,0
242,33062.1,0
243,32184.1,0
244,34047.7,0
245,37895.5,0
246,41110,0
247,43319.9,0
248,46590.7,0
249,50728.3,0
250,53080.6,0
251,53967.5,0
252,56196,0
253,56813.5,0
254,56723,0
255,57991,0
256,58258.1,0
257,58081.9,0
258,57282,0
259,55674.6,0
260,56117.1,0
261,56794.8,0
262,58144.5,0
263,60936.2,0
264,63904,0
265,66671.8,0
266,68233.7,0
267,69482.3,0
268,70662.4,0
269,71444.9,0
270,71228.8,0
271,69747.8,0
272,68941.4,0
273,64430.8,0
274,58685.9,0
275,54072.5,0
276,49581.8,0
277,46619.5,0
278,46318.2,0
279,46899,0
280,47219.5,0
281,45302.4,0
282,42688.9,0
283,40040.2,0
284,39569.1,0
285,39214.4,0
286,39031.8,0
287,39947.1,0
288,40988.6,0
289,42111.8,0
290,42398.4,0
291,42349.9,0
292,41907.9,0
293,40952.4,0
294,38985.9,0
295,36085.6,0
296,34350.8,0
297,33781.1,0
298,31909.6,0
299,28410.6,0
300,25708.3,0
301,21997.9,0
302,18867.5,0
303,16618.4,0
304,16874.6,0
305,17590.2,0
306,16318.1,0
307,16652.3,0
308,19680,0
309,23116.4,0
310,26440.3,0
311,30716.8,0
312,35247,0
313,39335.6,0
314,42167.9,0
315,44669,0
316,46276.1,0
317,46801.9,0
318,46246.5,0
319,44545.7,0
320,44036.6,0
321,44758.8,0
322,42796.9,0
323,42300.7,0
324,39942,0
325,38542,0
326,36966.2,0
327,35635.2,0
328,34829.6,0
329,33761.4,0
330,31147.4,0
331,28810.5,0
332,28485,0
333,28440.5,0
334,28646.4,0
335,30109.1,0
336,31718.6,0
337,33144.1,0
338,33657.1,0
339,33851.6,0
340,34076.4,0
341,34010.2,0
342,33041.7,0
343,31035.1,0
344,30242.9,0
345,30985.8,0
346,29726.6,0
347,27346.2,0
348,25648.1,0
349,24237.9,0
350,23355.7,0
351,23173.5,0
352,22930.6,0
353,22028.8,0
354,19987.4,0
355,18020.9,0
356,17937.6,0
357,18078.1,0
358,18686.4,0
359,20683.9,0
360,22865.1,0
361,24755,0
362,25518.4,0
363,25984.5,0
364,26393.6,0
365,26501.4,0
366,25703.9,0
367,24072.6,0
368,23772.4,0
369,25042.2,0
370,24498.4,0
371,22912.3,0
372,21578.4,0
373,20295.4,0
374,19866.4,0
375,20116.4,0
376,20378.7,0
377,20571.7,0
378,19360.7,0
379,18263.4,0
380,18889,0
381,19760.8,0
382,20874.2,0
383,23142.9,0
384,25539.1,0
385,27795.7,0
386,29059.7,0
387,30004.6,0
388,30869.5,0
389,31324.8,0
390,30868,0
391,29481.8,0
392,29223.7,0
393,30031.7,0
394,29545.9,0
395,28613.2,0
396,28650.3,0
397,27101.9,0
398,26669.8,0
399,26527.3,0
400,26644.9,0
401,25964.4,0
402,24475.1,0
403,22781.2,0
404,23024.7,0
405,23474.1,0
406,24462.4,0
407,26831.4,0
408,29375,0
409,31689.5,0
410,32891.6,0
411,33792.6,0
412,34526,0
413,34827.6,0
414,34197.6,0
415,32718.6,0
416,32358.5,0
417,32275.8,0
418,31774.2,0
419,30232.3,0
420,28452.6,0
421,25394,0
422,23611.5,0
423,21292.7,0
424,21436,0
425,23444.4,0
426,25468.8,0
427,25502.1,0
428,26534.7,0
429,27848.1,0
430,29376.9,0
431,32022.8,0
432,34603.1,0
433,36782.5,0
434,37820,0
435,38468,0
436,39524.2,0
437,40686.9,0
438,40956.7,0
439,40218.2,0
440,40570.3,0
441,40722.2,0
442,36791.6,0
443,32301.2,0
444,28957.3,0
445,26192.1,0
446,23797.5,0
447,22250.8,0
448,22050.8,0
449,23302.8,0
450,23263.5,0
451,23444.7,0
452,25626.7,0
453,28099.9,0
454,30835,0
455,34841.6,0
456,39259,0
457,42880.7,0
458,44924.2,0
459,46596.7,0
460,47855.7,0
461,48429.8,0
462,47979.3,0
463,46274.1,0
464,45509,0
465,44213.2,0
466,40081.7,0
467,34062.7,0
468,29841.7,0
469,26729.5,0
470,24167.2,0
471,22311.1,0
472,22013.5,0
473,23580,0
474,24650.9,0
475,24432.4,0
476,25496.6,0
477,26702.2,0
478,28101.7,0
479,30548,0
480,33013.2,0
481,35526.1,0
482,37224.9,0
483,38584.1,0
484,39603.6,0
485,40099.5,0
486,39594.7,0
487,38199.9,0
488,38005.9,0
489,39052.6,0
490,37552.7,0
491,35749.9,0
492,33939.9,0
493,30041.1,0
494,27196.5,0
495,25865.4,0
496,26235.1,0
497,26370.6,0
498,24630.1,0
499,23121.5,0
500,23504.9,0
501,24068.7,0
502,25122.7,0
503,27501,0
504,30193.7,0
505,32634.8,0
506,33984.1,0
507,34995.7,0
508,36713.3,0
509,38680.5,0
510,39837.3,0
511,40170.3,0
512,41738.5,0
513,43673.9,0
514,41792.2,0
515,41066.1,0
516,38394.5,0
517,35933,0
518,34861.9,0
519,34427.6,0
520,35864.2,0
521,38490.7,0
522,38904.8,0
523,39058.8,0
524,41320.9,0
525,43819.4,0
526,46657.1,0
527,50695.5,0
528,54869.9,0
529,58884,0
530,61702.4,0
531,64123.9,0
532,65994.7,0
533,67061.3,0
534,67110.7,0
535,66559.4,0
536,66723.6,0
537,63028.5,0
538,57771.9,0
539,52159.3,0
540,47208.1,0
541,43742.2,0
542,41102.6,0
543,39275.1,0
544,39760.6,0
545,41785.2,0
546,43347.6,0
547,42794.1,0
548,43767.7,0
549,44857,0
550,46332.7,0
551,49129.4,0
552,51925.1,0
553,54046.9,0
554,54859.3,0
555,55250.8,0
556,55263.9,0
557,54759.2,0
558,53187.3,0
559,51142,0
560,50658.7,0
561,51003.7,0
562,50384.6,0
563,48653,0
564,46314,0
565,44146.4,0
566,41684.5,0
567,40153.6,0
568,40168.8,0
569,39600.6,0
570,38424,0
571,36633.8,0
572,36716.3,0
573,37036.7,0
574,38393.1,0
575,41599.4,0
576,44986.4,0
577,48816.3,0
578,52066,0
579,55140.7,0
580,57826.9,0
581,60050.8,0
582,61328.8,0
583,61076.5,0
584,60996.4,0
585,57559.9,0
586,52810.4,0
587,48163.6,0
588,44215.8,0
589,41228.4,0
590,38498.5,0
591,36538.3,0
592,36596.8,0
593,38343.9,0
594,40821.8,0
595,41506.5,0
596,44140,0
597,47040.9,0
598,50220.6,0
599,54785,0
600,59397.1,0
601,63389.6,0
602,66039.7,0
603,68259.4,0
604,70373.8,0
605,72204.5,0
606,73017.6,0
607,72455.9,0
608,71977.3,0
609,67145.8,0
610,62317.9,0
611,59273.7,0
612,55641.1,0
613,53307.8,0
614,51167.3,0
615,50538.5,0
616,50839.5,0
617,51332.3,0
618,51082.8,0
619,50098.7,0
620,51088.1,0
621,52327.2,0
622,53628.4,0
623,55969.8,0
624,58370.2,0
625,60698,0
626,62071.5,0
627,63083.5,0
628,63828.4,0
629,64065.7,0
630,63333.2,0
631,61691.3,0
632,61184.3,0
633,60981.2,0
634,58286.9,0
635,52495.1,0
636,48181.1,0
637,47073.2,0
638,47662.1,0
639,47539.3,0
640,46581.9,0
641,46898.1,0
642,47425.6,0
643,46743.2,0
644,48232.7,0
645,50051.5,0
646,51544.2,0
647,53888.3,0
648,56251,0
649,59025,0
650,61165,0
651,62971.3,0
652,64144.6,0
653,64470.7,0
654,63774.7,0
655,62439.8,0
656,61838.6,0
657,58771.6,0
658,55310.4,0
659,50523.2,0
660,46084.9,0
661,44039.1,0
662,42689.7,0
663,42865.6,0
664,43205.5,0
665,44749.1,0
666,44387.6,0
667,43708.4,0
668,45012.3,0
669,46530.4,0
670,48847.6,0
671,52898.8,0
672,57087,0
673,61062.6,0
674,64011.8,0
675,66695.7,0
676,68886,0
677,70440.3,0
678,70998.5,0
679,70287.6,0
680,70023.2,0
681,67087.3,0
682,61334.4,0
683,54989.5,0
684,49290.3,0
685,44893.9,0
686,41235.8,0
687,38372.9,0
688,37912.7,0
689,39379.8,0
690,41879.4,0
691,42795.9,0
692,45674.5,0
693,48900.6,0
694,52057.6,0
695,56023.2,0
696,59942.2,0
697,63533.3,0
698,65904.5,0
699,67849.9,0
700,69549.6,0
701,70676.4,0
702,70779.3,0
703,69042.4,0
704,67472.2,0
705,64796.1,0
706,59681.5,0
707,54157.9,0
708,47591.3,0
709,42556.9,0
710,38913.3,0
711,38150.4,0
712,37758.9,0
713,38105.2,0
714,38747.2,0
715,38919.6,0
716,41495.6,0
717,44460.7,0
718,47749.7,0
719,52328.9,0
720,57147.2,0
721,62044.4,0
722,66125.5,0
723,69848.6,0
724,72278.1,0
725,73458.6,0
726,73580.2,0
727,71831.2,0
728,70144,0
729,66848.6,0
730,60262.1,0
731,53869.9,0
732,47123.5,0
733,41171.6,0
734,37307.3,0
735,34407.8,0
736,33300.8,0
737,33215.8,0
738,35689.4,0
739,35819,0
740,37623.9,0
741,39711.2,0
742,41732.6,0
743,44597.8,0
744,47463.4,0
745,49702.6,0
746,50818.2,0
747,51618.6,0
748,52253.2,0
749,52475.5,0
750,51579.2,0
751,50141.1,0
752,49104.2,0
753,43605.5,0
754,38504.9,0
755,34156.4,0
756,29458.8,0
757,25834.2,0
758,23752.1,0
759,21301.9,0
760,19767.5,0
761,20238.3,0
762,20865.4,0
763,20873,0
764,22176.8,0
765,24478,0
766,27500.1,0
767,31810.7,0
768,35714.9,0
769,38784.5,0
770,40491.3,0
771,41678.9,0
772,42704.1,0
773,42997.3,0
774,42446.8,0
775,40891.6,0
776,40155.1,0
777,39042,0
778,39233.3,0
779,37051.5,0
780,33588.4,0
781,31880.8,0
782,29978.3,0
783,29222,0
784,29188.3,0
785,29258.3,0
786,28365.5,0
787,27357.9,0
788,28652.4,0
789,30047.7,0
790,31812.8,0
791,34907.3,0
792,37928.6,0
793,41083,0
794,43188.3,0
795,44214.6,0
796,44753.9,0
797,45613.9,0
798,44977.4,0
799,42844.3,0
800,42146,0
801,41334.7,0
802,40638.5,0
803,38954.7,0
804,36322.9,0
805,30304.7,0
806,28015.7,0
807,27162.2,0
808,25978.7,0
809,25753.9,0
810,25554.2,0
811,24684,0
812,25908.2,0
813,28040,0
814,30446,0
815,33394.3,0
816,36594.1,0
817,39514.3,0
818,40918.8,0
819,41808,0
820,43021.4,0
821,43940.5,0
822,44405.4,0
823,44376.5,0
824,44788.6,0
825,44348.5,0
826,41008.9,0
827,37194.3,0
828,33863.8,0
829,31730.8,0
830,30149.4,0
831,28951.6,0
832,29025.5,0
833,30237.6,0
834,32726.1,0
835,33547.9,0
836,35781.8,0
837,39080,0
838,42923.5,0
839,47523,0
840,51590.7,0
841,55046.5,0
842,57899.8,0
843,60516.2,0
844,62857.6,0
845,64668.1,0
846,65077.1,0
847,64487.9,0
848,64194.6,0
849,60951.5,0
850,55051,0
851,49290.4,0
852,44972.7,0
853,40747.2,0
854,37236.1,0
855,35774.1,0
856,35448,0
857,35878.3,0
858,37687.6,0
859,38816.7,0
860,41121.4,0
861,44104.1,0
862,47632.6,0
863,51586.1,0
864,55865.5,0
865,59869,0
866,62177.5,0
867,63835.3,0
868,65435.8,0
869,66254.3,0
870,66109.1,0
871,65391.7,0
872,64616.8,0
873,59306.1,0
874,53872.4,0
875,47954.6,0
876,42134.6,0
877,37483.8,0
878,33717.9,0
879,31182.1,0
880,30229.6,0
881,30309.3,0
882,32579.9,0
883,33878.3,0
884,35601.8,0
885,37704.4,0
886,41820.1,0
887,47334.6,0
888,51089.8,0
889,54244.2,0
890,58377.3,0
891,61063.1,0
892,61785.3,0
893,61485.6,0
894,58353.6,0
895,54408.4,0
896,52887,0
897,51289.5,0
898,48206.5,0
899,44243.8,0
900,39361.2,0
901,37722.3,0
902,37177.2,0
903,37038,0
904,37170.1,0
905,36966.8,0
906,36094,0
907,34674.1,0
908,35061.9,0
909,35619.7,0
910,36251.3,0
911,38094.5,0
912,40231.9,0
913,42034.9,0
914,42723.4,0
915,43262.4,0
916,43120.5,0
917,42822.7,0
918,41945,0
919,40425.6,0
920,39236.6,0
921,35986.3,0
922,33002.2,0
923,29587.9,0
924,26562.3,0
925,23109.2,0
926,20959.6,0
927,21502.3,0
928,20937.7,0
929,20200.3,0
930,19394.2,0
931,18904.5,0
932,19680.4,0
933,20732.8,0
934,22289.4,0
935,25453.8,0
936,28799.4,0
937,30838.1,0
938,31211.7,0
939,32085.7,0
940,33304.6,0
941,33712.5,0
942,33338,0
943,31994.7,0
944,30765.9,0
945,26608.6,0
946,22187.6,0
947,17826.7,0
948,14135,0
949,10922.3,10.1
950,9278.3,161.7
951,7621,272.4
952,6220.7,331.1
953,5363,294.8
954,6502.3,0
955,8323.2,0
956,9995,0
957,11460.2,0
958,13631.6,0
959,16784.5,0
960,20493.8,0
961,24166.1,0
962,26072.3,0
963,27104.4,0
964,27644.4,0
965,27488,0
966,26652.9,0
967,25129.1,0
968,24348.3,0
969,23913.5,0
970,20603.3,0
971,17438,0
972,14609.4,0
973,11632.9,0
974,8224.9,262.9
975,6226.9,491.5
976,5778.9,351.1
977,6590,129.7
978,7090.8,0
979,7283.9,0
980,7951,0
981,8670.1,0
982,10023.3,0
983,12044.5,0
984,14007.5,0
985,16263.9,0
986,17825.2,0
987,19103,0
988,20150.7,0
989,20882.5,0
990,20709.6,0
991,19487.6,0
992,19076.8,0
993,20360.4,0
994,20048.4,0
995,17749.1,0
996,13369,0
997,10650.8,53.8
998,8621.7,247.7
999,7402,127.1
1000,7241.2,18.3
1001,8290,0
1002,8405.3,0
1003,8560.3,0
1004,10126.6,0
1005,11855.3,0
1006,13488.4,0
1007,15833.8,0
1008,18767.1,0
1009,21161.3,0
1010,21630.1,0
1011,21546.9,0
1012,21833.6,0
1013,22034.4,0
1014,21269.9,0
1015,19615.9,0
1016,19244.5,0
1017,20692,0
1018,20679.1,0
1019,19623.6,0
1020,18511.9,0
1021,17666.6,0
1022,17741.7,0
1023,17448.6,0
1024,18004.8,0
1025,17612.1,0
1026,16705.4,0
1027,16165.8,0
1028,16607.7,0
1029,17492.2,0
1030,18830.5,0
1031,21049.3,0
1032,23259,0
1033,25551.1,0
1034,27332.5,0
1035,28509,0
1036,29226.2,0
1037,29834.5,0
1038,29712.9,0
1039,28853.5,0
1040,28389.1,0
1041,28343.9,0
1042,28053,0
1043,27285.8,0
1044,26249.7,0
1045,25476.4,0
1046,25190.6,0
1047,25287.5,0
1048,25163.7,0
1049,24540.4,0
1050,23718,0
1051,22574.7,0
1052,23545.1,0
1053,25024.5,0
1054,26377.7,0
1055,28529.4,0
1056,30951.8,0
1057,34418.1,0
1058,36915.6,0
1059,38786.3,0
1060,40555.5,0
1061,41739,0
1062,41773.1,0
1063,40690.8,0
1064,40628.7,0
1065,39329.6,0
1066,35734,0
1067,32561.1,0
1068,30134.3,0
1069,27561.8,0
1070,25779.2,0
1071,24921.6,0
1072,24448.6,0
1073,24628.8,0
1074,27112.6,0
1075,28752.4,0
1076,30635.7,0
1077,32697.1,0
1078,35552.8,0
1079,39331.7,0
1080,43095.8,0
1081,47204.7,0
1082,50669.8,0
1083,53470.4,0
1084,55606.8,0
1085,57135.9,0
1086,57754.7,0
1087,57597.3,0
1088,56145.4,0
1089,51151.9,0
1090,45983.9,0
1091,40360.1,0
1092,35874.1,0
1093,31531.3,0
1094,28165.5,0
1095,25835.5,0
1096,24112.3,0
1097,23563.7,0
1098,25951.2,0
1099,29204.4,0
1100,33409.1,0
1101,37965.1,0
1102,43651.7,0
1103,47708.7,0
1104,52270.8,0
1105,57851.6,0
1106,60732.1,0
1107,63362.6,0
1108,66878.4,0
1109,68510.2,0
1110,67529.5,0
1111,64897.1,0
1112,57988.8,0
1113,50466.2,0
1114,46941.4,0
1115,42180.2,0
1116,37511.1,0
1117,33244.5,0
1118,30422.7,0
1119,29032.5,0
1120,29936.5,0
1121,29395.9,0
1122,28747.6,0
1123,27867.6,0
1124,28314.4,0
1125,28663.1,0
1126,29458,0
1127,31455.2,0
1128,33673.2,0
1129,35391.6,0
1130,36204.1,0
1131,36613.5,0
1132,36846.7,0
1133,36889.6,0
1134,35853.9,0
1135,33583.5,0
1136,32312.7,0
1137,31859.6,0
1138,30864.9,0
1139,28959,0
1140,27158.2,0
1141,25329.4,0
1142,23008.2,0
1143,21021.5,0
1144,20308.6,0
1145,19894.3,0
1146,19298.1,0
1147,19921.2,0
1148,21532.4,0
1149,23209.8,0
1150,25318,0
1151,28981,0
1152,32824.9,0
1153,36359.2,0
1154,38538.2,0
1155,39804.1,0
1156,40623.3,0
1157,40908.5,0
1158,40200.4,0
1159,38290.2,0
1160,36635.9,0
1161,37253,0
1162,36716.1,0
1163,33390.3,0
1164,27529.9,0
1165,23640.8,0
1166,20230.5,0
1167,18470.2,0
1168,17744.1,0
1169,19032.1,0
1170,19832.2,0
1171,20930.5,0
1172,23074.6,0
1173,25815,0
1174,29462.3,0
1175,33826.8,0
1176,37884.5,0
1177,41118.5,0
1178,43103.3,0
1179,45138.4,0
1180,47286.1,0
1181,48673.4,0
1182,49249.9,0
1183,48964.3,0
1184,48290.3,0
1185,48912.1,0
1186,47413.1,0
1187,44672.4,0
1188,40464.7,0
1189,34555.5,0
1190,29705.2,0
1191,25482.4,0
1192,23771.1,0
1193,22856,0
1194,23368.4,0
1195,24669.5,0
1196,26848,0
1197,27910,0
1198,30207,0
1199,33569.2,0
1200,36345.4,0
1201,38785.5,0
1202,40050.8,0
1203,41381.1,0
1204,42403.4,0
1205,42697.6,0
1206,42437.3,0
1207,42225,0
1208,41084.6,0
1209,37972.5,0
1210,32857.7,0
1211,28003.8,0
1212,24818.7,0
1213,23103.4,0
1214,20423.8,0
1215,18450.5,0
1216,17248,0
1217,16792.6,0
1218,17515.5,0
1219,19013.3,0
1220,22437.6,0
1221,25777.2,0
1222,29146.1,0
1223,33133,0
1224,37197.2,0
1225,39572,0
1226,39862.7,0
1227,40893.5,0
1228,41890.9,0
1229,42142.6,0
1230,41018.9,0
1231,39239.3,0
1232,37479.8,0
1233,34406.1,0
1234,29777,0
1235,28912,0
1236,25485.9,0
1237,19850.6,0
1238,15910.8,0
1239,14119.7,0
1240,12834.2,0
1241,11589,0
1242,11246.8,0
1243,12348.2,0
1244,13950.8,0
1245,15297.3,0
1246,18456.6,0
1247,23066.4,0
1248,27526.8,0
1249,32511.1,0
1250,34159.4,0
1251,34358.9,0
1252,34568,0
1253,34337.9,0
1254,32949.5,0
1255,31338.3,0
1256,30503.8,0
1257,30788.8,0
1258,30423.3,0
1259,30181.8,0
1260,29666.2,0
1261,29148.3,0
1262,28791.9,0
1263,28436.5,0
1264,29041.3,0
1265,28347.6,0
1266,27730.4,0
1267,27031.6,0
1268,27548,0
1269,28736.4,0
1270,30163.3,0
1271,32583.5,0
1272,34769,0
1273,37186,0
1274,38245.8,0
1275,38818.6,0
1276,39725.6,0
1277,40015.4,0
1278,39152.4,0
1279,37375.8,0
1280,36285.6,0
1281,36442.4,0
1282,37035.2,0
1283,36594.9,0
1284,35703.1,0
1285,35363.4,0
1286,35562,0
1287,35531.9,0
1288,35524.3,0
1289,34403.5,0
1290,32722.3,0
1291,31006.6,0
1292,30613.8,0
1293,30548.7,0
1294,31188.2,0
1295,32809.7,0
1296,34624,0
1297,36449.1,0
1298,36852.1,0
1299,36569.7,0
1300,36421.8,0
1301,36221.5,0
1302,34705.7,0
1303,32382.8,0
1304,31073.6,0
1305,31130.7,0
1306,30565.7,0
1307,28977.6,0
1308,26114.6,0
1309,24239.1,0
1310,22507.8,0
1311,21151.3,0
1312,20331.5,0
1313,19662.1,0
1314,18938,0
1315,18904.9,0
1316,20123.2,0
1317,21705,0
1318,23492.9,0
1319,26471.1,0
1320,29829.8,0
1321,32989.9,0
1322,34817.7,0
1323,36014.9,0
1324,37398.5,0
1325,38830.5,0
1326,39329.8,0
1327,39126.5,0
1328,38977.4,0
1329,40064.1,0
1330,39750.9,0
1331,38365.6,0
1332,36806.6,0
1333,35190,0
1334,34070.3,0
1335,32389.8,0
1336,31571.2,0
1337,30801.2,0
1338,29026.5,0
1339,27871.6,0
1340,28855.5,0
1341,29794,0
1342,30842,0
1343,33493,0
1344,36163.5,0
1345,38592.7,0
1346,39813,0
1347,40445.7,0
1348,41310.8,0
1349,41287.7,0
1350,40490.6,0
1351,40154.5,0
1352,38968.7,0
1353,37402.6,0
1354,32583.4,0
1355,28663.5,0
1356,28388.1,0
1357,25360.4,0
1358,24407.9,0
1359,24083.9,0
1360,24325.1,0
1361,25181.5,0
1362,23611.3,0
1363,23112.2,0
1364,24353.6,0
1365,25518,0
1366,26910.6,0
1367,29670.3,0
1368,33099.7,0
1369,36305,0
1370,38249.9,0
1371,39520.7,0
1372,40344.4,0
1373,40672.5,0
1374,40310.8,0
1375,39752.8,0
1376,38698,0
1377,36592.9,0
1378,34994.2,0
1379,29615.4,0
1380,25610.7,0
1381,22588.3,0
1382,20567.1,0
1383,19151.7,0
1384,18227.5,0
1385,18184.1,0
1386,18127.3,0
1387,18613.9,0
1388,21268.3,0
1389,23984.8,0
1390,26596.3,0
1391,30508.8,0
1392,34486.3,0
1393,38364.6,0
1394,41475.1,0
1395,43570.9,0
1396,44774.5,0
1397,45464.3,0
1398,45197.5,0
1399,43853.7,0
1400,42804.6,0
1401,41868,0
1402,38097.2,0
1403,34463.6,0
1404,30384.7,0
1405,28620.1,0
1406,26997,0
1407,25358.4,0
1408,24304.2,0
1409,23799.7,0
1410,23852.5,0
1411,24092,0
1412,26093.6,0
1413,28297.4,0
1414,29527.5,0
1415,31228.7,0
1416,32982.9,0
1417,34351.7,0
1418,34396.6,0
1419,33888.9,0
1420,33157.6,0
1421,33187.9,0
1422,32530.9,0
1423,30446,0
1424,27113.7,0
1425,23630,0
1426,19076,0
1427,13614.5,0
1428,10293.3,0
1429,8722.8,0
1430,6726.4,86.2
1431,5748.7,153.8
1432,5345.3,135
1433,4980,66.8
1434,4460.2,0
1435,4363.2,0
1436,5044.2,0
1437,5971.4,0
1438,7446.6,0
1439,10282,0
1440,13426.3,0
1441,16808.4,0
1442,19371.1,0
1443,21151.9,0
1444,22605.4,0
1445,23854.8,0
1446,24506.4,0
1447,24385,0
1448,22231.8,0
1449,20880.9,0
1450,19715.8,0
1451,18413.6,0
1452,17074.2,14.6
1453,15701.4,14.7
1454,14479.1,258.1
1455,13749.1,336.4
1456,13615.5,284.5
1457,13655.4,102.5
1458,14496.5,0
1459,16557.1,0
1460,19128.3,0
1461,21780.1,0
1462,24715.8,0
1463,29162.3,0
1464,33736.8,0
1465,37694.8,0
1466,40592,0
1467,42914.4,0
1468,45191.7,0
1469,47115.2,0
1470,47782.9,0
1471,47545,0
1472,43705.9,0
1473,39893.2,0
1474,36097.2,0
1475,31843.3,0
1476,27879.4,0
1477,24376.2,0
1478,21700.6,0
1479,21925.7,0
1480,22423.3,0
1481,21572.1,0
1482,20652.6,0
1483,21176.6,0
1484,23024.9,0
1485,24872.6,0
1486,26798,0
1487,29622.4,0
1488,32596.3,0
1489,35269.3,0
1490,36769.2,0
1491,37821.8,0
1492,38620.6,0
1493,39128.5,0
1494,38517.8,0
1495,36736.7,0
1496,35713,0
1497,36212.9,0
1498,35248.9,0
1499,33458.7,0
1500,30697.5,0
1501,29609.2,0
1502,29157.1,0
1503,28981.6,0
1504,25976,0
1505,25486.1,0
1506,26062.5,0
1507,27500,0
1508,29641.2,0
1509,31769.3,0
1510,34238.9,0
1511,37665.6,0
1512,41044.7,0
1513,44115.4,0
1514,45561.8,0
1515,45740.1,0
1516,45995.5,0
1517,46689.8,0
1518,45412.6,0
1519,42860.4,0
1520,41092.8,0
1521,42109.4,0
1522,40464.9,0
1523,35080.1,0
1524,31842.8,0
1525,28776.2,0
1526,26075.8,0
1527,24711.4,0
1528,23522.7,0
1529,23487.8,0
1530,24681.5,0
1531,26456.9,0
1532,28177,0
1533,29151.4,0
1534,30114.6,0
1535,32876.9,0
1536,36056.3,0
1537,38344.7,0
1538,39737.9,0
1539,40463,0
1540,40944.2,0
1541,42289.8,0
1542,42650.1,0
1543,41431.8,0
1544,36828.1,0
1545,33329.2,0
1546,30126.1,0
1547,26549.6,0
1548,24090.9,0
1549,22171.4,0
1550,19797,0
1551,18248.2,0
1552,17632.7,0
1553,17045.8,0
1554,17390.1,0
1555,19313.5,0
1556,21397.9,0
1557,22912,0
1558,24540.8,0
1559,27825.3,0
1560,31260.6,0
1561,34276.6,0
1562,36428.9,0
1563,37743.1,0
1564,38874.4,0
1565,39774.4,0
1566,39879,0
1567,38846.6,0
1568,34310.5,0
1569,30398.6,0
1570,27151,0
1571,23878,0
1572,20895.8,0
1573,18099.4,0
1574,15608.4,3.6
1575,14043.5,45.7
1576,15153.4,0
1577,15459.5,0
1578,14931.9,0
1579,15343.8,0
1580,16640,0
1581,18404.6,0
1582,20170,0
1583,22705.5,0
1584,25354.7,0
1585,27388.5,0
1586,28440.9,0
1587,28916.2,0
1588,29339.6,0
1589,29308.3,0
1590,28429.1,0
1591,26934.1,0
1592,25789.4,0
1593,26163.5,0
1594,26253.7,0
1595,25430.9,0
1596,24444.5,0
1597,24016.6,0
1598,23705.1,0
1599,23648.2,0
1600,22964.7,0
1601,22388.3,0
1602,20875.9,0
1603,19605.7,0
1604,19830.5,0
1605,19941.5,0
1606,20521.4,0
1607,22351.3,0
1608,24083.3,0
1609,25940.8,0
1610,26906.2,0
1611,27568.7,0
1612,27723.4,0
1613,27537.2,0
1614,26632.5,0
1615,24718.8,0
1616,22861.4,0
1617,22396.7,0
1618,21496.3,0
1619,19671.2,0
1620,17741,0
1621,16175.7,0
1622,15694.7,0
1623,15135.8,0
1624,14261.1,0
1625,12998.7,0
1626,11043.9,0
1627,11793.1,0
1628,13243.5,0
1629,14320.7,0
1630,15706.5,0
1631,18150,0
1632,20616.2,0
1633,22874.2,0
1634,24447.4,0
1635,25618.8,0
1636,26246.1,0
1637,26333.8,0
1638,25490.6,0
1639,23920.3,0
1640,21618.6,0
1641,19105.7,0
1642,14913.2,0
1643,10670.2,0
1644,7466.1,46.8
1645,5153.5,195.9
1646,3366.7,502.4
1647,2082.1,605.5
1648,1275.6,653
1649,911.3,566.5
1650,782.8,23.8
1651,1051.5,0
1652,1624.2,0
1653,2438.8,0
1654,3620.9,0
1655,6127.7,0
1656,9367.5,0
1657,12263.3,0
1658,13862.2,0
1659,14356.1,0
1660,14963.8,0
1661,15269.4,0
1662,15035.9,0
1663,14633.8,0
1664,14324.3,0
1665,15669.4,0
1666,16204,0
1667,16118.2,0
1668,15687.3,0
1669,15254,0
1670,15151,0
1671,15705.9,0
1672,15892.7,0
1673,15303.4,0
1674,13940.4,0
1675,12862.4,0
1676,13100.2,0
1677,13523.4,0
1678,14040.9,0
1679,15830,0
1680,17812.4,0
1681,19908.3,0
1682,20764.4,0
1683,21307.2,0
1684,21406.5,0
1685,21000.2,0
1686,19370.3,0
1687,18695.4,0
1688,20140.6,0
1689,20411,0
1690,19679.1,0
1691,19097.3,0
1692,18811.4,0
1693,18528.8,0
1694,18139.2,0
1695,17015.1,0
1696,14193.9,0
1697,11622,0
1698,10857.6,0
1699,11429.3,0
1700,11706.9,0
1701,12959.2,0
1702,15138.7,0
1703,17328.1,0
1704,18115.2,0
1705,17812.5,0
1706,19314,0
1707,20642.4,0
1708,21835,0
1709,21350.2,0
1710,20931.5,0
1711,21003.5,0
1712,19410.8,0
1713,15576,0
1714,10459.7,0
1715,6921.6,0
1716,4522.6,0
1717,2859.1,194.6
1718,2021.4,139.4
1719,1516.4,166.1
1720,1463.9,113.9
1721,1436,0
1722,1556.6,0
1723,2283.5,0
1724,3696,0
1725,5369.8,0
1726,7205.8,0
1727,9416.8,0
1728,11718,0
1729,13276.6,0
1730,14365.8,0
1731,15112.6,0
1732,15283.8,0
1733,14914.2,0
1734,14122.4,0
1735,14152.4,0
1736,15504.3,0
1737,15741.1,0
1738,14938.4,0
1739,14062.3,0
1740,13344.1,0
1741,12606.8,0
1742,12297.6,0
1743,10735.8,0
1744,9231.7,0
1745,7455.5,0
1746,6723.9,0
1747,7303.1,0
1748,7779.3,0
1749,8427.4,0
1750,9923,0
1751,11702.3,0
1752,13925.3,0
1753,15317.2,0
1754,16405.4,0
1755,17457.4,0
1756,18091.6,0
1757,17821.6,0
1758,16515.2,0
1759,16167.6,0
1760,16332.6,0
1761,15922.2,0
1762,15132.9,0
1763,12531.9,0
1764,11488.2,0
1765,7825.7,0
1766,5918.9,0
1767,7234,0
1768,8558.1,0
1769,9246.3,0
1770,9901.7,0
1771,11254.7,0
1772,12391.1,0
1773,13886.8,0
1774,15974.2,0
1775,18151.1,0
1776,20266.1,0
1777,21083.3,0
1778,21708.1,0
1779,22357.3,0
1780,22503.5,0
1781,22063.1,0
1782,20796.1,0
1783,20580,0
1784,21679.1,0
1785,21426.3,0
1786,20148.8,0
1787,18757.1,0
1788,18275,0
1789,17825.1,0
1790,17518.4,0
1791,16916.5,0
1792,16110.6,0
1793,14568.2,0
1794,14238.2,0
1795,15978.8,0
1796,17080.7,0
1797,18800.5,0
1798,21863.7,0
1799,24727,0
1800,27144.7,0
1801,28643.2,0
1802,29568.9,0
1803,30270.5,0
1804,31152.2,0
1805,30775.1,0
1806,29134.8,0
1807,28999.8,0
1808,29630.5,0
1809,27229.9,0
1810,25615,0
1811,24505.5,0
1812,24240.8,0
1813,23819.7,0
1814,22466.9,0
1815,21970.3,0
1816,20041.1,0
1817,18236.2,0
1818,17803.9,0
1819,18948.1,0
1820,20003.8,0
1821,21866.1,0
1822,25624.5,0
1823,29451.5,0
1824,33016.6,0
1825,35769.5,0
1826,37918.7,0
1827,39768.3,0
1828,41262.1,0
1829,41296.9,0
1830,40259.2,0
1831,39703.8,0
1832,38574,0
1833,37459.2,0
1834,36939.3,0
1835,33927.9,0
1836,30876.8,0
1837,28435.4,0
1838,28398.2,0
1839,26719.4,0
1840,27040,0
1841,24924,0
1842,24748.3,0
1843,27095.2,0
1844,29295.9,0
1845,32086.6,0
1846,35726.8,0
1847,39374.2,0
1848,42800.6,0
1849,44443.8,0
1850,45223.7,0
1851,46071.3,0
1852,46783.5,0
1853,46659.6,0
1854,46155.6,0
1855,45557.9,0
1856,42981.1,0
1857,37513,0
1858,31732,0
1859,27002.1,0
1860,22903.7,0
1861,19361,0
1862,15988.2,0
1863,12899.3,0
1864,10002.8,0
1865,7986.8,0
1866,8031.5,0
1867,10485.6,0
1868,12862.8,0
1869,15120.4,0
1870,18535,0
1871,22002.6,0
1872,24955.3,0
1873,27056.6,0
1874,28831,0
1875,29586.6,0
1876,29856.2,0
1877,29493.9,0
1878,28214.6,0
1879,27267,0
1880,26124.3,0
1881,23371.4,0
1882,20494.9,0
1883,19228.6,0
1884,17167.1,0
1885,15357.2,0
1886,13179.2,0
1887,10828.3,0
1888,8133,0
1889,5630.6,0
1890,5297.6,0
1891,6953.3,0
1892,9426.4,0
1893,11096.1,0
1894,14804.7,0
1895,19167,0
1896,21804.6,0
1897,23340.9,0
1898,24489.7,0
1899,25321.3,0
1900,25501.2,0
1901,25135.9,0
1902,23771.2,0
1903,23231.2,0
1904,23349,0
1905,23298.5,0
1906,21768,0
1907,20570.7,0
1908,20151,0
1909,19800.5,0
1910,19196.6,0
1911,18479.3,0
1912,16929.4,0
1913,15111.2,0
1914,14426.9,0
1915,15543.3,0
1916,16392.2,0
1917,17126.6,0
1918,19031.8,0
1919,21410.3,0
1920,23637.3,0
1921,24998.5,0
1922,26129.3,0
1923,26962.3,0
1924,26914.6,0
1925,25639.6,0
1926,23500.7,0
1927,22314.1,0
1928,23003.8,0
1929,22496,0
1930,21398.2,0
1931,18082.2,0
1932,16044.8,0
1933,15404,0
1934,15887.2,0
1935,15056.8,0
1936,15190.1,0
1937,15302.8,0
1938,16845.3,0
1939,19629.2,0
1940,22043.5,0
1941,25131.2,0
1942,29963.7,0
1943,34986.4,0
1944,39457.6,0
1945,42394.5,0
1946,45166.7,0
1947,47639.1,0
1948,49223.8,0
1949,49516.6,0
1950,48893.1,0
1951,47804.3,0
1952,45080.5,0
1953,41968.9,0
1954,37279.2,0
1955,33323.1,0
1956,30716.1,0
1957,27333.3,0
1958,25016.2,0
1959,22974.8,0
1960,20710.1,0
1961,18309.1,0
1962,18779.4,0
1963,22282.1,0
1964,24783.3,0
1965,27494.8,0
1966,31526.4,0
1967,35364.2,0
1968,39077.2,0
1969,41637.6,0
1970,43815.5,0
1971,45739.7,0
1972,46712.4,0
1973,47767.2,0
1974,47709.1,0
1975,45446,0
1976,41579.4,0
1977,36796.5,0
1978,31260.1,0
1979,26440.1,0
1980,22656.2,0
1981,19758.8,0
1982,16958.6,0
1983,14390.6,5.3
1984,12122.4,5
1985,10242.1,0
1986,10179.9,0
1987,12775.5,0
1988,14709,0
1989,16612.6,0
1990,19203,0
1991,21955.4,0
1992,24617.4,0
1993,25911.6,0
1994,27081.3,0
1995,28095.6,0
1996,28701.5,0
1997,28732.7,0
1998,27920.7,0
1999,26833.5,0
2000,25396,0
2001,21540.2,0
2002,17951.5,0
2003,15162.8,0
2004,13491.4,0
2005,13385.8,0
2006,12595,0
2007,11667,0
2008,10771.3,0
2009,9827.3,0
2010,9821.4,0
2011,11932.5,0
2012,14571.3,0
2013,17844.9,0
2014,22312.4,0
2015,26979.3,0
2016,31352.6,0
2017,34389.8,0
2018,36975.3,0
2019,39600.6,0
2020,41820.9,0
2021,42649.4,0
2022,42448.9,0
2023,40695.5,0
2024,38135.6,0
2025,33934.3,0
2026,29632.6,0
2027,25442.4,0
2028,22029.2,0
2029,19358.4,0
2030,16468,0
2031,13790.4,0
2032,11653.9,0
2033,10078.3,0
2034,9726,0
2035,12185.9,0
2036,14893.3,0
2037,17592.9,0
2038,22313,0
2039,27504.3,0
2040,31391.6,0
2041,34646,0
2042,37934.6,0
2043,40486.9,0
2044,41743.9,0
2045,42441,0
2046,42187.9,0
2047,37340.5,0
2048,32532.6,0
2049,27738,0
2050,23302.4,0
2051,20248.5,0
2052,18408.9,0
2053,13900.2,0
2054,9375,63.8
2055,6331.5,231.2
2056,4564.9,233.1
2057,4358,0
2058,5595.3,0
2059,7859.4,0
2060,9775.4,0
2061,11114.7,0
2062,13485.5,0
2063,16323.4,0
2064,19146.9,0
2065,21619.4,0
2066,23693.8,0
2067,24970.3,0
2068,24988.7,0
2069,24565.8,0
2070,23644,0
2071,23323,0
2072,23950.4,0
2073,23980.2,0
2074,22089.2,0
2075,21456.2,0
2076,21113.2,0
2077,20602.7,0
2078,18940.1,0
2079,17557.7,0
2080,16852.1,0
2081,14902.2,0
2082,14822.8,0
2083,16173.1,0
2084,17151.7,0
2085,17985.6,0
2086,20129.6,0
2087,22534.7,0
2088,24961,0
2089,26276.1,0
2090,27003.3,0
2091,27575,0
2092,27786.2,0
2093,27066.3,0
2094,25525.3,0
2095,24603.3,0
2096,24999.5,0
2097,23998.3,0
2098,21210.3,0
2099,16275.2,0
2100,13403.8,0
2101,11637.2,0
2102,9719,1.8
2103,7028.9,83.7
2104,5224,108.9
2105,4405.2,0
2106,4403,0
2107,6719.4,0
2108,9256.8,0
2109,11202.7,0
2110,13883.4,0
2111,17267,0
2112,19995.2,0
2113,21504.2,0
2114,23183.9,0
2115,24351.9,0
2116,25611,0
2117,25976,0
2118,25362.7,0
2119,22798.9,0
2120,20257.3,0
2121,16488.9,0
2122,11664.1,0
2123,7744.1,156
2124,4963.7,282.7
2125,3435.9,745.6
2126,2279.2,1066.6
2127,1317.9,1270.1
2128,524.2,1468.9
2129,103.1,1112.3
2130,5.3,1015
2131,253.4,573.1
2132,759.4,360.1
2133,1778.1,183.3
2134,3118.7,0.4
2135,5060.3,0
2136,7878.1,0
2137,9845.5,0
2138,11668,0
2139,13110.6,0
2140,13664.5,0
2141,13744.1,0
2142,13683.4,0
2143,12587.1,0
2144,11303.6,0
2145,9073.2,0
2146,6289.2,0
2147,4289.5,300.2
2148,2629.6,738.2
2149,1498.4,1366.1
2150,664.3,2231
2151,133.7,2715.9
2152,0,2980.9
2153,0,2451.3
2154,0,2180.8
2155,0,1615.5
2156,6.3,1179.9
2157,167.2,790
2158,1165.7,419.2
2159,2994.5,145.9
2160,6022.7,0
2161,8875.7,0
2162,11750.2,0
2163,14597.7,0
2164,17296.5,0
2165,18818.6,0
2166,18447.1,0
2167,16436.5,0
2168,15162,0
2169,13251.4,0
2170,11086.5,21.9
2171,8524.7,471.4
2172,6707.2,1045.5
2173,5363.8,1487.7
2174,4335.6,1976.1
2175,3547.6,2296.8
2176,2623.8,2407.8
2177,1718.1,2387.6
2178,1433.2,2015.3
2179,2534,1204.2
2180,4509.9,668.9
2181,6652.3,449.9
2182,8913.1,207.7
2183,11895.1,7.7
2184,14785.8,0
2185,18322,0
2186,20486.7,0
2187,21967.5,0
2188,23397.3,0
2189,23843.6,0
2190,22403.9,0
2191,19310.8,0
2192,16582.8,0
2193,12118.3,0
2194,8092.2,283.1
2195,5058.7,1063.7
2196,3161.6,1788.4
2197,2063.8,2520.2
2198,1073.9,3068.6
2199,262.1,3444.8
2200,0,3661.3
2201,0,3837.2
2202,0,3640
2203,0,2592.6
2204,0,2005.1
2205,0.4,1602.2
2206,269,1010.3
2207,1376.7,521.6
2208,2948,261.4
2209,4797.6,94.4
2210,6891.8,2.1
2211,8795.9,0
2212,10448,0
2213,11258.7,0
2214,11294.6,0
2215,11057.3,0
2216,10897.8,0
2217,9493.3,85.2
2218,7373.4,685.7
2219,5245.4,1668.8
2220,3902.6,2195.2
2221,3581.6,1721.6
2222,3299.1,1773.9
2223,3012,2385.6
2224,3009.6,1833
2225,2207.3,1644.5
2226,1883.7,1647
2227,3213.2,1082.2
2228,5261.6,657.2
2229,7285.2,451
2230,9963,189.9
2231,12652.5,3
2232,15411.8,0
2233,17576.3,0
2234,19533.3,0
2235,21364.3,0
2236,22839.9,0
2237,23579.7,0
2238,23018.3,0
2239,20822,0
2240,20008.9,0
2241,19217,0
2242,16028.2,0
2243,12645.3,117.6
2244,10433.9,565
2245,8159.9,1199.3
2246,5496.2,1790.5
2247,3889,2256.1
2248,2925,2364.7
2249,1753.9,1972.1
2250,1489.5,1680.4
2251,2785.4,1005.3
2252,4688.5,591.8
2253,6911.3,380.9
2254,9946,102
2255,13036.2,0
2256,16240.1,0
2257,18129,0
2258,19814.1,0
2259,21637.2,0
2260,22431.2,0
2261,22210.3,0
2262,21236.9,0
2263,18393.6,0
2264,16262.1,0
2265,13658.9,0
2266,10648.1,114.7
2267,7492.2,605.4
2268,7816,79.9
2269,8430,0
2270,9012.8,30.7
2271,6140,720.1
2272,4040.6,927.3
2273,3600.3,505.7
2274,3743.3,524
2275,4987,401.8
2276,5649.9,333.9
2277,6630.4,244.3
2278,8690.2,44.4
2279,10940.4,0
2280,13274,0
2281,15571.7,0
2282,17612.4,0
2283,18583.2,0
2284,18558.6,0
2285,18120.3,0
2286,17038.4,0
2287,14383,0
2288,12545.6,0
2289,9833,0
2290,6494.1,552.8
2291,3696.3,1617
2292,2263.6,2262
2293,1316.8,3202
2294,482.2,3884.7
2295,52.4,4318
2296,0,4683.3
2297,0,4284.4
2298,0,4037.5
2299,0,2974.4
2300,0,2096.8
2301,34.3,1399.6
2302,871.1,667.5
2303,2795.4,315.8
2304,5310.3,58.5
2305,7259.7,0
2306,8585.6,0
2307,8846.5,0
2308,8984.1,0
2309,8656.6,0
2310,7527.9,73
2311,6279.4,175.8
2312,7248.1,54.5
2313,6218.8,130.9
2314,4291.5,329.2
2315,3722.5,354.4
2316,3543.4,345.7
2317,3453.9,284
2318,3495.7,310.9
2319,3783.5,317.7
2320,3866.7,331.3
2321,3469.4,410.1
2322,3642.4,485.7
2323,4884.4,394.8
2324,5899.7,318.4
2325,6950.6,228.8
2326,8614.9,58.6
2327,10422.4,0
2328,12933.6,0
2329,14251.8,0
2330,14917.7,0
2331,15880.8,0
2332,16430.9,0
2333,15885.6,0
2334,14727.5,0
2335,13859.1,0
2336,15619.2,0
2337,16518.5,0
2338,14661.2,0
2339,12553.3,0
2340,11899.4,0
2341,11708.6,0
2342,10106.7,0
2343,8698.2,0
2344,6706.2,71.5
2345,5234.2,200.5
2346,4519.6,263.7
2347,5579.4,180.7
2348,7184.8,70.5
2349,9055,0.1
2350,11927.8,0
2351,15174.2,0
2352,17969.7,0
2353,19957.7,0
2354,22956.9,0
2355,24800.4,0
2356,25452.9,0
2357,25829,0
2358,25002.5,0
2359,22257.7,0
2360,20465.6,0
2361,17809.2,0
2362,15915.2,0
2363,12964.5,0
2364,10759.5,0
2365,10018,0
2366,10374.3,0
2367,10252.2,0
2368,10090.7,0
2369,9395.8,0
2370,9381.2,0
2371,10520.2,0
2372,12386.4,0
2373,14407.2,0
2374,16895.5,0
2375,18874.3,0
2376,21164.5,0
2377,22612.6,0
2378,23451.5,0
2379,24517.6,0
2380,25769.3,0
2381,25997.9,0
2382,24715.8,0
2383,22801.3,0
2384,21484.1,0
2385,18874.1,0
2386,18207.3,0
2387,15960.1,0
2388,14829.6,0
2389,14929.6,0
2390,13310.9,0
2391,11510.5,0
2392,10130.9,0
2393,8518.4,0
2394,8130.8,0
2395,8897.1,0
2396,10609.9,0
2397,12499.7,0
2398,15298.3,0
2399,18476.9,0
2400,21402,0
2401,22992.6,0
2402,24307.5,0
2403,25802.3,0
2404,27310.4,0
2405,27395.9,0
2406,25827.2,0
2407,23567.4,0
2408,23307.2,0
2409,22081.2,0
2410,21231.3,0
2411,20134.6,0
2412,18568.7,0
2413,16806.5,0
2414,17805,0
2415,15660.5,0
2416,13203,0
2417,11507.3,0
2418,11175.6,0
2419,12865.6,0
2420,14964.6,0
2421,17038.9,0
2422,19981.3,0
2423,23000.7,0
2424,25925.5,0
2425,27835.4,0
2426,29546.3,0
2427,30845.2,0
2428,31648.3,0
2429,31512.8,0
2430,29811.3,0
2431,25825.8,0
2432,23490,0
2433,20242,0
2434,16264.6,0
2435,13208.8,0
2436,12641.4,0
2437,11551.1,0
2438,9376.7,0
2439,8595.2,0
2440,6538.8,0
2441,4628.2,0
2442,4112.2,0
2443,5690.7,0
2444,8055.3,0
2445,9615.1,0
2446,12375,0
2447,16457.8,0
2448,20056,0
2449,21783.8,0
2450,23271.7,0
2451,24563.4,0
2452,25099.9,0
2453,25644.4,0
2454,24229.6,0
2455,19289.1,0
2456,15777.3,0
2457,11960.9,0
2458,8017.2,56.5
2459,4890.3,340.1
2460,2668.6,388.7
2461,1418,527.3
2462,924.7,589.1
2463,939.8,484.9
2464,245.3,526.3
2465,0,102.4
2466,0,164.6
2467,104.5,102.4
2468,559.2,42.9
2469,1057.3,1.9
2470,2358.9,0
2471,4831.1,0
2472,7745.5,0
2473,9807.6,0
2474,11134.1,0
2475,12556.5,0
2476,13601.7,0
2477,13672.9,0
2478,12931.5,0
2479,12181.4,0
2480,12837,0
2481,11637,0
2482,9449.9,0
2483,7497.8,0
2484,5705.8,20
2485,5942.1,76.5
2486,4904,167.9
2487,3085.6,347.8
2488,1910.6,451.6
2489,738,328.4
2490,729.1,322.2
2491,1421.7,219.4
2492,2551,138
2493,3888.3,49.8
2494,5785.4,0
2495,8329.1,0
2496,11284.4,0
2497,13206.4,0
2498,14581.8,0
2499,15251.4,0
2500,15570.2,0
2501,15428.8,0
2502,14123,0
2503,12320.5,0
2504,11230.3,0
2505,9145,0
2506,6673.3,12.8
2507,4330.4,369.8
2508,2571,905.9
2509,1859.4,1162.9
2510,1212.8,1720.9
2511,668.1,2042.1
2512,359.4,2108.7
2513,67.6,2162.7
2514,32.4,1934.8
2515,298.9,1318.6
2516,697.6,883.3
2517,1140.7,636.5
2518,2316.3,369.1
2519,4020.2,163.9
2520,5911.8,8.9
2521,6726.1,0
2522,7144.1,0
2523,8194.4,0
2524,9129,0
2525,9841.3,0
2526,9563.9,0
2527,8261.2,0
2528,7529.1,3.9
2529,5816.4,216.7
2530,3822.9,629.4
2531,1821.1,1409.7
2532,1019.6,1405.5
2533,475.6,1805.1
2534,60.2,1712.1
2535,0,1682
2536,0,1792.2
2537,0,2411.7
2538,0,2515.9
2539,0,2193.2
2540,0,1875.6
2541,0,1455.6
2542,41.7,797.4
2543,793.9,439.9
2544,3055.4,198
2545,4974.6,76
2546,6792.1,4.3
2547,8341.2,0
2548,9511.8,0
2549,9943.8,0
2550,9560,0
2551,8369.6,5.5
2552,7658.2,59.4
2553,5871.8,527.6
2554,3566.6,1448.3
2555,1980.8,2479.5
2556,1267.4,3270.5
2557,610.8,3976.9
2558,42.9,3916.5
2559,0,4462.8
2560,0,4173.9
2561,0,3707.9
2562,0,4005.6
2563,0,3138.3
2564,0,2591.8
2565,0,2092.3
2566,31.5,1239.4
2567,996.3,530.5
2568,2431.4,299.9
2569,3431.1,215.7
2570,5058.7,104.6
2571,6706.7,9.3
2572,7212.3,0
2573,8735.3,1.8
2574,8965.2,0
2575,9307.6,0
2576,10507.8,0
2577,10918.9,0
2578,11317.7,0
2579,11066.4,0
2580,11003.9,0
2581,11206,0
2582,10883.2,0
2583,8731.1,0
2584,7822.9,47.6
2585,7343.2,121.3
2586,6548.6,213.8
2587,5952.9,301
2588,6030.1,309.6
2589,6634.4,262.3
2590,7909.6,107
2591,9624.7,0
2592,11839.3,0
2593,13280.9,0
2594,14412.1,0
2595,15333,0
2596,15997.8,0
2597,15825.6,0
2598,14873.4,0
2599,14339.9,0
2600,13827.1,0
2601,11787.4,0
2602,9995.3,0
2603,9244.6,0
2604,7515.6,102.2
2605,4767.5,834.9
2606,2911.6,1307.2
2607,1870.6,1738.3
2608,900.7,2121.9
2609,186,2030.7
2610,1.7,2200.6
2611,96.2,1689.8
2612,361.1,1078.7
2613,942.1,705.6
2614,2605.5,369.4
2615,5586.6,104.5
2616,8662.9,0
2617,10949.3,0
2618,12552.5,0
2619,14042,0
2620,15334,0
2621,15523,0
2622,14582.3,0
2623,11119.8,0
2624,10141.2,0
2625,8756.9,13.6
2626,6471.6,582.1
2627,4261.4,1469.9
2628,2657.5,1994
2629,2126.9,2055.4
2630,1679.7,1696.4
2631,1401.5,1418.2
2632,1293.8,1296.6
2633,1237.9,943.4
2634,1698.1,873.2
2635,2783.7,677.6
2636,4004.2,564.4
2637,5158.4,453.1
2638,6850.5,256.3
2639,8647.9,57.7
2640,10652.3,0
2641,12244.1,0
2642,13109.5,0
2643,13983,0
2644,14612.4,0
2645,14390.7,0
2646,13519.8,0
2647,12212.2,0
2648,12996.2,0
2649,12294.5,0
2650,9535.6,0
2651,6707.3,117.4
2652,5995,87.6
2653,5834,42.3
2654,6090,8
2655,6664.9,0
2656,5927.8,76.6
2657,3958.6,334.3
2658,3119.8,485.9
2659,3303.1,503
2660,4251.8,378.2
2661,5669.8,251.4
2662,8037.1,32.1
2663,10734.7,0
2664,13459.1,0
2665,14776.7,0
2666,15816.1,0
2667,17057.2,0
2668,17857.1,0
2669,17880.1,0
2670,17033.4,0
2671,14741.3,0
2672,14219.2,0
2673,12255.5,0
2674,10034.7,7.9
2675,8091.3,290.4
2676,6389.8,677.7
2677,4900.7,1063.3
2678,3523.2,1339.1
2679,2910.3,1461.4
2680,1992.9,1588.3
2681,1072.4,1686.7
2682,808.6,1563.8
2683,1225.1,1071.2
2684,2979.1,593
2685,5064.7,392.9
2686,8281.3,117.7
2687,11283.8,0
2688,13976.3,0
2689,15884.2,0
2690,17321.7,0
2691,18729.7,0
2692,19610.2,0
2693,19554.6,0
2694,18046.9,0
2695,14674.5,0
2696,12130.5,0
2697,10019.4,0
2698,6838.3,148.2
2699,4208.8,748.9
2700,2258.2,1322.1
2701,1840.8,1703.6
2702,1470.1,2037.1
2703,909.8,2244.5
2704,513.2,2327.7
2705,117.2,2399.7
2706,22.9,2326.2
2707,120.9,1883.4
2708,697.9,1210.5
2709,1784.9,762.8
2710,3861.8,389.5
2711,7084.8,117
2712,10262.3,0
2713,12521.9,0
2714,14717.1,0
2715,16519.4,0
2716,17534.9,0
2717,17781.5,0
2718,16453.6,0
2719,13693,0
2720,13081.8,0
2721,11170.9,0
2722,8524.4,206.1
2723,6266.8,889.5
2724,4247.4,1471.8
2725,3161,2161.1
2726,2511.7,2583.7
2727,1677.1,2740.4
2728,1051.5,2314
2729,836.6,1586.6
2730,1154.6,1319.3
2731,2055.3,873.7
2732,3081.4,671.8
2733,4484.3,538.8
2734,6841.7,306
2735,9626.7,50.7
2736,12456,0
2737,15056.8,0
2738,16680.4,0
2739,18073.4,0
2740,18846.9,0
2741,18812.8,0
2742,17727.3,0
2743,15481.3,0
2744,15105.7,0
2745,14393.5,0
2746,13480,0
2747,12453.4,0
2748,11030.8,0
2749,8015.1,0
2750,5899.1,21.8
2751,2393.4,443.5
2752,1201.7,544.1
2753,323.4,663
2754,45.1,997.3
2755,84.5,935.5
2756,617.7,555.6
2757,2051.3,378
2758,2864.8,250.5
2759,4113.3,95.3
2760,6924.8,0
2761,9226.7,0
2762,10528.9,0
2763,12316.3,0
2764,13687.3,0
2765,14174.7,0
2766,13690.9,0
2767,12808.2,0
2768,13223.6,0
2769,13223,0
2770,13538.4,0
2771,12329.1,0
2772,12222.6,0
2773,11413.7,0
2774,9475.6,0
2775,8240.9,1.4
2776,6491.1,131.7
2777,4810.2,249.6
2778,3938,332.1
2779,4581.4,249.6
2780,6450,134.6
2781,8286.7,18.3
2782,11206.3,0
2783,14881.5,0
2784,18285.4,0
2785,20625.5,0
2786,22107,0
2787,23344.3,0
2788,25057,0
2789,25615.7,0
2790,22860.2,0
2791,19502.9,0
2792,17053.5,0
2793,14297,0
2794,12154.4,0
2795,12123.1,0
2796,10111,0
2797,7193.5,0
2798,4575,241
2799,2491.2,598.1
2800,1186.7,736.5
2801,533.8,604
2802,590.8,530.1
2803,1395.9,396
2804,2518.6,288
2805,3387.7,213
2806,5396.4,26.2
2807,7735.2,0
2808,9636.1,0
2809,11089.4,0
2810,11986.6,0
2811,13245.6,0
2812,14068.2,0
2813,13733.9,0
2814,11969.4,0
2815,9013.1,0
2816,7871,0
2817,5326.9,46.6
2818,2467.5,793.7
2819,723,1775.7
2820,48.3,2705.8
2821,0,3638
2822,0,4632.7
2823,0,5285
2824,0,5162.9
2825,0,4204.1
2826,0,3503.4
2827,0,4304.2
2828,0,4514.7
2829,0,4564.3
2830,0,2437.5
2831,0,1290.3
2832,0,866.1
2833,0,500.9
2834,102.6,313.5
2835,530,154.1
2836,1779.8,40.3
2837,3206.4,12.8
2838,4361.3,42.2
2839,4955.6,78.8
2840,6059.7,0.9
2841,6682.4,0
2842,6670.3,1.3
2843,7038.5,0
2844,6038.7,84.9
2845,3583.9,567.1
2846,1865.3,1381.7
2847,1017.4,1789.8
2848,402.3,2047.8
2849,46.7,2807.2
2850,0,3207.3
2851,1.3,2799.3
2852,158.5,1818.5
2853,414.7,1338.6
2854,1685.1,688
2855,4069.4,271.6
2856,6550.6,66.5
2857,8879.1,0
2858,11007.4,0
2859,12559.2,0
2860,13755.5,0
2861,14857.2,0
2862,14062.3,0
2863,10413.5,0
2864,8631,9.5
2865,6489,252.3
2866,4085.8,854.6
2867,2150.9,1547.6
2868,1067.8,2266.7
2869,409.9,2806.3
2870,110,2131.1
2871,3,1947.1
2872,0,2320.4
2873,0,3357.2
2874,0,3633.1
2875,0,2932
2876,47.3,1884.5
2877,737.2,1247
2878,2703.1,553.8
2879,5857.3,204
2880,9057,5.9
2881,11689.6,0
2882,14019.1,0
2883,16206.4,0
2884,18211.1,0
2885,19116.8,0
2886,17500.8,0
2887,15796.3,0
2888,14702.8,0
2889,12108.7,0
2890,9197.2,207.4
2891,6621.6,908.7
2892,4435.3,1454.7
2893,2995.5,2143.1
2894,2162.4,2607.4
2895,1254.4,2824.3
2896,430.1,2917.8
2897,0,2878.7
2898,0,3320.2
2899,0,2870.3
2900,142.9,1804.4
2901,967.8,1028.5
2902,2854.7,438.5
2903,5988,170.8
2904,9238.7,1.2
2905,11827.6,0
2906,14140.5,0
2907,16251.6,0
2908,17417.5,0
2909,17260.5,0
2910,14814.4,0
2911,12211.2,0
2912,10439.4,0
2913,6943.3,242.6
2914,3841.2,1164.7
2915,1825.9,2025.5
2916,716.3,2774.5
2917,211,3588.7
2918,0,4116
2919,0,4466.3
2920,0,5317.2
2921,0,5955.1
2922,0,7163.9
2923,0,6385.7
2924,0,4340.1
2925,0,3071.2
2926,0,1994.4
2927,5.8,1182.1
2928,173.5,546.3
2929,944.7,296.3
2930,2923.3,132.4
2931,5795.3,9.2
2932,7684.1,0
2933,8212.1,0
2934,6962.5,76.9
2935,4973.7,324.9
2936,3183.7,821.9
2937,1088.5,2343.8
2938,150.7,3752.8
2939,0,4872.3
2940,0,5585.2
2941,0,6218.7
2942,0,6849.2
2943,0,7372.9
2944,0,7789.2
2945,0,7389.7
2946,0,7119.2
2947,0,5445.3
2948,0,3826.2
2949,0,2809.8
2950,0,1681.8
2951,97.8,855.4
2952,1027,340.1
2953,2618.8,197
2954,4305.8,101.7
2955,5892.5,25
2956,7093.4,0.2
2957,7565,9
2958,6679.5,142.6
2959,5588.5,310
2960,5257.2,288.9
2961,4038.9,528.3
2962,2524,1273.4
2963,1224.4,2661
2964,746.1,3413.2
2965,423.6,4017.9
2966,119.6,4432.6
2967,0,4811.9
2968,0,4954.1
2969,0,4638.7
2970,0,4564.3
2971,0,3947.8
2972,75.8,2947.2
2973,373.6,2126.9
2974,1539.6,1208
2975,3384.2,549.7
2976,6014.8,207.3
2977,7822.6,68
2978,9207.3,1
2979,10450.4,0
2980,11319.4,0
2981,11384.9,0
2982,10184.5,17.3
2983,8298.7,153.3
2984,7149.7,200.3
2985,4919.6,811.6
2986,2919.3,2008.4
2987,1540.8,3015.5
2988,898.5,3649.7
2989,593.7,4264
2990,264.3,4620.9
2991,30.7,4908.3
2992,0,5188.5
2993,0,4933.8
2994,0,5055.8
2995,0,4272.3
2996,2.8,3123.6
2997,252.2,2150.7
2998,1408.1,1174.2
2999,3377.5,493.9
3000,6333.8,184.3
3001,8473.1,34.6
3002,10348.9,0
3003,12100.1,0
3004,12926.1,0
3005,12547.6,0
3006,9898.7,3.4
3007,8343.5,106.2
3008,7804.1,205.3
3009,5967.3,743.6
3010,3993.4,1442.4
3011,2611.7,2048.7
3012,1623.4,2545.1
3013,1185.5,2743.6
3014,756.3,3158.8
3015,267,3449.9
3016,14.5,3815.7
3017,0,4349.7
3018,0,4607.5
3019,0,4058.4
3020,91.3,2760.1
3021,726.9,1754.2
3022,2293.3,886.1
3023,4855.2,353.7
3024,7603.7,114.9
3025,9510.3,3.9
3026,11034.8,0
3027,12344.9,0
3028,13021,0
3029,12698.4,0
3030,10975.2,0
3031,8848.2,73.2
3032,7793.9,98.6
3033,5899.1,477
3034,3568.9,1182.1
3035,1751.9,2027.6
3036,682.6,2799
3037,308.1,3186.8
3038,93.3,3384.1
3039,0,3633.3
3040,0,3764.2
3041,0,3952
3042,0,3845.2
3043,0,3344.2
3044,0,2876.8
3045,43.8,2354
3046,580.2,1537
3047,1745.7,840.5
3048,3585.8,407.1
3049,5096.5,243.3
3050,6236.1,154.3
3051,7213.5,80.4
3052,7789.3,48.2
3053,7724.8,96
3054,6971.8,241.3
3055,6404.8,393.8
3056,6749.5,238.2
3057,7021.7,176.7
3058,5900.9,370.6
3059,4850.8,556.2
3060,4467.1,545.1
3061,3866.5,658
3062,3939.1,630.8
3063,4365.5,530.8
3064,3490.4,809.4
3065,2333.9,1350.3
3066,1858.5,1655.2
3067,2143.2,1497.5
3068,2596.7,1299.6
3069,3249.5,1110.7
3070,4519.3,769
3071,5892.3,406.4
3072,7359.5,98.1
3073,8414.8,10.5
3074,9321.7,0
3075,10067.9,0
3076,10604.8,0
3077,10501.7,0
3078,9544.3,17.2
3079,8886.9,89.7
3080,9390,2.3
3081,9125.4,9.6
3082,7899.1,103.7
3083,6541.4,261
3084,5261.5,429.8
3085,4133.8,585.9
3086,3104.8,787.2
3087,2098.2,1129.4
3088,806.7,1916.7
3089,82.6,2694.6
3090,0,3522.6
3091,0,3286
3092,140.6,2380
3093,741.1,1623.4
3094,2392.4,958.8
3095,4141.4,537.6
3096,6021.5,162.2
3097,7718.1,13.3
3098,9269,0
3099,10653.6,0
3100,11373.2,0
3101,11029.3,0
3102,8978.6,57.2
3103,6950.1,354.4
3104,5509,429
3105,2977.9,1075
3106,871.6,2462.9
3107,87.6,3569.1
3108,0,4200.1
3109,0,5061.1
3110,0,5922.2
3111,0,7264.1
3112,0,8889.2
3113,0,10265.4
3114,0,12036.4
3115,0,11616.9
3116,0,9595.9
3117,0,7380.9
3118,0,5329.6
3119,0,4000.7
3120,0,3179.4
3121,0,2808.3
3122,0,2544.8
3123,0,2353.8
3124,0,2268.4
3125,0,2507.4
3126,0,3332
3127,0,3923.9
3128,0,4218.3
3129,0,5891
3130,0,7769.7
3131,0,9560.6
3132,0,10818.9
3133,0,12678.4
3134,0,14171.6
3135,0,15437.9
3136,0,16247.7
3137,0,16597.8
3138,0,16388.4
3139,0,14293.7
3140,0,11209.2
3141,0,7956.8
3142,0,4627.3
3143,0,2881.3
3144,0,1787.6
3145,0,1165.6
3146,0,800.5
3147,3.3,569.3
3148,85.2,460.2
3149,453.8,515.9
3150,700.4,769.4
3151,1040.4,852.9
3152,1765.9,645.8
3153,2246.4,631.3
3154,2083.3,825.2
3155,1940.4,1108.4
3156,1654.9,1317.5
3157,1364.5,1745.2
3158,1051.2,2085.9
3159,759.7,2305
3160,518.7,2561.3
3161,241.5,2706.9
3162,267.9,2914.5
3163,618.4,2583.7
3164,1435.8,2024.8
3165,2500.3,1492.6
3166,3946.6,935.7
3167,5461.2,564
3168,6797.7,238.6
3169,7653.8,78.9
3170,8388.4,9.4
3171,8953.1,0
3172,9455.5,0
3173,9431.2,0
3174,8472.4,191.3
3175,7468.5,396.9
3176,7045.3,283.5
3177,5420.2,563.9
3178,3394.5,1397.1
3179,1693.3,2244.3
3180,730.8,2859.2
3181,206.3,3617.9
3182,0,4301.2
3183,0,4879.2
3184,0,5443.5
3185,0,6419.3
3186,0,6738.6
3187,0,6009.4
3188,0,4776.8
3189,0,3739.6
3190,0,2634.1
3191,0,1682.4
3192,220.8,949.5
3193,830.9,627.4
3194,1917.5,428.6
3195,3329.8,278.3
3196,4593,194.2
3197,5008.4,278.6
3198,4282.9,614.7
3199,3071.7,984.3
3200,2254.1,1272.3
3201,860.9,2209.9
3202,124.9,3332
3203,0,4237.8
3204,0,4968.2
3205,0,5306.5
3206,0,5382.4
3207,0,4930.3
3208,0,5266.7
3209,0,5879.3
3210,0,5879.1
3211,0,4902
3212,0,4122.2
3213,0,3333.9
3214,0,2344
3215,0,1449.1
3216,131.2,828.7
3217,722.6,576.5
3218,1854,394.4
3219,3186.1,244
3220,4339.4,172.9
3221,4764.5,258.5
3222,4470.8,524
3223,4240.1,657.4
3224,4896.5,463.6
3225,4878.8,465.9
3226,4383.9,585.5
3227,3824.7,704.1
3228,3232.7,879.7
3229,1992.2,1567.3
3230,823.2,2515.9
3231,173.6,3630.7
3232,0,4373.7
3233,0,4803.8
3234,0,5417.3
3235,0,5200.8
3236,0,4222.2
3237,0,3361.4
3238,5.1,2343.2
3239,286.4,1418.4
3240,1084.8,744.1
3241,2351.5,458.6
3242,3643.8,310.7
3243,4767.2,193.2
3244,5338.3,168.2
3245,5095.5,320.1
3246,4038.9,679.1
3247,2569.1,1280
3248,1867.8,1618.4
3249,893.9,2637
3250,120.2,3984.5
3251,0,5111
3252,0,5877.5
3253,0,6959.5
3254,0,8633.5
3255,0,10402.3
3256,0,12219.4
3257,0,13959.6
3258,0,15612.1
3259,0,15003
3260,0,11992.8
3261,0,8531.4
3262,0,5309.5
3263,0,3336.2
3264,0,2186
3265,0,1550.8
3266,0,1161.5
3267,13.1,859.5
3268,40.3,752
3269,10.5,1058.2
3270,0,2474
3271,0,3333.8
3272,0,3937.1
3273,0,5127.5
3274,0,6805.3
3275,0,8655.4
3276,0,10952.7
3277,0,13995.9
3278,0,17043.1
3279,0,20019.6
3280,0,22256.6
3281,0,23695.5
3282,0,25076.8
3283,0,23599.5
3284,0,19139.6
3285,0,14377.9
3286,0,9951.9
3287,0,5866
3288,0,3032.6
3289,0,2340.2
3290,0,2040.5
3291,0,1841.5
3292,0,1885.3
3293,0,2535.8
3294,0,4252.7
3295,0,5490.2
3296,0,7050.5
3297,0,9649.5
3298,0,12895.5
3299,0,15609.5
3300,0,19079.6
3301,0,21585.5
3302,0,24583.9
3303,0,27286.4
3304,0,29892.1
3305,0,31839.5
3306,0,33559.9
3307,0,32263.7
3308,0,27504.1
3309,0,22101.9
3310,0,17204.9
3311,0,13029.8
3312,0,9326.1
3313,0,6923.1
3314,0,5202.7
3315,0,3874.7
3316,0,3336.9
3317,0,3673.8
3318,0,5672.1
3319,0,6851.6
3320,0,6894.4
3321,0,6295.3
3322,0,7230.8
3323,0,9294.9
3324,0,11164.7
3325,0,13294.3
3326,0,15040.1
3327,0,17449
3328,0,20910.9
3329,0,22288.4
3330,0,23368.7
3331,0,21693.8
3332,0,18137.1
3333,0,14397.5
3334,0,10919.1
3335,0,7892
3336,0,5145.9
3337,0,3539.1
3338,0,2855.5
3339,0,2439.2
3340,0,2093.5
3341,0,2013.8
3342,0,2299.2
3343,0,2514.2
3344,0,2249.3
3345,0,2294.3
3346,0,2490.8
3347,0,2658
3348,0,2718.6
3349,0,2905.6
3350,0,3121.9
3351,0,3607.9
3352,0,4495.3
3353,0,5514.8
3354,0,6800
3355,0,6554.5
3356,0,4937.5
3357,0,3585.8
3358,0,2358.3
3359,0,1291.5
3360,313.5,570.8
3361,1310.4,284.5
3362,3508,60.8
3363,5742,0
3364,7061,0
3365,6914.1,45.3
3366,5043.8,574.9
3367,4101.8,1126.9
3368,3709.6,1245.6
3369,2389.5,1841.2
3370,859,2810.4
3371,104.2,3720.1
3372,0,4429.5
3373,0,5069.4
3374,0,6060.5
3375,0,7785.5
3376,0,9453.8
3377,0,11440.8
3378,0,13095.9
3379,0,12227.4
3380,0,9167.9
3381,0,5718.6
3382,0,3572.4
3383,0,2418.7
3384,0,1412.5
3385,0,870.2
3386,31.4,553
3387,251.5,361.2
3388,805.1,322
3389,794.4,547.6
3390,147.3,1542.8
3391,18.6,2490.2
3392,5.6,2593.9
3393,0,3691.6
3394,0,5054.9
3395,0,6098.8
3396,0,7311.9
3397,0,8813.4
3398,0,9386.5
3399,0,10865.1
3400,0,12434.5
3401,0,14102.7
3402,0,15438.6
3403,0,13774.5
3404,0,11067.5
3405,0,7670
3406,0,4540.2
3407,0,3065.4
3408,0,1957.7
3409,0,1284.6
3410,0,817
3411,0.3,558.9
3412,43.3,500.9
3413,108.4,687.8
3414,4.4,1516.8
3415,0,2495.6
3416,0,3137.9
3417,0,4384.3
3418,0,5806
3419,0,6956.5
3420,0,8371.1
3421,0,10869.8
3422,0,13972.5
3423,0,16764
3424,0,18769.8
3425,0,20348.3
3426,0,21575.4
3427,0,20262.4
3428,0,16484.3
3429,0,12326.9
3430,0,8366.8
3431,0,4759.3
3432,0,2831.8
3433,0,2107.7
3434,0,1573.5
3435,0,1135
3436,0,1017
3437,0,1469.6
3438,0,2849.8
3439,0,3828.2
3440,0,4263.9
3441,0,5111.7
3442,0,6967.2
3443,0,9943.1
3444,0,12627.4
3445,0,15560.7
3446,0,18532.7
3447,0,21351.3
3448,0,23478.6
3449,0,24952.3
3450,0,26360.4
3451,0,24708.5
3452,0,20393.9
3453,0,15885.1
3454,0,11833.1
3455,0,8217.7
3456,0,4978.9
3457,0,3318.9
3458,0,2763.3
3459,0,2395.7
3460,0,2317.8
3461,0,2675.9
3462,0,3451.3
3463,0,3793
3464,0,3581.5
3465,0,3650.5
3466,0,4162.3
3467,0,4806.7
3468,0,5848.8
3469,0,8728.6
3470,0,13073.1
3471,0,16969.3
3472,0,19591.6
3473,0,20485.7
3474,0,21443.3
3475,0,20248.8
3476,0,17306.2
3477,0,14424.6
3478,0,11287.3
3479,0,8241.4
3480,0,5556.1
3481,0,4004
3482,0,3118.7
3483,0,2738.1
3484,0,2522.5
3485,0,2638.8
3486,0,3145
3487,0,3603.1
3488,0,3664.6
3489,0,3990.1
3490,0,4899.5
3491,0,7870.1
3492,0,11499.9
3493,0,14157.4
3494,0,18714.8
3495,0,23118.4
3496,0,24630.4
3497,0,23982.7
3498,0,21496.7
3499,0,19225.4
3500,0,17497.9
3501,0,15550.3
3502,0,12878.7
3503,0,10315.6
3504,0,8108.4
3505,0,6667.7
3506,0,5519.5
3507,0,4552.3
3508,0,3988.7
3509,0,4234.6
3510,0,5406
3511,0,6244.3
3512,0,6017.7
3513,0,6521.9
3514,0,8362.8
3515,0,10656
3516,0,12843.2
3517,0,14235.3
3518,0,14275.2
3519,0,13739.6
3520,0,15190.9
3521,0,16965.1
3522,0,17306.1
3523,0,16201.9
3524,0,14318.4
3525,0,11962.3
3526,0,9378.6
3527,0,7133.7
3528,0,5178
3529,0,3966.3
3530,0,3233.9
3531,0,2806.9
3532,0,2732.4
3533,0,3052.5
3534,0,3988.7
3535,0,4580.9
3536,0,3948
3537,0,3610.5
3538,0,4358.1
3539,0,5366.6
3540,0,5500.6
3541,0,6697.5
3542,0,7631.7
3543,0,8474.2
3544,0,9868.9
3545,0,11735.2
3546,0,12778.7
3547,0,12107.6
3548,0,10896.1
3549,0,9359.5
3550,0,7034.1
3551,0,4701
3552,0,3106.1
3553,0,2611.6
3554,0,2345.7
3555,0,2149.5
3556,0,1855.8
3557,0,1721.8
3558,0,1923.1
3559,0,2195.1
3560,0,1849.4
3561,0,1679.4
3562,0,2345.2
3563,0,2972.7
3564,0,3524.2
3565,0,3933.4
3566,0,4155
3567,0,4374.9
3568,0,4863.7
3569,0,5864.3
3570,0,6704.1
3571,0,6417.5
3572,0,5956.2
3573,0,5272.7
3574,0,3908.3
3575,0,2825.5
3576,0,1864.5
3577,0,1425.9
3578,0,1212.5
3579,0,1049.5
3580,0,980.2
3581,0,1221.2
3582,0,1841.7
3583,0,2392.5
3584,0,2239.5
3585,0,2439.6
3586,0,3016.6
3587,0,3817.3
3588,0,3951.3
3589,0,4588.6
3590,0,4693.4
3591,0,4493.9
3592,0,5179.9
3593,0,5980.2
3594,0,7252.6
3595,0,6764
3596,0,5890.7
3597,0,4951.9
3598,0,3759.2
3599,0,2871.6
3600,0,2075.7
3601,0,1638.8
3602,0,1316.4
3603,0,1040.4
3604,0,925.1
3605,0,1197.2
3606,0,1922.9
3607,0,2431.4
3608,0,2229.2
3609,0,2487.4
3610,0,2912.3
3611,0,3187.9
3612,0,3269.2
3613,0,3495.8
3614,0,3355.7
3615,0,2879.6
3616,0,3310.2
3617,0,3384.1
3618,0,3321.4
3619,0,2943.5
3620,0,2409
3621,81.3,1777.7
3622,942.1,1066.4
3623,2032.8,706
3624,3732.7,389.7
3625,4737.7,245.5
3626,5355.5,156.2
3627,5673.1,116.5
3628,5745,145.6
3629,5017.4,384.6
3630,3708,856.4
3631,3345.5,1059.4
3632,3901.4,689.6
3633,4549.5,483.9
3634,4190.9,600.4
3635,3776.2,685.5
3636,3207.6,762.8
3637,2609.4,1093.2
3638,1927.8,1525.3
3639,1409.4,1888.4
3640,1302.4,1890
3641,877.5,2117.4
3642,703.5,2373.1
3643,1184.1,2154.4
3644,2168.4,1634.1
3645,3339.8,1109
3646,4643.4,770.6
3647,5874.8,456.9
3648,6879.5,162.8
3649,7369.7,41.4
3650,7684.7,0
3651,8014.5,0
3652,8246.5,0
3653,7566.7,77.4
3654,5874.5,494.7
3655,5023,683.6
3656,4601.1,598.5
3657,3241.4,942.8
3658,3082.7,747.6
3659,2630.4,779.9
3660,2188.7,940
3661,1617.8,1682.3
3662,1201.9,1987.4
3663,1197.2,1831.3
3664,1289.8,1746.9
3665,268.6,2333
3666,0,3217.3
3667,0,3127.4
3668,0,2964.4
3669,72.5,2404.5
3670,1212.8,1358.6
3671,3068.6,731.4
3672,5027.1,314.6
3673,6345.5,80.6
3674,7415.8,0
3675,7973.7,0
3676,8540.9,0
3677,8247.1,30.5
3678,5909.2,514.3
3679,4527.7,1052.6
3680,4244.5,1078
3681,2809.7,1579.6
3682,1660.2,2166.4
3683,804.6,2683
3684,351,3108.8
3685,46.5,3495.8
3686,0,4076.7
3687,0,4496.6
3688,0,5024.7
3689,0,6317.1
3690,0,7795.6
3691,0,7475.6
3692,0,5647.2
3693,0,3950.2
3694,0,2628.3
3695,0,1411.3
3696,24.4,641.2
3697,492.9,371.1
3698,1779.9,197.9
3699,3713.6,69.4
3700,5599.5,10.5
3701,5734.9,98.5
3702,3548.7,749.4
3703,2164.3,1541.4
3704,1954.8,1630.8
3705,1401,2053.8
3706,438.2,2862.3
3707,33.5,3554
3708,0,3890.6
3709,0,4181.8
3710,0,4585.5
3711,0,5030.4
3712,0,5764
3713,0,7091.7
3714,0,7805.7
3715,0,6853.7
3716,0,5461.4
3717,0,4164.5
3718,0,2866.1
3719,0,1666.2
3720,0,810.5
3721,139.8,502
3722,1024.4,320.5
3723,2343.2,184.4
3724,3590.9,127
3725,3678.4,322.6
3726,2355.4,982.9
3727,1287.1,1699.6
3728,1370,1504.6
3729,700.8,1896.3
3730,141.9,2427.7
3731,28.1,2564.9
3732,1.1,2451.8
3733,0,2920.5
3734,0,3368.9
3735,0,3500.1
3736,0,3552.9
3737,0,3904.7
3738,0,3893.4
3739,0,3549.3
3740,0,3228.9
3741,0,2779.6
3742,85.5,2114.5
3743,673.9,1423.8
3744,1861.3,776.3
3745,2778.5,590.3
3746,3363.5,484.2
3747,3849.3,405.2
3748,4342.7,355.2
3749,4847,387.4
3750,4022,722.8
3751,2836.7,1203
3752,2158.4,1452.8
3753,1056.2,2268.2
3754,166,3516.8
3755,0,4399.5
3756,0,4471.6
3757,0,4540.6
3758,0,4520.4
3759,0,4103.1
3760,0,4024.8
3761,0,4103.3
3762,0,4662.9
3763,0,4899.1
3764,0,4226.9
3765,0,3674.3
3766,0,2827.6
3767,0,1997.8
3768,0,1311
3769,132.6,958
3770,638.1,728.5
3771,1556.3,580.2
3772,2175.7,564.9
3773,2545.5,660.7
3774,2182,1032.9
3775,1746.2,1438.5
3776,1637.7,1297.7
3777,476.6,2013.4
3778,0,3309.4
3779,0,4620.1
3780,0,5288.4
3781,0,6006.9
3782,0,6689.2
3783,0,7801.6
3784,0,9610.4
3785,0,11656.3
3786,0,14368.2
3787,0,14418.3
3788,0,12065.1
3789,0,8696.7
3790,0,4826.8
3791,0,3114.1
3792,0,2010.5
3793,0,1608.1
3794,0,1561.7
3795,0,1387.5
3796,0,1349.8
3797,0,1695.1
3798,0,2591.7
3799,0,3268.9
3800,0,3737.3
3801,0,4764.7
3802,0,6431.3
3803,0,8230.6
3804,0,10755.6
3805,0,14065.7
3806,0,16635.4
3807,0,17856.4
3808,0,17695.5
3809,0,21373.6
3810,0,23794.7
3811,0,21225.6
3812,0,16920.1
3813,0,13152.2
3814,0,9694.3
3815,0,5862
3816,0,3392.9
3817,0,2510
3818,0,1970.2
3819,0,1499.7
3820,0,1397.3
3821,0,2150.9
3822,0,3943.8
3823,0,4792.9
3824,0,5266.7
3825,0,6231.1
3826,0,9259.1
3827,0,12331.7
3828,0,14374.2
3829,0,17524.8
3830,0,20031.3
3831,0,21551.7
3832,0,26165
3833,0,29623.3
3834,0,30718.9
3835,0,28948.3
3836,0,22554.3
3837,0,16646.6
3838,0,12416.3
3839,0,9121.7
3840,0,6169.2
3841,0,4078.1
3842,0,3080.3
3843,0,2706.5
3844,0,2240.7
3845,0,2091.6
3846,0,2386.9
3847,0,3116
3848,0,3124.7
3849,0,3221.3
3850,0,3618.9
3851,0,4567.2
3852,0,6631.4
3853,0,9271.9
3854,0,10175.8
3855,0,14601.1
3856,0,17719.9
3857,0,20430.3
3858,0,21215.7
3859,0,19174.5
3860,0,16266.9
3861,0,12223.6
3862,0,9017.4
3863,0,5801.4
3864,0,3435.1
3865,0,2597.6
3866,0,2034.5
3867,0,1518.4
3868,0,1246.5
3869,0,1716.5
3870,0,3507.2
3871,0,4792.5
3872,0,5482.5
3873,0,6997.6
3874,0,10809.1
3875,0,12006.2
3876,0,11432.7
3877,0,11088.2
3878,0,10260.4
3879,0,9179.5
3880,0,8755.5
3881,0,9680.6
3882,0,10436.6
3883,0,9316.1
3884,0,8738.2
3885,0,7229
3886,0,5322.9
3887,0,3747.1
3888,0,2864.6
3889,0,2444.4
3890,0,2148.4
3891,0,1956.7
3892,0,1751.5
3893,0,2131.6
3894,0,3647.9
3895,0,4737.1
3896,0,5899
3897,0,7636.1
3898,0,10342.6
3899,0,12814.2
3900,0,15176.3
3901,0,17925.3
3902,0,20735.6
3903,0,21999.8
3904,0,23970.1
3905,0,26221.2
3906,0,26998.2
3907,0,24359.3
3908,0,21211.4
3909,0,17658.1
3910,0,13147.8
3911,0,10060.2
3912,0,7036.4
3913,0,4408.8
3914,0,3326.9
3915,0,2355.4
3916,0,2074.8
3917,0,2491.7
3918,0,3143
3919,0,3301
3920,0,2886.7
3921,0,2620.8
3922,0,2599.1
3923,0,2540
3924,0,2371.7
3925,0,2582.8
3926,0,2972.4
3927,0,3679.6
3928,0,3852.7
3929,0,3885.2
3930,0,4521.6
3931,0,4448.2
3932,0,4055.2
3933,0,3608.1
3934,0,3091.7
3935,0,2843.2
3936,0,2112.2
3937,0,1660.6
3938,0,1245.6
3939,0,1132.5
3940,0,1236.7
3941,0,1602.5
3942,0,2369.8
3943,0,3064.6
3944,0,3836.9
3945,0,4930.1
3946,0,5728.7
3947,0,6761.1
3948,0,8437.5
3949,0,10878.3
3950,0,13385.1
3951,0,15339.4
3952,0,16521.3
3953,0,15882.7
3954,0,16165.4
3955,0,15049
3956,0,12730.3
3957,0,10130.6
3958,0,7122.5
3959,0,5314.7
3960,0,4146.2
3961,0,3321.5
3962,0,2759.1
3963,0,2408.8
3964,0,2224.6
3965,0,2435.5
3966,0,3136.8
3967,0,3398
3968,0,3197
3969,0,3500.4
3970,0,4162.4
3971,0,5922.7
3972,0,7600
3973,0,7242.2
3974,0,10375.6
3975,0,11368.2
3976,0,13716.4
3977,0,15579.3
3978,0,16845.3
3979,0,14749.9
3980,0,11097.5
3981,0,7690.5
3982,0,4640.5
3983,0,3027.3
3984,0,2073.9
3985,0,1472.8
3986,0,1019.8
3987,0,753.9
3988,0,630.7
3989,0,976.9
3990,0,2549.9
3991,0,3657.9
3992,0,4267.8
3993,0,5017.4
3994,0,6298
3995,0,7684.2
3996,0,8124.3
3997,0,7428.6
3998,0,4672.9
3999,0,4188.9
4000,0,6362.3
4001,0,9974
4002,0,12216
4003,0,12035.9
4004,0,9661.7
4005,0,6518.3
4006,0,4282.6
4007,0,3276.2
4008,0,2322.7
4009,0,1676.5
4010,0,1191.1
4011,0,749.6
4012,0,558.1
4013,2,691.8
4014,0,1893.6
4015,0,2735.2
4016,0,2943.3
4017,0,2973.6
4018,0,3932.1
4019,0,4709
4020,0,5667.2
4021,0,6583.3
4022,0,8446.2
4023,0,9974.7
4024,0,11521
4025,0,13614.9
4026,0,14412.7
4027,0,13958
4028,0,12279.4
4029,0,9670.4
4030,0,6218
4031,0,3631.7
4032,0,2621.6
4033,0,2088.9
4034,0,1642
4035,0,1417.6
4036,0,957.4
4037,0,699.5
4038,0,774.1
4039,0,1197.8
4040,0,1413.3
4041,0,1569.2
4042,0,1759.5
4043,0,1596.1
4044,0,1282.6
4045,0,1848.2
4046,0,2392.2
4047,0,3378.3
4048,0,3994.4
4049,0,4190.3
4050,0,4509.7
4051,0,3919.1
4052,0,3711.8
4053,0,3146.3
4054,0,2525
4055,0,1890.2
4056,0,1428.2
4057,9.8,1126.8
4058,434.9,723.7
4059,1081.9,529.2
4060,1567.4,480
4061,1450.9,720
4062,466.1,1918.5
4063,191.9,2765.3
4064,150.8,2842.6
4065,3.2,3730
4066,0,4741
4067,0,5725.7
4068,0,6335.9
4069,0,7090.4
4070,0,8399.5
4071,0,9790.8
4072,0,11418.2
4073,0,13702.1
4074,0,16065.4
4075,0,15904.8
4076,0,13516.7
4077,0,9585.7
4078,0,6577.4
4079,0,4114.5
4080,0,2627.4
4081,0,2121.4
4082,0,1831.6
4083,0,1178.1
4084,0,857.3
4085,0,1262.7
4086,0,3085.8
4087,0,4284.6
4088,0,4856.4
4089,0,5600.7
4090,0,7045.9
4091,0,7994
4092,0,9765.5
4093,0,11434.3
4094,0,10160.8
4095,0,14115.5
4096,0,17163.1
4097,0,13588.1
4098,0,12552.2
4099,0,11921.4
4100,0,10554.3
4101,0,8459.6
4102,0,5743.9
4103,0,3654.9
4104,0,2667.6
4105,0,2009.8
4106,0,1332.7
4107,0,894.4
4108,0,845.4
4109,0,1139.7
4110,0,2024.1
4111,0,2436.4
4112,0,2219.2
4113,0,2487.1
4114,0,2973.1
4115,0,4016
4116,0,4175.1
4117,0,5131
4118,0,5785.8
4119,0,6325.7
4120,0,7360.1
4121,0,8761.4
4122,0,10732.5
4123,0,10393.5
4124,0,9091.5
4125,0,6662.6
4126,0,4239.7
4127,0,2843.9
4128,0,1637.8
4129,0,981.4
4130,0,684.7
4131,61.7,533.9
4132,525.6,458.5
4133,846.7,657.6
4134,174.2,2035.1
4135,5.1,3352.4
4136,0,4135.8
4137,0,5147.1
4138,0,6180.4
4139,0,7444.7
4140,0,8614.4
4141,0,10290.5
4142,0,12610.3
4143,0,15666.9
4144,0,18471.8
4145,0,20865.3
4146,0,23288.7
4147,0,22714.9
4148,0,19443.4
4149,0,15081
4150,0,11179.4
4151,0,7191.2
4152,0,3544.4
4153,0,2517.2
4154,0,2023.9
4155,0,1756.8
4156,0,1661.2
4157,0,2155
4158,0,3672.8
4159,0,4615.8
4160,0,5601.3
4161,0,6988.8
4162,0,8913.1
4163,0,11339.2
4164,0,13519.5
4165,0,15853.5
4166,0,18416.5
4167,0,20503.1
4168,0,22454.4
4169,0,24241.8
4170,0,26204.4
4171,0,25553.2
4172,0,22910.6
4173,0,18074.9
4174,0,14103.5
4175,0,10955
4176,0,7864.8
4177,0,5511.5
4178,0,4162.3
4179,0,3491.9
4180,0,3033.8
4181,0,3415.8
4182,0,5633.4
4183,0,6579.6
4184,0,5401.5
4185,0,6430.7
4186,0,8691.4
4187,0,9518.1
4188,0,10143.2
4189,0,10329.6
4190,0,10601.5
4191,0,13213.6
4192,0,16862.8
4193,0,19093.9
4194,0,18983.5
4195,0,18355.8
4196,0,16778.3
4197,0,13243.9
4198,0,10145
4199,0,7370.2
4200,0,5074.5
4201,0,3968.5
4202,0,3337.1
4203,0,3010.9
4204,0,2899.5
4205,0,3472.5
4206,0,6004.2
4207,0,8148.5
4208,0,7686.7
4209,0,10420.5
4210,0,14275.4
4211,0,18043.9
4212,0,21333.8
4213,0,23847.3
4214,0,26788.2
4215,0,29867.5
4216,0,32677.3
4217,0,35484.9
4218,0,37646.6
4219,0,37008.5
4220,0,33411.7
4221,0,28392.9
4222,0,24506.1
4223,0,20759.2
4224,0,17539.8
4225,0,15816.7
4226,0,14068.5
4227,0,12725.2
4228,0,11965.8
4229,0,12220.9
4230,0,15750.2
4231,0,17812.5
4232,0,17583.4
4233,0,19974.6
4234,0,23003.1
4235,0,25751.9
4236,0,28070.8
4237,0,30694.9
4238,0,32619
4239,0,33134.8
4240,0,34021.8
4241,0,34836.8
4242,0,37291.7
4243,0,36421.6
4244,0,33135.5
4245,0,27908.4
4246,0,23095.4
4247,0,18596.5
4248,0,14444.5
4249,0,11987.9
4250,0,9753.2
4251,0,8000.3
4252,0,7154.1
4253,0,7513.9
4254,0,11169.5
4255,0,13979.7
4256,0,14643.8
4257,0,16209.9
4258,0,18761
4259,0,21124.5
4260,0,22414.5
4261,0,24076.9
4262,0,25381.2
4263,0,25779.9
4264,0,27018.2
4265,0,29040.2
4266,0,30565.7
4267,0,27850.1
4268,0,23387.3
4269,0,18255.8
4270,0,12949
4271,0,8844.3
4272,0,5971.8
4273,0,4127.3
4274,0,3235
4275,0,2890.8
4276,0,2745.3
4277,0,3034.1
4278,0,4379.4
4279,0,5709.9
4280,0,7009.2
4281,0,8705.8
4282,0,12210.4
4283,0,16134.3
4284,0,19970.6
4285,0,23665
4286,0,26550.8
4287,0,28862.7
4288,0,31277.1
4289,0,33621.9
4290,0,35168.4
4291,0,33945.2
4292,0,30664.2
4293,0,25796.3
4294,0,21144.7
4295,0,16761.8
4296,0,13344.4
4297,0,11348.2
4298,0,9537.6
4299,0,8137.4
4300,0,7707
4301,0,8385.8
4302,0,10737.6
4303,0,11546.2
4304,0,11743.3
4305,0,14374.3
4306,0,18146.6
4307,0,21250.8
4308,0,23820.2
4309,0,25725.6
4310,0,27063.7
4311,0,29166.8
4312,0,30941.2
4313,0,33008.4
4314,0,34038.3
4315,0,33710.7
4316,0,30814.3
4317,0,25230.7
4318,0,19239
4319,0,15350.8
4320,0,12512
4321,0,9971.1
4322,0,8128.2
4323,0,6321.7
4324,0,5514.2
4325,0,6107.4
4326,0,8979.6
4327,0,11824.6
4328,0,12940.2
4329,0,14815.3
4330,0,17927.1
4331,0,20899.2
4332,0,22624.1
4333,0,24383.1
4334,0,26319.6
4335,0,27553.5
4336,0,28617.5
4337,0,29106
4338,0,29263.6
4339,0,27914.6
4340,0,23838
4341,0,17301.6
4342,0,12058.8
4343,0,8335
4344,0,5104.1
4345,0,3089.9
4346,0,2504.7
4347,0,2101.9
4348,0,2012.8
4349,0,2200.6
4350,0,2826.5
4351,0,3040.7
4352,0,2409.1
4353,0,2152.5
4354,0,2099.5
4355,0,2106.2
4356,0,2208.6
4357,0,2039.6
4358,0,1984.4
4359,0,1986.8
4360,0,2316.7
4361,0,3003.9
4362,0,3403.6
4363,0,3142.7
4364,0,2842.1
4365,0,2439.2
4366,110.2,1663.7
4367,919,942
4368,1916.3,559.3
4369,3016,378.8
4370,3795.2,264.3
4371,4572.3,140.9
4372,5091.7,89.1
4373,5109.1,212.3
4374,4545.3,521.7
4375,4121.4,681
4376,4457.5,483.1
4377,4147.4,507.3
4378,3070.2,809.7
4379,2115.4,1107.5
4380,1389.1,1048.8
4381,246.2,1806.6
4382,0,2371
4383,0,2649.6
4384,0,3654.4
4385,0,4788
4386,0,5399.9
4387,0,5144.6
4388,0,4464.4
4389,0,3451.2
4390,0,2382
4391,0,1382.5
4392,306.4,743.4
4393,1087.1,554.1
4394,2010.9,424.8
4395,2807.9,328.2
4396,3370.9,291.7
4397,3761.8,318.7
4398,3315.4,630.1
4399,2982.2,807.4
4400,3450.4,590.7
4401,3707.5,466.2
4402,3123,647.1
4403,2772.5,885.4
4404,2480.3,912.8
4405,1859.7,1185.5
4406,1487.1,1325.3
4407,1577.4,1376
4408,959.6,1889.1
4409,163.2,2319.2
4410,0,3015.8
4411,0,3063.1
4412,0,2793.7
4413,77,2429.3
4414,450.8,1833.7
4415,1256.5,1083.3
4416,2078.6,737.9
4417,2385.7,633.9
4418,2905.9,517.7
4419,3132.3,468.7
4420,3149.4,489.6
4421,2765.2,664.6
4422,1918,1061.6
4423,1301.1,1500
4424,1428.1,1233.9
4425,1150,1296.8
4426,290.8,1793.6
4427,0,2199.7
4428,0,2761.8
4429,0,3463.7
4430,0,4177.8
4431,0,5178.1
4432,0,5575.2
4433,0,8062.3
4434,0,9265.6
4435,0,9023
4436,0,9137.1
4437,0,6511.2
4438,0,4477.5
4439,0,3502
4440,0,2733.9
4441,0,2280.7
4442,0,1965
4443,0,1683.9
4444,0,1493.9
4445,0,1943.1
4446,0,3525.8
4447,0,4622.4
4448,0,5829
4449,0,7067.6
4450,0,9455.9
4451,0,12924.5
4452,0,15714.2
4453,0,17992.8
4454,0,16840.1
4455,0,17774.1
4456,0,21648.8
4457,0,25111.5
4458,0,27050.9
4459,0,26048.9
4460,0,23082.9
4461,0,19988.4
4462,0,16332.1
4463,0,12289.6
4464,0,8417.5
4465,0,6616
4466,0,5381.5
4467,0,4055.7
4468,0,3313.1
4469,0,3723
4470,0,7081.8
4471,0,10033.5
4472,0,11088.9
4473,0,13491.2
4474,0,16860.2
4475,0,19470.1
4476,0,21423.7
4477,0,23253.7
4478,0,25323.6
4479,0,26798.4
4480,0,29212.2
4481,0,31664.5
4482,0,33791.3
4483,0,33457.6
4484,0,29312.2
4485,0,22534.2
4486,0,17451.9
4487,0,12972.4
4488,0,8733.9
4489,0,6627.2
4490,0,5152.9
4491,0,4499.7
4492,0,4767.7
4493,0,4821.2
4494,0,6902
4495,0,9229.4
4496,0,8659.7
4497,0,8836
4498,0,10378.6
4499,0,11878.7
4500,0,12478.1
4501,0,13470
4502,0,13202.2
4503,0,16274.5
4504,0,17047.9
4505,0,18369.1
4506,0,20955.2
4507,0,21438.4
4508,0,18897.2
4509,0,13903.3
4510,0,9481.8
4511,0,5987.1
4512,0,3718.8
4513,0,2866.6
4514,0,2366.2
4515,0,1887.8
4516,0,1524.4
4517,0,1586.5
4518,0,2882.8
4519,0,3986.2
4520,0,4317.8
4521,0,5267.9
4522,0,6846.4
4523,0,8875.4
4524,0,10323.5
4525,0,12957.1
4526,0,15397.2
4527,0,18244.2
4528,0,21033.4
4529,0,24166.4
4530,0,26520.6
4531,0,25307.7
4532,0,21513.5
4533,0,16301.5
4534,0,10267.9
4535,0,6228.9
4536,0,3964.6
4537,0,2969.6
4538,0,2556
4539,0,2227.9
4540,0,2125.1
4541,0,2488.6
4542,0,3760.4
4543,0,4542.7
4544,0,4820.7
4545,0,5874.9
4546,0,7744.8
4547,0,10623.9
4548,0,13512.3
4549,0,14760.9
4550,0,16008.2
4551,0,17924.5
4552,0,20051.3
4553,0,23212.8
4554,0,25600.8
4555,0,23877.3
4556,0,21548.4
4557,0,16104.4
4558,0,11289.2
4559,0,7601.6
4560,0,4525.7
4561,0,2912.2
4562,0,2219.7
4563,0,1624.2
4564,0,1398.6
4565,0,1860.3
4566,0,3574
4567,0,5227
4568,0,6735.3
4569,0,8949.6
4570,0,11601
4571,0,15178.8
4572,0,18499
4573,0,20869.6
4574,0,23016.3
4575,0,25719.2
4576,0,29809.1
4577,0,32086.8
4578,0,33651.2
4579,0,31794.9
4580,0,27060.1
4581,0,21655.1
4582,0,16275.4
4583,0,11266.9
4584,0,7289.8
4585,0,4935.4
4586,0,3354.7
4587,0,2695.7
4588,0,2449.2
4589,0,2749.4
4590,0,4450.4
4591,0,6914.2
4592,0,8910.2
4593,0,11489.8
4594,0,14776.8
4595,0,16672.2
4596,0,18724.6
4597,0,19959.5
4598,0,19129.2
4599,0,16552.5
4600,0,16613.4
4601,0,17210.7
4602,0,17350.7
4603,0,15816.6
4604,0,13218.8
4605,0,11083.6
4606,0,8256.1
4607,0,5982.9
4608,0,3788.3
4609,0,2867.5
4610,0,2524.7
4611,0,2299.7
4612,0,2291.4
4613,0,2583.4
4614,0,3200.1
4615,0,3438.4
4616,0,3544.5
4617,0,3572
4618,0,3713.4
4619,0,3839
4620,0,3851
4621,0,3973.6
4622,0,3924.8
4623,0,4096.6
4624,0,4745.1
4625,0,5755
4626,0,7773.2
4627,0,7714.8
4628,0,6654.6
4629,0,5263.9
4630,0,3707.6
4631,0,2877.2
4632,0,2180.4
4633,0,1825.5
4634,0,1604.3
4635,0,1513.1
4636,0,1418.5
4637,0,1793.6
4638,0,3146.3
4639,0,3761.1
4640,0,4580.8
4641,0,5339
4642,0,7252.6
4643,0,8220.7
4644,0,9656.9
4645,0,11989.5
4646,0,14999.5
4647,0,16716.4
4648,0,19488.8
4649,0,22198.6
4650,0,24310.3
4651,0,23983.1
4652,0,20486.5
4653,0,14852.2
4654,0,10149.2
4655,0,5628.8
4656,0,2845.9
4657,0,2033
4658,0,1702.8
4659,0,1576.7
4660,0,1397.2
4661,0,1719.7
4662,0,3259.1
4663,0,4589.9
4664,0,5931.1
4665,0,7563
4666,0,10576.7
4667,0,14015
4668,0,16809.5
4669,0,19334.9
4670,0,21743.1
4671,0,24375.6
4672,0,27463.9
4673,0,29572.6
4674,0,31659.1
4675,0,30694.8
4676,0,26808.2
4677,0,21394.6
4678,0,16369.8
4679,0,11816.8
4680,0,8065.9
4681,0,5985.4
4682,0,4347
4683,0,3313.5
4684,0,3014.3
4685,0,3263.2
4686,0,5388.6
4687,0,8198.6
4688,0,9071.1
4689,0,11627.9
4690,0,15202.9
4691,0,19109.5
4692,0,22494
4693,0,25256.8
4694,0,27895.1
4695,0,30135.3
4696,0,32735.4
4697,0,35340.4
4698,0,36608.3
4699,0,35523
4700,0,31990.3
4701,0,27477.6
4702,0,23225.6
4703,0,19057.3
4704,0,15588.7
4705,0,13291.9
4706,0,11324.8
4707,0,9935.8
4708,0,9294.5
4709,0,9857.3
4710,0,12455.8
4711,0,14500.8
4712,0,14403.1
4713,0,16224.9
4714,0,20471.3
4715,0,24317.7
4716,0,26361.3
4717,0,29237.4
4718,0,32529.5
4719,0,35193.2
4720,0,37456.5
4721,0,39592.7
4722,0,41013.2
4723,0,38975.9
4724,0,35598.1
4725,0,31594.4
4726,0,27918.7
4727,0,24168.7
4728,0,17857.5
4729,0,13610.3
4730,0,11038.5
4731,0,9179.8
4732,0,7968.1
4733,0,7791.1
4734,0,12136.9
4735,0,16501.2
4736,0,18753.7
4737,0,22166.7
4738,0,26812.1
4739,0,30826.6
4740,0,33677.8
4741,0,36655
4742,0,39475.1
4743,0,41086
4744,0,41358.2
4745,0,41862.1
4746,0,41503.5
4747,0,38674.8
4748,0,34372.7
4749,0,29436.2
4750,0,24709.1
4751,0,20169.2
4752,0,15869.1
4753,0,13227.9
4754,0,11703.9
4755,0,10488.2
4756,0,9442.1
4757,0,9659.8
4758,0,12082.5
4759,0,14179.7
4760,0,13989.9
4761,0,11602.8
4762,0,13456.3
4763,0,19251.8
4764,0,22942.5
4765,0,25631
4766,0,28293.9
4767,0,31367.9
4768,0,34258.6
4769,0,35507.1
4770,0,32538.7
4771,0,26876.4
4772,0,23388.3
4773,0,21016.3
4774,0,17661.9
4775,0,14198.2
4776,0,10961.9
4777,0,8976.2
4778,0,7845.8
4779,0,7028.4
4780,0,5992.7
4781,0,5723.8
4782,0,7386.3
4783,0,11054.1
4784,0,12785.9
4785,0,15276.9
4786,0,17891.5
4787,0,21119.4
4788,0,23770.4
4789,0,25664.5
4790,0,28251
4791,0,30715.5
4792,0,32862.3
4793,0,34843.1
4794,0,36304
4795,0,35070.6
4796,0,30327.1
4797,0,23997.2
4798,0,18851.8
4799,0,13631.2
4800,0,8681.5
4801,0,6588
4802,0,4484.1
4803,0,3693.1
4804,0,3774.5
4805,0,3951.8
4806,0,4696.3
4807,0,6509.5
4808,0,7597.5
4809,0,5248
4810,0,6157.2
4811,0,8040
4812,0,10164.5
4813,0,9419.4
4814,0,12145.9
4815,0,15337.6
4816,0,18274
4817,0,20681.5
4818,0,22322.3
4819,0,22588.1
4820,0,20158
4821,0,16265.8
4822,0,12062.8
4823,0,8310.2
4824,0,5066.9
4825,0,3468.8
4826,0,2803.1
4827,0,2287.4
4828,0,1902.4
4829,0,2124.6
4830,0,3666.2
4831,0,5268.3
4832,0,6628
4833,0,9182.2
4834,0,12589.6
4835,0,14937.5
4836,0,16889.7
4837,0,19008.2
4838,0,21362.5
4839,0,23664.2
4840,0,25843.2
4841,0,27283.5
4842,0,28324.2
4843,0,25101.4
4844,0,21158.6
4845,0,17879.4
4846,0,14490.7
4847,0,10829.6
4848,0,7465.2
4849,0,5462.2
4850,0,3967.5
4851,0,3103.8
4852,0,2947.5
4853,0,3184.1
4854,0,4376
4855,0,5256.6
4856,0,6115.6
4857,0,8496.4
4858,0,12118
4859,0,16397.4
4860,0,18096.7
4861,0,21165.9
4862,0,23132.7
4863,0,24222.4
4864,0,25741.1
4865,0,28340.9
4866,0,29213.4
4867,0,27279.1
4868,0,22862
4869,0,18098.7
4870,0,13575.7
4871,0,10018.5
4872,0,6726.5
4873,0,4562
4874,0,3302.4
4875,0,2672.2
4876,0,2324
4877,0,2471.5
4878,0,3807.3
4879,0,5062.9
4880,0,5667.7
4881,0,7036.2
4882,0,10160.7
4883,0,12938.7
4884,0,14978.5
4885,0,17554.8
4886,0,19868.1
4887,0,21704.1
4888,0,24723.7
4889,0,27190.3
4890,0,28417.5
4891,0,26707.1
4892,0,22014.7
4893,0,15216.6
4894,0,9983.4
4895,0,7455.3
4896,0,4711.9
4897,0,3179.3
4898,0,2804.8
4899,0,2530.9
4900,0,2259.1
4901,0,2368
4902,0,3774.8
4903,0,4789.2
4904,0,4638.1
4905,0,4747.3
4906,0,4689.3
4907,0,5452.4
4908,0,8510.5
4909,0,10155.5
4910,0,11668.4
4911,0,13744.5
4912,0,15037.5
4913,0,15634.4
4914,0,17778.7
4915,0,16845.4
4916,0,12920.5
4917,0,8963.4
4918,0,5665.2
4919,0,3331.3
4920,0,2223.4
4921,0,1806.6
4922,0,1583.1
4923,0,1269.3
4924,0,952.7
4925,0,943.9
4926,0,2049.1
4927,0,2728
4928,0,3010.3
4929,0,3031
4930,0,3529.7
4931,0,4548.9
4932,0,5992.8
4933,0,6739.3
4934,0,7188.7
4935,0,7548.4
4936,0,10119
4937,0,13110.4
4938,0,14836.3
4939,0,13133.4
4940,0,9301.3
4941,0,5757.7
4942,0,3892.2
4943,0,2907.9
4944,0,1551.8
4945,0,847.1
4946,0,568.7
4947,143,418
4948,970.8,316.5
4949,1940.3,369.2
4950,820.8,1286.3
4951,88.2,2790.6
4952,0,3995.8
4953,0,5036.2
4954,0,6327.8
4955,0,7766
4956,0,9586.1
4957,0,11329.1
4958,0,13439.3
4959,0,16491.6
4960,0,19207.6
4961,0,21476.8
4962,0,23507.5
4963,0,22834.3
4964,0,18179.5
4965,0,12217.4
4966,0,8597.7
4967,0,5545.8
4968,0,3270.5
4969,0,2424.8
4970,0,2020.8
4971,0,1775.3
4972,0,1738.1
4973,0,2024
4974,0,2709.2
4975,0,3397
4976,0,4388.6
4977,0,4235.7
4978,0,4809.4
4979,0,7515.7
4980,0,10426.8
4981,0,13029
4982,0,15199.8
4983,0,17275.8
4984,0,16785.2
4985,0,17432
4986,0,17070.3
4987,0,15300.1
4988,0,12846
4989,0,10396.5
4990,0,7404.9
4991,0,4928.3
4992,0,3279.7
4993,0,2334.3
4994,0,1919.7
4995,0,1555.5
4996,0,1373.3
4997,0,1551.9
4998,0,2049.8
4999,0,2176.2
5000,0,2044.8
5001,0,1974
5002,0,2014.1
5003,0,2525.4
5004,0,2803.4
5005,0,3266.9
5006,0,4404.1
5007,0,4854.4
5008,0,5468.1
5009,0,4936.6
5010,0,5153.7
5011,0,4812.5
5012,0,4358.6
5013,0,3843
5014,0,2996.1
5015,0,2011.3
5016,0,1187.6
5017,0,826.5
5018,0,685.6
5019,50.5,572.9
5020,512.3,500.2
5021,743.8,630.5
5022,562.3,989.9
5023,340.9,1471.1
5024,357,1402.6
5025,115.2,1728.6
5026,0,2420.2
5027,0,2766.8
5028,0,3425.5
5029,0,4743.5
5030,0,5693.8
5031,0,6902.7
5032,0,8337.3
5033,0,11110.6
5034,0,13294.2
5035,0,13385.7
5036,0,9625.5
5037,0,5641.2
5038,0,3557.8
5039,0,2350.3
5040,0,1405.3
5041,0,893.1
5042,41.1,561.2
5043,431.8,386.1
5044,1320.3,309.4
5045,2187.6,398.3
5046,985.3,1138
5047,49.4,2565.9
5048,0,3029
5049,0,3932.1
5050,0,4973.6
5051,0,6307
5052,0,7885.9
5053,0,10095.4
5054,0,13038.7
5055,0,16283.6
5056,0,18827.1
5057,0,20975.2
5058,0,21208
5059,0,19936.7
5060,0,17194.2
5061,0,14412.7
5062,0,11596.4
5063,0,9193.1
5064,0,7070.2
5065,0,5685.6
5066,0,4306
5067,0,3493.5
5068,0,3356.2
5069,0,3357.7
5070,0,4321.9
5071,0,6024
5072,0,7381.7
5073,0,9594.4
5074,0,12958.4
5075,0,16167.6
5076,0,18740.7
5077,0,21339
5078,0,23870.4
5079,0,25580.2
5080,0,27524.3
5081,0,29123.6
5082,0,29900.8
5083,0,27973.3
5084,0,22585.1
5085,0,17213.1
5086,0,12928.5
5087,0,9480.9
5088,0,6726.1
5089,0,5378.5
5090,0,4014.1
5091,0,3407.6
5092,0,3430.1
5093,0,3820.1
5094,0,4940.6
5095,0,5582
5096,0,5999.4
5097,0,7669.9
5098,0,7316.3
5099,0,7379.8
5100,0,8861
5101,0,12810.1
5102,0,15093.9
5103,0,17204.7
5104,0,19652.6
5105,0,21556.8
5106,0,22610.4
5107,0,21062.4
5108,0,16592.2
5109,0,12161.5
5110,0,8146.4
5111,0,5331.7
5112,0,3291.8
5113,0,2471.7
5114,0,1983.9
5115,0,1668.3
5116,0,1451.9
5117,0,1599.6
5118,0,2646.5
5119,0,3762.9
5120,0,4654.3
5121,0,5564
5122,0,7265.2
5123,0,9040.1
5124,0,11063.7
5125,0,13566.3
5126,0,16259.7
5127,0,18630.1
5128,0,21003.5
5129,0,22803.3
5130,0,24062.4
5131,0,22678.2
5132,0,18116.8
5133,0,13217
5134,0,8890.5
5135,0,5596
5136,0,3513.9
5137,0,2913.4
5138,0,2596.6
5139,0,2294.7
5140,0,2091.1
5141,0,2361.4
5142,0,3170.7
5143,0,3450.3
5144,0,3736.7
5145,0,3924.1
5146,0,3988.7
5147,0,3960.4
5148,0,4030.4
5149,0,4084.6
5150,0,4183.8
5151,0,4469.1
5152,0,5004.6
5153,0,5099.6
5154,0,5582.3
5155,0,5579
5156,0,5375.8
5157,0,4890.6
5158,0,3956.5
5159,0,3232.6
5160,0,2578.9
5161,0,2280.8
5162,0,2142.8
5163,0,2108.3
5164,0,2145.4
5165,0,2495.9
5166,0,3129
5167,0,3530.1
5168,0,3909.2
5169,0,4750.7
5170,0,7029.7
5171,0,9223.8
5172,0,12891
5173,0,16134.4
5174,0,19084
5175,0,21976.1
5176,0,24879.5
5177,0,26986
5178,0,28317.5
5179,0,26148.3
5180,0,21338.8
5181,0,16233.9
5182,0,11014.3
5183,0,7846.3
5184,0,5215.2
5185,0,3891.4
5186,0,3247.5
5187,0,2709
5188,0,2261.3
5189,0,2144.6
5190,0,2763.9
5191,0,4190.9
5192,0,4780.9
5193,0,6135.4
5194,0,8662.1
5195,0,11113.5
5196,0,12921.8
5197,0,15102.9
5198,0,17149
5199,0,18831.7
5200,0,20855.3
5201,0,23020.1
5202,0,24092.7
5203,0,21977.4
5204,0,17410.4
5205,0,13155.4
5206,0,9023.1
5207,0,5856.1
5208,0,3484
5209,0,2785.8
5210,0,2316.1
5211,0,1915
5212,0,1691.1
5213,0,1788.6
5214,0,2298
5215,0,3129.3
5216,0,3435.3
5217,0,3916.4
5218,0,4929.9
5219,0,6103.7
5220,0,7632.8
5221,0,9717.2
5222,0,10863.2
5223,0,12976.2
5224,0,15252.8
5225,0,17161.8
5226,0,17867.1
5227,0,15892.6
5228,0,12184.7
5229,0,9509.6
5230,0,6652.1
5231,0,4363.1
5232,0,3086.4
5233,0,2597.2
5234,0,2267.5
5235,0,2069.5
5236,0,1998.7
5237,0,2168.5
5238,0,2787.2
5239,0,3347.9
5240,0,2876.8
5241,0,2501.8
5242,0,2682.8
5243,0,3064.5
5244,0,4093
5245,0,6514.8
5246,0,8721.2
5247,0,10502.5
5248,0,13117.1
5249,0,15177.5
5250,0,16068
5251,0,14533.8
5252,0,11737.9
5253,0,9331.2
5254,0,6385.8
5255,0,4023.9
5256,0,2884.4
5257,0,2436.4
5258,0,2106
5259,0,1796
5260,0,1673.5
5261,0,1958.3
5262,0,2609.3
5263,0,3682.8
5264,0,4962.3
5265,0,6305.6
5266,0,9234.7
5267,0,12925.6
5268,0,16489.9
5269,0,19296.7
5270,0,22400.2
5271,0,24910.6
5272,0,26607.9
5273,0,28277.5
5274,0,28328.4
5275,0,24804.8
5276,0,22526.4
5277,0,19993.2
5278,0,15863.9
5279,0,12048.2
5280,0,8999.5
5281,0,6857.3
5282,0,5622
5283,0,4834.7
5284,0,4108.3
5285,0,4167.6
5286,0,5379.6
5287,0,7633.1
5288,0,8589.7
5289,0,10160.5
5290,0,12127.5
5291,0,16323.2
5292,0,17233.4
5293,0,21569.6
5294,0,25030.8
5295,0,26964.1
5296,0,28235.8
5297,0,29368.6
5298,0,28838.4
5299,0,26656.1
5300,0,24349.8
5301,0,21341.4
5302,0,17399.3
5303,0,13775
5304,0,10920.8
5305,0,9097.1
5306,0,7454.3
5307,0,6546.5
5308,0,5946.5
5309,0,5740.8
5310,0,6413.1
5311,0,6564.3
5312,0,6279.9
5313,0,6342.4
5314,0,8094.2
5315,0,13641.8
5316,0,16622.3
5317,0,19522.2
5318,0,22023.1
5319,0,23501.8
5320,0,24922.4
5321,0,26466.8
5322,0,26733.4
5323,0,23560.9
5324,0,19670
5325,0,16224.6
5326,0,12297.8
5327,0,8229.5
5328,0,4880.5
5329,0,3270.3
5330,0,2775.3
5331,0,2505.9
5332,0,2497.2
5333,0,2690.9
5334,0,3325.3
5335,0,4662.8
5336,0,6259.1
5337,0,8758.8
5338,0,12992
5339,0,17054.8
5340,0,20252.5
5341,0,23281.6
5342,0,26953.1
5343,0,28948.5
5344,0,27000.2
5345,0,28062.5
5346,0,28729.6
5347,0,27669.5
5348,0,23471.3
5349,0,19918.7
5350,0,16165.7
5351,0,12644.5
5352,0,10273.5
5353,0,7256.5
5354,0,5349
5355,0,4049.7
5356,0,3456.7
5357,0,3529.2
5358,0,4119.2
5359,0,4255.8
5360,0,3691
5361,0,4374.1
5362,0,5446.6
5363,0,8487.2
5364,0,10468.8
5365,0,11263.1
5366,0,14093.8
5367,0,15469.3
5368,0,17122.8
5369,0,20404.1
5370,0,20572.7
5371,0,18325.3
5372,0,15064.4
5373,0,11900.3
5374,0,8881.7
5375,0,5773.2
5376,0,3302.5
5377,0,2613.9
5378,0,2320.6
5379,0,2098
5380,0,1961.3
5381,0,2014.1
5382,0,2463
5383,0,3509.2
5384,0,3930.4
5385,0,5389.8
5386,0,7462.5
5387,0,10001.1
5388,0,11146.6
5389,0,14628.5
5390,0,18248
5391,0,20756.7
5392,0,22485.4
5393,0,24166.2
5394,0,24191.2
5395,0,21408.7
5396,0,17911.2
5397,0,14257
5398,0,9698.5
5399,0,5345.1
5400,0,3123.9
5401,0,2653.1
5402,0,2179
5403,0,1859
5404,0,1818.8
5405,0,2025.7
5406,0,2603.1
5407,0,3316
5408,0,3473.2
5409,0,4624.3
5410,0,4402.9
5411,0,4952.6
5412,0,7993.9
5413,0,12323
5414,0,14770.6
5415,0,16371.7
5416,0,16825.5
5417,0,16778.3
5418,0,17594.6
5419,0,16481.2
5420,0,15151.9
5421,0,13785.1
5422,0,11008.7
5423,0,8572.6
5424,0,6310.3
5425,0,4622.5
5426,0,3860.1
5427,0,3559.9
5428,0,3415.6
5429,0,3715
5430,0,4399.1
5431,0,4048.8
5432,0,3446.3
5433,0,3226.4
5434,0,3233.6
5435,0,3767.1
5436,0,4020.9
5437,0,5635.6
5438,0,7004.4
5439,0,8155.9
5440,0,11896.7
5441,0,12490.4
5442,0,13432.1
5443,0,10785
5444,0,7736.6
5445,0,5938.7
5446,0,3974.9
5447,0,2900.4
5448,0,2088.3
5449,0,1504.8
5450,0,1107.9
5451,0,835.8
5452,0,767.5
5453,0,890.1
5454,0,1498.7
5455,0,2735.8
5456,0,3849.3
5457,0,5124.7
5458,0,6956.5
5459,0,9415
5460,0,9900.6
5461,0,13293
5462,0,16500.7
5463,0,18659.8
5464,0,20118.8
5465,0,18717.8
5466,0,18811.3
5467,0,17278.7
5468,0,14776.5
5469,0,12174.5
5470,0,9350
5471,0,7115.2
5472,0,4599.6
5473,0,3301.2
5474,0,2688.2
5475,0,2349
5476,0,2123.6
5477,0,2266.7
5478,0,2806.2
5479,0,3510
5480,0,4182.4
5481,0,3836.6
5482,0,4120.6
5483,0,4203.8
5484,0,4936.8
5485,0,7401.8
5486,0,7946.1
5487,0,7037.5
5488,0,7827.1
5489,0,10056.1
5490,0,9787.3
5491,0,8431
5492,0,6687.5
5493,0,5079.4
5494,0,3559.8
5495,0,2512.4
5496,0,1623.4
5497,0,1051.4
5498,0,749.3
5499,0,629.3
5500,2.3,554.6
5501,40.7,678.3
5502,31.1,1028.6
5503,4,1509.9
5504,50.3,1633.7
5505,4,2584.5
5506,0,4299.3
5507,0,5701.5
5508,0,6540.5
5509,0,8089.4
5510,0,10189.1
5511,0,11704.5
5512,0,13610.5
5513,0,13718.9
5514,0,13028.7
5515,0,10973.3
5516,0,8581.3
5517,0,6837.1
5518,0,4740.3
5519,0,3173.7
5520,0,2175.3
5521,0,1532.9
5522,0,1065.3
5523,0,755.3
5524,33,574.7
5525,266.3,625.9
5526,306.2,951.2
5527,96,1926.6
5528,77,2352
5529,4.8,3313.6
5530,0,4696.6
5531,0,5874
5532,0,7364.9
5533,0,9576.1
5534,0,11950.5
5535,0,14217.4
5536,0,16607.8
5537,0,19186.8
5538,0,20409.8
5539,0,18113.4
5540,0,13990.3
5541,0,10519.1
5542,0,7409.2
5543,0,5078.5
5544,0,3336.7
5545,0,2584
5546,0,2012.1
5547,0,1613.5
5548,0,1462.5
5549,0,1567.5
5550,0,2227
5551,0,3248.7
5552,0,3634.4
5553,0,4690.6
5554,0,6657.7
5555,0,9677.1
5556,0,12289.2
5557,0,14949
5558,0,16863.8
5559,0,16992.5
5560,0,17754.7
5561,0,20428.3
5562,0,19058.3
5563,0,16494.2
5564,0,14835.3
5565,0,13035.2
5566,0,9901.9
5567,0,6844.2
5568,0,4529.3
5569,0,3452.6
5570,0,2953.1
5571,0,2702.8
5572,0,2286.4
5573,0,2361.8
5574,0,3140.5
5575,0,3466.7
5576,0,3416.1
5577,0,3582.8
5578,0,3748.1
5579,0,3784.9
5580,0,3711.5
5581,0,3931.5
5582,0,4185.4
5583,0,4635.6
5584,0,5160.7
5585,0,5516.2
5586,0,6621.5
5587,0,6185.7
5588,0,5798.4
5589,0,5032.8
5590,0,3699.7
5591,0,2855
5592,0,2208.7
5593,0,1967.6
5594,0,1805.9
5595,0,1572.3
5596,0,1471.8
5597,0,1720.6
5598,0,2277.2
5599,0,2532.7
5600,0,2489.9
5601,0,2771.7
5602,0,3138.6
5603,0,3260.1
5604,0,3389
5605,0,3618.5
5606,0,3676.3
5607,0,3842.2
5608,0,4469.8
5609,0,4620.3
5610,0,5005.2
5611,0,4590.1
5612,0,4185.1
5613,0,3818.8
5614,0,3088.4
5615,0,2317.2
5616,0,1648.7
5617,0,1342
5618,0,1127.9
5619,0,967.3
5620,0,879.5
5621,0,1084.5
5622,0,1573.4
5623,0,1948
5624,0,1994.7
5625,0,2469.2
5626,0,2832.5
5627,0,3498.4
5628,0,4326.8
5629,0,4761.1
5630,0,5178.7
5631,0,5909.3
5632,0,9175.7
5633,0,12275.6
5634,0,13789.8
5635,0,12228
5636,0,9871.5
5637,0,8278.3
5638,0,6581.9
5639,0,4527.3
5640,0,3026.6
5641,0,2659
5642,0,2435.7
5643,0,2360.6
5644,0,2330.2
5645,0,2464.8
5646,0,3071.3
5647,0,3888.3
5648,0,5376.4
5649,0,7821.7
5650,0,11749.3
5651,0,15533.4
5652,0,18450.4
5653,0,21680.4
5654,0,24268.1
5655,0,26665.5
5656,0,29120.4
5657,0,30315.7
5658,0,30237.4
5659,0,26849
5660,0,21756.8
5661,0,17340
5662,0,12020.2
5663,0,8552
5664,0,5622.4
5665,0,3750.3
5666,0,2991
5667,0,2443.9
5668,0,2184.2
5669,0,2196.7
5670,0,2913.1
5671,0,4102.1
5672,0,5859.4
5673,0,8669.6
5674,0,12944.7
5675,0,16514.1
5676,0,19846.3
5677,0,23437.1
5678,0,26904
5679,0,29581.8
5680,0,31903.7
5681,0,33585.7
5682,0,33343.6
5683,0,29447.1
5684,0,24314.8
5685,0,20402.2
5686,0,15698.9
5687,0,11370
5688,0,7979.5
5689,0,5423.8
5690,0,4273
5691,0,3634.3
5692,0,3183.1
5693,0,3225.4
5694,0,3840.7
5695,0,5127.5
5696,0,7186.8
5697,0,10487.3
5698,0,12575.2
5699,0,13648.3
5700,0,15879.5
5701,0,18031.2
5702,0,20206.2
5703,0,22197.5
5704,0,22698.4
5705,0,23527.4
5706,0,22754.7
5707,0,19142
5708,0,15468.7
5709,0,12436.2
5710,0,9334.1
5711,0,6525
5712,0,4341.5
5713,0,3332
5714,0,2744.3
5715,0,2216
5716,0,1887.1
5717,0,1915
5718,0,2537.2
5719,0,3237.6
5720,0,2892.9
5721,0,3295.3
5722,0,3834.3
5723,0,4473.8
5724,0,4696.1
5725,0,6541.3
5726,0,8592.4
5727,0,9637.5
5728,0,10430.8
5729,0,11724.2
5730,0,10844
5731,0,8831.2
5732,0,6807.2
5733,0,5154.3
5734,0,3673.7
5735,0,2712.4
5736,0,1890.4
5737,0,1482.2
5738,0,1237.3
5739,0,1027.4
5740,0,883
5741,0,1002.1
5742,0,1554.2
5743,0,1984.1
5744,0,1881.7
5745,0,2216
5746,0,2815.5
5747,0,3309.5
5748,0,4496
5749,0,6681.6
5750,0,8546.5
5751,0,11423.4
5752,0,14185.9
5753,0,16219.7
5754,0,16370.7
5755,0,13858.4
5756,0,11466.8
5757,0,9471.2
5758,0,6645.5
5759,0,4793
5760,0,3375.7
5761,0,2784.3
5762,0,2471.9
5763,0,2374.1
5764,0,2424.4
5765,0,2655.5
5766,0,3137.8
5767,0,3541.2
5768,0,3983.4
5769,0,4256.3
5770,0,7014.1
5771,0,10631.2
5772,0,10574.1
5773,0,10085.9
5774,0,10172.8
5775,0,11068.6
5776,0,11498.8
5777,0,13126.7
5778,0,15565
5779,0,12438
5780,0,9957.9
5781,0,8948.1
5782,0,6999.7
5783,0,4978.2
5784,0,3228.7
5785,0,2656.9
5786,0,2397.7
5787,0,2140.4
5788,0,2030.1
5789,0,2180.6
5790,0,2745.5
5791,0,3302.7
5792,0,4212.8
5793,0,5195
5794,0,7658
5795,0,12285.3
5796,0,16297.8
5797,0,19253.9
5798,0,21334.9
5799,0,22656.1
5800,0,22900
5801,0,22714.6
5802,0,20557
5803,0,17655.2
5804,0,14577.9
5805,0,11838
5806,0,8492.4
5807,0,5602.5
5808,0,3603.7
5809,0,2800.3
5810,0,2452.6
5811,0,2352.4
5812,0,2279.3
5813,0,2294.7
5814,0,2671.1
5815,0,3356.4
5816,0,4597.4
5817,0,6275.7
5818,0,9786.5
5819,0,13846
5820,0,17043
5821,0,19815.3
5822,0,22467.6
5823,0,24504.2
5824,0,25844.9
5825,0,26354
5826,0,25734.8
5827,0,23064
5828,0,20528.2
5829,0,18083.4
5830,0,14583
5831,0,11143.6
5832,0,8234
5833,0,6594
5834,0,5321.7
5835,0,4175.3
5836,0,3537.1
5837,0,3544.6
5838,0,4082.4
5839,0,4435.6
5840,0,4964.6
5841,0,5632.3
5842,0,6362.5
5843,0,7185
5844,0,8638.8
5845,0,9771.4
5846,0,10290.4
5847,0,11384.7
5848,0,15445.1
5849,0,16204.6
5850,0,18063.5
5851,0,15955.5
5852,0,13294.4
5853,0,11358.2
5854,0,8634
5855,0,6036
5856,0,3687.7
5857,0,2719.7
5858,0,2286.3
5859,0,1894.2
5860,0,1680.8
5861,0,1878
5862,0,2524.9
5863,0,3020
5864,0,2672.4
5865,0,2922.1
5866,0,3335.7
5867,0,4193.8
5868,0,6959.1
5869,0,10334.7
5870,0,13355.9
5871,0,15478.4
5872,0,16269.6
5873,0,13430.2
5874,0,12446.8
5875,0,11403.3
5876,0,9352.1
5877,0,6926.1
5878,0,4307.4
5879,0,2910.1
5880,0,2042.2
5881,0,1516.9
5882,0,1152.4
5883,0,933.7
5884,0,866.6
5885,0,1134.2
5886,0,1672.7
5887,0,1984.7
5888,0,1851.1
5889,0,2529.6
5890,0,2788.8
5891,0,3421.2
5892,0,4514.4
5893,0,5823.7
5894,0,8155.7
5895,0,9058.4
5896,0,11914.9
5897,0,14332.4
5898,0,14707.1
5899,0,12628.8
5900,0,11079.1
5901,0,9553.9
5902,0,7202.7
5903,0,5213.6
5904,0,3702.7
5905,0,2926.8
5906,0,2528.2
5907,0,2129.4
5908,0,1874.1
5909,0,2104.8
5910,0,2549.7
5911,0,3145.6
5912,0,3079.5
5913,0,3556
5914,0,3966.5
5915,0,4759.5
5916,0,7125
5917,0,9268.3
5918,0,10633.9
5919,0,11982.2
5920,0,13460.8
5921,0,14844
5922,0,13727.4
5923,0,10149.3
5924,0,7348.2
5925,0,4904.9
5926,0,3002
5927,0,1783.1
5928,0,1071
5929,0,744.7
5930,215.3,471.4
5931,1008.1,309
5932,2181.4,229
5933,3479.1,227.9
5934,3915.6,426.2
5935,2971,794.2
5936,1987.8,1368.1
5937,1074.2,2362.6
5938,661.1,2956.2
5939,250.6,3775.9
5940,27.4,4414.3
5941,0,5785.6
5942,0,6765.7
5943,0,7103.5
5944,0,8322
5945,0,8900.9
5946,0,8660.8
5947,0,6478.9
5948,0,4428.1
5949,0,3172.1
5950,24.6,1986.4
5951,591.3,1031
5952,2248.6,410.3
5953,4276.5,230.7
5954,6631,85.2
5955,8351.6,2.9
5956,9457.2,0
5957,9686.6,0
5958,8634.7,152.1
5959,6900.7,371.1
5960,5515.9,651.5
5961,3526.8,1849.7
5962,1642.4,3493.7
5963,720.5,4789.9
5964,198.8,5695.1
5965,3,6810.3
5966,0,8110
5967,0,10083.9
5968,0,11712.7
5969,0,12148
5970,0,11715.8
5971,0,9254.6
5972,0,6233.5
5973,0,4131.1
5974,0,2896.3
5975,0,1898.6
5976,116.3,1079.3
5977,644.5,723
5978,1186.2,616
5979,1960.8,484.3
5980,3012.7,390.5
5981,3814.6,439.1
5982,3584,695.3
5983,2489,1210.6
5984,1599.4,1922.4
5985,648.1,3463
5986,95.5,5198.9
5987,0,6679.9
5988,0,7901.1
5989,0,10020.1
5990,0,12277.4
5991,0,13928.8
5992,0,15115.9
5993,0,15409.5
5994,0,14606.8
5995,0,12442.9
5996,0,11119.3
5997,0,9665.5
5998,0,7334.6
5999,0,5553.7
6000,0,4266.7
6001,0,3526.4
6002,0,3074.5
6003,0,2665.5
6004,0,2333.6
6005,0,2336.7
6006,0,2689.2
6007,0,3006.9
6008,0,2800.3
6009,0,3007.6
6010,0,4051.1
6011,0,6383.5
6012,0,8949.5
6013,0,9980.6
6014,0,12519.4
6015,0,14702.3
6016,0,16375.7
6017,0,16776.7
6018,0,15949.2
6019,0,12127.7
6020,0,8500.9
6021,0,5646.2
6022,0,3659.4
6023,0,2747.8
6024,0,1833.8
6025,0,1451.7
6026,0,1212.5
6027,0,963.3
6028,0,860.2
6029,20,949.6
6030,24.6,1340.9
6031,0,2173.6
6032,0,2614.6
6033,0,3734.1
6034,0,5318
6035,0,7133.3
6036,0,9339.8
6037,0,11341
6038,0,13005.2
6039,0,14278.6
6040,0,15614.7
6041,0,16830.8
6042,0,16228.1
6043,0,12837.9
6044,0,9369.7
6045,0,6763.1
6046,0,4329.4
6047,0,2741.8
6048,0,1522
6049,0,789.9
6050,293.3,446.9
6051,1578.4,284.6
6052,3503.4,176.7
6053,4657.1,199.7
6054,4727.8,375.4
6055,5084.1,480.3
6056,3788.4,708.8
6057,938.4,2171.3
6058,172,3244.4
6059,2.4,3950.1
6060,0,4312.9
6061,0,4460.8
6062,0,4585.9
6063,0,4365.1
6064,0,4546
6065,0,4981.6
6066,0,5131.9
6067,0,4667
6068,0,4312.2
6069,0,3900.2
6070,0,3148.4
6071,0,2305.9
6072,0,1541.7
6073,0,1249.6
6074,0,1070
6075,35.4,877.1
6076,221.4,752.6
6077,294.9,890
6078,222.1,1314
6079,108.8,1975.3
6080,124.3,2234.1
6081,50.1,2887.9
6082,0,4038.2
6083,0,5328.4
6084,0,6438.7
6085,0,8348.8
6086,0,10031.9
6087,0,11438.3
6088,0,12314.9
6089,0,12285.3
6090,0,11318.7
6091,0,8878.3
6092,0,7291.4
6093,0,5952
6094,0,4436
6095,0,3709.5
6096,0,3354.7
6097,0,3064.9
6098,0,2829.2
6099,0,2643.1
6100,0,2560.5
6101,0,2895.8
6102,0,3273.6
6103,0,3087.9
6104,0,2380.3
6105,0,2584.1
6106,0,3255
6107,0,3760.7
6108,0,3913.2
6109,0,4134.1
6110,0,4207.2
6111,0,4072.1
6112,0,4884.1
6113,0,4700.4
6114,0,4721.2
6115,0,4129.8
6116,0,3449.4
6117,0,2724.2
6118,0,1739.8
6119,278.4,883.4
6120,1296.7,456.9
6121,3142.3,192.2
6122,4865.4,65.8
6123,6019.4,12.5
6124,7107.5,0
6125,7964.3,0
6126,7722.7,64.2
6127,6133.8,302
6128,5050.3,502.2
6129,3200.4,1745.2
6130,1334.4,3447.7
6131,468.1,4938
6132,21.9,6147.8
6133,0,7464
6134,0,9276.9
6135,0,11003.7
6136,0,12104.3
6137,0,12404.1
6138,0,11776.1
6139,0,8758.3
6140,0,6312.6
6141,0,4942.6
6142,0,3695.1
6143,0,2559.7
6144,0,1619.7
6145,0.9,1148.9
6146,185,793.4
6147,770.4,550.5
6148,1563.5,448.5
6149,2638.7,419.7
6150,3142.3,575
6151,2886.3,884.1
6152,2247.9,1656
6153,997.5,3469.7
6154,379.6,5170.6
6155,41.2,6468.9
6156,0,7548
6157,0,9882.9
6158,0,11970.2
6159,0,13479.4
6160,0,14353.9
6161,0,14498.2
6162,0,13247.4
6163,0,9637.8
6164,0,7141.4
6165,0,4970.2
6166,0,3308.4
6167,0,2127.9
6168,0,1213.6
6169,152.4,851.4
6170,547.5,703.2
6171,1236.1,543.4
6172,1895.4,509.3
6173,2036.7,649.3
6174,1966.4,962.6
6175,1862,1217.9
6176,1994.3,1134.5
6177,1269.7,1802.1
6178,612.4,2517.7
6179,159.5,3525.1
6180,0,4593.6
6181,0,5097.4
6182,0,4857.1
6183,0,4837.1
6184,0,4721.3
6185,0,4458.7
6186,0,4673.1
6187,0,4250.5
6188,0,3963.4
6189,0,3583.2
6190,0,2761.1
6191,1.8,1946
6192,234,1282.5
6193,453.9,1017.7
6194,852.8,826.4
6195,1441.2,651.3
6196,1968.8,583.8
6197,2038.8,685.1
6198,1742.3,984.2
6199,1814.5,1094.3
6200,2480.8,762.7
6201,2713.5,693.1
6202,2473.9,803.6
6203,1908.7,1047.8
6204,1580.1,1173.4
6205,1290.5,1315.9
6206,623.4,1768.1
6207,118,2214.9
6208,0,2919.2
6209,0,3894.2
6210,0,4231.5
6211,0,4060.2
6212,0,3916.8
6213,0,3660.9
6214,0,3001.9
6215,0,2310
6216,0,1697.6
6217,0,1431.2
6218,39.2,1252.8
6219,336.5,962.7
6220,491.1,926.2
6221,447.8,1192.6
6222,370.9,1621.7
6223,350.5,1843.2
6224,374.9,1765.2
6225,65.9,3037.2
6226,0,4683.4
6227,0,6354.2
6228,0,8726.5
6229,0,11807.5
6230,0,15222.4
6231,0,18272
6232,0,20734
6233,0,21698.1
6234,0,20078.8
6235,0,16447
6236,0,12709.7
6237,0,10061.6
6238,0,7662.8
6239,0,5527.1
6240,0,3655.9
6241,0,2892.1
6242,0,2606.5
6243,0,2314.3
6244,0,2141.3
6245,0,2243.6
6246,0,2609.4
6247,0,3072.1
6248,0,2850.2
6249,0,4808.6
6250,0,5877
6251,0,9405.4
6252,0,11445.6
6253,0,13329.6
6254,0,12160.6
6255,0,10815.6
6256,0,12186.8
6257,0,12698.2
6258,0,11642
6259,0,10275
6260,0,9579
6261,0,8072.4
6262,0,5125.8
6263,0,3652
6264,0,2970.9
6265,0,2709.6
6266,0,2491
6267,0,2280.2
6268,0,2220.9
6269,0,2526.7
6270,0,3154
6271,0,3499.4
6272,0,3457.8
6273,0,3541.8
6274,0,4179.9
6275,0,4907.1
6276,0,5523.9
6277,0,6485.3
6278,0,7432.7
6279,0,7913.5
6280,0,9097.9
6281,0,9591.7
6282,0,9750.6
6283,0,9467.4
6284,0,8536.9
6285,0,6676.2
6286,0,4135.9
6287,0,2652.3
6288,0,1683.9
6289,0,1071.6
6290,0,684
6291,0,503.4
6292,0,422.7
6293,72.7,467.3
6294,342.9,670.2
6295,723.5,728.2
6296,1346.5,485.6
6297,1483.8,539.8
6298,1350.6,816.2
6299,1136,1136.7
6300,866,1373.4
6301,735.7,1691.7
6302,665.1,1814.8
6303,420.6,1988.6
6304,93.8,2636.7
6305,1.1,2571.8
6306,0,2991.5
6307,79.4,2576.3
6308,301.1,2363.7
6309,746.8,1993.1
6310,1724.8,1231.9
6311,3134.5,759.9
6312,4511.7,402.9
6313,5956.5,147.7
6314,7060.8,13.3
6315,7250.1,0
6316,7376,4.1
6317,7320.7,62.7
6318,6722.9,326
6319,6493.3,434.1
6320,7027.5,234.3
6321,6814.6,240.5
6322,6053.8,374.1
6323,5042.1,523.6
6324,4151.5,665.5
6325,3529.1,934
6326,2325.1,1726.6
6327,925.5,3036.9
6328,388.4,2985.7
6329,134.8,3153.1
6330,142.1,2824.1
6331,218.2,2432.2
6332,571.3,2137.2
6333,964.3,1802.5
6334,1823.7,1208.8
6335,2914.8,792.5
6336,3957.1,490.6
6337,4654.6,336.5
6338,4953.6,269.3
6339,5181.2,225.8
6340,5343.4,222.5
6341,5060.8,352
6342,4358.8,615.5
6343,3977.8,737.2
6344,4494.4,531.8
6345,4317,510.8
6346,3879.6,565.4
6347,3248.6,640.3
6348,2456.5,763.6
6349,1576.6,1196.5
6350,1024.5,1273.5
6351,349.1,1752.3
6352,155.8,2080.4
6353,0,2420.5
6354,0,2964.9
6355,19.3,2538.4
6356,378.6,2099
6357,743.7,1745.6
6358,1817.8,1101
6359,3298.1,671.1
6360,4872.1,307.5
6361,5989.9,108.8
6362,6944.6,8
6363,7903.2,0
6364,8764.7,0
6365,9073.2,0
6366,8875,8.9
6367,7753.5,149.3
6368,6560.5,267
6369,4537.4,967.4
6370,2505.4,2167.5
6371,1362.6,3323.2
6372,700.8,4152.5
6373,147.3,4931.7
6374,0,5228.4
6375,0,5352.1
6376,0,6746.4
6377,0,7516.6
6378,0,6777
6379,0,4803.2
6380,0,3716.6
6381,11.4,2804.5
6382,547.3,1734.2
6383,1670.6,951.3
6384,2627.4,505.4
6385,3396.1,388.1
6386,4935.5,273
6387,5685.2,221.8
6388,6273.6,194.3
6389,6320.9,235.5
6390,5657,445.1
6391,5014.8,620.7
6392,4593.1,600.3
6393,3577.8,917.4
6394,2214.7,1605.8
6395,969.8,3006
6396,170.6,4617.5
6397,0,5648
6398,0,6806.6
6399,0,8461
6400,0,9506.7
6401,0,9762.9
6402,0,9118.7
6403,0,7466.8
6404,0,6260.8
6405,0,5132.5
6406,0,3908.1
6407,0,2910.1
6408,0,1911.2
6409,4.3,1395.5
6410,130,1076.6
6411,471.5,794.5
6412,1135.9,591.1
6413,1769.5,584.8
6414,2060.5,752.4
6415,1976.6,1007.9
6416,1863.8,1478.9
6417,1232.7,2830.9
6418,740.2,4038.3
6419,412.8,4979.4
6420,113.1,5644.4
6421,4.4,5142.3
6422,14.2,4022.7
6423,82.2,3385.6
6424,94.2,3271.3
6425,34,3185.2
6426,4.1,3462.1
6427,79.1,3115.3
6428,237,2812.5
6429,531.5,2367
6430,1121.4,1641.3
6431,2015.4,1035.3
6432,3000.2,605.6
6433,3622.6,471
6434,4593.7,308.2
6435,5426.6,195
6436,5738,174.1
6437,5364.7,289.9
6438,4473.8,600.5
6439,4238.2,703.6
6440,4575.3,537.2
6441,3955,660.8
6442,3282.6,811.2
6443,2663.4,1117.3
6444,1955.3,1331.2
6445,1176.5,1863
6446,1021.7,1870.4
6447,738.8,2084.1
6448,38.6,3258.4
6449,0,3752.1
6450,0,3332.6
6451,66,2744.6
6452,248,2392.8
6453,895.3,1879.8
6454,2036.9,1171.6
6455,3081.2,770
6456,3497.8,574.5
6457,3809.2,484.3
6458,4930.1,309.2
6459,5941,157.3
6460,6477.9,97.9
6461,6586.9,168.5
6462,5881.9,435.9
6463,5482.5,559.8
6464,5593.5,438.3
6465,5327.6,456.3
6466,4690.5,564.3
6467,3722.8,902.4
6468,2851,1254.6
6469,1868.7,2005.9
6470,1014,3064.1
6471,693,2832.1
6472,602.2,2857.8
6473,457.5,2568.3
6474,331.7,2684.7
6475,595.5,2343.3
6476,1342.9,1875.7
6477,1892.4,1585.9
6478,2859.9,1085.8
6479,4224.9,658.7
6480,5677.5,293.3
6481,6569.5,132.7
6482,7182.7,69.2
6483,7864.5,14.2
6484,8294.8,0
6485,8057.4,33.9
6486,7559.5,175.8
6487,7469.7,241.3
6488,8279.9,54.1
6489,8278.1,54.6
6490,7343.4,163.9
6491,6972.5,162.7
6492,6410.6,235.2
6493,5532.6,424.9
6494,4701.6,767.6
6495,4728.7,701.1
6496,4638.3,676.1
6497,3888.5,864.3
6498,3373.8,1116.1
6499,3592.7,1085.1
6500,3783.3,1045.7
6501,4147.2,942.8
6502,5222.9,627.3
6503,6397.6,300.1
6504,7636.4,49
6505,8386.3,0
6506,8886.3,0
6507,9285.5,0
6508,9142.2,0
6509,8511.2,0
6510,7645.5,91.2
6511,7259,186.4
6512,7737.6,29.3
6513,7037.7,72.8
6514,6034,191.1
6515,4921.3,356.2
6516,3795.8,513.7
6517,3151.6,568.5
6518,2445.5,761.2
6519,1991.1,941.2
6520,1792.5,1098.3
6521,1010.2,1245.3
6522,445.9,1606.4
6523,536.8,1537.5
6524,690.2,1478.1
6525,1035.3,1318.9
6526,1985.7,963.4
6527,3088.3,631.7
6528,4073.2,349.1
6529,4619.1,227.3
6530,5088.7,142.1
6531,5255.1,108.4
6532,5215.6,132.9
6533,4662.6,292.7
6534,3713.6,584.1
6535,3252.4,708.5
6536,3792.2,492.1
6537,3671.3,462.4
6538,2776.2,602.4
6539,1414.9,894.8
6540,598.8,1167.6
6541,196.3,1371.2
6542,29,1484.8
6543,0,1858.2
6544,0,2567.8
6545,0,3367.5
6546,0,3507.5
6547,0,3110.6
6548,0,2786.6
6549,0,2434.5
6550,6.3,1674.7
6551,523.4,963.7
6552,2009.6,561.7
6553,3607.6,330
6554,4858,169
6555,5949.4,46.9
6556,6950,4.5
6557,7592.8,5.6
6558,7771.2,113.6
6559,8199.5,130.7
6560,6390.4,299.8
6561,3290.9,1216.9
6562,1232.7,2754.7
6563,425.8,4103.8
6564,15.5,5400.1
6565,0,6906.7
6566,0,9042.9
6567,0,10747.5
6568,0,11593.6
6569,0,12082.2
6570,0,9983.4
6571,0,7626.1
6572,0,6235.4
6573,0,4702.6
6574,0,3395.6
6575,0,2616
6576,0,1879.3
6577,10,1258.7
6578,361.3,774
6579,1048.1,561.1
6580,1319.9,561.3
6581,1174.4,752.9
6582,1393.6,999.8
6583,1793.7,1067.8
6584,1201.6,1614.8
6585,527.8,3108.8
6586,109.9,4670.4
6587,0,6100.1
6588,0,6341.9
6589,0,4440.9
6590,0,4584
6591,0,4973.7
6592,0,5327.3
6593,0,5350.3
6594,0,4793.9
6595,0,4198.7
6596,0,3720.9
6597,0,3249.1
6598,0,2496.7
6599,55.1,1685.8
6600,402.5,1113.8
6601,861.1,858.7
6602,1436.4,634.2
6603,2084.9,515.5
6604,2559.8,469
6605,2864.5,535.5
6606,2667.5,762.4
6607,3042.9,790.5
6608,4181.3,503.3
6609,3641.9,630.4
6610,2562.4,1205.3
6611,1272.8,3155.1
6612,854.7,4248.1
6613,475.1,5124.2
6614,84.6,5362.8
6615,0,4415.9
6616,0,5780.4
6617,0,5525.9
6618,0,4964.9
6619,0,4013
6620,0,3537.4
6621,135.4,2700.5
6622,1017.1,1553.8
6623,2444.5,777.8
6624,4307.2,347.6
6625,5446,245.4
6626,6208.3,190.5
6627,7627.3,90.1
6628,9476.3,6.5
6629,10014.4,0
6630,9079,113.3
6631,8519.9,181.5
6632,7569.3,314.1
6633,5991.2,719.5
6634,5068.9,1017.1
6635,3835.4,1662.7
6636,2448.9,2644.5
6637,1944.5,2981.6
6638,1687.8,3753.5
6639,1441.7,3808
6640,1082.4,3363.4
6641,678.2,3296.4
6642,873.6,2960.5
6643,1450.9,2304.9
6644,2325.3,1871.2
6645,3372,1443.2
6646,5353.9,766.6
6647,7547.1,367.9
6648,9637.2,139.6
6649,10871.4,19.9
6650,11779.5,0
6651,12566.5,0
6652,13238.9,0
6653,13985.8,0
6654,14067.1,0
6655,14321.8,0
6656,14019.9,0
6657,14574.2,0
6658,14091.9,0
6659,13135,0
6660,13113.3,0
6661,13080.5,0
6662,12962.5,0
6663,12786.5,0
6664,11661.8,0
6665,10596.7,0
6666,10494.4,39.2
6667,11368.3,2.9
6668,11972,0
6669,13083,0
6670,15307.3,0
6671,16999.9,0
6672,18764,0
6673,19909.6,0
6674,20735.5,0
6675,21603.1,0
6676,22441.7,0
6677,22649,0
6678,22095.1,0
6679,21569.4,0
6680,19963.6,0
6681,17002.9,0
6682,13965.9,0
6683,11673.9,87.5
6684,10331.3,194.7
6685,9787.4,12.1
6686,9241,0
6687,8695.8,10
6688,7780.8,51.9
6689,5914.1,265.8
6690,6755.8,200.9
6691,8254.8,90.2
6692,9852.8,10.3
6693,10975.2,0
6694,12649.3,0
6695,15058,0
6696,17594.9,0
6697,19401.6,0
6698,20795.4,0
6699,21915.5,0
6700,22808.9,0
6701,24210.2,0
6702,24071.8,0
6703,22131.5,0
6704,18610.6,0
6705,14064.9,0
6706,10544.9,4.3
6707,7454.2,332
6708,5007.4,776.6
6709,3676.2,1161.1
6710,2699.1,1484.8
6711,1803.5,1721.6
6712,1183.2,1808.9
6713,798.3,1652.4
6714,1263.2,1098.6
6715,2123.1,759.4
6716,2734.1,616.4
6717,3321.4,507.1
6718,5752.1,254.9
6719,7550,63.1
6720,9355.7,0
6721,10730.1,0
6722,11192.1,0
6723,11814.6,0
6724,12503.3,0
6725,12355.4,0
6726,11383.9,0
6727,10733.1,0
6728,9811.7,0
6729,9298.3,0
6730,9416.1,0
6731,9125.3,0
6732,10744.3,0
6733,11332.9,0
6734,10148.9,0
6735,9930,0
6736,8763.7,0
6737,6634,12.1
6738,5473,177.1
6739,5140.1,199.6
6740,4776.8,215.7
6741,4821.1,198.9
6742,5277.6,103.9
6743,5740,4.6
6744,6842.6,0
6745,7700.7,0
6746,8389.1,0
6747,9078.2,0
6748,9534.4,0
6749,9186,0
6750,8380.8,0
6751,8134.6,0
6752,6700.2,5
6753,4158.6,246.6
6754,1877.1,781.9
6755,944.7,1242.8
6756,337.5,1218.7
6757,6.8,2075.2
6758,0,1537.1
6759,0,1229.7
6760,0,1648.8
6761,0,1885
6762,0,1787.1
6763,0,1680
6764,0,1504.7
6765,0,1024.7
6766,64.9,600.6
6767,345.7,445.4
6768,948,299.3
6769,1421.2,226.6
6770,2010.8,134.8
6771,2135.3,117.7
6772,2062.5,135.5
6773,1364.9,265.2
6774,660,421.8
6775,468.6,449.8
6776,743,365.2
6777,747.6,340.2
6778,710.5,347.3
6779,719.2,347.3
6780,554.3,358.5
6781,370,368
6782,510.3,334.8
6783,1291.9,274.7
6784,1821.5,312.8
6785,1235.3,705.4
6786,938.2,953.4
6787,1783.2,803.7
6788,2767.1,657
6789,3244.3,574.9
6790,3919.5,353.3
6791,5149.3,136
6792,7044.8,1.3
6793,8235.6,0
6794,8959.8,0
6795,10038.1,0
6796,10892.5,0
6797,11064.4,0
6798,11170.4,0
6799,11224.6,0
6800,9798.9,3
6801,7074.2,282.4
6802,4110.3,1241.3
6803,2256,2617.3
6804,1358,3561.1
6805,666.9,4415.8
6806,204.5,5017.8
6807,8.3,5328
6808,0,5572.7
6809,0,4886.7
6810,0,3895.3
6811,0,3212.6
6812,70.1,2561.4
6813,450,1951.4
6814,968.9,1386.8
6815,1625.7,837.4
6816,2284.3,508.8
6817,3064.3,394.2
6818,3940.4,302.6
6819,4931.6,227.3
6820,6185.6,151.8
6821,7188.8,126.4
6822,7139.9,206.5
6823,7288.7,218.5
6824,7368.8,152.8
6825,6151,219.2
6826,4557.2,405.6
6827,2033.8,1935.1
6828,1228.2,3108.7
6829,777.6,4207.2
6830,444.9,4295.4
6831,379.7,3055.4
6832,88,3177.2
6833,38.6,2799.6
6834,163.3,2631.4
6835,380.4,2286.4
6836,630.1,2035
6837,957.6,1723.6
6838,1893,1097.2
6839,3645.3,523.8
6840,5429.4,289.9
6841,6181.8,211.5
6842,6807,154.7
6843,7217.4,115.1
6844,7367.5,106.2
6845,7224,153.6
6846,6578.1,266.2
6847,6646.3,276.1
6848,7849.3,121.7
6849,8302.4,52.6
6850,8820.4,0
6851,8694.8,0
6852,8542.8,0
6853,8655.5,0
6854,8022.5,0
6855,8444.3,0.9
6856,7267,71.2
6857,5022.8,454
6858,4680.3,665.7
6859,5006,614.3
6860,5448.8,542.7
6861,6463,377.3
6862,8197.8,104.5
6863,10192.7,0
6864,12246.1,0
6865,13801.8,0
6866,14653.2,0
6867,15345.1,0
6868,15767.3,0
6869,15400.2,0
6870,13966.1,0
6871,13424.2,0
6872,13994.8,0
6873,12821,0
6874,10049.2,0
6875,9064,0
6876,7577.4,22.7
6877,5465.6,191.7
6878,4576,256.8
6879,4107.3,279.4
6880,3825.1,272.3
6881,3770.9,347.4
6882,4349.2,376.3
6883,5635.4,287.9
6884,6934.2,201.4
6885,8273.1,98.8
6886,10374.1,0
6887,12550.2,0
6888,14638.5,0
6889,16430.4,0
6890,17479.6,0
6891,18629.4,0
6892,19759.4,0
6893,20267.7,0
6894,20075.1,0
6895,20118.6,0
6896,21318.7,0
6897,21075,0
6898,18842.9,0
6899,16128.5,0
6900,15495.4,0
6901,11784.5,0
6902,10882.5,0
6903,9560.2,0
6904,7526.2,0
6905,7303.8,3
6906,7696.7,4.5
6907,8411.4,0
6908,9141.7,0
6909,10564.3,0
6910,12615.8,0
6911,14574.1,0
6912,16368.2,0
6913,17682.4,0
6914,19024.2,0
6915,20284.9,0
6916,21231.3,0
6917,21132.8,0
6918,19867.9,0
6919,19212.1,0
6920,18385.3,0
6921,18982.6,0
6922,18442.9,0
6923,17324.3,0
6924,15183.2,0
6925,11616.7,0
6926,9694.1,0
6927,7895.4,0
6928,6681.4,0
6929,5892.3,0
6930,6717.7,0
6931,8198.5,0
6932,10075.3,0
6933,12205.7,0
6934,14436.4,0
6935,16691,0
6936,19620.8,0
6937,22598.6,0
6938,23987.4,0
6939,25509.6,0
6940,25934.1,0
6941,25694.4,0
6942,25496.9,0
6943,25008.5,0
6944,21476.5,0
6945,16828.8,0
6946,13459.6,0
6947,10665.3,2.6
6948,8454,278.7
6949,6354.6,936.4
6950,4617.3,1285.7
6951,3667.1,1362.7
6952,2759.3,1358
6953,2107.8,834.2
6954,2174.6,655.8
6955,2753.7,517.4
6956,3445.2,419.9
6957,4524.4,302.6
6958,6261.8,103.6
6959,8067.2,0
6960,9700.2,0
6961,10763.3,0
6962,11843.6,0
6963,12479.3,0
6964,12632.5,0
6965,12244.9,0
6966,11527.5,0
6967,11769,0
6968,12613.3,0
6969,13045.8,0
6970,13604.1,0
6971,12945.1,0
6972,11967.8,0
6973,11365.9,0
6974,10562.9,0
6975,8066.9,0
6976,5817.6,0
6977,4583.2,91.9
6978,5423,57.8
6979,7389.7,0
6980,8552.4,0
6981,10244.3,0
6982,12280.8,0
6983,14713.8,0
6984,16865.1,0
6985,18379.9,0
6986,18956.1,0
6987,19085.5,0
6988,19390.7,0
6989,19043.7,0
6990,17822.7,0
6991,17370.1,0
6992,17048.6,0
6993,16258.5,0
6994,13599.1,0
6995,9814.3,0
6996,6386,0
6997,5234.5,0
6998,5290.7,0
6999,4732.2,0
7000,4097.3,0
7001,3164.3,0
7002,3330.9,9.2
7003,4797.7,0
7004,5500.9,0
7005,7202.8,0
7006,10073.6,0
7007,12432.3,0
7008,14756,0
7009,16487,0
7010,17484.2,0
7011,18350.6,0
7012,18447.6,0
7013,17570.8,0
7014,16269.9,0
7015,15637.4,0
7016,15213.2,0
7017,13514.1,0
7018,10238,0
7019,7136.1,0
7020,4860.4,0
7021,4228.1,6.2
7022,3309,176.3
7023,2917,225.4
7024,2251.2,386.2
7025,2031.9,255.7
7026,2948.2,206.4
7027,3307.3,168.9
7028,3812.9,137.4
7029,5179.1,35.9
7030,7135.4,0
7031,9597.9,0
7032,12441.5,0
7033,14319.5,0
7034,16099.1,0
7035,17693.3,0
7036,18866.2,0
7037,19500.6,0
7038,19605.9,0
7039,19748.6,0
7040,17946.1,0
7041,13736.7,0
7042,10364.1,0
7043,7849,115.6
7044,6499.1,115.2
7045,4517.5,324.3
7046,5079.1,50
7047,5854.4,0
7048,5861.3,0
7049,5224.7,106.3
7050,5497.4,159.2
7051,6653.1,79.7
7052,8182.4,2.3
7053,9055.8,0
7054,11074,0
7055,13601.4,0
7056,15863.6,0
7057,17249.7,0
7058,18698.5,0
7059,19680.6,0
7060,19436.4,0
7061,18589,0
7062,18053.6,0
7063,17716.3,0
7064,17043.8,0
7065,15684.7,0
7066,12568.5,0
7067,10391.3,0
7068,8522.2,0
7069,5748.7,202.3
7070,3887.2,469.1
7071,2836.7,499.7
7072,2408.2,511.2
7073,2570.7,475.4
7074,3336.5,403.3
7075,3841.8,339.5
7076,4483.6,274.5
7077,5164.8,205
7078,6293.6,53.3
7079,7614.8,0
7080,8409.2,0
7081,10334,0
7082,11682.4,0
7083,11389.5,0
7084,10729,0
7085,10082.7,0
7086,8917.5,0
7087,8328,0
7088,8247.5,0
7089,7066.4,11.2
7090,4226.4,447
7091,2311.5,1173.8
7092,1574.1,2194
7093,1014,3134.1
7094,422,3460.8
7095,174.4,3642.8
7096,25.6,3687.8
7097,16.5,2704
7098,5.8,2173.4
7099,69.7,1842.4
7100,114.7,1591.7
7101,265.4,1312.5
7102,1362.5,725.9
7103,2326,453.5
7104,3179,284
7105,3917.8,195.5
7106,4937.2,112
7107,6040.7,27.2
7108,7370.7,0
7109,7522.3,0
7110,5884,124.3
7111,6510.6,119.6
7112,8180.7,7.2
7113,9087.6,0
7114,8872.6,0
7115,8943.5,0
7116,8941.5,0
7117,9153.2,0
7118,9444.6,0
7119,9856.1,0
7120,10296.5,0
7121,10072.6,0
7122,9926.8,0
7123,10694.6,0
7124,11581.4,0
7125,12725.3,0
7126,14956.8,0
7127,17207.7,0
7128,19228.4,0
7129,20226,0
7130,20686.4,0
7131,21173.6,0
7132,21437.4,0
7133,20858.7,0
7134,19602.6,0
7135,19343.2,0
7136,20154.9,0
7137,20257.3,0
7138,19858.4,0
7139,19733.4,0
7140,19586.4,0
7141,19176.5,0
7142,19137.7,0
7143,19565.1,0
7144,18273.6,0
7145,16910.6,0
7146,16007.7,0
7147,16200.6,0
7148,16501.8,0
7149,17183.7,0
7150,19052,0
7151,20960.2,0
7152,22613.1,0
7153,23471.8,0
7154,24014.9,0
7155,24360.6,0
7156,24421,0
7157,24067.2,0
7158,22462.7,0
7159,21739,0
7160,22490.2,0
7161,22652,0
7162,22263.8,0
7163,21847.8,0
7164,21161.6,0
7165,20583.6,0
7166,20805.9,0
7167,19901.8,0
7168,19165.8,0
7169,17710.1,0
7170,16620.3,0
7171,16916.7,0
7172,17494.5,0
7173,18380.2,0
7174,20124.6,0
7175,22152.7,0
7176,24062.9,0
7177,24990.6,0
7178,25916.7,0
7179,26567,0
7180,26638.1,0
7181,25700.6,0
7182,23819.2,0
7183,23550.4,0
7184,23732.1,0
7185,23100.8,0
7186,21344.1,0
7187,19089.6,0
7188,15489.2,0
7189,13475.6,0
7190,11046.5,0
7191,9365.6,0
7192,8355.8,0
7193,7945.5,0
7194,8525.9,0
7195,9643.6,0
7196,10730.9,0
7197,12195.4,0
7198,14626.3,0
7199,17237.7,0
7200,19623.9,0
7201,21466.7,0
7202,22246.8,0
7203,22305.4,0
7204,22385.4,0
7205,22041.8,0
7206,20314.9,0
7207,19801.4,0
7208,18605.5,0
7209,14595.3,0
7210,11031.9,0
7211,8262.9,0
7212,5794,0
7213,4156.4,0
7214,3157.1,0
7215,2531.8,0
7216,2240.9,0
7217,1511.6,0
7218,1378.4,0
7219,1966.4,0
7220,2794.5,0
7221,3967.1,0
7222,5780.8,0
7223,8384.6,0
7224,10716.1,0
7225,12309.5,0
7226,13930.8,0
7227,15355.7,0
7228,16363.9,0
7229,16474.4,0
7230,15772.7,0
7231,16011.9,0
7232,17577.5,0
7233,17290.5,0
7234,13156.4,0
7235,10114.2,0
7236,7797.5,139.9
7237,5844.3,465.2
7238,4924.8,696.1
7239,4492.6,734.1
7240,4076.6,662.7
7241,4423.1,520.5
7242,5527.9,344.8
7243,7094.6,201.5
7244,8270.5,99.1
7245,9720.4,11.7
7246,11771.1,0
7247,13955.3,0
7248,16169.2,0
7249,16887.4,0
7250,17770.1,0
7251,18414,0
7252,18457.6,0
7253,17869.3,0
7254,16842.9,0
7255,16773.7,0
7256,17772.9,0
7257,17297,0
7258,16259,0
7259,16606.2,0
7260,16417.2,0
7261,16110.7,0
7262,16320.7,0
7263,16048.5,0
7264,14823.9,0
7265,12405.2,0
7266,11231.3,0
7267,11178.8,0
7268,11265.5,0
7269,11413.5,0
7270,12327.3,0
7271,13766.7,0
7272,15349.5,0
7273,16025.7,0
7274,16102.6,0
7275,16089.7,0
7276,15755.1,0
7277,14713.9,0
7278,13123,0
7279,12573.7,0
7280,13595.5,0
7281,13394.1,0
7282,11944.7,0
7283,10607.1,0
7284,10131.5,0
7285,9630.1,0
7286,9130.3,0
7287,8894.7,0
7288,8073.8,0
7289,6442.4,0
7290,5481.9,0
7291,5516.7,0
7292,5697.1,0
7293,5486.2,0
7294,6667.9,0
7295,9269.9,0
7296,12260.2,0
7297,14621.4,0
7298,16890.2,0
7299,19056.7,0
7300,21019.4,0
7301,21677,0
7302,20994.3,0
7303,21169.2,0
7304,22497.9,0
7305,22843.4,0
7306,22047.6,0
7307,20987.8,0
7308,20132.2,0
7309,19449.2,0
7310,19559.3,0
7311,19747.2,0
7312,18814.5,0
7313,17470.6,0
7314,17004.6,0
7315,17600.7,0
7316,18625.5,0
7317,19876.7,0
7318,22350.3,0
7319,25161.6,0
7320,27607.1,0
7321,28919.7,0
7322,30465.2,0
7323,32173.5,0
7324,33170.1,0
7325,32829.1,0
7326,32091,0
7327,32853.6,0
7328,31548.5,0
7329,30200.8,0
7330,27044,0
7331,25889.8,0
7332,24707.1,0
7333,25125.2,0
7334,25225,0
7335,24420.5,0
7336,22803,0
7337,22525.7,0
7338,22921.7,0
7339,24608,0
7340,26480.9,0
7341,29432.2,0
7342,33240.3,0
7343,36767.4,0
7344,40251.4,0
7345,43380,0
7346,45960.4,0
7347,47496.9,0
7348,47616.3,0
7349,46817.6,0
7350,45239.3,0
7351,44775.9,0
7352,41333.6,0
7353,35329.6,0
7354,30721,0
7355,30211.8,0
7356,26595.8,0
7357,23188.5,0
7358,21224,0
7359,20190.1,0
7360,19292.2,0
7361,18670.8,0
7362,18705.4,0
7363,19793.6,0
7364,20980.9,0
7365,22322.7,0
7366,24692.7,0
7367,26731.5,0
7368,28787.1,0
7369,29612.2,0
7370,30058.1,0
7371,30226.5,0
7372,30034.7,0
7373,29027,0
7374,26939.1,0
7375,26505.6,0
7376,28212.6,0
7377,27681.1,0
7378,26571.2,0
7379,24330.7,0
7380,22519.7,0
7381,22181.6,0
7382,21184.6,0
7383,20218.4,0
7384,19119,0
7385,17101.1,0
7386,15804.9,0
7387,15798.1,0
7388,15969.9,0
7389,16410.2,0
7390,18046.5,0
7391,19712.4,0
7392,21092.4,0
7393,21625,0
7394,22046.3,0
7395,22006.7,0
7396,21499,0
7397,20335.3,0
7398,18516.6,0
7399,18266.6,0
7400,20153,0
7401,20082,0
7402,18751.3,0
7403,17553.5,0
7404,17243.5,0
7405,17355.8,0
7406,17093.2,0
7407,16848.5,0
7408,16169,0
7409,14751.7,0
7410,13978.4,0
7411,14363.2,0
7412,14897.8,0
7413,16184.7,0
7414,18812.4,0
7415,21357.3,0
7416,23613.6,0
7417,24789.5,0
7418,25947.8,0
7419,27311.7,0
7420,28705,0
7421,29080.9,0
7422,28140.6,0
7423,26589,0
7424,25775.6,0
7425,25464,0
7426,24118.5,0
7427,22348.8,0
7428,21089.5,0
7429,20894.7,0
7430,20530,0
7431,20153,0
7432,19841.5,0
7433,19148.3,0
7434,17753.5,0
7435,16279.5,0
7436,16081.9,0
7437,16019.9,0
7438,16462.1,0
7439,17924.4,0
7440,19731.5,0
7441,21006.9,0
7442,21194.2,0
7443,21411.2,0
7444,21248.6,0
7445,20881.1,0
7446,19755.5,0
7447,18004,0
7448,17141.3,0
7449,17293.8,0
7450,17127.6,0
7451,15864.1,0
7452,14060.9,0
7453,13336.6,0
7454,12905.8,0
7455,12042,0
7456,12449.1,0
7457,11944.5,0
7458,10658.9,0
7459,9614,0
7460,9804,0
7461,10239.8,0
7462,10992.1,0
7463,12757.6,0
7464,14561.2,0
7465,16259.1,0
7466,17136.4,0
7467,17363.5,0
7468,17116.3,0
7469,16758,0
7470,16029.7,0
7471,14856.6,0
7472,13518.3,0
7473,12076.1,0
7474,11049.4,0
7475,9905.4,0
7476,10086.4,0
7477,11712,0
7478,13617.8,0
7479,14408.3,0
7480,15266.3,0
7481,14786.5,0
7482,13039,0
7483,12654.1,0
7484,13799,0
7485,14967.7,0
7486,16133.2,0
7487,18153.6,0
7488,20419.1,0
7489,22673.9,0
7490,24037.3,0
7491,24998.3,0
7492,25962.1,0
7493,26353.5,0
7494,25622.6,0
7495,24042.3,0
7496,23447.9,0
7497,24088,0
7498,23852,0
7499,22702.6,0
7500,20542.8,0
7501,19525.6,0
7502,18547.4,0
7503,18044.6,0
7504,19223.1,0
7505,19327,0
7506,18256.9,0
7507,17658.1,0
7508,18402.1,0
7509,19036.5,0
7510,19995,0
7511,22267.3,0
7512,24729.9,0
7513,26843.4,0
7514,27923.1,0
7515,28660.9,0
7516,28812.2,0
7517,29000.9,0
7518,28753.1,0
7519,26868.3,0
7520,25772.1,0
7521,26093.7,0
7522,25716.6,0
7523,24822.7,0
7524,23780.9,0
7525,23163.5,0
7526,23108.2,0
7527,23830.8,0
7528,24105.6,0
7529,23367.2,0
7530,21928.1,0
7531,20326.4,0
7532,19750.7,0
7533,19060.1,0
7534,18980.1,0
7535,20398.1,0
7536,22228.2,0
7537,23040.3,0
7538,23364.9,0
7539,23432.7,0
7540,23134.2,0
7541,22616.1,0
7542,21932.4,0
7543,20716.5,0
7544,18744.3,0
7545,17351.4,0
7546,16179.7,0
7547,14843.3,0
7548,13974,0
7549,12919.2,0
7550,12347.2,0
7551,12562.9,0
7552,13755.2,0
7553,15735.3,0
7554,15997.2,0
7555,15801.7,0
7556,17136.9,0
7557,18859.7,0
7558,20926.2,0
7559,23765.7,0
7560,27600.5,0
7561,31333.7,0
7562,33133.1,0
7563,34480.5,0
7564,35152.3,0
7565,35190.8,0
7566,34005.7,0
7567,31818.2,0
7568,30583.4,0
7569,31781,0
7570,31422.6,0
7571,29484.6,0
7572,27749.5,0
7573,26592.7,0
7574,25813.2,0
7575,26003.3,0
7576,25971.8,0
7577,24918.1,0
7578,22217.8,0
7579,19994.9,0
7580,19835.1,0
7581,19887.8,0
7582,20143.3,0
7583,22022.8,0
7584,24372.4,0
7585,26615.8,0
7586,27607.2,0
7587,28188.9,0
7588,28914.9,0
7589,29157.3,0
7590,28676.4,0
7591,27238.6,0
7592,25495.1,0
7593,24944.6,0
7594,24475.3,0
7595,22101.9,0
7596,17436.4,0
7597,14429.7,0
7598,11593.5,0
7599,10307.8,0
7600,10116.9,0
7601,11603.2,0
7602,11899,0
7603,12175.1,0
7604,13764.5,0
7605,15048.8,0
7606,16732.4,0
7607,19688.1,0
7608,22909.7,0
7609,25421.4,0
7610,26988.4,0
7611,27392.9,0
7612,28041,0
7613,28754.2,0
7614,27760.4,0
7615,25962.5,0
7616,25479.2,0
7617,26769.6,0
7618,26658,0
7619,24851,0
7620,23991.3,0
7621,22740.8,0
7622,21951.2,0
7623,21694.6,0
7624,21880.3,0
7625,21082.5,0
7626,19080.1,0
7627,17528.1,0
7628,17802.9,0
7629,18295.4,0
7630,19460.9,0
7631,21696.7,0
7632,23900.7,0
7633,25598.3,0
7634,26673.2,0
7635,27515,0
7636,28034.3,0
7637,28442.3,0
7638,27735.4,0
7639,26286.2,0
7640,24919.5,0
7641,21880.7,0
7642,21485,0
7643,20286.9,0
7644,19173.5,0
7645,19734.7,0
7646,20165.2,0
7647,21193.1,0
7648,21883.2,0
7649,22399.4,0
7650,21652.1,0
7651,21471.3,0
7652,22534.5,0
7653,23555,0
7654,25856.3,0
7655,29988.3,0
7656,33837.1,0
7657,38083.1,0
7658,41515.7,0
7659,43915.2,0
7660,45567,0
7661,47130.5,0
7662,47841.5,0
7663,47519.2,0
7664,46371.9,0
7665,44144.4,0
7666,44255.4,0
7667,42109.1,0
7668,40599.1,0
7669,39452.4,0
7670,37961.8,0
7671,38251.2,0
7672,39607.9,0
7673,40384.9,0
7674,40424.7,0
7675,39682.7,0
7676,40714.2,0
7677,41424,0
7678,42452.6,0
7679,45048.7,0
7680,47605.8,0
7681,49626.9,0
7682,50567.9,0
7683,50832.3,0
7684,51094.8,0
7685,51061.8,0
7686,49701.6,0
7687,47672.9,0
7688,46230.3,0
7689,45659.2,0
7690,44873.4,0
7691,42228.3,0
7692,38634.2,0
7693,37388.4,0
7694,38761.3,0
7695,39193.9,0
7696,39008.4,0
7697,38607.5,0
7698,37862.6,0
7699,37407.3,0
7700,39439.1,0
7701,41268.8,0
7702,43170.7,0
7703,45888.5,0
7704,48688.9,0
7705,51798.1,0
7706,53573.5,0
7707,54766.3,0
7708,55962.5,0
7709,56496.8,0
7710,56142.8,0
7711,55190.6,0
7712,53292.3,0
7713,48811.1,0
7714,44637.7,0
7715,40738.3,0
7716,37645.4,0
7717,34704.5,0
7718,33686.8,0
7719,31496.9,0
7720,31278.7,0
7721,33751,0
7722,33375.4,0
7723,32537.7,0
7724,33539.7,0
7725,34470.9,0
7726,34915,0
7727,36388.9,0
7728,38348,0
7729,39937.9,0
7730,40180.6,0
7731,40204.5,0
7732,40205.7,0
7733,39549.7,0
7734,37767.3,0
7735,35523.7,0
7736,34263.5,0
7737,34216.8,0
7738,31122.7,0
7739,27358.9,0
7740,26377.2,0
7741,24614.1,0
7742,20483.7,0
7743,19963.2,0
7744,18562.3,0
7745,17430.9,0
7746,14830.2,0
7747,12374.6,0
7748,11438.2,0
7749,10796,0
7750,10894.9,0
7751,12494.4,0
7752,14243.1,0
7753,16069.8,0
7754,17185.6,0
7755,18486.5,0
7756,19613.5,0
7757,20232.6,0
7758,20019.4,0
7759,18987.1,0
7760,18374.5,0
7761,17820.9,0
7762,17952.4,0
7763,16130,0
7764,17467.8,0
7765,17954.3,0
7766,16479.1,0
7767,16239.1,0
7768,16687.8,0
7769,19464.4,0
7770,19872.7,0
7771,19901.4,0
7772,21443.9,0
7773,23427,0
7774,25436.7,0
7775,28438.7,0
7776,31577.2,0
7777,34165.9,0
7778,36305.9,0
7779,37908.1,0
7780,38311.6,0
7781,38372.1,0
7782,37532.2,0
7783,36354.3,0
7784,36025.9,0
7785,35817.1,0
7786,34332,0
7787,32918.4,0
7788,32805.5,0
7789,31860.2,0
7790,31177.8,0
7791,31060.8,0
7792,31526,0
7793,30794.4,0
7794,29432.9,0
7795,27485.3,0
7796,27705.9,0
7797,28460,0
7798,29390.9,0
7799,31658.2,0
7800,34458.7,0
7801,36887.2,0
7802,38241.7,0
7803,39650.4,0
7804,40963.4,0
7805,42076.3,0
7806,42832.7,0
7807,43062.5,0
7808,42165.8,0
7809,37885,0
7810,34447.5,0
7811,31057.9,0
7812,27802.7,0
7813,25039.9,0
7814,23264.5,0
7815,21959.5,0
7816,21902.4,0
7817,25583.5,0
7818,27383.8,0
7819,27616.6,0
7820,29078.9,0
7821,30967.4,0
7822,33095.2,0
7823,35348.5,0
7824,37450.2,0
7825,39786.6,0
7826,41773,0
7827,43022.7,0
7828,42864.7,0
7829,41833.5,0
7830,40561.7,0
7831,39049.4,0
7832,39683.7,0
7833,39905.9,0
7834,36840.6,0
7835,34241.6,0
7836,31892.8,0
7837,30460.8,0
7838,28933.7,0
7839,28356.7,0
7840,29177.4,0
7841,32740.4,0
7842,33717.1,0
7843,34436.7,0
7844,37052.2,0
7845,38707.1,0
7846,39952.9,0
7847,43544.8,0
7848,47343.6,0
7849,50710.9,0
7850,53050.2,0
7851,55408.4,0
7852,56668.7,0
7853,56089,0
7854,54647.8,0
7855,52126.9,0
7856,50107.2,0
7857,47759.4,0
7858,45761.4,0
7859,42319.9,0
7860,39453.1,0
7861,36211.6,0
7862,30045.2,0
7863,28384.5,0
7864,29705.7,0
7865,29804.9,0
7866,28647.2,0
7867,27754.1,0
7868,28126.4,0
7869,28189.4,0
7870,28305.1,0
7871,29497.3,0
7872,30843.6,0
7873,32375,0
7874,32588.8,0
7875,32954.3,0
7876,33391.8,0
7877,33222,0
7878,32161.1,0
7879,30679.6,0
7880,30637.9,0
7881,29766.6,0
7882,27092.7,0
7883,24092.4,0
7884,20950.9,0
7885,17292.9,0
7886,14804.1,0
7887,13622.5,0
7888,13551.1,0
7889,15504.5,0
7890,15184.3,0
7891,14548.2,0
7892,15987.9,0
7893,17551.1,0
7894,19484.3,0
7895,22905.6,0
7896,26264.4,0
7897,29311.4,0
7898,31257.2,0
7899,32032.5,0
7900,32594.8,0
7901,34311.6,0
7902,34644.5,0
7903,33325.9,0
7904,32361.6,0
7905,29731.2,0
7906,26202.7,0
7907,25852.6,0
7908,24049.5,0
7909,20059.9,0
7910,18337,0
7911,19521.7,0
7912,21002,0
7913,21398.7,0
7914,19862.1,0
7915,18718.8,0
7916,18981.1,0
7917,19394.9,0
7918,20323.4,0
7919,21804.1,0
7920,23459.8,0
7921,25254.6,0
7922,26040.8,0
7923,26344.8,0
7924,26605.5,0
7925,26661.4,0
7926,25695.8,0
7927,23976.6,0
7928,23304.5,0
7929,23902.5,0
7930,24427.8,0
7931,24001.5,0
7932,23559.7,0
7933,24830.8,0
7934,26325.4,0
7935,26797.8,0
7936,28185.1,0
7937,29416.1,0
7938,29918.6,0
7939,30636,0
7940,32931.4,0
7941,35347.5,0
7942,37817.7,0
7943,41612.7,0
7944,45399.4,0
7945,49008.4,0
7946,51529,0
7947,53497.7,0
7948,55402.7,0
7949,57218.1,0
7950,57779.3,0
7951,57292.1,0
7952,57193.4,0
7953,53209.1,0
7954,48303.8,0
7955,43615.7,0
7956,39806.1,0
7957,36579.6,0
7958,34504.9,0
7959,33735.5,0
7960,34364.6,0
7961,37259.3,0
7962,38719.9,0
7963,39195.6,0
7964,40788.5,0
7965,43002.3,0
7966,45360,0
7967,49130.3,0
7968,52839.8,0
7969,55834.1,0
7970,56771.6,0
7971,56626,0
7972,56534.3,0
7973,56393.2,0
7974,54282.8,0
7975,50919,0
7976,49209.1,0
7977,46991,0
7978,40780.3,0
7979,34585.4,0
7980,29367.3,0
7981,24732.9,0
7982,21164.4,0
7983,18448.2,0
7984,17362.7,0
7985,18261.3,0
7986,17051.8,0
7987,15968,0
7988,16466,0
7989,17411.7,0
7990,18832.2,0
7991,21392.6,0
7992,24135.8,0
7993,26421.9,0
7994,27811.1,0
7995,29245.4,0
7996,30472,0
7997,31137.1,0
7998,31549.1,0
7999,30439.3,0
8000,29675,0
8001,29344.1,0
8002,27224.2,0
8003,25167.8,0
8004,22868.4,0
8005,19099.4,0
8006,16543.1,0
8007,14150.7,0
8008,13636.7,0
8009,15299.5,0
8010,15045.4,0
8011,14776.8,0
8012,15606.3,0
8013,16807.5,0
8014,18689.9,0
8015,21881.5,0
8016,25214.7,0
8017,28183.3,0
8018,30380.4,0
8019,32434.2,0
8020,34408.8,0
8021,36702.4,0
8022,38591.1,0
8023,39103.9,0
8024,39629.1,0
8025,37961.2,0
8026,37034.6,0
8027,38668,0
8028,41016,0
8029,42019.3,0
8030,43211.2,0
8031,45023.3,0
8032,46338.8,0
8033,46231.7,0
8034,45607,0
8035,44591.3,0
8036,45350.1,0
8037,46307.7,0
8038,47709.7,0
8039,50363.5,0
8040,53132.5,0
8041,55749.1,0
8042,57311.1,0
8043,58489.2,0
8044,59959.5,0
8045,61396.4,0
8046,61896.4,0
8047,60688.1,0
8048,59068.7,0
8049,55070.9,0
8050,50056.9,0
8051,45621.3,0
8052,41911.7,0
8053,38653.9,0
8054,35977.1,0
8055,34453.8,0
8056,34941.4,0
8057,38519.8,0
8058,38770.8,0
8059,38663.8,0
8060,40338.3,0
8061,42212.6,0
8062,44177.2,0
8063,47116.6,0
8064,50100.2,0
8065,51875,0
8066,51913.9,0
8067,51380.1,0
8068,51085,0
8069,50692.4,0
8070,49191,0
8071,46847,0
8072,45833.9,0
8073,46694.6,0
8074,46654.8,0
8075,45733.3,0
8076,45241.5,0
8077,44523,0
8078,44220.9,0
8079,43976,0
8080,43785.3,0
8081,43055.6,0
8082,40508.2,0
8083,38264,0
8084,37959.6,0
8085,37904.3,0
8086,38068.6,0
8087,39463.9,0
8088,40943,0
8089,42359.2,0
8090,42896.4,0
8091,43083.4,0
8092,42960.4,0
8093,42371.3,0
8094,40794.7,0
8095,38443.9,0
8096,37416.2,0
8097,37518.2,0
8098,37176.9,0
8099,35754.9,0
8100,34555.3,0
8101,33133.8,0
8102,31460.1,0
8103,30111.3,0
8104,30058,0
8105,28912.8,0
8106,26584.2,0
8107,24527.8,0
8108,24507.5,0
8109,24747.1,0
8110,25444.5,0
8111,27528.1,0
8112,29760.7,0
8113,31574.1,0
8114,32165.1,0
8115,32423.9,0
8116,32477.1,0
8117,32101.9,0
8118,30736.1,0
8119,28514.2,0
8120,27599.4,0
8121,28217.2,0
8122,27782.2,0
8123,26250.5,0
8124,25586.4,0
8125,24256,0
8126,24117.1,0
8127,24649.6,0
8128,24222.6,0
8129,22880.2,0
8130,20460.8,0
8131,18305.8,0
8132,17961.3,0
8133,17830.4,0
8134,18191.5,0
8135,19981.2,0
8136,21935.8,0
8137,23771.2,0
8138,24615.6,0
8139,25154.2,0
8140,25593.5,0
8141,25608.6,0
8142,24707.9,0
8143,22931.8,0
8144,22294.8,0
8145,22927.9,0
8146,22652,0
8147,21613.4,0
8148,20896,0
8149,20116,0
8150,20134.3,0
8151,20243,0
8152,20390.9,0
8153,19682.1,0
8154,17624.6,0
8155,16130.1,0
8156,16289.5,0
8157,16635.9,0
8158,17458.3,0
8159,19686.1,0
8160,22105.1,0
8161,24315.8,0
8162,25474.8,0
8163,26325.4,0
8164,27220,0
8165,27914.6,0
8166,27684.1,0
8167,26515.4,0
8168,26448.9,0
8169,27655.6,0
8170,27855.1,0
8171,27156.2,0
8172,26322.5,0
8173,25986.3,0
8174,26364.5,0
8175,26914.3,0
8176,27395.2,0
8177,26771.5,0
8178,25113.7,0
8179,23874.9,0
8180,24637.8,0
8181,25664.3,0
8182,27275.7,0
8183,30360.6,0
8184,33625.6,0
8185,37057.6,0
8186,39737.3,0
8187,42121.6,0
8188,44070.6,0
8189,45419.5,0
8190,45777.8,0
8191,45367.2,0
8192,45668.2,0
8193,43183.2,0
8194,39964.2,0
8195,36206.2,0
8196,33280.5,0
8197,30292.9,0
8198,28299.2,0
8199,26762.2,0
8200,27301.1,0
8201,30338.3,0
8202,30925.1,0
8203,30790.6,0
8204,31989.2,0
8205,33425.7,0
8206,35460.6,0
8207,38919.5,0
8208,42441.8,0
8209,45086.4,0
8210,46228.7,0
8211,46875.8,0
8212,47279.2,0
8213,47281.9,0
8214,46206,0
8215,44089,0
8216,43155.7,0
8217,43674.1,0
8218,43247.1,0
8219,41809.7,0
8220,40723.8,0
8221,38486.1,0
8222,37276.6,0
8223,34207.7,0
8224,35318.2,0
8225,39092.3,0
8226,39510.8,0
8227,39798.7,0
8228,42042.5,0
8229,44554.1,0
8230,46584,0
8231,49265,0
8232,51958.6,0
8233,54794.2,0
8234,56816.4,0
8235,58453.3,0
8236,59635.3,0
8237,60095.1,0
8238,59568.8,0
8239,58841.8,0
8240,59735.4,0
8241,58557.7,0
8242,54700.5,0
8243,51127.8,0
8244,48337.2,0
8245,45950,0
8246,44080,0
8247,43546.5,0
8248,45117.3,0
8249,49190.6,0
8250,49552.1,0
8251,49661,0
8252,51465.7,0
8253,53486.6,0
8254,55777.7,0
8255,59084.8,0
8256,62435.9,0
8257,65168.8,0
8258,66517,0
8259,67389.9,0
8260,67715.2,0
8261,67378.4,0
8262,65914.8,0
8263,63582.8,0
8264,62457.4,0
8265,59917.7,0
8266,57441.4,0
8267,54943.4,0
8268,52976.9,0
8269,51778.4,0
8270,50463.6,0
8271,49835.3,0
8272,49370.9,0
8273,48294.4,0
8274,46620.9,0
8275,44717.5,0
8276,44893.7,0
8277,45308.4,0
8278,45830.5,0
8279,47515.7,0
8280,49291.7,0
8281,50739.3,0
8282,51103.2,0
8283,51082.5,0
8284,50401,0
8285,48914.2,0
8286,46387.8,0
8287,43004.8,0
8288,40906.3,0
8289,39189.6,0
8290,34517.1,0
8291,28622.8,0
8292,23760,0
8293,20809.2,0
8294,18992.4,0
8295,18239.8,0
8296,19933.5,0
8297,23015.3,0
8298,25038.4,0
8299,26688.2,0
8300,29553.8,0
8301,32826.2,0
8302,36185.1,0
8303,40664.8,0
8304,45301.4,0
8305,49159.9,0
8306,51534.6,0
8307,53427.8,0
8308,55328.9,0
8309,57079.4,0
8310,57835,0
8311,57101.4,0
8312,56871.6,0
8313,53278,0
8314,48535.5,0
8315,43937.8,0
8316,40281.1,0
8317,38186.9,0
8318,36739.9,0
8319,37156.5,0
8320,38043,0
8321,37459,0
8322,35457,0
8323,33066.4,0
8324,32336.9,0
8325,31728.3,0
8326,32721.6,0
8327,35918.1,0
8328,39323.3,0
8329,42866.2,0
8330,45639.7,0
8331,48242.3,0
8332,50507.6,0
8333,52162.2,0
8334,52880.7,0
8335,52394.1,0
8336,52681.8,0
8337,50650.2,0
8338,47023.9,0
8339,44276.1,0
8340,40511,0
8341,37484.6,0
8342,35118.9,0
8343,34038.1,0
8344,35481.3,0
8345,37303.2,0
8346,37363.5,0
8347,36932.5,0
8348,38236.9,0
8349,39713.8,0
8350,40943.5,0
8351,42843,0
8352,44778.2,0
8353,46657.9,0
8354,47499.1,0
8355,47925,0
8356,48402.7,0
8357,48607.7,0
8358,47893.6,0
8359,45870.5,0
8360,44656.7,0
8361,44229.6,0
8362,43386,0
8363,41932.9,0
8364,40275.7,0
8365,39110,0
8366,38422.9,0
8367,37975.5,0
8368,37301,0
8369,36039,0
8370,33817.8,0
8371,31518.6,0
8372,31281.8,0
8373,31273.2,0
8374,31785.8,0
8375,33754.1,0
8376,35875.4,0
8377,38143.7,0
8378,39666.2,0
8379,40872.2,0
8380,42403.7,0
8381,43953.4,0
8382,44647.9,0
8383,43701.6,0
8384,43370.7,0
8385,41989.8,0
8386,37993.9,0
8387,32772,0
8388,30380.6,0
8389,26701.1,0
8390,24840.7,0
8391,23638.9,0
8392,23889.4,0
8393,27090.1,0
8394,27260,0
8395,26698.1,0
8396,27479.8,0
8397,28454.4,0
8398,29392.3,0
8399,31442.1,0
8400,33405,0
8401,35091.5,0
8402,35739.8,0
8403,35935.2,0
8404,35735,0
8405,35035.5,0
8406,33332,0
8407,30642.3,0
8408,29203.5,0
8409,29865.4,0
8410,29120.7,0
8411,27569.5,0
8412,26067,0
8413,24978.1,0
8414,24428.6,0
8415,23921.6,0
8416,23969.9,0
8417,25821.6,0
8418,25688.7,0
8419,25435.6,0
8420,26932,0
8421,28769.3,0
8422,30716.5,0
8423,33846.2,0
8424,37089.8,0
8425,40140.3,0
8426,42109.5,0
8427,43773.5,0
8428,45345.7,0
8429,46443.3,0
8430,46603.1,0
8431,45801.3,0
8432,45911.9,0
8433,43987.1,0
8434,43149.9,0
8435,43622,0
8436,44371.9,0
8437,45440.1,0
8438,45095.1,0
8439,45082.6,0
8440,48533.3,0
8441,51301.3,0
8442,52462.8,0
8443,52660.8,0
8444,54634.7,0
8445,56748.5,0
8446,58914.4,0
8447,62179,0
8448,65491.3,0
8449,68434.7,0
8450,70208.8,0
8451,71537,0
8452,72698.9,0
8453,73284.4,0
8454,72831.1,0
8455,71317.4,0
8456,70607.4,0
8457,65846.8,0
8458,60912.7,0
8459,57460.7,0
8460,54646.1,0
8461,51736.1,0
8462,48992.3,0
8463,47453.9,0
8464,48028.4,0
8465,51989.9,0
8466,53365.7,0
8467,53358.6,0
8468,55169.8,0
8469,57192.2,0
8470,59446.3,0
8471,62725.2,0
8472,66048,0
8473,69227.9,0
8474,71318.3,0
8475,73017.2,0
8476,74440.8,0
8477,75238.1,0
8478,75048.3,0
8479,73848.3,0
8480,73495.1,0
8481,69336.9,0
8482,63290.6,0
8483,57533.3,0
8484,52518.1,0
8485,48236.3,0
8486,44725.3,0
8487,42517.7,0
8488,42793.1,0
8489,45623.6,0
8490,46100.6,0
8491,45604,0
8492,46896,0
8493,48443.6,0
8494,50431.7,0
8495,53625.7,0
8496,56888.9,0
8497,59673,0
8498,61133.7,0
8499,62203.3,0
8500,63290.3,0
8501,63965.4,0
8502,63626.9,0
8503,61691.2,0
8504,60348.4,0
8505,59528.5,0
8506,57417.2,0
8507,54725,0
8508,51436.7,0
8509,49204.1,0
8510,47499.9,0
8511,46608.3,0
8512,46033.6,0
8513,44942.4,0
8514,43169.5,0
8515,41134.2,0
8516,41119.7,0
8517,41406,0
8518,42139.4,0
8519,44198.2,0
8520,46401,0
8521,48158.6,0
8522,48732.4,0
8523,48929.1,0
8524,48933,0
8525,48532.5,0
8526,47131,0
8527,44591.7,0
8528,43220.5,0
8529,42780.3,0
8530,41686.4,0
8531,40043.2,0
8532,38639.6,0
8533,37544.3,0
8534,36618.4,0
8535,36237.7,0
8536,35875.7,0
8537,34753,0
8538,32863.8,0
8539,30907.4,0
8540,30827.6,0
8541,31046.5,0
8542,31796.9,0
8543,33977,0
8544,36327.9,0
8545,38402.1,0
8546,39326,0
8547,39900.6,0
8548,40438.2,0
8549,40644.5,0
8550,39887.8,0
8551,38440.3,0
8552,38456.3,0
8553,40412,0
8554,40419.5,0
8555,39574.9,0
8556,38937.9,0
8557,39175.6,0
8558,39957.9,0
8559,40921.2,0
8560,42140.9,0
8561,42182.3,0
8562,40401.6,0
8563,39441,0
8564,40731.2,0
8565,42286.9,0
8566,44513,0
8567,48381.2,0
8568,52450.1,0
8569,56584.4,0
8570,59907.6,0
8571,63089.8,0
8572,66054.6,0
8573,68455,0
8574,69914.4,0
8575,69963.7,0
8576,70711.4,0
8577,70088.8,0
8578,65621.9,0
8579,61219.5,0
8580,57787.1,0
8581,54768,0
8582,52186.5,0
8583,50989.4,0
8584,52012,0
8585,55585.7,0
8586,55338.6,0
8587,54844.3,0
8588,56195.3,0
8589,57721.7,0
8590,59745.9,0
8591,63038.6,0
8592,66442.4,0
8593,69872.1,0
8594,72393.7,0
8595,74570.1,0
8596,75936.8,0
8597,76371.8,0
8598,75789.9,0
8599,73922.6,0
8600,72938.6,0
8601,72085.7,0
8602,68128.6,0
8603,64567.5,0
8604,59770.2,0
8605,56686.6,0
8606,55988.9,0
8607,54873.2,0
8608,53834.3,0
8609,51945,0
8610,48334,0
8611,45502.9,0
8612,44963.4,0
8613,44748,0
8614,44947.1,0
8615,46508.3,0
8616,48228.8,0
8617,49905.8,0
8618,50614.5,0
8619,51029.8,0
8620,51757,0
8621,52309.6,0
8622,51980.1,0
8623,51472.5,0
8624,52473.3,0
8625,51088.6,0
8626,47077.8,0
8627,42842.1,0
8628,39385.8,0
8629,36463.4,0
8630,33920.3,0
8631,32479.7,0
8632,33746.6,0
8633,36841.2,0
8634,38015.5,0
8635,38348.7,0
8636,40236.4,0
8637,42371.3,0
8638,43639.6,0
8639,45223.5,0
8640,46626.9,0
8641,48395.8,0
8642,49477.2,0
8643,50127.6,0
8644,50163.1,0
8645,49375.5,0
8646,47601.8,0
8647,45170.1,0
8648,44154.3,0
8649,44116.5,0
8650,43090.1,0
8651,41186.2,0
8652,38969.1,0
8653,37414.9,0
8654,36462.6,0
8655,35737.3,0
8656,35110.9,0
8657,33895.1,0
8658,31767.4,0
8659,29508.8,0
8660,29067.3,0
8661,28898.9,0
8662,29069.6,0
8663,30561.3,0
8664,32180.2,0
8665,33752.3,0
8666,34409.8,0
8667,34747.1,0
8668,34876.6,0
8669,34541.3,0
8670,33211.3,0
8671,31149.5,0
8672,30508.7,0
8673,30895.7,0
8674,29232.2,0
8675,26403.2,0
8676,23093.3,0
8677,22019.4,0
8678,20165.2,0
8679,18511.6,0
8680,18727.3,0
8681,19884.9,0
8682,19102.3,0
8683,18253.4,0
8684,18839.4,0
8685,19651.8,0
8686,21260,0
8687,24569.5,0
8688,28074.5,0
8689,31355,0
8690,33510.9,0
8691,35403.9,0
8692,37191,0
8693,38513.4,0
8694,38875.8,0
8695,38278,0
8696,38647.5,0
8697,37567.6,0
8698,34497.3,0
8699,31505.7,0
8700,29184.3,0
8701,26886.2,0
8702,25756.7,0
8703,26599.3,0
8704,27369.9,0
8705,27913.7,0
8706,27233.1,0
8707,27098.1,0
8708,28962.2,0
8709,31159.4,0
8710,32352.6,0
8711,33769.6,0
8712,35130.1,0
8713,36682.1,0
8714,37428.8,0
8715,37742.2,0
8716,37952.9,0
8717,37811.4,0
8718,36728.5,0
8719,34619.9,0
8720,33851.5,0
8721,35138.8,0
8722,34947.2,0
8723,33415.5,0
8724,31947.7,0
8725,30781,0
8726,30425.3,0
8727,30532.1,0
8728,29729.5,0
8729,28325.1,0
8730,25326.6,0
8731,22997.4,0
8732,22807.3,0
8733,22887.1,0
8734,23476.4,0
8735,25479.8,0
8736,27664.2,0
8737,29599.5,0
8738,30437.1,0
8739,30947.3,0
8740,31286.4,0
8741,31193.1,0
8742,30160.8,0
8743,28404,0
8744,28159.7,0
8745,29737.1,0
8746,29346.9,0
8747,28065.4,0
8748,26965.1,0
8749,26084.7,0
8750,25823.8,0
8751,25754.7,0
8752,25657.2,0
8753,24889.9,0
8754,22401.9,0
8755,20801,0
8756,21612.9,0
8757,22691.5,0
8758,23787.1,0
8759,25948.8,0
8760,28251.8,0
8761,38480.5,0
8762,37297.6,0
8763,37934.5,0
8764,38337.2,0
8765,38250,0
8766,37264.3,0
8767,35405.5,0
8768,34905.6,0
8769,36160,0
8770,35637.6,0
8771,34574.8,0
8772,33342.2,0
8773,32424,0
8774,32186.6,0
8775,32370.7,0
8776,32652.7,0
8777,32222.5,0
8778,30230.2,0
8779,29067.8,0
8780,30259.6,0
8781,31731.4,0
8782,33388.3,0
8783,36170.6,0
8784,39144.1,0
8785,41961.9,0
8786,43666.2,0
8787,45030.4,0
8788,46543.3,0
8789,47821.5,0
8790,48130.3,0
8791,47283.7,0
8792,47491.2,0
8793,44785.6,0
8794,40501.4,0
8795,36709.2,0
8796,33697.8,0
8797,30888.3,0
8798,28238,0
8799,26403.3,0
8800,26624.9,0
8801,29553.4,0
8802,30619.6,0
8803,31269.5,0
8804,33736.5,0
8805,36616.2,0
8806,39060,0
8807,42080.1,0
8808,45126.6,0
8809,47680.1,0
8810,48879.2,0
8811,49633.6,0
8812,50137.8,0
8813,50167.1,0
8814,49160.8,0
8815,46938.2,0
8816,45855.8,0
8817,45192.8,0
8818,41712,0
8819,38890.9,0
8820,37278.9,0
8821,35773.6,0
8822,35248.7,0
8823,35980,0
8824,36145.7,0
8825,35567.5,0
8826,34152,0
8827,32774.3,0
8828,33339.8,0
8829,34174.9,0
8830,35745.6,0
8831,38923.9,0
8832,42313.9,0
8833,44777.6,0
8834,45668.7,0
8835,46162.9,0
8836,46830.1,0
8837,47270.5,0
8838,46743,0
8839,44937.5,0
8840,44033.4,0
8841,43923.9,0
8842,43302.5,0
8843,41526.8,0
8844,39625,0
8845,38634.7,0
8846,38074.1,0
8847,37825.7,0
8848,37440.3,0
8849,36420.1,0
8850,34621.5,0
8851,32652.2,0
8852,32689,0
8853,33008.8,0
8854,33551.6,0
8855,35270.5,0
8856,37130.1,0
8857,38977.9,0
8858,39940.8,0
8859,40597,0
8860,41083.3,0
8861,41086.4,0
8862,40204.9,0
8863,38517.5,0
8864,38157.1,0
8865,38773.4,0
8866,38139.9,0
8867,35736.8,0
8868,33142.5,0
8869,31929,0
8870,31601.6,0
8871,32538.1,0
8872,32665.9,0
8873,31936.7,0
8874,30497.7,0
8875,28960.9,0
8876,29205.4,0
8877,29666.7,0
8878,30510.2,0
8879,32672.6,0
8880,34978.3,0
8881,37198,0
8882,38391.3,0
8883,39269,0
8884,39760.7,0
8885,39676.9,0
8886,38595,0
8887,36744,0
8888,36243.2,0
8889,36668.3,0
8890,36255.7,0
8891,35203.3,0
8892,34276.2,0
8893,33370.5,0
8894,33125.4,0
8895,33286.1,0
8896,33000.6,0
8897,31776.1,0
8898,29574.4,0
8899,27407.8,0
8900,27325.9,0
8901,27523.4,0
8902,29548.2,0
8903,34125.1,0
8904,39082.8,0
8905,43258.8,0
8906,45994.3,0
8907,48521.2,0
8908,50468.4,0
8909,51603.3,0
8910,51739.1,0
8911,51025.2,0
8912,51616.9,0
8913,52352.8,0
8914,50680.9,0
8915,48105.6,0
8916,45625.6,0
8917,41805.3,0
8918,39901.5,0
8919,39264.7,0
8920,41200.9,0
8921,44210,0
8922,44710.8,0
8923,45065.6,0
8924,47496.6,0
8925,50194.1,0
8926,53133.6,0
8927,57250.3,0
8928,61423.7,0
8929,64994.7,0
8930,67132.1,0
8931,68867.6,0
8932,70632.4,0
8933,71972.4,0
8934,72328,0
8935,71841.7,0
8936,72443.5,0
8937,70917.6,0
8938,66618.4,0
8939,63074.5,0
8940,60635.6,0
8941,57869.3,0
8942,54908.6,0
8943,53173.7,0
8944,53979.7,0
8945,58063.9,0
8946,59368.3,0
8947,59569.9,0
8948,61629.5,0
8949,63968.1,0
8950,66679.3,0
8951,70671,0
8952,74796.4,0
8953,78180.7,0
8954,80026.4,0
8955,81527.6,0
8956,82772.5,0
8957,83474.9,0
8958,83130.7,0
8959,81686.6,0
8960,81125.7,0
8961,77015.1,0
8962,71140.6,0
8963,66172.9,0
8964,62227.1,0
8965,59363.9,0
8966,57802.3,0
8967,58127.7,0
8968,58632,0
8969,58299.1,0
8970,57463.3,0
8971,55941.4,0
8972,56416.3,0
8973,57107.6,0
8974,58077.1,0
8975,60227.4,0
8976,62468.6,0
8977,64170.3,0
8978,64600.2,0
8979,64616.5,0
8980,64342.1,0
8981,63475.8,0
8982,61574.4,0
8983,58670.4,0
8984,56801.8,0
8985,55553.2,0
8986,54054.9,0
8987,51588.9,0
8988,48854.9,0
8989,46620.9,0
8990,44901.9,0
8991,44732.5,0
8992,42730.3,0
8993,40233.8,0
8994,37292.8,0
8995,33995.1,0
8996,32841.7,0
8997,31927.6,0
8998,31379.6,0
8999,32091.4,0
9000,32974.5,0
9001,33619.9,0
9002,33062.1,0
9003,32184.1,0
9004,34047.7,0
9005,37895.5,0
9006,41110,0
9007,43319.9,0
9008,46590.7,0
9009,50728.3,0
9010,53080.6,0
9011,53967.5,0
9012,56196,0
9013,56813.5,0
9014,56723,0
9015,57991,0
9016,58258.1,0
9017,58081.9,0
9018,57282,0
9019,55674.6,0
9020,56117.1,0
9021,56794.8,0
9022,58144.5,0
9023,60936.2,0
9024,63904,0
9025,66671.8,0
9026,68233.7,0
9027,69482.3,0
9028,70662.4,0
9029,71444.9,0
9030,71228.8,0
9031,69747.8,0
9032,68941.4,0
9033,64430.8,0
9034,58685.9,0
9035,54072.5,0
9036,49581.8,0
9037,46619.5,0
9038,46318.2,0
9039,46899,0
9040,47219.5,0
9041,45302.4,0
9042,42688.9,0
9043,40040.2,0
9044,39569.1,0
9045,39214.4,0
9046,39031.8,0
9047,39947.1,0
9048,40988.6,0
9049,42111.8,0
9050,42398.4,0
9051,42349.9,0
9052,41907.9,0
9053,40952.4,0
9054,38985.9,0
9055,36085.6,0
9056,34350.8,0
9057,33781.1,0
9058,31909.6,0
9059,28410.6,0
9060,25708.3,0
9061,21997.9,0
9062,18867.5,0
9063,16618.4,0
9064,16874.6,0
9065,17590.2,0
9066,16318.1,0
9067,16652.3,0
9068,19680,0
9069,23116.4,0
9070,26440.3,0
9071,30716.8,0
9072,35247,0
9073,39335.6,0
9074,42167.9,0
9075,44669,0
9076,46276.1,0
9077,46801.9,0
9078,46246.5,0
9079,44545.7,0
9080,44036.6,0
9081,44758.8,0
9082,42796.9,0
9083,42300.7,0
9084,39942,0
9085,38542,0
9086,36966.2,0
9087,35635.2,0
9088,34829.6,0
9089,33761.4,0
9090,31147.4,0
9091,28810.5,0
9092,28485,0
9093,28440.5,0
9094,28646.4,0
9095,30109.1,0
9096,31718.6,0
9097,33144.1,0
9098,33657.1,0
9099,33851.6,0
9100,34076.4,0
9101,34010.2,0
9102,33041.7,0
9103,31035.1,0
9104,30242.9,0
9105,30985.8,0
9106,29726.6,0
9107,27346.2,0
9108,25648.1,0
9109,24237.9,0
9110,23355.7,0
9111,23173.5,0
9112,22930.6,0
9113,22028.8,0
9114,19987.4,0
9115,18020.9,0
9116,17937.6,0
9117,18078.1,0
9118,18686.4,0
9119,20683.9,0
9120,22865.1,0
9121,24755,0
9122,25518.4,0
9123,25984.5,0
9124,26393.6,0
9125,26501.4,0
9126,25703.9,0
9127,24072.6,0
9128,23772.4,0
9129,25042.2,0
9130,24498.4,0
9131,22912.3,0
9132,21578.4,0
9133,20295.4,0
9134,19866.4,0
9135,20116.4,0
9136,20378.7,0
9137,20571.7,0
9138,19360.7,0
9139,18263.4,0
9140,18889,0
9141,19760.8,0
9142,20874.2,0
9143,23142.9,0
9144,25539.1,0
9145,27795.7,0
9146,29059.7,0
9147,30004.6,0
9148,30869.5,0
9149,31324.8,0
9150,30868,0
9151,29481.8,0
9152,29223.7,0
9153,30031.7,0
9154,29545.9,0
9155,28613.2,0
9156,28650.3,0
9157,27101.9,0
9158,26669.8,0
9159,26527.3,0
9160,26644.9,0
9161,25964.4,0
9162,24475.1,0
9163,22781.2,0
9164,23024.7,0
9165,23474.1,0
9166,24462.4,0
9167,26831.4,0
9168,29375,0
9169,31689.5,0
9170,32891.6,0
9171,33792.6,0
9172,34526,0
9173,34827.6,0
9174,34197.6,0
9175,32718.6,0
9176,32358.5,0
9177,32275.8,0
9178,31774.2,0
9179,30232.3,0
9180,28452.6,0
9181,25394,0
9182,23611.5,0
9183,21292.7,0
9184,21436,0
9185,23444.4,0
9186,25468.8,0
9187,25502.1,0
9188,26534.7,0
9189,27848.1,0
9190,29376.9,0
9191,32022.8,0
9192,34603.1,0
9193,36782.5,0
9194,37820,0
9195,38468,0
9196,39524.2,0
9197,40686.9,0
9198,40956.7,0
9199,40218.2,0
9200,40570.3,0
9201,40722.2,0
9202,36791.6,0
9203,32301.2,0
9204,28957.3,0
9205,26192.1,0
9206,23797.5,0
9207,22250.8,0
9208,22050.8,0
9209,23302.8,0
9210,23263.5,0
9211,23444.7,0
9212,25626.7,0
9213,28099.9,0
9214,30835,0
9215,34841.6,0
9216,39259,0
9217,42880.7,0
9218,44924.2,0
9219,46596.7,0
9220,47855.7,0
9221,48429.8,0
9222,47979.3,0
9223,46274.1,0
9224,45509,0
9225,44213.2,0
9226,40081.7,0
9227,34062.7,0
9228,29841.7,0
9229,26729.5,0
9230,24167.2,0
9231,22311.1,0
9232,22013.5,0
9233,23580,0
9234,24650.9,0
9235,24432.4,0
9236,25496.6,0
9237,26702.2,0
9238,28101.7,0
9239,30548,0
9240,33013.2,0
9241,35526.1,0
9242,37224.9,0
9243,38584.1,0
9244,39603.6,0
9245,40099.5,0
9246,39594.7,0
9247,38199.9,0
9248,38005.9,0
9249,39052.6,0
9250,37552.7,0
9251,35749.9,0
9252,33939.9,0
9253,30041.1,0
9254,27196.5,0
9255,25865.4,0
9256,26235.1,0
9257,26370.6,0
9258,24630.1,0
9259,23121.5,0
9260,23504.9,0
9261,24068.7,0
9262,25122.7,0
9263,27501,0
9264,30193.7,0
9265,32634.8,0
9266,33984.1,0
9267,34995.7,0
9268,36713.3,0
9269,38680.5,0
9270,39837.3,0
9271,40170.3,0
9272,41738.5,0
9273,43673.9,0
9274,41792.2,0
9275,41066.1,0
9276,38394.5,0
9277,35933,0
9278,34861.9,0
9279,34427.6,0
9280,35864.2,0
9281,38490.7,0
9282,38904.8,0
9283,39058.8,0
9284,41320.9,0
9285,43819.4,0
9286,46657.1,0
9287,50695.5,0
9288,54869.9,0
9289,58884,0
9290,61702.4,0
9291,64123.9,0
9292,65994.7,0
9293,67061.3,0
9294,67110.7,0
9295,66559.4,0
9296,66723.6,0
9297,63028.5,0
9298,57771.9,0
9299,52159.3,0
9300,47208.1,0
9301,43742.2,0
9302,41102.6,0
9303,39275.1,0
9304,39760.6,0
9305,41785.2,0
9306,43347.6,0
9307,42794.1,0
9308,43767.7,0
9309,44857,0
9310,46332.7,0
9311,49129.4,0
9312,51925.1,0
9313,54046.9,0
9314,54859.3,0
9315,55250.8,0
9316,55263.9,0
9317,54759.2,0
9318,53187.3,0
9319,51142,0
9320,50658.7,0
9321,51003.7,0
9322,50384.6,0
9323,48653,0
9324,46314,0
9325,44146.4,0
9326,41684.5,0
9327,40153.6,0
9328,40168.8,0
9329,39600.6,0
9330,38424,0
9331,36633.8,0
9332,36716.3,0
9333,37036.7,0
9334,38393.1,0
9335,41599.4,0
9336,44986.4,0
9337,48816.3,0
9338,52066,0
9339,55140.7,0
9340,57826.9,0
9341,60050.8,0
9342,61328.8,0
9343,61076.5,0
9344,60996.4,0
9345,57559.9,0
9346,52810.4,0
9347,48163.6,0
9348,44215.8,0
9349,41228.4,0
9350,38498.5,0
9351,36538.3,0
9352,36596.8,0
9353,38343.9,0
9354,40821.8,0
9355,41506.5,0
9356,44140,0
9357,47040.9,0
9358,50220.6,0
9359,54785,0
9360,59397.1,0
9361,63389.6,0
9362,66039.7,0
9363,68259.4,0
9364,70373.8,0
9365,72204.5,0
9366,73017.6,0
9367,72455.9,0
9368,71977.3,0
9369,67145.8,0
9370,62317.9,0
9371,59273.7,0
9372,55641.1,0
9373,53307.8,0
9374,51167.3,0
9375,50538.5,0
9376,50839.5,0
9377,51332.3,0
9378,51082.8,0
9379,50098.7,0
9380,51088.1,0
9381,52327.2,0
9382,53628.4,0
9383,55969.8,0
9384,58370.2,0
9385,60698,0
9386,62071.5,0
9387,63083.5,0
9388,63828.4,0
9389,64065.7,0
9390,63333.2,0
9391,61691.3,0
9392,61184.3,0
9393,60981.2,0
9394,58286.9,0
9395,52495.1,0
9396,48181.1,0
9397,47073.2,0
9398,47662.1,0
9399,47539.3,0
9400,46581.9,0
9401,46898.1,0
9402,47425.6,0
9403,46743.2,0
9404,48232.7,0
9405,50051.5,0
9406,51544.2,0
9407,53888.3,0
9408,56251,0
9409,59025,0
9410,61165,0
9411,62971.3,0
9412,64144.6,0
9413,64470.7,0
9414,63774.7,0
9415,62439.8,0
9416,61838.6,0
9417,58771.6,0
9418,55310.4,0
9419,50523.2,0
9420,46084.9,0
9421,44039.1,0
9422,42689.7,0
9423,42865.6,0
9424,43205.5,0
9425,44749.1,0
9426,44387.6,0
9427,43708.4,0
9428,45012.3,0
9429,46530.4,0
9430,48847.6,0
9431,52898.8,0
9432,57087,0
9433,61062.6,0
9434,64011.8,0
9435,66695.7,0
9436,68886,0
9437,70440.3,0
9438,70998.5,0
9439,70287.6,0
9440,70023.2,0
9441,67087.3,0
9442,61334.4,0
9443,54989.5,0
9444,49290.3,0
9445,44893.9,0
9446,41235.8,0
9447,38372.9,0
9448,37912.7,0
9449,39379.8,0
9450,41879.4,0
9451,42795.9,0
9452,45674.5,0
9453,48900.6,0
9454,52057.6,0
9455,56023.2,0
9456,59942.2,0
9457,63533.3,0
9458,65904.5,0
9459,67849.9,0
9460,69549.6,0
9461,70676.4,0
9462,70779.3,0
9463,69042.4,0
9464,67472.2,0
9465,64796.1,0
9466,59681.5,0
9467,54157.9,0
9468,47591.3,0
9469,42556.9,0
9470,38913.3,0
9471,38150.4,0
9472,37758.9,0
9473,38105.2,0
9474,38747.2,0
9475,38919.6,0
9476,41495.6,0
9477,44460.7,0
9478,47749.7,0
9479,52328.9,0
9480,57147.2,0
9481,62044.4,0
9482,66125.5,0
9483,69848.6,0
9484,72278.1,0
9485,73458.6,0
9486,73580.2,0
9487,71831.2,0
9488,70144,0
9489,66848.6,0
9490,60262.1,0
9491,53869.9,0
9492,47123.5,0
9493,41171.6,0
9494,37307.3,0
9495,34407.8,0
9496,33300.8,0
9497,33215.8,0
9498,35689.4,0
9499,35819,0
9500,37623.9,0
9501,39711.2,0
9502,41732.6,0
9503,44597.8,0
9504,47463.4,0
9505,49702.6,0
9506,50818.2,0
9507,51618.6,0
9508,52253.2,0
9509,52475.5,0
9510,51579.2,0
9511,50141.1,0
9512,49104.2,0
9513,43605.5,0
9514,38504.9,0
9515,34156.4,0
9516,29458.8,0
9517,25834.2,0
9518,23752.1,0
9519,21301.9,0
9520,19767.5,0
9521,20238.3,0
9522,20865.4,0
9523,20873,0
9524,22176.8,0
9525,24478,0
9526,27500.1,0
9527,31810.7,0
9528,35714.9,0
9529,38784.5,0
9530,40491.3,0
9531,41678.9,0
9532,42704.1,0
9533,42997.3,0
9534,42446.8,0
9535,40891.6,0
9536,40155.1,0
9537,39042,0
9538,39233.3,0
9539,37051.5,0
9540,33588.4,0
9541,31880.8,0
9542,29978.3,0
9543,29222,0
9544,29188.3,0
9545,29258.3,0
9546,28365.5,0
9547,27357.9,0
9548,28652.4,0
9549,30047.7,0
9550,31812.8,0
9551,34907.3,0
9552,37928.6,0
9553,41083,0
9554,43188.3,0
9555,44214.6,0
9556,44753.9,0
9557,45613.9,0
9558,44977.4,0
9559,42844.3,0
9560,42146,0
9561,41334.7,0
9562,40638.5,0
9563,38954.7,0
9564,36322.9,0
9565,30304.7,0
9566,28015.7,0
9567,27162.2,0
9568,25978.7,0
9569,25753.9,0
9570,25554.2,0
9571,24684,0
9572,25908.2,0
9573,28040,0
9574,30446,0
9575,33394.3,0
9576,36594.1,0
9577,39514.3,0
9578,40918.8,0
9579,41808,0
9580,43021.4,0
9581,43940.5,0
9582,44405.4,0
9583,44376.5,0
9584,44788.6,0
9585,44348.5,0
9586,41008.9,0
9587,37194.3,0
9588,33863.8,0
9589,31730.8,0
9590,30149.4,0
9591,28951.6,0
9592,29025.5,0
9593,30237.6,0
9594,32726.1,0
9595,33547.9,0
9596,35781.8,0
9597,39080,0
9598,42923.5,0
9599,47523,0
9600,51590.7,0
9601,55046.5,0
9602,57899.8,0
9603,60516.2,0
9604,62857.6,0
9605,64668.1,0
9606,65077.1,0
9607,64487.9,0
9608,64194.6,0
9609,60951.5,0
9610,55051,0
9611,49290.4,0
9612,44972.7,0
9613,40747.2,0
9614,37236.1,0
9615,35774.1,0
9616,35448,0
9617,35878.3,0
9618,37687.6,0
9619,38816.7,0
9620,41121.4,0
9621,44104.1,0
9622,47632.6,0
9623,51586.1,0
9624,55865.5,0
9625,59869,0
9626,62177.5,0
9627,63835.3,0
9628,65435.8,0
9629,66254.3,0
9630,66109.1,0
9631,65391.7,0
9632,64616.8,0
9633,59306.1,0
9634,53872.4,0
9635,47954.6,0
9636,42134.6,0
9637,37483.8,0
9638,33717.9,0
9639,31182.1,0
9640,30229.6,0
9641,30309.3,0
9642,32579.9,0
9643,33878.3,0
9644,35601.8,0
9645,37704.4,0
9646,41820.1,0
9647,47334.6,0
9648,51089.8,0
9649,54244.2,0
9650,58377.3,0
9651,61063.1,0
9652,61785.3,0
9653,61485.6,0
9654,58353.6,0
9655,54408.4,0
9656,52887,0
9657,51289.5,0
9658,48206.5,0
9659,44243.8,0
9660,39361.2,0
9661,37722.3,0
9662,37177.2,0
9663,37038,0
9664,37170.1,0
9665,36966.8,0
9666,36094,0
9667,34674.1,0
9668,35061.9,0
9669,35619.7,0
9670,36251.3,0
9671,38094.5,0
9672,40231.9,0
9673,42034.9,0
9674,42723.4,0
9675,43262.4,0
9676,43120.5,0
9677,42822.7,0
9678,41945,0
9679,40425.6,0
9680,39236.6,0
9681,35986.3,0
9682,33002.2,0
9683,29587.9,0
9684,26562.3,0
9685,23109.2,0
9686,20959.6,0
9687,21502.3,0
9688,20937.7,0
9689,20200.3,0
9690,19394.2,0
9691,18904.5,0
9692,19680.4,0
9693,20732.8,0
9694,22289.4,0
9695,25453.8,0
9696,28799.4,0
9697,30838.1,0
9698,31211.7,0
9699,32085.7,0
9700,33304.6,0
9701,33712.5,0
9702,33338,0
9703,31994.7,0
9704,30765.9,0
9705,26608.6,0
9706,22187.6,0
9707,17826.7,0
9708,14135,0
9709,10922.3,10.1
9710,9278.3,161.7
9711,7621,272.4
9712,6220.7,331.1
9713,5363,294.8
9714,6502.3,0
9715,8323.2,0
9716,9995,0
9717,11460.2,0
9718,13631.6,0
9719,16784.5,0
9720,20493.8,0
9721,24166.1,0
9722,26072.3,0
9723,27104.4,0
9724,27644.4,0
9725,27488,0
9726,26652.9,0
9727,25129.1,0
9728,24348.3,0
9729,23913.5,0
9730,20603.3,0
9731,17438,0
9732,14609.4,0
9733,11632.9,0
9734,8224.9,262.9
9735,6226.9,491.5
9736,5778.9,351.1
9737,6590,129.7
9738,7090.8,0
9739,7283.9,0
9740,7951,0
9741,8670.1,0
9742,10023.3,0
9743,12044.5,0
9744,14007.5,0
9745,16263.9,0
9746,17825.2,0
9747,19103,0
9748,20150.7,0
9749,20882.5,0
9750,20709.6,0
9751,19487.6,0
9752,19076.8,0
9753,20360.4,0
9754,20048.4,0
9755,17749.1,0
9756,13369,0
9757,10650.8,53.8
9758,8621.7,247.7
9759,7402,127.1
9760,7241.2,18.3
9761,8290,0
9762,8405.3,0
9763,8560.3,0
9764,10126.6,0
9765,11855.3,0
9766,13488.4,0
9767,15833.8,0
9768,18767.1,0
9769,21161.3,0
9770,21630.1,0
9771,21546.9,0
9772,21833.6,0
9773,22034.4,0
9774,21269.9,0
9775,19615.9,0
9776,19244.5,0
9777,20692,0
9778,20679.1,0
9779,19623.6,0
9780,18511.9,0
9781,17666.6,0
9782,17741.7,0
9783,17448.6,0
9784,18004.8,0
9785,17612.1,0
9786,16705.4,0
9787,16165.8,0
9788,16607.7,0
9789,17492.2,0
9790,18830.5,0
9791,21049.3,0
9792,23259,0
9793,25551.1,0
9794,27332.5,0
9795,28509,0
9796,29226.2,0
9797,29834.5,0
9798,29712.9,0
9799,28853.5,0
9800,28389.1,0
9801,28343.9,0
9802,28053,0
9803,27285.8,0
9804,26249.7,0
9805,25476.4,0
9806,25190.6,0
9807,25287.5,0
9808,25163.7,0
9809,24540.4,0
9810,23718,0
9811,22574.7,0
9812,23545.1,0
9813,25024.5,0
9814,26377.7,0
9815,28529.4,0
9816,30951.8,0
9817,34418.1,0
9818,36915.6,0
9819,38786.3,0
9820,40555.5,0
9821,41739,0
9822,41773.1,0
9823,40690.8,0
9824,40628.7,0
9825,39329.6,0
9826,35734,0
9827,32561.1,0
9828,30134.3,0
9829,27561.8,0
9830,25779.2,0
9831,24921.6,0
9832,24448.6,0
9833,24628.8,0
9834,27112.6,0
9835,28752.4,0
9836,30635.7,0
9837,32697.1,0
9838,35552.8,0
9839,39331.7,0
9840,43095.8,0
9841,47204.7,0
9842,50669.8,0
9843,53470.4,0
9844,55606.8,0
9845,57135.9,0
9846,57754.7,0
9847,57597.3,0
9848,56145.4,0
9849,51151.9,0
9850,45983.9,0
9851,40360.1,0
9852,35874.1,0
9853,31531.3,0
9854,28165.5,0
9855,25835.5,0
9856,24112.3,0
9857,23563.7,0
9858,25951.2,0
9859,29204.4,0
9860,33409.1,0
9861,37965.1,0
9862,43651.7,0
9863,47708.7,0
9864,52270.8,0
9865,57851.6,0
9866,60732.1,0
9867,63362.6,0
9868,66878.4,0
9869,68510.2,0
9870,67529.5,0
9871,64897.1,0
9872,57988.8,0
9873,50466.2,0
9874,46941.4,0
9875,42180.2,0
9876,37511.1,0
9877,33244.5,0
9878,30422.7,0
9879,29032.5,0
9880,29936.5,0
9881,29395.9,0
9882,28747.6,0
9883,27867.6,0
9884,28314.4,0
9885,28663.1,0
9886,29458,0
9887,31455.2,0
9888,33673.2,0
9889,35391.6,0
9890,36204.1,0
9891,36613.5,0
9892,36846.7,0
9893,36889.6,0
9894,35853.9,0
9895,33583.5,0
9896,32312.7,0
9897,31859.6,0
9898,30864.9,0
9899,28959,0
9900,27158.2,0
9901,25329.4,0
9902,23008.2,0
9903,21021.5,0
9904,20308.6,0
9905,19894.3,0
9906,19298.1,0
9907,19921.2,0
9908,21532.4,0
9909,23209.8,0
9910,25318,0
9911,28981,0
9912,32824.9,0
9913,36359.2,0
9914,38538.2,0
9915,39804.1,0
9916,40623.3,0
9917,40908.5,0
9918,40200.4,0
9919,38290.2,0
9920,36635.9,0
9921,37253,0
9922,36716.1,0
9923,33390.3,0
9924,27529.9,0
9925,23640.8,0
9926,20230.5,0
9927,18470.2,0
9928,17744.1,0
9929,19032.1,0
9930,19832.2,0
9931,20930.5,0
9932,23074.6,0
9933,25815,0
9934,29462.3,0
9935,33826.8,0
9936,37884.5,0
9937,41118.5,0
9938,43103.3,0
9939,45138.4,0
9940,47286.1,0
9941,48673.4,0
9942,49249.9,0
9943,48964.3,0
9944,48290.3,0
9945,48912.1,0
9946,47413.1,0
9947,44672.4,0
9948,40464.7,0
9949,34555.5,0
9950,29705.2,0
9951,25482.4,0
9952,23771.1,0
9953,22856,0
9954,23368.4,0
9955,24669.5,0
9956,26848,0
9957,27910,0
9958,30207,0
9959,33569.2,0
9960,36345.4,0
9961,38785.5,0
9962,40050.8,0
9963,41381.1,0
9964,42403.4,0
9965,42697.6,0
9966,42437.3,0
9967,42225,0
9968,41084.6,0
9969,37972.5,0
9970,32857.7,0
9971,28003.8,0
9972,24818.7,0
9973,23103.4,0
9974,20423.8,0
9975,18450.5,0
9976,17248,0
9977,16792.6,0
9978,17515.5,0
9979,19013.3,0
9980,22437.6,0
9981,25777.2,0
9982,29146.1,0
9983,33133,0
9984,37197.2,0
9985,39572,0
9986,39862.7,0
9987,40893.5,0
9988,41890.9,0
9989,42142.6,0
9990,41018.9,0
9991,39239.3,0
9992,37479.8,0
9993,34406.1,0
9994,29777,0
9995,28912,0
9996,25485.9,0
9997,19850.6,0
9998,15910.8,0
9999,14119.7,0
10000,12834.2,0
10001,11589,0
10002,11246.8,0
10003,12348.2,0
10004,13950.8,0
10005,15297.3,0
10006,18456.6,0
10007,23066.4,0
10008,27526.8,0
10009,32511.1,0
10010,34159.4,0
10011,34358.9,0
10012,34568,0
10013,34337.9,0
10014,32949.5,0
10015,31338.3,0
10016,30503.8,0
10017,30788.8,0
10018,30423.3,0
10019,30181.8,0
10020,29666.2,0
10021,29148.3,0
10022,28791.9,0
10023,28436.5,0
10024,29041.3,0
10025,28347.6,0
10026,27730.4,0
10027,27031.6,0
10028,27548,0
10029,28736.4,0
10030,30163.3,0
10031,32583.5,0
10032,34769,0
10033,37186,0
10034,38245.8,0
10035,38818.6,0
10036,39725.6,0
10037,40015.4,0
10038,39152.4,0
10039,37375.8,0
10040,36285.6,0
10041,36442.4,0
10042,37035.2,0
10043,36594.9,0
10044,35703.1,0
10045,35363.4,0
10046,35562,0
10047,35531.9,0
10048,35524.3,0
10049,34403.5,0
10050,32722.3,0
10051,31006.6,0
10052,30613.8,0
10053,30548.7,0
10054,31188.2,0
10055,32809.7,0
10056,34624,0
10057,36449.1,0
10058,36852.1,0
10059,36569.7,0
10060,36421.8,0
10061,36221.5,0
10062,34705.7,0
10063,32382.8,0
10064,31073.6,0
10065,31130.7,0
10066,30565.7,0
10067,28977.6,0
10068,26114.6,0
10069,24239.1,0
10070,22507.8,0
10071,21151.3,0
10072,20331.5,0
10073,19662.1,0
10074,18938,0
10075,18904.9,0
10076,20123.2,0
10077,21705,0
10078,23492.9,0
10079,26471.1,0
10080,29829.8,0
10081,32989.9,0
10082,34817.7,0
10083,36014.9,0
10084,37398.5,0
10085,38830.5,0
10086,39329.8,0
10087,39126.5,0
10088,38977.4,0
10089,40064.1,0
10090,39750.9,0
10091,38365.6,0
10092,36806.6,0
10093,35190,0
10094,34070.3,0
10095,32389.8,0
10096,31571.2,0
10097,30801.2,0
10098,29026.5,0
10099,27871.6,0
10100,28855.5,0
10101,29794,0
10102,30842,0
10103,33493,0
10104,36163.5,0
10105,38592.7,0
10106,39813,0
10107,40445.7,0
10108,41310.8,0
10109,41287.7,0
10110,40490.6,0
10111,40154.5,0
10112,38968.7,0
10113,37402.6,0
10114,32583.4,0
10115,28663.5,0
10116,28388.1,0
10117,25360.4,0
10118,24407.9,0
10119,24083.9,0
10120,24325.1,0
10121,25181.5,0
10122,23611.3,0
10123,23112.2,0
10124,24353.6,0
10125,25518,0
10126,26910.6,0
10127,29670.3,0
10128,33099.7,0
10129,36305,0
10130,38249.9,0
10131,39520.7,0
10132,40344.4,0
10133,40672.5,0
10134,40310.8,0
10135,39752.8,0
10136,38698,0
10137,36592.9,0
10138,34994.2,0
10139,29615.4,0
10140,25610.7,0
10141,22588.3,0
10142,20567.1,0
10143,19151.7,0
10144,18227.5,0
10145,18184.1,0
10146,18127.3,0
10147,18613.9,0
10148,21268.3,0
10149,23984.8,0
10150,26596.3,0
10151,30508.8,0
10152,34486.3,0
10153,38364.6,0
10154,41475.1,0
10155,43570.9,0
10156,44774.5,0
10157,45464.3,0
10158,45197.5,0
10159,43853.7,0
10160,42804.6,0
10161,41868,0
10162,38097.2,0
10163,34463.6,0
10164,30384.7,0
10165,28620.1,0
10166,26997,0
10167,25358.4,0
10168,24304.2,0
10169,23799.7,0
10170,23852.5,0
10171,24092,0
10172,26093.6,0
10173,28297.4,0
10174,29527.5,0
10175,31228.7,0
10176,32982.9,0
10177,34351.7,0
10178,34396.6,0
10179,33888.9,0
10180,33157.6,0
10181,33187.9,0
10182,32530.9,0
10183,30446,0
10184,27113.7,0
10185,23630,0
10186,19076,0
10187,13614.5,0
10188,10293.3,0
10189,8722.8,0
10190,6726.4,86.2
10191,5748.7,153.8
10192,5345.3,135
10193,4980,66.8
10194,4460.2,0
10195,4363.2,0
10196,5044.2,0
10197,5971.4,0
10198,7446.6,0
10199,10282,0
10200,13426.3,0
10201,16808.4,0
10202,19371.1,0
10203,21151.9,0
10204,22605.4,0
10205,23854.8,0
10206,24506.4,0
10207,24385,0
10208,22231.8,0
10209,20880.9,0
10210,19715.8,0
10211,18413.6,0
10212,17074.2,14.6
10213,15701.4,14.7
10214,14479.1,258.1
10215,13749.1,336.4
10216,13615.5,284.5
10217,13655.4,102.5
10218,14496.5,0
10219,16557.1,0
10220,19128.3,0
10221,21780.1,0
10222,24715.8,0
10223,29162.3,0
10224,33736.8,0
10225,37694.8,0
10226,40592,0
10227,42914.4,0
10228,45191.7,0
10229,47115.2,0
10230,47782.9,0
10231,47545,0
10232,43705.9,0
10233,39893.2,0
10234,36097.2,0
10235,31843.3,0
10236,27879.4,0
10237,24376.2,0
10238,21700.6,0
10239,21925.7,0
10240,22423.3,0
10241,21572.1,0
10242,20652.6,0
10243,21176.6,0
10244,23024.9,0
10245,24872.6,0
10246,26798,0
10247,29622.4,0
10248,32596.3,0
10249,35269.3,0
10250,36769.2,0
10251,37821.8,0
10252,38620.6,0
10253,39128.5,0
10254,38517.8,0
10255,36736.7,0
10256,35713,0
10257,36212.9,0
10258,35248.9,0
10259,33458.7,0
10260,30697.5,0
10261,29609.2,0
10262,29157.1,0
10263,28981.6,0
10264,25976,0
10265,25486.1,0
10266,26062.5,0
10267,27500,0
10268,29641.2,0
10269,31769.3,0
10270,34238.9,0
10271,37665.6,0
10272,41044.7,0
10273,44115.4,0
10274,45561.8,0
10275,45740.1,0
10276,45995.5,0
10277,46689.8,0
10278,45412.6,0
10279,42860.4,0
10280,41092.8,0
10281,42109.4,0
10282,40464.9,0
10283,35080.1,0
10284,31842.8,0
10285,28776.2,0
10286,26075.8,0
10287,24711.4,0
10288,23522.7,0
10289,23487.8,0
10290,24681.5,0
10291,26456.9,0
10292,28177,0
10293,29151.4,0
10294,30114.6,0
10295,32876.9,0
10296,36056.3,0
10297,38344.7,0
10298,39737.9,0
10299,40463,0
10300,40944.2,0
10301,42289.8,0
10302,42650.1,0
10303,41431.8,0
10304,36828.1,0
10305,33329.2,0
10306,30126.1,0
10307,26549.6,0
10308,24090.9,0
10309,22171.4,0
10310,19797,0
10311,18248.2,0
10312,17632.7,0
10313,17045.8,0
10314,17390.1,0
10315,19313.5,0
10316,21397.9,0
10317,22912,0
10318,24540.8,0
10319,27825.3,0
10320,31260.6,0
10321,34276.6,0
10322,36428.9,0
10323,37743.1,0
10324,38874.4,0
10325,39774.4,0
10326,39879,0
10327,38846.6,0
10328,34310.5,0
10329,30398.6,0
10330,27151,0
10331,23878,0
10332,20895.8,0
10333,18099.4,0
10334,15608.4,3.6
10335,14043.5,45.7
10336,15153.4,0
10337,15459.5,0
10338,14931.9,0
10339,15343.8,0
10340,16640,0
10341,18404.6,0
10342,20170,0
10343,22705.5,0
10344,25354.7,0
10345,27388.5,0
10346,28440.9,0
10347,28916.2,0
10348,29339.6,0
10349,29308.3,0
10350,28429.1,0
10351,26934.1,0
10352,25789.4,0
10353,26163.5,0
10354,26253.7,0
10355,25430.9,0
10356,24444.5,0
10357,24016.6,0
10358,23705.1,0
10359,23648.2,0
10360,22964.7,0
10361,22388.3,0
10362,20875.9,0
10363,19605.7,0
10364,19830.5,0
10365,19941.5,0
10366,20521.4,0
10367,22351.3,0
10368,24083.3,0
10369,25940.8,0
10370,26906.2,0
10371,27568.7,0
10372,27723.4,0
10373,27537.2,0
10374,26632.5,0
10375,24718.8,0
10376,22861.4,0
10377,22396.7,0
10378,21496.3,0
10379,19671.2,0
10380,17741,0
10381,16175.7,0
10382,15694.7,0
10383,15135.8,0
10384,14261.1,0
10385,12998.7,0
10386,11043.9,0
10387,11793.1,0
10388,13243.5,0
10389,14320.7,0
10390,15706.5,0
10391,18150,0
10392,20616.2,0
10393,22874.2,0
10394,24447.4,0
10395,25618.8,0
10396,26246.1,0
10397,26333.8,0
10398,25490.6,0
10399,23920.3,0
10400,21618.6,0
10401,19105.7,0
10402,14913.2,0
10403,10670.2,0
10404,7466.1,46.8
10405,5153.5,195.9
10406,3366.7,502.4
10407,2082.1,605.5
10408,1275.6,653
10409,911.3,566.5
10410,782.8,23.8
10411,1051.5,0
10412,1624.2,0
10413,2438.8,0
10414,3620.9,0
10415,6127.7,0
10416,9367.5,0
10417,12263.3,0
10418,13862.2,0
10419,14356.1,0
10420,14963.8,0
10421,15269.4,0
10422,15035.9,0
10423,14633.8,0
10424,14324.3,0
10425,15669.4,0
10426,16204,0
10427,16118.2,0
10428,15687.3,0
10429,15254,0
10430,15151,0
10431,15705.9,0
10432,15892.7,0
10433,15303.4,0
10434,13940.4,0
10435,12862.4,0
10436,13100.2,0
10437,13523.4,0
10438,14040.9,0
10439,15830,0
10440,17812.4,0
10441,19908.3,0
10442,20764.4,0
10443,21307.2,0
10444,21406.5,0
10445,21000.2,0
10446,19370.3,0
10447,18695.4,0
10448,20140.6,0
10449,20411,0
10450,19679.1,0
10451,19097.3,0
10452,18811.4,0
10453,18528.8,0
10454,18139.2,0
10455,17015.1,0
10456,14193.9,0
10457,11622,0
10458,10857.6,0
10459,11429.3,0
10460,11706.9,0
10461,12959.2,0
10462,15138.7,0
10463,17328.1,0
10464,18115.2,0
10465,17812.5,0
10466,19314,0
10467,20642.4,0
10468,21835,0
10469,21350.2,0
10470,20931.5,0
10471,21003.5,0
10472,19410.8,0
10473,15576,0
10474,10459.7,0
10475,6921.6,0
10476,4522.6,0
10477,2859.1,194.6
10478,2021.4,139.4
10479,1516.4,166.1
10480,1463.9,113.9
10481,1436,0
10482,1556.6,0
10483,2283.5,0
10484,3696,0
10485,5369.8,0
10486,7205.8,0
10487,9416.8,0
10488,11718,0
10489,13276.6,0
10490,14365.8,0
10491,15112.6,0
10492,15283.8,0
10493,14914.2,0
10494,14122.4,0
10495,14152.4,0
10496,15504.3,0
10497,15741.1,0
10498,14938.4,0
10499,14062.3,0
10500,13344.1,0
10501,12606.8,0
10502,12297.6,0
10503,10735.8,0
10504,9231.7,0
10505,7455.5,0
10506,6723.9,0
10507,7303.1,0
10508,7779.3,0
10509,8427.4,0
10510,9923,0
10511,11702.3,0
10512,13925.3,0
10513,15317.2,0
10514,16405.4,0
10515,17457.4,0
10516,18091.6,0
10517,17821.6,0
10518,16515.2,0
10519,16167.6,0
10520,16332.6,0
10521,15922.2,0
10522,15132.9,0
10523,12531.9,0
10524,11488.2,0
10525,7825.7,0
10526,5918.9,0
10527,7234,0
10528,8558.1,0
10529,9246.3,0
10530,9901.7,0
10531,11254.7,0
10532,12391.1,0
10533,13886.8,0
10534,15974.2,0
10535,18151.1,0
10536,20266.1,0
10537,21083.3,0
10538,21708.1,0
10539,22357.3,0
10540,22503.5,0
10541,22063.1,0
10542,20796.1,0
10543,20580,0
10544,21679.1,0
10545,21426.3,0
10546,20148.8,0
10547,18757.1,0
10548,18275,0
10549,17825.1,0
10550,17518.4,0
10551,16916.5,0
10552,16110.6,0
10553,14568.2,0
10554,14238.2,0
10555,15978.8,0
10556,17080.7,0
10557,18800.5,0
10558,21863.7,0
10559,24727,0
10560,27144.7,0
10561,28643.2,0
10562,29568.9,0
10563,30270.5,0
10564,31152.2,0
10565,30775.1,0
10566,29134.8,0
10567,28999.8,0
10568,29630.5,0
10569,27229.9,0
10570,25615,0
10571,24505.5,0
10572,24240.8,0
10573,23819.7,0
10574,22466.9,0
10575,21970.3,0
10576,20041.1,0
10577,18236.2,0
10578,17803.9,0
10579,18948.1,0
10580,20003.8,0
10581,21866.1,0
10582,25624.5,0
10583,29451.5,0
10584,33016.6,0
10585,35769.5,0
10586,37918.7,0
10587,39768.3,0
10588,41262.1,0
10589,41296.9,0
10590,40259.2,0
10591,39703.8,0
10592,38574,0
10593,37459.2,0
10594,36939.3,0
10595,33927.9,0
10596,30876.8,0
10597,28435.4,0
10598,28398.2,0
10599,26719.4,0
10600,27040,0
10601,24924,0
10602,24748.3,0
10603,27095.2,0
10604,29295.9,0
10605,32086.6,0
10606,35726.8,0
10607,39374.2,0
10608,42800.6,0
10609,44443.8,0
10610,45223.7,0
10611,46071.3,0
10612,46783.5,0
10613,46659.6,0
10614,46155.6,0
10615,45557.9,0
10616,42981.1,0
10617,37513,0
10618,31732,0
10619,27002.1,0
10620,22903.7,0
10621,19361,0
10622,15988.2,0
10623,12899.3,0
10624,10002.8,0
10625,7986.8,0
10626,8031.5,0
10627,10485.6,0
10628,12862.8,0
10629,15120.4,0
10630,18535,0
10631,22002.6,0
10632,24955.3,0
10633,27056.6,0
10634,28831,0
10635,29586.6,0
10636,29856.2,0
10637,29493.9,0
10638,28214.6,0
10639,27267,0
10640,26124.3,0
10641,23371.4,0
10642,20494.9,0
10643,19228.6,0
10644,17167.1,0
10645,15357.2,0
10646,13179.2,0
10647,10828.3,0
10648,8133,0
10649,5630.6,0
10650,5297.6,0
10651,6953.3,0
10652,9426.4,0
10653,11096.1,0
10654,14804.7,0
10655,19167,0
10656,21804.6,0
10657,23340.9,0
10658,24489.7,0
10659,25321.3,0
10660,25501.2,0
10661,25135.9,0
10662,23771.2,0
10663,23231.2,0
10664,23349,0
10665,23298.5,0
10666,21768,0
10667,20570.7,0
10668,20151,0
10669,19800.5,0
10670,19196.6,0
10671,18479.3,0
10672,16929.4,0
10673,15111.2,0
10674,14426.9,0
10675,15543.3,0
10676,16392.2,0
10677,17126.6,0
10678,19031.8,0
10679,21410.3,0
10680,23637.3,0
10681,24998.5,0
10682,26129.3,0
10683,26962.3,0
10684,26914.6,0
10685,25639.6,0
10686,23500.7,0
10687,22314.1,0
10688,23003.8,0
10689,22496,0
10690,21398.2,0
10691,18082.2,0
10692,16044.8,0
10693,15404,0
10694,15887.2,0
10695,15056.8,0
10696,15190.1,0
10697,15302.8,0
10698,16845.3,0
10699,19629.2,0
10700,22043.5,0
10701,25131.2,0
10702,29963.7,0
10703,34986.4,0
10704,39457.6,0
10705,42394.5,0
10706,45166.7,0
10707,47639.1,0
10708,49223.8,0
10709,49516.6,0
10710,48893.1,0
10711,47804.3,0
10712,45080.5,0
10713,41968.9,0
10714,37279.2,0
10715,33323.1,0
10716,30716.1,0
10717,27333.3,0
10718,25016.2,0
10719,22974.8,0
10720,20710.1,0
10721,18309.1,0
10722,18779.4,0
10723,22282.1,0
10724,24783.3,0
10725,27494.8,0
10726,31526.4,0
10727,35364.2,0
10728,39077.2,0
10729,41637.6,0
10730,43815.5,0
10731,45739.7,0
10732,46712.4,0
10733,47767.2,0
10734,47709.1,0
10735,45446,0
10736,41579.4,0
10737,36796.5,0
10738,31260.1,0
10739,26440.1,0
10740,22656.2,0
10741,19758.8,0
10742,16958.6,0
10743,14390.6,5.3
10744,12122.4,5
10745,10242.1,0
10746,10179.9,0
10747,12775.5,0
10748,14709,0
10749,16612.6,0
10750,19203,0
10751,21955.4,0
10752,24617.4,0
10753,25911.6,0
10754,27081.3,0
10755,28095.6,0
10756,28701.5,0
10757,28732.7,0
10758,27920.7,0
10759,26833.5,0
10760,25396,0
10761,21540.2,0
10762,17951.5,0
10763,15162.8,0
10764,13491.4,0
10765,13385.8,0
10766,12595,0
10767,11667,0
10768,10771.3,0
10769,9827.3,0
10770,9821.4,0
10771,11932.5,0
10772,14571.3,0
10773,17844.9,0
10774,22312.4,0
10775,26979.3,0
10776,31352.6,0
10777,34389.8,0
10778,36975.3,0
10779,39600.6,0
10780,41820.9,0
10781,42649.4,0
10782,42448.9,0
10783,40695.5,0
10784,38135.6,0
10785,33934.3,0
10786,29632.6,0
10787,25442.4,0
10788,22029.2,0
10789,19358.4,0
10790,16468,0
10791,13790.4,0
10792,11653.9,0
10793,10078.3,0
10794,9726,0
10795,12185.9,0
10796,14893.3,0
10797,17592.9,0
10798,22313,0
10799,27504.3,0
10800,31391.6,0
10801,34646,0
10802,37934.6,0
10803,40486.9,0
10804,41743.9,0
10805,42441,0
10806,42187.9,0
10807,37340.5,0
10808,32532.6,0
10809,27738,0
10810,23302.4,0
10811,20248.5,0
10812,18408.9,0
10813,13900.2,0
10814,9375,63.8
10815,6331.5,231.2
10816,4564.9,233.1
10817,4358,0
10818,5595.3,0
10819,7859.4,0
10820,9775.4,0
10821,11114.7,0
10822,13485.5,0
10823,16323.4,0
10824,19146.9,0
10825,21619.4,0
10826,23693.8,0
10827,24970.3,0
10828,24988.7,0
10829,24565.8,0
10830,23644,0
10831,23323,0
10832,23950.4,0
10833,23980.2,0
10834,22089.2,0
10835,21456.2,0
10836,21113.2,0
10837,20602.7,0
10838,18940.1,0
10839,17557.7,0
10840,16852.1,0
10841,14902.2,0
10842,14822.8,0
10843,16173.1,0
10844,17151.7,0
10845,17985.6,0
10846,20129.6,0
10847,22534.7,0
10848,24961,0
10849,26276.1,0
10850,27003.3,0
10851,27575,0
10852,27786.2,0
10853,27066.3,0
10854,25525.3,0
10855,24603.3,0
10856,24999.5,0
10857,23998.3,0
10858,21210.3,0
10859,16275.2,0
10860,13403.8,0
10861,11637.2,0
10862,9719,1.8
10863,7028.9,83.7
10864,5224,108.9
10865,4405.2,0
10866,4403,0
10867,6719.4,0
10868,9256.8,0
10869,11202.7,0
10870,13883.4,0
10871,17267,0
10872,19995.2,0
10873,21504.2,0
10874,23183.9,0
10875,24351.9,0
10876,25611,0
10877,25976,0
10878,25362.7,0
10879,22798.9,0
10880,20257.3,0
10881,16488.9,0
10882,11664.1,0
10883,7744.1,156
10884,4963.7,282.7
10885,3435.9,745.6
10886,2279.2,1066.6
10887,1317.9,1270.1
10888,524.2,1468.9
10889,103.1,1112.3
10890,5.3,1015
10891,253.4,573.1
10892,759.4,360.1
10893,1778.1,183.3
10894,3118.7,0.4
10895,5060.3,0
10896,7878.1,0
10897,9845.5,0
10898,11668,0
10899,13110.6,0
10900,13664.5,0
10901,13744.1,0
10902,13683.4,0
10903,12587.1,0
10904,11303.6,0
10905,9073.2,0
10906,6289.2,0
10907,4289.5,300.2
10908,2629.6,738.2
10909,1498.4,1366.1
10910,664.3,2231
10911,133.7,2715.9
10912,0,2980.9
10913,0,2451.3
10914,0,2180.8
10915,0,1615.5
10916,6.3,1179.9
10917,167.2,790
10918,1165.7,419.2
10919,2994.5,145.9
10920,6022.7,0
10921,8875.7,0
10922,11750.2,0
10923,14597.7,0
10924,17296.5,0
10925,18818.6,0
10926,18447.1,0
10927,16436.5,0
10928,15162,0
10929,13251.4,0
10930,11086.5,21.9
10931,8524.7,471.4
10932,6707.2,1045.5
10933,5363.8,1487.7
10934,4335.6,1976.1
10935,3547.6,2296.8
10936,2623.8,2407.8
10937,1718.1,2387.6
10938,1433.2,2015.3
10939,2534,1204.2
10940,4509.9,668.9
10941,6652.3,449.9
10942,8913.1,207.7
10943,11895.1,7.7
10944,14785.8,0
10945,18322,0
10946,20486.7,0
10947,21967.5,0
10948,23397.3,0
10949,23843.6,0
10950,22403.9,0
10951,19310.8,0
10952,16582.8,0
10953,12118.3,0
10954,8092.2,283.1
10955,5058.7,1063.7
10956,3161.6,1788.4
10957,2063.8,2520.2
10958,1073.9,3068.6
10959,262.1,3444.8
10960,0,3661.3
10961,0,3837.2
10962,0,3640
10963,0,2592.6
10964,0,2005.1
10965,0.4,1602.2
10966,269,1010.3
10967,1376.7,521.6
10968,2948,261.4
10969,4797.6,94.4
10970,6891.8,2.1
10971,8795.9,0
10972,10448,0
10973,11258.7,0
10974,11294.6,0
10975,11057.3,0
10976,10897.8,0
10977,9493.3,85.2
10978,7373.4,685.7
10979,5245.4,1668.8
10980,3902.6,2195.2
10981,3581.6,1721.6
10982,3299.1,1773.9
10983,3012,2385.6
10984,3009.6,1833
10985,2207.3,1644.5
10986,1883.7,1647
10987,3213.2,1082.2
10988,5261.6,657.2
10989,7285.2,451
10990,9963,189.9
10991,12652.5,3
10992,15411.8,0
10993,17576.3,0
10994,19533.3,0
10995,21364.3,0
10996,22839.9,0
10997,23579.7,0
10998,23018.3,0
10999,20822,0
11000,20008.9,0
11001,19217,0
11002,16028.2,0
11003,12645.3,117.6
11004,10433.9,565
11005,8159.9,1199.3
11006,5496.2,1790.5
11007,3889,2256.1
11008,2925,2364.7
11009,1753.9,1972.1
11010,1489.5,1680.4
11011,2785.4,1005.3
11012,4688.5,591.8
11013,6911.3,380.9
11014,9946,102
11015,13036.2,0
11016,16240.1,0
11017,18129,0
11018,19814.1,0
11019,21637.2,0
11020,22431.2,0
11021,22210.3,0
11022,21236.9,0
11023,18393.6,0
11024,16262.1,0
11025,13658.9,0
11026,10648.1,114.7
11027,7492.2,605.4
11028,7816,79.9
11029,8430,0
11030,9012.8,30.7
11031,6140,720.1
11032,4040.6,927.3
11033,3600.3,505.7
11034,3743.3,524
11035,4987,401.8
11036,5649.9,333.9
11037,6630.4,244.3
11038,8690.2,44.4
11039,10940.4,0
11040,13274,0
11041,15571.7,0
11042,17612.4,0
11043,18583.2,0
11044,18558.6,0
11045,18120.3,0
11046,17038.4,0
11047,14383,0
11048,12545.6,0
11049,9833,0
11050,6494.1,552.8
11051,3696.3,1617
11052,2263.6,2262
11053,1316.8,3202
11054,482.2,3884.7
11055,52.4,4318
11056,0,4683.3
11057,0,4284.4
11058,0,4037.5
11059,0,2974.4
11060,0,2096.8
11061,34.3,1399.6
11062,871.1,667.5
11063,2795.4,315.8
11064,5310.3,58.5
11065,7259.7,0
11066,8585.6,0
11067,8846.5,0
11068,8984.1,0
11069,8656.6,0
11070,7527.9,73
11071,6279.4,175.8
11072,7248.1,54.5
11073,6218.8,130.9
11074,4291.5,329.2
11075,3722.5,354.4
11076,3543.4,345.7
11077,3453.9,284
11078,3495.7,310.9
11079,3783.5,317.7
11080,3866.7,331.3
11081,3469.4,410.1
11082,3642.4,485.7
11083,4884.4,394.8
11084,5899.7,318.4
11085,6950.6,228.8
11086,8614.9,58.6
11087,10422.4,0
11088,12933.6,0
11089,14251.8,0
11090,14917.7,0
11091,15880.8,0
11092,16430.9,0
11093,15885.6,0
11094,14727.5,0
11095,13859.1,0
11096,15619.2,0
11097,16518.5,0
11098,14661.2,0
11099,12553.3,0
11100,11899.4,0
11101,11708.6,0
11102,10106.7,0
11103,8698.2,0
11104,6706.2,71.5
11105,5234.2,200.5
11106,4519.6,263.7
11107,5579.4,180.7
11108,7184.8,70.5
11109,9055,0.1
11110,11927.8,0
11111,15174.2,0
11112,17969.7,0
11113,19957.7,0
11114,22956.9,0
11115,24800.4,0
11116,25452.9,0
11117,25829,0
11118,25002.5,0
11119,22257.7,0
11120,20465.6,0
11121,17809.2,0
11122,15915.2,0
11123,12964.5,0
11124,10759.5,0
11125,10018,0
11126,10374.3,0
11127,10252.2,0
11128,10090.7,0
11129,9395.8,0
11130,9381.2,0
11131,10520.2,0
11132,12386.4,0
11133,14407.2,0
11134,16895.5,0
11135,18874.3,0
11136,21164.5,0
11137,22612.6,0
11138,23451.5,0
11139,24517.6,0
11140,25769.3,0
11141,25997.9,0
11142,24715.8,0
11143,22801.3,0
11144,21484.1,0
11145,18874.1,0
11146,18207.3,0
11147,15960.1,0
11148,14829.6,0
11149,14929.6,0
11150,13310.9,0
11151,11510.5,0
11152,10130.9,0
11153,8518.4,0
11154,8130.8,0
11155,8897.1,0
11156,10609.9,0
11157,12499.7,0
11158,15298.3,0
11159,18476.9,0
11160,21402,0
11161,22992.6,0
11162,24307.5,0
11163,25802.3,0
11164,27310.4,0
11165,27395.9,0
11166,25827.2,0
11167,23567.4,0
11168,23307.2,0
11169,22081.2,0
11170,21231.3,0
11171,20134.6,0
11172,18568.7,0
11173,16806.5,0
11174,17805,0
11175,15660.5,0
11176,13203,0
11177,11507.3,0
11178,11175.6,0
11179,12865.6,0
11180,14964.6,0
11181,17038.9,0
11182,19981.3,0
11183,23000.7,0
11184,25925.5,0
11185,27835.4,0
11186,29546.3,0
11187,30845.2,0
11188,31648.3,0
11189,31512.8,0
11190,29811.3,0
11191,25825.8,0
11192,23490,0
11193,20242,0
11194,16264.6,0
11195,13208.8,0
11196,12641.4,0
11197,11551.1,0
11198,9376.7,0
11199,8595.2,0
11200,6538.8,0
11201,4628.2,0
11202,4112.2,0
11203,5690.7,0
11204,8055.3,0
11205,9615.1,0
11206,12375,0
11207,16457.8,0
11208,20056,0
11209,21783.8,0
11210,23271.7,0
11211,24563.4,0
11212,25099.9,0
11213,25644.4,0
11214,24229.6,0
11215,19289.1,0
11216,15777.3,0
11217,11960.9,0
11218,8017.2,56.5
11219,4890.3,340.1
11220,2668.6,388.7
11221,1418,527.3
11222,924.7,589.1
11223,939.8,484.9
11224,245.3,526.3
11225,0,102.4
11226,0,164.6
11227,104.5,102.4
11228,559.2,42.9
11229,1057.3,1.9
11230,2358.9,0
11231,4831.1,0
11232,7745.5,0
11233,9807.6,0
11234,11134.1,0
11235,12556.5,0
11236,13601.7,0
11237,13672.9,0
11238,12931.5,0
11239,12181.4,0
11240,12837,0
11241,11637,0
11242,9449.9,0
11243,7497.8,0
11244,5705.8,20
11245,5942.1,76.5
11246,4904,167.9
11247,3085.6,347.8
11248,1910.6,451.6
11249,738,328.4
11250,729.1,322.2
11251,1421.7,219.4
11252,2551,138
11253,3888.3,49.8
11254,5785.4,0
11255,8329.1,0
11256,11284.4,0
11257,13206.4,0
11258,14581.8,0
11259,15251.4,0
11260,15570.2,0
11261,15428.8,0
11262,14123,0
11263,12320.5,0
11264,11230.3,0
11265,9145,0
11266,6673.3,12.8
11267,4330.4,369.8
11268,2571,905.9
11269,1859.4,1162.9
11270,1212.8,1720.9
11271,668.1,2042.1
11272,359.4,2108.7
11273,67.6,2162.7
11274,32.4,1934.8
11275,298.9,1318.6
11276,697.6,883.3
11277,1140.7,636.5
11278,2316.3,369.1
11279,4020.2,163.9
11280,5911.8,8.9
11281,6726.1,0
11282,7144.1,0
11283,8194.4,0
11284,9129,0
11285,9841.3,0
11286,9563.9,0
11287,8261.2,0
11288,7529.1,3.9
11289,5816.4,216.7
11290,3822.9,629.4
11291,1821.1,1409.7
11292,1019.6,1405.5
11293,475.6,1805.1
11294,60.2,1712.1
11295,0,1682
11296,0,1792.2
11297,0,2411.7
11298,0,2515.9
11299,0,2193.2
11300,0,1875.6
11301,0,1455.6
11302,41.7,797.4
11303,793.9,439.9
11304,3055.4,198
11305,4974.6,76
11306,6792.1,4.3
11307,8341.2,0
11308,9511.8,0
11309,9943.8,0
11310,9560,0
11311,8369.6,5.5
11312,7658.2,59.4
11313,5871.8,527.6
11314,3566.6,1448.3
11315,1980.8,2479.5
11316,1267.4,3270.5
11317,610.8,3976.9
11318,42.9,3916.5
11319,0,4462.8
11320,0,4173.9
11321,0,3707.9
11322,0,4005.6
11323,0,3138.3
11324,0,2591.8
11325,0,2092.3
11326,31.5,1239.4
11327,996.3,530.5
11328,2431.4,299.9
11329,3431.1,215.7
11330,5058.7,104.6
11331,6706.7,9.3
11332,7212.3,0
11333,8735.3,1.8
11334,8965.2,0
11335,9307.6,0
11336,10507.8,0
11337,10918.9,0
11338,11317.7,0
11339,11066.4,0
11340,11003.9,0
11341,11206,0
11342,10883.2,0
11343,8731.1,0
11344,7822.9,47.6
11345,7343.2,121.3
11346,6548.6,213.8
11347,5952.9,301
11348,6030.1,309.6
11349,6634.4,262.3
11350,7909.6,107
11351,9624.7,0
11352,11839.3,0
11353,13280.9,0
11354,14412.1,0
11355,15333,0
11356,15997.8,0
11357,15825.6,0
11358,14873.4,0
11359,14339.9,0
11360,13827.1,0
11361,11787.4,0
11362,9995.3,0
11363,9244.6,0
11364,7515.6,102.2
11365,4767.5,834.9
11366,2911.6,1307.2
11367,1870.6,1738.3
11368,900.7,2121.9
11369,186,2030.7
11370,1.7,2200.6
11371,96.2,1689.8
11372,361.1,1078.7
11373,942.1,705.6
11374,2605.5,369.4
11375,5586.6,104.5
11376,8662.9,0
11377,10949.3,0
11378,12552.5,0
11379,14042,0
11380,15334,0
11381,15523,0
11382,14582.3,0
11383,11119.8,0
11384,10141.2,0
11385,8756.9,13.6
11386,6471.6,582.1
11387,4261.4,1469.9
11388,2657.5,1994
11389,2126.9,2055.4
11390,1679.7,1696.4
11391,1401.5,1418.2
11392,1293.8,1296.6
11393,1237.9,943.4
11394,1698.1,873.2
11395,2783.7,677.6
11396,4004.2,564.4
11397,5158.4,453.1
11398,6850.5,256.3
11399,8647.9,57.7
11400,10652.3,0
11401,12244.1,0
11402,13109.5,0
11403,13983,0
11404,14612.4,0
11405,14390.7,0
11406,13519.8,0
11407,12212.2,0
11408,12996.2,0
11409,12294.5,0
11410,9535.6,0
11411,6707.3,117.4
11412,5995,87.6
11413,5834,42.3
11414,6090,8
11415,6664.9,0
11416,5927.8,76.6
11417,3958.6,334.3
11418,3119.8,485.9
11419,3303.1,503
11420,4251.8,378.2
11421,5669.8,251.4
11422,8037.1,32.1
11423,10734.7,0
11424,13459.1,0
11425,14776.7,0
11426,15816.1,0
11427,17057.2,0
11428,17857.1,0
11429,17880.1,0
11430,17033.4,0
11431,14741.3,0
11432,14219.2,0
11433,12255.5,0
11434,10034.7,7.9
11435,8091.3,290.4
11436,6389.8,677.7
11437,4900.7,1063.3
11438,3523.2,1339.1
11439,2910.3,1461.4
11440,1992.9,1588.3
11441,1072.4,1686.7
11442,808.6,1563.8
11443,1225.1,1071.2
11444,2979.1,593
11445,5064.7,392.9
11446,8281.3,117.7
11447,11283.8,0
11448,13976.3,0
11449,15884.2,0
11450,17321.7,0
11451,18729.7,0
11452,19610.2,0
11453,19554.6,0
11454,18046.9,0
11455,14674.5,0
11456,12130.5,0
11457,10019.4,0
11458,6838.3,148.2
11459,4208.8,748.9
11460,2258.2,1322.1
11461,1840.8,1703.6
11462,1470.1,2037.1
11463,909.8,2244.5
11464,513.2,2327.7
11465,117.2,2399.7
11466,22.9,2326.2
11467,120.9,1883.4
11468,697.9,1210.5
11469,1784.9,762.8
11470,3861.8,389.5
11471,7084.8,117
11472,10262.3,0
11473,12521.9,0
11474,14717.1,0
11475,16519.4,0
11476,17534.9,0
11477,17781.5,0
11478,16453.6,0
11479,13693,0
11480,13081.8,0
11481,11170.9,0
11482,8524.4,206.1
11483,6266.8,889.5
11484,4247.4,1471.8
11485,3161,2161.1
11486,2511.7,2583.7
11487,1677.1,2740.4
11488,1051.5,2314
11489,836.6,1586.6
11490,1154.6,1319.3
11491,2055.3,873.7
11492,3081.4,671.8
11493,4484.3,538.8
11494,6841.7,306
11495,9626.7,50.7
11496,12456,0
11497,15056.8,0
11498,16680.4,0
11499,18073.4,0
11500,18846.9,0
11501,18812.8,0
11502,17727.3,0
11503,15481.3,0
11504,15105.7,0
11505,14393.5,0
11506,13480,0
11507,12453.4,0
11508,11030.8,0
11509,8015.1,0
11510,5899.1,21.8
11511,2393.4,443.5
11512,1201.7,544.1
11513,323.4,663
11514,45.1,997.3
11515,84.5,935.5
11516,617.7,555.6
11517,2051.3,378
11518,2864.8,250.5
11519,4113.3,95.3
11520,6924.8,0
11521,9226.7,0
11522,10528.9,0
11523,12316.3,0
11524,13687.3,0
11525,14174.7,0
11526,13690.9,0
11527,12808.2,0
11528,13223.6,0
11529,13223,0
11530,13538.4,0
11531,12329.1,0
11532,12222.6,0
11533,11413.7,0
11534,9475.6,0
11535,8240.9,1.4
11536,6491.1,131.7
11537,4810.2,249.6
11538,3938,332.1
11539,4581.4,249.6
11540,6450,134.6
11541,8286.7,18.3
11542,11206.3,0
11543,14881.5,0
11544,18285.4,0
11545,20625.5,0
11546,22107,0
11547,23344.3,0
11548,25057,0
11549,25615.7,0
11550,22860.2,0
11551,19502.9,0
11552,17053.5,0
11553,14297,0
11554,12154.4,0
11555,12123.1,0
11556,10111,0
11557,7193.5,0
11558,4575,241
11559,2491.2,598.1
11560,1186.7,736.5
11561,533.8,604
11562,590.8,530.1
11563,1395.9,396
11564,2518.6,288
11565,3387.7,213
11566,5396.4,26.2
11567,7735.2,0
11568,9636.1,0
11569,11089.4,0
11570,11986.6,0
11571,13245.6,0
11572,14068.2,0
11573,13733.9,0
11574,11969.4,0
11575,9013.1,0
11576,7871,0
11577,5326.9,46.6
11578,2467.5,793.7
11579,723,1775.7
11580,48.3,2705.8
11581,0,3638
11582,0,4632.7
11583,0,5285
11584,0,5162.9
11585,0,4204.1
11586,0,3503.4
11587,0,4304.2
11588,0,4514.7
11589,0,4564.3
11590,0,2437.5
11591,0,1290.3
11592,0,866.1
11593,0,500.9
11594,102.6,313.5
11595,530,154.1
11596,1779.8,40.3
11597,3206.4,12.8
11598,4361.3,42.2
11599,4955.6,78.8
11600,6059.7,0.9
11601,6682.4,0
11602,6670.3,1.3
11603,7038.5,0
11604,6038.7,84.9
11605,3583.9,567.1
11606,1865.3,1381.7
11607,1017.4,1789.8
11608,402.3,2047.8
11609,46.7,2807.2
11610,0,3207.3
11611,1.3,2799.3
11612,158.5,1818.5
11613,414.7,1338.6
11614,1685.1,688
11615,4069.4,271.6
11616,6550.6,66.5
11617,8879.1,0
11618,11007.4,0
11619,12559.2,0
11620,13755.5,0
11621,14857.2,0
11622,14062.3,0
11623,10413.5,0
11624,8631,9.5
11625,6489,252.3
11626,4085.8,854.6
11627,2150.9,1547.6
11628,1067.8,2266.7
11629,409.9,2806.3
11630,110,2131.1
11631,3,1947.1
11632,0,2320.4
11633,0,3357.2
11634,0,3633.1
11635,0,2932
11636,47.3,1884.5
11637,737.2,1247
11638,2703.1,553.8
11639,5857.3,204
11640,9057,5.9
11641,11689.6,0
11642,14019.1,0
11643,16206.4,0
11644,18211.1,0
11645,19116.8,0
11646,17500.8,0
11647,15796.3,0
11648,14702.8,0
11649,12108.7,0
11650,9197.2,207.4
11651,6621.6,908.7
11652,4435.3,1454.7
11653,2995.5,2143.1
11654,2162.4,2607.4
11655,1254.4,2824.3
11656,430.1,2917.8
11657,0,2878.7
11658,0,3320.2
11659,0,2870.3
11660,142.9,1804.4
11661,967.8,1028.5
11662,2854.7,438.5
11663,5988,170.8
11664,9238.7,1.2
11665,11827.6,0
11666,14140.5,0
11667,16251.6,0
11668,17417.5,0
11669,17260.5,0
11670,14814.4,0
11671,12211.2,0
11672,10439.4,0
11673,6943.3,242.6
11674,3841.2,1164.7
11675,1825.9,2025.5
11676,716.3,2774.5
11677,211,3588.7
11678,0,4116
11679,0,4466.3
11680,0,5317.2
11681,0,5955.1
11682,0,7163.9
11683,0,6385.7
11684,0,4340.1
11685,0,3071.2
11686,0,1994.4
11687,5.8,1182.1
11688,173.5,546.3
11689,944.7,296.3
11690,2923.3,132.4
11691,5795.3,9.2
11692,7684.1,0
11693,8212.1,0
11694,6962.5,76.9
11695,4973.7,324.9
11696,3183.7,821.9
11697,1088.5,2343.8
11698,150.7,3752.8
11699,0,4872.3
11700,0,5585.2
11701,0,6218.7
11702,0,6849.2
11703,0,7372.9
11704,0,7789.2
11705,0,7389.7
11706,0,7119.2
11707,0,5445.3
11708,0,3826.2
11709,0,2809.8
11710,0,1681.8
11711,97.8,855.4
11712,1027,340.1
11713,2618.8,197
11714,4305.8,101.7
11715,5892.5,25
11716,7093.4,0.2
11717,7565,9
11718,6679.5,142.6
11719,5588.5,310
11720,5257.2,288.9
11721,4038.9,528.3
11722,2524,1273.4
11723,1224.4,2661
11724,746.1,3413.2
11725,423.6,4017.9
11726,119.6,4432.6
11727,0,4811.9
11728,0,4954.1
11729,0,4638.7
11730,0,4564.3
11731,0,3947.8
11732,75.8,2947.2
11733,373.6,2126.9
11734,1539.6,1208
11735,3384.2,549.7
11736,6014.8,207.3
11737,7822.6,68
11738,9207.3,1
11739,10450.4,0
11740,11319.4,0
11741,11384.9,0
11742,10184.5,17.3
11743,8298.7,153.3
11744,7149.7,200.3
11745,4919.6,811.6
11746,2919.3,2008.4
11747,1540.8,3015.5
11748,898.5,3649.7
11749,593.7,4264
11750,264.3,4620.9
11751,30.7,4908.3
11752,0,5188.5
11753,0,4933.8
11754,0,5055.8
11755,0,4272.3
11756,2.8,3123.6
11757,252.2,2150.7
11758,1408.1,1174.2
11759,3377.5,493.9
11760,6333.8,184.3
11761,8473.1,34.6
11762,10348.9,0
11763,12100.1,0
11764,12926.1,0
11765,12547.6,0
11766,9898.7,3.4
11767,8343.5,106.2
11768,7804.1,205.3
11769,5967.3,743.6
11770,3993.4,1442.4
11771,2611.7,2048.7
11772,1623.4,2545.1
11773,1185.5,2743.6
11774,756.3,3158.8
11775,267,3449.9
11776,14.5,3815.7
11777,0,4349.7
11778,0,4607.5
11779,0,4058.4
11780,91.3,2760.1
11781,726.9,1754.2
11782,2293.3,886.1
11783,4855.2,353.7
11784,7603.7,114.9
11785,9510.3,3.9
11786,11034.8,0
11787,12344.9,0
11788,13021,0
11789,12698.4,0
11790,10975.2,0
11791,8848.2,73.2
11792,7793.9,98.6
11793,5899.1,477
11794,3568.9,1182.1
11795,1751.9,2027.6
11796,682.6,2799
11797,308.1,3186.8
11798,93.3,3384.1
11799,0,3633.3
11800,0,3764.2
11801,0,3952
11802,0,3845.2
11803,0,3344.2
11804,0,2876.8
11805,43.8,2354
11806,580.2,1537
11807,1745.7,840.5
11808,3585.8,407.1
11809,5096.5,243.3
11810,6236.1,154.3
11811,7213.5,80.4
11812,7789.3,48.2
11813,7724.8,96
11814,6971.8,241.3
11815,6404.8,393.8
11816,6749.5,238.2
11817,7021.7,176.7
11818,5900.9,370.6
11819,4850.8,556.2
11820,4467.1,545.1
11821,3866.5,658
11822,3939.1,630.8
11823,4365.5,530.8
11824,3490.4,809.4
11825,2333.9,1350.3
11826,1858.5,1655.2
11827,2143.2,1497.5
11828,2596.7,1299.6
11829,3249.5,1110.7
11830,4519.3,769
11831,5892.3,406.4
11832,7359.5,98.1
11833,8414.8,10.5
11834,9321.7,0
11835,10067.9,0
11836,10604.8,0
11837,10501.7,0
11838,9544.3,17.2
11839,8886.9,89.7
11840,9390,2.3
11841,9125.4,9.6
11842,7899.1,103.7
11843,6541.4,261
11844,5261.5,429.8
11845,4133.8,585.9
11846,3104.8,787.2
11847,2098.2,1129.4
11848,806.7,1916.7
11849,82.6,2694.6
11850,0,3522.6
11851,0,3286
11852,140.6,2380
11853,741.1,1623.4
11854,2392.4,958.8
11855,4141.4,537.6
11856,6021.5,162.2
11857,7718.1,13.3
11858,9269,0
11859,10653.6,0
11860,11373.2,0
11861,11029.3,0
11862,8978.6,57.2
11863,6950.1,354.4
11864,5509,429
11865,2977.9,1075
11866,871.6,2462.9
11867,87.6,3569.1
11868,0,4200.1
11869,0,5061.1
11870,0,5922.2
11871,0,7264.1
11872,0,8889.2
11873,0,10265.4
11874,0,12036.4
11875,0,11616.9
11876,0,9595.9
11877,0,7380.9
11878,0,5329.6
11879,0,4000.7
11880,0,3179.4
11881,0,2808.3
11882,0,2544.8
11883,0,2353.8
11884,0,2268.4
11885,0,2507.4
11886,0,3332
11887,0,3923.9
11888,0,4218.3
11889,0,5891
11890,0,7769.7
11891,0,9560.6
11892,0,10818.9
11893,0,12678.4
11894,0,14171.6
11895,0,15437.9
11896,0,16247.7
11897,0,16597.8
11898,0,16388.4
11899,0,14293.7
11900,0,11209.2
11901,0,7956.8
11902,0,4627.3
11903,0,2881.3
11904,0,1787.6
11905,0,1165.6
11906,0,800.5
11907,3.3,569.3
11908,85.2,460.2
11909,453.8,515.9
11910,700.4,769.4
11911,1040.4,852.9
11912,1765.9,645.8
11913,2246.4,631.3
11914,2083.3,825.2
11915,1940.4,1108.4
11916,1654.9,1317.5
11917,1364.5,1745.2
11918,1051.2,2085.9
11919,759.7,2305
11920,518.7,2561.3
11921,241.5,2706.9
11922,267.9,2914.5
11923,618.4,2583.7
11924,1435.8,2024.8
11925,2500.3,1492.6
11926,3946.6,935.7
11927,5461.2,564
11928,6797.7,238.6
11929,7653.8,78.9
11930,8388.4,9.4
11931,8953.1,0
11932,9455.5,0
11933,9431.2,0
11934,8472.4,191.3
11935,7468.5,396.9
11936,7045.3,283.5
11937,5420.2,563.9
11938,3394.5,1397.1
11939,1693.3,2244.3
11940,730.8,2859.2
11941,206.3,3617.9
11942,0,4301.2
11943,0,4879.2
11944,0,5443.5
11945,0,6419.3
11946,0,6738.6
11947,0,6009.4
11948,0,4776.8
11949,0,3739.6
11950,0,2634.1
11951,0,1682.4
11952,220.8,949.5
11953,830.9,627.4
11954,1917.5,428.6
11955,3329.8,278.3
11956,4593,194.2
11957,5008.4,278.6
11958,4282.9,614.7
11959,3071.7,984.3
11960,2254.1,1272.3
11961,860.9,2209.9
11962,124.9,3332
11963,0,4237.8
11964,0,4968.2
11965,0,5306.5
11966,0,5382.4
11967,0,4930.3
11968,0,5266.7
11969,0,5879.3
11970,0,5879.1
11971,0,4902
11972,0,4122.2
11973,0,3333.9
11974,0,2344
11975,0,1449.1
11976,131.2,828.7
11977,722.6,576.5
11978,1854,394.4
11979,3186.1,244
11980,4339.4,172.9
11981,4764.5,258.5
11982,4470.8,524
11983,4240.1,657.4
11984,4896.5,463.6
11985,4878.8,465.9
11986,4383.9,585.5
11987,3824.7,704.1
11988,3232.7,879.7
11989,1992.2,1567.3
11990,823.2,2515.9
11991,173.6,3630.7
11992,0,4373.7
11993,0,4803.8
11994,0,5417.3
11995,0,5200.8
11996,0,4222.2
11997,0,3361.4
11998,5.1,2343.2
11999,286.4,1418.4
12000,1084.8,744.1
12001,2351.5,458.6
12002,3643.8,310.7
12003,4767.2,193.2
12004,5338.3,168.2
12005,5095.5,320.1
12006,4038.9,679.1
12007,2569.1,1280
12008,1867.8,1618.4
12009,893.9,2637
12010,120.2,3984.5
12011,0,5111
12012,0,5877.5
12013,0,6959.5
12014,0,8633.5
12015,0,10402.3
12016,0,12219.4
12017,0,13959.6
12018,0,15612.1
12019,0,15003
12020,0,11992.8
12021,0,8531.4
12022,0,5309.5
12023,0,3336.2
12024,0,2186
12025,0,1550.8
12026,0,1161.5
12027,13.1,859.5
12028,40.3,752
12029,10.5,1058.2
12030,0,2474
12031,0,3333.8
12032,0,3937.1
12033,0,5127.5
12034,0,6805.3
12035,0,8655.4
12036,0,10952.7
12037,0,13995.9
12038,0,17043.1
12039,0,20019.6
12040,0,22256.6
12041,0,23695.5
12042,0,25076.8
12043,0,23599.5
12044,0,19139.6
12045,0,14377.9
12046,0,9951.9
12047,0,5866
12048,0,3032.6
12049,0,2340.2
12050,0,2040.5
12051,0,1841.5
12052,0,1885.3
12053,0,2535.8
12054,0,4252.7
12055,0,5490.2
12056,0,7050.5
12057,0,9649.5
12058,0,12895.5
12059,0,15609.5
12060,0,19079.6
12061,0,21585.5
12062,0,24583.9
12063,0,27286.4
12064,0,29892.1
12065,0,31839.5
12066,0,33559.9
12067,0,32263.7
12068,0,27504.1
12069,0,22101.9
12070,0,17204.9
12071,0,13029.8
12072,0,9326.1
12073,0,6923.1
12074,0,5202.7
12075,0,3874.7
12076,0,3336.9
12077,0,3673.8
12078,0,5672.1
12079,0,6851.6
12080,0,6894.4
12081,0,6295.3
12082,0,7230.8
12083,0,9294.9
12084,0,11164.7
12085,0,13294.3
12086,0,15040.1
12087,0,17449
12088,0,20910.9
12089,0,22288.4
12090,0,23368.7
12091,0,21693.8
12092,0,18137.1
12093,0,14397.5
12094,0,10919.1
12095,0,7892
12096,0,5145.9
12097,0,3539.1
12098,0,2855.5
12099,0,2439.2
12100,0,2093.5
12101,0,2013.8
12102,0,2299.2
12103,0,2514.2
12104,0,2249.3
12105,0,2294.3
12106,0,2490.8
12107,0,2658
12108,0,2718.6
12109,0,2905.6
12110,0,3121.9
12111,0,3607.9
12112,0,4495.3
12113,0,5514.8
12114,0,6800
12115,0,6554.5
12116,0,4937.5
12117,0,3585.8
12118,0,2358.3
12119,0,1291.5
12120,313.5,570.8
12121,1310.4,284.5
12122,3508,60.8
12123,5742,0
12124,7061,0
12125,6914.1,45.3
12126,5043.8,574.9
12127,4101.8,1126.9
12128,3709.6,1245.6
12129,2389.5,1841.2
12130,859,2810.4
12131,104.2,3720.1
12132,0,4429.5
12133,0,5069.4
12134,0,6060.5
12135,0,7785.5
12136,0,9453.8
12137,0,11440.8
12138,0,13095.9
12139,0,12227.4
12140,0,9167.9
12141,0,5718.6
12142,0,3572.4
12143,0,2418.7
12144,0,1412.5
12145,0,870.2
12146,31.4,553
12147,251.5,361.2
12148,805.1,322
12149,794.4,547.6
12150,147.3,1542.8
12151,18.6,2490.2
12152,5.6,2593.9
12153,0,3691.6
12154,0,5054.9
12155,0,6098.8
12156,0,7311.9
12157,0,8813.4
12158,0,9386.5
12159,0,10865.1
12160,0,12434.5
12161,0,14102.7
12162,0,15438.6
12163,0,13774.5
12164,0,11067.5
12165,0,7670
12166,0,4540.2
12167,0,3065.4
12168,0,1957.7
12169,0,1284.6
12170,0,817
12171,0.3,558.9
12172,43.3,500.9
12173,108.4,687.8
12174,4.4,1516.8
12175,0,2495.6
12176,0,3137.9
12177,0,4384.3
12178,0,5806
12179,0,6956.5
12180,0,8371.1
12181,0,10869.8
12182,0,13972.5
12183,0,16764
12184,0,18769.8
12185,0,20348.3
12186,0,21575.4
12187,0,20262.4
12188,0,16484.3
12189,0,12326.9
12190,0,8366.8
12191,0,4759.3
12192,0,2831.8
12193,0,2107.7
12194,0,1573.5
12195,0,1135
12196,0,1017
12197,0,1469.6
12198,0,2849.8
12199,0,3828.2
12200,0,4263.9
12201,0,5111.7
12202,0,6967.2
12203,0,9943.1
12204,0,12627.4
12205,0,15560.7
12206,0,18532.7
12207,0,21351.3
12208,0,23478.6
12209,0,24952.3
12210,0,26360.4
12211,0,24708.5
12212,0,20393.9
12213,0,15885.1
12214,0,11833.1
12215,0,8217.7
12216,0,4978.9
12217,0,3318.9
12218,0,2763.3
12219,0,2395.7
12220,0,2317.8
12221,0,2675.9
12222,0,3451.3
12223,0,3793
12224,0,3581.5
12225,0,3650.5
12226,0,4162.3
12227,0,4806.7
12228,0,5848.8
12229,0,8728.6
12230,0,13073.1
12231,0,16969.3
12232,0,19591.6
12233,0,20485.7
12234,0,21443.3
12235,0,20248.8
12236,0,17306.2
12237,0,14424.6
12238,0,11287.3
12239,0,8241.4
12240,0,5556.1
12241,0,4004
12242,0,3118.7
12243,0,2738.1
12244,0,2522.5
12245,0,2638.8
12246,0,3145
12247,0,3603.1
12248,0,3664.6
12249,0,3990.1
12250,0,4899.5
12251,0,7870.1
12252,0,11499.9
12253,0,14157.4
12254,0,18714.8
12255,0,23118.4
12256,0,24630.4
12257,0,23982.7
12258,0,21496.7
12259,0,19225.4
12260,0,17497.9
12261,0,15550.3
12262,0,12878.7
12263,0,10315.6
12264,0,8108.4
12265,0,6667.7
12266,0,5519.5
12267,0,4552.3
12268,0,3988.7
12269,0,4234.6
12270,0,5406
12271,0,6244.3
12272,0,6017.7
12273,0,6521.9
12274,0,8362.8
12275,0,10656
12276,0,12843.2
12277,0,14235.3
12278,0,14275.2
12279,0,13739.6
12280,0,15190.9
12281,0,16965.1
12282,0,17306.1
12283,0,16201.9
12284,0,14318.4
12285,0,11962.3
12286,0,9378.6
12287,0,7133.7
12288,0,5178
12289,0,3966.3
12290,0,3233.9
12291,0,2806.9
12292,0,2732.4
12293,0,3052.5
12294,0,3988.7
12295,0,4580.9
12296,0,3948
12297,0,3610.5
12298,0,4358.1
12299,0,5366.6
12300,0,5500.6
12301,0,6697.5
12302,0,7631.7
12303,0,8474.2
12304,0,9868.9
12305,0,11735.2
12306,0,12778.7
12307,0,12107.6
12308,0,10896.1
12309,0,9359.5
12310,0,7034.1
12311,0,4701
12312,0,3106.1
12313,0,2611.6
12314,0,2345.7
12315,0,2149.5
12316,0,1855.8
12317,0,1721.8
12318,0,1923.1
12319,0,2195.1
12320,0,1849.4
12321,0,1679.4
12322,0,2345.2
12323,0,2972.7
12324,0,3524.2
12325,0,3933.4
12326,0,4155
12327,0,4374.9
12328,0,4863.7
12329,0,5864.3
12330,0,6704.1
12331,0,6417.5
12332,0,5956.2
12333,0,5272.7
12334,0,3908.3
12335,0,2825.5
12336,0,1864.5
12337,0,1425.9
12338,0,1212.5
12339,0,1049.5
12340,0,980.2
12341,0,1221.2
12342,0,1841.7
12343,0,2392.5
12344,0,2239.5
12345,0,2439.6
12346,0,3016.6
12347,0,3817.3
12348,0,3951.3
12349,0,4588.6
12350,0,4693.4
12351,0,4493.9
12352,0,5179.9
12353,0,5980.2
12354,0,7252.6
12355,0,6764
12356,0,5890.7
12357,0,4951.9
12358,0,3759.2
12359,0,2871.6
12360,0,2075.7
12361,0,1638.8
12362,0,1316.4
12363,0,1040.4
12364,0,925.1
12365,0,1197.2
12366,0,1922.9
12367,0,2431.4
12368,0,2229.2
12369,0,2487.4
12370,0,2912.3
12371,0,3187.9
12372,0,3269.2
12373,0,3495.8
12374,0,3355.7
12375,0,2879.6
12376,0,3310.2
12377,0,3384.1
12378,0,3321.4
12379,0,2943.5
12380,0,2409
12381,81.3,1777.7
12382,942.1,1066.4
12383,2032.8,706
12384,3732.7,389.7
12385,4737.7,245.5
12386,5355.5,156.2
12387,5673.1,116.5
12388,5745,145.6
12389,5017.4,384.6
12390,3708,856.4
12391,3345.5,1059.4
12392,3901.4,689.6
12393,4549.5,483.9
12394,4190.9,600.4
12395,3776.2,685.5
12396,3207.6,762.8
12397,2609.4,1093.2
12398,1927.8,1525.3
12399,1409.4,1888.4
12400,1302.4,1890
12401,877.5,2117.4
12402,703.5,2373.1
12403,1184.1,2154.4
12404,2168.4,1634.1
12405,3339.8,1109
12406,4643.4,770.6
12407,5874.8,456.9
12408,6879.5,162.8
12409,7369.7,41.4
12410,7684.7,0
12411,8014.5,0
12412,8246.5,0
12413,7566.7,77.4
12414,5874.5,494.7
12415,5023,683.6
12416,4601.1,598.5
12417,3241.4,942.8
12418,3082.7,747.6
12419,2630.4,779.9
12420,2188.7,940
12421,1617.8,1682.3
12422,1201.9,1987.4
12423,1197.2,1831.3
12424,1289.8,1746.9
12425,268.6,2333
12426,0,3217.3
12427,0,3127.4
12428,0,2964.4
12429,72.5,2404.5
12430,1212.8,1358.6
12431,3068.6,731.4
12432,5027.1,314.6
12433,6345.5,80.6
12434,7415.8,0
12435,7973.7,0
12436,8540.9,0
12437,8247.1,30.5
12438,5909.2,514.3
12439,4527.7,1052.6
12440,4244.5,1078
12441,2809.7,1579.6
12442,1660.2,2166.4
12443,804.6,2683
12444,351,3108.8
12445,46.5,3495.8
12446,0,4076.7
12447,0,4496.6
12448,0,5024.7
12449,0,6317.1
12450,0,7795.6
12451,0,7475.6
12452,0,5647.2
12453,0,3950.2
12454,0,2628.3
12455,0,1411.3
12456,24.4,641.2
12457,492.9,371.1
12458,1779.9,197.9
12459,3713.6,69.4
12460,5599.5,10.5
12461,5734.9,98.5
12462,3548.7,749.4
12463,2164.3,1541.4
12464,1954.8,1630.8
12465,1401,2053.8
12466,438.2,2862.3
12467,33.5,3554
12468,0,3890.6
12469,0,4181.8
12470,0,4585.5
12471,0,5030.4
12472,0,5764
12473,0,7091.7
12474,0,7805.7
12475,0,6853.7
12476,0,5461.4
12477,0,4164.5
12478,0,2866.1
12479,0,1666.2
12480,0,810.5
12481,139.8,502
12482,1024.4,320.5
12483,2343.2,184.4
12484,3590.9,127
12485,3678.4,322.6
12486,2355.4,982.9
12487,1287.1,1699.6
12488,1370,1504.6
12489,700.8,1896.3
12490,141.9,2427.7
12491,28.1,2564.9
12492,1.1,2451.8
12493,0,2920.5
12494,0,3368.9
12495,0,3500.1
12496,0,3552.9
12497,0,3904.7
12498,0,3893.4
12499,0,3549.3
12500,0,3228.9
12501,0,2779.6
12502,85.5,2114.5
12503,673.9,1423.8
12504,1861.3,776.3
12505,2778.5,590.3
12506,3363.5,484.2
12507,3849.3,405.2
12508,4342.7,355.2
12509,4847,387.4
12510,4022,722.8
12511,2836.7,1203
12512,2158.4,1452.8
12513,1056.2,2268.2
12514,166,3516.8
12515,0,4399.5
12516,0,4471.6
12517,0,4540.6
12518,0,4520.4
12519,0,4103.1
12520,0,4024.8
12521,0,4103.3
12522,0,4662.9
12523,0,4899.1
12524,0,4226.9
12525,0,3674.3
12526,0,2827.6
12527,0,1997.8
12528,0,1311
12529,132.6,958
12530,638.1,728.5
12531,1556.3,580.2
12532,2175.7,564.9
12533,2545.5,660.7
12534,2182,1032.9
12535,1746.2,1438.5
12536,1637.7,1297.7
12537,476.6,2013.4
12538,0,3309.4
12539,0,4620.1
12540,0,5288.4
12541,0,6006.9
12542,0,6689.2
12543,0,7801.6
12544,0,9610.4
12545,0,11656.3
12546,0,14368.2
12547,0,14418.3
12548,0,12065.1
12549,0,8696.7
12550,0,4826.8
12551,0,3114.1
12552,0,2010.5
12553,0,1608.1
12554,0,1561.7
12555,0,1387.5
12556,0,1349.8
12557,0,1695.1
12558,0,2591.7
12559,0,3268.9
12560,0,3737.3
12561,0,4764.7
12562,0,6431.3
12563,0,8230.6
12564,0,10755.6
12565,0,14065.7
12566,0,16635.4
12567,0,17856.4
12568,0,17695.5
12569,0,21373.6
12570,0,23794.7
12571,0,21225.6
12572,0,16920.1
12573,0,13152.2
12574,0,9694.3
12575,0,5862
12576,0,3392.9
12577,0,2510
12578,0,1970.2
12579,0,1499.7
12580,0,1397.3
12581,0,2150.9
12582,0,3943.8
12583,0,4792.9
12584,0,5266.7
12585,0,6231.1
12586,0,9259.1
12587,0,12331.7
12588,0,14374.2
12589,0,17524.8
12590,0,20031.3
12591,0,21551.7
12592,0,26165
12593,0,29623.3
12594,0,30718.9
12595,0,28948.3
12596,0,22554.3
12597,0,16646.6
12598,0,12416.3
12599,0,9121.7
12600,0,6169.2
12601,0,4078.1
12602,0,3080.3
12603,0,2706.5
12604,0,2240.7
12605,0,2091.6
12606,0,2386.9
12607,0,3116
12608,0,3124.7
12609,0,3221.3
12610,0,3618.9
12611,0,4567.2
12612,0,6631.4
12613,0,9271.9
12614,0,10175.8
12615,0,14601.1
12616,0,17719.9
12617,0,20430.3
12618,0,21215.7
12619,0,19174.5
12620,0,16266.9
12621,0,12223.6
12622,0,9017.4
12623,0,5801.4
12624,0,3435.1
12625,0,2597.6
12626,0,2034.5
12627,0,1518.4
12628,0,1246.5
12629,0,1716.5
12630,0,3507.2
12631,0,4792.5
12632,0,5482.5
12633,0,6997.6
12634,0,10809.1
12635,0,12006.2
12636,0,11432.7
12637,0,11088.2
12638,0,10260.4
12639,0,9179.5
12640,0,8755.5
12641,0,9680.6
12642,0,10436.6
12643,0,9316.1
12644,0,8738.2
12645,0,7229
12646,0,5322.9
12647,0,3747.1
12648,0,2864.6
12649,0,2444.4
12650,0,2148.4
12651,0,1956.7
12652,0,1751.5
12653,0,2131.6
12654,0,3647.9
12655,0,4737.1
12656,0,5899
12657,0,7636.1
12658,0,10342.6
12659,0,12814.2
12660,0,15176.3
12661,0,17925.3
12662,0,20735.6
12663,0,21999.8
12664,0,23970.1
12665,0,26221.2
12666,0,26998.2
12667,0,24359.3
12668,0,21211.4
12669,0,17658.1
12670,0,13147.8
12671,0,10060.2
12672,0,7036.4
12673,0,4408.8
12674,0,3326.9
12675,0,2355.4
12676,0,2074.8
12677,0,2491.7
12678,0,3143
12679,0,3301
12680,0,2886.7
12681,0,2620.8
12682,0,2599.1
12683,0,2540
12684,0,2371.7
12685,0,2582.8
12686,0,2972.4
12687,0,3679.6
12688,0,3852.7
12689,0,3885.2
12690,0,4521.6
12691,0,4448.2
12692,0,4055.2
12693,0,3608.1
12694,0,3091.7
12695,0,2843.2
12696,0,2112.2
12697,0,1660.6
12698,0,1245.6
12699,0,1132.5
12700,0,1236.7
12701,0,1602.5
12702,0,2369.8
12703,0,3064.6
12704,0,3836.9
12705,0,4930.1
12706,0,5728.7
12707,0,6761.1
12708,0,8437.5
12709,0,10878.3
12710,0,13385.1
12711,0,15339.4
12712,0,16521.3
12713,0,15882.7
12714,0,16165.4
12715,0,15049
12716,0,12730.3
12717,0,10130.6
12718,0,7122.5
12719,0,5314.7
12720,0,4146.2
12721,0,3321.5
12722,0,2759.1
12723,0,2408.8
12724,0,2224.6
12725,0,2435.5
12726,0,3136.8
12727,0,3398
12728,0,3197
12729,0,3500.4
12730,0,4162.4
12731,0,5922.7
12732,0,7600
12733,0,7242.2
12734,0,10375.6
12735,0,11368.2
12736,0,13716.4
12737,0,15579.3
12738,0,16845.3
12739,0,14749.9
12740,0,11097.5
12741,0,7690.5
12742,0,4640.5
12743,0,3027.3
12744,0,2073.9
12745,0,1472.8
12746,0,1019.8
12747,0,753.9
12748,0,630.7
12749,0,976.9
12750,0,2549.9
12751,0,3657.9
12752,0,4267.8
12753,0,5017.4
12754,0,6298
12755,0,7684.2
12756,0,8124.3
12757,0,7428.6
12758,0,4672.9
12759,0,4188.9
12760,0,6362.3
12761,0,9974
12762,0,12216
12763,0,12035.9
12764,0,9661.7
12765,0,6518.3
12766,0,4282.6
12767,0,3276.2
12768,0,2322.7
12769,0,1676.5
12770,0,1191.1
12771,0,749.6
12772,0,558.1
12773,2,691.8
12774,0,1893.6
12775,0,2735.2
12776,0,2943.3
12777,0,2973.6
12778,0,3932.1
12779,0,4709
12780,0,5667.2
12781,0,6583.3
12782,0,8446.2
12783,0,9974.7
12784,0,11521
12785,0,13614.9
12786,0,14412.7
12787,0,13958
12788,0,12279.4
12789,0,9670.4
12790,0,6218
12791,0,3631.7
12792,0,2621.6
12793,0,2088.9
12794,0,1642
12795,0,1417.6
12796,0,957.4
12797,0,699.5
12798,0,774.1
12799,0,1197.8
12800,0,1413.3
12801,0,1569.2
12802,0,1759.5
12803,0,1596.1
12804,0,1282.6
12805,0,1848.2
12806,0,2392.2
12807,0,3378.3
12808,0,3994.4
12809,0,4190.3
12810,0,4509.7
12811,0,3919.1
12812,0,3711.8
12813,0,3146.3
12814,0,2525
12815,0,1890.2
12816,0,1428.2
12817,9.8,1126.8
12818,434.9,723.7
12819,1081.9,529.2
12820,1567.4,480
12821,1450.9,720
12822,466.1,1918.5
12823,191.9,2765.3
12824,150.8,2842.6
12825,3.2,3730
12826,0,4741
12827,0,5725.7
12828,0,6335.9
12829,0,7090.4
12830,0,8399.5
12831,0,9790.8
12832,0,11418.2
12833,0,13702.1
12834,0,16065.4
12835,0,15904.8
12836,0,13516.7
12837,0,9585.7
12838,0,6577.4
12839,0,4114.5
12840,0,2627.4
12841,0,2121.4
12842,0,1831.6
12843,0,1178.1
12844,0,857.3
12845,0,1262.7
12846,0,3085.8
12847,0,4284.6
12848,0,4856.4
12849,0,5600.7
12850,0,7045.9
12851,0,7994
12852,0,9765.5
12853,0,11434.3
12854,0,10160.8
12855,0,14115.5
12856,0,17163.1
12857,0,13588.1
12858,0,12552.2
12859,0,11921.4
12860,0,10554.3
12861,0,8459.6
12862,0,5743.9
12863,0,3654.9
12864,0,2667.6
12865,0,2009.8
12866,0,1332.7
12867,0,894.4
12868,0,845.4
12869,0,1139.7
12870,0,2024.1
12871,0,2436.4
12872,0,2219.2
12873,0,2487.1
12874,0,2973.1
12875,0,4016
12876,0,4175.1
12877,0,5131
12878,0,5785.8
12879,0,6325.7
12880,0,7360.1
12881,0,8761.4
12882,0,10732.5
12883,0,10393.5
12884,0,9091.5
12885,0,6662.6
12886,0,4239.7
12887,0,2843.9
12888,0,1637.8
12889,0,981.4
12890,0,684.7
12891,61.7,533.9
12892,525.6,458.5
12893,846.7,657.6
12894,174.2,2035.1
12895,5.1,3352.4
12896,0,4135.8
12897,0,5147.1
12898,0,6180.4
12899,0,7444.7
12900,0,8614.4
12901,0,10290.5
12902,0,12610.3
12903,0,15666.9
12904,0,18471.8
12905,0,20865.3
12906,0,23288.7
12907,0,22714.9
12908,0,19443.4
12909,0,15081
12910,0,11179.4
12911,0,7191.2
12912,0,3544.4
12913,0,2517.2
12914,0,2023.9
12915,0,1756.8
12916,0,1661.2
12917,0,2155
12918,0,3672.8
12919,0,4615.8
12920,0,5601.3
12921,0,6988.8
12922,0,8913.1
12923,0,11339.2
12924,0,13519.5
12925,0,15853.5
12926,0,18416.5
12927,0,20503.1
12928,0,22454.4
12929,0,24241.8
12930,0,26204.4
12931,0,25553.2
12932,0,22910.6
12933,0,18074.9
12934,0,14103.5
12935,0,10955
12936,0,7864.8
12937,0,5511.5
12938,0,4162.3
12939,0,3491.9
12940,0,3033.8
12941,0,3415.8
12942,0,5633.4
12943,0,6579.6
12944,0,5401.5
12945,0,6430.7
12946,0,8691.4
12947,0,9518.1
12948,0,10143.2
12949,0,10329.6
12950,0,10601.5
12951,0,13213.6
12952,0,16862.8
12953,0,19093.9
12954,0,18983.5
12955,0,18355.8
12956,0,16778.3
12957,0,13243.9
12958,0,10145
12959,0,7370.2
12960,0,5074.5
12961,0,3968.5
12962,0,3337.1
12963,0,3010.9
12964,0,2899.5
12965,0,3472.5
12966,0,6004.2
12967,0,8148.5
12968,0,7686.7
12969,0,10420.5
12970,0,14275.4
12971,0,18043.9
12972,0,21333.8
12973,0,23847.3
12974,0,26788.2
12975,0,29867.5
12976,0,32677.3
12977,0,35484.9
12978,0,37646.6
12979,0,37008.5
12980,0,33411.7
12981,0,28392.9
12982,0,24506.1
12983,0,20759.2
12984,0,17539.8
12985,0,15816.7
12986,0,14068.5
12987,0,12725.2
12988,0,11965.8
12989,0,12220.9
12990,0,15750.2
12991,0,17812.5
12992,0,17583.4
12993,0,19974.6
12994,0,23003.1
12995,0,25751.9
12996,0,28070.8
12997,0,30694.9
12998,0,32619
12999,0,33134.8
13000,0,34021.8
13001,0,34836.8
13002,0,37291.7
13003,0,36421.6
13004,0,33135.5
13005,0,27908.4
13006,0,23095.4
13007,0,18596.5
13008,0,14444.5
13009,0,11987.9
13010,0,9753.2
13011,0,8000.3
13012,0,7154.1
13013,0,7513.9
13014,0,11169.5
13015,0,13979.7
13016,0,14643.8
13017,0,16209.9
13018,0,18761
13019,0,21124.5
13020,0,22414.5
13021,0,24076.9
13022,0,25381.2
13023,0,25779.9
13024,0,27018.2
13025,0,29040.2
13026,0,30565.7
13027,0,27850.1
13028,0,23387.3
13029,0,18255.8
13030,0,12949
13031,0,8844.3
13032,0,5971.8
13033,0,4127.3
13034,0,3235
13035,0,2890.8
13036,0,2745.3
13037,0,3034.1
13038,0,4379.4
13039,0,5709.9
13040,0,7009.2
13041,0,8705.8
13042,0,12210.4
13043,0,16134.3
13044,0,19970.6
13045,0,23665
13046,0,26550.8
13047,0,28862.7
13048,0,31277.1
13049,0,33621.9
13050,0,35168.4
13051,0,33945.2
13052,0,30664.2
13053,0,25796.3
13054,0,21144.7
13055,0,16761.8
13056,0,13344.4
13057,0,11348.2
13058,0,9537.6
13059,0,8137.4
13060,0,7707
13061,0,8385.8
13062,0,10737.6
13063,0,11546.2
13064,0,11743.3
13065,0,14374.3
13066,0,18146.6
13067,0,21250.8
13068,0,23820.2
13069,0,25725.6
13070,0,27063.7
13071,0,29166.8
13072,0,30941.2
13073,0,33008.4
13074,0,34038.3
13075,0,33710.7
13076,0,30814.3
13077,0,25230.7
13078,0,19239
13079,0,15350.8
13080,0,12512
13081,0,9971.1
13082,0,8128.2
13083,0,6321.7
13084,0,5514.2
13085,0,6107.4
13086,0,8979.6
13087,0,11824.6
13088,0,12940.2
13089,0,14815.3
13090,0,17927.1
13091,0,20899.2
13092,0,22624.1
13093,0,24383.1
13094,0,26319.6
13095,0,27553.5
13096,0,28617.5
13097,0,29106
13098,0,29263.6
13099,0,27914.6
13100,0,23838
13101,0,17301.6
13102,0,12058.8
13103,0,8335
13104,0,5104.1
13105,0,3089.9
13106,0,2504.7
13107,0,2101.9
13108,0,2012.8
13109,0,2200.6
13110,0,2826.5
13111,0,3040.7
13112,0,2409.1
13113,0,2152.5
13114,0,2099.5
13115,0,2106.2
13116,0,2208.6
13117,0,2039.6
13118,0,1984.4
13119,0,1986.8
13120,0,2316.7
13121,0,3003.9
13122,0,3403.6
13123,0,3142.7
13124,0,2842.1
13125,0,2439.2
13126,110.2,1663.7
13127,919,942
13128,1916.3,559.3
13129,3016,378.8
13130,3795.2,264.3
13131,4572.3,140.9
13132,5091.7,89.1
13133,5109.1,212.3
13134,4545.3,521.7
13135,4121.4,681
13136,4457.5,483.1
13137,4147.4,507.3
13138,3070.2,809.7
13139,2115.4,1107.5
13140,1389.1,1048.8
13141,246.2,1806.6
13142,0,2371
13143,0,2649.6
13144,0,3654.4
13145,0,4788
13146,0,5399.9
13147,0,5144.6
13148,0,4464.4
13149,0,3451.2
13150,0,2382
13151,0,1382.5
13152,306.4,743.4
13153,1087.1,554.1
13154,2010.9,424.8
13155,2807.9,328.2
13156,3370.9,291.7
13157,3761.8,318.7
13158,3315.4,630.1
13159,2982.2,807.4
13160,3450.4,590.7
13161,3707.5,466.2
13162,3123,647.1
13163,2772.5,885.4
13164,2480.3,912.8
13165,1859.7,1185.5
13166,1487.1,1325.3
13167,1577.4,1376
13168,959.6,1889.1
13169,163.2,2319.2
13170,0,3015.8
13171,0,3063.1
13172,0,2793.7
13173,77,2429.3
13174,450.8,1833.7
13175,1256.5,1083.3
13176,2078.6,737.9
13177,2385.7,633.9
13178,2905.9,517.7
13179,3132.3,468.7
13180,3149.4,489.6
13181,2765.2,664.6
13182,1918,1061.6
13183,1301.1,1500
13184,1428.1,1233.9
13185,1150,1296.8
13186,290.8,1793.6
13187,0,2199.7
13188,0,2761.8
13189,0,3463.7
13190,0,4177.8
13191,0,5178.1
13192,0,5575.2
13193,0,8062.3
13194,0,9265.6
13195,0,9023
13196,0,9137.1
13197,0,6511.2
13198,0,4477.5
13199,0,3502
13200,0,2733.9
13201,0,2280.7
13202,0,1965
13203,0,1683.9
13204,0,1493.9
13205,0,1943.1
13206,0,3525.8
13207,0,4622.4
13208,0,5829
13209,0,7067.6
13210,0,9455.9
13211,0,12924.5
13212,0,15714.2
13213,0,17992.8
13214,0,16840.1
13215,0,17774.1
13216,0,21648.8
13217,0,25111.5
13218,0,27050.9
13219,0,26048.9
13220,0,23082.9
13221,0,19988.4
13222,0,16332.1
13223,0,12289.6
13224,0,8417.5
13225,0,6616
13226,0,5381.5
13227,0,4055.7
13228,0,3313.1
13229,0,3723
13230,0,7081.8
13231,0,10033.5
13232,0,11088.9
13233,0,13491.2
13234,0,16860.2
13235,0,19470.1
13236,0,21423.7
13237,0,23253.7
13238,0,25323.6
13239,0,26798.4
13240,0,29212.2
13241,0,31664.5
13242,0,33791.3
13243,0,33457.6
13244,0,29312.2
13245,0,22534.2
13246,0,17451.9
13247,0,12972.4
13248,0,8733.9
13249,0,6627.2
13250,0,5152.9
13251,0,4499.7
13252,0,4767.7
13253,0,4821.2
13254,0,6902
13255,0,9229.4
13256,0,8659.7
13257,0,8836
13258,0,10378.6
13259,0,11878.7
13260,0,12478.1
13261,0,13470
13262,0,13202.2
13263,0,16274.5
13264,0,17047.9
13265,0,18369.1
13266,0,20955.2
13267,0,21438.4
13268,0,18897.2
13269,0,13903.3
13270,0,9481.8
13271,0,5987.1
13272,0,3718.8
13273,0,2866.6
13274,0,2366.2
13275,0,1887.8
13276,0,1524.4
13277,0,1586.5
13278,0,2882.8
13279,0,3986.2
13280,0,4317.8
13281,0,5267.9
13282,0,6846.4
13283,0,8875.4
13284,0,10323.5
13285,0,12957.1
13286,0,15397.2
13287,0,18244.2
13288,0,21033.4
13289,0,24166.4
13290,0,26520.6
13291,0,25307.7
13292,0,21513.5
13293,0,16301.5
13294,0,10267.9
13295,0,6228.9
13296,0,3964.6
13297,0,2969.6
13298,0,2556
13299,0,2227.9
13300,0,2125.1
13301,0,2488.6
13302,0,3760.4
13303,0,4542.7
13304,0,4820.7
13305,0,5874.9
13306,0,7744.8
13307,0,10623.9
13308,0,13512.3
13309,0,14760.9
13310,0,16008.2
13311,0,17924.5
13312,0,20051.3
13313,0,23212.8
13314,0,25600.8
13315,0,23877.3
13316,0,21548.4
13317,0,16104.4
13318,0,11289.2
13319,0,7601.6
13320,0,4525.7
13321,0,2912.2
13322,0,2219.7
13323,0,1624.2
13324,0,1398.6
13325,0,1860.3
13326,0,3574
13327,0,5227
13328,0,6735.3
13329,0,8949.6
13330,0,11601
13331,0,15178.8
13332,0,18499
13333,0,20869.6
13334,0,23016.3
13335,0,25719.2
13336,0,29809.1
13337,0,32086.8
13338,0,33651.2
13339,0,31794.9
13340,0,27060.1
13341,0,21655.1
13342,0,16275.4
13343,0,11266.9
13344,0,7289.8
13345,0,4935.4
13346,0,3354.7
13347,0,2695.7
13348,0,2449.2
13349,0,2749.4
13350,0,4450.4
13351,0,6914.2
13352,0,8910.2
13353,0,11489.8
13354,0,14776.8
13355,0,16672.2
13356,0,18724.6
13357,0,19959.5
13358,0,19129.2
13359,0,16552.5
13360,0,16613.4
13361,0,17210.7
13362,0,17350.7
13363,0,15816.6
13364,0,13218.8
13365,0,11083.6
13366,0,8256.1
13367,0,5982.9
13368,0,3788.3
13369,0,2867.5
13370,0,2524.7
13371,0,2299.7
13372,0,2291.4
13373,0,2583.4
13374,0,3200.1
13375,0,3438.4
13376,0,3544.5
13377,0,3572
13378,0,3713.4
13379,0,3839
13380,0,3851
13381,0,3973.6
13382,0,3924.8
13383,0,4096.6
13384,0,4745.1
13385,0,5755
13386,0,7773.2
13387,0,7714.8
13388,0,6654.6
13389,0,5263.9
13390,0,3707.6
13391,0,2877.2
13392,0,2180.4
13393,0,1825.5
13394,0,1604.3
13395,0,1513.1
13396,0,1418.5
13397,0,1793.6
13398,0,3146.3
13399,0,3761.1
13400,0,4580.8
13401,0,5339
13402,0,7252.6
13403,0,8220.7
13404,0,9656.9
13405,0,11989.5
13406,0,14999.5
13407,0,16716.4
13408,0,19488.8
13409,0,22198.6
13410,0,24310.3
13411,0,23983.1
13412,0,20486.5
13413,0,14852.2
13414,0,10149.2
13415,0,5628.8
13416,0,2845.9
13417,0,2033
13418,0,1702.8
13419,0,1576.7
13420,0,1397.2
13421,0,1719.7
13422,0,3259.1
13423,0,4589.9
13424,0,5931.1
13425,0,7563
13426,0,10576.7
13427,0,14015
13428,0,16809.5
13429,0,19334.9
13430,0,21743.1
13431,0,24375.6
13432,0,27463.9
13433,0,29572.6
13434,0,31659.1
13435,0,30694.8
13436,0,26808.2
13437,0,21394.6
13438,0,16369.8
13439,0,11816.8
13440,0,8065.9
13441,0,5985.4
13442,0,4347
13443,0,3313.5
13444,0,3014.3
13445,0,3263.2
13446,0,5388.6
13447,0,8198.6
13448,0,9071.1
13449,0,11627.9
13450,0,15202.9
13451,0,19109.5
13452,0,22494
13453,0,25256.8
13454,0,27895.1
13455,0,30135.3
13456,0,32735.4
13457,0,35340.4
13458,0,36608.3
13459,0,35523
13460,0,31990.3
13461,0,27477.6
13462,0,23225.6
13463,0,19057.3
13464,0,15588.7
13465,0,13291.9
13466,0,11324.8
13467,0,9935.8
13468,0,9294.5
13469,0,9857.3
13470,0,12455.8
13471,0,14500.8
13472,0,14403.1
13473,0,16224.9
13474,0,20471.3
13475,0,24317.7
13476,0,26361.3
13477,0,29237.4
13478,0,32529.5
13479,0,35193.2
13480,0,37456.5
13481,0,39592.7
13482,0,41013.2
13483,0,38975.9
13484,0,35598.1
13485,0,31594.4
13486,0,27918.7
13487,0,24168.7
13488,0,17857.5
13489,0,13610.3
13490,0,11038.5
13491,0,9179.8
13492,0,7968.1
13493,0,7791.1
13494,0,12136.9
13495,0,16501.2
13496,0,18753.7
13497,0,22166.7
13498,0,26812.1
13499,0,30826.6
13500,0,33677.8
13501,0,36655
13502,0,39475.1
13503,0,41086
13504,0,41358.2
13505,0,41862.1
13506,0,41503.5
13507,0,38674.8
13508,0,34372.7
13509,0,29436.2
13510,0,24709.1
13511,0,20169.2
13512,0,15869.1
13513,0,13227.9
13514,0,11703.9
13515,0,10488.2
13516,0,9442.1
13517,0,9659.8
13518,0,12082.5
13519,0,14179.7
13520,0,13989.9
13521,0,11602.8
13522,0,13456.3
13523,0,19251.8
13524,0,22942.5
13525,0,25631
13526,0,28293.9
13527,0,31367.9
13528,0,34258.6
13529,0,35507.1
13530,0,32538.7
13531,0,26876.4
13532,0,23388.3
13533,0,21016.3
13534,0,17661.9
13535,0,14198.2
13536,0,10961.9
13537,0,8976.2
13538,0,7845.8
13539,0,7028.4
13540,0,5992.7
13541,0,5723.8
13542,0,7386.3
13543,0,11054.1
13544,0,12785.9
13545,0,15276.9
13546,0,17891.5
13547,0,21119.4
13548,0,23770.4
13549,0,25664.5
13550,0,28251
13551,0,30715.5
13552,0,32862.3
13553,0,34843.1
13554,0,36304
13555,0,35070.6
13556,0,30327.1
13557,0,23997.2
13558,0,18851.8
13559,0,13631.2
13560,0,8681.5
13561,0,6588
13562,0,4484.1
13563,0,3693.1
13564,0,3774.5
13565,0,3951.8
13566,0,4696.3
13567,0,6509.5
13568,0,7597.5
13569,0,5248
13570,0,6157.2
13571,0,8040
13572,0,10164.5
13573,0,9419.4
13574,0,12145.9
13575,0,15337.6
13576,0,18274
13577,0,20681.5
13578,0,22322.3
13579,0,22588.1
13580,0,20158
13581,0,16265.8
13582,0,12062.8
13583,0,8310.2
13584,0,5066.9
13585,0,3468.8
13586,0,2803.1
13587,0,2287.4
13588,0,1902.4
13589,0,2124.6
13590,0,3666.2
13591,0,5268.3
13592,0,6628
13593,0,9182.2
13594,0,12589.6
13595,0,14937.5
13596,0,16889.7
13597,0,19008.2
13598,0,21362.5
13599,0,23664.2
13600,0,25843.2
13601,0,27283.5
13602,0,28324.2
13603,0,25101.4
13604,0,21158.6
13605,0,17879.4
13606,0,14490.7
13607,0,10829.6
13608,0,7465.2
13609,0,5462.2
13610,0,3967.5
13611,0,3103.8
13612,0,2947.5
13613,0,3184.1
13614,0,4376
13615,0,5256.6
13616,0,6115.6
13617,0,8496.4
13618,0,12118
13619,0,16397.4
13620,0,18096.7
13621,0,21165.9
13622,0,23132.7
13623,0,24222.4
13624,0,25741.1
13625,0,28340.9
13626,0,29213.4
13627,0,27279.1
13628,0,22862
13629,0,18098.7
13630,0,13575.7
13631,0,10018.5
13632,0,6726.5
13633,0,4562
13634,0,3302.4
13635,0,2672.2
13636,0,2324
13637,0,2471.5
13638,0,3807.3
13639,0,5062.9
13640,0,5667.7
13641,0,7036.2
13642,0,10160.7
13643,0,12938.7
13644,0,14978.5
13645,0,17554.8
13646,0,19868.1
13647,0,21704.1
13648,0,24723.7
13649,0,27190.3
13650,0,28417.5
13651,0,26707.1
13652,0,22014.7
13653,0,15216.6
13654,0,9983.4
13655,0,7455.3
13656,0,4711.9
13657,0,3179.3
13658,0,2804.8
13659,0,2530.9
13660,0,2259.1
13661,0,2368
13662,0,3774.8
13663,0,4789.2
13664,0,4638.1
13665,0,4747.3
13666,0,4689.3
13667,0,5452.4
13668,0,8510.5
13669,0,10155.5
13670,0,11668.4
13671,0,13744.5
13672,0,15037.5
13673,0,15634.4
13674,0,17778.7
13675,0,16845.4
13676,0,12920.5
13677,0,8963.4
13678,0,5665.2
13679,0,3331.3
13680,0,2223.4
13681,0,1806.6
13682,0,1583.1
13683,0,1269.3
13684,0,952.7
13685,0,943.9
13686,0,2049.1
13687,0,2728
13688,0,3010.3
13689,0,3031
13690,0,3529.7
13691,0,4548.9
13692,0,5992.8
13693,0,6739.3
13694,0,7188.7
13695,0,7548.4
13696,0,10119
13697,0,13110.4
13698,0,14836.3
13699,0,13133.4
13700,0,9301.3
13701,0,5757.7
13702,0,3892.2
13703,0,2907.9
13704,0,1551.8
13705,0,847.1
13706,0,568.7
13707,143,418
13708,970.8,316.5
13709,1940.3,369.2
13710,820.8,1286.3
13711,88.2,2790.6
13712,0,3995.8
13713,0,5036.2
13714,0,6327.8
13715,0,7766
13716,0,9586.1
13717,0,11329.1
13718,0,13439.3
13719,0,16491.6
13720,0,19207.6
13721,0,21476.8
13722,0,23507.5
13723,0,22834.3
13724,0,18179.5
13725,0,12217.4
13726,0,8597.7
13727,0,5545.8
13728,0,3270.5
13729,0,2424.8
13730,0,2020.8
13731,0,1775.3
13732,0,1738.1
13733,0,2024
13734,0,2709.2
13735,0,3397
13736,0,4388.6
13737,0,4235.7
13738,0,4809.4
13739,0,7515.7
13740,0,10426.8
13741,0,13029
13742,0,15199.8
13743,0,17275.8
13744,0,16785.2
13745,0,17432
13746,0,17070.3
13747,0,15300.1
13748,0,12846
13749,0,10396.5
13750,0,7404.9
13751,0,4928.3
13752,0,3279.7
13753,0,2334.3
13754,0,1919.7
13755,0,1555.5
13756,0,1373.3
13757,0,1551.9
13758,0,2049.8
13759,0,2176.2
13760,0,2044.8
13761,0,1974
13762,0,2014.1
13763,0,2525.4
13764,0,2803.4
13765,0,3266.9
13766,0,4404.1
13767,0,4854.4
13768,0,5468.1
13769,0,4936.6
13770,0,5153.7
13771,0,4812.5
13772,0,4358.6
13773,0,3843
13774,0,2996.1
13775,0,2011.3
13776,0,1187.6
13777,0,826.5
13778,0,685.6
13779,50.5,572.9
13780,512.3,500.2
13781,743.8,630.5
13782,562.3,989.9
13783,340.9,1471.1
13784,357,1402.6
13785,115.2,1728.6
13786,0,2420.2
13787,0,2766.8
13788,0,3425.5
13789,0,4743.5
13790,0,5693.8
13791,0,6902.7
13792,0,8337.3
13793,0,11110.6
13794,0,13294.2
13795,0,13385.7
13796,0,9625.5
13797,0,5641.2
13798,0,3557.8
13799,0,2350.3
13800,0,1405.3
13801,0,893.1
13802,41.1,561.2
13803,431.8,386.1
13804,1320.3,309.4
13805,2187.6,398.3
13806,985.3,1138
13807,49.4,2565.9
13808,0,3029
13809,0,3932.1
13810,0,4973.6
13811,0,6307
13812,0,7885.9
13813,0,10095.4
13814,0,13038.7
13815,0,16283.6
13816,0,18827.1
13817,0,20975.2
13818,0,21208
13819,0,19936.7
13820,0,17194.2
13821,0,14412.7
13822,0,11596.4
13823,0,9193.1
13824,0,7070.2
13825,0,5685.6
13826,0,4306
13827,0,3493.5
13828,0,3356.2
13829,0,3357.7
13830,0,4321.9
13831,0,6024
13832,0,7381.7
13833,0,9594.4
13834,0,12958.4
13835,0,16167.6
13836,0,18740.7
13837,0,21339
13838,0,23870.4
13839,0,25580.2
13840,0,27524.3
13841,0,29123.6
13842,0,29900.8
13843,0,27973.3
13844,0,22585.1
13845,0,17213.1
13846,0,12928.5
13847,0,9480.9
13848,0,6726.1
13849,0,5378.5
13850,0,4014.1
13851,0,3407.6
13852,0,3430.1
13853,0,3820.1
13854,0,4940.6
13855,0,5582
13856,0,5999.4
13857,0,7669.9
13858,0,7316.3
13859,0,7379.8
13860,0,8861
13861,0,12810.1
13862,0,15093.9
13863,0,17204.7
13864,0,19652.6
13865,0,21556.8
13866,0,22610.4
13867,0,21062.4
13868,0,16592.2
13869,0,12161.5
13870,0,8146.4
13871,0,5331.7
13872,0,3291.8
13873,0,2471.7
13874,0,1983.9
13875,0,1668.3
13876,0,1451.9
13877,0,1599.6
13878,0,2646.5
13879,0,3762.9
13880,0,4654.3
13881,0,5564
13882,0,7265.2
13883,0,9040.1
13884,0,11063.7
13885,0,13566.3
13886,0,16259.7
13887,0,18630.1
13888,0,21003.5
13889,0,22803.3
13890,0,24062.4
13891,0,22678.2
13892,0,18116.8
13893,0,13217
13894,0,8890.5
13895,0,5596
13896,0,3513.9
13897,0,2913.4
13898,0,2596.6
13899,0,2294.7
13900,0,2091.1
13901,0,2361.4
13902,0,3170.7
13903,0,3450.3
13904,0,3736.7
13905,0,3924.1
13906,0,3988.7
13907,0,3960.4
13908,0,4030.4
13909,0,4084.6
13910,0,4183.8
13911,0,4469.1
13912,0,5004.6
13913,0,5099.6
13914,0,5582.3
13915,0,5579
13916,0,5375.8
13917,0,4890.6
13918,0,3956.5
13919,0,3232.6
13920,0,2578.9
13921,0,2280.8
13922,0,2142.8
13923,0,2108.3
13924,0,2145.4
13925,0,2495.9
13926,0,3129
13927,0,3530.1
13928,0,3909.2
13929,0,4750.7
13930,0,7029.7
13931,0,9223.8
13932,0,12891
13933,0,16134.4
13934,0,19084
13935,0,21976.1
13936,0,24879.5
13937,0,26986
13938,0,28317.5
13939,0,26148.3
13940,0,21338.8
13941,0,16233.9
13942,0,11014.3
13943,0,7846.3
13944,0,5215.2
13945,0,3891.4
13946,0,3247.5
13947,0,2709
13948,0,2261.3
13949,0,2144.6
13950,0,2763.9
13951,0,4190.9
13952,0,4780.9
13953,0,6135.4
13954,0,8662.1
13955,0,11113.5
13956,0,12921.8
13957,0,15102.9
13958,0,17149
13959,0,18831.7
13960,0,20855.3
13961,0,23020.1
13962,0,24092.7
13963,0,21977.4
13964,0,17410.4
13965,0,13155.4
13966,0,9023.1
13967,0,5856.1
13968,0,3484
13969,0,2785.8
13970,0,2316.1
13971,0,1915
13972,0,1691.1
13973,0,1788.6
13974,0,2298
13975,0,3129.3
13976,0,3435.3
13977,0,3916.4
13978,0,4929.9
13979,0,6103.7
13980,0,7632.8
13981,0,9717.2
13982,0,10863.2
13983,0,12976.2
13984,0,15252.8
13985,0,17161.8
13986,0,17867.1
13987,0,15892.6
13988,0,12184.7
13989,0,9509.6
13990,0,6652.1
13991,0,4363.1
13992,0,3086.4
13993,0,2597.2
13994,0,2267.5
13995,0,2069.5
13996,0,1998.7
13997,0,2168.5
13998,0,2787.2
13999,0,3347.9
14000,0,2876.8
14001,0,2501.8
14002,0,2682.8
14003,0,3064.5
14004,0,4093
14005,0,6514.8
14006,0,8721.2
14007,0,10502.5
14008,0,13117.1
14009,0,15177.5
14010,0,16068
14011,0,14533.8
14012,0,11737.9
14013,0,9331.2
14014,0,6385.8
14015,0,4023.9
14016,0,2884.4
14017,0,2436.4
14018,0,2106
14019,0,1796
14020,0,1673.5
14021,0,1958.3
14022,0,2609.3
14023,0,3682.8
14024,0,4962.3
14025,0,6305.6
14026,0,9234.7
14027,0,12925.6
14028,0,16489.9
14029,0,19296.7
14030,0,22400.2
14031,0,24910.6
14032,0,26607.9
14033,0,28277.5
14034,0,28328.4
14035,0,24804.8
14036,0,22526.4
14037,0,19993.2
14038,0,15863.9
14039,0,12048.2
14040,0,8999.5
14041,0,6857.3
14042,0,5622
14043,0,4834.7
14044,0,4108.3
14045,0,4167.6
14046,0,5379.6
14047,0,7633.1
14048,0,8589.7
14049,0,10160.5
14050,0,12127.5
14051,0,16323.2
14052,0,17233.4
14053,0,21569.6
14054,0,25030.8
14055,0,26964.1
14056,0,28235.8
14057,0,29368.6
14058,0,28838.4
14059,0,26656.1
14060,0,24349.8
14061,0,21341.4
14062,0,17399.3
14063,0,13775
14064,0,10920.8
14065,0,9097.1
14066,0,7454.3
14067,0,6546.5
14068,0,5946.5
14069,0,5740.8
14070,0,6413.1
14071,0,6564.3
14072,0,6279.9
14073,0,6342.4
14074,0,8094.2
14075,0,13641.8
14076,0,16622.3
14077,0,19522.2
14078,0,22023.1
14079,0,23501.8
14080,0,24922.4
14081,0,26466.8
14082,0,26733.4
14083,0,23560.9
14084,0,19670
14085,0,16224.6
14086,0,12297.8
14087,0,8229.5
14088,0,4880.5
14089,0,3270.3
14090,0,2775.3
14091,0,2505.9
14092,0,2497.2
14093,0,2690.9
14094,0,3325.3
14095,0,4662.8
14096,0,6259.1
14097,0,8758.8
14098,0,12992
14099,0,17054.8
14100,0,20252.5
14101,0,23281.6
14102,0,26953.1
14103,0,28948.5
14104,0,27000.2
14105,0,28062.5
14106,0,28729.6
14107,0,27669.5
14108,0,23471.3
14109,0,19918.7
14110,0,16165.7
14111,0,12644.5
14112,0,10273.5
14113,0,7256.5
14114,0,5349
14115,0,4049.7
14116,0,3456.7
14117,0,3529.2
14118,0,4119.2
14119,0,4255.8
14120,0,3691
14121,0,4374.1
14122,0,5446.6
14123,0,8487.2
14124,0,10468.8
14125,0,11263.1
14126,0,14093.8
14127,0,15469.3
14128,0,17122.8
14129,0,20404.1
14130,0,20572.7
14131,0,18325.3
14132,0,15064.4
14133,0,11900.3
14134,0,8881.7
14135,0,5773.2
14136,0,3302.5
14137,0,2613.9
14138,0,2320.6
14139,0,2098
14140,0,1961.3
14141,0,2014.1
14142,0,2463
14143,0,3509.2
14144,0,3930.4
14145,0,5389.8
14146,0,7462.5
14147,0,10001.1
14148,0,11146.6
14149,0,14628.5
14150,0,18248
14151,0,20756.7
14152,0,22485.4
14153,0,24166.2
14154,0,24191.2
14155,0,21408.7
14156,0,17911.2
14157,0,14257
14158,0,9698.5
14159,0,5345.1
14160,0,3123.9
14161,0,2653.1
14162,0,2179
14163,0,1859
14164,0,1818.8
14165,0,2025.7
14166,0,2603.1
14167,0,3316
14168,0,3473.2
14169,0,4624.3
14170,0,4402.9
14171,0,4952.6
14172,0,7993.9
14173,0,12323
14174,0,14770.6
14175,0,16371.7
14176,0,16825.5
14177,0,16778.3
14178,0,17594.6
14179,0,16481.2
14180,0,15151.9
14181,0,13785.1
14182,0,11008.7
14183,0,8572.6
14184,0,6310.3
14185,0,4622.5
14186,0,3860.1
14187,0,3559.9
14188,0,3415.6
14189,0,3715
14190,0,4399.1
14191,0,4048.8
14192,0,3446.3
14193,0,3226.4
14194,0,3233.6
14195,0,3767.1
14196,0,4020.9
14197,0,5635.6
14198,0,7004.4
14199,0,8155.9
14200,0,11896.7
14201,0,12490.4
14202,0,13432.1
14203,0,10785
14204,0,7736.6
14205,0,5938.7
14206,0,3974.9
14207,0,2900.4
14208,0,2088.3
14209,0,1504.8
14210,0,1107.9
14211,0,835.8
14212,0,767.5
14213,0,890.1
14214,0,1498.7
14215,0,2735.8
14216,0,3849.3
14217,0,5124.7
14218,0,6956.5
14219,0,9415
14220,0,9900.6
14221,0,13293
14222,0,16500.7
14223,0,18659.8
14224,0,20118.8
14225,0,18717.8
14226,0,18811.3
14227,0,17278.7
14228,0,14776.5
14229,0,12174.5
14230,0,9350
14231,0,7115.2
14232,0,4599.6
14233,0,3301.2
14234,0,2688.2
14235,0,2349
14236,0,2123.6
14237,0,2266.7
14238,0,2806.2
14239,0,3510
14240,0,4182.4
14241,0,3836.6
14242,0,4120.6
14243,0,4203.8
14244,0,4936.8
14245,0,7401.8
14246,0,7946.1
14247,0,7037.5
14248,0,7827.1
14249,0,10056.1
14250,0,9787.3
14251,0,8431
14252,0,6687.5
14253,0,5079.4
14254,0,3559.8
14255,0,2512.4
14256,0,1623.4
14257,0,1051.4
14258,0,749.3
14259,0,629.3
14260,2.3,554.6
14261,40.7,678.3
14262,31.1,1028.6
14263,4,1509.9
14264,50.3,1633.7
14265,4,2584.5
14266,0,4299.3
14267,0,5701.5
14268,0,6540.5
14269,0,8089.4
14270,0,10189.1
14271,0,11704.5
14272,0,13610.5
14273,0,13718.9
14274,0,13028.7
14275,0,10973.3
14276,0,8581.3
14277,0,6837.1
14278,0,4740.3
14279,0,3173.7
14280,0,2175.3
14281,0,1532.9
14282,0,1065.3
14283,0,755.3
14284,33,574.7
14285,266.3,625.9
14286,306.2,951.2
14287,96,1926.6
14288,77,2352
14289,4.8,3313.6
14290,0,4696.6
14291,0,5874
14292,0,7364.9
14293,0,9576.1
14294,0,11950.5
14295,0,14217.4
14296,0,16607.8
14297,0,19186.8
14298,0,20409.8
14299,0,18113.4
14300,0,13990.3
14301,0,10519.1
14302,0,7409.2
14303,0,5078.5
14304,0,3336.7
14305,0,2584
14306,0,2012.1
14307,0,1613.5
14308,0,1462.5
14309,0,1567.5
14310,0,2227
14311,0,3248.7
14312,0,3634.4
14313,0,4690.6
14314,0,6657.7
14315,0,9677.1
14316,0,12289.2
14317,0,14949
14318,0,16863.8
14319,0,16992.5
14320,0,17754.7
14321,0,20428.3
14322,0,19058.3
14323,0,16494.2
14324,0,14835.3
14325,0,13035.2
14326,0,9901.9
14327,0,6844.2
14328,0,4529.3
14329,0,3452.6
14330,0,2953.1
14331,0,2702.8
14332,0,2286.4
14333,0,2361.8
14334,0,3140.5
14335,0,3466.7
14336,0,3416.1
14337,0,3582.8
14338,0,3748.1
14339,0,3784.9
14340,0,3711.5
14341,0,3931.5
14342,0,4185.4
14343,0,4635.6
14344,0,5160.7
14345,0,5516.2
14346,0,6621.5
14347,0,6185.7
14348,0,5798.4
14349,0,5032.8
14350,0,3699.7
14351,0,2855
14352,0,2208.7
14353,0,1967.6
14354,0,1805.9
14355,0,1572.3
14356,0,1471.8
14357,0,1720.6
14358,0,2277.2
14359,0,2532.7
14360,0,2489.9
14361,0,2771.7
14362,0,3138.6
14363,0,3260.1
14364,0,3389
14365,0,3618.5
14366,0,3676.3
14367,0,3842.2
14368,0,4469.8
14369,0,4620.3
14370,0,5005.2
14371,0,4590.1
14372,0,4185.1
14373,0,3818.8
14374,0,3088.4
14375,0,2317.2
14376,0,1648.7
14377,0,1342
14378,0,1127.9
14379,0,967.3
14380,0,879.5
14381,0,1084.5
14382,0,1573.4
14383,0,1948
14384,0,1994.7
14385,0,2469.2
14386,0,2832.5
14387,0,3498.4
14388,0,4326.8
14389,0,4761.1
14390,0,5178.7
14391,0,5909.3
14392,0,9175.7
14393,0,12275.6
14394,0,13789.8
14395,0,12228
14396,0,9871.5
14397,0,8278.3
14398,0,6581.9
14399,0,4527.3
14400,0,3026.6
14401,0,2659
14402,0,2435.7
14403,0,2360.6
14404,0,2330.2
14405,0,2464.8
14406,0,3071.3
14407,0,3888.3
14408,0,5376.4
14409,0,7821.7
14410,0,11749.3
14411,0,15533.4
14412,0,18450.4
14413,0,21680.4
14414,0,24268.1
14415,0,26665.5
14416,0,29120.4
14417,0,30315.7
14418,0,30237.4
14419,0,26849
14420,0,21756.8
14421,0,17340
14422,0,12020.2
14423,0,8552
14424,0,5622.4
14425,0,3750.3
14426,0,2991
14427,0,2443.9
14428,0,2184.2
14429,0,2196.7
14430,0,2913.1
14431,0,4102.1
14432,0,5859.4
14433,0,8669.6
14434,0,12944.7
14435,0,16514.1
14436,0,19846.3
14437,0,23437.1
14438,0,26904
14439,0,29581.8
14440,0,31903.7
14441,0,33585.7
14442,0,33343.6
14443,0,29447.1
14444,0,24314.8
14445,0,20402.2
14446,0,15698.9
14447,0,11370
14448,0,7979.5
14449,0,5423.8
14450,0,4273
14451,0,3634.3
14452,0,3183.1
14453,0,3225.4
14454,0,3840.7
14455,0,5127.5
14456,0,7186.8
14457,0,10487.3
14458,0,12575.2
14459,0,13648.3
14460,0,15879.5
14461,0,18031.2
14462,0,20206.2
14463,0,22197.5
14464,0,22698.4
14465,0,23527.4
14466,0,22754.7
14467,0,19142
14468,0,15468.7
14469,0,12436.2
14470,0,9334.1
14471,0,6525
14472,0,4341.5
14473,0,3332
14474,0,2744.3
14475,0,2216
14476,0,1887.1
14477,0,1915
14478,0,2537.2
14479,0,3237.6
14480,0,2892.9
14481,0,3295.3
14482,0,3834.3
14483,0,4473.8
14484,0,4696.1
14485,0,6541.3
14486,0,8592.4
14487,0,9637.5
14488,0,10430.8
14489,0,11724.2
14490,0,10844
14491,0,8831.2
14492,0,6807.2
14493,0,5154.3
14494,0,3673.7
14495,0,2712.4
14496,0,1890.4
14497,0,1482.2
14498,0,1237.3
14499,0,1027.4
14500,0,883
14501,0,1002.1
14502,0,1554.2
14503,0,1984.1
14504,0,1881.7
14505,0,2216
14506,0,2815.5
14507,0,3309.5
14508,0,4496
14509,0,6681.6
14510,0,8546.5
14511,0,11423.4
14512,0,14185.9
14513,0,16219.7
14514,0,16370.7
14515,0,13858.4
14516,0,11466.8
14517,0,9471.2
14518,0,6645.5
14519,0,4793
14520,0,3375.7
14521,0,2784.3
14522,0,2471.9
14523,0,2374.1
14524,0,2424.4
14525,0,2655.5
14526,0,3137.8
14527,0,3541.2
14528,0,3983.4
14529,0,4256.3
14530,0,7014.1
14531,0,10631.2
14532,0,10574.1
14533,0,10085.9
14534,0,10172.8
14535,0,11068.6
14536,0,11498.8
14537,0,13126.7
14538,0,15565
14539,0,12438
14540,0,9957.9
14541,0,8948.1
14542,0,6999.7
14543,0,4978.2
14544,0,3228.7
14545,0,2656.9
14546,0,2397.7
14547,0,2140.4
14548,0,2030.1
14549,0,2180.6
14550,0,2745.5
14551,0,3302.7
14552,0,4212.8
14553,0,5195
14554,0,7658
14555,0,12285.3
14556,0,16297.8
14557,0,19253.9
14558,0,21334.9
14559,0,22656.1
14560,0,22900
14561,0,22714.6
14562,0,20557
14563,0,17655.2
14564,0,14577.9
14565,0,11838
14566,0,8492.4
14567,0,5602.5
14568,0,3603.7
14569,0,2800.3
14570,0,2452.6
14571,0,2352.4
14572,0,2279.3
14573,0,2294.7
14574,0,2671.1
14575,0,3356.4
14576,0,4597.4
14577,0,6275.7
14578,0,9786.5
14579,0,13846
14580,0,17043
14581,0,19815.3
14582,0,22467.6
14583,0,24504.2
14584,0,25844.9
14585,0,26354
14586,0,25734.8
14587,0,23064
14588,0,20528.2
14589,0,18083.4
14590,0,14583
14591,0,11143.6
14592,0,8234
14593,0,6594
14594,0,5321.7
14595,0,4175.3
14596,0,3537.1
14597,0,3544.6
14598,0,4082.4
14599,0,4435.6
14600,0,4964.6
14601,0,5632.3
14602,0,6362.5
14603,0,7185
14604,0,8638.8
14605,0,9771.4
14606,0,10290.4
14607,0,11384.7
14608,0,15445.1
14609,0,16204.6
14610,0,18063.5
14611,0,15955.5
14612,0,13294.4
14613,0,11358.2
14614,0,8634
14615,0,6036
14616,0,3687.7
14617,0,2719.7
14618,0,2286.3
14619,0,1894.2
14620,0,1680.8
14621,0,1878
14622,0,2524.9
14623,0,3020
14624,0,2672.4
14625,0,2922.1
14626,0,3335.7
14627,0,4193.8
14628,0,6959.1
14629,0,10334.7
14630,0,13355.9
14631,0,15478.4
14632,0,16269.6
14633,0,13430.2
14634,0,12446.8
14635,0,11403.3
14636,0,9352.1
14637,0,6926.1
14638,0,4307.4
14639,0,2910.1
14640,0,2042.2
14641,0,1516.9
14642,0,1152.4
14643,0,933.7
14644,0,866.6
14645,0,1134.2
14646,0,1672.7
14647,0,1984.7
14648,0,1851.1
14649,0,2529.6
14650,0,2788.8
14651,0,3421.2
14652,0,4514.4
14653,0,5823.7
14654,0,8155.7
14655,0,9058.4
14656,0,11914.9
14657,0,14332.4
14658,0,14707.1
14659,0,12628.8
14660,0,11079.1
14661,0,9553.9
14662,0,7202.7
14663,0,5213.6
14664,0,3702.7
14665,0,2926.8
14666,0,2528.2
14667,0,2129.4
14668,0,1874.1
14669,0,2104.8
14670,0,2549.7
14671,0,3145.6
14672,0,3079.5
14673,0,3556
14674,0,3966.5
14675,0,4759.5
14676,0,7125
14677,0,9268.3
14678,0,10633.9
14679,0,11982.2
14680,0,13460.8
14681,0,14844
14682,0,13727.4
14683,0,10149.3
14684,0,7348.2
14685,0,4904.9
14686,0,3002
14687,0,1783.1
14688,0,1071
14689,0,744.7
14690,215.3,471.4
14691,1008.1,309
14692,2181.4,229
14693,3479.1,227.9
14694,3915.6,426.2
14695,2971,794.2
14696,1987.8,1368.1
14697,1074.2,2362.6
14698,661.1,2956.2
14699,250.6,3775.9
14700,27.4,4414.3
14701,0,5785.6
14702,0,6765.7
14703,0,7103.5
14704,0,8322
14705,0,8900.9
14706,0,8660.8
14707,0,6478.9
14708,0,4428.1
14709,0,3172.1
14710,24.6,1986.4
14711,591.3,1031
14712,2248.6,410.3
14713,4276.5,230.7
14714,6631,85.2
14715,8351.6,2.9
14716,9457.2,0
14717,9686.6,0
14718,8634.7,152.1
14719,6900.7,371.1
14720,5515.9,651.5
14721,3526.8,1849.7
14722,1642.4,3493.7
14723,720.5,4789.9
14724,198.8,5695.1
14725,3,6810.3
14726,0,8110
14727,0,10083.9
14728,0,11712.7
14729,0,12148
14730,0,11715.8
14731,0,9254.6
14732,0,6233.5
14733,0,4131.1
14734,0,2896.3
14735,0,1898.6
14736,116.3,1079.3
14737,644.5,723
14738,1186.2,616
14739,1960.8,484.3
14740,3012.7,390.5
14741,3814.6,439.1
14742,3584,695.3
14743,2489,1210.6
14744,1599.4,1922.4
14745,648.1,3463
14746,95.5,5198.9
14747,0,6679.9
14748,0,7901.1
14749,0,10020.1
14750,0,12277.4
14751,0,13928.8
14752,0,15115.9
14753,0,15409.5
14754,0,14606.8
14755,0,12442.9
14756,0,11119.3
14757,0,9665.5
14758,0,7334.6
14759,0,5553.7
14760,0,4266.7
14761,0,3526.4
14762,0,3074.5
14763,0,2665.5
14764,0,2333.6
14765,0,2336.7
14766,0,2689.2
14767,0,3006.9
14768,0,2800.3
14769,0,3007.6
14770,0,4051.1
14771,0,6383.5
14772,0,8949.5
14773,0,9980.6
14774,0,12519.4
14775,0,14702.3
14776,0,16375.7
14777,0,16776.7
14778,0,15949.2
14779,0,12127.7
14780,0,8500.9
14781,0,5646.2
14782,0,3659.4
14783,0,2747.8
14784,0,1833.8
14785,0,1451.7
14786,0,1212.5
14787,0,963.3
14788,0,860.2
14789,20,949.6
14790,24.6,1340.9
14791,0,2173.6
14792,0,2614.6
14793,0,3734.1
14794,0,5318
14795,0,7133.3
14796,0,9339.8
14797,0,11341
14798,0,13005.2
14799,0,14278.6
14800,0,15614.7
14801,0,16830.8
14802,0,16228.1
14803,0,12837.9
14804,0,9369.7
14805,0,6763.1
14806,0,4329.4
14807,0,2741.8
14808,0,1522
14809,0,789.9
14810,293.3,446.9
14811,1578.4,284.6
14812,3503.4,176.7
14813,4657.1,199.7
14814,4727.8,375.4
14815,5084.1,480.3
14816,3788.4,708.8
14817,938.4,2171.3
14818,172,3244.4
14819,2.4,3950.1
14820,0,4312.9
14821,0,4460.8
14822,0,4585.9
14823,0,4365.1
14824,0,4546
14825,0,4981.6
14826,0,5131.9
14827,0,4667
14828,0,4312.2
14829,0,3900.2
14830,0,3148.4
14831,0,2305.9
14832,0,1541.7
14833,0,1249.6
14834,0,1070
14835,35.4,877.1
14836,221.4,752.6
14837,294.9,890
14838,222.1,1314
14839,108.8,1975.3
14840,124.3,2234.1
14841,50.1,2887.9
14842,0,4038.2
14843,0,5328.4
14844,0,6438.7
14845,0,8348.8
14846,0,10031.9
14847,0,11438.3
14848,0,12314.9
14849,0,12285.3
14850,0,11318.7
14851,0,8878.3
14852,0,7291.4
14853,0,5952
14854,0,4436
14855,0,3709.5
14856,0,3354.7
14857,0,3064.9
14858,0,2829.2
14859,0,2643.1
14860,0,2560.5
14861,0,2895.8
14862,0,3273.6
14863,0,3087.9
14864,0,2380.3
14865,0,2584.1
14866,0,3255
14867,0,3760.7
14868,0,3913.2
14869,0,4134.1
14870,0,4207.2
14871,0,4072.1
14872,0,4884.1
14873,0,4700.4
14874,0,4721.2
14875,0,4129.8
14876,0,3449.4
14877,0,2724.2
14878,0,1739.8
14879,278.4,883.4
14880,1296.7,456.9
14881,3142.3,192.2
14882,4865.4,65.8
14883,6019.4,12.5
14884,7107.5,0
14885,7964.3,0
14886,7722.7,64.2
14887,6133.8,302
14888,5050.3,502.2
14889,3200.4,1745.2
14890,1334.4,3447.7
14891,468.1,4938
14892,21.9,6147.8
14893,0,7464
14894,0,9276.9
14895,0,11003.7
14896,0,12104.3
14897,0,12404.1
14898,0,11776.1
14899,0,8758.3
14900,0,6312.6
14901,0,4942.6
14902,0,3695.1
14903,0,2559.7
14904,0,1619.7
14905,0.9,1148.9
14906,185,793.4
14907,770.4,550.5
14908,1563.5,448.5
14909,2638.7,419.7
14910,3142.3,575
14911,2886.3,884.1
14912,2247.9,1656
14913,997.5,3469.7
14914,379.6,5170.6
14915,41.2,6468.9
14916,0,7548
14917,0,9882.9
14918,0,11970.2
14919,0,13479.4
14920,0,14353.9
14921,0,14498.2
14922,0,13247.4
14923,0,9637.8
14924,0,7141.4
14925,0,4970.2
14926,0,3308.4
14927,0,2127.9
14928,0,1213.6
14929,152.4,851.4
14930,547.5,703.2
14931,1236.1,543.4
14932,1895.4,509.3
14933,2036.7,649.3
14934,1966.4,962.6
14935,1862,1217.9
14936,1994.3,1134.5
14937,1269.7,1802.1
14938,612.4,2517.7
14939,159.5,3525.1
14940,0,4593.6
14941,0,5097.4
14942,0,4857.1
14943,0,4837.1
14944,0,4721.3
14945,0,4458.7
14946,0,4673.1
14947,0,4250.5
14948,0,3963.4
14949,0,3583.2
14950,0,2761.1
14951,1.8,1946
14952,234,1282.5
14953,453.9,1017.7
14954,852.8,826.4
14955,1441.2,651.3
14956,1968.8,583.8
14957,2038.8,685.1
14958,1742.3,984.2
14959,1814.5,1094.3
14960,2480.8,762.7
14961,2713.5,693.1
14962,2473.9,803.6
14963,1908.7,1047.8
14964,1580.1,1173.4
14965,1290.5,1315.9
14966,623.4,1768.1
14967,118,2214.9
14968,0,2919.2
14969,0,3894.2
14970,0,4231.5
14971,0,4060.2
14972,0,3916.8
14973,0,3660.9
14974,0,3001.9
14975,0,2310
14976,0,1697.6
14977,0,1431.2
14978,39.2,1252.8
14979,336.5,962.7
14980,491.1,926.2
14981,447.8,1192.6
14982,370.9,1621.7
14983,350.5,1843.2
14984,374.9,1765.2
14985,65.9,3037.2
14986,0,4683.4
14987,0,6354.2
14988,0,8726.5
14989,0,11807.5
14990,0,15222.4
14991,0,18272
14992,0,20734
14993,0,21698.1
14994,0,20078.8
14995,0,16447
14996,0,12709.7
14997,0,10061.6
14998,0,7662.8
14999,0,5527.1
15000,0,3655.9
15001,0,2892.1
15002,0,2606.5
15003,0,2314.3
15004,0,2141.3
15005,0,2243.6
15006,0,2609.4
15007,0,3072.1
15008,0,2850.2
15009,0,4808.6
15010,0,5877
15011,0,9405.4
15012,0,11445.6
15013,0,13329.6
15014,0,12160.6
15015,0,10815.6
15016,0,12186.8
15017,0,12698.2
15018,0,11642
15019,0,10275
15020,0,9579
15021,0,8072.4
15022,0,5125.8
15023,0,3652
15024,0,2970.9
15025,0,2709.6
15026,0,2491
15027,0,2280.2
15028,0,2220.9
15029,0,2526.7
15030,0,3154
15031,0,3499.4
15032,0,3457.8
15033,0,3541.8
15034,0,4179.9
15035,0,4907.1
15036,0,5523.9
15037,0,6485.3
15038,0,7432.7
15039,0,7913.5
15040,0,9097.9
15041,0,9591.7
15042,0,9750.6
15043,0,9467.4
15044,0,8536.9
15045,0,6676.2
15046,0,4135.9
15047,0,2652.3
15048,0,1683.9
15049,0,1071.6
15050,0,684
15051,0,503.4
15052,0,422.7
15053,72.7,467.3
15054,342.9,670.2
15055,723.5,728.2
15056,1346.5,485.6
15057,1483.8,539.8
15058,1350.6,816.2
15059,1136,1136.7
15060,866,1373.4
15061,735.7,1691.7
15062,665.1,1814.8
15063,420.6,1988.6
15064,93.8,2636.7
15065,1.1,2571.8
15066,0,2991.5
15067,79.4,2576.3
15068,301.1,2363.7
15069,746.8,1993.1
15070,1724.8,1231.9
15071,3134.5,759.9
15072,4511.7,402.9
15073,5956.5,147.7
15074,7060.8,13.3
15075,7250.1,0
15076,7376,4.1
15077,7320.7,62.7
15078,6722.9,326
15079,6493.3,434.1
15080,7027.5,234.3
15081,6814.6,240.5
15082,6053.8,374.1
15083,5042.1,523.6
15084,4151.5,665.5
15085,3529.1,934
15086,2325.1,1726.6
15087,925.5,3036.9
15088,388.4,2985.7
15089,134.8,3153.1
15090,142.1,2824.1
15091,218.2,2432.2
15092,571.3,2137.2
15093,964.3,1802.5
15094,1823.7,1208.8
15095,2914.8,792.5
15096,3957.1,490.6
15097,4654.6,336.5
15098,4953.6,269.3
15099,5181.2,225.8
15100,5343.4,222.5
15101,5060.8,352
15102,4358.8,615.5
15103,3977.8,737.2
15104,4494.4,531.8
15105,4317,510.8
15106,3879.6,565.4
15107,3248.6,640.3
15108,2456.5,763.6
15109,1576.6,1196.5
15110,1024.5,1273.5
15111,349.1,1752.3
15112,155.8,2080.4
15113,0,2420.5
15114,0,2964.9
15115,19.3,2538.4
15116,378.6,2099
15117,743.7,1745.6
15118,1817.8,1101
15119,3298.1,671.1
15120,4872.1,307.5
15121,5989.9,108.8
15122,6944.6,8
15123,7903.2,0
15124,8764.7,0
15125,9073.2,0
15126,8875,8.9
15127,7753.5,149.3
15128,6560.5,267
15129,4537.4,967.4
15130,2505.4,2167.5
15131,1362.6,3323.2
15132,700.8,4152.5
15133,147.3,4931.7
15134,0,5228.4
15135,0,5352.1
15136,0,6746.4
15137,0,7516.6
15138,0,6777
15139,0,4803.2
15140,0,3716.6
15141,11.4,2804.5
15142,547.3,1734.2
15143,1670.6,951.3
15144,2627.4,505.4
15145,3396.1,388.1
15146,4935.5,273
15147,5685.2,221.8
15148,6273.6,194.3
15149,6320.9,235.5
15150,5657,445.1
15151,5014.8,620.7
15152,4593.1,600.3
15153,3577.8,917.4
15154,2214.7,1605.8
15155,969.8,3006
15156,170.6,4617.5
15157,0,5648
15158,0,6806.6
15159,0,8461
15160,0,9506.7
15161,0,9762.9
15162,0,9118.7
15163,0,7466.8
15164,0,6260.8
15165,0,5132.5
15166,0,3908.1
15167,0,2910.1
15168,0,1911.2
15169,4.3,1395.5
15170,130,1076.6
15171,471.5,794.5
15172,1135.9,591.1
15173,1769.5,584.8
15174,2060.5,752.4
15175,1976.6,1007.9
15176,1863.8,1478.9
15177,1232.7,2830.9
15178,740.2,4038.3
15179,412.8,4979.4
15180,113.1,5644.4
15181,4.4,5142.3
15182,14.2,4022.7
15183,82.2,3385.6
15184,94.2,3271.3
15185,34,3185.2
15186,4.1,3462.1
15187,79.1,3115.3
15188,237,2812.5
15189,531.5,2367
15190,1121.4,1641.3
15191,2015.4,1035.3
15192,3000.2,605.6
15193,3622.6,471
15194,4593.7,308.2
15195,5426.6,195
15196,5738,174.1
15197,5364.7,289.9
15198,4473.8,600.5
15199,4238.2,703.6
15200,4575.3,537.2
15201,3955,660.8
15202,3282.6,811.2
15203,2663.4,1117.3
15204,1955.3,1331.2
15205,1176.5,1863
15206,1021.7,1870.4
15207,738.8,2084.1
15208,38.6,3258.4
15209,0,3752.1
15210,0,3332.6
15211,66,2744.6
15212,248,2392.8
15213,895.3,1879.8
15214,2036.9,1171.6
15215,3081.2,770
15216,3497.8,574.5
15217,3809.2,484.3
15218,4930.1,309.2
15219,5941,157.3
15220,6477.9,97.9
15221,6586.9,168.5
15222,5881.9,435.9
15223,5482.5,559.8
15224,5593.5,438.3
15225,5327.6,456.3
15226,4690.5,564.3
15227,3722.8,902.4
15228,2851,1254.6
15229,1868.7,2005.9
15230,1014,3064.1
15231,693,2832.1
15232,602.2,2857.8
15233,457.5,2568.3
15234,331.7,2684.7
15235,595.5,2343.3
15236,1342.9,1875.7
15237,1892.4,1585.9
15238,2859.9,1085.8
15239,4224.9,658.7
15240,5677.5,293.3
15241,6569.5,132.7
15242,7182.7,69.2
15243,7864.5,14.2
15244,8294.8,0
15245,8057.4,33.9
15246,7559.5,175.8
15247,7469.7,241.3
15248,8279.9,54.1
15249,8278.1,54.6
15250,7343.4,163.9
15251,6972.5,162.7
15252,6410.6,235.2
15253,5532.6,424.9
15254,4701.6,767.6
15255,4728.7,701.1
15256,4638.3,676.1
15257,3888.5,864.3
15258,3373.8,1116.1
15259,3592.7,1085.1
15260,3783.3,1045.7
15261,4147.2,942.8
15262,5222.9,627.3
15263,6397.6,300.1
15264,7636.4,49
15265,8386.3,0
15266,8886.3,0
15267,9285.5,0
15268,9142.2,0
15269,8511.2,0
15270,7645.5,91.2
15271,7259,186.4
15272,7737.6,29.3
15273,7037.7,72.8
15274,6034,191.1
15275,4921.3,356.2
15276,3795.8,513.7
15277,3151.6,568.5
15278,2445.5,761.2
15279,1991.1,941.2
15280,1792.5,1098.3
15281,1010.2,1245.3
15282,445.9,1606.4
15283,536.8,1537.5
15284,690.2,1478.1
15285,1035.3,1318.9
15286,1985.7,963.4
15287,3088.3,631.7
15288,4073.2,349.1
15289,4619.1,227.3
15290,5088.7,142.1
15291,5255.1,108.4
15292,5215.6,132.9
15293,4662.6,292.7
15294,3713.6,584.1
15295,3252.4,708.5
15296,3792.2,492.1
15297,3671.3,462.4
15298,2776.2,602.4
15299,1414.9,894.8
15300,598.8,1167.6
15301,196.3,1371.2
15302,29,1484.8
15303,0,1858.2
15304,0,2567.8
15305,0,3367.5
15306,0,3507.5
15307,0,3110.6
15308,0,2786.6
15309,0,2434.5
15310,6.3,1674.7
15311,523.4,963.7
15312,2009.6,561.7
15313,3607.6,330
15314,4858,169
15315,5949.4,46.9
15316,6950,4.5
15317,7592.8,5.6
15318,7771.2,113.6
15319,8199.5,130.7
15320,6390.4,299.8
15321,3290.9,1216.9
15322,1232.7,2754.7
15323,425.8,4103.8
15324,15.5,5400.1
15325,0,6906.7
15326,0,9042.9
15327,0,10747.5
15328,0,11593.6
15329,0,12082.2
15330,0,9983.4
15331,0,7626.1
15332,0,6235.4
15333,0,4702.6
15334,0,3395.6
15335,0,2616
15336,0,1879.3
15337,10,1258.7
15338,361.3,774
15339,1048.1,561.1
15340,1319.9,561.3
15341,1174.4,752.9
15342,1393.6,999.8
15343,1793.7,1067.8
15344,1201.6,1614.8
15345,527.8,3108.8
15346,109.9,4670.4
15347,0,6100.1
15348,0,6341.9
15349,0,4440.9
15350,0,4584
15351,0,4973.7
15352,0,5327.3
15353,0,5350.3
15354,0,4793.9
15355,0,4198.7
15356,0,3720.9
15357,0,3249.1
15358,0,2496.7
15359,55.1,1685.8
15360,402.5,1113.8
15361,861.1,858.7
15362,1436.4,634.2
15363,2084.9,515.5
15364,2559.8,469
15365,2864.5,535.5
15366,2667.5,762.4
15367,3042.9,790.5
15368,4181.3,503.3
15369,3641.9,630.4
15370,2562.4,1205.3
15371,1272.8,3155.1
15372,854.7,4248.1
15373,475.1,5124.2
15374,84.6,5362.8
15375,0,4415.9
15376,0,5780.4
15377,0,5525.9
15378,0,4964.9
15379,0,4013
15380,0,3537.4
15381,135.4,2700.5
15382,1017.1,1553.8
15383,2444.5,777.8
15384,4307.2,347.6
15385,5446,245.4
15386,6208.3,190.5
15387,7627.3,90.1
15388,9476.3,6.5
15389,10014.4,0
15390,9079,113.3
15391,8519.9,181.5
15392,7569.3,314.1
15393,5991.2,719.5
15394,5068.9,1017.1
15395,3835.4,1662.7
15396,2448.9,2644.5
15397,1944.5,2981.6
15398,1687.8,3753.5
15399,1441.7,3808
15400,1082.4,3363.4
15401,678.2,3296.4
15402,873.6,2960.5
15403,1450.9,2304.9
15404,2325.3,1871.2
15405,3372,1443.2
15406,5353.9,766.6
15407,7547.1,367.9
15408,9637.2,139.6
15409,10871.4,19.9
15410,11779.5,0
15411,12566.5,0
15412,13238.9,0
15413,13985.8,0
15414,14067.1,0
15415,14321.8,0
15416,14019.9,0
15417,14574.2,0
15418,14091.9,0
15419,13135,0
15420,13113.3,0
15421,13080.5,0
15422,12962.5,0
15423,12786.5,0
15424,11661.8,0
15425,10596.7,0
15426,10494.4,39.2
15427,11368.3,2.9
15428,11972,0
15429,13083,0
15430,15307.3,0
15431,16999.9,0
15432,18764,0
15433,19909.6,0
15434,20735.5,0
15435,21603.1,0
15436,22441.7,0
15437,22649,0
15438,22095.1,0
15439,21569.4,0
15440,19963.6,0
15441,17002.9,0
15442,13965.9,0
15443,11673.9,87.5
15444,10331.3,194.7
15445,9787.4,12.1
15446,9241,0
15447,8695.8,10
15448,7780.8,51.9
15449,5914.1,265.8
15450,6755.8,200.9
15451,8254.8,90.2
15452,9852.8,10.3
15453,10975.2,0
15454,12649.3,0
15455,15058,0
15456,17594.9,0
15457,19401.6,0
15458,20795.4,0
15459,21915.5,0
15460,22808.9,0
15461,24210.2,0
15462,24071.8,0
15463,22131.5,0
15464,18610.6,0
15465,14064.9,0
15466,10544.9,4.3
15467,7454.2,332
15468,5007.4,776.6
15469,3676.2,1161.1
15470,2699.1,1484.8
15471,1803.5,1721.6
15472,1183.2,1808.9
15473,798.3,1652.4
15474,1263.2,1098.6
15475,2123.1,759.4
15476,2734.1,616.4
15477,3321.4,507.1
15478,5752.1,254.9
15479,7550,63.1
15480,9355.7,0
15481,10730.1,0
15482,11192.1,0
15483,11814.6,0
15484,12503.3,0
15485,12355.4,0
15486,11383.9,0
15487,10733.1,0
15488,9811.7,0
15489,9298.3,0
15490,9416.1,0
15491,9125.3,0
15492,10744.3,0
15493,11332.9,0
15494,10148.9,0
15495,9930,0
15496,8763.7,0
15497,6634,12.1
15498,5473,177.1
15499,5140.1,199.6
15500,4776.8,215.7
15501,4821.1,198.9
15502,5277.6,103.9
15503,5740,4.6
15504,6842.6,0
15505,7700.7,0
15506,8389.1,0
15507,9078.2,0
15508,9534.4,0
15509,9186,0
15510,8380.8,0
15511,8134.6,0
15512,6700.2,5
15513,4158.6,246.6
15514,1877.1,781.9
15515,944.7,1242.8
15516,337.5,1218.7
15517,6.8,2075.2
15518,0,1537.1
15519,0,1229.7
15520,0,1648.8
15521,0,1885
15522,0,1787.1
15523,0,1680
15524,0,1504.7
15525,0,1024.7
15526,64.9,600.6
15527,345.7,445.4
15528,948,299.3
15529,1421.2,226.6
15530,2010.8,134.8
15531,2135.3,117.7
15532,2062.5,135.5
15533,1364.9,265.2
15534,660,421.8
15535,468.6,449.8
15536,743,365.2
15537,747.6,340.2
15538,710.5,347.3
15539,719.2,347.3
15540,554.3,358.5
15541,370,368
15542,510.3,334.8
15543,1291.9,274.7
15544,1821.5,312.8
15545,1235.3,705.4
15546,938.2,953.4
15547,1783.2,803.7
15548,2767.1,657
15549,3244.3,574.9
15550,3919.5,353.3
15551,5149.3,136
15552,7044.8,1.3
15553,8235.6,0
15554,8959.8,0
15555,10038.1,0
15556,10892.5,0
15557,11064.4,0
15558,11170.4,0
15559,11224.6,0
15560,9798.9,3
15561,7074.2,282.4
15562,4110.3,1241.3
15563,2256,2617.3
15564,1358,3561.1
15565,666.9,4415.8
15566,204.5,5017.8
15567,8.3,5328
15568,0,5572.7
15569,0,4886.7
15570,0,3895.3
15571,0,3212.6
15572,70.1,2561.4
15573,450,1951.4
15574,968.9,1386.8
15575,1625.7,837.4
15576,2284.3,508.8
15577,3064.3,394.2
15578,3940.4,302.6
15579,4931.6,227.3
15580,6185.6,151.8
15581,7188.8,126.4
15582,7139.9,206.5
15583,7288.7,218.5
15584,7368.8,152.8
15585,6151,219.2
15586,4557.2,405.6
15587,2033.8,1935.1
15588,1228.2,3108.7
15589,777.6,4207.2
15590,444.9,4295.4
15591,379.7,3055.4
15592,88,3177.2
15593,38.6,2799.6
15594,163.3,2631.4
15595,380.4,2286.4
15596,630.1,2035
15597,957.6,1723.6
15598,1893,1097.2
15599,3645.3,523.8
15600,5429.4,289.9
15601,6181.8,211.5
15602,6807,154.7
15603,7217.4,115.1
15604,7367.5,106.2
15605,7224,153.6
15606,6578.1,266.2
15607,6646.3,276.1
15608,7849.3,121.7
15609,8302.4,52.6
15610,8820.4,0
15611,8694.8,0
15612,8542.8,0
15613,8655.5,0
15614,8022.5,0
15615,8444.3,0.9
15616,7267,71.2
15617,5022.8,454
15618,4680.3,665.7
15619,5006,614.3
15620,5448.8,542.7
15621,6463,377.3
15622,8197.8,104.5
15623,10192.7,0
15624,12246.1,0
15625,13801.8,0
15626,14653.2,0
15627,15345.1,0
15628,15767.3,0
15629,15400.2,0
15630,13966.1,0
15631,13424.2,0
15632,13994.8,0
15633,12821,0
15634,10049.2,0
15635,9064,0
15636,7577.4,22.7
15637,5465.6,191.7
15638,4576,256.8
15639,4107.3,279.4
15640,3825.1,272.3
15641,3770.9,347.4
15642,4349.2,376.3
15643,5635.4,287.9
15644,6934.2,201.4
15645,8273.1,98.8
15646,10374.1,0
15647,12550.2,0
15648,14638.5,0
15649,16430.4,0
15650,17479.6,0
15651,18629.4,0
15652,19759.4,0
15653,20267.7,0
15654,20075.1,0
15655,20118.6,0
15656,21318.7,0
15657,21075,0
15658,18842.9,0
15659,16128.5,0
15660,15495.4,0
15661,11784.5,0
15662,10882.5,0
15663,9560.2,0
15664,7526.2,0
15665,7303.8,3
15666,7696.7,4.5
15667,8411.4,0
15668,9141.7,0
15669,10564.3,0
15670,12615.8,0
15671,14574.1,0
15672,16368.2,0
15673,17682.4,0
15674,19024.2,0
15675,20284.9,0
15676,21231.3,0
15677,21132.8,0
15678,19867.9,0
15679,19212.1,0
15680,18385.3,0
15681,18982.6,0
15682,18442.9,0
15683,17324.3,0
15684,15183.2,0
15685,11616.7,0
15686,9694.1,0
15687,7895.4,0
15688,6681.4,0
15689,5892.3,0
15690,6717.7,0
15691,8198.5,0
15692,10075.3,0
15693,12205.7,0
15694,14436.4,0
15695,16691,0
15696,19620.8,0
15697,22598.6,0
15698,23987.4,0
15699,25509.6,0
15700,25934.1,0
15701,25694.4,0
15702,25496.9,0
15703,25008.5,0
15704,21476.5,0
15705,16828.8,0
15706,13459.6,0
15707,10665.3,2.6
15708,8454,278.7
15709,6354.6,936.4
15710,4617.3,1285.7
15711,3667.1,1362.7
15712,2759.3,1358
15713,2107.8,834.2
15714,2174.6,655.8
15715,2753.7,517.4
15716,3445.2,419.9
15717,4524.4,302.6
15718,6261.8,103.6
15719,8067.2,0
15720,9700.2,0
15721,10763.3,0
15722,11843.6,0
15723,12479.3,0
15724,12632.5,0
15725,12244.9,0
15726,11527.5,0
15727,11769,0
15728,12613.3,0
15729,13045.8,0
15730,13604.1,0
15731,12945.1,0
15732,11967.8,0
15733,11365.9,0
15734,10562.9,0
15735,8066.9,0
15736,5817.6,0
15737,4583.2,91.9
15738,5423,57.8
15739,7389.7,0
15740,8552.4,0
15741,10244.3,0
15742,12280.8,0
15743,14713.8,0
15744,16865.1,0
15745,18379.9,0
15746,18956.1,0
15747,19085.5,0
15748,19390.7,0
15749,19043.7,0
15750,17822.7,0
15751,17370.1,0
15752,17048.6,0
15753,16258.5,0
15754,13599.1,0
15755,9814.3,0
15756,6386,0
15757,5234.5,0
15758,5290.7,0
15759,4732.2,0
15760,4097.3,0
15761,3164.3,0
15762,3330.9,9.2
15763,4797.7,0
15764,5500.9,0
15765,7202.8,0
15766,10073.6,0
15767,12432.3,0
15768,14756,0
15769,16487,0
15770,17484.2,0
15771,18350.6,0
15772,18447.6,0
15773,17570.8,0
15774,16269.9,0
15775,15637.4,0
15776,15213.2,0
15777,13514.1,0
15778,10238,0
15779,7136.1,0
15780,4860.4,0
15781,4228.1,6.2
15782,3309,176.3
15783,2917,225.4
15784,2251.2,386.2
15785,2031.9,255.7
15786,2948.2,206.4
15787,3307.3,168.9
15788,3812.9,137.4
15789,5179.1,35.9
15790,7135.4,0
15791,9597.9,0
15792,12441.5,0
15793,14319.5,0
15794,16099.1,0
15795,17693.3,0
15796,18866.2,0
15797,19500.6,0
15798,19605.9,0
15799,19748.6,0
15800,17946.1,0
15801,13736.7,0
15802,10364.1,0
15803,7849,115.6
15804,6499.1,115.2
15805,4517.5,324.3
15806,5079.1,50
15807,5854.4,0
15808,5861.3,0
15809,5224.7,106.3
15810,5497.4,159.2
15811,6653.1,79.7
15812,8182.4,2.3
15813,9055.8,0
15814,11074,0
15815,13601.4,0
15816,15863.6,0
15817,17249.7,0
15818,18698.5,0
15819,19680.6,0
15820,19436.4,0
15821,18589,0
15822,18053.6,0
15823,17716.3,0
15824,17043.8,0
15825,15684.7,0
15826,12568.5,0
15827,10391.3,0
15828,8522.2,0
15829,5748.7,202.3
15830,3887.2,469.1
15831,2836.7,499.7
15832,2408.2,511.2
15833,2570.7,475.4
15834,3336.5,403.3
15835,3841.8,339.5
15836,4483.6,274.5
15837,5164.8,205
15838,6293.6,53.3
15839,7614.8,0
15840,8409.2,0
15841,10334,0
15842,11682.4,0
15843,11389.5,0
15844,10729,0
15845,10082.7,0
15846,8917.5,0
15847,8328,0
15848,8247.5,0
15849,7066.4,11.2
15850,4226.4,447
15851,2311.5,1173.8
15852,1574.1,2194
15853,1014,3134.1
15854,422,3460.8
15855,174.4,3642.8
15856,25.6,3687.8
15857,16.5,2704
15858,5.8,2173.4
15859,69.7,1842.4
15860,114.7,1591.7
15861,265.4,1312.5
15862,1362.5,725.9
15863,2326,453.5
15864,3179,284
15865,3917.8,195.5
15866,4937.2,112
15867,6040.7,27.2
15868,7370.7,0
15869,7522.3,0
15870,5884,124.3
15871,6510.6,119.6
15872,8180.7,7.2
15873,9087.6,0
15874,8872.6,0
15875,8943.5,0
15876,8941.5,0
15877,9153.2,0
15878,9444.6,0
15879,9856.1,0
15880,10296.5,0
15881,10072.6,0
15882,9926.8,0
15883,10694.6,0
15884,11581.4,0
15885,12725.3,0
15886,14956.8,0
15887,17207.7,0
15888,19228.4,0
15889,20226,0
15890,20686.4,0
15891,21173.6,0
15892,21437.4,0
15893,20858.7,0
15894,19602.6,0
15895,19343.2,0
15896,20154.9,0
15897,20257.3,0
15898,19858.4,0
15899,19733.4,0
15900,19586.4,0
15901,19176.5,0
15902,19137.7,0
15903,19565.1,0
15904,18273.6,0
15905,16910.6,0
15906,16007.7,0
15907,16200.6,0
15908,16501.8,0
15909,17183.7,0
15910,19052,0
15911,20960.2,0
15912,22613.1,0
15913,23471.8,0
15914,24014.9,0
15915,24360.6,0
15916,24421,0
15917,24067.2,0
15918,22462.7,0
15919,21739,0
15920,22490.2,0
15921,22652,0
15922,22263.8,0
15923,21847.8,0
15924,21161.6,0
15925,20583.6,0
15926,20805.9,0
15927,19901.8,0
15928,19165.8,0
15929,17710.1,0
15930,16620.3,0
15931,16916.7,0
15932,17494.5,0
15933,18380.2,0
15934,20124.6,0
15935,22152.7,0
15936,24062.9,0
15937,24990.6,0
15938,25916.7,0
15939,26567,0
15940,26638.1,0
15941,25700.6,0
15942,23819.2,0
15943,23550.4,0
15944,23732.1,0
15945,23100.8,0
15946,21344.1,0
15947,19089.6,0
15948,15489.2,0
15949,13475.6,0
15950,11046.5,0
15951,9365.6,0
15952,8355.8,0
15953,7945.5,0
15954,8525.9,0
15955,9643.6,0
15956,10730.9,0
15957,12195.4,0
15958,14626.3,0
15959,17237.7,0
15960,19623.9,0
15961,21466.7,0
15962,22246.8,0
15963,22305.4,0
15964,22385.4,0
15965,22041.8,0
15966,20314.9,0
15967,19801.4,0
15968,18605.5,0
15969,14595.3,0
15970,11031.9,0
15971,8262.9,0
15972,5794,0
15973,4156.4,0
15974,3157.1,0
15975,2531.8,0
15976,2240.9,0
15977,1511.6,0
15978,1378.4,0
15979,1966.4,0
15980,2794.5,0
15981,3967.1,0
15982,5780.8,0
15983,8384.6,0
15984,10716.1,0
15985,12309.5,0
15986,13930.8,0
15987,15355.7,0
15988,16363.9,0
15989,16474.4,0
15990,15772.7,0
15991,16011.9,0
15992,17577.5,0
15993,17290.5,0
15994,13156.4,0
15995,10114.2,0
15996,7797.5,139.9
15997,5844.3,465.2
15998,4924.8,696.1
15999,4492.6,734.1
16000,4076.6,662.7
16001,4423.1,520.5
16002,5527.9,344.8
16003,7094.6,201.5
16004,8270.5,99.1
16005,9720.4,11.7
16006,11771.1,0
16007,13955.3,0
16008,16169.2,0
16009,16887.4,0
16010,17770.1,0
16011,18414,0
16012,18457.6,0
16013,17869.3,0
16014,16842.9,0
16015,16773.7,0
16016,17772.9,0
16017,17297,0
16018,16259,0
16019,16606.2,0
16020,16417.2,0
16021,16110.7,0
16022,16320.7,0
16023,16048.5,0
16024,14823.9,0
16025,12405.2,0
16026,11231.3,0
16027,11178.8,0
16028,11265.5,0
16029,11413.5,0
16030,12327.3,0
16031,13766.7,0
16032,15349.5,0
16033,16025.7,0
16034,16102.6,0
16035,16089.7,0
16036,15755.1,0
16037,14713.9,0
16038,13123,0
16039,12573.7,0
16040,13595.5,0
16041,13394.1,0
16042,11944.7,0
16043,10607.1,0
16044,10131.5,0
16045,9630.1,0
16046,9130.3,0
16047,8894.7,0
16048,8073.8,0
16049,6442.4,0
16050,5481.9,0
16051,5516.7,0
16052,5697.1,0
16053,5486.2,0
16054,6667.9,0
16055,9269.9,0
16056,12260.2,0
16057,14621.4,0
16058,16890.2,0
16059,19056.7,0
16060,21019.4,0
16061,21677,0
16062,20994.3,0
16063,21169.2,0
16064,22497.9,0
16065,22843.4,0
16066,22047.6,0
16067,20987.8,0
16068,20132.2,0
16069,19449.2,0
16070,19559.3,0
16071,19747.2,0
16072,18814.5,0
16073,17470.6,0
16074,17004.6,0
16075,17600.7,0
16076,18625.5,0
16077,19876.7,0
16078,22350.3,0
16079,25161.6,0
16080,27607.1,0
16081,28919.7,0
16082,30465.2,0
16083,32173.5,0
16084,33170.1,0
16085,32829.1,0
16086,32091,0
16087,32853.6,0
16088,31548.5,0
16089,30200.8,0
16090,27044,0
16091,25889.8,0
16092,24707.1,0
16093,25125.2,0
16094,25225,0
16095,24420.5,0
16096,22803,0
16097,22525.7,0
16098,22921.7,0
16099,24608,0
16100,26480.9,0
16101,29432.2,0
16102,33240.3,0
16103,36767.4,0
16104,40251.4,0
16105,43380,0
16106,45960.4,0
16107,47496.9,0
16108,47616.3,0
16109,46817.6,0
16110,45239.3,0
16111,44775.9,0
16112,41333.6,0
16113,35329.6,0
16114,30721,0
16115,30211.8,0
16116,26595.8,0
16117,23188.5,0
16118,21224,0
16119,20190.1,0
16120,19292.2,0
16121,18670.8,0
16122,18705.4,0
16123,19793.6,0
16124,20980.9,0
16125,22322.7,0
16126,24692.7,0
16127,26731.5,0
16128,28787.1,0
16129,29612.2,0
16130,30058.1,0
16131,30226.5,0
16132,30034.7,0
16133,29027,0
16134,26939.1,0
16135,26505.6,0
16136,28212.6,0
16137,27681.1,0
16138,26571.2,0
16139,24330.7,0
16140,22519.7,0
16141,22181.6,0
16142,21184.6,0
16143,20218.4,0
16144,19119,0
16145,17101.1,0
16146,15804.9,0
16147,15798.1,0
16148,15969.9,0
16149,16410.2,0
16150,18046.5,0
16151,19712.4,0
16152,21092.4,0
16153,21625,0
16154,22046.3,0
16155,22006.7,0
16156,21499,0
16157,20335.3,0
16158,18516.6,0
16159,18266.6,0
16160,20153,0
16161,20082,0
16162,18751.3,0
16163,17553.5,0
16164,17243.5,0
16165,17355.8,0
16166,17093.2,0
16167,16848.5,0
16168,16169,0
16169,14751.7,0
16170,13978.4,0
16171,14363.2,0
16172,14897.8,0
16173,16184.7,0
16174,18812.4,0
16175,21357.3,0
16176,23613.6,0
16177,24789.5,0
16178,25947.8,0
16179,27311.7,0
16180,28705,0
16181,29080.9,0
16182,28140.6,0
16183,26589,0
16184,25775.6,0
16185,25464,0
16186,24118.5,0
16187,22348.8,0
16188,21089.5,0
16189,20894.7,0
16190,20530,0
16191,20153,0
16192,19841.5,0
16193,19148.3,0
16194,17753.5,0
16195,16279.5,0
16196,16081.9,0
16197,16019.9,0
16198,16462.1,0
16199,17924.4,0
16200,19731.5,0
16201,21006.9,0
16202,21194.2,0
16203,21411.2,0
16204,21248.6,0
16205,20881.1,0
16206,19755.5,0
16207,18004,0
16208,17141.3,0
16209,17293.8,0
16210,17127.6,0
16211,15864.1,0
16212,14060.9,0
16213,13336.6,0
16214,12905.8,0
16215,12042,0
16216,12449.1,0
16217,11944.5,0
16218,10658.9,0
16219,9614,0
16220,9804,0
16221,10239.8,0
16222,10992.1,0
16223,12757.6,0
16224,14561.2,0
16225,16259.1,0
16226,17136.4,0
16227,17363.5,0
16228,17116.3,0
16229,16758,0
16230,16029.7,0
16231,14856.6,0
16232,13518.3,0
16233,12076.1,0
16234,11049.4,0
16235,9905.4,0
16236,10086.4,0
16237,11712,0
16238,13617.8,0
16239,14408.3,0
16240,15266.3,0
16241,14786.5,0
16242,13039,0
16243,12654.1,0
16244,13799,0
16245,14967.7,0
16246,16133.2,0
16247,18153.6,0
16248,20419.1,0
16249,22673.9,0
16250,24037.3,0
16251,24998.3,0
16252,25962.1,0
16253,26353.5,0
16254,25622.6,0
16255,24042.3,0
16256,23447.9,0
16257,24088,0
16258,23852,0
16259,22702.6,0
16260,20542.8,0
16261,19525.6,0
16262,18547.4,0
16263,18044.6,0
16264,19223.1,0
16265,19327,0
16266,18256.9,0
16267,17658.1,0
16268,18402.1,0
16269,19036.5,0
16270,19995,0
16271,22267.3,0
16272,24729.9,0
16273,26843.4,0
16274,27923.1,0
16275,28660.9,0
16276,28812.2,0
16277,29000.9,0
16278,28753.1,0
16279,26868.3,0
16280,25772.1,0
16281,26093.7,0
16282,25716.6,0
16283,24822.7,0
16284,23780.9,0
16285,23163.5,0
16286,23108.2,0
16287,23830.8,0
16288,24105.6,0
16289,23367.2,0
16290,21928.1,0
16291,20326.4,0
16292,19750.7,0
16293,19060.1,0
16294,18980.1,0
16295,20398.1,0
16296,22228.2,0
16297,23040.3,0
16298,23364.9,0
16299,23432.7,0
16300,23134.2,0
16301,22616.1,0
16302,21932.4,0
16303,20716.5,0
16304,18744.3,0
16305,17351.4,0
16306,16179.7,0
16307,14843.3,0
16308,13974,0
16309,12919.2,0
16310,12347.2,0
16311,12562.9,0
16312,13755.2,0
16313,15735.3,0
16314,15997.2,0
16315,15801.7,0
16316,17136.9,0
16317,18859.7,0
16318,20926.2,0
16319,23765.7,0
16320,27600.5,0
16321,31333.7,0
16322,33133.1,0
16323,34480.5,0
16324,35152.3,0
16325,35190.8,0
16326,34005.7,0
16327,31818.2,0
16328,30583.4,0
16329,31781,0
16330,31422.6,0
16331,29484.6,0
16332,27749.5,0
16333,26592.7,0
16334,25813.2,0
16335,26003.3,0
16336,25971.8,0
16337,24918.1,0
16338,22217.8,0
16339,19994.9,0
16340,19835.1,0
16341,19887.8,0
16342,20143.3,0
16343,22022.8,0
16344,24372.4,0
16345,26615.8,0
16346,27607.2,0
16347,28188.9,0
16348,28914.9,0
16349,29157.3,0
16350,28676.4,0
16351,27238.6,0
16352,25495.1,0
16353,24944.6,0
16354,24475.3,0
16355,22101.9,0
16356,17436.4,0
16357,14429.7,0
16358,11593.5,0
16359,10307.8,0
16360,10116.9,0
16361,11603.2,0
16362,11899,0
16363,12175.1,0
16364,13764.5,0
16365,15048.8,0
16366,16732.4,0
16367,19688.1,0
16368,22909.7,0
16369,25421.4,0
16370,26988.4,0
16371,27392.9,0
16372,28041,0
16373,28754.2,0
16374,27760.4,0
16375,25962.5,0
16376,25479.2,0
16377,26769.6,0
16378,26658,0
16379,24851,0
16380,23991.3,0
16381,22740.8,0
16382,21951.2,0
16383,21694.6,0
16384,21880.3,0
16385,21082.5,0
16386,19080.1,0
16387,17528.1,0
16388,17802.9,0
16389,18295.4,0
16390,19460.9,0
16391,21696.7,0
16392,23900.7,0
16393,25598.3,0
16394,26673.2,0
16395,27515,0
16396,28034.3,0
16397,28442.3,0
16398,27735.4,0
16399,26286.2,0
16400,24919.5,0
16401,21880.7,0
16402,21485,0
16403,20286.9,0
16404,19173.5,0
16405,19734.7,0
16406,20165.2,0
16407,21193.1,0
16408,21883.2,0
16409,22399.4,0
16410,21652.1,0
16411,21471.3,0
16412,22534.5,0
16413,23555,0
16414,25856.3,0
16415,29988.3,0
16416,33837.1,0
16417,38083.1,0
16418,41515.7,0
16419,43915.2,0
16420,45567,0
16421,47130.5,0
16422,47841.5,0
16423,47519.2,0
16424,46371.9,0
16425,44144.4,0
16426,44255.4,0
16427,42109.1,0
16428,40599.1,0
16429,39452.4,0
16430,37961.8,0
16431,38251.2,0
16432,39607.9,0
16433,40384.9,0
16434,40424.7,0
16435,39682.7,0
16436,40714.2,0
16437,41424,0
16438,42452.6,0
16439,45048.7,0
16440,47605.8,0
16441,49626.9,0
16442,50567.9,0
16443,50832.3,0
16444,51094.8,0
16445,51061.8,0
16446,49701.6,0
16447,47672.9,0
16448,46230.3,0
16449,45659.2,0
16450,44873.4,0
16451,42228.3,0
16452,38634.2,0
16453,37388.4,0
16454,38761.3,0
16455,39193.9,0
16456,39008.4,0
16457,38607.5,0
16458,37862.6,0
16459,37407.3,0
16460,39439.1,0
16461,41268.8,0
16462,43170.7,0
16463,45888.5,0
16464,48688.9,0
16465,51798.1,0
16466,53573.5,0
16467,54766.3,0
16468,55962.5,0
16469,56496.8,0
16470,56142.8,0
16471,55190.6,0
16472,53292.3,0
16473,48811.1,0
16474,44637.7,0
16475,40738.3,0
16476,37645.4,0
16477,34704.5,0
16478,33686.8,0
16479,31496.9,0
16480,31278.7,0
16481,33751,0
16482,33375.4,0
16483,32537.7,0
16484,33539.7,0
16485,34470.9,0
16486,34915,0
16487,36388.9,0
16488,38348,0
16489,39937.9,0
16490,40180.6,0
16491,40204.5,0
16492,40205.7,0
16493,39549.7,0
16494,37767.3,0
16495,35523.7,0
16496,34263.5,0
16497,34216.8,0
16498,31122.7,0
16499,27358.9,0
16500,26377.2,0
16501,24614.1,0
16502,20483.7,0
16503,19963.2,0
16504,18562.3,0
16505,17430.9,0
16506,14830.2,0
16507,12374.6,0
16508,11438.2,0
16509,10796,0
16510,10894.9,0
16511,12494.4,0
16512,14243.1,0
16513,16069.8,0
16514,17185.6,0
16515,18486.5,0
16516,19613.5,0
16517,20232.6,0
16518,20019.4,0
16519,18987.1,0
16520,18374.5,0
16521,17820.9,0
16522,17952.4,0
16523,16130,0
16524,17467.8,0
16525,17954.3,0
16526,16479.1,0
16527,16239.1,0
16528,16687.8,0
16529,19464.4,0
16530,19872.7,0
16531,19901.4,0
16532,21443.9,0
16533,23427,0
16534,25436.7,0
16535,28438.7,0
16536,31577.2,0
16537,34165.9,0
16538,36305.9,0
16539,37908.1,0
16540,38311.6,0
16541,38372.1,0
16542,37532.2,0
16543,36354.3,0
16544,36025.9,0
16545,35817.1,0
16546,34332,0
16547,32918.4,0
16548,32805.5,0
16549,31860.2,0
16550,31177.8,0
16551,31060.8,0
16552,31526,0
16553,30794.4,0
16554,29432.9,0
16555,27485.3,0
16556,27705.9,0
16557,28460,0
16558,29390.9,0
16559,31658.2,0
16560,34458.7,0
16561,36887.2,0
16562,38241.7,0
16563,39650.4,0
16564,40963.4,0
16565,42076.3,0
16566,42832.7,0
16567,43062.5,0
16568,42165.8,0
16569,37885,0
16570,34447.5,0
16571,31057.9,0
16572,27802.7,0
16573,25039.9,0
16574,23264.5,0
16575,21959.5,0
16576,21902.4,0
16577,25583.5,0
16578,27383.8,0
16579,27616.6,0
16580,29078.9,0
16581,30967.4,0
16582,33095.2,0
16583,35348.5,0
16584,37450.2,0
16585,39786.6,0
16586,41773,0
16587,43022.7,0
16588,42864.7,0
16589,41833.5,0
16590,40561.7,0
16591,39049.4,0
16592,39683.7,0
16593,39905.9,0
16594,36840.6,0
16595,34241.6,0
16596,31892.8,0
16597,30460.8,0
16598,28933.7,0
16599,28356.7,0
16600,29177.4,0
16601,32740.4,0
16602,33717.1,0
16603,34436.7,0
16604,37052.2,0
16605,38707.1,0
16606,39952.9,0
16607,43544.8,0
16608,47343.6,0
16609,50710.9,0
16610,53050.2,0
16611,55408.4,0
16612,56668.7,0
16613,56089,0
16614,54647.8,0
16615,52126.9,0
16616,50107.2,0
16617,47759.4,0
16618,45761.4,0
16619,42319.9,0
16620,39453.1,0
16621,36211.6,0
16622,30045.2,0
16623,28384.5,0
16624,29705.7,0
16625,29804.9,0
16626,28647.2,0
16627,27754.1,0
16628,28126.4,0
16629,28189.4,0
16630,28305.1,0
16631,29497.3,0
16632,30843.6,0
16633,32375,0
16634,32588.8,0
16635,32954.3,0
16636,33391.8,0
16637,33222,0
16638,32161.1,0
16639,30679.6,0
16640,30637.9,0
16641,29766.6,0
16642,27092.7,0
16643,24092.4,0
16644,20950.9,0
16645,17292.9,0
16646,14804.1,0
16647,13622.5,0
16648,13551.1,0
16649,15504.5,0
16650,15184.3,0
16651,14548.2,0
16652,15987.9,0
16653,17551.1,0
16654,19484.3,0
16655,22905.6,0
16656,26264.4,0
16657,29311.4,0
16658,31257.2,0
16659,32032.5,0
16660,32594.8,0
16661,34311.6,0
16662,34644.5,0
16663,33325.9,0
16664,32361.6,0
16665,29731.2,0
16666,26202.7,0
16667,25852.6,0
16668,24049.5,0
16669,20059.9,0
16670,18337,0
16671,19521.7,0
16672,21002,0
16673,21398.7,0
16674,19862.1,0
16675,18718.8,0
16676,18981.1,0
16677,19394.9,0
16678,20323.4,0
16679,21804.1,0
16680,23459.8,0
16681,25254.6,0
16682,26040.8,0
16683,26344.8,0
16684,26605.5,0
16685,26661.4,0
16686,25695.8,0
16687,23976.6,0
16688,23304.5,0
16689,23902.5,0
16690,24427.8,0
16691,24001.5,0
16692,23559.7,0
16693,24830.8,0
16694,26325.4,0
16695,26797.8,0
16696,28185.1,0
16697,29416.1,0
16698,29918.6,0
16699,30636,0
16700,32931.4,0
16701,35347.5,0
16702,37817.7,0
16703,41612.7,0
16704,45399.4,0
16705,49008.4,0
16706,51529,0
16707,53497.7,0
16708,55402.7,0
16709,57218.1,0
16710,57779.3,0
16711,57292.1,0
16712,57193.4,0
16713,53209.1,0
16714,48303.8,0
16715,43615.7,0
16716,39806.1,0
16717,36579.6,0
16718,34504.9,0
16719,33735.5,0
16720,34364.6,0
16721,37259.3,0
16722,38719.9,0
16723,39195.6,0
16724,40788.5,0
16725,43002.3,0
16726,45360,0
16727,49130.3,0
16728,52839.8,0
16729,55834.1,0
16730,56771.6,0
16731,56626,0
16732,56534.3,0
16733,56393.2,0
16734,54282.8,0
16735,50919,0
16736,49209.1,0
16737,46991,0
16738,40780.3,0
16739,34585.4,0
16740,29367.3,0
16741,24732.9,0
16742,21164.4,0
16743,18448.2,0
16744,17362.7,0
16745,18261.3,0
16746,17051.8,0
16747,15968,0
16748,16466,0
16749,17411.7,0
16750,18832.2,0
16751,21392.6,0
16752,24135.8,0
16753,26421.9,0
16754,27811.1,0
16755,29245.4,0
16756,30472,0
16757,31137.1,0
16758,31549.1,0
16759,30439.3,0
16760,29675,0
16761,29344.1,0
16762,27224.2,0
16763,25167.8,0
16764,22868.4,0
16765,19099.4,0
16766,16543.1,0
16767,14150.7,0
16768,13636.7,0
16769,15299.5,0
16770,15045.4,0
16771,14776.8,0
16772,15606.3,0
16773,16807.5,0
16774,18689.9,0
16775,21881.5,0
16776,25214.7,0
16777,28183.3,0
16778,30380.4,0
16779,32434.2,0
16780,34408.8,0
16781,36702.4,0
16782,38591.1,0
16783,39103.9,0
16784,39629.1,0
16785,37961.2,0
16786,37034.6,0
16787,38668,0
16788,41016,0
16789,42019.3,0
16790,43211.2,0
16791,45023.3,0
16792,46338.8,0
16793,46231.7,0
16794,45607,0
16795,44591.3,0
16796,45350.1,0
16797,46307.7,0
16798,47709.7,0
16799,50363.5,0
16800,53132.5,0
16801,55749.1,0
16802,57311.1,0
16803,58489.2,0
16804,59959.5,0
16805,61396.4,0
16806,61896.4,0
16807,60688.1,0
16808,59068.7,0
16809,55070.9,0
16810,50056.9,0
16811,45621.3,0
16812,41911.7,0
16813,38653.9,0
16814,35977.1,0
16815,34453.8,0
16816,34941.4,0
16817,38519.8,0
16818,38770.8,0
16819,38663.8,0
16820,40338.3,0
16821,42212.6,0
16822,44177.2,0
16823,47116.6,0
16824,50100.2,0
16825,51875,0
16826,51913.9,0
16827,51380.1,0
16828,51085,0
16829,50692.4,0
16830,49191,0
16831,46847,0
16832,45833.9,0
16833,46694.6,0
16834,46654.8,0
16835,45733.3,0
16836,45241.5,0
16837,44523,0
16838,44220.9,0
16839,43976,0
16840,43785.3,0
16841,43055.6,0
16842,40508.2,0
16843,38264,0
16844,37959.6,0
16845,37904.3,0
16846,38068.6,0
16847,39463.9,0
16848,40943,0
16849,42359.2,0
16850,42896.4,0
16851,43083.4,0
16852,42960.4,0
16853,42371.3,0
16854,40794.7,0
16855,38443.9,0
16856,37416.2,0
16857,37518.2,0
16858,37176.9,0
16859,35754.9,0
16860,34555.3,0
16861,33133.8,0
16862,31460.1,0
16863,30111.3,0
16864,30058,0
16865,28912.8,0
16866,26584.2,0
16867,24527.8,0
16868,24507.5,0
16869,24747.1,0
16870,25444.5,0
16871,27528.1,0
16872,29760.7,0
16873,31574.1,0
16874,32165.1,0
16875,32423.9,0
16876,32477.1,0
16877,32101.9,0
16878,30736.1,0
16879,28514.2,0
16880,27599.4,0
16881,28217.2,0
16882,27782.2,0
16883,26250.5,0
16884,25586.4,0
16885,24256,0
16886,24117.1,0
16887,24649.6,0
16888,24222.6,0
16889,22880.2,0
16890,20460.8,0
16891,18305.8,0
16892,17961.3,0
16893,17830.4,0
16894,18191.5,0
16895,19981.2,0
16896,21935.8,0
16897,23771.2,0
16898,24615.6,0
16899,25154.2,0
16900,25593.5,0
16901,25608.6,0
16902,24707.9,0
16903,22931.8,0
16904,22294.8,0
16905,22927.9,0
16906,22652,0
16907,21613.4,0
16908,20896,0
16909,20116,0
16910,20134.3,0
16911,20243,0
16912,20390.9,0
16913,19682.1,0
16914,17624.6,0
16915,16130.1,0
16916,16289.5,0
16917,16635.9,0
16918,17458.3,0
16919,19686.1,0
16920,22105.1,0
16921,24315.8,0
16922,25474.8,0
16923,26325.4,0
16924,27220,0
16925,27914.6,0
16926,27684.1,0
16927,26515.4,0
16928,26448.9,0
16929,27655.6,0
16930,27855.1,0
16931,27156.2,0
16932,26322.5,0
16933,25986.3,0
16934,26364.5,0
16935,26914.3,0
16936,27395.2,0
16937,26771.5,0
16938,25113.7,0
16939,23874.9,0
16940,24637.8,0
16941,25664.3,0
16942,27275.7,0
16943,30360.6,0
16944,33625.6,0
16945,37057.6,0
16946,39737.3,0
16947,42121.6,0
16948,44070.6,0
16949,45419.5,0
16950,45777.8,0
16951,45367.2,0
16952,45668.2,0
16953,43183.2,0
16954,39964.2,0
16955,36206.2,0
16956,33280.5,0
16957,30292.9,0
16958,28299.2,0
16959,26762.2,0
16960,27301.1,0
16961,30338.3,0
16962,30925.1,0
16963,30790.6,0
16964,31989.2,0
16965,33425.7,0
16966,35460.6,0
16967,38919.5,0
16968,42441.8,0
16969,45086.4,0
16970,46228.7,0
16971,46875.8,0
16972,47279.2,0
16973,47281.9,0
16974,46206,0
16975,44089,0
16976,43155.7,0
16977,43674.1,0
16978,43247.1,0
16979,41809.7,0
16980,40723.8,0
16981,38486.1,0
16982,37276.6,0
16983,34207.7,0
16984,35318.2,0
16985,39092.3,0
16986,39510.8,0
16987,39798.7,0
16988,42042.5,0
16989,44554.1,0
16990,46584,0
16991,49265,0
16992,51958.6,0
16993,54794.2,0
16994,56816.4,0
16995,58453.3,0
16996,59635.3,0
16997,60095.1,0
16998,59568.8,0
16999,58841.8,0
17000,59735.4,0
17001,58557.7,0
17002,54700.5,0
17003,51127.8,0
17004,48337.2,0
17005,45950,0
17006,44080,0
17007,43546.5,0
17008,45117.3,0
17009,49190.6,0
17010,49552.1,0
17011,49661,0
17012,51465.7,0
17013,53486.6,0
17014,55777.7,0
17015,59084.8,0
17016,62435.9,0
17017,65168.8,0
17018,66517,0
17019,67389.9,0
17020,67715.2,0
17021,67378.4,0
17022,65914.8,0
17023,63582.8,0
17024,62457.4,0
17025,59917.7,0
17026,57441.4,0
17027,54943.4,0
17028,52976.9,0
17029,51778.4,0
17030,50463.6,0
17031,49835.3,0
17032,49370.9,0
17033,48294.4,0
17034,46620.9,0
17035,44717.5,0
17036,44893.7,0
17037,45308.4,0
17038,45830.5,0
17039,47515.7,0
17040,49291.7,0
17041,50739.3,0
17042,51103.2,0
17043,51082.5,0
17044,50401,0
17045,48914.2,0
17046,46387.8,0
17047,43004.8,0
17048,40906.3,0
17049,39189.6,0
17050,34517.1,0
17051,28622.8,0
17052,23760,0
17053,20809.2,0
17054,18992.4,0
17055,18239.8,0
17056,19933.5,0
17057,23015.3,0
17058,25038.4,0
17059,26688.2,0
17060,29553.8,0
17061,32826.2,0
17062,36185.1,0
17063,40664.8,0
17064,45301.4,0
17065,49159.9,0
17066,51534.6,0
17067,53427.8,0
17068,55328.9,0
17069,57079.4,0
17070,57835,0
17071,57101.4,0
17072,56871.6,0
17073,53278,0
17074,48535.5,0
17075,43937.8,0
17076,40281.1,0
17077,38186.9,0
17078,36739.9,0
17079,37156.5,0
17080,38043,0
17081,37459,0
17082,35457,0
17083,33066.4,0
17084,32336.9,0
17085,31728.3,0
17086,32721.6,0
17087,35918.1,0
17088,39323.3,0
17089,42866.2,0
17090,45639.7,0
17091,48242.3,0
17092,50507.6,0
17093,52162.2,0
17094,52880.7,0
17095,52394.1,0
17096,52681.8,0
17097,50650.2,0
17098,47023.9,0
17099,44276.1,0
17100,40511,0
17101,37484.6,0
17102,35118.9,0
17103,34038.1,0
17104,35481.3,0
17105,37303.2,0
17106,37363.5,0
17107,36932.5,0
17108,38236.9,0
17109,39713.8,0
17110,40943.5,0
17111,42843,0
17112,44778.2,0
17113,46657.9,0
17114,47499.1,0
17115,47925,0
17116,48402.7,0
17117,48607.7,0
17118,47893.6,0
17119,45870.5,0
17120,44656.7,0
17121,44229.6,0
17122,43386,0
17123,41932.9,0
17124,40275.7,0
17125,39110,0
17126,38422.9,0
17127,37975.5,0
17128,37301,0
17129,36039,0
17130,33817.8,0
17131,31518.6,0
17132,31281.8,0
17133,31273.2,0
17134,31785.8,0
17135,33754.1,0
17136,35875.4,0
17137,38143.7,0
17138,39666.2,0
17139,40872.2,0
17140,42403.7,0
17141,43953.4,0
17142,44647.9,0
17143,43701.6,0
17144,43370.7,0
17145,41989.8,0
17146,37993.9,0
17147,32772,0
17148,30380.6,0
17149,26701.1,0
17150,24840.7,0
17151,23638.9,0
17152,23889.4,0
17153,27090.1,0
17154,27260,0
17155,26698.1,0
17156,27479.8,0
17157,28454.4,0
17158,29392.3,0
17159,31442.1,0
17160,33405,0
17161,35091.5,0
17162,35739.8,0
17163,35935.2,0
17164,35735,0
17165,35035.5,0
17166,33332,0
17167,30642.3,0
17168,29203.5,0
17169,29865.4,0
17170,29120.7,0
17171,27569.5,0
17172,26067,0
17173,24978.1,0
17174,24428.6,0
17175,23921.6,0
17176,23969.9,0
17177,25821.6,0
17178,25688.7,0
17179,25435.6,0
17180,26932,0
17181,28769.3,0
17182,30716.5,0
17183,33846.2,0
17184,37089.8,0
17185,40140.3,0
17186,42109.5,0
17187,43773.5,0
17188,45345.7,0
17189,46443.3,0
17190,46603.1,0
17191,45801.3,0
17192,45911.9,0
17193,43987.1,0
17194,43149.9,0
17195,43622,0
17196,44371.9,0
17197,45440.1,0
17198,45095.1,0
17199,45082.6,0
17200,48533.3,0
17201,51301.3,0
17202,52462.8,0
17203,52660.8,0
17204,54634.7,0
17205,56748.5,0
17206,58914.4,0
17207,62179,0
17208,65491.3,0
17209,68434.7,0
17210,70208.8,0
17211,71537,0
17212,72698.9,0
17213,73284.4,0
17214,72831.1,0
17215,71317.4,0
17216,70607.4,0
17217,65846.8,0
17218,60912.7,0
17219,57460.7,0
17220,54646.1,0
17221,51736.1,0
17222,48992.3,0
17223,47453.9,0
17224,48028.4,0
17225,51989.9,0
17226,53365.7,0
17227,53358.6,0
17228,55169.8,0
17229,57192.2,0
17230,59446.3,0
17231,62725.2,0
17232,66048,0
17233,69227.9,0
17234,71318.3,0
17235,73017.2,0
17236,74440.8,0
17237,75238.1,0
17238,75048.3,0
17239,73848.3,0
17240,73495.1,0
17241,69336.9,0
17242,63290.6,0
17243,57533.3,0
17244,52518.1,0
17245,48236.3,0
17246,44725.3,0
17247,42517.7,0
17248,42793.1,0
17249,45623.6,0
17250,46100.6,0
17251,45604,0
17252,46896,0
17253,48443.6,0
17254,50431.7,0
17255,53625.7,0
17256,56888.9,0
17257,59673,0
17258,61133.7,0
17259,62203.3,0
17260,63290.3,0
17261,63965.4,0
17262,63626.9,0
17263,61691.2,0
17264,60348.4,0
17265,59528.5,0
17266,57417.2,0
17267,54725,0
17268,51436.7,0
17269,49204.1,0
17270,47499.9,0
17271,46608.3,0
17272,46033.6,0
17273,44942.4,0
17274,43169.5,0
17275,41134.2,0
17276,41119.7,0
17277,41406,0
17278,42139.4,0
17279,44198.2,0
17280,46401,0
17281,48158.6,0
17282,48732.4,0
17283,48929.1,0
17284,48933,0
17285,48532.5,0
17286,47131,0
17287,44591.7,0
17288,43220.5,0
17289,42780.3,0
17290,41686.4,0
17291,40043.2,0
17292,38639.6,0
17293,37544.3,0
17294,36618.4,0
17295,36237.7,0
17296,35875.7,0
17297,34753,0
17298,32863.8,0
17299,30907.4,0
17300,30827.6,0
17301,31046.5,0
17302,31796.9,0
17303,33977,0
17304,36327.9,0
17305,38402.1,0
17306,39326,0
17307,39900.6,0
17308,40438.2,0
17309,40644.5,0
17310,39887.8,0
17311,38440.3,0
17312,38456.3,0
17313,40412,0
17314,40419.5,0
17315,39574.9,0
17316,38937.9,0
17317,39175.6,0
17318,39957.9,0
17319,40921.2,0
17320,42140.9,0
17321,42182.3,0
17322,40401.6,0
17323,39441,0
17324,40731.2,0
17325,42286.9,0
17326,44513,0
17327,48381.2,0
17328,52450.1,0
17329,56584.4,0
17330,59907.6,0
17331,63089.8,0
17332,66054.6,0
17333,68455,0
17334,69914.4,0
17335,69963.7,0
17336,70711.4,0
17337,70088.8,0
17338,65621.9,0
17339,61219.5,0
17340,57787.1,0
17341,54768,0
17342,52186.5,0
17343,50989.4,0
17344,52012,0
17345,55585.7,0
17346,55338.6,0
17347,54844.3,0
17348,56195.3,0
17349,57721.7,0
17350,59745.9,0
17351,63038.6,0
17352,66442.4,0
17353,69872.1,0
17354,72393.7,0
17355,74570.1,0
17356,75936.8,0
17357,76371.8,0
17358,75789.9,0
17359,73922.6,0
17360,72938.6,0
17361,72085.7,0
17362,68128.6,0
17363,64567.5,0
17364,59770.2,0
17365,56686.6,0
17366,55988.9,0
17367,54873.2,0
17368,53834.3,0
17369,51945,0
17370,48334,0
17371,45502.9,0
17372,44963.4,0
17373,44748,0
17374,44947.1,0
17375,46508.3,0
17376,48228.8,0
17377,49905.8,0
17378,50614.5,0
17379,51029.8,0
17380,51757,0
17381,52309.6,0
17382,51980.1,0
17383,51472.5,0
17384,52473.3,0
17385,51088.6,0
17386,47077.8,0
17387,42842.1,0
17388,39385.8,0
17389,36463.4,0
17390,33920.3,0
17391,32479.7,0
17392,33746.6,0
17393,36841.2,0
17394,38015.5,0
17395,38348.7,0
17396,40236.4,0
17397,42371.3,0
17398,43639.6,0
17399,45223.5,0
17400,46626.9,0
17401,48395.8,0
17402,49477.2,0
17403,50127.6,0
17404,50163.1,0
17405,49375.5,0
17406,47601.8,0
17407,45170.1,0
17408,44154.3,0
17409,44116.5,0
17410,43090.1,0
17411,41186.2,0
17412,38969.1,0
17413,37414.9,0
17414,36462.6,0
17415,35737.3,0
17416,35110.9,0
17417,33895.1,0
17418,31767.4,0
17419,29508.8,0
17420,29067.3,0
17421,28898.9,0
17422,29069.6,0
17423,30561.3,0
17424,32180.2,0
17425,33752.3,0
17426,34409.8,0
17427,34747.1,0
17428,34876.6,0
17429,34541.3,0
17430,33211.3,0
17431,31149.5,0
17432,30508.7,0
17433,30895.7,0
17434,29232.2,0
17435,26403.2,0
17436,23093.3,0
17437,22019.4,0
17438,20165.2,0
17439,18511.6,0
17440,18727.3,0
17441,19884.9,0
17442,19102.3,0
17443,18253.4,0
17444,18839.4,0
17445,19651.8,0
17446,21260,0
17447,24569.5,0
17448,28074.5,0
17449,31355,0
17450,33510.9,0
17451,35403.9,0
17452,37191,0
17453,38513.4,0
17454,38875.8,0
17455,38278,0
17456,38647.5,0
17457,37567.6,0
17458,34497.3,0
17459,31505.7,0
17460,29184.3,0
17461,26886.2,0
17462,25756.7,0
17463,26599.3,0
17464,27369.9,0
17465,27913.7,0
17466,27233.1,0
17467,27098.1,0
17468,28962.2,0
17469,31159.4,0
17470,32352.6,0
17471,33769.6,0
17472,35130.1,0
17473,36682.1,0
17474,37428.8,0
17475,37742.2,0
17476,37952.9,0
17477,37811.4,0
17478,36728.5,0
17479,34619.9,0
17480,33851.5,0
17481,35138.8,0
17482,34947.2,0
17483,33415.5,0
17484,31947.7,0
17485,30781,0
17486,30425.3,0
17487,30532.1,0
17488,29729.5,0
17489,28325.1,0
17490,25326.6,0
17491,22997.4,0
17492,22807.3,0
17493,22887.1,0
17494,23476.4,0
17495,25479.8,0
17496,27664.2,0
17497,29599.5,0
17498,30437.1,0
17499,30947.3,0
17500,31286.4,0
17501,31193.1,0
17502,30160.8,0
17503,28404,0
17504,28159.7,0
17505,29737.1,0
17506,29346.9,0
17507,28065.4,0
17508,26965.1,0
17509,26084.7,0
17510,25823.8,0
17511,25754.7,0
17512,25657.2,0
17513,24889.9,0
17514,22401.9,0
17515,20801,0
17516,21612.9,0
17517,22691.5,0
17518,23787.1,0
17519,25948.8,0
17520,28251.8,0
17521,38480.5,0
17522,37297.6,0
17523,37934.5,0
17524,38337.2,0
17525,38250,0
17526,37264.3,0
17527,35405.5,0
17528,34905.6,0
17529,36160,0
17530,35637.6,0
17531,34574.8,0
17532,33342.2,0
17533,32424,0
17534,32186.6,0
17535,32370.7,0
17536,32652.7,0
17537,32222.5,0
17538,30230.2,0
17539,29067.8,0
17540,30259.6,0
17541,31731.4,0
17542,33388.3,0
17543,36170.6,0
17544,39144.1,0
17545,41961.9,0
17546,43666.2,0
17547,45030.4,0
17548,46543.3,0
17549,47821.5,0
17550,48130.3,0
17551,47283.7,0
17552,47491.2,0
17553,44785.6,0
17554,40501.4,0
17555,36709.2,0
17556,33697.8,0
17557,30888.3,0
17558,28238,0
17559,26403.3,0
17560,26624.9,0
17561,29553.4,0
17562,30619.6,0
17563,31269.5,0
17564,33736.5,0
17565,36616.2,0
17566,39060,0
17567,42080.1,0
17568,45126.6,0
17569,47680.1,0
17570,48879.2,0
17571,49633.6,0
17572,50137.8,0
17573,50167.1,0
17574,49160.8,0
17575,46938.2,0
17576,45855.8,0
17577,45192.8,0
17578,41712,0
17579,38890.9,0
17580,37278.9,0
17581,35773.6,0
17582,35248.7,0
17583,35980,0
17584,36145.7,0
17585,35567.5,0
17586,34152,0
17587,32774.3,0
17588,33339.8,0
17589,34174.9,0
17590,35745.6,0
17591,38923.9,0
17592,42313.9,0
17593,44777.6,0
17594,45668.7,0
17595,46162.9,0
17596,46830.1,0
17597,47270.5,0
17598,46743,0
17599,44937.5,0
17600,44033.4,0
17601,43923.9,0
17602,43302.5,0
17603,41526.8,0
17604,39625,0
17605,38634.7,0
17606,38074.1,0
17607,37825.7,0
17608,37440.3,0
17609,36420.1,0
17610,34621.5,0
17611,32652.2,0
17612,32689,0
17613,33008.8,0
17614,33551.6,0
17615,35270.5,0
17616,37130.1,0
17617,38977.9,0
17618,39940.8,0
17619,40597,0
17620,41083.3,0
17621,41086.4,0
17622,40204.9,0
17623,38517.5,0
17624,38157.1,0
17625,38773.4,0
17626,38139.9,0
17627,35736.8,0
17628,33142.5,0
17629,31929,0
17630,31601.6,0
17631,32538.1,0
17632,32665.9,0
17633,31936.7,0
17634,30497.7,0
17635,28960.9,0
17636,29205.4,0
17637,29666.7,0
17638,30510.2,0
17639,32672.6,0
17640,34978.3,0
17641,37198,0
17642,38391.3,0
17643,39269,0
17644,39760.7,0
17645,39676.9,0
17646,38595,0
17647,36744,0
17648,36243.2,0
17649,36668.3,0
17650,36255.7,0
17651,35203.3,0
17652,34276.2,0
17653,33370.5,0
17654,33125.4,0
17655,33286.1,0
17656,33000.6,0
17657,31776.1,0
17658,29574.4,0
17659,27407.8,0
17660,27325.9,0
17661,27523.4,0
17662,29548.2,0
17663,34125.1,0
17664,39082.8,0
17665,43258.8,0
17666,45994.3,0
17667,48521.2,0
17668,50468.4,0
17669,51603.3,0
17670,51739.1,0
17671,51025.2,0
17672,51616.9,0
17673,52352.8,0
17674,50680.9,0
17675,48105.6,0
17676,45625.6,0
17677,41805.3,0
17678,39901.5,0
17679,39264.7,0
17680,41200.9,0
17681,44210,0
17682,44710.8,0
17683,45065.6,0
17684,47496.6,0
17685,50194.1,0
17686,53133.6,0
17687,57250.3,0
17688,61423.7,0
17689,64994.7,0
17690,67132.1,0
17691,68867.6,0
17692,70632.4,0
17693,71972.4,0
17694,72328,0
17695,71841.7,0
17696,72443.5,0
17697,70917.6,0
17698,66618.4,0
17699,63074.5,0
17700,60635.6,0
17701,57869.3,0
17702,54908.6,0
17703,53173.7,0
17704,53979.7,0
17705,58063.9,0
17706,59368.3,0
17707,59569.9,0
17708,61629.5,0
17709,63968.1,0
17710,66679.3,0
17711,70671,0
17712,74796.4,0
17713,78180.7,0
17714,80026.4,0
17715,81527.6,0
17716,82772.5,0
17717,83474.9,0
17718,83130.7,0
17719,81686.6,0
17720,81125.7,0
17721,77015.1,0
17722,71140.6,0
17723,66172.9,0
17724,62227.1,0
17725,59363.9,0
17726,57802.3,0
17727,58127.7,0
17728,58632,0
17729,58299.1,0
17730,57463.3,0
17731,55941.4,0
17732,56416.3,0
17733,57107.6,0
17734,58077.1,0
17735,60227.4,0
17736,62468.6,0
17737,64170.3,0
17738,64600.2,0
17739,64616.5,0
17740,64342.1,0
17741,63475.8,0
17742,61574.4,0
17743,58670.4,0
17744,56801.8,0
17745,55553.2,0
17746,54054.9,0
17747,51588.9,0
17748,48854.9,0
17749,46620.9,0
17750,44901.9,0
17751,44732.5,0
17752,42730.3,0
17753,40233.8,0
17754,37292.8,0
17755,33995.1,0
17756,32841.7,0
17757,31927.6,0
17758,31379.6,0
17759,32091.4,0
17760,32974.5,0
17761,33619.9,0
17762,33062.1,0
17763,32184.1,0
17764,34047.7,0
17765,37895.5,0
17766,41110,0
17767,43319.9,0
17768,46590.7,0
17769,50728.3,0
17770,53080.6,0
17771,53967.5,0
17772,56196,0
17773,56813.5,0
17774,56723,0
17775,57991,0
17776,58258.1,0
17777,58081.9,0
17778,57282,0
17779,55674.6,0
17780,56117.1,0
17781,56794.8,0
17782,58144.5,0
17783,60936.2,0
17784,63904,0
17785,66671.8,0
17786,68233.7,0
17787,69482.3,0
17788,70662.4,0
17789,71444.9,0
17790,71228.8,0
17791,69747.8,0
17792,68941.4,0
17793,64430.8,0
17794,58685.9,0
17795,54072.5,0
17796,49581.8,0
17797,46619.5,0
17798,46318.2,0
17799,46899,0
17800,47219.5,0
17801,45302.4,0
17802,42688.9,0
17803,40040.2,0
17804,39569.1,0
17805,39214.4,0
17806,39031.8,0
17807,39947.1,0
17808,40988.6,0
17809,42111.8,0
17810,42398.4,0
17811,42349.9,0
17812,41907.9,0
17813,40952.4,0
17814,38985.9,0
17815,36085.6,0
17816,34350.8,0
17817,33781.1,0
17818,31909.6,0
17819,28410.6,0
17820,25708.3,0
17821,21997.9,0
17822,18867.5,0
17823,16618.4,0
17824,16874.6,0
17825,17590.2,0
17826,16318.1,0
17827,16652.3,0
17828,19680,0
17829,23116.4,0
17830,26440.3,0
17831,30716.8,0
17832,35247,0
17833,39335.6,0
17834,42167.9,0
17835,44669,0
17836,46276.1,0
17837,46801.9,0
17838,46246.5,0
17839,44545.7,0
17840,44036.6,0
17841,44758.8,0
17842,42796.9,0
17843,42300.7,0
17844,39942,0
17845,38542,0
17846,36966.2,0
17847,35635.2,0
17848,34829.6,0
17849,33761.4,0
17850,31147.4,0
17851,28810.5,0
17852,28485,0
17853,28440.5,0
17854,28646.4,0
17855,30109.1,0
17856,31718.6,0
17857,33144.1,0
17858,33657.1,0
17859,33851.6,0
17860,34076.4,0
17861,34010.2,0
17862,33041.7,0
17863,31035.1,0
17864,30242.9,0
17865,30985.8,0
17866,29726.6,0
17867,27346.2,0
17868,25648.1,0
17869,24237.9,0
17870,23355.7,0
17871,23173.5,0
17872,22930.6,0
17873,22028.8,0
17874,19987.4,0
17875,18020.9,0
17876,17937.6,0
17877,18078.1,0
17878,18686.4,0
17879,20683.9,0
17880,22865.1,0
17881,24755,0
17882,25518.4,0
17883,25984.5,0
17884,26393.6,0
17885,26501.4,0
17886,25703.9,0
17887,24072.6,0
17888,23772.4,0
17889,25042.2,0
17890,24498.4,0
17891,22912.3,0
17892,21578.4,0
17893,20295.4,0
17894,19866.4,0
17895,20116.4,0
17896,20378.7,0
17897,20571.7,0
17898,19360.7,0
17899,18263.4,0
17900,18889,0
17901,19760.8,0
17902,20874.2,0
17903,23142.9,0
17904,25539.1,0
17905,27795.7,0
17906,29059.7,0
17907,30004.6,0
17908,30869.5,0
17909,31324.8,0
17910,30868,0
17911,29481.8,0
17912,29223.7,0
17913,30031.7,0
17914,29545.9,0
17915,28613.2,0
17916,28650.3,0
17917,27101.9,0
17918,26669.8,0
17919,26527.3,0
17920,26644.9,0
17921,25964.4,0
17922,24475.1,0
17923,22781.2,0
17924,23024.7,0
17925,23474.1,0
17926,24462.4,0
17927,26831.4,0
17928,29375,0
17929,31689.5,0
17930,32891.6,0
17931,33792.6,0
17932,34526,0
17933,34827.6,0
17934,34197.6,0
17935,32718.6,0
17936,32358.5,0
17937,32275.8,0
17938,31774.2,0
17939,30232.3,0
17940,28452.6,0
17941,25394,0
17942,23611.5,0
17943,21292.7,0
17944,21436,0
17945,23444.4,0
17946,25468.8,0
17947,25502.1,0
17948,26534.7,0
17949,27848.1,0
17950,29376.9,0
17951,32022.8,0
17952,34603.1,0
17953,36782.5,0
17954,37820,0
17955,38468,0
17956,39524.2,0
17957,40686.9,0
17958,40956.7,0
17959,40218.2,0
17960,40570.3,0
17961,40722.2,0
17962,36791.6,0
17963,32301.2,0
17964,28957.3,0
17965,26192.1,0
17966,23797.5,0
17967,22250.8,0
17968,22050.8,0
17969,23302.8,0
17970,23263.5,0
17971,23444.7,0
17972,25626.7,0
17973,28099.9,0
17974,30835,0
17975,34841.6,0
17976,39259,0
17977,42880.7,0
17978,44924.2,0
17979,46596.7,0
17980,47855.7,0
17981,48429.8,0
17982,47979.3,0
17983,46274.1,0
17984,45509,0
17985,44213.2,0
17986,40081.7,0
17987,34062.7,0
17988,29841.7,0
17989,26729.5,0
17990,24167.2,0
17991,22311.1,0
17992,22013.5,0
17993,23580,0
17994,24650.9,0
17995,24432.4,0
17996,25496.6,0
17997,26702.2,0
17998,28101.7,0
17999,30548,0
18000,33013.2,0
18001,35526.1,0
18002,37224.9,0
18003,38584.1,0
18004,39603.6,0
18005,40099.5,0
18006,39594.7,0
18007,38199.9,0
18008,38005.9,0
18009,39052.6,0
18010,37552.7,0
18011,35749.9,0
18012,33939.9,0
18013,30041.1,0
18014,27196.5,0
18015,25865.4,0
18016,26235.1,0
18017,26370.6,0
18018,24630.1,0
18019,23121.5,0
18020,23504.9,0
18021,24068.7,0
18022,25122.7,0
18023,27501,0
18024,30193.7,0
18025,32634.8,0
18026,33984.1,0
18027,34995.7,0
18028,36713.3,0
18029,38680.5,0
18030,39837.3,0
18031,40170.3,0
18032,41738.5,0
18033,43673.9,0
18034,41792.2,0
18035,41066.1,0
18036,38394.5,0
18037,35933,0
18038,34861.9,0
18039,34427.6,0
18040,35864.2,0
18041,38490.7,0
18042,38904.8,0
18043,39058.8,0
18044,41320.9,0
18045,43819.4,0
18046,46657.1,0
18047,50695.5,0
18048,54869.9,0
18049,58884,0
18050,61702.4,0
18051,64123.9,0
18052,65994.7,0
18053,67061.3,0
18054,67110.7,0
18055,66559.4,0
18056,66723.6,0
18057,63028.5,0
18058,57771.9,0
18059,52159.3,0
18060,47208.1,0
18061,43742.2,0
18062,41102.6,0
18063,39275.1,0
18064,39760.6,0
18065,41785.2,0
18066,43347.6,0
18067,42794.1,0
18068,43767.7,0
18069,44857,0
18070,46332.7,0
18071,49129.4,0
18072,51925.1,0
18073,54046.9,0
18074,54859.3,0
18075,55250.8,0
18076,55263.9,0
18077,54759.2,0
18078,53187.3,0
18079,51142,0
18080,50658.7,0
18081,51003.7,0
18082,50384.6,0
18083,48653,0
18084,46314,0
18085,44146.4,0
18086,41684.5,0
18087,40153.6,0
18088,40168.8,0
18089,39600.6,0
18090,38424,0
18091,36633.8,0
18092,36716.3,0
18093,37036.7,0
18094,38393.1,0
18095,41599.4,0
18096,44986.4,0
18097,48816.3,0
18098,52066,0
18099,55140.7,0
18100,57826.9,0
18101,60050.8,0
18102,61328.8,0
18103,61076.5,0
18104,60996.4,0
18105,57559.9,0
18106,52810.4,0
18107,48163.6,0
18108,44215.8,0
18109,41228.4,0
18110,38498.5,0
18111,36538.3,0
18112,36596.8,0
18113,38343.9,0
18114,40821.8,0
18115,41506.5,0
18116,44140,0
18117,47040.9,0
18118,50220.6,0
18119,54785,0
18120,59397.1,0
18121,63389.6,0
18122,66039.7,0
18123,68259.4,0
18124,70373.8,0
18125,72204.5,0
18126,73017.6,0
18127,72455.9,0
18128,71977.3,0
18129,67145.8,0
18130,62317.9,0
18131,59273.7,0
18132,55641.1,0
18133,53307.8,0
18134,51167.3,0
18135,50538.5,0
18136,50839.5,0
18137,51332.3,0
18138,51082.8,0
18139,50098.7,0
18140,51088.1,0
18141,52327.2,0
18142,53628.4,0
18143,55969.8,0
18144,58370.2,0
18145,60698,0
18146,62071.5,0
18147,63083.5,0
18148,63828.4,0
18149,64065.7,0
18150,63333.2,0
18151,61691.3,0
18152,61184.3,0
18153,60981.2,0
18154,58286.9,0
18155,52495.1,0
18156,48181.1,0
18157,47073.2,0
18158,47662.1,0
18159,47539.3,0
18160,46581.9,0
18161,46898.1,0
18162,47425.6,0
18163,46743.2,0
18164,48232.7,0
18165,50051.5,0
18166,51544.2,0
18167,53888.3,0
18168,56251,0
18169,59025,0
18170,61165,0
18171,62971.3,0
18172,64144.6,0
18173,64470.7,0
18174,63774.7,0
18175,62439.8,0
18176,61838.6,0
18177,58771.6,0
18178,55310.4,0
18179,50523.2,0
18180,46084.9,0
18181,44039.1,0
18182,42689.7,0
18183,42865.6,0
18184,43205.5,0
18185,44749.1,0
18186,44387.6,0
18187,43708.4,0
18188,45012.3,0
18189,46530.4,0
18190,48847.6,0
18191,52898.8,0
18192,57087,0
18193,61062.6,0
18194,64011.8,0
18195,66695.7,0
18196,68886,0
18197,70440.3,0
18198,70998.5,0
18199,70287.6,0
18200,70023.2,0
18201,67087.3,0
18202,61334.4,0
18203,54989.5,0
18204,49290.3,0
18205,44893.9,0
18206,41235.8,0
18207,38372.9,0
18208,37912.7,0
18209,39379.8,0
18210,41879.4,0
18211,42795.9,0
18212,45674.5,0
18213,48900.6,0
18214,52057.6,0
18215,56023.2,0
18216,59942.2,0
18217,63533.3,0
18218,65904.5,0
18219,67849.9,0
18220,69549.6,0
18221,70676.4,0
18222,70779.3,0
18223,69042.4,0
18224,67472.2,0
18225,64796.1,0
18226,59681.5,0
18227,54157.9,0
18228,47591.3,0
18229,42556.9,0
18230,38913.3,0
18231,38150.4,0
18232,37758.9,0
18233,38105.2,0
18234,38747.2,0
18235,38919.6,0
18236,41495.6,0
18237,44460.7,0
18238,47749.7,0
18239,52328.9,0
18240,57147.2,0
18241,62044.4,0
18242,66125.5,0
18243,69848.6,0
18244,72278.1,0
18245,73458.6,0
18246,73580.2,0
18247,71831.2,0
18248,70144,0
18249,66848.6,0
18250,60262.1,0
18251,53869.9,0
18252,47123.5,0
18253,41171.6,0
18254,37307.3,0
18255,34407.8,0
18256,33300.8,0
18257,33215.8,0
18258,35689.4,0
18259,35819,0
18260,37623.9,0
18261,39711.2,0
18262,41732.6,0
18263,44597.8,0
18264,47463.4,0
18265,49702.6,0
18266,50818.2,0
18267,51618.6,0
18268,52253.2,0
18269,52475.5,0
18270,51579.2,0
18271,50141.1,0
18272,49104.2,0
18273,43605.5,0
18274,38504.9,0
18275,34156.4,0
18276,29458.8,0
18277,25834.2,0
18278,23752.1,0
18279,21301.9,0
18280,19767.5,0
18281,20238.3,0
18282,20865.4,0
18283,20873,0
18284,22176.8,0
18285,24478,0
18286,27500.1,0
18287,31810.7,0
18288,35714.9,0
18289,38784.5,0
18290,40491.3,0
18291,41678.9,0
18292,42704.1,0
18293,42997.3,0
18294,42446.8,0
18295,40891.6,0
18296,40155.1,0
18297,39042,0
18298,39233.3,0
18299,37051.5,0
18300,33588.4,0
18301,31880.8,0
18302,29978.3,0
18303,29222,0
18304,29188.3,0
18305,29258.3,0
18306,28365.5,0
18307,27357.9,0
18308,28652.4,0
18309,30047.7,0
18310,31812.8,0
18311,34907.3,0
18312,37928.6,0
18313,41083,0
18314,43188.3,0
18315,44214.6,0
18316,44753.9,0
18317,45613.9,0
18318,44977.4,0
18319,42844.3,0
18320,42146,0
18321,41334.7,0
18322,40638.5,0
18323,38954.7,0
18324,36322.9,0
18325,30304.7,0
18326,28015.7,0
18327,27162.2,0
18328,25978.7,0
18329,25753.9,0
18330,25554.2,0
18331,24684,0
18332,25908.2,0
18333,28040,0
18334,30446,0
18335,33394.3,0
18336,36594.1,0
18337,39514.3,0
18338,40918.8,0
18339,41808,0
18340,43021.4,0
18341,43940.5,0
18342,44405.4,0
18343,44376.5,0
18344,44788.6,0
18345,44348.5,0
18346,41008.9,0
18347,37194.3,0
18348,33863.8,0
18349,31730.8,0
18350,30149.4,0
18351,28951.6,0
18352,29025.5,0
18353,30237.6,0
18354,32726.1,0
18355,33547.9,0
18356,35781.8,0
18357,39080,0
18358,42923.5,0
18359,47523,0
18360,51590.7,0
18361,55046.5,0
18362,57899.8,0
18363,60516.2,0
18364,62857.6,0
18365,64668.1,0
18366,65077.1,0
18367,64487.9,0
18368,64194.6,0
18369,60951.5,0
18370,55051,0
18371,49290.4,0
18372,44972.7,0
18373,40747.2,0
18374,37236.1,0
18375,35774.1,0
18376,35448,0
18377,35878.3,0
18378,37687.6,0
18379,38816.7,0
18380,41121.4,0
18381,44104.1,0
18382,47632.6,0
18383,51586.1,0
18384,55865.5,0
18385,59869,0
18386,62177.5,0
18387,63835.3,0
18388,65435.8,0
18389,66254.3,0
18390,66109.1,0
18391,65391.7,0
18392,64616.8,0
18393,59306.1,0
18394,53872.4,0
18395,47954.6,0
18396,42134.6,0
18397,37483.8,0
18398,33717.9,0
18399,31182.1,0
18400,30229.6,0
18401,30309.3,0
18402,32579.9,0
18403,33878.3,0
18404,35601.8,0
18405,37704.4,0
18406,41820.1,0
18407,47334.6,0
18408,51089.8,0
18409,54244.2,0
18410,58377.3,0
18411,61063.1,0
18412,61785.3,0
18413,61485.6,0
18414,58353.6,0
18415,54408.4,0
18416,52887,0
18417,51289.5,0
18418,48206.5,0
18419,44243.8,0
18420,39361.2,0
18421,37722.3,0
18422,37177.2,0
18423,37038,0
18424,37170.1,0
18425,36966.8,0
18426,36094,0
18427,34674.1,0
18428,35061.9,0
18429,35619.7,0
18430,36251.3,0
18431,38094.5,0
18432,40231.9,0
18433,42034.9,0
18434,42723.4,0
18435,43262.4,0
18436,43120.5,0
18437,42822.7,0
18438,41945,0
18439,40425.6,0
18440,39236.6,0
18441,35986.3,0
18442,33002.2,0
18443,29587.9,0
18444,26562.3,0
18445,23109.2,0
18446,20959.6,0
18447,21502.3,0
18448,20937.7,0
18449,20200.3,0
18450,19394.2,0
18451,18904.5,0
18452,19680.4,0
18453,20732.8,0
18454,22289.4,0
18455,25453.8,0
18456,28799.4,0
18457,30838.1,0
18458,31211.7,0
18459,32085.7,0
18460,33304.6,0
18461,33712.5,0
18462,33338,0
18463,31994.7,0
18464,30765.9,0
18465,26608.6,0
18466,22187.6,0
18467,17826.7,0
18468,14135,0
18469,10922.3,10.1
18470,9278.3,161.7
18471,7621,272.4
18472,6220.7,331.1
18473,5363,294.8
18474,6502.3,0
18475,8323.2,0
18476,9995,0
18477,11460.2,0
18478,13631.6,0
18479,16784.5,0
18480,20493.8,0
18481,24166.1,0
18482,26072.3,0
18483,27104.4,0
18484,27644.4,0
18485,27488,0
18486,26652.9,0
18487,25129.1,0
18488,24348.3,0
18489,23913.5,0
18490,20603.3,0
18491,17438,0
18492,14609.4,0
18493,11632.9,0
18494,8224.9,262.9
18495,6226.9,491.5
18496,5778.9,351.1
18497,6590,129.7
18498,7090.8,0
18499,7283.9,0
18500,7951,0
18501,8670.1,0
18502,10023.3,0
18503,12044.5,0
18504,14007.5,0
18505,16263.9,0
18506,17825.2,0
18507,19103,0
18508,20150.7,0
18509,20882.5,0
18510,20709.6,0
18511,19487.6,0
18512,19076.8,0
18513,20360.4,0
18514,20048.4,0
18515,17749.1,0
18516,13369,0
18517,10650.8,53.8
18518,8621.7,247.7
18519,7402,127.1
18520,7241.2,18.3
18521,8290,0
18522,8405.3,0
18523,8560.3,0
18524,10126.6,0
18525,11855.3,0
18526,13488.4,0
18527,15833.8,0
18528,18767.1,0
18529,21161.3,0
18530,21630.1,0
18531,21546.9,0
18532,21833.6,0
18533,22034.4,0
18534,21269.9,0
18535,19615.9,0
18536,19244.5,0
18537,20692,0
18538,20679.1,0
18539,19623.6,0
18540,18511.9,0
18541,17666.6,0
18542,17741.7,0
18543,17448.6,0
18544,18004.8,0
18545,17612.1,0
18546,16705.4,0
18547,16165.8,0
18548,16607.7,0
18549,17492.2,0
18550,18830.5,0
18551,21049.3,0
18552,23259,0
18553,25551.1,0
18554,27332.5,0
18555,28509,0
18556,29226.2,0
18557,29834.5,0
18558,29712.9,0
18559,28853.5,0
18560,28389.1,0
18561,28343.9,0
18562,28053,0
18563,27285.8,0
18564,26249.7,0
18565,25476.4,0
18566,25190.6,0
18567,25287.5,0
18568,25163.7,0
18569,24540.4,0
18570,23718,0
18571,22574.7,0
18572,23545.1,0
18573,25024.5,0
18574,26377.7,0
18575,28529.4,0
18576,30951.8,0
18577,34418.1,0
18578,36915.6,0
18579,38786.3,0
18580,40555.5,0
18581,41739,0
18582,41773.1,0
18583,40690.8,0
18584,40628.7,0
18585,39329.6,0
18586,35734,0
18587,32561.1,0
18588,30134.3,0
18589,27561.8,0
18590,25779.2,0
18591,24921.6,0
18592,24448.6,0
18593,24628.8,0
18594,27112.6,0
18595,28752.4,0
18596,30635.7,0
18597,32697.1,0
18598,35552.8,0
18599,39331.7,0
18600,43095.8,0
18601,47204.7,0
18602,50669.8,0
18603,53470.4,0
18604,55606.8,0
18605,57135.9,0
18606,57754.7,0
18607,57597.3,0
18608,56145.4,0
18609,51151.9,0
18610,45983.9,0
18611,40360.1,0
18612,35874.1,0
18613,31531.3,0
18614,28165.5,0
18615,25835.5,0
18616,24112.3,0
18617,23563.7,0
18618,25951.2,0
18619,29204.4,0
18620,33409.1,0
18621,37965.1,0
18622,43651.7,0
18623,47708.7,0
18624,52270.8,0
18625,57851.6,0
18626,60732.1,0
18627,63362.6,0
18628,66878.4,0
18629,68510.2,0
18630,67529.5,0
18631,64897.1,0
18632,57988.8,0
18633,50466.2,0
18634,46941.4,0
18635,42180.2,0
18636,37511.1,0
18637,33244.5,0
18638,30422.7,0
18639,29032.5,0
18640,29936.5,0
18641,29395.9,0
18642,28747.6,0
18643,27867.6,0
18644,28314.4,0
18645,28663.1,0
18646,29458,0
18647,31455.2,0
18648,33673.2,0
18649,35391.6,0
18650,36204.1,0
18651,36613.5,0
18652,36846.7,0
18653,36889.6,0
18654,35853.9,0
18655,33583.5,0
18656,32312.7,0
18657,31859.6,0
18658,30864.9,0
18659,28959,0
18660,27158.2,0
18661,25329.4,0
18662,23008.2,0
18663,21021.5,0
18664,20308.6,0
18665,19894.3,0
18666,19298.1,0
18667,19921.2,0
18668,21532.4,0
18669,23209.8,0
18670,25318,0
18671,28981,0
18672,32824.9,0
18673,36359.2,0
18674,38538.2,0
18675,39804.1,0
18676,40623.3,0
18677,40908.5,0
18678,40200.4,0
18679,38290.2,0
18680,36635.9,0
18681,37253,0
18682,36716.1,0
18683,33390.3,0
18684,27529.9,0
18685,23640.8,0
18686,20230.5,0
18687,18470.2,0
18688,17744.1,0
18689,19032.1,0
18690,19832.2,0
18691,20930.5,0
18692,23074.6,0
18693,25815,0
18694,29462.3,0
18695,33826.8,0
18696,37884.5,0
18697,41118.5,0
18698,43103.3,0
18699,45138.4,0
18700,47286.1,0
18701,48673.4,0
18702,49249.9,0
18703,48964.3,0
18704,48290.3,0
18705,48912.1,0
18706,47413.1,0
18707,44672.4,0
18708,40464.7,0
18709,34555.5,0
18710,29705.2,0
18711,25482.4,0
18712,23771.1,0
18713,22856,0
18714,23368.4,0
18715,24669.5,0
18716,26848,0
18717,27910,0
18718,30207,0
18719,33569.2,0
18720,36345.4,0
18721,38785.5,0
18722,40050.8,0
18723,41381.1,0
18724,42403.4,0
18725,42697.6,0
18726,42437.3,0
18727,42225,0
18728,41084.6,0
18729,37972.5,0
18730,32857.7,0
18731,28003.8,0
18732,24818.7,0
18733,23103.4,0
18734,20423.8,0
18735,18450.5,0
18736,17248,0
18737,16792.6,0
18738,17515.5,0
18739,19013.3,0
18740,22437.6,0
18741,25777.2,0
18742,29146.1,0
18743,33133,0
18744,37197.2,0
18745,39572,0
18746,39862.7,0
18747,40893.5,0
18748,41890.9,0
18749,42142.6,0
18750,41018.9,0
18751,39239.3,0
18752,37479.8,0
18753,34406.1,0
18754,29777,0
18755,28912,0
18756,25485.9,0
18757,19850.6,0
18758,15910.8,0
18759,14119.7,0
18760,12834.2,0
18761,11589,0
18762,11246.8,0
18763,12348.2,0
18764,13950.8,0
18765,15297.3,0
18766,18456.6,0
18767,23066.4,0
18768,27526.8,0
18769,32511.1,0
18770,34159.4,0
18771,34358.9,0
18772,34568,0
18773,34337.9,0
18774,32949.5,0
18775,31338.3,0
18776,30503.8,0
18777,30788.8,0
18778,30423.3,0
18779,30181.8,0
18780,29666.2,0
18781,29148.3,0
18782,28791.9,0
18783,28436.5,0
18784,29041.3,0
18785,28347.6,0
18786,27730.4,0
18787,27031.6,0
18788,27548,0
18789,28736.4,0
18790,30163.3,0
18791,32583.5,0
18792,34769,0
18793,37186,0
18794,38245.8,0
18795,38818.6,0
18796,39725.6,0
18797,40015.4,0
18798,39152.4,0
18799,37375.8,0
18800,36285.6,0
18801,36442.4,0
18802,37035.2,0
18803,36594.9,0
18804,35703.1,0
18805,35363.4,0
18806,35562,0
18807,35531.9,0
18808,35524.3,0
18809,34403.5,0
18810,32722.3,0
18811,31006.6,0
18812,30613.8,0
18813,30548.7,0
18814,31188.2,0
18815,32809.7,0
18816,34624,0
18817,36449.1,0
18818,36852.1,0
18819,36569.7,0
18820,36421.8,0
18821,36221.5,0
18822,34705.7,0
18823,32382.8,0
18824,31073.6,0
18825,31130.7,0
18826,30565.7,0
18827,28977.6,0
18828,26114.6,0
18829,24239.1,0
18830,22507.8,0
18831,21151.3,0
18832,20331.5,0
18833,19662.1,0
18834,18938,0
18835,18904.9,0
18836,20123.2,0
18837,21705,0
18838,23492.9,0
18839,26471.1,0
18840,29829.8,0
18841,32989.9,0
18842,34817.7,0
18843,36014.9,0
18844,37398.5,0
18845,38830.5,0
18846,39329.8,0
18847,39126.5,0
18848,38977.4,0
18849,40064.1,0
18850,39750.9,0
18851,38365.6,0
18852,36806.6,0
18853,35190,0
18854,34070.3,0
18855,32389.8,0
18856,31571.2,0
18857,30801.2,0
18858,29026.5,0
18859,27871.6,0
18860,28855.5,0
18861,29794,0
18862,30842,0
18863,33493,0
18864,36163.5,0
18865,38592.7,0
18866,39813,0
18867,40445.7,0
18868,41310.8,0
18869,41287.7,0
18870,40490.6,0
18871,40154.5,0
18872,38968.7,0
18873,37402.6,0
18874,32583.4,0
18875,28663.5,0
18876,28388.1,0
18877,25360.4,0
18878,24407.9,0
18879,24083.9,0
18880,24325.1,0
18881,25181.5,0
18882,23611.3,0
18883,23112.2,0
18884,24353.6,0
18885,25518,0
18886,26910.6,0
18887,29670.3,0
18888,33099.7,0
18889,36305,0
18890,38249.9,0
18891,39520.7,0
18892,40344.4,0
18893,40672.5,0
18894,40310.8,0
18895,39752.8,0
18896,38698,0
18897,36592.9,0
18898,34994.2,0
18899,29615.4,0
18900,25610.7,0
18901,22588.3,0
18902,20567.1,0
18903,19151.7,0
18904,18227.5,0
18905,18184.1,0
18906,18127.3,0
18907,18613.9,0
18908,21268.3,0
18909,23984.8,0
18910,26596.3,0
18911,30508.8,0
18912,34486.3,0
18913,38364.6,0
18914,41475.1,0
18915,43570.9,0
18916,44774.5,0
18917,45464.3,0
18918,45197.5,0
18919,43853.7,0
18920,42804.6,0
18921,41868,0
18922,38097.2,0
18923,34463.6,0
18924,30384.7,0
18925,28620.1,0
18926,26997,0
18927,25358.4,0
18928,24304.2,0
18929,23799.7,0
18930,23852.5,0
18931,24092,0
18932,26093.6,0
18933,28297.4,0
18934,29527.5,0
18935,31228.7,0
18936,32982.9,0
18937,34351.7,0
18938,34396.6,0
18939,33888.9,0
18940,33157.6,0
18941,33187.9,0
18942,32530.9,0
18943,30446,0
18944,27113.7,0
18945,23630,0
18946,19076,0
18947,13614.5,0
18948,10293.3,0
18949,8722.8,0
18950,6726.4,86.2
18951,5748.7,153.8
18952,5345.3,135
18953,4980,66.8
18954,4460.2,0
18955,4363.2,0
18956,5044.2,0
18957,5971.4,0
18958,7446.6,0
18959,10282,0
18960,13426.3,0
18961,16808.4,0
18962,19371.1,0
18963,21151.9,0
18964,22605.4,0
18965,23854.8,0
18966,24506.4,0
18967,24385,0
18968,22231.8,0
18969,20880.9,0
18970,19715.8,0
18971,18413.6,0
18972,17074.2,14.6
18973,15701.4,14.7
18974,14479.1,258.1
18975,13749.1,336.4
18976,13615.5,284.5
18977,13655.4,102.5
18978,14496.5,0
18979,16557.1,0
18980,19128.3,0
18981,21780.1,0
18982,24715.8,0
18983,29162.3,0
18984,33736.8,0
18985,37694.8,0
18986,40592,0
18987,42914.4,0
18988,45191.7,0
18989,47115.2,0
18990,47782.9,0
18991,47545,0
18992,43705.9,0
18993,39893.2,0
18994,36097.2,0
18995,31843.3,0
18996,27879.4,0
18997,24376.2,0
18998,21700.6,0
18999,21925.7,0
19000,22423.3,0
19001,21572.1,0
19002,20652.6,0
19003,21176.6,0
19004,23024.9,0
19005,24872.6,0
19006,26798,0
19007,29622.4,0
19008,32596.3,0
19009,35269.3,0
19010,36769.2,0
19011,37821.8,0
19012,38620.6,0
19013,39128.5,0
19014,38517.8,0
19015,36736.7,0
19016,35713,0
19017,36212.9,0
19018,35248.9,0
19019,33458.7,0
19020,30697.5,0
19021,29609.2,0
19022,29157.1,0
19023,28981.6,0
19024,25976,0
19025,25486.1,0
19026,26062.5,0
19027,27500,0
19028,29641.2,0
19029,31769.3,0
19030,34238.9,0
19031,37665.6,0
19032,41044.7,0
19033,44115.4,0
19034,45561.8,0
19035,45740.1,0
19036,45995.5,0
19037,46689.8,0
19038,45412.6,0
19039,42860.4,0
19040,41092.8,0
19041,42109.4,0
19042,40464.9,0
19043,35080.1,0
19044,31842.8,0
19045,28776.2,0
19046,26075.8,0
19047,24711.4,0
19048,23522.7,0
19049,23487.8,0
19050,24681.5,0
19051,26456.9,0
19052,28177,0
19053,29151.4,0
19054,30114.6,0
19055,32876.9,0
19056,36056.3,0
19057,38344.7,0
19058,39737.9,0
19059,40463,0
19060,40944.2,0
19061,42289.8,0
19062,42650.1,0
19063,41431.8,0
19064,36828.1,0
19065,33329.2,0
19066,30126.1,0
19067,26549.6,0
19068,24090.9,0
19069,22171.4,0
19070,19797,0
19071,18248.2,0
19072,17632.7,0
19073,17045.8,0
19074,17390.1,0
19075,19313.5,0
19076,21397.9,0
19077,22912,0
19078,24540.8,0
19079,27825.3,0
19080,31260.6,0
19081,34276.6,0
19082,36428.9,0
19083,37743.1,0
19084,38874.4,0
19085,39774.4,0
19086,39879,0
19087,38846.6,0
19088,34310.5,0
19089,30398.6,0
19090,27151,0
19091,23878,0
19092,20895.8,0
19093,18099.4,0
19094,15608.4,3.6
19095,14043.5,45.7
19096,15153.4,0
19097,15459.5,0
19098,14931.9,0
19099,15343.8,0
19100,16640,0
19101,18404.6,0
19102,20170,0
19103,22705.5,0
19104,25354.7,0
19105,27388.5,0
19106,28440.9,0
19107,28916.2,0
19108,29339.6,0
19109,29308.3,0
19110,28429.1,0
19111,26934.1,0
19112,25789.4,0
19113,26163.5,0
19114,26253.7,0
19115,25430.9,0
19116,24444.5,0
19117,24016.6,0
19118,23705.1,0
19119,23648.2,0
19120,22964.7,0
19121,22388.3,0
19122,20875.9,0
19123,19605.7,0
19124,19830.5,0
19125,19941.5,0
19126,20521.4,0
19127,22351.3,0
19128,24083.3,0
19129,25940.8,0
19130,26906.2,0
19131,27568.7,0
19132,27723.4,0
19133,27537.2,0
19134,26632.5,0
19135,24718.8,0
19136,22861.4,0
19137,22396.7,0
19138,21496.3,0
19139,19671.2,0
19140,17741,0
19141,16175.7,0
19142,15694.7,0
19143,15135.8,0
19144,14261.1,0
19145,12998.7,0
19146,11043.9,0
19147,11793.1,0
19148,13243.5,0
19149,14320.7,0
19150,15706.5,0
19151,18150,0
19152,20616.2,0
19153,22874.2,0
19154,24447.4,0
19155,25618.8,0
19156,26246.1,0
19157,26333.8,0
19158,25490.6,0
19159,23920.3,0
19160,21618.6,0
19161,19105.7,0
19162,14913.2,0
19163,10670.2,0
19164,7466.1,46.8
19165,5153.5,195.9
19166,3366.7,502.4
19167,2082.1,605.5
19168,1275.6,653
19169,911.3,566.5
19170,782.8,23.8
19171,1051.5,0
19172,1624.2,0
19173,2438.8,0
19174,3620.9,0
19175,6127.7,0
19176,9367.5,0
19177,12263.3,0
19178,13862.2,0
19179,14356.1,0
19180,14963.8,0
19181,15269.4,0
19182,15035.9,0
19183,14633.8,0
19184,14324.3,0
19185,15669.4,0
19186,16204,0
19187,16118.2,0
19188,15687.3,0
19189,15254,0
19190,15151,0
19191,15705.9,0
19192,15892.7,0
19193,15303.4,0
19194,13940.4,0
19195,12862.4,0
19196,13100.2,0
19197,13523.4,0
19198,14040.9,0
19199,15830,0
19200,17812.4,0
19201,19908.3,0
19202,20764.4,0
19203,21307.2,0
19204,21406.5,0
19205,21000.2,0
19206,19370.3,0
19207,18695.4,0
19208,20140.6,0
19209,20411,0
19210,19679.1,0
19211,19097.3,0
19212,18811.4,0
19213,18528.8,0
19214,18139.2,0
19215,17015.1,0
19216,14193.9,0
19217,11622,0
19218,10857.6,0
19219,11429.3,0
19220,11706.9,0
19221,12959.2,0
19222,15138.7,0
19223,17328.1,0
19224,18115.2,0
19225,17812.5,0
19226,19314,0
19227,20642.4,0
19228,21835,0
19229,21350.2,0
19230,20931.5,0
19231,21003.5,0
19232,19410.8,0
19233,15576,0
19234,10459.7,0
19235,6921.6,0
19236,4522.6,0
19237,2859.1,194.6
19238,2021.4,139.4
19239,1516.4,166.1
19240,1463.9,113.9
19241,1436,0
19242,1556.6,0
19243,2283.5,0
19244,3696,0
19245,5369.8,0
19246,7205.8,0
19247,9416.8,0
19248,11718,0
19249,13276.6,0
19250,14365.8,0
19251,15112.6,0
19252,15283.8,0
19253,14914.2,0
19254,14122.4,0
19255,14152.4,0
19256,15504.3,0
19257,15741.1,0
19258,14938.4,0
19259,14062.3,0
19260,13344.1,0
19261,12606.8,0
19262,12297.6,0
19263,10735.8,0
19264,9231.7,0
19265,7455.5,0
19266,6723.9,0
19267,7303.1,0
19268,7779.3,0
19269,8427.4,0
19270,9923,0
19271,11702.3,0
19272,13925.3,0
19273,15317.2,0
19274,16405.4,0
19275,17457.4,0
19276,18091.6,0
19277,17821.6,0
19278,16515.2,0
19279,16167.6,0
19280,16332.6,0
19281,15922.2,0
19282,15132.9,0
19283,12531.9,0
19284,11488.2,0
19285,7825.7,0
19286,5918.9,0
19287,7234,0
19288,8558.1,0
19289,9246.3,0
19290,9901.7,0
19291,11254.7,0
19292,12391.1,0
19293,13886.8,0
19294,15974.2,0
19295,18151.1,0
19296,20266.1,0
19297,21083.3,0
19298,21708.1,0
19299,22357.3,0
19300,22503.5,0
19301,22063.1,0
19302,20796.1,0
19303,20580,0
19304,21679.1,0
19305,21426.3,0
19306,20148.8,0
19307,18757.1,0
19308,18275,0
19309,17825.1,0
19310,17518.4,0
19311,16916.5,0
19312,16110.6,0
19313,14568.2,0
19314,14238.2,0
19315,15978.8,0
19316,17080.7,0
19317,18800.5,0
19318,21863.7,0
19319,24727,0
19320,27144.7,0
19321,28643.2,0
19322,29568.9,0
19323,30270.5,0
19324,31152.2,0
19325,30775.1,0
19326,29134.8,0
19327,28999.8,0
19328,29630.5,0
19329,27229.9,0
19330,25615,0
19331,24505.5,0
19332,24240.8,0
19333,23819.7,0
19334,22466.9,0
19335,21970.3,0
19336,20041.1,0
19337,18236.2,0
19338,17803.9,0
19339,18948.1,0
19340,20003.8,0
19341,21866.1,0
19342,25624.5,0
19343,29451.5,0
19344,33016.6,0
19345,35769.5,0
19346,37918.7,0
19347,39768.3,0
19348,41262.1,0
19349,41296.9,0
19350,40259.2,0
19351,39703.8,0
19352,38574,0
19353,37459.2,0
19354,36939.3,0
19355,33927.9,0
19356,30876.8,0
19357,28435.4,0
19358,28398.2,0
19359,26719.4,0
19360,27040,0
19361,24924,0
19362,24748.3,0
19363,27095.2,0
19364,29295.9,0
19365,32086.6,0
19366,35726.8,0
19367,39374.2,0
19368,42800.6,0
19369,44443.8,0
19370,45223.7,0
19371,46071.3,0
19372,46783.5,0
19373,46659.6,0
19374,46155.6,0
19375,45557.9,0
19376,42981.1,0
19377,37513,0
19378,31732,0
19379,27002.1,0
19380,22903.7,0
19381,19361,0
19382,15988.2,0
19383,12899.3,0
19384,10002.8,0
19385,7986.8,0
19386,8031.5,0
19387,10485.6,0
19388,12862.8,0
19389,15120.4,0
19390,18535,0
19391,22002.6,0
19392,24955.3,0
19393,27056.6,0
19394,28831,0
19395,29586.6,0
19396,29856.2,0
19397,29493.9,0
19398,28214.6,0
19399,27267,0
19400,26124.3,0
19401,23371.4,0
19402,20494.9,0
19403,19228.6,0
19404,17167.1,0
19405,15357.2,0
19406,13179.2,0
19407,10828.3,0
19408,8133,0
19409,5630.6,0
19410,5297.6,0
19411,6953.3,0
19412,9426.4,0
19413,11096.1,0
19414,14804.7,0
19415,19167,0
19416,21804.6,0
19417,23340.9,0
19418,24489.7,0
19419,25321.3,0
19420,25501.2,0
19421,25135.9,0
19422,23771.2,0
19423,23231.2,0
19424,23349,0
19425,23298.5,0
19426,21768,0
19427,20570.7,0
19428,20151,0
19429,19800.5,0
19430,19196.6,0
19431,18479.3,0
19432,16929.4,0
19433,15111.2,0
19434,14426.9,0
19435,15543.3,0
19436,16392.2,0
19437,17126.6,0
19438,19031.8,0
19439,21410.3,0
19440,23637.3,0
19441,24998.5,0
19442,26129.3,0
19443,26962.3,0
19444,26914.6,0
19445,25639.6,0
19446,23500.7,0
19447,22314.1,0
19448,23003.8,0
19449,22496,0
19450,21398.2,0
19451,18082.2,0
19452,16044.8,0
19453,15404,0
19454,15887.2,0
19455,15056.8,0
19456,15190.1,0
19457,15302.8,0
19458,16845.3,0
19459,19629.2,0
19460,22043.5,0
19461,25131.2,0
19462,29963.7,0
19463,34986.4,0
19464,39457.6,0
19465,42394.5,0
19466,45166.7,0
19467,47639.1,0
19468,49223.8,0
19469,49516.6,0
19470,48893.1,0
19471,47804.3,0
19472,45080.5,0
19473,41968.9,0
19474,37279.2,0
19475,33323.1,0
19476,30716.1,0
19477,27333.3,0
19478,25016.2,0
19479,22974.8,0
19480,20710.1,0
19481,18309.1,0
19482,18779.4,0
19483,22282.1,0
19484,24783.3,0
19485,27494.8,0
19486,31526.4,0
19487,35364.2,0
19488,39077.2,0
19489,41637.6,0
19490,43815.5,0
19491,45739.7,0
19492,46712.4,0
19493,47767.2,0
19494,47709.1,0
19495,45446,0
19496,41579.4,0
19497,36796.5,0
19498,31260.1,0
19499,26440.1,0
19500,22656.2,0
19501,19758.8,0
19502,16958.6,0
19503,14390.6,5.3
19504,12122.4,5
19505,10242.1,0
19506,10179.9,0
19507,12775.5,0
19508,14709,0
19509,16612.6,0
19510,19203,0
19511,21955.4,0
19512,24617.4,0
19513,25911.6,0
19514,27081.3,0
19515,28095.6,0
19516,28701.5,0
19517,28732.7,0
19518,27920.7,0
19519,26833.5,0
19520,25396,0
19521,21540.2,0
19522,17951.5,0
19523,15162.8,0
19524,13491.4,0
19525,13385.8,0
19526,12595,0
19527,11667,0
19528,10771.3,0
19529,9827.3,0
19530,9821.4,0
19531,11932.5,0
19532,14571.3,0
19533,17844.9,0
19534,22312.4,0
19535,26979.3,0
19536,31352.6,0
19537,34389.8,0
19538,36975.3,0
19539,39600.6,0
19540,41820.9,0
19541,42649.4,0
19542,42448.9,0
19543,40695.5,0
19544,38135.6,0
19545,33934.3,0
19546,29632.6,0
19547,25442.4,0
19548,22029.2,0
19549,19358.4,0
19550,16468,0
19551,13790.4,0
19552,11653.9,0
19553,10078.3,0
19554,9726,0
19555,12185.9,0
19556,14893.3,0
19557,17592.9,0
19558,22313,0
19559,27504.3,0
19560,31391.6,0
19561,34646,0
19562,37934.6,0
19563,40486.9,0
19564,41743.9,0
19565,42441,0
19566,42187.9,0
19567,37340.5,0
19568,32532.6,0
19569,27738,0
19570,23302.4,0
19571,20248.5,0
19572,18408.9,0
19573,13900.2,0
19574,9375,63.8
19575,6331.5,231.2
19576,4564.9,233.1
19577,4358,0
19578,5595.3,0
19579,7859.4,0
19580,9775.4,0
19581,11114.7,0
19582,13485.5,0
19583,16323.4,0
19584,19146.9,0
19585,21619.4,0
19586,23693.8,0
19587,24970.3,0
19588,24988.7,0
19589,24565.8,0
19590,23644,0
19591,23323,0
19592,23950.4,0
19593,23980.2,0
19594,22089.2,0
19595,21456.2,0
19596,21113.2,0
19597,20602.7,0
19598,18940.1,0
19599,17557.7,0
19600,16852.1,0
19601,14902.2,0
19602,14822.8,0
19603,16173.1,0
19604,17151.7,0
19605,17985.6,0
19606,20129.6,0
19607,22534.7,0
19608,24961,0
19609,26276.1,0
19610,27003.3,0
19611,27575,0
19612,27786.2,0
19613,27066.3,0
19614,25525.3,0
19615,24603.3,0
19616,24999.5,0
19617,23998.3,0
19618,21210.3,0
19619,16275.2,0
19620,13403.8,0
19621,11637.2,0
19622,9719,1.8
19623,7028.9,83.7
19624,5224,108.9
19625,4405.2,0
19626,4403,0
19627,6719.4,0
19628,9256.8,0
19629,11202.7,0
19630,13883.4,0
19631,17267,0
19632,19995.2,0
19633,21504.2,0
19634,23183.9,0
19635,24351.9,0
19636,25611,0
19637,25976,0
19638,25362.7,0
19639,22798.9,0
19640,20257.3,0
19641,16488.9,0
19642,11664.1,0
19643,7744.1,156
19644,4963.7,282.7
19645,3435.9,745.6
19646,2279.2,1066.6
19647,1317.9,1270.1
19648,524.2,1468.9
19649,103.1,1112.3
19650,5.3,1015
19651,253.4,573.1
19652,759.4,360.1
19653,1778.1,183.3
19654,3118.7,0.4
19655,5060.3,0
19656,7878.1,0
19657,9845.5,0
19658,11668,0
19659,13110.6,0
19660,13664.5,0
19661,13744.1,0
19662,13683.4,0
19663,12587.1,0
19664,11303.6,0
19665,9073.2,0
19666,6289.2,0
19667,4289.5,300.2
19668,2629.6,738.2
19669,1498.4,1366.1
19670,664.3,2231
19671,133.7,2715.9
19672,0,2980.9
19673,0,2451.3
19674,0,2180.8
19675,0,1615.5
19676,6.3,1179.9
19677,167.2,790
19678,1165.7,419.2
19679,2994.5,145.9
19680,6022.7,0
19681,8875.7,0
19682,11750.2,0
19683,14597.7,0
19684,17296.5,0
19685,18818.6,0
19686,18447.1,0
19687,16436.5,0
19688,15162,0
19689,13251.4,0
19690,11086.5,21.9
19691,8524.7,471.4
19692,6707.2,1045.5
19693,5363.8,1487.7
19694,4335.6,1976.1
19695,3547.6,2296.8
19696,2623.8,2407.8
19697,1718.1,2387.6
19698,1433.2,2015.3
19699,2534,1204.2
19700,4509.9,668.9
19701,6652.3,449.9
19702,8913.1,207.7
19703,11895.1,7.7
19704,14785.8,0
19705,18322,0
19706,20486.7,0
19707,21967.5,0
19708,23397.3,0
19709,23843.6,0
19710,22403.9,0
19711,19310.8,0
19712,16582.8,0
19713,12118.3,0
19714,8092.2,283.1
19715,5058.7,1063.7
19716,3161.6,1788.4
19717,2063.8,2520.2
19718,1073.9,3068.6
19719,262.1,3444.8
19720,0,3661.3
19721,0,3837.2
19722,0,3640
19723,0,2592.6
19724,0,2005.1
19725,0.4,1602.2
19726,269,1010.3
19727,1376.7,521.6
19728,2948,261.4
19729,4797.6,94.4
19730,6891.8,2.1
19731,8795.9,0
19732,10448,0
19733,11258.7,0
19734,11294.6,0
19735,11057.3,0
19736,10897.8,0
19737,9493.3,85.2
19738,7373.4,685.7
19739,5245.4,1668.8
19740,3902.6,2195.2
19741,3581.6,1721.6
19742,3299.1,1773.9
19743,3012,2385.6
19744,3009.6,1833
19745,2207.3,1644.5
19746,1883.7,1647
19747,3213.2,1082.2
19748,5261.6,657.2
19749,7285.2,451
19750,9963,189.9
19751,12652.5,3
19752,15411.8,0
19753,17576.3,0
19754,19533.3,0
19755,21364.3,0
19756,22839.9,0
19757,23579.7,0
19758,23018.3,0
19759,20822,0
19760,20008.9,0
19761,19217,0
19762,16028.2,0
19763,12645.3,117.6
19764,10433.9,565
19765,8159.9,1199.3
19766,5496.2,1790.5
19767,3889,2256.1
19768,2925,2364.7
19769,1753.9,1972.1
19770,1489.5,1680.4
19771,2785.4,1005.3
19772,4688.5,591.8
19773,6911.3,380.9
19774,9946,102
19775,13036.2,0
19776,16240.1,0
19777,18129,0
19778,19814.1,0
19779,21637.2,0
19780,22431.2,0
19781,22210.3,0
19782,21236.9,0
19783,18393.6,0
19784,16262.1,0
19785,13658.9,0
19786,10648.1,114.7
19787,7492.2,605.4
19788,7816,79.9
19789,8430,0
19790,9012.8,30.7
19791,6140,720.1
19792,4040.6,927.3
19793,3600.3,505.7
19794,3743.3,524
19795,4987,401.8
19796,5649.9,333.9
19797,6630.4,244.3
19798,8690.2,44.4
19799,10940.4,0
19800,13274,0
19801,15571.7,0
19802,17612.4,0
19803,18583.2,0
19804,18558.6,0
19805,18120.3,0
19806,17038.4,0
19807,14383,0
19808,12545.6,0
19809,9833,0
19810,6494.1,552.8
19811,3696.3,1617
19812,2263.6,2262
19813,1316.8,3202
19814,482.2,3884.7
19815,52.4,4318
19816,0,4683.3
19817,0,4284.4
19818,0,4037.5
19819,0,2974.4
19820,0,2096.8
19821,34.3,1399.6
19822,871.1,667.5
19823,2795.4,315.8
19824,5310.3,58.5
19825,7259.7,0
19826,8585.6,0
19827,8846.5,0
19828,8984.1,0
19829,8656.6,0
19830,7527.9,73
19831,6279.4,175.8
19832,7248.1,54.5
19833,6218.8,130.9
19834,4291.5,329.2
19835,3722.5,354.4
19836,3543.4,345.7
19837,3453.9,284
19838,3495.7,310.9
19839,3783.5,317.7
19840,3866.7,331.3
19841,3469.4,410.1
19842,3642.4,485.7
19843,4884.4,394.8
19844,5899.7,318.4
19845,6950.6,228.8
19846,8614.9,58.6
19847,10422.4,0
19848,12933.6,0
19849,14251.8,0
19850,14917.7,0
19851,15880.8,0
19852,16430.9,0
19853,15885.6,0
19854,14727.5,0
19855,13859.1,0
19856,15619.2,0
19857,16518.5,0
19858,14661.2,0
19859,12553.3,0
19860,11899.4,0
19861,11708.6,0
19862,10106.7,0
19863,8698.2,0
19864,6706.2,71.5
19865,5234.2,200.5
19866,4519.6,263.7
19867,5579.4,180.7
19868,7184.8,70.5
19869,9055,0.1
19870,11927.8,0
19871,15174.2,0
19872,17969.7,0
19873,19957.7,0
19874,22956.9,0
19875,24800.4,0
19876,25452.9,0
19877,25829,0
19878,25002.5,0
19879,22257.7,0
19880,20465.6,0
19881,17809.2,0
19882,15915.2,0
19883,12964.5,0
19884,10759.5,0
19885,10018,0
19886,10374.3,0
19887,10252.2,0
19888,10090.7,0
19889,9395.8,0
19890,9381.2,0
19891,10520.2,0
19892,12386.4,0
19893,14407.2,0
19894,16895.5,0
19895,18874.3,0
19896,21164.5,0
19897,22612.6,0
19898,23451.5,0
19899,24517.6,0
19900,25769.3,0
19901,25997.9,0
19902,24715.8,0
19903,22801.3,0
19904,21484.1,0
19905,18874.1,0
19906,18207.3,0
19907,15960.1,0
19908,14829.6,0
19909,14929.6,0
19910,13310.9,0
19911,11510.5,0
19912,10130.9,0
19913,8518.4,0
19914,8130.8,0
19915,8897.1,0
19916,10609.9,0
19917,12499.7,0
19918,15298.3,0
19919,18476.9,0
19920,21402,0
19921,22992.6,0
19922,24307.5,0
19923,25802.3,0
19924,27310.4,0
19925,27395.9,0
19926,25827.2,0
19927,23567.4,0
19928,23307.2,0
19929,22081.2,0
19930,21231.3,0
19931,20134.6,0
19932,18568.7,0
19933,16806.5,0
19934,17805,0
19935,15660.5,0
19936,13203,0
19937,11507.3,0
19938,11175.6,0
19939,12865.6,0
19940,14964.6,0
19941,17038.9,0
19942,19981.3,0
19943,23000.7,0
19944,25925.5,0
19945,27835.4,0
19946,29546.3,0
19947,30845.2,0
19948,31648.3,0
19949,31512.8,0
19950,29811.3,0
19951,25825.8,0
19952,23490,0
19953,20242,0
19954,16264.6,0
19955,13208.8,0
19956,12641.4,0
19957,11551.1,0
19958,9376.7,0
19959,8595.2,0
19960,6538.8,0
19961,4628.2,0
19962,4112.2,0
19963,5690.7,0
19964,8055.3,0
19965,9615.1,0
19966,12375,0
19967,16457.8,0
19968,20056,0
19969,21783.8,0
19970,23271.7,0
19971,24563.4,0
19972,25099.9,0
19973,25644.4,0
19974,24229.6,0
19975,19289.1,0
19976,15777.3,0
19977,11960.9,0
19978,8017.2,56.5
19979,4890.3,340.1
19980,2668.6,388.7
19981,1418,527.3
19982,924.7,589.1
19983,939.8,484.9
19984,245.3,526.3
19985,0,102.4
19986,0,164.6
19987,104.5,102.4
19988,559.2,42.9
19989,1057.3,1.9
19990,2358.9,0
19991,4831.1,0
19992,7745.5,0
19993,9807.6,0
19994,11134.1,0
19995,12556.5,0
19996,13601.7,0
19997,13672.9,0
19998,12931.5,0
19999,12181.4,0
20000,12837,0
20001,11637,0
20002,9449.9,0
20003,7497.8,0
20004,5705.8,20
20005,5942.1,76.5
20006,4904,167.9
20007,3085.6,347.8
20008,1910.6,451.6
20009,738,328.4
20010,729.1,322.2
20011,1421.7,219.4
20012,2551,138
20013,3888.3,49.8
20014,5785.4,0
20015,8329.1,0
20016,11284.4,0
20017,13206.4,0
20018,14581.8,0
20019,15251.4,0
20020,15570.2,0
20021,15428.8,0
20022,14123,0
20023,12320.5,0
20024,11230.3,0
20025,9145,0
20026,6673.3,12.8
20027,4330.4,369.8
20028,2571,905.9
20029,1859.4,1162.9
20030,1212.8,1720.9
20031,668.1,2042.1
20032,359.4,2108.7
20033,67.6,2162.7
20034,32.4,1934.8
20035,298.9,1318.6
20036,697.6,883.3
20037,1140.7,636.5
20038,2316.3,369.1
20039,4020.2,163.9
20040,5911.8,8.9
20041,6726.1,0
20042,7144.1,0
20043,8194.4,0
20044,9129,0
20045,9841.3,0
20046,9563.9,0
20047,8261.2,0
20048,7529.1,3.9
20049,5816.4,216.7
20050,3822.9,629.4
20051,1821.1,1409.7
20052,1019.6,1405.5
20053,475.6,1805.1
20054,60.2,1712.1
20055,0,1682
20056,0,1792.2
20057,0,2411.7
20058,0,2515.9
20059,0,2193.2
20060,0,1875.6
20061,0,1455.6
20062,41.7,797.4
20063,793.9,439.9
20064,3055.4,198
20065,4974.6,76
20066,6792.1,4.3
20067,8341.2,0
20068,9511.8,0
20069,9943.8,0
20070,9560,0
20071,8369.6,5.5
20072,7658.2,59.4
20073,5871.8,527.6
20074,3566.6,1448.3
20075,1980.8,2479.5
20076,1267.4,3270.5
20077,610.8,3976.9
20078,42.9,3916.5
20079,0,4462.8
20080,0,4173.9
20081,0,3707.9
20082,0,4005.6
20083,0,3138.3
20084,0,2591.8
20085,0,2092.3
20086,31.5,1239.4
20087,996.3,530.5
20088,2431.4,299.9
20089,3431.1,215.7
20090,5058.7,104.6
20091,6706.7,9.3
20092,7212.3,0
20093,8735.3,1.8
20094,8965.2,0
20095,9307.6,0
20096,10507.8,0
20097,10918.9,0
20098,11317.7,0
20099,11066.4,0
20100,11003.9,0
20101,11206,0
20102,10883.2,0
20103,8731.1,0
20104,7822.9,47.6
20105,7343.2,121.3
20106,6548.6,213.8
20107,5952.9,301
20108,6030.1,309.6
20109,6634.4,262.3
20110,7909.6,107
20111,9624.7,0
20112,11839.3,0
20113,13280.9,0
20114,14412.1,0
20115,15333,0
20116,15997.8,0
20117,15825.6,0
20118,14873.4,0
20119,14339.9,0
20120,13827.1,0
20121,11787.4,0
20122,9995.3,0
20123,9244.6,0
20124,7515.6,102.2
20125,4767.5,834.9
20126,2911.6,1307.2
20127,1870.6,1738.3
20128,900.7,2121.9
20129,186,2030.7
20130,1.7,2200.6
20131,96.2,1689.8
20132,361.1,1078.7
20133,942.1,705.6
20134,2605.5,369.4
20135,5586.6,104.5
20136,8662.9,0
20137,10949.3,0
20138,12552.5,0
20139,14042,0
20140,15334,0
20141,15523,0
20142,14582.3,0
20143,11119.8,0
20144,10141.2,0
20145,8756.9,13.6
20146,6471.6,582.1
20147,4261.4,1469.9
20148,2657.5,1994
20149,2126.9,2055.4
20150,1679.7,1696.4
20151,1401.5,1418.2
20152,1293.8,1296.6
20153,1237.9,943.4
20154,1698.1,873.2
20155,2783.7,677.6
20156,4004.2,564.4
20157,5158.4,453.1
20158,6850.5,256.3
20159,8647.9,57.7
20160,10652.3,0
20161,12244.1,0
20162,13109.5,0
20163,13983,0
20164,14612.4,0
20165,14390.7,0
20166,13519.8,0
20167,12212.2,0
20168,12996.2,0
20169,12294.5,0
20170,9535.6,0
20171,6707.3,117.4
20172,5995,87.6
20173,5834,42.3
20174,6090,8
20175,6664.9,0
20176,5927.8,76.6
20177,3958.6,334.3
20178,3119.8,485.9
20179,3303.1,503
20180,4251.8,378.2
20181,5669.8,251.4
20182,8037.1,32.1
20183,10734.7,0
20184,13459.1,0
20185,14776.7,0
20186,15816.1,0
20187,17057.2,0
20188,17857.1,0
20189,17880.1,0
20190,17033.4,0
20191,14741.3,0
20192,14219.2,0
20193,12255.5,0
20194,10034.7,7.9
20195,8091.3,290.4
20196,6389.8,677.7
20197,4900.7,1063.3
20198,3523.2,1339.1
20199,2910.3,1461.4
20200,1992.9,1588.3
20201,1072.4,1686.7
20202,808.6,1563.8
20203,1225.1,1071.2
20204,2979.1,593
20205,5064.7,392.9
20206,8281.3,117.7
20207,11283.8,0
20208,13976.3,0
20209,15884.2,0
20210,17321.7,0
20211,18729.7,0
20212,19610.2,0
20213,19554.6,0
20214,18046.9,0
20215,14674.5,0
20216,12130.5,0
20217,10019.4,0
20218,6838.3,148.2
20219,4208.8,748.9
20220,2258.2,1322.1
20221,1840.8,1703.6
20222,1470.1,2037.1
20223,909.8,2244.5
20224,513.2,2327.7
20225,117.2,2399.7
20226,22.9,2326.2
20227,120.9,1883.4
20228,697.9,1210.5
20229,1784.9,762.8
20230,3861.8,389.5
20231,7084.8,117
20232,10262.3,0
20233,12521.9,0
20234,14717.1,0
20235,16519.4,0
20236,17534.9,0
20237,17781.5,0
20238,16453.6,0
20239,13693,0
20240,13081.8,0
20241,11170.9,0
20242,8524.4,206.1
20243,6266.8,889.5
20244,4247.4,1471.8
20245,3161,2161.1
20246,2511.7,2583.7
20247,1677.1,2740.4
20248,1051.5,2314
20249,836.6,1586.6
20250,1154.6,1319.3
20251,2055.3,873.7
20252,3081.4,671.8
20253,4484.3,538.8
20254,6841.7,306
20255,9626.7,50.7
20256,12456,0
20257,15056.8,0
20258,16680.4,0
20259,18073.4,0
20260,18846.9,0
20261,18812.8,0
20262,17727.3,0
20263,15481.3,0
20264,15105.7,0
20265,14393.5,0
20266,13480,0
20267,12453.4,0
20268,11030.8,0
20269,8015.1,0
20270,5899.1,21.8
20271,2393.4,443.5
20272,1201.7,544.1
20273,323.4,663
20274,45.1,997.3
20275,84.5,935.5
20276,617.7,555.6
20277,2051.3,378
20278,2864.8,250.5
20279,4113.3,95.3
20280,6924.8,0
20281,9226.7,0
20282,10528.9,0
20283,12316.3,0
20284,13687.3,0
20285,14174.7,0
20286,13690.9,0
20287,12808.2,0
20288,13223.6,0
20289,13223,0
20290,13538.4,0
20291,12329.1,0
20292,12222.6,0
20293,11413.7,0
20294,9475.6,0
20295,8240.9,1.4
20296,6491.1,131.7
20297,4810.2,249.6
20298,3938,332.1
20299,4581.4,249.6
20300,6450,134.6
20301,8286.7,18.3
20302,11206.3,0
20303,14881.5,0
20304,18285.4,0
20305,20625.5,0
20306,22107,0
20307,23344.3,0
20308,25057,0
20309,25615.7,0
20310,22860.2,0
20311,19502.9,0
20312,17053.5,0
20313,14297,0
20314,12154.4,0
20315,12123.1,0
20316,10111,0
20317,7193.5,0
20318,4575,241
20319,2491.2,598.1
20320,1186.7,736.5
20321,533.8,604
20322,590.8,530.1
20323,1395.9,396
20324,2518.6,288
20325,3387.7,213
20326,5396.4,26.2
20327,7735.2,0
20328,9636.1,0
20329,11089.4,0
20330,11986.6,0
20331,13245.6,0
20332,14068.2,0
20333,13733.9,0
20334,11969.4,0
20335,9013.1,0
20336,7871,0
20337,5326.9,46.6
20338,2467.5,793.7
20339,723,1775.7
20340,48.3,2705.8
20341,0,3638
20342,0,4632.7
20343,0,5285
20344,0,5162.9
20345,0,4204.1
20346,0,3503.4
20347,0,4304.2
20348,0,4514.7
20349,0,4564.3
20350,0,2437.5
20351,0,1290.3
20352,0,866.1
20353,0,500.9
20354,102.6,313.5
20355,530,154.1
20356,1779.8,40.3
20357,3206.4,12.8
20358,4361.3,42.2
20359,4955.6,78.8
20360,6059.7,0.9
20361,6682.4,0
20362,6670.3,1.3
20363,7038.5,0
20364,6038.7,84.9
20365,3583.9,567.1
20366,1865.3,1381.7
20367,1017.4,1789.8
20368,402.3,2047.8
20369,46.7,2807.2
20370,0,3207.3
20371,1.3,2799.3
20372,158.5,1818.5
20373,414.7,1338.6
20374,1685.1,688
20375,4069.4,271.6
20376,6550.6,66.5
20377,8879.1,0
20378,11007.4,0
20379,12559.2,0
20380,13755.5,0
20381,14857.2,0
20382,14062.3,0
20383,10413.5,0
20384,8631,9.5
20385,6489,252.3
20386,4085.8,854.6
20387,2150.9,1547.6
20388,1067.8,2266.7
20389,409.9,2806.3
20390,110,2131.1
20391,3,1947.1
20392,0,2320.4
20393,0,3357.2
20394,0,3633.1
20395,0,2932
20396,47.3,1884.5
20397,737.2,1247
20398,2703.1,553.8
20399,5857.3,204
20400,9057,5.9
20401,11689.6,0
20402,14019.1,0
20403,16206.4,0
20404,18211.1,0
20405,19116.8,0
20406,17500.8,0
20407,15796.3,0
20408,14702.8,0
20409,12108.7,0
20410,9197.2,207.4
20411,6621.6,908.7
20412,4435.3,1454.7
20413,2995.5,2143.1
20414,2162.4,2607.4
20415,1254.4,2824.3
20416,430.1,2917.8
20417,0,2878.7
20418,0,3320.2
20419,0,2870.3
20420,142.9,1804.4
20421,967.8,1028.5
20422,2854.7,438.5
20423,5988,170.8
20424,9238.7,1.2
20425,11827.6,0
20426,14140.5,0
20427,16251.6,0
20428,17417.5,0
20429,17260.5,0
20430,14814.4,0
20431,12211.2,0
20432,10439.4,0
20433,6943.3,242.6
20434,3841.2,1164.7
20435,1825.9,2025.5
20436,716.3,2774.5
20437,211,3588.7
20438,0,4116
20439,0,4466.3
20440,0,5317.2
20441,0,5955.1
20442,0,7163.9
20443,0,6385.7
20444,0,4340.1
20445,0,3071.2
20446,0,1994.4
20447,5.8,1182.1
20448,173.5,546.3
20449,944.7,296.3
20450,2923.3,132.4
20451,5795.3,9.2
20452,7684.1,0
20453,8212.1,0
20454,6962.5,76.9
20455,4973.7,324.9
20456,3183.7,821.9
20457,1088.5,2343.8
20458,150.7,3752.8
20459,0,4872.3
20460,0,5585.2
20461,0,6218.7
20462,0,6849.2
20463,0,7372.9
20464,0,7789.2
20465,0,7389.7
20466,0,7119.2
20467,0,5445.3
20468,0,3826.2
20469,0,2809.8
20470,0,1681.8
20471,97.8,855.4
20472,1027,340.1
20473,2618.8,197
20474,4305.8,101.7
20475,5892.5,25
20476,7093.4,0.2
20477,7565,9
20478,6679.5,142.6
20479,5588.5,310
20480,5257.2,288.9
20481,4038.9,528.3
20482,2524,1273.4
20483,1224.4,2661
20484,746.1,3413.2
20485,423.6,4017.9
20486,119.6,4432.6
20487,0,4811.9
20488,0,4954.1
20489,0,4638.7
20490,0,4564.3
20491,0,3947.8
20492,75.8,2947.2
20493,373.6,2126.9
20494,1539.6,1208
20495,3384.2,549.7
20496,6014.8,207.3
20497,7822.6,68
20498,9207.3,1
20499,10450.4,0
20500,11319.4,0
20501,11384.9,0
20502,10184.5,17.3
20503,8298.7,153.3
20504,7149.7,200.3
20505,4919.6,811.6
20506,2919.3,2008.4
20507,1540.8,3015.5
20508,898.5,3649.7
20509,593.7,4264
20510,264.3,4620.9
20511,30.7,4908.3
20512,0,5188.5
20513,0,4933.8
20514,0,5055.8
20515,0,4272.3
20516,2.8,3123.6
20517,252.2,2150.7
20518,1408.1,1174.2
20519,3377.5,493.9
20520,6333.8,184.3
20521,8473.1,34.6
20522,10348.9,0
20523,12100.1,0
20524,12926.1,0
20525,12547.6,0
20526,9898.7,3.4
20527,8343.5,106.2
20528,7804.1,205.3
20529,5967.3,743.6
20530,3993.4,1442.4
20531,2611.7,2048.7
20532,1623.4,2545.1
20533,1185.5,2743.6
20534,756.3,3158.8
20535,267,3449.9
20536,14.5,3815.7
20537,0,4349.7
20538,0,4607.5
20539,0,4058.4
20540,91.3,2760.1
20541,726.9,1754.2
20542,2293.3,886.1
20543,4855.2,353.7
20544,7603.7,114.9
20545,9510.3,3.9
20546,11034.8,0
20547,12344.9,0
20548,13021,0
20549,12698.4,0
20550,10975.2,0
20551,8848.2,73.2
20552,7793.9,98.6
20553,5899.1,477
20554,3568.9,1182.1
20555,1751.9,2027.6
20556,682.6,2799
20557,308.1,3186.8
20558,93.3,3384.1
20559,0,3633.3
20560,0,3764.2
20561,0,3952
20562,0,3845.2
20563,0,3344.2
20564,0,2876.8
20565,43.8,2354
20566,580.2,1537
20567,1745.7,840.5
20568,3585.8,407.1
20569,5096.5,243.3
20570,6236.1,154.3
20571,7213.5,80.4
20572,7789.3,48.2
20573,7724.8,96
20574,6971.8,241.3
20575,6404.8,393.8
20576,6749.5,238.2
20577,7021.7,176.7
20578,5900.9,370.6
20579,4850.8,556.2
20580,4467.1,545.1
20581,3866.5,658
20582,3939.1,630.8
20583,4365.5,530.8
20584,3490.4,809.4
20585,2333.9,1350.3
20586,1858.5,1655.2
20587,2143.2,1497.5
20588,2596.7,1299.6
20589,3249.5,1110.7
20590,4519.3,769
20591,5892.3,406.4
20592,7359.5,98.1
20593,8414.8,10.5
20594,9321.7,0
20595,10067.9,0
20596,10604.8,0
20597,10501.7,0
20598,9544.3,17.2
20599,8886.9,89.7
20600,9390,2.3
20601,9125.4,9.6
20602,7899.1,103.7
20603,6541.4,261
20604,5261.5,429.8
20605,4133.8,585.9
20606,3104.8,787.2
20607,2098.2,1129.4
20608,806.7,1916.7
20609,82.6,2694.6
20610,0,3522.6
20611,0,3286
20612,140.6,2380
20613,741.1,1623.4
20614,2392.4,958.8
20615,4141.4,537.6
20616,6021.5,162.2
20617,7718.1,13.3
20618,9269,0
20619,10653.6,0
20620,11373.2,0
20621,11029.3,0
20622,8978.6,57.2
20623,6950.1,354.4
20624,5509,429
20625,2977.9,1075
20626,871.6,2462.9
20627,87.6,3569.1
20628,0,4200.1
20629,0,5061.1
20630,0,5922.2
20631,0,7264.1
20632,0,8889.2
20633,0,10265.4
20634,0,12036.4
20635,0,11616.9
20636,0,9595.9
20637,0,7380.9
20638,0,5329.6
20639,0,4000.7
20640,0,3179.4
20641,0,2808.3
20642,0,2544.8
20643,0,2353.8
20644,0,2268.4
20645,0,2507.4
20646,0,3332
20647,0,3923.9
20648,0,4218.3
20649,0,5891
20650,0,7769.7
20651,0,9560.6
20652,0,10818.9
20653,0,12678.4
20654,0,14171.6
20655,0,15437.9
20656,0,16247.7
20657,0,16597.8
20658,0,16388.4
20659,0,14293.7
20660,0,11209.2
20661,0,7956.8
20662,0,4627.3
20663,0,2881.3
20664,0,1787.6
20665,0,1165.6
20666,0,800.5
20667,3.3,569.3
20668,85.2,460.2
20669,453.8,515.9
20670,700.4,769.4
20671,1040.4,852.9
20672,1765.9,645.8
20673,2246.4,631.3
20674,2083.3,825.2
20675,1940.4,1108.4
20676,1654.9,1317.5
20677,1364.5,1745.2
20678,1051.2,2085.9
20679,759.7,2305
20680,518.7,2561.3
20681,241.5,2706.9
20682,267.9,2914.5
20683,618.4,2583.7
20684,1435.8,2024.8
20685,2500.3,1492.6
20686,3946.6,935.7
20687,5461.2,564
20688,6797.7,238.6
20689,7653.8,78.9
20690,8388.4,9.4
20691,8953.1,0
20692,9455.5,0
20693,9431.2,0
20694,8472.4,191.3
20695,7468.5,396.9
20696,7045.3,283.5
20697,5420.2,563.9
20698,3394.5,1397.1
20699,1693.3,2244.3
20700,730.8,2859.2
20701,206.3,3617.9
20702,0,4301.2
20703,0,4879.2
20704,0,5443.5
20705,0,6419.3
20706,0,6738.6
20707,0,6009.4
20708,0,4776.8
20709,0,3739.6
20710,0,2634.1
20711,0,1682.4
20712,220.8,949.5
20713,830.9,627.4
20714,1917.5,428.6
20715,3329.8,278.3
20716,4593,194.2
20717,5008.4,278.6
20718,4282.9,614.7
20719,3071.7,984.3
20720,2254.1,1272.3
20721,860.9,2209.9
20722,124.9,3332
20723,0,4237.8
20724,0,4968.2
20725,0,5306.5
20726,0,5382.4
20727,0,4930.3
20728,0,5266.7
20729,0,5879.3
20730,0,5879.1
20731,0,4902
20732,0,4122.2
20733,0,3333.9
20734,0,2344
20735,0,1449.1
20736,131.2,828.7
20737,722.6,576.5
20738,1854,394.4
20739,3186.1,244
20740,4339.4,172.9
20741,4764.5,258.5
20742,4470.8,524
20743,4240.1,657.4
20744,4896.5,463.6
20745,4878.8,465.9
20746,4383.9,585.5
20747,3824.7,704.1
20748,3232.7,879.7
20749,1992.2,1567.3
20750,823.2,2515.9
20751,173.6,3630.7
20752,0,4373.7
20753,0,4803.8
20754,0,5417.3
20755,0,5200.8
20756,0,4222.2
20757,0,3361.4
20758,5.1,2343.2
20759,286.4,1418.4
20760,1084.8,744.1
20761,2351.5,458.6
20762,3643.8,310.7
20763,4767.2,193.2
20764,5338.3,168.2
20765,5095.5,320.1
20766,4038.9,679.1
20767,2569.1,1280
20768,1867.8,1618.4
20769,893.9,2637
20770,120.2,3984.5
20771,0,5111
20772,0,5877.5
20773,0,6959.5
20774,0,8633.5
20775,0,10402.3
20776,0,12219.4
20777,0,13959.6
20778,0,15612.1
20779,0,15003
20780,0,11992.8
20781,0,8531.4
20782,0,5309.5
20783,0,3336.2
20784,0,2186
20785,0,1550.8
20786,0,1161.5
20787,13.1,859.5
20788,40.3,752
20789,10.5,1058.2
20790,0,2474
20791,0,3333.8
20792,0,3937.1
20793,0,5127.5
20794,0,6805.3
20795,0,8655.4
20796,0,10952.7
20797,0,13995.9
20798,0,17043.1
20799,0,20019.6
20800,0,22256.6
20801,0,23695.5
20802,0,25076.8
20803,0,23599.5
20804,0,19139.6
20805,0,14377.9
20806,0,9951.9
20807,0,5866
20808,0,3032.6
20809,0,2340.2
20810,0,2040.5
20811,0,1841.5
20812,0,1885.3
20813,0,2535.8
20814,0,4252.7
20815,0,5490.2
20816,0,7050.5
20817,0,9649.5
20818,0,12895.5
20819,0,15609.5
20820,0,19079.6
20821,0,21585.5
20822,0,24583.9
20823,0,27286.4
20824,0,29892.1
20825,0,31839.5
20826,0,33559.9
20827,0,32263.7
20828,0,27504.1
20829,0,22101.9
20830,0,17204.9
20831,0,13029.8
20832,0,9326.1
20833,0,6923.1
20834,0,5202.7
20835,0,3874.7
20836,0,3336.9
20837,0,3673.8
20838,0,5672.1
20839,0,6851.6
20840,0,6894.4
20841,0,6295.3
20842,0,7230.8
20843,0,9294.9
20844,0,11164.7
20845,0,13294.3
20846,0,15040.1
20847,0,17449
20848,0,20910.9
20849,0,22288.4
20850,0,23368.7
20851,0,21693.8
20852,0,18137.1
20853,0,14397.5
20854,0,10919.1
20855,0,7892
20856,0,5145.9
20857,0,3539.1
20858,0,2855.5
20859,0,2439.2
20860,0,2093.5
20861,0,2013.8
20862,0,2299.2
20863,0,2514.2
20864,0,2249.3
20865,0,2294.3
20866,0,2490.8
20867,0,2658
20868,0,2718.6
20869,0,2905.6
20870,0,3121.9
20871,0,3607.9
20872,0,4495.3
20873,0,5514.8
20874,0,6800
20875,0,6554.5
20876,0,4937.5
20877,0,3585.8
20878,0,2358.3
20879,0,1291.5
20880,313.5,570.8
20881,1310.4,284.5
20882,3508,60.8
20883,5742,0
20884,7061,0
20885,6914.1,45.3
20886,5043.8,574.9
20887,4101.8,1126.9
20888,3709.6,1245.6
20889,2389.5,1841.2
20890,859,2810.4
20891,104.2,3720.1
20892,0,4429.5
20893,0,5069.4
20894,0,6060.5
20895,0,7785.5
20896,0,9453.8
20897,0,11440.8
20898,0,13095.9
20899,0,12227.4
20900,0,9167.9
20901,0,5718.6
20902,0,3572.4
20903,0,2418.7
20904,0,1412.5
20905,0,870.2
20906,31.4,553
20907,251.5,361.2
20908,805.1,322
20909,794.4,547.6
20910,147.3,1542.8
20911,18.6,2490.2
20912,5.6,2593.9
20913,0,3691.6
20914,0,5054.9
20915,0,6098.8
20916,0,7311.9
20917,0,8813.4
20918,0,9386.5
20919,0,10865.1
20920,0,12434.5
20921,0,14102.7
20922,0,15438.6
20923,0,13774.5
20924,0,11067.5
20925,0,7670
20926,0,4540.2
20927,0,3065.4
20928,0,1957.7
20929,0,1284.6
20930,0,817
20931,0.3,558.9
20932,43.3,500.9
20933,108.4,687.8
20934,4.4,1516.8
20935,0,2495.6
20936,0,3137.9
20937,0,4384.3
20938,0,5806
20939,0,6956.5
20940,0,8371.1
20941,0,10869.8
20942,0,13972.5
20943,0,16764
20944,0,18769.8
20945,0,20348.3
20946,0,21575.4
20947,0,20262.4
20948,0,16484.3
20949,0,12326.9
20950,0,8366.8
20951,0,4759.3
20952,0,2831.8
20953,0,2107.7
20954,0,1573.5
20955,0,1135
20956,0,1017
20957,0,1469.6
20958,0,2849.8
20959,0,3828.2
20960,0,4263.9
20961,0,5111.7
20962,0,6967.2
20963,0,9943.1
20964,0,12627.4
20965,0,15560.7
20966,0,18532.7
20967,0,21351.3
20968,0,23478.6
20969,0,24952.3
20970,0,26360.4
20971,0,24708.5
20972,0,20393.9
20973,0,15885.1
20974,0,11833.1
20975,0,8217.7
20976,0,4978.9
20977,0,3318.9
20978,0,2763.3
20979,0,2395.7
20980,0,2317.8
20981,0,2675.9
20982,0,3451.3
20983,0,3793
20984,0,3581.5
20985,0,3650.5
20986,0,4162.3
20987,0,4806.7
20988,0,5848.8
20989,0,8728.6
20990,0,13073.1
20991,0,16969.3
20992,0,19591.6
20993,0,20485.7
20994,0,21443.3
20995,0,20248.8
20996,0,17306.2
20997,0,14424.6
20998,0,11287.3
20999,0,8241.4
21000,0,5556.1
21001,0,4004
21002,0,3118.7
21003,0,2738.1
21004,0,2522.5
21005,0,2638.8
21006,0,3145
21007,0,3603.1
21008,0,3664.6
21009,0,3990.1
21010,0,4899.5
21011,0,7870.1
21012,0,11499.9
21013,0,14157.4
21014,0,18714.8
21015,0,23118.4
21016,0,24630.4
21017,0,23982.7
21018,0,21496.7
21019,0,19225.4
21020,0,17497.9
21021,0,15550.3
21022,0,12878.7
21023,0,10315.6
21024,0,8108.4
21025,0,6667.7
21026,0,5519.5
21027,0,4552.3
21028,0,3988.7
21029,0,4234.6
21030,0,5406
21031,0,6244.3
21032,0,6017.7
21033,0,6521.9
21034,0,8362.8
21035,0,10656
21036,0,12843.2
21037,0,14235.3
21038,0,14275.2
21039,0,13739.6
21040,0,15190.9
21041,0,16965.1
21042,0,17306.1
21043,0,16201.9
21044,0,14318.4
21045,0,11962.3
21046,0,9378.6
21047,0,7133.7
21048,0,5178
21049,0,3966.3
21050,0,3233.9
21051,0,2806.9
21052,0,2732.4
21053,0,3052.5
21054,0,3988.7
21055,0,4580.9
21056,0,3948
21057,0,3610.5
21058,0,4358.1
21059,0,5366.6
21060,0,5500.6
21061,0,6697.5
21062,0,7631.7
21063,0,8474.2
21064,0,9868.9
21065,0,11735.2
21066,0,12778.7
21067,0,12107.6
21068,0,10896.1
21069,0,9359.5
21070,0,7034.1
21071,0,4701
21072,0,3106.1
21073,0,2611.6
21074,0,2345.7
21075,0,2149.5
21076,0,1855.8
21077,0,1721.8
21078,0,1923.1
21079,0,2195.1
21080,0,1849.4
21081,0,1679.4
21082,0,2345.2
21083,0,2972.7
21084,0,3524.2
21085,0,3933.4
21086,0,4155
21087,0,4374.9
21088,0,4863.7
21089,0,5864.3
21090,0,6704.1
21091,0,6417.5
21092,0,5956.2
21093,0,5272.7
21094,0,3908.3
21095,0,2825.5
21096,0,1864.5
21097,0,1425.9
21098,0,1212.5
21099,0,1049.5
21100,0,980.2
21101,0,1221.2
21102,0,1841.7
21103,0,2392.5
21104,0,2239.5
21105,0,2439.6
21106,0,3016.6
21107,0,3817.3
21108,0,3951.3
21109,0,4588.6
21110,0,4693.4
21111,0,4493.9
21112,0,5179.9
21113,0,5980.2
21114,0,7252.6
21115,0,6764
21116,0,5890.7
21117,0,4951.9
21118,0,3759.2
21119,0,2871.6
21120,0,2075.7
21121,0,1638.8
21122,0,1316.4
21123,0,1040.4
21124,0,925.1
21125,0,1197.2
21126,0,1922.9
21127,0,2431.4
21128,0,2229.2
21129,0,2487.4
21130,0,2912.3
21131,0,3187.9
21132,0,3269.2
21133,0,3495.8
21134,0,3355.7
21135,0,2879.6
21136,0,3310.2
21137,0,3384.1
21138,0,3321.4
21139,0,2943.5
21140,0,2409
21141,81.3,1777.7
21142,942.1,1066.4
21143,2032.8,706
21144,3732.7,389.7
21145,4737.7,245.5
21146,5355.5,156.2
21147,5673.1,116.5
21148,5745,145.6
21149,5017.4,384.6
21150,3708,856.4
21151,3345.5,1059.4
21152,3901.4,689.6
21153,4549.5,483.9
21154,4190.9,600.4
21155,3776.2,685.5
21156,3207.6,762.8
21157,2609.4,1093.2
21158,1927.8,1525.3
21159,1409.4,1888.4
21160,1302.4,1890
21161,877.5,2117.4
21162,703.5,2373.1
21163,1184.1,2154.4
21164,2168.4,1634.1
21165,3339.8,1109
21166,4643.4,770.6
21167,5874.8,456.9
21168,6879.5,162.8
21169,7369.7,41.4
21170,7684.7,0
21171,8014.5,0
21172,8246.5,0
21173,7566.7,77.4
21174,5874.5,494.7
21175,5023,683.6
21176,4601.1,598.5
21177,3241.4,942.8
21178,3082.7,747.6
21179,2630.4,779.9
21180,2188.7,940
21181,1617.8,1682.3
21182,1201.9,1987.4
21183,1197.2,1831.3
21184,1289.8,1746.9
21185,268.6,2333
21186,0,3217.3
21187,0,3127.4
21188,0,2964.4
21189,72.5,2404.5
21190,1212.8,1358.6
21191,3068.6,731.4
21192,5027.1,314.6
21193,6345.5,80.6
21194,7415.8,0
21195,7973.7,0
21196,8540.9,0
21197,8247.1,30.5
21198,5909.2,514.3
21199,4527.7,1052.6
21200,4244.5,1078
21201,2809.7,1579.6
21202,1660.2,2166.4
21203,804.6,2683
21204,351,3108.8
21205,46.5,3495.8
21206,0,4076.7
21207,0,4496.6
21208,0,5024.7
21209,0,6317.1
21210,0,7795.6
21211,0,7475.6
21212,0,5647.2
21213,0,3950.2
21214,0,2628.3
21215,0,1411.3
21216,24.4,641.2
21217,492.9,371.1
21218,1779.9,197.9
21219,3713.6,69.4
21220,5599.5,10.5
21221,5734.9,98.5
21222,3548.7,749.4
21223,2164.3,1541.4
21224,1954.8,1630.8
21225,1401,2053.8
21226,438.2,2862.3
21227,33.5,3554
21228,0,3890.6
21229,0,4181.8
21230,0,4585.5
21231,0,5030.4
21232,0,5764
21233,0,7091.7
21234,0,7805.7
21235,0,6853.7
21236,0,5461.4
21237,0,4164.5
21238,0,2866.1
21239,0,1666.2
21240,0,810.5
21241,139.8,502
21242,1024.4,320.5
21243,2343.2,184.4
21244,3590.9,127
21245,3678.4,322.6
21246,2355.4,982.9
21247,1287.1,1699.6
21248,1370,1504.6
21249,700.8,1896.3
21250,141.9,2427.7
21251,28.1,2564.9
21252,1.1,2451.8
21253,0,2920.5
21254,0,3368.9
21255,0,3500.1
21256,0,3552.9
21257,0,3904.7
21258,0,3893.4
21259,0,3549.3
21260,0,3228.9
21261,0,2779.6
21262,85.5,2114.5
21263,673.9,1423.8
21264,1861.3,776.3
21265,2778.5,590.3
21266,3363.5,484.2
21267,3849.3,405.2
21268,4342.7,355.2
21269,4847,387.4
21270,4022,722.8
21271,2836.7,1203
21272,2158.4,1452.8
21273,1056.2,2268.2
21274,166,3516.8
21275,0,4399.5
21276,0,4471.6
21277,0,4540.6
21278,0,4520.4
21279,0,4103.1
21280,0,4024.8
21281,0,4103.3
21282,0,4662.9
21283,0,4899.1
21284,0,4226.9
21285,0,3674.3
21286,0,2827.6
21287,0,1997.8
21288,0,1311
21289,132.6,958
21290,638.1,728.5
21291,1556.3,580.2
21292,2175.7,564.9
21293,2545.5,660.7
21294,2182,1032.9
21295,1746.2,1438.5
21296,1637.7,1297.7
21297,476.6,2013.4
21298,0,3309.4
21299,0,4620.1
21300,0,5288.4
21301,0,6006.9
21302,0,6689.2
21303,0,7801.6
21304,0,9610.4
21305,0,11656.3
21306,0,14368.2
21307,0,14418.3
21308,0,12065.1
21309,0,8696.7
21310,0,4826.8
21311,0,3114.1
21312,0,2010.5
21313,0,1608.1
21314,0,1561.7
21315,0,1387.5
21316,0,1349.8
21317,0,1695.1
21318,0,2591.7
21319,0,3268.9
21320,0,3737.3
21321,0,4764.7
21322,0,6431.3
21323,0,8230.6
21324,0,10755.6
21325,0,14065.7
21326,0,16635.4
21327,0,17856.4
21328,0,17695.5
21329,0,21373.6
21330,0,23794.7
21331,0,21225.6
21332,0,16920.1
21333,0,13152.2
21334,0,9694.3
21335,0,5862
21336,0,3392.9
21337,0,2510
21338,0,1970.2
21339,0,1499.7
21340,0,1397.3
21341,0,2150.9
21342,0,3943.8
21343,0,4792.9
21344,0,5266.7
21345,0,6231.1
21346,0,9259.1
21347,0,12331.7
21348,0,14374.2
21349,0,17524.8
21350,0,20031.3
21351,0,21551.7
21352,0,26165
21353,0,29623.3
21354,0,30718.9
21355,0,28948.3
21356,0,22554.3
21357,0,16646.6
21358,0,12416.3
21359,0,9121.7
21360,0,6169.2
21361,0,4078.1
21362,0,3080.3
21363,0,2706.5
21364,0,2240.7
21365,0,2091.6
21366,0,2386.9
21367,0,3116
21368,0,3124.7
21369,0,3221.3
21370,0,3618.9
21371,0,4567.2
21372,0,6631.4
21373,0,9271.9
21374,0,10175.8
21375,0,14601.1
21376,0,17719.9
21377,0,20430.3
21378,0,21215.7
21379,0,19174.5
21380,0,16266.9
21381,0,12223.6
21382,0,9017.4
21383,0,5801.4
21384,0,3435.1
21385,0,2597.6
21386,0,2034.5
21387,0,1518.4
21388,0,1246.5
21389,0,1716.5
21390,0,3507.2
21391,0,4792.5
21392,0,5482.5
21393,0,6997.6
21394,0,10809.1
21395,0,12006.2
21396,0,11432.7
21397,0,11088.2
21398,0,10260.4
21399,0,9179.5
21400,0,8755.5
21401,0,9680.6
21402,0,10436.6
21403,0,9316.1
21404,0,8738.2
21405,0,7229
21406,0,5322.9
21407,0,3747.1
21408,0,2864.6
21409,0,2444.4
21410,0,2148.4
21411,0,1956.7
21412,0,1751.5
21413,0,2131.6
21414,0,3647.9
21415,0,4737.1
21416,0,5899
21417,0,7636.1
21418,0,10342.6
21419,0,12814.2
21420,0,15176.3
21421,0,17925.3
21422,0,20735.6
21423,0,21999.8
21424,0,23970.1
21425,0,26221.2
21426,0,26998.2
21427,0,24359.3
21428,0,21211.4
21429,0,17658.1
21430,0,13147.8
21431,0,10060.2
21432,0,7036.4
21433,0,4408.8
21434,0,3326.9
21435,0,2355.4
21436,0,2074.8
21437,0,2491.7
21438,0,3143
21439,0,3301
21440,0,2886.7
21441,0,2620.8
21442,0,2599.1
21443,0,2540
21444,0,2371.7
21445,0,2582.8
21446,0,2972.4
21447,0,3679.6
21448,0,3852.7
21449,0,3885.2
21450,0,4521.6
21451,0,4448.2
21452,0,4055.2
21453,0,3608.1
21454,0,3091.7
21455,0,2843.2
21456,0,2112.2
21457,0,1660.6
21458,0,1245.6
21459,0,1132.5
21460,0,1236.7
21461,0,1602.5
21462,0,2369.8
21463,0,3064.6
21464,0,3836.9
21465,0,4930.1
21466,0,5728.7
21467,0,6761.1
21468,0,8437.5
21469,0,10878.3
21470,0,13385.1
21471,0,15339.4
21472,0,16521.3
21473,0,15882.7
21474,0,16165.4
21475,0,15049
21476,0,12730.3
21477,0,10130.6
21478,0,7122.5
21479,0,5314.7
21480,0,4146.2
21481,0,3321.5
21482,0,2759.1
21483,0,2408.8
21484,0,2224.6
21485,0,2435.5
21486,0,3136.8
21487,0,3398
21488,0,3197
21489,0,3500.4
21490,0,4162.4
21491,0,5922.7
21492,0,7600
21493,0,7242.2
21494,0,10375.6
21495,0,11368.2
21496,0,13716.4
21497,0,15579.3
21498,0,16845.3
21499,0,14749.9
21500,0,11097.5
21501,0,7690.5
21502,0,4640.5
21503,0,3027.3
21504,0,2073.9
21505,0,1472.8
21506,0,1019.8
21507,0,753.9
21508,0,630.7
21509,0,976.9
21510,0,2549.9
21511,0,3657.9
21512,0,4267.8
21513,0,5017.4
21514,0,6298
21515,0,7684.2
21516,0,8124.3
21517,0,7428.6
21518,0,4672.9
21519,0,4188.9
21520,0,6362.3
21521,0,9974
21522,0,12216
21523,0,12035.9
21524,0,9661.7
21525,0,6518.3
21526,0,4282.6
21527,0,3276.2
21528,0,2322.7
21529,0,1676.5
21530,0,1191.1
21531,0,749.6
21532,0,558.1
21533,2,691.8
21534,0,1893.6
21535,0,2735.2
21536,0,2943.3
21537,0,2973.6
21538,0,3932.1
21539,0,4709
21540,0,5667.2
21541,0,6583.3
21542,0,8446.2
21543,0,9974.7
21544,0,11521
21545,0,13614.9
21546,0,14412.7
21547,0,13958
21548,0,12279.4
21549,0,9670.4
21550,0,6218
21551,0,3631.7
21552,0,2621.6
21553,0,2088.9
21554,0,1642
21555,0,1417.6
21556,0,957.4
21557,0,699.5
21558,0,774.1
21559,0,1197.8
21560,0,1413.3
21561,0,1569.2
21562,0,1759.5
21563,0,1596.1
21564,0,1282.6
21565,0,1848.2
21566,0,2392.2
21567,0,3378.3
21568,0,3994.4
21569,0,4190.3
21570,0,4509.7
21571,0,3919.1
21572,0,3711.8
21573,0,3146.3
21574,0,2525
21575,0,1890.2
21576,0,1428.2
21577,9.8,1126.8
21578,434.9,723.7
21579,1081.9,529.2
21580,1567.4,480
21581,1450.9,720
21582,466.1,1918.5
21583,191.9,2765.3
21584,150.8,2842.6
21585,3.2,3730
21586,0,4741
21587,0,5725.7
21588,0,6335.9
21589,0,7090.4
21590,0,8399.5
21591,0,9790.8
21592,0,11418.2
21593,0,13702.1
21594,0,16065.4
21595,0,15904.8
21596,0,13516.7
21597,0,9585.7
21598,0,6577.4
21599,0,4114.5
21600,0,2627.4
21601,0,2121.4
21602,0,1831.6
21603,0,1178.1
21604,0,857.3
21605,0,1262.7
21606,0,3085.8
21607,0,4284.6
21608,0,4856.4
21609,0,5600.7
21610,0,7045.9
21611,0,7994
21612,0,9765.5
21613,0,11434.3
21614,0,10160.8
21615,0,14115.5
21616,0,17163.1
21617,0,13588.1
21618,0,12552.2
21619,0,11921.4
21620,0,10554.3
21621,0,8459.6
21622,0,5743.9
21623,0,3654.9
21624,0,2667.6
21625,0,2009.8
21626,0,1332.7
21627,0,894.4
21628,0,845.4
21629,0,1139.7
21630,0,2024.1
21631,0,2436.4
21632,0,2219.2
21633,0,2487.1
21634,0,2973.1
21635,0,4016
21636,0,4175.1
21637,0,5131
21638,0,5785.8
21639,0,6325.7
21640,0,7360.1
21641,0,8761.4
21642,0,10732.5
21643,0,10393.5
21644,0,9091.5
21645,0,6662.6
21646,0,4239.7
21647,0,2843.9
21648,0,1637.8
21649,0,981.4
21650,0,684.7
21651,61.7,533.9
21652,525.6,458.5
21653,846.7,657.6
21654,174.2,2035.1
21655,5.1,3352.4
21656,0,4135.8
21657,0,5147.1
21658,0,6180.4
21659,0,7444.7
21660,0,8614.4
21661,0,10290.5
21662,0,12610.3
21663,0,15666.9
21664,0,18471.8
21665,0,20865.3
21666,0,23288.7
21667,0,22714.9
21668,0,19443.4
21669,0,15081
21670,0,11179.4
21671,0,7191.2
21672,0,3544.4
21673,0,2517.2
21674,0,2023.9
21675,0,1756.8
21676,0,1661.2
21677,0,2155
21678,0,3672.8
21679,0,4615.8
21680,0,5601.3
21681,0,6988.8
21682,0,8913.1
21683,0,11339.2
21684,0,13519.5
21685,0,15853.5
21686,0,18416.5
21687,0,20503.1
21688,0,22454.4
21689,0,24241.8
21690,0,26204.4
21691,0,25553.2
21692,0,22910.6
21693,0,18074.9
21694,0,14103.5
21695,0,10955
21696,0,7864.8
21697,0,5511.5
21698,0,4162.3
21699,0,3491.9
21700,0,3033.8
21701,0,3415.8
21702,0,5633.4
21703,0,6579.6
21704,0,5401.5
21705,0,6430.7
21706,0,8691.4
21707,0,9518.1
21708,0,10143.2
21709,0,10329.6
21710,0,10601.5
21711,0,13213.6
21712,0,16862.8
21713,0,19093.9
21714,0,18983.5
21715,0,18355.8
21716,0,16778.3
21717,0,13243.9
21718,0,10145
21719,0,7370.2
21720,0,5074.5
21721,0,3968.5
21722,0,3337.1
21723,0,3010.9
21724,0,2899.5
21725,0,3472.5
21726,0,6004.2
21727,0,8148.5
21728,0,7686.7
21729,0,10420.5
21730,0,14275.4
21731,0,18043.9
21732,0,21333.8
21733,0,23847.3
21734,0,26788.2
21735,0,29867.5
21736,0,32677.3
21737,0,35484.9
21738,0,37646.6
21739,0,37008.5
21740,0,33411.7
21741,0,28392.9
21742,0,24506.1
21743,0,20759.2
21744,0,17539.8
21745,0,15816.7
21746,0,14068.5
21747,0,12725.2
21748,0,11965.8
21749,0,12220.9
21750,0,15750.2
21751,0,17812.5
21752,0,17583.4
21753,0,19974.6
21754,0,23003.1
21755,0,25751.9
21756,0,28070.8
21757,0,30694.9
21758,0,32619
21759,0,33134.8
21760,0,34021.8
21761,0,34836.8
21762,0,37291.7
21763,0,36421.6
21764,0,33135.5
21765,0,27908.4
21766,0,23095.4
21767,0,18596.5
21768,0,14444.5
21769,0,11987.9
21770,0,9753.2
21771,0,8000.3
21772,0,7154.1
21773,0,7513.9
21774,0,11169.5
21775,0,13979.7
21776,0,14643.8
21777,0,16209.9
21778,0,18761
21779,0,21124.5
21780,0,22414.5
21781,0,24076.9
21782,0,25381.2
21783,0,25779.9
21784,0,27018.2
21785,0,29040.2
21786,0,30565.7
21787,0,27850.1
21788,0,23387.3
21789,0,18255.8
21790,0,12949
21791,0,8844.3
21792,0,5971.8
21793,0,4127.3
21794,0,3235
21795,0,2890.8
21796,0,2745.3
21797,0,3034.1
21798,0,4379.4
21799,0,5709.9
21800,0,7009.2
21801,0,8705.8
21802,0,12210.4
21803,0,16134.3
21804,0,19970.6
21805,0,23665
21806,0,26550.8
21807,0,28862.7
21808,0,31277.1
21809,0,33621.9
21810,0,35168.4
21811,0,33945.2
21812,0,30664.2
21813,0,25796.3
21814,0,21144.7
21815,0,16761.8
21816,0,13344.4
21817,0,11348.2
21818,0,9537.6
21819,0,8137.4
21820,0,7707
21821,0,8385.8
21822,0,10737.6
21823,0,11546.2
21824,0,11743.3
21825,0,14374.3
21826,0,18146.6
21827,0,21250.8
21828,0,23820.2
21829,0,25725.6
21830,0,27063.7
21831,0,29166.8
21832,0,30941.2
21833,0,33008.4
21834,0,34038.3
21835,0,33710.7
21836,0,30814.3
21837,0,25230.7
21838,0,19239
21839,0,15350.8
21840,0,12512
21841,0,9971.1
21842,0,8128.2
21843,0,6321.7
21844,0,5514.2
21845,0,6107.4
21846,0,8979.6
21847,0,11824.6
21848,0,12940.2
21849,0,14815.3
21850,0,17927.1
21851,0,20899.2
21852,0,22624.1
21853,0,24383.1
21854,0,26319.6
21855,0,27553.5
21856,0,28617.5
21857,0,29106
21858,0,29263.6
21859,0,27914.6
21860,0,23838
21861,0,17301.6
21862,0,12058.8
21863,0,8335
21864,0,5104.1
21865,0,3089.9
21866,0,2504.7
21867,0,2101.9
21868,0,2012.8
21869,0,2200.6
21870,0,2826.5
21871,0,3040.7
21872,0,2409.1
21873,0,2152.5
21874,0,2099.5
21875,0,2106.2
21876,0,2208.6
21877,0,2039.6
21878,0,1984.4
21879,0,1986.8
21880,0,2316.7
21881,0,3003.9
21882,0,3403.6
21883,0,3142.7
21884,0,2842.1
21885,0,2439.2
21886,110.2,1663.7
21887,919,942
21888,1916.3,559.3
21889,3016,378.8
21890,3795.2,264.3
21891,4572.3,140.9
21892,5091.7,89.1
21893,5109.1,212.3
21894,4545.3,521.7
21895,4121.4,681
21896,4457.5,483.1
21897,4147.4,507.3
21898,3070.2,809.7
21899,2115.4,1107.5
21900,1389.1,1048.8
21901,246.2,1806.6
21902,0,2371
21903,0,2649.6
21904,0,3654.4
21905,0,4788
21906,0,5399.9
21907,0,5144.6
21908,0,4464.4
21909,0,3451.2
21910,0,2382
21911,0,1382.5
21912,306.4,743.4
21913,1087.1,554.1
21914,2010.9,424.8
21915,2807.9,328.2
21916,3370.9,291.7
21917,3761.8,318.7
21918,3315.4,630.1
21919,2982.2,807.4
21920,3450.4,590.7
21921,3707.5,466.2
21922,3123,647.1
21923,2772.5,885.4
21924,2480.3,912.8
21925,1859.7,1185.5
21926,1487.1,1325.3
21927,1577.4,1376
21928,959.6,1889.1
21929,163.2,2319.2
21930,0,3015.8
21931,0,3063.1
21932,0,2793.7
21933,77,2429.3
21934,450.8,1833.7
21935,1256.5,1083.3
21936,2078.6,737.9
21937,2385.7,633.9
21938,2905.9,517.7
21939,3132.3,468.7
21940,3149.4,489.6
21941,2765.2,664.6
21942,1918,1061.6
21943,1301.1,1500
21944,1428.1,1233.9
21945,1150,1296.8
21946,290.8,1793.6
21947,0,2199.7
21948,0,2761.8
21949,0,3463.7
21950,0,4177.8
21951,0,5178.1
21952,0,5575.2
21953,0,8062.3
21954,0,9265.6
21955,0,9023
21956,0,9137.1
21957,0,6511.2
21958,0,4477.5
21959,0,3502
21960,0,2733.9
21961,0,2280.7
21962,0,1965
21963,0,1683.9
21964,0,1493.9
21965,0,1943.1
21966,0,3525.8
21967,0,4622.4
21968,0,5829
21969,0,7067.6
21970,0,9455.9
21971,0,12924.5
21972,0,15714.2
21973,0,17992.8
21974,0,16840.1
21975,0,17774.1
21976,0,21648.8
21977,0,25111.5
21978,0,27050.9
21979,0,26048.9
21980,0,23082.9
21981,0,19988.4
21982,0,16332.1
21983,0,12289.6
21984,0,8417.5
21985,0,6616
21986,0,5381.5
21987,0,4055.7
21988,0,3313.1
21989,0,3723
21990,0,7081.8
21991,0,10033.5
21992,0,11088.9
21993,0,13491.2
21994,0,16860.2
21995,0,19470.1
21996,0,21423.7
21997,0,23253.7
21998,0,25323.6
21999,0,26798.4
22000,0,29212.2
22001,0,31664.5
22002,0,33791.3
22003,0,33457.6
22004,0,29312.2
22005,0,22534.2
22006,0,17451.9
22007,0,12972.4
22008,0,8733.9
22009,0,6627.2
22010,0,5152.9
22011,0,4499.7
22012,0,4767.7
22013,0,4821.2
22014,0,6902
22015,0,9229.4
22016,0,8659.7
22017,0,8836
22018,0,10378.6
22019,0,11878.7
22020,0,12478.1
22021,0,13470
22022,0,13202.2
22023,0,16274.5
22024,0,17047.9
22025,0,18369.1
22026,0,20955.2
22027,0,21438.4
22028,0,18897.2
22029,0,13903.3
22030,0,9481.8
22031,0,5987.1
22032,0,3718.8
22033,0,2866.6
22034,0,2366.2
22035,0,1887.8
22036,0,1524.4
22037,0,1586.5
22038,0,2882.8
22039,0,3986.2
22040,0,4317.8
22041,0,5267.9
22042,0,6846.4
22043,0,8875.4
22044,0,10323.5
22045,0,12957.1
22046,0,15397.2
22047,0,18244.2
22048,0,21033.4
22049,0,24166.4
22050,0,26520.6
22051,0,25307.7
22052,0,21513.5
22053,0,16301.5
22054,0,10267.9
22055,0,6228.9
22056,0,3964.6
22057,0,2969.6
22058,0,2556
22059,0,2227.9
22060,0,2125.1
22061,0,2488.6
22062,0,3760.4
22063,0,4542.7
22064,0,4820.7
22065,0,5874.9
22066,0,7744.8
22067,0,10623.9
22068,0,13512.3
22069,0,14760.9
22070,0,16008.2
22071,0,17924.5
22072,0,20051.3
22073,0,23212.8
22074,0,25600.8
22075,0,23877.3
22076,0,21548.4
22077,0,16104.4
22078,0,11289.2
22079,0,7601.6
22080,0,4525.7
22081,0,2912.2
22082,0,2219.7
22083,0,1624.2
22084,0,1398.6
22085,0,1860.3
22086,0,3574
22087,0,5227
22088,0,6735.3
22089,0,8949.6
22090,0,11601
22091,0,15178.8
22092,0,18499
22093,0,20869.6
22094,0,23016.3
22095,0,25719.2
22096,0,29809.1
22097,0,32086.8
22098,0,33651.2
22099,0,31794.9
22100,0,27060.1
22101,0,21655.1
22102,0,16275.4
22103,0,11266.9
22104,0,7289.8
22105,0,4935.4
22106,0,3354.7
22107,0,2695.7
22108,0,2449.2
22109,0,2749.4
22110,0,4450.4
22111,0,6914.2
22112,0,8910.2
22113,0,11489.8
22114,0,14776.8
22115,0,16672.2
22116,0,18724.6
22117,0,19959.5
22118,0,19129.2
22119,0,16552.5
22120,0,16613.4
22121,0,17210.7
22122,0,17350.7
22123,0,15816.6
22124,0,13218.8
22125,0,11083.6
22126,0,8256.1
22127,0,5982.9
22128,0,3788.3
22129,0,2867.5
22130,0,2524.7
22131,0,2299.7
22132,0,2291.4
22133,0,2583.4
22134,0,3200.1
22135,0,3438.4
22136,0,3544.5
22137,0,3572
22138,0,3713.4
22139,0,3839
22140,0,3851
22141,0,3973.6
22142,0,3924.8
22143,0,4096.6
22144,0,4745.1
22145,0,5755
22146,0,7773.2
22147,0,7714.8
22148,0,6654.6
22149,0,5263.9
22150,0,3707.6
22151,0,2877.2
22152,0,2180.4
22153,0,1825.5
22154,0,1604.3
22155,0,1513.1
22156,0,1418.5
22157,0,1793.6
22158,0,3146.3
22159,0,3761.1
22160,0,4580.8
22161,0,5339
22162,0,7252.6
22163,0,8220.7
22164,0,9656.9
22165,0,11989.5
22166,0,14999.5
22167,0,16716.4
22168,0,19488.8
22169,0,22198.6
22170,0,24310.3
22171,0,23983.1
22172,0,20486.5
22173,0,14852.2
22174,0,10149.2
22175,0,5628.8
22176,0,2845.9
22177,0,2033
22178,0,1702.8
22179,0,1576.7
22180,0,1397.2
22181,0,1719.7
22182,0,3259.1
22183,0,4589.9
22184,0,5931.1
22185,0,7563
22186,0,10576.7
22187,0,14015
22188,0,16809.5
22189,0,19334.9
22190,0,21743.1
22191,0,24375.6
22192,0,27463.9
22193,0,29572.6
22194,0,31659.1
22195,0,30694.8
22196,0,26808.2
22197,0,21394.6
22198,0,16369.8
22199,0,11816.8
22200,0,8065.9
22201,0,5985.4
22202,0,4347
22203,0,3313.5
22204,0,3014.3
22205,0,3263.2
22206,0,5388.6
22207,0,8198.6
22208,0,9071.1
22209,0,11627.9
22210,0,15202.9
22211,0,19109.5
22212,0,22494
22213,0,25256.8
22214,0,27895.1
22215,0,30135.3
22216,0,32735.4
22217,0,35340.4
22218,0,36608.3
22219,0,35523
22220,0,31990.3
22221,0,27477.6
22222,0,23225.6
22223,0,19057.3
22224,0,15588.7
22225,0,13291.9
22226,0,11324.8
22227,0,9935.8
22228,0,9294.5
22229,0,9857.3
22230,0,12455.8
22231,0,14500.8
22232,0,14403.1
22233,0,16224.9
22234,0,20471.3
22235,0,24317.7
22236,0,26361.3
22237,0,29237.4
22238,0,32529.5
22239,0,35193.2
22240,0,37456.5
22241,0,39592.7
22242,0,41013.2
22243,0,38975.9
22244,0,35598.1
22245,0,31594.4
22246,0,27918.7
22247,0,24168.7
22248,0,17857.5
22249,0,13610.3
22250,0,11038.5
22251,0,9179.8
22252,0,7968.1
22253,0,7791.1
22254,0,12136.9
22255,0,16501.2
22256,0,18753.7
22257,0,22166.7
22258,0,26812.1
22259,0,30826.6
22260,0,33677.8
22261,0,36655
22262,0,39475.1
22263,0,41086
22264,0,41358.2
22265,0,41862.1
22266,0,41503.5
22267,0,38674.8
22268,0,34372.7
22269,0,29436.2
22270,0,24709.1
22271,0,20169.2
22272,0,15869.1
22273,0,13227.9
22274,0,11703.9
22275,0,10488.2
22276,0,9442.1
22277,0,9659.8
22278,0,12082.5
22279,0,14179.7
22280,0,13989.9
22281,0,11602.8
22282,0,13456.3
22283,0,19251.8
22284,0,22942.5
22285,0,25631
22286,0,28293.9
22287,0,31367.9
22288,0,34258.6
22289,0,35507.1
22290,0,32538.7
22291,0,26876.4
22292,0,23388.3
22293,0,21016.3
22294,0,17661.9
22295,0,14198.2
22296,0,10961.9
22297,0,8976.2
22298,0,7845.8
22299,0,7028.4
22300,0,5992.7
22301,0,5723.8
22302,0,7386.3
22303,0,11054.1
22304,0,12785.9
22305,0,15276.9
22306,0,17891.5
22307,0,21119.4
22308,0,23770.4
22309,0,25664.5
22310,0,28251
22311,0,30715.5
22312,0,32862.3
22313,0,34843.1
22314,0,36304
22315,0,35070.6
22316,0,30327.1
22317,0,23997.2
22318,0,18851.8
22319,0,13631.2
22320,0,8681.5
22321,0,6588
22322,0,4484.1
22323,0,3693.1
22324,0,3774.5
22325,0,3951.8
22326,0,4696.3
22327,0,6509.5
22328,0,7597.5
22329,0,5248
22330,0,6157.2
22331,0,8040
22332,0,10164.5
22333,0,9419.4
22334,0,12145.9
22335,0,15337.6
22336,0,18274
22337,0,20681.5
22338,0,22322.3
22339,0,22588.1
22340,0,20158
22341,0,16265.8
22342,0,12062.8
22343,0,8310.2
22344,0,5066.9
22345,0,3468.8
22346,0,2803.1
22347,0,2287.4
22348,0,1902.4
22349,0,2124.6
22350,0,3666.2
22351,0,5268.3
22352,0,6628
22353,0,9182.2
22354,0,12589.6
22355,0,14937.5
22356,0,16889.7
22357,0,19008.2
22358,0,21362.5
22359,0,23664.2
22360,0,25843.2
22361,0,27283.5
22362,0,28324.2
22363,0,25101.4
22364,0,21158.6
22365,0,17879.4
22366,0,14490.7
22367,0,10829.6
22368,0,7465.2
22369,0,5462.2
22370,0,3967.5
22371,0,3103.8
22372,0,2947.5
22373,0,3184.1
22374,0,4376
22375,0,5256.6
22376,0,6115.6
22377,0,8496.4
22378,0,12118
22379,0,16397.4
22380,0,18096.7
22381,0,21165.9
22382,0,23132.7
22383,0,24222.4
22384,0,25741.1
22385,0,28340.9
22386,0,29213.4
22387,0,27279.1
22388,0,22862
22389,0,18098.7
22390,0,13575.7
22391,0,10018.5
22392,0,6726.5
22393,0,4562
22394,0,3302.4
22395,0,2672.2
22396,0,2324
22397,0,2471.5
22398,0,3807.3
22399,0,5062.9
22400,0,5667.7
22401,0,7036.2
22402,0,10160.7
22403,0,12938.7
22404,0,14978.5
22405,0,17554.8
22406,0,19868.1
22407,0,21704.1
22408,0,24723.7
22409,0,27190.3
22410,0,28417.5
22411,0,26707.1
22412,0,22014.7
22413,0,15216.6
22414,0,9983.4
22415,0,7455.3
22416,0,4711.9
22417,0,3179.3
22418,0,2804.8
22419,0,2530.9
22420,0,2259.1
22421,0,2368
22422,0,3774.8
22423,0,4789.2
22424,0,4638.1
22425,0,4747.3
22426,0,4689.3
22427,0,5452.4
22428,0,8510.5
22429,0,10155.5
22430,0,11668.4
22431,0,13744.5
22432,0,15037.5
22433,0,15634.4
22434,0,17778.7
22435,0,16845.4
22436,0,12920.5
22437,0,8963.4
22438,0,5665.2
22439,0,3331.3
22440,0,2223.4
22441,0,1806.6
22442,0,1583.1
22443,0,1269.3
22444,0,952.7
22445,0,943.9
22446,0,2049.1
22447,0,2728
22448,0,3010.3
22449,0,3031
22450,0,3529.7
22451,0,4548.9
22452,0,5992.8
22453,0,6739.3
22454,0,7188.7
22455,0,7548.4
22456,0,10119
22457,0,13110.4
22458,0,14836.3
22459,0,13133.4
22460,0,9301.3
22461,0,5757.7
22462,0,3892.2
22463,0,2907.9
22464,0,1551.8
22465,0,847.1
22466,0,568.7
22467,143,418
22468,970.8,316.5
22469,1940.3,369.2
22470,820.8,1286.3
22471,88.2,2790.6
22472,0,3995.8
22473,0,5036.2
22474,0,6327.8
22475,0,7766
22476,0,9586.1
22477,0,11329.1
22478,0,13439.3
22479,0,16491.6
22480,0,19207.6
22481,0,21476.8
22482,0,23507.5
22483,0,22834.3
22484,0,18179.5
22485,0,12217.4
22486,0,8597.7
22487,0,5545.8
22488,0,3270.5
22489,0,2424.8
22490,0,2020.8
22491,0,1775.3
22492,0,1738.1
22493,0,2024
22494,0,2709.2
22495,0,3397
22496,0,4388.6
22497,0,4235.7
22498,0,4809.4
22499,0,7515.7
22500,0,10426.8
22501,0,13029
22502,0,15199.8
22503,0,17275.8
22504,0,16785.2
22505,0,17432
22506,0,17070.3
22507,0,15300.1
22508,0,12846
22509,0,10396.5
22510,0,7404.9
22511,0,4928.3
22512,0,3279.7
22513,0,2334.3
22514,0,1919.7
22515,0,1555.5
22516,0,1373.3
22517,0,1551.9
22518,0,2049.8
22519,0,2176.2
22520,0,2044.8
22521,0,1974
22522,0,2014.1
22523,0,2525.4
22524,0,2803.4
22525,0,3266.9
22526,0,4404.1
22527,0,4854.4
22528,0,5468.1
22529,0,4936.6
22530,0,5153.7
22531,0,4812.5
22532,0,4358.6
22533,0,3843
22534,0,2996.1
22535,0,2011.3
22536,0,1187.6
22537,0,826.5
22538,0,685.6
22539,50.5,572.9
22540,512.3,500.2
22541,743.8,630.5
22542,562.3,989.9
22543,340.9,1471.1
22544,357,1402.6
22545,115.2,1728.6
22546,0,2420.2
22547,0,2766.8
22548,0,3425.5
22549,0,4743.5
22550,0,5693.8
22551,0,6902.7
22552,0,8337.3
22553,0,11110.6
22554,0,13294.2
22555,0,13385.7
22556,0,9625.5
22557,0,5641.2
22558,0,3557.8
22559,0,2350.3
22560,0,1405.3
22561,0,893.1
22562,41.1,561.2
22563,431.8,386.1
22564,1320.3,309.4
22565,2187.6,398.3
22566,985.3,1138
22567,49.4,2565.9
22568,0,3029
22569,0,3932.1
22570,0,4973.6
22571,0,6307
22572,0,7885.9
22573,0,10095.4
22574,0,13038.7
22575,0,16283.6
22576,0,18827.1
22577,0,20975.2
22578,0,21208
22579,0,19936.7
22580,0,17194.2
22581,0,14412.7
22582,0,11596.4
22583,0,9193.1
22584,0,7070.2
22585,0,5685.6
22586,0,4306
22587,0,3493.5
22588,0,3356.2
22589,0,3357.7
22590,0,4321.9
22591,0,6024
22592,0,7381.7
22593,0,9594.4
22594,0,12958.4
22595,0,16167.6
22596,0,18740.7
22597,0,21339
22598,0,23870.4
22599,0,25580.2
22600,0,27524.3
22601,0,29123.6
22602,0,29900.8
22603,0,27973.3
22604,0,22585.1
22605,0,17213.1
22606,0,12928.5
22607,0,9480.9
22608,0,6726.1
22609,0,5378.5
22610,0,4014.1
22611,0,3407.6
22612,0,3430.1
22613,0,3820.1
22614,0,4940.6
22615,0,5582
22616,0,5999.4
22617,0,7669.9
22618,0,7316.3
22619,0,7379.8
22620,0,8861
22621,0,12810.1
22622,0,15093.9
22623,0,17204.7
22624,0,19652.6
22625,0,21556.8
22626,0,22610.4
22627,0,21062.4
22628,0,16592.2
22629,0,12161.5
22630,0,8146.4
22631,0,5331.7
22632,0,3291.8
22633,0,2471.7
22634,0,1983.9
22635,0,1668.3
22636,0,1451.9
22637,0,1599.6
22638,0,2646.5
22639,0,3762.9
22640,0,4654.3
22641,0,5564
22642,0,7265.2
22643,0,9040.1
22644,0,11063.7
22645,0,13566.3
22646,0,16259.7
22647,0,18630.1
22648,0,21003.5
22649,0,22803.3
22650,0,24062.4
22651,0,22678.2
22652,0,18116.8
22653,0,13217
22654,0,8890.5
22655,0,5596
22656,0,3513.9
22657,0,2913.4
22658,0,2596.6
22659,0,2294.7
22660,0,2091.1
22661,0,2361.4
22662,0,3170.7
22663,0,3450.3
22664,0,3736.7
22665,0,3924.1
22666,0,3988.7
22667,0,3960.4
22668,0,4030.4
22669,0,4084.6
22670,0,4183.8
22671,0,4469.1
22672,0,5004.6
22673,0,5099.6
22674,0,5582.3
22675,0,5579
22676,0,5375.8
22677,0,4890.6
22678,0,3956.5
22679,0,3232.6
22680,0,2578.9
22681,0,2280.8
22682,0,2142.8
22683,0,2108.3
22684,0,2145.4
22685,0,2495.9
22686,0,3129
22687,0,3530.1
22688,0,3909.2
22689,0,4750.7
22690,0,7029.7
22691,0,9223.8
22692,0,12891
22693,0,16134.4
22694,0,19084
22695,0,21976.1
22696,0,24879.5
22697,0,26986
22698,0,28317.5
22699,0,26148.3
22700,0,21338.8
22701,0,16233.9
22702,0,11014.3
22703,0,7846.3
22704,0,5215.2
22705,0,3891.4
22706,0,3247.5
22707,0,2709
22708,0,2261.3
22709,0,2144.6
22710,0,2763.9
22711,0,4190.9
22712,0,4780.9
22713,0,6135.4
22714,0,8662.1
22715,0,11113.5
22716,0,12921.8
22717,0,15102.9
22718,0,17149
22719,0,18831.7
22720,0,20855.3
22721,0,23020.1
22722,0,24092.7
22723,0,21977.4
22724,0,17410.4
22725,0,13155.4
22726,0,9023.1
22727,0,5856.1
22728,0,3484
22729,0,2785.8
22730,0,2316.1
22731,0,1915
22732,0,1691.1
22733,0,1788.6
22734,0,2298
22735,0,3129.3
22736,0,3435.3
22737,0,3916.4
22738,0,4929.9
22739,0,6103.7
22740,0,7632.8
22741,0,9717.2
22742,0,10863.2
22743,0,12976.2
22744,0,15252.8
22745,0,17161.8
22746,0,17867.1
22747,0,15892.6
22748,0,12184.7
22749,0,9509.6
22750,0,6652.1
22751,0,4363.1
22752,0,3086.4
22753,0,2597.2
22754,0,2267.5
22755,0,2069.5
22756,0,1998.7
22757,0,2168.5
22758,0,2787.2
22759,0,3347.9
22760,0,2876.8
22761,0,2501.8
22762,0,2682.8
22763,0,3064.5
22764,0,4093
22765,0,6514.8
22766,0,8721.2
22767,0,10502.5
22768,0,13117.1
22769,0,15177.5
22770,0,16068
22771,0,14533.8
22772,0,11737.9
22773,0,9331.2
22774,0,6385.8
22775,0,4023.9
22776,0,2884.4
22777,0,2436.4
22778,0,2106
22779,0,1796
22780,0,1673.5
22781,0,1958.3
22782,0,2609.3
22783,0,3682.8
22784,0,4962.3
22785,0,6305.6
22786,0,9234.7
22787,0,12925.6
22788,0,16489.9
22789,0,19296.7
22790,0,22400.2
22791,0,24910.6
22792,0,26607.9
22793,0,28277.5
22794,0,28328.4
22795,0,24804.8
22796,0,22526.4
22797,0,19993.2
22798,0,15863.9
22799,0,12048.2
22800,0,8999.5
22801,0,6857.3
22802,0,5622
22803,0,4834.7
22804,0,4108.3
22805,0,4167.6
22806,0,5379.6
22807,0,7633.1
22808,0,8589.7
22809,0,10160.5
22810,0,12127.5
22811,0,16323.2
22812,0,17233.4
22813,0,21569.6
22814,0,25030.8
22815,0,26964.1
22816,0,28235.8
22817,0,29368.6
22818,0,28838.4
22819,0,26656.1
22820,0,24349.8
22821,0,21341.4
22822,0,17399.3
22823,0,13775
22824,0,10920.8
22825,0,9097.1
22826,0,7454.3
22827,0,6546.5
22828,0,5946.5
22829,0,5740.8
22830,0,6413.1
22831,0,6564.3
22832,0,6279.9
22833,0,6342.4
22834,0,8094.2
22835,0,13641.8
22836,0,16622.3
22837,0,19522.2
22838,0,22023.1
22839,0,23501.8
22840,0,24922.4
22841,0,26466.8
22842,0,26733.4
22843,0,23560.9
22844,0,19670
22845,0,16224.6
22846,0,12297.8
22847,0,8229.5
22848,0,4880.5
22849,0,3270.3
22850,0,2775.3
22851,0,2505.9
22852,0,2497.2
22853,0,2690.9
22854,0,3325.3
22855,0,4662.8
22856,0,6259.1
22857,0,8758.8
22858,0,12992
22859,0,17054.8
22860,0,20252.5
22861,0,23281.6
22862,0,26953.1
22863,0,28948.5
22864,0,27000.2
22865,0,28062.5
22866,0,28729.6
22867,0,27669.5
22868,0,23471.3
22869,0,19918.7
22870,0,16165.7
22871,0,12644.5
22872,0,10273.5
22873,0,7256.5
22874,0,5349
22875,0,4049.7
22876,0,3456.7
22877,0,3529.2
22878,0,4119.2
22879,0,4255.8
22880,0,3691
22881,0,4374.1
22882,0,5446.6
22883,0,8487.2
22884,0,10468.8
22885,0,11263.1
22886,0,14093.8
22887,0,15469.3
22888,0,17122.8
22889,0,20404.1
22890,0,20572.7
22891,0,18325.3
22892,0,15064.4
22893,0,11900.3
22894,0,8881.7
22895,0,5773.2
22896,0,3302.5
22897,0,2613.9
22898,0,2320.6
22899,0,2098
22900,0,1961.3
22901,0,2014.1
22902,0,2463
22903,0,3509.2
22904,0,3930.4
22905,0,5389.8
22906,0,7462.5
22907,0,10001.1
22908,0,11146.6
22909,0,14628.5
22910,0,18248
22911,0,20756.7
22912,0,22485.4
22913,0,24166.2
22914,0,24191.2
22915,0,21408.7
22916,0,17911.2
22917,0,14257
22918,0,9698.5
22919,0,5345.1
22920,0,3123.9
22921,0,2653.1
22922,0,2179
22923,0,1859
22924,0,1818.8
22925,0,2025.7
22926,0,2603.1
22927,0,3316
22928,0,3473.2
22929,0,4624.3
22930,0,4402.9
22931,0,4952.6
22932,0,7993.9
22933,0,12323
22934,0,14770.6
22935,0,16371.7
22936,0,16825.5
22937,0,16778.3
22938,0,17594.6
22939,0,16481.2
22940,0,15151.9
22941,0,13785.1
22942,0,11008.7
22943,0,8572.6
22944,0,6310.3
22945,0,4622.5
22946,0,3860.1
22947,0,3559.9
22948,0,3415.6
22949,0,3715
22950,0,4399.1
22951,0,4048.8
22952,0,3446.3
22953,0,3226.4
22954,0,3233.6
22955,0,3767.1
22956,0,4020.9
22957,0,5635.6
22958,0,7004.4
22959,0,8155.9
22960,0,11896.7
22961,0,12490.4
22962,0,13432.1
22963,0,10785
22964,0,7736.6
22965,0,5938.7
22966,0,3974.9
22967,0,2900.4
22968,0,2088.3
22969,0,1504.8
22970,0,1107.9
22971,0,835.8
22972,0,767.5
22973,0,890.1
22974,0,1498.7
22975,0,2735.8
22976,0,3849.3
22977,0,5124.7
22978,0,6956.5
22979,0,9415
22980,0,9900.6
22981,0,13293
22982,0,16500.7
22983,0,18659.8
22984,0,20118.8
22985,0,18717.8
22986,0,18811.3
22987,0,17278.7
22988,0,14776.5
22989,0,12174.5
22990,0,9350
22991,0,7115.2
22992,0,4599.6
22993,0,3301.2
22994,0,2688.2
22995,0,2349
22996,0,2123.6
22997,0,2266.7
22998,0,2806.2
22999,0,3510
23000,0,4182.4
23001,0,3836.6
23002,0,4120.6
23003,0,4203.8
23004,0,4936.8
23005,0,7401.8
23006,0,7946.1
23007,0,7037.5
23008,0,7827.1
23009,0,10056.1
23010,0,9787.3
23011,0,8431
23012,0,6687.5
23013,0,5079.4
23014,0,3559.8
23015,0,2512.4
23016,0,1623.4
23017,0,1051.4
23018,0,749.3
23019,0,629.3
23020,2.3,554.6
23021,40.7,678.3
23022,31.1,1028.6
23023,4,1509.9
23024,50.3,1633.7
23025,4,2584.5
23026,0,4299.3
23027,0,5701.5
23028,0,6540.5
23029,0,8089.4
23030,0,10189.1
23031,0,11704.5
23032,0,13610.5
23033,0,13718.9
23034,0,13028.7
23035,0,10973.3
23036,0,8581.3
23037,0,6837.1
23038,0,4740.3
23039,0,3173.7
23040,0,2175.3
23041,0,1532.9
23042,0,1065.3
23043,0,755.3
23044,33,574.7
23045,266.3,625.9
23046,306.2,951.2
23047,96,1926.6
23048,77,2352
23049,4.8,3313.6
23050,0,4696.6
23051,0,5874
23052,0,7364.9
23053,0,9576.1
23054,0,11950.5
23055,0,14217.4
23056,0,16607.8
23057,0,19186.8
23058,0,20409.8
23059,0,18113.4
23060,0,13990.3
23061,0,10519.1
23062,0,7409.2
23063,0,5078.5
23064,0,3336.7
23065,0,2584
23066,0,2012.1
23067,0,1613.5
23068,0,1462.5
23069,0,1567.5
23070,0,2227
23071,0,3248.7
23072,0,3634.4
23073,0,4690.6
23074,0,6657.7
23075,0,9677.1
23076,0,12289.2
23077,0,14949
23078,0,16863.8
23079,0,16992.5
23080,0,17754.7
23081,0,20428.3
23082,0,19058.3
23083,0,16494.2
23084,0,14835.3
23085,0,13035.2
23086,0,9901.9
23087,0,6844.2
23088,0,4529.3
23089,0,3452.6
23090,0,2953.1
23091,0,2702.8
23092,0,2286.4
23093,0,2361.8
23094,0,3140.5
23095,0,3466.7
23096,0,3416.1
23097,0,3582.8
23098,0,3748.1
23099,0,3784.9
23100,0,3711.5
23101,0,3931.5
23102,0,4185.4
23103,0,4635.6
23104,0,5160.7
23105,0,5516.2
23106,0,6621.5
23107,0,6185.7
23108,0,5798.4
23109,0,5032.8
23110,0,3699.7
23111,0,2855
23112,0,2208.7
23113,0,1967.6
23114,0,1805.9
23115,0,1572.3
23116,0,1471.8
23117,0,1720.6
23118,0,2277.2
23119,0,2532.7
23120,0,2489.9
23121,0,2771.7
23122,0,3138.6
23123,0,3260.1
23124,0,3389
23125,0,3618.5
23126,0,3676.3
23127,0,3842.2
23128,0,4469.8
23129,0,4620.3
23130,0,5005.2
23131,0,4590.1
23132,0,4185.1
23133,0,3818.8
23134,0,3088.4
23135,0,2317.2
23136,0,1648.7
23137,0,1342
23138,0,1127.9
23139,0,967.3
23140,0,879.5
23141,0,1084.5
23142,0,1573.4
23143,0,1948
23144,0,1994.7
23145,0,2469.2
23146,0,2832.5
23147,0,3498.4
23148,0,4326.8
23149,0,4761.1
23150,0,5178.7
23151,0,5909.3
23152,0,9175.7
23153,0,12275.6
23154,0,13789.8
23155,0,12228
23156,0,9871.5
23157,0,8278.3
23158,0,6581.9
23159,0,4527.3
23160,0,3026.6
23161,0,2659
23162,0,2435.7
23163,0,2360.6
23164,0,2330.2
23165,0,2464.8
23166,0,3071.3
23167,0,3888.3
23168,0,5376.4
23169,0,7821.7
23170,0,11749.3
23171,0,15533.4
23172,0,18450.4
23173,0,21680.4
23174,0,24268.1
23175,0,26665.5
23176,0,29120.4
23177,0,30315.7
23178,0,30237.4
23179,0,26849
23180,0,21756.8
23181,0,17340
23182,0,12020.2
23183,0,8552
23184,0,5622.4
23185,0,3750.3
23186,0,2991
23187,0,2443.9
23188,0,2184.2
23189,0,2196.7
23190,0,2913.1
23191,0,4102.1
23192,0,5859.4
23193,0,8669.6
23194,0,12944.7
23195,0,16514.1
23196,0,19846.3
23197,0,23437.1
23198,0,26904
23199,0,29581.8
23200,0,31903.7
23201,0,33585.7
23202,0,33343.6
23203,0,29447.1
23204,0,24314.8
23205,0,20402.2
23206,0,15698.9
23207,0,11370
23208,0,7979.5
23209,0,5423.8
23210,0,4273
23211,0,3634.3
23212,0,3183.1
23213,0,3225.4
23214,0,3840.7
23215,0,5127.5
23216,0,7186.8
23217,0,10487.3
23218,0,12575.2
23219,0,13648.3
23220,0,15879.5
23221,0,18031.2
23222,0,20206.2
23223,0,22197.5
23224,0,22698.4
23225,0,23527.4
23226,0,22754.7
23227,0,19142
23228,0,15468.7
23229,0,12436.2
23230,0,9334.1
23231,0,6525
23232,0,4341.5
23233,0,3332
23234,0,2744.3
23235,0,2216
23236,0,1887.1
23237,0,1915
23238,0,2537.2
23239,0,3237.6
23240,0,2892.9
23241,0,3295.3
23242,0,3834.3
23243,0,4473.8
23244,0,4696.1
23245,0,6541.3
23246,0,8592.4
23247,0,9637.5
23248,0,10430.8
23249,0,11724.2
23250,0,10844
23251,0,8831.2
23252,0,6807.2
23253,0,5154.3
23254,0,3673.7
23255,0,2712.4
23256,0,1890.4
23257,0,1482.2
23258,0,1237.3
23259,0,1027.4
23260,0,883
23261,0,1002.1
23262,0,1554.2
23263,0,1984.1
23264,0,1881.7
23265,0,2216
23266,0,2815.5
23267,0,3309.5
23268,0,4496
23269,0,6681.6
23270,0,8546.5
23271,0,11423.4
23272,0,14185.9
23273,0,16219.7
23274,0,16370.7
23275,0,13858.4
23276,0,11466.8
23277,0,9471.2
23278,0,6645.5
23279,0,4793
23280,0,3375.7
23281,0,2784.3
23282,0,2471.9
23283,0,2374.1
23284,0,2424.4
23285,0,2655.5
23286,0,3137.8
23287,0,3541.2
23288,0,3983.4
23289,0,4256.3
23290,0,7014.1
23291,0,10631.2
23292,0,10574.1
23293,0,10085.9
23294,0,10172.8
23295,0,11068.6
23296,0,11498.8
23297,0,13126.7
23298,0,15565
23299,0,12438
23300,0,9957.9
23301,0,8948.1
23302,0,6999.7
23303,0,4978.2
23304,0,3228.7
23305,0,2656.9
23306,0,2397.7
23307,0,2140.4
23308,0,2030.1
23309,0,2180.6
23310,0,2745.5
23311,0,3302.7
23312,0,4212.8
23313,0,5195
23314,0,7658
23315,0,12285.3
23316,0,16297.8
23317,0,19253.9
23318,0,21334.9
23319,0,22656.1
23320,0,22900
23321,0,22714.6
23322,0,20557
23323,0,17655.2
23324,0,14577.9
23325,0,11838
23326,0,8492.4
23327,0,5602.5
23328,0,3603.7
23329,0,2800.3
23330,0,2452.6
23331,0,2352.4
23332,0,2279.3
23333,0,2294.7
23334,0,2671.1
23335,0,3356.4
23336,0,4597.4
23337,0,6275.7
23338,0,9786.5
23339,0,13846
23340,0,17043
23341,0,19815.3
23342,0,22467.6
23343,0,24504.2
23344,0,25844.9
23345,0,26354
23346,0,25734.8
23347,0,23064
23348,0,20528.2
23349,0,18083.4
23350,0,14583
23351,0,11143.6
23352,0,8234
23353,0,6594
23354,0,5321.7
23355,0,4175.3
23356,0,3537.1
23357,0,3544.6
23358,0,4082.4
23359,0,4435.6
23360,0,4964.6
23361,0,5632.3
23362,0,6362.5
23363,0,7185
23364,0,8638.8
23365,0,9771.4
23366,0,10290.4
23367,0,11384.7
23368,0,15445.1
23369,0,16204.6
23370,0,18063.5
23371,0,15955.5
23372,0,13294.4
23373,0,11358.2
23374,0,8634
23375,0,6036
23376,0,3687.7
23377,0,2719.7
23378,0,2286.3
23379,0,1894.2
23380,0,1680.8
23381,0,1878
23382,0,2524.9
23383,0,3020
23384,0,2672.4
23385,0,2922.1
23386,0,3335.7
23387,0,4193.8
23388,0,6959.1
23389,0,10334.7
23390,0,13355.9
23391,0,15478.4
23392,0,16269.6
23393,0,13430.2
23394,0,12446.8
23395,0,11403.3
23396,0,9352.1
23397,0,6926.1
23398,0,4307.4
23399,0,2910.1
23400,0,2042.2
23401,0,1516.9
23402,0,1152.4
23403,0,933.7
23404,0,866.6
23405,0,1134.2
23406,0,1672.7
23407,0,1984.7
23408,0,1851.1
23409,0,2529.6
23410,0,2788.8
23411,0,3421.2
23412,0,4514.4
23413,0,5823.7
23414,0,8155.7
23415,0,9058.4
23416,0,11914.9
23417,0,14332.4
23418,0,14707.1
23419,0,12628.8
23420,0,11079.1
23421,0,9553.9
23422,0,7202.7
23423,0,5213.6
23424,0,3702.7
23425,0,2926.8
23426,0,2528.2
23427,0,2129.4
23428,0,1874.1
23429,0,2104.8
23430,0,2549.7
23431,0,3145.6
23432,0,3079.5
23433,0,3556
23434,0,3966.5
23435,0,4759.5
23436,0,7125
23437,0,9268.3
23438,0,10633.9
23439,0,11982.2
23440,0,13460.8
23441,0,14844
23442,0,13727.4
23443,0,10149.3
23444,0,7348.2
23445,0,4904.9
23446,0,3002
23447,0,1783.1
23448,0,1071
23449,0,744.7
23450,215.3,471.4
23451,1008.1,309
23452,2181.4,229
23453,3479.1,227.9
23454,3915.6,426.2
23455,2971,794.2
23456,1987.8,1368.1
23457,1074.2,2362.6
23458,661.1,2956.2
23459,250.6,3775.9
23460,27.4,4414.3
23461,0,5785.6
23462,0,6765.7
23463,0,7103.5
23464,0,8322
23465,0,8900.9
23466,0,8660.8
23467,0,6478.9
23468,0,4428.1
23469,0,3172.1
23470,24.6,1986.4
23471,591.3,1031
23472,2248.6,410.3
23473,4276.5,230.7
23474,6631,85.2
23475,8351.6,2.9
23476,9457.2,0
23477,9686.6,0
23478,8634.7,152.1
23479,6900.7,371.1
23480,5515.9,651.5
23481,3526.8,1849.7
23482,1642.4,3493.7
23483,720.5,4789.9
23484,198.8,5695.1
23485,3,6810.3
23486,0,8110
23487,0,10083.9
23488,0,11712.7
23489,0,12148
23490,0,11715.8
23491,0,9254.6
23492,0,6233.5
23493,0,4131.1
23494,0,2896.3
23495,0,1898.6
23496,116.3,1079.3
23497,644.5,723
23498,1186.2,616
23499,1960.8,484.3
23500,3012.7,390.5
23501,3814.6,439.1
23502,3584,695.3
23503,2489,1210.6
23504,1599.4,1922.4
23505,648.1,3463
23506,95.5,5198.9
23507,0,6679.9
23508,0,7901.1
23509,0,10020.1
23510,0,12277.4
23511,0,13928.8
23512,0,15115.9
23513,0,15409.5
23514,0,14606.8
23515,0,12442.9
23516,0,11119.3
23517,0,9665.5
23518,0,7334.6
23519,0,5553.7
23520,0,4266.7
23521,0,3526.4
23522,0,3074.5
23523,0,2665.5
23524,0,2333.6
23525,0,2336.7
23526,0,2689.2
23527,0,3006.9
23528,0,2800.3
23529,0,3007.6
23530,0,4051.1
23531,0,6383.5
23532,0,8949.5
23533,0,9980.6
23534,0,12519.4
23535,0,14702.3
23536,0,16375.7
23537,0,16776.7
23538,0,15949.2
23539,0,12127.7
23540,0,8500.9
23541,0,5646.2
23542,0,3659.4
23543,0,2747.8
23544,0,1833.8
23545,0,1451.7
23546,0,1212.5
23547,0,963.3
23548,0,860.2
23549,20,949.6
23550,24.6,1340.9
23551,0,2173.6
23552,0,2614.6
23553,0,3734.1
23554,0,5318
23555,0,7133.3
23556,0,9339.8
23557,0,11341
23558,0,13005.2
23559,0,14278.6
23560,0,15614.7
23561,0,16830.8
23562,0,16228.1
23563,0,12837.9
23564,0,9369.7
23565,0,6763.1
23566,0,4329.4
23567,0,2741.8
23568,0,1522
23569,0,789.9
23570,293.3,446.9
23571,1578.4,284.6
23572,3503.4,176.7
23573,4657.1,199.7
23574,4727.8,375.4
23575,5084.1,480.3
23576,3788.4,708.8
23577,938.4,2171.3
23578,172,3244.4
23579,2.4,3950.1
23580,0,4312.9
23581,0,4460.8
23582,0,4585.9
23583,0,4365.1
23584,0,4546
23585,0,4981.6
23586,0,5131.9
23587,0,4667
23588,0,4312.2
23589,0,3900.2
23590,0,3148.4
23591,0,2305.9
23592,0,1541.7
23593,0,1249.6
23594,0,1070
23595,35.4,877.1
23596,221.4,752.6
23597,294.9,890
23598,222.1,1314
23599,108.8,1975.3
23600,124.3,2234.1
23601,50.1,2887.9
23602,0,4038.2
23603,0,5328.4
23604,0,6438.7
23605,0,8348.8
23606,0,10031.9
23607,0,11438.3
23608,0,12314.9
23609,0,12285.3
23610,0,11318.7
23611,0,8878.3
23612,0,7291.4
23613,0,5952
23614,0,4436
23615,0,3709.5
23616,0,3354.7
23617,0,3064.9
23618,0,2829.2
23619,0,2643.1
23620,0,2560.5
23621,0,2895.8
23622,0,3273.6
23623,0,3087.9
23624,0,2380.3
23625,0,2584.1
23626,0,3255
23627,0,3760.7
23628,0,3913.2
23629,0,4134.1
23630,0,4207.2
23631,0,4072.1
23632,0,4884.1
23633,0,4700.4
23634,0,4721.2
23635,0,4129.8
23636,0,3449.4
23637,0,2724.2
23638,0,1739.8
23639,278.4,883.4
23640,1296.7,456.9
23641,3142.3,192.2
23642,4865.4,65.8
23643,6019.4,12.5
23644,7107.5,0
23645,7964.3,0
23646,7722.7,64.2
23647,6133.8,302
23648,5050.3,502.2
23649,3200.4,1745.2
23650,1334.4,3447.7
23651,468.1,4938
23652,21.9,6147.8
23653,0,7464
23654,0,9276.9
23655,0,11003.7
23656,0,12104.3
23657,0,12404.1
23658,0,11776.1
23659,0,8758.3
23660,0,6312.6
23661,0,4942.6
23662,0,3695.1
23663,0,2559.7
23664,0,1619.7
23665,0.9,1148.9
23666,185,793.4
23667,770.4,550.5
23668,1563.5,448.5
23669,2638.7,419.7
23670,3142.3,575
23671,2886.3,884.1
23672,2247.9,1656
23673,997.5,3469.7
23674,379.6,5170.6
23675,41.2,6468.9
23676,0,7548
23677,0,9882.9
23678,0,11970.2
23679,0,13479.4
23680,0,14353.9
23681,0,14498.2
23682,0,13247.4
23683,0,9637.8
23684,0,7141.4
23685,0,4970.2
23686,0,3308.4
23687,0,2127.9
23688,0,1213.6
23689,152.4,851.4
23690,547.5,703.2
23691,1236.1,543.4
23692,1895.4,509.3
23693,2036.7,649.3
23694,1966.4,962.6
23695,1862,1217.9
23696,1994.3,1134.5
23697,1269.7,1802.1
23698,612.4,2517.7
23699,159.5,3525.1
23700,0,4593.6
23701,0,5097.4
23702,0,4857.1
23703,0,4837.1
23704,0,4721.3
23705,0,4458.7
23706,0,4673.1
23707,0,4250.5
23708,0,3963.4
23709,0,3583.2
23710,0,2761.1
23711,1.8,1946
23712,234,1282.5
23713,453.9,1017.7
23714,852.8,826.4
23715,1441.2,651.3
23716,1968.8,583.8
23717,2038.8,685.1
23718,1742.3,984.2
23719,1814.5,1094.3
23720,2480.8,762.7
23721,2713.5,693.1
23722,2473.9,803.6
23723,1908.7,1047.8
23724,1580.1,1173.4
23725,1290.5,1315.9
23726,623.4,1768.1
23727,118,2214.9
23728,0,2919.2
23729,0,3894.2
23730,0,4231.5
23731,0,4060.2
23732,0,3916.8
23733,0,3660.9
23734,0,3001.9
23735,0,2310
23736,0,1697.6
23737,0,1431.2
23738,39.2,1252.8
23739,336.5,962.7
23740,491.1,926.2
23741,447.8,1192.6
23742,370.9,1621.7
23743,350.5,1843.2
23744,374.9,1765.2
23745,65.9,3037.2
23746,0,4683.4
23747,0,6354.2
23748,0,8726.5
23749,0,11807.5
23750,0,15222.4
23751,0,18272
23752,0,20734
23753,0,21698.1
23754,0,20078.8
23755,0,16447
23756,0,12709.7
23757,0,10061.6
23758,0,7662.8
23759,0,5527.1
23760,0,3655.9
23761,0,2892.1
23762,0,2606.5
23763,0,2314.3
23764,0,2141.3
23765,0,2243.6
23766,0,2609.4
23767,0,3072.1
23768,0,2850.2
23769,0,4808.6
23770,0,5877
23771,0,9405.4
23772,0,11445.6
23773,0,13329.6
23774,0,12160.6
23775,0,10815.6
23776,0,12186.8
23777,0,12698.2
23778,0,11642
23779,0,10275
23780,0,9579
23781,0,8072.4
23782,0,5125.8
23783,0,3652
23784,0,2970.9
23785,0,2709.6
23786,0,2491
23787,0,2280.2
23788,0,2220.9
23789,0,2526.7
23790,0,3154
23791,0,3499.4
23792,0,3457.8
23793,0,3541.8
23794,0,4179.9
23795,0,4907.1
23796,0,5523.9
23797,0,6485.3
23798,0,7432.7
23799,0,7913.5
23800,0,9097.9
23801,0,9591.7
23802,0,9750.6
23803,0,9467.4
23804,0,8536.9
23805,0,6676.2
23806,0,4135.9
23807,0,2652.3
23808,0,1683.9
23809,0,1071.6
23810,0,684
23811,0,503.4
23812,0,422.7
23813,72.7,467.3
23814,342.9,670.2
23815,723.5,728.2
23816,1346.5,485.6
23817,1483.8,539.8
23818,1350.6,816.2
23819,1136,1136.7
23820,866,1373.4
23821,735.7,1691.7
23822,665.1,1814.8
23823,420.6,1988.6
23824,93.8,2636.7
23825,1.1,2571.8
23826,0,2991.5
23827,79.4,2576.3
23828,301.1,2363.7
23829,746.8,1993.1
23830,1724.8,1231.9
23831,3134.5,759.9
23832,4511.7,402.9
23833,5956.5,147.7
23834,7060.8,13.3
23835,7250.1,0
23836,7376,4.1
23837,7320.7,62.7
23838,6722.9,326
23839,6493.3,434.1
23840,7027.5,234.3
23841,6814.6,240.5
23842,6053.8,374.1
23843,5042.1,523.6
23844,4151.5,665.5
23845,3529.1,934
23846,2325.1,1726.6
23847,925.5,3036.9
23848,388.4,2985.7
23849,134.8,3153.1
23850,142.1,2824.1
23851,218.2,2432.2
23852,571.3,2137.2
23853,964.3,1802.5
23854,1823.7,1208.8
23855,2914.8,792.5
23856,3957.1,490.6
23857,4654.6,336.5
23858,4953.6,269.3
23859,5181.2,225.8
23860,5343.4,222.5
23861,5060.8,352
23862,4358.8,615.5
23863,3977.8,737.2
23864,4494.4,531.8
23865,4317,510.8
23866,3879.6,565.4
23867,3248.6,640.3
23868,2456.5,763.6
23869,1576.6,1196.5
23870,1024.5,1273.5
23871,349.1,1752.3
23872,155.8,2080.4
23873,0,2420.5
23874,0,2964.9
23875,19.3,2538.4
23876,378.6,2099
23877,743.7,1745.6
23878,1817.8,1101
23879,3298.1,671.1
23880,4872.1,307.5
23881,5989.9,108.8
23882,6944.6,8
23883,7903.2,0
23884,8764.7,0
23885,9073.2,0
23886,8875,8.9
23887,7753.5,149.3
23888,6560.5,267
23889,4537.4,967.4
23890,2505.4,2167.5
23891,1362.6,3323.2
23892,700.8,4152.5
23893,147.3,4931.7
23894,0,5228.4
23895,0,5352.1
23896,0,6746.4
23897,0,7516.6
23898,0,6777
23899,0,4803.2
23900,0,3716.6
23901,11.4,2804.5
23902,547.3,1734.2
23903,1670.6,951.3
23904,2627.4,505.4
23905,3396.1,388.1
23906,4935.5,273
23907,5685.2,221.8
23908,6273.6,194.3
23909,6320.9,235.5
23910,5657,445.1
23911,5014.8,620.7
23912,4593.1,600.3
23913,3577.8,917.4
23914,2214.7,1605.8
23915,969.8,3006
23916,170.6,4617.5
23917,0,5648
23918,0,6806.6
23919,0,8461
23920,0,9506.7
23921,0,9762.9
23922,0,9118.7
23923,0,7466.8
23924,0,6260.8
23925,0,5132.5
23926,0,3908.1
23927,0,2910.1
23928,0,1911.2
23929,4.3,1395.5
23930,130,1076.6
23931,471.5,794.5
23932,1135.9,591.1
23933,1769.5,584.8
23934,2060.5,752.4
23935,1976.6,1007.9
23936,1863.8,1478.9
23937,1232.7,2830.9
23938,740.2,4038.3
23939,412.8,4979.4
23940,113.1,5644.4
23941,4.4,5142.3
23942,14.2,4022.7
23943,82.2,3385.6
23944,94.2,3271.3
23945,34,3185.2
23946,4.1,3462.1
23947,79.1,3115.3
23948,237,2812.5
23949,531.5,2367
23950,1121.4,1641.3
23951,2015.4,1035.3
23952,3000.2,605.6
23953,3622.6,471
23954,4593.7,308.2
23955,5426.6,195
23956,5738,174.1
23957,5364.7,289.9
23958,4473.8,600.5
23959,4238.2,703.6
23960,4575.3,537.2
23961,3955,660.8
23962,3282.6,811.2
23963,2663.4,1117.3
23964,1955.3,1331.2
23965,1176.5,1863
23966,1021.7,1870.4
23967,738.8,2084.1
23968,38.6,3258.4
23969,0,3752.1
23970,0,3332.6
23971,66,2744.6
23972,248,2392.8
23973,895.3,1879.8
23974,2036.9,1171.6
23975,3081.2,770
23976,3497.8,574.5
23977,3809.2,484.3
23978,4930.1,309.2
23979,5941,157.3
23980,6477.9,97.9
23981,6586.9,168.5
23982,5881.9,435.9
23983,5482.5,559.8
23984,5593.5,438.3
23985,5327.6,456.3
23986,4690.5,564.3
23987,3722.8,902.4
23988,2851,1254.6
23989,1868.7,2005.9
23990,1014,3064.1
23991,693,2832.1
23992,602.2,2857.8
23993,457.5,2568.3
23994,331.7,2684.7
23995,595.5,2343.3
23996,1342.9,1875.7
23997,1892.4,1585.9
23998,2859.9,1085.8
23999,4224.9,658.7
24000,5677.5,293.3
24001,6569.5,132.7
24002,7182.7,69.2
24003,7864.5,14.2
24004,8294.8,0
24005,8057.4,33.9
24006,7559.5,175.8
24007,7469.7,241.3
24008,8279.9,54.1
24009,8278.1,54.6
24010,7343.4,163.9
24011,6972.5,162.7
24012,6410.6,235.2
24013,5532.6,424.9
24014,4701.6,767.6
24015,4728.7,701.1
24016,4638.3,676.1
24017,3888.5,864.3
24018,3373.8,1116.1
24019,3592.7,1085.1
24020,3783.3,1045.7
24021,4147.2,942.8
24022,5222.9,627.3
24023,6397.6,300.1
24024,7636.4,49
24025,8386.3,0
24026,8886.3,0
24027,9285.5,0
24028,9142.2,0
24029,8511.2,0
24030,7645.5,91.2
24031,7259,186.4
24032,7737.6,29.3
24033,7037.7,72.8
24034,6034,191.1
24035,4921.3,356.2
24036,3795.8,513.7
24037,3151.6,568.5
24038,2445.5,761.2
24039,1991.1,941.2
24040,1792.5,1098.3
24041,1010.2,1245.3
24042,445.9,1606.4
24043,536.8,1537.5
24044,690.2,1478.1
24045,1035.3,1318.9
24046,1985.7,963.4
24047,3088.3,631.7
24048,4073.2,349.1
24049,4619.1,227.3
24050,5088.7,142.1
24051,5255.1,108.4
24052,5215.6,132.9
24053,4662.6,292.7
24054,3713.6,584.1
24055,3252.4,708.5
24056,3792.2,492.1
24057,3671.3,462.4
24058,2776.2,602.4
24059,1414.9,894.8
24060,598.8,1167.6
24061,196.3,1371.2
24062,29,1484.8
24063,0,1858.2
24064,0,2567.8
24065,0,3367.5
24066,0,3507.5
24067,0,3110.6
24068,0,2786.6
24069,0,2434.5
24070,6.3,1674.7
24071,523.4,963.7
24072,2009.6,561.7
24073,3607.6,330
24074,4858,169
24075,5949.4,46.9
24076,6950,4.5
24077,7592.8,5.6
24078,7771.2,113.6
24079,8199.5,130.7
24080,6390.4,299.8
24081,3290.9,1216.9
24082,1232.7,2754.7
24083,425.8,4103.8
24084,15.5,5400.1
24085,0,6906.7
24086,0,9042.9
24087,0,10747.5
24088,0,11593.6
24089,0,12082.2
24090,0,9983.4
24091,0,7626.1
24092,0,6235.4
24093,0,4702.6
24094,0,3395.6
24095,0,2616
24096,0,1879.3
24097,10,1258.7
24098,361.3,774
24099,1048.1,561.1
24100,1319.9,561.3
24101,1174.4,752.9
24102,1393.6,999.8
24103,1793.7,1067.8
24104,1201.6,1614.8
24105,527.8,3108.8
24106,109.9,4670.4
24107,0,6100.1
24108,0,6341.9
24109,0,4440.9
24110,0,4584
24111,0,4973.7
24112,0,5327.3
24113,0,5350.3
24114,0,4793.9
24115,0,4198.7
24116,0,3720.9
24117,0,3249.1
24118,0,2496.7
24119,55.1,1685.8
24120,402.5,1113.8
24121,861.1,858.7
24122,1436.4,634.2
24123,2084.9,515.5
24124,2559.8,469
24125,2864.5,535.5
24126,2667.5,762.4
24127,3042.9,790.5
24128,4181.3,503.3
24129,3641.9,630.4
24130,2562.4,1205.3
24131,1272.8,3155.1
24132,854.7,4248.1
24133,475.1,5124.2
24134,84.6,5362.8
24135,0,4415.9
24136,0,5780.4
24137,0,5525.9
24138,0,4964.9
24139,0,4013
24140,0,3537.4
24141,135.4,2700.5
24142,1017.1,1553.8
24143,2444.5,777.8
24144,4307.2,347.6
24145,5446,245.4
24146,6208.3,190.5
24147,7627.3,90.1
24148,9476.3,6.5
24149,10014.4,0
24150,9079,113.3
24151,8519.9,181.5
24152,7569.3,314.1
24153,5991.2,719.5
24154,5068.9,1017.1
24155,3835.4,1662.7
24156,2448.9,2644.5
24157,1944.5,2981.6
24158,1687.8,3753.5
24159,1441.7,3808
24160,1082.4,3363.4
24161,678.2,3296.4
24162,873.6,2960.5
24163,1450.9,2304.9
24164,2325.3,1871.2
24165,3372,1443.2
24166,5353.9,766.6
24167,7547.1,367.9
24168,9637.2,139.6
24169,10871.4,19.9
24170,11779.5,0
24171,12566.5,0
24172,13238.9,0
24173,13985.8,0
24174,14067.1,0
24175,14321.8,0
24176,14019.9,0
24177,14574.2,0
24178,14091.9,0
24179,13135,0
24180,13113.3,0
24181,13080.5,0
24182,12962.5,0
24183,12786.5,0
24184,11661.8,0
24185,10596.7,0
24186,10494.4,39.2
24187,11368.3,2.9
24188,11972,0
24189,13083,0
24190,15307.3,0
24191,16999.9,0
24192,18764,0
24193,19909.6,0
24194,20735.5,0
24195,21603.1,0
24196,22441.7,0
24197,22649,0
24198,22095.1,0
24199,21569.4,0
24200,19963.6,0
24201,17002.9,0
24202,13965.9,0
24203,11673.9,87.5
24204,10331.3,194.7
24205,9787.4,12.1
24206,9241,0
24207,8695.8,10
24208,7780.8,51.9
24209,5914.1,265.8
24210,6755.8,200.9
24211,8254.8,90.2
24212,9852.8,10.3
24213,10975.2,0
24214,12649.3,0
24215,15058,0
24216,17594.9,0
24217,19401.6,0
24218,20795.4,0
24219,21915.5,0
24220,22808.9,0
24221,24210.2,0
24222,24071.8,0
24223,22131.5,0
24224,18610.6,0
24225,14064.9,0
24226,10544.9,4.3
24227,7454.2,332
24228,5007.4,776.6
24229,3676.2,1161.1
24230,2699.1,1484.8
24231,1803.5,1721.6
24232,1183.2,1808.9
24233,798.3,1652.4
24234,1263.2,1098.6
24235,2123.1,759.4
24236,2734.1,616.4
24237,3321.4,507.1
24238,5752.1,254.9
24239,7550,63.1
24240,9355.7,0
24241,10730.1,0
24242,11192.1,0
24243,11814.6,0
24244,12503.3,0
24245,12355.4,0
24246,11383.9,0
24247,10733.1,0
24248,9811.7,0
24249,9298.3,0
24250,9416.1,0
24251,9125.3,0
24252,10744.3,0
24253,11332.9,0
24254,10148.9,0
24255,9930,0
24256,8763.7,0
24257,6634,12.1
24258,5473,177.1
24259,5140.1,199.6
24260,4776.8,215.7
24261,4821.1,198.9
24262,5277.6,103.9
24263,5740,4.6
24264,6842.6,0
24265,7700.7,0
24266,8389.1,0
24267,9078.2,0
24268,9534.4,0
24269,9186,0
24270,8380.8,0
24271,8134.6,0
24272,6700.2,5
24273,4158.6,246.6
24274,1877.1,781.9
24275,944.7,1242.8
24276,337.5,1218.7
24277,6.8,2075.2
24278,0,1537.1
24279,0,1229.7
24280,0,1648.8
24281,0,1885
24282,0,1787.1
24283,0,1680
24284,0,1504.7
24285,0,1024.7
24286,64.9,600.6
24287,345.7,445.4
24288,948,299.3
24289,1421.2,226.6
24290,2010.8,134.8
24291,2135.3,117.7
24292,2062.5,135.5
24293,1364.9,265.2
24294,660,421.8
24295,468.6,449.8
24296,743,365.2
24297,747.6,340.2
24298,710.5,347.3
24299,719.2,347.3
24300,554.3,358.5
24301,370,368
24302,510.3,334.8
24303,1291.9,274.7
24304,1821.5,312.8
24305,1235.3,705.4
24306,938.2,953.4
24307,1783.2,803.7
24308,2767.1,657
24309,3244.3,574.9
24310,3919.5,353.3
24311,5149.3,136
24312,7044.8,1.3
24313,8235.6,0
24314,8959.8,0
24315,10038.1,0
24316,10892.5,0
24317,11064.4,0
24318,11170.4,0
24319,11224.6,0
24320,9798.9,3
24321,7074.2,282.4
24322,4110.3,1241.3
24323,2256,2617.3
24324,1358,3561.1
24325,666.9,4415.8
24326,204.5,5017.8
24327,8.3,5328
24328,0,5572.7
24329,0,4886.7
24330,0,3895.3
24331,0,3212.6
24332,70.1,2561.4
24333,450,1951.4
24334,968.9,1386.8
24335,1625.7,837.4
24336,2284.3,508.8
24337,3064.3,394.2
24338,3940.4,302.6
24339,4931.6,227.3
24340,6185.6,151.8
24341,7188.8,126.4
24342,7139.9,206.5
24343,7288.7,218.5
24344,7368.8,152.8
24345,6151,219.2
24346,4557.2,405.6
24347,2033.8,1935.1
24348,1228.2,3108.7
24349,777.6,4207.2
24350,444.9,4295.4
24351,379.7,3055.4
24352,88,3177.2
24353,38.6,2799.6
24354,163.3,2631.4
24355,380.4,2286.4
24356,630.1,2035
24357,957.6,1723.6
24358,1893,1097.2
24359,3645.3,523.8
24360,5429.4,289.9
24361,6181.8,211.5
24362,6807,154.7
24363,7217.4,115.1
24364,7367.5,106.2
24365,7224,153.6
24366,6578.1,266.2
24367,6646.3,276.1
24368,7849.3,121.7
24369,8302.4,52.6
24370,8820.4,0
24371,8694.8,0
24372,8542.8,0
24373,8655.5,0
24374,8022.5,0
24375,8444.3,0.9
24376,7267,71.2
24377,5022.8,454
24378,4680.3,665.7
24379,5006,614.3
24380,5448.8,542.7
24381,6463,377.3
24382,8197.8,104.5
24383,10192.7,0
24384,12246.1,0
24385,13801.8,0
24386,14653.2,0
24387,15345.1,0
24388,15767.3,0
24389,15400.2,0
24390,13966.1,0
24391,13424.2,0
24392,13994.8,0
24393,12821,0
24394,10049.2,0
24395,9064,0
24396,7577.4,22.7
24397,5465.6,191.7
24398,4576,256.8
24399,4107.3,279.4
24400,3825.1,272.3
24401,3770.9,347.4
24402,4349.2,376.3
24403,5635.4,287.9
24404,6934.2,201.4
24405,8273.1,98.8
24406,10374.1,0
24407,12550.2,0
24408,14638.5,0
24409,16430.4,0
24410,17479.6,0
24411,18629.4,0
24412,19759.4,0
24413,20267.7,0
24414,20075.1,0
24415,20118.6,0
24416,21318.7,0
24417,21075,0
24418,18842.9,0
24419,16128.5,0
24420,15495.4,0
24421,11784.5,0
24422,10882.5,0
24423,9560.2,0
24424,7526.2,0
24425,7303.8,3
24426,7696.7,4.5
24427,8411.4,0
24428,9141.7,0
24429,10564.3,0
24430,12615.8,0
24431,14574.1,0
24432,16368.2,0
24433,17682.4,0
24434,19024.2,0
24435,20284.9,0
24436,21231.3,0
24437,21132.8,0
24438,19867.9,0
24439,19212.1,0
24440,18385.3,0
24441,18982.6,0
24442,18442.9,0
24443,17324.3,0
24444,15183.2,0
24445,11616.7,0
24446,9694.1,0
24447,7895.4,0
24448,6681.4,0
24449,5892.3,0
24450,6717.7,0
24451,8198.5,0
24452,10075.3,0
24453,12205.7,0
24454,14436.4,0
24455,16691,0
24456,19620.8,0
24457,22598.6,0
24458,23987.4,0
24459,25509.6,0
24460,25934.1,0
24461,25694.4,0
24462,25496.9,0
24463,25008.5,0
24464,21476.5,0
24465,16828.8,0
24466,13459.6,0
24467,10665.3,2.6
24468,8454,278.7
24469,6354.6,936.4
24470,4617.3,1285.7
24471,3667.1,1362.7
24472,2759.3,1358
24473,2107.8,834.2
24474,2174.6,655.8
24475,2753.7,517.4
24476,3445.2,419.9
24477,4524.4,302.6
24478,6261.8,103.6
24479,8067.2,0
24480,9700.2,0
24481,10763.3,0
24482,11843.6,0
24483,12479.3,0
24484,12632.5,0
24485,12244.9,0
24486,11527.5,0
24487,11769,0
24488,12613.3,0
24489,13045.8,0
24490,13604.1,0
24491,12945.1,0
24492,11967.8,0
24493,11365.9,0
24494,10562.9,0
24495,8066.9,0
24496,5817.6,0
24497,4583.2,91.9
24498,5423,57.8
24499,7389.7,0
24500,8552.4,0
24501,10244.3,0
24502,12280.8,0
24503,14713.8,0
24504,16865.1,0
24505,18379.9,0
24506,18956.1,0
24507,19085.5,0
24508,19390.7,0
24509,19043.7,0
24510,17822.7,0
24511,17370.1,0
24512,17048.6,0
24513,16258.5,0
24514,13599.1,0
24515,9814.3,0
24516,6386,0
24517,5234.5,0
24518,5290.7,0
24519,4732.2,0
24520,4097.3,0
24521,3164.3,0
24522,3330.9,9.2
24523,4797.7,0
24524,5500.9,0
24525,7202.8,0
24526,10073.6,0
24527,12432.3,0
24528,14756,0
24529,16487,0
24530,17484.2,0
24531,18350.6,0
24532,18447.6,0
24533,17570.8,0
24534,16269.9,0
24535,15637.4,0
24536,15213.2,0
24537,13514.1,0
24538,10238,0
24539,7136.1,0
24540,4860.4,0
24541,4228.1,6.2
24542,3309,176.3
24543,2917,225.4
24544,2251.2,386.2
24545,2031.9,255.7
24546,2948.2,206.4
24547,3307.3,168.9
24548,3812.9,137.4
24549,5179.1,35.9
24550,7135.4,0
24551,9597.9,0
24552,12441.5,0
24553,14319.5,0
24554,16099.1,0
24555,17693.3,0
24556,18866.2,0
24557,19500.6,0
24558,19605.9,0
24559,19748.6,0
24560,17946.1,0
24561,13736.7,0
24562,10364.1,0
24563,7849,115.6
24564,6499.1,115.2
24565,4517.5,324.3
24566,5079.1,50
24567,5854.4,0
24568,5861.3,0
24569,5224.7,106.3
24570,5497.4,159.2
24571,6653.1,79.7
24572,8182.4,2.3
24573,9055.8,0
24574,11074,0
24575,13601.4,0
24576,15863.6,0
24577,17249.7,0
24578,18698.5,0
24579,19680.6,0
24580,19436.4,0
24581,18589,0
24582,18053.6,0
24583,17716.3,0
24584,17043.8,0
24585,15684.7,0
24586,12568.5,0
24587,10391.3,0
24588,8522.2,0
24589,5748.7,202.3
24590,3887.2,469.1
24591,2836.7,499.7
24592,2408.2,511.2
24593,2570.7,475.4
24594,3336.5,403.3
24595,3841.8,339.5
24596,4483.6,274.5
24597,5164.8,205
24598,6293.6,53.3
24599,7614.8,0
24600,8409.2,0
24601,10334,0
24602,11682.4,0
24603,11389.5,0
24604,10729,0
24605,10082.7,0
24606,8917.5,0
24607,8328,0
24608,8247.5,0
24609,7066.4,11.2
24610,4226.4,447
24611,2311.5,1173.8
24612,1574.1,2194
24613,1014,3134.1
24614,422,3460.8
24615,174.4,3642.8
24616,25.6,3687.8
24617,16.5,2704
24618,5.8,2173.4
24619,69.7,1842.4
24620,114.7,1591.7
24621,265.4,1312.5
24622,1362.5,725.9
24623,2326,453.5
24624,3179,284
24625,3917.8,195.5
24626,4937.2,112
24627,6040.7,27.2
24628,7370.7,0
24629,7522.3,0
24630,5884,124.3
24631,6510.6,119.6
24632,8180.7,7.2
24633,9087.6,0
24634,8872.6,0
24635,8943.5,0
24636,8941.5,0
24637,9153.2,0
24638,9444.6,0
24639,9856.1,0
24640,10296.5,0
24641,10072.6,0
24642,9926.8,0
24643,10694.6,0
24644,11581.4,0
24645,12725.3,0
24646,14956.8,0
24647,17207.7,0
24648,19228.4,0
24649,20226,0
24650,20686.4,0
24651,21173.6,0
24652,21437.4,0
24653,20858.7,0
24654,19602.6,0
24655,19343.2,0
24656,20154.9,0
24657,20257.3,0
24658,19858.4,0
24659,19733.4,0
24660,19586.4,0
24661,19176.5,0
24662,19137.7,0
24663,19565.1,0
24664,18273.6,0
24665,16910.6,0
24666,16007.7,0
24667,16200.6,0
24668,16501.8,0
24669,17183.7,0
24670,19052,0
24671,20960.2,0
24672,22613.1,0
24673,23471.8,0
24674,24014.9,0
24675,24360.6,0
24676,24421,0
24677,24067.2,0
24678,22462.7,0
24679,21739,0
24680,22490.2,0
24681,22652,0
24682,22263.8,0
24683,21847.8,0
24684,21161.6,0
24685,20583.6,0
24686,20805.9,0
24687,19901.8,0
24688,19165.8,0
24689,17710.1,0
24690,16620.3,0
24691,16916.7,0
24692,17494.5,0
24693,18380.2,0
24694,20124.6,0
24695,22152.7,0
24696,24062.9,0
24697,24990.6,0
24698,25916.7,0
24699,26567,0
24700,26638.1,0
24701,25700.6,0
24702,23819.2,0
24703,23550.4,0
24704,23732.1,0
24705,23100.8,0
24706,21344.1,0
24707,19089.6,0
24708,15489.2,0
24709,13475.6,0
24710,11046.5,0
24711,9365.6,0
24712,8355.8,0
24713,7945.5,0
24714,8525.9,0
24715,9643.6,0
24716,10730.9,0
24717,12195.4,0
24718,14626.3,0
24719,17237.7,0
24720,19623.9,0
24721,21466.7,0
24722,22246.8,0
24723,22305.4,0
24724,22385.4,0
24725,22041.8,0
24726,20314.9,0
24727,19801.4,0
24728,18605.5,0
24729,14595.3,0
24730,11031.9,0
24731,8262.9,0
24732,5794,0
24733,4156.4,0
24734,3157.1,0
24735,2531.8,0
24736,2240.9,0
24737,1511.6,0
24738,1378.4,0
24739,1966.4,0
24740,2794.5,0
24741,3967.1,0
24742,5780.8,0
24743,8384.6,0
24744,10716.1,0
24745,12309.5,0
24746,13930.8,0
24747,15355.7,0
24748,16363.9,0
24749,16474.4,0
24750,15772.7,0
24751,16011.9,0
24752,17577.5,0
24753,17290.5,0
24754,13156.4,0
24755,10114.2,0
24756,7797.5,139.9
24757,5844.3,465.2
24758,4924.8,696.1
24759,4492.6,734.1
24760,4076.6,662.7
24761,4423.1,520.5
24762,5527.9,344.8
24763,7094.6,201.5
24764,8270.5,99.1
24765,9720.4,11.7
24766,11771.1,0
24767,13955.3,0
24768,16169.2,0
24769,16887.4,0
24770,17770.1,0
24771,18414,0
24772,18457.6,0
24773,17869.3,0
24774,16842.9,0
24775,16773.7,0
24776,17772.9,0
24777,17297,0
24778,16259,0
24779,16606.2,0
24780,16417.2,0
24781,16110.7,0
24782,16320.7,0
24783,16048.5,0
24784,14823.9,0
24785,12405.2,0
24786,11231.3,0
24787,11178.8,0
24788,11265.5,0
24789,11413.5,0
24790,12327.3,0
24791,13766.7,0
24792,15349.5,0
24793,16025.7,0
24794,16102.6,0
24795,16089.7,0
24796,15755.1,0
24797,14713.9,0
24798,13123,0
24799,12573.7,0
24800,13595.5,0
24801,13394.1,0
24802,11944.7,0
24803,10607.1,0
24804,10131.5,0
24805,9630.1,0
24806,9130.3,0
24807,8894.7,0
24808,8073.8,0
24809,6442.4,0
24810,5481.9,0
24811,5516.7,0
24812,5697.1,0
24813,5486.2,0
24814,6667.9,0
24815,9269.9,0
24816,12260.2,0
24817,14621.4,0
24818,16890.2,0
24819,19056.7,0
24820,21019.4,0
24821,21677,0
24822,20994.3,0
24823,21169.2,0
24824,22497.9,0
24825,22843.4,0
24826,22047.6,0
24827,20987.8,0
24828,20132.2,0
24829,19449.2,0
24830,19559.3,0
24831,19747.2,0
24832,18814.5,0
24833,17470.6,0
24834,17004.6,0
24835,17600.7,0
24836,18625.5,0
24837,19876.7,0
24838,22350.3,0
24839,25161.6,0
24840,27607.1,0
24841,28919.7,0
24842,30465.2,0
24843,32173.5,0
24844,33170.1,0
24845,32829.1,0
24846,32091,0
24847,32853.6,0
24848,31548.5,0
24849,30200.8,0
24850,27044,0
24851,25889.8,0
24852,24707.1,0
24853,25125.2,0
24854,25225,0
24855,24420.5,0
24856,22803,0
24857,22525.7,0
24858,22921.7,0
24859,24608,0
24860,26480.9,0
24861,29432.2,0
24862,33240.3,0
24863,36767.4,0
24864,40251.4,0
24865,43380,0
24866,45960.4,0
24867,47496.9,0
24868,47616.3,0
24869,46817.6,0
24870,45239.3,0
24871,44775.9,0
24872,41333.6,0
24873,35329.6,0
24874,30721,0
24875,30211.8,0
24876,26595.8,0
24877,23188.5,0
24878,21224,0
24879,20190.1,0
24880,19292.2,0
24881,18670.8,0
24882,18705.4,0
24883,19793.6,0
24884,20980.9,0
24885,22322.7,0
24886,24692.7,0
24887,26731.5,0
24888,28787.1,0
24889,29612.2,0
24890,30058.1,0
24891,30226.5,0
24892,30034.7,0
24893,29027,0
24894,26939.1,0
24895,26505.6,0
24896,28212.6,0
24897,27681.1,0
24898,26571.2,0
24899,24330.7,0
24900,22519.7,0
24901,22181.6,0
24902,21184.6,0
24903,20218.4,0
24904,19119,0
24905,17101.1,0
24906,15804.9,0
24907,15798.1,0
24908,15969.9,0
24909,16410.2,0
24910,18046.5,0
24911,19712.4,0
24912,21092.4,0
24913,21625,0
24914,22046.3,0
24915,22006.7,0
24916,21499,0
24917,20335.3,0
24918,18516.6,0
24919,18266.6,0
24920,20153,0
24921,20082,0
24922,18751.3,0
24923,17553.5,0
24924,17243.5,0
24925,17355.8,0
24926,17093.2,0
24927,16848.5,0
24928,16169,0
24929,14751.7,0
24930,13978.4,0
24931,14363.2,0
24932,14897.8,0
24933,16184.7,0
24934,18812.4,0
24935,21357.3,0
24936,23613.6,0
24937,24789.5,0
24938,25947.8,0
24939,27311.7,0
24940,28705,0
24941,29080.9,0
24942,28140.6,0
24943,26589,0
24944,25775.6,0
24945,25464,0
24946,24118.5,0
24947,22348.8,0
24948,21089.5,0
24949,20894.7,0
24950,20530,0
24951,20153,0
24952,19841.5,0
24953,19148.3,0
24954,17753.5,0
24955,16279.5,0
24956,16081.9,0
24957,16019.9,0
24958,16462.1,0
24959,17924.4,0
24960,19731.5,0
24961,21006.9,0
24962,21194.2,0
24963,21411.2,0
24964,21248.6,0
24965,20881.1,0
24966,19755.5,0
24967,18004,0
24968,17141.3,0
24969,17293.8,0
24970,17127.6,0
24971,15864.1,0
24972,14060.9,0
24973,13336.6,0
24974,12905.8,0
24975,12042,0
24976,12449.1,0
24977,11944.5,0
24978,10658.9,0
24979,9614,0
24980,9804,0
24981,10239.8,0
24982,10992.1,0
24983,12757.6,0
24984,14561.2,0
24985,16259.1,0
24986,17136.4,0
24987,17363.5,0
24988,17116.3,0
24989,16758,0
24990,16029.7,0
24991,14856.6,0
24992,13518.3,0
24993,12076.1,0
24994,11049.4,0
24995,9905.4,0
24996,10086.4,0
24997,11712,0
24998,13617.8,0
24999,14408.3,0
25000,15266.3,0
25001,14786.5,0
25002,13039,0
25003,12654.1,0
25004,13799,0
25005,14967.7,0
25006,16133.2,0
25007,18153.6,0
25008,20419.1,0
25009,22673.9,0
25010,24037.3,0
25011,24998.3,0
25012,25962.1,0
25013,26353.5,0
25014,25622.6,0
25015,24042.3,0
25016,23447.9,0
25017,24088,0
25018,23852,0
25019,22702.6,0
25020,20542.8,0
25021,19525.6,0
25022,18547.4,0
25023,18044.6,0
25024,19223.1,0
25025,19327,0
25026,18256.9,0
25027,17658.1,0
25028,18402.1,0
25029,19036.5,0
25030,19995,0
25031,22267.3,0
25032,24729.9,0
25033,26843.4,0
25034,27923.1,0
25035,28660.9,0
25036,28812.2,0
25037,29000.9,0
25038,28753.1,0
25039,26868.3,0
25040,25772.1,0
25041,26093.7,0
25042,25716.6,0
25043,24822.7,0
25044,23780.9,0
25045,23163.5,0
25046,23108.2,0
25047,23830.8,0
25048,24105.6,0
25049,23367.2,0
25050,21928.1,0
25051,20326.4,0
25052,19750.7,0
25053,19060.1,0
25054,18980.1,0
25055,20398.1,0
25056,22228.2,0
25057,23040.3,0
25058,23364.9,0
25059,23432.7,0
25060,23134.2,0
25061,22616.1,0
25062,21932.4,0
25063,20716.5,0
25064,18744.3,0
25065,17351.4,0
25066,16179.7,0
25067,14843.3,0
25068,13974,0
25069,12919.2,0
25070,12347.2,0
25071,12562.9,0
25072,13755.2,0
25073,15735.3,0
25074,15997.2,0
25075,15801.7,0
25076,17136.9,0
25077,18859.7,0
25078,20926.2,0
25079,23765.7,0
25080,27600.5,0
25081,31333.7,0
25082,33133.1,0
25083,34480.5,0
25084,35152.3,0
25085,35190.8,0
25086,34005.7,0
25087,31818.2,0
25088,30583.4,0
25089,31781,0
25090,31422.6,0
25091,29484.6,0
25092,27749.5,0
25093,26592.7,0
25094,25813.2,0
25095,26003.3,0
25096,25971.8,0
25097,24918.1,0
25098,22217.8,0
25099,19994.9,0
25100,19835.1,0
25101,19887.8,0
25102,20143.3,0
25103,22022.8,0
25104,24372.4,0
25105,26615.8,0
25106,27607.2,0
25107,28188.9,0
25108,28914.9,0
25109,29157.3,0
25110,28676.4,0
25111,27238.6,0
25112,25495.1,0
25113,24944.6,0
25114,24475.3,0
25115,22101.9,0
25116,17436.4,0
25117,14429.7,0
25118,11593.5,0
25119,10307.8,0
25120,10116.9,0
25121,11603.2,0
25122,11899,0
25123,12175.1,0
25124,13764.5,0
25125,15048.8,0
25126,16732.4,0
25127,19688.1,0
25128,22909.7,0
25129,25421.4,0
25130,26988.4,0
25131,27392.9,0
25132,28041,0
25133,28754.2,0
25134,27760.4,0
25135,25962.5,0
25136,25479.2,0
25137,26769.6,0
25138,26658,0
25139,24851,0
25140,23991.3,0
25141,22740.8,0
25142,21951.2,0
25143,21694.6,0
25144,21880.3,0
25145,21082.5,0
25146,19080.1,0
25147,17528.1,0
25148,17802.9,0
25149,18295.4,0
25150,19460.9,0
25151,21696.7,0
25152,23900.7,0
25153,25598.3,0
25154,26673.2,0
25155,27515,0
25156,28034.3,0
25157,28442.3,0
25158,27735.4,0
25159,26286.2,0
25160,24919.5,0
25161,21880.7,0
25162,21485,0
25163,20286.9,0
25164,19173.5,0
25165,19734.7,0
25166,20165.2,0
25167,21193.1,0
25168,21883.2,0
25169,22399.4,0
25170,21652.1,0
25171,21471.3,0
25172,22534.5,0
25173,23555,0
25174,25856.3,0
25175,29988.3,0
25176,33837.1,0
25177,38083.1,0
25178,41515.7,0
25179,43915.2,0
25180,45567,0
25181,47130.5,0
25182,47841.5,0
25183,47519.2,0
25184,46371.9,0
25185,44144.4,0
25186,44255.4,0
25187,42109.1,0
25188,40599.1,0
25189,39452.4,0
25190,37961.8,0
25191,38251.2,0
25192,39607.9,0
25193,40384.9,0
25194,40424.7,0
25195,39682.7,0
25196,40714.2,0
25197,41424,0
25198,42452.6,0
25199,45048.7,0
25200,47605.8,0
25201,49626.9,0
25202,50567.9,0
25203,50832.3,0
25204,51094.8,0
25205,51061.8,0
25206,49701.6,0
25207,47672.9,0
25208,46230.3,0
25209,45659.2,0
25210,44873.4,0
25211,42228.3,0
25212,38634.2,0
25213,37388.4,0
25214,38761.3,0
25215,39193.9,0
25216,39008.4,0
25217,38607.5,0
25218,37862.6,0
25219,37407.3,0
25220,39439.1,0
25221,41268.8,0
25222,43170.7,0
25223,45888.5,0
25224,48688.9,0
25225,51798.1,0
25226,53573.5,0
25227,54766.3,0
25228,55962.5,0
25229,56496.8,0
25230,56142.8,0
25231,55190.6,0
25232,53292.3,0
25233,48811.1,0
25234,44637.7,0
25235,40738.3,0
25236,37645.4,0
25237,34704.5,0
25238,33686.8,0
25239,31496.9,0
25240,31278.7,0
25241,33751,0
25242,33375.4,0
25243,32537.7,0
25244,33539.7,0
25245,34470.9,0
25246,34915,0
25247,36388.9,0
25248,38348,0
25249,39937.9,0
25250,40180.6,0
25251,40204.5,0
25252,40205.7,0
25253,39549.7,0
25254,37767.3,0
25255,35523.7,0
25256,34263.5,0
25257,34216.8,0
25258,31122.7,0
25259,27358.9,0
25260,26377.2,0
25261,24614.1,0
25262,20483.7,0
25263,19963.2,0
25264,18562.3,0
25265,17430.9,0
25266,14830.2,0
25267,12374.6,0
25268,11438.2,0
25269,10796,0
25270,10894.9,0
25271,12494.4,0
25272,14243.1,0
25273,16069.8,0
25274,17185.6,0
25275,18486.5,0
25276,19613.5,0
25277,20232.6,0
25278,20019.4,0
25279,18987.1,0
25280,18374.5,0
25281,17820.9,0
25282,17952.4,0
25283,16130,0
25284,17467.8,0
25285,17954.3,0
25286,16479.1,0
25287,16239.1,0
25288,16687.8,0
25289,19464.4,0
25290,19872.7,0
25291,19901.4,0
25292,21443.9,0
25293,23427,0
25294,25436.7,0
25295,28438.7,0
25296,31577.2,0
25297,34165.9,0
25298,36305.9,0
25299,37908.1,0
25300,38311.6,0
25301,38372.1,0
25302,37532.2,0
25303,36354.3,0
25304,36025.9,0
25305,35817.1,0
25306,34332,0
25307,32918.4,0
25308,32805.5,0
25309,31860.2,0
25310,31177.8,0
25311,31060.8,0
25312,31526,0
25313,30794.4,0
25314,29432.9,0
25315,27485.3,0
25316,27705.9,0
25317,28460,0
25318,29390.9,0
25319,31658.2,0
25320,34458.7,0
25321,36887.2,0
25322,38241.7,0
25323,39650.4,0
25324,40963.4,0
25325,42076.3,0
25326,42832.7,0
25327,43062.5,0
25328,42165.8,0
25329,37885,0
25330,34447.5,0
25331,31057.9,0
25332,27802.7,0
25333,25039.9,0
25334,23264.5,0
25335,21959.5,0
25336,21902.4,0
25337,25583.5,0
25338,27383.8,0
25339,27616.6,0
25340,29078.9,0
25341,30967.4,0
25342,33095.2,0
25343,35348.5,0
25344,37450.2,0
25345,39786.6,0
25346,41773,0
25347,43022.7,0
25348,42864.7,0
25349,41833.5,0
25350,40561.7,0
25351,39049.4,0
25352,39683.7,0
25353,39905.9,0
25354,36840.6,0
25355,34241.6,0
25356,31892.8,0
25357,30460.8,0
25358,28933.7,0
25359,28356.7,0
25360,29177.4,0
25361,32740.4,0
25362,33717.1,0
25363,34436.7,0
25364,37052.2,0
25365,38707.1,0
25366,39952.9,0
25367,43544.8,0
25368,47343.6,0
25369,50710.9,0
25370,53050.2,0
25371,55408.4,0
25372,56668.7,0
25373,56089,0
25374,54647.8,0
25375,52126.9,0
25376,50107.2,0
25377,47759.4,0
25378,45761.4,0
25379,42319.9,0
25380,39453.1,0
25381,36211.6,0
25382,30045.2,0
25383,28384.5,0
25384,29705.7,0
25385,29804.9,0
25386,28647.2,0
25387,27754.1,0
25388,28126.4,0
25389,28189.4,0
25390,28305.1,0
25391,29497.3,0
25392,30843.6,0
25393,32375,0
25394,32588.8,0
25395,32954.3,0
25396,33391.8,0
25397,33222,0
25398,32161.1,0
25399,30679.6,0
25400,30637.9,0
25401,29766.6,0
25402,27092.7,0
25403,24092.4,0
25404,20950.9,0
25405,17292.9,0
25406,14804.1,0
25407,13622.5,0
25408,13551.1,0
25409,15504.5,0
25410,15184.3,0
25411,14548.2,0
25412,15987.9,0
25413,17551.1,0
25414,19484.3,0
25415,22905.6,0
25416,26264.4,0
25417,29311.4,0
25418,31257.2,0
25419,32032.5,0
25420,32594.8,0
25421,34311.6,0
25422,34644.5,0
25423,33325.9,0
25424,32361.6,0
25425,29731.2,0
25426,26202.7,0
25427,25852.6,0
25428,24049.5,0
25429,20059.9,0
25430,18337,0
25431,19521.7,0
25432,21002,0
25433,21398.7,0
25434,19862.1,0
25435,18718.8,0
25436,18981.1,0
25437,19394.9,0
25438,20323.4,0
25439,21804.1,0
25440,23459.8,0
25441,25254.6,0
25442,26040.8,0
25443,26344.8,0
25444,26605.5,0
25445,26661.4,0
25446,25695.8,0
25447,23976.6,0
25448,23304.5,0
25449,23902.5,0
25450,24427.8,0
25451,24001.5,0
25452,23559.7,0
25453,24830.8,0
25454,26325.4,0
25455,26797.8,0
25456,28185.1,0
25457,29416.1,0
25458,29918.6,0
25459,30636,0
25460,32931.4,0
25461,35347.5,0
25462,37817.7,0
25463,41612.7,0
25464,45399.4,0
25465,49008.4,0
25466,51529,0
25467,53497.7,0
25468,55402.7,0
25469,57218.1,0
25470,57779.3,0
25471,57292.1,0
25472,57193.4,0
25473,53209.1,0
25474,48303.8,0
25475,43615.7,0
25476,39806.1,0
25477,36579.6,0
25478,34504.9,0
25479,33735.5,0
25480,34364.6,0
25481,37259.3,0
25482,38719.9,0
25483,39195.6,0
25484,40788.5,0
25485,43002.3,0
25486,45360,0
25487,49130.3,0
25488,52839.8,0
25489,55834.1,0
25490,56771.6,0
25491,56626,0
25492,56534.3,0
25493,56393.2,0
25494,54282.8,0
25495,50919,0
25496,49209.1,0
25497,46991,0
25498,40780.3,0
25499,34585.4,0
25500,29367.3,0
25501,24732.9,0
25502,21164.4,0
25503,18448.2,0
25504,17362.7,0
25505,18261.3,0
25506,17051.8,0
25507,15968,0
25508,16466,0
25509,17411.7,0
25510,18832.2,0
25511,21392.6,0
25512,24135.8,0
25513,26421.9,0
25514,27811.1,0
25515,29245.4,0
25516,30472,0
25517,31137.1,0
25518,31549.1,0
25519,30439.3,0
25520,29675,0
25521,29344.1,0
25522,27224.2,0
25523,25167.8,0
25524,22868.4,0
25525,19099.4,0
25526,16543.1,0
25527,14150.7,0
25528,13636.7,0
25529,15299.5,0
25530,15045.4,0
25531,14776.8,0
25532,15606.3,0
25533,16807.5,0
25534,18689.9,0
25535,21881.5,0
25536,25214.7,0
25537,28183.3,0
25538,30380.4,0
25539,32434.2,0
25540,34408.8,0
25541,36702.4,0
25542,38591.1,0
25543,39103.9,0
25544,39629.1,0
25545,37961.2,0
25546,37034.6,0
25547,38668,0
25548,41016,0
25549,42019.3,0
25550,43211.2,0
25551,45023.3,0
25552,46338.8,0
25553,46231.7,0
25554,45607,0
25555,44591.3,0
25556,45350.1,0
25557,46307.7,0
25558,47709.7,0
25559,50363.5,0
25560,53132.5,0
25561,55749.1,0
25562,57311.1,0
25563,58489.2,0
25564,59959.5,0
25565,61396.4,0
25566,61896.4,0
25567,60688.1,0
25568,59068.7,0
25569,55070.9,0
25570,50056.9,0
25571,45621.3,0
25572,41911.7,0
25573,38653.9,0
25574,35977.1,0
25575,34453.8,0
25576,34941.4,0
25577,38519.8,0
25578,38770.8,0
25579,38663.8,0
25580,40338.3,0
25581,42212.6,0
25582,44177.2,0
25583,47116.6,0
25584,50100.2,0
25585,51875,0
25586,51913.9,0
25587,51380.1,0
25588,51085,0
25589,50692.4,0
25590,49191,0
25591,46847,0
25592,45833.9,0
25593,46694.6,0
25594,46654.8,0
25595,45733.3,0
25596,45241.5,0
25597,44523,0
25598,44220.9,0
25599,43976,0
25600,43785.3,0
25601,43055.6,0
25602,40508.2,0
25603,38264,0
25604,37959.6,0
25605,37904.3,0
25606,38068.6,0
25607,39463.9,0
25608,40943,0
25609,42359.2,0
25610,42896.4,0
25611,43083.4,0
25612,42960.4,0
25613,42371.3,0
25614,40794.7,0
25615,38443.9,0
25616,37416.2,0
25617,37518.2,0
25618,37176.9,0
25619,35754.9,0
25620,34555.3,0
25621,33133.8,0
25622,31460.1,0
25623,30111.3,0
25624,30058,0
25625,28912.8,0
25626,26584.2,0
25627,24527.8,0
25628,24507.5,0
25629,24747.1,0
25630,25444.5,0
25631,27528.1,0
25632,29760.7,0
25633,31574.1,0
25634,32165.1,0
25635,32423.9,0
25636,32477.1,0
25637,32101.9,0
25638,30736.1,0
25639,28514.2,0
25640,27599.4,0
25641,28217.2,0
25642,27782.2,0
25643,26250.5,0
25644,25586.4,0
25645,24256,0
25646,24117.1,0
25647,24649.6,0
25648,24222.6,0
25649,22880.2,0
25650,20460.8,0
25651,18305.8,0
25652,17961.3,0
25653,17830.4,0
25654,18191.5,0
25655,19981.2,0
25656,21935.8,0
25657,23771.2,0
25658,24615.6,0
25659,25154.2,0
25660,25593.5,0
25661,25608.6,0
25662,24707.9,0
25663,22931.8,0
25664,22294.8,0
25665,22927.9,0
25666,22652,0
25667,21613.4,0
25668,20896,0
25669,20116,0
25670,20134.3,0
25671,20243,0
25672,20390.9,0
25673,19682.1,0
25674,17624.6,0
25675,16130.1,0
25676,16289.5,0
25677,16635.9,0
25678,17458.3,0
25679,19686.1,0
25680,22105.1,0
25681,24315.8,0
25682,25474.8,0
25683,26325.4,0
25684,27220,0
25685,27914.6,0
25686,27684.1,0
25687,26515.4,0
25688,26448.9,0
25689,27655.6,0
25690,27855.1,0
25691,27156.2,0
25692,26322.5,0
25693,25986.3,0
25694,26364.5,0
25695,26914.3,0
25696,27395.2,0
25697,26771.5,0
25698,25113.7,0
25699,23874.9,0
25700,24637.8,0
25701,25664.3,0
25702,27275.7,0
25703,30360.6,0
25704,33625.6,0
25705,37057.6,0
25706,39737.3,0
25707,42121.6,0
25708,44070.6,0
25709,45419.5,0
25710,45777.8,0
25711,45367.2,0
25712,45668.2,0
25713,43183.2,0
25714,39964.2,0
25715,36206.2,0
25716,33280.5,0
25717,30292.9,0
25718,28299.2,0
25719,26762.2,0
25720,27301.1,0
25721,30338.3,0
25722,30925.1,0
25723,30790.6,0
25724,31989.2,0
25725,33425.7,0
25726,35460.6,0
25727,38919.5,0
25728,42441.8,0
25729,45086.4,0
25730,46228.7,0
25731,46875.8,0
25732,47279.2,0
25733,47281.9,0
25734,46206,0
25735,44089,0
25736,43155.7,0
25737,43674.1,0
25738,43247.1,0
25739,41809.7,0
25740,40723.8,0
25741,38486.1,0
25742,37276.6,0
25743,34207.7,0
25744,35318.2,0
25745,39092.3,0
25746,39510.8,0
25747,39798.7,0
25748,42042.5,0
25749,44554.1,0
25750,46584,0
25751,49265,0
25752,51958.6,0
25753,54794.2,0
25754,56816.4,0
25755,58453.3,0
25756,59635.3,0
25757,60095.1,0
25758,59568.8,0
25759,58841.8,0
25760,59735.4,0
25761,58557.7,0
25762,54700.5,0
25763,51127.8,0
25764,48337.2,0
25765,45950,0
25766,44080,0
25767,43546.5,0
25768,45117.3,0
25769,49190.6,0
25770,49552.1,0
25771,49661,0
25772,51465.7,0
25773,53486.6,0
25774,55777.7,0
25775,59084.8,0
25776,62435.9,0
25777,65168.8,0
25778,66517,0
25779,67389.9,0
25780,67715.2,0
25781,67378.4,0
25782,65914.8,0
25783,63582.8,0
25784,62457.4,0
25785,59917.7,0
25786,57441.4,0
25787,54943.4,0
25788,52976.9,0
25789,51778.4,0
25790,50463.6,0
25791,49835.3,0
25792,49370.9,0
25793,48294.4,0
25794,46620.9,0
25795,44717.5,0
25796,44893.7,0
25797,45308.4,0
25798,45830.5,0
25799,47515.7,0
25800,49291.7,0
25801,50739.3,0
25802,51103.2,0
25803,51082.5,0
25804,50401,0
25805,48914.2,0
25806,46387.8,0
25807,43004.8,0
25808,40906.3,0
25809,39189.6,0
25810,34517.1,0
25811,28622.8,0
25812,23760,0
25813,20809.2,0
25814,18992.4,0
25815,18239.8,0
25816,19933.5,0
25817,23015.3,0
25818,25038.4,0
25819,26688.2,0
25820,29553.8,0
25821,32826.2,0
25822,36185.1,0
25823,40664.8,0
25824,45301.4,0
25825,49159.9,0
25826,51534.6,0
25827,53427.8,0
25828,55328.9,0
25829,57079.4,0
25830,57835,0
25831,57101.4,0
25832,56871.6,0
25833,53278,0
25834,48535.5,0
25835,43937.8,0
25836,40281.1,0
25837,38186.9,0
25838,36739.9,0
25839,37156.5,0
25840,38043,0
25841,37459,0
25842,35457,0
25843,33066.4,0
25844,32336.9,0
25845,31728.3,0
25846,32721.6,0
25847,35918.1,0
25848,39323.3,0
25849,42866.2,0
25850,45639.7,0
25851,48242.3,0
25852,50507.6,0
25853,52162.2,0
25854,52880.7,0
25855,52394.1,0
25856,52681.8,0
25857,50650.2,0
25858,47023.9,0
25859,44276.1,0
25860,40511,0
25861,37484.6,0
25862,35118.9,0
25863,34038.1,0
25864,35481.3,0
25865,37303.2,0
25866,37363.5,0
25867,36932.5,0
25868,38236.9,0
25869,39713.8,0
25870,40943.5,0
25871,42843,0
25872,44778.2,0
25873,46657.9,0
25874,47499.1,0
25875,47925,0
25876,48402.7,0
25877,48607.7,0
25878,47893.6,0
25879,45870.5,0
25880,44656.7,0
25881,44229.6,0
25882,43386,0
25883,41932.9,0
25884,40275.7,0
25885,39110,0
25886,38422.9,0
25887,37975.5,0
25888,37301,0
25889,36039,0
25890,33817.8,0
25891,31518.6,0
25892,31281.8,0
25893,31273.2,0
25894,31785.8,0
25895,33754.1,0
25896,35875.4,0
25897,38143.7,0
25898,39666.2,0
25899,40872.2,0
25900,42403.7,0
25901,43953.4,0
25902,44647.9,0
25903,43701.6,0
25904,43370.7,0
25905,41989.8,0
25906,37993.9,0
25907,32772,0
25908,30380.6,0
25909,26701.1,0
25910,24840.7,0
25911,23638.9,0
25912,23889.4,0
25913,27090.1,0
25914,27260,0
25915,26698.1,0
25916,27479.8,0
25917,28454.4,0
25918,29392.3,0
25919,31442.1,0
25920,33405,0
25921,35091.5,0
25922,35739.8,0
25923,35935.2,0
25924,35735,0
25925,35035.5,0
25926,33332,0
25927,30642.3,0
25928,29203.5,0
25929,29865.4,0
25930,29120.7,0
25931,27569.5,0
25932,26067,0
25933,24978.1,0
25934,24428.6,0
25935,23921.6,0
25936,23969.9,0
25937,25821.6,0
25938,25688.7,0
25939,25435.6,0
25940,26932,0
25941,28769.3,0
25942,30716.5,0
25943,33846.2,0
25944,37089.8,0
25945,40140.3,0
25946,42109.5,0
25947,43773.5,0
25948,45345.7,0
25949,46443.3,0
25950,46603.1,0
25951,45801.3,0
25952,45911.9,0
25953,43987.1,0
25954,43149.9,0
25955,43622,0
25956,44371.9,0
25957,45440.1,0
25958,45095.1,0
25959,45082.6,0
25960,48533.3,0
25961,51301.3,0
25962,52462.8,0
25963,52660.8,0
25964,54634.7,0
25965,56748.5,0
25966,58914.4,0
25967,62179,0
25968,65491.3,0
25969,68434.7,0
25970,70208.8,0
25971,71537,0
25972,72698.9,0
25973,73284.4,0
25974,72831.1,0
25975,71317.4,0
25976,70607.4,0
25977,65846.8,0
25978,60912.7,0
25979,57460.7,0
25980,54646.1,0
25981,51736.1,0
25982,48992.3,0
25983,47453.9,0
25984,48028.4,0
25985,51989.9,0
25986,53365.7,0
25987,53358.6,0
25988,55169.8,0
25989,57192.2,0
25990,59446.3,0
25991,62725.2,0
25992,66048,0
25993,69227.9,0
25994,71318.3,0
25995,73017.2,0
25996,74440.8,0
25997,75238.1,0
25998,75048.3,0
25999,73848.3,0
26000,73495.1,0
26001,69336.9,0
26002,63290.6,0
26003,57533.3,0
26004,52518.1,0
26005,48236.3,0
26006,44725.3,0
26007,42517.7,0
26008,42793.1,0
26009,45623.6,0
26010,46100.6,0
26011,45604,0
26012,46896,0
26013,48443.6,0
26014,50431.7,0
26015,53625.7,0
26016,56888.9,0
26017,59673,0
26018,61133.7,0
26019,62203.3,0
26020,63290.3,0
26021,63965.4,0
26022,63626.9,0
26023,61691.2,0
26024,60348.4,0
26025,59528.5,0
26026,57417.2,0
26027,54725,0
26028,51436.7,0
26029,49204.1,0
26030,47499.9,0
26031,46608.3,0
26032,46033.6,0
26033,44942.4,0
26034,43169.5,0
26035,41134.2,0
26036,41119.7,0
26037,41406,0
26038,42139.4,0
26039,44198.2,0
26040,46401,0
26041,48158.6,0
26042,48732.4,0
26043,48929.1,0
26044,48933,0
26045,48532.5,0
26046,47131,0
26047,44591.7,0
26048,43220.5,0
26049,42780.3,0
26050,41686.4,0
26051,40043.2,0
26052,38639.6,0
26053,37544.3,0
26054,36618.4,0
26055,36237.7,0
26056,35875.7,0
26057,34753,0
26058,32863.8,0
26059,30907.4,0
26060,30827.6,0
26061,31046.5,0
26062,31796.9,0
26063,33977,0
26064,36327.9,0
26065,38402.1,0
26066,39326,0
26067,39900.6,0
26068,40438.2,0
26069,40644.5,0
26070,39887.8,0
26071,38440.3,0
26072,38456.3,0
26073,40412,0
26074,40419.5,0
26075,39574.9,0
26076,38937.9,0
26077,39175.6,0
26078,39957.9,0
26079,40921.2,0
26080,42140.9,0
26081,42182.3,0
26082,40401.6,0
26083,39441,0
26084,40731.2,0
26085,42286.9,0
26086,44513,0
26087,48381.2,0
26088,52450.1,0
26089,56584.4,0
26090,59907.6,0
26091,63089.8,0
26092,66054.6,0
26093,68455,0
26094,69914.4,0
26095,69963.7,0
26096,70711.4,0
26097,70088.8,0
26098,65621.9,0
26099,61219.5,0
26100,57787.1,0
26101,54768,0
26102,52186.5,0
26103,50989.4,0
26104,52012,0
26105,55585.7,0
26106,55338.6,0
26107,54844.3,0
26108,56195.3,0
26109,57721.7,0
26110,59745.9,0
26111,63038.6,0
26112,66442.4,0
26113,69872.1,0
26114,72393.7,0
26115,74570.1,0
26116,75936.8,0
26117,76371.8,0
26118,75789.9,0
26119,73922.6,0
26120,72938.6,0
26121,72085.7,0
26122,68128.6,0
26123,64567.5,0
26124,59770.2,0
26125,56686.6,0
26126,55988.9,0
26127,54873.2,0
26128,53834.3,0
26129,51945,0
26130,48334,0
26131,45502.9,0
26132,44963.4,0
26133,44748,0
26134,44947.1,0
26135,46508.3,0
26136,48228.8,0
26137,49905.8,0
26138,50614.5,0
26139,51029.8,0
26140,51757,0
26141,52309.6,0
26142,51980.1,0
26143,51472.5,0
26144,52473.3,0
26145,51088.6,0
26146,47077.8,0
26147,42842.1,0
26148,39385.8,0
26149,36463.4,0
26150,33920.3,0
26151,32479.7,0
26152,33746.6,0
26153,36841.2,0
26154,38015.5,0
26155,38348.7,0
26156,40236.4,0
26157,42371.3,0
26158,43639.6,0
26159,45223.5,0
26160,46626.9,0
26161,48395.8,0
26162,49477.2,0
26163,50127.6,0
26164,50163.1,0
26165,49375.5,0
26166,47601.8,0
26167,45170.1,0
26168,44154.3,0
26169,44116.5,0
26170,43090.1,0
26171,41186.2,0
26172,38969.1,0
26173,37414.9,0
26174,36462.6,0
26175,35737.3,0
26176,35110.9,0
26177,33895.1,0
26178,31767.4,0
26179,29508.8,0
26180,29067.3,0
26181,28898.9,0
26182,29069.6,0
26183,30561.3,0
26184,32180.2,0
26185,33752.3,0
26186,34409.8,0
26187,34747.1,0
26188,34876.6,0
26189,34541.3,0
26190,33211.3,0
26191,31149.5,0
26192,30508.7,0
26193,30895.7,0
26194,29232.2,0
26195,26403.2,0
26196,23093.3,0
26197,22019.4,0
26198,20165.2,0
26199,18511.6,0
26200,18727.3,0
26201,19884.9,0
26202,19102.3,0
26203,18253.4,0
26204,18839.4,0
26205,19651.8,0
26206,21260,0
26207,24569.5,0
26208,28074.5,0
26209,31355,0
26210,33510.9,0
26211,35403.9,0
26212,37191,0
26213,38513.4,0
26214,38875.8,0
26215,38278,0
26216,38647.5,0
26217,37567.6,0
26218,34497.3,0
26219,31505.7,0
26220,29184.3,0
26221,26886.2,0
26222,25756.7,0
26223,26599.3,0
26224,27369.9,0
26225,27913.7,0
26226,27233.1,0
26227,27098.1,0
26228,28962.2,0
26229,31159.4,0
26230,32352.6,0
26231,33769.6,0
26232,35130.1,0
26233,36682.1,0
26234,37428.8,0
26235,37742.2,0
26236,37952.9,0
26237,37811.4,0
26238,36728.5,0
26239,34619.9,0
26240,33851.5,0
26241,35138.8,0
26242,34947.2,0
26243,33415.5,0
26244,31947.7,0
26245,30781,0
26246,30425.3,0
26247,30532.1,0
26248,29729.5,0
26249,28325.1,0
26250,25326.6,0
26251,22997.4,0
26252,22807.3,0
26253,22887.1,0
26254,23476.4,0
26255,25479.8,0
26256,27664.2,0
26257,29599.5,0
26258,30437.1,0
26259,30947.3,0
26260,31286.4,0
26261,31193.1,0
26262,30160.8,0
26263,28404,0
26264,28159.7,0
26265,29737.1,0
26266,29346.9,0
26267,28065.4,0
26268,26965.1,0
26269,26084.7,0
26270,25823.8,0
26271,25754.7,0
26272,25657.2,0
26273,24889.9,0
26274,22401.9,0
26275,20801,0
26276,21612.9,0
26277,22691.5,0
26278,23787.1,0
26279,25948.8,0
26280,28251.8,0
26281,38480.5,0
26282,37297.6,0
26283,37934.5,0
26284,38337.2,0
26285,38250,0
26286,37264.3,0
26287,35405.5,0
26288,34905.6,0
26289,36160,0
26290,35637.6,0
26291,34574.8,0
26292,33342.2,0
26293,32424,0
26294,32186.6,0
26295,32370.7,0
26296,32652.7,0
26297,32222.5,0
26298,30230.2,0
26299,29067.8,0
26300,30259.6,0
26301,31731.4,0
26302,33388.3,0
26303,36170.6,0
26304,39144.1,0
26305,41961.9,0
26306,43666.2,0
26307,45030.4,0
26308,46543.3,0
26309,47821.5,0
26310,48130.3,0
26311,47283.7,0
26312,47491.2,0
26313,44785.6,0
26314,40501.4,0
26315,36709.2,0
26316,33697.8,0
26317,30888.3,0
26318,28238,0
26319,26403.3,0
26320,26624.9,0
26321,29553.4,0
26322,30619.6,0
26323,31269.5,0
26324,33736.5,0
26325,36616.2,0
26326,39060,0
26327,42080.1,0
26328,45126.6,0
26329,47680.1,0
26330,48879.2,0
26331,49633.6,0
26332,50137.8,0
26333,50167.1,0
26334,49160.8,0
26335,46938.2,0
26336,45855.8,0
26337,45192.8,0
26338,41712,0
26339,38890.9,0
26340,37278.9,0
26341,35773.6,0
26342,35248.7,0
26343,35980,0
26344,36145.7,0
26345,35567.5,0
26346,34152,0
26347,32774.3,0
26348,33339.8,0
26349,34174.9,0
26350,35745.6,0
26351,38923.9,0
26352,42313.9,0
26353,44777.6,0
26354,45668.7,0
26355,46162.9,0
26356,46830.1,0
26357,47270.5,0
26358,46743,0
26359,44937.5,0
26360,44033.4,0
26361,43923.9,0
26362,43302.5,0
26363,41526.8,0
26364,39625,0
26365,38634.7,0
26366,38074.1,0
26367,37825.7,0
26368,37440.3,0
26369,36420.1,0
26370,34621.5,0
26371,32652.2,0
26372,32689,0
26373,33008.8,0
26374,33551.6,0
26375,35270.5,0
26376,37130.1,0
26377,38977.9,0
26378,39940.8,0
26379,40597,0
26380,41083.3,0
26381,41086.4,0
26382,40204.9,0
26383,38517.5,0
26384,38157.1,0
26385,38773.4,0
26386,38139.9,0
26387,35736.8,0
26388,33142.5,0
26389,31929,0
26390,31601.6,0
26391,32538.1,0
26392,32665.9,0
26393,31936.7,0
26394,30497.7,0
26395,28960.9,0
26396,29205.4,0
26397,29666.7,0
26398,30510.2,0
26399,32672.6,0
26400,34978.3,0
26401,37198,0
26402,38391.3,0
26403,39269,0
26404,39760.7,0
26405,39676.9,0
26406,38595,0
26407,36744,0
26408,36243.2,0
26409,36668.3,0
26410,36255.7,0
26411,35203.3,0
26412,34276.2,0
26413,33370.5,0
26414,33125.4,0
26415,33286.1,0
26416,33000.6,0
26417,31776.1,0
26418,29574.4,0
26419,27407.8,0
26420,27325.9,0
26421,27523.4,0
26422,29548.2,0
26423,34125.1,0
26424,39082.8,0
26425,43258.8,0
26426,45994.3,0
26427,48521.2,0
26428,50468.4,0
26429,51603.3,0
26430,51739.1,0
26431,51025.2,0
26432,51616.9,0
26433,52352.8,0
26434,50680.9,0
26435,48105.6,0
26436,45625.6,0
26437,41805.3,0
26438,39901.5,0
26439,39264.7,0
26440,41200.9,0
26441,44210,0
26442,44710.8,0
26443,45065.6,0
26444,47496.6,0
26445,50194.1,0
26446,53133.6,0
26447,57250.3,0
26448,61423.7,0
26449,64994.7,0
26450,67132.1,0
26451,68867.6,0
26452,70632.4,0
26453,71972.4,0
26454,72328,0
26455,71841.7,0
26456,72443.5,0
26457,70917.6,0
26458,66618.4,0
26459,63074.5,0
26460,60635.6,0
26461,57869.3,0
26462,54908.6,0
26463,53173.7,0
26464,53979.7,0
26465,58063.9,0
26466,59368.3,0
26467,59569.9,0
26468,61629.5,0
26469,63968.1,0
26470,66679.3,0
26471,70671,0
26472,74796.4,0
26473,78180.7,0
26474,80026.4,0
26475,81527.6,0
26476,82772.5,0
26477,83474.9,0
26478,83130.7,0
26479,81686.6,0
26480,81125.7,0
26481,77015.1,0
26482,71140.6,0
26483,66172.9,0
26484,62227.1,0
26485,59363.9,0
26486,57802.3,0
26487,58127.7,0
26488,58632,0
26489,58299.1,0
26490,57463.3,0
26491,55941.4,0
26492,56416.3,0
26493,57107.6,0
26494,58077.1,0
26495,60227.4,0
26496,62468.6,0
26497,64170.3,0
26498,64600.2,0
26499,64616.5,0
26500,64342.1,0
26501,63475.8,0
26502,61574.4,0
26503,58670.4,0
26504,56801.8,0
26505,55553.2,0
26506,54054.9,0
26507,51588.9,0
26508,48854.9,0
26509,46620.9,0
26510,44901.9,0
26511,44732.5,0
26512,42730.3,0
26513,40233.8,0
26514,37292.8,0
26515,33995.1,0
26516,32841.7,0
26517,31927.6,0
26518,31379.6,0
26519,32091.4,0
26520,32974.5,0
26521,33619.9,0
26522,33062.1,0
26523,32184.1,0
26524,34047.7,0
26525,37895.5,0
26526,41110,0
26527,43319.9,0
26528,46590.7,0
26529,50728.3,0
26530,53080.6,0
26531,53967.5,0
26532,56196,0
26533,56813.5,0
26534,56723,0
26535,57991,0
26536,58258.1,0
26537,58081.9,0
26538,57282,0
26539,55674.6,0
26540,56117.1,0
26541,56794.8,0
26542,58144.5,0
26543,60936.2,0
26544,63904,0
26545,66671.8,0
26546,68233.7,0
26547,69482.3,0
26548,70662.4,0
26549,71444.9,0
26550,71228.8,0
26551,69747.8,0
26552,68941.4,0
26553,64430.8,0
26554,58685.9,0
26555,54072.5,0
26556,49581.8,0
26557,46619.5,0
26558,46318.2,0
26559,46899,0
26560,47219.5,0
26561,45302.4,0
26562,42688.9,0
26563,40040.2,0
26564,39569.1,0
26565,39214.4,0
26566,39031.8,0
26567,39947.1,0
26568,40988.6,0
26569,42111.8,0
26570,42398.4,0
26571,42349.9,0
26572,41907.9,0
26573,40952.4,0
26574,38985.9,0
26575,36085.6,0
26576,34350.8,0
26577,33781.1,0
26578,31909.6,0
26579,28410.6,0
26580,25708.3,0
26581,21997.9,0
26582,18867.5,0
26583,16618.4,0
26584,16874.6,0
26585,17590.2,0
26586,16318.1,0
26587,16652.3,0
26588,19680,0
26589,23116.4,0
26590,26440.3,0
26591,30716.8,0
26592,35247,0
26593,39335.6,0
26594,42167.9,0
26595,44669,0
26596,46276.1,0
26597,46801.9,0
26598,46246.5,0
26599,44545.7,0
26600,44036.6,0
26601,44758.8,0
26602,42796.9,0
26603,42300.7,0
26604,39942,0
26605,38542,0
26606,36966.2,0
26607,35635.2,0
26608,34829.6,0
26609,33761.4,0
26610,31147.4,0
26611,28810.5,0
26612,28485,0
26613,28440.5,0
26614,28646.4,0
26615,30109.1,0
26616,31718.6,0
26617,33144.1,0
26618,33657.1,0
26619,33851.6,0
26620,34076.4,0
26621,34010.2,0
26622,33041.7,0
26623,31035.1,0
26624,30242.9,0
26625,30985.8,0
26626,29726.6,0
26627,27346.2,0
26628,25648.1,0
26629,24237.9,0
26630,23355.7,0
26631,23173.5,0
26632,22930.6,0
26633,22028.8,0
26634,19987.4,0
26635,18020.9,0
26636,17937.6,0
26637,18078.1,0
26638,18686.4,0
26639,20683.9,0
26640,22865.1,0
26641,24755,0
26642,25518.4,0
26643,25984.5,0
26644,26393.6,0
26645,26501.4,0
26646,25703.9,0
26647,24072.6,0
26648,23772.4,0
26649,25042.2,0
26650,24498.4,0
26651,22912.3,0
26652,21578.4,0
26653,20295.4,0
26654,19866.4,0
26655,20116.4,0
26656,20378.7,0
26657,20571.7,0
26658,19360.7,0
26659,18263.4,0
26660,18889,0
26661,19760.8,0
26662,20874.2,0
26663,23142.9,0
26664,25539.1,0
26665,27795.7,0
26666,29059.7,0
26667,30004.6,0
26668,30869.5,0
26669,31324.8,0
26670,30868,0
26671,29481.8,0
26672,29223.7,0
26673,30031.7,0
26674,29545.9,0
26675,28613.2,0
26676,28650.3,0
26677,27101.9,0
26678,26669.8,0
26679,26527.3,0
26680,26644.9,0
26681,25964.4,0
26682,24475.1,0
26683,22781.2,0
26684,23024.7,0
26685,23474.1,0
26686,24462.4,0
26687,26831.4,0
26688,29375,0
26689,31689.5,0
26690,32891.6,0
26691,33792.6,0
26692,34526,0
26693,34827.6,0
26694,34197.6,0
26695,32718.6,0
26696,32358.5,0
26697,32275.8,0
26698,31774.2,0
26699,30232.3,0
26700,28452.6,0
26701,25394,0
26702,23611.5,0
26703,21292.7,0
26704,21436,0
26705,23444.4,0
26706,25468.8,0
26707,25502.1,0
26708,26534.7,0
26709,27848.1,0
26710,29376.9,0
26711,32022.8,0
26712,34603.1,0
26713,36782.5,0
26714,37820,0
26715,38468,0
26716,39524.2,0
26717,40686.9,0
26718,40956.7,0
26719,40218.2,0
26720,40570.3,0
26721,40722.2,0
26722,36791.6,0
26723,32301.2,0
26724,28957.3,0
26725,26192.1,0
26726,23797.5,0
26727,22250.8,0
26728,22050.8,0
26729,23302.8,0
26730,23263.5,0
26731,23444.7,0
26732,25626.7,0
26733,28099.9,0
26734,30835,0
26735,34841.6,0
26736,39259,0
26737,42880.7,0
26738,44924.2,0
26739,46596.7,0
26740,47855.7,0
26741,48429.8,0
26742,47979.3,0
26743,46274.1,0
26744,45509,0
26745,44213.2,0
26746,40081.7,0
26747,34062.7,0
26748,29841.7,0
26749,26729.5,0
26750,24167.2,0
26751,22311.1,0
26752,22013.5,0
26753,23580,0
26754,24650.9,0
26755,24432.4,0
26756,25496.6,0
26757,26702.2,0
26758,28101.7,0
26759,30548,0
26760,33013.2,0
26761,35526.1,0
26762,37224.9,0
26763,38584.1,0
26764,39603.6,0
26765,40099.5,0
26766,39594.7,0
26767,38199.9,0
26768,38005.9,0
26769,39052.6,0
26770,37552.7,0
26771,35749.9,0
26772,33939.9,0
26773,30041.1,0
26774,27196.5,0
26775,25865.4,0
26776,26235.1,0
26777,26370.6,0
26778,24630.1,0
26779,23121.5,0
26780,23504.9,0
26781,24068.7,0
26782,25122.7,0
26783,27501,0
26784,30193.7,0
26785,32634.8,0
26786,33984.1,0
26787,34995.7,0
26788,36713.3,0
26789,38680.5,0
26790,39837.3,0
26791,40170.3,0
26792,41738.5,0
26793,43673.9,0
26794,41792.2,0
26795,41066.1,0
26796,38394.5,0
26797,35933,0
26798,34861.9,0
26799,34427.6,0
26800,35864.2,0
26801,38490.7,0
26802,38904.8,0
26803,39058.8,0
26804,41320.9,0
26805,43819.4,0
26806,46657.1,0
26807,50695.5,0
26808,54869.9,0
26809,58884,0
26810,61702.4,0
26811,64123.9,0
26812,65994.7,0
26813,67061.3,0
26814,67110.7,0
26815,66559.4,0
26816,66723.6,0
26817,63028.5,0
26818,57771.9,0
26819,52159.3,0
26820,47208.1,0
26821,43742.2,0
26822,41102.6,0
26823,39275.1,0
26824,39760.6,0
26825,41785.2,0
26826,43347.6,0
26827,42794.1,0
26828,43767.7,0
26829,44857,0
26830,46332.7,0
26831,49129.4,0
26832,51925.1,0
26833,54046.9,0
26834,54859.3,0
26835,55250.8,0
26836,55263.9,0
26837,54759.2,0
26838,53187.3,0
26839,51142,0
26840,50658.7,0
26841,51003.7,0
26842,50384.6,0
26843,48653,0
26844,46314,0
26845,44146.4,0
26846,41684.5,0
26847,40153.6,0
26848,40168.8,0
26849,39600.6,0
26850,38424,0
26851,36633.8,0
26852,36716.3,0
26853,37036.7,0
26854,38393.1,0
26855,41599.4,0
26856,44986.4,0
26857,48816.3,0
26858,52066,0
26859,55140.7,0
26860,57826.9,0
26861,60050.8,0
26862,61328.8,0
26863,61076.5,0
26864,60996.4,0
26865,57559.9,0
26866,52810.4,0
26867,48163.6,0
26868,44215.8,0
26869,41228.4,0
26870,38498.5,0
26871,36538.3,0
26872,36596.8,0
26873,38343.9,0
26874,40821.8,0
26875,41506.5,0
26876,44140,0
26877,47040.9,0
26878,50220.6,0
26879,54785,0
26880,59397.1,0
26881,63389.6,0
26882,66039.7,0
26883,68259.4,0
26884,70373.8,0
26885,72204.5,0
26886,73017.6,0
26887,72455.9,0
26888,71977.3,0
26889,67145.8,0
26890,62317.9,0
26891,59273.7,0
26892,55641.1,0
26893,53307.8,0
26894,51167.3,0
26895,50538.5,0
26896,50839.5,0
26897,51332.3,0
26898,51082.8,0
26899,50098.7,0
26900,51088.1,0
26901,52327.2,0
26902,53628.4,0
26903,55969.8,0
26904,58370.2,0
26905,60698,0
26906,62071.5,0
26907,63083.5,0
26908,63828.4,0
26909,64065.7,0
26910,63333.2,0
26911,61691.3,0
26912,61184.3,0
26913,60981.2,0
26914,58286.9,0
26915,52495.1,0
26916,48181.1,0
26917,47073.2,0
26918,47662.1,0
26919,47539.3,0
26920,46581.9,0
26921,46898.1,0
26922,47425.6,0
26923,46743.2,0
26924,48232.7,0
26925,50051.5,0
26926,51544.2,0
26927,53888.3,0
26928,56251,0
26929,59025,0
26930,61165,0
26931,62971.3,0
26932,64144.6,0
26933,64470.7,0
26934,63774.7,0
26935,62439.8,0
26936,61838.6,0
26937,58771.6,0
26938,55310.4,0
26939,50523.2,0
26940,46084.9,0
26941,44039.1,0
26942,42689.7,0
26943,42865.6,0
26944,43205.5,0
26945,44749.1,0
26946,44387.6,0
26947,43708.4,0
26948,45012.3,0
26949,46530.4,0
26950,48847.6,0
26951,52898.8,0
26952,57087,0
26953,61062.6,0
26954,64011.8,0
26955,66695.7,0
26956,68886,0
26957,70440.3,0
26958,70998.5,0
26959,70287.6,0
26960,70023.2,0
26961,67087.3,0
26962,61334.4,0
26963,54989.5,0
26964,49290.3,0
26965,44893.9,0
26966,41235.8,0
26967,38372.9,0
26968,37912.7,0
26969,39379.8,0
26970,41879.4,0
26971,42795.9,0
26972,45674.5,0
26973,48900.6,0
26974,52057.6,0
26975,56023.2,0
26976,59942.2,0
26977,63533.3,0
26978,65904.5,0
26979,67849.9,0
26980,69549.6,0
26981,70676.4,0
26982,70779.3,0
26983,69042.4,0
26984,67472.2,0
26985,64796.1,0
26986,59681.5,0
26987,54157.9,0
26988,47591.3,0
26989,42556.9,0
26990,38913.3,0
26991,38150.4,0
26992,37758.9,0
26993,38105.2,0
26994,38747.2,0
26995,38919.6,0
26996,41495.6,0
26997,44460.7,0
26998,47749.7,0
26999,52328.9,0
27000,57147.2,0
27001,62044.4,0
27002,66125.5,0
27003,69848.6,0
27004,72278.1,0
27005,73458.6,0
27006,73580.2,0
27007,71831.2,0
27008,70144,0
27009,66848.6,0
27010,60262.1,0
27011,53869.9,0
27012,47123.5,0
27013,41171.6,0
27014,37307.3,0
27015,34407.8,0
27016,33300.8,0
27017,33215.8,0
27018,35689.4,0
27019,35819,0
27020,37623.9,0
27021,39711.2,0
27022,41732.6,0
27023,44597.8,0
27024,47463.4,0
27025,49702.6,0
27026,50818.2,0
27027,51618.6,0
27028,52253.2,0
27029,52475.5,0
27030,51579.2,0
27031,50141.1,0
27032,49104.2,0
27033,43605.5,0
27034,38504.9,0
27035,34156.4,0
27036,29458.8,0
27037,25834.2,0
27038,23752.1,0
27039,21301.9,0
27040,19767.5,0
27041,20238.3,0
27042,20865.4,0
27043,20873,0
27044,22176.8,0
27045,24478,0
27046,27500.1,0
27047,31810.7,0
27048,35714.9,0
27049,38784.5,0
27050,40491.3,0
27051,41678.9,0
27052,42704.1,0
27053,42997.3,0
27054,42446.8,0
27055,40891.6,0
27056,40155.1,0
27057,39042,0
27058,39233.3,0
27059,37051.5,0
27060,33588.4,0
27061,31880.8,0
27062,29978.3,0
27063,29222,0
27064,29188.3,0
27065,29258.3,0
27066,28365.5,0
27067,27357.9,0
27068,28652.4,0
27069,30047.7,0
27070,31812.8,0
27071,34907.3,0
27072,37928.6,0
27073,41083,0
27074,43188.3,0
27075,44214.6,0
27076,44753.9,0
27077,45613.9,0
27078,44977.4,0
27079,42844.3,0
27080,42146,0
27081,41334.7,0
27082,40638.5,0
27083,38954.7,0
27084,36322.9,0
27085,30304.7,0
27086,28015.7,0
27087,27162.2,0
27088,25978.7,0
27089,25753.9,0
27090,25554.2,0
27091,24684,0
27092,25908.2,0
27093,28040,0
27094,30446,0
27095,33394.3,0
27096,36594.1,0
27097,39514.3,0
27098,40918.8,0
27099,41808,0
27100,43021.4,0
27101,43940.5,0
27102,44405.4,0
27103,44376.5,0
27104,44788.6,0
27105,44348.5,0
27106,41008.9,0
27107,37194.3,0
27108,33863.8,0
27109,31730.8,0
27110,30149.4,0
27111,28951.6,0
27112,29025.5,0
27113,30237.6,0
27114,32726.1,0
27115,33547.9,0
27116,35781.8,0
27117,39080,0
27118,42923.5,0
27119,47523,0
27120,51590.7,0
27121,55046.5,0
27122,57899.8,0
27123,60516.2,0
27124,62857.6,0
27125,64668.1,0
27126,65077.1,0
27127,64487.9,0
27128,64194.6,0
27129,60951.5,0
27130,55051,0
27131,49290.4,0
27132,44972.7,0
27133,40747.2,0
27134,37236.1,0
27135,35774.1,0
27136,35448,0
27137,35878.3,0
27138,37687.6,0
27139,38816.7,0
27140,41121.4,0
27141,44104.1,0
27142,47632.6,0
27143,51586.1,0
27144,55865.5,0
27145,59869,0
27146,62177.5,0
27147,63835.3,0
27148,65435.8,0
27149,66254.3,0
27150,66109.1,0
27151,65391.7,0
27152,64616.8,0
27153,59306.1,0
27154,53872.4,0
27155,47954.6,0
27156,42134.6,0
27157,37483.8,0
27158,33717.9,0
27159,31182.1,0
27160,30229.6,0
27161,30309.3,0
27162,32579.9,0
27163,33878.3,0
27164,35601.8,0
27165,37704.4,0
27166,41820.1,0
27167,47334.6,0
27168,51089.8,0
27169,54244.2,0
27170,58377.3,0
27171,61063.1,0
27172,61785.3,0
27173,61485.6,0
27174,58353.6,0
27175,54408.4,0
27176,52887,0
27177,51289.5,0
27178,48206.5,0
27179,44243.8,0
27180,39361.2,0
27181,37722.3,0
27182,37177.2,0
27183,37038,0
27184,37170.1,0
27185,36966.8,0
27186,36094,0
27187,34674.1,0
27188,35061.9,0
27189,35619.7,0
27190,36251.3,0
27191,38094.5,0
27192,40231.9,0
27193,42034.9,0
27194,42723.4,0
27195,43262.4,0
27196,43120.5,0
27197,42822.7,0
27198,41945,0
27199,40425.6,0
27200,39236.6,0
27201,35986.3,0
27202,33002.2,0
27203,29587.9,0
27204,26562.3,0
27205,23109.2,0
27206,20959.6,0
27207,21502.3,0
27208,20937.7,0
27209,20200.3,0
27210,19394.2,0
27211,18904.5,0
27212,19680.4,0
27213,20732.8,0
27214,22289.4,0
27215,25453.8,0
27216,28799.4,0
27217,30838.1,0
27218,31211.7,0
27219,32085.7,0
27220,33304.6,0
27221,33712.5,0
27222,33338,0
27223,31994.7,0
27224,30765.9,0
27225,26608.6,0
27226,22187.6,0
27227,17826.7,0
27228,14135,0
27229,10922.3,10.1
27230,9278.3,161.7
27231,7621,272.4
27232,6220.7,331.1
27233,5363,294.8
27234,6502.3,0
27235,8323.2,0
27236,9995,0
27237,11460.2,0
27238,13631.6,0
27239,16784.5,0
27240,20493.8,0
27241,24166.1,0
27242,26072.3,0
27243,27104.4,0
27244,27644.4,0
27245,27488,0
27246,26652.9,0
27247,25129.1,0
27248,24348.3,0
27249,23913.5,0
27250,20603.3,0
27251,17438,0
27252,14609.4,0
27253,11632.9,0
27254,8224.9,262.9
27255,6226.9,491.5
27256,5778.9,351.1
27257,6590,129.7
27258,7090.8,0
27259,7283.9,0
27260,7951,0
27261,8670.1,0
27262,10023.3,0
27263,12044.5,0
27264,14007.5,0
27265,16263.9,0
27266,17825.2,0
27267,19103,0
27268,20150.7,0
27269,20882.5,0
27270,20709.6,0
27271,19487.6,0
27272,19076.8,0
27273,20360.4,0
27274,20048.4,0
27275,17749.1,0
27276,13369,0
27277,10650.8,53.8
27278,8621.7,247.7
27279,7402,127.1
27280,7241.2,18.3
27281,8290,0
27282,8405.3,0
27283,8560.3,0
27284,10126.6,0
27285,11855.3,0
27286,13488.4,0
27287,15833.8,0
27288,18767.1,0
27289,21161.3,0
27290,21630.1,0
27291,21546.9,0
27292,21833.6,0
27293,22034.4,0
27294,21269.9,0
27295,19615.9,0
27296,19244.5,0
27297,20692,0
27298,20679.1,0
27299,19623.6,0
27300,18511.9,0
27301,17666.6,0
27302,17741.7,0
27303,17448.6,0
27304,18004.8,0
27305,17612.1,0
27306,16705.4,0
27307,16165.8,0
27308,16607.7,0
27309,17492.2,0
27310,18830.5,0
27311,21049.3,0
27312,23259,0
27313,25551.1,0
27314,27332.5,0
27315,28509,0
27316,29226.2,0
27317,29834.5,0
27318,29712.9,0
27319,28853.5,0
27320,28389.1,0
27321,28343.9,0
27322,28053,0
27323,27285.8,0
27324,26249.7,0
27325,25476.4,0
27326,25190.6,0
27327,25287.5,0
27328,25163.7,0
27329,24540.4,0
27330,23718,0
27331,22574.7,0
27332,23545.1,0
27333,25024.5,0
27334,26377.7,0
27335,28529.4,0
27336,30951.8,0
27337,34418.1,0
27338,36915.6,0
27339,38786.3,0
27340,40555.5,0
27341,41739,0
27342,41773.1,0
27343,40690.8,0
27344,40628.7,0
27345,39329.6,0
27346,35734,0
27347,32561.1,0
27348,30134.3,0
27349,27561.8,0
27350,25779.2,0
27351,24921.6,0
27352,24448.6,0
27353,24628.8,0
27354,27112.6,0
27355,28752.4,0
27356,30635.7,0
27357,32697.1,0
27358,35552.8,0
27359,39331.7,0
27360,43095.8,0
27361,47204.7,0
27362,50669.8,0
27363,53470.4,0
27364,55606.8,0
27365,57135.9,0
27366,57754.7,0
27367,57597.3,0
27368,56145.4,0
27369,51151.9,0
27370,45983.9,0
27371,40360.1,0
27372,35874.1,0
27373,31531.3,0
27374,28165.5,0
27375,25835.5,0
27376,24112.3,0
27377,23563.7,0
27378,25951.2,0
27379,29204.4,0
27380,33409.1,0
27381,37965.1,0
27382,43651.7,0
27383,47708.7,0
27384,52270.8,0
27385,57851.6,0
27386,60732.1,0
27387,63362.6,0
27388,66878.4,0
27389,68510.2,0
27390,67529.5,0
27391,64897.1,0
27392,57988.8,0
27393,50466.2,0
27394,46941.4,0
27395,42180.2,0
27396,37511.1,0
27397,33244.5,0
27398,30422.7,0
27399,29032.5,0
27400,29936.5,0
27401,29395.9,0
27402,28747.6,0
27403,27867.6,0
27404,28314.4,0
27405,28663.1,0
27406,29458,0
27407,31455.2,0
27408,33673.2,0
27409,35391.6,0
27410,36204.1,0
27411,36613.5,0
27412,36846.7,0
27413,36889.6,0
27414,35853.9,0
27415,33583.5,0
27416,32312.7,0
27417,31859.6,0
27418,30864.9,0
27419,28959,0
27420,27158.2,0
27421,25329.4,0
27422,23008.2,0
27423,21021.5,0
27424,20308.6,0
27425,19894.3,0
27426,19298.1,0
27427,19921.2,0
27428,21532.4,0
27429,23209.8,0
27430,25318,0
27431,28981,0
27432,32824.9,0
27433,36359.2,0
27434,38538.2,0
27435,39804.1,0
27436,40623.3,0
27437,40908.5,0
27438,40200.4,0
27439,38290.2,0
27440,36635.9,0
27441,37253,0
27442,36716.1,0
27443,33390.3,0
27444,27529.9,0
27445,23640.8,0
27446,20230.5,0
27447,18470.2,0
27448,17744.1,0
27449,19032.1,0
27450,19832.2,0
27451,20930.5,0
27452,23074.6,0
27453,25815,0
27454,29462.3,0
27455,33826.8,0
27456,37884.5,0
27457,41118.5,0
27458,43103.3,0
27459,45138.4,0
27460,47286.1,0
27461,48673.4,0
27462,49249.9,0
27463,48964.3,0
27464,48290.3,0
27465,48912.1,0
27466,47413.1,0
27467,44672.4,0
27468,40464.7,0
27469,34555.5,0
27470,29705.2,0
27471,25482.4,0
27472,23771.1,0
27473,22856,0
27474,23368.4,0
27475,24669.5,0
27476,26848,0
27477,27910,0
27478,30207,0
27479,33569.2,0
27480,36345.4,0
27481,38785.5,0
27482,40050.8,0
27483,41381.1,0
27484,42403.4,0
27485,42697.6,0
27486,42437.3,0
27487,42225,0
27488,41084.6,0
27489,37972.5,0
27490,32857.7,0
27491,28003.8,0
27492,24818.7,0
27493,23103.4,0
27494,20423.8,0
27495,18450.5,0
27496,17248,0
27497,16792.6,0
27498,17515.5,0
27499,19013.3,0
27500,22437.6,0
27501,25777.2,0
27502,29146.1,0
27503,33133,0
27504,37197.2,0
27505,39572,0
27506,39862.7,0
27507,40893.5,0
27508,41890.9,0
27509,42142.6,0
27510,41018.9,0
27511,39239.3,0
27512,37479.8,0
27513,34406.1,0
27514,29777,0
27515,28912,0
27516,25485.9,0
27517,19850.6,0
27518,15910.8,0
27519,14119.7,0
27520,12834.2,0
27521,11589,0
27522,11246.8,0
27523,12348.2,0
27524,13950.8,0
27525,15297.3,0
27526,18456.6,0
27527,23066.4,0
27528,27526.8,0
27529,32511.1,0
27530,34159.4,0
27531,34358.9,0
27532,34568,0
27533,34337.9,0
27534,32949.5,0
27535,31338.3,0
27536,30503.8,0
27537,30788.8,0
27538,30423.3,0
27539,30181.8,0
27540,29666.2,0
27541,29148.3,0
27542,28791.9,0
27543,28436.5,0
27544,29041.3,0
27545,28347.6,0
27546,27730.4,0
27547,27031.6,0
27548,27548,0
27549,28736.4,0
27550,30163.3,0
27551,32583.5,0
27552,34769,0
27553,37186,0
27554,38245.8,0
27555,38818.6,0
27556,39725.6,0
27557,40015.4,0
27558,39152.4,0
27559,37375.8,0
27560,36285.6,0
27561,36442.4,0
27562,37035.2,0
27563,36594.9,0
27564,35703.1,0
27565,35363.4,0
27566,35562,0
27567,35531.9,0
27568,35524.3,0
27569,34403.5,0
27570,32722.3,0
27571,31006.6,0
27572,30613.8,0
27573,30548.7,0
27574,31188.2,0
27575,32809.7,0
27576,34624,0
27577,36449.1,0
27578,36852.1,0
27579,36569.7,0
27580,36421.8,0
27581,36221.5,0
27582,34705.7,0
27583,32382.8,0
27584,31073.6,0
27585,31130.7,0
27586,30565.7,0
27587,28977.6,0
27588,26114.6,0
27589,24239.1,0
27590,22507.8,0
27591,21151.3,0
27592,20331.5,0
27593,19662.1,0
27594,18938,0
27595,18904.9,0
27596,20123.2,0
27597,21705,0
27598,23492.9,0
27599,26471.1,0
27600,29829.8,0
27601,32989.9,0
27602,34817.7,0
27603,36014.9,0
27604,37398.5,0
27605,38830.5,0
27606,39329.8,0
27607,39126.5,0
27608,38977.4,0
27609,40064.1,0
27610,39750.9,0
27611,38365.6,0
27612,36806.6,0
27613,35190,0
27614,34070.3,0
27615,32389.8,0
27616,31571.2,0
27617,30801.2,0
27618,29026.5,0
27619,27871.6,0
27620,28855.5,0
27621,29794,0
27622,30842,0
27623,33493,0
27624,36163.5,0
27625,38592.7,0
27626,39813,0
27627,40445.7,0
27628,41310.8,0
27629,41287.7,0
27630,40490.6,0
27631,40154.5,0
27632,38968.7,0
27633,37402.6,0
27634,32583.4,0
27635,28663.5,0
27636,28388.1,0
27637,25360.4,0
27638,24407.9,0
27639,24083.9,0
27640,24325.1,0
27641,25181.5,0
27642,23611.3,0
27643,23112.2,0
27644,24353.6,0
27645,25518,0
27646,26910.6,0
27647,29670.3,0
27648,33099.7,0
27649,36305,0
27650,38249.9,0
27651,39520.7,0
27652,40344.4,0
27653,40672.5,0
27654,40310.8,0
27655,39752.8,0
27656,38698,0
27657,36592.9,0
27658,34994.2,0
27659,29615.4,0
27660,25610.7,0
27661,22588.3,0
27662,20567.1,0
27663,19151.7,0
27664,18227.5,0
27665,18184.1,0
27666,18127.3,0
27667,18613.9,0
27668,21268.3,0
27669,23984.8,0
27670,26596.3,0
27671,30508.8,0
27672,34486.3,0
27673,38364.6,0
27674,41475.1,0
27675,43570.9,0
27676,44774.5,0
27677,45464.3,0
27678,45197.5,0
27679,43853.7,0
27680,42804.6,0
27681,41868,0
27682,38097.2,0
27683,34463.6,0
27684,30384.7,0
27685,28620.1,0
27686,26997,0
27687,25358.4,0
27688,24304.2,0
27689,23799.7,0
27690,23852.5,0
27691,24092,0
27692,26093.6,0
27693,28297.4,0
27694,29527.5,0
27695,31228.7,0
27696,32982.9,0
27697,34351.7,0
27698,34396.6,0
27699,33888.9,0
27700,33157.6,0
27701,33187.9,0
27702,32530.9,0
27703,30446,0
27704,27113.7,0
27705,23630,0
27706,19076,0
27707,13614.5,0
27708,10293.3,0
27709,8722.8,0
27710,6726.4,86.2
27711,5748.7,153.8
27712,5345.3,135
27713,4980,66.8
27714,4460.2,0
27715,4363.2,0
27716,5044.2,0
27717,5971.4,0
27718,7446.6,0
27719,10282,0
27720,13426.3,0
27721,16808.4,0
27722,19371.1,0
27723,21151.9,0
27724,22605.4,0
27725,23854.8,0
27726,24506.4,0
27727,24385,0
27728,22231.8,0
27729,20880.9,0
27730,19715.8,0
27731,18413.6,0
27732,17074.2,14.6
27733,15701.4,14.7
27734,14479.1,258.1
27735,13749.1,336.4
27736,13615.5,284.5
27737,13655.4,102.5
27738,14496.5,0
27739,16557.1,0
27740,19128.3,0
27741,21780.1,0
27742,24715.8,0
27743,29162.3,0
27744,33736.8,0
27745,37694.8,0
27746,40592,0
27747,42914.4,0
27748,45191.7,0
27749,47115.2,0
27750,47782.9,0
27751,47545,0
27752,43705.9,0
27753,39893.2,0
27754,36097.2,0
27755,31843.3,0
27756,27879.4,0
27757,24376.2,0
27758,21700.6,0
27759,21925.7,0
27760,22423.3,0
27761,21572.1,0
27762,20652.6,0
27763,21176.6,0
27764,23024.9,0
27765,24872.6,0
27766,26798,0
27767,29622.4,0
27768,32596.3,0
27769,35269.3,0
27770,36769.2,0
27771,37821.8,0
27772,38620.6,0
27773,39128.5,0
27774,38517.8,0
27775,36736.7,0
27776,35713,0
27777,36212.9,0
27778,35248.9,0
27779,33458.7,0
27780,30697.5,0
27781,29609.2,0
27782,29157.1,0
27783,28981.6,0
27784,25976,0
27785,25486.1,0
27786,26062.5,0
27787,27500,0
27788,29641.2,0
27789,31769.3,0
27790,34238.9,0
27791,37665.6,0
27792,41044.7,0
27793,44115.4,0
27794,45561.8,0
27795,45740.1,0
27796,45995.5,0
27797,46689.8,0
27798,45412.6,0
27799,42860.4,0
27800,41092.8,0
27801,42109.4,0
27802,40464.9,0
27803,35080.1,0
27804,31842.8,0
27805,28776.2,0
27806,26075.8,0
27807,24711.4,0
27808,23522.7,0
27809,23487.8,0
27810,24681.5,0
27811,26456.9,0
27812,28177,0
27813,29151.4,0
27814,30114.6,0
27815,32876.9,0
27816,36056.3,0
27817,38344.7,0
27818,39737.9,0
27819,40463,0
27820,40944.2,0
27821,42289.8,0
27822,42650.1,0
27823,41431.8,0
27824,36828.1,0
27825,33329.2,0
27826,30126.1,0
27827,26549.6,0
27828,24090.9,0
27829,22171.4,0
27830,19797,0
27831,18248.2,0
27832,17632.7,0
27833,17045.8,0
27834,17390.1,0
27835,19313.5,0
27836,21397.9,0
27837,22912,0
27838,24540.8,0
27839,27825.3,0
27840,31260.6,0
27841,34276.6,0
27842,36428.9,0
27843,37743.1,0
27844,38874.4,0
27845,39774.4,0
27846,39879,0
27847,38846.6,0
27848,34310.5,0
27849,30398.6,0
27850,27151,0
27851,23878,0
27852,20895.8,0
27853,18099.4,0
27854,15608.4,3.6
27855,14043.5,45.7
27856,15153.4,0
27857,15459.5,0
27858,14931.9,0
27859,15343.8,0
27860,16640,0
27861,18404.6,0
27862,20170,0
27863,22705.5,0
27864,25354.7,0
27865,27388.5,0
27866,28440.9,0
27867,28916.2,0
27868,29339.6,0
27869,29308.3,0
27870,28429.1,0
27871,26934.1,0
27872,25789.4,0
27873,26163.5,0
27874,26253.7,0
27875,25430.9,0
27876,24444.5,0
27877,24016.6,0
27878,23705.1,0
27879,23648.2,0
27880,22964.7,0
27881,22388.3,0
27882,20875.9,0
27883,19605.7,0
27884,19830.5,0
27885,19941.5,0
27886,20521.4,0
27887,22351.3,0
27888,24083.3,0
27889,25940.8,0
27890,26906.2,0
27891,27568.7,0
27892,27723.4,0
27893,27537.2,0
27894,26632.5,0
27895,24718.8,0
27896,22861.4,0
27897,22396.7,0
27898,21496.3,0
27899,19671.2,0
27900,17741,0
27901,16175.7,0
27902,15694.7,0
27903,15135.8,0
27904,14261.1,0
27905,12998.7,0
27906,11043.9,0
27907,11793.1,0
27908,13243.5,0
27909,14320.7,0
27910,15706.5,0
27911,18150,0
27912,20616.2,0
27913,22874.2,0
27914,24447.4,0
27915,25618.8,0
27916,26246.1,0
27917,26333.8,0
27918,25490.6,0
27919,23920.3,0
27920,21618.6,0
27921,19105.7,0
27922,14913.2,0
27923,10670.2,0
27924,7466.1,46.8
27925,5153.5,195.9
27926,3366.7,502.4
27927,2082.1,605.5
27928,1275.6,653
27929,911.3,566.5
27930,782.8,23.8
27931,1051.5,0
27932,1624.2,0
27933,2438.8,0
27934,3620.9,0
27935,6127.7,0
27936,9367.5,0
27937,12263.3,0
27938,13862.2,0
27939,14356.1,0
27940,14963.8,0
27941,15269.4,0
27942,15035.9,0
27943,14633.8,0
27944,14324.3,0
27945,15669.4,0
27946,16204,0
27947,16118.2,0
27948,15687.3,0
27949,15254,0
27950,15151,0
27951,15705.9,0
27952,15892.7,0
27953,15303.4,0
27954,13940.4,0
27955,12862.4,0
27956,13100.2,0
27957,13523.4,0
27958,14040.9,0
27959,15830,0
27960,17812.4,0
27961,19908.3,0
27962,20764.4,0
27963,21307.2,0
27964,21406.5,0
27965,21000.2,0
27966,19370.3,0
27967,18695.4,0
27968,20140.6,0
27969,20411,0
27970,19679.1,0
27971,19097.3,0
27972,18811.4,0
27973,18528.8,0
27974,18139.2,0
27975,17015.1,0
27976,14193.9,0
27977,11622,0
27978,10857.6,0
27979,11429.3,0
27980,11706.9,0
27981,12959.2,0
27982,15138.7,0
27983,17328.1,0
27984,18115.2,0
27985,17812.5,0
27986,19314,0
27987,20642.4,0
27988,21835,0
27989,21350.2,0
27990,20931.5,0
27991,21003.5,0
27992,19410.8,0
27993,15576,0
27994,10459.7,0
27995,6921.6,0
27996,4522.6,0
27997,2859.1,194.6
27998,2021.4,139.4
27999,1516.4,166.1
28000,1463.9,113.9
28001,1436,0
28002,1556.6,0
28003,2283.5,0
28004,3696,0
28005,5369.8,0
28006,7205.8,0
28007,9416.8,0
28008,11718,0
28009,13276.6,0
28010,14365.8,0
28011,15112.6,0
28012,15283.8,0
28013,14914.2,0
28014,14122.4,0
28015,14152.4,0
28016,15504.3,0
28017,15741.1,0
28018,14938.4,0
28019,14062.3,0
28020,13344.1,0
28021,12606.8,0
28022,12297.6,0
28023,10735.8,0
28024,9231.7,0
28025,7455.5,0
28026,6723.9,0
28027,7303.1,0
28028,7779.3,0
28029,8427.4,0
28030,9923,0
28031,11702.3,0
28032,13925.3,0
28033,15317.2,0
28034,16405.4,0
28035,17457.4,0
28036,18091.6,0
28037,17821.6,0
28038,16515.2,0
28039,16167.6,0
28040,16332.6,0
28041,15922.2,0
28042,15132.9,0
28043,12531.9,0
28044,11488.2,0
28045,7825.7,0
28046,5918.9,0
28047,7234,0
28048,8558.1,0
28049,9246.3,0
28050,9901.7,0
28051,11254.7,0
28052,12391.1,0
28053,13886.8,0
28054,15974.2,0
28055,18151.1,0
28056,20266.1,0
28057,21083.3,0
28058,21708.1,0
28059,22357.3,0
28060,22503.5,0
28061,22063.1,0
28062,20796.1,0
28063,20580,0
28064,21679.1,0
28065,21426.3,0
28066,20148.8,0
28067,18757.1,0
28068,18275,0
28069,17825.1,0
28070,17518.4,0
28071,16916.5,0
28072,16110.6,0
28073,14568.2,0
28074,14238.2,0
28075,15978.8,0
28076,17080.7,0
28077,18800.5,0
28078,21863.7,0
28079,24727,0
28080,27144.7,0
28081,28643.2,0
28082,29568.9,0
28083,30270.5,0
28084,31152.2,0
28085,30775.1,0
28086,29134.8,0
28087,28999.8,0
28088,29630.5,0
28089,27229.9,0
28090,25615,0
28091,24505.5,0
28092,24240.8,0
28093,23819.7,0
28094,22466.9,0
28095,21970.3,0
28096,20041.1,0
28097,18236.2,0
28098,17803.9,0
28099,18948.1,0
28100,20003.8,0
28101,21866.1,0
28102,25624.5,0
28103,29451.5,0
28104,33016.6,0
28105,35769.5,0
28106,37918.7,0
28107,39768.3,0
28108,41262.1,0
28109,41296.9,0
28110,40259.2,0
28111,39703.8,0
28112,38574,0
28113,37459.2,0
28114,36939.3,0
28115,33927.9,0
28116,30876.8,0
28117,28435.4,0
28118,28398.2,0
28119,26719.4,0
28120,27040,0
28121,24924,0
28122,24748.3,0
28123,27095.2,0
28124,29295.9,0
28125,32086.6,0
28126,35726.8,0
28127,39374.2,0
28128,42800.6,0
28129,44443.8,0
28130,45223.7,0
28131,46071.3,0
28132,46783.5,0
28133,46659.6,0
28134,46155.6,0
28135,45557.9,0
28136,42981.1,0
28137,37513,0
28138,31732,0
28139,27002.1,0
28140,22903.7,0
28141,19361,0
28142,15988.2,0
28143,12899.3,0
28144,10002.8,0
28145,7986.8,0
28146,8031.5,0
28147,10485.6,0
28148,12862.8,0
28149,15120.4,0
28150,18535,0
28151,22002.6,0
28152,24955.3,0
28153,27056.6,0
28154,28831,0
28155,29586.6,0
28156,29856.2,0
28157,29493.9,0
28158,28214.6,0
28159,27267,0
28160,26124.3,0
28161,23371.4,0
28162,20494.9,0
28163,19228.6,0
28164,17167.1,0
28165,15357.2,0
28166,13179.2,0
28167,10828.3,0
28168,8133,0
28169,5630.6,0
28170,5297.6,0
28171,6953.3,0
28172,9426.4,0
28173,11096.1,0
28174,14804.7,0
28175,19167,0
28176,21804.6,0
28177,23340.9,0
28178,24489.7,0
28179,25321.3,0
28180,25501.2,0
28181,25135.9,0
28182,23771.2,0
28183,23231.2,0
28184,23349,0
28185,23298.5,0
28186,21768,0
28187,20570.7,0
28188,20151,0
28189,19800.5,0
28190,19196.6,0
28191,18479.3,0
28192,16929.4,0
28193,15111.2,0
28194,14426.9,0
28195,15543.3,0
28196,16392.2,0
28197,17126.6,0
28198,19031.8,0
28199,21410.3,0
28200,23637.3,0
28201,24998.5,0
28202,26129.3,0
28203,26962.3,0
28204,26914.6,0
28205,25639.6,0
28206,23500.7,0
28207,22314.1,0
28208,23003.8,0
28209,22496,0
28210,21398.2,0
28211,18082.2,0
28212,16044.8,0
28213,15404,0
28214,15887.2,0
28215,15056.8,0
28216,15190.1,0
28217,15302.8,0
28218,16845.3,0
28219,19629.2,0
28220,22043.5,0
28221,25131.2,0
28222,29963.7,0
28223,34986.4,0
28224,39457.6,0
28225,42394.5,0
28226,45166.7,0
28227,47639.1,0
28228,49223.8,0
28229,49516.6,0
28230,48893.1,0
28231,47804.3,0
28232,45080.5,0
28233,41968.9,0
28234,37279.2,0
28235,33323.1,0
28236,30716.1,0
28237,27333.3,0
28238,25016.2,0
28239,22974.8,0
28240,20710.1,0
28241,18309.1,0
28242,18779.4,0
28243,22282.1,0
28244,24783.3,0
28245,27494.8,0
28246,31526.4,0
28247,35364.2,0
28248,39077.2,0
28249,41637.6,0
28250,43815.5,0
28251,45739.7,0
28252,46712.4,0
28253,47767.2,0
28254,47709.1,0
28255,45446,0
28256,41579.4,0
28257,36796.5,0
28258,31260.1,0
28259,26440.1,0
28260,22656.2,0
28261,19758.8,0
28262,16958.6,0
28263,14390.6,5.3
28264,12122.4,5
28265,10242.1,0
28266,10179.9,0
28267,12775.5,0
28268,14709,0
28269,16612.6,0
28270,19203,0
28271,21955.4,0
28272,24617.4,0
28273,25911.6,0
28274,27081.3,0
28275,28095.6,0
28276,28701.5,0
28277,28732.7,0
28278,27920.7,0
28279,26833.5,0
28280,25396,0
28281,21540.2,0
28282,17951.5,0
28283,15162.8,0
28284,13491.4,0
28285,13385.8,0
28286,12595,0
28287,11667,0
28288,10771.3,0
28289,9827.3,0
28290,9821.4,0
28291,11932.5,0
28292,14571.3,0
28293,17844.9,0
28294,22312.4,0
28295,26979.3,0
28296,31352.6,0
28297,34389.8,0
28298,36975.3,0
28299,39600.6,0
28300,41820.9,0
28301,42649.4,0
28302,42448.9,0
28303,40695.5,0
28304,38135.6,0
28305,33934.3,0
28306,29632.6,0
28307,25442.4,0
28308,22029.2,0
28309,19358.4,0
28310,16468,0
28311,13790.4,0
28312,11653.9,0
28313,10078.3,0
28314,9726,0
28315,12185.9,0
28316,14893.3,0
28317,17592.9,0
28318,22313,0
28319,27504.3,0
28320,31391.6,0
28321,34646,0
28322,37934.6,0
28323,40486.9,0
28324,41743.9,0
28325,42441,0
28326,42187.9,0
28327,37340.5,0
28328,32532.6,0
28329,27738,0
28330,23302.4,0
28331,20248.5,0
28332,18408.9,0
28333,13900.2,0
28334,9375,63.8
28335,6331.5,231.2
28336,4564.9,233.1
28337,4358,0
28338,5595.3,0
28339,7859.4,0
28340,9775.4,0
28341,11114.7,0
28342,13485.5,0
28343,16323.4,0
28344,19146.9,0
28345,21619.4,0
28346,23693.8,0
28347,24970.3,0
28348,24988.7,0
28349,24565.8,0
28350,23644,0
28351,23323,0
28352,23950.4,0
28353,23980.2,0
28354,22089.2,0
28355,21456.2,0
28356,21113.2,0
28357,20602.7,0
28358,18940.1,0
28359,17557.7,0
28360,16852.1,0
28361,14902.2,0
28362,14822.8,0
28363,16173.1,0
28364,17151.7,0
28365,17985.6,0
28366,20129.6,0
28367,22534.7,0
28368,24961,0
28369,26276.1,0
28370,27003.3,0
28371,27575,0
28372,27786.2,0
28373,27066.3,0
28374,25525.3,0
28375,24603.3,0
28376,24999.5,0
28377,23998.3,0
28378,21210.3,0
28379,16275.2,0
28380,13403.8,0
28381,11637.2,0
28382,9719,1.8
28383,7028.9,83.7
28384,5224,108.9
28385,4405.2,0
28386,4403,0
28387,6719.4,0
28388,9256.8,0
28389,11202.7,0
28390,13883.4,0
28391,17267,0
28392,19995.2,0
28393,21504.2,0
28394,23183.9,0
28395,24351.9,0
28396,25611,0
28397,25976,0
28398,25362.7,0
28399,22798.9,0
28400,20257.3,0
28401,16488.9,0
28402,11664.1,0
28403,7744.1,156
28404,4963.7,282.7
28405,3435.9,745.6
28406,2279.2,1066.6
28407,1317.9,1270.1
28408,524.2,1468.9
28409,103.1,1112.3
28410,5.3,1015
28411,253.4,573.1
28412,759.4,360.1
28413,1778.1,183.3
28414,3118.7,0.4
28415,5060.3,0
28416,7878.1,0
28417,9845.5,0
28418,11668,0
28419,13110.6,0
28420,13664.5,0
28421,13744.1,0
28422,13683.4,0
28423,12587.1,0
28424,11303.6,0
28425,9073.2,0
28426,6289.2,0
28427,4289.5,300.2
28428,2629.6,738.2
28429,1498.4,1366.1
28430,664.3,2231
28431,133.7,2715.9
28432,0,2980.9
28433,0,2451.3
28434,0,2180.8
28435,0,1615.5
28436,6.3,1179.9
28437,167.2,790
28438,1165.7,419.2
28439,2994.5,145.9
28440,6022.7,0
28441,8875.7,0
28442,11750.2,0
28443,14597.7,0
28444,17296.5,0
28445,18818.6,0
28446,18447.1,0
28447,16436.5,0
28448,15162,0
28449,13251.4,0
28450,11086.5,21.9
28451,8524.7,471.4
28452,6707.2,1045.5
28453,5363.8,1487.7
28454,4335.6,1976.1
28455,3547.6,2296.8
28456,2623.8,2407.8
28457,1718.1,2387.6
28458,1433.2,2015.3
28459,2534,1204.2
28460,4509.9,668.9
28461,6652.3,449.9
28462,8913.1,207.7
28463,11895.1,7.7
28464,14785.8,0
28465,18322,0
28466,20486.7,0
28467,21967.5,0
28468,23397.3,0
28469,23843.6,0
28470,22403.9,0
28471,19310.8,0
28472,16582.8,0
28473,12118.3,0
28474,8092.2,283.1
28475,5058.7,1063.7
28476,3161.6,1788.4
28477,2063.8,2520.2
28478,1073.9,3068.6
28479,262.1,3444.8
28480,0,3661.3
28481,0,3837.2
28482,0,3640
28483,0,2592.6
28484,0,2005.1
28485,0.4,1602.2
28486,269,1010.3
28487,1376.7,521.6
28488,2948,261.4
28489,4797.6,94.4
28490,6891.8,2.1
28491,8795.9,0
28492,10448,0
28493,11258.7,0
28494,11294.6,0
28495,11057.3,0
28496,10897.8,0
28497,9493.3,85.2
28498,7373.4,685.7
28499,5245.4,1668.8
28500,3902.6,2195.2
28501,3581.6,1721.6
28502,3299.1,1773.9
28503,3012,2385.6
28504,3009.6,1833
28505,2207.3,1644.5
28506,1883.7,1647
28507,3213.2,1082.2
28508,5261.6,657.2
28509,7285.2,451
28510,9963,189.9
28511,12652.5,3
28512,15411.8,0
28513,17576.3,0
28514,19533.3,0
28515,21364.3,0
28516,22839.9,0
28517,23579.7,0
28518,23018.3,0
28519,20822,0
28520,20008.9,0
28521,19217,0
28522,16028.2,0
28523,12645.3,117.6
28524,10433.9,565
28525,8159.9,1199.3
28526,5496.2,1790.5
28527,3889,2256.1
28528,2925,2364.7
28529,1753.9,1972.1
28530,1489.5,1680.4
28531,2785.4,1005.3
28532,4688.5,591.8
28533,6911.3,380.9
28534,9946,102
28535,13036.2,0
28536,16240.1,0
28537,18129,0
28538,19814.1,0
28539,21637.2,0
28540,22431.2,0
28541,22210.3,0
28542,21236.9,0
28543,18393.6,0
28544,16262.1,0
28545,13658.9,0
28546,10648.1,114.7
28547,7492.2,605.4
28548,7816,79.9
28549,8430,0
28550,9012.8,30.7
28551,6140,720.1
28552,4040.6,927.3
28553,3600.3,505.7
28554,3743.3,524
28555,4987,401.8
28556,5649.9,333.9
28557,6630.4,244.3
28558,8690.2,44.4
28559,10940.4,0
28560,13274,0
28561,15571.7,0
28562,17612.4,0
28563,18583.2,0
28564,18558.6,0
28565,18120.3,0
28566,17038.4,0
28567,14383,0
28568,12545.6,0
28569,9833,0
28570,6494.1,552.8
28571,3696.3,1617
28572,2263.6,2262
28573,1316.8,3202
28574,482.2,3884.7
28575,52.4,4318
28576,0,4683.3
28577,0,4284.4
28578,0,4037.5
28579,0,2974.4
28580,0,2096.8
28581,34.3,1399.6
28582,871.1,667.5
28583,2795.4,315.8
28584,5310.3,58.5
28585,7259.7,0
28586,8585.6,0
28587,8846.5,0
28588,8984.1,0
28589,8656.6,0
28590,7527.9,73
28591,6279.4,175.8
28592,7248.1,54.5
28593,6218.8,130.9
28594,4291.5,329.2
28595,3722.5,354.4
28596,3543.4,345.7
28597,3453.9,284
28598,3495.7,310.9
28599,3783.5,317.7
28600,3866.7,331.3
28601,3469.4,410.1
28602,3642.4,485.7
28603,4884.4,394.8
28604,5899.7,318.4
28605,6950.6,228.8
28606,8614.9,58.6
28607,10422.4,0
28608,12933.6,0
28609,14251.8,0
28610,14917.7,0
28611,15880.8,0
28612,16430.9,0
28613,15885.6,0
28614,14727.5,0
28615,13859.1,0
28616,15619.2,0
28617,16518.5,0
28618,14661.2,0
28619,12553.3,0
28620,11899.4,0
28621,11708.6,0
28622,10106.7,0
28623,8698.2,0
28624,6706.2,71.5
28625,5234.2,200.5
28626,4519.6,263.7
28627,5579.4,180.7
28628,7184.8,70.5
28629,9055,0.1
28630,11927.8,0
28631,15174.2,0
28632,17969.7,0
28633,19957.7,0
28634,22956.9,0
28635,24800.4,0
28636,25452.9,0
28637,25829,0
28638,25002.5,0
28639,22257.7,0
28640,20465.6,0
28641,17809.2,0
28642,15915.2,0
28643,12964.5,0
28644,10759.5,0
28645,10018,0
28646,10374.3,0
28647,10252.2,0
28648,10090.7,0
28649,9395.8,0
28650,9381.2,0
28651,10520.2,0
28652,12386.4,0
28653,14407.2,0
28654,16895.5,0
28655,18874.3,0
28656,21164.5,0
28657,22612.6,0
28658,23451.5,0
28659,24517.6,0
28660,25769.3,0
28661,25997.9,0
28662,24715.8,0
28663,22801.3,0
28664,21484.1,0
28665,18874.1,0
28666,18207.3,0
28667,15960.1,0
28668,14829.6,0
28669,14929.6,0
28670,13310.9,0
28671,11510.5,0
28672,10130.9,0
28673,8518.4,0
28674,8130.8,0
28675,8897.1,0
28676,10609.9,0
28677,12499.7,0
28678,15298.3,0
28679,18476.9,0
28680,21402,0
28681,22992.6,0
28682,24307.5,0
28683,25802.3,0
28684,27310.4,0
28685,27395.9,0
28686,25827.2,0
28687,23567.4,0
28688,23307.2,0
28689,22081.2,0
28690,21231.3,0
28691,20134.6,0
28692,18568.7,0
28693,16806.5,0
28694,17805,0
28695,15660.5,0
28696,13203,0
28697,11507.3,0
28698,11175.6,0
28699,12865.6,0
28700,14964.6,0
28701,17038.9,0
28702,19981.3,0
28703,23000.7,0
28704,25925.5,0
28705,27835.4,0
28706,29546.3,0
28707,30845.2,0
28708,31648.3,0
28709,31512.8,0
28710,29811.3,0
28711,25825.8,0
28712,23490,0
28713,20242,0
28714,16264.6,0
28715,13208.8,0
28716,12641.4,0
28717,11551.1,0
28718,9376.7,0
28719,8595.2,0
28720,6538.8,0
28721,4628.2,0
28722,4112.2,0
28723,5690.7,0
28724,8055.3,0
28725,9615.1,0
28726,12375,0
28727,16457.8,0
28728,20056,0
28729,21783.8,0
28730,23271.7,0
28731,24563.4,0
28732,25099.9,0
28733,25644.4,0
28734,24229.6,0
28735,19289.1,0
28736,15777.3,0
28737,11960.9,0
28738,8017.2,56.5
28739,4890.3,340.1
28740,2668.6,388.7
28741,1418,527.3
28742,924.7,589.1
28743,939.8,484.9
28744,245.3,526.3
28745,0,102.4
28746,0,164.6
28747,104.5,102.4
28748,559.2,42.9
28749,1057.3,1.9
28750,2358.9,0
28751,4831.1,0
28752,7745.5,0
28753,9807.6,0
28754,11134.1,0
28755,12556.5,0
28756,13601.7,0
28757,13672.9,0
28758,12931.5,0
28759,12181.4,0
28760,12837,0
28761,11637,0
28762,9449.9,0
28763,7497.8,0
28764,5705.8,20
28765,5942.1,76.5
28766,4904,167.9
28767,3085.6,347.8
28768,1910.6,451.6
28769,738,328.4
28770,729.1,322.2
28771,1421.7,219.4
28772,2551,138
28773,3888.3,49.8
28774,5785.4,0
28775,8329.1,0
28776,11284.4,0
28777,13206.4,0
28778,14581.8,0
28779,15251.4,0
28780,15570.2,0
28781,15428.8,0
28782,14123,0
28783,12320.5,0
28784,11230.3,0
28785,9145,0
28786,6673.3,12.8
28787,4330.4,369.8
28788,2571,905.9
28789,1859.4,1162.9
28790,1212.8,1720.9
28791,668.1,2042.1
28792,359.4,2108.7
28793,67.6,2162.7
28794,32.4,1934.8
28795,298.9,1318.6
28796,697.6,883.3
28797,1140.7,636.5
28798,2316.3,369.1
28799,4020.2,163.9
28800,5911.8,8.9
28801,6726.1,0
28802,7144.1,0
28803,8194.4,0
28804,9129,0
28805,9841.3,0
28806,9563.9,0
28807,8261.2,0
28808,7529.1,3.9
28809,5816.4,216.7
28810,3822.9,629.4
28811,1821.1,1409.7
28812,1019.6,1405.5
28813,475.6,1805.1
28814,60.2,1712.1
28815,0,1682
28816,0,1792.2
28817,0,2411.7
28818,0,2515.9
28819,0,2193.2
28820,0,1875.6
28821,0,1455.6
28822,41.7,797.4
28823,793.9,439.9
28824,3055.4,198
28825,4974.6,76
28826,6792.1,4.3
28827,8341.2,0
28828,9511.8,0
28829,9943.8,0
28830,9560,0
28831,8369.6,5.5
28832,7658.2,59.4
28833,5871.8,527.6
28834,3566.6,1448.3
28835,1980.8,2479.5
28836,1267.4,3270.5
28837,610.8,3976.9
28838,42.9,3916.5
28839,0,4462.8
28840,0,4173.9
28841,0,3707.9
28842,0,4005.6
28843,0,3138.3
28844,0,2591.8
28845,0,2092.3
28846,31.5,1239.4
28847,996.3,530.5
28848,2431.4,299.9
28849,3431.1,215.7
28850,5058.7,104.6
28851,6706.7,9.3
28852,7212.3,0
28853,8735.3,1.8
28854,8965.2,0
28855,9307.6,0
28856,10507.8,0
28857,10918.9,0
28858,11317.7,0
28859,11066.4,0
28860,11003.9,0
28861,11206,0
28862,10883.2,0
28863,8731.1,0
28864,7822.9,47.6
28865,7343.2,121.3
28866,6548.6,213.8
28867,5952.9,301
28868,6030.1,309.6
28869,6634.4,262.3
28870,7909.6,107
28871,9624.7,0
28872,11839.3,0
28873,13280.9,0
28874,14412.1,0
28875,15333,0
28876,15997.8,0
28877,15825.6,0
28878,14873.4,0
28879,14339.9,0
28880,13827.1,0
28881,11787.4,0
28882,9995.3,0
28883,9244.6,0
28884,7515.6,102.2
28885,4767.5,834.9
28886,2911.6,1307.2
28887,1870.6,1738.3
28888,900.7,2121.9
28889,186,2030.7
28890,1.7,2200.6
28891,96.2,1689.8
28892,361.1,1078.7
28893,942.1,705.6
28894,2605.5,369.4
28895,5586.6,104.5
28896,8662.9,0
28897,10949.3,0
28898,12552.5,0
28899,14042,0
28900,15334,0
28901,15523,0
28902,14582.3,0
28903,11119.8,0
28904,10141.2,0
28905,8756.9,13.6
28906,6471.6,582.1
28907,4261.4,1469.9
28908,2657.5,1994
28909,2126.9,2055.4
28910,1679.7,1696.4
28911,1401.5,1418.2
28912,1293.8,1296.6
28913,1237.9,943.4
28914,1698.1,873.2
28915,2783.7,677.6
28916,4004.2,564.4
28917,5158.4,453.1
28918,6850.5,256.3
28919,8647.9,57.7
28920,10652.3,0
28921,12244.1,0
28922,13109.5,0
28923,13983,0
28924,14612.4,0
28925,14390.7,0
28926,13519.8,0
28927,12212.2,0
28928,12996.2,0
28929,12294.5,0
28930,9535.6,0
28931,6707.3,117.4
28932,5995,87.6
28933,5834,42.3
28934,6090,8
28935,6664.9,0
28936,5927.8,76.6
28937,3958.6,334.3
28938,3119.8,485.9
28939,3303.1,503
28940,4251.8,378.2
28941,5669.8,251.4
28942,8037.1,32.1
28943,10734.7,0
28944,13459.1,0
28945,14776.7,0
28946,15816.1,0
28947,17057.2,0
28948,17857.1,0
28949,17880.1,0
28950,17033.4,0
28951,14741.3,0
28952,14219.2,0
28953,12255.5,0
28954,10034.7,7.9
28955,8091.3,290.4
28956,6389.8,677.7
28957,4900.7,1063.3
28958,3523.2,1339.1
28959,2910.3,1461.4
28960,1992.9,1588.3
28961,1072.4,1686.7
28962,808.6,1563.8
28963,1225.1,1071.2
28964,2979.1,593
28965,5064.7,392.9
28966,8281.3,117.7
28967,11283.8,0
28968,13976.3,0
28969,15884.2,0
28970,17321.7,0
28971,18729.7,0
28972,19610.2,0
28973,19554.6,0
28974,18046.9,0
28975,14674.5,0
28976,12130.5,0
28977,10019.4,0
28978,6838.3,148.2
28979,4208.8,748.9
28980,2258.2,1322.1
28981,1840.8,1703.6
28982,1470.1,2037.1
28983,909.8,2244.5
28984,513.2,2327.7
28985,117.2,2399.7
28986,22.9,2326.2
28987,120.9,1883.4
28988,697.9,1210.5
28989,1784.9,762.8
28990,3861.8,389.5
28991,7084.8,117
28992,10262.3,0
28993,12521.9,0
28994,14717.1,0
28995,16519.4,0
28996,17534.9,0
28997,17781.5,0
28998,16453.6,0
28999,13693,0
29000,13081.8,0
29001,11170.9,0
29002,8524.4,206.1
29003,6266.8,889.5
29004,4247.4,1471.8
29005,3161,2161.1
29006,2511.7,2583.7
29007,1677.1,2740.4
29008,1051.5,2314
29009,836.6,1586.6
29010,1154.6,1319.3
29011,2055.3,873.7
29012,3081.4,671.8
29013,4484.3,538.8
29014,6841.7,306
29015,9626.7,50.7
29016,12456,0
29017,15056.8,0
29018,16680.4,0
29019,18073.4,0
29020,18846.9,0
29021,18812.8,0
29022,17727.3,0
29023,15481.3,0
29024,15105.7,0
29025,14393.5,0
29026,13480,0
29027,12453.4,0
29028,11030.8,0
29029,8015.1,0
29030,5899.1,21.8
29031,2393.4,443.5
29032,1201.7,544.1
29033,323.4,663
29034,45.1,997.3
29035,84.5,935.5
29036,617.7,555.6
29037,2051.3,378
29038,2864.8,250.5
29039,4113.3,95.3
29040,6924.8,0
29041,9226.7,0
29042,10528.9,0
29043,12316.3,0
29044,13687.3,0
29045,14174.7,0
29046,13690.9,0
29047,12808.2,0
29048,13223.6,0
29049,13223,0
29050,13538.4,0
29051,12329.1,0
29052,12222.6,0
29053,11413.7,0
29054,9475.6,0
29055,8240.9,1.4
29056,6491.1,131.7
29057,4810.2,249.6
29058,3938,332.1
29059,4581.4,249.6
29060,6450,134.6
29061,8286.7,18.3
29062,11206.3,0
29063,14881.5,0
29064,18285.4,0
29065,20625.5,0
29066,22107,0
29067,23344.3,0
29068,25057,0
29069,25615.7,0
29070,22860.2,0
29071,19502.9,0
29072,17053.5,0
29073,14297,0
29074,12154.4,0
29075,12123.1,0
29076,10111,0
29077,7193.5,0
29078,4575,241
29079,2491.2,598.1
29080,1186.7,736.5
29081,533.8,604
29082,590.8,530.1
29083,1395.9,396
29084,2518.6,288
29085,3387.7,213
29086,5396.4,26.2
29087,7735.2,0
29088,9636.1,0
29089,11089.4,0
29090,11986.6,0
29091,13245.6,0
29092,14068.2,0
29093,13733.9,0
29094,11969.4,0
29095,9013.1,0
29096,7871,0
29097,5326.9,46.6
29098,2467.5,793.7
29099,723,1775.7
29100,48.3,2705.8
29101,0,3638
29102,0,4632.7
29103,0,5285
29104,0,5162.9
29105,0,4204.1
29106,0,3503.4
29107,0,4304.2
29108,0,4514.7
29109,0,4564.3
29110,0,2437.5
29111,0,1290.3
29112,0,866.1
29113,0,500.9
29114,102.6,313.5
29115,530,154.1
29116,1779.8,40.3
29117,3206.4,12.8
29118,4361.3,42.2
29119,4955.6,78.8
29120,6059.7,0.9
29121,6682.4,0
29122,6670.3,1.3
29123,7038.5,0
29124,6038.7,84.9
29125,3583.9,567.1
29126,1865.3,1381.7
29127,1017.4,1789.8
29128,402.3,2047.8
29129,46.7,2807.2
29130,0,3207.3
29131,1.3,2799.3
29132,158.5,1818.5
29133,414.7,1338.6
29134,1685.1,688
29135,4069.4,271.6
29136,6550.6,66.5
29137,8879.1,0
29138,11007.4,0
29139,12559.2,0
29140,13755.5,0
29141,14857.2,0
29142,14062.3,0
29143,10413.5,0
29144,8631,9.5
29145,6489,252.3
29146,4085.8,854.6
29147,2150.9,1547.6
29148,1067.8,2266.7
29149,409.9,2806.3
29150,110,2131.1
29151,3,1947.1
29152,0,2320.4
29153,0,3357.2
29154,0,3633.1
29155,0,2932
29156,47.3,1884.5
29157,737.2,1247
29158,2703.1,553.8
29159,5857.3,204
29160,9057,5.9
29161,11689.6,0
29162,14019.1,0
29163,16206.4,0
29164,18211.1,0
29165,19116.8,0
29166,17500.8,0
29167,15796.3,0
29168,14702.8,0
29169,12108.7,0
29170,9197.2,207.4
29171,6621.6,908.7
29172,4435.3,1454.7
29173,2995.5,2143.1
29174,2162.4,2607.4
29175,1254.4,2824.3
29176,430.1,2917.8
29177,0,2878.7
29178,0,3320.2
29179,0,2870.3
29180,142.9,1804.4
29181,967.8,1028.5
29182,2854.7,438.5
29183,5988,170.8
29184,9238.7,1.2
29185,11827.6,0
29186,14140.5,0
29187,16251.6,0
29188,17417.5,0
29189,17260.5,0
29190,14814.4,0
29191,12211.2,0
29192,10439.4,0
29193,6943.3,242.6
29194,3841.2,1164.7
29195,1825.9,2025.5
29196,716.3,2774.5
29197,211,3588.7
29198,0,4116
29199,0,4466.3
29200,0,5317.2
29201,0,5955.1
29202,0,7163.9
29203,0,6385.7
29204,0,4340.1
29205,0,3071.2
29206,0,1994.4
29207,5.8,1182.1
29208,173.5,546.3
29209,944.7,296.3
29210,2923.3,132.4
29211,5795.3,9.2
29212,7684.1,0
29213,8212.1,0
29214,6962.5,76.9
29215,4973.7,324.9
29216,3183.7,821.9
29217,1088.5,2343.8
29218,150.7,3752.8
29219,0,4872.3
29220,0,5585.2
29221,0,6218.7
29222,0,6849.2
29223,0,7372.9
29224,0,7789.2
29225,0,7389.7
29226,0,7119.2
29227,0,5445.3
29228,0,3826.2
29229,0,2809.8
29230,0,1681.8
29231,97.8,855.4
29232,1027,340.1
29233,2618.8,197
29234,4305.8,101.7
29235,5892.5,25
29236,7093.4,0.2
29237,7565,9
29238,6679.5,142.6
29239,5588.5,310
29240,5257.2,288.9
29241,4038.9,528.3
29242,2524,1273.4
29243,1224.4,2661
29244,746.1,3413.2
29245,423.6,4017.9
29246,119.6,4432.6
29247,0,4811.9
29248,0,4954.1
29249,0,4638.7
29250,0,4564.3
29251,0,3947.8
29252,75.8,2947.2
29253,373.6,2126.9
29254,1539.6,1208
29255,3384.2,549.7
29256,6014.8,207.3
29257,7822.6,68
29258,9207.3,1
29259,10450.4,0
29260,11319.4,0
29261,11384.9,0
29262,10184.5,17.3
29263,8298.7,153.3
29264,7149.7,200.3
29265,4919.6,811.6
29266,2919.3,2008.4
29267,1540.8,3015.5
29268,898.5,3649.7
29269,593.7,4264
29270,264.3,4620.9
29271,30.7,4908.3
29272,0,5188.5
29273,0,4933.8
29274,0,5055.8
29275,0,4272.3
29276,2.8,3123.6
29277,252.2,2150.7
29278,1408.1,1174.2
29279,3377.5,493.9
29280,6333.8,184.3
29281,8473.1,34.6
29282,10348.9,0
29283,12100.1,0
29284,12926.1,0
29285,12547.6,0
29286,9898.7,3.4
29287,8343.5,106.2
29288,7804.1,205.3
29289,5967.3,743.6
29290,3993.4,1442.4
29291,2611.7,2048.7
29292,1623.4,2545.1
29293,1185.5,2743.6
29294,756.3,3158.8
29295,267,3449.9
29296,14.5,3815.7
29297,0,4349.7
29298,0,4607.5
29299,0,4058.4
29300,91.3,2760.1
29301,726.9,1754.2
29302,2293.3,886.1
29303,4855.2,353.7
29304,7603.7,114.9
29305,9510.3,3.9
29306,11034.8,0
29307,12344.9,0
29308,13021,0
29309,12698.4,0
29310,10975.2,0
29311,8848.2,73.2
29312,7793.9,98.6
29313,5899.1,477
29314,3568.9,1182.1
29315,1751.9,2027.6
29316,682.6,2799
29317,308.1,3186.8
29318,93.3,3384.1
29319,0,3633.3
29320,0,3764.2
29321,0,3952
29322,0,3845.2
29323,0,3344.2
29324,0,2876.8
29325,43.8,2354
29326,580.2,1537
29327,1745.7,840.5
29328,3585.8,407.1
29329,5096.5,243.3
29330,6236.1,154.3
29331,7213.5,80.4
29332,7789.3,48.2
29333,7724.8,96
29334,6971.8,241.3
29335,6404.8,393.8
29336,6749.5,238.2
29337,7021.7,176.7
29338,5900.9,370.6
29339,4850.8,556.2
29340,4467.1,545.1
29341,3866.5,658
29342,3939.1,630.8
29343,4365.5,530.8
29344,3490.4,809.4
29345,2333.9,1350.3
29346,1858.5,1655.2
29347,2143.2,1497.5
29348,2596.7,1299.6
29349,3249.5,1110.7
29350,4519.3,769
29351,5892.3,406.4
29352,7359.5,98.1
29353,8414.8,10.5
29354,9321.7,0
29355,10067.9,0
29356,10604.8,0
29357,10501.7,0
29358,9544.3,17.2
29359,8886.9,89.7
29360,9390,2.3
29361,9125.4,9.6
29362,7899.1,103.7
29363,6541.4,261
29364,5261.5,429.8
29365,4133.8,585.9
29366,3104.8,787.2
29367,2098.2,1129.4
29368,806.7,1916.7
29369,82.6,2694.6
29370,0,3522.6
29371,0,3286
29372,140.6,2380
29373,741.1,1623.4
29374,2392.4,958.8
29375,4141.4,537.6
29376,6021.5,162.2
29377,7718.1,13.3
29378,9269,0
29379,10653.6,0
29380,11373.2,0
29381,11029.3,0
29382,8978.6,57.2
29383,6950.1,354.4
29384,5509,429
29385,2977.9,1075
29386,871.6,2462.9
29387,87.6,3569.1
29388,0,4200.1
29389,0,5061.1
29390,0,5922.2
29391,0,7264.1
29392,0,8889.2
29393,0,10265.4
29394,0,12036.4
29395,0,11616.9
29396,0,9595.9
29397,0,7380.9
29398,0,5329.6
29399,0,4000.7
29400,0,3179.4
29401,0,2808.3
29402,0,2544.8
29403,0,2353.8
29404,0,2268.4
29405,0,2507.4
29406,0,3332
29407,0,3923.9
29408,0,4218.3
29409,0,5891
29410,0,7769.7
29411,0,9560.6
29412,0,10818.9
29413,0,12678.4
29414,0,14171.6
29415,0,15437.9
29416,0,16247.7
29417,0,16597.8
29418,0,16388.4
29419,0,14293.7
29420,0,11209.2
29421,0,7956.8
29422,0,4627.3
29423,0,2881.3
29424,0,1787.6
29425,0,1165.6
29426,0,800.5
29427,3.3,569.3
29428,85.2,460.2
29429,453.8,515.9
29430,700.4,769.4
29431,1040.4,852.9
29432,1765.9,645.8
29433,2246.4,631.3
29434,2083.3,825.2
29435,1940.4,1108.4
29436,1654.9,1317.5
29437,1364.5,1745.2
29438,1051.2,2085.9
29439,759.7,2305
29440,518.7,2561.3
29441,241.5,2706.9
29442,267.9,2914.5
29443,618.4,2583.7
29444,1435.8,2024.8
29445,2500.3,1492.6
29446,3946.6,935.7
29447,5461.2,564
29448,6797.7,238.6
29449,7653.8,78.9
29450,8388.4,9.4
29451,8953.1,0
29452,9455.5,0
29453,9431.2,0
29454,8472.4,191.3
29455,7468.5,396.9
29456,7045.3,283.5
29457,5420.2,563.9
29458,3394.5,1397.1
29459,1693.3,2244.3
29460,730.8,2859.2
29461,206.3,3617.9
29462,0,4301.2
29463,0,4879.2
29464,0,5443.5
29465,0,6419.3
29466,0,6738.6
29467,0,6009.4
29468,0,4776.8
29469,0,3739.6
29470,0,2634.1
29471,0,1682.4
29472,220.8,949.5
29473,830.9,627.4
29474,1917.5,428.6
29475,3329.8,278.3
29476,4593,194.2
29477,5008.4,278.6
29478,4282.9,614.7
29479,3071.7,984.3
29480,2254.1,1272.3
29481,860.9,2209.9
29482,124.9,3332
29483,0,4237.8
29484,0,4968.2
29485,0,5306.5
29486,0,5382.4
29487,0,4930.3
29488,0,5266.7
29489,0,5879.3
29490,0,5879.1
29491,0,4902
29492,0,4122.2
29493,0,3333.9
29494,0,2344
29495,0,1449.1
29496,131.2,828.7
29497,722.6,576.5
29498,1854,394.4
29499,3186.1,244
29500,4339.4,172.9
29501,4764.5,258.5
29502,4470.8,524
29503,4240.1,657.4
29504,4896.5,463.6
29505,4878.8,465.9
29506,4383.9,585.5
29507,3824.7,704.1
29508,3232.7,879.7
29509,1992.2,1567.3
29510,823.2,2515.9
29511,173.6,3630.7
29512,0,4373.7
29513,0,4803.8
29514,0,5417.3
29515,0,5200.8
29516,0,4222.2
29517,0,3361.4
29518,5.1,2343.2
29519,286.4,1418.4
29520,1084.8,744.1
29521,2351.5,458.6
29522,3643.8,310.7
29523,4767.2,193.2
29524,5338.3,168.2
29525,5095.5,320.1
29526,4038.9,679.1
29527,2569.1,1280
29528,1867.8,1618.4
29529,893.9,2637
29530,120.2,3984.5
29531,0,5111
29532,0,5877.5
29533,0,6959.5
29534,0,8633.5
29535,0,10402.3
29536,0,12219.4
29537,0,13959.6
29538,0,15612.1
29539,0,15003
29540,0,11992.8
29541,0,8531.4
29542,0,5309.5
29543,0,3336.2
29544,0,2186
29545,0,1550.8
29546,0,1161.5
29547,13.1,859.5
29548,40.3,752
29549,10.5,1058.2
29550,0,2474
29551,0,3333.8
29552,0,3937.1
29553,0,5127.5
29554,0,6805.3
29555,0,8655.4
29556,0,10952.7
29557,0,13995.9
29558,0,17043.1
29559,0,20019.6
29560,0,22256.6
29561,0,23695.5
29562,0,25076.8
29563,0,23599.5
29564,0,19139.6
29565,0,14377.9
29566,0,9951.9
29567,0,5866
29568,0,3032.6
29569,0,2340.2
29570,0,2040.5
29571,0,1841.5
29572,0,1885.3
29573,0,2535.8
29574,0,4252.7
29575,0,5490.2
29576,0,7050.5
29577,0,9649.5
29578,0,12895.5
29579,0,15609.5
29580,0,19079.6
29581,0,21585.5
29582,0,24583.9
29583,0,27286.4
29584,0,29892.1
29585,0,31839.5
29586,0,33559.9
29587,0,32263.7
29588,0,27504.1
29589,0,22101.9
29590,0,17204.9
29591,0,13029.8
29592,0,9326.1
29593,0,6923.1
29594,0,5202.7
29595,0,3874.7
29596,0,3336.9
29597,0,3673.8
29598,0,5672.1
29599,0,6851.6
29600,0,6894.4
29601,0,6295.3
29602,0,7230.8
29603,0,9294.9
29604,0,11164.7
29605,0,13294.3
29606,0,15040.1
29607,0,17449
29608,0,20910.9
29609,0,22288.4
29610,0,23368.7
29611,0,21693.8
29612,0,18137.1
29613,0,14397.5
29614,0,10919.1
29615,0,7892
29616,0,5145.9
29617,0,3539.1
29618,0,2855.5
29619,0,2439.2
29620,0,2093.5
29621,0,2013.8
29622,0,2299.2
29623,0,2514.2
29624,0,2249.3
29625,0,2294.3
29626,0,2490.8
29627,0,2658
29628,0,2718.6
29629,0,2905.6
29630,0,3121.9
29631,0,3607.9
29632,0,4495.3
29633,0,5514.8
29634,0,6800
29635,0,6554.5
29636,0,4937.5
29637,0,3585.8
29638,0,2358.3
29639,0,1291.5
29640,313.5,570.8
29641,1310.4,284.5
29642,3508,60.8
29643,5742,0
29644,7061,0
29645,6914.1,45.3
29646,5043.8,574.9
29647,4101.8,1126.9
29648,3709.6,1245.6
29649,2389.5,1841.2
29650,859,2810.4
29651,104.2,3720.1
29652,0,4429.5
29653,0,5069.4
29654,0,6060.5
29655,0,7785.5
29656,0,9453.8
29657,0,11440.8
29658,0,13095.9
29659,0,12227.4
29660,0,9167.9
29661,0,5718.6
29662,0,3572.4
29663,0,2418.7
29664,0,1412.5
29665,0,870.2
29666,31.4,553
29667,251.5,361.2
29668,805.1,322
29669,794.4,547.6
29670,147.3,1542.8
29671,18.6,2490.2
29672,5.6,2593.9
29673,0,3691.6
29674,0,5054.9
29675,0,6098.8
29676,0,7311.9
29677,0,8813.4
29678,0,9386.5
29679,0,10865.1
29680,0,12434.5
29681,0,14102.7
29682,0,15438.6
29683,0,13774.5
29684,0,11067.5
29685,0,7670
29686,0,4540.2
29687,0,3065.4
29688,0,1957.7
29689,0,1284.6
29690,0,817
29691,0.3,558.9
29692,43.3,500.9
29693,108.4,687.8
29694,4.4,1516.8
29695,0,2495.6
29696,0,3137.9
29697,0,4384.3
29698,0,5806
29699,0,6956.5
29700,0,8371.1
29701,0,10869.8
29702,0,13972.5
29703,0,16764
29704,0,18769.8
29705,0,20348.3
29706,0,21575.4
29707,0,20262.4
29708,0,16484.3
29709,0,12326.9
29710,0,8366.8
29711,0,4759.3
29712,0,2831.8
29713,0,2107.7
29714,0,1573.5
29715,0,1135
29716,0,1017
29717,0,1469.6
29718,0,2849.8
29719,0,3828.2
29720,0,4263.9
29721,0,5111.7
29722,0,6967.2
29723,0,9943.1
29724,0,12627.4
29725,0,15560.7
29726,0,18532.7
29727,0,21351.3
29728,0,23478.6
29729,0,24952.3
29730,0,26360.4
29731,0,24708.5
29732,0,20393.9
29733,0,15885.1
29734,0,11833.1
29735,0,8217.7
29736,0,4978.9
29737,0,3318.9
29738,0,2763.3
29739,0,2395.7
29740,0,2317.8
29741,0,2675.9
29742,0,3451.3
29743,0,3793
29744,0,3581.5
29745,0,3650.5
29746,0,4162.3
29747,0,4806.7
29748,0,5848.8
29749,0,8728.6
29750,0,13073.1
29751,0,16969.3
29752,0,19591.6
29753,0,20485.7
29754,0,21443.3
29755,0,20248.8
29756,0,17306.2
29757,0,14424.6
29758,0,11287.3
29759,0,8241.4
29760,0,5556.1
29761,0,4004
29762,0,3118.7
29763,0,2738.1
29764,0,2522.5
29765,0,2638.8
29766,0,3145
29767,0,3603.1
29768,0,3664.6
29769,0,3990.1
29770,0,4899.5
29771,0,7870.1
29772,0,11499.9
29773,0,14157.4
29774,0,18714.8
29775,0,23118.4
29776,0,24630.4
29777,0,23982.7
29778,0,21496.7
29779,0,19225.4
29780,0,17497.9
29781,0,15550.3
29782,0,12878.7
29783,0,10315.6
29784,0,8108.4
29785,0,6667.7
29786,0,5519.5
29787,0,4552.3
29788,0,3988.7
29789,0,4234.6
29790,0,5406
29791,0,6244.3
29792,0,6017.7
29793,0,6521.9
29794,0,8362.8
29795,0,10656
29796,0,12843.2
29797,0,14235.3
29798,0,14275.2
29799,0,13739.6
29800,0,15190.9
29801,0,16965.1
29802,0,17306.1
29803,0,16201.9
29804,0,14318.4
29805,0,11962.3
29806,0,9378.6
29807,0,7133.7
29808,0,5178
29809,0,3966.3
29810,0,3233.9
29811,0,2806.9
29812,0,2732.4
29813,0,3052.5
29814,0,3988.7
29815,0,4580.9
29816,0,3948
29817,0,3610.5
29818,0,4358.1
29819,0,5366.6
29820,0,5500.6
29821,0,6697.5
29822,0,7631.7
29823,0,8474.2
29824,0,9868.9
29825,0,11735.2
29826,0,12778.7
29827,0,12107.6
29828,0,10896.1
29829,0,9359.5
29830,0,7034.1
29831,0,4701
29832,0,3106.1
29833,0,2611.6
29834,0,2345.7
29835,0,2149.5
29836,0,1855.8
29837,0,1721.8
29838,0,1923.1
29839,0,2195.1
29840,0,1849.4
29841,0,1679.4
29842,0,2345.2
29843,0,2972.7
29844,0,3524.2
29845,0,3933.4
29846,0,4155
29847,0,4374.9
29848,0,4863.7
29849,0,5864.3
29850,0,6704.1
29851,0,6417.5
29852,0,5956.2
29853,0,5272.7
29854,0,3908.3
29855,0,2825.5
29856,0,1864.5
29857,0,1425.9
29858,0,1212.5
29859,0,1049.5
29860,0,980.2
29861,0,1221.2
29862,0,1841.7
29863,0,2392.5
29864,0,2239.5
29865,0,2439.6
29866,0,3016.6
29867,0,3817.3
29868,0,3951.3
29869,0,4588.6
29870,0,4693.4
29871,0,4493.9
29872,0,5179.9
29873,0,5980.2
29874,0,7252.6
29875,0,6764
29876,0,5890.7
29877,0,4951.9
29878,0,3759.2
29879,0,2871.6
29880,0,2075.7
29881,0,1638.8
29882,0,1316.4
29883,0,1040.4
29884,0,925.1
29885,0,1197.2
29886,0,1922.9
29887,0,2431.4
29888,0,2229.2
29889,0,2487.4
29890,0,2912.3
29891,0,3187.9
29892,0,3269.2
29893,0,3495.8
29894,0,3355.7
29895,0,2879.6
29896,0,3310.2
29897,0,3384.1
29898,0,3321.4
29899,0,2943.5
29900,0,2409
29901,81.3,1777.7
29902,942.1,1066.4
29903,2032.8,706
29904,3732.7,389.7
29905,4737.7,245.5
29906,5355.5,156.2
29907,5673.1,116.5
29908,5745,145.6
29909,5017.4,384.6
29910,3708,856.4
29911,3345.5,1059.4
29912,3901.4,689.6
29913,4549.5,483.9
29914,4190.9,600.4
29915,3776.2,685.5
29916,3207.6,762.8
29917,2609.4,1093.2
29918,1927.8,1525.3
29919,1409.4,1888.4
29920,1302.4,1890
29921,877.5,2117.4
29922,703.5,2373.1
29923,1184.1,2154.4
29924,2168.4,1634.1
29925,3339.8,1109
29926,4643.4,770.6
29927,5874.8,456.9
29928,6879.5,162.8
29929,7369.7,41.4
29930,7684.7,0
29931,8014.5,0
29932,8246.5,0
29933,7566.7,77.4
29934,5874.5,494.7
29935,5023,683.6
29936,4601.1,598.5
29937,3241.4,942.8
29938,3082.7,747.6
29939,2630.4,779.9
29940,2188.7,940
29941,1617.8,1682.3
29942,1201.9,1987.4
29943,1197.2,1831.3
29944,1289.8,1746.9
29945,268.6,2333
29946,0,3217.3
29947,0,3127.4
29948,0,2964.4
29949,72.5,2404.5
29950,1212.8,1358.6
29951,3068.6,731.4
29952,5027.1,314.6
29953,6345.5,80.6
29954,7415.8,0
29955,7973.7,0
29956,8540.9,0
29957,8247.1,30.5
29958,5909.2,514.3
29959,4527.7,1052.6
29960,4244.5,1078
29961,2809.7,1579.6
29962,1660.2,2166.4
29963,804.6,2683
29964,351,3108.8
29965,46.5,3495.8
29966,0,4076.7
29967,0,4496.6
29968,0,5024.7
29969,0,6317.1
29970,0,7795.6
29971,0,7475.6
29972,0,5647.2
29973,0,3950.2
29974,0,2628.3
29975,0,1411.3
29976,24.4,641.2
29977,492.9,371.1
29978,1779.9,197.9
29979,3713.6,69.4
29980,5599.5,10.5
29981,5734.9,98.5
29982,3548.7,749.4
29983,2164.3,1541.4
29984,1954.8,1630.8
29985,1401,2053.8
29986,438.2,2862.3
29987,33.5,3554
29988,0,3890.6
29989,0,4181.8
29990,0,4585.5
29991,0,5030.4
29992,0,5764
29993,0,7091.7
29994,0,7805.7
29995,0,6853.7
29996,0,5461.4
29997,0,4164.5
29998,0,2866.1
29999,0,1666.2
30000,0,810.5
30001,139.8,502
30002,1024.4,320.5
30003,2343.2,184.4
30004,3590.9,127
30005,3678.4,322.6
30006,2355.4,982.9
30007,1287.1,1699.6
30008,1370,1504.6
30009,700.8,1896.3
30010,141.9,2427.7
30011,28.1,2564.9
30012,1.1,2451.8
30013,0,2920.5
30014,0,3368.9
30015,0,3500.1
30016,0,3552.9
30017,0,3904.7
30018,0,3893.4
30019,0,3549.3
30020,0,3228.9
30021,0,2779.6
30022,85.5,2114.5
30023,673.9,1423.8
30024,1861.3,776.3
30025,2778.5,590.3
30026,3363.5,484.2
30027,3849.3,405.2
30028,4342.7,355.2
30029,4847,387.4
30030,4022,722.8
30031,2836.7,1203
30032,2158.4,1452.8
30033,1056.2,2268.2
30034,166,3516.8
30035,0,4399.5
30036,0,4471.6
30037,0,4540.6
30038,0,4520.4
30039,0,4103.1
30040,0,4024.8
30041,0,4103.3
30042,0,4662.9
30043,0,4899.1
30044,0,4226.9
30045,0,3674.3
30046,0,2827.6
30047,0,1997.8
30048,0,1311
30049,132.6,958
30050,638.1,728.5
30051,1556.3,580.2
30052,2175.7,564.9
30053,2545.5,660.7
30054,2182,1032.9
30055,1746.2,1438.5
30056,1637.7,1297.7
30057,476.6,2013.4
30058,0,3309.4
30059,0,4620.1
30060,0,5288.4
30061,0,6006.9
30062,0,6689.2
30063,0,7801.6
30064,0,9610.4
30065,0,11656.3
30066,0,14368.2
30067,0,14418.3
30068,0,12065.1
30069,0,8696.7
30070,0,4826.8
30071,0,3114.1
30072,0,2010.5
30073,0,1608.1
30074,0,1561.7
30075,0,1387.5
30076,0,1349.8
30077,0,1695.1
30078,0,2591.7
30079,0,3268.9
30080,0,3737.3
30081,0,4764.7
30082,0,6431.3
30083,0,8230.6
30084,0,10755.6
30085,0,14065.7
30086,0,16635.4
30087,0,17856.4
30088,0,17695.5
30089,0,21373.6
30090,0,23794.7
30091,0,21225.6
30092,0,16920.1
30093,0,13152.2
30094,0,9694.3
30095,0,5862
30096,0,3392.9
30097,0,2510
30098,0,1970.2
30099,0,1499.7
30100,0,1397.3
30101,0,2150.9
30102,0,3943.8
30103,0,4792.9
30104,0,5266.7
30105,0,6231.1
30106,0,9259.1
30107,0,12331.7
30108,0,14374.2
30109,0,17524.8
30110,0,20031.3
30111,0,21551.7
30112,0,26165
30113,0,29623.3
30114,0,30718.9
30115,0,28948.3
30116,0,22554.3
30117,0,16646.6
30118,0,12416.3
30119,0,9121.7
30120,0,6169.2
30121,0,4078.1
30122,0,3080.3
30123,0,2706.5
30124,0,2240.7
30125,0,2091.6
30126,0,2386.9
30127,0,3116
30128,0,3124.7
30129,0,3221.3
30130,0,3618.9
30131,0,4567.2
30132,0,6631.4
30133,0,9271.9
30134,0,10175.8
30135,0,14601.1
30136,0,17719.9
30137,0,20430.3
30138,0,21215.7
30139,0,19174.5
30140,0,16266.9
30141,0,12223.6
30142,0,9017.4
30143,0,5801.4
30144,0,3435.1
30145,0,2597.6
30146,0,2034.5
30147,0,1518.4
30148,0,1246.5
30149,0,1716.5
30150,0,3507.2
30151,0,4792.5
30152,0,5482.5
30153,0,6997.6
30154,0,10809.1
30155,0,12006.2
30156,0,11432.7
30157,0,11088.2
30158,0,10260.4
30159,0,9179.5
30160,0,8755.5
30161,0,9680.6
30162,0,10436.6
30163,0,9316.1
30164,0,8738.2
30165,0,7229
30166,0,5322.9
30167,0,3747.1
30168,0,2864.6
30169,0,2444.4
30170,0,2148.4
30171,0,1956.7
30172,0,1751.5
30173,0,2131.6
30174,0,3647.9
30175,0,4737.1
30176,0,5899
30177,0,7636.1
30178,0,10342.6
30179,0,12814.2
30180,0,15176.3
30181,0,17925.3
30182,0,20735.6
30183,0,21999.8
30184,0,23970.1
30185,0,26221.2
30186,0,26998.2
30187,0,24359.3
30188,0,21211.4
30189,0,17658.1
30190,0,13147.8
30191,0,10060.2
30192,0,7036.4
30193,0,4408.8
30194,0,3326.9
30195,0,2355.4
30196,0,2074.8
30197,0,2491.7
30198,0,3143
30199,0,3301
30200,0,2886.7
30201,0,2620.8
30202,0,2599.1
30203,0,2540
30204,0,2371.7
30205,0,2582.8
30206,0,2972.4
30207,0,3679.6
30208,0,3852.7
30209,0,3885.2
30210,0,4521.6
30211,0,4448.2
30212,0,4055.2
30213,0,3608.1
30214,0,3091.7
30215,0,2843.2
30216,0,2112.2
30217,0,1660.6
30218,0,1245.6
30219,0,1132.5
30220,0,1236.7
30221,0,1602.5
30222,0,2369.8
30223,0,3064.6
30224,0,3836.9
30225,0,4930.1
30226,0,5728.7
30227,0,6761.1
30228,0,8437.5
30229,0,10878.3
30230,0,13385.1
30231,0,15339.4
30232,0,16521.3
30233,0,15882.7
30234,0,16165.4
30235,0,15049
30236,0,12730.3
30237,0,10130.6
30238,0,7122.5
30239,0,5314.7
30240,0,4146.2
30241,0,3321.5
30242,0,2759.1
30243,0,2408.8
30244,0,2224.6
30245,0,2435.5
30246,0,3136.8
30247,0,3398
30248,0,3197
30249,0,3500.4
30250,0,4162.4
30251,0,5922.7
30252,0,7600
30253,0,7242.2
30254,0,10375.6
30255,0,11368.2
30256,0,13716.4
30257,0,15579.3
30258,0,16845.3
30259,0,14749.9
30260,0,11097.5
30261,0,7690.5
30262,0,4640.5
30263,0,3027.3
30264,0,2073.9
30265,0,1472.8
30266,0,1019.8
30267,0,753.9
30268,0,630.7
30269,0,976.9
30270,0,2549.9
30271,0,3657.9
30272,0,4267.8
30273,0,5017.4
30274,0,6298
30275,0,7684.2
30276,0,8124.3
30277,0,7428.6
30278,0,4672.9
30279,0,4188.9
30280,0,6362.3
30281,0,9974
30282,0,12216
30283,0,12035.9
30284,0,9661.7
30285,0,6518.3
30286,0,4282.6
30287,0,3276.2
30288,0,2322.7
30289,0,1676.5
30290,0,1191.1
30291,0,749.6
30292,0,558.1
30293,2,691.8
30294,0,1893.6
30295,0,2735.2
30296,0,2943.3
30297,0,2973.6
30298,0,3932.1
30299,0,4709
30300,0,5667.2
30301,0,6583.3
30302,0,8446.2
30303,0,9974.7
30304,0,11521
30305,0,13614.9
30306,0,14412.7
30307,0,13958
30308,0,12279.4
30309,0,9670.4
30310,0,6218
30311,0,3631.7
30312,0,2621.6
30313,0,2088.9
30314,0,1642
30315,0,1417.6
30316,0,957.4
30317,0,699.5
30318,0,774.1
30319,0,1197.8
30320,0,1413.3
30321,0,1569.2
30322,0,1759.5
30323,0,1596.1
30324,0,1282.6
30325,0,1848.2
30326,0,2392.2
30327,0,3378.3
30328,0,3994.4
30329,0,4190.3
30330,0,4509.7
30331,0,3919.1
30332,0,3711.8
30333,0,3146.3
30334,0,2525
30335,0,1890.2
30336,0,1428.2
30337,9.8,1126.8
30338,434.9,723.7
30339,1081.9,529.2
30340,1567.4,480
30341,1450.9,720
30342,466.1,1918.5
30343,191.9,2765.3
30344,150.8,2842.6
30345,3.2,3730
30346,0,4741
30347,0,5725.7
30348,0,6335.9
30349,0,7090.4
30350,0,8399.5
30351,0,9790.8
30352,0,11418.2
30353,0,13702.1
30354,0,16065.4
30355,0,15904.8
30356,0,13516.7
30357,0,9585.7
30358,0,6577.4
30359,0,4114.5
30360,0,2627.4
30361,0,2121.4
30362,0,1831.6
30363,0,1178.1
30364,0,857.3
30365,0,1262.7
30366,0,3085.8
30367,0,4284.6
30368,0,4856.4
30369,0,5600.7
30370,0,7045.9
30371,0,7994
30372,0,9765.5
30373,0,11434.3
30374,0,10160.8
30375,0,14115.5
30376,0,17163.1
30377,0,13588.1
30378,0,12552.2
30379,0,11921.4
30380,0,10554.3
30381,0,8459.6
30382,0,5743.9
30383,0,3654.9
30384,0,2667.6
30385,0,2009.8
30386,0,1332.7
30387,0,894.4
30388,0,845.4
30389,0,1139.7
30390,0,2024.1
30391,0,2436.4
30392,0,2219.2
30393,0,2487.1
30394,0,2973.1
30395,0,4016
30396,0,4175.1
30397,0,5131
30398,0,5785.8
30399,0,6325.7
30400,0,7360.1
30401,0,8761.4
30402,0,10732.5
30403,0,10393.5
30404,0,9091.5
30405,0,6662.6
30406,0,4239.7
30407,0,2843.9
30408,0,1637.8
30409,0,981.4
30410,0,684.7
30411,61.7,533.9
30412,525.6,458.5
30413,846.7,657.6
30414,174.2,2035.1
30415,5.1,3352.4
30416,0,4135.8
30417,0,5147.1
30418,0,6180.4
30419,0,7444.7
30420,0,8614.4
30421,0,10290.5
30422,0,12610.3
30423,0,15666.9
30424,0,18471.8
30425,0,20865.3
30426,0,23288.7
30427,0,22714.9
30428,0,19443.4
30429,0,15081
30430,0,11179.4
30431,0,7191.2
30432,0,3544.4
30433,0,2517.2
30434,0,2023.9
30435,0,1756.8
30436,0,1661.2
30437,0,2155
30438,0,3672.8
30439,0,4615.8
30440,0,5601.3
30441,0,6988.8
30442,0,8913.1
30443,0,11339.2
30444,0,13519.5
30445,0,15853.5
30446,0,18416.5
30447,0,20503.1
30448,0,22454.4
30449,0,24241.8
30450,0,26204.4
30451,0,25553.2
30452,0,22910.6
30453,0,18074.9
30454,0,14103.5
30455,0,10955
30456,0,7864.8
30457,0,5511.5
30458,0,4162.3
30459,0,3491.9
30460,0,3033.8
30461,0,3415.8
30462,0,5633.4
30463,0,6579.6
30464,0,5401.5
30465,0,6430.7
30466,0,8691.4
30467,0,9518.1
30468,0,10143.2
30469,0,10329.6
30470,0,10601.5
30471,0,13213.6
30472,0,16862.8
30473,0,19093.9
30474,0,18983.5
30475,0,18355.8
30476,0,16778.3
30477,0,13243.9
30478,0,10145
30479,0,7370.2
30480,0,5074.5
30481,0,3968.5
30482,0,3337.1
30483,0,3010.9
30484,0,2899.5
30485,0,3472.5
30486,0,6004.2
30487,0,8148.5
30488,0,7686.7
30489,0,10420.5
30490,0,14275.4
30491,0,18043.9
30492,0,21333.8
30493,0,23847.3
30494,0,26788.2
30495,0,29867.5
30496,0,32677.3
30497,0,35484.9
30498,0,37646.6
30499,0,37008.5
30500,0,33411.7
30501,0,28392.9
30502,0,24506.1
30503,0,20759.2
30504,0,17539.8
30505,0,15816.7
30506,0,14068.5
30507,0,12725.2
30508,0,11965.8
30509,0,12220.9
30510,0,15750.2
30511,0,17812.5
30512,0,17583.4
30513,0,19974.6
30514,0,23003.1
30515,0,25751.9
30516,0,28070.8
30517,0,30694.9
30518,0,32619
30519,0,33134.8
30520,0,34021.8
30521,0,34836.8
30522,0,37291.7
30523,0,36421.6
30524,0,33135.5
30525,0,27908.4
30526,0,23095.4
30527,0,18596.5
30528,0,14444.5
30529,0,11987.9
30530,0,9753.2
30531,0,8000.3
30532,0,7154.1
30533,0,7513.9
30534,0,11169.5
30535,0,13979.7
30536,0,14643.8
30537,0,16209.9
30538,0,18761
30539,0,21124.5
30540,0,22414.5
30541,0,24076.9
30542,0,25381.2
30543,0,25779.9
30544,0,27018.2
30545,0,29040.2
30546,0,30565.7
30547,0,27850.1
30548,0,23387.3
30549,0,18255.8
30550,0,12949
30551,0,8844.3
30552,0,5971.8
30553,0,4127.3
30554,0,3235
30555,0,2890.8
30556,0,2745.3
30557,0,3034.1
30558,0,4379.4
30559,0,5709.9
30560,0,7009.2
30561,0,8705.8
30562,0,12210.4
30563,0,16134.3
30564,0,19970.6
30565,0,23665
30566,0,26550.8
30567,0,28862.7
30568,0,31277.1
30569,0,33621.9
30570,0,35168.4
30571,0,33945.2
30572,0,30664.2
30573,0,25796.3
30574,0,21144.7
30575,0,16761.8
30576,0,13344.4
30577,0,11348.2
30578,0,9537.6
30579,0,8137.4
30580,0,7707
30581,0,8385.8
30582,0,10737.6
30583,0,11546.2
30584,0,11743.3
30585,0,14374.3
30586,0,18146.6
30587,0,21250.8
30588,0,23820.2
30589,0,25725.6
30590,0,27063.7
30591,0,29166.8
30592,0,30941.2
30593,0,33008.4
30594,0,34038.3
30595,0,33710.7
30596,0,30814.3
30597,0,25230.7
30598,0,19239
30599,0,15350.8
30600,0,12512
30601,0,9971.1
30602,0,8128.2
30603,0,6321.7
30604,0,5514.2
30605,0,6107.4
30606,0,8979.6
30607,0,11824.6
30608,0,12940.2
30609,0,14815.3
30610,0,17927.1
30611,0,20899.2
30612,0,22624.1
30613,0,24383.1
30614,0,26319.6
30615,0,27553.5
30616,0,28617.5
30617,0,29106
30618,0,29263.6
30619,0,27914.6
30620,0,23838
30621,0,17301.6
30622,0,12058.8
30623,0,8335
30624,0,5104.1
30625,0,3089.9
30626,0,2504.7
30627,0,2101.9
30628,0,2012.8
30629,0,2200.6
30630,0,2826.5
30631,0,3040.7
30632,0,2409.1
30633,0,2152.5
30634,0,2099.5
30635,0,2106.2
30636,0,2208.6
30637,0,2039.6
30638,0,1984.4
30639,0,1986.8
30640,0,2316.7
30641,0,3003.9
30642,0,3403.6
30643,0,3142.7
30644,0,2842.1
30645,0,2439.2
30646,110.2,1663.7
30647,919,942
30648,1916.3,559.3
30649,3016,378.8
30650,3795.2,264.3
30651,4572.3,140.9
30652,5091.7,89.1
30653,5109.1,212.3
30654,4545.3,521.7
30655,4121.4,681
30656,4457.5,483.1
30657,4147.4,507.3
30658,3070.2,809.7
30659,2115.4,1107.5
30660,1389.1,1048.8
30661,246.2,1806.6
30662,0,2371
30663,0,2649.6
30664,0,3654.4
30665,0,4788
30666,0,5399.9
30667,0,5144.6
30668,0,4464.4
30669,0,3451.2
30670,0,2382
30671,0,1382.5
30672,306.4,743.4
30673,1087.1,554.1
30674,2010.9,424.8
30675,2807.9,328.2
30676,3370.9,291.7
30677,3761.8,318.7
30678,3315.4,630.1
30679,2982.2,807.4
30680,3450.4,590.7
30681,3707.5,466.2
30682,3123,647.1
30683,2772.5,885.4
30684,2480.3,912.8
30685,1859.7,1185.5
30686,1487.1,1325.3
30687,1577.4,1376
30688,959.6,1889.1
30689,163.2,2319.2
30690,0,3015.8
30691,0,3063.1
30692,0,2793.7
30693,77,2429.3
30694,450.8,1833.7
30695,1256.5,1083.3
30696,2078.6,737.9
30697,2385.7,633.9
30698,2905.9,517.7
30699,3132.3,468.7
30700,3149.4,489.6
30701,2765.2,664.6
30702,1918,1061.6
30703,1301.1,1500
30704,1428.1,1233.9
30705,1150,1296.8
30706,290.8,1793.6
30707,0,2199.7
30708,0,2761.8
30709,0,3463.7
30710,0,4177.8
30711,0,5178.1
30712,0,5575.2
30713,0,8062.3
30714,0,9265.6
30715,0,9023
30716,0,9137.1
30717,0,6511.2
30718,0,4477.5
30719,0,3502
30720,0,2733.9
30721,0,2280.7
30722,0,1965
30723,0,1683.9
30724,0,1493.9
30725,0,1943.1
30726,0,3525.8
30727,0,4622.4
30728,0,5829
30729,0,7067.6
30730,0,9455.9
30731,0,12924.5
30732,0,15714.2
30733,0,17992.8
30734,0,16840.1
30735,0,17774.1
30736,0,21648.8
30737,0,25111.5
30738,0,27050.9
30739,0,26048.9
30740,0,23082.9
30741,0,19988.4
30742,0,16332.1
30743,0,12289.6
30744,0,8417.5
30745,0,6616
30746,0,5381.5
30747,0,4055.7
30748,0,3313.1
30749,0,3723
30750,0,7081.8
30751,0,10033.5
30752,0,11088.9
30753,0,13491.2
30754,0,16860.2
30755,0,19470.1
30756,0,21423.7
30757,0,23253.7
30758,0,25323.6
30759,0,26798.4
30760,0,29212.2
30761,0,31664.5
30762,0,33791.3
30763,0,33457.6
30764,0,29312.2
30765,0,22534.2
30766,0,17451.9
30767,0,12972.4
30768,0,8733.9
30769,0,6627.2
30770,0,5152.9
30771,0,4499.7
30772,0,4767.7
30773,0,4821.2
30774,0,6902
30775,0,9229.4
30776,0,8659.7
30777,0,8836
30778,0,10378.6
30779,0,11878.7
30780,0,12478.1
30781,0,13470
30782,0,13202.2
30783,0,16274.5
30784,0,17047.9
30785,0,18369.1
30786,0,20955.2
30787,0,21438.4
30788,0,18897.2
30789,0,13903.3
30790,0,9481.8
30791,0,5987.1
30792,0,3718.8
30793,0,2866.6
30794,0,2366.2
30795,0,1887.8
30796,0,1524.4
30797,0,1586.5
30798,0,2882.8
30799,0,3986.2
30800,0,4317.8
30801,0,5267.9
30802,0,6846.4
30803,0,8875.4
30804,0,10323.5
30805,0,12957.1
30806,0,15397.2
30807,0,18244.2
30808,0,21033.4
30809,0,24166.4
30810,0,26520.6
30811,0,25307.7
30812,0,21513.5
30813,0,16301.5
30814,0,10267.9
30815,0,6228.9
30816,0,3964.6
30817,0,2969.6
30818,0,2556
30819,0,2227.9
30820,0,2125.1
30821,0,2488.6
30822,0,3760.4
30823,0,4542.7
30824,0,4820.7
30825,0,5874.9
30826,0,7744.8
30827,0,10623.9
30828,0,13512.3
30829,0,14760.9
30830,0,16008.2
30831,0,17924.5
30832,0,20051.3
30833,0,23212.8
30834,0,25600.8
30835,0,23877.3
30836,0,21548.4
30837,0,16104.4
30838,0,11289.2
30839,0,7601.6
30840,0,4525.7
30841,0,2912.2
30842,0,2219.7
30843,0,1624.2
30844,0,1398.6
30845,0,1860.3
30846,0,3574
30847,0,5227
30848,0,6735.3
30849,0,8949.6
30850,0,11601
30851,0,15178.8
30852,0,18499
30853,0,20869.6
30854,0,23016.3
30855,0,25719.2
30856,0,29809.1
30857,0,32086.8
30858,0,33651.2
30859,0,31794.9
30860,0,27060.1
30861,0,21655.1
30862,0,16275.4
30863,0,11266.9
30864,0,7289.8
30865,0,4935.4
30866,0,3354.7
30867,0,2695.7
30868,0,2449.2
30869,0,2749.4
30870,0,4450.4
30871,0,6914.2
30872,0,8910.2
30873,0,11489.8
30874,0,14776.8
30875,0,16672.2
30876,0,18724.6
30877,0,19959.5
30878,0,19129.2
30879,0,16552.5
30880,0,16613.4
30881,0,17210.7
30882,0,17350.7
30883,0,15816.6
30884,0,13218.8
30885,0,11083.6
30886,0,8256.1
30887,0,5982.9
30888,0,3788.3
30889,0,2867.5
30890,0,2524.7
30891,0,2299.7
30892,0,2291.4
30893,0,2583.4
30894,0,3200.1
30895,0,3438.4
30896,0,3544.5
30897,0,3572
30898,0,3713.4
30899,0,3839
30900,0,3851
30901,0,3973.6
30902,0,3924.8
30903,0,4096.6
30904,0,4745.1
30905,0,5755
30906,0,7773.2
30907,0,7714.8
30908,0,6654.6
30909,0,5263.9
30910,0,3707.6
30911,0,2877.2
30912,0,2180.4
30913,0,1825.5
30914,0,1604.3
30915,0,1513.1
30916,0,1418.5
30917,0,1793.6
30918,0,3146.3
30919,0,3761.1
30920,0,4580.8
30921,0,5339
30922,0,7252.6
30923,0,8220.7
30924,0,9656.9
30925,0,11989.5
30926,0,14999.5
30927,0,16716.4
30928,0,19488.8
30929,0,22198.6
30930,0,24310.3
30931,0,23983.1
30932,0,20486.5
30933,0,14852.2
30934,0,10149.2
30935,0,5628.8
30936,0,2845.9
30937,0,2033
30938,0,1702.8
30939,0,1576.7
30940,0,1397.2
30941,0,1719.7
30942,0,3259.1
30943,0,4589.9
30944,0,5931.1
30945,0,7563
30946,0,10576.7
30947,0,14015
30948,0,16809.5
30949,0,19334.9
30950,0,21743.1
30951,0,24375.6
30952,0,27463.9
30953,0,29572.6
30954,0,31659.1
30955,0,30694.8
30956,0,26808.2
30957,0,21394.6
30958,0,16369.8
30959,0,11816.8
30960,0,8065.9
30961,0,5985.4
30962,0,4347
30963,0,3313.5
30964,0,3014.3
30965,0,3263.2
30966,0,5388.6
30967,0,8198.6
30968,0,9071.1
30969,0,11627.9
30970,0,15202.9
30971,0,19109.5
30972,0,22494
30973,0,25256.8
30974,0,27895.1
30975,0,30135.3
30976,0,32735.4
30977,0,35340.4
30978,0,36608.3
30979,0,35523
30980,0,31990.3
30981,0,27477.6
30982,0,23225.6
30983,0,19057.3
30984,0,15588.7
30985,0,13291.9
30986,0,11324.8
30987,0,9935.8
30988,0,9294.5
30989,0,9857.3
30990,0,12455.8
30991,0,14500.8
30992,0,14403.1
30993,0,16224.9
30994,0,20471.3
30995,0,24317.7
30996,0,26361.3
30997,0,29237.4
30998,0,32529.5
30999,0,35193.2
31000,0,37456.5
31001,0,39592.7
31002,0,41013.2
31003,0,38975.9
31004,0,35598.1
31005,0,31594.4
31006,0,27918.7
31007,0,24168.7
31008,0,17857.5
31009,0,13610.3
31010,0,11038.5
31011,0,9179.8
31012,0,7968.1
31013,0,7791.1
31014,0,12136.9
31015,0,16501.2
31016,0,18753.7
31017,0,22166.7
31018,0,26812.1
31019,0,30826.6
31020,0,33677.8
31021,0,36655
31022,0,39475.1
31023,0,41086
31024,0,41358.2
31025,0,41862.1
31026,0,41503.5
31027,0,38674.8
31028,0,34372.7
31029,0,29436.2
31030,0,24709.1
31031,0,20169.2
31032,0,15869.1
31033,0,13227.9
31034,0,11703.9
31035,0,10488.2
31036,0,9442.1
31037,0,9659.8
31038,0,12082.5
31039,0,14179.7
31040,0,13989.9
31041,0,11602.8
31042,0,13456.3
31043,0,19251.8
31044,0,22942.5
31045,0,25631
31046,0,28293.9
31047,0,31367.9
31048,0,34258.6
31049,0,35507.1
31050,0,32538.7
31051,0,26876.4
31052,0,23388.3
31053,0,21016.3
31054,0,17661.9
31055,0,14198.2
31056,0,10961.9
31057,0,8976.2
31058,0,7845.8
31059,0,7028.4
31060,0,5992.7
31061,0,5723.8
31062,0,7386.3
31063,0,11054.1
31064,0,12785.9
31065,0,15276.9
31066,0,17891.5
31067,0,21119.4
31068,0,23770.4
31069,0,25664.5
31070,0,28251
31071,0,30715.5
31072,0,32862.3
31073,0,34843.1
31074,0,36304
31075,0,35070.6
31076,0,30327.1
31077,0,23997.2
31078,0,18851.8
31079,0,13631.2
31080,0,8681.5
31081,0,6588
31082,0,4484.1
31083,0,3693.1
31084,0,3774.5
31085,0,3951.8
31086,0,4696.3
31087,0,6509.5
31088,0,7597.5
31089,0,5248
31090,0,6157.2
31091,0,8040
31092,0,10164.5
31093,0,9419.4
31094,0,12145.9
31095,0,15337.6
31096,0,18274
31097,0,20681.5
31098,0,22322.3
31099,0,22588.1
31100,0,20158
31101,0,16265.8
31102,0,12062.8
31103,0,8310.2
31104,0,5066.9
31105,0,3468.8
31106,0,2803.1
31107,0,2287.4
31108,0,1902.4
31109,0,2124.6
31110,0,3666.2
31111,0,5268.3
31112,0,6628
31113,0,9182.2
31114,0,12589.6
31115,0,14937.5
31116,0,16889.7
31117,0,19008.2
31118,0,21362.5
31119,0,23664.2
31120,0,25843.2
31121,0,27283.5
31122,0,28324.2
31123,0,25101.4
31124,0,21158.6
31125,0,17879.4
31126,0,14490.7
31127,0,10829.6
31128,0,7465.2
31129,0,5462.2
31130,0,3967.5
31131,0,3103.8
31132,0,2947.5
31133,0,3184.1
31134,0,4376
31135,0,5256.6
31136,0,6115.6
31137,0,8496.4
31138,0,12118
31139,0,16397.4
31140,0,18096.7
31141,0,21165.9
31142,0,23132.7
31143,0,24222.4
31144,0,25741.1
31145,0,28340.9
31146,0,29213.4
31147,0,27279.1
31148,0,22862
31149,0,18098.7
31150,0,13575.7
31151,0,10018.5
31152,0,6726.5
31153,0,4562
31154,0,3302.4
31155,0,2672.2
31156,0,2324
31157,0,2471.5
31158,0,3807.3
31159,0,5062.9
31160,0,5667.7
31161,0,7036.2
31162,0,10160.7
31163,0,12938.7
31164,0,14978.5
31165,0,17554.8
31166,0,19868.1
31167,0,21704.1
31168,0,24723.7
31169,0,27190.3
31170,0,28417.5
31171,0,26707.1
31172,0,22014.7
31173,0,15216.6
31174,0,9983.4
31175,0,7455.3
31176,0,4711.9
31177,0,3179.3
31178,0,2804.8
31179,0,2530.9
31180,0,2259.1
31181,0,2368
31182,0,3774.8
31183,0,4789.2
31184,0,4638.1
31185,0,4747.3
31186,0,4689.3
31187,0,5452.4
31188,0,8510.5
31189,0,10155.5
31190,0,11668.4
31191,0,13744.5
31192,0,15037.5
31193,0,15634.4
31194,0,17778.7
31195,0,16845.4
31196,0,12920.5
31197,0,8963.4
31198,0,5665.2
31199,0,3331.3
31200,0,2223.4
31201,0,1806.6
31202,0,1583.1
31203,0,1269.3
31204,0,952.7
31205,0,943.9
31206,0,2049.1
31207,0,2728
31208,0,3010.3
31209,0,3031
31210,0,3529.7
31211,0,4548.9
31212,0,5992.8
31213,0,6739.3
31214,0,7188.7
31215,0,7548.4
31216,0,10119
31217,0,13110.4
31218,0,14836.3
31219,0,13133.4
31220,0,9301.3
31221,0,5757.7
31222,0,3892.2
31223,0,2907.9
31224,0,1551.8
31225,0,847.1
31226,0,568.7
31227,143,418
31228,970.8,316.5
31229,1940.3,369.2
31230,820.8,1286.3
31231,88.2,2790.6
31232,0,3995.8
31233,0,5036.2
31234,0,6327.8
31235,0,7766
31236,0,9586.1
31237,0,11329.1
31238,0,13439.3
31239,0,16491.6
31240,0,19207.6
31241,0,21476.8
31242,0,23507.5
31243,0,22834.3
31244,0,18179.5
31245,0,12217.4
31246,0,8597.7
31247,0,5545.8
31248,0,3270.5
31249,0,2424.8
31250,0,2020.8
31251,0,1775.3
31252,0,1738.1
31253,0,2024
31254,0,2709.2
31255,0,3397
31256,0,4388.6
31257,0,4235.7
31258,0,4809.4
31259,0,7515.7
31260,0,10426.8
31261,0,13029
31262,0,15199.8
31263,0,17275.8
31264,0,16785.2
31265,0,17432
31266,0,17070.3
31267,0,15300.1
31268,0,12846
31269,0,10396.5
31270,0,7404.9
31271,0,4928.3
31272,0,3279.7
31273,0,2334.3
31274,0,1919.7
31275,0,1555.5
31276,0,1373.3
31277,0,1551.9
31278,0,2049.8
31279,0,2176.2
31280,0,2044.8
31281,0,1974
31282,0,2014.1
31283,0,2525.4
31284,0,2803.4
31285,0,3266.9
31286,0,4404.1
31287,0,4854.4
31288,0,5468.1
31289,0,4936.6
31290,0,5153.7
31291,0,4812.5
31292,0,4358.6
31293,0,3843
31294,0,2996.1
31295,0,2011.3
31296,0,1187.6
31297,0,826.5
31298,0,685.6
31299,50.5,572.9
31300,512.3,500.2
31301,743.8,630.5
31302,562.3,989.9
31303,340.9,1471.1
31304,357,1402.6
31305,115.2,1728.6
31306,0,2420.2
31307,0,2766.8
31308,0,3425.5
31309,0,4743.5
31310,0,5693.8
31311,0,6902.7
31312,0,8337.3
31313,0,11110.6
31314,0,13294.2
31315,0,13385.7
31316,0,9625.5
31317,0,5641.2
31318,0,3557.8
31319,0,2350.3
31320,0,1405.3
31321,0,893.1
31322,41.1,561.2
31323,431.8,386.1
31324,1320.3,309.4
31325,2187.6,398.3
31326,985.3,1138
31327,49.4,2565.9
31328,0,3029
31329,0,3932.1
31330,0,4973.6
31331,0,6307
31332,0,7885.9
31333,0,10095.4
31334,0,13038.7
31335,0,16283.6
31336,0,18827.1
31337,0,20975.2
31338,0,21208
31339,0,19936.7
31340,0,17194.2
31341,0,14412.7
31342,0,11596.4
31343,0,9193.1
31344,0,7070.2
31345,0,5685.6
31346,0,4306
31347,0,3493.5
31348,0,3356.2
31349,0,3357.7
31350,0,4321.9
31351,0,6024
31352,0,7381.7
31353,0,9594.4
31354,0,12958.4
31355,0,16167.6
31356,0,18740.7
31357,0,21339
31358,0,23870.4
31359,0,25580.2
31360,0,27524.3
31361,0,29123.6
31362,0,29900.8
31363,0,27973.3
31364,0,22585.1
31365,0,17213.1
31366,0,12928.5
31367,0,9480.9
31368,0,6726.1
31369,0,5378.5
31370,0,4014.1
31371,0,3407.6
31372,0,3430.1
31373,0,3820.1
31374,0,4940.6
31375,0,5582
31376,0,5999.4
31377,0,7669.9
31378,0,7316.3
31379,0,7379.8
31380,0,8861
31381,0,12810.1
31382,0,15093.9
31383,0,17204.7
31384,0,19652.6
31385,0,21556.8
31386,0,22610.4
31387,0,21062.4
31388,0,16592.2
31389,0,12161.5
31390,0,8146.4
31391,0,5331.7
31392,0,3291.8
31393,0,2471.7
31394,0,1983.9
31395,0,1668.3
31396,0,1451.9
31397,0,1599.6
31398,0,2646.5
31399,0,3762.9
31400,0,4654.3
31401,0,5564
31402,0,7265.2
31403,0,9040.1
31404,0,11063.7
31405,0,13566.3
31406,0,16259.7
31407,0,18630.1
31408,0,21003.5
31409,0,22803.3
31410,0,24062.4
31411,0,22678.2
31412,0,18116.8
31413,0,13217
31414,0,8890.5
31415,0,5596
31416,0,3513.9
31417,0,2913.4
31418,0,2596.6
31419,0,2294.7
31420,0,2091.1
31421,0,2361.4
31422,0,3170.7
31423,0,3450.3
31424,0,3736.7
31425,0,3924.1
31426,0,3988.7
31427,0,3960.4
31428,0,4030.4
31429,0,4084.6
31430,0,4183.8
31431,0,4469.1
31432,0,5004.6
31433,0,5099.6
31434,0,5582.3
31435,0,5579
31436,0,5375.8
31437,0,4890.6
31438,0,3956.5
31439,0,3232.6
31440,0,2578.9
31441,0,2280.8
31442,0,2142.8
31443,0,2108.3
31444,0,2145.4
31445,0,2495.9
31446,0,3129
31447,0,3530.1
31448,0,3909.2
31449,0,4750.7
31450,0,7029.7
31451,0,9223.8
31452,0,12891
31453,0,16134.4
31454,0,19084
31455,0,21976.1
31456,0,24879.5
31457,0,26986
31458,0,28317.5
31459,0,26148.3
31460,0,21338.8
31461,0,16233.9
31462,0,11014.3
31463,0,7846.3
31464,0,5215.2
31465,0,3891.4
31466,0,3247.5
31467,0,2709
31468,0,2261.3
31469,0,2144.6
31470,0,2763.9
31471,0,4190.9
31472,0,4780.9
31473,0,6135.4
31474,0,8662.1
31475,0,11113.5
31476,0,12921.8
31477,0,15102.9
31478,0,17149
31479,0,18831.7
31480,0,20855.3
31481,0,23020.1
31482,0,24092.7
31483,0,21977.4
31484,0,17410.4
31485,0,13155.4
31486,0,9023.1
31487,0,5856.1
31488,0,3484
31489,0,2785.8
31490,0,2316.1
31491,0,1915
31492,0,1691.1
31493,0,1788.6
31494,0,2298
31495,0,3129.3
31496,0,3435.3
31497,0,3916.4
31498,0,4929.9
31499,0,6103.7
31500,0,7632.8
31501,0,9717.2
31502,0,10863.2
31503,0,12976.2
31504,0,15252.8
31505,0,17161.8
31506,0,17867.1
31507,0,15892.6
31508,0,12184.7
31509,0,9509.6
31510,0,6652.1
31511,0,4363.1
31512,0,3086.4
31513,0,2597.2
31514,0,2267.5
31515,0,2069.5
31516,0,1998.7
31517,0,2168.5
31518,0,2787.2
31519,0,3347.9
31520,0,2876.8
31521,0,2501.8
31522,0,2682.8
31523,0,3064.5
31524,0,4093
31525,0,6514.8
31526,0,8721.2
31527,0,10502.5
31528,0,13117.1
31529,0,15177.5
31530,0,16068
31531,0,14533.8
31532,0,11737.9
31533,0,9331.2
31534,0,6385.8
31535,0,4023.9
31536,0,2884.4
31537,0,2436.4
31538,0,2106
31539,0,1796
31540,0,1673.5
31541,0,1958.3
31542,0,2609.3
31543,0,3682.8
31544,0,4962.3
31545,0,6305.6
31546,0,9234.7
31547,0,12925.6
31548,0,16489.9
31549,0,19296.7
31550,0,22400.2
31551,0,24910.6
31552,0,26607.9
31553,0,28277.5
31554,0,28328.4
31555,0,24804.8
31556,0,22526.4
31557,0,19993.2
31558,0,15863.9
31559,0,12048.2
31560,0,8999.5
31561,0,6857.3
31562,0,5622
31563,0,4834.7
31564,0,4108.3
31565,0,4167.6
31566,0,5379.6
31567,0,7633.1
31568,0,8589.7
31569,0,10160.5
31570,0,12127.5
31571,0,16323.2
31572,0,17233.4
31573,0,21569.6
31574,0,25030.8
31575,0,26964.1
31576,0,28235.8
31577,0,29368.6
31578,0,28838.4
31579,0,26656.1
31580,0,24349.8
31581,0,21341.4
31582,0,17399.3
31583,0,13775
31584,0,10920.8
31585,0,9097.1
31586,0,7454.3
31587,0,6546.5
31588,0,5946.5
31589,0,5740.8
31590,0,6413.1
31591,0,6564.3
31592,0,6279.9
31593,0,6342.4
31594,0,8094.2
31595,0,13641.8
31596,0,16622.3
31597,0,19522.2
31598,0,22023.1
31599,0,23501.8
31600,0,24922.4
31601,0,26466.8
31602,0,26733.4
31603,0,23560.9
31604,0,19670
31605,0,16224.6
31606,0,12297.8
31607,0,8229.5
31608,0,4880.5
31609,0,3270.3
31610,0,2775.3
31611,0,2505.9
31612,0,2497.2
31613,0,2690.9
31614,0,3325.3
31615,0,4662.8
31616,0,6259.1
31617,0,8758.8
31618,0,12992
31619,0,17054.8
31620,0,20252.5
31621,0,23281.6
31622,0,26953.1
31623,0,28948.5
31624,0,27000.2
31625,0,28062.5
31626,0,28729.6
31627,0,27669.5
31628,0,23471.3
31629,0,19918.7
31630,0,16165.7
31631,0,12644.5
31632,0,10273.5
31633,0,7256.5
31634,0,5349
31635,0,4049.7
31636,0,3456.7
31637,0,3529.2
31638,0,4119.2
31639,0,4255.8
31640,0,3691
31641,0,4374.1
31642,0,5446.6
31643,0,8487.2
31644,0,10468.8
31645,0,11263.1
31646,0,14093.8
31647,0,15469.3
31648,0,17122.8
31649,0,20404.1
31650,0,20572.7
31651,0,18325.3
31652,0,15064.4
31653,0,11900.3
31654,0,8881.7
31655,0,5773.2
31656,0,3302.5
31657,0,2613.9
31658,0,2320.6
31659,0,2098
31660,0,1961.3
31661,0,2014.1
31662,0,2463
31663,0,3509.2
31664,0,3930.4
31665,0,5389.8
31666,0,7462.5
31667,0,10001.1
31668,0,11146.6
31669,0,14628.5
31670,0,18248
31671,0,20756.7
31672,0,22485.4
31673,0,24166.2
31674,0,24191.2
31675,0,21408.7
31676,0,17911.2
31677,0,14257
31678,0,9698.5
31679,0,5345.1
31680,0,3123.9
31681,0,2653.1
31682,0,2179
31683,0,1859
31684,0,1818.8
31685,0,2025.7
31686,0,2603.1
31687,0,3316
31688,0,3473.2
31689,0,4624.3
31690,0,4402.9
31691,0,4952.6
31692,0,7993.9
31693,0,12323
31694,0,14770.6
31695,0,16371.7
31696,0,16825.5
31697,0,16778.3
31698,0,17594.6
31699,0,16481.2
31700,0,15151.9
31701,0,13785.1
31702,0,11008.7
31703,0,8572.6
31704,0,6310.3
31705,0,4622.5
31706,0,3860.1
31707,0,3559.9
31708,0,3415.6
31709,0,3715
31710,0,4399.1
31711,0,4048.8
31712,0,3446.3
31713,0,3226.4
31714,0,3233.6
31715,0,3767.1
31716,0,4020.9
31717,0,5635.6
31718,0,7004.4
31719,0,8155.9
31720,0,11896.7
31721,0,12490.4
31722,0,13432.1
31723,0,10785
31724,0,7736.6
31725,0,5938.7
31726,0,3974.9
31727,0,2900.4
31728,0,2088.3
31729,0,1504.8
31730,0,1107.9
31731,0,835.8
31732,0,767.5
31733,0,890.1
31734,0,1498.7
31735,0,2735.8
31736,0,3849.3
31737,0,5124.7
31738,0,6956.5
31739,0,9415
31740,0,9900.6
31741,0,13293
31742,0,16500.7
31743,0,18659.8
31744,0,20118.8
31745,0,18717.8
31746,0,18811.3
31747,0,17278.7
31748,0,14776.5
31749,0,12174.5
31750,0,9350
31751,0,7115.2
31752,0,4599.6
31753,0,3301.2
31754,0,2688.2
31755,0,2349
31756,0,2123.6
31757,0,2266.7
31758,0,2806.2
31759,0,3510
31760,0,4182.4
31761,0,3836.6
31762,0,4120.6
31763,0,4203.8
31764,0,4936.8
31765,0,7401.8
31766,0,7946.1
31767,0,7037.5
31768,0,7827.1
31769,0,10056.1
31770,0,9787.3
31771,0,8431
31772,0,6687.5
31773,0,5079.4
31774,0,3559.8
31775,0,2512.4
31776,0,1623.4
31777,0,1051.4
31778,0,749.3
31779,0,629.3
31780,2.3,554.6
31781,40.7,678.3
31782,31.1,1028.6
31783,4,1509.9
31784,50.3,1633.7
31785,4,2584.5
31786,0,4299.3
31787,0,5701.5
31788,0,6540.5
31789,0,8089.4
31790,0,10189.1
31791,0,11704.5
31792,0,13610.5
31793,0,13718.9
31794,0,13028.7
31795,0,10973.3
31796,0,8581.3
31797,0,6837.1
31798,0,4740.3
31799,0,3173.7
31800,0,2175.3
31801,0,1532.9
31802,0,1065.3
31803,0,755.3
31804,33,574.7
31805,266.3,625.9
31806,306.2,951.2
31807,96,1926.6
31808,77,2352
31809,4.8,3313.6
31810,0,4696.6
31811,0,5874
31812,0,7364.9
31813,0,9576.1
31814,0,11950.5
31815,0,14217.4
31816,0,16607.8
31817,0,19186.8
31818,0,20409.8
31819,0,18113.4
31820,0,13990.3
31821,0,10519.1
31822,0,7409.2
31823,0,5078.5
31824,0,3336.7
31825,0,2584
31826,0,2012.1
31827,0,1613.5
31828,0,1462.5
31829,0,1567.5
31830,0,2227
31831,0,3248.7
31832,0,3634.4
31833,0,4690.6
31834,0,6657.7
31835,0,9677.1
31836,0,12289.2
31837,0,14949
31838,0,16863.8
31839,0,16992.5
31840,0,17754.7
31841,0,20428.3
31842,0,19058.3
31843,0,16494.2
31844,0,14835.3
31845,0,13035.2
31846,0,9901.9
31847,0,6844.2
31848,0,4529.3
31849,0,3452.6
31850,0,2953.1
31851,0,2702.8
31852,0,2286.4
31853,0,2361.8
31854,0,3140.5
31855,0,3466.7
31856,0,3416.1
31857,0,3582.8
31858,0,3748.1
31859,0,3784.9
31860,0,3711.5
31861,0,3931.5
31862,0,4185.4
31863,0,4635.6
31864,0,5160.7
31865,0,5516.2
31866,0,6621.5
31867,0,6185.7
31868,0,5798.4
31869,0,5032.8
31870,0,3699.7
31871,0,2855
31872,0,2208.7
31873,0,1967.6
31874,0,1805.9
31875,0,1572.3
31876,0,1471.8
31877,0,1720.6
31878,0,2277.2
31879,0,2532.7
31880,0,2489.9
31881,0,2771.7
31882,0,3138.6
31883,0,3260.1
31884,0,3389
31885,0,3618.5
31886,0,3676.3
31887,0,3842.2
31888,0,4469.8
31889,0,4620.3
31890,0,5005.2
31891,0,4590.1
31892,0,4185.1
31893,0,3818.8
31894,0,3088.4
31895,0,2317.2
31896,0,1648.7
31897,0,1342
31898,0,1127.9
31899,0,967.3
31900,0,879.5
31901,0,1084.5
31902,0,1573.4
31903,0,1948
31904,0,1994.7
31905,0,2469.2
31906,0,2832.5
31907,0,3498.4
31908,0,4326.8
31909,0,4761.1
31910,0,5178.7
31911,0,5909.3
31912,0,9175.7
31913,0,12275.6
31914,0,13789.8
31915,0,12228
31916,0,9871.5
31917,0,8278.3
31918,0,6581.9
31919,0,4527.3
31920,0,3026.6
31921,0,2659
31922,0,2435.7
31923,0,2360.6
31924,0,2330.2
31925,0,2464.8
31926,0,3071.3
31927,0,3888.3
31928,0,5376.4
31929,0,7821.7
31930,0,11749.3
31931,0,15533.4
31932,0,18450.4
31933,0,21680.4
31934,0,24268.1
31935,0,26665.5
31936,0,29120.4
31937,0,30315.7
31938,0,30237.4
31939,0,26849
31940,0,21756.8
31941,0,17340
31942,0,12020.2
31943,0,8552
31944,0,5622.4
31945,0,3750.3
31946,0,2991
31947,0,2443.9
31948,0,2184.2
31949,0,2196.7
31950,0,2913.1
31951,0,4102.1
31952,0,5859.4
31953,0,8669.6
31954,0,12944.7
31955,0,16514.1
31956,0,19846.3
31957,0,23437.1
31958,0,26904
31959,0,29581.8
31960,0,31903.7
31961,0,33585.7
31962,0,33343.6
31963,0,29447.1
31964,0,24314.8
31965,0,20402.2
31966,0,15698.9
31967,0,11370
31968,0,7979.5
31969,0,5423.8
31970,0,4273
31971,0,3634.3
31972,0,3183.1
31973,0,3225.4
31974,0,3840.7
31975,0,5127.5
31976,0,7186.8
31977,0,10487.3
31978,0,12575.2
31979,0,13648.3
31980,0,15879.5
31981,0,18031.2
31982,0,20206.2
31983,0,22197.5
31984,0,22698.4
31985,0,23527.4
31986,0,22754.7
31987,0,19142
31988,0,15468.7
31989,0,12436.2
31990,0,9334.1
31991,0,6525
31992,0,4341.5
31993,0,3332
31994,0,2744.3
31995,0,2216
31996,0,1887.1
31997,0,1915
31998,0,2537.2
31999,0,3237.6
32000,0,2892.9
32001,0,3295.3
32002,0,3834.3
32003,0,4473.8
32004,0,4696.1
32005,0,6541.3
32006,0,8592.4
32007,0,9637.5
32008,0,10430.8
32009,0,11724.2
32010,0,10844
32011,0,8831.2
32012,0,6807.2
32013,0,5154.3
32014,0,3673.7
32015,0,2712.4
32016,0,1890.4
32017,0,1482.2
32018,0,1237.3
32019,0,1027.4
32020,0,883
32021,0,1002.1
32022,0,1554.2
32023,0,1984.1
32024,0,1881.7
32025,0,2216
32026,0,2815.5
32027,0,3309.5
32028,0,4496
32029,0,6681.6
32030,0,8546.5
32031,0,11423.4
32032,0,14185.9
32033,0,16219.7
32034,0,16370.7
32035,0,13858.4
32036,0,11466.8
32037,0,9471.2
32038,0,6645.5
32039,0,4793
32040,0,3375.7
32041,0,2784.3
32042,0,2471.9
32043,0,2374.1
32044,0,2424.4
32045,0,2655.5
32046,0,3137.8
32047,0,3541.2
32048,0,3983.4
32049,0,4256.3
32050,0,7014.1
32051,0,10631.2
32052,0,10574.1
32053,0,10085.9
32054,0,10172.8
32055,0,11068.6
32056,0,11498.8
32057,0,13126.7
32058,0,15565
32059,0,12438
32060,0,9957.9
32061,0,8948.1
32062,0,6999.7
32063,0,4978.2
32064,0,3228.7
32065,0,2656.9
32066,0,2397.7
32067,0,2140.4
32068,0,2030.1
32069,0,2180.6
32070,0,2745.5
32071,0,3302.7
32072,0,4212.8
32073,0,5195
32074,0,7658
32075,0,12285.3
32076,0,16297.8
32077,0,19253.9
32078,0,21334.9
32079,0,22656.1
32080,0,22900
32081,0,22714.6
32082,0,20557
32083,0,17655.2
32084,0,14577.9
32085,0,11838
32086,0,8492.4
32087,0,5602.5
32088,0,3603.7
32089,0,2800.3
32090,0,2452.6
32091,0,2352.4
32092,0,2279.3
32093,0,2294.7
32094,0,2671.1
32095,0,3356.4
32096,0,4597.4
32097,0,6275.7
32098,0,9786.5
32099,0,13846
32100,0,17043
32101,0,19815.3
32102,0,22467.6
32103,0,24504.2
32104,0,25844.9
32105,0,26354
32106,0,25734.8
32107,0,23064
32108,0,20528.2
32109,0,18083.4
32110,0,14583
32111,0,11143.6
32112,0,8234
32113,0,6594
32114,0,5321.7
32115,0,4175.3
32116,0,3537.1
32117,0,3544.6
32118,0,4082.4
32119,0,4435.6
32120,0,4964.6
32121,0,5632.3
32122,0,6362.5
32123,0,7185
32124,0,8638.8
32125,0,9771.4
32126,0,10290.4
32127,0,11384.7
32128,0,15445.1
32129,0,16204.6
32130,0,18063.5
32131,0,15955.5
32132,0,13294.4
32133,0,11358.2
32134,0,8634
32135,0,6036
32136,0,3687.7
32137,0,2719.7
32138,0,2286.3
32139,0,1894.2
32140,0,1680.8
32141,0,1878
32142,0,2524.9
32143,0,3020
32144,0,2672.4
32145,0,2922.1
32146,0,3335.7
32147,0,4193.8
32148,0,6959.1
32149,0,10334.7
32150,0,13355.9
32151,0,15478.4
32152,0,16269.6
32153,0,13430.2
32154,0,12446.8
32155,0,11403.3
32156,0,9352.1
32157,0,6926.1
32158,0,4307.4
32159,0,2910.1
32160,0,2042.2
32161,0,1516.9
32162,0,1152.4
32163,0,933.7
32164,0,866.6
32165,0,1134.2
32166,0,1672.7
32167,0,1984.7
32168,0,1851.1
32169,0,2529.6
32170,0,2788.8
32171,0,3421.2
32172,0,4514.4
32173,0,5823.7
32174,0,8155.7
32175,0,9058.4
32176,0,11914.9
32177,0,14332.4
32178,0,14707.1
32179,0,12628.8
32180,0,11079.1
32181,0,9553.9
32182,0,7202.7
32183,0,5213.6
32184,0,3702.7
32185,0,2926.8
32186,0,2528.2
32187,0,2129.4
32188,0,1874.1
32189,0,2104.8
32190,0,2549.7
32191,0,3145.6
32192,0,3079.5
32193,0,3556
32194,0,3966.5
32195,0,4759.5
32196,0,7125
32197,0,9268.3
32198,0,10633.9
32199,0,11982.2
32200,0,13460.8
32201,0,14844
32202,0,13727.4
32203,0,10149.3
32204,0,7348.2
32205,0,4904.9
32206,0,3002
32207,0,1783.1
32208,0,1071
32209,0,744.7
32210,215.3,471.4
32211,1008.1,309
32212,2181.4,229
32213,3479.1,227.9
32214,3915.6,426.2
32215,2971,794.2
32216,1987.8,1368.1
32217,1074.2,2362.6
32218,661.1,2956.2
32219,250.6,3775.9
32220,27.4,4414.3
32221,0,5785.6
32222,0,6765.7
32223,0,7103.5
32224,0,8322
32225,0,8900.9
32226,0,8660.8
32227,0,6478.9
32228,0,4428.1
32229,0,3172.1
32230,24.6,1986.4
32231,591.3,1031
32232,2248.6,410.3
32233,4276.5,230.7
32234,6631,85.2
32235,8351.6,2.9
32236,9457.2,0
32237,9686.6,0
32238,8634.7,152.1
32239,6900.7,371.1
32240,5515.9,651.5
32241,3526.8,1849.7
32242,1642.4,3493.7
32243,720.5,4789.9
32244,198.8,5695.1
32245,3,6810.3
32246,0,8110
32247,0,10083.9
32248,0,11712.7
32249,0,12148
32250,0,11715.8
32251,0,9254.6
32252,0,6233.5
32253,0,4131.1
32254,0,2896.3
32255,0,1898.6
32256,116.3,1079.3
32257,644.5,723
32258,1186.2,616
32259,1960.8,484.3
32260,3012.7,390.5
32261,3814.6,439.1
32262,3584,695.3
32263,2489,1210.6
32264,1599.4,1922.4
32265,648.1,3463
32266,95.5,5198.9
32267,0,6679.9
32268,0,7901.1
32269,0,10020.1
32270,0,12277.4
32271,0,13928.8
32272,0,15115.9
32273,0,15409.5
32274,0,14606.8
32275,0,12442.9
32276,0,11119.3
32277,0,9665.5
32278,0,7334.6
32279,0,5553.7
32280,0,4266.7
32281,0,3526.4
32282,0,3074.5
32283,0,2665.5
32284,0,2333.6
32285,0,2336.7
32286,0,2689.2
32287,0,3006.9
32288,0,2800.3
32289,0,3007.6
32290,0,4051.1
32291,0,6383.5
32292,0,8949.5
32293,0,9980.6
32294,0,12519.4
32295,0,14702.3
32296,0,16375.7
32297,0,16776.7
32298,0,15949.2
32299,0,12127.7
32300,0,8500.9
32301,0,5646.2
32302,0,3659.4
32303,0,2747.8
32304,0,1833.8
32305,0,1451.7
32306,0,1212.5
32307,0,963.3
32308,0,860.2
32309,20,949.6
32310,24.6,1340.9
32311,0,2173.6
32312,0,2614.6
32313,0,3734.1
32314,0,5318
32315,0,7133.3
32316,0,9339.8
32317,0,11341
32318,0,13005.2
32319,0,14278.6
32320,0,15614.7
32321,0,16830.8
32322,0,16228.1
32323,0,12837.9
32324,0,9369.7
32325,0,6763.1
32326,0,4329.4
32327,0,2741.8
32328,0,1522
32329,0,789.9
32330,293.3,446.9
32331,1578.4,284.6
32332,3503.4,176.7
32333,4657.1,199.7
32334,4727.8,375.4
32335,5084.1,480.3
32336,3788.4,708.8
32337,938.4,2171.3
32338,172,3244.4
32339,2.4,3950.1
32340,0,4312.9
32341,0,4460.8
32342,0,4585.9
32343,0,4365.1
32344,0,4546
32345,0,4981.6
32346,0,5131.9
32347,0,4667
32348,0,4312.2
32349,0,3900.2
32350,0,3148.4
32351,0,2305.9
32352,0,1541.7
32353,0,1249.6
32354,0,1070
32355,35.4,877.1
32356,221.4,752.6
32357,294.9,890
32358,222.1,1314
32359,108.8,1975.3
32360,124.3,2234.1
32361,50.1,2887.9
32362,0,4038.2
32363,0,5328.4
32364,0,6438.7
32365,0,8348.8
32366,0,10031.9
32367,0,11438.3
32368,0,12314.9
32369,0,12285.3
32370,0,11318.7
32371,0,8878.3
32372,0,7291.4
32373,0,5952
32374,0,4436
32375,0,3709.5
32376,0,3354.7
32377,0,3064.9
32378,0,2829.2
32379,0,2643.1
32380,0,2560.5
32381,0,2895.8
32382,0,3273.6
32383,0,3087.9
32384,0,2380.3
32385,0,2584.1
32386,0,3255
32387,0,3760.7
32388,0,3913.2
32389,0,4134.1
32390,0,4207.2
32391,0,4072.1
32392,0,4884.1
32393,0,4700.4
32394,0,4721.2
32395,0,4129.8
32396,0,3449.4
32397,0,2724.2
32398,0,1739.8
32399,278.4,883.4
32400,1296.7,456.9
32401,3142.3,192.2
32402,4865.4,65.8
32403,6019.4,12.5
32404,7107.5,0
32405,7964.3,0
32406,7722.7,64.2
32407,6133.8,302
32408,5050.3,502.2
32409,3200.4,1745.2
32410,1334.4,3447.7
32411,468.1,4938
32412,21.9,6147.8
32413,0,7464
32414,0,9276.9
32415,0,11003.7
32416,0,12104.3
32417,0,12404.1
32418,0,11776.1
32419,0,8758.3
32420,0,6312.6
32421,0,4942.6
32422,0,3695.1
32423,0,2559.7
32424,0,1619.7
32425,0.9,1148.9
32426,185,793.4
32427,770.4,550.5
32428,1563.5,448.5
32429,2638.7,419.7
32430,3142.3,575
32431,2886.3,884.1
32432,2247.9,1656
32433,997.5,3469.7
32434,379.6,5170.6
32435,41.2,6468.9
32436,0,7548
32437,0,9882.9
32438,0,11970.2
32439,0,13479.4
32440,0,14353.9
32441,0,14498.2
32442,0,13247.4
32443,0,9637.8
32444,0,7141.4
32445,0,4970.2
32446,0,3308.4
32447,0,2127.9
32448,0,1213.6
32449,152.4,851.4
32450,547.5,703.2
32451,1236.1,543.4
32452,1895.4,509.3
32453,2036.7,649.3
32454,1966.4,962.6
32455,1862,1217.9
32456,1994.3,1134.5
32457,1269.7,1802.1
32458,612.4,2517.7
32459,159.5,3525.1
32460,0,4593.6
32461,0,5097.4
32462,0,4857.1
32463,0,4837.1
32464,0,4721.3
32465,0,4458.7
32466,0,4673.1
32467,0,4250.5
32468,0,3963.4
32469,0,3583.2
32470,0,2761.1
32471,1.8,1946
32472,234,1282.5
32473,453.9,1017.7
32474,852.8,826.4
32475,1441.2,651.3
32476,1968.8,583.8
32477,2038.8,685.1
32478,1742.3,984.2
32479,1814.5,1094.3
32480,2480.8,762.7
32481,2713.5,693.1
32482,2473.9,803.6
32483,1908.7,1047.8
32484,1580.1,1173.4
32485,1290.5,1315.9
32486,623.4,1768.1
32487,118,2214.9
32488,0,2919.2
32489,0,3894.2
32490,0,4231.5
32491,0,4060.2
32492,0,3916.8
32493,0,3660.9
32494,0,3001.9
32495,0,2310
32496,0,1697.6
32497,0,1431.2
32498,39.2,1252.8
32499,336.5,962.7
32500,491.1,926.2
32501,447.8,1192.6
32502,370.9,1621.7
32503,350.5,1843.2
32504,374.9,1765.2
32505,65.9,3037.2
32506,0,4683.4
32507,0,6354.2
32508,0,8726.5
32509,0,11807.5
32510,0,15222.4
32511,0,18272
32512,0,20734
32513,0,21698.1
32514,0,20078.8
32515,0,16447
32516,0,12709.7
32517,0,10061.6
32518,0,7662.8
32519,0,5527.1
32520,0,3655.9
32521,0,2892.1
32522,0,2606.5
32523,0,2314.3
32524,0,2141.3
32525,0,2243.6
32526,0,2609.4
32527,0,3072.1
32528,0,2850.2
32529,0,4808.6
32530,0,5877
32531,0,9405.4
32532,0,11445.6
32533,0,13329.6
32534,0,12160.6
32535,0,10815.6
32536,0,12186.8
32537,0,12698.2
32538,0,11642
32539,0,10275
32540,0,9579
32541,0,8072.4
32542,0,5125.8
32543,0,3652
32544,0,2970.9
32545,0,2709.6
32546,0,2491
32547,0,2280.2
32548,0,2220.9
32549,0,2526.7
32550,0,3154
32551,0,3499.4
32552,0,3457.8
32553,0,3541.8
32554,0,4179.9
32555,0,4907.1
32556,0,5523.9
32557,0,6485.3
32558,0,7432.7
32559,0,7913.5
32560,0,9097.9
32561,0,9591.7
32562,0,9750.6
32563,0,9467.4
32564,0,8536.9
32565,0,6676.2
32566,0,4135.9
32567,0,2652.3
32568,0,1683.9
32569,0,1071.6
32570,0,684
32571,0,503.4
32572,0,422.7
32573,72.7,467.3
32574,342.9,670.2
32575,723.5,728.2
32576,1346.5,485.6
32577,1483.8,539.8
32578,1350.6,816.2
32579,1136,1136.7
32580,866,1373.4
32581,735.7,1691.7
32582,665.1,1814.8
32583,420.6,1988.6
32584,93.8,2636.7
32585,1.1,2571.8
32586,0,2991.5
32587,79.4,2576.3
32588,301.1,2363.7
32589,746.8,1993.1
32590,1724.8,1231.9
32591,3134.5,759.9
32592,4511.7,402.9
32593,5956.5,147.7
32594,7060.8,13.3
32595,7250.1,0
32596,7376,4.1
32597,7320.7,62.7
32598,6722.9,326
32599,6493.3,434.1
32600,7027.5,234.3
32601,6814.6,240.5
32602,6053.8,374.1
32603,5042.1,523.6
32604,4151.5,665.5
32605,3529.1,934
32606,2325.1,1726.6
32607,925.5,3036.9
32608,388.4,2985.7
32609,134.8,3153.1
32610,142.1,2824.1
32611,218.2,2432.2
32612,571.3,2137.2
32613,964.3,1802.5
32614,1823.7,1208.8
32615,2914.8,792.5
32616,3957.1,490.6
32617,4654.6,336.5
32618,4953.6,269.3
32619,5181.2,225.8
32620,5343.4,222.5
32621,5060.8,352
32622,4358.8,615.5
32623,3977.8,737.2
32624,4494.4,531.8
32625,4317,510.8
32626,3879.6,565.4
32627,3248.6,640.3
32628,2456.5,763.6
32629,1576.6,1196.5
32630,1024.5,1273.5
32631,349.1,1752.3
32632,155.8,2080.4
32633,0,2420.5
32634,0,2964.9
32635,19.3,2538.4
32636,378.6,2099
32637,743.7,1745.6
32638,1817.8,1101
32639,3298.1,671.1
32640,4872.1,307.5
32641,5989.9,108.8
32642,6944.6,8
32643,7903.2,0
32644,8764.7,0
32645,9073.2,0
32646,8875,8.9
32647,7753.5,149.3
32648,6560.5,267
32649,4537.4,967.4
32650,2505.4,2167.5
32651,1362.6,3323.2
32652,700.8,4152.5
32653,147.3,4931.7
32654,0,5228.4
32655,0,5352.1
32656,0,6746.4
32657,0,7516.6
32658,0,6777
32659,0,4803.2
32660,0,3716.6
32661,11.4,2804.5
32662,547.3,1734.2
32663,1670.6,951.3
32664,2627.4,505.4
32665,3396.1,388.1
32666,4935.5,273
32667,5685.2,221.8
32668,6273.6,194.3
32669,6320.9,235.5
32670,5657,445.1
32671,5014.8,620.7
32672,4593.1,600.3
32673,3577.8,917.4
32674,2214.7,1605.8
32675,969.8,3006
32676,170.6,4617.5
32677,0,5648
32678,0,6806.6
32679,0,8461
32680,0,9506.7
32681,0,9762.9
32682,0,9118.7
32683,0,7466.8
32684,0,6260.8
32685,0,5132.5
32686,0,3908.1
32687,0,2910.1
32688,0,1911.2
32689,4.3,1395.5
32690,130,1076.6
32691,471.5,794.5
32692,1135.9,591.1
32693,1769.5,584.8
32694,2060.5,752.4
32695,1976.6,1007.9
32696,1863.8,1478.9
32697,1232.7,2830.9
32698,740.2,4038.3
32699,412.8,4979.4
32700,113.1,5644.4
32701,4.4,5142.3
32702,14.2,4022.7
32703,82.2,3385.6
32704,94.2,3271.3
32705,34,3185.2
32706,4.1,3462.1
32707,79.1,3115.3
32708,237,2812.5
32709,531.5,2367
32710,1121.4,1641.3
32711,2015.4,1035.3
32712,3000.2,605.6
32713,3622.6,471
32714,4593.7,308.2
32715,5426.6,195
32716,5738,174.1
32717,5364.7,289.9
32718,4473.8,600.5
32719,4238.2,703.6
32720,4575.3,537.2
32721,3955,660.8
32722,3282.6,811.2
32723,2663.4,1117.3
32724,1955.3,1331.2
32725,1176.5,1863
32726,1021.7,1870.4
32727,738.8,2084.1
32728,38.6,3258.4
32729,0,3752.1
32730,0,3332.6
32731,66,2744.6
32732,248,2392.8
32733,895.3,1879.8
32734,2036.9,1171.6
32735,3081.2,770
32736,3497.8,574.5
32737,3809.2,484.3
32738,4930.1,309.2
32739,5941,157.3
32740,6477.9,97.9
32741,6586.9,168.5
32742,5881.9,435.9
32743,5482.5,559.8
32744,5593.5,438.3
32745,5327.6,456.3
32746,4690.5,564.3
32747,3722.8,902.4
32748,2851,1254.6
32749,1868.7,2005.9
32750,1014,3064.1
32751,693,2832.1
32752,602.2,2857.8
32753,457.5,2568.3
32754,331.7,2684.7
32755,595.5,2343.3
32756,1342.9,1875.7
32757,1892.4,1585.9
32758,2859.9,1085.8
32759,4224.9,658.7
32760,5677.5,293.3
32761,6569.5,132.7
32762,7182.7,69.2
32763,7864.5,14.2
32764,8294.8,0
32765,8057.4,33.9
32766,7559.5,175.8
32767,7469.7,241.3
32768,8279.9,54.1
32769,8278.1,54.6
32770,7343.4,163.9
32771,6972.5,162.7
32772,6410.6,235.2
32773,5532.6,424.9
32774,4701.6,767.6
32775,4728.7,701.1
32776,4638.3,676.1
32777,3888.5,864.3
32778,3373.8,1116.1
32779,3592.7,1085.1
32780,3783.3,1045.7
32781,4147.2,942.8
32782,5222.9,627.3
32783,6397.6,300.1
32784,7636.4,49
32785,8386.3,0
32786,8886.3,0
32787,9285.5,0
32788,9142.2,0
32789,8511.2,0
32790,7645.5,91.2
32791,7259,186.4
32792,7737.6,29.3
32793,7037.7,72.8
32794,6034,191.1
32795,4921.3,356.2
32796,3795.8,513.7
32797,3151.6,568.5
32798,2445.5,761.2
32799,1991.1,941.2
32800,1792.5,1098.3
32801,1010.2,1245.3
32802,445.9,1606.4
32803,536.8,1537.5
32804,690.2,1478.1
32805,1035.3,1318.9
32806,1985.7,963.4
32807,3088.3,631.7
32808,4073.2,349.1
32809,4619.1,227.3
32810,5088.7,142.1
32811,5255.1,108.4
32812,5215.6,132.9
32813,4662.6,292.7
32814,3713.6,584.1
32815,3252.4,708.5
32816,3792.2,492.1
32817,3671.3,462.4
32818,2776.2,602.4
32819,1414.9,894.8
32820,598.8,1167.6
32821,196.3,1371.2
32822,29,1484.8
32823,0,1858.2
32824,0,2567.8
32825,0,3367.5
32826,0,3507.5
32827,0,3110.6
32828,0,2786.6
32829,0,2434.5
32830,6.3,1674.7
32831,523.4,963.7
32832,2009.6,561.7
32833,3607.6,330
32834,4858,169
32835,5949.4,46.9
32836,6950,4.5
32837,7592.8,5.6
32838,7771.2,113.6
32839,8199.5,130.7
32840,6390.4,299.8
32841,3290.9,1216.9
32842,1232.7,2754.7
32843,425.8,4103.8
32844,15.5,5400.1
32845,0,6906.7
32846,0,9042.9
32847,0,10747.5
32848,0,11593.6
32849,0,12082.2
32850,0,9983.4
32851,0,7626.1
32852,0,6235.4
32853,0,4702.6
32854,0,3395.6
32855,0,2616
32856,0,1879.3
32857,10,1258.7
32858,361.3,774
32859,1048.1,561.1
32860,1319.9,561.3
32861,1174.4,752.9
32862,1393.6,999.8
32863,1793.7,1067.8
32864,1201.6,1614.8
32865,527.8,3108.8
32866,109.9,4670.4
32867,0,6100.1
32868,0,6341.9
32869,0,4440.9
32870,0,4584
32871,0,4973.7
32872,0,5327.3
32873,0,5350.3
32874,0,4793.9
32875,0,4198.7
32876,0,3720.9
32877,0,3249.1
32878,0,2496.7
32879,55.1,1685.8
32880,402.5,1113.8
32881,861.1,858.7
32882,1436.4,634.2
32883,2084.9,515.5
32884,2559.8,469
32885,2864.5,535.5
32886,2667.5,762.4
32887,3042.9,790.5
32888,4181.3,503.3
32889,3641.9,630.4
32890,2562.4,1205.3
32891,1272.8,3155.1
32892,854.7,4248.1
32893,475.1,5124.2
32894,84.6,5362.8
32895,0,4415.9
32896,0,5780.4
32897,0,5525.9
32898,0,4964.9
32899,0,4013
32900,0,3537.4
32901,135.4,2700.5
32902,1017.1,1553.8
32903,2444.5,777.8
32904,4307.2,347.6
32905,5446,245.4
32906,6208.3,190.5
32907,7627.3,90.1
32908,9476.3,6.5
32909,10014.4,0
32910,9079,113.3
32911,8519.9,181.5
32912,7569.3,314.1
32913,5991.2,719.5
32914,5068.9,1017.1
32915,3835.4,1662.7
32916,2448.9,2644.5
32917,1944.5,2981.6
32918,1687.8,3753.5
32919,1441.7,3808
32920,1082.4,3363.4
32921,678.2,3296.4
32922,873.6,2960.5
32923,1450.9,2304.9
32924,2325.3,1871.2
32925,3372,1443.2
32926,5353.9,766.6
32927,7547.1,367.9
32928,9637.2,139.6
32929,10871.4,19.9
32930,11779.5,0
32931,12566.5,0
32932,13238.9,0
32933,13985.8,0
32934,14067.1,0
32935,14321.8,0
32936,14019.9,0
32937,14574.2,0
32938,14091.9,0
32939,13135,0
32940,13113.3,0
32941,13080.5,0
32942,12962.5,0
32943,12786.5,0
32944,11661.8,0
32945,10596.7,0
32946,10494.4,39.2
32947,11368.3,2.9
32948,11972,0
32949,13083,0
32950,15307.3,0
32951,16999.9,0
32952,18764,0
32953,19909.6,0
32954,20735.5,0
32955,21603.1,0
32956,22441.7,0
32957,22649,0
32958,22095.1,0
32959,21569.4,0
32960,19963.6,0
32961,17002.9,0
32962,13965.9,0
32963,11673.9,87.5
32964,10331.3,194.7
32965,9787.4,12.1
32966,9241,0
32967,8695.8,10
32968,7780.8,51.9
32969,5914.1,265.8
32970,6755.8,200.9
32971,8254.8,90.2
32972,9852.8,10.3
32973,10975.2,0
32974,12649.3,0
32975,15058,0
32976,17594.9,0
32977,19401.6,0
32978,20795.4,0
32979,21915.5,0
32980,22808.9,0
32981,24210.2,0
32982,24071.8,0
32983,22131.5,0
32984,18610.6,0
32985,14064.9,0
32986,10544.9,4.3
32987,7454.2,332
32988,5007.4,776.6
32989,3676.2,1161.1
32990,2699.1,1484.8
32991,1803.5,1721.6
32992,1183.2,1808.9
32993,798.3,1652.4
32994,1263.2,1098.6
32995,2123.1,759.4
32996,2734.1,616.4
32997,3321.4,507.1
32998,5752.1,254.9
32999,7550,63.1
33000,9355.7,0
33001,10730.1,0
33002,11192.1,0
33003,11814.6,0
33004,12503.3,0
33005,12355.4,0
33006,11383.9,0
33007,10733.1,0
33008,9811.7,0
33009,9298.3,0
33010,9416.1,0
33011,9125.3,0
33012,10744.3,0
33013,11332.9,0
33014,10148.9,0
33015,9930,0
33016,8763.7,0
33017,6634,12.1
33018,5473,177.1
33019,5140.1,199.6
33020,4776.8,215.7
33021,4821.1,198.9
33022,5277.6,103.9
33023,5740,4.6
33024,6842.6,0
33025,7700.7,0
33026,8389.1,0
33027,9078.2,0
33028,9534.4,0
33029,9186,0
33030,8380.8,0
33031,8134.6,0
33032,6700.2,5
33033,4158.6,246.6
33034,1877.1,781.9
33035,944.7,1242.8
33036,337.5,1218.7
33037,6.8,2075.2
33038,0,1537.1
33039,0,1229.7
33040,0,1648.8
33041,0,1885
33042,0,1787.1
33043,0,1680
33044,0,1504.7
33045,0,1024.7
33046,64.9,600.6
33047,345.7,445.4
33048,948,299.3
33049,1421.2,226.6
33050,2010.8,134.8
33051,2135.3,117.7
33052,2062.5,135.5
33053,1364.9,265.2
33054,660,421.8
33055,468.6,449.8
33056,743,365.2
33057,747.6,340.2
33058,710.5,347.3
33059,719.2,347.3
33060,554.3,358.5
33061,370,368
33062,510.3,334.8
33063,1291.9,274.7
33064,1821.5,312.8
33065,1235.3,705.4
33066,938.2,953.4
33067,1783.2,803.7
33068,2767.1,657
33069,3244.3,574.9
33070,3919.5,353.3
33071,5149.3,136
33072,7044.8,1.3
33073,8235.6,0
33074,8959.8,0
33075,10038.1,0
33076,10892.5,0
33077,11064.4,0
33078,11170.4,0
33079,11224.6,0
33080,9798.9,3
33081,7074.2,282.4
33082,4110.3,1241.3
33083,2256,2617.3
33084,1358,3561.1
33085,666.9,4415.8
33086,204.5,5017.8
33087,8.3,5328
33088,0,5572.7
33089,0,4886.7
33090,0,3895.3
33091,0,3212.6
33092,70.1,2561.4
33093,450,1951.4
33094,968.9,1386.8
33095,1625.7,837.4
33096,2284.3,508.8
33097,3064.3,394.2
33098,3940.4,302.6
33099,4931.6,227.3
33100,6185.6,151.8
33101,7188.8,126.4
33102,7139.9,206.5
33103,7288.7,218.5
33104,7368.8,152.8
33105,6151,219.2
33106,4557.2,405.6
33107,2033.8,1935.1
33108,1228.2,3108.7
33109,777.6,4207.2
33110,444.9,4295.4
33111,379.7,3055.4
33112,88,3177.2
33113,38.6,2799.6
33114,163.3,2631.4
33115,380.4,2286.4
33116,630.1,2035
33117,957.6,1723.6
33118,1893,1097.2
33119,3645.3,523.8
33120,5429.4,289.9
33121,6181.8,211.5
33122,6807,154.7
33123,7217.4,115.1
33124,7367.5,106.2
33125,7224,153.6
33126,6578.1,266.2
33127,6646.3,276.1
33128,7849.3,121.7
33129,8302.4,52.6
33130,8820.4,0
33131,8694.8,0
33132,8542.8,0
33133,8655.5,0
33134,8022.5,0
33135,8444.3,0.9
33136,7267,71.2
33137,5022.8,454
33138,4680.3,665.7
33139,5006,614.3
33140,5448.8,542.7
33141,6463,377.3
33142,8197.8,104.5
33143,10192.7,0
33144,12246.1,0
33145,13801.8,0
33146,14653.2,0
33147,15345.1,0
33148,15767.3,0
33149,15400.2,0
33150,13966.1,0
33151,13424.2,0
33152,13994.8,0
33153,12821,0
33154,10049.2,0
33155,9064,0
33156,7577.4,22.7
33157,5465.6,191.7
33158,4576,256.8
33159,4107.3,279.4
33160,3825.1,272.3
33161,3770.9,347.4
33162,4349.2,376.3
33163,5635.4,287.9
33164,6934.2,201.4
33165,8273.1,98.8
33166,10374.1,0
33167,12550.2,0
33168,14638.5,0
33169,16430.4,0
33170,17479.6,0
33171,18629.4,0
33172,19759.4,0
33173,20267.7,0
33174,20075.1,0
33175,20118.6,0
33176,21318.7,0
33177,21075,0
33178,18842.9,0
33179,16128.5,0
33180,15495.4,0
33181,11784.5,0
33182,10882.5,0
33183,9560.2,0
33184,7526.2,0
33185,7303.8,3
33186,7696.7,4.5
33187,8411.4,0
33188,9141.7,0
33189,10564.3,0
33190,12615.8,0
33191,14574.1,0
33192,16368.2,0
33193,17682.4,0
33194,19024.2,0
33195,20284.9,0
33196,21231.3,0
33197,21132.8,0
33198,19867.9,0
33199,19212.1,0
33200,18385.3,0
33201,18982.6,0
33202,18442.9,0
33203,17324.3,0
33204,15183.2,0
33205,11616.7,0
33206,9694.1,0
33207,7895.4,0
33208,6681.4,0
33209,5892.3,0
33210,6717.7,0
33211,8198.5,0
33212,10075.3,0
33213,12205.7,0
33214,14436.4,0
33215,16691,0
33216,19620.8,0
33217,22598.6,0
33218,23987.4,0
33219,25509.6,0
33220,25934.1,0
33221,25694.4,0
33222,25496.9,0
33223,25008.5,0
33224,21476.5,0
33225,16828.8,0
33226,13459.6,0
33227,10665.3,2.6
33228,8454,278.7
33229,6354.6,936.4
33230,4617.3,1285.7
33231,3667.1,1362.7
33232,2759.3,1358
33233,2107.8,834.2
33234,2174.6,655.8
33235,2753.7,517.4
33236,3445.2,419.9
33237,4524.4,302.6
33238,6261.8,103.6
33239,8067.2,0
33240,9700.2,0
33241,10763.3,0
33242,11843.6,0
33243,12479.3,0
33244,12632.5,0
33245,12244.9,0
33246,11527.5,0
33247,11769,0
33248,12613.3,0
33249,13045.8,0
33250,13604.1,0
33251,12945.1,0
33252,11967.8,0
33253,11365.9,0
33254,10562.9,0
33255,8066.9,0
33256,5817.6,0
33257,4583.2,91.9
33258,5423,57.8
33259,7389.7,0
33260,8552.4,0
33261,10244.3,0
33262,12280.8,0
33263,14713.8,0
33264,16865.1,0
33265,18379.9,0
33266,18956.1,0
33267,19085.5,0
33268,19390.7,0
33269,19043.7,0
33270,17822.7,0
33271,17370.1,0
33272,17048.6,0
33273,16258.5,0
33274,13599.1,0
33275,9814.3,0
33276,6386,0
33277,5234.5,0
33278,5290.7,0
33279,4732.2,0
33280,4097.3,0
33281,3164.3,0
33282,3330.9,9.2
33283,4797.7,0
33284,5500.9,0
33285,7202.8,0
33286,10073.6,0
33287,12432.3,0
33288,14756,0
33289,16487,0
33290,17484.2,0
33291,18350.6,0
33292,18447.6,0
33293,17570.8,0
33294,16269.9,0
33295,15637.4,0
33296,15213.2,0
33297,13514.1,0
33298,10238,0
33299,7136.1,0
33300,4860.4,0
33301,4228.1,6.2
33302,3309,176.3
33303,2917,225.4
33304,2251.2,386.2
33305,2031.9,255.7
33306,2948.2,206.4
33307,3307.3,168.9
33308,3812.9,137.4
33309,5179.1,35.9
33310,7135.4,0
33311,9597.9,0
33312,12441.5,0
33313,14319.5,0
33314,16099.1,0
33315,17693.3,0
33316,18866.2,0
33317,19500.6,0
33318,19605.9,0
33319,19748.6,0
33320,17946.1,0
33321,13736.7,0
33322,10364.1,0
33323,7849,115.6
33324,6499.1,115.2
33325,4517.5,324.3
33326,5079.1,50
33327,5854.4,0
33328,5861.3,0
33329,5224.7,106.3
33330,5497.4,159.2
33331,6653.1,79.7
33332,8182.4,2.3
33333,9055.8,0
33334,11074,0
33335,13601.4,0
33336,15863.6,0
33337,17249.7,0
33338,18698.5,0
33339,19680.6,0
33340,19436.4,0
33341,18589,0
33342,18053.6,0
33343,17716.3,0
33344,17043.8,0
33345,15684.7,0
33346,12568.5,0
33347,10391.3,0
33348,8522.2,0
33349,5748.7,202.3
33350,3887.2,469.1
33351,2836.7,499.7
33352,2408.2,511.2
33353,2570.7,475.4
33354,3336.5,403.3
33355,3841.8,339.5
33356,4483.6,274.5
33357,5164.8,205
33358,6293.6,53.3
33359,7614.8,0
33360,8409.2,0
33361,10334,0
33362,11682.4,0
33363,11389.5,0
33364,10729,0
33365,10082.7,0
33366,8917.5,0
33367,8328,0
33368,8247.5,0
33369,7066.4,11.2
33370,4226.4,447
33371,2311.5,1173.8
33372,1574.1,2194
33373,1014,3134.1
33374,422,3460.8
33375,174.4,3642.8
33376,25.6,3687.8
33377,16.5,2704
33378,5.8,2173.4
33379,69.7,1842.4
33380,114.7,1591.7
33381,265.4,1312.5
33382,1362.5,725.9
33383,2326,453.5
33384,3179,284
33385,3917.8,195.5
33386,4937.2,112
33387,6040.7,27.2
33388,7370.7,0
33389,7522.3,0
33390,5884,124.3
33391,6510.6,119.6
33392,8180.7,7.2
33393,9087.6,0
33394,8872.6,0
33395,8943.5,0
33396,8941.5,0
33397,9153.2,0
33398,9444.6,0
33399,9856.1,0
33400,10296.5,0
33401,10072.6,0
33402,9926.8,0
33403,10694.6,0
33404,11581.4,0
33405,12725.3,0
33406,14956.8,0
33407,17207.7,0
33408,19228.4,0
33409,20226,0
33410,20686.4,0
33411,21173.6,0
33412,21437.4,0
33413,20858.7,0
33414,19602.6,0
33415,19343.2,0
33416,20154.9,0
33417,20257.3,0
33418,19858.4,0
33419,19733.4,0
33420,19586.4,0
33421,19176.5,0
33422,19137.7,0
33423,19565.1,0
33424,18273.6,0
33425,16910.6,0
33426,16007.7,0
33427,16200.6,0
33428,16501.8,0
33429,17183.7,0
33430,19052,0
33431,20960.2,0
33432,22613.1,0
33433,23471.8,0
33434,24014.9,0
33435,24360.6,0
33436,24421,0
33437,24067.2,0
33438,22462.7,0
33439,21739,0
33440,22490.2,0
33441,22652,0
33442,22263.8,0
33443,21847.8,0
33444,21161.6,0
33445,20583.6,0
33446,20805.9,0
33447,19901.8,0
33448,19165.8,0
33449,17710.1,0
33450,16620.3,0
33451,16916.7,0
33452,17494.5,0
33453,18380.2,0
33454,20124.6,0
33455,22152.7,0
33456,24062.9,0
33457,24990.6,0
33458,25916.7,0
33459,26567,0
33460,26638.1,0
33461,25700.6,0
33462,23819.2,0
33463,23550.4,0
33464,23732.1,0
33465,23100.8,0
33466,21344.1,0
33467,19089.6,0
33468,15489.2,0
33469,13475.6,0
33470,11046.5,0
33471,9365.6,0
33472,8355.8,0
33473,7945.5,0
33474,8525.9,0
33475,9643.6,0
33476,10730.9,0
33477,12195.4,0
33478,14626.3,0
33479,17237.7,0
33480,19623.9,0
33481,21466.7,0
33482,22246.8,0
33483,22305.4,0
33484,22385.4,0
33485,22041.8,0
33486,20314.9,0
33487,19801.4,0
33488,18605.5,0
33489,14595.3,0
33490,11031.9,0
33491,8262.9,0
33492,5794,0
33493,4156.4,0
33494,3157.1,0
33495,2531.8,0
33496,2240.9,0
33497,1511.6,0
33498,1378.4,0
33499,1966.4,0
33500,2794.5,0
33501,3967.1,0
33502,5780.8,0
33503,8384.6,0
33504,10716.1,0
33505,12309.5,0
33506,13930.8,0
33507,15355.7,0
33508,16363.9,0
33509,16474.4,0
33510,15772.7,0
33511,16011.9,0
33512,17577.5,0
33513,17290.5,0
33514,13156.4,0
33515,10114.2,0
33516,7797.5,139.9
33517,5844.3,465.2
33518,4924.8,696.1
33519,4492.6,734.1
33520,4076.6,662.7
33521,4423.1,520.5
33522,5527.9,344.8
33523,7094.6,201.5
33524,8270.5,99.1
33525,9720.4,11.7
33526,11771.1,0
33527,13955.3,0
33528,16169.2,0
33529,16887.4,0
33530,17770.1,0
33531,18414,0
33532,18457.6,0
33533,17869.3,0
33534,16842.9,0
33535,16773.7,0
33536,17772.9,0
33537,17297,0
33538,16259,0
33539,16606.2,0
33540,16417.2,0
33541,16110.7,0
33542,16320.7,0
33543,16048.5,0
33544,14823.9,0
33545,12405.2,0
33546,11231.3,0
33547,11178.8,0
33548,11265.5,0
33549,11413.5,0
33550,12327.3,0
33551,13766.7,0
33552,15349.5,0
33553,16025.7,0
33554,16102.6,0
33555,16089.7,0
33556,15755.1,0
33557,14713.9,0
33558,13123,0
33559,12573.7,0
33560,13595.5,0
33561,13394.1,0
33562,11944.7,0
33563,10607.1,0
33564,10131.5,0
33565,9630.1,0
33566,9130.3,0
33567,8894.7,0
33568,8073.8,0
33569,6442.4,0
33570,5481.9,0
33571,5516.7,0
33572,5697.1,0
33573,5486.2,0
33574,6667.9,0
33575,9269.9,0
33576,12260.2,0
33577,14621.4,0
33578,16890.2,0
33579,19056.7,0
33580,21019.4,0
33581,21677,0
33582,20994.3,0
33583,21169.2,0
33584,22497.9,0
33585,22843.4,0
33586,22047.6,0
33587,20987.8,0
33588,20132.2,0
33589,19449.2,0
33590,19559.3,0
33591,19747.2,0
33592,18814.5,0
33593,17470.6,0
33594,17004.6,0
33595,17600.7,0
33596,18625.5,0
33597,19876.7,0
33598,22350.3,0
33599,25161.6,0
33600,27607.1,0
33601,28919.7,0
33602,30465.2,0
33603,32173.5,0
33604,33170.1,0
33605,32829.1,0
33606,32091,0
33607,32853.6,0
33608,31548.5,0
33609,30200.8,0
33610,27044,0
33611,25889.8,0
33612,24707.1,0
33613,25125.2,0
33614,25225,0
33615,24420.5,0
33616,22803,0
33617,22525.7,0
33618,22921.7,0
33619,24608,0
33620,26480.9,0
33621,29432.2,0
33622,33240.3,0
33623,36767.4,0
33624,40251.4,0
33625,43380,0
33626,45960.4,0
33627,47496.9,0
33628,47616.3,0
33629,46817.6,0
33630,45239.3,0
33631,44775.9,0
33632,41333.6,0
33633,35329.6,0
33634,30721,0
33635,30211.8,0
33636,26595.8,0
33637,23188.5,0
33638,21224,0
33639,20190.1,0
33640,19292.2,0
33641,18670.8,0
33642,18705.4,0
33643,19793.6,0
33644,20980.9,0
33645,22322.7,0
33646,24692.7,0
33647,26731.5,0
33648,28787.1,0
33649,29612.2,0
33650,30058.1,0
33651,30226.5,0
33652,30034.7,0
33653,29027,0
33654,26939.1,0
33655,26505.6,0
33656,28212.6,0
33657,27681.1,0
33658,26571.2,0
33659,24330.7,0
33660,22519.7,0
33661,22181.6,0
33662,21184.6,0
33663,20218.4,0
33664,19119,0
33665,17101.1,0
33666,15804.9,0
33667,15798.1,0
33668,15969.9,0
33669,16410.2,0
33670,18046.5,0
33671,19712.4,0
33672,21092.4,0
33673,21625,0
33674,22046.3,0
33675,22006.7,0
33676,21499,0
33677,20335.3,0
33678,18516.6,0
33679,18266.6,0
33680,20153,0
33681,20082,0
33682,18751.3,0
33683,17553.5,0
33684,17243.5,0
33685,17355.8,0
33686,17093.2,0
33687,16848.5,0
33688,16169,0
33689,14751.7,0
33690,13978.4,0
33691,14363.2,0
33692,14897.8,0
33693,16184.7,0
33694,18812.4,0
33695,21357.3,0
33696,23613.6,0
33697,24789.5,0
33698,25947.8,0
33699,27311.7,0
33700,28705,0
33701,29080.9,0
33702,28140.6,0
33703,26589,0
33704,25775.6,0
33705,25464,0
33706,24118.5,0
33707,22348.8,0
33708,21089.5,0
33709,20894.7,0
33710,20530,0
33711,20153,0
33712,19841.5,0
33713,19148.3,0
33714,17753.5,0
33715,16279.5,0
33716,16081.9,0
33717,16019.9,0
33718,16462.1,0
33719,17924.4,0
33720,19731.5,0
33721,21006.9,0
33722,21194.2,0
33723,21411.2,0
33724,21248.6,0
33725,20881.1,0
33726,19755.5,0
33727,18004,0
33728,17141.3,0
33729,17293.8,0
33730,17127.6,0
33731,15864.1,0
33732,14060.9,0
33733,13336.6,0
33734,12905.8,0
33735,12042,0
33736,12449.1,0
33737,11944.5,0
33738,10658.9,0
33739,9614,0
33740,9804,0
33741,10239.8,0
33742,10992.1,0
33743,12757.6,0
33744,14561.2,0
33745,16259.1,0
33746,17136.4,0
33747,17363.5,0
33748,17116.3,0
33749,16758,0
33750,16029.7,0
33751,14856.6,0
33752,13518.3,0
33753,12076.1,0
33754,11049.4,0
33755,9905.4,0
33756,10086.4,0
33757,11712,0
33758,13617.8,0
33759,14408.3,0
33760,15266.3,0
33761,14786.5,0
33762,13039,0
33763,12654.1,0
33764,13799,0
33765,14967.7,0
33766,16133.2,0
33767,18153.6,0
33768,20419.1,0
33769,22673.9,0
33770,24037.3,0
33771,24998.3,0
33772,25962.1,0
33773,26353.5,0
33774,25622.6,0
33775,24042.3,0
33776,23447.9,0
33777,24088,0
33778,23852,0
33779,22702.6,0
33780,20542.8,0
33781,19525.6,0
33782,18547.4,0
33783,18044.6,0
33784,19223.1,0
33785,19327,0
33786,18256.9,0
33787,17658.1,0
33788,18402.1,0
33789,19036.5,0
33790,19995,0
33791,22267.3,0
33792,24729.9,0
33793,26843.4,0
33794,27923.1,0
33795,28660.9,0
33796,28812.2,0
33797,29000.9,0
33798,28753.1,0
33799,26868.3,0
33800,25772.1,0
33801,26093.7,0
33802,25716.6,0
33803,24822.7,0
33804,23780.9,0
33805,23163.5,0
33806,23108.2,0
33807,23830.8,0
33808,24105.6,0
33809,23367.2,0
33810,21928.1,0
33811,20326.4,0
33812,19750.7,0
33813,19060.1,0
33814,18980.1,0
33815,20398.1,0
33816,22228.2,0
33817,23040.3,0
33818,23364.9,0
33819,23432.7,0
33820,23134.2,0
33821,22616.1,0
33822,21932.4,0
33823,20716.5,0
33824,18744.3,0
33825,17351.4,0
33826,16179.7,0
33827,14843.3,0
33828,13974,0
33829,12919.2,0
33830,12347.2,0
33831,12562.9,0
33832,13755.2,0
33833,15735.3,0
33834,15997.2,0
33835,15801.7,0
33836,17136.9,0
33837,18859.7,0
33838,20926.2,0
33839,23765.7,0
33840,27600.5,0
33841,31333.7,0
33842,33133.1,0
33843,34480.5,0
33844,35152.3,0
33845,35190.8,0
33846,34005.7,0
33847,31818.2,0
33848,30583.4,0
33849,31781,0
33850,31422.6,0
33851,29484.6,0
33852,27749.5,0
33853,26592.7,0
33854,25813.2,0
33855,26003.3,0
33856,25971.8,0
33857,24918.1,0
33858,22217.8,0
33859,19994.9,0
33860,19835.1,0
33861,19887.8,0
33862,20143.3,0
33863,22022.8,0
33864,24372.4,0
33865,26615.8,0
33866,27607.2,0
33867,28188.9,0
33868,28914.9,0
33869,29157.3,0
33870,28676.4,0
33871,27238.6,0
33872,25495.1,0
33873,24944.6,0
33874,24475.3,0
33875,22101.9,0
33876,17436.4,0
33877,14429.7,0
33878,11593.5,0
33879,10307.8,0
33880,10116.9,0
33881,11603.2,0
33882,11899,0
33883,12175.1,0
33884,13764.5,0
33885,15048.8,0
33886,16732.4,0
33887,19688.1,0
33888,22909.7,0
33889,25421.4,0
33890,26988.4,0
33891,27392.9,0
33892,28041,0
33893,28754.2,0
33894,27760.4,0
33895,25962.5,0
33896,25479.2,0
33897,26769.6,0
33898,26658,0
33899,24851,0
33900,23991.3,0
33901,22740.8,0
33902,21951.2,0
33903,21694.6,0
33904,21880.3,0
33905,21082.5,0
33906,19080.1,0
33907,17528.1,0
33908,17802.9,0
33909,18295.4,0
33910,19460.9,0
33911,21696.7,0
33912,23900.7,0
33913,25598.3,0
33914,26673.2,0
33915,27515,0
33916,28034.3,0
33917,28442.3,0
33918,27735.4,0
33919,26286.2,0
33920,24919.5,0
33921,21880.7,0
33922,21485,0
33923,20286.9,0
33924,19173.5,0
33925,19734.7,0
33926,20165.2,0
33927,21193.1,0
33928,21883.2,0
33929,22399.4,0
33930,21652.1,0
33931,21471.3,0
33932,22534.5,0
33933,23555,0
33934,25856.3,0
33935,29988.3,0
33936,33837.1,0
33937,38083.1,0
33938,41515.7,0
33939,43915.2,0
33940,45567,0
33941,47130.5,0
33942,47841.5,0
33943,47519.2,0
33944,46371.9,0
33945,44144.4,0
33946,44255.4,0
33947,42109.1,0
33948,40599.1,0
33949,39452.4,0
33950,37961.8,0
33951,38251.2,0
33952,39607.9,0
33953,40384.9,0
33954,40424.7,0
33955,39682.7,0
33956,40714.2,0
33957,41424,0
33958,42452.6,0
33959,45048.7,0
33960,47605.8,0
33961,49626.9,0
33962,50567.9,0
33963,50832.3,0
33964,51094.8,0
33965,51061.8,0
33966,49701.6,0
33967,47672.9,0
33968,46230.3,0
33969,45659.2,0
33970,44873.4,0
33971,42228.3,0
33972,38634.2,0
33973,37388.4,0
33974,38761.3,0
33975,39193.9,0
33976,39008.4,0
33977,38607.5,0
33978,37862.6,0
33979,37407.3,0
33980,39439.1,0
33981,41268.8,0
33982,43170.7,0
33983,45888.5,0
33984,48688.9,0
33985,51798.1,0
33986,53573.5,0
33987,54766.3,0
33988,55962.5,0
33989,56496.8,0
33990,56142.8,0
33991,55190.6,0
33992,53292.3,0
33993,48811.1,0
33994,44637.7,0
33995,40738.3,0
33996,37645.4,0
33997,34704.5,0
33998,33686.8,0
33999,31496.9,0
34000,31278.7,0
34001,33751,0
34002,33375.4,0
34003,32537.7,0
34004,33539.7,0
34005,34470.9,0
34006,34915,0
34007,36388.9,0
34008,38348,0
34009,39937.9,0
34010,40180.6,0
34011,40204.5,0
34012,40205.7,0
34013,39549.7,0
34014,37767.3,0
34015,35523.7,0
34016,34263.5,0
34017,34216.8,0
34018,31122.7,0
34019,27358.9,0
34020,26377.2,0
34021,24614.1,0
34022,20483.7,0
34023,19963.2,0
34024,18562.3,0
34025,17430.9,0
34026,14830.2,0
34027,12374.6,0
34028,11438.2,0
34029,10796,0
34030,10894.9,0
34031,12494.4,0
34032,14243.1,0
34033,16069.8,0
34034,17185.6,0
34035,18486.5,0
34036,19613.5,0
34037,20232.6,0
34038,20019.4,0
34039,18987.1,0
34040,18374.5,0
34041,17820.9,0
34042,17952.4,0
34043,16130,0
34044,17467.8,0
34045,17954.3,0
34046,16479.1,0
34047,16239.1,0
34048,16687.8,0
34049,19464.4,0
34050,19872.7,0
34051,19901.4,0
34052,21443.9,0
34053,23427,0
34054,25436.7,0
34055,28438.7,0
34056,31577.2,0
34057,34165.9,0
34058,36305.9,0
34059,37908.1,0
34060,38311.6,0
34061,38372.1,0
34062,37532.2,0
34063,36354.3,0
34064,36025.9,0
34065,35817.1,0
34066,34332,0
34067,32918.4,0
34068,32805.5,0
34069,31860.2,0
34070,31177.8,0
34071,31060.8,0
34072,31526,0
34073,30794.4,0
34074,29432.9,0
34075,27485.3,0
34076,27705.9,0
34077,28460,0
34078,29390.9,0
34079,31658.2,0
34080,34458.7,0
34081,36887.2,0
34082,38241.7,0
34083,39650.4,0
34084,40963.4,0
34085,42076.3,0
34086,42832.7,0
34087,43062.5,0
34088,42165.8,0
34089,37885,0
34090,34447.5,0
34091,31057.9,0
34092,27802.7,0
34093,25039.9,0
34094,23264.5,0
34095,21959.5,0
34096,21902.4,0
34097,25583.5,0
34098,27383.8,0
34099,27616.6,0
34100,29078.9,0
34101,30967.4,0
34102,33095.2,0
34103,35348.5,0
34104,37450.2,0
34105,39786.6,0
34106,41773,0
34107,43022.7,0
34108,42864.7,0
34109,41833.5,0
34110,40561.7,0
34111,39049.4,0
34112,39683.7,0
34113,39905.9,0
34114,36840.6,0
34115,34241.6,0
34116,31892.8,0
34117,30460.8,0
34118,28933.7,0
34119,28356.7,0
34120,29177.4,0
34121,32740.4,0
34122,33717.1,0
34123,34436.7,0
34124,37052.2,0
34125,38707.1,0
34126,39952.9,0
34127,43544.8,0
34128,47343.6,0
34129,50710.9,0
34130,53050.2,0
34131,55408.4,0
34132,56668.7,0
34133,56089,0
34134,54647.8,0
34135,52126.9,0
34136,50107.2,0
34137,47759.4,0
34138,45761.4,0
34139,42319.9,0
34140,39453.1,0
34141,36211.6,0
34142,30045.2,0
34143,28384.5,0
34144,29705.7,0
34145,29804.9,0
34146,28647.2,0
34147,27754.1,0
34148,28126.4,0
34149,28189.4,0
34150,28305.1,0
34151,29497.3,0
34152,30843.6,0
34153,32375,0
34154,32588.8,0
34155,32954.3,0
34156,33391.8,0
34157,33222,0
34158,32161.1,0
34159,30679.6,0
34160,30637.9,0
34161,29766.6,0
34162,27092.7,0
34163,24092.4,0
34164,20950.9,0
34165,17292.9,0
34166,14804.1,0
34167,13622.5,0
34168,13551.1,0
34169,15504.5,0
34170,15184.3,0
34171,14548.2,0
34172,15987.9,0
34173,17551.1,0
34174,19484.3,0
34175,22905.6,0
34176,26264.4,0
34177,29311.4,0
34178,31257.2,0
34179,32032.5,0
34180,32594.8,0
34181,34311.6,0
34182,34644.5,0
34183,33325.9,0
34184,32361.6,0
34185,29731.2,0
34186,26202.7,0
34187,25852.6,0
34188,24049.5,0
34189,20059.9,0
34190,18337,0
34191,19521.7,0
34192,21002,0
34193,21398.7,0
34194,19862.1,0
34195,18718.8,0
34196,18981.1,0
34197,19394.9,0
34198,20323.4,0
34199,21804.1,0
34200,23459.8,0
34201,25254.6,0
34202,26040.8,0
34203,26344.8,0
34204,26605.5,0
34205,26661.4,0
34206,25695.8,0
34207,23976.6,0
34208,23304.5,0
34209,23902.5,0
34210,24427.8,0
34211,24001.5,0
34212,23559.7,0
34213,24830.8,0
34214,26325.4,0
34215,26797.8,0
34216,28185.1,0
34217,29416.1,0
34218,29918.6,0
34219,30636,0
34220,32931.4,0
34221,35347.5,0
34222,37817.7,0
34223,41612.7,0
34224,45399.4,0
34225,49008.4,0
34226,51529,0
34227,53497.7,0
34228,55402.7,0
34229,57218.1,0
34230,57779.3,0
34231,57292.1,0
34232,57193.4,0
34233,53209.1,0
34234,48303.8,0
34235,43615.7,0
34236,39806.1,0
34237,36579.6,0
34238,34504.9,0
34239,33735.5,0
34240,34364.6,0
34241,37259.3,0
34242,38719.9,0
34243,39195.6,0
34244,40788.5,0
34245,43002.3,0
34246,45360,0
34247,49130.3,0
34248,52839.8,0
34249,55834.1,0
34250,56771.6,0
34251,56626,0
34252,56534.3,0
34253,56393.2,0
34254,54282.8,0
34255,50919,0
34256,49209.1,0
34257,46991,0
34258,40780.3,0
34259,34585.4,0
34260,29367.3,0
34261,24732.9,0
34262,21164.4,0
34263,18448.2,0
34264,17362.7,0
34265,18261.3,0
34266,17051.8,0
34267,15968,0
34268,16466,0
34269,17411.7,0
34270,18832.2,0
34271,21392.6,0
34272,24135.8,0
34273,26421.9,0
34274,27811.1,0
34275,29245.4,0
34276,30472,0
34277,31137.1,0
34278,31549.1,0
34279,30439.3,0
34280,29675,0
34281,29344.1,0
34282,27224.2,0
34283,25167.8,0
34284,22868.4,0
34285,19099.4,0
34286,16543.1,0
34287,14150.7,0
34288,13636.7,0
34289,15299.5,0
34290,15045.4,0
34291,14776.8,0
34292,15606.3,0
34293,16807.5,0
34294,18689.9,0
34295,21881.5,0
34296,25214.7,0
34297,28183.3,0
34298,30380.4,0
34299,32434.2,0
34300,34408.8,0
34301,36702.4,0
34302,38591.1,0
34303,39103.9,0
34304,39629.1,0
34305,37961.2,0
34306,37034.6,0
34307,38668,0
34308,41016,0
34309,42019.3,0
34310,43211.2,0
34311,45023.3,0
34312,46338.8,0
34313,46231.7,0
34314,45607,0
34315,44591.3,0
34316,45350.1,0
34317,46307.7,0
34318,47709.7,0
34319,50363.5,0
34320,53132.5,0
34321,55749.1,0
34322,57311.1,0
34323,58489.2,0
34324,59959.5,0
34325,61396.4,0
34326,61896.4,0
34327,60688.1,0
34328,59068.7,0
34329,55070.9,0
34330,50056.9,0
34331,45621.3,0
34332,41911.7,0
34333,38653.9,0
34334,35977.1,0
34335,34453.8,0
34336,34941.4,0
34337,38519.8,0
34338,38770.8,0
34339,38663.8,0
34340,40338.3,0
34341,42212.6,0
34342,44177.2,0
34343,47116.6,0
34344,50100.2,0
34345,51875,0
34346,51913.9,0
34347,51380.1,0
34348,51085,0
34349,50692.4,0
34350,49191,0
34351,46847,0
34352,45833.9,0
34353,46694.6,0
34354,46654.8,0
34355,45733.3,0
34356,45241.5,0
34357,44523,0
34358,44220.9,0
34359,43976,0
34360,43785.3,0
34361,43055.6,0
34362,40508.2,0
34363,38264,0
34364,37959.6,0
34365,37904.3,0
34366,38068.6,0
34367,39463.9,0
34368,40943,0
34369,42359.2,0
34370,42896.4,0
34371,43083.4,0
34372,42960.4,0
34373,42371.3,0
34374,40794.7,0
34375,38443.9,0
34376,37416.2,0
34377,37518.2,0
34378,37176.9,0
34379,35754.9,0
34380,34555.3,0
34381,33133.8,0
34382,31460.1,0
34383,30111.3,0
34384,30058,0
34385,28912.8,0
34386,26584.2,0
34387,24527.8,0
34388,24507.5,0
34389,24747.1,0
34390,25444.5,0
34391,27528.1,0
34392,29760.7,0
34393,31574.1,0
34394,32165.1,0
34395,32423.9,0
34396,32477.1,0
34397,32101.9,0
34398,30736.1,0
34399,28514.2,0
34400,27599.4,0
34401,28217.2,0
34402,27782.2,0
34403,26250.5,0
34404,25586.4,0
34405,24256,0
34406,24117.1,0
34407,24649.6,0
34408,24222.6,0
34409,22880.2,0
34410,20460.8,0
34411,18305.8,0
34412,17961.3,0
34413,17830.4,0
34414,18191.5,0
34415,19981.2,0
34416,21935.8,0
34417,23771.2,0
34418,24615.6,0
34419,25154.2,0
34420,25593.5,0
34421,25608.6,0
34422,24707.9,0
34423,22931.8,0
34424,22294.8,0
34425,22927.9,0
34426,22652,0
34427,21613.4,0
34428,20896,0
34429,20116,0
34430,20134.3,0
34431,20243,0
34432,20390.9,0
34433,19682.1,0
34434,17624.6,0
34435,16130.1,0
34436,16289.5,0
34437,16635.9,0
34438,17458.3,0
34439,19686.1,0
34440,22105.1,0
34441,24315.8,0
34442,25474.8,0
34443,26325.4,0
34444,27220,0
34445,27914.6,0
34446,27684.1,0
34447,26515.4,0
34448,26448.9,0
34449,27655.6,0
34450,27855.1,0
34451,27156.2,0
34452,26322.5,0
34453,25986.3,0
34454,26364.5,0
34455,26914.3,0
34456,27395.2,0
34457,26771.5,0
34458,25113.7,0
34459,23874.9,0
34460,24637.8,0
34461,25664.3,0
34462,27275.7,0
34463,30360.6,0
34464,33625.6,0
34465,37057.6,0
34466,39737.3,0
34467,42121.6,0
34468,44070.6,0
34469,45419.5,0
34470,45777.8,0
34471,45367.2,0
34472,45668.2,0
34473,43183.2,0
34474,39964.2,0
34475,36206.2,0
34476,33280.5,0
34477,30292.9,0
34478,28299.2,0
34479,26762.2,0
34480,27301.1,0
34481,30338.3,0
34482,30925.1,0
34483,30790.6,0
34484,31989.2,0
34485,33425.7,0
34486,35460.6,0
34487,38919.5,0
34488,42441.8,0
34489,45086.4,0
34490,46228.7,0
34491,46875.8,0
34492,47279.2,0
34493,47281.9,0
34494,46206,0
34495,44089,0
34496,43155.7,0
34497,43674.1,0
34498,43247.1,0
34499,41809.7,0
34500,40723.8,0
34501,38486.1,0
34502,37276.6,0
34503,34207.7,0
34504,35318.2,0
34505,39092.3,0
34506,39510.8,0
34507,39798.7,0
34508,42042.5,0
34509,44554.1,0
34510,46584,0
34511,49265,0
34512,51958.6,0
34513,54794.2,0
34514,56816.4,0
34515,58453.3,0
34516,59635.3,0
34517,60095.1,0
34518,59568.8,0
34519,58841.8,0
34520,59735.4,0
34521,58557.7,0
34522,54700.5,0
34523,51127.8,0
34524,48337.2,0
34525,45950,0
34526,44080,0
34527,43546.5,0
34528,45117.3,0
34529,49190.6,0
34530,49552.1,0
34531,49661,0
34532,51465.7,0
34533,53486.6,0
34534,55777.7,0
34535,59084.8,0
34536,62435.9,0
34537,65168.8,0
34538,66517,0
34539,67389.9,0
34540,67715.2,0
34541,67378.4,0
34542,65914.8,0
34543,63582.8,0
34544,62457.4,0
34545,59917.7,0
34546,57441.4,0
34547,54943.4,0
34548,52976.9,0
34549,51778.4,0
34550,50463.6,0
34551,49835.3,0
34552,49370.9,0
34553,48294.4,0
34554,46620.9,0
34555,44717.5,0
34556,44893.7,0
34557,45308.4,0
34558,45830.5,0
34559,47515.7,0
34560,49291.7,0
34561,50739.3,0
34562,51103.2,0
34563,51082.5,0
34564,50401,0
34565,48914.2,0
34566,46387.8,0
34567,43004.8,0
34568,40906.3,0
34569,39189.6,0
34570,34517.1,0
34571,28622.8,0
34572,23760,0
34573,20809.2,0
34574,18992.4,0
34575,18239.8,0
34576,19933.5,0
34577,23015.3,0
34578,25038.4,0
34579,26688.2,0
34580,29553.8,0
34581,32826.2,0
34582,36185.1,0
34583,40664.8,0
34584,45301.4,0
34585,49159.9,0
34586,51534.6,0
34587,53427.8,0
34588,55328.9,0
34589,57079.4,0
34590,57835,0
34591,57101.4,0
34592,56871.6,0
34593,53278,0
34594,48535.5,0
34595,43937.8,0
34596,40281.1,0
34597,38186.9,0
34598,36739.9,0
34599,37156.5,0
34600,38043,0
34601,37459,0
34602,35457,0
34603,33066.4,0
34604,32336.9,0
34605,31728.3,0
34606,32721.6,0
34607,35918.1,0
34608,39323.3,0
34609,42866.2,0
34610,45639.7,0
34611,48242.3,0
34612,50507.6,0
34613,52162.2,0
34614,52880.7,0
34615,52394.1,0
34616,52681.8,0
34617,50650.2,0
34618,47023.9,0
34619,44276.1,0
34620,40511,0
34621,37484.6,0
34622,35118.9,0
34623,34038.1,0
34624,35481.3,0
34625,37303.2,0
34626,37363.5,0
34627,36932.5,0
34628,38236.9,0
34629,39713.8,0
34630,40943.5,0
34631,42843,0
34632,44778.2,0
34633,46657.9,0
34634,47499.1,0
34635,47925,0
34636,48402.7,0
34637,48607.7,0
34638,47893.6,0
34639,45870.5,0
34640,44656.7,0
34641,44229.6,0
34642,43386,0
34643,41932.9,0
34644,40275.7,0
34645,39110,0
34646,38422.9,0
34647,37975.5,0
34648,37301,0
34649,36039,0
34650,33817.8,0
34651,31518.6,0
34652,31281.8,0
34653,31273.2,0
34654,31785.8,0
34655,33754.1,0
34656,35875.4,0
34657,38143.7,0
34658,39666.2,0
34659,40872.2,0
34660,42403.7,0
34661,43953.4,0
34662,44647.9,0
34663,43701.6,0
34664,43370.7,0
34665,41989.8,0
34666,37993.9,0
34667,32772,0
34668,30380.6,0
34669,26701.1,0
34670,24840.7,0
34671,23638.9,0
34672,23889.4,0
34673,27090.1,0
34674,27260,0
34675,26698.1,0
34676,27479.8,0
34677,28454.4,0
34678,29392.3,0
34679,31442.1,0
34680,33405,0
34681,35091.5,0
34682,35739.8,0
34683,35935.2,0
34684,35735,0
34685,35035.5,0
34686,33332,0
34687,30642.3,0
34688,29203.5,0
34689,29865.4,0
34690,29120.7,0
34691,27569.5,0
34692,26067,0
34693,24978.1,0
34694,24428.6,0
34695,23921.6,0
34696,23969.9,0
34697,25821.6,0
34698,25688.7,0
34699,25435.6,0
34700,26932,0
34701,28769.3,0
34702,30716.5,0
34703,33846.2,0
34704,37089.8,0
34705,40140.3,0
34706,42109.5,0
34707,43773.5,0
34708,45345.7,0
34709,46443.3,0
34710,46603.1,0
34711,45801.3,0
34712,45911.9,0
34713,43987.1,0
34714,43149.9,0
34715,43622,0
34716,44371.9,0
34717,45440.1,0
34718,45095.1,0
34719,45082.6,0
34720,48533.3,0
34721,51301.3,0
34722,52462.8,0
34723,52660.8,0
34724,54634.7,0
34725,56748.5,0
34726,58914.4,0
34727,62179,0
34728,65491.3,0
34729,68434.7,0
34730,70208.8,0
34731,71537,0
34732,72698.9,0
34733,73284.4,0
34734,72831.1,0
34735,71317.4,0
34736,70607.4,0
34737,65846.8,0
34738,60912.7,0
34739,57460.7,0
34740,54646.1,0
34741,51736.1,0
34742,48992.3,0
34743,47453.9,0
34744,48028.4,0
34745,51989.9,0
34746,53365.7,0
34747,53358.6,0
34748,55169.8,0
34749,57192.2,0
34750,59446.3,0
34751,62725.2,0
34752,66048,0
34753,69227.9,0
34754,71318.3,0
34755,73017.2,0
34756,74440.8,0
34757,75238.1,0
34758,75048.3,0
34759,73848.3,0
34760,73495.1,0
34761,69336.9,0
34762,63290.6,0
34763,57533.3,0
34764,52518.1,0
34765,48236.3,0
34766,44725.3,0
34767,42517.7,0
34768,42793.1,0
34769,45623.6,0
34770,46100.6,0
34771,45604,0
34772,46896,0
34773,48443.6,0
34774,50431.7,0
34775,53625.7,0
34776,56888.9,0
34777,59673,0
34778,61133.7,0
34779,62203.3,0
34780,63290.3,0
34781,63965.4,0
34782,63626.9,0
34783,61691.2,0
34784,60348.4,0
34785,59528.5,0
34786,57417.2,0
34787,54725,0
34788,51436.7,0
34789,49204.1,0
34790,47499.9,0
34791,46608.3,0
34792,46033.6,0
34793,44942.4,0
34794,43169.5,0
34795,41134.2,0
34796,41119.7,0
34797,41406,0
34798,42139.4,0
34799,44198.2,0
34800,46401,0
34801,48158.6,0
34802,48732.4,0
34803,48929.1,0
34804,48933,0
34805,48532.5,0
34806,47131,0
34807,44591.7,0
34808,43220.5,0
34809,42780.3,0
34810,41686.4,0
34811,40043.2,0
34812,38639.6,0
34813,37544.3,0
34814,36618.4,0
34815,36237.7,0
34816,35875.7,0
34817,34753,0
34818,32863.8,0
34819,30907.4,0
34820,30827.6,0
34821,31046.5,0
34822,31796.9,0
34823,33977,0
34824,36327.9,0
34825,38402.1,0
34826,39326,0
34827,39900.6,0
34828,40438.2,0
34829,40644.5,0
34830,39887.8,0
34831,38440.3,0
34832,38456.3,0
34833,40412,0
34834,40419.5,0
34835,39574.9,0
34836,38937.9,0
34837,39175.6,0
34838,39957.9,0
34839,40921.2,0
34840,42140.9,0
34841,42182.3,0
34842,40401.6,0
34843,39441,0
34844,40731.2,0
34845,42286.9,0
34846,44513,0
34847,48381.2,0
34848,52450.1,0
34849,56584.4,0
34850,59907.6,0
34851,63089.8,0
34852,66054.6,0
34853,68455,0
34854,69914.4,0
34855,69963.7,0
34856,70711.4,0
34857,70088.8,0
34858,65621.9,0
34859,61219.5,0
34860,57787.1,0
34861,54768,0
34862,52186.5,0
34863,50989.4,0
34864,52012,0
34865,55585.7,0
34866,55338.6,0
34867,54844.3,0
34868,56195.3,0
34869,57721.7,0
34870,59745.9,0
34871,63038.6,0
34872,66442.4,0
34873,69872.1,0
34874,72393.7,0
34875,74570.1,0
34876,75936.8,0
34877,76371.8,0
34878,75789.9,0
34879,73922.6,0
34880,72938.6,0
34881,72085.7,0
34882,68128.6,0
34883,64567.5,0
34884,59770.2,0
34885,56686.6,0
34886,55988.9,0
34887,54873.2,0
34888,53834.3,0
34889,51945,0
34890,48334,0
34891,45502.9,0
34892,44963.4,0
34893,44748,0
34894,44947.1,0
34895,46508.3,0
34896,48228.8,0
34897,49905.8,0
34898,50614.5,0
34899,51029.8,0
34900,51757,0
34901,52309.6,0
34902,51980.1,0
34903,51472.5,0
34904,52473.3,0
34905,51088.6,0
34906,47077.8,0
34907,42842.1,0
34908,39385.8,0
34909,36463.4,0
34910,33920.3,0
34911,32479.7,0
34912,33746.6,0
34913,36841.2,0
34914,38015.5,0
34915,38348.7,0
34916,40236.4,0
34917,42371.3,0
34918,43639.6,0
34919,45223.5,0
34920,46626.9,0
34921,48395.8,0
34922,49477.2,0
34923,50127.6,0
34924,50163.1,0
34925,49375.5,0
34926,47601.8,0
34927,45170.1,0
34928,44154.3,0
34929,44116.5,0
34930,43090.1,0
34931,41186.2,0
34932,38969.1,0
34933,37414.9,0
34934,36462.6,0
34935,35737.3,0
34936,35110.9,0
34937,33895.1,0
34938,31767.4,0
34939,29508.8,0
34940,29067.3,0
34941,28898.9,0
34942,29069.6,0
34943,30561.3,0
34944,32180.2,0
34945,33752.3,0
34946,34409.8,0
34947,34747.1,0
34948,34876.6,0
34949,34541.3,0
34950,33211.3,0
34951,31149.5,0
34952,30508.7,0
34953,30895.7,0
34954,29232.2,0
34955,26403.2,0
34956,23093.3,0
34957,22019.4,0
34958,20165.2,0
34959,18511.6,0
34960,18727.3,0
34961,19884.9,0
34962,19102.3,0
34963,18253.4,0
34964,18839.4,0
34965,19651.8,0
34966,21260,0
34967,24569.5,0
34968,28074.5,0
34969,31355,0
34970,33510.9,0
34971,35403.9,0
34972,37191,0
34973,38513.4,0
34974,38875.8,0
34975,38278,0
34976,38647.5,0
34977,37567.6,0
34978,34497.3,0
34979,31505.7,0
34980,29184.3,0
34981,26886.2,0
34982,25756.7,0
34983,26599.3,0
34984,27369.9,0
34985,27913.7,0
34986,27233.1,0
34987,27098.1,0
34988,28962.2,0
34989,31159.4,0
34990,32352.6,0
34991,33769.6,0
34992,35130.1,0
34993,36682.1,0
34994,37428.8,0
34995,37742.2,0
34996,37952.9,0
34997,37811.4,0
34998,36728.5,0
34999,34619.9,0
35000,33851.5,0
35001,35138.8,0
35002,34947.2,0
35003,33415.5,0
35004,31947.7,0
35005,30781,0
35006,30425.3,0
35007,30532.1,0
35008,29729.5,0
35009,28325.1,0
35010,25326.6,0
35011,22997.4,0
35012,22807.3,0
35013,22887.1,0
35014,23476.4,0
35015,25479.8,0
35016,27664.2,0
35017,29599.5,0
35018,30437.1,0
35019,30947.3,0
35020,31286.4,0
35021,31193.1,0
35022,30160.8,0
35023,28404,0
35024,28159.7,0
35025,29737.1,0
35026,29346.9,0
35027,28065.4,0
35028,26965.1,0
35029,26084.7,0
35030,25823.8,0
35031,25754.7,0
35032,25657.2,0
35033,24889.9,0
35034,22401.9,0
35035,20801,0
35036,21612.9,0
35037,22691.5,0
35038,23787.1,0
35039,25948.8,0
35040,28251.8,0
35041,38480.5,0
35042,37297.6,0
35043,37934.5,0
35044,38337.2,0
35045,38250,0
35046,37264.3,0
35047,35405.5,0
35048,34905.6,0
35049,36160,0
35050,35637.6,0
35051,34574.8,0
35052,33342.2,0
35053,32424,0
35054,32186.6,0
35055,32370.7,0
35056,32652.7,0
35057,32222.5,0
35058,30230.2,0
35059,29067.8,0
35060,30259.6,0
35061,31731.4,0
35062,33388.3,0
35063,36170.6,0
35064,39144.1,0
35065,41961.9,0
35066,43666.2,0
35067,45030.4,0
35068,46543.3,0
35069,47821.5,0
35070,48130.3,0
35071,47283.7,0
35072,47491.2,0
35073,44785.6,0
35074,40501.4,0
35075,36709.2,0
35076,33697.8,0
35077,30888.3,0
35078,28238,0
35079,26403.3,0
35080,26624.9,0
35081,29553.4,0
35082,30619.6,0
35083,31269.5,0
35084,33736.5,0
35085,36616.2,0
35086,39060,0
35087,42080.1,0
35088,45126.6,0
35089,47680.1,0
35090,48879.2,0
35091,49633.6,0
35092,50137.8,0
35093,50167.1,0
35094,49160.8,0
35095,46938.2,0
35096,45855.8,0
35097,45192.8,0
35098,41712,0
35099,38890.9,0
35100,37278.9,0
35101,35773.6,0
35102,35248.7,0
35103,35980,0
35104,36145.7,0
35105,35567.5,0
35106,34152,0
35107,32774.3,0
35108,33339.8,0
35109,34174.9,0
35110,35745.6,0
35111,38923.9,0
35112,42313.9,0
35113,44777.6,0
35114,45668.7,0
35115,46162.9,0
35116,46830.1,0
35117,47270.5,0
35118,46743,0
35119,44937.5,0
35120,44033.4,0
35121,43923.9,0
35122,43302.5,0
35123,41526.8,0
35124,39625,0
35125,38634.7,0
35126,38074.1,0
35127,37825.7,0
35128,37440.3,0
35129,36420.1,0
35130,34621.5,0
35131,32652.2,0
35132,32689,0
35133,33008.8,0
35134,33551.6,0
35135,35270.5,0
35136,37130.1,0
35137,38977.9,0
35138,39940.8,0
35139,40597,0
35140,41083.3,0
35141,41086.4,0
35142,40204.9,0
35143,38517.5,0
35144,38157.1,0
35145,38773.4,0
35146,38139.9,0
35147,35736.8,0
35148,33142.5,0
35149,31929,0
35150,31601.6,0
35151,32538.1,0
35152,32665.9,0
35153,31936.7,0
35154,30497.7,0
35155,28960.9,0
35156,29205.4,0
35157,29666.7,0
35158,30510.2,0
35159,32672.6,0
35160,34978.3,0
35161,37198,0
35162,38391.3,0
35163,39269,0
35164,39760.7,0
35165,39676.9,0
35166,38595,0
35167,36744,0
35168,36243.2,0
35169,36668.3,0
35170,36255.7,0
35171,35203.3,0
35172,34276.2,0
35173,33370.5,0
35174,33125.4,0
35175,33286.1,0
35176,33000.6,0
35177,31776.1,0
35178,29574.4,0
35179,27407.8,0
35180,27325.9,0
35181,27523.4,0
35182,29548.2,0
35183,34125.1,0
35184,39082.8,0
35185,43258.8,0
35186,45994.3,0
35187,48521.2,0
35188,50468.4,0
35189,51603.3,0
35190,51739.1,0
35191,51025.2,0
35192,51616.9,0
35193,52352.8,0
35194,50680.9,0
35195,48105.6,0
35196,45625.6,0
35197,41805.3,0
35198,39901.5,0
35199,39264.7,0
35200,41200.9,0
35201,44210,0
35202,44710.8,0
35203,45065.6,0
35204,47496.6,0
35205,50194.1,0
35206,53133.6,0
35207,57250.3,0
35208,61423.7,0
35209,64994.7,0
35210,67132.1,0
35211,68867.6,0
35212,70632.4,0
35213,71972.4,0
35214,72328,0
35215,71841.7,0
35216,72443.5,0
35217,70917.6,0
35218,66618.4,0
35219,63074.5,0
35220,60635.6,0
35221,57869.3,0
35222,54908.6,0
35223,53173.7,0
35224,53979.7,0
35225,58063.9,0
35226,59368.3,0
35227,59569.9,0
35228,61629.5,0
35229,63968.1,0
35230,66679.3,0
35231,70671,0
35232,74796.4,0
35233,78180.7,0
35234,80026.4,0
35235,81527.6,0
35236,82772.5,0
35237,83474.9,0
35238,83130.7,0
35239,81686.6,0
35240,81125.7,0
35241,77015.1,0
35242,71140.6,0
35243,66172.9,0
35244,62227.1,0
35245,59363.9,0
35246,57802.3,0
35247,58127.7,0
35248,58632,0
35249,58299.1,0
35250,57463.3,0
35251,55941.4,0
35252,56416.3,0
35253,57107.6,0
35254,58077.1,0
35255,60227.4,0
35256,62468.6,0
35257,64170.3,0
35258,64600.2,0
35259,64616.5,0
35260,64342.1,0
35261,63475.8,0
35262,61574.4,0
35263,58670.4,0
35264,56801.8,0
35265,55553.2,0
35266,54054.9,0
35267,51588.9,0
35268,48854.9,0
35269,46620.9,0
35270,44901.9,0
35271,44732.5,0
35272,42730.3,0
35273,40233.8,0
35274,37292.8,0
35275,33995.1,0
35276,32841.7,0
35277,31927.6,0
35278,31379.6,0
35279,32091.4,0
35280,32974.5,0
35281,33619.9,0
35282,33062.1,0
35283,32184.1,0
35284,34047.7,0
35285,37895.5,0
35286,41110,0
35287,43319.9,0
35288,46590.7,0
35289,50728.3,0
35290,53080.6,0
35291,53967.5,0
35292,56196,0
35293,56813.5,0
35294,56723,0
35295,57991,0
35296,58258.1,0
35297,58081.9,0
35298,57282,0
35299,55674.6,0
35300,56117.1,0
35301,56794.8,0
35302,58144.5,0
35303,60936.2,0
35304,63904,0
35305,66671.8,0
35306,68233.7,0
35307,69482.3,0
35308,70662.4,0
35309,71444.9,0
35310,71228.8,0
35311,69747.8,0
35312,68941.4,0
35313,64430.8,0
35314,58685.9,0
35315,54072.5,0
35316,49581.8,0
35317,46619.5,0
35318,46318.2,0
35319,46899,0
35320,47219.5,0
35321,45302.4,0
35322,42688.9,0
35323,40040.2,0
35324,39569.1,0
35325,39214.4,0
35326,39031.8,0
35327,39947.1,0
35328,40988.6,0
35329,42111.8,0
35330,42398.4,0
35331,42349.9,0
35332,41907.9,0
35333,40952.4,0
35334,38985.9,0
35335,36085.6,0
35336,34350.8,0
35337,33781.1,0
35338,31909.6,0
35339,28410.6,0
35340,25708.3,0
35341,21997.9,0
35342,18867.5,0
35343,16618.4,0
35344,16874.6,0
35345,17590.2,0
35346,16318.1,0
35347,16652.3,0
35348,19680,0
35349,23116.4,0
35350,26440.3,0
35351,30716.8,0
35352,35247,0
35353,39335.6,0
35354,42167.9,0
35355,44669,0
35356,46276.1,0
35357,46801.9,0
35358,46246.5,0
35359,44545.7,0
35360,44036.6,0
35361,44758.8,0
35362,42796.9,0
35363,42300.7,0
35364,39942,0
35365,38542,0
35366,36966.2,0
35367,35635.2,0
35368,34829.6,0
35369,33761.4,0
35370,31147.4,0
35371,28810.5,0
35372,28485,0
35373,28440.5,0
35374,28646.4,0
35375,30109.1,0
35376,31718.6,0
35377,33144.1,0
35378,33657.1,0
35379,33851.6,0
35380,34076.4,0
35381,34010.2,0
35382,33041.7,0
35383,31035.1,0
35384,30242.9,0
35385,30985.8,0
35386,29726.6,0
35387,27346.2,0
35388,25648.1,0
35389,24237.9,0
35390,23355.7,0
35391,23173.5,0
35392,22930.6,0
35393,22028.8,0
35394,19987.4,0
35395,18020.9,0
35396,17937.6,0
35397,18078.1,0
35398,18686.4,0
35399,20683.9,0
35400,22865.1,0
35401,24755,0
35402,25518.4,0
35403,25984.5,0
35404,26393.6,0
35405,26501.4,0
35406,25703.9,0
35407,24072.6,0
35408,23772.4,0
35409,25042.2,0
35410,24498.4,0
35411,22912.3,0
35412,21578.4,0
35413,20295.4,0
35414,19866.4,0
35415,20116.4,0
35416,20378.7,0
35417,20571.7,0
35418,19360.7,0
35419,18263.4,0
35420,18889,0
35421,19760.8,0
35422,20874.2,0
35423,23142.9,0
35424,25539.1,0
35425,27795.7,0
35426,29059.7,0
35427,30004.6,0
35428,30869.5,0
35429,31324.8,0
35430,30868,0
35431,29481.8,0
35432,29223.7,0
35433,30031.7,0
35434,29545.9,0
35435,28613.2,0
35436,28650.3,0
35437,27101.9,0
35438,26669.8,0
35439,26527.3,0
35440,26644.9,0
35441,25964.4,0
35442,24475.1,0
35443,22781.2,0
35444,23024.7,0
35445,23474.1,0
35446,24462.4,0
35447,26831.4,0
35448,29375,0
35449,31689.5,0
35450,32891.6,0
35451,33792.6,0
35452,34526,0
35453,34827.6,0
35454,34197.6,0
35455,32718.6,0
35456,32358.5,0
35457,32275.8,0
35458,31774.2,0
35459,30232.3,0
35460,28452.6,0
35461,25394,0
35462,23611.5,0
35463,21292.7,0
35464,21436,0
35465,23444.4,0
35466,25468.8,0
35467,25502.1,0
35468,26534.7,0
35469,27848.1,0
35470,29376.9,0
35471,32022.8,0
35472,34603.1,0
35473,36782.5,0
35474,37820,0
35475,38468,0
35476,39524.2,0
35477,40686.9,0
35478,40956.7,0
35479,40218.2,0
35480,40570.3,0
35481,40722.2,0
35482,36791.6,0
35483,32301.2,0
35484,28957.3,0
35485,26192.1,0
35486,23797.5,0
35487,22250.8,0
35488,22050.8,0
35489,23302.8,0
35490,23263.5,0
35491,23444.7,0
35492,25626.7,0
35493,28099.9,0
35494,30835,0
35495,34841.6,0
35496,39259,0
35497,42880.7,0
35498,44924.2,0
35499,46596.7,0
35500,47855.7,0
35501,48429.8,0
35502,47979.3,0
35503,46274.1,0
35504,45509,0
35505,44213.2,0
35506,40081.7,0
35507,34062.7,0
35508,29841.7,0
35509,26729.5,0
35510,24167.2,0
35511,22311.1,0
35512,22013.5,0
35513,23580,0
35514,24650.9,0
35515,24432.4,0
35516,25496.6,0
35517,26702.2,0
35518,28101.7,0
35519,30548,0
35520,33013.2,0
35521,35526.1,0
35522,37224.9,0
35523,38584.1,0
35524,39603.6,0
35525,40099.5,0
35526,39594.7,0
35527,38199.9,0
35528,38005.9,0
35529,39052.6,0
35530,37552.7,0
35531,35749.9,0
35532,33939.9,0
35533,30041.1,0
35534,27196.5,0
35535,25865.4,0
35536,26235.1,0
35537,26370.6,0
35538,24630.1,0
35539,23121.5,0
35540,23504.9,0
35541,24068.7,0
35542,25122.7,0
35543,27501,0
35544,30193.7,0
35545,32634.8,0
35546,33984.1,0
35547,34995.7,0
35548,36713.3,0
35549,38680.5,0
35550,39837.3,0
35551,40170.3,0
35552,41738.5,0
35553,43673.9,0
35554,41792.2,0
35555,41066.1,0
35556,38394.5,0
35557,35933,0
35558,34861.9,0
35559,34427.6,0
35560,35864.2,0
35561,38490.7,0
35562,38904.8,0
35563,39058.8,0
35564,41320.9,0
35565,43819.4,0
35566,46657.1,0
35567,50695.5,0
35568,54869.9,0
35569,58884,0
35570,61702.4,0
35571,64123.9,0
35572,65994.7,0
35573,67061.3,0
35574,67110.7,0
35575,66559.4,0
35576,66723.6,0
35577,63028.5,0
35578,57771.9,0
35579,52159.3,0
35580,47208.1,0
35581,43742.2,0
35582,41102.6,0
35583,39275.1,0
35584,39760.6,0
35585,41785.2,0
35586,43347.6,0
35587,42794.1,0
35588,43767.7,0
35589,44857,0
35590,46332.7,0
35591,49129.4,0
35592,51925.1,0
35593,54046.9,0
35594,54859.3,0
35595,55250.8,0
35596,55263.9,0
35597,54759.2,0
35598,53187.3,0
35599,51142,0
35600,50658.7,0
35601,51003.7,0
35602,50384.6,0
35603,48653,0
35604,46314,0
35605,44146.4,0
35606,41684.5,0
35607,40153.6,0
35608,40168.8,0
35609,39600.6,0
35610,38424,0
35611,36633.8,0
35612,36716.3,0
35613,37036.7,0
35614,38393.1,0
35615,41599.4,0
35616,44986.4,0
35617,48816.3,0
35618,52066,0
35619,55140.7,0
35620,57826.9,0
35621,60050.8,0
35622,61328.8,0
35623,61076.5,0
35624,60996.4,0
35625,57559.9,0
35626,52810.4,0
35627,48163.6,0
35628,44215.8,0
35629,41228.4,0
35630,38498.5,0
35631,36538.3,0
35632,36596.8,0
35633,38343.9,0
35634,40821.8,0
35635,41506.5,0
35636,44140,0
35637,47040.9,0
35638,50220.6,0
35639,54785,0
35640,59397.1,0
35641,63389.6,0
35642,66039.7,0
35643,68259.4,0
35644,70373.8,0
35645,72204.5,0
35646,73017.6,0
35647,72455.9,0
35648,71977.3,0
35649,67145.8,0
35650,62317.9,0
35651,59273.7,0
35652,55641.1,0
35653,53307.8,0
35654,51167.3,0
35655,50538.5,0
35656,50839.5,0
35657,51332.3,0
35658,51082.8,0
35659,50098.7,0
35660,51088.1,0
35661,52327.2,0
35662,53628.4,0
35663,55969.8,0
35664,58370.2,0
35665,60698,0
35666,62071.5,0
35667,63083.5,0
35668,63828.4,0
35669,64065.7,0
35670,63333.2,0
35671,61691.3,0
35672,61184.3,0
35673,60981.2,0
35674,58286.9,0
35675,52495.1,0
35676,48181.1,0
35677,47073.2,0
35678,47662.1,0
35679,47539.3,0
35680,46581.9,0
35681,46898.1,0
35682,47425.6,0
35683,46743.2,0
35684,48232.7,0
35685,50051.5,0
35686,51544.2,0
35687,53888.3,0
35688,56251,0
35689,59025,0
35690,61165,0
35691,62971.3,0
35692,64144.6,0
35693,64470.7,0
35694,63774.7,0
35695,62439.8,0
35696,61838.6,0
35697,58771.6,0
35698,55310.4,0
35699,50523.2,0
35700,46084.9,0
35701,44039.1,0
35702,42689.7,0
35703,42865.6,0
35704,43205.5,0
35705,44749.1,0
35706,44387.6,0
35707,43708.4,0
35708,45012.3,0
35709,46530.4,0
35710,48847.6,0
35711,52898.8,0
35712,57087,0
35713,61062.6,0
35714,64011.8,0
35715,66695.7,0
35716,68886,0
35717,70440.3,0
35718,70998.5,0
35719,70287.6,0
35720,70023.2,0
35721,67087.3,0
35722,61334.4,0
35723,54989.5,0
35724,49290.3,0
35725,44893.9,0
35726,41235.8,0
35727,38372.9,0
35728,37912.7,0
35729,39379.8,0
35730,41879.4,0
35731,42795.9,0
35732,45674.5,0
35733,48900.6,0
35734,52057.6,0
35735,56023.2,0
35736,59942.2,0
35737,63533.3,0
35738,65904.5,0
35739,67849.9,0
35740,69549.6,0
35741,70676.4,0
35742,70779.3,0
35743,69042.4,0
35744,67472.2,0
35745,64796.1,0
35746,59681.5,0
35747,54157.9,0
35748,47591.3,0
35749,42556.9,0
35750,38913.3,0
35751,38150.4,0
35752,37758.9,0
35753,38105.2,0
35754,38747.2,0
35755,38919.6,0
35756,41495.6,0
35757,44460.7,0
35758,47749.7,0
35759,52328.9,0
35760,57147.2,0
35761,62044.4,0
35762,66125.5,0
35763,69848.6,0
35764,72278.1,0
35765,73458.6,0
35766,73580.2,0
35767,71831.2,0
35768,70144,0
35769,66848.6,0
35770,60262.1,0
35771,53869.9,0
35772,47123.5,0
35773,41171.6,0
35774,37307.3,0
35775,34407.8,0
35776,33300.8,0
35777,33215.8,0
35778,35689.4,0
35779,35819,0
35780,37623.9,0
35781,39711.2,0
35782,41732.6,0
35783,44597.8,0
35784,47463.4,0
35785,49702.6,0
35786,50818.2,0
35787,51618.6,0
35788,52253.2,0
35789,52475.5,0
35790,51579.2,0
35791,50141.1,0
35792,49104.2,0
35793,43605.5,0
35794,38504.9,0
35795,34156.4,0
35796,29458.8,0
35797,25834.2,0
35798,23752.1,0
35799,21301.9,0
35800,19767.5,0
35801,20238.3,0
35802,20865.4,0
35803,20873,0
35804,22176.8,0
35805,24478,0
35806,27500.1,0
35807,31810.7,0
35808,35714.9,0
35809,38784.5,0
35810,40491.3,0
35811,41678.9,0
35812,42704.1,0
35813,42997.3,0
35814,42446.8,0
35815,40891.6,0
35816,40155.1,0
35817,39042,0
35818,39233.3,0
35819,37051.5,0
35820,33588.4,0
35821,31880.8,0
35822,29978.3,0
35823,29222,0
35824,29188.3,0
35825,29258.3,0
35826,28365.5,0
35827,27357.9,0
35828,28652.4,0
35829,30047.7,0
35830,31812.8,0
35831,34907.3,0
35832,37928.6,0
35833,41083,0
35834,43188.3,0
35835,44214.6,0
35836,44753.9,0
35837,45613.9,0
35838,44977.4,0
35839,42844.3,0
35840,42146,0
35841,41334.7,0
35842,40638.5,0
35843,38954.7,0
35844,36322.9,0
35845,30304.7,0
35846,28015.7,0
35847,27162.2,0
35848,25978.7,0
35849,25753.9,0
35850,25554.2,0
35851,24684,0
35852,25908.2,0
35853,28040,0
35854,30446,0
35855,33394.3,0
35856,36594.1,0
35857,39514.3,0
35858,40918.8,0
35859,41808,0
35860,43021.4,0
35861,43940.5,0
35862,44405.4,0
35863,44376.5,0
35864,44788.6,0
35865,44348.5,0
35866,41008.9,0
35867,37194.3,0
35868,33863.8,0
35869,31730.8,0
35870,30149.4,0
35871,28951.6,0
35872,29025.5,0
35873,30237.6,0
35874,32726.1,0
35875,33547.9,0
35876,35781.8,0
35877,39080,0
35878,42923.5,0
35879,47523,0
35880,51590.7,0
35881,55046.5,0
35882,57899.8,0
35883,60516.2,0
35884,62857.6,0
35885,64668.1,0
35886,65077.1,0
35887,64487.9,0
35888,64194.6,0
35889,60951.5,0
35890,55051,0
35891,49290.4,0
35892,44972.7,0
35893,40747.2,0
35894,37236.1,0
35895,35774.1,0
35896,35448,0
35897,35878.3,0
35898,37687.6,0
35899,38816.7,0
35900,41121.4,0
35901,44104.1,0
35902,47632.6,0
35903,51586.1,0
35904,55865.5,0
35905,59869,0
35906,62177.5,0
35907,63835.3,0
35908,65435.8,0
35909,66254.3,0
35910,66109.1,0
35911,65391.7,0
35912,64616.8,0
35913,59306.1,0
35914,53872.4,0
35915,47954.6,0
35916,42134.6,0
35917,37483.8,0
35918,33717.9,0
35919,31182.1,0
35920,30229.6,0
35921,30309.3,0
35922,32579.9,0
35923,33878.3,0
35924,35601.8,0
35925,37704.4,0
35926,41820.1,0
35927,47334.6,0
35928,51089.8,0
35929,54244.2,0
35930,58377.3,0
35931,61063.1,0
35932,61785.3,0
35933,61485.6,0
35934,58353.6,0
35935,54408.4,0
35936,52887,0
35937,51289.5,0
35938,48206.5,0
35939,44243.8,0
35940,39361.2,0
35941,37722.3,0
35942,37177.2,0
35943,37038,0
35944,37170.1,0
35945,36966.8,0
35946,36094,0
35947,34674.1,0
35948,35061.9,0
35949,35619.7,0
35950,36251.3,0
35951,38094.5,0
35952,40231.9,0
35953,42034.9,0
35954,42723.4,0
35955,43262.4,0
35956,43120.5,0
35957,42822.7,0
35958,41945,0
35959,40425.6,0
35960,39236.6,0
35961,35986.3,0
35962,33002.2,0
35963,29587.9,0
35964,26562.3,0
35965,23109.2,0
35966,20959.6,0
35967,21502.3,0
35968,20937.7,0
35969,20200.3,0
35970,19394.2,0
35971,18904.5,0
35972,19680.4,0
35973,20732.8,0
35974,22289.4,0
35975,25453.8,0
35976,28799.4,0
35977,30838.1,0
35978,31211.7,0
35979,32085.7,0
35980,33304.6,0
35981,33712.5,0
35982,33338,0
35983,31994.7,0
35984,30765.9,0
35985,26608.6,0
35986,22187.6,0
35987,17826.7,0
35988,14135,0
35989,10922.3,10.1
35990,9278.3,161.7
35991,7621,272.4
35992,6220.7,331.1
35993,5363,294.8
35994,6502.3,0
35995,8323.2,0
35996,9995,0
35997,11460.2,0
35998,13631.6,0
35999,16784.5,0
36000,20493.8,0
36001,24166.1,0
36002,26072.3,0
36003,27104.4,0
36004,27644.4,0
36005,27488,0
36006,26652.9,0
36007,25129.1,0
36008,24348.3,0
36009,23913.5,0
36010,20603.3,0
36011,17438,0
36012,14609.4,0
36013,11632.9,0
36014,8224.9,262.9
36015,6226.9,491.5
36016,5778.9,351.1
36017,6590,129.7
36018,7090.8,0
36019,7283.9,0
36020,7951,0
36021,8670.1,0
36022,10023.3,0
36023,12044.5,0
36024,14007.5,0
36025,16263.9,0
36026,17825.2,0
36027,19103,0
36028,20150.7,0
36029,20882.5,0
36030,20709.6,0
36031,19487.6,0
36032,19076.8,0
36033,20360.4,0
36034,20048.4,0
36035,17749.1,0
36036,13369,0
36037,10650.8,53.8
36038,8621.7,247.7
36039,7402,127.1
36040,7241.2,18.3
36041,8290,0
36042,8405.3,0
36043,8560.3,0
36044,10126.6,0
36045,11855.3,0
36046,13488.4,0
36047,15833.8,0
36048,18767.1,0
36049,21161.3,0
36050,21630.1,0
36051,21546.9,0
36052,21833.6,0
36053,22034.4,0
36054,21269.9,0
36055,19615.9,0
36056,19244.5,0
36057,20692,0
36058,20679.1,0
36059,19623.6,0
36060,18511.9,0
36061,17666.6,0
36062,17741.7,0
36063,17448.6,0
36064,18004.8,0
36065,17612.1,0
36066,16705.4,0
36067,16165.8,0
36068,16607.7,0
36069,17492.2,0
36070,18830.5,0
36071,21049.3,0
36072,23259,0
36073,25551.1,0
36074,27332.5,0
36075,28509,0
36076,29226.2,0
36077,29834.5,0
36078,29712.9,0
36079,28853.5,0
36080,28389.1,0
36081,28343.9,0
36082,28053,0
36083,27285.8,0
36084,26249.7,0
36085,25476.4,0
36086,25190.6,0
36087,25287.5,0
36088,25163.7,0
36089,24540.4,0
36090,23718,0
36091,22574.7,0
36092,23545.1,0
36093,25024.5,0
36094,26377.7,0
36095,28529.4,0
36096,30951.8,0
36097,34418.1,0
36098,36915.6,0
36099,38786.3,0
36100,40555.5,0
36101,41739,0
36102,41773.1,0
36103,40690.8,0
36104,40628.7,0
36105,39329.6,0
36106,35734,0
36107,32561.1,0
36108,30134.3,0
36109,27561.8,0
36110,25779.2,0
36111,24921.6,0
36112,24448.6,0
36113,24628.8,0
36114,27112.6,0
36115,28752.4,0
36116,30635.7,0
36117,32697.1,0
36118,35552.8,0
36119,39331.7,0
36120,43095.8,0
36121,47204.7,0
36122,50669.8,0
36123,53470.4,0
36124,55606.8,0
36125,57135.9,0
36126,57754.7,0
36127,57597.3,0
36128,56145.4,0
36129,51151.9,0
36130,45983.9,0
36131,40360.1,0
36132,35874.1,0
36133,31531.3,0
36134,28165.5,0
36135,25835.5,0
36136,24112.3,0
36137,23563.7,0
36138,25951.2,0
36139,29204.4,0
36140,33409.1,0
36141,37965.1,0
36142,43651.7,0
36143,47708.7,0
36144,52270.8,0
36145,57851.6,0
36146,60732.1,0
36147,63362.6,0
36148,66878.4,0
36149,68510.2,0
36150,67529.5,0
36151,64897.1,0
36152,57988.8,0
36153,50466.2,0
36154,46941.4,0
36155,42180.2,0
36156,37511.1,0
36157,33244.5,0
36158,30422.7,0
36159,29032.5,0
36160,29936.5,0
36161,29395.9,0
36162,28747.6,0
36163,27867.6,0
36164,28314.4,0
36165,28663.1,0
36166,29458,0
36167,31455.2,0
36168,33673.2,0
36169,35391.6,0
36170,36204.1,0
36171,36613.5,0
36172,36846.7,0
36173,36889.6,0
36174,35853.9,0
36175,33583.5,0
36176,32312.7,0
36177,31859.6,0
36178,30864.9,0
36179,28959,0
36180,27158.2,0
36181,25329.4,0
36182,23008.2,0
36183,21021.5,0
36184,20308.6,0
36185,19894.3,0
36186,19298.1,0
36187,19921.2,0
36188,21532.4,0
36189,23209.8,0
36190,25318,0
36191,28981,0
36192,32824.9,0
36193,36359.2,0
36194,38538.2,0
36195,39804.1,0
36196,40623.3,0
36197,40908.5,0
36198,40200.4,0
36199,38290.2,0
36200,36635.9,0
36201,37253,0
36202,36716.1,0
36203,33390.3,0
36204,27529.9,0
36205,23640.8,0
36206,20230.5,0
36207,18470.2,0
36208,17744.1,0
36209,19032.1,0
36210,19832.2,0
36211,20930.5,0
36212,23074.6,0
36213,25815,0
36214,29462.3,0
36215,33826.8,0
36216,37884.5,0
36217,41118.5,0
36218,43103.3,0
36219,45138.4,0
36220,47286.1,0
36221,48673.4,0
36222,49249.9,0
36223,48964.3,0
36224,48290.3,0
36225,48912.1,0
36226,47413.1,0
36227,44672.4,0
36228,40464.7,0
36229,34555.5,0
36230,29705.2,0
36231,25482.4,0
36232,23771.1,0
36233,22856,0
36234,23368.4,0
36235,24669.5,0
36236,26848,0
36237,27910,0
36238,30207,0
36239,33569.2,0
36240,36345.4,0
36241,38785.5,0
36242,40050.8,0
36243,41381.1,0
36244,42403.4,0
36245,42697.6,0
36246,42437.3,0
36247,42225,0
36248,41084.6,0
36249,37972.5,0
36250,32857.7,0
36251,28003.8,0
36252,24818.7,0
36253,23103.4,0
36254,20423.8,0
36255,18450.5,0
36256,17248,0
36257,16792.6,0
36258,17515.5,0
36259,19013.3,0
36260,22437.6,0
36261,25777.2,0
36262,29146.1,0
36263,33133,0
36264,37197.2,0
36265,39572,0
36266,39862.7,0
36267,40893.5,0
36268,41890.9,0
36269,42142.6,0
36270,41018.9,0
36271,39239.3,0
36272,37479.8,0
36273,34406.1,0
36274,29777,0
36275,28912,0
36276,25485.9,0
36277,19850.6,0
36278,15910.8,0
36279,14119.7,0
36280,12834.2,0
36281,11589,0
36282,11246.8,0
36283,12348.2,0
36284,13950.8,0
36285,15297.3,0
36286,18456.6,0
36287,23066.4,0
36288,27526.8,0
36289,32511.1,0
36290,34159.4,0
36291,34358.9,0
36292,34568,0
36293,34337.9,0
36294,32949.5,0
36295,31338.3,0
36296,30503.8,0
36297,30788.8,0
36298,30423.3,0
36299,30181.8,0
36300,29666.2,0
36301,29148.3,0
36302,28791.9,0
36303,28436.5,0
36304,29041.3,0
36305,28347.6,0
36306,27730.4,0
36307,27031.6,0
36308,27548,0
36309,28736.4,0
36310,30163.3,0
36311,32583.5,0
36312,34769,0
36313,37186,0
36314,38245.8,0
36315,38818.6,0
36316,39725.6,0
36317,40015.4,0
36318,39152.4,0
36319,37375.8,0
36320,36285.6,0
36321,36442.4,0
36322,37035.2,0
36323,36594.9,0
36324,35703.1,0
36325,35363.4,0
36326,35562,0
36327,35531.9,0
36328,35524.3,0
36329,34403.5,0
36330,32722.3,0
36331,31006.6,0
36332,30613.8,0
36333,30548.7,0
36334,31188.2,0
36335,32809.7,0
36336,34624,0
36337,36449.1,0
36338,36852.1,0
36339,36569.7,0
36340,36421.8,0
36341,36221.5,0
36342,34705.7,0
36343,32382.8,0
36344,31073.6,0
36345,31130.7,0
36346,30565.7,0
36347,28977.6,0
36348,26114.6,0
36349,24239.1,0
36350,22507.8,0
36351,21151.3,0
36352,20331.5,0
36353,19662.1,0
36354,18938,0
36355,18904.9,0
36356,20123.2,0
36357,21705,0
36358,23492.9,0
36359,26471.1,0
36360,29829.8,0
36361,32989.9,0
36362,34817.7,0
36363,36014.9,0
36364,37398.5,0
36365,38830.5,0
36366,39329.8,0
36367,39126.5,0
36368,38977.4,0
36369,40064.1,0
36370,39750.9,0
36371,38365.6,0
36372,36806.6,0
36373,35190,0
36374,34070.3,0
36375,32389.8,0
36376,31571.2,0
36377,30801.2,0
36378,29026.5,0
36379,27871.6,0
36380,28855.5,0
36381,29794,0
36382,30842,0
36383,33493,0
36384,36163.5,0
36385,38592.7,0
36386,39813,0
36387,40445.7,0
36388,41310.8,0
36389,41287.7,0
36390,40490.6,0
36391,40154.5,0
36392,38968.7,0
36393,37402.6,0
36394,32583.4,0
36395,28663.5,0
36396,28388.1,0
36397,25360.4,0
36398,24407.9,0
36399,24083.9,0
36400,24325.1,0
36401,25181.5,0
36402,23611.3,0
36403,23112.2,0
36404,24353.6,0
36405,25518,0
36406,26910.6,0
36407,29670.3,0
36408,33099.7,0
36409,36305,0
36410,38249.9,0
36411,39520.7,0
36412,40344.4,0
36413,40672.5,0
36414,40310.8,0
36415,39752.8,0
36416,38698,0
36417,36592.9,0
36418,34994.2,0
36419,29615.4,0
36420,25610.7,0
36421,22588.3,0
36422,20567.1,0
36423,19151.7,0
36424,18227.5,0
36425,18184.1,0
36426,18127.3,0
36427,18613.9,0
36428,21268.3,0
36429,23984.8,0
36430,26596.3,0
36431,30508.8,0
36432,34486.3,0
36433,38364.6,0
36434,41475.1,0
36435,43570.9,0
36436,44774.5,0
36437,45464.3,0
36438,45197.5,0
36439,43853.7,0
36440,42804.6,0
36441,41868,0
36442,38097.2,0
36443,34463.6,0
36444,30384.7,0
36445,28620.1,0
36446,26997,0
36447,25358.4,0
36448,24304.2,0
36449,23799.7,0
36450,23852.5,0
36451,24092,0
36452,26093.6,0
36453,28297.4,0
36454,29527.5,0
36455,31228.7,0
36456,32982.9,0
36457,34351.7,0
36458,34396.6,0
36459,33888.9,0
36460,33157.6,0
36461,33187.9,0
36462,32530.9,0
36463,30446,0
36464,27113.7,0
36465,23630,0
36466,19076,0
36467,13614.5,0
36468,10293.3,0
36469,8722.8,0
36470,6726.4,86.2
36471,5748.7,153.8
36472,5345.3,135
36473,4980,66.8
36474,4460.2,0
36475,4363.2,0
36476,5044.2,0
36477,5971.4,0
36478,7446.6,0
36479,10282,0
36480,13426.3,0
36481,16808.4,0
36482,19371.1,0
36483,21151.9,0
36484,22605.4,0
36485,23854.8,0
36486,24506.4,0
36487,24385,0
36488,22231.8,0
36489,20880.9,0
36490,19715.8,0
36491,18413.6,0
36492,17074.2,14.6
36493,15701.4,14.7
36494,14479.1,258.1
36495,13749.1,336.4
36496,13615.5,284.5
36497,13655.4,102.5
36498,14496.5,0
36499,16557.1,0
36500,19128.3,0
36501,21780.1,0
36502,24715.8,0
36503,29162.3,0
36504,33736.8,0
36505,37694.8,0
36506,40592,0
36507,42914.4,0
36508,45191.7,0
36509,47115.2,0
36510,47782.9,0
36511,47545,0
36512,43705.9,0
36513,39893.2,0
36514,36097.2,0
36515,31843.3,0
36516,27879.4,0
36517,24376.2,0
36518,21700.6,0
36519,21925.7,0
36520,22423.3,0
36521,21572.1,0
36522,20652.6,0
36523,21176.6,0
36524,23024.9,0
36525,24872.6,0
36526,26798,0
36527,29622.4,0
36528,32596.3,0
36529,35269.3,0
36530,36769.2,0
36531,37821.8,0
36532,38620.6,0
36533,39128.5,0
36534,38517.8,0
36535,36736.7,0
36536,35713,0
36537,36212.9,0
36538,35248.9,0
36539,33458.7,0
36540,30697.5,0
36541,29609.2,0
36542,29157.1,0
36543,28981.6,0
36544,25976,0
36545,25486.1,0
36546,26062.5,0
36547,27500,0
36548,29641.2,0
36549,31769.3,0
36550,34238.9,0
36551,37665.6,0
36552,41044.7,0
36553,44115.4,0
36554,45561.8,0
36555,45740.1,0
36556,45995.5,0
36557,46689.8,0
36558,45412.6,0
36559,42860.4,0
36560,41092.8,0
36561,42109.4,0
36562,40464.9,0
36563,35080.1,0
36564,31842.8,0
36565,28776.2,0
36566,26075.8,0
36567,24711.4,0
36568,23522.7,0
36569,23487.8,0
36570,24681.5,0
36571,26456.9,0
36572,28177,0
36573,29151.4,0
36574,30114.6,0
36575,32876.9,0
36576,36056.3,0
36577,38344.7,0
36578,39737.9,0
36579,40463,0
36580,40944.2,0
36581,42289.8,0
36582,42650.1,0
36583,41431.8,0
36584,36828.1,0
36585,33329.2,0
36586,30126.1,0
36587,26549.6,0
36588,24090.9,0
36589,22171.4,0
36590,19797,0
36591,18248.2,0
36592,17632.7,0
36593,17045.8,0
36594,17390.1,0
36595,19313.5,0
36596,21397.9,0
36597,22912,0
36598,24540.8,0
36599,27825.3,0
36600,31260.6,0
36601,34276.6,0
36602,36428.9,0
36603,37743.1,0
36604,38874.4,0
36605,39774.4,0
36606,39879,0
36607,38846.6,0
36608,34310.5,0
36609,30398.6,0
36610,27151,0
36611,23878,0
36612,20895.8,0
36613,18099.4,0
36614,15608.4,3.6
36615,14043.5,45.7
36616,15153.4,0
36617,15459.5,0
36618,14931.9,0
36619,15343.8,0
36620,16640,0
36621,18404.6,0
36622,20170,0
36623,22705.5,0
36624,25354.7,0
36625,27388.5,0
36626,28440.9,0
36627,28916.2,0
36628,29339.6,0
36629,29308.3,0
36630,28429.1,0
36631,26934.1,0
36632,25789.4,0
36633,26163.5,0
36634,26253.7,0
36635,25430.9,0
36636,24444.5,0
36637,24016.6,0
36638,23705.1,0
36639,23648.2,0
36640,22964.7,0
36641,22388.3,0
36642,20875.9,0
36643,19605.7,0
36644,19830.5,0
36645,19941.5,0
36646,20521.4,0
36647,22351.3,0
36648,24083.3,0
36649,25940.8,0
36650,26906.2,0
36651,27568.7,0
36652,27723.4,0
36653,27537.2,0
36654,26632.5,0
36655,24718.8,0
36656,22861.4,0
36657,22396.7,0
36658,21496.3,0
36659,19671.2,0
36660,17741,0
36661,16175.7,0
36662,15694.7,0
36663,15135.8,0
36664,14261.1,0
36665,12998.7,0
36666,11043.9,0
36667,11793.1,0
36668,13243.5,0
36669,14320.7,0
36670,15706.5,0
36671,18150,0
36672,20616.2,0
36673,22874.2,0
36674,24447.4,0
36675,25618.8,0
36676,26246.1,0
36677,26333.8,0
36678,25490.6,0
36679,23920.3,0
36680,21618.6,0
36681,19105.7,0
36682,14913.2,0
36683,10670.2,0
36684,7466.1,46.8
36685,5153.5,195.9
36686,3366.7,502.4
36687,2082.1,605.5
36688,1275.6,653
36689,911.3,566.5
36690,782.8,23.8
36691,1051.5,0
36692,1624.2,0
36693,2438.8,0
36694,3620.9,0
36695,6127.7,0
36696,9367.5,0
36697,12263.3,0
36698,13862.2,0
36699,14356.1,0
36700,14963.8,0
36701,15269.4,0
36702,15035.9,0
36703,14633.8,0
36704,14324.3,0
36705,15669.4,0
36706,16204,0
36707,16118.2,0
36708,15687.3,0
36709,15254,0
36710,15151,0
36711,15705.9,0
36712,15892.7,0
36713,15303.4,0
36714,13940.4,0
36715,12862.4,0
36716,13100.2,0
36717,13523.4,0
36718,14040.9,0
36719,15830,0
36720,17812.4,0
36721,19908.3,0
36722,20764.4,0
36723,21307.2,0
36724,21406.5,0
36725,21000.2,0
36726,19370.3,0
36727,18695.4,0
36728,20140.6,0
36729,20411,0
36730,19679.1,0
36731,19097.3,0
36732,18811.4,0
36733,18528.8,0
36734,18139.2,0
36735,17015.1,0
36736,14193.9,0
36737,11622,0
36738,10857.6,0
36739,11429.3,0
36740,11706.9,0
36741,12959.2,0
36742,15138.7,0
36743,17328.1,0
36744,18115.2,0
36745,17812.5,0
36746,19314,0
36747,20642.4,0
36748,21835,0
36749,21350.2,0
36750,20931.5,0
36751,21003.5,0
36752,19410.8,0
36753,15576,0
36754,10459.7,0
36755,6921.6,0
36756,4522.6,0
36757,2859.1,194.6
36758,2021.4,139.4
36759,1516.4,166.1
36760,1463.9,113.9
36761,1436,0
36762,1556.6,0
36763,2283.5,0
36764,3696,0
36765,5369.8,0
36766,7205.8,0
36767,9416.8,0
36768,11718,0
36769,13276.6,0
36770,14365.8,0
36771,15112.6,0
36772,15283.8,0
36773,14914.2,0
36774,14122.4,0
36775,14152.4,0
36776,15504.3,0
36777,15741.1,0
36778,14938.4,0
36779,14062.3,0
36780,13344.1,0
36781,12606.8,0
36782,12297.6,0
36783,10735.8,0
36784,9231.7,0
36785,7455.5,0
36786,6723.9,0
36787,7303.1,0
36788,7779.3,0
36789,8427.4,0
36790,9923,0
36791,11702.3,0
36792,13925.3,0
36793,15317.2,0
36794,16405.4,0
36795,17457.4,0
36796,18091.6,0
36797,17821.6,0
36798,16515.2,0
36799,16167.6,0
36800,16332.6,0
36801,15922.2,0
36802,15132.9,0
36803,12531.9,0
36804,11488.2,0
36805,7825.7,0
36806,5918.9,0
36807,7234,0
36808,8558.1,0
36809,9246.3,0
36810,9901.7,0
36811,11254.7,0
36812,12391.1,0
36813,13886.8,0
36814,15974.2,0
36815,18151.1,0
36816,20266.1,0
36817,21083.3,0
36818,21708.1,0
36819,22357.3,0
36820,22503.5,0
36821,22063.1,0
36822,20796.1,0
36823,20580,0
36824,21679.1,0
36825,21426.3,0
36826,20148.8,0
36827,18757.1,0
36828,18275,0
36829,17825.1,0
36830,17518.4,0
36831,16916.5,0
36832,16110.6,0
36833,14568.2,0
36834,14238.2,0
36835,15978.8,0
36836,17080.7,0
36837,18800.5,0
36838,21863.7,0
36839,24727,0
36840,27144.7,0
36841,28643.2,0
36842,29568.9,0
36843,30270.5,0
36844,31152.2,0
36845,30775.1,0
36846,29134.8,0
36847,28999.8,0
36848,29630.5,0
36849,27229.9,0
36850,25615,0
36851,24505.5,0
36852,24240.8,0
36853,23819.7,0
36854,22466.9,0
36855,21970.3,0
36856,20041.1,0
36857,18236.2,0
36858,17803.9,0
36859,18948.1,0
36860,20003.8,0
36861,21866.1,0
36862,25624.5,0
36863,29451.5,0
36864,33016.6,0
36865,35769.5,0
36866,37918.7,0
36867,39768.3,0
36868,41262.1,0
36869,41296.9,0
36870,40259.2,0
36871,39703.8,0
36872,38574,0
36873,37459.2,0
36874,36939.3,0
36875,33927.9,0
36876,30876.8,0
36877,28435.4,0
36878,28398.2,0
36879,26719.4,0
36880,27040,0
36881,24924,0
36882,24748.3,0
36883,27095.2,0
36884,29295.9,0
36885,32086.6,0
36886,35726.8,0
36887,39374.2,0
36888,42800.6,0
36889,44443.8,0
36890,45223.7,0
36891,46071.3,0
36892,46783.5,0
36893,46659.6,0
36894,46155.6,0
36895,45557.9,0
36896,42981.1,0
36897,37513,0
36898,31732,0
36899,27002.1,0
36900,22903.7,0
36901,19361,0
36902,15988.2,0
36903,12899.3,0
36904,10002.8,0
36905,7986.8,0
36906,8031.5,0
36907,10485.6,0
36908,12862.8,0
36909,15120.4,0
36910,18535,0
36911,22002.6,0
36912,24955.3,0
36913,27056.6,0
36914,28831,0
36915,29586.6,0
36916,29856.2,0
36917,29493.9,0
36918,28214.6,0
36919,27267,0
36920,26124.3,0
36921,23371.4,0
36922,20494.9,0
36923,19228.6,0
36924,17167.1,0
36925,15357.2,0
36926,13179.2,0
36927,10828.3,0
36928,8133,0
36929,5630.6,0
36930,5297.6,0
36931,6953.3,0
36932,9426.4,0
36933,11096.1,0
36934,14804.7,0
36935,19167,0
36936,21804.6,0
36937,23340.9,0
36938,24489.7,0
36939,25321.3,0
36940,25501.2,0
36941,25135.9,0
36942,23771.2,0
36943,23231.2,0
36944,23349,0
36945,23298.5,0
36946,21768,0
36947,20570.7,0
36948,20151,0
36949,19800.5,0
36950,19196.6,0
36951,18479.3,0
36952,16929.4,0
36953,15111.2,0
36954,14426.9,0
36955,15543.3,0
36956,16392.2,0
36957,17126.6,0
36958,19031.8,0
36959,21410.3,0
36960,23637.3,0
36961,24998.5,0
36962,26129.3,0
36963,26962.3,0
36964,26914.6,0
36965,25639.6,0
36966,23500.7,0
36967,22314.1,0
36968,23003.8,0
36969,22496,0
36970,21398.2,0
36971,18082.2,0
36972,16044.8,0
36973,15404,0
36974,15887.2,0
36975,15056.8,0
36976,15190.1,0
36977,15302.8,0
36978,16845.3,0
36979,19629.2,0
36980,22043.5,0
36981,25131.2,0
36982,29963.7,0
36983,34986.4,0
36984,39457.6,0
36985,42394.5,0
36986,45166.7,0
36987,47639.1,0
36988,49223.8,0
36989,49516.6,0
36990,48893.1,0
36991,47804.3,0
36992,45080.5,0
36993,41968.9,0
36994,37279.2,0
36995,33323.1,0
36996,30716.1,0
36997,27333.3,0
36998,25016.2,0
36999,22974.8,0
37000,20710.1,0
37001,18309.1,0
37002,18779.4,0
37003,22282.1,0
37004,24783.3,0
37005,27494.8,0
37006,31526.4,0
37007,35364.2,0
37008,39077.2,0
37009,41637.6,0
37010,43815.5,0
37011,45739.7,0
37012,46712.4,0
37013,47767.2,0
37014,47709.1,0
37015,45446,0
37016,41579.4,0
37017,36796.5,0
37018,31260.1,0
37019,26440.1,0
37020,22656.2,0
37021,19758.8,0
37022,16958.6,0
37023,14390.6,5.3
37024,12122.4,5
37025,10242.1,0
37026,10179.9,0
37027,12775.5,0
37028,14709,0
37029,16612.6,0
37030,19203,0
37031,21955.4,0
37032,24617.4,0
37033,25911.6,0
37034,27081.3,0
37035,28095.6,0
37036,28701.5,0
37037,28732.7,0
37038,27920.7,0
37039,26833.5,0
37040,25396,0
37041,21540.2,0
37042,17951.5,0
37043,15162.8,0
37044,13491.4,0
37045,13385.8,0
37046,12595,0
37047,11667,0
37048,10771.3,0
37049,9827.3,0
37050,9821.4,0
37051,11932.5,0
37052,14571.3,0
37053,17844.9,0
37054,22312.4,0
37055,26979.3,0
37056,31352.6,0
37057,34389.8,0
37058,36975.3,0
37059,39600.6,0
37060,41820.9,0
37061,42649.4,0
37062,42448.9,0
37063,40695.5,0
37064,38135.6,0
37065,33934.3,0
37066,29632.6,0
37067,25442.4,0
37068,22029.2,0
37069,19358.4,0
37070,16468,0
37071,13790.4,0
37072,11653.9,0
37073,10078.3,0
37074,9726,0
37075,12185.9,0
37076,14893.3,0
37077,17592.9,0
37078,22313,0
37079,27504.3,0
37080,31391.6,0
37081,34646,0
37082,37934.6,0
37083,40486.9,0
37084,41743.9,0
37085,42441,0
37086,42187.9,0
37087,37340.5,0
37088,32532.6,0
37089,27738,0
37090,23302.4,0
37091,20248.5,0
37092,18408.9,0
37093,13900.2,0
37094,9375,63.8
37095,6331.5,231.2
37096,4564.9,233.1
37097,4358,0
37098,5595.3,0
37099,7859.4,0
37100,9775.4,0
37101,11114.7,0
37102,13485.5,0
37103,16323.4,0
37104,19146.9,0
37105,21619.4,0
37106,23693.8,0
37107,24970.3,0
37108,24988.7,0
37109,24565.8,0
37110,23644,0
37111,23323,0
37112,23950.4,0
37113,23980.2,0
37114,22089.2,0
37115,21456.2,0
37116,21113.2,0
37117,20602.7,0
37118,18940.1,0
37119,17557.7,0
37120,16852.1,0
37121,14902.2,0
37122,14822.8,0
37123,16173.1,0
37124,17151.7,0
37125,17985.6,0
37126,20129.6,0
37127,22534.7,0
37128,24961,0
37129,26276.1,0
37130,27003.3,0
37131,27575,0
37132,27786.2,0
37133,27066.3,0
37134,25525.3,0
37135,24603.3,0
37136,24999.5,0
37137,23998.3,0
37138,21210.3,0
37139,16275.2,0
37140,13403.8,0
37141,11637.2,0
37142,9719,1.8
37143,7028.9,83.7
37144,5224,108.9
37145,4405.2,0
37146,4403,0
37147,6719.4,0
37148,9256.8,0
37149,11202.7,0
37150,13883.4,0
37151,17267,0
37152,19995.2,0
37153,21504.2,0
37154,23183.9,0
37155,24351.9,0
37156,25611,0
37157,25976,0
37158,25362.7,0
37159,22798.9,0
37160,20257.3,0
37161,16488.9,0
37162,11664.1,0
37163,7744.1,156
37164,4963.7,282.7
37165,3435.9,745.6
37166,2279.2,1066.6
37167,1317.9,1270.1
37168,524.2,1468.9
37169,103.1,1112.3
37170,5.3,1015
37171,253.4,573.1
37172,759.4,360.1
37173,1778.1,183.3
37174,3118.7,0.4
37175,5060.3,0
37176,7878.1,0
37177,9845.5,0
37178,11668,0
37179,13110.6,0
37180,13664.5,0
37181,13744.1,0
37182,13683.4,0
37183,12587.1,0
37184,11303.6,0
37185,9073.2,0
37186,6289.2,0
37187,4289.5,300.2
37188,2629.6,738.2
37189,1498.4,1366.1
37190,664.3,2231
37191,133.7,2715.9
37192,0,2980.9
37193,0,2451.3
37194,0,2180.8
37195,0,1615.5
37196,6.3,1179.9
37197,167.2,790
37198,1165.7,419.2
37199,2994.5,145.9
37200,6022.7,0
37201,8875.7,0
37202,11750.2,0
37203,14597.7,0
37204,17296.5,0
37205,18818.6,0
37206,18447.1,0
37207,16436.5,0
37208,15162,0
37209,13251.4,0
37210,11086.5,21.9
37211,8524.7,471.4
37212,6707.2,1045.5
37213,5363.8,1487.7
37214,4335.6,1976.1
37215,3547.6,2296.8
37216,2623.8,2407.8
37217,1718.1,2387.6
37218,1433.2,2015.3
37219,2534,1204.2
37220,4509.9,668.9
37221,6652.3,449.9
37222,8913.1,207.7
37223,11895.1,7.7
37224,14785.8,0
37225,18322,0
37226,20486.7,0
37227,21967.5,0
37228,23397.3,0
37229,23843.6,0
37230,22403.9,0
37231,19310.8,0
37232,16582.8,0
37233,12118.3,0
37234,8092.2,283.1
37235,5058.7,1063.7
37236,3161.6,1788.4
37237,2063.8,2520.2
37238,1073.9,3068.6
37239,262.1,3444.8
37240,0,3661.3
37241,0,3837.2
37242,0,3640
37243,0,2592.6
37244,0,2005.1
37245,0.4,1602.2
37246,269,1010.3
37247,1376.7,521.6
37248,2948,261.4
37249,4797.6,94.4
37250,6891.8,2.1
37251,8795.9,0
37252,10448,0
37253,11258.7,0
37254,11294.6,0
37255,11057.3,0
37256,10897.8,0
37257,9493.3,85.2
37258,7373.4,685.7
37259,5245.4,1668.8
37260,3902.6,2195.2
37261,3581.6,1721.6
37262,3299.1,1773.9
37263,3012,2385.6
37264,3009.6,1833
37265,2207.3,1644.5
37266,1883.7,1647
37267,3213.2,1082.2
37268,5261.6,657.2
37269,7285.2,451
37270,9963,189.9
37271,12652.5,3
37272,15411.8,0
37273,17576.3,0
37274,19533.3,0
37275,21364.3,0
37276,22839.9,0
37277,23579.7,0
37278,23018.3,0
37279,20822,0
37280,20008.9,0
37281,19217,0
37282,16028.2,0
37283,12645.3,117.6
37284,10433.9,565
37285,8159.9,1199.3
37286,5496.2,1790.5
37287,3889,2256.1
37288,2925,2364.7
37289,1753.9,1972.1
37290,1489.5,1680.4
37291,2785.4,1005.3
37292,4688.5,591.8
37293,6911.3,380.9
37294,9946,102
37295,13036.2,0
37296,16240.1,0
37297,18129,0
37298,19814.1,0
37299,21637.2,0
37300,22431.2,0
37301,22210.3,0
37302,21236.9,0
37303,18393.6,0
37304,16262.1,0
37305,13658.9,0
37306,10648.1,114.7
37307,7492.2,605.4
37308,7816,79.9
37309,8430,0
37310,9012.8,30.7
37311,6140,720.1
37312,4040.6,927.3
37313,3600.3,505.7
37314,3743.3,524
37315,4987,401.8
37316,5649.9,333.9
37317,6630.4,244.3
37318,8690.2,44.4
37319,10940.4,0
37320,13274,0
37321,15571.7,0
37322,17612.4,0
37323,18583.2,0
37324,18558.6,0
37325,18120.3,0
37326,17038.4,0
37327,14383,0
37328,12545.6,0
37329,9833,0
37330,6494.1,552.8
37331,3696.3,1617
37332,2263.6,2262
37333,1316.8,3202
37334,482.2,3884.7
37335,52.4,4318
37336,0,4683.3
37337,0,4284.4
37338,0,4037.5
37339,0,2974.4
37340,0,2096.8
37341,34.3,1399.6
37342,871.1,667.5
37343,2795.4,315.8
37344,5310.3,58.5
37345,7259.7,0
37346,8585.6,0
37347,8846.5,0
37348,8984.1,0
37349,8656.6,0
37350,7527.9,73
37351,6279.4,175.8
37352,7248.1,54.5
37353,6218.8,130.9
37354,4291.5,329.2
37355,3722.5,354.4
37356,3543.4,345.7
37357,3453.9,284
37358,3495.7,310.9
37359,3783.5,317.7
37360,3866.7,331.3
37361,3469.4,410.1
37362,3642.4,485.7
37363,4884.4,394.8
37364,5899.7,318.4
37365,6950.6,228.8
37366,8614.9,58.6
37367,10422.4,0
37368,12933.6,0
37369,14251.8,0
37370,14917.7,0
37371,15880.8,0
37372,16430.9,0
37373,15885.6,0
37374,14727.5,0
37375,13859.1,0
37376,15619.2,0
37377,16518.5,0
37378,14661.2,0
37379,12553.3,0
37380,11899.4,0
37381,11708.6,0
37382,10106.7,0
37383,8698.2,0
37384,6706.2,71.5
37385,5234.2,200.5
37386,4519.6,263.7
37387,5579.4,180.7
37388,7184.8,70.5
37389,9055,0.1
37390,11927.8,0
37391,15174.2,0
37392,17969.7,0
37393,19957.7,0
37394,22956.9,0
37395,24800.4,0
37396,25452.9,0
37397,25829,0
37398,25002.5,0
37399,22257.7,0
37400,20465.6,0
37401,17809.2,0
37402,15915.2,0
37403,12964.5,0
37404,10759.5,0
37405,10018,0
37406,10374.3,0
37407,10252.2,0
37408,10090.7,0
37409,9395.8,0
37410,9381.2,0
37411,10520.2,0
37412,12386.4,0
37413,14407.2,0
37414,16895.5,0
37415,18874.3,0
37416,21164.5,0
37417,22612.6,0
37418,23451.5,0
37419,24517.6,0
37420,25769.3,0
37421,25997.9,0
37422,24715.8,0
37423,22801.3,0
37424,21484.1,0
37425,18874.1,0
37426,18207.3,0
37427,15960.1,0
37428,14829.6,0
37429,14929.6,0
37430,13310.9,0
37431,11510.5,0
37432,10130.9,0
37433,8518.4,0
37434,8130.8,0
37435,8897.1,0
37436,10609.9,0
37437,12499.7,0
37438,15298.3,0
37439,18476.9,0
37440,21402,0
37441,22992.6,0
37442,24307.5,0
37443,25802.3,0
37444,27310.4,0
37445,27395.9,0
37446,25827.2,0
37447,23567.4,0
37448,23307.2,0
37449,22081.2,0
37450,21231.3,0
37451,20134.6,0
37452,18568.7,0
37453,16806.5,0
37454,17805,0
37455,15660.5,0
37456,13203,0
37457,11507.3,0
37458,11175.6,0
37459,12865.6,0
37460,14964.6,0
37461,17038.9,0
37462,19981.3,0
37463,23000.7,0
37464,25925.5,0
37465,27835.4,0
37466,29546.3,0
37467,30845.2,0
37468,31648.3,0
37469,31512.8,0
37470,29811.3,0
37471,25825.8,0
37472,23490,0
37473,20242,0
37474,16264.6,0
37475,13208.8,0
37476,12641.4,0
37477,11551.1,0
37478,9376.7,0
37479,8595.2,0
37480,6538.8,0
37481,4628.2,0
37482,4112.2,0
37483,5690.7,0
37484,8055.3,0
37485,9615.1,0
37486,12375,0
37487,16457.8,0
37488,20056,0
37489,21783.8,0
37490,23271.7,0
37491,24563.4,0
37492,25099.9,0
37493,25644.4,0
37494,24229.6,0
37495,19289.1,0
37496,15777.3,0
37497,11960.9,0
37498,8017.2,56.5
37499,4890.3,340.1
37500,2668.6,388.7
37501,1418,527.3
37502,924.7,589.1
37503,939.8,484.9
37504,245.3,526.3
37505,0,102.4
37506,0,164.6
37507,104.5,102.4
37508,559.2,42.9
37509,1057.3,1.9
37510,2358.9,0
37511,4831.1,0
37512,7745.5,0
37513,9807.6,0
37514,11134.1,0
37515,12556.5,0
37516,13601.7,0
37517,13672.9,0
37518,12931.5,0
37519,12181.4,0
37520,12837,0
37521,11637,0
37522,9449.9,0
37523,7497.8,0
37524,5705.8,20
37525,5942.1,76.5
37526,4904,167.9
37527,3085.6,347.8
37528,1910.6,451.6
37529,738,328.4
37530,729.1,322.2
37531,1421.7,219.4
37532,2551,138
37533,3888.3,49.8
37534,5785.4,0
37535,8329.1,0
37536,11284.4,0
37537,13206.4,0
37538,14581.8,0
37539,15251.4,0
37540,15570.2,0
37541,15428.8,0
37542,14123,0
37543,12320.5,0
37544,11230.3,0
37545,9145,0
37546,6673.3,12.8
37547,4330.4,369.8
37548,2571,905.9
37549,1859.4,1162.9
37550,1212.8,1720.9
37551,668.1,2042.1
37552,359.4,2108.7
37553,67.6,2162.7
37554,32.4,1934.8
37555,298.9,1318.6
37556,697.6,883.3
37557,1140.7,636.5
37558,2316.3,369.1
37559,4020.2,163.9
37560,5911.8,8.9
37561,6726.1,0
37562,7144.1,0
37563,8194.4,0
37564,9129,0
37565,9841.3,0
37566,9563.9,0
37567,8261.2,0
37568,7529.1,3.9
37569,5816.4,216.7
37570,3822.9,629.4
37571,1821.1,1409.7
37572,1019.6,1405.5
37573,475.6,1805.1
37574,60.2,1712.1
37575,0,1682
37576,0,1792.2
37577,0,2411.7
37578,0,2515.9
37579,0,2193.2
37580,0,1875.6
37581,0,1455.6
37582,41.7,797.4
37583,793.9,439.9
37584,3055.4,198
37585,4974.6,76
37586,6792.1,4.3
37587,8341.2,0
37588,9511.8,0
37589,9943.8,0
37590,9560,0
37591,8369.6,5.5
37592,7658.2,59.4
37593,5871.8,527.6
37594,3566.6,1448.3
37595,1980.8,2479.5
37596,1267.4,3270.5
37597,610.8,3976.9
37598,42.9,3916.5
37599,0,4462.8
37600,0,4173.9
37601,0,3707.9
37602,0,4005.6
37603,0,3138.3
37604,0,2591.8
37605,0,2092.3
37606,31.5,1239.4
37607,996.3,530.5
37608,2431.4,299.9
37609,3431.1,215.7
37610,5058.7,104.6
37611,6706.7,9.3
37612,7212.3,0
37613,8735.3,1.8
37614,8965.2,0
37615,9307.6,0
37616,10507.8,0
37617,10918.9,0
37618,11317.7,0
37619,11066.4,0
37620,11003.9,0
37621,11206,0
37622,10883.2,0
37623,8731.1,0
37624,7822.9,47.6
37625,7343.2,121.3
37626,6548.6,213.8
37627,5952.9,301
37628,6030.1,309.6
37629,6634.4,262.3
37630,7909.6,107
37631,9624.7,0
37632,11839.3,0
37633,13280.9,0
37634,14412.1,0
37635,15333,0
37636,15997.8,0
37637,15825.6,0
37638,14873.4,0
37639,14339.9,0
37640,13827.1,0
37641,11787.4,0
37642,9995.3,0
37643,9244.6,0
37644,7515.6,102.2
37645,4767.5,834.9
37646,2911.6,1307.2
37647,1870.6,1738.3
37648,900.7,2121.9
37649,186,2030.7
37650,1.7,2200.6
37651,96.2,1689.8
37652,361.1,1078.7
37653,942.1,705.6
37654,2605.5,369.4
37655,5586.6,104.5
37656,8662.9,0
37657,10949.3,0
37658,12552.5,0
37659,14042,0
37660,15334,0
37661,15523,0
37662,14582.3,0
37663,11119.8,0
37664,10141.2,0
37665,8756.9,13.6
37666,6471.6,582.1
37667,4261.4,1469.9
37668,2657.5,1994
37669,2126.9,2055.4
37670,1679.7,1696.4
37671,1401.5,1418.2
37672,1293.8,1296.6
37673,1237.9,943.4
37674,1698.1,873.2
37675,2783.7,677.6
37676,4004.2,564.4
37677,5158.4,453.1
37678,6850.5,256.3
37679,8647.9,57.7
37680,10652.3,0
37681,12244.1,0
37682,13109.5,0
37683,13983,0
37684,14612.4,0
37685,14390.7,0
37686,13519.8,0
37687,12212.2,0
37688,12996.2,0
37689,12294.5,0
37690,9535.6,0
37691,6707.3,117.4
37692,5995,87.6
37693,5834,42.3
37694,6090,8
37695,6664.9,0
37696,5927.8,76.6
37697,3958.6,334.3
37698,3119.8,485.9
37699,3303.1,503
37700,4251.8,378.2
37701,5669.8,251.4
37702,8037.1,32.1
37703,10734.7,0
37704,13459.1,0
37705,14776.7,0
37706,15816.1,0
37707,17057.2,0
37708,17857.1,0
37709,17880.1,0
37710,17033.4,0
37711,14741.3,0
37712,14219.2,0
37713,12255.5,0
37714,10034.7,7.9
37715,8091.3,290.4
37716,6389.8,677.7
37717,4900.7,1063.3
37718,3523.2,1339.1
37719,2910.3,1461.4
37720,1992.9,1588.3
37721,1072.4,1686.7
37722,808.6,1563.8
37723,1225.1,1071.2
37724,2979.1,593
37725,5064.7,392.9
37726,8281.3,117.7
37727,11283.8,0
37728,13976.3,0
37729,15884.2,0
37730,17321.7,0
37731,18729.7,0
37732,19610.2,0
37733,19554.6,0
37734,18046.9,0
37735,14674.5,0
37736,12130.5,0
37737,10019.4,0
37738,6838.3,148.2
37739,4208.8,748.9
37740,2258.2,1322.1
37741,1840.8,1703.6
37742,1470.1,2037.1
37743,909.8,2244.5
37744,513.2,2327.7
37745,117.2,2399.7
37746,22.9,2326.2
37747,120.9,1883.4
37748,697.9,1210.5
37749,1784.9,762.8
37750,3861.8,389.5
37751,7084.8,117
37752,10262.3,0
37753,12521.9,0
37754,14717.1,0
37755,16519.4,0
37756,17534.9,0
37757,17781.5,0
37758,16453.6,0
37759,13693,0
37760,13081.8,0
37761,11170.9,0
37762,8524.4,206.1
37763,6266.8,889.5
37764,4247.4,1471.8
37765,3161,2161.1
37766,2511.7,2583.7
37767,1677.1,2740.4
37768,1051.5,2314
37769,836.6,1586.6
37770,1154.6,1319.3
37771,2055.3,873.7
37772,3081.4,671.8
37773,4484.3,538.8
37774,6841.7,306
37775,9626.7,50.7
37776,12456,0
37777,15056.8,0
37778,16680.4,0
37779,18073.4,0
37780,18846.9,0
37781,18812.8,0
37782,17727.3,0
37783,15481.3,0
37784,15105.7,0
37785,14393.5,0
37786,13480,0
37787,12453.4,0
37788,11030.8,0
37789,8015.1,0
37790,5899.1,21.8
37791,2393.4,443.5
37792,1201.7,544.1
37793,323.4,663
37794,45.1,997.3
37795,84.5,935.5
37796,617.7,555.6
37797,2051.3,378
37798,2864.8,250.5
37799,4113.3,95.3
37800,6924.8,0
37801,9226.7,0
37802,10528.9,0
37803,12316.3,0
37804,13687.3,0
37805,14174.7,0
37806,13690.9,0
37807,12808.2,0
37808,13223.6,0
37809,13223,0
37810,13538.4,0
37811,12329.1,0
37812,12222.6,0
37813,11413.7,0
37814,9475.6,0
37815,8240.9,1.4
37816,6491.1,131.7
37817,4810.2,249.6
37818,3938,332.1
37819,4581.4,249.6
37820,6450,134.6
37821,8286.7,18.3
37822,11206.3,0
37823,14881.5,0
37824,18285.4,0
37825,20625.5,0
37826,22107,0
37827,23344.3,0
37828,25057,0
37829,25615.7,0
37830,22860.2,0
37831,19502.9,0
37832,17053.5,0
37833,14297,0
37834,12154.4,0
37835,12123.1,0
37836,10111,0
37837,7193.5,0
37838,4575,241
37839,2491.2,598.1
37840,1186.7,736.5
37841,533.8,604
37842,590.8,530.1
37843,1395.9,396
37844,2518.6,288
37845,3387.7,213
37846,5396.4,26.2
37847,7735.2,0
37848,9636.1,0
37849,11089.4,0
37850,11986.6,0
37851,13245.6,0
37852,14068.2,0
37853,13733.9,0
37854,11969.4,0
37855,9013.1,0
37856,7871,0
37857,5326.9,46.6
37858,2467.5,793.7
37859,723,1775.7
37860,48.3,2705.8
37861,0,3638
37862,0,4632.7
37863,0,5285
37864,0,5162.9
37865,0,4204.1
37866,0,3503.4
37867,0,4304.2
37868,0,4514.7
37869,0,4564.3
37870,0,2437.5
37871,0,1290.3
37872,0,866.1
37873,0,500.9
37874,102.6,313.5
37875,530,154.1
37876,1779.8,40.3
37877,3206.4,12.8
37878,4361.3,42.2
37879,4955.6,78.8
37880,6059.7,0.9
37881,6682.4,0
37882,6670.3,1.3
37883,7038.5,0
37884,6038.7,84.9
37885,3583.9,567.1
37886,1865.3,1381.7
37887,1017.4,1789.8
37888,402.3,2047.8
37889,46.7,2807.2
37890,0,3207.3
37891,1.3,2799.3
37892,158.5,1818.5
37893,414.7,1338.6
37894,1685.1,688
37895,4069.4,271.6
37896,6550.6,66.5
37897,8879.1,0
37898,11007.4,0
37899,12559.2,0
37900,13755.5,0
37901,14857.2,0
37902,14062.3,0
37903,10413.5,0
37904,8631,9.5
37905,6489,252.3
37906,4085.8,854.6
37907,2150.9,1547.6
37908,1067.8,2266.7
37909,409.9,2806.3
37910,110,2131.1
37911,3,1947.1
37912,0,2320.4
37913,0,3357.2
37914,0,3633.1
37915,0,2932
37916,47.3,1884.5
37917,737.2,1247
37918,2703.1,553.8
37919,5857.3,204
37920,9057,5.9
37921,11689.6,0
37922,14019.1,0
37923,16206.4,0
37924,18211.1,0
37925,19116.8,0
37926,17500.8,0
37927,15796.3,0
37928,14702.8,0
37929,12108.7,0
37930,9197.2,207.4
37931,6621.6,908.7
37932,4435.3,1454.7
37933,2995.5,2143.1
37934,2162.4,2607.4
37935,1254.4,2824.3
37936,430.1,2917.8
37937,0,2878.7
37938,0,3320.2
37939,0,2870.3
37940,142.9,1804.4
37941,967.8,1028.5
37942,2854.7,438.5
37943,5988,170.8
37944,9238.7,1.2
37945,11827.6,0
37946,14140.5,0
37947,16251.6,0
37948,17417.5,0
37949,17260.5,0
37950,14814.4,0
37951,12211.2,0
37952,10439.4,0
37953,6943.3,242.6
37954,3841.2,1164.7
37955,1825.9,2025.5
37956,716.3,2774.5
37957,211,3588.7
37958,0,4116
37959,0,4466.3
37960,0,5317.2
37961,0,5955.1
37962,0,7163.9
37963,0,6385.7
37964,0,4340.1
37965,0,3071.2
37966,0,1994.4
37967,5.8,1182.1
37968,173.5,546.3
37969,944.7,296.3
37970,2923.3,132.4
37971,5795.3,9.2
37972,7684.1,0
37973,8212.1,0
37974,6962.5,76.9
37975,4973.7,324.9
37976,3183.7,821.9
37977,1088.5,2343.8
37978,150.7,3752.8
37979,0,4872.3
37980,0,5585.2
37981,0,6218.7
37982,0,6849.2
37983,0,7372.9
37984,0,7789.2
37985,0,7389.7
37986,0,7119.2
37987,0,5445.3
37988,0,3826.2
37989,0,2809.8
37990,0,1681.8
37991,97.8,855.4
37992,1027,340.1
37993,2618.8,197
37994,4305.8,101.7
37995,5892.5,25
37996,7093.4,0.2
37997,7565,9
37998,6679.5,142.6
37999,5588.5,310
38000,5257.2,288.9
38001,4038.9,528.3
38002,2524,1273.4
38003,1224.4,2661
38004,746.1,3413.2
38005,423.6,4017.9
38006,119.6,4432.6
38007,0,4811.9
38008,0,4954.1
38009,0,4638.7
38010,0,4564.3
38011,0,3947.8
38012,75.8,2947.2
38013,373.6,2126.9
38014,1539.6,1208
38015,3384.2,549.7
38016,6014.8,207.3
38017,7822.6,68
38018,9207.3,1
38019,10450.4,0
38020,11319.4,0
38021,11384.9,0
38022,10184.5,17.3
38023,8298.7,153.3
38024,7149.7,200.3
38025,4919.6,811.6
38026,2919.3,2008.4
38027,1540.8,3015.5
38028,898.5,3649.7
38029,593.7,4264
38030,264.3,4620.9
38031,30.7,4908.3
38032,0,5188.5
38033,0,4933.8
38034,0,5055.8
38035,0,4272.3
38036,2.8,3123.6
38037,252.2,2150.7
38038,1408.1,1174.2
38039,3377.5,493.9
38040,6333.8,184.3
38041,8473.1,34.6
38042,10348.9,0
38043,12100.1,0
38044,12926.1,0
38045,12547.6,0
38046,9898.7,3.4
38047,8343.5,106.2
38048,7804.1,205.3
38049,5967.3,743.6
38050,3993.4,1442.4
38051,2611.7,2048.7
38052,1623.4,2545.1
38053,1185.5,2743.6
38054,756.3,3158.8
38055,267,3449.9
38056,14.5,3815.7
38057,0,4349.7
38058,0,4607.5
38059,0,4058.4
38060,91.3,2760.1
38061,726.9,1754.2
38062,2293.3,886.1
38063,4855.2,353.7
38064,7603.7,114.9
38065,9510.3,3.9
38066,11034.8,0
38067,12344.9,0
38068,13021,0
38069,12698.4,0
38070,10975.2,0
38071,8848.2,73.2
38072,7793.9,98.6
38073,5899.1,477
38074,3568.9,1182.1
38075,1751.9,2027.6
38076,682.6,2799
38077,308.1,3186.8
38078,93.3,3384.1
38079,0,3633.3
38080,0,3764.2
38081,0,3952
38082,0,3845.2
38083,0,3344.2
38084,0,2876.8
38085,43.8,2354
38086,580.2,1537
38087,1745.7,840.5
38088,3585.8,407.1
38089,5096.5,243.3
38090,6236.1,154.3
38091,7213.5,80.4
38092,7789.3,48.2
38093,7724.8,96
38094,6971.8,241.3
38095,6404.8,393.8
38096,6749.5,238.2
38097,7021.7,176.7
38098,5900.9,370.6
38099,4850.8,556.2
38100,4467.1,545.1
38101,3866.5,658
38102,3939.1,630.8
38103,4365.5,530.8
38104,3490.4,809.4
38105,2333.9,1350.3
38106,1858.5,1655.2
38107,2143.2,1497.5
38108,2596.7,1299.6
38109,3249.5,1110.7
38110,4519.3,769
38111,5892.3,406.4
38112,7359.5,98.1
38113,8414.8,10.5
38114,9321.7,0
38115,10067.9,0
38116,10604.8,0
38117,10501.7,0
38118,9544.3,17.2
38119,8886.9,89.7
38120,9390,2.3
38121,9125.4,9.6
38122,7899.1,103.7
38123,6541.4,261
38124,5261.5,429.8
38125,4133.8,585.9
38126,3104.8,787.2
38127,2098.2,1129.4
38128,806.7,1916.7
38129,82.6,2694.6
38130,0,3522.6
38131,0,3286
38132,140.6,2380
38133,741.1,1623.4
38134,2392.4,958.8
38135,4141.4,537.6
38136,6021.5,162.2
38137,7718.1,13.3
38138,9269,0
38139,10653.6,0
38140,11373.2,0
38141,11029.3,0
38142,8978.6,57.2
38143,6950.1,354.4
38144,5509,429
38145,2977.9,1075
38146,871.6,2462.9
38147,87.6,3569.1
38148,0,4200.1
38149,0,5061.1
38150,0,5922.2
38151,0,7264.1
38152,0,8889.2
38153,0,10265.4
38154,0,12036.4
38155,0,11616.9
38156,0,9595.9
38157,0,7380.9
38158,0,5329.6
38159,0,4000.7
38160,0,3179.4
38161,0,2808.3
38162,0,2544.8
38163,0,2353.8
38164,0,2268.4
38165,0,2507.4
38166,0,3332
38167,0,3923.9
38168,0,4218.3
38169,0,5891
38170,0,7769.7
38171,0,9560.6
38172,0,10818.9
38173,0,12678.4
38174,0,14171.6
38175,0,15437.9
38176,0,16247.7
38177,0,16597.8
38178,0,16388.4
38179,0,14293.7
38180,0,11209.2
38181,0,7956.8
38182,0,4627.3
38183,0,2881.3
38184,0,1787.6
38185,0,1165.6
38186,0,800.5
38187,3.3,569.3
38188,85.2,460.2
38189,453.8,515.9
38190,700.4,769.4
38191,1040.4,852.9
38192,1765.9,645.8
38193,2246.4,631.3
38194,2083.3,825.2
38195,1940.4,1108.4
38196,1654.9,1317.5
38197,1364.5,1745.2
38198,1051.2,2085.9
38199,759.7,2305
38200,518.7,2561.3
38201,241.5,2706.9
38202,267.9,2914.5
38203,618.4,2583.7
38204,1435.8,2024.8
38205,2500.3,1492.6
38206,3946.6,935.7
38207,5461.2,564
38208,6797.7,238.6
38209,7653.8,78.9
38210,8388.4,9.4
38211,8953.1,0
38212,9455.5,0
38213,9431.2,0
38214,8472.4,191.3
38215,7468.5,396.9
38216,7045.3,283.5
38217,5420.2,563.9
38218,3394.5,1397.1
38219,1693.3,2244.3
38220,730.8,2859.2
38221,206.3,3617.9
38222,0,4301.2
38223,0,4879.2
38224,0,5443.5
38225,0,6419.3
38226,0,6738.6
38227,0,6009.4
38228,0,4776.8
38229,0,3739.6
38230,0,2634.1
38231,0,1682.4
38232,220.8,949.5
38233,830.9,627.4
38234,1917.5,428.6
38235,3329.8,278.3
38236,4593,194.2
38237,5008.4,278.6
38238,4282.9,614.7
38239,3071.7,984.3
38240,2254.1,1272.3
38241,860.9,2209.9
38242,124.9,3332
38243,0,4237.8
38244,0,4968.2
38245,0,5306.5
38246,0,5382.4
38247,0,4930.3
38248,0,5266.7
38249,0,5879.3
38250,0,5879.1
38251,0,4902
38252,0,4122.2
38253,0,3333.9
38254,0,2344
38255,0,1449.1
38256,131.2,828.7
38257,722.6,576.5
38258,1854,394.4
38259,3186.1,244
38260,4339.4,172.9
38261,4764.5,258.5
38262,4470.8,524
38263,4240.1,657.4
38264,4896.5,463.6
38265,4878.8,465.9
38266,4383.9,585.5
38267,3824.7,704.1
38268,3232.7,879.7
38269,1992.2,1567.3
38270,823.2,2515.9
38271,173.6,3630.7
38272,0,4373.7
38273,0,4803.8
38274,0,5417.3
38275,0,5200.8
38276,0,4222.2
38277,0,3361.4
38278,5.1,2343.2
38279,286.4,1418.4
38280,1084.8,744.1
38281,2351.5,458.6
38282,3643.8,310.7
38283,4767.2,193.2
38284,5338.3,168.2
38285,5095.5,320.1
38286,4038.9,679.1
38287,2569.1,1280
38288,1867.8,1618.4
38289,893.9,2637
38290,120.2,3984.5
38291,0,5111
38292,0,5877.5
38293,0,6959.5
38294,0,8633.5
38295,0,10402.3
38296,0,12219.4
38297,0,13959.6
38298,0,15612.1
38299,0,15003
38300,0,11992.8
38301,0,8531.4
38302,0,5309.5
38303,0,3336.2
38304,0,2186
38305,0,1550.8
38306,0,1161.5
38307,13.1,859.5
38308,40.3,752
38309,10.5,1058.2
38310,0,2474
38311,0,3333.8
38312,0,3937.1
38313,0,5127.5
38314,0,6805.3
38315,0,8655.4
38316,0,10952.7
38317,0,13995.9
38318,0,17043.1
38319,0,20019.6
38320,0,22256.6
38321,0,23695.5
38322,0,25076.8
38323,0,23599.5
38324,0,19139.6
38325,0,14377.9
38326,0,9951.9
38327,0,5866
38328,0,3032.6
38329,0,2340.2
38330,0,2040.5
38331,0,1841.5
38332,0,1885.3
38333,0,2535.8
38334,0,4252.7
38335,0,5490.2
38336,0,7050.5
38337,0,9649.5
38338,0,12895.5
38339,0,15609.5
38340,0,19079.6
38341,0,21585.5
38342,0,24583.9
38343,0,27286.4
38344,0,29892.1
38345,0,31839.5
38346,0,33559.9
38347,0,32263.7
38348,0,27504.1
38349,0,22101.9
38350,0,17204.9
38351,0,13029.8
38352,0,9326.1
38353,0,6923.1
38354,0,5202.7
38355,0,3874.7
38356,0,3336.9
38357,0,3673.8
38358,0,5672.1
38359,0,6851.6
38360,0,6894.4
38361,0,6295.3
38362,0,7230.8
38363,0,9294.9
38364,0,11164.7
38365,0,13294.3
38366,0,15040.1
38367,0,17449
38368,0,20910.9
38369,0,22288.4
38370,0,23368.7
38371,0,21693.8
38372,0,18137.1
38373,0,14397.5
38374,0,10919.1
38375,0,7892
38376,0,5145.9
38377,0,3539.1
38378,0,2855.5
38379,0,2439.2
38380,0,2093.5
38381,0,2013.8
38382,0,2299.2
38383,0,2514.2
38384,0,2249.3
38385,0,2294.3
38386,0,2490.8
38387,0,2658
38388,0,2718.6
38389,0,2905.6
38390,0,3121.9
38391,0,3607.9
38392,0,4495.3
38393,0,5514.8
38394,0,6800
38395,0,6554.5
38396,0,4937.5
38397,0,3585.8
38398,0,2358.3
38399,0,1291.5
38400,313.5,570.8
38401,1310.4,284.5
38402,3508,60.8
38403,5742,0
38404,7061,0
38405,6914.1,45.3
38406,5043.8,574.9
38407,4101.8,1126.9
38408,3709.6,1245.6
38409,2389.5,1841.2
38410,859,2810.4
38411,104.2,3720.1
38412,0,4429.5
38413,0,5069.4
38414,0,6060.5
38415,0,7785.5
38416,0,9453.8
38417,0,11440.8
38418,0,13095.9
38419,0,12227.4
38420,0,9167.9
38421,0,5718.6
38422,0,3572.4
38423,0,2418.7
38424,0,1412.5
38425,0,870.2
38426,31.4,553
38427,251.5,361.2
38428,805.1,322
38429,794.4,547.6
38430,147.3,1542.8
38431,18.6,2490.2
38432,5.6,2593.9
38433,0,3691.6
38434,0,5054.9
38435,0,6098.8
38436,0,7311.9
38437,0,8813.4
38438,0,9386.5
38439,0,10865.1
38440,0,12434.5
38441,0,14102.7
38442,0,15438.6
38443,0,13774.5
38444,0,11067.5
38445,0,7670
38446,0,4540.2
38447,0,3065.4
38448,0,1957.7
38449,0,1284.6
38450,0,817
38451,0.3,558.9
38452,43.3,500.9
38453,108.4,687.8
38454,4.4,1516.8
38455,0,2495.6
38456,0,3137.9
38457,0,4384.3
38458,0,5806
38459,0,6956.5
38460,0,8371.1
38461,0,10869.8
38462,0,13972.5
38463,0,16764
38464,0,18769.8
38465,0,20348.3
38466,0,21575.4
38467,0,20262.4
38468,0,16484.3
38469,0,12326.9
38470,0,8366.8
38471,0,4759.3
38472,0,2831.8
38473,0,2107.7
38474,0,1573.5
38475,0,1135
38476,0,1017
38477,0,1469.6
38478,0,2849.8
38479,0,3828.2
38480,0,4263.9
38481,0,5111.7
38482,0,6967.2
38483,0,9943.1
38484,0,12627.4
38485,0,15560.7
38486,0,18532.7
38487,0,21351.3
38488,0,23478.6
38489,0,24952.3
38490,0,26360.4
38491,0,24708.5
38492,0,20393.9
38493,0,15885.1
38494,0,11833.1
38495,0,8217.7
38496,0,4978.9
38497,0,3318.9
38498,0,2763.3
38499,0,2395.7
38500,0,2317.8
38501,0,2675.9
38502,0,3451.3
38503,0,3793
38504,0,3581.5
38505,0,3650.5
38506,0,4162.3
38507,0,4806.7
38508,0,5848.8
38509,0,8728.6
38510,0,13073.1
38511,0,16969.3
38512,0,19591.6
38513,0,20485.7
38514,0,21443.3
38515,0,20248.8
38516,0,17306.2
38517,0,14424.6
38518,0,11287.3
38519,0,8241.4
38520,0,5556.1
38521,0,4004
38522,0,3118.7
38523,0,2738.1
38524,0,2522.5
38525,0,2638.8
38526,0,3145
38527,0,3603.1
38528,0,3664.6
38529,0,3990.1
38530,0,4899.5
38531,0,7870.1
38532,0,11499.9
38533,0,14157.4
38534,0,18714.8
38535,0,23118.4
38536,0,24630.4
38537,0,23982.7
38538,0,21496.7
38539,0,19225.4
38540,0,17497.9
38541,0,15550.3
38542,0,12878.7
38543,0,10315.6
38544,0,8108.4
38545,0,6667.7
38546,0,5519.5
38547,0,4552.3
38548,0,3988.7
38549,0,4234.6
38550,0,5406
38551,0,6244.3
38552,0,6017.7
38553,0,6521.9
38554,0,8362.8
38555,0,10656
38556,0,12843.2
38557,0,14235.3
38558,0,14275.2
38559,0,13739.6
38560,0,15190.9
38561,0,16965.1
38562,0,17306.1
38563,0,16201.9
38564,0,14318.4
38565,0,11962.3
38566,0,9378.6
38567,0,7133.7
38568,0,5178
38569,0,3966.3
38570,0,3233.9
38571,0,2806.9
38572,0,2732.4
38573,0,3052.5
38574,0,3988.7
38575,0,4580.9
38576,0,3948
38577,0,3610.5
38578,0,4358.1
38579,0,5366.6
38580,0,5500.6
38581,0,6697.5
38582,0,7631.7
38583,0,8474.2
38584,0,9868.9
38585,0,11735.2
38586,0,12778.7
38587,0,12107.6
38588,0,10896.1
38589,0,9359.5
38590,0,7034.1
38591,0,4701
38592,0,3106.1
38593,0,2611.6
38594,0,2345.7
38595,0,2149.5
38596,0,1855.8
38597,0,1721.8
38598,0,1923.1
38599,0,2195.1
38600,0,1849.4
38601,0,1679.4
38602,0,2345.2
38603,0,2972.7
38604,0,3524.2
38605,0,3933.4
38606,0,4155
38607,0,4374.9
38608,0,4863.7
38609,0,5864.3
38610,0,6704.1
38611,0,6417.5
38612,0,5956.2
38613,0,5272.7
38614,0,3908.3
38615,0,2825.5
38616,0,1864.5
38617,0,1425.9
38618,0,1212.5
38619,0,1049.5
38620,0,980.2
38621,0,1221.2
38622,0,1841.7
38623,0,2392.5
38624,0,2239.5
38625,0,2439.6
38626,0,3016.6
38627,0,3817.3
38628,0,3951.3
38629,0,4588.6
38630,0,4693.4
38631,0,4493.9
38632,0,5179.9
38633,0,5980.2
38634,0,7252.6
38635,0,6764
38636,0,5890.7
38637,0,4951.9
38638,0,3759.2
38639,0,2871.6
38640,0,2075.7
38641,0,1638.8
38642,0,1316.4
38643,0,1040.4
38644,0,925.1
38645,0,1197.2
38646,0,1922.9
38647,0,2431.4
38648,0,2229.2
38649,0,2487.4
38650,0,2912.3
38651,0,3187.9
38652,0,3269.2
38653,0,3495.8
38654,0,3355.7
38655,0,2879.6
38656,0,3310.2
38657,0,3384.1
38658,0,3321.4
38659,0,2943.5
38660,0,2409
38661,81.3,1777.7
38662,942.1,1066.4
38663,2032.8,706
38664,3732.7,389.7
38665,4737.7,245.5
38666,5355.5,156.2
38667,5673.1,116.5
38668,5745,145.6
38669,5017.4,384.6
38670,3708,856.4
38671,3345.5,1059.4
38672,3901.4,689.6
38673,4549.5,483.9
38674,4190.9,600.4
38675,3776.2,685.5
38676,3207.6,762.8
38677,2609.4,1093.2
38678,1927.8,1525.3
38679,1409.4,1888.4
38680,1302.4,1890
38681,877.5,2117.4
38682,703.5,2373.1
38683,1184.1,2154.4
38684,2168.4,1634.1
38685,3339.8,1109
38686,4643.4,770.6
38687,5874.8,456.9
38688,6879.5,162.8
38689,7369.7,41.4
38690,7684.7,0
38691,8014.5,0
38692,8246.5,0
38693,7566.7,77.4
38694,5874.5,494.7
38695,5023,683.6
38696,4601.1,598.5
38697,3241.4,942.8
38698,3082.7,747.6
38699,2630.4,779.9
38700,2188.7,940
38701,1617.8,1682.3
38702,1201.9,1987.4
38703,1197.2,1831.3
38704,1289.8,1746.9
38705,268.6,2333
38706,0,3217.3
38707,0,3127.4
38708,0,2964.4
38709,72.5,2404.5
38710,1212.8,1358.6
38711,3068.6,731.4
38712,5027.1,314.6
38713,6345.5,80.6
38714,7415.8,0
38715,7973.7,0
38716,8540.9,0
38717,8247.1,30.5
38718,5909.2,514.3
38719,4527.7,1052.6
38720,4244.5,1078
38721,2809.7,1579.6
38722,1660.2,2166.4
38723,804.6,2683
38724,351,3108.8
38725,46.5,3495.8
38726,0,4076.7
38727,0,4496.6
38728,0,5024.7
38729,0,6317.1
38730,0,7795.6
38731,0,7475.6
38732,0,5647.2
38733,0,3950.2
38734,0,2628.3
38735,0,1411.3
38736,24.4,641.2
38737,492.9,371.1
38738,1779.9,197.9
38739,3713.6,69.4
38740,5599.5,10.5
38741,5734.9,98.5
38742,3548.7,749.4
38743,2164.3,1541.4
38744,1954.8,1630.8
38745,1401,2053.8
38746,438.2,2862.3
38747,33.5,3554
38748,0,3890.6
38749,0,4181.8
38750,0,4585.5
38751,0,5030.4
38752,0,5764
38753,0,7091.7
38754,0,7805.7
38755,0,6853.7
38756,0,5461.4
38757,0,4164.5
38758,0,2866.1
38759,0,1666.2
38760,0,810.5
38761,139.8,502
38762,1024.4,320.5
38763,2343.2,184.4
38764,3590.9,127
38765,3678.4,322.6
38766,2355.4,982.9
38767,1287.1,1699.6
38768,1370,1504.6
38769,700.8,1896.3
38770,141.9,2427.7
38771,28.1,2564.9
38772,1.1,2451.8
38773,0,2920.5
38774,0,3368.9
38775,0,3500.1
38776,0,3552.9
38777,0,3904.7
38778,0,3893.4
38779,0,3549.3
38780,0,3228.9
38781,0,2779.6
38782,85.5,2114.5
38783,673.9,1423.8
38784,1861.3,776.3
38785,2778.5,590.3
38786,3363.5,484.2
38787,3849.3,405.2
38788,4342.7,355.2
38789,4847,387.4
38790,4022,722.8
38791,2836.7,1203
38792,2158.4,1452.8
38793,1056.2,2268.2
38794,166,3516.8
38795,0,4399.5
38796,0,4471.6
38797,0,4540.6
38798,0,4520.4
38799,0,4103.1
38800,0,4024.8
38801,0,4103.3
38802,0,4662.9
38803,0,4899.1
38804,0,4226.9
38805,0,3674.3
38806,0,2827.6
38807,0,1997.8
38808,0,1311
38809,132.6,958
38810,638.1,728.5
38811,1556.3,580.2
38812,2175.7,564.9
38813,2545.5,660.7
38814,2182,1032.9
38815,1746.2,1438.5
38816,1637.7,1297.7
38817,476.6,2013.4
38818,0,3309.4
38819,0,4620.1
38820,0,5288.4
38821,0,6006.9
38822,0,6689.2
38823,0,7801.6
38824,0,9610.4
38825,0,11656.3
38826,0,14368.2
38827,0,14418.3
38828,0,12065.1
38829,0,8696.7
38830,0,4826.8
38831,0,3114.1
38832,0,2010.5
38833,0,1608.1
38834,0,1561.7
38835,0,1387.5
38836,0,1349.8
38837,0,1695.1
38838,0,2591.7
38839,0,3268.9
38840,0,3737.3
38841,0,4764.7
38842,0,6431.3
38843,0,8230.6
38844,0,10755.6
38845,0,14065.7
38846,0,16635.4
38847,0,17856.4
38848,0,17695.5
38849,0,21373.6
38850,0,23794.7
38851,0,21225.6
38852,0,16920.1
38853,0,13152.2
38854,0,9694.3
38855,0,5862
38856,0,3392.9
38857,0,2510
38858,0,1970.2
38859,0,1499.7
38860,0,1397.3
38861,0,2150.9
38862,0,3943.8
38863,0,4792.9
38864,0,5266.7
38865,0,6231.1
38866,0,9259.1
38867,0,12331.7
38868,0,14374.2
38869,0,17524.8
38870,0,20031.3
38871,0,21551.7
38872,0,26165
38873,0,29623.3
38874,0,30718.9
38875,0,28948.3
38876,0,22554.3
38877,0,16646.6
38878,0,12416.3
38879,0,9121.7
38880,0,6169.2
38881,0,4078.1
38882,0,3080.3
38883,0,2706.5
38884,0,2240.7
38885,0,2091.6
38886,0,2386.9
38887,0,3116
38888,0,3124.7
38889,0,3221.3
38890,0,3618.9
38891,0,4567.2
38892,0,6631.4
38893,0,9271.9
38894,0,10175.8
38895,0,14601.1
38896,0,17719.9
38897,0,20430.3
38898,0,21215.7
38899,0,19174.5
38900,0,16266.9
38901,0,12223.6
38902,0,9017.4
38903,0,5801.4
38904,0,3435.1
38905,0,2597.6
38906,0,2034.5
38907,0,1518.4
38908,0,1246.5
38909,0,1716.5
38910,0,3507.2
38911,0,4792.5
38912,0,5482.5
38913,0,6997.6
38914,0,10809.1
38915,0,12006.2
38916,0,11432.7
38917,0,11088.2
38918,0,10260.4
38919,0,9179.5
38920,0,8755.5
38921,0,9680.6
38922,0,10436.6
38923,0,9316.1
38924,0,8738.2
38925,0,7229
38926,0,5322.9
38927,0,3747.1
38928,0,2864.6
38929,0,2444.4
38930,0,2148.4
38931,0,1956.7
38932,0,1751.5
38933,0,2131.6
38934,0,3647.9
38935,0,4737.1
38936,0,5899
38937,0,7636.1
38938,0,10342.6
38939,0,12814.2
38940,0,15176.3
38941,0,17925.3
38942,0,20735.6
38943,0,21999.8
38944,0,23970.1
38945,0,26221.2
38946,0,26998.2
38947,0,24359.3
38948,0,21211.4
38949,0,17658.1
38950,0,13147.8
38951,0,10060.2
38952,0,7036.4
38953,0,4408.8
38954,0,3326.9
38955,0,2355.4
38956,0,2074.8
38957,0,2491.7
38958,0,3143
38959,0,3301
38960,0,2886.7
38961,0,2620.8
38962,0,2599.1
38963,0,2540
38964,0,2371.7
38965,0,2582.8
38966,0,2972.4
38967,0,3679.6
38968,0,3852.7
38969,0,3885.2
38970,0,4521.6
38971,0,4448.2
38972,0,4055.2
38973,0,3608.1
38974,0,3091.7
38975,0,2843.2
38976,0,2112.2
38977,0,1660.6
38978,0,1245.6
38979,0,1132.5
38980,0,1236.7
38981,0,1602.5
38982,0,2369.8
38983,0,3064.6
38984,0,3836.9
38985,0,4930.1
38986,0,5728.7
38987,0,6761.1
38988,0,8437.5
38989,0,10878.3
38990,0,13385.1
38991,0,15339.4
38992,0,16521.3
38993,0,15882.7
38994,0,16165.4
38995,0,15049
38996,0,12730.3
38997,0,10130.6
38998,0,7122.5
38999,0,5314.7
39000,0,4146.2
39001,0,3321.5
39002,0,2759.1
39003,0,2408.8
39004,0,2224.6
39005,0,2435.5
39006,0,3136.8
39007,0,3398
39008,0,3197
39009,0,3500.4
39010,0,4162.4
39011,0,5922.7
39012,0,7600
39013,0,7242.2
39014,0,10375.6
39015,0,11368.2
39016,0,13716.4
39017,0,15579.3
39018,0,16845.3
39019,0,14749.9
39020,0,11097.5
39021,0,7690.5
39022,0,4640.5
39023,0,3027.3
39024,0,2073.9
39025,0,1472.8
39026,0,1019.8
39027,0,753.9
39028,0,630.7
39029,0,976.9
39030,0,2549.9
39031,0,3657.9
39032,0,4267.8
39033,0,5017.4
39034,0,6298
39035,0,7684.2
39036,0,8124.3
39037,0,7428.6
39038,0,4672.9
39039,0,4188.9
39040,0,6362.3
39041,0,9974
39042,0,12216
39043,0,12035.9
39044,0,9661.7
39045,0,6518.3
39046,0,4282.6
39047,0,3276.2
39048,0,2322.7
39049,0,1676.5
39050,0,1191.1
39051,0,749.6
39052,0,558.1
39053,2,691.8
39054,0,1893.6
39055,0,2735.2
39056,0,2943.3
39057,0,2973.6
39058,0,3932.1
39059,0,4709
39060,0,5667.2
39061,0,6583.3
39062,0,8446.2
39063,0,9974.7
39064,0,11521
39065,0,13614.9
39066,0,14412.7
39067,0,13958
39068,0,12279.4
39069,0,9670.4
39070,0,6218
39071,0,3631.7
39072,0,2621.6
39073,0,2088.9
39074,0,1642
39075,0,1417.6
39076,0,957.4
39077,0,699.5
39078,0,774.1
39079,0,1197.8
39080,0,1413.3
39081,0,1569.2
39082,0,1759.5
39083,0,1596.1
39084,0,1282.6
39085,0,1848.2
39086,0,2392.2
39087,0,3378.3
39088,0,3994.4
39089,0,4190.3
39090,0,4509.7
39091,0,3919.1
39092,0,3711.8
39093,0,3146.3
39094,0,2525
39095,0,1890.2
39096,0,1428.2
39097,9.8,1126.8
39098,434.9,723.7
39099,1081.9,529.2
39100,1567.4,480
39101,1450.9,720
39102,466.1,1918.5
39103,191.9,2765.3
39104,150.8,2842.6
39105,3.2,3730
39106,0,4741
39107,0,5725.7
39108,0,6335.9
39109,0,7090.4
39110,0,8399.5
39111,0,9790.8
39112,0,11418.2
39113,0,13702.1
39114,0,16065.4
39115,0,15904.8
39116,0,13516.7
39117,0,9585.7
39118,0,6577.4
39119,0,4114.5
39120,0,2627.4
39121,0,2121.4
39122,0,1831.6
39123,0,1178.1
39124,0,857.3
39125,0,1262.7
39126,0,3085.8
39127,0,4284.6
39128,0,4856.4
39129,0,5600.7
39130,0,7045.9
39131,0,7994
39132,0,9765.5
39133,0,11434.3
39134,0,10160.8
39135,0,14115.5
39136,0,17163.1
39137,0,13588.1
39138,0,12552.2
39139,0,11921.4
39140,0,10554.3
39141,0,8459.6
39142,0,5743.9
39143,0,3654.9
39144,0,2667.6
39145,0,2009.8
39146,0,1332.7
39147,0,894.4
39148,0,845.4
39149,0,1139.7
39150,0,2024.1
39151,0,2436.4
39152,0,2219.2
39153,0,2487.1
39154,0,2973.1
39155,0,4016
39156,0,4175.1
39157,0,5131
39158,0,5785.8
39159,0,6325.7
39160,0,7360.1
39161,0,8761.4
39162,0,10732.5
39163,0,10393.5
39164,0,9091.5
39165,0,6662.6
39166,0,4239.7
39167,0,2843.9
39168,0,1637.8
39169,0,981.4
39170,0,684.7
39171,61.7,533.9
39172,525.6,458.5
39173,846.7,657.6
39174,174.2,2035.1
39175,5.1,3352.4
39176,0,4135.8
39177,0,5147.1
39178,0,6180.4
39179,0,7444.7
39180,0,8614.4
39181,0,10290.5
39182,0,12610.3
39183,0,15666.9
39184,0,18471.8
39185,0,20865.3
39186,0,23288.7
39187,0,22714.9
39188,0,19443.4
39189,0,15081
39190,0,11179.4
39191,0,7191.2
39192,0,3544.4
39193,0,2517.2
39194,0,2023.9
39195,0,1756.8
39196,0,1661.2
39197,0,2155
39198,0,3672.8
39199,0,4615.8
39200,0,5601.3
39201,0,6988.8
39202,0,8913.1
39203,0,11339.2
39204,0,13519.5
39205,0,15853.5
39206,0,18416.5
39207,0,20503.1
39208,0,22454.4
39209,0,24241.8
39210,0,26204.4
39211,0,25553.2
39212,0,22910.6
39213,0,18074.9
39214,0,14103.5
39215,0,10955
39216,0,7864.8
39217,0,5511.5
39218,0,4162.3
39219,0,3491.9
39220,0,3033.8
39221,0,3415.8
39222,0,5633.4
39223,0,6579.6
39224,0,5401.5
39225,0,6430.7
39226,0,8691.4
39227,0,9518.1
39228,0,10143.2
39229,0,10329.6
39230,0,10601.5
39231,0,13213.6
39232,0,16862.8
39233,0,19093.9
39234,0,18983.5
39235,0,18355.8
39236,0,16778.3
39237,0,13243.9
39238,0,10145
39239,0,7370.2
39240,0,5074.5
39241,0,3968.5
39242,0,3337.1
39243,0,3010.9
39244,0,2899.5
39245,0,3472.5
39246,0,6004.2
39247,0,8148.5
39248,0,7686.7
39249,0,10420.5
39250,0,14275.4
39251,0,18043.9
39252,0,21333.8
39253,0,23847.3
39254,0,26788.2
39255,0,29867.5
39256,0,32677.3
39257,0,35484.9
39258,0,37646.6
39259,0,37008.5
39260,0,33411.7
39261,0,28392.9
39262,0,24506.1
39263,0,20759.2
39264,0,17539.8
39265,0,15816.7
39266,0,14068.5
39267,0,12725.2
39268,0,11965.8
39269,0,12220.9
39270,0,15750.2
39271,0,17812.5
39272,0,17583.4
39273,0,19974.6
39274,0,23003.1
39275,0,25751.9
39276,0,28070.8
39277,0,30694.9
39278,0,32619
39279,0,33134.8
39280,0,34021.8
39281,0,34836.8
39282,0,37291.7
39283,0,36421.6
39284,0,33135.5
39285,0,27908.4
39286,0,23095.4
39287,0,18596.5
39288,0,14444.5
39289,0,11987.9
39290,0,9753.2
39291,0,8000.3
39292,0,7154.1
39293,0,7513.9
39294,0,11169.5
39295,0,13979.7
39296,0,14643.8
39297,0,16209.9
39298,0,18761
39299,0,21124.5
39300,0,22414.5
39301,0,24076.9
39302,0,25381.2
39303,0,25779.9
39304,0,27018.2
39305,0,29040.2
39306,0,30565.7
39307,0,27850.1
39308,0,23387.3
39309,0,18255.8
39310,0,12949
39311,0,8844.3
39312,0,5971.8
39313,0,4127.3
39314,0,3235
39315,0,2890.8
39316,0,2745.3
39317,0,3034.1
39318,0,4379.4
39319,0,5709.9
39320,0,7009.2
39321,0,8705.8
39322,0,12210.4
39323,0,16134.3
39324,0,19970.6
39325,0,23665
39326,0,26550.8
39327,0,28862.7
39328,0,31277.1
39329,0,33621.9
39330,0,35168.4
39331,0,33945.2
39332,0,30664.2
39333,0,25796.3
39334,0,21144.7
39335,0,16761.8
39336,0,13344.4
39337,0,11348.2
39338,0,9537.6
39339,0,8137.4
39340,0,7707
39341,0,8385.8
39342,0,10737.6
39343,0,11546.2
39344,0,11743.3
39345,0,14374.3
39346,0,18146.6
39347,0,21250.8
39348,0,23820.2
39349,0,25725.6
39350,0,27063.7
39351,0,29166.8
39352,0,30941.2
39353,0,33008.4
39354,0,34038.3
39355,0,33710.7
39356,0,30814.3
39357,0,25230.7
39358,0,19239
39359,0,15350.8
39360,0,12512
39361,0,9971.1
39362,0,8128.2
39363,0,6321.7
39364,0,5514.2
39365,0,6107.4
39366,0,8979.6
39367,0,11824.6
39368,0,12940.2
39369,0,14815.3
39370,0,17927.1
39371,0,20899.2
39372,0,22624.1
39373,0,24383.1
39374,0,26319.6
39375,0,27553.5
39376,0,28617.5
39377,0,29106
39378,0,29263.6
39379,0,27914.6
39380,0,23838
39381,0,17301.6
39382,0,12058.8
39383,0,8335
39384,0,5104.1
39385,0,3089.9
39386,0,2504.7
39387,0,2101.9
39388,0,2012.8
39389,0,2200.6
39390,0,2826.5
39391,0,3040.7
39392,0,2409.1
39393,0,2152.5
39394,0,2099.5
39395,0,2106.2
39396,0,2208.6
39397,0,2039.6
39398,0,1984.4
39399,0,1986.8
39400,0,2316.7
39401,0,3003.9
39402,0,3403.6
39403,0,3142.7
39404,0,2842.1
39405,0,2439.2
39406,110.2,1663.7
39407,919,942
39408,1916.3,559.3
39409,3016,378.8
39410,3795.2,264.3
39411,4572.3,140.9
39412,5091.7,89.1
39413,5109.1,212.3
39414,4545.3,521.7
39415,4121.4,681
39416,4457.5,483.1
39417,4147.4,507.3
39418,3070.2,809.7
39419,2115.4,1107.5
39420,1389.1,1048.8
39421,246.2,1806.6
39422,0,2371
39423,0,2649.6
39424,0,3654.4
39425,0,4788
39426,0,5399.9
39427,0,5144.6
39428,0,4464.4
39429,0,3451.2
39430,0,2382
39431,0,1382.5
39432,306.4,743.4
39433,1087.1,554.1
39434,2010.9,424.8
39435,2807.9,328.2
39436,3370.9,291.7
39437,3761.8,318.7
39438,3315.4,630.1
39439,2982.2,807.4
39440,3450.4,590.7
39441,3707.5,466.2
39442,3123,647.1
39443,2772.5,885.4
39444,2480.3,912.8
39445,1859.7,1185.5
39446,1487.1,1325.3
39447,1577.4,1376
39448,959.6,1889.1
39449,163.2,2319.2
39450,0,3015.8
39451,0,3063.1
39452,0,2793.7
39453,77,2429.3
39454,450.8,1833.7
39455,1256.5,1083.3
39456,2078.6,737.9
39457,2385.7,633.9
39458,2905.9,517.7
39459,3132.3,468.7
39460,3149.4,489.6
39461,2765.2,664.6
39462,1918,1061.6
39463,1301.1,1500
39464,1428.1,1233.9
39465,1150,1296.8
39466,290.8,1793.6
39467,0,2199.7
39468,0,2761.8
39469,0,3463.7
39470,0,4177.8
39471,0,5178.1
39472,0,5575.2
39473,0,8062.3
39474,0,9265.6
39475,0,9023
39476,0,9137.1
39477,0,6511.2
39478,0,4477.5
39479,0,3502
39480,0,2733.9
39481,0,2280.7
39482,0,1965
39483,0,1683.9
39484,0,1493.9
39485,0,1943.1
39486,0,3525.8
39487,0,4622.4
39488,0,5829
39489,0,7067.6
39490,0,9455.9
39491,0,12924.5
39492,0,15714.2
39493,0,17992.8
39494,0,16840.1
39495,0,17774.1
39496,0,21648.8
39497,0,25111.5
39498,0,27050.9
39499,0,26048.9
39500,0,23082.9
39501,0,19988.4
39502,0,16332.1
39503,0,12289.6
39504,0,8417.5
39505,0,6616
39506,0,5381.5
39507,0,4055.7
39508,0,3313.1
39509,0,3723
39510,0,7081.8
39511,0,10033.5
39512,0,11088.9
39513,0,13491.2
39514,0,16860.2
39515,0,19470.1
39516,0,21423.7
39517,0,23253.7
39518,0,25323.6
39519,0,26798.4
39520,0,29212.2
39521,0,31664.5
39522,0,33791.3
39523,0,33457.6
39524,0,29312.2
39525,0,22534.2
39526,0,17451.9
39527,0,12972.4
39528,0,8733.9
39529,0,6627.2
39530,0,5152.9
39531,0,4499.7
39532,0,4767.7
39533,0,4821.2
39534,0,6902
39535,0,9229.4
39536,0,8659.7
39537,0,8836
39538,0,10378.6
39539,0,11878.7
39540,0,12478.1
39541,0,13470
39542,0,13202.2
39543,0,16274.5
39544,0,17047.9
39545,0,18369.1
39546,0,20955.2
39547,0,21438.4
39548,0,18897.2
39549,0,13903.3
39550,0,9481.8
39551,0,5987.1
39552,0,3718.8
39553,0,2866.6
39554,0,2366.2
39555,0,1887.8
39556,0,1524.4
39557,0,1586.5
39558,0,2882.8
39559,0,3986.2
39560,0,4317.8
39561,0,5267.9
39562,0,6846.4
39563,0,8875.4
39564,0,10323.5
39565,0,12957.1
39566,0,15397.2
39567,0,18244.2
39568,0,21033.4
39569,0,24166.4
39570,0,26520.6
39571,0,25307.7
39572,0,21513.5
39573,0,16301.5
39574,0,10267.9
39575,0,6228.9
39576,0,3964.6
39577,0,2969.6
39578,0,2556
39579,0,2227.9
39580,0,2125.1
39581,0,2488.6
39582,0,3760.4
39583,0,4542.7
39584,0,4820.7
39585,0,5874.9
39586,0,7744.8
39587,0,10623.9
39588,0,13512.3
39589,0,14760.9
39590,0,16008.2
39591,0,17924.5
39592,0,20051.3
39593,0,23212.8
39594,0,25600.8
39595,0,23877.3
39596,0,21548.4
39597,0,16104.4
39598,0,11289.2
39599,0,7601.6
39600,0,4525.7
39601,0,2912.2
39602,0,2219.7
39603,0,1624.2
39604,0,1398.6
39605,0,1860.3
39606,0,3574
39607,0,5227
39608,0,6735.3
39609,0,8949.6
39610,0,11601
39611,0,15178.8
39612,0,18499
39613,0,20869.6
39614,0,23016.3
39615,0,25719.2
39616,0,29809.1
39617,0,32086.8
39618,0,33651.2
39619,0,31794.9
39620,0,27060.1
39621,0,21655.1
39622,0,16275.4
39623,0,11266.9
39624,0,7289.8
39625,0,4935.4
39626,0,3354.7
39627,0,2695.7
39628,0,2449.2
39629,0,2749.4
39630,0,4450.4
39631,0,6914.2
39632,0,8910.2
39633,0,11489.8
39634,0,14776.8
39635,0,16672.2
39636,0,18724.6
39637,0,19959.5
39638,0,19129.2
39639,0,16552.5
39640,0,16613.4
39641,0,17210.7
39642,0,17350.7
39643,0,15816.6
39644,0,13218.8
39645,0,11083.6
39646,0,8256.1
39647,0,5982.9
39648,0,3788.3
39649,0,2867.5
39650,0,2524.7
39651,0,2299.7
39652,0,2291.4
39653,0,2583.4
39654,0,3200.1
39655,0,3438.4
39656,0,3544.5
39657,0,3572
39658,0,3713.4
39659,0,3839
39660,0,3851
39661,0,3973.6
39662,0,3924.8
39663,0,4096.6
39664,0,4745.1
39665,0,5755
39666,0,7773.2
39667,0,7714.8
39668,0,6654.6
39669,0,5263.9
39670,0,3707.6
39671,0,2877.2
39672,0,2180.4
39673,0,1825.5
39674,0,1604.3
39675,0,1513.1
39676,0,1418.5
39677,0,1793.6
39678,0,3146.3
39679,0,3761.1
39680,0,4580.8
39681,0,5339
39682,0,7252.6
39683,0,8220.7
39684,0,9656.9
39685,0,11989.5
39686,0,14999.5
39687,0,16716.4
39688,0,19488.8
39689,0,22198.6
39690,0,24310.3
39691,0,23983.1
39692,0,20486.5
39693,0,14852.2
39694,0,10149.2
39695,0,5628.8
39696,0,2845.9
39697,0,2033
39698,0,1702.8
39699,0,1576.7
39700,0,1397.2
39701,0,1719.7
39702,0,3259.1
39703,0,4589.9
39704,0,5931.1
39705,0,7563
39706,0,10576.7
39707,0,14015
39708,0,16809.5
39709,0,19334.9
39710,0,21743.1
39711,0,24375.6
39712,0,27463.9
39713,0,29572.6
39714,0,31659.1
39715,0,30694.8
39716,0,26808.2
39717,0,21394.6
39718,0,16369.8
39719,0,11816.8
39720,0,8065.9
39721,0,5985.4
39722,0,4347
39723,0,3313.5
39724,0,3014.3
39725,0,3263.2
39726,0,5388.6
39727,0,8198.6
39728,0,9071.1
39729,0,11627.9
39730,0,15202.9
39731,0,19109.5
39732,0,22494
39733,0,25256.8
39734,0,27895.1
39735,0,30135.3
39736,0,32735.4
39737,0,35340.4
39738,0,36608.3
39739,0,35523
39740,0,31990.3
39741,0,27477.6
39742,0,23225.6
39743,0,19057.3
39744,0,15588.7
39745,0,13291.9
39746,0,11324.8
39747,0,9935.8
39748,0,9294.5
39749,0,9857.3
39750,0,12455.8
39751,0,14500.8
39752,0,14403.1
39753,0,16224.9
39754,0,20471.3
39755,0,24317.7
39756,0,26361.3
39757,0,29237.4
39758,0,32529.5
39759,0,35193.2
39760,0,37456.5
39761,0,39592.7
39762,0,41013.2
39763,0,38975.9
39764,0,35598.1
39765,0,31594.4
39766,0,27918.7
39767,0,24168.7
39768,0,17857.5
39769,0,13610.3
39770,0,11038.5
39771,0,9179.8
39772,0,7968.1
39773,0,7791.1
39774,0,12136.9
39775,0,16501.2
39776,0,18753.7
39777,0,22166.7
39778,0,26812.1
39779,0,30826.6
39780,0,33677.8
39781,0,36655
39782,0,39475.1
39783,0,41086
39784,0,41358.2
39785,0,41862.1
39786,0,41503.5
39787,0,38674.8
39788,0,34372.7
39789,0,29436.2
39790,0,24709.1
39791,0,20169.2
39792,0,15869.1
39793,0,13227.9
39794,0,11703.9
39795,0,10488.2
39796,0,9442.1
39797,0,9659.8
39798,0,12082.5
39799,0,14179.7
39800,0,13989.9
39801,0,11602.8
39802,0,13456.3
39803,0,19251.8
39804,0,22942.5
39805,0,25631
39806,0,28293.9
39807,0,31367.9
39808,0,34258.6
39809,0,35507.1
39810,0,32538.7
39811,0,26876.4
39812,0,23388.3
39813,0,21016.3
39814,0,17661.9
39815,0,14198.2
39816,0,10961.9
39817,0,8976.2
39818,0,7845.8
39819,0,7028.4
39820,0,5992.7
39821,0,5723.8
39822,0,7386.3
39823,0,11054.1
39824,0,12785.9
39825,0,15276.9
39826,0,17891.5
39827,0,21119.4
39828,0,23770.4
39829,0,25664.5
39830,0,28251
39831,0,30715.5
39832,0,32862.3
39833,0,34843.1
39834,0,36304
39835,0,35070.6
39836,0,30327.1
39837,0,23997.2
39838,0,18851.8
39839,0,13631.2
39840,0,8681.5
39841,0,6588
39842,0,4484.1
39843,0,3693.1
39844,0,3774.5
39845,0,3951.8
39846,0,4696.3
39847,0,6509.5
39848,0,7597.5
39849,0,5248
39850,0,6157.2
39851,0,8040
39852,0,10164.5
39853,0,9419.4
39854,0,12145.9
39855,0,15337.6
39856,0,18274
39857,0,20681.5
39858,0,22322.3
39859,0,22588.1
39860,0,20158
39861,0,16265.8
39862,0,12062.8
39863,0,8310.2
39864,0,5066.9
39865,0,3468.8
39866,0,2803.1
39867,0,2287.4
39868,0,1902.4
39869,0,2124.6
39870,0,3666.2
39871,0,5268.3
39872,0,6628
39873,0,9182.2
39874,0,12589.6
39875,0,14937.5
39876,0,16889.7
39877,0,19008.2
39878,0,21362.5
39879,0,23664.2
39880,0,25843.2
39881,0,27283.5
39882,0,28324.2
39883,0,25101.4
39884,0,21158.6
39885,0,17879.4
39886,0,14490.7
39887,0,10829.6
39888,0,7465.2
39889,0,5462.2
39890,0,3967.5
39891,0,3103.8
39892,0,2947.5
39893,0,3184.1
39894,0,4376
39895,0,5256.6
39896,0,6115.6
39897,0,8496.4
39898,0,12118
39899,0,16397.4
39900,0,18096.7
39901,0,21165.9
39902,0,23132.7
39903,0,24222.4
39904,0,25741.1
39905,0,28340.9
39906,0,29213.4
39907,0,27279.1
39908,0,22862
39909,0,18098.7
39910,0,13575.7
39911,0,10018.5
39912,0,6726.5
39913,0,4562
39914,0,3302.4
39915,0,2672.2
39916,0,2324
39917,0,2471.5
39918,0,3807.3
39919,0,5062.9
39920,0,5667.7
39921,0,7036.2
39922,0,10160.7
39923,0,12938.7
39924,0,14978.5
39925,0,17554.8
39926,0,19868.1
39927,0,21704.1
39928,0,24723.7
39929,0,27190.3
39930,0,28417.5
39931,0,26707.1
39932,0,22014.7
39933,0,15216.6
39934,0,9983.4
39935,0,7455.3
39936,0,4711.9
39937,0,3179.3
39938,0,2804.8
39939,0,2530.9
39940,0,2259.1
39941,0,2368
39942,0,3774.8
39943,0,4789.2
39944,0,4638.1
39945,0,4747.3
39946,0,4689.3
39947,0,5452.4
39948,0,8510.5
39949,0,10155.5
39950,0,11668.4
39951,0,13744.5
39952,0,15037.5
39953,0,15634.4
39954,0,17778.7
39955,0,16845.4
39956,0,12920.5
39957,0,8963.4
39958,0,5665.2
39959,0,3331.3
39960,0,2223.4
39961,0,1806.6
39962,0,1583.1
39963,0,1269.3
39964,0,952.7
39965,0,943.9
39966,0,2049.1
39967,0,2728
39968,0,3010.3
39969,0,3031
39970,0,3529.7
39971,0,4548.9
39972,0,5992.8
39973,0,6739.3
39974,0,7188.7
39975,0,7548.4
39976,0,10119
39977,0,13110.4
39978,0,14836.3
39979,0,13133.4
39980,0,9301.3
39981,0,5757.7
39982,0,3892.2
39983,0,2907.9
39984,0,1551.8
39985,0,847.1
39986,0,568.7
39987,143,418
39988,970.8,316.5
39989,1940.3,369.2
39990,820.8,1286.3
39991,88.2,2790.6
39992,0,3995.8
39993,0,5036.2
39994,0,6327.8
39995,0,7766
39996,0,9586.1
39997,0,11329.1
39998,0,13439.3
39999,0,16491.6
40000,0,19207.6
40001,0,21476.8
40002,0,23507.5
40003,0,22834.3
40004,0,18179.5
40005,0,12217.4
40006,0,8597.7
40007,0,5545.8
40008,0,3270.5
40009,0,2424.8
40010,0,2020.8
40011,0,1775.3
40012,0,1738.1
40013,0,2024
40014,0,2709.2
40015,0,3397
40016,0,4388.6
40017,0,4235.7
40018,0,4809.4
40019,0,7515.7
40020,0,10426.8
40021,0,13029
40022,0,15199.8
40023,0,17275.8
40024,0,16785.2
40025,0,17432
40026,0,17070.3
40027,0,15300.1
40028,0,12846
40029,0,10396.5
40030,0,7404.9
40031,0,4928.3
40032,0,3279.7
40033,0,2334.3
40034,0,1919.7
40035,0,1555.5
40036,0,1373.3
40037,0,1551.9
40038,0,2049.8
40039,0,2176.2
40040,0,2044.8
40041,0,1974
40042,0,2014.1
40043,0,2525.4
40044,0,2803.4
40045,0,3266.9
40046,0,4404.1
40047,0,4854.4
40048,0,5468.1
40049,0,4936.6
40050,0,5153.7
40051,0,4812.5
40052,0,4358.6
40053,0,3843
40054,0,2996.1
40055,0,2011.3
40056,0,1187.6
40057,0,826.5
40058,0,685.6
40059,50.5,572.9
40060,512.3,500.2
40061,743.8,630.5
40062,562.3,989.9
40063,340.9,1471.1
40064,357,1402.6
40065,115.2,1728.6
40066,0,2420.2
40067,0,2766.8
40068,0,3425.5
40069,0,4743.5
40070,0,5693.8
40071,0,6902.7
40072,0,8337.3
40073,0,11110.6
40074,0,13294.2
40075,0,13385.7
40076,0,9625.5
40077,0,5641.2
40078,0,3557.8
40079,0,2350.3
40080,0,1405.3
40081,0,893.1
40082,41.1,561.2
40083,431.8,386.1
40084,1320.3,309.4
40085,2187.6,398.3
40086,985.3,1138
40087,49.4,2565.9
40088,0,3029
40089,0,3932.1
40090,0,4973.6
40091,0,6307
40092,0,7885.9
40093,0,10095.4
40094,0,13038.7
40095,0,16283.6
40096,0,18827.1
40097,0,20975.2
40098,0,21208
40099,0,19936.7
40100,0,17194.2
40101,0,14412.7
40102,0,11596.4
40103,0,9193.1
40104,0,7070.2
40105,0,5685.6
40106,0,4306
40107,0,3493.5
40108,0,3356.2
40109,0,3357.7
40110,0,4321.9
40111,0,6024
40112,0,7381.7
40113,0,9594.4
40114,0,12958.4
40115,0,16167.6
40116,0,18740.7
40117,0,21339
40118,0,23870.4
40119,0,25580.2
40120,0,27524.3
40121,0,29123.6
40122,0,29900.8
40123,0,27973.3
40124,0,22585.1
40125,0,17213.1
40126,0,12928.5
40127,0,9480.9
40128,0,6726.1
40129,0,5378.5
40130,0,4014.1
40131,0,3407.6
40132,0,3430.1
40133,0,3820.1
40134,0,4940.6
40135,0,5582
40136,0,5999.4
40137,0,7669.9
40138,0,7316.3
40139,0,7379.8
40140,0,8861
40141,0,12810.1
40142,0,15093.9
40143,0,17204.7
40144,0,19652.6
40145,0,21556.8
40146,0,22610.4
40147,0,21062.4
40148,0,16592.2
40149,0,12161.5
40150,0,8146.4
40151,0,5331.7
40152,0,3291.8
40153,0,2471.7
40154,0,1983.9
40155,0,1668.3
40156,0,1451.9
40157,0,1599.6
40158,0,2646.5
40159,0,3762.9
40160,0,4654.3
40161,0,5564
40162,0,7265.2
40163,0,9040.1
40164,0,11063.7
40165,0,13566.3
40166,0,16259.7
40167,0,18630.1
40168,0,21003.5
40169,0,22803.3
40170,0,24062.4
40171,0,22678.2
40172,0,18116.8
40173,0,13217
40174,0,8890.5
40175,0,5596
40176,0,3513.9
40177,0,2913.4
40178,0,2596.6
40179,0,2294.7
40180,0,2091.1
40181,0,2361.4
40182,0,3170.7
40183,0,3450.3
40184,0,3736.7
40185,0,3924.1
40186,0,3988.7
40187,0,3960.4
40188,0,4030.4
40189,0,4084.6
40190,0,4183.8
40191,0,4469.1
40192,0,5004.6
40193,0,5099.6
40194,0,5582.3
40195,0,5579
40196,0,5375.8
40197,0,4890.6
40198,0,3956.5
40199,0,3232.6
40200,0,2578.9
40201,0,2280.8
40202,0,2142.8
40203,0,2108.3
40204,0,2145.4
40205,0,2495.9
40206,0,3129
40207,0,3530.1
40208,0,3909.2
40209,0,4750.7
40210,0,7029.7
40211,0,9223.8
40212,0,12891
40213,0,16134.4
40214,0,19084
40215,0,21976.1
40216,0,24879.5
40217,0,26986
40218,0,28317.5
40219,0,26148.3
40220,0,21338.8
40221,0,16233.9
40222,0,11014.3
40223,0,7846.3
40224,0,5215.2
40225,0,3891.4
40226,0,3247.5
40227,0,2709
40228,0,2261.3
40229,0,2144.6
40230,0,2763.9
40231,0,4190.9
40232,0,4780.9
40233,0,6135.4
40234,0,8662.1
40235,0,11113.5
40236,0,12921.8
40237,0,15102.9
40238,0,17149
40239,0,18831.7
40240,0,20855.3
40241,0,23020.1
40242,0,24092.7
40243,0,21977.4
40244,0,17410.4
40245,0,13155.4
40246,0,9023.1
40247,0,5856.1
40248,0,3484
40249,0,2785.8
40250,0,2316.1
40251,0,1915
40252,0,1691.1
40253,0,1788.6
40254,0,2298
40255,0,3129.3
40256,0,3435.3
40257,0,3916.4
40258,0,4929.9
40259,0,6103.7
40260,0,7632.8
40261,0,9717.2
40262,0,10863.2
40263,0,12976.2
40264,0,15252.8
40265,0,17161.8
40266,0,17867.1
40267,0,15892.6
40268,0,12184.7
40269,0,9509.6
40270,0,6652.1
40271,0,4363.1
40272,0,3086.4
40273,0,2597.2
40274,0,2267.5
40275,0,2069.5
40276,0,1998.7
40277,0,2168.5
40278,0,2787.2
40279,0,3347.9
40280,0,2876.8
40281,0,2501.8
40282,0,2682.8
40283,0,3064.5
40284,0,4093
40285,0,6514.8
40286,0,8721.2
40287,0,10502.5
40288,0,13117.1
40289,0,15177.5
40290,0,16068
40291,0,14533.8
40292,0,11737.9
40293,0,9331.2
40294,0,6385.8
40295,0,4023.9
40296,0,2884.4
40297,0,2436.4
40298,0,2106
40299,0,1796
40300,0,1673.5
40301,0,1958.3
40302,0,2609.3
40303,0,3682.8
40304,0,4962.3
40305,0,6305.6
40306,0,9234.7
40307,0,12925.6
40308,0,16489.9
40309,0,19296.7
40310,0,22400.2
40311,0,24910.6
40312,0,26607.9
40313,0,28277.5
40314,0,28328.4
40315,0,24804.8
40316,0,22526.4
40317,0,19993.2
40318,0,15863.9
40319,0,12048.2
40320,0,8999.5
40321,0,6857.3
40322,0,5622
40323,0,4834.7
40324,0,4108.3
40325,0,4167.6
40326,0,5379.6
40327,0,7633.1
40328,0,8589.7
40329,0,10160.5
40330,0,12127.5
40331,0,16323.2
40332,0,17233.4
40333,0,21569.6
40334,0,25030.8
40335,0,26964.1
40336,0,28235.8
40337,0,29368.6
40338,0,28838.4
40339,0,26656.1
40340,0,24349.8
40341,0,21341.4
40342,0,17399.3
40343,0,13775
40344,0,10920.8
40345,0,9097.1
40346,0,7454.3
40347,0,6546.5
40348,0,5946.5
40349,0,5740.8
40350,0,6413.1
40351,0,6564.3
40352,0,6279.9
40353,0,6342.4
40354,0,8094.2
40355,0,13641.8
40356,0,16622.3
40357,0,19522.2
40358,0,22023.1
40359,0,23501.8
40360,0,24922.4
40361,0,26466.8
40362,0,26733.4
40363,0,23560.9
40364,0,19670
40365,0,16224.6
40366,0,12297.8
40367,0,8229.5
40368,0,4880.5
40369,0,3270.3
40370,0,2775.3
40371,0,2505.9
40372,0,2497.2
40373,0,2690.9
40374,0,3325.3
40375,0,4662.8
40376,0,6259.1
40377,0,8758.8
40378,0,12992
40379,0,17054.8
40380,0,20252.5
40381,0,23281.6
40382,0,26953.1
40383,0,28948.5
40384,0,27000.2
40385,0,28062.5
40386,0,28729.6
40387,0,27669.5
40388,0,23471.3
40389,0,19918.7
40390,0,16165.7
40391,0,12644.5
40392,0,10273.5
40393,0,7256.5
40394,0,5349
40395,0,4049.7
40396,0,3456.7
40397,0,3529.2
40398,0,4119.2
40399,0,4255.8
40400,0,3691
40401,0,4374.1
40402,0,5446.6
40403,0,8487.2
40404,0,10468.8
40405,0,11263.1
40406,0,14093.8
40407,0,15469.3
40408,0,17122.8
40409,0,20404.1
40410,0,20572.7
40411,0,18325.3
40412,0,15064.4
40413,0,11900.3
40414,0,8881.7
40415,0,5773.2
40416,0,3302.5
40417,0,2613.9
40418,0,2320.6
40419,0,2098
40420,0,1961.3
40421,0,2014.1
40422,0,2463
40423,0,3509.2
40424,0,3930.4
40425,0,5389.8
40426,0,7462.5
40427,0,10001.1
40428,0,11146.6
40429,0,14628.5
40430,0,18248
40431,0,20756.7
40432,0,22485.4
40433,0,24166.2
40434,0,24191.2
40435,0,21408.7
40436,0,17911.2
40437,0,14257
40438,0,9698.5
40439,0,5345.1
40440,0,3123.9
40441,0,2653.1
40442,0,2179
40443,0,1859
40444,0,1818.8
40445,0,2025.7
40446,0,2603.1
40447,0,3316
40448,0,3473.2
40449,0,4624.3
40450,0,4402.9
40451,0,4952.6
40452,0,7993.9
40453,0,12323
40454,0,14770.6
40455,0,16371.7
40456,0,16825.5
40457,0,16778.3
40458,0,17594.6
40459,0,16481.2
40460,0,15151.9
40461,0,13785.1
40462,0,11008.7
40463,0,8572.6
40464,0,6310.3
40465,0,4622.5
40466,0,3860.1
40467,0,3559.9
40468,0,3415.6
40469,0,3715
40470,0,4399.1
40471,0,4048.8
40472,0,3446.3
40473,0,3226.4
40474,0,3233.6
40475,0,3767.1
40476,0,4020.9
40477,0,5635.6
40478,0,7004.4
40479,0,8155.9
40480,0,11896.7
40481,0,12490.4
40482,0,13432.1
40483,0,10785
40484,0,7736.6
40485,0,5938.7
40486,0,3974.9
40487,0,2900.4
40488,0,2088.3
40489,0,1504.8
40490,0,1107.9
40491,0,835.8
40492,0,767.5
40493,0,890.1
40494,0,1498.7
40495,0,2735.8
40496,0,3849.3
40497,0,5124.7
40498,0,6956.5
40499,0,9415
40500,0,9900.6
40501,0,13293
40502,0,16500.7
40503,0,18659.8
40504,0,20118.8
40505,0,18717.8
40506,0,18811.3
40507,0,17278.7
40508,0,14776.5
40509,0,12174.5
40510,0,9350
40511,0,7115.2
40512,0,4599.6
40513,0,3301.2
40514,0,2688.2
40515,0,2349
40516,0,2123.6
40517,0,2266.7
40518,0,2806.2
40519,0,3510
40520,0,4182.4
40521,0,3836.6
40522,0,4120.6
40523,0,4203.8
40524,0,4936.8
40525,0,7401.8
40526,0,7946.1
40527,0,7037.5
40528,0,7827.1
40529,0,10056.1
40530,0,9787.3
40531,0,8431
40532,0,6687.5
40533,0,5079.4
40534,0,3559.8
40535,0,2512.4
40536,0,1623.4
40537,0,1051.4
40538,0,749.3
40539,0,629.3
40540,2.3,554.6
40541,40.7,678.3
40542,31.1,1028.6
40543,4,1509.9
40544,50.3,1633.7
40545,4,2584.5
40546,0,4299.3
40547,0,5701.5
40548,0,6540.5
40549,0,8089.4
40550,0,10189.1
40551,0,11704.5
40552,0,13610.5
40553,0,13718.9
40554,0,13028.7
40555,0,10973.3
40556,0,8581.3
40557,0,6837.1
40558,0,4740.3
40559,0,3173.7
40560,0,2175.3
40561,0,1532.9
40562,0,1065.3
40563,0,755.3
40564,33,574.7
40565,266.3,625.9
40566,306.2,951.2
40567,96,1926.6
40568,77,2352
40569,4.8,3313.6
40570,0,4696.6
40571,0,5874
40572,0,7364.9
40573,0,9576.1
40574,0,11950.5
40575,0,14217.4
40576,0,16607.8
40577,0,19186.8
40578,0,20409.8
40579,0,18113.4
40580,0,13990.3
40581,0,10519.1
40582,0,7409.2
40583,0,5078.5
40584,0,3336.7
40585,0,2584
40586,0,2012.1
40587,0,1613.5
40588,0,1462.5
40589,0,1567.5
40590,0,2227
40591,0,3248.7
40592,0,3634.4
40593,0,4690.6
40594,0,6657.7
40595,0,9677.1
40596,0,12289.2
40597,0,14949
40598,0,16863.8
40599,0,16992.5
40600,0,17754.7
40601,0,20428.3
40602,0,19058.3
40603,0,16494.2
40604,0,14835.3
40605,0,13035.2
40606,0,9901.9
40607,0,6844.2
40608,0,4529.3
40609,0,3452.6
40610,0,2953.1
40611,0,2702.8
40612,0,2286.4
40613,0,2361.8
40614,0,3140.5
40615,0,3466.7
40616,0,3416.1
40617,0,3582.8
40618,0,3748.1
40619,0,3784.9
40620,0,3711.5
40621,0,3931.5
40622,0,4185.4
40623,0,4635.6
40624,0,5160.7
40625,0,5516.2
40626,0,6621.5
40627,0,6185.7
40628,0,5798.4
40629,0,5032.8
40630,0,3699.7
40631,0,2855
40632,0,2208.7
40633,0,1967.6
40634,0,1805.9
40635,0,1572.3
40636,0,1471.8
40637,0,1720.6
40638,0,2277.2
40639,0,2532.7
40640,0,2489.9
40641,0,2771.7
40642,0,3138.6
40643,0,3260.1
40644,0,3389
40645,0,3618.5
40646,0,3676.3
40647,0,3842.2
40648,0,4469.8
40649,0,4620.3
40650,0,5005.2
40651,0,4590.1
40652,0,4185.1
40653,0,3818.8
40654,0,3088.4
40655,0,2317.2
40656,0,1648.7
40657,0,1342
40658,0,1127.9
40659,0,967.3
40660,0,879.5
40661,0,1084.5
40662,0,1573.4
40663,0,1948
40664,0,1994.7
40665,0,2469.2
40666,0,2832.5
40667,0,3498.4
40668,0,4326.8
40669,0,4761.1
40670,0,5178.7
40671,0,5909.3
40672,0,9175.7
40673,0,12275.6
40674,0,13789.8
40675,0,12228
40676,0,9871.5
40677,0,8278.3
40678,0,6581.9
40679,0,4527.3
40680,0,3026.6
40681,0,2659
40682,0,2435.7
40683,0,2360.6
40684,0,2330.2
40685,0,2464.8
40686,0,3071.3
40687,0,3888.3
40688,0,5376.4
40689,0,7821.7
40690,0,11749.3
40691,0,15533.4
40692,0,18450.4
40693,0,21680.4
40694,0,24268.1
40695,0,26665.5
40696,0,29120.4
40697,0,30315.7
40698,0,30237.4
40699,0,26849
40700,0,21756.8
40701,0,17340
40702,0,12020.2
40703,0,8552
40704,0,5622.4
40705,0,3750.3
40706,0,2991
40707,0,2443.9
40708,0,2184.2
40709,0,2196.7
40710,0,2913.1
40711,0,4102.1
40712,0,5859.4
40713,0,8669.6
40714,0,12944.7
40715,0,16514.1
40716,0,19846.3
40717,0,23437.1
40718,0,26904
40719,0,29581.8
40720,0,31903.7
40721,0,33585.7
40722,0,33343.6
40723,0,29447.1
40724,0,24314.8
40725,0,20402.2
40726,0,15698.9
40727,0,11370
40728,0,7979.5
40729,0,5423.8
40730,0,4273
40731,0,3634.3
40732,0,3183.1
40733,0,3225.4
40734,0,3840.7
40735,0,5127.5
40736,0,7186.8
40737,0,10487.3
40738,0,12575.2
40739,0,13648.3
40740,0,15879.5
40741,0,18031.2
40742,0,20206.2
40743,0,22197.5
40744,0,22698.4
40745,0,23527.4
40746,0,22754.7
40747,0,19142
40748,0,15468.7
40749,0,12436.2
40750,0,9334.1
40751,0,6525
40752,0,4341.5
40753,0,3332
40754,0,2744.3
40755,0,2216
40756,0,1887.1
40757,0,1915
40758,0,2537.2
40759,0,3237.6
40760,0,2892.9
40761,0,3295.3
40762,0,3834.3
40763,0,4473.8
40764,0,4696.1
40765,0,6541.3
40766,0,8592.4
40767,0,9637.5
40768,0,10430.8
40769,0,11724.2
40770,0,10844
40771,0,8831.2
40772,0,6807.2
40773,0,5154.3
40774,0,3673.7
40775,0,2712.4
40776,0,1890.4
40777,0,1482.2
40778,0,1237.3
40779,0,1027.4
40780,0,883
40781,0,1002.1
40782,0,1554.2
40783,0,1984.1
40784,0,1881.7
40785,0,2216
40786,0,2815.5
40787,0,3309.5
40788,0,4496
40789,0,6681.6
40790,0,8546.5
40791,0,11423.4
40792,0,14185.9
40793,0,16219.7
40794,0,16370.7
40795,0,13858.4
40796,0,11466.8
40797,0,9471.2
40798,0,6645.5
40799,0,4793
40800,0,3375.7
40801,0,2784.3
40802,0,2471.9
40803,0,2374.1
40804,0,2424.4
40805,0,2655.5
40806,0,3137.8
40807,0,3541.2
40808,0,3983.4
40809,0,4256.3
40810,0,7014.1
40811,0,10631.2
40812,0,10574.1
40813,0,10085.9
40814,0,10172.8
40815,0,11068.6
40816,0,11498.8
40817,0,13126.7
40818,0,15565
40819,0,12438
40820,0,9957.9
40821,0,8948.1
40822,0,6999.7
40823,0,4978.2
40824,0,3228.7
40825,0,2656.9
40826,0,2397.7
40827,0,2140.4
40828,0,2030.1
40829,0,2180.6
40830,0,2745.5
40831,0,3302.7
40832,0,4212.8
40833,0,5195
40834,0,7658
40835,0,12285.3
40836,0,16297.8
40837,0,19253.9
40838,0,21334.9
40839,0,22656.1
40840,0,22900
40841,0,22714.6
40842,0,20557
40843,0,17655.2
40844,0,14577.9
40845,0,11838
40846,0,8492.4
40847,0,5602.5
40848,0,3603.7
40849,0,2800.3
40850,0,2452.6
40851,0,2352.4
40852,0,2279.3
40853,0,2294.7
40854,0,2671.1
40855,0,3356.4
40856,0,4597.4
40857,0,6275.7
40858,0,9786.5
40859,0,13846
40860,0,17043
40861,0,19815.3
40862,0,22467.6
40863,0,24504.2
40864,0,25844.9
40865,0,26354
40866,0,25734.8
40867,0,23064
40868,0,20528.2
40869,0,18083.4
40870,0,14583
40871,0,11143.6
40872,0,8234
40873,0,6594
40874,0,5321.7
40875,0,4175.3
40876,0,3537.1
40877,0,3544.6
40878,0,4082.4
40879,0,4435.6
40880,0,4964.6
40881,0,5632.3
40882,0,6362.5
40883,0,7185
40884,0,8638.8
40885,0,9771.4
40886,0,10290.4
40887,0,11384.7
40888,0,15445.1
40889,0,16204.6
40890,0,18063.5
40891,0,15955.5
40892,0,13294.4
40893,0,11358.2
40894,0,8634
40895,0,6036
40896,0,3687.7
40897,0,2719.7
40898,0,2286.3
40899,0,1894.2
40900,0,1680.8
40901,0,1878
40902,0,2524.9
40903,0,3020
40904,0,2672.4
40905,0,2922.1
40906,0,3335.7
40907,0,4193.8
40908,0,6959.1
40909,0,10334.7
40910,0,13355.9
40911,0,15478.4
40912,0,16269.6
40913,0,13430.2
40914,0,12446.8
40915,0,11403.3
40916,0,9352.1
40917,0,6926.1
40918,0,4307.4
40919,0,2910.1
40920,0,2042.2
40921,0,1516.9
40922,0,1152.4
40923,0,933.7
40924,0,866.6
40925,0,1134.2
40926,0,1672.7
40927,0,1984.7
40928,0,1851.1
40929,0,2529.6
40930,0,2788.8
40931,0,3421.2
40932,0,4514.4
40933,0,5823.7
40934,0,8155.7
40935,0,9058.4
40936,0,11914.9
40937,0,14332.4
40938,0,14707.1
40939,0,12628.8
40940,0,11079.1
40941,0,9553.9
40942,0,7202.7
40943,0,5213.6
40944,0,3702.7
40945,0,2926.8
40946,0,2528.2
40947,0,2129.4
40948,0,1874.1
40949,0,2104.8
40950,0,2549.7
40951,0,3145.6
40952,0,3079.5
40953,0,3556
40954,0,3966.5
40955,0,4759.5
40956,0,7125
40957,0,9268.3
40958,0,10633.9
40959,0,11982.2
40960,0,13460.8
40961,0,14844
40962,0,13727.4
40963,0,10149.3
40964,0,7348.2
40965,0,4904.9
40966,0,3002
40967,0,1783.1
40968,0,1071
40969,0,744.7
40970,215.3,471.4
40971,1008.1,309
40972,2181.4,229
40973,3479.1,227.9
40974,3915.6,426.2
40975,2971,794.2
40976,1987.8,1368.1
40977,1074.2,2362.6
40978,661.1,2956.2
40979,250.6,3775.9
40980,27.4,4414.3
40981,0,5785.6
40982,0,6765.7
40983,0,7103.5
40984,0,8322
40985,0,8900.9
40986,0,8660.8
40987,0,6478.9
40988,0,4428.1
40989,0,3172.1
40990,24.6,1986.4
40991,591.3,1031
40992,2248.6,410.3
40993,4276.5,230.7
40994,6631,85.2
40995,8351.6,2.9
40996,9457.2,0
40997,9686.6,0
40998,8634.7,152.1
40999,6900.7,371.1
41000,5515.9,651.5
41001,3526.8,1849.7
41002,1642.4,3493.7
41003,720.5,4789.9
41004,198.8,5695.1
41005,3,6810.3
41006,0,8110
41007,0,10083.9
41008,0,11712.7
41009,0,12148
41010,0,11715.8
41011,0,9254.6
41012,0,6233.5
41013,0,4131.1
41014,0,2896.3
41015,0,1898.6
41016,116.3,1079.3
41017,644.5,723
41018,1186.2,616
41019,1960.8,484.3
41020,3012.7,390.5
41021,3814.6,439.1
41022,3584,695.3
41023,2489,1210.6
41024,1599.4,1922.4
41025,648.1,3463
41026,95.5,5198.9
41027,0,6679.9
41028,0,7901.1
41029,0,10020.1
41030,0,12277.4
41031,0,13928.8
41032,0,15115.9
41033,0,15409.5
41034,0,14606.8
41035,0,12442.9
41036,0,11119.3
41037,0,9665.5
41038,0,7334.6
41039,0,5553.7
41040,0,4266.7
41041,0,3526.4
41042,0,3074.5
41043,0,2665.5
41044,0,2333.6
41045,0,2336.7
41046,0,2689.2
41047,0,3006.9
41048,0,2800.3
41049,0,3007.6
41050,0,4051.1
41051,0,6383.5
41052,0,8949.5
41053,0,9980.6
41054,0,12519.4
41055,0,14702.3
41056,0,16375.7
41057,0,16776.7
41058,0,15949.2
41059,0,12127.7
41060,0,8500.9
41061,0,5646.2
41062,0,3659.4
41063,0,2747.8
41064,0,1833.8
41065,0,1451.7
41066,0,1212.5
41067,0,963.3
41068,0,860.2
41069,20,949.6
41070,24.6,1340.9
41071,0,2173.6
41072,0,2614.6
41073,0,3734.1
41074,0,5318
41075,0,7133.3
41076,0,9339.8
41077,0,11341
41078,0,13005.2
41079,0,14278.6
41080,0,15614.7
41081,0,16830.8
41082,0,16228.1
41083,0,12837.9
41084,0,9369.7
41085,0,6763.1
41086,0,4329.4
41087,0,2741.8
41088,0,1522
41089,0,789.9
41090,293.3,446.9
41091,1578.4,284.6
41092,3503.4,176.7
41093,4657.1,199.7
41094,4727.8,375.4
41095,5084.1,480.3
41096,3788.4,708.8
41097,938.4,2171.3
41098,172,3244.4
41099,2.4,3950.1
41100,0,4312.9
41101,0,4460.8
41102,0,4585.9
41103,0,4365.1
41104,0,4546
41105,0,4981.6
41106,0,5131.9
41107,0,4667
41108,0,4312.2
41109,0,3900.2
41110,0,3148.4
41111,0,2305.9
41112,0,1541.7
41113,0,1249.6
41114,0,1070
41115,35.4,877.1
41116,221.4,752.6
41117,294.9,890
41118,222.1,1314
41119,108.8,1975.3
41120,124.3,2234.1
41121,50.1,2887.9
41122,0,4038.2
41123,0,5328.4
41124,0,6438.7
41125,0,8348.8
41126,0,10031.9
41127,0,11438.3
41128,0,12314.9
41129,0,12285.3
41130,0,11318.7
41131,0,8878.3
41132,0,7291.4
41133,0,5952
41134,0,4436
41135,0,3709.5
41136,0,3354.7
41137,0,3064.9
41138,0,2829.2
41139,0,2643.1
41140,0,2560.5
41141,0,2895.8
41142,0,3273.6
41143,0,3087.9
41144,0,2380.3
41145,0,2584.1
41146,0,3255
41147,0,3760.7
41148,0,3913.2
41149,0,4134.1
41150,0,4207.2
41151,0,4072.1
41152,0,4884.1
41153,0,4700.4
41154,0,4721.2
41155,0,4129.8
41156,0,3449.4
41157,0,2724.2
41158,0,1739.8
41159,278.4,883.4
41160,1296.7,456.9
41161,3142.3,192.2
41162,4865.4,65.8
41163,6019.4,12.5
41164,7107.5,0
41165,7964.3,0
41166,7722.7,64.2
41167,6133.8,302
41168,5050.3,502.2
41169,3200.4,1745.2
41170,1334.4,3447.7
41171,468.1,4938
41172,21.9,6147.8
41173,0,7464
41174,0,9276.9
41175,0,11003.7
41176,0,12104.3
41177,0,12404.1
41178,0,11776.1
41179,0,8758.3
41180,0,6312.6
41181,0,4942.6
41182,0,3695.1
41183,0,2559.7
41184,0,1619.7
41185,0.9,1148.9
41186,185,793.4
41187,770.4,550.5
41188,1563.5,448.5
41189,2638.7,419.7
41190,3142.3,575
41191,2886.3,884.1
41192,2247.9,1656
41193,997.5,3469.7
41194,379.6,5170.6
41195,41.2,6468.9
41196,0,7548
41197,0,9882.9
41198,0,11970.2
41199,0,13479.4
41200,0,14353.9
41201,0,14498.2
41202,0,13247.4
41203,0,9637.8
41204,0,7141.4
41205,0,4970.2
41206,0,3308.4
41207,0,2127.9
41208,0,1213.6
41209,152.4,851.4
41210,547.5,703.2
41211,1236.1,543.4
41212,1895.4,509.3
41213,2036.7,649.3
41214,1966.4,962.6
41215,1862,1217.9
41216,1994.3,1134.5
41217,1269.7,1802.1
41218,612.4,2517.7
41219,159.5,3525.1
41220,0,4593.6
41221,0,5097.4
41222,0,4857.1
41223,0,4837.1
41224,0,4721.3
41225,0,4458.7
41226,0,4673.1
41227,0,4250.5
41228,0,3963.4
41229,0,3583.2
41230,0,2761.1
41231,1.8,1946
41232,234,1282.5
41233,453.9,1017.7
41234,852.8,826.4
41235,1441.2,651.3
41236,1968.8,583.8
41237,2038.8,685.1
41238,1742.3,984.2
41239,1814.5,1094.3
41240,2480.8,762.7
41241,2713.5,693.1
41242,2473.9,803.6
41243,1908.7,1047.8
41244,1580.1,1173.4
41245,1290.5,1315.9
41246,623.4,1768.1
41247,118,2214.9
41248,0,2919.2
41249,0,3894.2
41250,0,4231.5
41251,0,4060.2
41252,0,3916.8
41253,0,3660.9
41254,0,3001.9
41255,0,2310
41256,0,1697.6
41257,0,1431.2
41258,39.2,1252.8
41259,336.5,962.7
41260,491.1,926.2
41261,447.8,1192.6
41262,370.9,1621.7
41263,350.5,1843.2
41264,374.9,1765.2
41265,65.9,3037.2
41266,0,4683.4
41267,0,6354.2
41268,0,8726.5
41269,0,11807.5
41270,0,15222.4
41271,0,18272
41272,0,20734
41273,0,21698.1
41274,0,20078.8
41275,0,16447
41276,0,12709.7
41277,0,10061.6
41278,0,7662.8
41279,0,5527.1
41280,0,3655.9
41281,0,2892.1
41282,0,2606.5
41283,0,2314.3
41284,0,2141.3
41285,0,2243.6
41286,0,2609.4
41287,0,3072.1
41288,0,2850.2
41289,0,4808.6
41290,0,5877
41291,0,9405.4
41292,0,11445.6
41293,0,13329.6
41294,0,12160.6
41295,0,10815.6
41296,0,12186.8
41297,0,12698.2
41298,0,11642
41299,0,10275
41300,0,9579
41301,0,8072.4
41302,0,5125.8
41303,0,3652
41304,0,2970.9
41305,0,2709.6
41306,0,2491
41307,0,2280.2
41308,0,2220.9
41309,0,2526.7
41310,0,3154
41311,0,3499.4
41312,0,3457.8
41313,0,3541.8
41314,0,4179.9
41315,0,4907.1
41316,0,5523.9
41317,0,6485.3
41318,0,7432.7
41319,0,7913.5
41320,0,9097.9
41321,0,9591.7
41322,0,9750.6
41323,0,9467.4
41324,0,8536.9
41325,0,6676.2
41326,0,4135.9
41327,0,2652.3
41328,0,1683.9
41329,0,1071.6
41330,0,684
41331,0,503.4
41332,0,422.7
41333,72.7,467.3
41334,342.9,670.2
41335,723.5,728.2
41336,1346.5,485.6
41337,1483.8,539.8
41338,1350.6,816.2
41339,1136,1136.7
41340,866,1373.4
41341,735.7,1691.7
41342,665.1,1814.8
41343,420.6,1988.6
41344,93.8,2636.7
41345,1.1,2571.8
41346,0,2991.5
41347,79.4,2576.3
41348,301.1,2363.7
41349,746.8,1993.1
41350,1724.8,1231.9
41351,3134.5,759.9
41352,4511.7,402.9
41353,5956.5,147.7
41354,7060.8,13.3
41355,7250.1,0
41356,7376,4.1
41357,7320.7,62.7
41358,6722.9,326
41359,6493.3,434.1
41360,7027.5,234.3
41361,6814.6,240.5
41362,6053.8,374.1
41363,5042.1,523.6
41364,4151.5,665.5
41365,3529.1,934
41366,2325.1,1726.6
41367,925.5,3036.9
41368,388.4,2985.7
41369,134.8,3153.1
41370,142.1,2824.1
41371,218.2,2432.2
41372,571.3,2137.2
41373,964.3,1802.5
41374,1823.7,1208.8
41375,2914.8,792.5
41376,3957.1,490.6
41377,4654.6,336.5
41378,4953.6,269.3
41379,5181.2,225.8
41380,5343.4,222.5
41381,5060.8,352
41382,4358.8,615.5
41383,3977.8,737.2
41384,4494.4,531.8
41385,4317,510.8
41386,3879.6,565.4
41387,3248.6,640.3
41388,2456.5,763.6
41389,1576.6,1196.5
41390,1024.5,1273.5
41391,349.1,1752.3
41392,155.8,2080.4
41393,0,2420.5
41394,0,2964.9
41395,19.3,2538.4
41396,378.6,2099
41397,743.7,1745.6
41398,1817.8,1101
41399,3298.1,671.1
41400,4872.1,307.5
41401,5989.9,108.8
41402,6944.6,8
41403,7903.2,0
41404,8764.7,0
41405,9073.2,0
41406,8875,8.9
41407,7753.5,149.3
41408,6560.5,267
41409,4537.4,967.4
41410,2505.4,2167.5
41411,1362.6,3323.2
41412,700.8,4152.5
41413,147.3,4931.7
41414,0,5228.4
41415,0,5352.1
41416,0,6746.4
41417,0,7516.6
41418,0,6777
41419,0,4803.2
41420,0,3716.6
41421,11.4,2804.5
41422,547.3,1734.2
41423,1670.6,951.3
41424,2627.4,505.4
41425,3396.1,388.1
41426,4935.5,273
41427,5685.2,221.8
41428,6273.6,194.3
41429,6320.9,235.5
41430,5657,445.1
41431,5014.8,620.7
41432,4593.1,600.3
41433,3577.8,917.4
41434,2214.7,1605.8
41435,969.8,3006
41436,170.6,4617.5
41437,0,5648
41438,0,6806.6
41439,0,8461
41440,0,9506.7
41441,0,9762.9
41442,0,9118.7
41443,0,7466.8
41444,0,6260.8
41445,0,5132.5
41446,0,3908.1
41447,0,2910.1
41448,0,1911.2
41449,4.3,1395.5
41450,130,1076.6
41451,471.5,794.5
41452,1135.9,591.1
41453,1769.5,584.8
41454,2060.5,752.4
41455,1976.6,1007.9
41456,1863.8,1478.9
41457,1232.7,2830.9
41458,740.2,4038.3
41459,412.8,4979.4
41460,113.1,5644.4
41461,4.4,5142.3
41462,14.2,4022.7
41463,82.2,3385.6
41464,94.2,3271.3
41465,34,3185.2
41466,4.1,3462.1
41467,79.1,3115.3
41468,237,2812.5
41469,531.5,2367
41470,1121.4,1641.3
41471,2015.4,1035.3
41472,3000.2,605.6
41473,3622.6,471
41474,4593.7,308.2
41475,5426.6,195
41476,5738,174.1
41477,5364.7,289.9
41478,4473.8,600.5
41479,4238.2,703.6
41480,4575.3,537.2
41481,3955,660.8
41482,3282.6,811.2
41483,2663.4,1117.3
41484,1955.3,1331.2
41485,1176.5,1863
41486,1021.7,1870.4
41487,738.8,2084.1
41488,38.6,3258.4
41489,0,3752.1
41490,0,3332.6
41491,66,2744.6
41492,248,2392.8
41493,895.3,1879.8
41494,2036.9,1171.6
41495,3081.2,770
41496,3497.8,574.5
41497,3809.2,484.3
41498,4930.1,309.2
41499,5941,157.3
41500,6477.9,97.9
41501,6586.9,168.5
41502,5881.9,435.9
41503,5482.5,559.8
41504,5593.5,438.3
41505,5327.6,456.3
41506,4690.5,564.3
41507,3722.8,902.4
41508,2851,1254.6
41509,1868.7,2005.9
41510,1014,3064.1
41511,693,2832.1
41512,602.2,2857.8
41513,457.5,2568.3
41514,331.7,2684.7
41515,595.5,2343.3
41516,1342.9,1875.7
41517,1892.4,1585.9
41518,2859.9,1085.8
41519,4224.9,658.7
41520,5677.5,293.3
41521,6569.5,132.7
41522,7182.7,69.2
41523,7864.5,14.2
41524,8294.8,0
41525,8057.4,33.9
41526,7559.5,175.8
41527,7469.7,241.3
41528,8279.9,54.1
41529,8278.1,54.6
41530,7343.4,163.9
41531,6972.5,162.7
41532,6410.6,235.2
41533,5532.6,424.9
41534,4701.6,767.6
41535,4728.7,701.1
41536,4638.3,676.1
41537,3888.5,864.3
41538,3373.8,1116.1
41539,3592.7,1085.1
41540,3783.3,1045.7
41541,4147.2,942.8
41542,5222.9,627.3
41543,6397.6,300.1
41544,7636.4,49
41545,8386.3,0
41546,8886.3,0
41547,9285.5,0
41548,9142.2,0
41549,8511.2,0
41550,7645.5,91.2
41551,7259,186.4
41552,7737.6,29.3
41553,7037.7,72.8
41554,6034,191.1
41555,4921.3,356.2
41556,3795.8,513.7
41557,3151.6,568.5
41558,2445.5,761.2
41559,1991.1,941.2
41560,1792.5,1098.3
41561,1010.2,1245.3
41562,445.9,1606.4
41563,536.8,1537.5
41564,690.2,1478.1
41565,1035.3,1318.9
41566,1985.7,963.4
41567,3088.3,631.7
41568,4073.2,349.1
41569,4619.1,227.3
41570,5088.7,142.1
41571,5255.1,108.4
41572,5215.6,132.9
41573,4662.6,292.7
41574,3713.6,584.1
41575,3252.4,708.5
41576,3792.2,492.1
41577,3671.3,462.4
41578,2776.2,602.4
41579,1414.9,894.8
41580,598.8,1167.6
41581,196.3,1371.2
41582,29,1484.8
41583,0,1858.2
41584,0,2567.8
41585,0,3367.5
41586,0,3507.5
41587,0,3110.6
41588,0,2786.6
41589,0,2434.5
41590,6.3,1674.7
41591,523.4,963.7
41592,2009.6,561.7
41593,3607.6,330
41594,4858,169
41595,5949.4,46.9
41596,6950,4.5
41597,7592.8,5.6
41598,7771.2,113.6
41599,8199.5,130.7
41600,6390.4,299.8
41601,3290.9,1216.9
41602,1232.7,2754.7
41603,425.8,4103.8
41604,15.5,5400.1
41605,0,6906.7
41606,0,9042.9
41607,0,10747.5
41608,0,11593.6
41609,0,12082.2
41610,0,9983.4
41611,0,7626.1
41612,0,6235.4
41613,0,4702.6
41614,0,3395.6
41615,0,2616
41616,0,1879.3
41617,10,1258.7
41618,361.3,774
41619,1048.1,561.1
41620,1319.9,561.3
41621,1174.4,752.9
41622,1393.6,999.8
41623,1793.7,1067.8
41624,1201.6,1614.8
41625,527.8,3108.8
41626,109.9,4670.4
41627,0,6100.1
41628,0,6341.9
41629,0,4440.9
41630,0,4584
41631,0,4973.7
41632,0,5327.3
41633,0,5350.3
41634,0,4793.9
41635,0,4198.7
41636,0,3720.9
41637,0,3249.1
41638,0,2496.7
41639,55.1,1685.8
41640,402.5,1113.8
41641,861.1,858.7
41642,1436.4,634.2
41643,2084.9,515.5
41644,2559.8,469
41645,2864.5,535.5
41646,2667.5,762.4
41647,3042.9,790.5
41648,4181.3,503.3
41649,3641.9,630.4
41650,2562.4,1205.3
41651,1272.8,3155.1
41652,854.7,4248.1
41653,475.1,5124.2
41654,84.6,5362.8
41655,0,4415.9
41656,0,5780.4
41657,0,5525.9
41658,0,4964.9
41659,0,4013
41660,0,3537.4
41661,135.4,2700.5
41662,1017.1,1553.8
41663,2444.5,777.8
41664,4307.2,347.6
41665,5446,245.4
41666,6208.3,190.5
41667,7627.3,90.1
41668,9476.3,6.5
41669,10014.4,0
41670,9079,113.3
41671,8519.9,181.5
41672,7569.3,314.1
41673,5991.2,719.5
41674,5068.9,1017.1
41675,3835.4,1662.7
41676,2448.9,2644.5
41677,1944.5,2981.6
41678,1687.8,3753.5
41679,1441.7,3808
41680,1082.4,3363.4
41681,678.2,3296.4
41682,873.6,2960.5
41683,1450.9,2304.9
41684,2325.3,1871.2
41685,3372,1443.2
41686,5353.9,766.6
41687,7547.1,367.9
41688,9637.2,139.6
41689,10871.4,19.9
41690,11779.5,0
41691,12566.5,0
41692,13238.9,0
41693,13985.8,0
41694,14067.1,0
41695,14321.8,0
41696,14019.9,0
41697,14574.2,0
41698,14091.9,0
41699,13135,0
41700,13113.3,0
41701,13080.5,0
41702,12962.5,0
41703,12786.5,0
41704,11661.8,0
41705,10596.7,0
41706,10494.4,39.2
41707,11368.3,2.9
41708,11972,0
41709,13083,0
41710,15307.3,0
41711,16999.9,0
41712,18764,0
41713,19909.6,0
41714,20735.5,0
41715,21603.1,0
41716,22441.7,0
41717,22649,0
41718,22095.1,0
41719,21569.4,0
41720,19963.6,0
41721,17002.9,0
41722,13965.9,0
41723,11673.9,87.5
41724,10331.3,194.7
41725,9787.4,12.1
41726,9241,0
41727,8695.8,10
41728,7780.8,51.9
41729,5914.1,265.8
41730,6755.8,200.9
41731,8254.8,90.2
41732,9852.8,10.3
41733,10975.2,0
41734,12649.3,0
41735,15058,0
41736,17594.9,0
41737,19401.6,0
41738,20795.4,0
41739,21915.5,0
41740,22808.9,0
41741,24210.2,0
41742,24071.8,0
41743,22131.5,0
41744,18610.6,0
41745,14064.9,0
41746,10544.9,4.3
41747,7454.2,332
41748,5007.4,776.6
41749,3676.2,1161.1
41750,2699.1,1484.8
41751,1803.5,1721.6
41752,1183.2,1808.9
41753,798.3,1652.4
41754,1263.2,1098.6
41755,2123.1,759.4
41756,2734.1,616.4
41757,3321.4,507.1
41758,5752.1,254.9
41759,7550,63.1
41760,9355.7,0
41761,10730.1,0
41762,11192.1,0
41763,11814.6,0
41764,12503.3,0
41765,12355.4,0
41766,11383.9,0
41767,10733.1,0
41768,9811.7,0
41769,9298.3,0
41770,9416.1,0
41771,9125.3,0
41772,10744.3,0
41773,11332.9,0
41774,10148.9,0
41775,9930,0
41776,8763.7,0
41777,6634,12.1
41778,5473,177.1
41779,5140.1,199.6
41780,4776.8,215.7
41781,4821.1,198.9
41782,5277.6,103.9
41783,5740,4.6
41784,6842.6,0
41785,7700.7,0
41786,8389.1,0
41787,9078.2,0
41788,9534.4,0
41789,9186,0
41790,8380.8,0
41791,8134.6,0
41792,6700.2,5
41793,4158.6,246.6
41794,1877.1,781.9
41795,944.7,1242.8
41796,337.5,1218.7
41797,6.8,2075.2
41798,0,1537.1
41799,0,1229.7
41800,0,1648.8
41801,0,1885
41802,0,1787.1
41803,0,1680
41804,0,1504.7
41805,0,1024.7
41806,64.9,600.6
41807,345.7,445.4
41808,948,299.3
41809,1421.2,226.6
41810,2010.8,134.8
41811,2135.3,117.7
41812,2062.5,135.5
41813,1364.9,265.2
41814,660,421.8
41815,468.6,449.8
41816,743,365.2
41817,747.6,340.2
41818,710.5,347.3
41819,719.2,347.3
41820,554.3,358.5
41821,370,368
41822,510.3,334.8
41823,1291.9,274.7
41824,1821.5,312.8
41825,1235.3,705.4
41826,938.2,953.4
41827,1783.2,803.7
41828,2767.1,657
41829,3244.3,574.9
41830,3919.5,353.3
41831,5149.3,136
41832,7044.8,1.3
41833,8235.6,0
41834,8959.8,0
41835,10038.1,0
41836,10892.5,0
41837,11064.4,0
41838,11170.4,0
41839,11224.6,0
41840,9798.9,3
41841,7074.2,282.4
41842,4110.3,1241.3
41843,2256,2617.3
41844,1358,3561.1
41845,666.9,4415.8
41846,204.5,5017.8
41847,8.3,5328
41848,0,5572.7
41849,0,4886.7
41850,0,3895.3
41851,0,3212.6
41852,70.1,2561.4
41853,450,1951.4
41854,968.9,1386.8
41855,1625.7,837.4
41856,2284.3,508.8
41857,3064.3,394.2
41858,3940.4,302.6
41859,4931.6,227.3
41860,6185.6,151.8
41861,7188.8,126.4
41862,7139.9,206.5
41863,7288.7,218.5
41864,7368.8,152.8
41865,6151,219.2
41866,4557.2,405.6
41867,2033.8,1935.1
41868,1228.2,3108.7
41869,777.6,4207.2
41870,444.9,4295.4
41871,379.7,3055.4
41872,88,3177.2
41873,38.6,2799.6
41874,163.3,2631.4
41875,380.4,2286.4
41876,630.1,2035
41877,957.6,1723.6
41878,1893,1097.2
41879,3645.3,523.8
41880,5429.4,289.9
41881,6181.8,211.5
41882,6807,154.7
41883,7217.4,115.1
41884,7367.5,106.2
41885,7224,153.6
41886,6578.1,266.2
41887,6646.3,276.1
41888,7849.3,121.7
41889,8302.4,52.6
41890,8820.4,0
41891,8694.8,0
41892,8542.8,0
41893,8655.5,0
41894,8022.5,0
41895,8444.3,0.9
41896,7267,71.2
41897,5022.8,454
41898,4680.3,665.7
41899,5006,614.3
41900,5448.8,542.7
41901,6463,377.3
41902,8197.8,104.5
41903,10192.7,0
41904,12246.1,0
41905,13801.8,0
41906,14653.2,0
41907,15345.1,0
41908,15767.3,0
41909,15400.2,0
41910,13966.1,0
41911,13424.2,0
41912,13994.8,0
41913,12821,0
41914,10049.2,0
41915,9064,0
41916,7577.4,22.7
41917,5465.6,191.7
41918,4576,256.8
41919,4107.3,279.4
41920,3825.1,272.3
41921,3770.9,347.4
41922,4349.2,376.3
41923,5635.4,287.9
41924,6934.2,201.4
41925,8273.1,98.8
41926,10374.1,0
41927,12550.2,0
41928,14638.5,0
41929,16430.4,0
41930,17479.6,0
41931,18629.4,0
41932,19759.4,0
41933,20267.7,0
41934,20075.1,0
41935,20118.6,0
41936,21318.7,0
41937,21075,0
41938,18842.9,0
41939,16128.5,0
41940,15495.4,0
41941,11784.5,0
41942,10882.5,0
41943,9560.2,0
41944,7526.2,0
41945,7303.8,3
41946,7696.7,4.5
41947,8411.4,0
41948,9141.7,0
41949,10564.3,0
41950,12615.8,0
41951,14574.1,0
41952,16368.2,0
41953,17682.4,0
41954,19024.2,0
41955,20284.9,0
41956,21231.3,0
41957,21132.8,0
41958,19867.9,0
41959,19212.1,0
41960,18385.3,0
41961,18982.6,0
41962,18442.9,0
41963,17324.3,0
41964,15183.2,0
41965,11616.7,0
41966,9694.1,0
41967,7895.4,0
41968,6681.4,0
41969,5892.3,0
41970,6717.7,0
41971,8198.5,0
41972,10075.3,0
41973,12205.7,0
41974,14436.4,0
41975,16691,0
41976,19620.8,0
41977,22598.6,0
41978,23987.4,0
41979,25509.6,0
41980,25934.1,0
41981,25694.4,0
41982,25496.9,0
41983,25008.5,0
41984,21476.5,0
41985,16828.8,0
41986,13459.6,0
41987,10665.3,2.6
41988,8454,278.7
41989,6354.6,936.4
41990,4617.3,1285.7
41991,3667.1,1362.7
41992,2759.3,1358
41993,2107.8,834.2
41994,2174.6,655.8
41995,2753.7,517.4
41996,3445.2,419.9
41997,4524.4,302.6
41998,6261.8,103.6
41999,8067.2,0
42000,9700.2,0
42001,10763.3,0
42002,11843.6,0
42003,12479.3,0
42004,12632.5,0
42005,12244.9,0
42006,11527.5,0
42007,11769,0
42008,12613.3,0
42009,13045.8,0
42010,13604.1,0
42011,12945.1,0
42012,11967.8,0
42013,11365.9,0
42014,10562.9,0
42015,8066.9,0
42016,5817.6,0
42017,4583.2,91.9
42018,5423,57.8
42019,7389.7,0
42020,8552.4,0
42021,10244.3,0
42022,12280.8,0
42023,14713.8,0
42024,16865.1,0
42025,18379.9,0
42026,18956.1,0
42027,19085.5,0
42028,19390.7,0
42029,19043.7,0
42030,17822.7,0
42031,17370.1,0
42032,17048.6,0
42033,16258.5,0
42034,13599.1,0
42035,9814.3,0
42036,6386,0
42037,5234.5,0
42038,5290.7,0
42039,4732.2,0
42040,4097.3,0
42041,3164.3,0
42042,3330.9,9.2
42043,4797.7,0
42044,5500.9,0
42045,7202.8,0
42046,10073.6,0
42047,12432.3,0
42048,14756,0
42049,16487,0
42050,17484.2,0
42051,18350.6,0
42052,18447.6,0
42053,17570.8,0
42054,16269.9,0
42055,15637.4,0
42056,15213.2,0
42057,13514.1,0
42058,10238,0
42059,7136.1,0
42060,4860.4,0
42061,4228.1,6.2
42062,3309,176.3
42063,2917,225.4
42064,2251.2,386.2
42065,2031.9,255.7
42066,2948.2,206.4
42067,3307.3,168.9
42068,3812.9,137.4
42069,5179.1,35.9
42070,7135.4,0
42071,9597.9,0
42072,12441.5,0
42073,14319.5,0
42074,16099.1,0
42075,17693.3,0
42076,18866.2,0
42077,19500.6,0
42078,19605.9,0
42079,19748.6,0
42080,17946.1,0
42081,13736.7,0
42082,10364.1,0
42083,7849,115.6
42084,6499.1,115.2
42085,4517.5,324.3
42086,5079.1,50
42087,5854.4,0
42088,5861.3,0
42089,5224.7,106.3
42090,5497.4,159.2
42091,6653.1,79.7
42092,8182.4,2.3
42093,9055.8,0
42094,11074,0
42095,13601.4,0
42096,15863.6,0
42097,17249.7,0
42098,18698.5,0
42099,19680.6,0
42100,19436.4,0
42101,18589,0
42102,18053.6,0
42103,17716.3,0
42104,17043.8,0
42105,15684.7,0
42106,12568.5,0
42107,10391.3,0
42108,8522.2,0
42109,5748.7,202.3
42110,3887.2,469.1
42111,2836.7,499.7
42112,2408.2,511.2
42113,2570.7,475.4
42114,3336.5,403.3
42115,3841.8,339.5
42116,4483.6,274.5
42117,5164.8,205
42118,6293.6,53.3
42119,7614.8,0
42120,8409.2,0
42121,10334,0
42122,11682.4,0
42123,11389.5,0
42124,10729,0
42125,10082.7,0
42126,8917.5,0
42127,8328,0
42128,8247.5,0
42129,7066.4,11.2
42130,4226.4,447
42131,2311.5,1173.8
42132,1574.1,2194
42133,1014,3134.1
42134,422,3460.8
42135,174.4,3642.8
42136,25.6,3687.8
42137,16.5,2704
42138,5.8,2173.4
42139,69.7,1842.4
42140,114.7,1591.7
42141,265.4,1312.5
42142,1362.5,725.9
42143,2326,453.5
42144,3179,284
42145,3917.8,195.5
42146,4937.2,112
42147,6040.7,27.2
42148,7370.7,0
42149,7522.3,0
42150,5884,124.3
42151,6510.6,119.6
42152,8180.7,7.2
42153,9087.6,0
42154,8872.6,0
42155,8943.5,0
42156,8941.5,0
42157,9153.2,0
42158,9444.6,0
42159,9856.1,0
42160,10296.5,0
42161,10072.6,0
42162,9926.8,0
42163,10694.6,0
42164,11581.4,0
42165,12725.3,0
42166,14956.8,0
42167,17207.7,0
42168,19228.4,0
42169,20226,0
42170,20686.4,0
42171,21173.6,0
42172,21437.4,0
42173,20858.7,0
42174,19602.6,0
42175,19343.2,0
42176,20154.9,0
42177,20257.3,0
42178,19858.4,0
42179,19733.4,0
42180,19586.4,0
42181,19176.5,0
42182,19137.7,0
42183,19565.1,0
42184,18273.6,0
42185,16910.6,0
42186,16007.7,0
42187,16200.6,0
42188,16501.8,0
42189,17183.7,0
42190,19052,0
42191,20960.2,0
42192,22613.1,0
42193,23471.8,0
42194,24014.9,0
42195,24360.6,0
42196,24421,0
42197,24067.2,0
42198,22462.7,0
42199,21739,0
42200,22490.2,0
42201,22652,0
42202,22263.8,0
42203,21847.8,0
42204,21161.6,0
42205,20583.6,0
42206,20805.9,0
42207,19901.8,0
42208,19165.8,0
42209,17710.1,0
42210,16620.3,0
42211,16916.7,0
42212,17494.5,0
42213,18380.2,0
42214,20124.6,0
42215,22152.7,0
42216,24062.9,0
42217,24990.6,0
42218,25916.7,0
42219,26567,0
42220,26638.1,0
42221,25700.6,0
42222,23819.2,0
42223,23550.4,0
42224,23732.1,0
42225,23100.8,0
42226,21344.1,0
42227,19089.6,0
42228,15489.2,0
42229,13475.6,0
42230,11046.5,0
42231,9365.6,0
42232,8355.8,0
42233,7945.5,0
42234,8525.9,0
42235,9643.6,0
42236,10730.9,0
42237,12195.4,0
42238,14626.3,0
42239,17237.7,0
42240,19623.9,0
42241,21466.7,0
42242,22246.8,0
42243,22305.4,0
42244,22385.4,0
42245,22041.8,0
42246,20314.9,0
42247,19801.4,0
42248,18605.5,0
42249,14595.3,0
42250,11031.9,0
42251,8262.9,0
42252,5794,0
42253,4156.4,0
42254,3157.1,0
42255,2531.8,0
42256,2240.9,0
42257,1511.6,0
42258,1378.4,0
42259,1966.4,0
42260,2794.5,0
42261,3967.1,0
42262,5780.8,0
42263,8384.6,0
42264,10716.1,0
42265,12309.5,0
42266,13930.8,0
42267,15355.7,0
42268,16363.9,0
42269,16474.4,0
42270,15772.7,0
42271,16011.9,0
42272,17577.5,0
42273,17290.5,0
42274,13156.4,0
42275,10114.2,0
42276,7797.5,139.9
42277,5844.3,465.2
42278,4924.8,696.1
42279,4492.6,734.1
42280,4076.6,662.7
42281,4423.1,520.5
42282,5527.9,344.8
42283,7094.6,201.5
42284,8270.5,99.1
42285,9720.4,11.7
42286,11771.1,0
42287,13955.3,0
42288,16169.2,0
42289,16887.4,0
42290,17770.1,0
42291,18414,0
42292,18457.6,0
42293,17869.3,0
42294,16842.9,0
42295,16773.7,0
42296,17772.9,0
42297,17297,0
42298,16259,0
42299,16606.2,0
42300,16417.2,0
42301,16110.7,0
42302,16320.7,0
42303,16048.5,0
42304,14823.9,0
42305,12405.2,0
42306,11231.3,0
42307,11178.8,0
42308,11265.5,0
42309,11413.5,0
42310,12327.3,0
42311,13766.7,0
42312,15349.5,0
42313,16025.7,0
42314,16102.6,0
42315,16089.7,0
42316,15755.1,0
42317,14713.9,0
42318,13123,0
42319,12573.7,0
42320,13595.5,0
42321,13394.1,0
42322,11944.7,0
42323,10607.1,0
42324,10131.5,0
42325,9630.1,0
42326,9130.3,0
42327,8894.7,0
42328,8073.8,0
42329,6442.4,0
42330,5481.9,0
42331,5516.7,0
42332,5697.1,0
42333,5486.2,0
42334,6667.9,0
42335,9269.9,0
42336,12260.2,0
42337,14621.4,0
42338,16890.2,0
42339,19056.7,0
42340,21019.4,0
42341,21677,0
42342,20994.3,0
42343,21169.2,0
42344,22497.9,0
42345,22843.4,0
42346,22047.6,0
42347,20987.8,0
42348,20132.2,0
42349,19449.2,0
42350,19559.3,0
42351,19747.2,0
42352,18814.5,0
42353,17470.6,0
42354,17004.6,0
42355,17600.7,0
42356,18625.5,0
42357,19876.7,0
42358,22350.3,0
42359,25161.6,0
42360,27607.1,0
42361,28919.7,0
42362,30465.2,0
42363,32173.5,0
42364,33170.1,0
42365,32829.1,0
42366,32091,0
42367,32853.6,0
42368,31548.5,0
42369,30200.8,0
42370,27044,0
42371,25889.8,0
42372,24707.1,0
42373,25125.2,0
42374,25225,0
42375,24420.5,0
42376,22803,0
42377,22525.7,0
42378,22921.7,0
42379,24608,0
42380,26480.9,0
42381,29432.2,0
42382,33240.3,0
42383,36767.4,0
42384,40251.4,0
42385,43380,0
42386,45960.4,0
42387,47496.9,0
42388,47616.3,0
42389,46817.6,0
42390,45239.3,0
42391,44775.9,0
42392,41333.6,0
42393,35329.6,0
42394,30721,0
42395,30211.8,0
42396,26595.8,0
42397,23188.5,0
42398,21224,0
42399,20190.1,0
42400,19292.2,0
42401,18670.8,0
42402,18705.4,0
42403,19793.6,0
42404,20980.9,0
42405,22322.7,0
42406,24692.7,0
42407,26731.5,0
42408,28787.1,0
42409,29612.2,0
42410,30058.1,0
42411,30226.5,0
42412,30034.7,0
42413,29027,0
42414,26939.1,0
42415,26505.6,0
42416,28212.6,0
42417,27681.1,0
42418,26571.2,0
42419,24330.7,0
42420,22519.7,0
42421,22181.6,0
42422,21184.6,0
42423,20218.4,0
42424,19119,0
42425,17101.1,0
42426,15804.9,0
42427,15798.1,0
42428,15969.9,0
42429,16410.2,0
42430,18046.5,0
42431,19712.4,0
42432,21092.4,0
42433,21625,0
42434,22046.3,0
42435,22006.7,0
42436,21499,0
42437,20335.3,0
42438,18516.6,0
42439,18266.6,0
42440,20153,0
42441,20082,0
42442,18751.3,0
42443,17553.5,0
42444,17243.5,0
42445,17355.8,0
42446,17093.2,0
42447,16848.5,0
42448,16169,0
42449,14751.7,0
42450,13978.4,0
42451,14363.2,0
42452,14897.8,0
42453,16184.7,0
42454,18812.4,0
42455,21357.3,0
42456,23613.6,0
42457,24789.5,0
42458,25947.8,0
42459,27311.7,0
42460,28705,0
42461,29080.9,0
42462,28140.6,0
42463,26589,0
42464,25775.6,0
42465,25464,0
42466,24118.5,0
42467,22348.8,0
42468,21089.5,0
42469,20894.7,0
42470,20530,0
42471,20153,0
42472,19841.5,0
42473,19148.3,0
42474,17753.5,0
42475,16279.5,0
42476,16081.9,0
42477,16019.9,0
42478,16462.1,0
42479,17924.4,0
42480,19731.5,0
42481,21006.9,0
42482,21194.2,0
42483,21411.2,0
42484,21248.6,0
42485,20881.1,0
42486,19755.5,0
42487,18004,0
42488,17141.3,0
42489,17293.8,0
42490,17127.6,0
42491,15864.1,0
42492,14060.9,0
42493,13336.6,0
42494,12905.8,0
42495,12042,0
42496,12449.1,0
42497,11944.5,0
42498,10658.9,0
42499,9614,0
42500,9804,0
42501,10239.8,0
42502,10992.1,0
42503,12757.6,0
42504,14561.2,0
42505,16259.1,0
42506,17136.4,0
42507,17363.5,0
42508,17116.3,0
42509,16758,0
42510,16029.7,0
42511,14856.6,0
42512,13518.3,0
42513,12076.1,0
42514,11049.4,0
42515,9905.4,0
42516,10086.4,0
42517,11712,0
42518,13617.8,0
42519,14408.3,0
42520,15266.3,0
42521,14786.5,0
42522,13039,0
42523,12654.1,0
42524,13799,0
42525,14967.7,0
42526,16133.2,0
42527,18153.6,0
42528,20419.1,0
42529,22673.9,0
42530,24037.3,0
42531,24998.3,0
42532,25962.1,0
42533,26353.5,0
42534,25622.6,0
42535,24042.3,0
42536,23447.9,0
42537,24088,0
42538,23852,0
42539,22702.6,0
42540,20542.8,0
42541,19525.6,0
42542,18547.4,0
42543,18044.6,0
42544,19223.1,0
42545,19327,0
42546,18256.9,0
42547,17658.1,0
42548,18402.1,0
42549,19036.5,0
42550,19995,0
42551,22267.3,0
42552,24729.9,0
42553,26843.4,0
42554,27923.1,0
42555,28660.9,0
42556,28812.2,0
42557,29000.9,0
42558,28753.1,0
42559,26868.3,0
42560,25772.1,0
42561,26093.7,0
42562,25716.6,0
42563,24822.7,0
42564,23780.9,0
42565,23163.5,0
42566,23108.2,0
42567,23830.8,0
42568,24105.6,0
42569,23367.2,0
42570,21928.1,0
42571,20326.4,0
42572,19750.7,0
42573,19060.1,0
42574,18980.1,0
42575,20398.1,0
42576,22228.2,0
42577,23040.3,0
42578,23364.9,0
42579,23432.7,0
42580,23134.2,0
42581,22616.1,0
42582,21932.4,0
42583,20716.5,0
42584,18744.3,0
42585,17351.4,0
42586,16179.7,0
42587,14843.3,0
42588,13974,0
42589,12919.2,0
42590,12347.2,0
42591,12562.9,0
42592,13755.2,0
42593,15735.3,0
42594,15997.2,0
42595,15801.7,0
42596,17136.9,0
42597,18859.7,0
42598,20926.2,0
42599,23765.7,0
42600,27600.5,0
42601,31333.7,0
42602,33133.1,0
42603,34480.5,0
42604,35152.3,0
42605,35190.8,0
42606,34005.7,0
42607,31818.2,0
42608,30583.4,0
42609,31781,0
42610,31422.6,0
42611,29484.6,0
42612,27749.5,0
42613,26592.7,0
42614,25813.2,0
42615,26003.3,0
42616,25971.8,0
42617,24918.1,0
42618,22217.8,0
42619,19994.9,0
42620,19835.1,0
42621,19887.8,0
42622,20143.3,0
42623,22022.8,0
42624,24372.4,0
42625,26615.8,0
42626,27607.2,0
42627,28188.9,0
42628,28914.9,0
42629,29157.3,0
42630,28676.4,0
42631,27238.6,0
42632,25495.1,0
42633,24944.6,0
42634,24475.3,0
42635,22101.9,0
42636,17436.4,0
42637,14429.7,0
42638,11593.5,0
42639,10307.8,0
42640,10116.9,0
42641,11603.2,0
42642,11899,0
42643,12175.1,0
42644,13764.5,0
42645,15048.8,0
42646,16732.4,0
42647,19688.1,0
42648,22909.7,0
42649,25421.4,0
42650,26988.4,0
42651,27392.9,0
42652,28041,0
42653,28754.2,0
42654,27760.4,0
42655,25962.5,0
42656,25479.2,0
42657,26769.6,0
42658,26658,0
42659,24851,0
42660,23991.3,0
42661,22740.8,0
42662,21951.2,0
42663,21694.6,0
42664,21880.3,0
42665,21082.5,0
42666,19080.1,0
42667,17528.1,0
42668,17802.9,0
42669,18295.4,0
42670,19460.9,0
42671,21696.7,0
42672,23900.7,0
42673,25598.3,0
42674,26673.2,0
42675,27515,0
42676,28034.3,0
42677,28442.3,0
42678,27735.4,0
42679,26286.2,0
42680,24919.5,0
42681,21880.7,0
42682,21485,0
42683,20286.9,0
42684,19173.5,0
42685,19734.7,0
42686,20165.2,0
42687,21193.1,0
42688,21883.2,0
42689,22399.4,0
42690,21652.1,0
42691,21471.3,0
42692,22534.5,0
42693,23555,0
42694,25856.3,0
42695,29988.3,0
42696,33837.1,0
42697,38083.1,0
42698,41515.7,0
42699,43915.2,0
42700,45567,0
42701,47130.5,0
42702,47841.5,0
42703,47519.2,0
42704,46371.9,0
42705,44144.4,0
42706,44255.4,0
42707,42109.1,0
42708,40599.1,0
42709,39452.4,0
42710,37961.8,0
42711,38251.2,0
42712,39607.9,0
42713,40384.9,0
42714,40424.7,0
42715,39682.7,0
42716,40714.2,0
42717,41424,0
42718,42452.6,0
42719,45048.7,0
42720,47605.8,0
42721,49626.9,0
42722,50567.9,0
42723,50832.3,0
42724,51094.8,0
42725,51061.8,0
42726,49701.6,0
42727,47672.9,0
42728,46230.3,0
42729,45659.2,0
42730,44873.4,0
42731,42228.3,0
42732,38634.2,0
42733,37388.4,0
42734,38761.3,0
42735,39193.9,0
42736,39008.4,0
42737,38607.5,0
42738,37862.6,0
42739,37407.3,0
42740,39439.1,0
42741,41268.8,0
42742,43170.7,0
42743,45888.5,0
42744,48688.9,0
42745,51798.1,0
42746,53573.5,0
42747,54766.3,0
42748,55962.5,0
42749,56496.8,0
42750,56142.8,0
42751,55190.6,0
42752,53292.3,0
42753,48811.1,0
42754,44637.7,0
42755,40738.3,0
42756,37645.4,0
42757,34704.5,0
42758,33686.8,0
42759,31496.9,0
42760,31278.7,0
42761,33751,0
42762,33375.4,0
42763,32537.7,0
42764,33539.7,0
42765,34470.9,0
42766,34915,0
42767,36388.9,0
42768,38348,0
42769,39937.9,0
42770,40180.6,0
42771,40204.5,0
42772,40205.7,0
42773,39549.7,0
42774,37767.3,0
42775,35523.7,0
42776,34263.5,0
42777,34216.8,0
42778,31122.7,0
42779,27358.9,0
42780,26377.2,0
42781,24614.1,0
42782,20483.7,0
42783,19963.2,0
42784,18562.3,0
42785,17430.9,0
42786,14830.2,0
42787,12374.6,0
42788,11438.2,0
42789,10796,0
42790,10894.9,0
42791,12494.4,0
42792,14243.1,0
42793,16069.8,0
42794,17185.6,0
42795,18486.5,0
42796,19613.5,0
42797,20232.6,0
42798,20019.4,0
42799,18987.1,0
42800,18374.5,0
42801,17820.9,0
42802,17952.4,0
42803,16130,0
42804,17467.8,0
42805,17954.3,0
42806,16479.1,0
42807,16239.1,0
42808,16687.8,0
42809,19464.4,0
42810,19872.7,0
42811,19901.4,0
42812,21443.9,0
42813,23427,0
42814,25436.7,0
42815,28438.7,0
42816,31577.2,0
42817,34165.9,0
42818,36305.9,0
42819,37908.1,0
42820,38311.6,0
42821,38372.1,0
42822,37532.2,0
42823,36354.3,0
42824,36025.9,0
42825,35817.1,0
42826,34332,0
42827,32918.4,0
42828,32805.5,0
42829,31860.2,0
42830,31177.8,0
42831,31060.8,0
42832,31526,0
42833,30794.4,0
42834,29432.9,0
42835,27485.3,0
42836,27705.9,0
42837,28460,0
42838,29390.9,0
42839,31658.2,0
42840,34458.7,0
42841,36887.2,0
42842,38241.7,0
42843,39650.4,0
42844,40963.4,0
42845,42076.3,0
42846,42832.7,0
42847,43062.5,0
42848,42165.8,0
42849,37885,0
42850,34447.5,0
42851,31057.9,0
42852,27802.7,0
42853,25039.9,0
42854,23264.5,0
42855,21959.5,0
42856,21902.4,0
42857,25583.5,0
42858,27383.8,0
42859,27616.6,0
42860,29078.9,0
42861,30967.4,0
42862,33095.2,0
42863,35348.5,0
42864,37450.2,0
42865,39786.6,0
42866,41773,0
42867,43022.7,0
42868,42864.7,0
42869,41833.5,0
42870,40561.7,0
42871,39049.4,0
42872,39683.7,0
42873,39905.9,0
42874,36840.6,0
42875,34241.6,0
42876,31892.8,0
42877,30460.8,0
42878,28933.7,0
42879,28356.7,0
42880,29177.4,0
42881,32740.4,0
42882,33717.1,0
42883,34436.7,0
42884,37052.2,0
42885,38707.1,0
42886,39952.9,0
42887,43544.8,0
42888,47343.6,0
42889,50710.9,0
42890,53050.2,0
42891,55408.4,0
42892,56668.7,0
42893,56089,0
42894,54647.8,0
42895,52126.9,0
42896,50107.2,0
42897,47759.4,0
42898,45761.4,0
42899,42319.9,0
42900,39453.1,0
42901,36211.6,0
42902,30045.2,0
42903,28384.5,0
42904,29705.7,0
42905,29804.9,0
42906,28647.2,0
42907,27754.1,0
42908,28126.4,0
42909,28189.4,0
42910,28305.1,0
42911,29497.3,0
42912,30843.6,0
42913,32375,0
42914,32588.8,0
42915,32954.3,0
42916,33391.8,0
42917,33222,0
42918,32161.1,0
42919,30679.6,0
42920,30637.9,0
42921,29766.6,0
42922,27092.7,0
42923,24092.4,0
42924,20950.9,0
42925,17292.9,0
42926,14804.1,0
42927,13622.5,0
42928,13551.1,0
42929,15504.5,0
42930,15184.3,0
42931,14548.2,0
42932,15987.9,0
42933,17551.1,0
42934,19484.3,0
42935,22905.6,0
42936,26264.4,0
42937,29311.4,0
42938,31257.2,0
42939,32032.5,0
42940,32594.8,0
42941,34311.6,0
42942,34644.5,0
42943,33325.9,0
42944,32361.6,0
42945,29731.2,0
42946,26202.7,0
42947,25852.6,0
42948,24049.5,0
42949,20059.9,0
42950,18337,0
42951,19521.7,0
42952,21002,0
42953,21398.7,0
42954,19862.1,0
42955,18718.8,0
42956,18981.1,0
42957,19394.9,0
42958,20323.4,0
42959,21804.1,0
42960,23459.8,0
42961,25254.6,0
42962,26040.8,0
42963,26344.8,0
42964,26605.5,0
42965,26661.4,0
42966,25695.8,0
42967,23976.6,0
42968,23304.5,0
42969,23902.5,0
42970,24427.8,0
42971,24001.5,0
42972,23559.7,0
42973,24830.8,0
42974,26325.4,0
42975,26797.8,0
42976,28185.1,0
42977,29416.1,0
42978,29918.6,0
42979,30636,0
42980,32931.4,0
42981,35347.5,0
42982,37817.7,0
42983,41612.7,0
42984,45399.4,0
42985,49008.4,0
42986,51529,0
42987,53497.7,0
42988,55402.7,0
42989,57218.1,0
42990,57779.3,0
42991,57292.1,0
42992,57193.4,0
42993,53209.1,0
42994,48303.8,0
42995,43615.7,0
42996,39806.1,0
42997,36579.6,0
42998,34504.9,0
42999,33735.5,0
43000,34364.6,0
43001,37259.3,0
43002,38719.9,0
43003,39195.6,0
43004,40788.5,0
43005,43002.3,0
43006,45360,0
43007,49130.3,0
43008,52839.8,0
43009,55834.1,0
43010,56771.6,0
43011,56626,0
43012,56534.3,0
43013,56393.2,0
43014,54282.8,0
43015,50919,0
43016,49209.1,0
43017,46991,0
43018,40780.3,0
43019,34585.4,0
43020,29367.3,0
43021,24732.9,0
43022,21164.4,0
43023,18448.2,0
43024,17362.7,0
43025,18261.3,0
43026,17051.8,0
43027,15968,0
43028,16466,0
43029,17411.7,0
43030,18832.2,0
43031,21392.6,0
43032,24135.8,0
43033,26421.9,0
43034,27811.1,0
43035,29245.4,0
43036,30472,0
43037,31137.1,0
43038,31549.1,0
43039,30439.3,0
43040,29675,0
43041,29344.1,0
43042,27224.2,0
43043,25167.8,0
43044,22868.4,0
43045,19099.4,0
43046,16543.1,0
43047,14150.7,0
43048,13636.7,0
43049,15299.5,0
43050,15045.4,0
43051,14776.8,0
43052,15606.3,0
43053,16807.5,0
43054,18689.9,0
43055,21881.5,0
43056,25214.7,0
43057,28183.3,0
43058,30380.4,0
43059,32434.2,0
43060,34408.8,0
43061,36702.4,0
43062,38591.1,0
43063,39103.9,0
43064,39629.1,0
43065,37961.2,0
43066,37034.6,0
43067,38668,0
43068,41016,0
43069,42019.3,0
43070,43211.2,0
43071,45023.3,0
43072,46338.8,0
43073,46231.7,0
43074,45607,0
43075,44591.3,0
43076,45350.1,0
43077,46307.7,0
43078,47709.7,0
43079,50363.5,0
43080,53132.5,0
43081,55749.1,0
43082,57311.1,0
43083,58489.2,0
43084,59959.5,0
43085,61396.4,0
43086,61896.4,0
43087,60688.1,0
43088,59068.7,0
43089,55070.9,0
43090,50056.9,0
43091,45621.3,0
43092,41911.7,0
43093,38653.9,0
43094,35977.1,0
43095,34453.8,0
43096,34941.4,0
43097,38519.8,0
43098,38770.8,0
43099,38663.8,0
43100,40338.3,0
43101,42212.6,0
43102,44177.2,0
43103,47116.6,0
43104,50100.2,0
43105,51875,0
43106,51913.9,0
43107,51380.1,0
43108,51085,0
43109,50692.4,0
43110,49191,0
43111,46847,0
43112,45833.9,0
43113,46694.6,0
43114,46654.8,0
43115,45733.3,0
43116,45241.5,0
43117,44523,0
43118,44220.9,0
43119,43976,0
43120,43785.3,0
43121,43055.6,0
43122,40508.2,0
43123,38264,0
43124,37959.6,0
43125,37904.3,0
43126,38068.6,0
43127,39463.9,0
43128,40943,0
43129,42359.2,0
43130,42896.4,0
43131,43083.4,0
43132,42960.4,0
43133,42371.3,0
43134,40794.7,0
43135,38443.9,0
43136,37416.2,0
43137,37518.2,0
43138,37176.9,0
43139,35754.9,0
43140,34555.3,0
43141,33133.8,0
43142,31460.1,0
43143,30111.3,0
43144,30058,0
43145,28912.8,0
43146,26584.2,0
43147,24527.8,0
43148,24507.5,0
43149,24747.1,0
43150,25444.5,0
43151,27528.1,0
43152,29760.7,0
43153,31574.1,0
43154,32165.1,0
43155,32423.9,0
43156,32477.1,0
43157,32101.9,0
43158,30736.1,0
43159,28514.2,0
43160,27599.4,0
43161,28217.2,0
43162,27782.2,0
43163,26250.5,0
43164,25586.4,0
43165,24256,0
43166,24117.1,0
43167,24649.6,0
43168,24222.6,0
43169,22880.2,0
43170,20460.8,0
43171,18305.8,0
43172,17961.3,0
43173,17830.4,0
43174,18191.5,0
43175,19981.2,0
43176,21935.8,0
43177,23771.2,0
43178,24615.6,0
43179,25154.2,0
43180,25593.5,0
43181,25608.6,0
43182,24707.9,0
43183,22931.8,0
43184,22294.8,0
43185,22927.9,0
43186,22652,0
43187,21613.4,0
43188,20896,0
43189,20116,0
43190,20134.3,0
43191,20243,0
43192,20390.9,0
43193,19682.1,0
43194,17624.6,0
43195,16130.1,0
43196,16289.5,0
43197,16635.9,0
43198,17458.3,0
43199,19686.1,0
43200,22105.1,0
43201,24315.8,0
43202,25474.8,0
43203,26325.4,0
43204,27220,0
43205,27914.6,0
43206,27684.1,0
43207,26515.4,0
43208,26448.9,0
43209,27655.6,0
43210,27855.1,0
43211,27156.2,0
43212,26322.5,0
43213,25986.3,0
43214,26364.5,0
43215,26914.3,0
43216,27395.2,0
43217,26771.5,0
43218,25113.7,0
43219,23874.9,0
43220,24637.8,0
43221,25664.3,0
43222,27275.7,0
43223,30360.6,0
43224,33625.6,0
43225,37057.6,0
43226,39737.3,0
43227,42121.6,0
43228,44070.6,0
43229,45419.5,0
43230,45777.8,0
43231,45367.2,0
43232,45668.2,0
43233,43183.2,0
43234,39964.2,0
43235,36206.2,0
43236,33280.5,0
43237,30292.9,0
43238,28299.2,0
43239,26762.2,0
43240,27301.1,0
43241,30338.3,0
43242,30925.1,0
43243,30790.6,0
43244,31989.2,0
43245,33425.7,0
43246,35460.6,0
43247,38919.5,0
43248,42441.8,0
43249,45086.4,0
43250,46228.7,0
43251,46875.8,0
43252,47279.2,0
43253,47281.9,0
43254,46206,0
43255,44089,0
43256,43155.7,0
43257,43674.1,0
43258,43247.1,0
43259,41809.7,0
43260,40723.8,0
43261,38486.1,0
43262,37276.6,0
43263,34207.7,0
43264,35318.2,0
43265,39092.3,0
43266,39510.8,0
43267,39798.7,0
43268,42042.5,0
43269,44554.1,0
43270,46584,0
43271,49265,0
43272,51958.6,0
43273,54794.2,0
43274,56816.4,0
43275,58453.3,0
43276,59635.3,0
43277,60095.1,0
43278,59568.8,0
43279,58841.8,0
43280,59735.4,0
43281,58557.7,0
43282,54700.5,0
43283,51127.8,0
43284,48337.2,0
43285,45950,0
43286,44080,0
43287,43546.5,0
43288,45117.3,0
43289,49190.6,0
43290,49552.1,0
43291,49661,0
43292,51465.7,0
43293,53486.6,0
43294,55777.7,0
43295,59084.8,0
43296,62435.9,0
43297,65168.8,0
43298,66517,0
43299,67389.9,0
43300,67715.2,0
43301,67378.4,0
43302,65914.8,0
43303,63582.8,0
43304,62457.4,0
43305,59917.7,0
43306,57441.4,0
43307,54943.4,0
43308,52976.9,0
43309,51778.4,0
43310,50463.6,0
43311,49835.3,0
43312,49370.9,0
43313,48294.4,0
43314,46620.9,0
43315,44717.5,0
43316,44893.7,0
43317,45308.4,0
43318,45830.5,0
43319,47515.7,0
43320,49291.7,0
43321,50739.3,0
43322,51103.2,0
43323,51082.5,0
43324,50401,0
43325,48914.2,0
43326,46387.8,0
43327,43004.8,0
43328,40906.3,0
43329,39189.6,0
43330,34517.1,0
43331,28622.8,0
43332,23760,0
43333,20809.2,0
43334,18992.4,0
43335,18239.8,0
43336,19933.5,0
43337,23015.3,0
43338,25038.4,0
43339,26688.2,0
43340,29553.8,0
43341,32826.2,0
43342,36185.1,0
43343,40664.8,0
43344,45301.4,0
43345,49159.9,0
43346,51534.6,0
43347,53427.8,0
43348,55328.9,0
43349,57079.4,0
43350,57835,0
43351,57101.4,0
43352,56871.6,0
43353,53278,0
43354,48535.5,0
43355,43937.8,0
43356,40281.1,0
43357,38186.9,0
43358,36739.9,0
43359,37156.5,0
43360,38043,0
43361,37459,0
43362,35457,0
43363,33066.4,0
43364,32336.9,0
43365,31728.3,0
43366,32721.6,0
43367,35918.1,0
43368,39323.3,0
43369,42866.2,0
43370,45639.7,0
43371,48242.3,0
43372,50507.6,0
43373,52162.2,0
43374,52880.7,0
43375,52394.1,0
43376,52681.8,0
43377,50650.2,0
43378,47023.9,0
43379,44276.1,0
43380,40511,0
43381,37484.6,0
43382,35118.9,0
43383,34038.1,0
43384,35481.3,0
43385,37303.2,0
43386,37363.5,0
43387,36932.5,0
43388,38236.9,0
43389,39713.8,0
43390,40943.5,0
43391,42843,0
43392,44778.2,0
43393,46657.9,0
43394,47499.1,0
43395,47925,0
43396,48402.7,0
43397,48607.7,0
43398,47893.6,0
43399,45870.5,0
43400,44656.7,0
43401,44229.6,0
43402,43386,0
43403,41932.9,0
43404,40275.7,0
43405,39110,0
43406,38422.9,0
43407,37975.5,0
43408,37301,0
43409,36039,0
43410,33817.8,0
43411,31518.6,0
43412,31281.8,0
43413,31273.2,0
43414,31785.8,0
43415,33754.1,0
43416,35875.4,0
43417,38143.7,0
43418,39666.2,0
43419,40872.2,0
43420,42403.7,0
43421,43953.4,0
43422,44647.9,0
43423,43701.6,0
43424,43370.7,0
43425,41989.8,0
43426,37993.9,0
43427,32772,0
43428,30380.6,0
43429,26701.1,0
43430,24840.7,0
43431,23638.9,0
43432,23889.4,0
43433,27090.1,0
43434,27260,0
43435,26698.1,0
43436,27479.8,0
43437,28454.4,0
43438,29392.3,0
43439,31442.1,0
43440,33405,0
43441,35091.5,0
43442,35739.8,0
43443,35935.2,0
43444,35735,0
43445,35035.5,0
43446,33332,0
43447,30642.3,0
43448,29203.5,0
43449,29865.4,0
43450,29120.7,0
43451,27569.5,0
43452,26067,0
43453,24978.1,0
43454,24428.6,0
43455,23921.6,0
43456,23969.9,0
43457,25821.6,0
43458,25688.7,0
43459,25435.6,0
43460,26932,0
43461,28769.3,0
43462,30716.5,0
43463,33846.2,0
43464,37089.8,0
43465,40140.3,0
43466,42109.5,0
43467,43773.5,0
43468,45345.7,0
43469,46443.3,0
43470,46603.1,0
43471,45801.3,0
43472,45911.9,0
43473,43987.1,0
43474,43149.9,0
43475,43622,0
43476,44371.9,0
43477,45440.1,0
43478,45095.1,0
43479,45082.6,0
43480,48533.3,0
43481,51301.3,0
43482,52462.8,0
43483,52660.8,0
43484,54634.7,0
43485,56748.5,0
43486,58914.4,0
43487,62179,0
43488,65491.3,0
43489,68434.7,0
43490,70208.8,0
43491,71537,0
43492,72698.9,0
43493,73284.4,0
43494,72831.1,0
43495,71317.4,0
43496,70607.4,0
43497,65846.8,0
43498,60912.7,0
43499,57460.7,0
43500,54646.1,0
43501,51736.1,0
43502,48992.3,0
43503,47453.9,0
43504,48028.4,0
43505,51989.9,0
43506,53365.7,0
43507,53358.6,0
43508,55169.8,0
43509,57192.2,0
43510,59446.3,0
43511,62725.2,0
43512,66048,0
43513,69227.9,0
43514,71318.3,0
43515,73017.2,0
43516,74440.8,0
43517,75238.1,0
43518,75048.3,0
43519,73848.3,0
43520,73495.1,0
43521,69336.9,0
43522,63290.6,0
43523,57533.3,0
43524,52518.1,0
43525,48236.3,0
43526,44725.3,0
43527,42517.7,0
43528,42793.1,0
43529,45623.6,0
43530,46100.6,0
43531,45604,0
43532,46896,0
43533,48443.6,0
43534,50431.7,0
43535,53625.7,0
43536,56888.9,0
43537,59673,0
43538,61133.7,0
43539,62203.3,0
43540,63290.3,0
43541,63965.4,0
43542,63626.9,0
43543,61691.2,0
43544,60348.4,0
43545,59528.5,0
43546,57417.2,0
43547,54725,0
43548,51436.7,0
43549,49204.1,0
43550,47499.9,0
43551,46608.3,0
43552,46033.6,0
43553,44942.4,0
43554,43169.5,0
43555,41134.2,0
43556,41119.7,0
43557,41406,0
43558,42139.4,0
43559,44198.2,0
43560,46401,0
43561,48158.6,0
43562,48732.4,0
43563,48929.1,0
43564,48933,0
43565,48532.5,0
43566,47131,0
43567,44591.7,0
43568,43220.5,0
43569,42780.3,0
43570,41686.4,0
43571,40043.2,0
43572,38639.6,0
43573,37544.3,0
43574,36618.4,0
43575,36237.7,0
43576,35875.7,0
43577,34753,0
43578,32863.8,0
43579,30907.4,0
43580,30827.6,0
43581,31046.5,0
43582,31796.9,0
43583,33977,0
43584,36327.9,0
43585,38402.1,0
43586,39326,0
43587,39900.6,0
43588,40438.2,0
43589,40644.5,0
43590,39887.8,0
43591,38440.3,0
43592,38456.3,0
43593,40412,0
43594,40419.5,0
43595,39574.9,0
43596,38937.9,0
43597,39175.6,0
43598,39957.9,0
43599,40921.2,0
43600,42140.9,0
43601,42182.3,0
43602,40401.6,0
43603,39441,0
43604,40731.2,0
43605,42286.9,0
43606,44513,0
43607,48381.2,0
43608,52450.1,0
43609,56584.4,0
43610,59907.6,0
43611,63089.8,0
43612,66054.6,0
43613,68455,0
43614,69914.4,0
43615,69963.7,0
43616,70711.4,0
43617,70088.8,0
43618,65621.9,0
43619,61219.5,0
43620,57787.1,0
43621,54768,0
43622,52186.5,0
43623,50989.4,0
43624,52012,0
43625,55585.7,0
43626,55338.6,0
43627,54844.3,0
43628,56195.3,0
43629,57721.7,0
43630,59745.9,0
43631,63038.6,0
43632,66442.4,0
43633,69872.1,0
43634,72393.7,0
43635,74570.1,0
43636,75936.8,0
43637,76371.8,0
43638,75789.9,0
43639,73922.6,0
43640,72938.6,0
43641,72085.7,0
43642,68128.6,0
43643,64567.5,0
43644,59770.2,0
43645,56686.6,0
43646,55988.9,0
43647,54873.2,0
43648,53834.3,0
43649,51945,0
43650,48334,0
43651,45502.9,0
43652,44963.4,0
43653,44748,0
43654,44947.1,0
43655,46508.3,0
43656,48228.8,0
43657,49905.8,0
43658,50614.5,0
43659,51029.8,0
43660,51757,0
43661,52309.6,0
43662,51980.1,0
43663,51472.5,0
43664,52473.3,0
43665,51088.6,0
43666,47077.8,0
43667,42842.1,0
43668,39385.8,0
43669,36463.4,0
43670,33920.3,0
43671,32479.7,0
43672,33746.6,0
43673,36841.2,0
43674,38015.5,0
43675,38348.7,0
43676,40236.4,0
43677,42371.3,0
43678,43639.6,0
43679,45223.5,0
43680,46626.9,0
43681,48395.8,0
43682,49477.2,0
43683,50127.6,0
43684,50163.1,0
43685,49375.5,0
43686,47601.8,0
43687,45170.1,0
43688,44154.3,0
43689,44116.5,0
43690,43090.1,0
43691,41186.2,0
43692,38969.1,0
43693,37414.9,0
43694,36462.6,0
43695,35737.3,0
43696,35110.9,0
43697,33895.1,0
43698,31767.4,0
43699,29508.8,0
43700,29067.3,0
43701,28898.9,0
43702,29069.6,0
43703,30561.3,0
43704,32180.2,0
43705,33752.3,0
43706,34409.8,0
43707,34747.1,0
43708,34876.6,0
43709,34541.3,0
43710,33211.3,0
43711,31149.5,0
43712,30508.7,0
43713,30895.7,0
43714,29232.2,0
43715,26403.2,0
43716,23093.3,0
43717,22019.4,0
43718,20165.2,0
43719,18511.6,0
43720,18727.3,0
43721,19884.9,0
43722,19102.3,0
43723,18253.4,0
43724,18839.4,0
43725,19651.8,0
43726,21260,0
43727,24569.5,0
43728,28074.5,0
43729,31355,0
43730,33510.9,0
43731,35403.9,0
43732,37191,0
43733,38513.4,0
43734,38875.8,0
43735,38278,0
43736,38647.5,0
43737,37567.6,0
43738,34497.3,0
43739,31505.7,0
43740,29184.3,0
43741,26886.2,0
43742,25756.7,0
43743,26599.3,0
43744,27369.9,0
43745,27913.7,0
43746,27233.1,0
43747,27098.1,0
43748,28962.2,0
43749,31159.4,0
43750,32352.6,0
43751,33769.6,0
43752,35130.1,0
43753,36682.1,0
43754,37428.8,0
43755,37742.2,0
43756,37952.9,0
43757,37811.4,0
43758,36728.5,0
43759,34619.9,0
43760,33851.5,0
43761,35138.8,0
43762,34947.2,0
43763,33415.5,0
43764,31947.7,0
43765,30781,0
43766,30425.3,0
43767,30532.1,0
43768,29729.5,0
43769,28325.1,0
43770,25326.6,0
43771,22997.4,0
43772,22807.3,0
43773,22887.1,0
43774,23476.4,0
43775,25479.8,0
43776,27664.2,0
43777,29599.5,0
43778,30437.1,0
43779,30947.3,0
43780,31286.4,0
43781,31193.1,0
43782,30160.8,0
43783,28404,0
43784,28159.7,0
43785,29737.1,0
43786,29346.9,0
43787,28065.4,0
43788,26965.1,0
43789,26084.7,0
43790,25823.8,0
43791,25754.7,0
43792,25657.2,0
43793,24889.9,0
43794,22401.9,0
43795,20801,0
43796,21612.9,0
43797,22691.5,0
43798,23787.1,0
43799,25948.8,0
43800,28251.8,0
