Hours,HPHtgLd_W
0,0
1,413.1
2,400.6
3,414.4
4,401.3
5,413.1
6,553.3
7,417.7
8,400.6
9,414.4
10,401.3
11,413
12,502.8
13,517.3
14,666.7
15,508.1
16,415
17,402.3
18,412.5
19,403
20,411.8
21,403.7
22,564.2
23,404.8
24,412.6
25,453.9
26,464.8
27,454
28,465.4
29,453.3
30,617.8
31,568.5
32,1178.2
33,2010.6
34,2184.9
35,2232.3
36,2647.4
37,3168.4
38,3021.8
39,1993.4
40,1920.6
41,2489.8
42,1573.4
43,1294.8
44,990
45,1088.1
46,620.5
47,464.2
48,461.9
49,457.3
50,463.7
51,456.5
52,464
53,455.8
54,617.7
55,567.7
56,1180.7
57,2014
58,2187.6
59,2235
60,2651
61,3176.3
62,3024.7
63,1998.7
64,1924.7
65,2493.2
66,1575.7
67,1297.4
68,986.6
69,1093.6
70,617.8
71,469.1
72,458
73,462.6
74,462.7
75,458.3
76,463
77,457.6
78,617.9
79,561.9
80,1188.6
81,2017.4
82,2188.8
83,2240.9
84,2655.3
85,3180.8
86,3029.2
87,2002.5
88,1928.5
89,2496.7
90,1577.6
91,1300.7
92,988.3
93,1092.8
94,621.1
95,468.8
96,453.7
97,467.9
98,460.3
99,461.8
100,463.3
101,458.7
102,618.3
103,560
104,1192.8
105,2020.8
106,2191.4
107,2245.5
108,2659.7
109,3185.7
110,3034.3
111,2005.6
112,1932.1
113,2500.5
114,1580
115,1303
116,989.7
117,1094.1
118,622
119,469.2
120,454.2
121,468.4
122,460.7
123,462.2
124,463.7
125,459.2
126,619
127,560.6
128,1194.5
129,2023.9
130,2195.1
131,2248.8
132,2663.9
133,3191.2
134,3039.4
135,2009
136,1934.2
137,2505.3
138,1583
139,1303.4
140,990.8
141,1098.1
142,620.2
143,470.5
144,458
145,465.4
146,464.1
147,459.7
148,464.4
149,458.9
150,620.1
151,564.4
152,772.9
153,988
154,1302.2
155,1197.5
156,1411
157,1252.3
158,1205.7
159,991
160,885.6
161,934.8
162,576.6
163,560.1
164,572.2
165,570.8
166,671.7
167,463.3
168,464.3
169,408.3
170,413.1
171,408.1
172,411.2
173,409.1
174,567.2
175,409.7
176,412.1
177,407.8
178,411.9
179,408.5
180,515.6
181,511.5
182,673.3
183,519.3
184,410
185,406.5
186,413.2
187,403.1
188,417
189,403.7
190,570.8
191,412.1
192,410.5
193,461.7
194,462.7
195,466.1
196,459.3
197,466.7
198,612.1
199,574.6
200,1189.3
201,2039.9
202,2203
203,2263.5
204,2676.6
205,3201.6
206,3057.5
207,2011.7
208,1948.2
209,2513.6
210,1587
211,1317.5
212,995.3
213,1092.8
214,632.9
215,469.2
216,458.3
217,468
218,457.9
219,469.5
220,457.1
221,469.5
222,621.1
223,565.2
224,1198.4
225,2038
226,2205.6
227,2265.4
228,2680.5
229,3210
230,3058.5
231,2020.9
232,1946.9
233,2520.4
234,1592.4
235,1310.8
236,996.1
237,1104.2
238,622.8
239,472.5
240,464.5
241,462.4
242,466.3
243,461.1
244,467.1
245,460.2
246,623.1
247,570.7
248,1196.2
249,2038.8
250,2214.8
251,2262.3
252,2686
253,3215.3
254,3065.9
255,2020.5
256,1947.9
257,2524.4
258,1594.8
259,1316.6
260,1002.4
261,1096.9
262,632.6
263,461.1
264,468.7
265,458.4
266,469.9
267,457.6
268,470.3
269,461
270,620.9
271,575.3
272,1194.5
273,2045.1
274,2215.8
275,2271.1
276,2689
277,3216.1
278,3072.6
279,2018.9
280,1956.6
281,2525.3
282,1593.5
283,1323.9
284,999.2
285,1097.1
286,634.7
287,470.3
288,459.7
289,469.7
290,459.3
291,470
292,458.4
293,470.5
294,623.1
295,567
296,1203.2
297,2046.6
298,2215.5
299,2274.5
300,2692
301,3224.9
302,3072.3
303,2029.6
304,1953.6
305,2531.5
306,1598.8
307,1315.3
308,1004.8
309,1104.4
310,631.2
311,466.1
312,467.6
313,461.5
314,468.6
315,460.6
316,469.5
317,459.7
318,625.7
319,575.6
320,781.3
321,994.4
322,1308.4
323,1216.8
324,1416.9
325,1271.8
326,1209
327,999.7
328,892.8
329,942.8
330,582.3
331,574.6
332,564.1
333,576.9
334,678.3
335,462.1
336,470.8
337,406.5
338,418.6
339,406.3
340,418.5
341,406.8
342,573.6
343,408.6
344,419.3
345,405.8
346,418.6
347,406.3
348,522.3
349,520.9
350,669.8
351,526.7
352,406.9
353,419.6
354,405.8
355,418.9
356,406.3
357,418.1
358,562.4
359,422
360,405.3
361,419.8
362,406.2
363,419
364,406.7
365,418.7
366,562.4
367,422.9
368,405.6
369,419.8
370,406.2
371,418.9
372,510.2
373,525.4
374,678.6
375,515.2
376,420
377,406.5
378,418.9
379,407.1
380,418.2
381,407.6
382,573.9
383,408.6
384,418.9
385,458.7
386,472.2
387,463.2
388,468.4
389,469.2
390,618
391,578.6
392,1201.5
393,2061.3
394,2228.1
395,2288.6
396,2706.8
397,3239.6
398,3090.8
399,2037.7
400,1967.4
401,2543.9
402,1607.1
403,1323.4
404,1004.5
405,1113.7
406,627.2
407,475.4
408,467.9
409,464.5
410,468.7
411,463.5
412,469.6
413,462.5
414,627.6
415,576.7
416,1204.5
417,2057.6
418,2236.8
419,2284.9
420,2712
421,3243.7
422,3098.8
423,2035.9
424,1969.4
425,2546.5
426,1607.4
427,1333.3
428,1006.4
429,1105.1
430,638
431,472.4
432,462.3
433,471.3
434,461.7
435,472
436,460.8
437,472.6
438,626.7
439,570.2
440,1212.2
441,2062
442,2233.8
443,2290.4
444,2714.2
445,3251.9
446,3098.3
447,2042.9
448,1967.5
449,2552.5
450,1611
451,1331
452,1010.6
453,1107.2
454,638.1
455,463.4
456,472.6
457,460.5
458,473.5
459,465.5
460,468.3
461,470.4
462,619.5
463,580.1
464,1205.5
465,2069.5
466,2234.8
467,2297.3
468,2717.5
469,3252.9
470,3101.4
471,2047.5
472,1971.7
473,2554.5
474,1613.3
475,1326.5
476,1012.8
477,1113.3
478,637.1
479,467
480,470.6
481,463.7
482,471.6
483,462.8
484,472.5
485,461.8
486,630.4
487,579.1
488,787.5
489,1001.7
490,1318.7
491,1228.1
492,1427.1
493,1282.7
494,1218.1
495,1007.2
496,901.3
497,955.1
498,578.9
499,579.2
500,577
501,570.5
502,683.4
503,474.1
504,464.1
505,418.7
506,411.3
507,417.2
508,411.8
509,412.7
510,572.2
511,421.1
512,410.6
513,418
514,411.1
515,417.4
516,515.9
517,526.2
518,681.6
519,520.8
520,419.2
521,411.2
522,417.1
523,411.7
524,416.9
525,412.2
526,575.5
527,413.2
528,417.5
529,463.5
530,472.3
531,463.4
532,473.1
533,462.5
534,631.5
535,580.1
536,1210.1
537,2071.3
538,2247.4
539,2303.1
540,2727.5
541,3262.8
542,3114.9
543,2050.6
544,1982
545,2562.3
546,1618.1
547,1332.5
548,1010.7
549,1120.8
550,630.3
551,477.6
552,470.3
553,466.1
554,471.3
555,465.1
556,472
557,464.2
558,631
559,579.7
560,1211.8
561,2071.6
562,2252.4
563,2302.8
564,2731
565,3266.6
566,3119.8
567,2050.6
568,1986.2
569,2563.6
570,1618.8
571,1336.5
572,1012
573,1119.9
574,633.1
575,477.2
576,463.1
577,474
578,471
579,466.3
580,471.8
581,465.4
582,631.1
583,579.4
584,1213.8
585,2073.9
586,2254
587,2304.6
588,2734.2
589,3270.3
590,3124
591,2051.6
592,1989
593,2565.9
594,1620
595,1339.1
596,1013
597,1119.2
598,635.7
599,476.9
600,461.8
601,476
602,470.8
603,467.2
604,471.4
605,466.1
606,631.4
607,576.2
608,1218.2
609,2076.1
610,2256.8
611,2305.8
612,2737.1
613,3273.8
614,3127.5
615,2053.4
616,1990.2
617,2569.4
618,1621.5
619,1340.5
620,1013.9
621,1120.1
622,636.3
623,477.2
624,462.1
625,476.3
626,471.1
627,467.5
628,471.7
629,466.4
630,631.9
631,576.8
632,1219.2
633,2078.1
634,2259
635,2309.7
636,2738.5
637,3277.1
638,3130.4
639,2055.9
640,1992.2
641,2571.8
642,1623.4
643,1340.8
644,1014.7
645,1122.6
646,634.9
647,478.1
648,463.2
649,475.7
650,471.9
651,467.2
652,472.7
653,466.2
654,632.5
655,581
656,785.5
657,1015.2
658,1328.8
659,1232.3
660,1441
661,1290.7
662,1226.6
663,1014.3
664,905
665,957.9
666,587.1
667,581.5
668,578.9
669,574.9
670,687
671,470.7
672,471.6
673,418.5
674,414.6
675,411.9
676,419.8
677,409
678,580.8
679,422.1
680,412.9
681,419
682,413.4
683,415.7
684,521.4
685,528.1
686,685
687,524.1
688,420.8
689,413.3
690,418.2
691,413.7
692,418.1
693,414.2
694,578.3
695,415.1
696,419.3
697,465.7
698,474.2
699,465.6
700,475.1
701,464.6
702,634.6
703,583
704,1217.8
705,2086.1
706,2263
707,2319.6
708,2746.4
709,3286.7
710,3135.2
711,2068.2
712,1992.6
713,2581.3
714,1628.7
715,1339.9
716,1026
717,1119.4
718,642.9
719,468.3
720,474.7
721,465.2
722,475.9
723,464.2
724,476.4
725,466.8
726,631.5
727,584.3
728,1218.2
729,2091.2
730,2261.8
731,2322.7
732,2747
733,3292.3
734,3137.6
735,2069.9
736,1992.7
737,2582.6
738,1631.2
739,1346.6
740,1021.5
741,1119.5
742,644.1
743,466.5
744,476.4
745,466.6
746,474.3
747,473.8
748,467.3
749,474.7
750,624.3
751,585.7
752,1219.5
753,2095.7
754,2260.9
755,2324.3
756,2749.9
757,3296.2
758,3141.2
759,2068.8
760,1993
761,2586.6
762,1631.5
763,1350.7
764,1019.5
765,1119.7
766,645.4
767,476.3
768,467
769,475.2
770,466.2
771,475.7
772,465.1
773,476.5
774,633.4
775,576
776,1228.6
777,2090
778,2266.9
779,2321.6
780,2753.9
781,3297.1
782,3146.9
783,2067.1
784,2000.2
785,2586.6
786,1630.8
787,1350.6
788,1019.7
789,1124
790,641.9
791,479.1
792,464.5
793,477.7
794,468
795,474.2
796,474.2
797,468.6
798,634.6
799,577.3
800,1227.8
801,2090.5
802,2272.6
803,2322.7
804,2756.8
805,3297.8
806,3148.6
807,2070.6
808,2002.9
809,2588.6
810,1634.7
811,1343.8
812,1022.3
813,1129.1
814,641.1
815,473.8
816,474.4
817,467.8
818,475.4
819,466.8
820,476.3
821,465.7
822,636.6
823,584.7
824,796
825,1013.4
826,1334.7
827,1243
828,1446.3
829,1297.3
830,1232.4
831,1025.8
832,912.6
833,961.7
834,579.5
835,585.6
836,583.3
837,573.6
838,691
839,479.8
840,465.5
841,423.9
842,411.7
843,423.5
844,412.1
845,422.1
846,571.1
847,427.2
848,410.7
849,424.1
850,411.2
851,423.1
852,517.3
853,532.4
854,689.2
855,522.1
856,426
857,410.9
858,423.6
859,411.3
860,423.5
861,411.7
862,582.4
863,415.5
864,421.7
865,468.8
866,473.3
867,475.1
868,468.1
869,476
870,625.7
871,587.4
872,1224.8
873,2102.1
874,2270.4
875,2331.4
876,2760
877,3308.6
878,3154.4
879,2074.8
880,2003.2
881,2594.9
882,1635.2
883,1356.1
884,1022.3
885,1123.6
886,647
887,478.8
888,466.3
889,477.5
890,465.4
891,478.6
892,472.2
893,471.6
894,635.4
895,575.5
896,1233.8
897,2096.4
898,2278.6
899,2328.3
900,2764.7
901,3307.2
902,3157.8
903,2076
904,2008.4
905,2595.9
906,1638.9
907,1347.2
908,1025.6
909,1131.1
910,644.4
911,472.5
912,475.3
913,468.3
914,476.4
915,467.2
916,477.3
917,466.1
918,637.7
919,586.3
920,1225
921,2101.2
922,2276.5
923,2336
924,2763.8
925,3310.8
926,3156.3
927,2081.4
928,2003.8
929,2598.4
930,1639.2
931,1356.4
932,1024.3
933,1124.9
934,647.5
935,471.1
936,475
937,475.5
938,468.8
939,476.4
940,467.7
941,477
942,634.5
943,579.5
944,1230.1
945,2102.2
946,2276.9
947,2333.7
948,2766.3
949,3313.5
950,3162
951,2076.6
952,2009.9
953,2598.9
954,1638.7
955,1355.1
956,1023.7
957,1131.5
958,641
959,480.8
960,465.1
961,479.7
962,474.7
963,470.1
964,475.5
965,469
966,637
967,585.3
968,1227.3
969,2099.4
970,2282.2
971,2336
972,2769
973,3312.9
974,3160.6
975,2083.9
976,2007
977,2602
978,1640.8
979,1351.7
980,1030.8
981,1126.8
982,647
983,469.5
984,477.9
985,466.3
986,478.6
987,470.3
988,474.5
989,476
990,628.1
991,588
992,799.5
993,1016.4
994,1346.7
995,1241.5
996,1459
997,1294.4
998,1246.5
999,1024.1
1000,913
1001,964.8
1002,591
1003,575.5
1004,586.6
1005,585.6
1006,691
1007,473.7
1008,476.2
1009,416
1010,421.3
1011,415.5
1012,420.4
1013,416
1014,582.3
1015,416.8
1016,422.5
1017,414.5
1018,421.5
1019,414.9
1020,529.3
1021,521.8
1022,692.8
1023,534.9
1024,414.8
1025,423
1026,413.5
1027,423.9
1028,413.9
1029,422.6
1030,573.6
1031,426.7
1032,412.5
1033,477.5
1034,466.2
1035,479.6
1036,474.1
1037,471.5
1038,637
1039,576.6
1040,1237.5
1041,2102.9
1042,2285.8
1043,2336.3
1044,2773.5
1045,3317.9
1046,3167
1047,2084.3
1048,2012.8
1049,2605.1
1050,1642.9
1051,1350.5
1052,1034.4
1053,1129.1
1054,647.3
1055,471
1056,477.5
1057,467.7
1058,478.5
1059,466.6
1060,479.1
1061,471.4
1062,633.5
1063,588
1064,1227.7
1065,2110.5
1066,2279.9
1067,2343
1068,2771.8
1069,3322.7
1070,3166.6
1071,2084.6
1072,2009.8
1073,2606.2
1074,1643
1075,1361
1076,1026.1
1077,1127.2
1078,649.5
1079,480
1080,467.8
1081,478.9
1082,466.8
1083,479.5
1084,468.2
1085,478
1086,637.2
1087,577.3
1088,1238.1
1089,2104.5
1090,2286.9
1091,2338.2
1092,2775.8
1093,3320.6
1094,3169.6
1095,2085.6
1096,2014.6
1097,2606.4
1098,1644.8
1099,1351.5
1100,1034.8
1101,1130.2
1102,647.7
1103,471.3
1104,477.7
1105,468
1106,478.7
1107,466.9
1108,479.2
1109,471.3
1110,634.2
1111,588.5
1112,1228.5
1113,2112
1114,2281.5
1115,2344.6
1116,2773.8
1117,3325.1
1118,3169
1119,2085.1
1120,2012.3
1121,2608
1122,1643.8
1123,1362
1124,1026.7
1125,1128
1126,649.9
1127,480.4
1128,467.8
1129,479
1130,466.8
1131,479.9
1132,473.6
1133,472.9
1134,637.6
1135,577.3
1136,1239
1137,2105.8
1138,2289
1139,2339.7
1140,2777.5
1141,3322.8
1142,3171.3
1143,2087.8
1144,2015.1
1145,2608.8
1146,1645.2
1147,1353.5
1148,1035.1
1149,1129.9
1150,648.3
1151,470.9
1152,478.3
1153,467.6
1154,480
1155,468.1
1156,479
1157,476.3
1158,629.9
1159,588.7
1160,800.9
1161,1018.9
1162,1348.8
1163,1245.5
1164,1462.5
1165,1297.6
1166,1249.1
1167,1026.7
1168,914.7
1169,967.3
1170,592.1
1171,576.7
1172,587.7
1173,586.7
1174,692.4
1175,474.5
1176,477.1
1177,416.6
1178,422
1179,416.1
1180,421
1181,416.5
1182,583.3
1183,417.3
1184,423.1
1185,415
1186,422.2
1187,415.4
1188,530.3
1189,522.5
1190,693.9
1191,535.4
1192,415.2
1193,423.8
1194,413.9
1195,423.8
1196,414.3
1197,423.4
1198,574.3
1199,427.9
1200,412.8
1201,424.5
1202,413.3
1203,424.9
1204,413.7
1205,423.7
1206,573.7
1207,428.9
1208,412.2
1209,425.8
1210,412.6
1211,425.1
1212,519.6
1213,534.9
1214,692.8
1215,525.7
1216,426.6
1217,412
1218,425.7
1219,412.4
1220,425.2
1221,412.8
1222,586.1
1223,423.3
1224,417.4
1225,475.6
1226,470.4
1227,477.5
1228,469.2
1229,478.5
1230,634.9
1231,583.1
1232,1234.3
1233,2112.1
1234,2286.1
1235,2343.4
1236,2778.9
1237,3327.2
1238,3176.4
1239,2084.3
1240,2020.4
1241,2609.6
1242,1646.6
1243,1357.2
1244,1027.3
1245,1139.2
1246,640.8
1247,481.4
1248,476
1249,470.8
1250,476.8
1251,469.7
1252,478
1253,468.5
1254,639.4
1255,587.6
1256,1230.7
1257,2110.1
1258,2288.9
1259,2347.4
1260,2777.6
1261,3327.5
1262,3172.5
1263,2091.1
1264,2013.4
1265,2611.3
1266,1646.9
1267,1362.9
1268,1028.4
1269,1129.7
1270,650
1271,479.2
1272,470
1273,477.8
1274,468.9
1275,478.4
1276,467.8
1277,479.3
1278,637.6
1279,579.6
1280,1239.4
1281,2108.5
1282,2289.1
1283,2341.8
1284,2781.1
1285,3326.8
1286,3176.8
1287,2087.1
1288,2020
1289,2610.7
1290,1647.6
1291,1354.1
1292,1032.3
1293,1135.4
1294,648
1295,472.9
1296,477.3
1297,469.2
1298,478.5
1299,468.1
1300,479.4
1301,467
1302,640.1
1303,588.4
1304,1230.4
1305,2113.6
1306,2286.2
1307,2347.9
1308,2777.9
1309,3329.9
1310,3173.4
1311,2089.4
1312,2013.8
1313,2612.1
1314,1646.6
1315,1363.8
1316,1028.1
1317,1129.4
1318,650.6
1319,481.2
1320,468.4
1321,479.7
1322,467.3
1323,480.2
1324,472.7
1325,474.6
1326,638.1
1327,577.9
1328,802
1329,1022.6
1330,1351.2
1331,1244.6
1332,1462.4
1333,1306.7
1334,1242.5
1335,1026
1336,915.4
1337,970.2
1338,591.6
1339,587.3
1340,585.3
1341,579.5
1342,694.4
1343,480.2
1344,470.4
1345,423.4
1346,415.9
1347,422.1
1348,416.3
1349,421.4
1350,576.8
1351,426.4
1352,414.8
1353,423.3
1354,415.1
1355,422.9
1356,522.1
1357,533.4
1358,692.3
1359,526.8
1360,425.6
1361,414.6
1362,423.5
1363,415
1364,422.8
1365,415.4
1366,584.4
1367,416.2
1368,424.6
1369,467.2
1370,479.4
1371,467
1372,480.3
1373,475.8
1374,631
1375,589
1376,1230
1377,2115.8
1378,2283.9
1379,2348.1
1380,2777.8
1381,3330
1382,3174.5
1383,2088
1384,2015.9
1385,2611.6
1386,1645.1
1387,1363.5
1388,1027.9
1389,1132.7
1390,646.9
1391,482
1392,467.3
1393,480.1
1394,472.5
1395,474.7
1396,476.2
1397,470.9
1398,638.6
1399,582.5
1400,1235.6
1401,2107.7
1402,2291.6
1403,2344
1404,2780.2
1405,3326.4
1406,3173.2
1407,2092.5
1408,2014.8
1409,2611.5
1410,1647
1411,1358.7
1412,1032.4
1413,1130.4
1414,649.4
1415,469.8
1416,479.5
1417,469.9
1418,476.9
1419,476.8
1420,470.1
1421,477.7
1422,628.7
1423,589.9
1424,1231.9
1425,2114.7
1426,2285
1427,2345
1428,2777.8
1429,3328.8
1430,3175.9
1431,2085.5
1432,2018.9
1433,2610.3
1434,1646
1435,1359.2
1436,1027.4
1437,1138.7
1438,639.9
1439,482.6
1440,475.7
1441,471.3
1442,476.3
1443,470.1
1444,477.6
1445,469
1446,639.3
1447,587.1
1448,1230.8
1449,2108.5
1450,2289.7
1451,2346
1452,2778.1
1453,3326.1
1454,3171.9
1455,2091.8
1456,2013.3
1457,2610.8
1458,1646.7
1459,1362.4
1460,1028.5
1461,1129.7
1462,649.8
1463,475.2
1464,473.8
1465,477
1466,469.6
1467,477.9
1468,468.5
1469,478.7
1470,637.1
1471,580.3
1472,1236.4
1473,2109.6
1474,2289
1475,2339.4
1476,2779.2
1477,3325.7
1478,3176.2
1479,2084.4
1480,2020.3
1481,2608.8
1482,1646.9
1483,1355.3
1484,1027.9
1485,1138.4
1486,643.6
1487,477.7
1488,476.4
1489,470
1490,477.3
1491,468.9
1492,478.3
1493,467.8
1494,639.9
1495,587.7
1496,800.6
1497,1019.6
1498,1343.3
1499,1251.4
1500,1457
1501,1303.9
1502,1241.4
1503,1033.9
1504,915.5
1505,967.6
1506,587.1
1507,583
1508,586.8
1509,583.5
1510,687
1511,483.1
1512,466.3
1513,427.3
1514,411.8
1515,426
1516,412.1
1517,425.6
1518,582.2
1519,419.6
1520,420.5
1521,417.3
1522,417.7
1523,420.1
1524,529.1
1525,524.8
1526,692.9
1527,533.8
1528,417.5
1529,421.7
1530,416.2
1531,418.8
1532,418.8
1533,414.6
1534,582.4
1535,425.5
1536,415.1
1537,476.5
1538,468.7
1539,478
1540,467.6
1541,478.8
1542,637.2
1543,579.3
1544,1237.9
1545,2106.1
1546,2286
1547,2339
1548,2777.9
1549,3322.8
1550,3173.6
1551,2083.8
1552,2018.5
1553,2606.9
1554,1646
1555,1353.4
1556,1028.7
1557,1136.4
1558,645.7
1559,474.8
1560,476.8
1561,469.4
1562,477.5
1563,468.3
1564,478.4
1565,467.2
1566,639.3
1567,587.9
1568,1228.9
1569,2108.9
1570,2284.2
1571,2344.3
1572,2773.7
1573,3323.5
1574,3168.1
1575,2087.6
1576,2010.6
1577,2607.7
1578,1644.7
1579,1361.3
1580,1027.1
1581,1128.3
1582,649.1
1583,479
1584,469.3
1585,477.6
1586,468.1
1587,478.4
1588,467
1589,479.3
1590,636.7
1591,578.5
1592,1237.5
1593,2104.6
1594,2285.2
1595,2337.4
1596,2775.9
1597,3320.5
1598,3171
1599,2083
1600,2016.7
1601,2605.5
1602,1645.1
1603,1352
1604,1029
1605,1135
1606,647
1607,472.9
1608,476.3
1609,469
1610,477.4
1611,467.9
1612,478.3
1613,466.8
1614,638.9
1615,587.6
1616,1228
1617,2107.7
1618,2282.3
1619,2342.6
1620,2771.7
1621,3321.1
1622,3165.7
1623,2086.1
1624,2009.1
1625,2605.8
1626,1643.5
1627,1360.3
1628,1026.5
1629,1127.5
1630,649.1
1631,478.7
1632,469.2
1633,477.2
1634,468
1635,477.9
1636,466.9
1637,478.8
1638,636.3
1639,578.4
1640,1236.5
1641,2102.3
1642,2283.8
1643,2334.8
1644,2774.4
1645,3317.8
1646,3168.9
1647,2080.7
1648,2015.8
1649,2603
1650,1643.9
1651,1351.7
1652,1026.5
1653,1135.7
1654,643.2
1655,476.4
1656,476
1657,469.2
1658,476.7
1659,468.1
1660,477.7
1661,467
1662,638.2
1663,586.7
1664,799.1
1665,1017.5
1666,1340.3
1667,1248.6
1668,1453.3
1669,1301.6
1670,1237.9
1671,1032.3
1672,913.6
1673,965.6
1674,583.9
1675,584.4
1676,585.7
1677,579.5
1678,688.8
1679,481.8
1680,466
1681,426.2
1682,411.6
1683,424.9
1684,412
1685,584.4
1686,422.1
1687,417.1
1688,413.1
1689,423.5
1690,411
1691,531.8
1692,529.9
1693,682.2
1694,535.5
1695,422.2
1696,416.1
1697,415.1
1698,420.9
1699,412.8
1700,424.3
1701,582.2
1702,417.3
1703,421.5
1704,468.2
1705,476.5
1706,467.8
1707,477.1
1708,466.8
1709,638.1
1710,585.6
1711,1226.3
1712,2101.7
1713,2280.2
1714,2337.5
1715,2767.2
1716,3313.4
1717,3159.5
1718,2084.3
1719,2005.9
1720,2600.9
1721,1640.8
1722,1356.3
1723,1026.4
1724,1126.1
1725,647.5
1726,468.9
1727,478.7
1728,475
1729,469.5
1730,476
1731,468.1
1732,477.5
1733,629.5
1734,584.7
1735,1228.5
1736,2103.9
1737,2275.2
1738,2334.2
1739,2765.2
1740,3313.8
1741,3161
1742,2077
1743,2008.7
1744,2598.7
1745,1638.1
1746,1356.1
1747,1023.7
1748,1129.6
1749,643
1750,480.4
1751,465.5
1752,479.1
1753,473.5
1754,470.6
1755,474.4
1756,469.1
1757,636.3
1758,581.6
1759,1228.6
1760,2097
1761,2279.9
1762,2331.4
1763,2765.7
1764,3310
1765,3156.4
1766,2079.6
1767,2006.9
1768,2598.1
1769,1638.8
1770,1347.5
1771,1032.1
1772,1126
1773,646.1
1774,470.2
1775,476.7
1776,466.8
1777,477.4
1778,465.5
1779,478
1780,469.7
1781,632.3
1782,586.8
1783,1223.6
1784,2102.4
1785,2272.1
1786,2334.4
1787,2761.6
1788,3309.7
1789,3154.2
1790,2078.3
1791,2002.1
1792,2596.5
1793,1638
1794,1355.8
1795,1023.3
1796,1123.9
1797,647.3
1798,477.5
1799,468.3
1800,476.1
1801,467.1
1802,476.4
1803,466
1804,477.3
1805,634.7
1806,577.1
1807,1231.7
1808,2095.5
1809,2273.4
1810,2327.5
1811,2762.1
1812,3305.8
1813,3156.4
1814,2071.8
1815,2007.1
1816,2593.4
1817,1635.9
1818,1351.7
1819,1021.8
1820,1130.7
1821,638.7
1822,480.5
1823,469.8
1824,473.6
1825,474.4
1826,468.9
1827,475.2
1828,467.8
1829,635.6
1830,583.8
1831,791.1
1832,1019.2
1833,1336.4
1834,1241.9
1835,1447.2
1836,1298.6
1837,1233.2
1838,1019.9
1839,911.7
1840,967
1841,583.9
1842,584.7
1843,582.5
1844,575.7
1845,690.8
1846,478.7
1847,467.5
1848,422.4
1849,413.3
1850,420.9
1851,413.8
1852,420.4
1853,572.6
1854,424.5
1855,412.4
1856,422.4
1857,412.8
1858,421.4
1859,518.9
1860,530.8
1861,688.2
1862,523.5
1863,424.1
1864,412.6
1865,421.8
1866,413
1867,421.2
1868,413.4
1869,581.1
1870,414.3
1871,422.8
1872,464.9
1873,476.8
1874,464.5
1875,477.5
1876,470.8
1877,629.3
1878,585.4
1879,1220.5
1880,2096.8
1881,2265.8
1882,2327.9
1883,2753.9
1884,3299.9
1885,3144.9
1886,2073.2
1887,1996.8
1888,2589.2
1889,1633.7
1890,1352.1
1891,1021
1892,1121.3
1893,645.8
1894,471.3
1895,472.6
1896,474.4
1897,467.2
1898,475.1
1899,466.2
1900,475.6
1901,632.3
1902,577.5
1903,1224.4
1904,2093.1
1905,2264.7
1906,2323.1
1907,2751.6
1908,3298.2
1909,3145
1910,2068.3
1911,1997.4
1912,2586.6
1913,1630.7
1914,1352.2
1915,1019.6
1916,1119.9
1917,646.1
1918,478.5
1919,465.6
1920,477.1
1921,464.3
1922,477.1
1923,464.5
1924,476.7
1925,633.3
1926,574
1927,1228.6
1928,2087.2
1929,2267.3
1930,2317.5
1931,2752.4
1932,3292
1933,3145
1934,2063.9
1935,2000.8
1936,2583.3
1937,1630.2
1938,1346.3
1939,1018.5
1940,1127.5
1941,636.3
1942,479.5
1943,469.9
1944,471.3
1945,473.1
1946,467.7
1947,474
1948,466.7
1949,633.8
1950,582.2
1951,1219.3
1952,2084.9
1953,2266.9
1954,2318.1
1955,2749.2
1956,3288.8
1957,3139.5
1958,2066.1
1959,1997.1
1960,2582.2
1961,1630.3
1962,1340
1963,1021
1964,1126.1
1965,640.2
1966,472.7
1967,473.9
1968,466.8
1969,474.2
1970,465.5
1971,475
1972,464.5
1973,634.5
1974,582.9
1975,1217.5
1976,2085.7
1977,2262.6
1978,2319.1
1979,2745.9
1980,3285.9
1981,3134.6
1982,2067.7
1983,1992.2
1984,2580.8
1985,1628.4
1986,1339.5
1987,1025.9
1988,1119.2
1989,642.8
1990,468.3
1991,474.6
1992,465
1993,475.2
1994,463.7
1995,475.8
1996,465.4
1997,631.5
1998,583.3
1999,793.2
2000,1007.9
2001,1330.2
2002,1236.5
2003,1441.7
2004,1288.3
2005,1227.9
2006,1022.8
2007,906.1
2008,957.5
2009,579.4
2010,580.9
2011,581.6
2012,574
2013,685.3
2014,479.3
2015,463.5
2016,423.6
2017,409.6
2018,421.4
2019,410.1
2020,421.8
2021,567.9
2022,426
2023,408.8
2024,422.9
2025,409.3
2026,422.3
2027,514.7
2028,530.2
2029,685.7
2030,519.6
2031,424.7
2032,409
2033,422.1
2034,409.6
2035,422
2036,410.1
2037,579.6
2038,413.5
2039,420.6
2040,465.6
2041,471.9
2042,472.5
2043,465.8
2044,473.3
2045,622
2046,583.7
2047,1214.1
2048,2085.8
2049,2250.5
2050,2313.8
2051,2736.9
2052,3280
2053,3125.3
2054,2060.6
2055,1984.9
2056,2573.5
2057,1623.7
2058,1344.5
2059,1016.2
2060,1115.4
2061,642.3
2062,464.9
2063,475.9
2064,469.4
2065,468.5
2066,472.5
2067,465.2
2068,473.3
2069,621.3
2070,583.5
2071,1213.8
2072,2083.4
2073,2248.1
2074,2311.1
2075,2734.1
2076,3276.8
2077,3122.1
2078,2058.5
2079,1982.9
2080,2570.9
2081,1622.7
2082,1342.4
2083,1015.5
2084,1114.4
2085,641.8
2086,464.7
2087,475.4
2088,467.9
2089,469.3
2090,472.1
2091,465
2092,472.9
2093,620.9
2094,583
2095,1212.2
2096,2081.7
2097,2245.5
2098,2308.4
2099,2731.2
2100,3273.9
2101,3118.6
2102,2056.9
2103,1981.1
2104,2568.2
2105,1621.1
2106,1340.9
2107,1014.5
2108,1113.6
2109,641.3
2110,464.9
2111,474.8
2112,463.6
2113,473.6
2114,471.1
2115,465.5
2116,472.1
2117,621
2118,582.3
2119,1210.1
2120,2079.8
2121,2243.5
2122,2307
2123,2728.5
2124,3268.7
2125,3115
2126,2055.8
2127,1979.1
2128,2565.5
2129,1619.4
2130,1338.1
2131,1014.8
2132,1112.9
2133,640.2
2134,465.6
2135,473.7
2136,462.4
2137,474.2
2138,462.8
2139,473.6
2140,470.6
2141,621.8
2142,581.1
2143,1209.1
2144,2075.3
2145,2243.4
2146,2304.2
2147,2725.6
2148,3263.5
2149,3111.4
2150,2054.5
2151,1977.9
2152,2562.7
2153,1617.6
2154,1330.1
2155,1018.8
2156,1113.8
2157,639
2158,466.8
2159,472.3
2160,463.5
2161,472.6
2162,462.2
2163,473.4
2164,461.3
2165,630.6
2166,580.1
2167,788.3
2168,1002.3
2169,1319.4
2170,1229.5
2171,1428.7
2172,1283.5
2173,1218.8
2174,1011.4
2175,902.6
2176,954.8
2177,575.7
2178,579.7
2179,577.8
2180,569.9
2181,684.2
2182,475.2
2183,463.4
2184,419.7
2185,410
2186,417.9
2187,410.5
2188,417.4
2189,567.1
2190,421.3
2191,409.3
2192,418.6
2193,409.9
2194,417.9
2195,514.6
2196,526
2197,681.1
2198,519.4
2199,420.2
2200,410
2201,417.9
2202,410.5
2203,417.5
2204,410.6
2205,575.8
2206,411.4
2207,419.1
2208,461.4
2209,472.5
2210,461
2211,473.1
2212,460.1
2213,630.1
2214,578.8
2215,1205.8
2216,2066.5
2217,2237.3
2218,2294.6
2219,2717.1
2220,3250.2
2221,3103.1
2222,2042.6
2223,1975.8
2224,2551.7
2225,1611.7
2226,1329.4
2227,1007.7
2228,1116.2
2229,629.7
2230,476
2231,466.1
2232,467.9
2233,469.7
2234,464.2
2235,469.8
2236,463.2
2237,627.9
2238,576
2239,1206.4
2240,2059.6
2241,2238.8
2242,2287.1
2243,2714.1
2244,3247.2
2245,3101.6
2246,2038
2247,1971
2248,2549.2
2249,1608.9
2250,1334
2251,1007.7
2252,1106.1
2253,638.4
2254,472.7
2255,462.6
2256,471.2
2257,461.3
2258,471.5
2259,460.4
2260,472.1
2261,626.1
2262,569.6
2263,1211.2
2264,2058.2
2265,2230.1
2266,2288.1
2267,2708.2
2268,3247.9
2269,3093
2270,2039.8
2271,1966.1
2272,2546.7
2273,1609.6
2274,1327.2
2275,1010.9
2276,1105.9
2277,636.9
2278,463.6
2279,471.6
2280,460.4
2281,471.9
2282,459.4
2283,472.6
2284,466.5
2285,620.4
2286,578.3
2287,1200.9
2288,2060
2289,2228.6
2290,2287.5
2291,2706.2
2292,3237.9
2293,3090.7
2294,2035.8
2295,1968.1
2296,2542.3
2297,1605.9
2298,1324.9
2299,1004.1
2300,1112.3
2301,628.8
2302,474.7
2303,458.7
2304,473.2
2305,467.6
2306,463.4
2307,468.4
2308,462.4
2309,625.8
2310,571.3
2311,1205.2
2312,2052
2313,2229.6
2314,2277.3
2315,2704.4
2316,3236
2317,3088.1
2318,2032
2319,1960.6
2320,2540.8
2321,1604.8
2322,1329.1
2323,1004.3
2324,1102.7
2325,636.9
2326,463.3
2327,469.9
2328,468.3
2329,462.2
2330,468.9
2331,461.2
2332,469.6
2333,615.1
2334,578.2
2335,783.1
2336,994.2
2337,1315.9
2338,1213.1
2339,1424.1
2340,1265.7
2341,1212.9
2342,1006.3
2343,893.9
2344,944.4
2345,573.8
2346,572.9
2347,575.4
2348,567.1
2349,677.5
2350,474.2
2351,459.1
2352,419
2353,406.2
2354,418.3
2355,406.8
2356,416.6
2357,561.9
2358,421.4
2359,405.8
2360,417.6
2361,406.3
2362,417.5
2363,510
2364,523.8
2365,676.9
2366,515.1
2367,419.5
2368,406.7
2369,417.2
2370,407.3
2371,416.5
2372,407.9
2373,572.2
2374,408.9
2375,417.6
2376,458.4
2377,470.1
2378,458
2379,470.4
2380,460.2
2381,622.6
2382,575.6
2383,1195.7
2384,2047.1
2385,2218.4
2386,2273.5
2387,2692
2388,3219.7
2389,3075.9
2390,2021.3
2391,1958.8
2392,2528
2393,1595.4
2394,1324.6
2395,1000.1
2396,1098.1
2397,635.5
2398,470.9
2399,459.8
2400,469.1
2401,458.5
2402,469.7
2403,457.6
2404,470.5
2405,622.2
2406,566
2407,1202.2
2408,2042.4
2409,2211.8
2410,2270.4
2411,2687.3
2412,3219.1
2413,3066.8
2414,2026.4
2415,1950.3
2416,2527.2
2417,1596.1
2418,1313.4
2419,1001.6
2420,1104.1
2421,627.4
2422,468.8
2423,466.3
2424,461
2425,466.8
2426,459.8
2427,467.8
2428,458.9
2429,623.4
2430,573
2431,1193
2432,2038.3
2433,2215.3
2434,2262.2
2435,2685
2436,3212.6
2437,3066.3
2438,2018.4
2439,1946.9
2440,2522.7
2441,1595.2
2442,1319.6
2443,999.1
2444,1096.3
2445,633.1
2446,459.9
2447,470.3
2448,456.9
2449,469.8
2450,461.7
2451,464.2
2452,466.3
2453,613.4
2454,574.4
2455,1190.2
2456,2040.9
2457,2207.1
2458,2265
2459,2679.8
2460,3205.2
2461,3062
2462,2012.7
2463,1950.4
2464,2516.9
2465,1588.7
2466,1319.9
2467,996.4
2468,1094
2469,632.8
2470,469.7
2471,459.4
2472,467
2473,458.4
2474,467.4
2475,457.3
2476,468.3
2477,620.3
2478,565
2479,1194.3
2480,2036.2
2481,2200.5
2482,2262.4
2483,2674.7
2484,3203.8
2485,3053.8
2486,2015.2
2487,1945.2
2488,2514.9
2489,1587.5
2490,1311.7
2491,994.8
2492,1098.3
2493,626.4
2494,470.6
2495,456.4
2496,469.1
2497,455.5
2498,469
2499,464.5
2500,459.9
2501,620.6
2502,561.9
2503,777.3
2504,985.5
2505,1306.9
2506,1198.9
2507,1412.8
2508,1251.9
2509,1208.1
2510,992.5
2511,886.3
2512,935.8
2513,576.3
2514,561.1
2515,572.6
2516,570.4
2517,666
2518,470.4
2519,464.7
2520,408.7
2521,410.3
2522,409.1
2523,402.5
2524,416.8
2525,566.5
2526,409.8
2527,411.5
2528,407.9
2529,402.3
2530,417.1
2531,514.1
2532,511.9
2533,672.3
2534,514
2535,414.7
2536,402.5
2537,416.3
2538,403.2
2539,416.1
2540,403.8
2541,568.8
2542,404.9
2543,417
2544,453.9
2545,468.5
2546,463.6
2547,459.1
2548,464.3
2549,610.9
2550,571.9
2551,1183.7
2552,2028
2553,2194.4
2554,2250.1
2555,2663.3
2556,3184.9
2557,3044.2
2558,2001
2559,1935
2560,2502.3
2561,1582.9
2562,1311.4
2563,991.7
2564,1088.6
2565,629.6
2566,456.8
2567,468.4
2568,462.2
2569,459.7
2570,463.6
2571,458.1
2572,464.3
2573,609.6
2574,571.7
2575,1182.3
2576,2025.2
2577,2190.1
2578,2247.1
2579,2658.8
2580,3179.7
2581,3039.2
2582,1997.7
2583,1932.1
2584,2498.2
2585,1580.5
2586,1309.5
2587,990.3
2588,1087
2589,628.7
2590,456.7
2591,467
2592,461.5
2593,459.9
2594,463
2595,457.8
2596,463.7
2597,609.1
2598,570.9
2599,1180.6
2600,2024.1
2601,2184.6
2602,2242.9
2603,2654.5
2604,3173.6
2605,3034.9
2606,1995.2
2607,1927.7
2608,2495.4
2609,1578
2610,1307.1
2611,988.8
2612,1086.3
2613,628.1
2614,457
2615,466.2
2616,453.8
2617,466.7
2618,459.9
2619,460.1
2620,462.5
2621,609.2
2622,570.1
2623,1178.7
2624,2016.7
2625,2185.3
2626,2237.4
2627,2650.3
2628,3170
2629,3028.1
2630,1993.6
2631,1923.4
2632,2492.3
2633,1575.6
2634,1300.2
2635,992
2636,1084.6
2637,626.5
2638,457.8
2639,464.7
2640,454.9
2641,464.9
2642,453.7
2643,465.5
2644,453
2645,617.9
2646,568.3
2647,1177.8
2648,2009.7
2649,2184.8
2650,2230.7
2651,2646.3
2652,3167.3
2653,3020.4
2654,1992.8
2655,1920.7
2656,2488
2657,1572.8
2658,1294.4
2659,988.8
2660,1088.5
2661,619.1
2662,465.5
2663,462
2664,456.9
2665,462.2
2666,455.7
2667,462.4
2668,455
2669,615.9
2670,566.4
2671,761.6
2672,981.6
2673,1287.2
2674,1186.3
2675,1398.3
2676,1240.2
2677,1194.6
2678,982.6
2679,877.7
2680,926.7
2681,571.8
2682,556.3
2683,568.1
2684,566.4
2685,659.9
2686,467.5
2687,461.1
2688,406.5
2689,405.2
2690,408.9
2691,399.9
2692,414.1
2693,561.4
2694,407.8
2695,404.7
2696,409.5
2697,399.9
2698,413.9
2699,504.9
2700,513.5
2701,666.4
2702,506.2
2703,415.8
2704,400.7
2705,412.8
2706,401.4
2707,412.5
2708,402.1
2709,564.3
2710,403
2711,412.9
2712,451.6
2713,464.2
2714,451.2
2715,465
2716,455.3
2717,611.5
2718,566.1
2719,1171.6
2720,2000.8
2721,2172.9
2722,2219.4
2723,2632.3
2724,3150.8
2725,3003.9
2726,1983.4
2727,1911.1
2728,2475.2
2729,1565
2730,1288.7
2731,980.5
2732,1086.6
2733,614.6
2734,467
2735,450.7
2736,465.4
2737,459.4
2738,455.7
2739,460
2740,455
2741,612.9
2742,555
2743,1179.8
2744,1996.6
2745,2163.7
2746,2219.8
2747,2627.2
2748,3143.7
2749,2998.8
2750,1976.8
2751,1911.9
2752,2466.7
2753,1560.1
2754,1295.9
2755,979.5
2756,1075.8
2757,623.8
2758,455.7
2759,461.3
2760,460
2761,454.5
2762,460.4
2763,453.5
2764,461
2765,602.9
2766,566.5
2767,1167.8
2768,1997.7
2769,2161.4
2770,2214.9
2771,2622.2
2772,3136.8
2773,2995
2774,1974.7
2775,1904.3
2776,2466.4
2777,1559.8
2778,1284
2779,982
2780,1079.3
2781,613.2
2782,465.7
2783,459.1
2784,455
2785,458.8
2786,453.8
2787,460.2
2788,453.1
2789,611.7
2790,557.6
2791,1172
2792,1989.4
2793,2156.9
2794,2210.9
2795,2617.7
2796,3132.3
2797,2986.8
2798,1969.8
2799,1905.7
2800,2457.7
2801,1554.8
2802,1292
2803,976.9
2804,1072.1
2805,621.9
2806,452
2807,463.2
2808,457.4
2809,455.1
2810,458.6
2811,453.4
2812,459.1
2813,602.2
2814,564.4
2815,1163.6
2816,1989.2
2817,2155.3
2818,2205
2819,2612.7
2820,3127
2821,2981.9
2822,1969.1
2823,1898.2
2824,2457.4
2825,1553.6
2826,1281.2
2827,974.6
2828,1075.2
2829,616.2
2830,463.5
2831,450.5
2832,461.9
2833,448.8
2834,462.2
2835,448.2
2836,462.8
2837,609.1
2838,553.6
2839,762.6
2840,965.1
2841,1278
2842,1174.2
2843,1380.9
2844,1226
2845,1174.1
2846,978.4
2847,869.3
2848,917.3
2849,558.1
2850,562.7
2851,560.5
2852,553
2853,662.5
2854,461.8
2855,452.4
2856,408.3
2857,401.6
2858,400.1
2859,407.8
2860,397.3
2861,560.1
2862,408.9
2863,402.2
2864,398.8
2865,410.3
2866,397.5
2867,510.4
2868,508.6
2869,651.4
2870,514.2
2871,399.2
2872,411.2
2873,398.4
2874,409.7
2875,399.2
2876,408.7
2877,548.8
2878,412.9
2879,398.6
2880,459.6
2881,448.7
2882,460.4
2883,448.1
2884,460.9
2885,607.4
2886,552.8
2887,1166.1
2888,1976.1
2889,2137.4
2890,2198.4
2891,2596.7
2892,3104.8
2893,2968.2
2894,1955.7
2895,1887.1
2896,2443.7
2897,1546.1
2898,1273.2
2899,971.4
2900,1073
2901,608.3
2902,463.6
2903,453.4
2904,455.5
2905,455.9
2906,451.9
2907,456.4
2908,451.3
2909,607.1
2910,550
2911,1166
2912,1970.9
2913,2134.9
2914,2193.3
2915,2593.2
2916,3099.4
2917,2962.3
2918,1949.9
2919,1883.3
2920,2439.2
2921,1543.5
2922,1271.4
2923,976.3
2924,1064.8
2925,612.3
2926,457.2
2927,456.7
2928,451
2929,456.8
2930,449.5
2931,457.6
2932,448.9
2933,607.5
2934,555.9
2935,1156.9
2936,1967.9
2937,2132.2
2938,2187
2939,2588.1
2940,3094.5
2941,2955.6
2942,1945.8
2943,1880.7
2944,2433.8
2945,1540.9
2946,1270.9
2947,973.3
2948,1062.6
2949,615.1
2950,452.8
2951,456.8
2952,450
2953,456.6
2954,448.6
2955,457.3
2956,448.1
2957,606.5
2958,557.5
2959,1153.6
2960,1963.6
2961,2128.8
2962,2182.1
2963,2583
2964,3088.5
2965,2949.5
2966,1942
2967,1877.1
2968,2429
2969,1538
2970,1268.2
2971,972
2972,1060.8
2973,613.6
2974,452.7
2975,456.1
2976,449.4
2977,456
2978,448.3
2979,456.5
2980,447.8
2981,605.5
2982,556.7
2983,1151.2
2984,1960.3
2985,2123.9
2986,2178.6
2987,2577.9
2988,3081.4
2989,2944.4
2990,1938.5
2991,1872.6
2992,2425
2993,1534.9
2994,1263.7
2995,968.2
2996,1063
2997,606
2998,459.7
2999,454.6
3000,449.9
3001,454.8
3002,448.6
3003,455.3
3004,448.1
3005,604.5
3006,548.4
3007,752.3
3008,953.8
3009,1263
3010,1159.3
3011,1364
3012,1210.6
3013,1161.3
3014,966.3
3015,858.8
3016,906.7
3017,552.8
3018,557.3
3019,555.2
3020,548
3021,656
3022,457
3023,449.6
3024,404.1
3025,399.6
3026,393.6
3027,408.7
3028,394.5
3029,555
3030,400.3
3031,404.3
3032,394.3
3033,408.1
3034,395.1
3035,505
3036,500.5
3037,648.4
3038,508.3
3039,397.7
3040,405.8
3041,396.9
3042,404.6
3043,397.6
3044,403.9
3045,545.1
3046,408
3047,397.3
3048,454.2
3049,446.6
3050,454.9
3051,446.1
3052,455.4
3053,591.9
3054,558
3055,1143.5
3056,1953
3057,2112.9
3058,2162.3
3059,2561.2
3060,3067.3
3061,2920.3
3062,1931.6
3063,1865.8
3064,2404.1
3065,1524
3066,1266.4
3067,959.2
3068,1052.3
3069,612.2
3070,447.3
3071,456.3
3072,444.4
3073,456.3
3074,443.6
3075,456.6
3076,443.2
3077,602.9
3078,555.6
3079,1142.2
3080,1944.2
3081,2111
3082,2157.5
3083,2557
3084,3057.7
3085,2918.9
3086,1923.1
3087,1857.9
3088,2405.6
3089,1523.3
3090,1254.4
3091,963.3
3092,1053.5
3093,600.7
3094,459.2
3095,445.8
3096,454
3097,449.7
3098,449.1
3099,452.5
3100,446.5
3101,600.7
3102,543.7
3103,1149.2
3104,1940.9
3105,2099.7
3106,2159.9
3107,2549.5
3108,3049.4
3109,2911.9
3110,1924.4
3111,1854.7
3112,2397.9
3113,1516
3114,1259.6
3115,954.9
3116,1048.4
3117,611
3118,453.9
3119,447.1
3120,452.1
3121,446.1
3122,452.2
3123,445.5
3124,452.7
3125,590.9
3126,554.5
3127,1137.4
3128,1938.4
3129,2102.5
3130,2146.5
3131,2546.5
3132,3046.8
3133,2904.9
3134,1915.1
3135,1853
3136,2393.5
3137,1517.6
3138,1250.9
3139,959
3140,1049.4
3141,602
3142,454.4
3143,451.3
3144,446.5
3145,451.2
3146,445.4
3147,451.7
3148,445.2
3149,598.6
3150,542.4
3151,1144.9
3152,1932.9
3153,2090.9
3154,2151.1
3155,2538.9
3156,3036.5
3157,2899.2
3158,1917
3159,1847.2
3160,2386.9
3161,1509.2
3162,1256.8
3163,952.1
3164,1044.3
3165,609.1
3166,443.6
3167,455.3
3168,448.9
3169,447.3
3170,450
3171,445.6
3172,450.4
3173,589.8
3174,552.7
3175,744.8
3176,942.8
3177,1236.7
3178,1148.7
3179,1341.9
3180,1195.7
3181,1151.3
3182,948.8
3183,848.4
3184,895.4
3185,554.9
3186,542.9
3187,551.3
3188,541.8
3189,648.1
3190,455.5
3191,442.7
3192,403.8
3193,393.6
3194,401.8
3195,394.5
3196,400.5
3197,540
3198,404.2
3199,394.6
3200,400.7
3201,395.6
3202,398.1
3203,494.2
3204,499.8
3205,636.9
3206,505.1
3207,392.6
3208,405.1
3209,391.8
3210,403.9
3211,393
3212,403
3213,538.3
3214,405.9
3215,392.9
3216,451.3
3217,441.5
3218,452
3219,441.1
3220,452.3
3221,594.2
3222,543.4
3223,1128.4
3224,1925.9
3225,2082.1
3226,2130.1
3227,2523.6
3228,3021.5
3229,2879.3
3230,1898.6
3231,1838.4
3232,2373.6
3233,1505.4
3234,1239.8
3235,953.2
3236,1041.7
3237,595.4
3238,455.9
3239,441.2
3240,452
3241,446.6
3242,445.2
3243,448.2
3244,443.9
3245,594.6
3246,539.8
3247,1135.5
3248,1917.2
3249,2073.9
3250,2129.6
3251,2517
3252,3013.9
3253,2871
3254,1900.3
3255,1833
3256,2364.5
3257,1502.5
3258,1242
3259,949.5
3260,1037.5
3261,602.5
3262,446.1
3263,448.9
3264,442.9
3265,449.1
3266,442
3267,448.9
3268,441.6
3269,594.4
3270,541.6
3271,1130.7
3272,1912.8
3273,2069.1
3274,2127.7
3275,2511
3276,3005.3
3277,2865.2
3278,1898.7
3279,1828.4
3280,2358.1
3281,1498.6
3282,1242.4
3283,945.2
3284,1035.3
3285,602.1
3286,444.5
3287,448.7
3288,441.6
3289,448.8
3290,440.8
3291,449.5
3292,440.4
3293,593.8
3294,545.6
3295,1124
3296,1908.6
3297,2064.5
3298,2124
3299,2505.3
3300,2998.2
3301,2859.1
3302,1892.2
3303,1826.9
3304,2352.8
3305,1495.5
3306,1239.7
3307,943.6
3308,1033.3
3309,601.1
3310,443.9
3311,448.3
3312,441.4
3313,448
3314,440.3
3315,448.5
3316,440
3317,592.8
3318,541.2
3319,1125.1
3320,1904.6
3321,2060.2
3322,2118.7
3323,2499.8
3324,2992.2
3325,2852
3326,1887.5
3327,1824.3
3328,2347.1
3329,1493.4
3330,1234.1
3331,944.7
3332,1031.7
3333,596.7
3334,447.4
3335,446.8
3336,441.6
3337,446.2
3338,440.8
3339,447
3340,440.4
3341,591.7
3342,535.5
3343,737
3344,930.1
3345,1228.9
3346,1129.4
3347,1322.6
3348,1183.1
3349,1127.8
3350,936.1
3351,837.9
3352,884
3353,551.8
3354,543.7
3355,537
3356,545.9
3357,639.3
3358,443.9
3359,447.1
3360,392.8
3361,396.7
3362,392.9
3363,387.5
3364,401.9
3365,539.4
3366,396
3367,387.6
3368,401.8
3369,388.6
3370,400.6
3371,484.3
3372,497.6
3373,638.1
3374,489.7
3375,400.7
3376,390.9
3377,397.9
3378,391.9
3379,396.5
3380,393.1
3381,540.7
3382,394.6
3383,395.7
3384,441.1
3385,444.4
3386,440.6
3387,445
3388,440.2
3389,589
3390,534.9
3391,1121.3
3392,1893.7
3393,2047.3
3394,2099.9
3395,2483.7
3396,2974.6
3397,2835.1
3398,1871.4
3399,1808.4
3400,2339.6
3401,1483.4
3402,1223.6
3403,934.1
3404,1025.7
3405,599
3406,448.9
3407,438.4
3408,446.7
3409,437.7
3410,446.5
3411,437.3
3412,446.6
3413,578.1
3414,545.7
3415,1110.6
3416,1889.8
3417,2050.1
3418,2092.5
3419,2481
3420,2962.8
3421,2831
3422,1870.4
3423,1804.8
3424,2330.7
3425,1474.6
3426,1230.4
3427,932.8
3428,1022.8
3429,597.8
3430,438.6
3431,447.4
3432,436.3
3433,446.6
3434,435.4
3435,447.1
3436,435.2
3437,588.9
3438,542.3
3439,1109.9
3440,1883.9
3441,2038.1
3442,2096.2
3443,2471.9
3444,2958.2
3445,2820.2
3446,1865.4
3447,1802.8
3448,2325.3
3449,1477.7
3450,1217.7
3451,931.9
3452,1028.8
3453,587.8
3454,449.5
3455,435.1
3456,447.7
3457,434.3
3458,447.3
3459,434.4
3460,447.5
3461,585.2
3462,534.1
3463,1107.8
3464,1883.6
3465,2037.7
3466,2082.8
3467,2470.1
3468,2950.9
3469,2817.9
3470,1861
3471,1797
3472,2321.3
3473,1468.2
3474,1224.7
3475,928.8
3476,1019.1
3477,595.9
3478,437.2
3479,446.4
3480,434.8
3481,446.2
3482,434
3483,446.7
3484,433.6
3485,588.1
3486,540.6
3487,1105.4
3488,1875.7
3489,2028.9
3490,2087.2
3491,2460.3
3492,2945.4
3493,2807.5
3494,1855.3
3495,1794.8
3496,2317
3497,1471.1
3498,1213.2
3499,926.8
3500,1020.3
3501,592
3502,446.7
3503,435.3
3504,445.2
3505,434.9
3506,444.4
3507,434.5
3508,444.8
3509,574.7
3510,542.2
3511,727.2
3512,918
3513,1202
3514,1121.3
3515,1300.8
3516,1162.6
3517,1120.2
3518,924.3
3519,827
3520,872.6
3521,533.9
3522,541.3
3523,538.7
3524,530.2
3525,634.3
3526,444
3527,438.2
3528,393.5
3529,390.8
3530,384.5
3531,398.5
3532,385.6
3533,537.1
3534,387.1
3535,397.7
3536,386
3537,395.7
3538,387
3539,489.3
3540,481.8
3541,632
3542,491.8
3543,390.4
3544,387.3
3545,395
3546,384.7
3547,398.6
3548,385.4
3549,537.4
3550,387.1
3551,397.5
3552,386
3553,395.2
3554,386.7
3555,394.9
3556,387.9
3557,534.9
3558,389.3
3559,393.6
3560,388.3
3561,386.7
3562,394.6
3563,481.3
3564,488.5
3565,630
3566,482.4
3567,398
3568,385.7
3569,395.5
3570,386.8
3571,395.1
3572,388
3573,535.1
3574,389.4
3575,393.1
3576,434.9
3577,440.2
3578,435
3579,440.5
3580,434.8
3581,581.8
3582,527.4
3583,1104.6
3584,1859.6
3585,2011.6
3586,2060.7
3587,2441.3
3588,2917.6
3589,2785.4
3590,1840.8
3591,1777.4
3592,2293.7
3593,1453.8
3594,1212.5
3595,920.6
3596,1008.9
3597,590.2
3598,436.1
3599,441.9
3600,433.7
3601,441.1
3602,432.9
3603,441.8
3604,432.7
3605,581.3
3606,528.8
3607,1100.6
3608,1855.4
3609,2006.8
3610,2057.9
3611,2434
3612,2912.1
3613,2778.9
3614,1835.8
3615,1773.5
3616,2289.3
3617,1449.6
3618,1210.2
3619,918.6
3620,1006.9
3621,589.6
3622,434.9
3623,441.6
3624,432.8
3625,441.2
3626,432.1
3627,441.2
3628,432
3629,580.7
3630,530
3631,1096.4
3632,1851.2
3633,2002.3
3634,2053.4
3635,2428.3
3636,2905.2
3637,2772.4
3638,1832
3639,1769.6
3640,2283.6
3641,1447.2
3642,1207.5
3643,917
3644,1004.9
3645,588.1
3646,434.8
3647,440.1
3648,432.9
3649,439.4
3650,432.2
3651,439.6
3652,432.1
3653,579.2
3654,525.9
3655,1097.8
3656,1846.7
3657,1997.5
3658,2048.1
3659,2424.2
3660,2897.2
3661,2765.9
3662,1829.3
3663,1765.7
3664,2276.4
3665,1446.6
3666,1203.2
3667,916.2
3668,1003.4
3669,584.1
3670,437.9
3671,439
3672,433.6
3673,438
3674,433.1
3675,437.9
3676,432.8
3677,577.5
3678,524.7
3679,719
3680,905.4
3681,1189.7
3682,1102.1
3683,1280.1
3684,1153.3
3685,1097.9
3686,911.6
3687,816.4
3688,860.9
3689,534.6
3690,528.3
3691,533.5
3692,523.9
3693,627.4
3694,441
3695,432.3
3696,391.7
3697,386
3698,380.6
3699,395.5
3700,381.9
3701,531.8
3702,383.5
3703,394.9
3704,382.4
3705,393.1
3706,383.6
3707,484.5
3708,476.5
3709,624.9
3710,486.8
3711,387.1
3712,387.4
3713,388.9
3714,381.5
3715,394.5
3716,382.8
3717,532
3718,384.1
3719,394.1
3720,429
3721,439.4
3722,429.1
3723,439.4
3724,429.1
3725,577.2
3726,530.5
3727,1084.1
3728,1834.8
3729,1984.4
3730,2034.2
3731,2407
3732,2876.9
3733,2746.5
3734,1817.7
3735,1754
3736,2259.4
3737,1439.1
3738,1191.5
3739,913.2
3740,998.7
3741,575
3742,443.5
3743,427.2
3744,441
3745,426.5
3746,440.8
3747,426.6
3748,441
3749,574
3750,524
3751,1079.9
3752,1833.5
3753,1985.9
3754,2028
3755,2403.4
3756,2867.4
3757,2737.2
3758,1812
3759,1750.7
3760,2260.2
3761,1436.8
3762,1186.4
3763,907.5
3764,994.3
3765,584.2
3766,435.8
3767,433.5
3768,434
3769,432.7
3770,433.4
3771,432.7
3772,433.4
3773,568.9
3774,531.1
3775,1078.5
3776,1826.5
3777,1974.9
3778,2030.3
3779,2392.5
3780,2865.3
3781,2733.6
3782,1807
3783,1746.3
3784,2251.8
3785,1429.9
3786,1192.1
3787,906
3788,993.5
3789,579
3790,435.3
3791,435.4
3792,430.8
3793,434.8
3794,430.2
3795,434.9
3796,430.1
3797,573
3798,521.2
3799,1079.6
3800,1823.8
3801,1974.5
3802,2019.3
3803,2392.5
3804,2854.1
3805,2724.6
3806,1804.3
3807,1742.7
3808,2249.3
3809,1431.4
3810,1181.5
3811,904.1
3812,990
3813,583.9
3814,430.3
3815,436.2
3816,433.8
3817,430.7
3818,430.7
3819,433.2
3820,432.3
3821,567.1
3822,529.5
3823,1074.2
3824,1818.4
3825,1965.5
3826,2020
3827,2382.1
3828,2851.7
3829,2720.8
3830,1800.9
3831,1738.6
3832,2238.6
3833,1427.3
3834,1180
3835,905
3836,993.4
3837,572.1
3838,440.3
3839,425.5
3840,438.1
3841,425.2
3842,437.5
3843,425.2
3844,437.3
3845,569.7
3846,522.1
3847,709.2
3848,893.4
3849,1167.7
3850,1086.1
3851,1266.9
3852,1128.2
3853,1086.1
3854,902.5
3855,801.9
3856,848.1
3857,530.8
3858,527.5
3859,518
3860,529.5
3861,617.6
3862,430.5
3863,434.9
3864,382.5
3865,386.8
3866,382.9
3867,377.4
3868,391.8
3869,519.1
3870,389.1
3871,378.1
3872,391.4
3873,379.4
3874,389.7
3875,470.5
3876,481.9
3877,614.8
3878,477.1
3879,388
3880,383.5
3881,377.8
3882,391.5
3883,379.1
3884,389.7
3885,515.3
3886,392.3
3887,379.9
3888,434.7
3889,425.7
3890,435.1
3891,425.7
3892,435.5
3893,560
3894,528.7
3895,1067.4
3896,1806.4
3897,1955.3
3898,2007.5
3899,2364.7
3900,2831.7
3901,2701.8
3902,1787.3
3903,1727.2
3904,2224.6
3905,1416.7
3906,1174.6
3907,900.2
3908,985.4
3909,568.8
3910,438.8
3911,423.6
3912,436.8
3913,423.2
3914,436.2
3915,423.5
3916,436
3917,563.1
3918,523.1
3919,1064.7
3920,1802.4
3921,1954.6
3922,1999.9
3923,2361.7
3924,2824.6
3925,2694.3
3926,1783.1
3927,1723.5
3928,2221.6
3929,1411.5
3930,1176.3
3931,896.8
3932,981.7
3933,568.8
3934,436.9
3935,429
3936,430.3
3937,425.4
3938,433
3939,422.2
3940,436.1
3941,566.7
3942,517.5
3943,1062.4
3944,1800.6
3945,1950.1
3946,1993.8
3947,2357.5
3948,2817.6
3949,2687.6
3950,1779.2
3951,1719.8
3952,2217.3
3953,1407.7
3954,1175
3955,894.1
3956,979.8
3957,568.9
3958,435
3959,424.8
3960,432.9
3961,428.6
3962,428.5
3963,423.1
3964,434.5
3965,566.2
3966,516.3
3967,1060.2
3968,1796.4
3969,1946.1
3970,1989.5
3971,2352
3972,2811.3
3973,2681.5
3974,1775.4
3975,1716
3976,2211.5
3977,1405.8
3978,1170.4
3979,894.3
3980,977.5
3981,565.6
3982,437.7
3983,421.6
3984,435.5
3985,420.9
3986,434.4
3987,421.1
3988,434.9
3989,564.8
3990,516.3
3991,1058.5
3992,1790.6
3993,1941.7
3994,1986.7
3995,2345.1
3996,2805.1
3997,2676.7
3998,1771.5
3999,1712.2
4000,2204.9
4001,1404.9
4002,1162.9
4003,892.1
4004,980.7
4005,566.1
4006,435.7
4007,422.5
4008,433.1
4009,422
4010,433.6
4011,422.1
4012,432.8
4013,554.7
4014,525.5
4015,700.3
4016,881.5
4017,1151.5
4018,1066.1
4019,1253
4020,1112.9
4021,1065.4
4022,887.1
4023,795.6
4024,838.7
4025,528.2
4026,516.1
4027,519.3
4028,521.6
4029,601.7
4030,434.9
4031,421
4032,389.3
4033,376.4
4034,386.3
4035,377.8
4036,383.7
4037,511.5
4038,387.3
4039,379
4040,377.7
4041,385.1
4042,375
4043,477.5
4044,466.5
4045,610.5
4046,478.2
4047,378.8
4048,384.8
4049,379.2
4050,376.3
4051,387.3
4052,375.1
4053,521.1
4054,376.9
4055,388.1
4056,420.5
4057,431.7
4058,420.5
4059,432.3
4060,420.7
4061,564.4
4062,519.4
4063,1053.7
4064,1779.2
4065,1923.9
4066,1970
4067,2334.1
4068,2783.3
4069,2657.3
4070,1759.9
4071,1701.3
4072,2194.5
4073,1391.3
4074,1163.8
4075,885.5
4076,969.6
4077,566
4078,430.9
4079,427.9
4080,424.6
4081,426.1
4082,425.5
4083,420.4
4084,430.9
4085,561.6
4086,512.6
4087,1050.1
4088,1775.7
4089,1924.6
4090,1969.5
4091,2323.5
4092,2779.7
4093,2652.5
4094,1757.1
4095,1698
4096,2183.3
4097,1395.8
4098,1152
4099,883.4
4100,967.6
4101,573
4102,430.9
4103,422.8
4104,428.6
4105,422.2
4106,427.5
4107,422.5
4108,428
4109,554.1
4110,520.3
4111,1048.7
4112,1771.6
4113,1915.2
4114,1962.8
4115,2322.6
4116,2770.6
4117,2645.4
4118,1752.4
4119,1694
4120,2187.5
4121,1385.5
4122,1157.4
4123,882
4124,965.7
4125,569.7
4126,423.6
4127,428.7
4128,421.6
4129,428.1
4130,421.3
4131,427.7
4132,421.7
4133,560.7
4134,509.7
4135,1049.4
4136,1767.9
4137,1916
4138,1958.8
4139,2314.8
4140,2766.9
4141,2640.6
4142,1749.3
4143,1690.4
4144,2173.7
4145,1390.2
4146,1147.4
4147,880.1
4148,963.6
4149,571.6
4150,429.8
4151,421.5
4152,427.6
4153,421.3
4154,426.6
4155,421.8
4156,426.2
4157,552.6
4158,518.7
4159,1045
4160,1764
4161,1907.2
4162,1953.3
4163,2313.6
4164,2758.4
4165,2633.8
4166,1744.2
4167,1687.7
4168,2176.5
4169,1378.9
4170,1154.8
4171,878.9
4172,962.3
4173,562
4174,429.1
4175,425.3
4176,422.9
4177,421.8
4178,425.4
4179,416.6
4180,430.9
4181,557.8
4182,510.1
4183,692.4
4184,870.3
4185,1135.3
4186,1053.8
4187,1233.9
4188,1097.3
4189,1050.9
4190,875.7
4191,785.5
4192,828.3
4193,522.7
4194,508.9
4195,516.4
4196,516
4197,595.5
4198,432.3
4199,417.7
4200,385.3
4201,374.2
4202,381.7
4203,375.2
4204,377.9
4205,509.6
4206,383.1
4207,376.6
4208,371.5
4209,385.7
4210,373.1
4211,471.3
4212,461.5
4213,604.1
4214,472.8
4215,377.4
4216,378.2
4217,379.2
4218,372.3
4219,384.7
4220,373.7
4221,514.5
4222,375.6
4223,383.2
4224,418.3
4225,426.5
4226,418.8
4227,426.2
4228,419
4229,557.5
4230,506.6
4231,1042.6
4232,1752.3
4233,1899.6
4234,1942.4
4235,2294
4236,2742.7
4237,2617.3
4238,1736.4
4239,1675.9
4240,2156.2
4241,1378
4242,1139.6
4243,874.1
4244,956.3
4245,567.3
4246,417.7
4247,429.2
4248,416.2
4249,428.5
4250,416
4251,428
4252,416.2
4253,558
4254,514
4255,1037.3
4256,1748.9
4257,1892.1
4258,1937
4259,2292.6
4260,2736
4261,2611.5
4262,1730.7
4263,1673
4264,2150.7
4265,1376.3
4266,1136.4
4267,872.2
4268,955
4269,566.6
4270,426.3
4271,419.7
4272,420
4273,423.1
4274,419.4
4275,423.5
4276,414.7
4277,557.7
4278,514.4
4279,1035.2
4280,1745.9
4281,1887.5
4282,1932.7
4283,2289.4
4284,2729.1
4285,2605.8
4286,1727.3
4287,1669.7
4288,2146.4
4289,1373.3
4290,1134.1
4291,870.8
4292,954.3
4293,565.1
4294,426.6
4295,418.4
4296,424.5
4297,418.1
4298,423.4
4299,418.5
4300,423.2
4301,547.8
4302,514.7
4303,1033.1
4304,1741.9
4305,1884.2
4306,1928.7
4307,2284.8
4308,2723.3
4309,2600.3
4310,1723.8
4311,1666.3
4312,2142.4
4313,1370.1
4314,1131.9
4315,869.3
4316,952.9
4317,564
4318,426.3
4319,417.7
4320,424.1
4321,417.5
4322,423.1
4323,417.9
4324,422.8
4325,546.9
4326,514
4327,1031.4
4328,1738.9
4329,1879.8
4330,1924.8
4331,2280
4332,2717.6
4333,2594.9
4334,1720.4
4335,1663
4336,2137.2
4337,1368.5
4338,1130
4339,867.7
4340,949.3
4341,565
4342,425.2
4343,417.8
4344,423
4345,417.7
4346,421.3
4347,418.9
4348,419.6
4349,548.6
4350,512.3
4351,676.4
4352,858.8
4353,1129
4354,1039.1
4355,1209.1
4356,1090.4
4357,1040.3
4358,865.1
4359,775.6
4360,817.4
4361,508.3
4362,512.8
4363,501.1
4364,514
4365,597.8
4366,418.3
4367,424.2
4368,373.1
4369,378.2
4370,373.9
4371,368.9
4372,382.7
4373,498.3
4374,385.3
4375,370.2
4376,380.6
4377,371.8
4378,379.2
4379,458.6
4380,466.7
4381,587.3
4382,471.3
4383,371.1
4384,381.9
4385,371.5
4386,379.5
4387,372.8
4388,371.4
4389,507.7
4390,376.2
4391,377.3
4392,411.8
4393,425.6
4394,412.4
4395,425.4
4396,412.8
4397,553.5
4398,509.8
4399,1026.1
4400,1728
4401,1869.6
4402,1913.7
4403,2262.8
4404,2701.8
4405,2578.7
4406,1712.5
4407,1651
4408,2127.4
4409,1359.3
4410,1125.2
4411,863.4
4412,945
4413,559.9
4414,416.5
4415,424.4
4416,372.2
4417,376.9
4418,372.9
4419,367.6
4420,381.8
4421,496.8
4422,384.7
4423,369
4424,381.7
4425,370.6
4426,379
4427,457.2
4428,465.6
4429,585.1
4430,470.4
4431,370.2
4432,380.9
4433,370.4
4434,378.8
4435,372
4436,376
4437,502
4438,376.1
4439,376
4440,410.8
4441,424.7
4442,411.4
4443,425
4444,411.8
4445,552.2
4446,508.4
4447,1022.4
4448,1721
4449,1862.9
4450,1906.4
4451,2253
4452,2691
4453,2568.2
4454,1705
4455,1644.4
4456,2121.3
4457,1350.7
4458,1125
4459,860.5
4460,941.9
4461,557.4
4462,416.8
4463,421.3
4464,415
4465,420.2
4466,415.4
4467,419.5
4468,415.6
4469,548.8
4470,501.1
4471,1019.7
4472,1719.1
4473,1859.3
4474,1907.3
4475,2247
4476,2684.5
4477,2563.7
4478,1700.5
4479,1644.2
4480,2116
4481,1348.9
4482,1119
4483,859.1
4484,947.4
4485,550.9
4486,423.8
4487,413.5
4488,421.7
4489,413.3
4490,420.6
4491,414
4492,420
4493,541.1
4494,509.1
4495,1018.5
4496,1715.7
4497,1854.5
4498,1898.9
4499,2248.2
4500,2679.6
4501,2558.2
4502,1698
4503,1640.3
4504,2109.2
4505,1349.9
4506,1117
4507,857.8
4508,938.3
4509,557.3
4510,414.6
4511,421.4
4512,413.1
4513,420.7
4514,412.9
4515,420.9
4516,413.4
4517,548
4518,498.5
4519,678.2
4520,849.6
4521,1106.4
4522,1029.8
4523,1200.5
4524,1069.8
4525,1024.9
4526,855.1
4527,767.8
4528,808.7
4529,512
4530,497.5
4531,508.6
4532,503.8
4533,586.5
4534,422.7
4535,413.4
4536,376.8
4537,371.1
4538,365.9
4539,379.4
4540,367.7
4541,505.7
4542,369.5
4543,378.3
4544,369.1
4545,376.3
4546,370.7
4547,460.4
4548,456.7
4549,590.4
4550,456.3
4551,379.7
4552,369.2
4553,376.1
4554,370.8
4555,365.7
4556,380.7
4557,493.8
4558,382.7
4559,367.2
4560,421.6
4561,410.4
4562,420.9
4563,411.1
4564,420.8
4565,537.2
4566,508.3
4567,1013.5
4568,1706.6
4569,1844.3
4570,1888.3
4571,2236.2
4572,2664.4
4573,2544.3
4574,1688.2
4575,1631.9
4576,2097
4577,1342.9
4578,1111.4
4579,853.7
4580,933.8
4581,554.9
4582,413.4
4583,419.5
4584,412
4585,418.9
4586,412.1
4587,418.4
4588,412.4
4589,545.7
4590,497.2
4591,1011.3
4592,1703.8
4593,1843
4594,1889.5
4595,2226.2
4596,2659.3
4597,2539.7
4598,1685.3
4599,1629.6
4600,2093.3
4601,1340.6
4602,1108.5
4603,852.3
4604,932.6
4605,555.2
4606,418.4
4607,414.2
4608,410.6
4609,419.8
4610,408.1
4611,421.9
4612,408.5
4613,548.4
4614,503.8
4615,1010.7
4616,1698.5
4617,1839.8
4618,1882.1
4619,2221.4
4620,2655.4
4621,2533.8
4622,1681.2
4623,1626.1
4624,2095.8
4625,1331.8
4626,1111.9
4627,851.6
4628,934.6
4629,545.3
4630,421.9
4631,410.1
4632,419.7
4633,410.2
4634,418.1
4635,410.7
4636,418.4
4637,536.4
4638,506.1
4639,1008.6
4640,1697.6
4641,1834.6
4642,1878.6
4643,2222.4
4644,2649.6
4645,2529.3
4646,1680.2
4647,1620.2
4648,2091.2
4649,1329.2
4650,1112.8
4651,850
4652,929.6
4653,544.7
4654,421.8
4655,407.1
4656,421.7
4657,407.4
4658,420.8
4659,407.9
4660,419.9
4661,534
4662,506.4
4663,1007
4664,1695
4665,1831.4
4666,1875.1
4667,2220.6
4668,2645.3
4669,2526.2
4670,1676.6
4671,1620.2
4672,2082.9
4673,1332.7
4674,1105.5
4675,848.7
4676,928.3
4677,551.6
4678,412.6
4679,416.8
4680,411.3
4681,416.5
4682,411.4
4683,414.9
4684,412.5
4685,542.5
4686,496
4687,671.2
4688,840.7
4689,1094.3
4690,1014.3
4691,1189.9
4692,1058.6
4693,1014.1
4694,846.2
4695,759.8
4696,800.2
4697,498.9
4698,503.1
4699,502.1
4700,494.9
4701,587.3
4702,410.2
4703,420
4704,366.4
4705,375.7
4706,367.1
4707,373.5
4708,368.7
4709,498.9
4710,370.8
4711,363.7
4712,378
4713,365.4
4714,375.7
4715,450
4716,460.5
4717,575.3
4718,464.7
4719,365.5
4720,377.4
4721,365.8
4722,375.1
4723,367.5
4724,372.8
4725,493.7
4726,375
4727,369.2
4728,405.7
4729,419.4
4730,406.4
4731,419.6
4732,407
4733,543.6
4734,500.4
4735,1003.6
4736,1682.6
4737,1824.8
4738,1868.2
4739,2200.4
4740,2631.7
4741,2513.3
4742,1668.5
4743,1613.5
4744,2072.5
4745,1327.2
4746,1098.2
4747,845
4748,924.4
4749,550.5
4750,412
4751,415.7
4752,406
4753,419
4754,406.2
4755,419.2
4756,406.7
4757,543.1
4758,497.4
4759,1004.5
4760,1679.8
4761,1821.8
4762,1865
4763,2197.3
4764,2627.3
4765,2509.2
4766,1665.9
4767,1611
4768,2068.3
4769,1326.1
4770,1096.6
4771,844.1
4772,923
4773,551
4774,407.2
4775,419.1
4776,406.3
4777,419.1
4778,406.3
4779,418
4780,406.8
4781,542.2
4782,494.4
4783,1004.6
4784,1676.6
4785,1819
4786,1863.9
4787,2193.7
4788,2623
4789,2505.2
4790,1663.4
4791,1608.4
4792,2064.4
4793,1324.7
4794,1095.3
4795,842.9
4796,921.4
4797,550.2
4798,408
4799,418.1
4800,407
4801,416.9
4802,407
4803,416.3
4804,407.6
4805,540.8
4806,491.1
4807,1004.9
4808,1673
4809,1816.3
4810,1861
4811,2192
4812,2619.7
4813,2501.3
4814,1660.9
4815,1605.7
4816,2061.7
4817,1322.1
4818,1094.3
4819,841.7
4820,920.7
4821,548.1
4822,409.4
4823,415.5
4824,408
4825,415
4826,408.3
4827,414.5
4828,408.6
4829,539.9
4830,491.9
4831,996.7
4832,1676.6
4833,1811.1
4834,1857.3
4835,2193.2
4836,2615
4837,2497.4
4838,1658.3
4839,1602.4
4840,2059.7
4841,1316.8
4842,1096.3
4843,840.5
4844,919.5
4845,545
4846,412.4
4847,413.1
4848,409.9
4849,403.8
4850,418.5
4851,404.6
4852,417.8
4853,531.3
4854,499.7
4855,664.9
4856,833
4857,1083.8
4858,1004.7
4859,1172.3
4860,1053.1
4861,1004.7
4862,838.2
4863,752.8
4864,792.4
4865,495.5
4866,500
4867,488.9
4868,501.6
4869,581.4
4870,410.3
4871,413.8
4872,367.4
4873,361.3
4874,376
4875,363.2
4876,373.4
4877,487.6
4878,376
4879,364.8
4880,370.7
4881,366.6
4882,361.6
4883,458.1
4884,447.9
4885,580.6
4886,458.5
4887,366.9
4888,370.5
4889,367.4
4890,362.3
4891,375
4892,364.1
4893,497.5
4894,366.1
4895,371.9
4896,406.7
4897,412.6
4898,408.1
4899,410
4900,410.7
4901,537.4
4902,491.3
4903,993
4904,1669.5
4905,1803.4
4906,1846.8
4907,2185.9
4908,2603.5
4909,2484.8
4910,1652.1
4911,1592.2
4912,2055
4913,1305.9
4914,1097.2
4915,837.5
4916,916.4
4917,536.5
4918,418.6
4919,404.8
4920,415.7
4921,405
4922,414.5
4923,405.6
4924,414.3
4925,528.8
4926,500.2
4927,992
4928,1666.9
4929,1801.2
4930,1844.3
4931,2178.1
4932,2599.1
4933,2480.5
4934,1648.1
4935,1595.1
4936,2049.9
4937,1310.3
4938,1086.1
4939,836.6
4940,914.7
4941,547
4942,413
4943,409.4
4944,402.6
4945,417.1
4946,403.2
4947,416.9
4948,403.7
4949,538.8
4950,495.9
4951,991.8
4952,1659.8
4953,1800.4
4954,1844.9
4955,2172
4956,2596
4957,2479.5
4958,1647.1
4959,1592.4
4960,2044.1
4961,1311.3
4962,1086
4963,835.8
4964,913.5
4965,544.6
4966,408.5
4967,412
4968,407.1
4969,411.8
4970,407.5
4971,408.9
4972,410.3
4973,535.3
4974,490.8
4975,989.3
4976,1663
4977,1796.4
4978,1838.5
4979,2177.9
4980,2591.4
4981,2473.8
4982,1644.2
4983,1585.9
4984,2049.4
4985,1301.9
4986,1088.5
4987,833.8
4988,915.3
4989,539.4
4990,415.6
4991,405.7
4992,413
4993,406.1
4994,411.2
4995,406.6
4996,411.3
4997,529.3
4998,497.2
4999,989
5000,1660.1
5001,1794.6
5002,1837.3
5003,2165.3
5004,2589.3
5005,2473.1
5006,1643
5007,1588.7
5008,2038.4
5009,1308.8
5010,1083.1
5011,833.9
5012,911.7
5013,544.2
5014,406.2
5015,413.7
5016,405.1
5017,412.5
5018,405.6
5019,411.4
5020,406.3
5021,535.8
5022,488.4
5023,660.7
5024,826.5
5025,1074.2
5026,996.1
5027,1167.8
5028,1039.6
5029,996.1
5030,831.6
5031,747.1
5032,786.8
5033,491.1
5034,497.6
5035,492.1
5036,492.2
5037,577.7
5038,407.3
5039,412.3
5040,364.7
5041,364.8
5042,368.9
5043,360.8
5044,373
5045,484.2
5046,375
5047,362.5
5048,370.6
5049,364.3
5050,361.9
5051,453.6
5052,451.9
5053,570.2
5054,456.2
5055,364.9
5056,369.3
5057,365.3
5058,360.3
5059,373.6
5060,362.2
5061,494.4
5062,364.2
5063,370.1
5064,404.7
5065,410.5
5066,405.9
5067,408
5068,408.7
5069,533.6
5070,488.6
5071,984.6
5072,1655.5
5073,1787.8
5074,1830.4
5075,2166.6
5076,2578.2
5077,2461.2
5078,1635.8
5079,1579.8
5080,2037.9
5081,1297.7
5082,1080.3
5083,829.7
5084,911.3
5085,542.7
5086,413.3
5087,405.4
5088,410.7
5089,406.2
5090,408.3
5091,407.9
5092,401
5093,537.1
5094,494.3
5095,984.8
5096,1649.4
5097,1787.1
5098,1831
5099,2155.5
5100,2575.9
5101,2462.1
5102,1635.4
5103,1581.1
5104,2029.3
5105,1300.3
5106,1081
5107,830.4
5108,908.2
5109,537.2
5110,411.3
5111,406.8
5112,409.5
5113,401
5114,414.8
5115,401.6
5116,413.5
5117,523.6
5118,498.1
5119,983.1
5120,1651.8
5121,1783.9
5122,1826.6
5123,2157.7
5124,2572.7
5125,2455.5
5126,1633
5127,1580.1
5128,2028.2
5129,1300.4
5130,1076.9
5131,829.9
5132,907.1
5133,543.1
5134,403.4
5135,414
5136,402.1
5137,413.2
5138,402.7
5139,412.5
5140,403
5141,534
5142,485.3
5143,984.5
5144,1647.6
5145,1782.3
5146,1827.4
5147,2156.9
5148,2571.3
5149,2454.2
5150,1632
5151,1572.9
5152,2031.4
5153,1291
5154,1082.7
5155,828.3
5156,908.6
5157,534.4
5158,413.9
5159,403.3
5160,411.6
5161,403.9
5162,410
5163,404.6
5164,409.3
5165,526.9
5166,494.5
5167,982.1
5168,1646.9
5169,1780.9
5170,1823.5
5171,2148.4
5172,2568.6
5173,2453.4
5174,1630.5
5175,1576.4
5176,2022.9
5177,1297.9
5178,1076.6
5179,828.2
5180,905.7
5181,538.6
5182,408.2
5183,408.5
5184,406.2
5185,400
5186,413.8
5187,401
5188,413.5
5189,522.3
5190,497.2
5191,655.8
5192,821.1
5193,1067.6
5194,989.8
5195,1150
5196,1039.3
5197,991.2
5198,826.2
5199,740.3
5200,775.7
5201,499.7
5202,492.7
5203,485.9
5204,494.1
5205,565
5206,414.9
5207,401.2
5208,372.5
5209,361.1
5210,369.2
5211,363
5212,358.6
5213,493.8
5214,360.2
5215,372.8
5216,360
5217,370.8
5218,361.9
5219,450.4
5220,444.4
5221,574.3
5222,444.3
5223,373.1
5224,361.2
5225,369.2
5226,363.1
5227,358.1
5228,373.5
5229,480.9
5230,374.4
5231,360.1
5232,411.1
5233,402.1
5234,411.2
5235,402.8
5236,410.7
5237,524.2
5238,494.4
5239,979.4
5240,1643.3
5241,1775.6
5242,1818
5243,2142.1
5244,2560.4
5245,2447.5
5246,1626.2
5247,1572.2
5248,2017.2
5249,1295.1
5250,1073.2
5251,826.4
5252,903.5
5253,539
5254,406.2
5255,408.1
5256,405.4
5257,399.2
5258,414
5259,399.9
5260,413.7
5261,523
5262,495.1
5263,978
5264,1642.8
5265,1774
5266,1816.4
5267,2145
5268,2557.5
5269,2441.3
5270,1624.8
5271,1571.4
5272,2014.9
5273,1295.3
5274,1071.6
5275,825.9
5276,902.9
5277,540.4
5278,403.3
5279,411.3
5280,402.2
5281,410.3
5282,402.8
5283,409.6
5284,403.3
5285,531.3
5286,485.1
5287,977.4
5288,1641.2
5289,1772.5
5290,1814.7
5291,2147.8
5292,2554.7
5293,2439
5294,1621
5295,1569.1
5296,2017.6
5297,1290.1
5298,1070.3
5299,825.3
5300,902.2
5301,541.1
5302,400.9
5303,413.2
5304,399.9
5305,412.6
5306,400.5
5307,411.8
5308,401.2
5309,532.4
5310,482.7
5311,981.5
5312,1635.6
5313,1772.2
5314,1817.8
5315,2141.4
5316,2555
5317,2438
5318,1621.3
5319,1563.2
5320,2019.6
5321,1284.9
5322,1072.1
5323,822.9
5324,903.5
5325,538.7
5326,411.3
5327,403.1
5328,408.6
5329,403.9
5330,401.9
5331,410.1
5332,399.2
5333,533.2
5334,491.5
5335,976.9
5336,1633.9
5337,1770.8
5338,1814.5
5339,2137.8
5340,2553.1
5341,2438.6
5342,1620.9
5343,1563.3
5344,2015.2
5345,1282.4
5346,1078.5
5347,824.1
5348,901.3
5349,530.8
5350,412.3
5351,401.4
5352,410.3
5353,402.1
5354,409.2
5355,402.8
5356,408.5
5357,524
5358,492.6
5359,644.8
5360,816.2
5361,1070.1
5362,986.2
5363,1145.2
5364,1026.2
5365,983.8
5366,822.7
5367,739.8
5368,778.5
5369,496
5370,482.9
5371,493
5372,481.8
5373,574.4
5374,408.1
5375,406.3
5376,358.6
5377,371.7
5378,359.5
5379,370
5380,361.4
5381,489.9
5382,363.3
5383,366.2
5384,363.5
5385,358.5
5386,370.6
5387,440.3
5388,451.9
5389,561.3
5390,455.8
5391,359.2
5392,371.5
5393,359.8
5394,368.9
5395,361.6
5396,365.8
5397,484.2
5398,361.3
5399,371
5400,398.6
5401,412
5402,400
5403,410.9
5404,400.8
5405,531.1
5406,482.1
5407,978.1
5408,1631.9
5409,1767.3
5410,1811.1
5411,2138.6
5412,2548
5413,2430.5
5414,1616.4
5415,1560.8
5416,2012.9
5417,1283.8
5418,1066.9
5419,823.2
5420,899.3
5421,540.2
5422,409.2
5423,403.9
5424,398.3
5425,413
5426,398.9
5427,411.7
5428,399.7
5429,531.8
5430,483.8
5431,979.4
5432,1628.8
5433,1766.7
5434,1810.1
5435,2135.4
5436,2546.7
5437,2430.4
5438,1616.3
5439,1558.1
5440,2013.2
5441,1281.2
5442,1068.6
5443,820.4
5444,901
5445,538.4
5446,410.1
5447,402.8
5448,404.4
5449,406.4
5450,397.8
5451,412.8
5452,398.6
5453,532.3
5454,490.7
5455,974.5
5456,1628.3
5457,1765.6
5458,1809.1
5459,2132.7
5460,2545.4
5461,2430.4
5462,1616.3
5463,1557.3
5464,2011.5
5465,1279.3
5466,1070.9
5467,820.4
5468,900.4
5469,534.9
5470,410.6
5471,402.2
5472,407.9
5473,402.7
5474,407.1
5475,403.6
5476,397.9
5477,532.3
5478,490.6
5479,973.9
5480,1628.8
5481,1764.7
5482,1808.2
5483,2130.3
5484,2543.4
5485,2430.9
5486,1615.5
5487,1557.2
5488,2008.8
5489,1278.9
5490,1072.6
5491,820.5
5492,899.9
5493,532
5494,411.2
5495,401.4
5496,408.9
5497,402.1
5498,407.2
5499,403.1
5500,400.2
5501,529.5
5502,491.5
5503,973.5
5504,1629.1
5505,1765.5
5506,1805.8
5507,2128.3
5508,2543.1
5509,2429.1
5510,1614.9
5511,1557.5
5512,2007.4
5513,1277.3
5514,1074.4
5515,820.7
5516,899.6
5517,529.7
5518,411.6
5519,401.1
5520,409
5521,401.6
5522,407.2
5523,402.4
5524,404
5525,525.7
5526,490.9
5527,641.5
5528,815.5
5529,1064.2
5530,985.1
5531,1141.7
5532,1023.1
5533,980.8
5534,820.3
5535,737.7
5536,776.4
5537,494.3
5538,482.8
5539,491.1
5540,481.7
5541,572
5542,400.7
5543,412.1
5544,358.5
5545,370.9
5546,359.8
5547,367.1
5548,361.8
5549,487.3
5550,364.1
5551,356.9
5552,371.3
5553,358.9
5554,368.6
5555,440.5
5556,450
5557,561
5558,453.9
5559,359.7
5560,369.3
5561,360.3
5562,366.7
5563,362.3
5564,357.4
5565,492.3
5566,359.4
5567,370.3
5568,399.2
5569,409.2
5570,400.6
5571,408.3
5572,401.2
5573,529.5
5574,482.1
5575,971.9
5576,1631.3
5577,1761.5
5578,1803.5
5579,2134.2
5580,2537.9
5581,2423
5582,1610.7
5583,1560.8
5584,2002.9
5585,1284.5
5586,1064.5
5587,821
5588,897.1
5589,538.1
5590,400.9
5591,410.7
5592,399.6
5593,409.7
5594,400.7
5595,408.1
5596,401.3
5597,529.4
5598,482
5599,971.7
5600,1630.9
5601,1761.1
5602,1803
5603,2133.6
5604,2537.2
5605,2422.4
5606,1610.4
5607,1560.4
5608,2002.3
5609,1284.3
5610,1064.3
5611,820.9
5612,896.9
5613,537.9
5614,401
5615,410.3
5616,399.7
5617,409.4
5618,400.8
5619,407.9
5620,401.3
5621,529.2
5622,482
5623,971.5
5624,1630.5
5625,1760.8
5626,1802.7
5627,2133
5628,2536.7
5629,2421.8
5630,1610.4
5631,1560.1
5632,2001.6
5633,1284.4
5634,1064.1
5635,820.4
5636,897.2
5637,537.7
5638,400.8
5639,410.4
5640,399.9
5641,409.1
5642,400.9
5643,408.5
5644,401.4
5645,529.1
5646,482.1
5647,971
5648,1630.7
5649,1760.5
5650,1802.4
5651,2132.3
5652,2536.3
5653,2421.4
5654,1610.5
5655,1559.9
5656,2001
5657,1284.6
5658,1064
5659,820.3
5660,897.1
5661,537.4
5662,401.2
5663,409.8
5664,400.1
5665,409.3
5666,400.9
5667,408.4
5668,401.4
5669,528.8
5670,482.5
5671,970.9
5672,1630.5
5673,1760.3
5674,1802.2
5675,2131.7
5676,2536.1
5677,2421.2
5678,1610.7
5679,1559.7
5680,2000.3
5681,1284.9
5682,1063.9
5683,820.1
5684,897.1
5685,537.3
5686,401.2
5687,409.7
5688,400.3
5689,408.9
5690,401
5691,408.2
5692,401.6
5693,528.6
5694,482.8
5695,651.3
5696,814.2
5697,1056.9
5698,980.3
5699,1145.3
5700,1025.6
5701,980.3
5702,818.9
5703,735.8
5704,774.5
5705,487.6
5706,490.4
5707,481.1
5708,491.9
5709,564.1
5710,410.1
5711,397.3
5712,372.5
5713,358
5714,369.3
5715,359.9
5716,366.2
5717,481.5
5718,368.3
5719,362.4
5720,357.3
5721,370.2
5722,359.1
5723,448.6
5724,440.9
5725,570.7
5726,440.9
5727,372.3
5728,358.8
5729,368.4
5730,360.8
5731,361.4
5732,366.1
5733,479.7
5734,371.2
5735,357.8
5736,409.7
5737,399.6
5738,409.1
5739,400.4
5740,408.1
5741,520.7
5742,492.2
5743,971.8
5744,1629.4
5745,1760.4
5746,1802.4
5747,2123.6
5748,2537.7
5749,2425.7
5750,1612.3
5751,1558.8
5752,1999.9
5753,1278.6
5754,1070.4
5755,820.1
5756,897
5757,527.3
5758,412.8
5759,399.1
5760,410.3
5761,399.8
5762,409.2
5763,400.6
5764,408.3
5765,521.1
5766,491.8
5767,971.9
5768,1629.5
5769,1760.1
5770,1803
5771,2123.8
5772,2538.8
5773,2424.9
5774,1612.4
5775,1558.6
5776,2000.4
5777,1278.1
5778,1071
5779,820.2
5780,896.8
5781,527.5
5782,412.5
5783,399.4
5784,409.8
5785,400.1
5786,409.6
5787,401
5788,408.3
5789,521.1
5790,491.5
5791,971.6
5792,1630
5793,1760.8
5794,1802.8
5795,2124.1
5796,2539
5797,2425.2
5798,1612.5
5799,1558.3
5800,2001.1
5801,1277.8
5802,1071.6
5803,820.3
5804,896.9
5805,527.7
5806,412.6
5807,399.6
5808,409.7
5809,400.3
5810,409.1
5811,401
5812,408.3
5813,521.4
5814,491.6
5815,971.8
5816,1630.3
5817,1761
5818,1803.1
5819,2124.5
5820,2539.4
5821,2425.6
5822,1612.7
5823,1558.3
5824,2001.7
5825,1277.7
5826,1072
5827,820.4
5828,897
5829,527.9
5830,412.5
5831,399.5
5832,409.2
5833,400.4
5834,409
5835,401.2
5836,408.2
5837,521.4
5838,491.8
5839,972.4
5840,1630.2
5841,1761.4
5842,1803.5
5843,2124.9
5844,2539.9
5845,2426.1
5846,1613.1
5847,1559.1
5848,2001.6
5849,1277.8
5850,1072.3
5851,820.5
5852,897.3
5853,528
5854,412.5
5855,399.8
5856,409.7
5857,400.6
5858,408.8
5859,401.2
5860,408.2
5861,521.7
5862,491.6
5863,645.4
5864,810.7
5865,1066.7
5866,982.1
5867,1140.3
5868,1022.8
5869,980.2
5870,820
5871,737.4
5872,775.6
5873,495.3
5874,481.8
5875,492
5876,480.3
5877,572.9
5878,407.2
5879,405.2
5880,357.6
5881,370.9
5882,359.1
5883,368.7
5884,360.9
5885,488.4
5886,363.1
5887,359.4
5888,368.2
5889,358.1
5890,370.8
5891,439.4
5892,450.9
5893,560.2
5894,454.7
5895,358.8
5896,370.6
5897,359.4
5898,368.2
5899,361.5
5900,358.7
5901,490
5902,358.4
5903,371.9
5904,358.4
5905,368.6
5906,360.3
5907,366.1
5908,362.5
5909,484.7
5910,366.6
5911,357.4
5912,370.6
5913,359.4
5914,368.2
5915,441
5916,449.7
5917,561.6
5918,453.6
5919,360.2
5920,368.8
5921,360.8
5922,366.2
5923,362.8
5924,357.9
5925,490.7
5926,359.7
5927,370.2
5928,399.5
5929,409.8
5930,401
5931,408.9
5932,401.8
5933,529.6
5934,483.1
5935,972.4
5936,1633.2
5937,1763.4
5938,1805.3
5939,2135.8
5940,2540.7
5941,2425.6
5942,1612.8
5943,1562.4
5944,2004.7
5945,1286
5946,1065.5
5947,821.5
5948,898.3
5949,538.4
5950,401
5951,410.9
5952,400.3
5953,409.8
5954,401
5955,408.5
5956,402
5957,529.5
5958,482.9
5959,972.8
5960,1634
5961,1764.1
5962,1806.1
5963,2137.4
5964,2541.9
5965,2426.7
5966,1612.9
5967,1562.7
5968,2006.5
5969,1285.5
5970,1065.9
5971,822.1
5972,898.3
5973,538.9
5974,400.6
5975,411.4
5976,399.7
5977,410.7
5978,400.5
5979,409.8
5980,401.5
5981,530.2
5982,482.5
5983,973.9
5984,1634
5985,1764.9
5986,1807.3
5987,2138.2
5988,2543.9
5989,2427.9
5990,1614.1
5991,1561.9
5992,2008.8
5993,1284.7
5994,1066.1
5995,822.2
5996,898.7
5997,539.4
5998,400.1
5999,412.5
6000,399.1
6001,411.6
6002,400
6003,410.7
6004,400.8
6005,531
6006,482
6007,977.2
6008,1632.2
6009,1765.8
6010,1810.7
6011,2137.1
6012,2546.4
6013,2429.3
6014,1615.5
6015,1560.6
6016,2011.5
6017,1283.7
6018,1066.5
6019,822.5
6020,899.3
6021,539.5
6022,406.2
6023,406.7
6024,398.2
6025,412.6
6026,399.3
6027,411.7
6028,399.9
6029,531.7
6030,483
6031,653.1
6032,817
6033,1060
6034,986.7
6035,1150.4
6036,1025.7
6037,983.1
6038,821.8
6039,738.6
6040,777.4
6041,485.4
6042,494.1
6043,489.9
6044,484.8
6045,572
6046,403.4
6047,409.9
6048,361.6
6049,367.2
6050,362.7
6051,357.7
6052,371.7
6053,479.6
6054,373.4
6055,359.8
6056,368.9
6057,361.6
6058,365.8
6059,444
6060,448.8
6061,564.6
6062,452.8
6063,362.7
6064,368.1
6065,363.3
6066,358
6067,371
6068,359.9
6069,490.2
6070,362
6071,368.1
6072,402
6073,408.2
6074,403.8
6075,406.4
6076,405.4
6077,529.5
6078,485.6
6079,975.7
6080,1637.9
6081,1769
6082,1811.1
6083,2140.4
6084,2549.6
6085,2433.6
6086,1619.5
6087,1567.1
6088,2009.7
6089,1291.4
6090,1068.2
6091,824.4
6092,900.5
6093,539.1
6094,402.5
6095,410.5
6096,401.3
6097,410
6098,402.1
6099,409.7
6100,403
6101,530.6
6102,484.4
6103,976.1
6104,1639
6105,1770.1
6106,1812.2
6107,2144.8
6108,2551
6109,2435.4
6110,1618.7
6111,1567.2
6112,2014.3
6113,1288.7
6114,1069.1
6115,824.3
6116,901
6117,540.5
6118,400.8
6119,413.1
6120,399.8
6121,412.3
6122,400.9
6123,411.3
6124,401.7
6125,532
6126,483
6127,983.3
6128,1634
6129,1771.7
6130,1816.1
6131,2144
6132,2555.3
6133,2437.8
6134,1621.3
6135,1563.4
6136,2019.8
6137,1285.6
6138,1072.5
6139,821.9
6140,903.4
6141,539.8
6142,410.2
6143,403.7
6144,407.6
6145,405
6146,399
6147,413.8
6148,399.7
6149,533.7
6150,492.2
6151,978.4
6152,1636.1
6153,1776.6
6154,1814.5
6155,2141.4
6156,2557.2
6157,2442.5
6158,1623.1
6159,1566.4
6160,2018
6161,1284.3
6162,1080.2
6163,825.3
6164,902.5
6165,531
6166,413.6
6167,401.7
6168,410.7
6169,402.5
6170,410.2
6171,403.2
6172,409.4
6173,524.5
6174,494.5
6175,978.9
6176,1642.1
6177,1774.4
6178,1816.8
6179,2140.7
6180,2559.4
6181,2444.6
6182,1624.9
6183,1571
6184,2015.8
6185,1292.2
6186,1074.5
6187,825.8
6188,902.9
6189,532.6
6190,411.8
6191,399.3
6192,414
6193,400.2
6194,413.3
6195,400.9
6196,412.3
6197,522.5
6198,496.2
6199,655.2
6200,819.5
6201,1066.3
6202,988.5
6203,1148.5
6204,1034.5
6205,992.4
6206,825
6207,735.3
6208,777.9
6209,499.4
6210,491
6211,487
6212,492.7
6213,565.2
6214,414.7
6215,401.4
6216,370.4
6217,362
6218,368.4
6219,364.2
6220,358.9
6221,494.9
6222,360.8
6223,371.9
6224,360.8
6225,368.7
6226,363
6227,449.5
6228,445.6
6229,573.4
6230,445.3
6231,371.9
6232,362.1
6233,368
6234,363.9
6235,359
6236,372.5
6237,481.6
6238,373.6
6239,360.9
6240,410.4
6241,403.3
6242,411.7
6243,404
6244,409.3
6245,526
6246,494.9
6247,981.2
6248,1645.8
6249,1779.5
6250,1821.7
6251,2146.4
6252,2566.4
6253,2451.2
6254,1629.2
6255,1575.1
6256,2021.1
6257,1297.1
6258,1075.3
6259,827.7
6260,905
6261,539.2
6262,406.9
6263,408.8
6264,405.7
6265,400.2
6266,414.7
6267,400.7
6268,414.2
6269,523.9
6270,496.9
6271,981.6
6272,1648.4
6273,1780.5
6274,1823.1
6275,2153.7
6276,2567.4
6277,2450.5
6278,1630.1
6279,1577.2
6280,2023.9
6281,1298.4
6282,1075
6283,828.5
6284,905.6
6285,542.7
6286,403
6287,413.5
6288,402.2
6289,412.6
6290,402.9
6291,411.9
6292,403.6
6293,534.3
6294,485.6
6295,983.5
6296,1649
6297,1782.2
6298,1827.2
6299,2157.8
6300,2571.6
6301,2454.1
6302,1631.9
6303,1573.1
6304,2032.3
6305,1291.3
6306,1081.7
6307,828.1
6308,908.6
6309,536
6310,414
6311,403.5
6312,411.4
6313,404.5
6314,410.8
6315,405.2
6316,406.1
6317,530.6
6318,495.2
6319,983.9
6320,1650.1
6321,1785.2
6322,1827.3
6323,2153.2
6324,2574.3
6325,2458.8
6326,1633.3
6327,1580.4
6328,2027.2
6329,1301.1
6330,1078
6331,829.9
6332,907.4
6333,540.6
6334,407.2
6335,410.1
6336,406
6337,405.4
6338,410.9
6339,401
6340,414.7
6341,531.5
6342,490.7
6343,984.3
6344,1653.5
6345,1786.1
6346,1828.7
6347,2162
6348,2575.6
6349,2458.6
6350,1633.2
6351,1582
6352,2032.8
6353,1299.7
6354,1077.8
6355,830.7
6356,908.1
6357,542.9
6358,404.6
6359,414.6
6360,401.3
6361,415.2
6362,402.2
6363,414.5
6364,402.9
6365,536.2
6366,487.3
6367,658.5
6368,825.3
6369,1071.6
6370,999.9
6371,1161.2
6372,1036.7
6373,993.7
6374,830.2
6375,745.9
6376,785.8
6377,498.6
6378,488.8
6379,495
6380,486.8
6381,577.8
6382,404.4
6383,415.1
6384,361.8
6385,372.3
6386,363.2
6387,369.8
6388,365
6389,492.4
6390,367.2
6391,360.1
6392,373.9
6393,362.1
6394,371.6
6395,444.8
6396,454.5
6397,567.5
6398,458.5
6399,362.4
6400,372.7
6401,362.9
6402,370.2
6403,364.9
6404,359.7
6405,496.4
6406,361.8
6407,373.5
6408,402
6409,415.1
6410,403.6
6411,414
6412,404.3
6413,536.7
6414,486.7
6415,990.6
6416,1655.9
6417,1793.7
6418,1838.1
6419,2168.1
6420,2586.4
6421,2470.3
6422,1641.1
6423,1584
6424,2039.6
6425,1299.9
6426,1089.1
6427,833
6428,911.2
6429,533.7
6430,417.6
6431,403
6432,414.9
6433,403.7
6434,414.6
6435,404.4
6436,413.9
6437,527
6438,499.2
6439,988.8
6440,1660.8
6441,1794.5
6442,1837.4
6443,2169.6
6444,2588.9
6445,2470.7
6446,1642.8
6447,1589.2
6448,2040.8
6449,1307.1
6450,1082.6
6451,833.8
6452,911.8
6453,545.7
6454,404
6455,415.6
6456,402.9
6457,415.9
6458,403.6
6459,415.8
6460,404.3
6461,538.4
6462,486.9
6463,995.8
6464,1658.7
6465,1798.5
6466,1842.7
6467,2171.7
6468,2593
6469,2476.6
6470,1645.2
6471,1590.6
6472,2042
6473,1307
6474,1087.9
6475,834.7
6476,913
6477,539.5
6478,412.7
6479,405.5
6480,413.5
6481,402.8
6482,416.8
6483,403.5
6484,416.1
6485,526.9
6486,500.9
6487,990.7
6488,1665.3
6489,1799
6490,1842
6491,2178.6
6492,2595.3
6493,2477.5
6494,1645.8
6495,1590.7
6496,2050.5
6497,1305.8
6498,1086.8
6499,834.5
6500,916.6
6501,544.1
6502,415
6503,406.9
6504,412.3
6505,407.9
6506,411.9
6507,408.6
6508,403.7
6509,539.3
6510,498.2
6511,992.4
6512,1665.4
6513,1803
6514,1845
6515,2174.3
6516,2600.1
6517,2483.4
6518,1649.6
6519,1595.1
6520,2046.7
6521,1313.9
6522,1086.9
6523,836.9
6524,915.1
6525,546.1
6526,406.8
6527,414.8
6528,405.3
6529,415.6
6530,406.2
6531,414.4
6532,406.9
6533,538.5
6534,489.8
6535,664.3
6536,831.1
6537,1080.6
6538,1002
6539,1175.5
6540,1045.5
6541,1001.7
6542,836.6
6543,751.4
6544,791.2
6545,493.7
6546,499.8
6547,497.1
6548,490.8
6549,581.2
6550,407.2
6551,416
6552,364.4
6553,372.3
6554,365.6
6555,370.5
6556,367.5
6557,494.5
6558,369.9
6559,362.4
6560,374.9
6561,364.2
6562,372.6
6563,447.9
6564,456.7
6565,571.7
6566,460.8
6567,364.5
6568,374
6569,364.9
6570,371.7
6571,366.8
6572,361.6
6573,499.4
6574,363.7
6575,375.9
6576,404.2
6577,417.5
6578,405.8
6579,416
6580,406.7
6581,540
6582,489.9
6583,1000
6584,1670.9
6585,1811.2
6586,1855.7
6587,2186.7
6588,2611.4
6589,2494.1
6590,1656.4
6591,1601.3
6592,2055.9
6593,1318.4
6594,1091.7
6595,839.7
6596,918.4
6597,547.2
6598,409.4
6599,415.4
6600,408
6601,413.5
6602,409.2
6603,412.9
6604,409.9
6605,539
6606,493
6607,996.7
6608,1676.9
6609,1811.4
6610,1856.2
6611,2194.8
6612,2615.5
6613,2497.6
6614,1658.9
6615,1602.8
6616,2060.1
6617,1315
6618,1097.9
6619,841.2
6620,919.7
6621,539.9
6622,417.7
6623,404.2
6624,418.8
6625,405.4
6626,418.4
6627,406
6628,417.7
6629,530
6630,503.9
6631,998.3
6632,1679.3
6633,1814.4
6634,1857.6
6635,2199.1
6636,2618.4
6637,2499.8
6638,1661.3
6639,1602
6640,2068.8
6641,1313.1
6642,1103.3
6643,841.8
6644,921.1
6645,539.1
6646,420.1
6647,405.9
6648,417.7
6649,407.1
6650,417.3
6651,407.6
6652,416.7
6653,532
6654,503
6655,1000
6656,1681.6
6657,1817.1
6658,1860.6
6659,2200
6660,2623.1
6661,2503.8
6662,1662.9
6663,1605.1
6664,2073.3
6665,1316.1
6666,1101.8
6667,843.2
6668,924.5
6669,540.9
6670,419
6671,407.3
6672,417.7
6673,408.2
6674,416.8
6675,408.7
6676,416.2
6677,533.3
6678,502.9
6679,1001.4
6680,1683.7
6681,1820.5
6682,1863.6
6683,2202
6684,2627.7
6685,2507.9
6686,1665.1
6687,1609.2
6688,2075.4
6689,1319.3
6690,1101.3
6691,843.7
6692,926.5
6693,543.3
6694,419.2
6695,408.1
6696,416.9
6697,409
6698,416.7
6699,409.6
6700,416
6701,534.4
6702,503.3
6703,664.5
6704,835.7
6705,1098.2
6706,1012.4
6707,1177.1
6708,1057.4
6709,1017.8
6710,843.8
6711,753.2
6712,793.7
6713,508.9
6714,500.8
6715,494.1
6716,502.3
6717,575.1
6718,423
6719,406.3
6720,378.1
6721,365.6
6722,376.3
6723,367.3
6724,373.2
6725,493.5
6726,375.3
6727,369
6728,363.9
6729,378.6
6730,365.6
6731,459.4
6732,450.5
6733,586.6
6734,459.8
6735,371
6736,364.3
6737,377.2
6738,366
6739,374.9
6740,367.7
6741,499.8
6742,369.8
6743,372.7
6744,369.5
6745,364.7
6746,377.4
6747,366.4
6748,375.1
6749,492.8
6750,377.3
6751,368
6752,372.9
6753,369.8
6754,364.7
6755,461
6756,449.8
6757,587.8
6758,461.8
6759,369.9
6760,365.7
6761,377.4
6762,365
6763,376.9
6764,366.7
6765,501.7
6766,368.5
6767,374.9
6768,409.8
6769,416.9
6770,411.6
6771,416.2
6772,412.3
6773,543.6
6774,496.2
6775,1006.6
6776,1695.3
6777,1831.6
6778,1879.5
6779,2217.6
6780,2645.7
6781,2526.7
6782,1677.1
6783,1621.3
6784,2082.2
6785,1334.7
6786,1104
6787,849
6788,928.7
6789,552.6
6790,410.5
6791,419.6
6792,409.2
6793,419.4
6794,410.1
6795,418.8
6796,410.6
6797,545.1
6798,495.2
6799,1012
6800,1696
6801,1840.3
6802,1880.6
6803,2217.1
6804,2650.3
6805,2531.1
6806,1679.8
6807,1624.4
6808,2086.8
6809,1335.5
6810,1105.6
6811,849.9
6812,929.9
6813,554
6814,413.4
6815,417.2
6816,408.3
6817,421.5
6818,407.9
6819,422.1
6820,408.3
6821,547.5
6822,503.9
6823,1010.9
6824,1698.8
6825,1840.3
6826,1882
6827,2222.4
6828,2656
6829,2534.3
6830,1681.6
6831,1626.4
6832,2096.2
6833,1332
6834,1112.3
6835,851.8
6836,934.6
6837,545.4
6838,421.9
6839,410.1
6840,419.5
6841,411.1
6842,419.5
6843,411.6
6844,419.1
6845,537.7
6846,507.4
6847,1012
6848,1703.8
6849,1841.4
6850,1885.5
6851,2231.7
6852,2659.8
6853,2539.2
6854,1687.3
6855,1626.4
6856,2096.8
6857,1337.2
6858,1113.4
6859,852.5
6860,933
6861,552.9
6862,414.8
6863,417.8
6864,413
6865,417.9
6866,414
6867,415.2
6868,416.6
6869,545.7
6870,499.5
6871,675.5
6872,847.1
6873,1103.3
6874,1022.4
6875,1199.8
6876,1067.1
6877,1022.1
6878,852.6
6879,765.5
6880,806.2
6881,508.8
6882,499
6883,505.8
6884,497
6885,591.6
6886,411.4
6887,423.2
6888,367
6889,379.5
6890,368.3
6891,377.4
6892,370
6893,504
6894,371.9
6895,375.4
6896,371.5
6897,366.4
6898,379.9
6899,452.2
6900,465.4
6901,589.4
6902,458.8
6903,376.6
6904,371.6
6905,366.4
6906,379.8
6907,368.1
6908,378
6909,495.9
6910,380.6
6911,369.6
6912,418.7
6913,413.9
6914,419.3
6915,414.3
6916,418.9
6917,541.2
6918,508.2
6919,1017.2
6920,1712.9
6921,1851.5
6922,1896
6923,2242.7
6924,2675.3
6925,2553.7
6926,1696.4
6927,1635.3
6928,2108.5
6929,1346.7
6930,1116.4
6931,856.5
6932,937.5
6933,555.3
6934,415.6
6935,419.1
6936,414.1
6937,419.8
6938,415
6939,419.1
6940,415.5
6941,547.7
6942,500.8
6943,1017.9
6944,1716.3
6945,1856
6946,1904.1
6947,2243.6
6948,2680
6949,2559.4
6950,1697.7
6951,1641.6
6952,2111.6
6953,1347.1
6954,1116.3
6955,858
6956,942
6957,555.9
6958,422.9
6959,413.5
6960,420.7
6961,414.4
6962,420.7
6963,414.8
6964,419.9
6965,542.6
6966,510.1
6967,1020.5
6968,1719.2
6969,1858.4
6970,1903
6971,2252.5
6972,2685.7
6973,2563.8
6974,1701.8
6975,1643.7
6976,2113.7
6977,1352.6
6978,1119.1
6979,859.3
6980,940.4
6981,557.9
6982,414.9
6983,422.1
6984,413.5
6985,421.9
6986,414.4
6987,421.2
6988,414.8
6989,550.3
6990,500.5
6991,1025
6992,1721.3
6993,1865.4
6994,1910.5
6995,2249.2
6996,2692.5
6997,2568.8
6998,1703.5
6999,1646.9
7000,2124.8
7001,1347
7002,1129.5
7003,860.8
7004,942.4
7005,548.8
7006,427
7007,411.5
7008,424.7
7009,412.4
7010,424.2
7011,412.8
7012,425.2
7013,540.7
7014,513.2
7015,1023.6
7016,1726
7017,1865.2
7018,1912.7
7019,2260
7020,2696
7021,2574.5
7022,1707.4
7023,1650.8
7024,2122.1
7025,1356.9
7026,1121.8
7027,862.1
7028,944.2
7029,560.9
7030,423.5
7031,415.6
7032,421.5
7033,416.3
7034,420.7
7035,417.6
7036,415.7
7037,549.8
7038,511.2
7039,675.2
7040,855.7
7041,1124.6
7042,1035.6
7043,1204.9
7044,1086.4
7045,1036.7
7046,862.7
7047,773.2
7048,814.9
7049,507.2
7050,511.1
7051,499.8
7052,513
7053,595.5
7054,418.2
7055,422.2
7056,373.1
7057,377.6
7058,374.4
7059,368.9
7060,382.7
7061,498.5
7062,385.1
7063,370.2
7064,380.3
7065,371.8
7066,378.9
7067,458.8
7068,466.8
7069,587.6
7070,471
7071,371.3
7072,381.1
7073,371.7
7074,379
7075,373.2
7076,370.7
7077,509.2
7078,378
7079,376
7080,412.2
7081,426.7
7082,413.7
7083,426.4
7084,414.1
7085,555
7086,511.6
7087,1030.1
7088,1735
7089,1877.2
7090,1922.3
7091,2272.9
7092,2713.7
7093,2590.1
7094,1718.8
7095,1659.6
7096,2134.6
7097,1364.9
7098,1129.3
7099,866.5
7100,948.5
7101,562.2
7102,416.2
7103,425.7
7104,414.9
7105,425.6
7106,415.7
7107,425.3
7108,416.1
7109,554.8
7110,502.8
7111,1039.9
7112,1736.3
7113,1884
7114,1925.8
7115,2275.9
7116,2719.8
7117,2595.5
7118,1723.1
7119,1661.3
7120,2140.8
7121,1367.7
7122,1131.3
7123,868
7124,950.1
7125,563.3
7126,417.4
7127,425.4
7128,416
7129,425.5
7130,416.8
7131,425.2
7132,417.1
7133,555.3
7134,503.8
7135,1039.5
7136,1740.8
7137,1888
7138,1930.3
7139,2280.1
7140,2725.7
7141,2601.1
7142,1726.5
7143,1664.7
7144,2145.3
7145,1370.4
7146,1133.4
7147,869.5
7148,951.8
7149,564
7150,417.8
7151,426.1
7152,416.3
7153,426.2
7154,417.1
7155,425.9
7156,417.4
7157,556.3
7158,504.3
7159,1042.6
7160,1744
7161,1892
7162,1933.6
7163,2285.6
7164,2731.4
7165,2606.7
7166,1729.6
7167,1669.3
7168,2148
7169,1373.1
7170,1135.3
7171,871.2
7172,953.5
7173,565.1
7174,417.4
7175,427.5
7176,415.9
7177,427.7
7178,416.7
7179,427.4
7180,417
7181,557.6
7182,509.3
7183,1041.7
7184,1748.4
7185,1893.7
7186,1937.5
7187,2292.5
7188,2736.9
7189,2612.4
7190,1731.3
7191,1673.4
7192,2151.4
7193,1376
7194,1137.3
7195,872.6
7196,955.1
7197,565.5
7198,420.7
7199,424.8
7200,416.9
7201,427.9
7202,415.6
7203,429.6
7204,415.8
7205,559.3
7206,516.2
7207,680.2
7208,867.3
7209,1141
7210,1049
7211,1220.9
7212,1101.8
7213,1049.3
7214,872.7
7215,782.4
7216,825
7217,511.1
7218,516.6
7219,512.7
7220,509.6
7221,602.7
7222,420.2
7223,427.8
7224,374.3
7225,382.5
7226,375.5
7227,380.6
7228,377.1
7229,512.4
7230,378.9
7231,371.5
7232,385.8
7233,373
7234,383.2
7235,461.3
7236,472.6
7237,600.4
7238,468.5
7239,379.9
7240,379
7241,372.3
7242,384.8
7243,373.8
7244,382.9
7245,505.5
7246,385.8
7247,374.9
7248,425.7
7249,420.5
7250,426.7
7251,420.7
7252,426.4
7253,551.5
7254,518.2
7255,1042.9
7256,1760.8
7257,1903.6
7258,1950
7259,2309
7260,2753.1
7261,2628.8
7262,1741.7
7263,1684
7264,2172.1
7265,1376.8
7266,1152.7
7267,877.5
7268,961.3
7269,559.1
7270,430.9
7271,419.3
7272,428
7273,416.8
7274,431.6
7275,417
7276,431.4
7277,558.5
7278,511.4
7279,1044.1
7280,1764.6
7281,1910.9
7282,1959.3
7283,2306.8
7284,2762.2
7285,2635.4
7286,1747.9
7287,1686
7288,2172.8
7289,1386.8
7290,1146.4
7291,879
7292,962.4
7293,569.6
7294,419.9
7295,430.4
7296,418
7297,430.9
7298,418.8
7299,430.6
7300,419
7301,562.3
7302,517.9
7303,1047.6
7304,1768.3
7305,1912
7306,1957.8
7307,2319.4
7308,2765.5
7309,2640.4
7310,1749.3
7311,1691
7312,2178.1
7313,1386.1
7314,1152.2
7315,882.8
7316,966.7
7317,560.3
7318,432.8
7319,418.5
7320,430.4
7321,419.3
7322,430.9
7323,419.5
7324,431.6
7325,551.1
7326,522.6
7327,1048.5
7328,1772
7329,1916.6
7330,1968.3
7331,2317.3
7332,2774.6
7333,2647.2
7334,1755.1
7335,1693.3
7336,2182.9
7337,1392.5
7338,1150.9
7339,882.2
7340,966
7341,571.6
7342,420.8
7343,432.1
7344,419.2
7345,431.9
7346,419.9
7347,431.7
7348,420.1
7349,563.8
7350,519.4
7351,1051.6
7352,1775.8
7353,1920.2
7354,1966.1
7355,2329.7
7356,2776.8
7357,2653
7358,1756.6
7359,1698.1
7360,2190.2
7361,1388.8
7362,1161.8
7363,884
7364,968.6
7365,563.7
7366,431.7
7367,426.5
7368,425.1
7369,424.4
7370,428.3
7371,418.8
7372,433.9
7373,562.2
7374,513.9
7375,698.7
7376,878.4
7377,1146.7
7378,1067
7379,1243.9
7380,1108.2
7381,1063.8
7382,885.4
7383,788.8
7384,835.7
7385,527.2
7386,519.6
7387,512.4
7388,521.2
7389,607.1
7390,428.2
7391,427.4
7392,381.3
7393,374.9
7394,388
7395,376.3
7396,387.1
7397,510.1
7398,388.8
7399,377.3
7400,385.3
7401,378.7
7402,377.2
7403,473.9
7404,475.2
7405,601.1
7406,480.5
7407,377.5
7408,386.1
7409,377.5
7410,385
7411,378.9
7412,376.3
7413,520.1
7414,381.7
7415,383.5
7416,419.3
7417,434.1
7418,420.7
7419,433.7
7420,420.9
7421,433.6
7422,563.1
7423,516.8
7424,1056.4
7425,1787.2
7426,1937.6
7427,1983.2
7428,2340.1
7429,2799.6
7430,2671.5
7431,1768.3
7432,1708.9
7433,2199
7434,1404
7435,1158.9
7436,890.1
7437,979.5
7438,568
7439,434.2
7440,422.3
7441,432.6
7442,423
7443,432.7
7444,423.2
7445,433.1
7446,556.3
7447,525.9
7448,1058.9
7449,1791.2
7450,1937.4
7451,1990.3
7452,2343.5
7453,2806.6
7454,2677.6
7455,1774.5
7456,1712.7
7457,2203.4
7458,1407.7
7459,1161.6
7460,890.2
7461,976.5
7462,575.4
7463,433.8
7464,424.2
7465,432.3
7466,424.9
7467,432.2
7468,425.1
7469,432
7470,558.5
7471,526.2
7472,1061.4
7473,1795.2
7474,1940.6
7475,1993.4
7476,2350.3
7477,2812.4
7478,2683.8
7479,1779.1
7480,1716
7481,2209.3
7482,1410.4
7483,1164.1
7484,892.2
7485,977.1
7486,577.7
7487,433.8
7488,425.3
7489,432.3
7490,426
7491,432.2
7492,426.1
7493,432.1
7494,559.9
7495,526.1
7496,1063.5
7497,1799
7498,1945
7499,1997.2
7500,2356.2
7501,2818.6
7502,2690
7503,1783.1
7504,1719.9
7505,2214
7506,1413.4
7507,1166.5
7508,893.6
7509,979.2
7510,578.5
7511,434.7
7512,425.6
7513,433.2
7514,426.3
7515,433.1
7516,426.4
7517,433
7518,560.5
7519,527.3
7520,1065.7
7521,1803.1
7522,1949.2
7523,2002.8
7524,2360.3
7525,2826.1
7526,2696.3
7527,1786.3
7528,1723.9
7529,2218.2
7530,1416.7
7531,1168.6
7532,895.4
7533,985.6
7534,574.5
7535,437.1
7536,425
7537,389.4
7538,380.8
7539,387
7540,382.2
7541,377.4
7542,525.9
7543,381.3
7544,389.9
7545,378.2
7546,390.5
7547,379.5
7548,479.4
7549,470.7
7550,616.9
7551,481.8
7552,382.8
7553,380.5
7554,387.7
7555,377.9
7556,391
7557,379.2
7558,524.7
7559,380.9
7560,389.8
7561,380.5
7562,387.8
7563,381.8
7564,387.6
7565,383.2
7566,523.3
7567,384.8
7568,383.4
7569,386.5
7570,378.2
7571,390.6
7572,469.3
7573,483
7574,615.5
7575,475.8
7576,390.6
7577,382.2
7578,386.3
7579,383.7
7580,377.9
7581,391.7
7582,513.9
7583,394.7
7584,378.6
7585,436.2
7586,425.5
7587,437.1
7588,425.6
7589,437.1
7590,565
7591,527
7592,1071.6
7593,1814.8
7594,1967.8
7595,2014.1
7596,2378.9
7597,2845.1
7598,2713.1
7599,1795.3
7600,1735.3
7601,2239.7
7602,1418
7603,1185.9
7604,901.2
7605,987.2
7606,579.2
7607,430.3
7608,435.3
7609,428.8
7610,436
7611,428.8
7612,435.9
7613,428.8
7614,572.4
7615,519.5
7616,1081.7
7617,1818.6
7618,1969.2
7619,2014.6
7620,2387.9
7621,2848.2
7622,2719.8
7623,1801.3
7624,1739.3
7625,2244.4
7626,1428
7627,1179.3
7628,902.5
7629,988.6
7630,581.8
7631,432.4
7632,433.2
7633,430.7
7634,434.1
7635,430.5
7636,434.2
7637,430.3
7638,570.1
7639,531
7640,1076.6
7641,1823
7642,1971.1
7643,2025.4
7644,2387.7
7645,2859.6
7646,2728
7647,1804.3
7648,1742.9
7649,2245.9
7650,1428.7
7651,1186.6
7652,907.6
7653,991.7
7654,572.9
7655,441.3
7656,429.2
7657,436.6
7658,429.9
7659,436.5
7660,430
7661,436.4
7662,573.1
7663,523
7664,1079
7665,1829.5
7666,1981.5
7667,2024
7668,2398.6
7669,2861.6
7670,2731.7
7671,1808.2
7672,1747.2
7673,2256.1
7674,1434.1
7675,1184.3
7676,906.1
7677,992.6
7678,584.5
7679,431.2
7680,436.6
7681,429.9
7682,437.2
7683,430
7684,437
7685,430.1
7686,573.3
7687,532.7
7688,1081
7689,1831.1
7690,1979.9
7691,2035.1
7692,2398.8
7693,2872.9
7694,2740.8
7695,1811.3
7696,1750.6
7697,2258.1
7698,1432.5
7699,1195.2
7700,908.2
7701,995.3
7702,582.9
7703,433.3
7704,436.1
7705,431.6
7706,436.7
7707,431.6
7708,436.8
7709,431.5
7710,575.8
7711,523.1
7712,716.8
7713,902.1
7714,1185.8
7715,1097.3
7716,1275
7717,1148.8
7718,1093.8
7719,908.2
7720,813.4
7721,857.8
7722,530.9
7723,529
7724,531.4
7725,522.6
7726,625
7727,440.4
7728,431.4
7729,389
7730,388.1
7731,381.3
7732,394.3
7733,382.5
7734,531.5
7735,384.1
7736,394.3
7737,383
7738,392.8
7739,384.3
7740,483.9
7741,477.2
7742,624.6
7743,486.5
7744,387.6
7745,380.9
7746,395.2
7747,382.2
7748,393.9
7749,383.4
7750,530.9
7751,385
7752,393.2
7753,430.2
7754,440.1
7755,430.9
7756,440.2
7757,430.9
7758,578.8
7759,529.9
7760,1090.9
7761,1843.5
7762,1993.8
7763,2044.3
7764,2418.3
7765,2891.9
7766,2760.2
7767,1825.2
7768,1761.7
7769,2272.7
7770,1443.5
7771,1201.5
7772,914.2
7773,1001.6
7774,583.9
7775,437
7776,438.1
7777,433.7
7778,438.4
7779,433.7
7780,438.3
7781,433.6
7782,578.4
7783,525.8
7784,1096.1
7785,1848.3
7786,2000.1
7787,2046.4
7788,2426.4
7789,2896.1
7790,2766.7
7791,1831.4
7792,1766.2
7793,2275
7794,1449.4
7795,1199
7796,919
7797,1005
7798,577.9
7799,445.4
7800,428.7
7801,444.1
7802,430.6
7803,442.8
7804,433.6
7805,439.8
7806,578.8
7807,527.8
7808,1093.6
7809,1856.9
7810,2004.3
7811,2051.1
7812,2431.8
7813,2901.7
7814,2773.3
7815,1835.8
7816,1770.4
7817,2279.8
7818,1453.5
7819,1200
7820,920.2
7821,1008.9
7822,579.3
7823,445.7
7824,429.7
7825,398.1
7826,383.9
7827,396.5
7828,385
7829,394.5
7830,524.7
7831,397.1
7832,385.5
7833,393.9
7834,386.6
7835,392.3
7836,480.3
7837,488.2
7838,618.9
7839,493.4
7840,384.5
7841,396.9
7842,384.2
7843,395
7844,385.4
7845,394
7846,525.1
7847,397.3
7848,385.8
7849,441.1
7850,433.9
7851,442
7852,433.7
7853,442.1
7854,572.4
7855,539.5
7856,1096
7857,1859.6
7858,2017.2
7859,2064
7860,2442.2
7861,2915.7
7862,2782.6
7863,1844.4
7864,1777.4
7865,2294.5
7866,1459.3
7867,1203.2
7868,919.9
7869,1014.1
7870,586.7
7871,444.6
7872,432.6
7873,443.5
7874,433.1
7875,443.8
7876,432.9
7877,444.5
7878,575.5
7879,537.7
7880,724.8
7881,914.7
7882,1197.3
7883,1116.6
7884,1296.1
7885,1157.4
7886,1116.6
7887,921.1
7888,823.8
7889,869.7
7890,532.7
7891,539.7
7892,536.4
7893,529.5
7894,631.6
7895,437.3
7896,442.4
7897,385
7898,398.5
7899,385.4
7900,397.3
7901,386.5
7902,536.8
7903,388
7904,396.9
7905,386.8
7906,395.5
7907,388
7908,488.4
7909,482.5
7910,631.9
7911,490.7
7912,391.7
7913,384.2
7914,398.6
7915,385.4
7916,397.3
7917,386.5
7918,536.8
7919,388
7920,396.9
7921,434
7922,444.7
7923,434.6
7924,444.8
7925,434.4
7926,585.7
7927,538.9
7928,1103.9
7929,1872.1
7930,2024.9
7931,2081.2
7932,2455.4
7933,2940.7
7934,2802.5
7935,1851.5
7936,1789.4
7937,2314.3
7938,1468.2
7939,1211.7
7940,925.5
7941,1014.5
7942,595.2
7943,445
7944,436.3
7945,443.8
7946,436.7
7947,444
7948,436.5
7949,444.2
7950,576.5
7951,542.6
7952,1104.9
7953,1876
7954,2035.8
7955,2081.8
7956,2465
7957,2942
7958,2810.7
7959,1860.2
7960,1795
7961,2311.4
7962,1471.7
7963,1217.2
7964,932.2
7965,1017.8
7966,587.3
7967,446.4
7968,442.1
7969,438.9
7970,443
7971,438.7
7972,443.6
7973,438.5
7974,585.9
7975,532.4
7976,1115
7977,1881.7
7978,2033.8
7979,2086.4
7980,2468.5
7981,2954.2
7982,2817.9
7983,1860
7984,1796.6
7985,2325.2
7986,1471.2
7987,1219.9
7988,929.1
7989,1018.7
7990,596.8
7991,439
7992,444.3
7993,439.5
7994,442.9
7995,442.3
7996,440.4
7997,444.1
7998,579.7
7999,543.5
8000,1109.7
8001,1884.3
8002,2043.1
8003,2092.7
8004,2475.5
8005,2956.1
8006,2823.2
8007,1868.4
8008,1803.4
8009,2321.7
8010,1477.6
8011,1223.3
8012,934.8
8013,1021.9
8014,592.3
8015,444.2
8016,444
8017,439.6
8018,444.2
8019,439.4
8020,444.6
8021,439.1
8022,588.3
8023,533.5
8024,1121
8025,1888.9
8026,2043.3
8027,2096.8
8028,2478.6
8029,2968.4
8030,2829.1
8031,1867.8
8032,1805
8033,2335.1
8034,1480.7
8035,1221.3
8036,932.6
8037,1023.8
8038,598.2
8039,448.3
8040,437.7
8041,447.1
8042,438
8043,447.9
8044,437.7
8045,447.3
8046,579.1
8047,546.7
8048,734
8049,927
8050,1214.6
8051,1133.5
8052,1314
8053,1176.8
8054,1130
8055,933.2
8056,834.6
8057,881.3
8058,544.7
8059,538.6
8060,543.4
8061,533.5
8062,639.6
8063,449.8
8064,438.5
8065,399.3
8066,391.4
8067,397
8068,392.7
8069,387.6
8070,543.9
8071,398.3
8072,393.7
8073,387.7
8074,401.4
8075,388.7
8076,495.7
8077,487.1
8078,637.9
8079,498.8
8080,391
8081,400
8082,390.5
8083,398.3
8084,391.6
8085,394.9
8086,536.6
8087,400.6
8088,391.7
8089,446
8090,440.8
8091,447.1
8092,440.5
8093,447.4
8094,582.5
8095,547.2
8096,1118.2
8097,1900.6
8098,2063.9
8099,2108.3
8100,2498.2
8101,2983.3
8102,2851.2
8103,1883.1
8104,1816.9
8105,2347.7
8106,1484.6
8107,1237.1
8108,938.3
8109,1028.9
8110,601
8111,439.6
8112,450.1
8113,437.9
8114,450.5
8115,437.6
8116,451.1
8117,439.2
8118,592.5
8119,547.7
8120,1120.9
8121,1904.8
8122,2065.2
8123,2115.8
8124,2503.8
8125,2988.9
8126,2857.2
8127,1888.7
8128,1820.9
8129,2351.1
8130,1488.4
8131,1240.5
8132,940.1
8133,1031
8134,601.9
8135,441.1
8136,449.8
8137,439.3
8138,450.7
8139,439
8140,451.5
8141,438.7
8142,594.7
8143,547.4
8144,1123.2
8145,1909
8146,2068.2
8147,2121.6
8148,2509.1
8149,2995.7
8150,2863
8151,1893.2
8152,1824.8
8153,2356
8154,1491.8
8155,1242.9
8156,941.9
8157,1033
8158,602.7
8159,441.7
8160,450.4
8161,439.9
8162,451.3
8163,439.6
8164,452.1
8165,439.2
8166,595.6
8167,548.2
8168,1125.4
8169,1913
8170,2073
8171,2125.8
8172,2514.8
8173,3002.2
8174,2870
8175,1896.6
8176,1828.6
8177,2362.2
8178,1493.8
8179,1245.5
8180,943.6
8181,1034.8
8182,603.7
8183,441.5
8184,452.1
8185,439.6
8186,452.2
8187,439.3
8188,452.9
8189,441.1
8190,594.8
8191,549.9
8192,1127.4
8193,1916.9
8194,2079.5
8195,2128.5
8196,2520.2
8197,3009.8
8198,2876.9
8199,1898.8
8200,1831.7
8201,2370.4
8202,1498.3
8203,1243.8
8204,945.1
8205,1036.6
8206,605.6
8207,448.6
8208,445.6
8209,449.6
8210,443.8
8211,450
8212,443.4
8213,450.3
8214,587
8215,551.4
8216,742.5
8217,939.3
8218,1232
8219,1146.7
8220,1334.9
8221,1192.8
8222,1145.9
8223,945.5
8224,845.6
8225,892.4
8226,553.1
8227,541.4
8228,549.6
8229,541
8230,644.6
8231,454.6
8232,441.5
8233,403.3
8234,393.5
8235,402
8236,394.5
8237,400.9
8238,539.8
8239,404.6
8240,394.4
8241,401
8242,395.3
8243,393.5
8244,498.3
8245,500.2
8246,636.7
8247,505.5
8248,392.3
8249,405.2
8250,391.7
8251,403.6
8252,392.7
8253,402.8
8254,538
8255,406
8256,392.6
8257,452
8258,442.3
8259,454.1
8260,441.9
8261,453.5
8262,596.1
8263,544.7
8264,1133.9
8265,1934.3
8266,2090.6
8267,2140.7
8268,2534.8
8269,3035.7
8270,2891.2
8271,1909.5
8272,1846.9
8273,2381.3
8274,1511.9
8275,1249.6
8276,954.9
8277,1043.7
8278,606.1
8279,447.5
8280,450.9
8281,445.2
8282,451.7
8283,444.8
8284,452
8285,444.4
8286,599
8287,548
8288,1139.8
8289,1933.2
8290,2092.2
8291,2150.4
8292,2541.4
8293,3035.9
8294,2901.3
8295,1916.3
8296,1847.6
8297,2389
8298,1510.4
8299,1254.6
8300,952
8301,1044.4
8302,609.3
8303,451.5
8304,447.3
8305,452
8306,445.9
8307,452.4
8308,445.5
8309,452.8
8310,590.4
8311,554.9
8312,1137.7
8313,1938.4
8314,2103
8315,2147.6
8316,2547.2
8317,3047.5
8318,2905.6
8319,1915.5
8320,1853.6
8321,2394
8322,1517.9
8323,1251.4
8324,959.3
8325,1049.3
8326,602.5
8327,454.2
8328,452
8329,447.2
8330,451.9
8331,446.7
8332,453
8333,446.3
8334,600.5
8335,545.3
8336,1148.4
8337,1941.2
8338,2100.1
8339,2159.9
8340,2551.8
8341,3049
8342,2913.8
8343,1923.3
8344,1855.7
8345,2399.9
8346,1517.2
8347,1257.6
8348,955.4
8349,1048
8350,610.9
8351,455.1
8352,446
8353,454
8354,446.1
8355,454.4
8356,445.7
8357,455.6
8358,591.2
8359,557.2
8360,1141.7
8361,1948.8
8362,2109.8
8363,2157.6
8364,2556.7
8365,3062
8366,2915.6
8367,1926.6
8368,1862.4
8369,2400.2
8370,1522.9
8371,1263.9
8372,957.9
8373,1050.7
8374,610.5
8375,447.7
8376,454.8
8377,445.7
8378,455.8
8379,445.3
8380,456.3
8381,444.8
8382,604.2
8383,555.5
8384,748.4
8385,953.6
8386,1249.7
8387,1154.6
8388,1360.2
8389,1205.4
8390,1163.9
8391,958
8392,855.6
8393,903.9
8394,554.7
8395,551.4
8396,554.8
8397,544.6
8398,654.1
8399,458.5
8400,445.9
8401,407.7
8402,397
8403,404.9
8404,397.9
8405,403.8
8406,545.5
8407,407.7
8408,397.6
8409,404.2
8410,398.4
8411,397.7
8412,501.9
8413,505.2
8414,643.5
8415,510.5
8416,395.1
8417,408.9
8418,394.4
8419,407.9
8420,395.3
8421,407.6
8422,542.8
8423,410.8
8424,394.9
8425,456.6
8426,445.3
8427,458.4
8428,444.8
8429,458.9
8430,602.8
8431,548.9
8432,1154
8433,1959.9
8434,2117.5
8435,2176.4
8436,2571.6
8437,3076.3
8438,2937.1
8439,1939.5
8440,1870.4
8441,2419.6
8442,1529.5
8443,1266.3
8444,962.2
8445,1055.5
8446,615.2
8447,457.9
8448,447.6
8449,456.8
8450,447.6
8451,457
8452,447.1
8453,457.8
8454,601.7
8455,552.8
8456,1150.2
8457,1966.5
8458,2124.3
8459,2177.9
8460,2577.4
8461,3084.7
8462,2941.3
8463,1945.3
8464,1873.1
8465,2423.1
8466,1531.4
8467,1271.5
8468,963.8
8469,1057.6
8470,614.7
8471,457.6
8472,449.1
8473,456.5
8474,449.1
8475,457
8476,448.6
8477,457.7
8478,595.7
8479,561
8480,1152.1
8481,1968.8
8482,2129.4
8483,2181.6
8484,2582.8
8485,3091.9
8486,2946.5
8487,1948.9
8488,1877.5
8489,2427.4
8490,1534.1
8491,1274.6
8492,965.5
8493,1059.5
8494,616.4
8495,458
8496,449.9
8497,456.9
8498,449.8
8499,457.4
8500,449.3
8501,458
8502,596.6
8503,561.7
8504,1154.2
8505,1972.5
8506,2134.2
8507,2185.3
8508,2588
8509,3097.8
8510,2952.8
8511,1953
8512,1880.8
8513,2432.5
8514,1537.5
8515,1275.4
8516,967.1
8517,1061.2
8518,617.2
8519,459.1
8520,449.7
8521,458.1
8522,449.7
8523,458.6
8524,449.1
8525,458.7
8526,599.3
8527,560.3
8528,1155.9
8529,1978
8530,2136.8
8531,2191
8532,2592.8
8533,3102.5
8534,2960.2
8535,1955.2
8536,1884.2
8537,2439.2
8538,1541.8
8539,1274
8540,968.6
8541,1065.2
8542,616.5
8543,461
8544,448.8
8545,459.7
8546,448.8
8547,460.1
8548,448.2
8549,460.9
8550,607.3
8551,553.2
8552,760
8553,962.4
8554,1272.9
8555,1171.2
8556,1372.7
8557,1225.6
8558,1168.6
8559,971
8560,866.1
8561,916.9
8562,561.8
8563,560.6
8564,557.6
8565,554
8566,659.9
8567,451.3
8568,460.8
8569,398.2
8570,410.4
8571,398.2
8572,410.1
8573,399
8574,559.3
8575,400.2
8576,411
8577,398.5
8578,409.8
8579,399.3
8580,509.1
8581,499.7
8582,661
8583,513.2
8584,400.6
8585,409.1
8586,399.8
8587,408.2
8588,400.6
8589,407.3
8590,550.3
8591,411.3
8592,400.1
8593,408.3
8594,401.3
8595,407.4
8596,402.1
8597,400.1
8598,558
8599,410.5
8600,401.6
8601,406.8
8602,402.7
8603,399.2
8604,510.3
8605,510.2
8606,651.3
8607,515.6
8608,398.6
8609,412.4
8610,397.8
8611,411.5
8612,398.5
8613,410.5
8614,548.5
8615,414.6
8616,398
8617,461.7
8618,449.1
8619,463.1
8620,455.1
8621,457
8622,610.4
8623,554.1
8624,1173.7
8625,1986.7
8626,2149.3
8627,2211.6
8628,2613.6
8629,3124.5
8630,2985.6
8631,1964.4
8632,1899.7
8633,2456.3
8634,1555.1
8635,1285.5
8636,978.7
8637,1071.2
8638,620.4
8639,454.1
8640,460.6
8641,451.8
8642,461.6
8643,451.2
8644,462.2
8645,450.5
8646,613.2
8647,563.9
8648,1166.9
8649,1989.5
8650,2162.5
8651,2206.4
8652,2618.3
8653,3136.3
8654,2985.6
8655,1974.5
8656,1903.4
8657,2459.8
8658,1554.5
8659,1288.6
8660,976.6
8661,1071.8
8662,622.9
8663,462.9
8664,452.2
8665,462.5
8666,452.1
8667,462.1
8668,451.4
8669,462.7
8670,611
8671,557.4
8672,1171.2
8673,1999.1
8674,2157.7
8675,2219.1
8676,2622.3
8677,3135.4
8678,2997.4
8679,1972.4
8680,1904.3
8681,2467.2
8682,1560.5
8683,1287.8
8684,983.6
8685,1074.9
8686,621.3
8687,455.8
8688,461
8689,453.3
8690,462.2
8691,452.6
8692,462.8
8693,451.9
8694,614.7
8695,565.2
8696,1170.8
8697,1996.6
8698,2170
8699,2214.4
8700,2627.7
8701,3148.1
8702,2996.5
8703,1982.2
8704,1909.1
8705,2469.8
8706,1560.8
8707,1290.7
8708,979.5
8709,1077.7
8710,622.1
8711,464.4
8712,452.2
8713,464.3
8714,452.1
8715,464
8716,451.4
8717,465
8718,612.9
8719,557.7
8720,768
8721,972.9
8722,1288.9
8723,1184.1
8724,1392.9
8725,1236.4
8726,1185.7
8727,985.4
8728,875.4
8729,924.6
8730,560.8
8731,567.1
8732,564.3
8733,556
8734,667.5
8735,465.5
8736,453.9
8737,412.1
8738,403.2
8739,410.5
8740,404
8741,409.4
8742,555.9
8743,413.8
8744,403.3
8745,410.5
8746,404
8747,409.3
8748,505.6
8749,514.5
8750,662.4
8751,513.2
8752,411.7
8753,405.1
8754,408
8755,406.3
8756,399.8
8757,414.4
8758,561.7
8759,407.6
8760,407.9
8761,413.1
8762,400.6
8763,414.4
8764,401.3
8765,413.1
8766,553.3
8767,417.7
8768,400.6
8769,414.4
8770,401.3
8771,413
8772,502.8
8773,517.3
8774,666.7
8775,508.1
8776,415
8777,402.3
8778,412.5
8779,403
8780,411.8
8781,403.7
8782,564.2
8783,404.8
8784,412.6
8785,453.9
8786,464.8
8787,454
8788,465.4
8789,453.3
8790,617.8
8791,568.5
8792,1178.2
8793,2010.6
8794,2184.9
8795,2232.3
8796,2647.4
8797,3168.4
8798,3021.8
8799,1993.4
8800,1920.6
8801,2489.8
8802,1573.4
8803,1294.8
8804,990
8805,1088.1
8806,620.5
8807,464.2
8808,461.9
8809,457.3
8810,463.7
8811,456.5
8812,464
8813,455.8
8814,617.7
8815,567.7
8816,1180.7
8817,2014
8818,2187.6
8819,2235
8820,2651
8821,3176.3
8822,3024.7
8823,1998.7
8824,1924.7
8825,2493.2
8826,1575.7
8827,1297.4
8828,986.6
8829,1093.6
8830,617.8
8831,469.1
8832,458
8833,462.6
8834,462.7
8835,458.3
8836,463
8837,457.6
8838,617.9
8839,561.9
8840,1188.6
8841,2017.4
8842,2188.8
8843,2240.9
8844,2655.3
8845,3180.8
8846,3029.2
8847,2002.5
8848,1928.5
8849,2496.7
8850,1577.6
8851,1300.7
8852,988.3
8853,1092.8
8854,621.1
8855,468.8
8856,453.7
8857,467.9
8858,460.3
8859,461.8
8860,463.3
8861,458.7
8862,618.3
8863,560
8864,1192.8
8865,2020.8
8866,2191.4
8867,2245.5
8868,2659.7
8869,3185.7
8870,3034.3
8871,2005.6
8872,1932.1
8873,2500.5
8874,1580
8875,1303
8876,989.7
8877,1094.1
8878,622
8879,469.2
8880,454.2
8881,468.4
8882,460.7
8883,462.2
8884,463.7
8885,459.2
8886,619
8887,560.6
8888,1194.5
8889,2023.9
8890,2195.1
8891,2248.8
8892,2663.9
8893,3191.2
8894,3039.4
8895,2009
8896,1934.2
8897,2505.3
8898,1583
8899,1303.4
8900,990.8
8901,1098.1
8902,620.2
8903,470.5
8904,458
8905,465.4
8906,464.1
8907,459.7
8908,464.4
8909,458.9
8910,620.1
8911,564.4
8912,772.9
8913,988
8914,1302.2
8915,1197.5
8916,1411
8917,1252.3
8918,1205.7
8919,991
8920,885.6
8921,934.8
8922,576.6
8923,560.1
8924,572.2
8925,570.8
8926,671.7
8927,463.3
8928,464.3
8929,408.3
8930,413.1
8931,408.1
8932,411.2
8933,409.1
8934,567.2
8935,409.7
8936,412.1
8937,407.8
8938,411.9
8939,408.5
8940,515.6
8941,511.5
8942,673.3
8943,519.3
8944,410
8945,406.5
8946,413.2
8947,403.1
8948,417
8949,403.7
8950,570.8
8951,412.1
8952,410.5
8953,461.7
8954,462.7
8955,466.1
8956,459.3
8957,466.7
8958,612.1
8959,574.6
8960,1189.3
8961,2039.9
8962,2203
8963,2263.5
8964,2676.6
8965,3201.6
8966,3057.5
8967,2011.7
8968,1948.2
8969,2513.6
8970,1587
8971,1317.5
8972,995.3
8973,1092.8
8974,632.9
8975,469.2
8976,458.3
8977,468
8978,457.9
8979,469.5
8980,457.1
8981,469.5
8982,621.1
8983,565.2
8984,1198.4
8985,2038
8986,2205.6
8987,2265.4
8988,2680.5
8989,3210
8990,3058.5
8991,2020.9
8992,1946.9
8993,2520.4
8994,1592.4
8995,1310.8
8996,996.1
8997,1104.2
8998,622.8
8999,472.5
9000,464.5
9001,462.4
9002,466.3
9003,461.1
9004,467.1
9005,460.2
9006,623.1
9007,570.7
9008,1196.2
9009,2038.8
9010,2214.8
9011,2262.3
9012,2686
9013,3215.3
9014,3065.9
9015,2020.5
9016,1947.9
9017,2524.4
9018,1594.8
9019,1316.6
9020,1002.4
9021,1096.9
9022,632.6
9023,461.1
9024,468.7
9025,458.4
9026,469.9
9027,457.6
9028,470.3
9029,461
9030,620.9
9031,575.3
9032,1194.5
9033,2045.1
9034,2215.8
9035,2271.1
9036,2689
9037,3216.1
9038,3072.6
9039,2018.9
9040,1956.6
9041,2525.3
9042,1593.5
9043,1323.9
9044,999.2
9045,1097.1
9046,634.7
9047,470.3
9048,459.7
9049,469.7
9050,459.3
9051,470
9052,458.4
9053,470.5
9054,623.1
9055,567
9056,1203.2
9057,2046.6
9058,2215.5
9059,2274.5
9060,2692
9061,3224.9
9062,3072.3
9063,2029.6
9064,1953.6
9065,2531.5
9066,1598.8
9067,1315.3
9068,1004.8
9069,1104.4
9070,631.2
9071,466.1
9072,467.6
9073,461.5
9074,468.6
9075,460.6
9076,469.5
9077,459.7
9078,625.7
9079,575.6
9080,781.3
9081,994.4
9082,1308.4
9083,1216.8
9084,1416.9
9085,1271.8
9086,1209
9087,999.7
9088,892.8
9089,942.8
9090,582.3
9091,574.6
9092,564.1
9093,576.9
9094,678.3
9095,462.1
9096,470.8
9097,406.5
9098,418.6
9099,406.3
9100,418.5
9101,406.8
9102,573.6
9103,408.6
9104,419.3
9105,405.8
9106,418.6
9107,406.3
9108,522.3
9109,520.9
9110,669.8
9111,526.7
9112,406.9
9113,419.6
9114,405.8
9115,418.9
9116,406.3
9117,418.1
9118,562.4
9119,422
9120,405.3
9121,419.8
9122,406.2
9123,419
9124,406.7
9125,418.7
9126,562.4
9127,422.9
9128,405.6
9129,419.8
9130,406.2
9131,418.9
9132,510.2
9133,525.4
9134,678.6
9135,515.2
9136,420
9137,406.5
9138,418.9
9139,407.1
9140,418.2
9141,407.6
9142,573.9
9143,408.6
9144,418.9
9145,458.7
9146,472.2
9147,463.2
9148,468.4
9149,469.2
9150,618
9151,578.6
9152,1201.5
9153,2061.3
9154,2228.1
9155,2288.6
9156,2706.8
9157,3239.6
9158,3090.8
9159,2037.7
9160,1967.4
9161,2543.9
9162,1607.1
9163,1323.4
9164,1004.5
9165,1113.7
9166,627.2
9167,475.4
9168,467.9
9169,464.5
9170,468.7
9171,463.5
9172,469.6
9173,462.5
9174,627.6
9175,576.7
9176,1204.5
9177,2057.6
9178,2236.8
9179,2284.9
9180,2712
9181,3243.7
9182,3098.8
9183,2035.9
9184,1969.4
9185,2546.5
9186,1607.4
9187,1333.3
9188,1006.4
9189,1105.1
9190,638
9191,472.4
9192,462.3
9193,471.3
9194,461.7
9195,472
9196,460.8
9197,472.6
9198,626.7
9199,570.2
9200,1212.2
9201,2062
9202,2233.8
9203,2290.4
9204,2714.2
9205,3251.9
9206,3098.3
9207,2042.9
9208,1967.5
9209,2552.5
9210,1611
9211,1331
9212,1010.6
9213,1107.2
9214,638.1
9215,463.4
9216,472.6
9217,460.5
9218,473.5
9219,465.5
9220,468.3
9221,470.4
9222,619.5
9223,580.1
9224,1205.5
9225,2069.5
9226,2234.8
9227,2297.3
9228,2717.5
9229,3252.9
9230,3101.4
9231,2047.5
9232,1971.7
9233,2554.5
9234,1613.3
9235,1326.5
9236,1012.8
9237,1113.3
9238,637.1
9239,467
9240,470.6
9241,463.7
9242,471.6
9243,462.8
9244,472.5
9245,461.8
9246,630.4
9247,579.1
9248,787.5
9249,1001.7
9250,1318.7
9251,1228.1
9252,1427.1
9253,1282.7
9254,1218.1
9255,1007.2
9256,901.3
9257,955.1
9258,578.9
9259,579.2
9260,577
9261,570.5
9262,683.4
9263,474.1
9264,464.1
9265,418.7
9266,411.3
9267,417.2
9268,411.8
9269,412.7
9270,572.2
9271,421.1
9272,410.6
9273,418
9274,411.1
9275,417.4
9276,515.9
9277,526.2
9278,681.6
9279,520.8
9280,419.2
9281,411.2
9282,417.1
9283,411.7
9284,416.9
9285,412.2
9286,575.5
9287,413.2
9288,417.5
9289,463.5
9290,472.3
9291,463.4
9292,473.1
9293,462.5
9294,631.5
9295,580.1
9296,1210.1
9297,2071.3
9298,2247.4
9299,2303.1
9300,2727.5
9301,3262.8
9302,3114.9
9303,2050.6
9304,1982
9305,2562.3
9306,1618.1
9307,1332.5
9308,1010.7
9309,1120.8
9310,630.3
9311,477.6
9312,470.3
9313,466.1
9314,471.3
9315,465.1
9316,472
9317,464.2
9318,631
9319,579.7
9320,1211.8
9321,2071.6
9322,2252.4
9323,2302.8
9324,2731
9325,3266.6
9326,3119.8
9327,2050.6
9328,1986.2
9329,2563.6
9330,1618.8
9331,1336.5
9332,1012
9333,1119.9
9334,633.1
9335,477.2
9336,463.1
9337,474
9338,471
9339,466.3
9340,471.8
9341,465.4
9342,631.1
9343,579.4
9344,1213.8
9345,2073.9
9346,2254
9347,2304.6
9348,2734.2
9349,3270.3
9350,3124
9351,2051.6
9352,1989
9353,2565.9
9354,1620
9355,1339.1
9356,1013
9357,1119.2
9358,635.7
9359,476.9
9360,461.8
9361,476
9362,470.8
9363,467.2
9364,471.4
9365,466.1
9366,631.4
9367,576.2
9368,1218.2
9369,2076.1
9370,2256.8
9371,2305.8
9372,2737.1
9373,3273.8
9374,3127.5
9375,2053.4
9376,1990.2
9377,2569.4
9378,1621.5
9379,1340.5
9380,1013.9
9381,1120.1
9382,636.3
9383,477.2
9384,462.1
9385,476.3
9386,471.1
9387,467.5
9388,471.7
9389,466.4
9390,631.9
9391,576.8
9392,1219.2
9393,2078.1
9394,2259
9395,2309.7
9396,2738.5
9397,3277.1
9398,3130.4
9399,2055.9
9400,1992.2
9401,2571.8
9402,1623.4
9403,1340.8
9404,1014.7
9405,1122.6
9406,634.9
9407,478.1
9408,463.2
9409,475.7
9410,471.9
9411,467.2
9412,472.7
9413,466.2
9414,632.5
9415,581
9416,785.5
9417,1015.2
9418,1328.8
9419,1232.3
9420,1441
9421,1290.7
9422,1226.6
9423,1014.3
9424,905
9425,957.9
9426,587.1
9427,581.5
9428,578.9
9429,574.9
9430,687
9431,470.7
9432,471.6
9433,418.5
9434,414.6
9435,411.9
9436,419.8
9437,409
9438,580.8
9439,422.1
9440,412.9
9441,419
9442,413.4
9443,415.7
9444,521.4
9445,528.1
9446,685
9447,524.1
9448,420.8
9449,413.3
9450,418.2
9451,413.7
9452,418.1
9453,414.2
9454,578.3
9455,415.1
9456,419.3
9457,465.7
9458,474.2
9459,465.6
9460,475.1
9461,464.6
9462,634.6
9463,583
9464,1217.8
9465,2086.1
9466,2263
9467,2319.6
9468,2746.4
9469,3286.7
9470,3135.2
9471,2068.2
9472,1992.6
9473,2581.3
9474,1628.7
9475,1339.9
9476,1026
9477,1119.4
9478,642.9
9479,468.3
9480,474.7
9481,465.2
9482,475.9
9483,464.2
9484,476.4
9485,466.8
9486,631.5
9487,584.3
9488,1218.2
9489,2091.2
9490,2261.8
9491,2322.7
9492,2747
9493,3292.3
9494,3137.6
9495,2069.9
9496,1992.7
9497,2582.6
9498,1631.2
9499,1346.6
9500,1021.5
9501,1119.5
9502,644.1
9503,466.5
9504,476.4
9505,466.6
9506,474.3
9507,473.8
9508,467.3
9509,474.7
9510,624.3
9511,585.7
9512,1219.5
9513,2095.7
9514,2260.9
9515,2324.3
9516,2749.9
9517,3296.2
9518,3141.2
9519,2068.8
9520,1993
9521,2586.6
9522,1631.5
9523,1350.7
9524,1019.5
9525,1119.7
9526,645.4
9527,476.3
9528,467
9529,475.2
9530,466.2
9531,475.7
9532,465.1
9533,476.5
9534,633.4
9535,576
9536,1228.6
9537,2090
9538,2266.9
9539,2321.6
9540,2753.9
9541,3297.1
9542,3146.9
9543,2067.1
9544,2000.2
9545,2586.6
9546,1630.8
9547,1350.6
9548,1019.7
9549,1124
9550,641.9
9551,479.1
9552,464.5
9553,477.7
9554,468
9555,474.2
9556,474.2
9557,468.6
9558,634.6
9559,577.3
9560,1227.8
9561,2090.5
9562,2272.6
9563,2322.7
9564,2756.8
9565,3297.8
9566,3148.6
9567,2070.6
9568,2002.9
9569,2588.6
9570,1634.7
9571,1343.8
9572,1022.3
9573,1129.1
9574,641.1
9575,473.8
9576,474.4
9577,467.8
9578,475.4
9579,466.8
9580,476.3
9581,465.7
9582,636.6
9583,584.7
9584,796
9585,1013.4
9586,1334.7
9587,1243
9588,1446.3
9589,1297.3
9590,1232.4
9591,1025.8
9592,912.6
9593,961.7
9594,579.5
9595,585.6
9596,583.3
9597,573.6
9598,691
9599,479.8
9600,465.5
9601,423.9
9602,411.7
9603,423.5
9604,412.1
9605,422.1
9606,571.1
9607,427.2
9608,410.7
9609,424.1
9610,411.2
9611,423.1
9612,517.3
9613,532.4
9614,689.2
9615,522.1
9616,426
9617,410.9
9618,423.6
9619,411.3
9620,423.5
9621,411.7
9622,582.4
9623,415.5
9624,421.7
9625,468.8
9626,473.3
9627,475.1
9628,468.1
9629,476
9630,625.7
9631,587.4
9632,1224.8
9633,2102.1
9634,2270.4
9635,2331.4
9636,2760
9637,3308.6
9638,3154.4
9639,2074.8
9640,2003.2
9641,2594.9
9642,1635.2
9643,1356.1
9644,1022.3
9645,1123.6
9646,647
9647,478.8
9648,466.3
9649,477.5
9650,465.4
9651,478.6
9652,472.2
9653,471.6
9654,635.4
9655,575.5
9656,1233.8
9657,2096.4
9658,2278.6
9659,2328.3
9660,2764.7
9661,3307.2
9662,3157.8
9663,2076
9664,2008.4
9665,2595.9
9666,1638.9
9667,1347.2
9668,1025.6
9669,1131.1
9670,644.4
9671,472.5
9672,475.3
9673,468.3
9674,476.4
9675,467.2
9676,477.3
9677,466.1
9678,637.7
9679,586.3
9680,1225
9681,2101.2
9682,2276.5
9683,2336
9684,2763.8
9685,3310.8
9686,3156.3
9687,2081.4
9688,2003.8
9689,2598.4
9690,1639.2
9691,1356.4
9692,1024.3
9693,1124.9
9694,647.5
9695,471.1
9696,475
9697,475.5
9698,468.8
9699,476.4
9700,467.7
9701,477
9702,634.5
9703,579.5
9704,1230.1
9705,2102.2
9706,2276.9
9707,2333.7
9708,2766.3
9709,3313.5
9710,3162
9711,2076.6
9712,2009.9
9713,2598.9
9714,1638.7
9715,1355.1
9716,1023.7
9717,1131.5
9718,641
9719,480.8
9720,465.1
9721,479.7
9722,474.7
9723,470.1
9724,475.5
9725,469
9726,637
9727,585.3
9728,1227.3
9729,2099.4
9730,2282.2
9731,2336
9732,2769
9733,3312.9
9734,3160.6
9735,2083.9
9736,2007
9737,2602
9738,1640.8
9739,1351.7
9740,1030.8
9741,1126.8
9742,647
9743,469.5
9744,477.9
9745,466.3
9746,478.6
9747,470.3
9748,474.5
9749,476
9750,628.1
9751,588
9752,799.5
9753,1016.4
9754,1346.7
9755,1241.5
9756,1459
9757,1294.4
9758,1246.5
9759,1024.1
9760,913
9761,964.8
9762,591
9763,575.5
9764,586.6
9765,585.6
9766,691
9767,473.7
9768,476.2
9769,416
9770,421.3
9771,415.5
9772,420.4
9773,416
9774,582.3
9775,416.8
9776,422.5
9777,414.5
9778,421.5
9779,414.9
9780,529.3
9781,521.8
9782,692.8
9783,534.9
9784,414.8
9785,423
9786,413.5
9787,423.9
9788,413.9
9789,422.6
9790,573.6
9791,426.7
9792,412.5
9793,477.5
9794,466.2
9795,479.6
9796,474.1
9797,471.5
9798,637
9799,576.6
9800,1237.5
9801,2102.9
9802,2285.8
9803,2336.3
9804,2773.5
9805,3317.9
9806,3167
9807,2084.3
9808,2012.8
9809,2605.1
9810,1642.9
9811,1350.5
9812,1034.4
9813,1129.1
9814,647.3
9815,471
9816,477.5
9817,467.7
9818,478.5
9819,466.6
9820,479.1
9821,471.4
9822,633.5
9823,588
9824,1227.7
9825,2110.5
9826,2279.9
9827,2343
9828,2771.8
9829,3322.7
9830,3166.6
9831,2084.6
9832,2009.8
9833,2606.2
9834,1643
9835,1361
9836,1026.1
9837,1127.2
9838,649.5
9839,480
9840,467.8
9841,478.9
9842,466.8
9843,479.5
9844,468.2
9845,478
9846,637.2
9847,577.3
9848,1238.1
9849,2104.5
9850,2286.9
9851,2338.2
9852,2775.8
9853,3320.6
9854,3169.6
9855,2085.6
9856,2014.6
9857,2606.4
9858,1644.8
9859,1351.5
9860,1034.8
9861,1130.2
9862,647.7
9863,471.3
9864,477.7
9865,468
9866,478.7
9867,466.9
9868,479.2
9869,471.3
9870,634.2
9871,588.5
9872,1228.5
9873,2112
9874,2281.5
9875,2344.6
9876,2773.8
9877,3325.1
9878,3169
9879,2085.1
9880,2012.3
9881,2608
9882,1643.8
9883,1362
9884,1026.7
9885,1128
9886,649.9
9887,480.4
9888,467.8
9889,479
9890,466.8
9891,479.9
9892,473.6
9893,472.9
9894,637.6
9895,577.3
9896,1239
9897,2105.8
9898,2289
9899,2339.7
9900,2777.5
9901,3322.8
9902,3171.3
9903,2087.8
9904,2015.1
9905,2608.8
9906,1645.2
9907,1353.5
9908,1035.1
9909,1129.9
9910,648.3
9911,470.9
9912,478.3
9913,467.6
9914,480
9915,468.1
9916,479
9917,476.3
9918,629.9
9919,588.7
9920,800.9
9921,1018.9
9922,1348.8
9923,1245.5
9924,1462.5
9925,1297.6
9926,1249.1
9927,1026.7
9928,914.7
9929,967.3
9930,592.1
9931,576.7
9932,587.7
9933,586.7
9934,692.4
9935,474.5
9936,477.1
9937,416.6
9938,422
9939,416.1
9940,421
9941,416.5
9942,583.3
9943,417.3
9944,423.1
9945,415
9946,422.2
9947,415.4
9948,530.3
9949,522.5
9950,693.9
9951,535.4
9952,415.2
9953,423.8
9954,413.9
9955,423.8
9956,414.3
9957,423.4
9958,574.3
9959,427.9
9960,412.8
9961,424.5
9962,413.3
9963,424.9
9964,413.7
9965,423.7
9966,573.7
9967,428.9
9968,412.2
9969,425.8
9970,412.6
9971,425.1
9972,519.6
9973,534.9
9974,692.8
9975,525.7
9976,426.6
9977,412
9978,425.7
9979,412.4
9980,425.2
9981,412.8
9982,586.1
9983,423.3
9984,417.4
9985,475.6
9986,470.4
9987,477.5
9988,469.2
9989,478.5
9990,634.9
9991,583.1
9992,1234.3
9993,2112.1
9994,2286.1
9995,2343.4
9996,2778.9
9997,3327.2
9998,3176.4
9999,2084.3
10000,2020.4
10001,2609.6
10002,1646.6
10003,1357.2
10004,1027.3
10005,1139.2
10006,640.8
10007,481.4
10008,476
10009,470.8
10010,476.8
10011,469.7
10012,478
10013,468.5
10014,639.4
10015,587.6
10016,1230.7
10017,2110.1
10018,2288.9
10019,2347.4
10020,2777.6
10021,3327.5
10022,3172.5
10023,2091.1
10024,2013.4
10025,2611.3
10026,1646.9
10027,1362.9
10028,1028.4
10029,1129.7
10030,650
10031,479.2
10032,470
10033,477.8
10034,468.9
10035,478.4
10036,467.8
10037,479.3
10038,637.6
10039,579.6
10040,1239.4
10041,2108.5
10042,2289.1
10043,2341.8
10044,2781.1
10045,3326.8
10046,3176.8
10047,2087.1
10048,2020
10049,2610.7
10050,1647.6
10051,1354.1
10052,1032.3
10053,1135.4
10054,648
10055,472.9
10056,477.3
10057,469.2
10058,478.5
10059,468.1
10060,479.4
10061,467
10062,640.1
10063,588.4
10064,1230.4
10065,2113.6
10066,2286.2
10067,2347.9
10068,2777.9
10069,3329.9
10070,3173.4
10071,2089.4
10072,2013.8
10073,2612.1
10074,1646.6
10075,1363.8
10076,1028.1
10077,1129.4
10078,650.6
10079,481.2
10080,468.4
10081,479.7
10082,467.3
10083,480.2
10084,472.7
10085,474.6
10086,638.1
10087,577.9
10088,802
10089,1022.6
10090,1351.2
10091,1244.6
10092,1462.4
10093,1306.7
10094,1242.5
10095,1026
10096,915.4
10097,970.2
10098,591.6
10099,587.3
10100,585.3
10101,579.5
10102,694.4
10103,480.2
10104,470.4
10105,423.4
10106,415.9
10107,422.1
10108,416.3
10109,421.4
10110,576.8
10111,426.4
10112,414.8
10113,423.3
10114,415.1
10115,422.9
10116,522.1
10117,533.4
10118,692.3
10119,526.8
10120,425.6
10121,414.6
10122,423.5
10123,415
10124,422.8
10125,415.4
10126,584.4
10127,416.2
10128,424.6
10129,467.2
10130,479.4
10131,467
10132,480.3
10133,475.8
10134,631
10135,589
10136,1230
10137,2115.8
10138,2283.9
10139,2348.1
10140,2777.8
10141,3330
10142,3174.5
10143,2088
10144,2015.9
10145,2611.6
10146,1645.1
10147,1363.5
10148,1027.9
10149,1132.7
10150,646.9
10151,482
10152,467.3
10153,480.1
10154,472.5
10155,474.7
10156,476.2
10157,470.9
10158,638.6
10159,582.5
10160,1235.6
10161,2107.7
10162,2291.6
10163,2344
10164,2780.2
10165,3326.4
10166,3173.2
10167,2092.5
10168,2014.8
10169,2611.5
10170,1647
10171,1358.7
10172,1032.4
10173,1130.4
10174,649.4
10175,469.8
10176,479.5
10177,469.9
10178,476.9
10179,476.8
10180,470.1
10181,477.7
10182,628.7
10183,589.9
10184,1231.9
10185,2114.7
10186,2285
10187,2345
10188,2777.8
10189,3328.8
10190,3175.9
10191,2085.5
10192,2018.9
10193,2610.3
10194,1646
10195,1359.2
10196,1027.4
10197,1138.7
10198,639.9
10199,482.6
10200,475.7
10201,471.3
10202,476.3
10203,470.1
10204,477.6
10205,469
10206,639.3
10207,587.1
10208,1230.8
10209,2108.5
10210,2289.7
10211,2346
10212,2778.1
10213,3326.1
10214,3171.9
10215,2091.8
10216,2013.3
10217,2610.8
10218,1646.7
10219,1362.4
10220,1028.5
10221,1129.7
10222,649.8
10223,475.2
10224,473.8
10225,477
10226,469.6
10227,477.9
10228,468.5
10229,478.7
10230,637.1
10231,580.3
10232,1236.4
10233,2109.6
10234,2289
10235,2339.4
10236,2779.2
10237,3325.7
10238,3176.2
10239,2084.4
10240,2020.3
10241,2608.8
10242,1646.9
10243,1355.3
10244,1027.9
10245,1138.4
10246,643.6
10247,477.7
10248,476.4
10249,470
10250,477.3
10251,468.9
10252,478.3
10253,467.8
10254,639.9
10255,587.7
10256,800.6
10257,1019.6
10258,1343.3
10259,1251.4
10260,1457
10261,1303.9
10262,1241.4
10263,1033.9
10264,915.5
10265,967.6
10266,587.1
10267,583
10268,586.8
10269,583.5
10270,687
10271,483.1
10272,466.3
10273,427.3
10274,411.8
10275,426
10276,412.1
10277,425.6
10278,582.2
10279,419.6
10280,420.5
10281,417.3
10282,417.7
10283,420.1
10284,529.1
10285,524.8
10286,692.9
10287,533.8
10288,417.5
10289,421.7
10290,416.2
10291,418.8
10292,418.8
10293,414.6
10294,582.4
10295,425.5
10296,415.1
10297,476.5
10298,468.7
10299,478
10300,467.6
10301,478.8
10302,637.2
10303,579.3
10304,1237.9
10305,2106.1
10306,2286
10307,2339
10308,2777.9
10309,3322.8
10310,3173.6
10311,2083.8
10312,2018.5
10313,2606.9
10314,1646
10315,1353.4
10316,1028.7
10317,1136.4
10318,645.7
10319,474.8
10320,476.8
10321,469.4
10322,477.5
10323,468.3
10324,478.4
10325,467.2
10326,639.3
10327,587.9
10328,1228.9
10329,2108.9
10330,2284.2
10331,2344.3
10332,2773.7
10333,3323.5
10334,3168.1
10335,2087.6
10336,2010.6
10337,2607.7
10338,1644.7
10339,1361.3
10340,1027.1
10341,1128.3
10342,649.1
10343,479
10344,469.3
10345,477.6
10346,468.1
10347,478.4
10348,467
10349,479.3
10350,636.7
10351,578.5
10352,1237.5
10353,2104.6
10354,2285.2
10355,2337.4
10356,2775.9
10357,3320.5
10358,3171
10359,2083
10360,2016.7
10361,2605.5
10362,1645.1
10363,1352
10364,1029
10365,1135
10366,647
10367,472.9
10368,476.3
10369,469
10370,477.4
10371,467.9
10372,478.3
10373,466.8
10374,638.9
10375,587.6
10376,1228
10377,2107.7
10378,2282.3
10379,2342.6
10380,2771.7
10381,3321.1
10382,3165.7
10383,2086.1
10384,2009.1
10385,2605.8
10386,1643.5
10387,1360.3
10388,1026.5
10389,1127.5
10390,649.1
10391,478.7
10392,469.2
10393,477.2
10394,468
10395,477.9
10396,466.9
10397,478.8
10398,636.3
10399,578.4
10400,1236.5
10401,2102.3
10402,2283.8
10403,2334.8
10404,2774.4
10405,3317.8
10406,3168.9
10407,2080.7
10408,2015.8
10409,2603
10410,1643.9
10411,1351.7
10412,1026.5
10413,1135.7
10414,643.2
10415,476.4
10416,476
10417,469.2
10418,476.7
10419,468.1
10420,477.7
10421,467
10422,638.2
10423,586.7
10424,799.1
10425,1017.5
10426,1340.3
10427,1248.6
10428,1453.3
10429,1301.6
10430,1237.9
10431,1032.3
10432,913.6
10433,965.6
10434,583.9
10435,584.4
10436,585.7
10437,579.5
10438,688.8
10439,481.8
10440,466
10441,426.2
10442,411.6
10443,424.9
10444,412
10445,584.4
10446,422.1
10447,417.1
10448,413.1
10449,423.5
10450,411
10451,531.8
10452,529.9
10453,682.2
10454,535.5
10455,422.2
10456,416.1
10457,415.1
10458,420.9
10459,412.8
10460,424.3
10461,582.2
10462,417.3
10463,421.5
10464,468.2
10465,476.5
10466,467.8
10467,477.1
10468,466.8
10469,638.1
10470,585.6
10471,1226.3
10472,2101.7
10473,2280.2
10474,2337.5
10475,2767.2
10476,3313.4
10477,3159.5
10478,2084.3
10479,2005.9
10480,2600.9
10481,1640.8
10482,1356.3
10483,1026.4
10484,1126.1
10485,647.5
10486,468.9
10487,478.7
10488,475
10489,469.5
10490,476
10491,468.1
10492,477.5
10493,629.5
10494,584.7
10495,1228.5
10496,2103.9
10497,2275.2
10498,2334.2
10499,2765.2
10500,3313.8
10501,3161
10502,2077
10503,2008.7
10504,2598.7
10505,1638.1
10506,1356.1
10507,1023.7
10508,1129.6
10509,643
10510,480.4
10511,465.5
10512,479.1
10513,473.5
10514,470.6
10515,474.4
10516,469.1
10517,636.3
10518,581.6
10519,1228.6
10520,2097
10521,2279.9
10522,2331.4
10523,2765.7
10524,3310
10525,3156.4
10526,2079.6
10527,2006.9
10528,2598.1
10529,1638.8
10530,1347.5
10531,1032.1
10532,1126
10533,646.1
10534,470.2
10535,476.7
10536,466.8
10537,477.4
10538,465.5
10539,478
10540,469.7
10541,632.3
10542,586.8
10543,1223.6
10544,2102.4
10545,2272.1
10546,2334.4
10547,2761.6
10548,3309.7
10549,3154.2
10550,2078.3
10551,2002.1
10552,2596.5
10553,1638
10554,1355.8
10555,1023.3
10556,1123.9
10557,647.3
10558,477.5
10559,468.3
10560,476.1
10561,467.1
10562,476.4
10563,466
10564,477.3
10565,634.7
10566,577.1
10567,1231.7
10568,2095.5
10569,2273.4
10570,2327.5
10571,2762.1
10572,3305.8
10573,3156.4
10574,2071.8
10575,2007.1
10576,2593.4
10577,1635.9
10578,1351.7
10579,1021.8
10580,1130.7
10581,638.7
10582,480.5
10583,469.8
10584,473.6
10585,474.4
10586,468.9
10587,475.2
10588,467.8
10589,635.6
10590,583.8
10591,791.1
10592,1019.2
10593,1336.4
10594,1241.9
10595,1447.2
10596,1298.6
10597,1233.2
10598,1019.9
10599,911.7
10600,967
10601,583.9
10602,584.7
10603,582.5
10604,575.7
10605,690.8
10606,478.7
10607,467.5
10608,422.4
10609,413.3
10610,420.9
10611,413.8
10612,420.4
10613,572.6
10614,424.5
10615,412.4
10616,422.4
10617,412.8
10618,421.4
10619,518.9
10620,530.8
10621,688.2
10622,523.5
10623,424.1
10624,412.6
10625,421.8
10626,413
10627,421.2
10628,413.4
10629,581.1
10630,414.3
10631,422.8
10632,464.9
10633,476.8
10634,464.5
10635,477.5
10636,470.8
10637,629.3
10638,585.4
10639,1220.5
10640,2096.8
10641,2265.8
10642,2327.9
10643,2753.9
10644,3299.9
10645,3144.9
10646,2073.2
10647,1996.8
10648,2589.2
10649,1633.7
10650,1352.1
10651,1021
10652,1121.3
10653,645.8
10654,471.3
10655,472.6
10656,474.4
10657,467.2
10658,475.1
10659,466.2
10660,475.6
10661,632.3
10662,577.5
10663,1224.4
10664,2093.1
10665,2264.7
10666,2323.1
10667,2751.6
10668,3298.2
10669,3145
10670,2068.3
10671,1997.4
10672,2586.6
10673,1630.7
10674,1352.2
10675,1019.6
10676,1119.9
10677,646.1
10678,478.5
10679,465.6
10680,477.1
10681,464.3
10682,477.1
10683,464.5
10684,476.7
10685,633.3
10686,574
10687,1228.6
10688,2087.2
10689,2267.3
10690,2317.5
10691,2752.4
10692,3292
10693,3145
10694,2063.9
10695,2000.8
10696,2583.3
10697,1630.2
10698,1346.3
10699,1018.5
10700,1127.5
10701,636.3
10702,479.5
10703,469.9
10704,471.3
10705,473.1
10706,467.7
10707,474
10708,466.7
10709,633.8
10710,582.2
10711,1219.3
10712,2084.9
10713,2266.9
10714,2318.1
10715,2749.2
10716,3288.8
10717,3139.5
10718,2066.1
10719,1997.1
10720,2582.2
10721,1630.3
10722,1340
10723,1021
10724,1126.1
10725,640.2
10726,472.7
10727,473.9
10728,466.8
10729,474.2
10730,465.5
10731,475
10732,464.5
10733,634.5
10734,582.9
10735,1217.5
10736,2085.7
10737,2262.6
10738,2319.1
10739,2745.9
10740,3285.9
10741,3134.6
10742,2067.7
10743,1992.2
10744,2580.8
10745,1628.4
10746,1339.5
10747,1025.9
10748,1119.2
10749,642.8
10750,468.3
10751,474.6
10752,465
10753,475.2
10754,463.7
10755,475.8
10756,465.4
10757,631.5
10758,583.3
10759,793.2
10760,1007.9
10761,1330.2
10762,1236.5
10763,1441.7
10764,1288.3
10765,1227.9
10766,1022.8
10767,906.1
10768,957.5
10769,579.4
10770,580.9
10771,581.6
10772,574
10773,685.3
10774,479.3
10775,463.5
10776,423.6
10777,409.6
10778,421.4
10779,410.1
10780,421.8
10781,567.9
10782,426
10783,408.8
10784,422.9
10785,409.3
10786,422.3
10787,514.7
10788,530.2
10789,685.7
10790,519.6
10791,424.7
10792,409
10793,422.1
10794,409.6
10795,422
10796,410.1
10797,579.6
10798,413.5
10799,420.6
10800,465.6
10801,471.9
10802,472.5
10803,465.8
10804,473.3
10805,622
10806,583.7
10807,1214.1
10808,2085.8
10809,2250.5
10810,2313.8
10811,2736.9
10812,3280
10813,3125.3
10814,2060.6
10815,1984.9
10816,2573.5
10817,1623.7
10818,1344.5
10819,1016.2
10820,1115.4
10821,642.3
10822,464.9
10823,475.9
10824,469.4
10825,468.5
10826,472.5
10827,465.2
10828,473.3
10829,621.3
10830,583.5
10831,1213.8
10832,2083.4
10833,2248.1
10834,2311.1
10835,2734.1
10836,3276.8
10837,3122.1
10838,2058.5
10839,1982.9
10840,2570.9
10841,1622.7
10842,1342.4
10843,1015.5
10844,1114.4
10845,641.8
10846,464.7
10847,475.4
10848,467.9
10849,469.3
10850,472.1
10851,465
10852,472.9
10853,620.9
10854,583
10855,1212.2
10856,2081.7
10857,2245.5
10858,2308.4
10859,2731.2
10860,3273.9
10861,3118.6
10862,2056.9
10863,1981.1
10864,2568.2
10865,1621.1
10866,1340.9
10867,1014.5
10868,1113.6
10869,641.3
10870,464.9
10871,474.8
10872,463.6
10873,473.6
10874,471.1
10875,465.5
10876,472.1
10877,621
10878,582.3
10879,1210.1
10880,2079.8
10881,2243.5
10882,2307
10883,2728.5
10884,3268.7
10885,3115
10886,2055.8
10887,1979.1
10888,2565.5
10889,1619.4
10890,1338.1
10891,1014.8
10892,1112.9
10893,640.2
10894,465.6
10895,473.7
10896,462.4
10897,474.2
10898,462.8
10899,473.6
10900,470.6
10901,621.8
10902,581.1
10903,1209.1
10904,2075.3
10905,2243.4
10906,2304.2
10907,2725.6
10908,3263.5
10909,3111.4
10910,2054.5
10911,1977.9
10912,2562.7
10913,1617.6
10914,1330.1
10915,1018.8
10916,1113.8
10917,639
10918,466.8
10919,472.3
10920,463.5
10921,472.6
10922,462.2
10923,473.4
10924,461.3
10925,630.6
10926,580.1
10927,788.3
10928,1002.3
10929,1319.4
10930,1229.5
10931,1428.7
10932,1283.5
10933,1218.8
10934,1011.4
10935,902.6
10936,954.8
10937,575.7
10938,579.7
10939,577.8
10940,569.9
10941,684.2
10942,475.2
10943,463.4
10944,419.7
10945,410
10946,417.9
10947,410.5
10948,417.4
10949,567.1
10950,421.3
10951,409.3
10952,418.6
10953,409.9
10954,417.9
10955,514.6
10956,526
10957,681.1
10958,519.4
10959,420.2
10960,410
10961,417.9
10962,410.5
10963,417.5
10964,410.6
10965,575.8
10966,411.4
10967,419.1
10968,461.4
10969,472.5
10970,461
10971,473.1
10972,460.1
10973,630.1
10974,578.8
10975,1205.8
10976,2066.5
10977,2237.3
10978,2294.6
10979,2717.1
10980,3250.2
10981,3103.1
10982,2042.6
10983,1975.8
10984,2551.7
10985,1611.7
10986,1329.4
10987,1007.7
10988,1116.2
10989,629.7
10990,476
10991,466.1
10992,467.9
10993,469.7
10994,464.2
10995,469.8
10996,463.2
10997,627.9
10998,576
10999,1206.4
11000,2059.6
11001,2238.8
11002,2287.1
11003,2714.1
11004,3247.2
11005,3101.6
11006,2038
11007,1971
11008,2549.2
11009,1608.9
11010,1334
11011,1007.7
11012,1106.1
11013,638.4
11014,472.7
11015,462.6
11016,471.2
11017,461.3
11018,471.5
11019,460.4
11020,472.1
11021,626.1
11022,569.6
11023,1211.2
11024,2058.2
11025,2230.1
11026,2288.1
11027,2708.2
11028,3247.9
11029,3093
11030,2039.8
11031,1966.1
11032,2546.7
11033,1609.6
11034,1327.2
11035,1010.9
11036,1105.9
11037,636.9
11038,463.6
11039,471.6
11040,460.4
11041,471.9
11042,459.4
11043,472.6
11044,466.5
11045,620.4
11046,578.3
11047,1200.9
11048,2060
11049,2228.6
11050,2287.5
11051,2706.2
11052,3237.9
11053,3090.7
11054,2035.8
11055,1968.1
11056,2542.3
11057,1605.9
11058,1324.9
11059,1004.1
11060,1112.3
11061,628.8
11062,474.7
11063,458.7
11064,473.2
11065,467.6
11066,463.4
11067,468.4
11068,462.4
11069,625.8
11070,571.3
11071,1205.2
11072,2052
11073,2229.6
11074,2277.3
11075,2704.4
11076,3236
11077,3088.1
11078,2032
11079,1960.6
11080,2540.8
11081,1604.8
11082,1329.1
11083,1004.3
11084,1102.7
11085,636.9
11086,463.3
11087,469.9
11088,468.3
11089,462.2
11090,468.9
11091,461.2
11092,469.6
11093,615.1
11094,578.2
11095,783.1
11096,994.2
11097,1315.9
11098,1213.1
11099,1424.1
11100,1265.7
11101,1212.9
11102,1006.3
11103,893.9
11104,944.4
11105,573.8
11106,572.9
11107,575.4
11108,567.1
11109,677.5
11110,474.2
11111,459.1
11112,419
11113,406.2
11114,418.3
11115,406.8
11116,416.6
11117,561.9
11118,421.4
11119,405.8
11120,417.6
11121,406.3
11122,417.5
11123,510
11124,523.8
11125,676.9
11126,515.1
11127,419.5
11128,406.7
11129,417.2
11130,407.3
11131,416.5
11132,407.9
11133,572.2
11134,408.9
11135,417.6
11136,458.4
11137,470.1
11138,458
11139,470.4
11140,460.2
11141,622.6
11142,575.6
11143,1195.7
11144,2047.1
11145,2218.4
11146,2273.5
11147,2692
11148,3219.7
11149,3075.9
11150,2021.3
11151,1958.8
11152,2528
11153,1595.4
11154,1324.6
11155,1000.1
11156,1098.1
11157,635.5
11158,470.9
11159,459.8
11160,469.1
11161,458.5
11162,469.7
11163,457.6
11164,470.5
11165,622.2
11166,566
11167,1202.2
11168,2042.4
11169,2211.8
11170,2270.4
11171,2687.3
11172,3219.1
11173,3066.8
11174,2026.4
11175,1950.3
11176,2527.2
11177,1596.1
11178,1313.4
11179,1001.6
11180,1104.1
11181,627.4
11182,468.8
11183,466.3
11184,461
11185,466.8
11186,459.8
11187,467.8
11188,458.9
11189,623.4
11190,573
11191,1193
11192,2038.3
11193,2215.3
11194,2262.2
11195,2685
11196,3212.6
11197,3066.3
11198,2018.4
11199,1946.9
11200,2522.7
11201,1595.2
11202,1319.6
11203,999.1
11204,1096.3
11205,633.1
11206,459.9
11207,470.3
11208,456.9
11209,469.8
11210,461.7
11211,464.2
11212,466.3
11213,613.4
11214,574.4
11215,1190.2
11216,2040.9
11217,2207.1
11218,2265
11219,2679.8
11220,3205.2
11221,3062
11222,2012.7
11223,1950.4
11224,2516.9
11225,1588.7
11226,1319.9
11227,996.4
11228,1094
11229,632.8
11230,469.7
11231,459.4
11232,467
11233,458.4
11234,467.4
11235,457.3
11236,468.3
11237,620.3
11238,565
11239,1194.3
11240,2036.2
11241,2200.5
11242,2262.4
11243,2674.7
11244,3203.8
11245,3053.8
11246,2015.2
11247,1945.2
11248,2514.9
11249,1587.5
11250,1311.7
11251,994.8
11252,1098.3
11253,626.4
11254,470.6
11255,456.4
11256,469.1
11257,455.5
11258,469
11259,464.5
11260,459.9
11261,620.6
11262,561.9
11263,777.3
11264,985.5
11265,1306.9
11266,1198.9
11267,1412.8
11268,1251.9
11269,1208.1
11270,992.5
11271,886.3
11272,935.8
11273,576.3
11274,561.1
11275,572.6
11276,570.4
11277,666
11278,470.4
11279,464.7
11280,408.7
11281,410.3
11282,409.1
11283,402.5
11284,416.8
11285,566.5
11286,409.8
11287,411.5
11288,407.9
11289,402.3
11290,417.1
11291,514.1
11292,511.9
11293,672.3
11294,514
11295,414.7
11296,402.5
11297,416.3
11298,403.2
11299,416.1
11300,403.8
11301,568.8
11302,404.9
11303,417
11304,453.9
11305,468.5
11306,463.6
11307,459.1
11308,464.3
11309,610.9
11310,571.9
11311,1183.7
11312,2028
11313,2194.4
11314,2250.1
11315,2663.3
11316,3184.9
11317,3044.2
11318,2001
11319,1935
11320,2502.3
11321,1582.9
11322,1311.4
11323,991.7
11324,1088.6
11325,629.6
11326,456.8
11327,468.4
11328,462.2
11329,459.7
11330,463.6
11331,458.1
11332,464.3
11333,609.6
11334,571.7
11335,1182.3
11336,2025.2
11337,2190.1
11338,2247.1
11339,2658.8
11340,3179.7
11341,3039.2
11342,1997.7
11343,1932.1
11344,2498.2
11345,1580.5
11346,1309.5
11347,990.3
11348,1087
11349,628.7
11350,456.7
11351,467
11352,461.5
11353,459.9
11354,463
11355,457.8
11356,463.7
11357,609.1
11358,570.9
11359,1180.6
11360,2024.1
11361,2184.6
11362,2242.9
11363,2654.5
11364,3173.6
11365,3034.9
11366,1995.2
11367,1927.7
11368,2495.4
11369,1578
11370,1307.1
11371,988.8
11372,1086.3
11373,628.1
11374,457
11375,466.2
11376,453.8
11377,466.7
11378,459.9
11379,460.1
11380,462.5
11381,609.2
11382,570.1
11383,1178.7
11384,2016.7
11385,2185.3
11386,2237.4
11387,2650.3
11388,3170
11389,3028.1
11390,1993.6
11391,1923.4
11392,2492.3
11393,1575.6
11394,1300.2
11395,992
11396,1084.6
11397,626.5
11398,457.8
11399,464.7
11400,454.9
11401,464.9
11402,453.7
11403,465.5
11404,453
11405,617.9
11406,568.3
11407,1177.8
11408,2009.7
11409,2184.8
11410,2230.7
11411,2646.3
11412,3167.3
11413,3020.4
11414,1992.8
11415,1920.7
11416,2488
11417,1572.8
11418,1294.4
11419,988.8
11420,1088.5
11421,619.1
11422,465.5
11423,462
11424,456.9
11425,462.2
11426,455.7
11427,462.4
11428,455
11429,615.9
11430,566.4
11431,761.6
11432,981.6
11433,1287.2
11434,1186.3
11435,1398.3
11436,1240.2
11437,1194.6
11438,982.6
11439,877.7
11440,926.7
11441,571.8
11442,556.3
11443,568.1
11444,566.4
11445,659.9
11446,467.5
11447,461.1
11448,406.5
11449,405.2
11450,408.9
11451,399.9
11452,414.1
11453,561.4
11454,407.8
11455,404.7
11456,409.5
11457,399.9
11458,413.9
11459,504.9
11460,513.5
11461,666.4
11462,506.2
11463,415.8
11464,400.7
11465,412.8
11466,401.4
11467,412.5
11468,402.1
11469,564.3
11470,403
11471,412.9
11472,451.6
11473,464.2
11474,451.2
11475,465
11476,455.3
11477,611.5
11478,566.1
11479,1171.6
11480,2000.8
11481,2172.9
11482,2219.4
11483,2632.3
11484,3150.8
11485,3003.9
11486,1983.4
11487,1911.1
11488,2475.2
11489,1565
11490,1288.7
11491,980.5
11492,1086.6
11493,614.6
11494,467
11495,450.7
11496,465.4
11497,459.4
11498,455.7
11499,460
11500,455
11501,612.9
11502,555
11503,1179.8
11504,1996.6
11505,2163.7
11506,2219.8
11507,2627.2
11508,3143.7
11509,2998.8
11510,1976.8
11511,1911.9
11512,2466.7
11513,1560.1
11514,1295.9
11515,979.5
11516,1075.8
11517,623.8
11518,455.7
11519,461.3
11520,460
11521,454.5
11522,460.4
11523,453.5
11524,461
11525,602.9
11526,566.5
11527,1167.8
11528,1997.7
11529,2161.4
11530,2214.9
11531,2622.2
11532,3136.8
11533,2995
11534,1974.7
11535,1904.3
11536,2466.4
11537,1559.8
11538,1284
11539,982
11540,1079.3
11541,613.2
11542,465.7
11543,459.1
11544,455
11545,458.8
11546,453.8
11547,460.2
11548,453.1
11549,611.7
11550,557.6
11551,1172
11552,1989.4
11553,2156.9
11554,2210.9
11555,2617.7
11556,3132.3
11557,2986.8
11558,1969.8
11559,1905.7
11560,2457.7
11561,1554.8
11562,1292
11563,976.9
11564,1072.1
11565,621.9
11566,452
11567,463.2
11568,457.4
11569,455.1
11570,458.6
11571,453.4
11572,459.1
11573,602.2
11574,564.4
11575,1163.6
11576,1989.2
11577,2155.3
11578,2205
11579,2612.7
11580,3127
11581,2981.9
11582,1969.1
11583,1898.2
11584,2457.4
11585,1553.6
11586,1281.2
11587,974.6
11588,1075.2
11589,616.2
11590,463.5
11591,450.5
11592,461.9
11593,448.8
11594,462.2
11595,448.2
11596,462.8
11597,609.1
11598,553.6
11599,762.6
11600,965.1
11601,1278
11602,1174.2
11603,1380.9
11604,1226
11605,1174.1
11606,978.4
11607,869.3
11608,917.3
11609,558.1
11610,562.7
11611,560.5
11612,553
11613,662.5
11614,461.8
11615,452.4
11616,408.3
11617,401.6
11618,400.1
11619,407.8
11620,397.3
11621,560.1
11622,408.9
11623,402.2
11624,398.8
11625,410.3
11626,397.5
11627,510.4
11628,508.6
11629,651.4
11630,514.2
11631,399.2
11632,411.2
11633,398.4
11634,409.7
11635,399.2
11636,408.7
11637,548.8
11638,412.9
11639,398.6
11640,459.6
11641,448.7
11642,460.4
11643,448.1
11644,460.9
11645,607.4
11646,552.8
11647,1166.1
11648,1976.1
11649,2137.4
11650,2198.4
11651,2596.7
11652,3104.8
11653,2968.2
11654,1955.7
11655,1887.1
11656,2443.7
11657,1546.1
11658,1273.2
11659,971.4
11660,1073
11661,608.3
11662,463.6
11663,453.4
11664,455.5
11665,455.9
11666,451.9
11667,456.4
11668,451.3
11669,607.1
11670,550
11671,1166
11672,1970.9
11673,2134.9
11674,2193.3
11675,2593.2
11676,3099.4
11677,2962.3
11678,1949.9
11679,1883.3
11680,2439.2
11681,1543.5
11682,1271.4
11683,976.3
11684,1064.8
11685,612.3
11686,457.2
11687,456.7
11688,451
11689,456.8
11690,449.5
11691,457.6
11692,448.9
11693,607.5
11694,555.9
11695,1156.9
11696,1967.9
11697,2132.2
11698,2187
11699,2588.1
11700,3094.5
11701,2955.6
11702,1945.8
11703,1880.7
11704,2433.8
11705,1540.9
11706,1270.9
11707,973.3
11708,1062.6
11709,615.1
11710,452.8
11711,456.8
11712,450
11713,456.6
11714,448.6
11715,457.3
11716,448.1
11717,606.5
11718,557.5
11719,1153.6
11720,1963.6
11721,2128.8
11722,2182.1
11723,2583
11724,3088.5
11725,2949.5
11726,1942
11727,1877.1
11728,2429
11729,1538
11730,1268.2
11731,972
11732,1060.8
11733,613.6
11734,452.7
11735,456.1
11736,449.4
11737,456
11738,448.3
11739,456.5
11740,447.8
11741,605.5
11742,556.7
11743,1151.2
11744,1960.3
11745,2123.9
11746,2178.6
11747,2577.9
11748,3081.4
11749,2944.4
11750,1938.5
11751,1872.6
11752,2425
11753,1534.9
11754,1263.7
11755,968.2
11756,1063
11757,606
11758,459.7
11759,454.6
11760,449.9
11761,454.8
11762,448.6
11763,455.3
11764,448.1
11765,604.5
11766,548.4
11767,752.3
11768,953.8
11769,1263
11770,1159.3
11771,1364
11772,1210.6
11773,1161.3
11774,966.3
11775,858.8
11776,906.7
11777,552.8
11778,557.3
11779,555.2
11780,548
11781,656
11782,457
11783,449.6
11784,404.1
11785,399.6
11786,393.6
11787,408.7
11788,394.5
11789,555
11790,400.3
11791,404.3
11792,394.3
11793,408.1
11794,395.1
11795,505
11796,500.5
11797,648.4
11798,508.3
11799,397.7
11800,405.8
11801,396.9
11802,404.6
11803,397.6
11804,403.9
11805,545.1
11806,408
11807,397.3
11808,454.2
11809,446.6
11810,454.9
11811,446.1
11812,455.4
11813,591.9
11814,558
11815,1143.5
11816,1953
11817,2112.9
11818,2162.3
11819,2561.2
11820,3067.3
11821,2920.3
11822,1931.6
11823,1865.8
11824,2404.1
11825,1524
11826,1266.4
11827,959.2
11828,1052.3
11829,612.2
11830,447.3
11831,456.3
11832,444.4
11833,456.3
11834,443.6
11835,456.6
11836,443.2
11837,602.9
11838,555.6
11839,1142.2
11840,1944.2
11841,2111
11842,2157.5
11843,2557
11844,3057.7
11845,2918.9
11846,1923.1
11847,1857.9
11848,2405.6
11849,1523.3
11850,1254.4
11851,963.3
11852,1053.5
11853,600.7
11854,459.2
11855,445.8
11856,454
11857,449.7
11858,449.1
11859,452.5
11860,446.5
11861,600.7
11862,543.7
11863,1149.2
11864,1940.9
11865,2099.7
11866,2159.9
11867,2549.5
11868,3049.4
11869,2911.9
11870,1924.4
11871,1854.7
11872,2397.9
11873,1516
11874,1259.6
11875,954.9
11876,1048.4
11877,611
11878,453.9
11879,447.1
11880,452.1
11881,446.1
11882,452.2
11883,445.5
11884,452.7
11885,590.9
11886,554.5
11887,1137.4
11888,1938.4
11889,2102.5
11890,2146.5
11891,2546.5
11892,3046.8
11893,2904.9
11894,1915.1
11895,1853
11896,2393.5
11897,1517.6
11898,1250.9
11899,959
11900,1049.4
11901,602
11902,454.4
11903,451.3
11904,446.5
11905,451.2
11906,445.4
11907,451.7
11908,445.2
11909,598.6
11910,542.4
11911,1144.9
11912,1932.9
11913,2090.9
11914,2151.1
11915,2538.9
11916,3036.5
11917,2899.2
11918,1917
11919,1847.2
11920,2386.9
11921,1509.2
11922,1256.8
11923,952.1
11924,1044.3
11925,609.1
11926,443.6
11927,455.3
11928,448.9
11929,447.3
11930,450
11931,445.6
11932,450.4
11933,589.8
11934,552.7
11935,744.8
11936,942.8
11937,1236.7
11938,1148.7
11939,1341.9
11940,1195.7
11941,1151.3
11942,948.8
11943,848.4
11944,895.4
11945,554.9
11946,542.9
11947,551.3
11948,541.8
11949,648.1
11950,455.5
11951,442.7
11952,403.8
11953,393.6
11954,401.8
11955,394.5
11956,400.5
11957,540
11958,404.2
11959,394.6
11960,400.7
11961,395.6
11962,398.1
11963,494.2
11964,499.8
11965,636.9
11966,505.1
11967,392.6
11968,405.1
11969,391.8
11970,403.9
11971,393
11972,403
11973,538.3
11974,405.9
11975,392.9
11976,451.3
11977,441.5
11978,452
11979,441.1
11980,452.3
11981,594.2
11982,543.4
11983,1128.4
11984,1925.9
11985,2082.1
11986,2130.1
11987,2523.6
11988,3021.5
11989,2879.3
11990,1898.6
11991,1838.4
11992,2373.6
11993,1505.4
11994,1239.8
11995,953.2
11996,1041.7
11997,595.4
11998,455.9
11999,441.2
12000,452
12001,446.6
12002,445.2
12003,448.2
12004,443.9
12005,594.6
12006,539.8
12007,1135.5
12008,1917.2
12009,2073.9
12010,2129.6
12011,2517
12012,3013.9
12013,2871
12014,1900.3
12015,1833
12016,2364.5
12017,1502.5
12018,1242
12019,949.5
12020,1037.5
12021,602.5
12022,446.1
12023,448.9
12024,442.9
12025,449.1
12026,442
12027,448.9
12028,441.6
12029,594.4
12030,541.6
12031,1130.7
12032,1912.8
12033,2069.1
12034,2127.7
12035,2511
12036,3005.3
12037,2865.2
12038,1898.7
12039,1828.4
12040,2358.1
12041,1498.6
12042,1242.4
12043,945.2
12044,1035.3
12045,602.1
12046,444.5
12047,448.7
12048,441.6
12049,448.8
12050,440.8
12051,449.5
12052,440.4
12053,593.8
12054,545.6
12055,1124
12056,1908.6
12057,2064.5
12058,2124
12059,2505.3
12060,2998.2
12061,2859.1
12062,1892.2
12063,1826.9
12064,2352.8
12065,1495.5
12066,1239.7
12067,943.6
12068,1033.3
12069,601.1
12070,443.9
12071,448.3
12072,441.4
12073,448
12074,440.3
12075,448.5
12076,440
12077,592.8
12078,541.2
12079,1125.1
12080,1904.6
12081,2060.2
12082,2118.7
12083,2499.8
12084,2992.2
12085,2852
12086,1887.5
12087,1824.3
12088,2347.1
12089,1493.4
12090,1234.1
12091,944.7
12092,1031.7
12093,596.7
12094,447.4
12095,446.8
12096,441.6
12097,446.2
12098,440.8
12099,447
12100,440.4
12101,591.7
12102,535.5
12103,737
12104,930.1
12105,1228.9
12106,1129.4
12107,1322.6
12108,1183.1
12109,1127.8
12110,936.1
12111,837.9
12112,884
12113,551.8
12114,543.7
12115,537
12116,545.9
12117,639.3
12118,443.9
12119,447.1
12120,392.8
12121,396.7
12122,392.9
12123,387.5
12124,401.9
12125,539.4
12126,396
12127,387.6
12128,401.8
12129,388.6
12130,400.6
12131,484.3
12132,497.6
12133,638.1
12134,489.7
12135,400.7
12136,390.9
12137,397.9
12138,391.9
12139,396.5
12140,393.1
12141,540.7
12142,394.6
12143,395.7
12144,441.1
12145,444.4
12146,440.6
12147,445
12148,440.2
12149,589
12150,534.9
12151,1121.3
12152,1893.7
12153,2047.3
12154,2099.9
12155,2483.7
12156,2974.6
12157,2835.1
12158,1871.4
12159,1808.4
12160,2339.6
12161,1483.4
12162,1223.6
12163,934.1
12164,1025.7
12165,599
12166,448.9
12167,438.4
12168,446.7
12169,437.7
12170,446.5
12171,437.3
12172,446.6
12173,578.1
12174,545.7
12175,1110.6
12176,1889.8
12177,2050.1
12178,2092.5
12179,2481
12180,2962.8
12181,2831
12182,1870.4
12183,1804.8
12184,2330.7
12185,1474.6
12186,1230.4
12187,932.8
12188,1022.8
12189,597.8
12190,438.6
12191,447.4
12192,436.3
12193,446.6
12194,435.4
12195,447.1
12196,435.2
12197,588.9
12198,542.3
12199,1109.9
12200,1883.9
12201,2038.1
12202,2096.2
12203,2471.9
12204,2958.2
12205,2820.2
12206,1865.4
12207,1802.8
12208,2325.3
12209,1477.7
12210,1217.7
12211,931.9
12212,1028.8
12213,587.8
12214,449.5
12215,435.1
12216,447.7
12217,434.3
12218,447.3
12219,434.4
12220,447.5
12221,585.2
12222,534.1
12223,1107.8
12224,1883.6
12225,2037.7
12226,2082.8
12227,2470.1
12228,2950.9
12229,2817.9
12230,1861
12231,1797
12232,2321.3
12233,1468.2
12234,1224.7
12235,928.8
12236,1019.1
12237,595.9
12238,437.2
12239,446.4
12240,434.8
12241,446.2
12242,434
12243,446.7
12244,433.6
12245,588.1
12246,540.6
12247,1105.4
12248,1875.7
12249,2028.9
12250,2087.2
12251,2460.3
12252,2945.4
12253,2807.5
12254,1855.3
12255,1794.8
12256,2317
12257,1471.1
12258,1213.2
12259,926.8
12260,1020.3
12261,592
12262,446.7
12263,435.3
12264,445.2
12265,434.9
12266,444.4
12267,434.5
12268,444.8
12269,574.7
12270,542.2
12271,727.2
12272,918
12273,1202
12274,1121.3
12275,1300.8
12276,1162.6
12277,1120.2
12278,924.3
12279,827
12280,872.6
12281,533.9
12282,541.3
12283,538.7
12284,530.2
12285,634.3
12286,444
12287,438.2
12288,393.5
12289,390.8
12290,384.5
12291,398.5
12292,385.6
12293,537.1
12294,387.1
12295,397.7
12296,386
12297,395.7
12298,387
12299,489.3
12300,481.8
12301,632
12302,491.8
12303,390.4
12304,387.3
12305,395
12306,384.7
12307,398.6
12308,385.4
12309,537.4
12310,387.1
12311,397.5
12312,386
12313,395.2
12314,386.7
12315,394.9
12316,387.9
12317,534.9
12318,389.3
12319,393.6
12320,388.3
12321,386.7
12322,394.6
12323,481.3
12324,488.5
12325,630
12326,482.4
12327,398
12328,385.7
12329,395.5
12330,386.8
12331,395.1
12332,388
12333,535.1
12334,389.4
12335,393.1
12336,434.9
12337,440.2
12338,435
12339,440.5
12340,434.8
12341,581.8
12342,527.4
12343,1104.6
12344,1859.6
12345,2011.6
12346,2060.7
12347,2441.3
12348,2917.6
12349,2785.4
12350,1840.8
12351,1777.4
12352,2293.7
12353,1453.8
12354,1212.5
12355,920.6
12356,1008.9
12357,590.2
12358,436.1
12359,441.9
12360,433.7
12361,441.1
12362,432.9
12363,441.8
12364,432.7
12365,581.3
12366,528.8
12367,1100.6
12368,1855.4
12369,2006.8
12370,2057.9
12371,2434
12372,2912.1
12373,2778.9
12374,1835.8
12375,1773.5
12376,2289.3
12377,1449.6
12378,1210.2
12379,918.6
12380,1006.9
12381,589.6
12382,434.9
12383,441.6
12384,432.8
12385,441.2
12386,432.1
12387,441.2
12388,432
12389,580.7
12390,530
12391,1096.4
12392,1851.2
12393,2002.3
12394,2053.4
12395,2428.3
12396,2905.2
12397,2772.4
12398,1832
12399,1769.6
12400,2283.6
12401,1447.2
12402,1207.5
12403,917
12404,1004.9
12405,588.1
12406,434.8
12407,440.1
12408,432.9
12409,439.4
12410,432.2
12411,439.6
12412,432.1
12413,579.2
12414,525.9
12415,1097.8
12416,1846.7
12417,1997.5
12418,2048.1
12419,2424.2
12420,2897.2
12421,2765.9
12422,1829.3
12423,1765.7
12424,2276.4
12425,1446.6
12426,1203.2
12427,916.2
12428,1003.4
12429,584.1
12430,437.9
12431,439
12432,433.6
12433,438
12434,433.1
12435,437.9
12436,432.8
12437,577.5
12438,524.7
12439,719
12440,905.4
12441,1189.7
12442,1102.1
12443,1280.1
12444,1153.3
12445,1097.9
12446,911.6
12447,816.4
12448,860.9
12449,534.6
12450,528.3
12451,533.5
12452,523.9
12453,627.4
12454,441
12455,432.3
12456,391.7
12457,386
12458,380.6
12459,395.5
12460,381.9
12461,531.8
12462,383.5
12463,394.9
12464,382.4
12465,393.1
12466,383.6
12467,484.5
12468,476.5
12469,624.9
12470,486.8
12471,387.1
12472,387.4
12473,388.9
12474,381.5
12475,394.5
12476,382.8
12477,532
12478,384.1
12479,394.1
12480,429
12481,439.4
12482,429.1
12483,439.4
12484,429.1
12485,577.2
12486,530.5
12487,1084.1
12488,1834.8
12489,1984.4
12490,2034.2
12491,2407
12492,2876.9
12493,2746.5
12494,1817.7
12495,1754
12496,2259.4
12497,1439.1
12498,1191.5
12499,913.2
12500,998.7
12501,575
12502,443.5
12503,427.2
12504,441
12505,426.5
12506,440.8
12507,426.6
12508,441
12509,574
12510,524
12511,1079.9
12512,1833.5
12513,1985.9
12514,2028
12515,2403.4
12516,2867.4
12517,2737.2
12518,1812
12519,1750.7
12520,2260.2
12521,1436.8
12522,1186.4
12523,907.5
12524,994.3
12525,584.2
12526,435.8
12527,433.5
12528,434
12529,432.7
12530,433.4
12531,432.7
12532,433.4
12533,568.9
12534,531.1
12535,1078.5
12536,1826.5
12537,1974.9
12538,2030.3
12539,2392.5
12540,2865.3
12541,2733.6
12542,1807
12543,1746.3
12544,2251.8
12545,1429.9
12546,1192.1
12547,906
12548,993.5
12549,579
12550,435.3
12551,435.4
12552,430.8
12553,434.8
12554,430.2
12555,434.9
12556,430.1
12557,573
12558,521.2
12559,1079.6
12560,1823.8
12561,1974.5
12562,2019.3
12563,2392.5
12564,2854.1
12565,2724.6
12566,1804.3
12567,1742.7
12568,2249.3
12569,1431.4
12570,1181.5
12571,904.1
12572,990
12573,583.9
12574,430.3
12575,436.2
12576,433.8
12577,430.7
12578,430.7
12579,433.2
12580,432.3
12581,567.1
12582,529.5
12583,1074.2
12584,1818.4
12585,1965.5
12586,2020
12587,2382.1
12588,2851.7
12589,2720.8
12590,1800.9
12591,1738.6
12592,2238.6
12593,1427.3
12594,1180
12595,905
12596,993.4
12597,572.1
12598,440.3
12599,425.5
12600,438.1
12601,425.2
12602,437.5
12603,425.2
12604,437.3
12605,569.7
12606,522.1
12607,709.2
12608,893.4
12609,1167.7
12610,1086.1
12611,1266.9
12612,1128.2
12613,1086.1
12614,902.5
12615,801.9
12616,848.1
12617,530.8
12618,527.5
12619,518
12620,529.5
12621,617.6
12622,430.5
12623,434.9
12624,382.5
12625,386.8
12626,382.9
12627,377.4
12628,391.8
12629,519.1
12630,389.1
12631,378.1
12632,391.4
12633,379.4
12634,389.7
12635,470.5
12636,481.9
12637,614.8
12638,477.1
12639,388
12640,383.5
12641,377.8
12642,391.5
12643,379.1
12644,389.7
12645,515.3
12646,392.3
12647,379.9
12648,434.7
12649,425.7
12650,435.1
12651,425.7
12652,435.5
12653,560
12654,528.7
12655,1067.4
12656,1806.4
12657,1955.3
12658,2007.5
12659,2364.7
12660,2831.7
12661,2701.8
12662,1787.3
12663,1727.2
12664,2224.6
12665,1416.7
12666,1174.6
12667,900.2
12668,985.4
12669,568.8
12670,438.8
12671,423.6
12672,436.8
12673,423.2
12674,436.2
12675,423.5
12676,436
12677,563.1
12678,523.1
12679,1064.7
12680,1802.4
12681,1954.6
12682,1999.9
12683,2361.7
12684,2824.6
12685,2694.3
12686,1783.1
12687,1723.5
12688,2221.6
12689,1411.5
12690,1176.3
12691,896.8
12692,981.7
12693,568.8
12694,436.9
12695,429
12696,430.3
12697,425.4
12698,433
12699,422.2
12700,436.1
12701,566.7
12702,517.5
12703,1062.4
12704,1800.6
12705,1950.1
12706,1993.8
12707,2357.5
12708,2817.6
12709,2687.6
12710,1779.2
12711,1719.8
12712,2217.3
12713,1407.7
12714,1175
12715,894.1
12716,979.8
12717,568.9
12718,435
12719,424.8
12720,432.9
12721,428.6
12722,428.5
12723,423.1
12724,434.5
12725,566.2
12726,516.3
12727,1060.2
12728,1796.4
12729,1946.1
12730,1989.5
12731,2352
12732,2811.3
12733,2681.5
12734,1775.4
12735,1716
12736,2211.5
12737,1405.8
12738,1170.4
12739,894.3
12740,977.5
12741,565.6
12742,437.7
12743,421.6
12744,435.5
12745,420.9
12746,434.4
12747,421.1
12748,434.9
12749,564.8
12750,516.3
12751,1058.5
12752,1790.6
12753,1941.7
12754,1986.7
12755,2345.1
12756,2805.1
12757,2676.7
12758,1771.5
12759,1712.2
12760,2204.9
12761,1404.9
12762,1162.9
12763,892.1
12764,980.7
12765,566.1
12766,435.7
12767,422.5
12768,433.1
12769,422
12770,433.6
12771,422.1
12772,432.8
12773,554.7
12774,525.5
12775,700.3
12776,881.5
12777,1151.5
12778,1066.1
12779,1253
12780,1112.9
12781,1065.4
12782,887.1
12783,795.6
12784,838.7
12785,528.2
12786,516.1
12787,519.3
12788,521.6
12789,601.7
12790,434.9
12791,421
12792,389.3
12793,376.4
12794,386.3
12795,377.8
12796,383.7
12797,511.5
12798,387.3
12799,379
12800,377.7
12801,385.1
12802,375
12803,477.5
12804,466.5
12805,610.5
12806,478.2
12807,378.8
12808,384.8
12809,379.2
12810,376.3
12811,387.3
12812,375.1
12813,521.1
12814,376.9
12815,388.1
12816,420.5
12817,431.7
12818,420.5
12819,432.3
12820,420.7
12821,564.4
12822,519.4
12823,1053.7
12824,1779.2
12825,1923.9
12826,1970
12827,2334.1
12828,2783.3
12829,2657.3
12830,1759.9
12831,1701.3
12832,2194.5
12833,1391.3
12834,1163.8
12835,885.5
12836,969.6
12837,566
12838,430.9
12839,427.9
12840,424.6
12841,426.1
12842,425.5
12843,420.4
12844,430.9
12845,561.6
12846,512.6
12847,1050.1
12848,1775.7
12849,1924.6
12850,1969.5
12851,2323.5
12852,2779.7
12853,2652.5
12854,1757.1
12855,1698
12856,2183.3
12857,1395.8
12858,1152
12859,883.4
12860,967.6
12861,573
12862,430.9
12863,422.8
12864,428.6
12865,422.2
12866,427.5
12867,422.5
12868,428
12869,554.1
12870,520.3
12871,1048.7
12872,1771.6
12873,1915.2
12874,1962.8
12875,2322.6
12876,2770.6
12877,2645.4
12878,1752.4
12879,1694
12880,2187.5
12881,1385.5
12882,1157.4
12883,882
12884,965.7
12885,569.7
12886,423.6
12887,428.7
12888,421.6
12889,428.1
12890,421.3
12891,427.7
12892,421.7
12893,560.7
12894,509.7
12895,1049.4
12896,1767.9
12897,1916
12898,1958.8
12899,2314.8
12900,2766.9
12901,2640.6
12902,1749.3
12903,1690.4
12904,2173.7
12905,1390.2
12906,1147.4
12907,880.1
12908,963.6
12909,571.6
12910,429.8
12911,421.5
12912,427.6
12913,421.3
12914,426.6
12915,421.8
12916,426.2
12917,552.6
12918,518.7
12919,1045
12920,1764
12921,1907.2
12922,1953.3
12923,2313.6
12924,2758.4
12925,2633.8
12926,1744.2
12927,1687.7
12928,2176.5
12929,1378.9
12930,1154.8
12931,878.9
12932,962.3
12933,562
12934,429.1
12935,425.3
12936,422.9
12937,421.8
12938,425.4
12939,416.6
12940,430.9
12941,557.8
12942,510.1
12943,692.4
12944,870.3
12945,1135.3
12946,1053.8
12947,1233.9
12948,1097.3
12949,1050.9
12950,875.7
12951,785.5
12952,828.3
12953,522.7
12954,508.9
12955,516.4
12956,516
12957,595.5
12958,432.3
12959,417.7
12960,385.3
12961,374.2
12962,381.7
12963,375.2
12964,377.9
12965,509.6
12966,383.1
12967,376.6
12968,371.5
12969,385.7
12970,373.1
12971,471.3
12972,461.5
12973,604.1
12974,472.8
12975,377.4
12976,378.2
12977,379.2
12978,372.3
12979,384.7
12980,373.7
12981,514.5
12982,375.6
12983,383.2
12984,418.3
12985,426.5
12986,418.8
12987,426.2
12988,419
12989,557.5
12990,506.6
12991,1042.6
12992,1752.3
12993,1899.6
12994,1942.4
12995,2294
12996,2742.7
12997,2617.3
12998,1736.4
12999,1675.9
13000,2156.2
13001,1378
13002,1139.6
13003,874.1
13004,956.3
13005,567.3
13006,417.7
13007,429.2
13008,416.2
13009,428.5
13010,416
13011,428
13012,416.2
13013,558
13014,514
13015,1037.3
13016,1748.9
13017,1892.1
13018,1937
13019,2292.6
13020,2736
13021,2611.5
13022,1730.7
13023,1673
13024,2150.7
13025,1376.3
13026,1136.4
13027,872.2
13028,955
13029,566.6
13030,426.3
13031,419.7
13032,420
13033,423.1
13034,419.4
13035,423.5
13036,414.7
13037,557.7
13038,514.4
13039,1035.2
13040,1745.9
13041,1887.5
13042,1932.7
13043,2289.4
13044,2729.1
13045,2605.8
13046,1727.3
13047,1669.7
13048,2146.4
13049,1373.3
13050,1134.1
13051,870.8
13052,954.3
13053,565.1
13054,426.6
13055,418.4
13056,424.5
13057,418.1
13058,423.4
13059,418.5
13060,423.2
13061,547.8
13062,514.7
13063,1033.1
13064,1741.9
13065,1884.2
13066,1928.7
13067,2284.8
13068,2723.3
13069,2600.3
13070,1723.8
13071,1666.3
13072,2142.4
13073,1370.1
13074,1131.9
13075,869.3
13076,952.9
13077,564
13078,426.3
13079,417.7
13080,424.1
13081,417.5
13082,423.1
13083,417.9
13084,422.8
13085,546.9
13086,514
13087,1031.4
13088,1738.9
13089,1879.8
13090,1924.8
13091,2280
13092,2717.6
13093,2594.9
13094,1720.4
13095,1663
13096,2137.2
13097,1368.5
13098,1130
13099,867.7
13100,949.3
13101,565
13102,425.2
13103,417.8
13104,423
13105,417.7
13106,421.3
13107,418.9
13108,419.6
13109,548.6
13110,512.3
13111,676.4
13112,858.8
13113,1129
13114,1039.1
13115,1209.1
13116,1090.4
13117,1040.3
13118,865.1
13119,775.6
13120,817.4
13121,508.3
13122,512.8
13123,501.1
13124,514
13125,597.8
13126,418.3
13127,424.2
13128,373.1
13129,378.2
13130,373.9
13131,368.9
13132,382.7
13133,498.3
13134,385.3
13135,370.2
13136,380.6
13137,371.8
13138,379.2
13139,458.6
13140,466.7
13141,587.3
13142,471.3
13143,371.1
13144,381.9
13145,371.5
13146,379.5
13147,372.8
13148,371.4
13149,507.7
13150,376.2
13151,377.3
13152,411.8
13153,425.6
13154,412.4
13155,425.4
13156,412.8
13157,553.5
13158,509.8
13159,1026.1
13160,1728
13161,1869.6
13162,1913.7
13163,2262.8
13164,2701.8
13165,2578.7
13166,1712.5
13167,1651
13168,2127.4
13169,1359.3
13170,1125.2
13171,863.4
13172,945
13173,559.9
13174,416.5
13175,424.4
13176,372.2
13177,376.9
13178,372.9
13179,367.6
13180,381.8
13181,496.8
13182,384.7
13183,369
13184,381.7
13185,370.6
13186,379
13187,457.2
13188,465.6
13189,585.1
13190,470.4
13191,370.2
13192,380.9
13193,370.4
13194,378.8
13195,372
13196,376
13197,502
13198,376.1
13199,376
13200,410.8
13201,424.7
13202,411.4
13203,425
13204,411.8
13205,552.2
13206,508.4
13207,1022.4
13208,1721
13209,1862.9
13210,1906.4
13211,2253
13212,2691
13213,2568.2
13214,1705
13215,1644.4
13216,2121.3
13217,1350.7
13218,1125
13219,860.5
13220,941.9
13221,557.4
13222,416.8
13223,421.3
13224,415
13225,420.2
13226,415.4
13227,419.5
13228,415.6
13229,548.8
13230,501.1
13231,1019.7
13232,1719.1
13233,1859.3
13234,1907.3
13235,2247
13236,2684.5
13237,2563.7
13238,1700.5
13239,1644.2
13240,2116
13241,1348.9
13242,1119
13243,859.1
13244,947.4
13245,550.9
13246,423.8
13247,413.5
13248,421.7
13249,413.3
13250,420.6
13251,414
13252,420
13253,541.1
13254,509.1
13255,1018.5
13256,1715.7
13257,1854.5
13258,1898.9
13259,2248.2
13260,2679.6
13261,2558.2
13262,1698
13263,1640.3
13264,2109.2
13265,1349.9
13266,1117
13267,857.8
13268,938.3
13269,557.3
13270,414.6
13271,421.4
13272,413.1
13273,420.7
13274,412.9
13275,420.9
13276,413.4
13277,548
13278,498.5
13279,678.2
13280,849.6
13281,1106.4
13282,1029.8
13283,1200.5
13284,1069.8
13285,1024.9
13286,855.1
13287,767.8
13288,808.7
13289,512
13290,497.5
13291,508.6
13292,503.8
13293,586.5
13294,422.7
13295,413.4
13296,376.8
13297,371.1
13298,365.9
13299,379.4
13300,367.7
13301,505.7
13302,369.5
13303,378.3
13304,369.1
13305,376.3
13306,370.7
13307,460.4
13308,456.7
13309,590.4
13310,456.3
13311,379.7
13312,369.2
13313,376.1
13314,370.8
13315,365.7
13316,380.7
13317,493.8
13318,382.7
13319,367.2
13320,421.6
13321,410.4
13322,420.9
13323,411.1
13324,420.8
13325,537.2
13326,508.3
13327,1013.5
13328,1706.6
13329,1844.3
13330,1888.3
13331,2236.2
13332,2664.4
13333,2544.3
13334,1688.2
13335,1631.9
13336,2097
13337,1342.9
13338,1111.4
13339,853.7
13340,933.8
13341,554.9
13342,413.4
13343,419.5
13344,412
13345,418.9
13346,412.1
13347,418.4
13348,412.4
13349,545.7
13350,497.2
13351,1011.3
13352,1703.8
13353,1843
13354,1889.5
13355,2226.2
13356,2659.3
13357,2539.7
13358,1685.3
13359,1629.6
13360,2093.3
13361,1340.6
13362,1108.5
13363,852.3
13364,932.6
13365,555.2
13366,418.4
13367,414.2
13368,410.6
13369,419.8
13370,408.1
13371,421.9
13372,408.5
13373,548.4
13374,503.8
13375,1010.7
13376,1698.5
13377,1839.8
13378,1882.1
13379,2221.4
13380,2655.4
13381,2533.8
13382,1681.2
13383,1626.1
13384,2095.8
13385,1331.8
13386,1111.9
13387,851.6
13388,934.6
13389,545.3
13390,421.9
13391,410.1
13392,419.7
13393,410.2
13394,418.1
13395,410.7
13396,418.4
13397,536.4
13398,506.1
13399,1008.6
13400,1697.6
13401,1834.6
13402,1878.6
13403,2222.4
13404,2649.6
13405,2529.3
13406,1680.2
13407,1620.2
13408,2091.2
13409,1329.2
13410,1112.8
13411,850
13412,929.6
13413,544.7
13414,421.8
13415,407.1
13416,421.7
13417,407.4
13418,420.8
13419,407.9
13420,419.9
13421,534
13422,506.4
13423,1007
13424,1695
13425,1831.4
13426,1875.1
13427,2220.6
13428,2645.3
13429,2526.2
13430,1676.6
13431,1620.2
13432,2082.9
13433,1332.7
13434,1105.5
13435,848.7
13436,928.3
13437,551.6
13438,412.6
13439,416.8
13440,411.3
13441,416.5
13442,411.4
13443,414.9
13444,412.5
13445,542.5
13446,496
13447,671.2
13448,840.7
13449,1094.3
13450,1014.3
13451,1189.9
13452,1058.6
13453,1014.1
13454,846.2
13455,759.8
13456,800.2
13457,498.9
13458,503.1
13459,502.1
13460,494.9
13461,587.3
13462,410.2
13463,420
13464,366.4
13465,375.7
13466,367.1
13467,373.5
13468,368.7
13469,498.9
13470,370.8
13471,363.7
13472,378
13473,365.4
13474,375.7
13475,450
13476,460.5
13477,575.3
13478,464.7
13479,365.5
13480,377.4
13481,365.8
13482,375.1
13483,367.5
13484,372.8
13485,493.7
13486,375
13487,369.2
13488,405.7
13489,419.4
13490,406.4
13491,419.6
13492,407
13493,543.6
13494,500.4
13495,1003.6
13496,1682.6
13497,1824.8
13498,1868.2
13499,2200.4
13500,2631.7
13501,2513.3
13502,1668.5
13503,1613.5
13504,2072.5
13505,1327.2
13506,1098.2
13507,845
13508,924.4
13509,550.5
13510,412
13511,415.7
13512,406
13513,419
13514,406.2
13515,419.2
13516,406.7
13517,543.1
13518,497.4
13519,1004.5
13520,1679.8
13521,1821.8
13522,1865
13523,2197.3
13524,2627.3
13525,2509.2
13526,1665.9
13527,1611
13528,2068.3
13529,1326.1
13530,1096.6
13531,844.1
13532,923
13533,551
13534,407.2
13535,419.1
13536,406.3
13537,419.1
13538,406.3
13539,418
13540,406.8
13541,542.2
13542,494.4
13543,1004.6
13544,1676.6
13545,1819
13546,1863.9
13547,2193.7
13548,2623
13549,2505.2
13550,1663.4
13551,1608.4
13552,2064.4
13553,1324.7
13554,1095.3
13555,842.9
13556,921.4
13557,550.2
13558,408
13559,418.1
13560,407
13561,416.9
13562,407
13563,416.3
13564,407.6
13565,540.8
13566,491.1
13567,1004.9
13568,1673
13569,1816.3
13570,1861
13571,2192
13572,2619.7
13573,2501.3
13574,1660.9
13575,1605.7
13576,2061.7
13577,1322.1
13578,1094.3
13579,841.7
13580,920.7
13581,548.1
13582,409.4
13583,415.5
13584,408
13585,415
13586,408.3
13587,414.5
13588,408.6
13589,539.9
13590,491.9
13591,996.7
13592,1676.6
13593,1811.1
13594,1857.3
13595,2193.2
13596,2615
13597,2497.4
13598,1658.3
13599,1602.4
13600,2059.7
13601,1316.8
13602,1096.3
13603,840.5
13604,919.5
13605,545
13606,412.4
13607,413.1
13608,409.9
13609,403.8
13610,418.5
13611,404.6
13612,417.8
13613,531.3
13614,499.7
13615,664.9
13616,833
13617,1083.8
13618,1004.7
13619,1172.3
13620,1053.1
13621,1004.7
13622,838.2
13623,752.8
13624,792.4
13625,495.5
13626,500
13627,488.9
13628,501.6
13629,581.4
13630,410.3
13631,413.8
13632,367.4
13633,361.3
13634,376
13635,363.2
13636,373.4
13637,487.6
13638,376
13639,364.8
13640,370.7
13641,366.6
13642,361.6
13643,458.1
13644,447.9
13645,580.6
13646,458.5
13647,366.9
13648,370.5
13649,367.4
13650,362.3
13651,375
13652,364.1
13653,497.5
13654,366.1
13655,371.9
13656,406.7
13657,412.6
13658,408.1
13659,410
13660,410.7
13661,537.4
13662,491.3
13663,993
13664,1669.5
13665,1803.4
13666,1846.8
13667,2185.9
13668,2603.5
13669,2484.8
13670,1652.1
13671,1592.2
13672,2055
13673,1305.9
13674,1097.2
13675,837.5
13676,916.4
13677,536.5
13678,418.6
13679,404.8
13680,415.7
13681,405
13682,414.5
13683,405.6
13684,414.3
13685,528.8
13686,500.2
13687,992
13688,1666.9
13689,1801.2
13690,1844.3
13691,2178.1
13692,2599.1
13693,2480.5
13694,1648.1
13695,1595.1
13696,2049.9
13697,1310.3
13698,1086.1
13699,836.6
13700,914.7
13701,547
13702,413
13703,409.4
13704,402.6
13705,417.1
13706,403.2
13707,416.9
13708,403.7
13709,538.8
13710,495.9
13711,991.8
13712,1659.8
13713,1800.4
13714,1844.9
13715,2172
13716,2596
13717,2479.5
13718,1647.1
13719,1592.4
13720,2044.1
13721,1311.3
13722,1086
13723,835.8
13724,913.5
13725,544.6
13726,408.5
13727,412
13728,407.1
13729,411.8
13730,407.5
13731,408.9
13732,410.3
13733,535.3
13734,490.8
13735,989.3
13736,1663
13737,1796.4
13738,1838.5
13739,2177.9
13740,2591.4
13741,2473.8
13742,1644.2
13743,1585.9
13744,2049.4
13745,1301.9
13746,1088.5
13747,833.8
13748,915.3
13749,539.4
13750,415.6
13751,405.7
13752,413
13753,406.1
13754,411.2
13755,406.6
13756,411.3
13757,529.3
13758,497.2
13759,989
13760,1660.1
13761,1794.6
13762,1837.3
13763,2165.3
13764,2589.3
13765,2473.1
13766,1643
13767,1588.7
13768,2038.4
13769,1308.8
13770,1083.1
13771,833.9
13772,911.7
13773,544.2
13774,406.2
13775,413.7
13776,405.1
13777,412.5
13778,405.6
13779,411.4
13780,406.3
13781,535.8
13782,488.4
13783,660.7
13784,826.5
13785,1074.2
13786,996.1
13787,1167.8
13788,1039.6
13789,996.1
13790,831.6
13791,747.1
13792,786.8
13793,491.1
13794,497.6
13795,492.1
13796,492.2
13797,577.7
13798,407.3
13799,412.3
13800,364.7
13801,364.8
13802,368.9
13803,360.8
13804,373
13805,484.2
13806,375
13807,362.5
13808,370.6
13809,364.3
13810,361.9
13811,453.6
13812,451.9
13813,570.2
13814,456.2
13815,364.9
13816,369.3
13817,365.3
13818,360.3
13819,373.6
13820,362.2
13821,494.4
13822,364.2
13823,370.1
13824,404.7
13825,410.5
13826,405.9
13827,408
13828,408.7
13829,533.6
13830,488.6
13831,984.6
13832,1655.5
13833,1787.8
13834,1830.4
13835,2166.6
13836,2578.2
13837,2461.2
13838,1635.8
13839,1579.8
13840,2037.9
13841,1297.7
13842,1080.3
13843,829.7
13844,911.3
13845,542.7
13846,413.3
13847,405.4
13848,410.7
13849,406.2
13850,408.3
13851,407.9
13852,401
13853,537.1
13854,494.3
13855,984.8
13856,1649.4
13857,1787.1
13858,1831
13859,2155.5
13860,2575.9
13861,2462.1
13862,1635.4
13863,1581.1
13864,2029.3
13865,1300.3
13866,1081
13867,830.4
13868,908.2
13869,537.2
13870,411.3
13871,406.8
13872,409.5
13873,401
13874,414.8
13875,401.6
13876,413.5
13877,523.6
13878,498.1
13879,983.1
13880,1651.8
13881,1783.9
13882,1826.6
13883,2157.7
13884,2572.7
13885,2455.5
13886,1633
13887,1580.1
13888,2028.2
13889,1300.4
13890,1076.9
13891,829.9
13892,907.1
13893,543.1
13894,403.4
13895,414
13896,402.1
13897,413.2
13898,402.7
13899,412.5
13900,403
13901,534
13902,485.3
13903,984.5
13904,1647.6
13905,1782.3
13906,1827.4
13907,2156.9
13908,2571.3
13909,2454.2
13910,1632
13911,1572.9
13912,2031.4
13913,1291
13914,1082.7
13915,828.3
13916,908.6
13917,534.4
13918,413.9
13919,403.3
13920,411.6
13921,403.9
13922,410
13923,404.6
13924,409.3
13925,526.9
13926,494.5
13927,982.1
13928,1646.9
13929,1780.9
13930,1823.5
13931,2148.4
13932,2568.6
13933,2453.4
13934,1630.5
13935,1576.4
13936,2022.9
13937,1297.9
13938,1076.6
13939,828.2
13940,905.7
13941,538.6
13942,408.2
13943,408.5
13944,406.2
13945,400
13946,413.8
13947,401
13948,413.5
13949,522.3
13950,497.2
13951,655.8
13952,821.1
13953,1067.6
13954,989.8
13955,1150
13956,1039.3
13957,991.2
13958,826.2
13959,740.3
13960,775.7
13961,499.7
13962,492.7
13963,485.9
13964,494.1
13965,565
13966,414.9
13967,401.2
13968,372.5
13969,361.1
13970,369.2
13971,363
13972,358.6
13973,493.8
13974,360.2
13975,372.8
13976,360
13977,370.8
13978,361.9
13979,450.4
13980,444.4
13981,574.3
13982,444.3
13983,373.1
13984,361.2
13985,369.2
13986,363.1
13987,358.1
13988,373.5
13989,480.9
13990,374.4
13991,360.1
13992,411.1
13993,402.1
13994,411.2
13995,402.8
13996,410.7
13997,524.2
13998,494.4
13999,979.4
14000,1643.3
14001,1775.6
14002,1818
14003,2142.1
14004,2560.4
14005,2447.5
14006,1626.2
14007,1572.2
14008,2017.2
14009,1295.1
14010,1073.2
14011,826.4
14012,903.5
14013,539
14014,406.2
14015,408.1
14016,405.4
14017,399.2
14018,414
14019,399.9
14020,413.7
14021,523
14022,495.1
14023,978
14024,1642.8
14025,1774
14026,1816.4
14027,2145
14028,2557.5
14029,2441.3
14030,1624.8
14031,1571.4
14032,2014.9
14033,1295.3
14034,1071.6
14035,825.9
14036,902.9
14037,540.4
14038,403.3
14039,411.3
14040,402.2
14041,410.3
14042,402.8
14043,409.6
14044,403.3
14045,531.3
14046,485.1
14047,977.4
14048,1641.2
14049,1772.5
14050,1814.7
14051,2147.8
14052,2554.7
14053,2439
14054,1621
14055,1569.1
14056,2017.6
14057,1290.1
14058,1070.3
14059,825.3
14060,902.2
14061,541.1
14062,400.9
14063,413.2
14064,399.9
14065,412.6
14066,400.5
14067,411.8
14068,401.2
14069,532.4
14070,482.7
14071,981.5
14072,1635.6
14073,1772.2
14074,1817.8
14075,2141.4
14076,2555
14077,2438
14078,1621.3
14079,1563.2
14080,2019.6
14081,1284.9
14082,1072.1
14083,822.9
14084,903.5
14085,538.7
14086,411.3
14087,403.1
14088,408.6
14089,403.9
14090,401.9
14091,410.1
14092,399.2
14093,533.2
14094,491.5
14095,976.9
14096,1633.9
14097,1770.8
14098,1814.5
14099,2137.8
14100,2553.1
14101,2438.6
14102,1620.9
14103,1563.3
14104,2015.2
14105,1282.4
14106,1078.5
14107,824.1
14108,901.3
14109,530.8
14110,412.3
14111,401.4
14112,410.3
14113,402.1
14114,409.2
14115,402.8
14116,408.5
14117,524
14118,492.6
14119,644.8
14120,816.2
14121,1070.1
14122,986.2
14123,1145.2
14124,1026.2
14125,983.8
14126,822.7
14127,739.8
14128,778.5
14129,496
14130,482.9
14131,493
14132,481.8
14133,574.4
14134,408.1
14135,406.3
14136,358.6
14137,371.7
14138,359.5
14139,370
14140,361.4
14141,489.9
14142,363.3
14143,366.2
14144,363.5
14145,358.5
14146,370.6
14147,440.3
14148,451.9
14149,561.3
14150,455.8
14151,359.2
14152,371.5
14153,359.8
14154,368.9
14155,361.6
14156,365.8
14157,484.2
14158,361.3
14159,371
14160,398.6
14161,412
14162,400
14163,410.9
14164,400.8
14165,531.1
14166,482.1
14167,978.1
14168,1631.9
14169,1767.3
14170,1811.1
14171,2138.6
14172,2548
14173,2430.5
14174,1616.4
14175,1560.8
14176,2012.9
14177,1283.8
14178,1066.9
14179,823.2
14180,899.3
14181,540.2
14182,409.2
14183,403.9
14184,398.3
14185,413
14186,398.9
14187,411.7
14188,399.7
14189,531.8
14190,483.8
14191,979.4
14192,1628.8
14193,1766.7
14194,1810.1
14195,2135.4
14196,2546.7
14197,2430.4
14198,1616.3
14199,1558.1
14200,2013.2
14201,1281.2
14202,1068.6
14203,820.4
14204,901
14205,538.4
14206,410.1
14207,402.8
14208,404.4
14209,406.4
14210,397.8
14211,412.8
14212,398.6
14213,532.3
14214,490.7
14215,974.5
14216,1628.3
14217,1765.6
14218,1809.1
14219,2132.7
14220,2545.4
14221,2430.4
14222,1616.3
14223,1557.3
14224,2011.5
14225,1279.3
14226,1070.9
14227,820.4
14228,900.4
14229,534.9
14230,410.6
14231,402.2
14232,407.9
14233,402.7
14234,407.1
14235,403.6
14236,397.9
14237,532.3
14238,490.6
14239,973.9
14240,1628.8
14241,1764.7
14242,1808.2
14243,2130.3
14244,2543.4
14245,2430.9
14246,1615.5
14247,1557.2
14248,2008.8
14249,1278.9
14250,1072.6
14251,820.5
14252,899.9
14253,532
14254,411.2
14255,401.4
14256,408.9
14257,402.1
14258,407.2
14259,403.1
14260,400.2
14261,529.5
14262,491.5
14263,973.5
14264,1629.1
14265,1765.5
14266,1805.8
14267,2128.3
14268,2543.1
14269,2429.1
14270,1614.9
14271,1557.5
14272,2007.4
14273,1277.3
14274,1074.4
14275,820.7
14276,899.6
14277,529.7
14278,411.6
14279,401.1
14280,409
14281,401.6
14282,407.2
14283,402.4
14284,404
14285,525.7
14286,490.9
14287,641.5
14288,815.5
14289,1064.2
14290,985.1
14291,1141.7
14292,1023.1
14293,980.8
14294,820.3
14295,737.7
14296,776.4
14297,494.3
14298,482.8
14299,491.1
14300,481.7
14301,572
14302,400.7
14303,412.1
14304,358.5
14305,370.9
14306,359.8
14307,367.1
14308,361.8
14309,487.3
14310,364.1
14311,356.9
14312,371.3
14313,358.9
14314,368.6
14315,440.5
14316,450
14317,561
14318,453.9
14319,359.7
14320,369.3
14321,360.3
14322,366.7
14323,362.3
14324,357.4
14325,492.3
14326,359.4
14327,370.3
14328,399.2
14329,409.2
14330,400.6
14331,408.3
14332,401.2
14333,529.5
14334,482.1
14335,971.9
14336,1631.3
14337,1761.5
14338,1803.5
14339,2134.2
14340,2537.9
14341,2423
14342,1610.7
14343,1560.8
14344,2002.9
14345,1284.5
14346,1064.5
14347,821
14348,897.1
14349,538.1
14350,400.9
14351,410.7
14352,399.6
14353,409.7
14354,400.7
14355,408.1
14356,401.3
14357,529.4
14358,482
14359,971.7
14360,1630.9
14361,1761.1
14362,1803
14363,2133.6
14364,2537.2
14365,2422.4
14366,1610.4
14367,1560.4
14368,2002.3
14369,1284.3
14370,1064.3
14371,820.9
14372,896.9
14373,537.9
14374,401
14375,410.3
14376,399.7
14377,409.4
14378,400.8
14379,407.9
14380,401.3
14381,529.2
14382,482
14383,971.5
14384,1630.5
14385,1760.8
14386,1802.7
14387,2133
14388,2536.7
14389,2421.8
14390,1610.4
14391,1560.1
14392,2001.6
14393,1284.4
14394,1064.1
14395,820.4
14396,897.2
14397,537.7
14398,400.8
14399,410.4
14400,399.9
14401,409.1
14402,400.9
14403,408.5
14404,401.4
14405,529.1
14406,482.1
14407,971
14408,1630.7
14409,1760.5
14410,1802.4
14411,2132.3
14412,2536.3
14413,2421.4
14414,1610.5
14415,1559.9
14416,2001
14417,1284.6
14418,1064
14419,820.3
14420,897.1
14421,537.4
14422,401.2
14423,409.8
14424,400.1
14425,409.3
14426,400.9
14427,408.4
14428,401.4
14429,528.8
14430,482.5
14431,970.9
14432,1630.5
14433,1760.3
14434,1802.2
14435,2131.7
14436,2536.1
14437,2421.2
14438,1610.7
14439,1559.7
14440,2000.3
14441,1284.9
14442,1063.9
14443,820.1
14444,897.1
14445,537.3
14446,401.2
14447,409.7
14448,400.3
14449,408.9
14450,401
14451,408.2
14452,401.6
14453,528.6
14454,482.8
14455,651.3
14456,814.2
14457,1056.9
14458,980.3
14459,1145.3
14460,1025.6
14461,980.3
14462,818.9
14463,735.8
14464,774.5
14465,487.6
14466,490.4
14467,481.1
14468,491.9
14469,564.1
14470,410.1
14471,397.3
14472,372.5
14473,358
14474,369.3
14475,359.9
14476,366.2
14477,481.5
14478,368.3
14479,362.4
14480,357.3
14481,370.2
14482,359.1
14483,448.6
14484,440.9
14485,570.7
14486,440.9
14487,372.3
14488,358.8
14489,368.4
14490,360.8
14491,361.4
14492,366.1
14493,479.7
14494,371.2
14495,357.8
14496,409.7
14497,399.6
14498,409.1
14499,400.4
14500,408.1
14501,520.7
14502,492.2
14503,971.8
14504,1629.4
14505,1760.4
14506,1802.4
14507,2123.6
14508,2537.7
14509,2425.7
14510,1612.3
14511,1558.8
14512,1999.9
14513,1278.6
14514,1070.4
14515,820.1
14516,897
14517,527.3
14518,412.8
14519,399.1
14520,410.3
14521,399.8
14522,409.2
14523,400.6
14524,408.3
14525,521.1
14526,491.8
14527,971.9
14528,1629.5
14529,1760.1
14530,1803
14531,2123.8
14532,2538.8
14533,2424.9
14534,1612.4
14535,1558.6
14536,2000.4
14537,1278.1
14538,1071
14539,820.2
14540,896.8
14541,527.5
14542,412.5
14543,399.4
14544,409.8
14545,400.1
14546,409.6
14547,401
14548,408.3
14549,521.1
14550,491.5
14551,971.6
14552,1630
14553,1760.8
14554,1802.8
14555,2124.1
14556,2539
14557,2425.2
14558,1612.5
14559,1558.3
14560,2001.1
14561,1277.8
14562,1071.6
14563,820.3
14564,896.9
14565,527.7
14566,412.6
14567,399.6
14568,409.7
14569,400.3
14570,409.1
14571,401
14572,408.3
14573,521.4
14574,491.6
14575,971.8
14576,1630.3
14577,1761
14578,1803.1
14579,2124.5
14580,2539.4
14581,2425.6
14582,1612.7
14583,1558.3
14584,2001.7
14585,1277.7
14586,1072
14587,820.4
14588,897
14589,527.9
14590,412.5
14591,399.5
14592,409.2
14593,400.4
14594,409
14595,401.2
14596,408.2
14597,521.4
14598,491.8
14599,972.4
14600,1630.2
14601,1761.4
14602,1803.5
14603,2124.9
14604,2539.9
14605,2426.1
14606,1613.1
14607,1559.1
14608,2001.6
14609,1277.8
14610,1072.3
14611,820.5
14612,897.3
14613,528
14614,412.5
14615,399.8
14616,409.7
14617,400.6
14618,408.8
14619,401.2
14620,408.2
14621,521.7
14622,491.6
14623,645.4
14624,810.7
14625,1066.7
14626,982.1
14627,1140.3
14628,1022.8
14629,980.2
14630,820
14631,737.4
14632,775.6
14633,495.3
14634,481.8
14635,492
14636,480.3
14637,572.9
14638,407.2
14639,405.2
14640,357.6
14641,370.9
14642,359.1
14643,368.7
14644,360.9
14645,488.4
14646,363.1
14647,359.4
14648,368.2
14649,358.1
14650,370.8
14651,439.4
14652,450.9
14653,560.2
14654,454.7
14655,358.8
14656,370.6
14657,359.4
14658,368.2
14659,361.5
14660,358.7
14661,490
14662,358.4
14663,371.9
14664,358.4
14665,368.6
14666,360.3
14667,366.1
14668,362.5
14669,484.7
14670,366.6
14671,357.4
14672,370.6
14673,359.4
14674,368.2
14675,441
14676,449.7
14677,561.6
14678,453.6
14679,360.2
14680,368.8
14681,360.8
14682,366.2
14683,362.8
14684,357.9
14685,490.7
14686,359.7
14687,370.2
14688,399.5
14689,409.8
14690,401
14691,408.9
14692,401.8
14693,529.6
14694,483.1
14695,972.4
14696,1633.2
14697,1763.4
14698,1805.3
14699,2135.8
14700,2540.7
14701,2425.6
14702,1612.8
14703,1562.4
14704,2004.7
14705,1286
14706,1065.5
14707,821.5
14708,898.3
14709,538.4
14710,401
14711,410.9
14712,400.3
14713,409.8
14714,401
14715,408.5
14716,402
14717,529.5
14718,482.9
14719,972.8
14720,1634
14721,1764.1
14722,1806.1
14723,2137.4
14724,2541.9
14725,2426.7
14726,1612.9
14727,1562.7
14728,2006.5
14729,1285.5
14730,1065.9
14731,822.1
14732,898.3
14733,538.9
14734,400.6
14735,411.4
14736,399.7
14737,410.7
14738,400.5
14739,409.8
14740,401.5
14741,530.2
14742,482.5
14743,973.9
14744,1634
14745,1764.9
14746,1807.3
14747,2138.2
14748,2543.9
14749,2427.9
14750,1614.1
14751,1561.9
14752,2008.8
14753,1284.7
14754,1066.1
14755,822.2
14756,898.7
14757,539.4
14758,400.1
14759,412.5
14760,399.1
14761,411.6
14762,400
14763,410.7
14764,400.8
14765,531
14766,482
14767,977.2
14768,1632.2
14769,1765.8
14770,1810.7
14771,2137.1
14772,2546.4
14773,2429.3
14774,1615.5
14775,1560.6
14776,2011.5
14777,1283.7
14778,1066.5
14779,822.5
14780,899.3
14781,539.5
14782,406.2
14783,406.7
14784,398.2
14785,412.6
14786,399.3
14787,411.7
14788,399.9
14789,531.7
14790,483
14791,653.1
14792,817
14793,1060
14794,986.7
14795,1150.4
14796,1025.7
14797,983.1
14798,821.8
14799,738.6
14800,777.4
14801,485.4
14802,494.1
14803,489.9
14804,484.8
14805,572
14806,403.4
14807,409.9
14808,361.6
14809,367.2
14810,362.7
14811,357.7
14812,371.7
14813,479.6
14814,373.4
14815,359.8
14816,368.9
14817,361.6
14818,365.8
14819,444
14820,448.8
14821,564.6
14822,452.8
14823,362.7
14824,368.1
14825,363.3
14826,358
14827,371
14828,359.9
14829,490.2
14830,362
14831,368.1
14832,402
14833,408.2
14834,403.8
14835,406.4
14836,405.4
14837,529.5
14838,485.6
14839,975.7
14840,1637.9
14841,1769
14842,1811.1
14843,2140.4
14844,2549.6
14845,2433.6
14846,1619.5
14847,1567.1
14848,2009.7
14849,1291.4
14850,1068.2
14851,824.4
14852,900.5
14853,539.1
14854,402.5
14855,410.5
14856,401.3
14857,410
14858,402.1
14859,409.7
14860,403
14861,530.6
14862,484.4
14863,976.1
14864,1639
14865,1770.1
14866,1812.2
14867,2144.8
14868,2551
14869,2435.4
14870,1618.7
14871,1567.2
14872,2014.3
14873,1288.7
14874,1069.1
14875,824.3
14876,901
14877,540.5
14878,400.8
14879,413.1
14880,399.8
14881,412.3
14882,400.9
14883,411.3
14884,401.7
14885,532
14886,483
14887,983.3
14888,1634
14889,1771.7
14890,1816.1
14891,2144
14892,2555.3
14893,2437.8
14894,1621.3
14895,1563.4
14896,2019.8
14897,1285.6
14898,1072.5
14899,821.9
14900,903.4
14901,539.8
14902,410.2
14903,403.7
14904,407.6
14905,405
14906,399
14907,413.8
14908,399.7
14909,533.7
14910,492.2
14911,978.4
14912,1636.1
14913,1776.6
14914,1814.5
14915,2141.4
14916,2557.2
14917,2442.5
14918,1623.1
14919,1566.4
14920,2018
14921,1284.3
14922,1080.2
14923,825.3
14924,902.5
14925,531
14926,413.6
14927,401.7
14928,410.7
14929,402.5
14930,410.2
14931,403.2
14932,409.4
14933,524.5
14934,494.5
14935,978.9
14936,1642.1
14937,1774.4
14938,1816.8
14939,2140.7
14940,2559.4
14941,2444.6
14942,1624.9
14943,1571
14944,2015.8
14945,1292.2
14946,1074.5
14947,825.8
14948,902.9
14949,532.6
14950,411.8
14951,399.3
14952,414
14953,400.2
14954,413.3
14955,400.9
14956,412.3
14957,522.5
14958,496.2
14959,655.2
14960,819.5
14961,1066.3
14962,988.5
14963,1148.5
14964,1034.5
14965,992.4
14966,825
14967,735.3
14968,777.9
14969,499.4
14970,491
14971,487
14972,492.7
14973,565.2
14974,414.7
14975,401.4
14976,370.4
14977,362
14978,368.4
14979,364.2
14980,358.9
14981,494.9
14982,360.8
14983,371.9
14984,360.8
14985,368.7
14986,363
14987,449.5
14988,445.6
14989,573.4
14990,445.3
14991,371.9
14992,362.1
14993,368
14994,363.9
14995,359
14996,372.5
14997,481.6
14998,373.6
14999,360.9
15000,410.4
15001,403.3
15002,411.7
15003,404
15004,409.3
15005,526
15006,494.9
15007,981.2
15008,1645.8
15009,1779.5
15010,1821.7
15011,2146.4
15012,2566.4
15013,2451.2
15014,1629.2
15015,1575.1
15016,2021.1
15017,1297.1
15018,1075.3
15019,827.7
15020,905
15021,539.2
15022,406.9
15023,408.8
15024,405.7
15025,400.2
15026,414.7
15027,400.7
15028,414.2
15029,523.9
15030,496.9
15031,981.6
15032,1648.4
15033,1780.5
15034,1823.1
15035,2153.7
15036,2567.4
15037,2450.5
15038,1630.1
15039,1577.2
15040,2023.9
15041,1298.4
15042,1075
15043,828.5
15044,905.6
15045,542.7
15046,403
15047,413.5
15048,402.2
15049,412.6
15050,402.9
15051,411.9
15052,403.6
15053,534.3
15054,485.6
15055,983.5
15056,1649
15057,1782.2
15058,1827.2
15059,2157.8
15060,2571.6
15061,2454.1
15062,1631.9
15063,1573.1
15064,2032.3
15065,1291.3
15066,1081.7
15067,828.1
15068,908.6
15069,536
15070,414
15071,403.5
15072,411.4
15073,404.5
15074,410.8
15075,405.2
15076,406.1
15077,530.6
15078,495.2
15079,983.9
15080,1650.1
15081,1785.2
15082,1827.3
15083,2153.2
15084,2574.3
15085,2458.8
15086,1633.3
15087,1580.4
15088,2027.2
15089,1301.1
15090,1078
15091,829.9
15092,907.4
15093,540.6
15094,407.2
15095,410.1
15096,406
15097,405.4
15098,410.9
15099,401
15100,414.7
15101,531.5
15102,490.7
15103,984.3
15104,1653.5
15105,1786.1
15106,1828.7
15107,2162
15108,2575.6
15109,2458.6
15110,1633.2
15111,1582
15112,2032.8
15113,1299.7
15114,1077.8
15115,830.7
15116,908.1
15117,542.9
15118,404.6
15119,414.6
15120,401.3
15121,415.2
15122,402.2
15123,414.5
15124,402.9
15125,536.2
15126,487.3
15127,658.5
15128,825.3
15129,1071.6
15130,999.9
15131,1161.2
15132,1036.7
15133,993.7
15134,830.2
15135,745.9
15136,785.8
15137,498.6
15138,488.8
15139,495
15140,486.8
15141,577.8
15142,404.4
15143,415.1
15144,361.8
15145,372.3
15146,363.2
15147,369.8
15148,365
15149,492.4
15150,367.2
15151,360.1
15152,373.9
15153,362.1
15154,371.6
15155,444.8
15156,454.5
15157,567.5
15158,458.5
15159,362.4
15160,372.7
15161,362.9
15162,370.2
15163,364.9
15164,359.7
15165,496.4
15166,361.8
15167,373.5
15168,402
15169,415.1
15170,403.6
15171,414
15172,404.3
15173,536.7
15174,486.7
15175,990.6
15176,1655.9
15177,1793.7
15178,1838.1
15179,2168.1
15180,2586.4
15181,2470.3
15182,1641.1
15183,1584
15184,2039.6
15185,1299.9
15186,1089.1
15187,833
15188,911.2
15189,533.7
15190,417.6
15191,403
15192,414.9
15193,403.7
15194,414.6
15195,404.4
15196,413.9
15197,527
15198,499.2
15199,988.8
15200,1660.8
15201,1794.5
15202,1837.4
15203,2169.6
15204,2588.9
15205,2470.7
15206,1642.8
15207,1589.2
15208,2040.8
15209,1307.1
15210,1082.6
15211,833.8
15212,911.8
15213,545.7
15214,404
15215,415.6
15216,402.9
15217,415.9
15218,403.6
15219,415.8
15220,404.3
15221,538.4
15222,486.9
15223,995.8
15224,1658.7
15225,1798.5
15226,1842.7
15227,2171.7
15228,2593
15229,2476.6
15230,1645.2
15231,1590.6
15232,2042
15233,1307
15234,1087.9
15235,834.7
15236,913
15237,539.5
15238,412.7
15239,405.5
15240,413.5
15241,402.8
15242,416.8
15243,403.5
15244,416.1
15245,526.9
15246,500.9
15247,990.7
15248,1665.3
15249,1799
15250,1842
15251,2178.6
15252,2595.3
15253,2477.5
15254,1645.8
15255,1590.7
15256,2050.5
15257,1305.8
15258,1086.8
15259,834.5
15260,916.6
15261,544.1
15262,415
15263,406.9
15264,412.3
15265,407.9
15266,411.9
15267,408.6
15268,403.7
15269,539.3
15270,498.2
15271,992.4
15272,1665.4
15273,1803
15274,1845
15275,2174.3
15276,2600.1
15277,2483.4
15278,1649.6
15279,1595.1
15280,2046.7
15281,1313.9
15282,1086.9
15283,836.9
15284,915.1
15285,546.1
15286,406.8
15287,414.8
15288,405.3
15289,415.6
15290,406.2
15291,414.4
15292,406.9
15293,538.5
15294,489.8
15295,664.3
15296,831.1
15297,1080.6
15298,1002
15299,1175.5
15300,1045.5
15301,1001.7
15302,836.6
15303,751.4
15304,791.2
15305,493.7
15306,499.8
15307,497.1
15308,490.8
15309,581.2
15310,407.2
15311,416
15312,364.4
15313,372.3
15314,365.6
15315,370.5
15316,367.5
15317,494.5
15318,369.9
15319,362.4
15320,374.9
15321,364.2
15322,372.6
15323,447.9
15324,456.7
15325,571.7
15326,460.8
15327,364.5
15328,374
15329,364.9
15330,371.7
15331,366.8
15332,361.6
15333,499.4
15334,363.7
15335,375.9
15336,404.2
15337,417.5
15338,405.8
15339,416
15340,406.7
15341,540
15342,489.9
15343,1000
15344,1670.9
15345,1811.2
15346,1855.7
15347,2186.7
15348,2611.4
15349,2494.1
15350,1656.4
15351,1601.3
15352,2055.9
15353,1318.4
15354,1091.7
15355,839.7
15356,918.4
15357,547.2
15358,409.4
15359,415.4
15360,408
15361,413.5
15362,409.2
15363,412.9
15364,409.9
15365,539
15366,493
15367,996.7
15368,1676.9
15369,1811.4
15370,1856.2
15371,2194.8
15372,2615.5
15373,2497.6
15374,1658.9
15375,1602.8
15376,2060.1
15377,1315
15378,1097.9
15379,841.2
15380,919.7
15381,539.9
15382,417.7
15383,404.2
15384,418.8
15385,405.4
15386,418.4
15387,406
15388,417.7
15389,530
15390,503.9
15391,998.3
15392,1679.3
15393,1814.4
15394,1857.6
15395,2199.1
15396,2618.4
15397,2499.8
15398,1661.3
15399,1602
15400,2068.8
15401,1313.1
15402,1103.3
15403,841.8
15404,921.1
15405,539.1
15406,420.1
15407,405.9
15408,417.7
15409,407.1
15410,417.3
15411,407.6
15412,416.7
15413,532
15414,503
15415,1000
15416,1681.6
15417,1817.1
15418,1860.6
15419,2200
15420,2623.1
15421,2503.8
15422,1662.9
15423,1605.1
15424,2073.3
15425,1316.1
15426,1101.8
15427,843.2
15428,924.5
15429,540.9
15430,419
15431,407.3
15432,417.7
15433,408.2
15434,416.8
15435,408.7
15436,416.2
15437,533.3
15438,502.9
15439,1001.4
15440,1683.7
15441,1820.5
15442,1863.6
15443,2202
15444,2627.7
15445,2507.9
15446,1665.1
15447,1609.2
15448,2075.4
15449,1319.3
15450,1101.3
15451,843.7
15452,926.5
15453,543.3
15454,419.2
15455,408.1
15456,416.9
15457,409
15458,416.7
15459,409.6
15460,416
15461,534.4
15462,503.3
15463,664.5
15464,835.7
15465,1098.2
15466,1012.4
15467,1177.1
15468,1057.4
15469,1017.8
15470,843.8
15471,753.2
15472,793.7
15473,508.9
15474,500.8
15475,494.1
15476,502.3
15477,575.1
15478,423
15479,406.3
15480,378.1
15481,365.6
15482,376.3
15483,367.3
15484,373.2
15485,493.5
15486,375.3
15487,369
15488,363.9
15489,378.6
15490,365.6
15491,459.4
15492,450.5
15493,586.6
15494,459.8
15495,371
15496,364.3
15497,377.2
15498,366
15499,374.9
15500,367.7
15501,499.8
15502,369.8
15503,372.7
15504,369.5
15505,364.7
15506,377.4
15507,366.4
15508,375.1
15509,492.8
15510,377.3
15511,368
15512,372.9
15513,369.8
15514,364.7
15515,461
15516,449.8
15517,587.8
15518,461.8
15519,369.9
15520,365.7
15521,377.4
15522,365
15523,376.9
15524,366.7
15525,501.7
15526,368.5
15527,374.9
15528,409.8
15529,416.9
15530,411.6
15531,416.2
15532,412.3
15533,543.6
15534,496.2
15535,1006.6
15536,1695.3
15537,1831.6
15538,1879.5
15539,2217.6
15540,2645.7
15541,2526.7
15542,1677.1
15543,1621.3
15544,2082.2
15545,1334.7
15546,1104
15547,849
15548,928.7
15549,552.6
15550,410.5
15551,419.6
15552,409.2
15553,419.4
15554,410.1
15555,418.8
15556,410.6
15557,545.1
15558,495.2
15559,1012
15560,1696
15561,1840.3
15562,1880.6
15563,2217.1
15564,2650.3
15565,2531.1
15566,1679.8
15567,1624.4
15568,2086.8
15569,1335.5
15570,1105.6
15571,849.9
15572,929.9
15573,554
15574,413.4
15575,417.2
15576,408.3
15577,421.5
15578,407.9
15579,422.1
15580,408.3
15581,547.5
15582,503.9
15583,1010.9
15584,1698.8
15585,1840.3
15586,1882
15587,2222.4
15588,2656
15589,2534.3
15590,1681.6
15591,1626.4
15592,2096.2
15593,1332
15594,1112.3
15595,851.8
15596,934.6
15597,545.4
15598,421.9
15599,410.1
15600,419.5
15601,411.1
15602,419.5
15603,411.6
15604,419.1
15605,537.7
15606,507.4
15607,1012
15608,1703.8
15609,1841.4
15610,1885.5
15611,2231.7
15612,2659.8
15613,2539.2
15614,1687.3
15615,1626.4
15616,2096.8
15617,1337.2
15618,1113.4
15619,852.5
15620,933
15621,552.9
15622,414.8
15623,417.8
15624,413
15625,417.9
15626,414
15627,415.2
15628,416.6
15629,545.7
15630,499.5
15631,675.5
15632,847.1
15633,1103.3
15634,1022.4
15635,1199.8
15636,1067.1
15637,1022.1
15638,852.6
15639,765.5
15640,806.2
15641,508.8
15642,499
15643,505.8
15644,497
15645,591.6
15646,411.4
15647,423.2
15648,367
15649,379.5
15650,368.3
15651,377.4
15652,370
15653,504
15654,371.9
15655,375.4
15656,371.5
15657,366.4
15658,379.9
15659,452.2
15660,465.4
15661,589.4
15662,458.8
15663,376.6
15664,371.6
15665,366.4
15666,379.8
15667,368.1
15668,378
15669,495.9
15670,380.6
15671,369.6
15672,418.7
15673,413.9
15674,419.3
15675,414.3
15676,418.9
15677,541.2
15678,508.2
15679,1017.2
15680,1712.9
15681,1851.5
15682,1896
15683,2242.7
15684,2675.3
15685,2553.7
15686,1696.4
15687,1635.3
15688,2108.5
15689,1346.7
15690,1116.4
15691,856.5
15692,937.5
15693,555.3
15694,415.6
15695,419.1
15696,414.1
15697,419.8
15698,415
15699,419.1
15700,415.5
15701,547.7
15702,500.8
15703,1017.9
15704,1716.3
15705,1856
15706,1904.1
15707,2243.6
15708,2680
15709,2559.4
15710,1697.7
15711,1641.6
15712,2111.6
15713,1347.1
15714,1116.3
15715,858
15716,942
15717,555.9
15718,422.9
15719,413.5
15720,420.7
15721,414.4
15722,420.7
15723,414.8
15724,419.9
15725,542.6
15726,510.1
15727,1020.5
15728,1719.2
15729,1858.4
15730,1903
15731,2252.5
15732,2685.7
15733,2563.8
15734,1701.8
15735,1643.7
15736,2113.7
15737,1352.6
15738,1119.1
15739,859.3
15740,940.4
15741,557.9
15742,414.9
15743,422.1
15744,413.5
15745,421.9
15746,414.4
15747,421.2
15748,414.8
15749,550.3
15750,500.5
15751,1025
15752,1721.3
15753,1865.4
15754,1910.5
15755,2249.2
15756,2692.5
15757,2568.8
15758,1703.5
15759,1646.9
15760,2124.8
15761,1347
15762,1129.5
15763,860.8
15764,942.4
15765,548.8
15766,427
15767,411.5
15768,424.7
15769,412.4
15770,424.2
15771,412.8
15772,425.2
15773,540.7
15774,513.2
15775,1023.6
15776,1726
15777,1865.2
15778,1912.7
15779,2260
15780,2696
15781,2574.5
15782,1707.4
15783,1650.8
15784,2122.1
15785,1356.9
15786,1121.8
15787,862.1
15788,944.2
15789,560.9
15790,423.5
15791,415.6
15792,421.5
15793,416.3
15794,420.7
15795,417.6
15796,415.7
15797,549.8
15798,511.2
15799,675.2
15800,855.7
15801,1124.6
15802,1035.6
15803,1204.9
15804,1086.4
15805,1036.7
15806,862.7
15807,773.2
15808,814.9
15809,507.2
15810,511.1
15811,499.8
15812,513
15813,595.5
15814,418.2
15815,422.2
15816,373.1
15817,377.6
15818,374.4
15819,368.9
15820,382.7
15821,498.5
15822,385.1
15823,370.2
15824,380.3
15825,371.8
15826,378.9
15827,458.8
15828,466.8
15829,587.6
15830,471
15831,371.3
15832,381.1
15833,371.7
15834,379
15835,373.2
15836,370.7
15837,509.2
15838,378
15839,376
15840,412.2
15841,426.7
15842,413.7
15843,426.4
15844,414.1
15845,555
15846,511.6
15847,1030.1
15848,1735
15849,1877.2
15850,1922.3
15851,2272.9
15852,2713.7
15853,2590.1
15854,1718.8
15855,1659.6
15856,2134.6
15857,1364.9
15858,1129.3
15859,866.5
15860,948.5
15861,562.2
15862,416.2
15863,425.7
15864,414.9
15865,425.6
15866,415.7
15867,425.3
15868,416.1
15869,554.8
15870,502.8
15871,1039.9
15872,1736.3
15873,1884
15874,1925.8
15875,2275.9
15876,2719.8
15877,2595.5
15878,1723.1
15879,1661.3
15880,2140.8
15881,1367.7
15882,1131.3
15883,868
15884,950.1
15885,563.3
15886,417.4
15887,425.4
15888,416
15889,425.5
15890,416.8
15891,425.2
15892,417.1
15893,555.3
15894,503.8
15895,1039.5
15896,1740.8
15897,1888
15898,1930.3
15899,2280.1
15900,2725.7
15901,2601.1
15902,1726.5
15903,1664.7
15904,2145.3
15905,1370.4
15906,1133.4
15907,869.5
15908,951.8
15909,564
15910,417.8
15911,426.1
15912,416.3
15913,426.2
15914,417.1
15915,425.9
15916,417.4
15917,556.3
15918,504.3
15919,1042.6
15920,1744
15921,1892
15922,1933.6
15923,2285.6
15924,2731.4
15925,2606.7
15926,1729.6
15927,1669.3
15928,2148
15929,1373.1
15930,1135.3
15931,871.2
15932,953.5
15933,565.1
15934,417.4
15935,427.5
15936,415.9
15937,427.7
15938,416.7
15939,427.4
15940,417
15941,557.6
15942,509.3
15943,1041.7
15944,1748.4
15945,1893.7
15946,1937.5
15947,2292.5
15948,2736.9
15949,2612.4
15950,1731.3
15951,1673.4
15952,2151.4
15953,1376
15954,1137.3
15955,872.6
15956,955.1
15957,565.5
15958,420.7
15959,424.8
15960,416.9
15961,427.9
15962,415.6
15963,429.6
15964,415.8
15965,559.3
15966,516.2
15967,680.2
15968,867.3
15969,1141
15970,1049
15971,1220.9
15972,1101.8
15973,1049.3
15974,872.7
15975,782.4
15976,825
15977,511.1
15978,516.6
15979,512.7
15980,509.6
15981,602.7
15982,420.2
15983,427.8
15984,374.3
15985,382.5
15986,375.5
15987,380.6
15988,377.1
15989,512.4
15990,378.9
15991,371.5
15992,385.8
15993,373
15994,383.2
15995,461.3
15996,472.6
15997,600.4
15998,468.5
15999,379.9
16000,379
16001,372.3
16002,384.8
16003,373.8
16004,382.9
16005,505.5
16006,385.8
16007,374.9
16008,425.7
16009,420.5
16010,426.7
16011,420.7
16012,426.4
16013,551.5
16014,518.2
16015,1042.9
16016,1760.8
16017,1903.6
16018,1950
16019,2309
16020,2753.1
16021,2628.8
16022,1741.7
16023,1684
16024,2172.1
16025,1376.8
16026,1152.7
16027,877.5
16028,961.3
16029,559.1
16030,430.9
16031,419.3
16032,428
16033,416.8
16034,431.6
16035,417
16036,431.4
16037,558.5
16038,511.4
16039,1044.1
16040,1764.6
16041,1910.9
16042,1959.3
16043,2306.8
16044,2762.2
16045,2635.4
16046,1747.9
16047,1686
16048,2172.8
16049,1386.8
16050,1146.4
16051,879
16052,962.4
16053,569.6
16054,419.9
16055,430.4
16056,418
16057,430.9
16058,418.8
16059,430.6
16060,419
16061,562.3
16062,517.9
16063,1047.6
16064,1768.3
16065,1912
16066,1957.8
16067,2319.4
16068,2765.5
16069,2640.4
16070,1749.3
16071,1691
16072,2178.1
16073,1386.1
16074,1152.2
16075,882.8
16076,966.7
16077,560.3
16078,432.8
16079,418.5
16080,430.4
16081,419.3
16082,430.9
16083,419.5
16084,431.6
16085,551.1
16086,522.6
16087,1048.5
16088,1772
16089,1916.6
16090,1968.3
16091,2317.3
16092,2774.6
16093,2647.2
16094,1755.1
16095,1693.3
16096,2182.9
16097,1392.5
16098,1150.9
16099,882.2
16100,966
16101,571.6
16102,420.8
16103,432.1
16104,419.2
16105,431.9
16106,419.9
16107,431.7
16108,420.1
16109,563.8
16110,519.4
16111,1051.6
16112,1775.8
16113,1920.2
16114,1966.1
16115,2329.7
16116,2776.8
16117,2653
16118,1756.6
16119,1698.1
16120,2190.2
16121,1388.8
16122,1161.8
16123,884
16124,968.6
16125,563.7
16126,431.7
16127,426.5
16128,425.1
16129,424.4
16130,428.3
16131,418.8
16132,433.9
16133,562.2
16134,513.9
16135,698.7
16136,878.4
16137,1146.7
16138,1067
16139,1243.9
16140,1108.2
16141,1063.8
16142,885.4
16143,788.8
16144,835.7
16145,527.2
16146,519.6
16147,512.4
16148,521.2
16149,607.1
16150,428.2
16151,427.4
16152,381.3
16153,374.9
16154,388
16155,376.3
16156,387.1
16157,510.1
16158,388.8
16159,377.3
16160,385.3
16161,378.7
16162,377.2
16163,473.9
16164,475.2
16165,601.1
16166,480.5
16167,377.5
16168,386.1
16169,377.5
16170,385
16171,378.9
16172,376.3
16173,520.1
16174,381.7
16175,383.5
16176,419.3
16177,434.1
16178,420.7
16179,433.7
16180,420.9
16181,433.6
16182,563.1
16183,516.8
16184,1056.4
16185,1787.2
16186,1937.6
16187,1983.2
16188,2340.1
16189,2799.6
16190,2671.5
16191,1768.3
16192,1708.9
16193,2199
16194,1404
16195,1158.9
16196,890.1
16197,979.5
16198,568
16199,434.2
16200,422.3
16201,432.6
16202,423
16203,432.7
16204,423.2
16205,433.1
16206,556.3
16207,525.9
16208,1058.9
16209,1791.2
16210,1937.4
16211,1990.3
16212,2343.5
16213,2806.6
16214,2677.6
16215,1774.5
16216,1712.7
16217,2203.4
16218,1407.7
16219,1161.6
16220,890.2
16221,976.5
16222,575.4
16223,433.8
16224,424.2
16225,432.3
16226,424.9
16227,432.2
16228,425.1
16229,432
16230,558.5
16231,526.2
16232,1061.4
16233,1795.2
16234,1940.6
16235,1993.4
16236,2350.3
16237,2812.4
16238,2683.8
16239,1779.1
16240,1716
16241,2209.3
16242,1410.4
16243,1164.1
16244,892.2
16245,977.1
16246,577.7
16247,433.8
16248,425.3
16249,432.3
16250,426
16251,432.2
16252,426.1
16253,432.1
16254,559.9
16255,526.1
16256,1063.5
16257,1799
16258,1945
16259,1997.2
16260,2356.2
16261,2818.6
16262,2690
16263,1783.1
16264,1719.9
16265,2214
16266,1413.4
16267,1166.5
16268,893.6
16269,979.2
16270,578.5
16271,434.7
16272,425.6
16273,433.2
16274,426.3
16275,433.1
16276,426.4
16277,433
16278,560.5
16279,527.3
16280,1065.7
16281,1803.1
16282,1949.2
16283,2002.8
16284,2360.3
16285,2826.1
16286,2696.3
16287,1786.3
16288,1723.9
16289,2218.2
16290,1416.7
16291,1168.6
16292,895.4
16293,985.6
16294,574.5
16295,437.1
16296,425
16297,389.4
16298,380.8
16299,387
16300,382.2
16301,377.4
16302,525.9
16303,381.3
16304,389.9
16305,378.2
16306,390.5
16307,379.5
16308,479.4
16309,470.7
16310,616.9
16311,481.8
16312,382.8
16313,380.5
16314,387.7
16315,377.9
16316,391
16317,379.2
16318,524.7
16319,380.9
16320,389.8
16321,380.5
16322,387.8
16323,381.8
16324,387.6
16325,383.2
16326,523.3
16327,384.8
16328,383.4
16329,386.5
16330,378.2
16331,390.6
16332,469.3
16333,483
16334,615.5
16335,475.8
16336,390.6
16337,382.2
16338,386.3
16339,383.7
16340,377.9
16341,391.7
16342,513.9
16343,394.7
16344,378.6
16345,436.2
16346,425.5
16347,437.1
16348,425.6
16349,437.1
16350,565
16351,527
16352,1071.6
16353,1814.8
16354,1967.8
16355,2014.1
16356,2378.9
16357,2845.1
16358,2713.1
16359,1795.3
16360,1735.3
16361,2239.7
16362,1418
16363,1185.9
16364,901.2
16365,987.2
16366,579.2
16367,430.3
16368,435.3
16369,428.8
16370,436
16371,428.8
16372,435.9
16373,428.8
16374,572.4
16375,519.5
16376,1081.7
16377,1818.6
16378,1969.2
16379,2014.6
16380,2387.9
16381,2848.2
16382,2719.8
16383,1801.3
16384,1739.3
16385,2244.4
16386,1428
16387,1179.3
16388,902.5
16389,988.6
16390,581.8
16391,432.4
16392,433.2
16393,430.7
16394,434.1
16395,430.5
16396,434.2
16397,430.3
16398,570.1
16399,531
16400,1076.6
16401,1823
16402,1971.1
16403,2025.4
16404,2387.7
16405,2859.6
16406,2728
16407,1804.3
16408,1742.9
16409,2245.9
16410,1428.7
16411,1186.6
16412,907.6
16413,991.7
16414,572.9
16415,441.3
16416,429.2
16417,436.6
16418,429.9
16419,436.5
16420,430
16421,436.4
16422,573.1
16423,523
16424,1079
16425,1829.5
16426,1981.5
16427,2024
16428,2398.6
16429,2861.6
16430,2731.7
16431,1808.2
16432,1747.2
16433,2256.1
16434,1434.1
16435,1184.3
16436,906.1
16437,992.6
16438,584.5
16439,431.2
16440,436.6
16441,429.9
16442,437.2
16443,430
16444,437
16445,430.1
16446,573.3
16447,532.7
16448,1081
16449,1831.1
16450,1979.9
16451,2035.1
16452,2398.8
16453,2872.9
16454,2740.8
16455,1811.3
16456,1750.6
16457,2258.1
16458,1432.5
16459,1195.2
16460,908.2
16461,995.3
16462,582.9
16463,433.3
16464,436.1
16465,431.6
16466,436.7
16467,431.6
16468,436.8
16469,431.5
16470,575.8
16471,523.1
16472,716.8
16473,902.1
16474,1185.8
16475,1097.3
16476,1275
16477,1148.8
16478,1093.8
16479,908.2
16480,813.4
16481,857.8
16482,530.9
16483,529
16484,531.4
16485,522.6
16486,625
16487,440.4
16488,431.4
16489,389
16490,388.1
16491,381.3
16492,394.3
16493,382.5
16494,531.5
16495,384.1
16496,394.3
16497,383
16498,392.8
16499,384.3
16500,483.9
16501,477.2
16502,624.6
16503,486.5
16504,387.6
16505,380.9
16506,395.2
16507,382.2
16508,393.9
16509,383.4
16510,530.9
16511,385
16512,393.2
16513,430.2
16514,440.1
16515,430.9
16516,440.2
16517,430.9
16518,578.8
16519,529.9
16520,1090.9
16521,1843.5
16522,1993.8
16523,2044.3
16524,2418.3
16525,2891.9
16526,2760.2
16527,1825.2
16528,1761.7
16529,2272.7
16530,1443.5
16531,1201.5
16532,914.2
16533,1001.6
16534,583.9
16535,437
16536,438.1
16537,433.7
16538,438.4
16539,433.7
16540,438.3
16541,433.6
16542,578.4
16543,525.8
16544,1096.1
16545,1848.3
16546,2000.1
16547,2046.4
16548,2426.4
16549,2896.1
16550,2766.7
16551,1831.4
16552,1766.2
16553,2275
16554,1449.4
16555,1199
16556,919
16557,1005
16558,577.9
16559,445.4
16560,428.7
16561,444.1
16562,430.6
16563,442.8
16564,433.6
16565,439.8
16566,578.8
16567,527.8
16568,1093.6
16569,1856.9
16570,2004.3
16571,2051.1
16572,2431.8
16573,2901.7
16574,2773.3
16575,1835.8
16576,1770.4
16577,2279.8
16578,1453.5
16579,1200
16580,920.2
16581,1008.9
16582,579.3
16583,445.7
16584,429.7
16585,398.1
16586,383.9
16587,396.5
16588,385
16589,394.5
16590,524.7
16591,397.1
16592,385.5
16593,393.9
16594,386.6
16595,392.3
16596,480.3
16597,488.2
16598,618.9
16599,493.4
16600,384.5
16601,396.9
16602,384.2
16603,395
16604,385.4
16605,394
16606,525.1
16607,397.3
16608,385.8
16609,441.1
16610,433.9
16611,442
16612,433.7
16613,442.1
16614,572.4
16615,539.5
16616,1096
16617,1859.6
16618,2017.2
16619,2064
16620,2442.2
16621,2915.7
16622,2782.6
16623,1844.4
16624,1777.4
16625,2294.5
16626,1459.3
16627,1203.2
16628,919.9
16629,1014.1
16630,586.7
16631,444.6
16632,432.6
16633,443.5
16634,433.1
16635,443.8
16636,432.9
16637,444.5
16638,575.5
16639,537.7
16640,724.8
16641,914.7
16642,1197.3
16643,1116.6
16644,1296.1
16645,1157.4
16646,1116.6
16647,921.1
16648,823.8
16649,869.7
16650,532.7
16651,539.7
16652,536.4
16653,529.5
16654,631.6
16655,437.3
16656,442.4
16657,385
16658,398.5
16659,385.4
16660,397.3
16661,386.5
16662,536.8
16663,388
16664,396.9
16665,386.8
16666,395.5
16667,388
16668,488.4
16669,482.5
16670,631.9
16671,490.7
16672,391.7
16673,384.2
16674,398.6
16675,385.4
16676,397.3
16677,386.5
16678,536.8
16679,388
16680,396.9
16681,434
16682,444.7
16683,434.6
16684,444.8
16685,434.4
16686,585.7
16687,538.9
16688,1103.9
16689,1872.1
16690,2024.9
16691,2081.2
16692,2455.4
16693,2940.7
16694,2802.5
16695,1851.5
16696,1789.4
16697,2314.3
16698,1468.2
16699,1211.7
16700,925.5
16701,1014.5
16702,595.2
16703,445
16704,436.3
16705,443.8
16706,436.7
16707,444
16708,436.5
16709,444.2
16710,576.5
16711,542.6
16712,1104.9
16713,1876
16714,2035.8
16715,2081.8
16716,2465
16717,2942
16718,2810.7
16719,1860.2
16720,1795
16721,2311.4
16722,1471.7
16723,1217.2
16724,932.2
16725,1017.8
16726,587.3
16727,446.4
16728,442.1
16729,438.9
16730,443
16731,438.7
16732,443.6
16733,438.5
16734,585.9
16735,532.4
16736,1115
16737,1881.7
16738,2033.8
16739,2086.4
16740,2468.5
16741,2954.2
16742,2817.9
16743,1860
16744,1796.6
16745,2325.2
16746,1471.2
16747,1219.9
16748,929.1
16749,1018.7
16750,596.8
16751,439
16752,444.3
16753,439.5
16754,442.9
16755,442.3
16756,440.4
16757,444.1
16758,579.7
16759,543.5
16760,1109.7
16761,1884.3
16762,2043.1
16763,2092.7
16764,2475.5
16765,2956.1
16766,2823.2
16767,1868.4
16768,1803.4
16769,2321.7
16770,1477.6
16771,1223.3
16772,934.8
16773,1021.9
16774,592.3
16775,444.2
16776,444
16777,439.6
16778,444.2
16779,439.4
16780,444.6
16781,439.1
16782,588.3
16783,533.5
16784,1121
16785,1888.9
16786,2043.3
16787,2096.8
16788,2478.6
16789,2968.4
16790,2829.1
16791,1867.8
16792,1805
16793,2335.1
16794,1480.7
16795,1221.3
16796,932.6
16797,1023.8
16798,598.2
16799,448.3
16800,437.7
16801,447.1
16802,438
16803,447.9
16804,437.7
16805,447.3
16806,579.1
16807,546.7
16808,734
16809,927
16810,1214.6
16811,1133.5
16812,1314
16813,1176.8
16814,1130
16815,933.2
16816,834.6
16817,881.3
16818,544.7
16819,538.6
16820,543.4
16821,533.5
16822,639.6
16823,449.8
16824,438.5
16825,399.3
16826,391.4
16827,397
16828,392.7
16829,387.6
16830,543.9
16831,398.3
16832,393.7
16833,387.7
16834,401.4
16835,388.7
16836,495.7
16837,487.1
16838,637.9
16839,498.8
16840,391
16841,400
16842,390.5
16843,398.3
16844,391.6
16845,394.9
16846,536.6
16847,400.6
16848,391.7
16849,446
16850,440.8
16851,447.1
16852,440.5
16853,447.4
16854,582.5
16855,547.2
16856,1118.2
16857,1900.6
16858,2063.9
16859,2108.3
16860,2498.2
16861,2983.3
16862,2851.2
16863,1883.1
16864,1816.9
16865,2347.7
16866,1484.6
16867,1237.1
16868,938.3
16869,1028.9
16870,601
16871,439.6
16872,450.1
16873,437.9
16874,450.5
16875,437.6
16876,451.1
16877,439.2
16878,592.5
16879,547.7
16880,1120.9
16881,1904.8
16882,2065.2
16883,2115.8
16884,2503.8
16885,2988.9
16886,2857.2
16887,1888.7
16888,1820.9
16889,2351.1
16890,1488.4
16891,1240.5
16892,940.1
16893,1031
16894,601.9
16895,441.1
16896,449.8
16897,439.3
16898,450.7
16899,439
16900,451.5
16901,438.7
16902,594.7
16903,547.4
16904,1123.2
16905,1909
16906,2068.2
16907,2121.6
16908,2509.1
16909,2995.7
16910,2863
16911,1893.2
16912,1824.8
16913,2356
16914,1491.8
16915,1242.9
16916,941.9
16917,1033
16918,602.7
16919,441.7
16920,450.4
16921,439.9
16922,451.3
16923,439.6
16924,452.1
16925,439.2
16926,595.6
16927,548.2
16928,1125.4
16929,1913
16930,2073
16931,2125.8
16932,2514.8
16933,3002.2
16934,2870
16935,1896.6
16936,1828.6
16937,2362.2
16938,1493.8
16939,1245.5
16940,943.6
16941,1034.8
16942,603.7
16943,441.5
16944,452.1
16945,439.6
16946,452.2
16947,439.3
16948,452.9
16949,441.1
16950,594.8
16951,549.9
16952,1127.4
16953,1916.9
16954,2079.5
16955,2128.5
16956,2520.2
16957,3009.8
16958,2876.9
16959,1898.8
16960,1831.7
16961,2370.4
16962,1498.3
16963,1243.8
16964,945.1
16965,1036.6
16966,605.6
16967,448.6
16968,445.6
16969,449.6
16970,443.8
16971,450
16972,443.4
16973,450.3
16974,587
16975,551.4
16976,742.5
16977,939.3
16978,1232
16979,1146.7
16980,1334.9
16981,1192.8
16982,1145.9
16983,945.5
16984,845.6
16985,892.4
16986,553.1
16987,541.4
16988,549.6
16989,541
16990,644.6
16991,454.6
16992,441.5
16993,403.3
16994,393.5
16995,402
16996,394.5
16997,400.9
16998,539.8
16999,404.6
17000,394.4
17001,401
17002,395.3
17003,393.5
17004,498.3
17005,500.2
17006,636.7
17007,505.5
17008,392.3
17009,405.2
17010,391.7
17011,403.6
17012,392.7
17013,402.8
17014,538
17015,406
17016,392.6
17017,452
17018,442.3
17019,454.1
17020,441.9
17021,453.5
17022,596.1
17023,544.7
17024,1133.9
17025,1934.3
17026,2090.6
17027,2140.7
17028,2534.8
17029,3035.7
17030,2891.2
17031,1909.5
17032,1846.9
17033,2381.3
17034,1511.9
17035,1249.6
17036,954.9
17037,1043.7
17038,606.1
17039,447.5
17040,450.9
17041,445.2
17042,451.7
17043,444.8
17044,452
17045,444.4
17046,599
17047,548
17048,1139.8
17049,1933.2
17050,2092.2
17051,2150.4
17052,2541.4
17053,3035.9
17054,2901.3
17055,1916.3
17056,1847.6
17057,2389
17058,1510.4
17059,1254.6
17060,952
17061,1044.4
17062,609.3
17063,451.5
17064,447.3
17065,452
17066,445.9
17067,452.4
17068,445.5
17069,452.8
17070,590.4
17071,554.9
17072,1137.7
17073,1938.4
17074,2103
17075,2147.6
17076,2547.2
17077,3047.5
17078,2905.6
17079,1915.5
17080,1853.6
17081,2394
17082,1517.9
17083,1251.4
17084,959.3
17085,1049.3
17086,602.5
17087,454.2
17088,452
17089,447.2
17090,451.9
17091,446.7
17092,453
17093,446.3
17094,600.5
17095,545.3
17096,1148.4
17097,1941.2
17098,2100.1
17099,2159.9
17100,2551.8
17101,3049
17102,2913.8
17103,1923.3
17104,1855.7
17105,2399.9
17106,1517.2
17107,1257.6
17108,955.4
17109,1048
17110,610.9
17111,455.1
17112,446
17113,454
17114,446.1
17115,454.4
17116,445.7
17117,455.6
17118,591.2
17119,557.2
17120,1141.7
17121,1948.8
17122,2109.8
17123,2157.6
17124,2556.7
17125,3062
17126,2915.6
17127,1926.6
17128,1862.4
17129,2400.2
17130,1522.9
17131,1263.9
17132,957.9
17133,1050.7
17134,610.5
17135,447.7
17136,454.8
17137,445.7
17138,455.8
17139,445.3
17140,456.3
17141,444.8
17142,604.2
17143,555.5
17144,748.4
17145,953.6
17146,1249.7
17147,1154.6
17148,1360.2
17149,1205.4
17150,1163.9
17151,958
17152,855.6
17153,903.9
17154,554.7
17155,551.4
17156,554.8
17157,544.6
17158,654.1
17159,458.5
17160,445.9
17161,407.7
17162,397
17163,404.9
17164,397.9
17165,403.8
17166,545.5
17167,407.7
17168,397.6
17169,404.2
17170,398.4
17171,397.7
17172,501.9
17173,505.2
17174,643.5
17175,510.5
17176,395.1
17177,408.9
17178,394.4
17179,407.9
17180,395.3
17181,407.6
17182,542.8
17183,410.8
17184,394.9
17185,456.6
17186,445.3
17187,458.4
17188,444.8
17189,458.9
17190,602.8
17191,548.9
17192,1154
17193,1959.9
17194,2117.5
17195,2176.4
17196,2571.6
17197,3076.3
17198,2937.1
17199,1939.5
17200,1870.4
17201,2419.6
17202,1529.5
17203,1266.3
17204,962.2
17205,1055.5
17206,615.2
17207,457.9
17208,447.6
17209,456.8
17210,447.6
17211,457
17212,447.1
17213,457.8
17214,601.7
17215,552.8
17216,1150.2
17217,1966.5
17218,2124.3
17219,2177.9
17220,2577.4
17221,3084.7
17222,2941.3
17223,1945.3
17224,1873.1
17225,2423.1
17226,1531.4
17227,1271.5
17228,963.8
17229,1057.6
17230,614.7
17231,457.6
17232,449.1
17233,456.5
17234,449.1
17235,457
17236,448.6
17237,457.7
17238,595.7
17239,561
17240,1152.1
17241,1968.8
17242,2129.4
17243,2181.6
17244,2582.8
17245,3091.9
17246,2946.5
17247,1948.9
17248,1877.5
17249,2427.4
17250,1534.1
17251,1274.6
17252,965.5
17253,1059.5
17254,616.4
17255,458
17256,449.9
17257,456.9
17258,449.8
17259,457.4
17260,449.3
17261,458
17262,596.6
17263,561.7
17264,1154.2
17265,1972.5
17266,2134.2
17267,2185.3
17268,2588
17269,3097.8
17270,2952.8
17271,1953
17272,1880.8
17273,2432.5
17274,1537.5
17275,1275.4
17276,967.1
17277,1061.2
17278,617.2
17279,459.1
17280,449.7
17281,458.1
17282,449.7
17283,458.6
17284,449.1
17285,458.7
17286,599.3
17287,560.3
17288,1155.9
17289,1978
17290,2136.8
17291,2191
17292,2592.8
17293,3102.5
17294,2960.2
17295,1955.2
17296,1884.2
17297,2439.2
17298,1541.8
17299,1274
17300,968.6
17301,1065.2
17302,616.5
17303,461
17304,448.8
17305,459.7
17306,448.8
17307,460.1
17308,448.2
17309,460.9
17310,607.3
17311,553.2
17312,760
17313,962.4
17314,1272.9
17315,1171.2
17316,1372.7
17317,1225.6
17318,1168.6
17319,971
17320,866.1
17321,916.9
17322,561.8
17323,560.6
17324,557.6
17325,554
17326,659.9
17327,451.3
17328,460.8
17329,398.2
17330,410.4
17331,398.2
17332,410.1
17333,399
17334,559.3
17335,400.2
17336,411
17337,398.5
17338,409.8
17339,399.3
17340,509.1
17341,499.7
17342,661
17343,513.2
17344,400.6
17345,409.1
17346,399.8
17347,408.2
17348,400.6
17349,407.3
17350,550.3
17351,411.3
17352,400.1
17353,408.3
17354,401.3
17355,407.4
17356,402.1
17357,400.1
17358,558
17359,410.5
17360,401.6
17361,406.8
17362,402.7
17363,399.2
17364,510.3
17365,510.2
17366,651.3
17367,515.6
17368,398.6
17369,412.4
17370,397.8
17371,411.5
17372,398.5
17373,410.5
17374,548.5
17375,414.6
17376,398
17377,461.7
17378,449.1
17379,463.1
17380,455.1
17381,457
17382,610.4
17383,554.1
17384,1173.7
17385,1986.7
17386,2149.3
17387,2211.6
17388,2613.6
17389,3124.5
17390,2985.6
17391,1964.4
17392,1899.7
17393,2456.3
17394,1555.1
17395,1285.5
17396,978.7
17397,1071.2
17398,620.4
17399,454.1
17400,460.6
17401,451.8
17402,461.6
17403,451.2
17404,462.2
17405,450.5
17406,613.2
17407,563.9
17408,1166.9
17409,1989.5
17410,2162.5
17411,2206.4
17412,2618.3
17413,3136.3
17414,2985.6
17415,1974.5
17416,1903.4
17417,2459.8
17418,1554.5
17419,1288.6
17420,976.6
17421,1071.8
17422,622.9
17423,462.9
17424,452.2
17425,462.5
17426,452.1
17427,462.1
17428,451.4
17429,462.7
17430,611
17431,557.4
17432,1171.2
17433,1999.1
17434,2157.7
17435,2219.1
17436,2622.3
17437,3135.4
17438,2997.4
17439,1972.4
17440,1904.3
17441,2467.2
17442,1560.5
17443,1287.8
17444,983.6
17445,1074.9
17446,621.3
17447,455.8
17448,461
17449,453.3
17450,462.2
17451,452.6
17452,462.8
17453,451.9
17454,614.7
17455,565.2
17456,1170.8
17457,1996.6
17458,2170
17459,2214.4
17460,2627.7
17461,3148.1
17462,2996.5
17463,1982.2
17464,1909.1
17465,2469.8
17466,1560.8
17467,1290.7
17468,979.5
17469,1077.7
17470,622.1
17471,464.4
17472,452.2
17473,464.3
17474,452.1
17475,464
17476,451.4
17477,465
17478,612.9
17479,557.7
17480,768
17481,972.9
17482,1288.9
17483,1184.1
17484,1392.9
17485,1236.4
17486,1185.7
17487,985.4
17488,875.4
17489,924.6
17490,560.8
17491,567.1
17492,564.3
17493,556
17494,667.5
17495,465.5
17496,453.9
17497,412.1
17498,403.2
17499,410.5
17500,404
17501,409.4
17502,555.9
17503,413.8
17504,403.3
17505,410.5
17506,404
17507,409.3
17508,505.6
17509,514.5
17510,662.4
17511,513.2
17512,411.7
17513,405.1
17514,408
17515,406.3
17516,399.8
17517,414.4
17518,561.7
17519,407.6
17520,407.9
17521,413.1
17522,400.6
17523,414.4
17524,401.3
17525,413.1
17526,553.3
17527,417.7
17528,400.6
17529,414.4
17530,401.3
17531,413
17532,502.8
17533,517.3
17534,666.7
17535,508.1
17536,415
17537,402.3
17538,412.5
17539,403
17540,411.8
17541,403.7
17542,564.2
17543,404.8
17544,412.6
17545,453.9
17546,464.8
17547,454
17548,465.4
17549,453.3
17550,617.8
17551,568.5
17552,1178.2
17553,2010.6
17554,2184.9
17555,2232.3
17556,2647.4
17557,3168.4
17558,3021.8
17559,1993.4
17560,1920.6
17561,2489.8
17562,1573.4
17563,1294.8
17564,990
17565,1088.1
17566,620.5
17567,464.2
17568,461.9
17569,457.3
17570,463.7
17571,456.5
17572,464
17573,455.8
17574,617.7
17575,567.7
17576,1180.7
17577,2014
17578,2187.6
17579,2235
17580,2651
17581,3176.3
17582,3024.7
17583,1998.7
17584,1924.7
17585,2493.2
17586,1575.7
17587,1297.4
17588,986.6
17589,1093.6
17590,617.8
17591,469.1
17592,458
17593,462.6
17594,462.7
17595,458.3
17596,463
17597,457.6
17598,617.9
17599,561.9
17600,1188.6
17601,2017.4
17602,2188.8
17603,2240.9
17604,2655.3
17605,3180.8
17606,3029.2
17607,2002.5
17608,1928.5
17609,2496.7
17610,1577.6
17611,1300.7
17612,988.3
17613,1092.8
17614,621.1
17615,468.8
17616,453.7
17617,467.9
17618,460.3
17619,461.8
17620,463.3
17621,458.7
17622,618.3
17623,560
17624,1192.8
17625,2020.8
17626,2191.4
17627,2245.5
17628,2659.7
17629,3185.7
17630,3034.3
17631,2005.6
17632,1932.1
17633,2500.5
17634,1580
17635,1303
17636,989.7
17637,1094.1
17638,622
17639,469.2
17640,454.2
17641,468.4
17642,460.7
17643,462.2
17644,463.7
17645,459.2
17646,619
17647,560.6
17648,1194.5
17649,2023.9
17650,2195.1
17651,2248.8
17652,2663.9
17653,3191.2
17654,3039.4
17655,2009
17656,1934.2
17657,2505.3
17658,1583
17659,1303.4
17660,990.8
17661,1098.1
17662,620.2
17663,470.5
17664,458
17665,465.4
17666,464.1
17667,459.7
17668,464.4
17669,458.9
17670,620.1
17671,564.4
17672,772.9
17673,988
17674,1302.2
17675,1197.5
17676,1411
17677,1252.3
17678,1205.7
17679,991
17680,885.6
17681,934.8
17682,576.6
17683,560.1
17684,572.2
17685,570.8
17686,671.7
17687,463.3
17688,464.3
17689,408.3
17690,413.1
17691,408.1
17692,411.2
17693,409.1
17694,567.2
17695,409.7
17696,412.1
17697,407.8
17698,411.9
17699,408.5
17700,515.6
17701,511.5
17702,673.3
17703,519.3
17704,410
17705,406.5
17706,413.2
17707,403.1
17708,417
17709,403.7
17710,570.8
17711,412.1
17712,410.5
17713,461.7
17714,462.7
17715,466.1
17716,459.3
17717,466.7
17718,612.1
17719,574.6
17720,1189.3
17721,2039.9
17722,2203
17723,2263.5
17724,2676.6
17725,3201.6
17726,3057.5
17727,2011.7
17728,1948.2
17729,2513.6
17730,1587
17731,1317.5
17732,995.3
17733,1092.8
17734,632.9
17735,469.2
17736,458.3
17737,468
17738,457.9
17739,469.5
17740,457.1
17741,469.5
17742,621.1
17743,565.2
17744,1198.4
17745,2038
17746,2205.6
17747,2265.4
17748,2680.5
17749,3210
17750,3058.5
17751,2020.9
17752,1946.9
17753,2520.4
17754,1592.4
17755,1310.8
17756,996.1
17757,1104.2
17758,622.8
17759,472.5
17760,464.5
17761,462.4
17762,466.3
17763,461.1
17764,467.1
17765,460.2
17766,623.1
17767,570.7
17768,1196.2
17769,2038.8
17770,2214.8
17771,2262.3
17772,2686
17773,3215.3
17774,3065.9
17775,2020.5
17776,1947.9
17777,2524.4
17778,1594.8
17779,1316.6
17780,1002.4
17781,1096.9
17782,632.6
17783,461.1
17784,468.7
17785,458.4
17786,469.9
17787,457.6
17788,470.3
17789,461
17790,620.9
17791,575.3
17792,1194.5
17793,2045.1
17794,2215.8
17795,2271.1
17796,2689
17797,3216.1
17798,3072.6
17799,2018.9
17800,1956.6
17801,2525.3
17802,1593.5
17803,1323.9
17804,999.2
17805,1097.1
17806,634.7
17807,470.3
17808,459.7
17809,469.7
17810,459.3
17811,470
17812,458.4
17813,470.5
17814,623.1
17815,567
17816,1203.2
17817,2046.6
17818,2215.5
17819,2274.5
17820,2692
17821,3224.9
17822,3072.3
17823,2029.6
17824,1953.6
17825,2531.5
17826,1598.8
17827,1315.3
17828,1004.8
17829,1104.4
17830,631.2
17831,466.1
17832,467.6
17833,461.5
17834,468.6
17835,460.6
17836,469.5
17837,459.7
17838,625.7
17839,575.6
17840,781.3
17841,994.4
17842,1308.4
17843,1216.8
17844,1416.9
17845,1271.8
17846,1209
17847,999.7
17848,892.8
17849,942.8
17850,582.3
17851,574.6
17852,564.1
17853,576.9
17854,678.3
17855,462.1
17856,470.8
17857,406.5
17858,418.6
17859,406.3
17860,418.5
17861,406.8
17862,573.6
17863,408.6
17864,419.3
17865,405.8
17866,418.6
17867,406.3
17868,522.3
17869,520.9
17870,669.8
17871,526.7
17872,406.9
17873,419.6
17874,405.8
17875,418.9
17876,406.3
17877,418.1
17878,562.4
17879,422
17880,405.3
17881,419.8
17882,406.2
17883,419
17884,406.7
17885,418.7
17886,562.4
17887,422.9
17888,405.6
17889,419.8
17890,406.2
17891,418.9
17892,510.2
17893,525.4
17894,678.6
17895,515.2
17896,420
17897,406.5
17898,418.9
17899,407.1
17900,418.2
17901,407.6
17902,573.9
17903,408.6
17904,418.9
17905,458.7
17906,472.2
17907,463.2
17908,468.4
17909,469.2
17910,618
17911,578.6
17912,1201.5
17913,2061.3
17914,2228.1
17915,2288.6
17916,2706.8
17917,3239.6
17918,3090.8
17919,2037.7
17920,1967.4
17921,2543.9
17922,1607.1
17923,1323.4
17924,1004.5
17925,1113.7
17926,627.2
17927,475.4
17928,467.9
17929,464.5
17930,468.7
17931,463.5
17932,469.6
17933,462.5
17934,627.6
17935,576.7
17936,1204.5
17937,2057.6
17938,2236.8
17939,2284.9
17940,2712
17941,3243.7
17942,3098.8
17943,2035.9
17944,1969.4
17945,2546.5
17946,1607.4
17947,1333.3
17948,1006.4
17949,1105.1
17950,638
17951,472.4
17952,462.3
17953,471.3
17954,461.7
17955,472
17956,460.8
17957,472.6
17958,626.7
17959,570.2
17960,1212.2
17961,2062
17962,2233.8
17963,2290.4
17964,2714.2
17965,3251.9
17966,3098.3
17967,2042.9
17968,1967.5
17969,2552.5
17970,1611
17971,1331
17972,1010.6
17973,1107.2
17974,638.1
17975,463.4
17976,472.6
17977,460.5
17978,473.5
17979,465.5
17980,468.3
17981,470.4
17982,619.5
17983,580.1
17984,1205.5
17985,2069.5
17986,2234.8
17987,2297.3
17988,2717.5
17989,3252.9
17990,3101.4
17991,2047.5
17992,1971.7
17993,2554.5
17994,1613.3
17995,1326.5
17996,1012.8
17997,1113.3
17998,637.1
17999,467
18000,470.6
18001,463.7
18002,471.6
18003,462.8
18004,472.5
18005,461.8
18006,630.4
18007,579.1
18008,787.5
18009,1001.7
18010,1318.7
18011,1228.1
18012,1427.1
18013,1282.7
18014,1218.1
18015,1007.2
18016,901.3
18017,955.1
18018,578.9
18019,579.2
18020,577
18021,570.5
18022,683.4
18023,474.1
18024,464.1
18025,418.7
18026,411.3
18027,417.2
18028,411.8
18029,412.7
18030,572.2
18031,421.1
18032,410.6
18033,418
18034,411.1
18035,417.4
18036,515.9
18037,526.2
18038,681.6
18039,520.8
18040,419.2
18041,411.2
18042,417.1
18043,411.7
18044,416.9
18045,412.2
18046,575.5
18047,413.2
18048,417.5
18049,463.5
18050,472.3
18051,463.4
18052,473.1
18053,462.5
18054,631.5
18055,580.1
18056,1210.1
18057,2071.3
18058,2247.4
18059,2303.1
18060,2727.5
18061,3262.8
18062,3114.9
18063,2050.6
18064,1982
18065,2562.3
18066,1618.1
18067,1332.5
18068,1010.7
18069,1120.8
18070,630.3
18071,477.6
18072,470.3
18073,466.1
18074,471.3
18075,465.1
18076,472
18077,464.2
18078,631
18079,579.7
18080,1211.8
18081,2071.6
18082,2252.4
18083,2302.8
18084,2731
18085,3266.6
18086,3119.8
18087,2050.6
18088,1986.2
18089,2563.6
18090,1618.8
18091,1336.5
18092,1012
18093,1119.9
18094,633.1
18095,477.2
18096,463.1
18097,474
18098,471
18099,466.3
18100,471.8
18101,465.4
18102,631.1
18103,579.4
18104,1213.8
18105,2073.9
18106,2254
18107,2304.6
18108,2734.2
18109,3270.3
18110,3124
18111,2051.6
18112,1989
18113,2565.9
18114,1620
18115,1339.1
18116,1013
18117,1119.2
18118,635.7
18119,476.9
18120,461.8
18121,476
18122,470.8
18123,467.2
18124,471.4
18125,466.1
18126,631.4
18127,576.2
18128,1218.2
18129,2076.1
18130,2256.8
18131,2305.8
18132,2737.1
18133,3273.8
18134,3127.5
18135,2053.4
18136,1990.2
18137,2569.4
18138,1621.5
18139,1340.5
18140,1013.9
18141,1120.1
18142,636.3
18143,477.2
18144,462.1
18145,476.3
18146,471.1
18147,467.5
18148,471.7
18149,466.4
18150,631.9
18151,576.8
18152,1219.2
18153,2078.1
18154,2259
18155,2309.7
18156,2738.5
18157,3277.1
18158,3130.4
18159,2055.9
18160,1992.2
18161,2571.8
18162,1623.4
18163,1340.8
18164,1014.7
18165,1122.6
18166,634.9
18167,478.1
18168,463.2
18169,475.7
18170,471.9
18171,467.2
18172,472.7
18173,466.2
18174,632.5
18175,581
18176,785.5
18177,1015.2
18178,1328.8
18179,1232.3
18180,1441
18181,1290.7
18182,1226.6
18183,1014.3
18184,905
18185,957.9
18186,587.1
18187,581.5
18188,578.9
18189,574.9
18190,687
18191,470.7
18192,471.6
18193,418.5
18194,414.6
18195,411.9
18196,419.8
18197,409
18198,580.8
18199,422.1
18200,412.9
18201,419
18202,413.4
18203,415.7
18204,521.4
18205,528.1
18206,685
18207,524.1
18208,420.8
18209,413.3
18210,418.2
18211,413.7
18212,418.1
18213,414.2
18214,578.3
18215,415.1
18216,419.3
18217,465.7
18218,474.2
18219,465.6
18220,475.1
18221,464.6
18222,634.6
18223,583
18224,1217.8
18225,2086.1
18226,2263
18227,2319.6
18228,2746.4
18229,3286.7
18230,3135.2
18231,2068.2
18232,1992.6
18233,2581.3
18234,1628.7
18235,1339.9
18236,1026
18237,1119.4
18238,642.9
18239,468.3
18240,474.7
18241,465.2
18242,475.9
18243,464.2
18244,476.4
18245,466.8
18246,631.5
18247,584.3
18248,1218.2
18249,2091.2
18250,2261.8
18251,2322.7
18252,2747
18253,3292.3
18254,3137.6
18255,2069.9
18256,1992.7
18257,2582.6
18258,1631.2
18259,1346.6
18260,1021.5
18261,1119.5
18262,644.1
18263,466.5
18264,476.4
18265,466.6
18266,474.3
18267,473.8
18268,467.3
18269,474.7
18270,624.3
18271,585.7
18272,1219.5
18273,2095.7
18274,2260.9
18275,2324.3
18276,2749.9
18277,3296.2
18278,3141.2
18279,2068.8
18280,1993
18281,2586.6
18282,1631.5
18283,1350.7
18284,1019.5
18285,1119.7
18286,645.4
18287,476.3
18288,467
18289,475.2
18290,466.2
18291,475.7
18292,465.1
18293,476.5
18294,633.4
18295,576
18296,1228.6
18297,2090
18298,2266.9
18299,2321.6
18300,2753.9
18301,3297.1
18302,3146.9
18303,2067.1
18304,2000.2
18305,2586.6
18306,1630.8
18307,1350.6
18308,1019.7
18309,1124
18310,641.9
18311,479.1
18312,464.5
18313,477.7
18314,468
18315,474.2
18316,474.2
18317,468.6
18318,634.6
18319,577.3
18320,1227.8
18321,2090.5
18322,2272.6
18323,2322.7
18324,2756.8
18325,3297.8
18326,3148.6
18327,2070.6
18328,2002.9
18329,2588.6
18330,1634.7
18331,1343.8
18332,1022.3
18333,1129.1
18334,641.1
18335,473.8
18336,474.4
18337,467.8
18338,475.4
18339,466.8
18340,476.3
18341,465.7
18342,636.6
18343,584.7
18344,796
18345,1013.4
18346,1334.7
18347,1243
18348,1446.3
18349,1297.3
18350,1232.4
18351,1025.8
18352,912.6
18353,961.7
18354,579.5
18355,585.6
18356,583.3
18357,573.6
18358,691
18359,479.8
18360,465.5
18361,423.9
18362,411.7
18363,423.5
18364,412.1
18365,422.1
18366,571.1
18367,427.2
18368,410.7
18369,424.1
18370,411.2
18371,423.1
18372,517.3
18373,532.4
18374,689.2
18375,522.1
18376,426
18377,410.9
18378,423.6
18379,411.3
18380,423.5
18381,411.7
18382,582.4
18383,415.5
18384,421.7
18385,468.8
18386,473.3
18387,475.1
18388,468.1
18389,476
18390,625.7
18391,587.4
18392,1224.8
18393,2102.1
18394,2270.4
18395,2331.4
18396,2760
18397,3308.6
18398,3154.4
18399,2074.8
18400,2003.2
18401,2594.9
18402,1635.2
18403,1356.1
18404,1022.3
18405,1123.6
18406,647
18407,478.8
18408,466.3
18409,477.5
18410,465.4
18411,478.6
18412,472.2
18413,471.6
18414,635.4
18415,575.5
18416,1233.8
18417,2096.4
18418,2278.6
18419,2328.3
18420,2764.7
18421,3307.2
18422,3157.8
18423,2076
18424,2008.4
18425,2595.9
18426,1638.9
18427,1347.2
18428,1025.6
18429,1131.1
18430,644.4
18431,472.5
18432,475.3
18433,468.3
18434,476.4
18435,467.2
18436,477.3
18437,466.1
18438,637.7
18439,586.3
18440,1225
18441,2101.2
18442,2276.5
18443,2336
18444,2763.8
18445,3310.8
18446,3156.3
18447,2081.4
18448,2003.8
18449,2598.4
18450,1639.2
18451,1356.4
18452,1024.3
18453,1124.9
18454,647.5
18455,471.1
18456,475
18457,475.5
18458,468.8
18459,476.4
18460,467.7
18461,477
18462,634.5
18463,579.5
18464,1230.1
18465,2102.2
18466,2276.9
18467,2333.7
18468,2766.3
18469,3313.5
18470,3162
18471,2076.6
18472,2009.9
18473,2598.9
18474,1638.7
18475,1355.1
18476,1023.7
18477,1131.5
18478,641
18479,480.8
18480,465.1
18481,479.7
18482,474.7
18483,470.1
18484,475.5
18485,469
18486,637
18487,585.3
18488,1227.3
18489,2099.4
18490,2282.2
18491,2336
18492,2769
18493,3312.9
18494,3160.6
18495,2083.9
18496,2007
18497,2602
18498,1640.8
18499,1351.7
18500,1030.8
18501,1126.8
18502,647
18503,469.5
18504,477.9
18505,466.3
18506,478.6
18507,470.3
18508,474.5
18509,476
18510,628.1
18511,588
18512,799.5
18513,1016.4
18514,1346.7
18515,1241.5
18516,1459
18517,1294.4
18518,1246.5
18519,1024.1
18520,913
18521,964.8
18522,591
18523,575.5
18524,586.6
18525,585.6
18526,691
18527,473.7
18528,476.2
18529,416
18530,421.3
18531,415.5
18532,420.4
18533,416
18534,582.3
18535,416.8
18536,422.5
18537,414.5
18538,421.5
18539,414.9
18540,529.3
18541,521.8
18542,692.8
18543,534.9
18544,414.8
18545,423
18546,413.5
18547,423.9
18548,413.9
18549,422.6
18550,573.6
18551,426.7
18552,412.5
18553,477.5
18554,466.2
18555,479.6
18556,474.1
18557,471.5
18558,637
18559,576.6
18560,1237.5
18561,2102.9
18562,2285.8
18563,2336.3
18564,2773.5
18565,3317.9
18566,3167
18567,2084.3
18568,2012.8
18569,2605.1
18570,1642.9
18571,1350.5
18572,1034.4
18573,1129.1
18574,647.3
18575,471
18576,477.5
18577,467.7
18578,478.5
18579,466.6
18580,479.1
18581,471.4
18582,633.5
18583,588
18584,1227.7
18585,2110.5
18586,2279.9
18587,2343
18588,2771.8
18589,3322.7
18590,3166.6
18591,2084.6
18592,2009.8
18593,2606.2
18594,1643
18595,1361
18596,1026.1
18597,1127.2
18598,649.5
18599,480
18600,467.8
18601,478.9
18602,466.8
18603,479.5
18604,468.2
18605,478
18606,637.2
18607,577.3
18608,1238.1
18609,2104.5
18610,2286.9
18611,2338.2
18612,2775.8
18613,3320.6
18614,3169.6
18615,2085.6
18616,2014.6
18617,2606.4
18618,1644.8
18619,1351.5
18620,1034.8
18621,1130.2
18622,647.7
18623,471.3
18624,477.7
18625,468
18626,478.7
18627,466.9
18628,479.2
18629,471.3
18630,634.2
18631,588.5
18632,1228.5
18633,2112
18634,2281.5
18635,2344.6
18636,2773.8
18637,3325.1
18638,3169
18639,2085.1
18640,2012.3
18641,2608
18642,1643.8
18643,1362
18644,1026.7
18645,1128
18646,649.9
18647,480.4
18648,467.8
18649,479
18650,466.8
18651,479.9
18652,473.6
18653,472.9
18654,637.6
18655,577.3
18656,1239
18657,2105.8
18658,2289
18659,2339.7
18660,2777.5
18661,3322.8
18662,3171.3
18663,2087.8
18664,2015.1
18665,2608.8
18666,1645.2
18667,1353.5
18668,1035.1
18669,1129.9
18670,648.3
18671,470.9
18672,478.3
18673,467.6
18674,480
18675,468.1
18676,479
18677,476.3
18678,629.9
18679,588.7
18680,800.9
18681,1018.9
18682,1348.8
18683,1245.5
18684,1462.5
18685,1297.6
18686,1249.1
18687,1026.7
18688,914.7
18689,967.3
18690,592.1
18691,576.7
18692,587.7
18693,586.7
18694,692.4
18695,474.5
18696,477.1
18697,416.6
18698,422
18699,416.1
18700,421
18701,416.5
18702,583.3
18703,417.3
18704,423.1
18705,415
18706,422.2
18707,415.4
18708,530.3
18709,522.5
18710,693.9
18711,535.4
18712,415.2
18713,423.8
18714,413.9
18715,423.8
18716,414.3
18717,423.4
18718,574.3
18719,427.9
18720,412.8
18721,424.5
18722,413.3
18723,424.9
18724,413.7
18725,423.7
18726,573.7
18727,428.9
18728,412.2
18729,425.8
18730,412.6
18731,425.1
18732,519.6
18733,534.9
18734,692.8
18735,525.7
18736,426.6
18737,412
18738,425.7
18739,412.4
18740,425.2
18741,412.8
18742,586.1
18743,423.3
18744,417.4
18745,475.6
18746,470.4
18747,477.5
18748,469.2
18749,478.5
18750,634.9
18751,583.1
18752,1234.3
18753,2112.1
18754,2286.1
18755,2343.4
18756,2778.9
18757,3327.2
18758,3176.4
18759,2084.3
18760,2020.4
18761,2609.6
18762,1646.6
18763,1357.2
18764,1027.3
18765,1139.2
18766,640.8
18767,481.4
18768,476
18769,470.8
18770,476.8
18771,469.7
18772,478
18773,468.5
18774,639.4
18775,587.6
18776,1230.7
18777,2110.1
18778,2288.9
18779,2347.4
18780,2777.6
18781,3327.5
18782,3172.5
18783,2091.1
18784,2013.4
18785,2611.3
18786,1646.9
18787,1362.9
18788,1028.4
18789,1129.7
18790,650
18791,479.2
18792,470
18793,477.8
18794,468.9
18795,478.4
18796,467.8
18797,479.3
18798,637.6
18799,579.6
18800,1239.4
18801,2108.5
18802,2289.1
18803,2341.8
18804,2781.1
18805,3326.8
18806,3176.8
18807,2087.1
18808,2020
18809,2610.7
18810,1647.6
18811,1354.1
18812,1032.3
18813,1135.4
18814,648
18815,472.9
18816,477.3
18817,469.2
18818,478.5
18819,468.1
18820,479.4
18821,467
18822,640.1
18823,588.4
18824,1230.4
18825,2113.6
18826,2286.2
18827,2347.9
18828,2777.9
18829,3329.9
18830,3173.4
18831,2089.4
18832,2013.8
18833,2612.1
18834,1646.6
18835,1363.8
18836,1028.1
18837,1129.4
18838,650.6
18839,481.2
18840,468.4
18841,479.7
18842,467.3
18843,480.2
18844,472.7
18845,474.6
18846,638.1
18847,577.9
18848,802
18849,1022.6
18850,1351.2
18851,1244.6
18852,1462.4
18853,1306.7
18854,1242.5
18855,1026
18856,915.4
18857,970.2
18858,591.6
18859,587.3
18860,585.3
18861,579.5
18862,694.4
18863,480.2
18864,470.4
18865,423.4
18866,415.9
18867,422.1
18868,416.3
18869,421.4
18870,576.8
18871,426.4
18872,414.8
18873,423.3
18874,415.1
18875,422.9
18876,522.1
18877,533.4
18878,692.3
18879,526.8
18880,425.6
18881,414.6
18882,423.5
18883,415
18884,422.8
18885,415.4
18886,584.4
18887,416.2
18888,424.6
18889,467.2
18890,479.4
18891,467
18892,480.3
18893,475.8
18894,631
18895,589
18896,1230
18897,2115.8
18898,2283.9
18899,2348.1
18900,2777.8
18901,3330
18902,3174.5
18903,2088
18904,2015.9
18905,2611.6
18906,1645.1
18907,1363.5
18908,1027.9
18909,1132.7
18910,646.9
18911,482
18912,467.3
18913,480.1
18914,472.5
18915,474.7
18916,476.2
18917,470.9
18918,638.6
18919,582.5
18920,1235.6
18921,2107.7
18922,2291.6
18923,2344
18924,2780.2
18925,3326.4
18926,3173.2
18927,2092.5
18928,2014.8
18929,2611.5
18930,1647
18931,1358.7
18932,1032.4
18933,1130.4
18934,649.4
18935,469.8
18936,479.5
18937,469.9
18938,476.9
18939,476.8
18940,470.1
18941,477.7
18942,628.7
18943,589.9
18944,1231.9
18945,2114.7
18946,2285
18947,2345
18948,2777.8
18949,3328.8
18950,3175.9
18951,2085.5
18952,2018.9
18953,2610.3
18954,1646
18955,1359.2
18956,1027.4
18957,1138.7
18958,639.9
18959,482.6
18960,475.7
18961,471.3
18962,476.3
18963,470.1
18964,477.6
18965,469
18966,639.3
18967,587.1
18968,1230.8
18969,2108.5
18970,2289.7
18971,2346
18972,2778.1
18973,3326.1
18974,3171.9
18975,2091.8
18976,2013.3
18977,2610.8
18978,1646.7
18979,1362.4
18980,1028.5
18981,1129.7
18982,649.8
18983,475.2
18984,473.8
18985,477
18986,469.6
18987,477.9
18988,468.5
18989,478.7
18990,637.1
18991,580.3
18992,1236.4
18993,2109.6
18994,2289
18995,2339.4
18996,2779.2
18997,3325.7
18998,3176.2
18999,2084.4
19000,2020.3
19001,2608.8
19002,1646.9
19003,1355.3
19004,1027.9
19005,1138.4
19006,643.6
19007,477.7
19008,476.4
19009,470
19010,477.3
19011,468.9
19012,478.3
19013,467.8
19014,639.9
19015,587.7
19016,800.6
19017,1019.6
19018,1343.3
19019,1251.4
19020,1457
19021,1303.9
19022,1241.4
19023,1033.9
19024,915.5
19025,967.6
19026,587.1
19027,583
19028,586.8
19029,583.5
19030,687
19031,483.1
19032,466.3
19033,427.3
19034,411.8
19035,426
19036,412.1
19037,425.6
19038,582.2
19039,419.6
19040,420.5
19041,417.3
19042,417.7
19043,420.1
19044,529.1
19045,524.8
19046,692.9
19047,533.8
19048,417.5
19049,421.7
19050,416.2
19051,418.8
19052,418.8
19053,414.6
19054,582.4
19055,425.5
19056,415.1
19057,476.5
19058,468.7
19059,478
19060,467.6
19061,478.8
19062,637.2
19063,579.3
19064,1237.9
19065,2106.1
19066,2286
19067,2339
19068,2777.9
19069,3322.8
19070,3173.6
19071,2083.8
19072,2018.5
19073,2606.9
19074,1646
19075,1353.4
19076,1028.7
19077,1136.4
19078,645.7
19079,474.8
19080,476.8
19081,469.4
19082,477.5
19083,468.3
19084,478.4
19085,467.2
19086,639.3
19087,587.9
19088,1228.9
19089,2108.9
19090,2284.2
19091,2344.3
19092,2773.7
19093,3323.5
19094,3168.1
19095,2087.6
19096,2010.6
19097,2607.7
19098,1644.7
19099,1361.3
19100,1027.1
19101,1128.3
19102,649.1
19103,479
19104,469.3
19105,477.6
19106,468.1
19107,478.4
19108,467
19109,479.3
19110,636.7
19111,578.5
19112,1237.5
19113,2104.6
19114,2285.2
19115,2337.4
19116,2775.9
19117,3320.5
19118,3171
19119,2083
19120,2016.7
19121,2605.5
19122,1645.1
19123,1352
19124,1029
19125,1135
19126,647
19127,472.9
19128,476.3
19129,469
19130,477.4
19131,467.9
19132,478.3
19133,466.8
19134,638.9
19135,587.6
19136,1228
19137,2107.7
19138,2282.3
19139,2342.6
19140,2771.7
19141,3321.1
19142,3165.7
19143,2086.1
19144,2009.1
19145,2605.8
19146,1643.5
19147,1360.3
19148,1026.5
19149,1127.5
19150,649.1
19151,478.7
19152,469.2
19153,477.2
19154,468
19155,477.9
19156,466.9
19157,478.8
19158,636.3
19159,578.4
19160,1236.5
19161,2102.3
19162,2283.8
19163,2334.8
19164,2774.4
19165,3317.8
19166,3168.9
19167,2080.7
19168,2015.8
19169,2603
19170,1643.9
19171,1351.7
19172,1026.5
19173,1135.7
19174,643.2
19175,476.4
19176,476
19177,469.2
19178,476.7
19179,468.1
19180,477.7
19181,467
19182,638.2
19183,586.7
19184,799.1
19185,1017.5
19186,1340.3
19187,1248.6
19188,1453.3
19189,1301.6
19190,1237.9
19191,1032.3
19192,913.6
19193,965.6
19194,583.9
19195,584.4
19196,585.7
19197,579.5
19198,688.8
19199,481.8
19200,466
19201,426.2
19202,411.6
19203,424.9
19204,412
19205,584.4
19206,422.1
19207,417.1
19208,413.1
19209,423.5
19210,411
19211,531.8
19212,529.9
19213,682.2
19214,535.5
19215,422.2
19216,416.1
19217,415.1
19218,420.9
19219,412.8
19220,424.3
19221,582.2
19222,417.3
19223,421.5
19224,468.2
19225,476.5
19226,467.8
19227,477.1
19228,466.8
19229,638.1
19230,585.6
19231,1226.3
19232,2101.7
19233,2280.2
19234,2337.5
19235,2767.2
19236,3313.4
19237,3159.5
19238,2084.3
19239,2005.9
19240,2600.9
19241,1640.8
19242,1356.3
19243,1026.4
19244,1126.1
19245,647.5
19246,468.9
19247,478.7
19248,475
19249,469.5
19250,476
19251,468.1
19252,477.5
19253,629.5
19254,584.7
19255,1228.5
19256,2103.9
19257,2275.2
19258,2334.2
19259,2765.2
19260,3313.8
19261,3161
19262,2077
19263,2008.7
19264,2598.7
19265,1638.1
19266,1356.1
19267,1023.7
19268,1129.6
19269,643
19270,480.4
19271,465.5
19272,479.1
19273,473.5
19274,470.6
19275,474.4
19276,469.1
19277,636.3
19278,581.6
19279,1228.6
19280,2097
19281,2279.9
19282,2331.4
19283,2765.7
19284,3310
19285,3156.4
19286,2079.6
19287,2006.9
19288,2598.1
19289,1638.8
19290,1347.5
19291,1032.1
19292,1126
19293,646.1
19294,470.2
19295,476.7
19296,466.8
19297,477.4
19298,465.5
19299,478
19300,469.7
19301,632.3
19302,586.8
19303,1223.6
19304,2102.4
19305,2272.1
19306,2334.4
19307,2761.6
19308,3309.7
19309,3154.2
19310,2078.3
19311,2002.1
19312,2596.5
19313,1638
19314,1355.8
19315,1023.3
19316,1123.9
19317,647.3
19318,477.5
19319,468.3
19320,476.1
19321,467.1
19322,476.4
19323,466
19324,477.3
19325,634.7
19326,577.1
19327,1231.7
19328,2095.5
19329,2273.4
19330,2327.5
19331,2762.1
19332,3305.8
19333,3156.4
19334,2071.8
19335,2007.1
19336,2593.4
19337,1635.9
19338,1351.7
19339,1021.8
19340,1130.7
19341,638.7
19342,480.5
19343,469.8
19344,473.6
19345,474.4
19346,468.9
19347,475.2
19348,467.8
19349,635.6
19350,583.8
19351,791.1
19352,1019.2
19353,1336.4
19354,1241.9
19355,1447.2
19356,1298.6
19357,1233.2
19358,1019.9
19359,911.7
19360,967
19361,583.9
19362,584.7
19363,582.5
19364,575.7
19365,690.8
19366,478.7
19367,467.5
19368,422.4
19369,413.3
19370,420.9
19371,413.8
19372,420.4
19373,572.6
19374,424.5
19375,412.4
19376,422.4
19377,412.8
19378,421.4
19379,518.9
19380,530.8
19381,688.2
19382,523.5
19383,424.1
19384,412.6
19385,421.8
19386,413
19387,421.2
19388,413.4
19389,581.1
19390,414.3
19391,422.8
19392,464.9
19393,476.8
19394,464.5
19395,477.5
19396,470.8
19397,629.3
19398,585.4
19399,1220.5
19400,2096.8
19401,2265.8
19402,2327.9
19403,2753.9
19404,3299.9
19405,3144.9
19406,2073.2
19407,1996.8
19408,2589.2
19409,1633.7
19410,1352.1
19411,1021
19412,1121.3
19413,645.8
19414,471.3
19415,472.6
19416,474.4
19417,467.2
19418,475.1
19419,466.2
19420,475.6
19421,632.3
19422,577.5
19423,1224.4
19424,2093.1
19425,2264.7
19426,2323.1
19427,2751.6
19428,3298.2
19429,3145
19430,2068.3
19431,1997.4
19432,2586.6
19433,1630.7
19434,1352.2
19435,1019.6
19436,1119.9
19437,646.1
19438,478.5
19439,465.6
19440,477.1
19441,464.3
19442,477.1
19443,464.5
19444,476.7
19445,633.3
19446,574
19447,1228.6
19448,2087.2
19449,2267.3
19450,2317.5
19451,2752.4
19452,3292
19453,3145
19454,2063.9
19455,2000.8
19456,2583.3
19457,1630.2
19458,1346.3
19459,1018.5
19460,1127.5
19461,636.3
19462,479.5
19463,469.9
19464,471.3
19465,473.1
19466,467.7
19467,474
19468,466.7
19469,633.8
19470,582.2
19471,1219.3
19472,2084.9
19473,2266.9
19474,2318.1
19475,2749.2
19476,3288.8
19477,3139.5
19478,2066.1
19479,1997.1
19480,2582.2
19481,1630.3
19482,1340
19483,1021
19484,1126.1
19485,640.2
19486,472.7
19487,473.9
19488,466.8
19489,474.2
19490,465.5
19491,475
19492,464.5
19493,634.5
19494,582.9
19495,1217.5
19496,2085.7
19497,2262.6
19498,2319.1
19499,2745.9
19500,3285.9
19501,3134.6
19502,2067.7
19503,1992.2
19504,2580.8
19505,1628.4
19506,1339.5
19507,1025.9
19508,1119.2
19509,642.8
19510,468.3
19511,474.6
19512,465
19513,475.2
19514,463.7
19515,475.8
19516,465.4
19517,631.5
19518,583.3
19519,793.2
19520,1007.9
19521,1330.2
19522,1236.5
19523,1441.7
19524,1288.3
19525,1227.9
19526,1022.8
19527,906.1
19528,957.5
19529,579.4
19530,580.9
19531,581.6
19532,574
19533,685.3
19534,479.3
19535,463.5
19536,423.6
19537,409.6
19538,421.4
19539,410.1
19540,421.8
19541,567.9
19542,426
19543,408.8
19544,422.9
19545,409.3
19546,422.3
19547,514.7
19548,530.2
19549,685.7
19550,519.6
19551,424.7
19552,409
19553,422.1
19554,409.6
19555,422
19556,410.1
19557,579.6
19558,413.5
19559,420.6
19560,465.6
19561,471.9
19562,472.5
19563,465.8
19564,473.3
19565,622
19566,583.7
19567,1214.1
19568,2085.8
19569,2250.5
19570,2313.8
19571,2736.9
19572,3280
19573,3125.3
19574,2060.6
19575,1984.9
19576,2573.5
19577,1623.7
19578,1344.5
19579,1016.2
19580,1115.4
19581,642.3
19582,464.9
19583,475.9
19584,469.4
19585,468.5
19586,472.5
19587,465.2
19588,473.3
19589,621.3
19590,583.5
19591,1213.8
19592,2083.4
19593,2248.1
19594,2311.1
19595,2734.1
19596,3276.8
19597,3122.1
19598,2058.5
19599,1982.9
19600,2570.9
19601,1622.7
19602,1342.4
19603,1015.5
19604,1114.4
19605,641.8
19606,464.7
19607,475.4
19608,467.9
19609,469.3
19610,472.1
19611,465
19612,472.9
19613,620.9
19614,583
19615,1212.2
19616,2081.7
19617,2245.5
19618,2308.4
19619,2731.2
19620,3273.9
19621,3118.6
19622,2056.9
19623,1981.1
19624,2568.2
19625,1621.1
19626,1340.9
19627,1014.5
19628,1113.6
19629,641.3
19630,464.9
19631,474.8
19632,463.6
19633,473.6
19634,471.1
19635,465.5
19636,472.1
19637,621
19638,582.3
19639,1210.1
19640,2079.8
19641,2243.5
19642,2307
19643,2728.5
19644,3268.7
19645,3115
19646,2055.8
19647,1979.1
19648,2565.5
19649,1619.4
19650,1338.1
19651,1014.8
19652,1112.9
19653,640.2
19654,465.6
19655,473.7
19656,462.4
19657,474.2
19658,462.8
19659,473.6
19660,470.6
19661,621.8
19662,581.1
19663,1209.1
19664,2075.3
19665,2243.4
19666,2304.2
19667,2725.6
19668,3263.5
19669,3111.4
19670,2054.5
19671,1977.9
19672,2562.7
19673,1617.6
19674,1330.1
19675,1018.8
19676,1113.8
19677,639
19678,466.8
19679,472.3
19680,463.5
19681,472.6
19682,462.2
19683,473.4
19684,461.3
19685,630.6
19686,580.1
19687,788.3
19688,1002.3
19689,1319.4
19690,1229.5
19691,1428.7
19692,1283.5
19693,1218.8
19694,1011.4
19695,902.6
19696,954.8
19697,575.7
19698,579.7
19699,577.8
19700,569.9
19701,684.2
19702,475.2
19703,463.4
19704,419.7
19705,410
19706,417.9
19707,410.5
19708,417.4
19709,567.1
19710,421.3
19711,409.3
19712,418.6
19713,409.9
19714,417.9
19715,514.6
19716,526
19717,681.1
19718,519.4
19719,420.2
19720,410
19721,417.9
19722,410.5
19723,417.5
19724,410.6
19725,575.8
19726,411.4
19727,419.1
19728,461.4
19729,472.5
19730,461
19731,473.1
19732,460.1
19733,630.1
19734,578.8
19735,1205.8
19736,2066.5
19737,2237.3
19738,2294.6
19739,2717.1
19740,3250.2
19741,3103.1
19742,2042.6
19743,1975.8
19744,2551.7
19745,1611.7
19746,1329.4
19747,1007.7
19748,1116.2
19749,629.7
19750,476
19751,466.1
19752,467.9
19753,469.7
19754,464.2
19755,469.8
19756,463.2
19757,627.9
19758,576
19759,1206.4
19760,2059.6
19761,2238.8
19762,2287.1
19763,2714.1
19764,3247.2
19765,3101.6
19766,2038
19767,1971
19768,2549.2
19769,1608.9
19770,1334
19771,1007.7
19772,1106.1
19773,638.4
19774,472.7
19775,462.6
19776,471.2
19777,461.3
19778,471.5
19779,460.4
19780,472.1
19781,626.1
19782,569.6
19783,1211.2
19784,2058.2
19785,2230.1
19786,2288.1
19787,2708.2
19788,3247.9
19789,3093
19790,2039.8
19791,1966.1
19792,2546.7
19793,1609.6
19794,1327.2
19795,1010.9
19796,1105.9
19797,636.9
19798,463.6
19799,471.6
19800,460.4
19801,471.9
19802,459.4
19803,472.6
19804,466.5
19805,620.4
19806,578.3
19807,1200.9
19808,2060
19809,2228.6
19810,2287.5
19811,2706.2
19812,3237.9
19813,3090.7
19814,2035.8
19815,1968.1
19816,2542.3
19817,1605.9
19818,1324.9
19819,1004.1
19820,1112.3
19821,628.8
19822,474.7
19823,458.7
19824,473.2
19825,467.6
19826,463.4
19827,468.4
19828,462.4
19829,625.8
19830,571.3
19831,1205.2
19832,2052
19833,2229.6
19834,2277.3
19835,2704.4
19836,3236
19837,3088.1
19838,2032
19839,1960.6
19840,2540.8
19841,1604.8
19842,1329.1
19843,1004.3
19844,1102.7
19845,636.9
19846,463.3
19847,469.9
19848,468.3
19849,462.2
19850,468.9
19851,461.2
19852,469.6
19853,615.1
19854,578.2
19855,783.1
19856,994.2
19857,1315.9
19858,1213.1
19859,1424.1
19860,1265.7
19861,1212.9
19862,1006.3
19863,893.9
19864,944.4
19865,573.8
19866,572.9
19867,575.4
19868,567.1
19869,677.5
19870,474.2
19871,459.1
19872,419
19873,406.2
19874,418.3
19875,406.8
19876,416.6
19877,561.9
19878,421.4
19879,405.8
19880,417.6
19881,406.3
19882,417.5
19883,510
19884,523.8
19885,676.9
19886,515.1
19887,419.5
19888,406.7
19889,417.2
19890,407.3
19891,416.5
19892,407.9
19893,572.2
19894,408.9
19895,417.6
19896,458.4
19897,470.1
19898,458
19899,470.4
19900,460.2
19901,622.6
19902,575.6
19903,1195.7
19904,2047.1
19905,2218.4
19906,2273.5
19907,2692
19908,3219.7
19909,3075.9
19910,2021.3
19911,1958.8
19912,2528
19913,1595.4
19914,1324.6
19915,1000.1
19916,1098.1
19917,635.5
19918,470.9
19919,459.8
19920,469.1
19921,458.5
19922,469.7
19923,457.6
19924,470.5
19925,622.2
19926,566
19927,1202.2
19928,2042.4
19929,2211.8
19930,2270.4
19931,2687.3
19932,3219.1
19933,3066.8
19934,2026.4
19935,1950.3
19936,2527.2
19937,1596.1
19938,1313.4
19939,1001.6
19940,1104.1
19941,627.4
19942,468.8
19943,466.3
19944,461
19945,466.8
19946,459.8
19947,467.8
19948,458.9
19949,623.4
19950,573
19951,1193
19952,2038.3
19953,2215.3
19954,2262.2
19955,2685
19956,3212.6
19957,3066.3
19958,2018.4
19959,1946.9
19960,2522.7
19961,1595.2
19962,1319.6
19963,999.1
19964,1096.3
19965,633.1
19966,459.9
19967,470.3
19968,456.9
19969,469.8
19970,461.7
19971,464.2
19972,466.3
19973,613.4
19974,574.4
19975,1190.2
19976,2040.9
19977,2207.1
19978,2265
19979,2679.8
19980,3205.2
19981,3062
19982,2012.7
19983,1950.4
19984,2516.9
19985,1588.7
19986,1319.9
19987,996.4
19988,1094
19989,632.8
19990,469.7
19991,459.4
19992,467
19993,458.4
19994,467.4
19995,457.3
19996,468.3
19997,620.3
19998,565
19999,1194.3
20000,2036.2
20001,2200.5
20002,2262.4
20003,2674.7
20004,3203.8
20005,3053.8
20006,2015.2
20007,1945.2
20008,2514.9
20009,1587.5
20010,1311.7
20011,994.8
20012,1098.3
20013,626.4
20014,470.6
20015,456.4
20016,469.1
20017,455.5
20018,469
20019,464.5
20020,459.9
20021,620.6
20022,561.9
20023,777.3
20024,985.5
20025,1306.9
20026,1198.9
20027,1412.8
20028,1251.9
20029,1208.1
20030,992.5
20031,886.3
20032,935.8
20033,576.3
20034,561.1
20035,572.6
20036,570.4
20037,666
20038,470.4
20039,464.7
20040,408.7
20041,410.3
20042,409.1
20043,402.5
20044,416.8
20045,566.5
20046,409.8
20047,411.5
20048,407.9
20049,402.3
20050,417.1
20051,514.1
20052,511.9
20053,672.3
20054,514
20055,414.7
20056,402.5
20057,416.3
20058,403.2
20059,416.1
20060,403.8
20061,568.8
20062,404.9
20063,417
20064,453.9
20065,468.5
20066,463.6
20067,459.1
20068,464.3
20069,610.9
20070,571.9
20071,1183.7
20072,2028
20073,2194.4
20074,2250.1
20075,2663.3
20076,3184.9
20077,3044.2
20078,2001
20079,1935
20080,2502.3
20081,1582.9
20082,1311.4
20083,991.7
20084,1088.6
20085,629.6
20086,456.8
20087,468.4
20088,462.2
20089,459.7
20090,463.6
20091,458.1
20092,464.3
20093,609.6
20094,571.7
20095,1182.3
20096,2025.2
20097,2190.1
20098,2247.1
20099,2658.8
20100,3179.7
20101,3039.2
20102,1997.7
20103,1932.1
20104,2498.2
20105,1580.5
20106,1309.5
20107,990.3
20108,1087
20109,628.7
20110,456.7
20111,467
20112,461.5
20113,459.9
20114,463
20115,457.8
20116,463.7
20117,609.1
20118,570.9
20119,1180.6
20120,2024.1
20121,2184.6
20122,2242.9
20123,2654.5
20124,3173.6
20125,3034.9
20126,1995.2
20127,1927.7
20128,2495.4
20129,1578
20130,1307.1
20131,988.8
20132,1086.3
20133,628.1
20134,457
20135,466.2
20136,453.8
20137,466.7
20138,459.9
20139,460.1
20140,462.5
20141,609.2
20142,570.1
20143,1178.7
20144,2016.7
20145,2185.3
20146,2237.4
20147,2650.3
20148,3170
20149,3028.1
20150,1993.6
20151,1923.4
20152,2492.3
20153,1575.6
20154,1300.2
20155,992
20156,1084.6
20157,626.5
20158,457.8
20159,464.7
20160,454.9
20161,464.9
20162,453.7
20163,465.5
20164,453
20165,617.9
20166,568.3
20167,1177.8
20168,2009.7
20169,2184.8
20170,2230.7
20171,2646.3
20172,3167.3
20173,3020.4
20174,1992.8
20175,1920.7
20176,2488
20177,1572.8
20178,1294.4
20179,988.8
20180,1088.5
20181,619.1
20182,465.5
20183,462
20184,456.9
20185,462.2
20186,455.7
20187,462.4
20188,455
20189,615.9
20190,566.4
20191,761.6
20192,981.6
20193,1287.2
20194,1186.3
20195,1398.3
20196,1240.2
20197,1194.6
20198,982.6
20199,877.7
20200,926.7
20201,571.8
20202,556.3
20203,568.1
20204,566.4
20205,659.9
20206,467.5
20207,461.1
20208,406.5
20209,405.2
20210,408.9
20211,399.9
20212,414.1
20213,561.4
20214,407.8
20215,404.7
20216,409.5
20217,399.9
20218,413.9
20219,504.9
20220,513.5
20221,666.4
20222,506.2
20223,415.8
20224,400.7
20225,412.8
20226,401.4
20227,412.5
20228,402.1
20229,564.3
20230,403
20231,412.9
20232,451.6
20233,464.2
20234,451.2
20235,465
20236,455.3
20237,611.5
20238,566.1
20239,1171.6
20240,2000.8
20241,2172.9
20242,2219.4
20243,2632.3
20244,3150.8
20245,3003.9
20246,1983.4
20247,1911.1
20248,2475.2
20249,1565
20250,1288.7
20251,980.5
20252,1086.6
20253,614.6
20254,467
20255,450.7
20256,465.4
20257,459.4
20258,455.7
20259,460
20260,455
20261,612.9
20262,555
20263,1179.8
20264,1996.6
20265,2163.7
20266,2219.8
20267,2627.2
20268,3143.7
20269,2998.8
20270,1976.8
20271,1911.9
20272,2466.7
20273,1560.1
20274,1295.9
20275,979.5
20276,1075.8
20277,623.8
20278,455.7
20279,461.3
20280,460
20281,454.5
20282,460.4
20283,453.5
20284,461
20285,602.9
20286,566.5
20287,1167.8
20288,1997.7
20289,2161.4
20290,2214.9
20291,2622.2
20292,3136.8
20293,2995
20294,1974.7
20295,1904.3
20296,2466.4
20297,1559.8
20298,1284
20299,982
20300,1079.3
20301,613.2
20302,465.7
20303,459.1
20304,455
20305,458.8
20306,453.8
20307,460.2
20308,453.1
20309,611.7
20310,557.6
20311,1172
20312,1989.4
20313,2156.9
20314,2210.9
20315,2617.7
20316,3132.3
20317,2986.8
20318,1969.8
20319,1905.7
20320,2457.7
20321,1554.8
20322,1292
20323,976.9
20324,1072.1
20325,621.9
20326,452
20327,463.2
20328,457.4
20329,455.1
20330,458.6
20331,453.4
20332,459.1
20333,602.2
20334,564.4
20335,1163.6
20336,1989.2
20337,2155.3
20338,2205
20339,2612.7
20340,3127
20341,2981.9
20342,1969.1
20343,1898.2
20344,2457.4
20345,1553.6
20346,1281.2
20347,974.6
20348,1075.2
20349,616.2
20350,463.5
20351,450.5
20352,461.9
20353,448.8
20354,462.2
20355,448.2
20356,462.8
20357,609.1
20358,553.6
20359,762.6
20360,965.1
20361,1278
20362,1174.2
20363,1380.9
20364,1226
20365,1174.1
20366,978.4
20367,869.3
20368,917.3
20369,558.1
20370,562.7
20371,560.5
20372,553
20373,662.5
20374,461.8
20375,452.4
20376,408.3
20377,401.6
20378,400.1
20379,407.8
20380,397.3
20381,560.1
20382,408.9
20383,402.2
20384,398.8
20385,410.3
20386,397.5
20387,510.4
20388,508.6
20389,651.4
20390,514.2
20391,399.2
20392,411.2
20393,398.4
20394,409.7
20395,399.2
20396,408.7
20397,548.8
20398,412.9
20399,398.6
20400,459.6
20401,448.7
20402,460.4
20403,448.1
20404,460.9
20405,607.4
20406,552.8
20407,1166.1
20408,1976.1
20409,2137.4
20410,2198.4
20411,2596.7
20412,3104.8
20413,2968.2
20414,1955.7
20415,1887.1
20416,2443.7
20417,1546.1
20418,1273.2
20419,971.4
20420,1073
20421,608.3
20422,463.6
20423,453.4
20424,455.5
20425,455.9
20426,451.9
20427,456.4
20428,451.3
20429,607.1
20430,550
20431,1166
20432,1970.9
20433,2134.9
20434,2193.3
20435,2593.2
20436,3099.4
20437,2962.3
20438,1949.9
20439,1883.3
20440,2439.2
20441,1543.5
20442,1271.4
20443,976.3
20444,1064.8
20445,612.3
20446,457.2
20447,456.7
20448,451
20449,456.8
20450,449.5
20451,457.6
20452,448.9
20453,607.5
20454,555.9
20455,1156.9
20456,1967.9
20457,2132.2
20458,2187
20459,2588.1
20460,3094.5
20461,2955.6
20462,1945.8
20463,1880.7
20464,2433.8
20465,1540.9
20466,1270.9
20467,973.3
20468,1062.6
20469,615.1
20470,452.8
20471,456.8
20472,450
20473,456.6
20474,448.6
20475,457.3
20476,448.1
20477,606.5
20478,557.5
20479,1153.6
20480,1963.6
20481,2128.8
20482,2182.1
20483,2583
20484,3088.5
20485,2949.5
20486,1942
20487,1877.1
20488,2429
20489,1538
20490,1268.2
20491,972
20492,1060.8
20493,613.6
20494,452.7
20495,456.1
20496,449.4
20497,456
20498,448.3
20499,456.5
20500,447.8
20501,605.5
20502,556.7
20503,1151.2
20504,1960.3
20505,2123.9
20506,2178.6
20507,2577.9
20508,3081.4
20509,2944.4
20510,1938.5
20511,1872.6
20512,2425
20513,1534.9
20514,1263.7
20515,968.2
20516,1063
20517,606
20518,459.7
20519,454.6
20520,449.9
20521,454.8
20522,448.6
20523,455.3
20524,448.1
20525,604.5
20526,548.4
20527,752.3
20528,953.8
20529,1263
20530,1159.3
20531,1364
20532,1210.6
20533,1161.3
20534,966.3
20535,858.8
20536,906.7
20537,552.8
20538,557.3
20539,555.2
20540,548
20541,656
20542,457
20543,449.6
20544,404.1
20545,399.6
20546,393.6
20547,408.7
20548,394.5
20549,555
20550,400.3
20551,404.3
20552,394.3
20553,408.1
20554,395.1
20555,505
20556,500.5
20557,648.4
20558,508.3
20559,397.7
20560,405.8
20561,396.9
20562,404.6
20563,397.6
20564,403.9
20565,545.1
20566,408
20567,397.3
20568,454.2
20569,446.6
20570,454.9
20571,446.1
20572,455.4
20573,591.9
20574,558
20575,1143.5
20576,1953
20577,2112.9
20578,2162.3
20579,2561.2
20580,3067.3
20581,2920.3
20582,1931.6
20583,1865.8
20584,2404.1
20585,1524
20586,1266.4
20587,959.2
20588,1052.3
20589,612.2
20590,447.3
20591,456.3
20592,444.4
20593,456.3
20594,443.6
20595,456.6
20596,443.2
20597,602.9
20598,555.6
20599,1142.2
20600,1944.2
20601,2111
20602,2157.5
20603,2557
20604,3057.7
20605,2918.9
20606,1923.1
20607,1857.9
20608,2405.6
20609,1523.3
20610,1254.4
20611,963.3
20612,1053.5
20613,600.7
20614,459.2
20615,445.8
20616,454
20617,449.7
20618,449.1
20619,452.5
20620,446.5
20621,600.7
20622,543.7
20623,1149.2
20624,1940.9
20625,2099.7
20626,2159.9
20627,2549.5
20628,3049.4
20629,2911.9
20630,1924.4
20631,1854.7
20632,2397.9
20633,1516
20634,1259.6
20635,954.9
20636,1048.4
20637,611
20638,453.9
20639,447.1
20640,452.1
20641,446.1
20642,452.2
20643,445.5
20644,452.7
20645,590.9
20646,554.5
20647,1137.4
20648,1938.4
20649,2102.5
20650,2146.5
20651,2546.5
20652,3046.8
20653,2904.9
20654,1915.1
20655,1853
20656,2393.5
20657,1517.6
20658,1250.9
20659,959
20660,1049.4
20661,602
20662,454.4
20663,451.3
20664,446.5
20665,451.2
20666,445.4
20667,451.7
20668,445.2
20669,598.6
20670,542.4
20671,1144.9
20672,1932.9
20673,2090.9
20674,2151.1
20675,2538.9
20676,3036.5
20677,2899.2
20678,1917
20679,1847.2
20680,2386.9
20681,1509.2
20682,1256.8
20683,952.1
20684,1044.3
20685,609.1
20686,443.6
20687,455.3
20688,448.9
20689,447.3
20690,450
20691,445.6
20692,450.4
20693,589.8
20694,552.7
20695,744.8
20696,942.8
20697,1236.7
20698,1148.7
20699,1341.9
20700,1195.7
20701,1151.3
20702,948.8
20703,848.4
20704,895.4
20705,554.9
20706,542.9
20707,551.3
20708,541.8
20709,648.1
20710,455.5
20711,442.7
20712,403.8
20713,393.6
20714,401.8
20715,394.5
20716,400.5
20717,540
20718,404.2
20719,394.6
20720,400.7
20721,395.6
20722,398.1
20723,494.2
20724,499.8
20725,636.9
20726,505.1
20727,392.6
20728,405.1
20729,391.8
20730,403.9
20731,393
20732,403
20733,538.3
20734,405.9
20735,392.9
20736,451.3
20737,441.5
20738,452
20739,441.1
20740,452.3
20741,594.2
20742,543.4
20743,1128.4
20744,1925.9
20745,2082.1
20746,2130.1
20747,2523.6
20748,3021.5
20749,2879.3
20750,1898.6
20751,1838.4
20752,2373.6
20753,1505.4
20754,1239.8
20755,953.2
20756,1041.7
20757,595.4
20758,455.9
20759,441.2
20760,452
20761,446.6
20762,445.2
20763,448.2
20764,443.9
20765,594.6
20766,539.8
20767,1135.5
20768,1917.2
20769,2073.9
20770,2129.6
20771,2517
20772,3013.9
20773,2871
20774,1900.3
20775,1833
20776,2364.5
20777,1502.5
20778,1242
20779,949.5
20780,1037.5
20781,602.5
20782,446.1
20783,448.9
20784,442.9
20785,449.1
20786,442
20787,448.9
20788,441.6
20789,594.4
20790,541.6
20791,1130.7
20792,1912.8
20793,2069.1
20794,2127.7
20795,2511
20796,3005.3
20797,2865.2
20798,1898.7
20799,1828.4
20800,2358.1
20801,1498.6
20802,1242.4
20803,945.2
20804,1035.3
20805,602.1
20806,444.5
20807,448.7
20808,441.6
20809,448.8
20810,440.8
20811,449.5
20812,440.4
20813,593.8
20814,545.6
20815,1124
20816,1908.6
20817,2064.5
20818,2124
20819,2505.3
20820,2998.2
20821,2859.1
20822,1892.2
20823,1826.9
20824,2352.8
20825,1495.5
20826,1239.7
20827,943.6
20828,1033.3
20829,601.1
20830,443.9
20831,448.3
20832,441.4
20833,448
20834,440.3
20835,448.5
20836,440
20837,592.8
20838,541.2
20839,1125.1
20840,1904.6
20841,2060.2
20842,2118.7
20843,2499.8
20844,2992.2
20845,2852
20846,1887.5
20847,1824.3
20848,2347.1
20849,1493.4
20850,1234.1
20851,944.7
20852,1031.7
20853,596.7
20854,447.4
20855,446.8
20856,441.6
20857,446.2
20858,440.8
20859,447
20860,440.4
20861,591.7
20862,535.5
20863,737
20864,930.1
20865,1228.9
20866,1129.4
20867,1322.6
20868,1183.1
20869,1127.8
20870,936.1
20871,837.9
20872,884
20873,551.8
20874,543.7
20875,537
20876,545.9
20877,639.3
20878,443.9
20879,447.1
20880,392.8
20881,396.7
20882,392.9
20883,387.5
20884,401.9
20885,539.4
20886,396
20887,387.6
20888,401.8
20889,388.6
20890,400.6
20891,484.3
20892,497.6
20893,638.1
20894,489.7
20895,400.7
20896,390.9
20897,397.9
20898,391.9
20899,396.5
20900,393.1
20901,540.7
20902,394.6
20903,395.7
20904,441.1
20905,444.4
20906,440.6
20907,445
20908,440.2
20909,589
20910,534.9
20911,1121.3
20912,1893.7
20913,2047.3
20914,2099.9
20915,2483.7
20916,2974.6
20917,2835.1
20918,1871.4
20919,1808.4
20920,2339.6
20921,1483.4
20922,1223.6
20923,934.1
20924,1025.7
20925,599
20926,448.9
20927,438.4
20928,446.7
20929,437.7
20930,446.5
20931,437.3
20932,446.6
20933,578.1
20934,545.7
20935,1110.6
20936,1889.8
20937,2050.1
20938,2092.5
20939,2481
20940,2962.8
20941,2831
20942,1870.4
20943,1804.8
20944,2330.7
20945,1474.6
20946,1230.4
20947,932.8
20948,1022.8
20949,597.8
20950,438.6
20951,447.4
20952,436.3
20953,446.6
20954,435.4
20955,447.1
20956,435.2
20957,588.9
20958,542.3
20959,1109.9
20960,1883.9
20961,2038.1
20962,2096.2
20963,2471.9
20964,2958.2
20965,2820.2
20966,1865.4
20967,1802.8
20968,2325.3
20969,1477.7
20970,1217.7
20971,931.9
20972,1028.8
20973,587.8
20974,449.5
20975,435.1
20976,447.7
20977,434.3
20978,447.3
20979,434.4
20980,447.5
20981,585.2
20982,534.1
20983,1107.8
20984,1883.6
20985,2037.7
20986,2082.8
20987,2470.1
20988,2950.9
20989,2817.9
20990,1861
20991,1797
20992,2321.3
20993,1468.2
20994,1224.7
20995,928.8
20996,1019.1
20997,595.9
20998,437.2
20999,446.4
21000,434.8
21001,446.2
21002,434
21003,446.7
21004,433.6
21005,588.1
21006,540.6
21007,1105.4
21008,1875.7
21009,2028.9
21010,2087.2
21011,2460.3
21012,2945.4
21013,2807.5
21014,1855.3
21015,1794.8
21016,2317
21017,1471.1
21018,1213.2
21019,926.8
21020,1020.3
21021,592
21022,446.7
21023,435.3
21024,445.2
21025,434.9
21026,444.4
21027,434.5
21028,444.8
21029,574.7
21030,542.2
21031,727.2
21032,918
21033,1202
21034,1121.3
21035,1300.8
21036,1162.6
21037,1120.2
21038,924.3
21039,827
21040,872.6
21041,533.9
21042,541.3
21043,538.7
21044,530.2
21045,634.3
21046,444
21047,438.2
21048,393.5
21049,390.8
21050,384.5
21051,398.5
21052,385.6
21053,537.1
21054,387.1
21055,397.7
21056,386
21057,395.7
21058,387
21059,489.3
21060,481.8
21061,632
21062,491.8
21063,390.4
21064,387.3
21065,395
21066,384.7
21067,398.6
21068,385.4
21069,537.4
21070,387.1
21071,397.5
21072,386
21073,395.2
21074,386.7
21075,394.9
21076,387.9
21077,534.9
21078,389.3
21079,393.6
21080,388.3
21081,386.7
21082,394.6
21083,481.3
21084,488.5
21085,630
21086,482.4
21087,398
21088,385.7
21089,395.5
21090,386.8
21091,395.1
21092,388
21093,535.1
21094,389.4
21095,393.1
21096,434.9
21097,440.2
21098,435
21099,440.5
21100,434.8
21101,581.8
21102,527.4
21103,1104.6
21104,1859.6
21105,2011.6
21106,2060.7
21107,2441.3
21108,2917.6
21109,2785.4
21110,1840.8
21111,1777.4
21112,2293.7
21113,1453.8
21114,1212.5
21115,920.6
21116,1008.9
21117,590.2
21118,436.1
21119,441.9
21120,433.7
21121,441.1
21122,432.9
21123,441.8
21124,432.7
21125,581.3
21126,528.8
21127,1100.6
21128,1855.4
21129,2006.8
21130,2057.9
21131,2434
21132,2912.1
21133,2778.9
21134,1835.8
21135,1773.5
21136,2289.3
21137,1449.6
21138,1210.2
21139,918.6
21140,1006.9
21141,589.6
21142,434.9
21143,441.6
21144,432.8
21145,441.2
21146,432.1
21147,441.2
21148,432
21149,580.7
21150,530
21151,1096.4
21152,1851.2
21153,2002.3
21154,2053.4
21155,2428.3
21156,2905.2
21157,2772.4
21158,1832
21159,1769.6
21160,2283.6
21161,1447.2
21162,1207.5
21163,917
21164,1004.9
21165,588.1
21166,434.8
21167,440.1
21168,432.9
21169,439.4
21170,432.2
21171,439.6
21172,432.1
21173,579.2
21174,525.9
21175,1097.8
21176,1846.7
21177,1997.5
21178,2048.1
21179,2424.2
21180,2897.2
21181,2765.9
21182,1829.3
21183,1765.7
21184,2276.4
21185,1446.6
21186,1203.2
21187,916.2
21188,1003.4
21189,584.1
21190,437.9
21191,439
21192,433.6
21193,438
21194,433.1
21195,437.9
21196,432.8
21197,577.5
21198,524.7
21199,719
21200,905.4
21201,1189.7
21202,1102.1
21203,1280.1
21204,1153.3
21205,1097.9
21206,911.6
21207,816.4
21208,860.9
21209,534.6
21210,528.3
21211,533.5
21212,523.9
21213,627.4
21214,441
21215,432.3
21216,391.7
21217,386
21218,380.6
21219,395.5
21220,381.9
21221,531.8
21222,383.5
21223,394.9
21224,382.4
21225,393.1
21226,383.6
21227,484.5
21228,476.5
21229,624.9
21230,486.8
21231,387.1
21232,387.4
21233,388.9
21234,381.5
21235,394.5
21236,382.8
21237,532
21238,384.1
21239,394.1
21240,429
21241,439.4
21242,429.1
21243,439.4
21244,429.1
21245,577.2
21246,530.5
21247,1084.1
21248,1834.8
21249,1984.4
21250,2034.2
21251,2407
21252,2876.9
21253,2746.5
21254,1817.7
21255,1754
21256,2259.4
21257,1439.1
21258,1191.5
21259,913.2
21260,998.7
21261,575
21262,443.5
21263,427.2
21264,441
21265,426.5
21266,440.8
21267,426.6
21268,441
21269,574
21270,524
21271,1079.9
21272,1833.5
21273,1985.9
21274,2028
21275,2403.4
21276,2867.4
21277,2737.2
21278,1812
21279,1750.7
21280,2260.2
21281,1436.8
21282,1186.4
21283,907.5
21284,994.3
21285,584.2
21286,435.8
21287,433.5
21288,434
21289,432.7
21290,433.4
21291,432.7
21292,433.4
21293,568.9
21294,531.1
21295,1078.5
21296,1826.5
21297,1974.9
21298,2030.3
21299,2392.5
21300,2865.3
21301,2733.6
21302,1807
21303,1746.3
21304,2251.8
21305,1429.9
21306,1192.1
21307,906
21308,993.5
21309,579
21310,435.3
21311,435.4
21312,430.8
21313,434.8
21314,430.2
21315,434.9
21316,430.1
21317,573
21318,521.2
21319,1079.6
21320,1823.8
21321,1974.5
21322,2019.3
21323,2392.5
21324,2854.1
21325,2724.6
21326,1804.3
21327,1742.7
21328,2249.3
21329,1431.4
21330,1181.5
21331,904.1
21332,990
21333,583.9
21334,430.3
21335,436.2
21336,433.8
21337,430.7
21338,430.7
21339,433.2
21340,432.3
21341,567.1
21342,529.5
21343,1074.2
21344,1818.4
21345,1965.5
21346,2020
21347,2382.1
21348,2851.7
21349,2720.8
21350,1800.9
21351,1738.6
21352,2238.6
21353,1427.3
21354,1180
21355,905
21356,993.4
21357,572.1
21358,440.3
21359,425.5
21360,438.1
21361,425.2
21362,437.5
21363,425.2
21364,437.3
21365,569.7
21366,522.1
21367,709.2
21368,893.4
21369,1167.7
21370,1086.1
21371,1266.9
21372,1128.2
21373,1086.1
21374,902.5
21375,801.9
21376,848.1
21377,530.8
21378,527.5
21379,518
21380,529.5
21381,617.6
21382,430.5
21383,434.9
21384,382.5
21385,386.8
21386,382.9
21387,377.4
21388,391.8
21389,519.1
21390,389.1
21391,378.1
21392,391.4
21393,379.4
21394,389.7
21395,470.5
21396,481.9
21397,614.8
21398,477.1
21399,388
21400,383.5
21401,377.8
21402,391.5
21403,379.1
21404,389.7
21405,515.3
21406,392.3
21407,379.9
21408,434.7
21409,425.7
21410,435.1
21411,425.7
21412,435.5
21413,560
21414,528.7
21415,1067.4
21416,1806.4
21417,1955.3
21418,2007.5
21419,2364.7
21420,2831.7
21421,2701.8
21422,1787.3
21423,1727.2
21424,2224.6
21425,1416.7
21426,1174.6
21427,900.2
21428,985.4
21429,568.8
21430,438.8
21431,423.6
21432,436.8
21433,423.2
21434,436.2
21435,423.5
21436,436
21437,563.1
21438,523.1
21439,1064.7
21440,1802.4
21441,1954.6
21442,1999.9
21443,2361.7
21444,2824.6
21445,2694.3
21446,1783.1
21447,1723.5
21448,2221.6
21449,1411.5
21450,1176.3
21451,896.8
21452,981.7
21453,568.8
21454,436.9
21455,429
21456,430.3
21457,425.4
21458,433
21459,422.2
21460,436.1
21461,566.7
21462,517.5
21463,1062.4
21464,1800.6
21465,1950.1
21466,1993.8
21467,2357.5
21468,2817.6
21469,2687.6
21470,1779.2
21471,1719.8
21472,2217.3
21473,1407.7
21474,1175
21475,894.1
21476,979.8
21477,568.9
21478,435
21479,424.8
21480,432.9
21481,428.6
21482,428.5
21483,423.1
21484,434.5
21485,566.2
21486,516.3
21487,1060.2
21488,1796.4
21489,1946.1
21490,1989.5
21491,2352
21492,2811.3
21493,2681.5
21494,1775.4
21495,1716
21496,2211.5
21497,1405.8
21498,1170.4
21499,894.3
21500,977.5
21501,565.6
21502,437.7
21503,421.6
21504,435.5
21505,420.9
21506,434.4
21507,421.1
21508,434.9
21509,564.8
21510,516.3
21511,1058.5
21512,1790.6
21513,1941.7
21514,1986.7
21515,2345.1
21516,2805.1
21517,2676.7
21518,1771.5
21519,1712.2
21520,2204.9
21521,1404.9
21522,1162.9
21523,892.1
21524,980.7
21525,566.1
21526,435.7
21527,422.5
21528,433.1
21529,422
21530,433.6
21531,422.1
21532,432.8
21533,554.7
21534,525.5
21535,700.3
21536,881.5
21537,1151.5
21538,1066.1
21539,1253
21540,1112.9
21541,1065.4
21542,887.1
21543,795.6
21544,838.7
21545,528.2
21546,516.1
21547,519.3
21548,521.6
21549,601.7
21550,434.9
21551,421
21552,389.3
21553,376.4
21554,386.3
21555,377.8
21556,383.7
21557,511.5
21558,387.3
21559,379
21560,377.7
21561,385.1
21562,375
21563,477.5
21564,466.5
21565,610.5
21566,478.2
21567,378.8
21568,384.8
21569,379.2
21570,376.3
21571,387.3
21572,375.1
21573,521.1
21574,376.9
21575,388.1
21576,420.5
21577,431.7
21578,420.5
21579,432.3
21580,420.7
21581,564.4
21582,519.4
21583,1053.7
21584,1779.2
21585,1923.9
21586,1970
21587,2334.1
21588,2783.3
21589,2657.3
21590,1759.9
21591,1701.3
21592,2194.5
21593,1391.3
21594,1163.8
21595,885.5
21596,969.6
21597,566
21598,430.9
21599,427.9
21600,424.6
21601,426.1
21602,425.5
21603,420.4
21604,430.9
21605,561.6
21606,512.6
21607,1050.1
21608,1775.7
21609,1924.6
21610,1969.5
21611,2323.5
21612,2779.7
21613,2652.5
21614,1757.1
21615,1698
21616,2183.3
21617,1395.8
21618,1152
21619,883.4
21620,967.6
21621,573
21622,430.9
21623,422.8
21624,428.6
21625,422.2
21626,427.5
21627,422.5
21628,428
21629,554.1
21630,520.3
21631,1048.7
21632,1771.6
21633,1915.2
21634,1962.8
21635,2322.6
21636,2770.6
21637,2645.4
21638,1752.4
21639,1694
21640,2187.5
21641,1385.5
21642,1157.4
21643,882
21644,965.7
21645,569.7
21646,423.6
21647,428.7
21648,421.6
21649,428.1
21650,421.3
21651,427.7
21652,421.7
21653,560.7
21654,509.7
21655,1049.4
21656,1767.9
21657,1916
21658,1958.8
21659,2314.8
21660,2766.9
21661,2640.6
21662,1749.3
21663,1690.4
21664,2173.7
21665,1390.2
21666,1147.4
21667,880.1
21668,963.6
21669,571.6
21670,429.8
21671,421.5
21672,427.6
21673,421.3
21674,426.6
21675,421.8
21676,426.2
21677,552.6
21678,518.7
21679,1045
21680,1764
21681,1907.2
21682,1953.3
21683,2313.6
21684,2758.4
21685,2633.8
21686,1744.2
21687,1687.7
21688,2176.5
21689,1378.9
21690,1154.8
21691,878.9
21692,962.3
21693,562
21694,429.1
21695,425.3
21696,422.9
21697,421.8
21698,425.4
21699,416.6
21700,430.9
21701,557.8
21702,510.1
21703,692.4
21704,870.3
21705,1135.3
21706,1053.8
21707,1233.9
21708,1097.3
21709,1050.9
21710,875.7
21711,785.5
21712,828.3
21713,522.7
21714,508.9
21715,516.4
21716,516
21717,595.5
21718,432.3
21719,417.7
21720,385.3
21721,374.2
21722,381.7
21723,375.2
21724,377.9
21725,509.6
21726,383.1
21727,376.6
21728,371.5
21729,385.7
21730,373.1
21731,471.3
21732,461.5
21733,604.1
21734,472.8
21735,377.4
21736,378.2
21737,379.2
21738,372.3
21739,384.7
21740,373.7
21741,514.5
21742,375.6
21743,383.2
21744,418.3
21745,426.5
21746,418.8
21747,426.2
21748,419
21749,557.5
21750,506.6
21751,1042.6
21752,1752.3
21753,1899.6
21754,1942.4
21755,2294
21756,2742.7
21757,2617.3
21758,1736.4
21759,1675.9
21760,2156.2
21761,1378
21762,1139.6
21763,874.1
21764,956.3
21765,567.3
21766,417.7
21767,429.2
21768,416.2
21769,428.5
21770,416
21771,428
21772,416.2
21773,558
21774,514
21775,1037.3
21776,1748.9
21777,1892.1
21778,1937
21779,2292.6
21780,2736
21781,2611.5
21782,1730.7
21783,1673
21784,2150.7
21785,1376.3
21786,1136.4
21787,872.2
21788,955
21789,566.6
21790,426.3
21791,419.7
21792,420
21793,423.1
21794,419.4
21795,423.5
21796,414.7
21797,557.7
21798,514.4
21799,1035.2
21800,1745.9
21801,1887.5
21802,1932.7
21803,2289.4
21804,2729.1
21805,2605.8
21806,1727.3
21807,1669.7
21808,2146.4
21809,1373.3
21810,1134.1
21811,870.8
21812,954.3
21813,565.1
21814,426.6
21815,418.4
21816,424.5
21817,418.1
21818,423.4
21819,418.5
21820,423.2
21821,547.8
21822,514.7
21823,1033.1
21824,1741.9
21825,1884.2
21826,1928.7
21827,2284.8
21828,2723.3
21829,2600.3
21830,1723.8
21831,1666.3
21832,2142.4
21833,1370.1
21834,1131.9
21835,869.3
21836,952.9
21837,564
21838,426.3
21839,417.7
21840,424.1
21841,417.5
21842,423.1
21843,417.9
21844,422.8
21845,546.9
21846,514
21847,1031.4
21848,1738.9
21849,1879.8
21850,1924.8
21851,2280
21852,2717.6
21853,2594.9
21854,1720.4
21855,1663
21856,2137.2
21857,1368.5
21858,1130
21859,867.7
21860,949.3
21861,565
21862,425.2
21863,417.8
21864,423
21865,417.7
21866,421.3
21867,418.9
21868,419.6
21869,548.6
21870,512.3
21871,676.4
21872,858.8
21873,1129
21874,1039.1
21875,1209.1
21876,1090.4
21877,1040.3
21878,865.1
21879,775.6
21880,817.4
21881,508.3
21882,512.8
21883,501.1
21884,514
21885,597.8
21886,418.3
21887,424.2
21888,373.1
21889,378.2
21890,373.9
21891,368.9
21892,382.7
21893,498.3
21894,385.3
21895,370.2
21896,380.6
21897,371.8
21898,379.2
21899,458.6
21900,466.7
21901,587.3
21902,471.3
21903,371.1
21904,381.9
21905,371.5
21906,379.5
21907,372.8
21908,371.4
21909,507.7
21910,376.2
21911,377.3
21912,411.8
21913,425.6
21914,412.4
21915,425.4
21916,412.8
21917,553.5
21918,509.8
21919,1026.1
21920,1728
21921,1869.6
21922,1913.7
21923,2262.8
21924,2701.8
21925,2578.7
21926,1712.5
21927,1651
21928,2127.4
21929,1359.3
21930,1125.2
21931,863.4
21932,945
21933,559.9
21934,416.5
21935,424.4
21936,372.2
21937,376.9
21938,372.9
21939,367.6
21940,381.8
21941,496.8
21942,384.7
21943,369
21944,381.7
21945,370.6
21946,379
21947,457.2
21948,465.6
21949,585.1
21950,470.4
21951,370.2
21952,380.9
21953,370.4
21954,378.8
21955,372
21956,376
21957,502
21958,376.1
21959,376
21960,410.8
21961,424.7
21962,411.4
21963,425
21964,411.8
21965,552.2
21966,508.4
21967,1022.4
21968,1721
21969,1862.9
21970,1906.4
21971,2253
21972,2691
21973,2568.2
21974,1705
21975,1644.4
21976,2121.3
21977,1350.7
21978,1125
21979,860.5
21980,941.9
21981,557.4
21982,416.8
21983,421.3
21984,415
21985,420.2
21986,415.4
21987,419.5
21988,415.6
21989,548.8
21990,501.1
21991,1019.7
21992,1719.1
21993,1859.3
21994,1907.3
21995,2247
21996,2684.5
21997,2563.7
21998,1700.5
21999,1644.2
22000,2116
22001,1348.9
22002,1119
22003,859.1
22004,947.4
22005,550.9
22006,423.8
22007,413.5
22008,421.7
22009,413.3
22010,420.6
22011,414
22012,420
22013,541.1
22014,509.1
22015,1018.5
22016,1715.7
22017,1854.5
22018,1898.9
22019,2248.2
22020,2679.6
22021,2558.2
22022,1698
22023,1640.3
22024,2109.2
22025,1349.9
22026,1117
22027,857.8
22028,938.3
22029,557.3
22030,414.6
22031,421.4
22032,413.1
22033,420.7
22034,412.9
22035,420.9
22036,413.4
22037,548
22038,498.5
22039,678.2
22040,849.6
22041,1106.4
22042,1029.8
22043,1200.5
22044,1069.8
22045,1024.9
22046,855.1
22047,767.8
22048,808.7
22049,512
22050,497.5
22051,508.6
22052,503.8
22053,586.5
22054,422.7
22055,413.4
22056,376.8
22057,371.1
22058,365.9
22059,379.4
22060,367.7
22061,505.7
22062,369.5
22063,378.3
22064,369.1
22065,376.3
22066,370.7
22067,460.4
22068,456.7
22069,590.4
22070,456.3
22071,379.7
22072,369.2
22073,376.1
22074,370.8
22075,365.7
22076,380.7
22077,493.8
22078,382.7
22079,367.2
22080,421.6
22081,410.4
22082,420.9
22083,411.1
22084,420.8
22085,537.2
22086,508.3
22087,1013.5
22088,1706.6
22089,1844.3
22090,1888.3
22091,2236.2
22092,2664.4
22093,2544.3
22094,1688.2
22095,1631.9
22096,2097
22097,1342.9
22098,1111.4
22099,853.7
22100,933.8
22101,554.9
22102,413.4
22103,419.5
22104,412
22105,418.9
22106,412.1
22107,418.4
22108,412.4
22109,545.7
22110,497.2
22111,1011.3
22112,1703.8
22113,1843
22114,1889.5
22115,2226.2
22116,2659.3
22117,2539.7
22118,1685.3
22119,1629.6
22120,2093.3
22121,1340.6
22122,1108.5
22123,852.3
22124,932.6
22125,555.2
22126,418.4
22127,414.2
22128,410.6
22129,419.8
22130,408.1
22131,421.9
22132,408.5
22133,548.4
22134,503.8
22135,1010.7
22136,1698.5
22137,1839.8
22138,1882.1
22139,2221.4
22140,2655.4
22141,2533.8
22142,1681.2
22143,1626.1
22144,2095.8
22145,1331.8
22146,1111.9
22147,851.6
22148,934.6
22149,545.3
22150,421.9
22151,410.1
22152,419.7
22153,410.2
22154,418.1
22155,410.7
22156,418.4
22157,536.4
22158,506.1
22159,1008.6
22160,1697.6
22161,1834.6
22162,1878.6
22163,2222.4
22164,2649.6
22165,2529.3
22166,1680.2
22167,1620.2
22168,2091.2
22169,1329.2
22170,1112.8
22171,850
22172,929.6
22173,544.7
22174,421.8
22175,407.1
22176,421.7
22177,407.4
22178,420.8
22179,407.9
22180,419.9
22181,534
22182,506.4
22183,1007
22184,1695
22185,1831.4
22186,1875.1
22187,2220.6
22188,2645.3
22189,2526.2
22190,1676.6
22191,1620.2
22192,2082.9
22193,1332.7
22194,1105.5
22195,848.7
22196,928.3
22197,551.6
22198,412.6
22199,416.8
22200,411.3
22201,416.5
22202,411.4
22203,414.9
22204,412.5
22205,542.5
22206,496
22207,671.2
22208,840.7
22209,1094.3
22210,1014.3
22211,1189.9
22212,1058.6
22213,1014.1
22214,846.2
22215,759.8
22216,800.2
22217,498.9
22218,503.1
22219,502.1
22220,494.9
22221,587.3
22222,410.2
22223,420
22224,366.4
22225,375.7
22226,367.1
22227,373.5
22228,368.7
22229,498.9
22230,370.8
22231,363.7
22232,378
22233,365.4
22234,375.7
22235,450
22236,460.5
22237,575.3
22238,464.7
22239,365.5
22240,377.4
22241,365.8
22242,375.1
22243,367.5
22244,372.8
22245,493.7
22246,375
22247,369.2
22248,405.7
22249,419.4
22250,406.4
22251,419.6
22252,407
22253,543.6
22254,500.4
22255,1003.6
22256,1682.6
22257,1824.8
22258,1868.2
22259,2200.4
22260,2631.7
22261,2513.3
22262,1668.5
22263,1613.5
22264,2072.5
22265,1327.2
22266,1098.2
22267,845
22268,924.4
22269,550.5
22270,412
22271,415.7
22272,406
22273,419
22274,406.2
22275,419.2
22276,406.7
22277,543.1
22278,497.4
22279,1004.5
22280,1679.8
22281,1821.8
22282,1865
22283,2197.3
22284,2627.3
22285,2509.2
22286,1665.9
22287,1611
22288,2068.3
22289,1326.1
22290,1096.6
22291,844.1
22292,923
22293,551
22294,407.2
22295,419.1
22296,406.3
22297,419.1
22298,406.3
22299,418
22300,406.8
22301,542.2
22302,494.4
22303,1004.6
22304,1676.6
22305,1819
22306,1863.9
22307,2193.7
22308,2623
22309,2505.2
22310,1663.4
22311,1608.4
22312,2064.4
22313,1324.7
22314,1095.3
22315,842.9
22316,921.4
22317,550.2
22318,408
22319,418.1
22320,407
22321,416.9
22322,407
22323,416.3
22324,407.6
22325,540.8
22326,491.1
22327,1004.9
22328,1673
22329,1816.3
22330,1861
22331,2192
22332,2619.7
22333,2501.3
22334,1660.9
22335,1605.7
22336,2061.7
22337,1322.1
22338,1094.3
22339,841.7
22340,920.7
22341,548.1
22342,409.4
22343,415.5
22344,408
22345,415
22346,408.3
22347,414.5
22348,408.6
22349,539.9
22350,491.9
22351,996.7
22352,1676.6
22353,1811.1
22354,1857.3
22355,2193.2
22356,2615
22357,2497.4
22358,1658.3
22359,1602.4
22360,2059.7
22361,1316.8
22362,1096.3
22363,840.5
22364,919.5
22365,545
22366,412.4
22367,413.1
22368,409.9
22369,403.8
22370,418.5
22371,404.6
22372,417.8
22373,531.3
22374,499.7
22375,664.9
22376,833
22377,1083.8
22378,1004.7
22379,1172.3
22380,1053.1
22381,1004.7
22382,838.2
22383,752.8
22384,792.4
22385,495.5
22386,500
22387,488.9
22388,501.6
22389,581.4
22390,410.3
22391,413.8
22392,367.4
22393,361.3
22394,376
22395,363.2
22396,373.4
22397,487.6
22398,376
22399,364.8
22400,370.7
22401,366.6
22402,361.6
22403,458.1
22404,447.9
22405,580.6
22406,458.5
22407,366.9
22408,370.5
22409,367.4
22410,362.3
22411,375
22412,364.1
22413,497.5
22414,366.1
22415,371.9
22416,406.7
22417,412.6
22418,408.1
22419,410
22420,410.7
22421,537.4
22422,491.3
22423,993
22424,1669.5
22425,1803.4
22426,1846.8
22427,2185.9
22428,2603.5
22429,2484.8
22430,1652.1
22431,1592.2
22432,2055
22433,1305.9
22434,1097.2
22435,837.5
22436,916.4
22437,536.5
22438,418.6
22439,404.8
22440,415.7
22441,405
22442,414.5
22443,405.6
22444,414.3
22445,528.8
22446,500.2
22447,992
22448,1666.9
22449,1801.2
22450,1844.3
22451,2178.1
22452,2599.1
22453,2480.5
22454,1648.1
22455,1595.1
22456,2049.9
22457,1310.3
22458,1086.1
22459,836.6
22460,914.7
22461,547
22462,413
22463,409.4
22464,402.6
22465,417.1
22466,403.2
22467,416.9
22468,403.7
22469,538.8
22470,495.9
22471,991.8
22472,1659.8
22473,1800.4
22474,1844.9
22475,2172
22476,2596
22477,2479.5
22478,1647.1
22479,1592.4
22480,2044.1
22481,1311.3
22482,1086
22483,835.8
22484,913.5
22485,544.6
22486,408.5
22487,412
22488,407.1
22489,411.8
22490,407.5
22491,408.9
22492,410.3
22493,535.3
22494,490.8
22495,989.3
22496,1663
22497,1796.4
22498,1838.5
22499,2177.9
22500,2591.4
22501,2473.8
22502,1644.2
22503,1585.9
22504,2049.4
22505,1301.9
22506,1088.5
22507,833.8
22508,915.3
22509,539.4
22510,415.6
22511,405.7
22512,413
22513,406.1
22514,411.2
22515,406.6
22516,411.3
22517,529.3
22518,497.2
22519,989
22520,1660.1
22521,1794.6
22522,1837.3
22523,2165.3
22524,2589.3
22525,2473.1
22526,1643
22527,1588.7
22528,2038.4
22529,1308.8
22530,1083.1
22531,833.9
22532,911.7
22533,544.2
22534,406.2
22535,413.7
22536,405.1
22537,412.5
22538,405.6
22539,411.4
22540,406.3
22541,535.8
22542,488.4
22543,660.7
22544,826.5
22545,1074.2
22546,996.1
22547,1167.8
22548,1039.6
22549,996.1
22550,831.6
22551,747.1
22552,786.8
22553,491.1
22554,497.6
22555,492.1
22556,492.2
22557,577.7
22558,407.3
22559,412.3
22560,364.7
22561,364.8
22562,368.9
22563,360.8
22564,373
22565,484.2
22566,375
22567,362.5
22568,370.6
22569,364.3
22570,361.9
22571,453.6
22572,451.9
22573,570.2
22574,456.2
22575,364.9
22576,369.3
22577,365.3
22578,360.3
22579,373.6
22580,362.2
22581,494.4
22582,364.2
22583,370.1
22584,404.7
22585,410.5
22586,405.9
22587,408
22588,408.7
22589,533.6
22590,488.6
22591,984.6
22592,1655.5
22593,1787.8
22594,1830.4
22595,2166.6
22596,2578.2
22597,2461.2
22598,1635.8
22599,1579.8
22600,2037.9
22601,1297.7
22602,1080.3
22603,829.7
22604,911.3
22605,542.7
22606,413.3
22607,405.4
22608,410.7
22609,406.2
22610,408.3
22611,407.9
22612,401
22613,537.1
22614,494.3
22615,984.8
22616,1649.4
22617,1787.1
22618,1831
22619,2155.5
22620,2575.9
22621,2462.1
22622,1635.4
22623,1581.1
22624,2029.3
22625,1300.3
22626,1081
22627,830.4
22628,908.2
22629,537.2
22630,411.3
22631,406.8
22632,409.5
22633,401
22634,414.8
22635,401.6
22636,413.5
22637,523.6
22638,498.1
22639,983.1
22640,1651.8
22641,1783.9
22642,1826.6
22643,2157.7
22644,2572.7
22645,2455.5
22646,1633
22647,1580.1
22648,2028.2
22649,1300.4
22650,1076.9
22651,829.9
22652,907.1
22653,543.1
22654,403.4
22655,414
22656,402.1
22657,413.2
22658,402.7
22659,412.5
22660,403
22661,534
22662,485.3
22663,984.5
22664,1647.6
22665,1782.3
22666,1827.4
22667,2156.9
22668,2571.3
22669,2454.2
22670,1632
22671,1572.9
22672,2031.4
22673,1291
22674,1082.7
22675,828.3
22676,908.6
22677,534.4
22678,413.9
22679,403.3
22680,411.6
22681,403.9
22682,410
22683,404.6
22684,409.3
22685,526.9
22686,494.5
22687,982.1
22688,1646.9
22689,1780.9
22690,1823.5
22691,2148.4
22692,2568.6
22693,2453.4
22694,1630.5
22695,1576.4
22696,2022.9
22697,1297.9
22698,1076.6
22699,828.2
22700,905.7
22701,538.6
22702,408.2
22703,408.5
22704,406.2
22705,400
22706,413.8
22707,401
22708,413.5
22709,522.3
22710,497.2
22711,655.8
22712,821.1
22713,1067.6
22714,989.8
22715,1150
22716,1039.3
22717,991.2
22718,826.2
22719,740.3
22720,775.7
22721,499.7
22722,492.7
22723,485.9
22724,494.1
22725,565
22726,414.9
22727,401.2
22728,372.5
22729,361.1
22730,369.2
22731,363
22732,358.6
22733,493.8
22734,360.2
22735,372.8
22736,360
22737,370.8
22738,361.9
22739,450.4
22740,444.4
22741,574.3
22742,444.3
22743,373.1
22744,361.2
22745,369.2
22746,363.1
22747,358.1
22748,373.5
22749,480.9
22750,374.4
22751,360.1
22752,411.1
22753,402.1
22754,411.2
22755,402.8
22756,410.7
22757,524.2
22758,494.4
22759,979.4
22760,1643.3
22761,1775.6
22762,1818
22763,2142.1
22764,2560.4
22765,2447.5
22766,1626.2
22767,1572.2
22768,2017.2
22769,1295.1
22770,1073.2
22771,826.4
22772,903.5
22773,539
22774,406.2
22775,408.1
22776,405.4
22777,399.2
22778,414
22779,399.9
22780,413.7
22781,523
22782,495.1
22783,978
22784,1642.8
22785,1774
22786,1816.4
22787,2145
22788,2557.5
22789,2441.3
22790,1624.8
22791,1571.4
22792,2014.9
22793,1295.3
22794,1071.6
22795,825.9
22796,902.9
22797,540.4
22798,403.3
22799,411.3
22800,402.2
22801,410.3
22802,402.8
22803,409.6
22804,403.3
22805,531.3
22806,485.1
22807,977.4
22808,1641.2
22809,1772.5
22810,1814.7
22811,2147.8
22812,2554.7
22813,2439
22814,1621
22815,1569.1
22816,2017.6
22817,1290.1
22818,1070.3
22819,825.3
22820,902.2
22821,541.1
22822,400.9
22823,413.2
22824,399.9
22825,412.6
22826,400.5
22827,411.8
22828,401.2
22829,532.4
22830,482.7
22831,981.5
22832,1635.6
22833,1772.2
22834,1817.8
22835,2141.4
22836,2555
22837,2438
22838,1621.3
22839,1563.2
22840,2019.6
22841,1284.9
22842,1072.1
22843,822.9
22844,903.5
22845,538.7
22846,411.3
22847,403.1
22848,408.6
22849,403.9
22850,401.9
22851,410.1
22852,399.2
22853,533.2
22854,491.5
22855,976.9
22856,1633.9
22857,1770.8
22858,1814.5
22859,2137.8
22860,2553.1
22861,2438.6
22862,1620.9
22863,1563.3
22864,2015.2
22865,1282.4
22866,1078.5
22867,824.1
22868,901.3
22869,530.8
22870,412.3
22871,401.4
22872,410.3
22873,402.1
22874,409.2
22875,402.8
22876,408.5
22877,524
22878,492.6
22879,644.8
22880,816.2
22881,1070.1
22882,986.2
22883,1145.2
22884,1026.2
22885,983.8
22886,822.7
22887,739.8
22888,778.5
22889,496
22890,482.9
22891,493
22892,481.8
22893,574.4
22894,408.1
22895,406.3
22896,358.6
22897,371.7
22898,359.5
22899,370
22900,361.4
22901,489.9
22902,363.3
22903,366.2
22904,363.5
22905,358.5
22906,370.6
22907,440.3
22908,451.9
22909,561.3
22910,455.8
22911,359.2
22912,371.5
22913,359.8
22914,368.9
22915,361.6
22916,365.8
22917,484.2
22918,361.3
22919,371
22920,398.6
22921,412
22922,400
22923,410.9
22924,400.8
22925,531.1
22926,482.1
22927,978.1
22928,1631.9
22929,1767.3
22930,1811.1
22931,2138.6
22932,2548
22933,2430.5
22934,1616.4
22935,1560.8
22936,2012.9
22937,1283.8
22938,1066.9
22939,823.2
22940,899.3
22941,540.2
22942,409.2
22943,403.9
22944,398.3
22945,413
22946,398.9
22947,411.7
22948,399.7
22949,531.8
22950,483.8
22951,979.4
22952,1628.8
22953,1766.7
22954,1810.1
22955,2135.4
22956,2546.7
22957,2430.4
22958,1616.3
22959,1558.1
22960,2013.2
22961,1281.2
22962,1068.6
22963,820.4
22964,901
22965,538.4
22966,410.1
22967,402.8
22968,404.4
22969,406.4
22970,397.8
22971,412.8
22972,398.6
22973,532.3
22974,490.7
22975,974.5
22976,1628.3
22977,1765.6
22978,1809.1
22979,2132.7
22980,2545.4
22981,2430.4
22982,1616.3
22983,1557.3
22984,2011.5
22985,1279.3
22986,1070.9
22987,820.4
22988,900.4
22989,534.9
22990,410.6
22991,402.2
22992,407.9
22993,402.7
22994,407.1
22995,403.6
22996,397.9
22997,532.3
22998,490.6
22999,973.9
23000,1628.8
23001,1764.7
23002,1808.2
23003,2130.3
23004,2543.4
23005,2430.9
23006,1615.5
23007,1557.2
23008,2008.8
23009,1278.9
23010,1072.6
23011,820.5
23012,899.9
23013,532
23014,411.2
23015,401.4
23016,408.9
23017,402.1
23018,407.2
23019,403.1
23020,400.2
23021,529.5
23022,491.5
23023,973.5
23024,1629.1
23025,1765.5
23026,1805.8
23027,2128.3
23028,2543.1
23029,2429.1
23030,1614.9
23031,1557.5
23032,2007.4
23033,1277.3
23034,1074.4
23035,820.7
23036,899.6
23037,529.7
23038,411.6
23039,401.1
23040,409
23041,401.6
23042,407.2
23043,402.4
23044,404
23045,525.7
23046,490.9
23047,641.5
23048,815.5
23049,1064.2
23050,985.1
23051,1141.7
23052,1023.1
23053,980.8
23054,820.3
23055,737.7
23056,776.4
23057,494.3
23058,482.8
23059,491.1
23060,481.7
23061,572
23062,400.7
23063,412.1
23064,358.5
23065,370.9
23066,359.8
23067,367.1
23068,361.8
23069,487.3
23070,364.1
23071,356.9
23072,371.3
23073,358.9
23074,368.6
23075,440.5
23076,450
23077,561
23078,453.9
23079,359.7
23080,369.3
23081,360.3
23082,366.7
23083,362.3
23084,357.4
23085,492.3
23086,359.4
23087,370.3
23088,399.2
23089,409.2
23090,400.6
23091,408.3
23092,401.2
23093,529.5
23094,482.1
23095,971.9
23096,1631.3
23097,1761.5
23098,1803.5
23099,2134.2
23100,2537.9
23101,2423
23102,1610.7
23103,1560.8
23104,2002.9
23105,1284.5
23106,1064.5
23107,821
23108,897.1
23109,538.1
23110,400.9
23111,410.7
23112,399.6
23113,409.7
23114,400.7
23115,408.1
23116,401.3
23117,529.4
23118,482
23119,971.7
23120,1630.9
23121,1761.1
23122,1803
23123,2133.6
23124,2537.2
23125,2422.4
23126,1610.4
23127,1560.4
23128,2002.3
23129,1284.3
23130,1064.3
23131,820.9
23132,896.9
23133,537.9
23134,401
23135,410.3
23136,399.7
23137,409.4
23138,400.8
23139,407.9
23140,401.3
23141,529.2
23142,482
23143,971.5
23144,1630.5
23145,1760.8
23146,1802.7
23147,2133
23148,2536.7
23149,2421.8
23150,1610.4
23151,1560.1
23152,2001.6
23153,1284.4
23154,1064.1
23155,820.4
23156,897.2
23157,537.7
23158,400.8
23159,410.4
23160,399.9
23161,409.1
23162,400.9
23163,408.5
23164,401.4
23165,529.1
23166,482.1
23167,971
23168,1630.7
23169,1760.5
23170,1802.4
23171,2132.3
23172,2536.3
23173,2421.4
23174,1610.5
23175,1559.9
23176,2001
23177,1284.6
23178,1064
23179,820.3
23180,897.1
23181,537.4
23182,401.2
23183,409.8
23184,400.1
23185,409.3
23186,400.9
23187,408.4
23188,401.4
23189,528.8
23190,482.5
23191,970.9
23192,1630.5
23193,1760.3
23194,1802.2
23195,2131.7
23196,2536.1
23197,2421.2
23198,1610.7
23199,1559.7
23200,2000.3
23201,1284.9
23202,1063.9
23203,820.1
23204,897.1
23205,537.3
23206,401.2
23207,409.7
23208,400.3
23209,408.9
23210,401
23211,408.2
23212,401.6
23213,528.6
23214,482.8
23215,651.3
23216,814.2
23217,1056.9
23218,980.3
23219,1145.3
23220,1025.6
23221,980.3
23222,818.9
23223,735.8
23224,774.5
23225,487.6
23226,490.4
23227,481.1
23228,491.9
23229,564.1
23230,410.1
23231,397.3
23232,372.5
23233,358
23234,369.3
23235,359.9
23236,366.2
23237,481.5
23238,368.3
23239,362.4
23240,357.3
23241,370.2
23242,359.1
23243,448.6
23244,440.9
23245,570.7
23246,440.9
23247,372.3
23248,358.8
23249,368.4
23250,360.8
23251,361.4
23252,366.1
23253,479.7
23254,371.2
23255,357.8
23256,409.7
23257,399.6
23258,409.1
23259,400.4
23260,408.1
23261,520.7
23262,492.2
23263,971.8
23264,1629.4
23265,1760.4
23266,1802.4
23267,2123.6
23268,2537.7
23269,2425.7
23270,1612.3
23271,1558.8
23272,1999.9
23273,1278.6
23274,1070.4
23275,820.1
23276,897
23277,527.3
23278,412.8
23279,399.1
23280,410.3
23281,399.8
23282,409.2
23283,400.6
23284,408.3
23285,521.1
23286,491.8
23287,971.9
23288,1629.5
23289,1760.1
23290,1803
23291,2123.8
23292,2538.8
23293,2424.9
23294,1612.4
23295,1558.6
23296,2000.4
23297,1278.1
23298,1071
23299,820.2
23300,896.8
23301,527.5
23302,412.5
23303,399.4
23304,409.8
23305,400.1
23306,409.6
23307,401
23308,408.3
23309,521.1
23310,491.5
23311,971.6
23312,1630
23313,1760.8
23314,1802.8
23315,2124.1
23316,2539
23317,2425.2
23318,1612.5
23319,1558.3
23320,2001.1
23321,1277.8
23322,1071.6
23323,820.3
23324,896.9
23325,527.7
23326,412.6
23327,399.6
23328,409.7
23329,400.3
23330,409.1
23331,401
23332,408.3
23333,521.4
23334,491.6
23335,971.8
23336,1630.3
23337,1761
23338,1803.1
23339,2124.5
23340,2539.4
23341,2425.6
23342,1612.7
23343,1558.3
23344,2001.7
23345,1277.7
23346,1072
23347,820.4
23348,897
23349,527.9
23350,412.5
23351,399.5
23352,409.2
23353,400.4
23354,409
23355,401.2
23356,408.2
23357,521.4
23358,491.8
23359,972.4
23360,1630.2
23361,1761.4
23362,1803.5
23363,2124.9
23364,2539.9
23365,2426.1
23366,1613.1
23367,1559.1
23368,2001.6
23369,1277.8
23370,1072.3
23371,820.5
23372,897.3
23373,528
23374,412.5
23375,399.8
23376,409.7
23377,400.6
23378,408.8
23379,401.2
23380,408.2
23381,521.7
23382,491.6
23383,645.4
23384,810.7
23385,1066.7
23386,982.1
23387,1140.3
23388,1022.8
23389,980.2
23390,820
23391,737.4
23392,775.6
23393,495.3
23394,481.8
23395,492
23396,480.3
23397,572.9
23398,407.2
23399,405.2
23400,357.6
23401,370.9
23402,359.1
23403,368.7
23404,360.9
23405,488.4
23406,363.1
23407,359.4
23408,368.2
23409,358.1
23410,370.8
23411,439.4
23412,450.9
23413,560.2
23414,454.7
23415,358.8
23416,370.6
23417,359.4
23418,368.2
23419,361.5
23420,358.7
23421,490
23422,358.4
23423,371.9
23424,358.4
23425,368.6
23426,360.3
23427,366.1
23428,362.5
23429,484.7
23430,366.6
23431,357.4
23432,370.6
23433,359.4
23434,368.2
23435,441
23436,449.7
23437,561.6
23438,453.6
23439,360.2
23440,368.8
23441,360.8
23442,366.2
23443,362.8
23444,357.9
23445,490.7
23446,359.7
23447,370.2
23448,399.5
23449,409.8
23450,401
23451,408.9
23452,401.8
23453,529.6
23454,483.1
23455,972.4
23456,1633.2
23457,1763.4
23458,1805.3
23459,2135.8
23460,2540.7
23461,2425.6
23462,1612.8
23463,1562.4
23464,2004.7
23465,1286
23466,1065.5
23467,821.5
23468,898.3
23469,538.4
23470,401
23471,410.9
23472,400.3
23473,409.8
23474,401
23475,408.5
23476,402
23477,529.5
23478,482.9
23479,972.8
23480,1634
23481,1764.1
23482,1806.1
23483,2137.4
23484,2541.9
23485,2426.7
23486,1612.9
23487,1562.7
23488,2006.5
23489,1285.5
23490,1065.9
23491,822.1
23492,898.3
23493,538.9
23494,400.6
23495,411.4
23496,399.7
23497,410.7
23498,400.5
23499,409.8
23500,401.5
23501,530.2
23502,482.5
23503,973.9
23504,1634
23505,1764.9
23506,1807.3
23507,2138.2
23508,2543.9
23509,2427.9
23510,1614.1
23511,1561.9
23512,2008.8
23513,1284.7
23514,1066.1
23515,822.2
23516,898.7
23517,539.4
23518,400.1
23519,412.5
23520,399.1
23521,411.6
23522,400
23523,410.7
23524,400.8
23525,531
23526,482
23527,977.2
23528,1632.2
23529,1765.8
23530,1810.7
23531,2137.1
23532,2546.4
23533,2429.3
23534,1615.5
23535,1560.6
23536,2011.5
23537,1283.7
23538,1066.5
23539,822.5
23540,899.3
23541,539.5
23542,406.2
23543,406.7
23544,398.2
23545,412.6
23546,399.3
23547,411.7
23548,399.9
23549,531.7
23550,483
23551,653.1
23552,817
23553,1060
23554,986.7
23555,1150.4
23556,1025.7
23557,983.1
23558,821.8
23559,738.6
23560,777.4
23561,485.4
23562,494.1
23563,489.9
23564,484.8
23565,572
23566,403.4
23567,409.9
23568,361.6
23569,367.2
23570,362.7
23571,357.7
23572,371.7
23573,479.6
23574,373.4
23575,359.8
23576,368.9
23577,361.6
23578,365.8
23579,444
23580,448.8
23581,564.6
23582,452.8
23583,362.7
23584,368.1
23585,363.3
23586,358
23587,371
23588,359.9
23589,490.2
23590,362
23591,368.1
23592,402
23593,408.2
23594,403.8
23595,406.4
23596,405.4
23597,529.5
23598,485.6
23599,975.7
23600,1637.9
23601,1769
23602,1811.1
23603,2140.4
23604,2549.6
23605,2433.6
23606,1619.5
23607,1567.1
23608,2009.7
23609,1291.4
23610,1068.2
23611,824.4
23612,900.5
23613,539.1
23614,402.5
23615,410.5
23616,401.3
23617,410
23618,402.1
23619,409.7
23620,403
23621,530.6
23622,484.4
23623,976.1
23624,1639
23625,1770.1
23626,1812.2
23627,2144.8
23628,2551
23629,2435.4
23630,1618.7
23631,1567.2
23632,2014.3
23633,1288.7
23634,1069.1
23635,824.3
23636,901
23637,540.5
23638,400.8
23639,413.1
23640,399.8
23641,412.3
23642,400.9
23643,411.3
23644,401.7
23645,532
23646,483
23647,983.3
23648,1634
23649,1771.7
23650,1816.1
23651,2144
23652,2555.3
23653,2437.8
23654,1621.3
23655,1563.4
23656,2019.8
23657,1285.6
23658,1072.5
23659,821.9
23660,903.4
23661,539.8
23662,410.2
23663,403.7
23664,407.6
23665,405
23666,399
23667,413.8
23668,399.7
23669,533.7
23670,492.2
23671,978.4
23672,1636.1
23673,1776.6
23674,1814.5
23675,2141.4
23676,2557.2
23677,2442.5
23678,1623.1
23679,1566.4
23680,2018
23681,1284.3
23682,1080.2
23683,825.3
23684,902.5
23685,531
23686,413.6
23687,401.7
23688,410.7
23689,402.5
23690,410.2
23691,403.2
23692,409.4
23693,524.5
23694,494.5
23695,978.9
23696,1642.1
23697,1774.4
23698,1816.8
23699,2140.7
23700,2559.4
23701,2444.6
23702,1624.9
23703,1571
23704,2015.8
23705,1292.2
23706,1074.5
23707,825.8
23708,902.9
23709,532.6
23710,411.8
23711,399.3
23712,414
23713,400.2
23714,413.3
23715,400.9
23716,412.3
23717,522.5
23718,496.2
23719,655.2
23720,819.5
23721,1066.3
23722,988.5
23723,1148.5
23724,1034.5
23725,992.4
23726,825
23727,735.3
23728,777.9
23729,499.4
23730,491
23731,487
23732,492.7
23733,565.2
23734,414.7
23735,401.4
23736,370.4
23737,362
23738,368.4
23739,364.2
23740,358.9
23741,494.9
23742,360.8
23743,371.9
23744,360.8
23745,368.7
23746,363
23747,449.5
23748,445.6
23749,573.4
23750,445.3
23751,371.9
23752,362.1
23753,368
23754,363.9
23755,359
23756,372.5
23757,481.6
23758,373.6
23759,360.9
23760,410.4
23761,403.3
23762,411.7
23763,404
23764,409.3
23765,526
23766,494.9
23767,981.2
23768,1645.8
23769,1779.5
23770,1821.7
23771,2146.4
23772,2566.4
23773,2451.2
23774,1629.2
23775,1575.1
23776,2021.1
23777,1297.1
23778,1075.3
23779,827.7
23780,905
23781,539.2
23782,406.9
23783,408.8
23784,405.7
23785,400.2
23786,414.7
23787,400.7
23788,414.2
23789,523.9
23790,496.9
23791,981.6
23792,1648.4
23793,1780.5
23794,1823.1
23795,2153.7
23796,2567.4
23797,2450.5
23798,1630.1
23799,1577.2
23800,2023.9
23801,1298.4
23802,1075
23803,828.5
23804,905.6
23805,542.7
23806,403
23807,413.5
23808,402.2
23809,412.6
23810,402.9
23811,411.9
23812,403.6
23813,534.3
23814,485.6
23815,983.5
23816,1649
23817,1782.2
23818,1827.2
23819,2157.8
23820,2571.6
23821,2454.1
23822,1631.9
23823,1573.1
23824,2032.3
23825,1291.3
23826,1081.7
23827,828.1
23828,908.6
23829,536
23830,414
23831,403.5
23832,411.4
23833,404.5
23834,410.8
23835,405.2
23836,406.1
23837,530.6
23838,495.2
23839,983.9
23840,1650.1
23841,1785.2
23842,1827.3
23843,2153.2
23844,2574.3
23845,2458.8
23846,1633.3
23847,1580.4
23848,2027.2
23849,1301.1
23850,1078
23851,829.9
23852,907.4
23853,540.6
23854,407.2
23855,410.1
23856,406
23857,405.4
23858,410.9
23859,401
23860,414.7
23861,531.5
23862,490.7
23863,984.3
23864,1653.5
23865,1786.1
23866,1828.7
23867,2162
23868,2575.6
23869,2458.6
23870,1633.2
23871,1582
23872,2032.8
23873,1299.7
23874,1077.8
23875,830.7
23876,908.1
23877,542.9
23878,404.6
23879,414.6
23880,401.3
23881,415.2
23882,402.2
23883,414.5
23884,402.9
23885,536.2
23886,487.3
23887,658.5
23888,825.3
23889,1071.6
23890,999.9
23891,1161.2
23892,1036.7
23893,993.7
23894,830.2
23895,745.9
23896,785.8
23897,498.6
23898,488.8
23899,495
23900,486.8
23901,577.8
23902,404.4
23903,415.1
23904,361.8
23905,372.3
23906,363.2
23907,369.8
23908,365
23909,492.4
23910,367.2
23911,360.1
23912,373.9
23913,362.1
23914,371.6
23915,444.8
23916,454.5
23917,567.5
23918,458.5
23919,362.4
23920,372.7
23921,362.9
23922,370.2
23923,364.9
23924,359.7
23925,496.4
23926,361.8
23927,373.5
23928,402
23929,415.1
23930,403.6
23931,414
23932,404.3
23933,536.7
23934,486.7
23935,990.6
23936,1655.9
23937,1793.7
23938,1838.1
23939,2168.1
23940,2586.4
23941,2470.3
23942,1641.1
23943,1584
23944,2039.6
23945,1299.9
23946,1089.1
23947,833
23948,911.2
23949,533.7
23950,417.6
23951,403
23952,414.9
23953,403.7
23954,414.6
23955,404.4
23956,413.9
23957,527
23958,499.2
23959,988.8
23960,1660.8
23961,1794.5
23962,1837.4
23963,2169.6
23964,2588.9
23965,2470.7
23966,1642.8
23967,1589.2
23968,2040.8
23969,1307.1
23970,1082.6
23971,833.8
23972,911.8
23973,545.7
23974,404
23975,415.6
23976,402.9
23977,415.9
23978,403.6
23979,415.8
23980,404.3
23981,538.4
23982,486.9
23983,995.8
23984,1658.7
23985,1798.5
23986,1842.7
23987,2171.7
23988,2593
23989,2476.6
23990,1645.2
23991,1590.6
23992,2042
23993,1307
23994,1087.9
23995,834.7
23996,913
23997,539.5
23998,412.7
23999,405.5
24000,413.5
24001,402.8
24002,416.8
24003,403.5
24004,416.1
24005,526.9
24006,500.9
24007,990.7
24008,1665.3
24009,1799
24010,1842
24011,2178.6
24012,2595.3
24013,2477.5
24014,1645.8
24015,1590.7
24016,2050.5
24017,1305.8
24018,1086.8
24019,834.5
24020,916.6
24021,544.1
24022,415
24023,406.9
24024,412.3
24025,407.9
24026,411.9
24027,408.6
24028,403.7
24029,539.3
24030,498.2
24031,992.4
24032,1665.4
24033,1803
24034,1845
24035,2174.3
24036,2600.1
24037,2483.4
24038,1649.6
24039,1595.1
24040,2046.7
24041,1313.9
24042,1086.9
24043,836.9
24044,915.1
24045,546.1
24046,406.8
24047,414.8
24048,405.3
24049,415.6
24050,406.2
24051,414.4
24052,406.9
24053,538.5
24054,489.8
24055,664.3
24056,831.1
24057,1080.6
24058,1002
24059,1175.5
24060,1045.5
24061,1001.7
24062,836.6
24063,751.4
24064,791.2
24065,493.7
24066,499.8
24067,497.1
24068,490.8
24069,581.2
24070,407.2
24071,416
24072,364.4
24073,372.3
24074,365.6
24075,370.5
24076,367.5
24077,494.5
24078,369.9
24079,362.4
24080,374.9
24081,364.2
24082,372.6
24083,447.9
24084,456.7
24085,571.7
24086,460.8
24087,364.5
24088,374
24089,364.9
24090,371.7
24091,366.8
24092,361.6
24093,499.4
24094,363.7
24095,375.9
24096,404.2
24097,417.5
24098,405.8
24099,416
24100,406.7
24101,540
24102,489.9
24103,1000
24104,1670.9
24105,1811.2
24106,1855.7
24107,2186.7
24108,2611.4
24109,2494.1
24110,1656.4
24111,1601.3
24112,2055.9
24113,1318.4
24114,1091.7
24115,839.7
24116,918.4
24117,547.2
24118,409.4
24119,415.4
24120,408
24121,413.5
24122,409.2
24123,412.9
24124,409.9
24125,539
24126,493
24127,996.7
24128,1676.9
24129,1811.4
24130,1856.2
24131,2194.8
24132,2615.5
24133,2497.6
24134,1658.9
24135,1602.8
24136,2060.1
24137,1315
24138,1097.9
24139,841.2
24140,919.7
24141,539.9
24142,417.7
24143,404.2
24144,418.8
24145,405.4
24146,418.4
24147,406
24148,417.7
24149,530
24150,503.9
24151,998.3
24152,1679.3
24153,1814.4
24154,1857.6
24155,2199.1
24156,2618.4
24157,2499.8
24158,1661.3
24159,1602
24160,2068.8
24161,1313.1
24162,1103.3
24163,841.8
24164,921.1
24165,539.1
24166,420.1
24167,405.9
24168,417.7
24169,407.1
24170,417.3
24171,407.6
24172,416.7
24173,532
24174,503
24175,1000
24176,1681.6
24177,1817.1
24178,1860.6
24179,2200
24180,2623.1
24181,2503.8
24182,1662.9
24183,1605.1
24184,2073.3
24185,1316.1
24186,1101.8
24187,843.2
24188,924.5
24189,540.9
24190,419
24191,407.3
24192,417.7
24193,408.2
24194,416.8
24195,408.7
24196,416.2
24197,533.3
24198,502.9
24199,1001.4
24200,1683.7
24201,1820.5
24202,1863.6
24203,2202
24204,2627.7
24205,2507.9
24206,1665.1
24207,1609.2
24208,2075.4
24209,1319.3
24210,1101.3
24211,843.7
24212,926.5
24213,543.3
24214,419.2
24215,408.1
24216,416.9
24217,409
24218,416.7
24219,409.6
24220,416
24221,534.4
24222,503.3
24223,664.5
24224,835.7
24225,1098.2
24226,1012.4
24227,1177.1
24228,1057.4
24229,1017.8
24230,843.8
24231,753.2
24232,793.7
24233,508.9
24234,500.8
24235,494.1
24236,502.3
24237,575.1
24238,423
24239,406.3
24240,378.1
24241,365.6
24242,376.3
24243,367.3
24244,373.2
24245,493.5
24246,375.3
24247,369
24248,363.9
24249,378.6
24250,365.6
24251,459.4
24252,450.5
24253,586.6
24254,459.8
24255,371
24256,364.3
24257,377.2
24258,366
24259,374.9
24260,367.7
24261,499.8
24262,369.8
24263,372.7
24264,369.5
24265,364.7
24266,377.4
24267,366.4
24268,375.1
24269,492.8
24270,377.3
24271,368
24272,372.9
24273,369.8
24274,364.7
24275,461
24276,449.8
24277,587.8
24278,461.8
24279,369.9
24280,365.7
24281,377.4
24282,365
24283,376.9
24284,366.7
24285,501.7
24286,368.5
24287,374.9
24288,409.8
24289,416.9
24290,411.6
24291,416.2
24292,412.3
24293,543.6
24294,496.2
24295,1006.6
24296,1695.3
24297,1831.6
24298,1879.5
24299,2217.6
24300,2645.7
24301,2526.7
24302,1677.1
24303,1621.3
24304,2082.2
24305,1334.7
24306,1104
24307,849
24308,928.7
24309,552.6
24310,410.5
24311,419.6
24312,409.2
24313,419.4
24314,410.1
24315,418.8
24316,410.6
24317,545.1
24318,495.2
24319,1012
24320,1696
24321,1840.3
24322,1880.6
24323,2217.1
24324,2650.3
24325,2531.1
24326,1679.8
24327,1624.4
24328,2086.8
24329,1335.5
24330,1105.6
24331,849.9
24332,929.9
24333,554
24334,413.4
24335,417.2
24336,408.3
24337,421.5
24338,407.9
24339,422.1
24340,408.3
24341,547.5
24342,503.9
24343,1010.9
24344,1698.8
24345,1840.3
24346,1882
24347,2222.4
24348,2656
24349,2534.3
24350,1681.6
24351,1626.4
24352,2096.2
24353,1332
24354,1112.3
24355,851.8
24356,934.6
24357,545.4
24358,421.9
24359,410.1
24360,419.5
24361,411.1
24362,419.5
24363,411.6
24364,419.1
24365,537.7
24366,507.4
24367,1012
24368,1703.8
24369,1841.4
24370,1885.5
24371,2231.7
24372,2659.8
24373,2539.2
24374,1687.3
24375,1626.4
24376,2096.8
24377,1337.2
24378,1113.4
24379,852.5
24380,933
24381,552.9
24382,414.8
24383,417.8
24384,413
24385,417.9
24386,414
24387,415.2
24388,416.6
24389,545.7
24390,499.5
24391,675.5
24392,847.1
24393,1103.3
24394,1022.4
24395,1199.8
24396,1067.1
24397,1022.1
24398,852.6
24399,765.5
24400,806.2
24401,508.8
24402,499
24403,505.8
24404,497
24405,591.6
24406,411.4
24407,423.2
24408,367
24409,379.5
24410,368.3
24411,377.4
24412,370
24413,504
24414,371.9
24415,375.4
24416,371.5
24417,366.4
24418,379.9
24419,452.2
24420,465.4
24421,589.4
24422,458.8
24423,376.6
24424,371.6
24425,366.4
24426,379.8
24427,368.1
24428,378
24429,495.9
24430,380.6
24431,369.6
24432,418.7
24433,413.9
24434,419.3
24435,414.3
24436,418.9
24437,541.2
24438,508.2
24439,1017.2
24440,1712.9
24441,1851.5
24442,1896
24443,2242.7
24444,2675.3
24445,2553.7
24446,1696.4
24447,1635.3
24448,2108.5
24449,1346.7
24450,1116.4
24451,856.5
24452,937.5
24453,555.3
24454,415.6
24455,419.1
24456,414.1
24457,419.8
24458,415
24459,419.1
24460,415.5
24461,547.7
24462,500.8
24463,1017.9
24464,1716.3
24465,1856
24466,1904.1
24467,2243.6
24468,2680
24469,2559.4
24470,1697.7
24471,1641.6
24472,2111.6
24473,1347.1
24474,1116.3
24475,858
24476,942
24477,555.9
24478,422.9
24479,413.5
24480,420.7
24481,414.4
24482,420.7
24483,414.8
24484,419.9
24485,542.6
24486,510.1
24487,1020.5
24488,1719.2
24489,1858.4
24490,1903
24491,2252.5
24492,2685.7
24493,2563.8
24494,1701.8
24495,1643.7
24496,2113.7
24497,1352.6
24498,1119.1
24499,859.3
24500,940.4
24501,557.9
24502,414.9
24503,422.1
24504,413.5
24505,421.9
24506,414.4
24507,421.2
24508,414.8
24509,550.3
24510,500.5
24511,1025
24512,1721.3
24513,1865.4
24514,1910.5
24515,2249.2
24516,2692.5
24517,2568.8
24518,1703.5
24519,1646.9
24520,2124.8
24521,1347
24522,1129.5
24523,860.8
24524,942.4
24525,548.8
24526,427
24527,411.5
24528,424.7
24529,412.4
24530,424.2
24531,412.8
24532,425.2
24533,540.7
24534,513.2
24535,1023.6
24536,1726
24537,1865.2
24538,1912.7
24539,2260
24540,2696
24541,2574.5
24542,1707.4
24543,1650.8
24544,2122.1
24545,1356.9
24546,1121.8
24547,862.1
24548,944.2
24549,560.9
24550,423.5
24551,415.6
24552,421.5
24553,416.3
24554,420.7
24555,417.6
24556,415.7
24557,549.8
24558,511.2
24559,675.2
24560,855.7
24561,1124.6
24562,1035.6
24563,1204.9
24564,1086.4
24565,1036.7
24566,862.7
24567,773.2
24568,814.9
24569,507.2
24570,511.1
24571,499.8
24572,513
24573,595.5
24574,418.2
24575,422.2
24576,373.1
24577,377.6
24578,374.4
24579,368.9
24580,382.7
24581,498.5
24582,385.1
24583,370.2
24584,380.3
24585,371.8
24586,378.9
24587,458.8
24588,466.8
24589,587.6
24590,471
24591,371.3
24592,381.1
24593,371.7
24594,379
24595,373.2
24596,370.7
24597,509.2
24598,378
24599,376
24600,412.2
24601,426.7
24602,413.7
24603,426.4
24604,414.1
24605,555
24606,511.6
24607,1030.1
24608,1735
24609,1877.2
24610,1922.3
24611,2272.9
24612,2713.7
24613,2590.1
24614,1718.8
24615,1659.6
24616,2134.6
24617,1364.9
24618,1129.3
24619,866.5
24620,948.5
24621,562.2
24622,416.2
24623,425.7
24624,414.9
24625,425.6
24626,415.7
24627,425.3
24628,416.1
24629,554.8
24630,502.8
24631,1039.9
24632,1736.3
24633,1884
24634,1925.8
24635,2275.9
24636,2719.8
24637,2595.5
24638,1723.1
24639,1661.3
24640,2140.8
24641,1367.7
24642,1131.3
24643,868
24644,950.1
24645,563.3
24646,417.4
24647,425.4
24648,416
24649,425.5
24650,416.8
24651,425.2
24652,417.1
24653,555.3
24654,503.8
24655,1039.5
24656,1740.8
24657,1888
24658,1930.3
24659,2280.1
24660,2725.7
24661,2601.1
24662,1726.5
24663,1664.7
24664,2145.3
24665,1370.4
24666,1133.4
24667,869.5
24668,951.8
24669,564
24670,417.8
24671,426.1
24672,416.3
24673,426.2
24674,417.1
24675,425.9
24676,417.4
24677,556.3
24678,504.3
24679,1042.6
24680,1744
24681,1892
24682,1933.6
24683,2285.6
24684,2731.4
24685,2606.7
24686,1729.6
24687,1669.3
24688,2148
24689,1373.1
24690,1135.3
24691,871.2
24692,953.5
24693,565.1
24694,417.4
24695,427.5
24696,415.9
24697,427.7
24698,416.7
24699,427.4
24700,417
24701,557.6
24702,509.3
24703,1041.7
24704,1748.4
24705,1893.7
24706,1937.5
24707,2292.5
24708,2736.9
24709,2612.4
24710,1731.3
24711,1673.4
24712,2151.4
24713,1376
24714,1137.3
24715,872.6
24716,955.1
24717,565.5
24718,420.7
24719,424.8
24720,416.9
24721,427.9
24722,415.6
24723,429.6
24724,415.8
24725,559.3
24726,516.2
24727,680.2
24728,867.3
24729,1141
24730,1049
24731,1220.9
24732,1101.8
24733,1049.3
24734,872.7
24735,782.4
24736,825
24737,511.1
24738,516.6
24739,512.7
24740,509.6
24741,602.7
24742,420.2
24743,427.8
24744,374.3
24745,382.5
24746,375.5
24747,380.6
24748,377.1
24749,512.4
24750,378.9
24751,371.5
24752,385.8
24753,373
24754,383.2
24755,461.3
24756,472.6
24757,600.4
24758,468.5
24759,379.9
24760,379
24761,372.3
24762,384.8
24763,373.8
24764,382.9
24765,505.5
24766,385.8
24767,374.9
24768,425.7
24769,420.5
24770,426.7
24771,420.7
24772,426.4
24773,551.5
24774,518.2
24775,1042.9
24776,1760.8
24777,1903.6
24778,1950
24779,2309
24780,2753.1
24781,2628.8
24782,1741.7
24783,1684
24784,2172.1
24785,1376.8
24786,1152.7
24787,877.5
24788,961.3
24789,559.1
24790,430.9
24791,419.3
24792,428
24793,416.8
24794,431.6
24795,417
24796,431.4
24797,558.5
24798,511.4
24799,1044.1
24800,1764.6
24801,1910.9
24802,1959.3
24803,2306.8
24804,2762.2
24805,2635.4
24806,1747.9
24807,1686
24808,2172.8
24809,1386.8
24810,1146.4
24811,879
24812,962.4
24813,569.6
24814,419.9
24815,430.4
24816,418
24817,430.9
24818,418.8
24819,430.6
24820,419
24821,562.3
24822,517.9
24823,1047.6
24824,1768.3
24825,1912
24826,1957.8
24827,2319.4
24828,2765.5
24829,2640.4
24830,1749.3
24831,1691
24832,2178.1
24833,1386.1
24834,1152.2
24835,882.8
24836,966.7
24837,560.3
24838,432.8
24839,418.5
24840,430.4
24841,419.3
24842,430.9
24843,419.5
24844,431.6
24845,551.1
24846,522.6
24847,1048.5
24848,1772
24849,1916.6
24850,1968.3
24851,2317.3
24852,2774.6
24853,2647.2
24854,1755.1
24855,1693.3
24856,2182.9
24857,1392.5
24858,1150.9
24859,882.2
24860,966
24861,571.6
24862,420.8
24863,432.1
24864,419.2
24865,431.9
24866,419.9
24867,431.7
24868,420.1
24869,563.8
24870,519.4
24871,1051.6
24872,1775.8
24873,1920.2
24874,1966.1
24875,2329.7
24876,2776.8
24877,2653
24878,1756.6
24879,1698.1
24880,2190.2
24881,1388.8
24882,1161.8
24883,884
24884,968.6
24885,563.7
24886,431.7
24887,426.5
24888,425.1
24889,424.4
24890,428.3
24891,418.8
24892,433.9
24893,562.2
24894,513.9
24895,698.7
24896,878.4
24897,1146.7
24898,1067
24899,1243.9
24900,1108.2
24901,1063.8
24902,885.4
24903,788.8
24904,835.7
24905,527.2
24906,519.6
24907,512.4
24908,521.2
24909,607.1
24910,428.2
24911,427.4
24912,381.3
24913,374.9
24914,388
24915,376.3
24916,387.1
24917,510.1
24918,388.8
24919,377.3
24920,385.3
24921,378.7
24922,377.2
24923,473.9
24924,475.2
24925,601.1
24926,480.5
24927,377.5
24928,386.1
24929,377.5
24930,385
24931,378.9
24932,376.3
24933,520.1
24934,381.7
24935,383.5
24936,419.3
24937,434.1
24938,420.7
24939,433.7
24940,420.9
24941,433.6
24942,563.1
24943,516.8
24944,1056.4
24945,1787.2
24946,1937.6
24947,1983.2
24948,2340.1
24949,2799.6
24950,2671.5
24951,1768.3
24952,1708.9
24953,2199
24954,1404
24955,1158.9
24956,890.1
24957,979.5
24958,568
24959,434.2
24960,422.3
24961,432.6
24962,423
24963,432.7
24964,423.2
24965,433.1
24966,556.3
24967,525.9
24968,1058.9
24969,1791.2
24970,1937.4
24971,1990.3
24972,2343.5
24973,2806.6
24974,2677.6
24975,1774.5
24976,1712.7
24977,2203.4
24978,1407.7
24979,1161.6
24980,890.2
24981,976.5
24982,575.4
24983,433.8
24984,424.2
24985,432.3
24986,424.9
24987,432.2
24988,425.1
24989,432
24990,558.5
24991,526.2
24992,1061.4
24993,1795.2
24994,1940.6
24995,1993.4
24996,2350.3
24997,2812.4
24998,2683.8
24999,1779.1
25000,1716
25001,2209.3
25002,1410.4
25003,1164.1
25004,892.2
25005,977.1
25006,577.7
25007,433.8
25008,425.3
25009,432.3
25010,426
25011,432.2
25012,426.1
25013,432.1
25014,559.9
25015,526.1
25016,1063.5
25017,1799
25018,1945
25019,1997.2
25020,2356.2
25021,2818.6
25022,2690
25023,1783.1
25024,1719.9
25025,2214
25026,1413.4
25027,1166.5
25028,893.6
25029,979.2
25030,578.5
25031,434.7
25032,425.6
25033,433.2
25034,426.3
25035,433.1
25036,426.4
25037,433
25038,560.5
25039,527.3
25040,1065.7
25041,1803.1
25042,1949.2
25043,2002.8
25044,2360.3
25045,2826.1
25046,2696.3
25047,1786.3
25048,1723.9
25049,2218.2
25050,1416.7
25051,1168.6
25052,895.4
25053,985.6
25054,574.5
25055,437.1
25056,425
25057,389.4
25058,380.8
25059,387
25060,382.2
25061,377.4
25062,525.9
25063,381.3
25064,389.9
25065,378.2
25066,390.5
25067,379.5
25068,479.4
25069,470.7
25070,616.9
25071,481.8
25072,382.8
25073,380.5
25074,387.7
25075,377.9
25076,391
25077,379.2
25078,524.7
25079,380.9
25080,389.8
25081,380.5
25082,387.8
25083,381.8
25084,387.6
25085,383.2
25086,523.3
25087,384.8
25088,383.4
25089,386.5
25090,378.2
25091,390.6
25092,469.3
25093,483
25094,615.5
25095,475.8
25096,390.6
25097,382.2
25098,386.3
25099,383.7
25100,377.9
25101,391.7
25102,513.9
25103,394.7
25104,378.6
25105,436.2
25106,425.5
25107,437.1
25108,425.6
25109,437.1
25110,565
25111,527
25112,1071.6
25113,1814.8
25114,1967.8
25115,2014.1
25116,2378.9
25117,2845.1
25118,2713.1
25119,1795.3
25120,1735.3
25121,2239.7
25122,1418
25123,1185.9
25124,901.2
25125,987.2
25126,579.2
25127,430.3
25128,435.3
25129,428.8
25130,436
25131,428.8
25132,435.9
25133,428.8
25134,572.4
25135,519.5
25136,1081.7
25137,1818.6
25138,1969.2
25139,2014.6
25140,2387.9
25141,2848.2
25142,2719.8
25143,1801.3
25144,1739.3
25145,2244.4
25146,1428
25147,1179.3
25148,902.5
25149,988.6
25150,581.8
25151,432.4
25152,433.2
25153,430.7
25154,434.1
25155,430.5
25156,434.2
25157,430.3
25158,570.1
25159,531
25160,1076.6
25161,1823
25162,1971.1
25163,2025.4
25164,2387.7
25165,2859.6
25166,2728
25167,1804.3
25168,1742.9
25169,2245.9
25170,1428.7
25171,1186.6
25172,907.6
25173,991.7
25174,572.9
25175,441.3
25176,429.2
25177,436.6
25178,429.9
25179,436.5
25180,430
25181,436.4
25182,573.1
25183,523
25184,1079
25185,1829.5
25186,1981.5
25187,2024
25188,2398.6
25189,2861.6
25190,2731.7
25191,1808.2
25192,1747.2
25193,2256.1
25194,1434.1
25195,1184.3
25196,906.1
25197,992.6
25198,584.5
25199,431.2
25200,436.6
25201,429.9
25202,437.2
25203,430
25204,437
25205,430.1
25206,573.3
25207,532.7
25208,1081
25209,1831.1
25210,1979.9
25211,2035.1
25212,2398.8
25213,2872.9
25214,2740.8
25215,1811.3
25216,1750.6
25217,2258.1
25218,1432.5
25219,1195.2
25220,908.2
25221,995.3
25222,582.9
25223,433.3
25224,436.1
25225,431.6
25226,436.7
25227,431.6
25228,436.8
25229,431.5
25230,575.8
25231,523.1
25232,716.8
25233,902.1
25234,1185.8
25235,1097.3
25236,1275
25237,1148.8
25238,1093.8
25239,908.2
25240,813.4
25241,857.8
25242,530.9
25243,529
25244,531.4
25245,522.6
25246,625
25247,440.4
25248,431.4
25249,389
25250,388.1
25251,381.3
25252,394.3
25253,382.5
25254,531.5
25255,384.1
25256,394.3
25257,383
25258,392.8
25259,384.3
25260,483.9
25261,477.2
25262,624.6
25263,486.5
25264,387.6
25265,380.9
25266,395.2
25267,382.2
25268,393.9
25269,383.4
25270,530.9
25271,385
25272,393.2
25273,430.2
25274,440.1
25275,430.9
25276,440.2
25277,430.9
25278,578.8
25279,529.9
25280,1090.9
25281,1843.5
25282,1993.8
25283,2044.3
25284,2418.3
25285,2891.9
25286,2760.2
25287,1825.2
25288,1761.7
25289,2272.7
25290,1443.5
25291,1201.5
25292,914.2
25293,1001.6
25294,583.9
25295,437
25296,438.1
25297,433.7
25298,438.4
25299,433.7
25300,438.3
25301,433.6
25302,578.4
25303,525.8
25304,1096.1
25305,1848.3
25306,2000.1
25307,2046.4
25308,2426.4
25309,2896.1
25310,2766.7
25311,1831.4
25312,1766.2
25313,2275
25314,1449.4
25315,1199
25316,919
25317,1005
25318,577.9
25319,445.4
25320,428.7
25321,444.1
25322,430.6
25323,442.8
25324,433.6
25325,439.8
25326,578.8
25327,527.8
25328,1093.6
25329,1856.9
25330,2004.3
25331,2051.1
25332,2431.8
25333,2901.7
25334,2773.3
25335,1835.8
25336,1770.4
25337,2279.8
25338,1453.5
25339,1200
25340,920.2
25341,1008.9
25342,579.3
25343,445.7
25344,429.7
25345,398.1
25346,383.9
25347,396.5
25348,385
25349,394.5
25350,524.7
25351,397.1
25352,385.5
25353,393.9
25354,386.6
25355,392.3
25356,480.3
25357,488.2
25358,618.9
25359,493.4
25360,384.5
25361,396.9
25362,384.2
25363,395
25364,385.4
25365,394
25366,525.1
25367,397.3
25368,385.8
25369,441.1
25370,433.9
25371,442
25372,433.7
25373,442.1
25374,572.4
25375,539.5
25376,1096
25377,1859.6
25378,2017.2
25379,2064
25380,2442.2
25381,2915.7
25382,2782.6
25383,1844.4
25384,1777.4
25385,2294.5
25386,1459.3
25387,1203.2
25388,919.9
25389,1014.1
25390,586.7
25391,444.6
25392,432.6
25393,443.5
25394,433.1
25395,443.8
25396,432.9
25397,444.5
25398,575.5
25399,537.7
25400,724.8
25401,914.7
25402,1197.3
25403,1116.6
25404,1296.1
25405,1157.4
25406,1116.6
25407,921.1
25408,823.8
25409,869.7
25410,532.7
25411,539.7
25412,536.4
25413,529.5
25414,631.6
25415,437.3
25416,442.4
25417,385
25418,398.5
25419,385.4
25420,397.3
25421,386.5
25422,536.8
25423,388
25424,396.9
25425,386.8
25426,395.5
25427,388
25428,488.4
25429,482.5
25430,631.9
25431,490.7
25432,391.7
25433,384.2
25434,398.6
25435,385.4
25436,397.3
25437,386.5
25438,536.8
25439,388
25440,396.9
25441,434
25442,444.7
25443,434.6
25444,444.8
25445,434.4
25446,585.7
25447,538.9
25448,1103.9
25449,1872.1
25450,2024.9
25451,2081.2
25452,2455.4
25453,2940.7
25454,2802.5
25455,1851.5
25456,1789.4
25457,2314.3
25458,1468.2
25459,1211.7
25460,925.5
25461,1014.5
25462,595.2
25463,445
25464,436.3
25465,443.8
25466,436.7
25467,444
25468,436.5
25469,444.2
25470,576.5
25471,542.6
25472,1104.9
25473,1876
25474,2035.8
25475,2081.8
25476,2465
25477,2942
25478,2810.7
25479,1860.2
25480,1795
25481,2311.4
25482,1471.7
25483,1217.2
25484,932.2
25485,1017.8
25486,587.3
25487,446.4
25488,442.1
25489,438.9
25490,443
25491,438.7
25492,443.6
25493,438.5
25494,585.9
25495,532.4
25496,1115
25497,1881.7
25498,2033.8
25499,2086.4
25500,2468.5
25501,2954.2
25502,2817.9
25503,1860
25504,1796.6
25505,2325.2
25506,1471.2
25507,1219.9
25508,929.1
25509,1018.7
25510,596.8
25511,439
25512,444.3
25513,439.5
25514,442.9
25515,442.3
25516,440.4
25517,444.1
25518,579.7
25519,543.5
25520,1109.7
25521,1884.3
25522,2043.1
25523,2092.7
25524,2475.5
25525,2956.1
25526,2823.2
25527,1868.4
25528,1803.4
25529,2321.7
25530,1477.6
25531,1223.3
25532,934.8
25533,1021.9
25534,592.3
25535,444.2
25536,444
25537,439.6
25538,444.2
25539,439.4
25540,444.6
25541,439.1
25542,588.3
25543,533.5
25544,1121
25545,1888.9
25546,2043.3
25547,2096.8
25548,2478.6
25549,2968.4
25550,2829.1
25551,1867.8
25552,1805
25553,2335.1
25554,1480.7
25555,1221.3
25556,932.6
25557,1023.8
25558,598.2
25559,448.3
25560,437.7
25561,447.1
25562,438
25563,447.9
25564,437.7
25565,447.3
25566,579.1
25567,546.7
25568,734
25569,927
25570,1214.6
25571,1133.5
25572,1314
25573,1176.8
25574,1130
25575,933.2
25576,834.6
25577,881.3
25578,544.7
25579,538.6
25580,543.4
25581,533.5
25582,639.6
25583,449.8
25584,438.5
25585,399.3
25586,391.4
25587,397
25588,392.7
25589,387.6
25590,543.9
25591,398.3
25592,393.7
25593,387.7
25594,401.4
25595,388.7
25596,495.7
25597,487.1
25598,637.9
25599,498.8
25600,391
25601,400
25602,390.5
25603,398.3
25604,391.6
25605,394.9
25606,536.6
25607,400.6
25608,391.7
25609,446
25610,440.8
25611,447.1
25612,440.5
25613,447.4
25614,582.5
25615,547.2
25616,1118.2
25617,1900.6
25618,2063.9
25619,2108.3
25620,2498.2
25621,2983.3
25622,2851.2
25623,1883.1
25624,1816.9
25625,2347.7
25626,1484.6
25627,1237.1
25628,938.3
25629,1028.9
25630,601
25631,439.6
25632,450.1
25633,437.9
25634,450.5
25635,437.6
25636,451.1
25637,439.2
25638,592.5
25639,547.7
25640,1120.9
25641,1904.8
25642,2065.2
25643,2115.8
25644,2503.8
25645,2988.9
25646,2857.2
25647,1888.7
25648,1820.9
25649,2351.1
25650,1488.4
25651,1240.5
25652,940.1
25653,1031
25654,601.9
25655,441.1
25656,449.8
25657,439.3
25658,450.7
25659,439
25660,451.5
25661,438.7
25662,594.7
25663,547.4
25664,1123.2
25665,1909
25666,2068.2
25667,2121.6
25668,2509.1
25669,2995.7
25670,2863
25671,1893.2
25672,1824.8
25673,2356
25674,1491.8
25675,1242.9
25676,941.9
25677,1033
25678,602.7
25679,441.7
25680,450.4
25681,439.9
25682,451.3
25683,439.6
25684,452.1
25685,439.2
25686,595.6
25687,548.2
25688,1125.4
25689,1913
25690,2073
25691,2125.8
25692,2514.8
25693,3002.2
25694,2870
25695,1896.6
25696,1828.6
25697,2362.2
25698,1493.8
25699,1245.5
25700,943.6
25701,1034.8
25702,603.7
25703,441.5
25704,452.1
25705,439.6
25706,452.2
25707,439.3
25708,452.9
25709,441.1
25710,594.8
25711,549.9
25712,1127.4
25713,1916.9
25714,2079.5
25715,2128.5
25716,2520.2
25717,3009.8
25718,2876.9
25719,1898.8
25720,1831.7
25721,2370.4
25722,1498.3
25723,1243.8
25724,945.1
25725,1036.6
25726,605.6
25727,448.6
25728,445.6
25729,449.6
25730,443.8
25731,450
25732,443.4
25733,450.3
25734,587
25735,551.4
25736,742.5
25737,939.3
25738,1232
25739,1146.7
25740,1334.9
25741,1192.8
25742,1145.9
25743,945.5
25744,845.6
25745,892.4
25746,553.1
25747,541.4
25748,549.6
25749,541
25750,644.6
25751,454.6
25752,441.5
25753,403.3
25754,393.5
25755,402
25756,394.5
25757,400.9
25758,539.8
25759,404.6
25760,394.4
25761,401
25762,395.3
25763,393.5
25764,498.3
25765,500.2
25766,636.7
25767,505.5
25768,392.3
25769,405.2
25770,391.7
25771,403.6
25772,392.7
25773,402.8
25774,538
25775,406
25776,392.6
25777,452
25778,442.3
25779,454.1
25780,441.9
25781,453.5
25782,596.1
25783,544.7
25784,1133.9
25785,1934.3
25786,2090.6
25787,2140.7
25788,2534.8
25789,3035.7
25790,2891.2
25791,1909.5
25792,1846.9
25793,2381.3
25794,1511.9
25795,1249.6
25796,954.9
25797,1043.7
25798,606.1
25799,447.5
25800,450.9
25801,445.2
25802,451.7
25803,444.8
25804,452
25805,444.4
25806,599
25807,548
25808,1139.8
25809,1933.2
25810,2092.2
25811,2150.4
25812,2541.4
25813,3035.9
25814,2901.3
25815,1916.3
25816,1847.6
25817,2389
25818,1510.4
25819,1254.6
25820,952
25821,1044.4
25822,609.3
25823,451.5
25824,447.3
25825,452
25826,445.9
25827,452.4
25828,445.5
25829,452.8
25830,590.4
25831,554.9
25832,1137.7
25833,1938.4
25834,2103
25835,2147.6
25836,2547.2
25837,3047.5
25838,2905.6
25839,1915.5
25840,1853.6
25841,2394
25842,1517.9
25843,1251.4
25844,959.3
25845,1049.3
25846,602.5
25847,454.2
25848,452
25849,447.2
25850,451.9
25851,446.7
25852,453
25853,446.3
25854,600.5
25855,545.3
25856,1148.4
25857,1941.2
25858,2100.1
25859,2159.9
25860,2551.8
25861,3049
25862,2913.8
25863,1923.3
25864,1855.7
25865,2399.9
25866,1517.2
25867,1257.6
25868,955.4
25869,1048
25870,610.9
25871,455.1
25872,446
25873,454
25874,446.1
25875,454.4
25876,445.7
25877,455.6
25878,591.2
25879,557.2
25880,1141.7
25881,1948.8
25882,2109.8
25883,2157.6
25884,2556.7
25885,3062
25886,2915.6
25887,1926.6
25888,1862.4
25889,2400.2
25890,1522.9
25891,1263.9
25892,957.9
25893,1050.7
25894,610.5
25895,447.7
25896,454.8
25897,445.7
25898,455.8
25899,445.3
25900,456.3
25901,444.8
25902,604.2
25903,555.5
25904,748.4
25905,953.6
25906,1249.7
25907,1154.6
25908,1360.2
25909,1205.4
25910,1163.9
25911,958
25912,855.6
25913,903.9
25914,554.7
25915,551.4
25916,554.8
25917,544.6
25918,654.1
25919,458.5
25920,445.9
25921,407.7
25922,397
25923,404.9
25924,397.9
25925,403.8
25926,545.5
25927,407.7
25928,397.6
25929,404.2
25930,398.4
25931,397.7
25932,501.9
25933,505.2
25934,643.5
25935,510.5
25936,395.1
25937,408.9
25938,394.4
25939,407.9
25940,395.3
25941,407.6
25942,542.8
25943,410.8
25944,394.9
25945,456.6
25946,445.3
25947,458.4
25948,444.8
25949,458.9
25950,602.8
25951,548.9
25952,1154
25953,1959.9
25954,2117.5
25955,2176.4
25956,2571.6
25957,3076.3
25958,2937.1
25959,1939.5
25960,1870.4
25961,2419.6
25962,1529.5
25963,1266.3
25964,962.2
25965,1055.5
25966,615.2
25967,457.9
25968,447.6
25969,456.8
25970,447.6
25971,457
25972,447.1
25973,457.8
25974,601.7
25975,552.8
25976,1150.2
25977,1966.5
25978,2124.3
25979,2177.9
25980,2577.4
25981,3084.7
25982,2941.3
25983,1945.3
25984,1873.1
25985,2423.1
25986,1531.4
25987,1271.5
25988,963.8
25989,1057.6
25990,614.7
25991,457.6
25992,449.1
25993,456.5
25994,449.1
25995,457
25996,448.6
25997,457.7
25998,595.7
25999,561
26000,1152.1
26001,1968.8
26002,2129.4
26003,2181.6
26004,2582.8
26005,3091.9
26006,2946.5
26007,1948.9
26008,1877.5
26009,2427.4
26010,1534.1
26011,1274.6
26012,965.5
26013,1059.5
26014,616.4
26015,458
26016,449.9
26017,456.9
26018,449.8
26019,457.4
26020,449.3
26021,458
26022,596.6
26023,561.7
26024,1154.2
26025,1972.5
26026,2134.2
26027,2185.3
26028,2588
26029,3097.8
26030,2952.8
26031,1953
26032,1880.8
26033,2432.5
26034,1537.5
26035,1275.4
26036,967.1
26037,1061.2
26038,617.2
26039,459.1
26040,449.7
26041,458.1
26042,449.7
26043,458.6
26044,449.1
26045,458.7
26046,599.3
26047,560.3
26048,1155.9
26049,1978
26050,2136.8
26051,2191
26052,2592.8
26053,3102.5
26054,2960.2
26055,1955.2
26056,1884.2
26057,2439.2
26058,1541.8
26059,1274
26060,968.6
26061,1065.2
26062,616.5
26063,461
26064,448.8
26065,459.7
26066,448.8
26067,460.1
26068,448.2
26069,460.9
26070,607.3
26071,553.2
26072,760
26073,962.4
26074,1272.9
26075,1171.2
26076,1372.7
26077,1225.6
26078,1168.6
26079,971
26080,866.1
26081,916.9
26082,561.8
26083,560.6
26084,557.6
26085,554
26086,659.9
26087,451.3
26088,460.8
26089,398.2
26090,410.4
26091,398.2
26092,410.1
26093,399
26094,559.3
26095,400.2
26096,411
26097,398.5
26098,409.8
26099,399.3
26100,509.1
26101,499.7
26102,661
26103,513.2
26104,400.6
26105,409.1
26106,399.8
26107,408.2
26108,400.6
26109,407.3
26110,550.3
26111,411.3
26112,400.1
26113,408.3
26114,401.3
26115,407.4
26116,402.1
26117,400.1
26118,558
26119,410.5
26120,401.6
26121,406.8
26122,402.7
26123,399.2
26124,510.3
26125,510.2
26126,651.3
26127,515.6
26128,398.6
26129,412.4
26130,397.8
26131,411.5
26132,398.5
26133,410.5
26134,548.5
26135,414.6
26136,398
26137,461.7
26138,449.1
26139,463.1
26140,455.1
26141,457
26142,610.4
26143,554.1
26144,1173.7
26145,1986.7
26146,2149.3
26147,2211.6
26148,2613.6
26149,3124.5
26150,2985.6
26151,1964.4
26152,1899.7
26153,2456.3
26154,1555.1
26155,1285.5
26156,978.7
26157,1071.2
26158,620.4
26159,454.1
26160,460.6
26161,451.8
26162,461.6
26163,451.2
26164,462.2
26165,450.5
26166,613.2
26167,563.9
26168,1166.9
26169,1989.5
26170,2162.5
26171,2206.4
26172,2618.3
26173,3136.3
26174,2985.6
26175,1974.5
26176,1903.4
26177,2459.8
26178,1554.5
26179,1288.6
26180,976.6
26181,1071.8
26182,622.9
26183,462.9
26184,452.2
26185,462.5
26186,452.1
26187,462.1
26188,451.4
26189,462.7
26190,611
26191,557.4
26192,1171.2
26193,1999.1
26194,2157.7
26195,2219.1
26196,2622.3
26197,3135.4
26198,2997.4
26199,1972.4
26200,1904.3
26201,2467.2
26202,1560.5
26203,1287.8
26204,983.6
26205,1074.9
26206,621.3
26207,455.8
26208,461
26209,453.3
26210,462.2
26211,452.6
26212,462.8
26213,451.9
26214,614.7
26215,565.2
26216,1170.8
26217,1996.6
26218,2170
26219,2214.4
26220,2627.7
26221,3148.1
26222,2996.5
26223,1982.2
26224,1909.1
26225,2469.8
26226,1560.8
26227,1290.7
26228,979.5
26229,1077.7
26230,622.1
26231,464.4
26232,452.2
26233,464.3
26234,452.1
26235,464
26236,451.4
26237,465
26238,612.9
26239,557.7
26240,768
26241,972.9
26242,1288.9
26243,1184.1
26244,1392.9
26245,1236.4
26246,1185.7
26247,985.4
26248,875.4
26249,924.6
26250,560.8
26251,567.1
26252,564.3
26253,556
26254,667.5
26255,465.5
26256,453.9
26257,412.1
26258,403.2
26259,410.5
26260,404
26261,409.4
26262,555.9
26263,413.8
26264,403.3
26265,410.5
26266,404
26267,409.3
26268,505.6
26269,514.5
26270,662.4
26271,513.2
26272,411.7
26273,405.1
26274,408
26275,406.3
26276,399.8
26277,414.4
26278,561.7
26279,407.6
26280,407.9
26281,413.1
26282,400.6
26283,414.4
26284,401.3
26285,413.1
26286,553.3
26287,417.7
26288,400.6
26289,414.4
26290,401.3
26291,413
26292,502.8
26293,517.3
26294,666.7
26295,508.1
26296,415
26297,402.3
26298,412.5
26299,403
26300,411.8
26301,403.7
26302,564.2
26303,404.8
26304,412.6
26305,453.9
26306,464.8
26307,454
26308,465.4
26309,453.3
26310,617.8
26311,568.5
26312,1178.2
26313,2010.6
26314,2184.9
26315,2232.3
26316,2647.4
26317,3168.4
26318,3021.8
26319,1993.4
26320,1920.6
26321,2489.8
26322,1573.4
26323,1294.8
26324,990
26325,1088.1
26326,620.5
26327,464.2
26328,461.9
26329,457.3
26330,463.7
26331,456.5
26332,464
26333,455.8
26334,617.7
26335,567.7
26336,1180.7
26337,2014
26338,2187.6
26339,2235
26340,2651
26341,3176.3
26342,3024.7
26343,1998.7
26344,1924.7
26345,2493.2
26346,1575.7
26347,1297.4
26348,986.6
26349,1093.6
26350,617.8
26351,469.1
26352,458
26353,462.6
26354,462.7
26355,458.3
26356,463
26357,457.6
26358,617.9
26359,561.9
26360,1188.6
26361,2017.4
26362,2188.8
26363,2240.9
26364,2655.3
26365,3180.8
26366,3029.2
26367,2002.5
26368,1928.5
26369,2496.7
26370,1577.6
26371,1300.7
26372,988.3
26373,1092.8
26374,621.1
26375,468.8
26376,453.7
26377,467.9
26378,460.3
26379,461.8
26380,463.3
26381,458.7
26382,618.3
26383,560
26384,1192.8
26385,2020.8
26386,2191.4
26387,2245.5
26388,2659.7
26389,3185.7
26390,3034.3
26391,2005.6
26392,1932.1
26393,2500.5
26394,1580
26395,1303
26396,989.7
26397,1094.1
26398,622
26399,469.2
26400,454.2
26401,468.4
26402,460.7
26403,462.2
26404,463.7
26405,459.2
26406,619
26407,560.6
26408,1194.5
26409,2023.9
26410,2195.1
26411,2248.8
26412,2663.9
26413,3191.2
26414,3039.4
26415,2009
26416,1934.2
26417,2505.3
26418,1583
26419,1303.4
26420,990.8
26421,1098.1
26422,620.2
26423,470.5
26424,458
26425,465.4
26426,464.1
26427,459.7
26428,464.4
26429,458.9
26430,620.1
26431,564.4
26432,772.9
26433,988
26434,1302.2
26435,1197.5
26436,1411
26437,1252.3
26438,1205.7
26439,991
26440,885.6
26441,934.8
26442,576.6
26443,560.1
26444,572.2
26445,570.8
26446,671.7
26447,463.3
26448,464.3
26449,408.3
26450,413.1
26451,408.1
26452,411.2
26453,409.1
26454,567.2
26455,409.7
26456,412.1
26457,407.8
26458,411.9
26459,408.5
26460,515.6
26461,511.5
26462,673.3
26463,519.3
26464,410
26465,406.5
26466,413.2
26467,403.1
26468,417
26469,403.7
26470,570.8
26471,412.1
26472,410.5
26473,461.7
26474,462.7
26475,466.1
26476,459.3
26477,466.7
26478,612.1
26479,574.6
26480,1189.3
26481,2039.9
26482,2203
26483,2263.5
26484,2676.6
26485,3201.6
26486,3057.5
26487,2011.7
26488,1948.2
26489,2513.6
26490,1587
26491,1317.5
26492,995.3
26493,1092.8
26494,632.9
26495,469.2
26496,458.3
26497,468
26498,457.9
26499,469.5
26500,457.1
26501,469.5
26502,621.1
26503,565.2
26504,1198.4
26505,2038
26506,2205.6
26507,2265.4
26508,2680.5
26509,3210
26510,3058.5
26511,2020.9
26512,1946.9
26513,2520.4
26514,1592.4
26515,1310.8
26516,996.1
26517,1104.2
26518,622.8
26519,472.5
26520,464.5
26521,462.4
26522,466.3
26523,461.1
26524,467.1
26525,460.2
26526,623.1
26527,570.7
26528,1196.2
26529,2038.8
26530,2214.8
26531,2262.3
26532,2686
26533,3215.3
26534,3065.9
26535,2020.5
26536,1947.9
26537,2524.4
26538,1594.8
26539,1316.6
26540,1002.4
26541,1096.9
26542,632.6
26543,461.1
26544,468.7
26545,458.4
26546,469.9
26547,457.6
26548,470.3
26549,461
26550,620.9
26551,575.3
26552,1194.5
26553,2045.1
26554,2215.8
26555,2271.1
26556,2689
26557,3216.1
26558,3072.6
26559,2018.9
26560,1956.6
26561,2525.3
26562,1593.5
26563,1323.9
26564,999.2
26565,1097.1
26566,634.7
26567,470.3
26568,459.7
26569,469.7
26570,459.3
26571,470
26572,458.4
26573,470.5
26574,623.1
26575,567
26576,1203.2
26577,2046.6
26578,2215.5
26579,2274.5
26580,2692
26581,3224.9
26582,3072.3
26583,2029.6
26584,1953.6
26585,2531.5
26586,1598.8
26587,1315.3
26588,1004.8
26589,1104.4
26590,631.2
26591,466.1
26592,467.6
26593,461.5
26594,468.6
26595,460.6
26596,469.5
26597,459.7
26598,625.7
26599,575.6
26600,781.3
26601,994.4
26602,1308.4
26603,1216.8
26604,1416.9
26605,1271.8
26606,1209
26607,999.7
26608,892.8
26609,942.8
26610,582.3
26611,574.6
26612,564.1
26613,576.9
26614,678.3
26615,462.1
26616,470.8
26617,406.5
26618,418.6
26619,406.3
26620,418.5
26621,406.8
26622,573.6
26623,408.6
26624,419.3
26625,405.8
26626,418.6
26627,406.3
26628,522.3
26629,520.9
26630,669.8
26631,526.7
26632,406.9
26633,419.6
26634,405.8
26635,418.9
26636,406.3
26637,418.1
26638,562.4
26639,422
26640,405.3
26641,419.8
26642,406.2
26643,419
26644,406.7
26645,418.7
26646,562.4
26647,422.9
26648,405.6
26649,419.8
26650,406.2
26651,418.9
26652,510.2
26653,525.4
26654,678.6
26655,515.2
26656,420
26657,406.5
26658,418.9
26659,407.1
26660,418.2
26661,407.6
26662,573.9
26663,408.6
26664,418.9
26665,458.7
26666,472.2
26667,463.2
26668,468.4
26669,469.2
26670,618
26671,578.6
26672,1201.5
26673,2061.3
26674,2228.1
26675,2288.6
26676,2706.8
26677,3239.6
26678,3090.8
26679,2037.7
26680,1967.4
26681,2543.9
26682,1607.1
26683,1323.4
26684,1004.5
26685,1113.7
26686,627.2
26687,475.4
26688,467.9
26689,464.5
26690,468.7
26691,463.5
26692,469.6
26693,462.5
26694,627.6
26695,576.7
26696,1204.5
26697,2057.6
26698,2236.8
26699,2284.9
26700,2712
26701,3243.7
26702,3098.8
26703,2035.9
26704,1969.4
26705,2546.5
26706,1607.4
26707,1333.3
26708,1006.4
26709,1105.1
26710,638
26711,472.4
26712,462.3
26713,471.3
26714,461.7
26715,472
26716,460.8
26717,472.6
26718,626.7
26719,570.2
26720,1212.2
26721,2062
26722,2233.8
26723,2290.4
26724,2714.2
26725,3251.9
26726,3098.3
26727,2042.9
26728,1967.5
26729,2552.5
26730,1611
26731,1331
26732,1010.6
26733,1107.2
26734,638.1
26735,463.4
26736,472.6
26737,460.5
26738,473.5
26739,465.5
26740,468.3
26741,470.4
26742,619.5
26743,580.1
26744,1205.5
26745,2069.5
26746,2234.8
26747,2297.3
26748,2717.5
26749,3252.9
26750,3101.4
26751,2047.5
26752,1971.7
26753,2554.5
26754,1613.3
26755,1326.5
26756,1012.8
26757,1113.3
26758,637.1
26759,467
26760,470.6
26761,463.7
26762,471.6
26763,462.8
26764,472.5
26765,461.8
26766,630.4
26767,579.1
26768,787.5
26769,1001.7
26770,1318.7
26771,1228.1
26772,1427.1
26773,1282.7
26774,1218.1
26775,1007.2
26776,901.3
26777,955.1
26778,578.9
26779,579.2
26780,577
26781,570.5
26782,683.4
26783,474.1
26784,464.1
26785,418.7
26786,411.3
26787,417.2
26788,411.8
26789,412.7
26790,572.2
26791,421.1
26792,410.6
26793,418
26794,411.1
26795,417.4
26796,515.9
26797,526.2
26798,681.6
26799,520.8
26800,419.2
26801,411.2
26802,417.1
26803,411.7
26804,416.9
26805,412.2
26806,575.5
26807,413.2
26808,417.5
26809,463.5
26810,472.3
26811,463.4
26812,473.1
26813,462.5
26814,631.5
26815,580.1
26816,1210.1
26817,2071.3
26818,2247.4
26819,2303.1
26820,2727.5
26821,3262.8
26822,3114.9
26823,2050.6
26824,1982
26825,2562.3
26826,1618.1
26827,1332.5
26828,1010.7
26829,1120.8
26830,630.3
26831,477.6
26832,470.3
26833,466.1
26834,471.3
26835,465.1
26836,472
26837,464.2
26838,631
26839,579.7
26840,1211.8
26841,2071.6
26842,2252.4
26843,2302.8
26844,2731
26845,3266.6
26846,3119.8
26847,2050.6
26848,1986.2
26849,2563.6
26850,1618.8
26851,1336.5
26852,1012
26853,1119.9
26854,633.1
26855,477.2
26856,463.1
26857,474
26858,471
26859,466.3
26860,471.8
26861,465.4
26862,631.1
26863,579.4
26864,1213.8
26865,2073.9
26866,2254
26867,2304.6
26868,2734.2
26869,3270.3
26870,3124
26871,2051.6
26872,1989
26873,2565.9
26874,1620
26875,1339.1
26876,1013
26877,1119.2
26878,635.7
26879,476.9
26880,461.8
26881,476
26882,470.8
26883,467.2
26884,471.4
26885,466.1
26886,631.4
26887,576.2
26888,1218.2
26889,2076.1
26890,2256.8
26891,2305.8
26892,2737.1
26893,3273.8
26894,3127.5
26895,2053.4
26896,1990.2
26897,2569.4
26898,1621.5
26899,1340.5
26900,1013.9
26901,1120.1
26902,636.3
26903,477.2
26904,462.1
26905,476.3
26906,471.1
26907,467.5
26908,471.7
26909,466.4
26910,631.9
26911,576.8
26912,1219.2
26913,2078.1
26914,2259
26915,2309.7
26916,2738.5
26917,3277.1
26918,3130.4
26919,2055.9
26920,1992.2
26921,2571.8
26922,1623.4
26923,1340.8
26924,1014.7
26925,1122.6
26926,634.9
26927,478.1
26928,463.2
26929,475.7
26930,471.9
26931,467.2
26932,472.7
26933,466.2
26934,632.5
26935,581
26936,785.5
26937,1015.2
26938,1328.8
26939,1232.3
26940,1441
26941,1290.7
26942,1226.6
26943,1014.3
26944,905
26945,957.9
26946,587.1
26947,581.5
26948,578.9
26949,574.9
26950,687
26951,470.7
26952,471.6
26953,418.5
26954,414.6
26955,411.9
26956,419.8
26957,409
26958,580.8
26959,422.1
26960,412.9
26961,419
26962,413.4
26963,415.7
26964,521.4
26965,528.1
26966,685
26967,524.1
26968,420.8
26969,413.3
26970,418.2
26971,413.7
26972,418.1
26973,414.2
26974,578.3
26975,415.1
26976,419.3
26977,465.7
26978,474.2
26979,465.6
26980,475.1
26981,464.6
26982,634.6
26983,583
26984,1217.8
26985,2086.1
26986,2263
26987,2319.6
26988,2746.4
26989,3286.7
26990,3135.2
26991,2068.2
26992,1992.6
26993,2581.3
26994,1628.7
26995,1339.9
26996,1026
26997,1119.4
26998,642.9
26999,468.3
27000,474.7
27001,465.2
27002,475.9
27003,464.2
27004,476.4
27005,466.8
27006,631.5
27007,584.3
27008,1218.2
27009,2091.2
27010,2261.8
27011,2322.7
27012,2747
27013,3292.3
27014,3137.6
27015,2069.9
27016,1992.7
27017,2582.6
27018,1631.2
27019,1346.6
27020,1021.5
27021,1119.5
27022,644.1
27023,466.5
27024,476.4
27025,466.6
27026,474.3
27027,473.8
27028,467.3
27029,474.7
27030,624.3
27031,585.7
27032,1219.5
27033,2095.7
27034,2260.9
27035,2324.3
27036,2749.9
27037,3296.2
27038,3141.2
27039,2068.8
27040,1993
27041,2586.6
27042,1631.5
27043,1350.7
27044,1019.5
27045,1119.7
27046,645.4
27047,476.3
27048,467
27049,475.2
27050,466.2
27051,475.7
27052,465.1
27053,476.5
27054,633.4
27055,576
27056,1228.6
27057,2090
27058,2266.9
27059,2321.6
27060,2753.9
27061,3297.1
27062,3146.9
27063,2067.1
27064,2000.2
27065,2586.6
27066,1630.8
27067,1350.6
27068,1019.7
27069,1124
27070,641.9
27071,479.1
27072,464.5
27073,477.7
27074,468
27075,474.2
27076,474.2
27077,468.6
27078,634.6
27079,577.3
27080,1227.8
27081,2090.5
27082,2272.6
27083,2322.7
27084,2756.8
27085,3297.8
27086,3148.6
27087,2070.6
27088,2002.9
27089,2588.6
27090,1634.7
27091,1343.8
27092,1022.3
27093,1129.1
27094,641.1
27095,473.8
27096,474.4
27097,467.8
27098,475.4
27099,466.8
27100,476.3
27101,465.7
27102,636.6
27103,584.7
27104,796
27105,1013.4
27106,1334.7
27107,1243
27108,1446.3
27109,1297.3
27110,1232.4
27111,1025.8
27112,912.6
27113,961.7
27114,579.5
27115,585.6
27116,583.3
27117,573.6
27118,691
27119,479.8
27120,465.5
27121,423.9
27122,411.7
27123,423.5
27124,412.1
27125,422.1
27126,571.1
27127,427.2
27128,410.7
27129,424.1
27130,411.2
27131,423.1
27132,517.3
27133,532.4
27134,689.2
27135,522.1
27136,426
27137,410.9
27138,423.6
27139,411.3
27140,423.5
27141,411.7
27142,582.4
27143,415.5
27144,421.7
27145,468.8
27146,473.3
27147,475.1
27148,468.1
27149,476
27150,625.7
27151,587.4
27152,1224.8
27153,2102.1
27154,2270.4
27155,2331.4
27156,2760
27157,3308.6
27158,3154.4
27159,2074.8
27160,2003.2
27161,2594.9
27162,1635.2
27163,1356.1
27164,1022.3
27165,1123.6
27166,647
27167,478.8
27168,466.3
27169,477.5
27170,465.4
27171,478.6
27172,472.2
27173,471.6
27174,635.4
27175,575.5
27176,1233.8
27177,2096.4
27178,2278.6
27179,2328.3
27180,2764.7
27181,3307.2
27182,3157.8
27183,2076
27184,2008.4
27185,2595.9
27186,1638.9
27187,1347.2
27188,1025.6
27189,1131.1
27190,644.4
27191,472.5
27192,475.3
27193,468.3
27194,476.4
27195,467.2
27196,477.3
27197,466.1
27198,637.7
27199,586.3
27200,1225
27201,2101.2
27202,2276.5
27203,2336
27204,2763.8
27205,3310.8
27206,3156.3
27207,2081.4
27208,2003.8
27209,2598.4
27210,1639.2
27211,1356.4
27212,1024.3
27213,1124.9
27214,647.5
27215,471.1
27216,475
27217,475.5
27218,468.8
27219,476.4
27220,467.7
27221,477
27222,634.5
27223,579.5
27224,1230.1
27225,2102.2
27226,2276.9
27227,2333.7
27228,2766.3
27229,3313.5
27230,3162
27231,2076.6
27232,2009.9
27233,2598.9
27234,1638.7
27235,1355.1
27236,1023.7
27237,1131.5
27238,641
27239,480.8
27240,465.1
27241,479.7
27242,474.7
27243,470.1
27244,475.5
27245,469
27246,637
27247,585.3
27248,1227.3
27249,2099.4
27250,2282.2
27251,2336
27252,2769
27253,3312.9
27254,3160.6
27255,2083.9
27256,2007
27257,2602
27258,1640.8
27259,1351.7
27260,1030.8
27261,1126.8
27262,647
27263,469.5
27264,477.9
27265,466.3
27266,478.6
27267,470.3
27268,474.5
27269,476
27270,628.1
27271,588
27272,799.5
27273,1016.4
27274,1346.7
27275,1241.5
27276,1459
27277,1294.4
27278,1246.5
27279,1024.1
27280,913
27281,964.8
27282,591
27283,575.5
27284,586.6
27285,585.6
27286,691
27287,473.7
27288,476.2
27289,416
27290,421.3
27291,415.5
27292,420.4
27293,416
27294,582.3
27295,416.8
27296,422.5
27297,414.5
27298,421.5
27299,414.9
27300,529.3
27301,521.8
27302,692.8
27303,534.9
27304,414.8
27305,423
27306,413.5
27307,423.9
27308,413.9
27309,422.6
27310,573.6
27311,426.7
27312,412.5
27313,477.5
27314,466.2
27315,479.6
27316,474.1
27317,471.5
27318,637
27319,576.6
27320,1237.5
27321,2102.9
27322,2285.8
27323,2336.3
27324,2773.5
27325,3317.9
27326,3167
27327,2084.3
27328,2012.8
27329,2605.1
27330,1642.9
27331,1350.5
27332,1034.4
27333,1129.1
27334,647.3
27335,471
27336,477.5
27337,467.7
27338,478.5
27339,466.6
27340,479.1
27341,471.4
27342,633.5
27343,588
27344,1227.7
27345,2110.5
27346,2279.9
27347,2343
27348,2771.8
27349,3322.7
27350,3166.6
27351,2084.6
27352,2009.8
27353,2606.2
27354,1643
27355,1361
27356,1026.1
27357,1127.2
27358,649.5
27359,480
27360,467.8
27361,478.9
27362,466.8
27363,479.5
27364,468.2
27365,478
27366,637.2
27367,577.3
27368,1238.1
27369,2104.5
27370,2286.9
27371,2338.2
27372,2775.8
27373,3320.6
27374,3169.6
27375,2085.6
27376,2014.6
27377,2606.4
27378,1644.8
27379,1351.5
27380,1034.8
27381,1130.2
27382,647.7
27383,471.3
27384,477.7
27385,468
27386,478.7
27387,466.9
27388,479.2
27389,471.3
27390,634.2
27391,588.5
27392,1228.5
27393,2112
27394,2281.5
27395,2344.6
27396,2773.8
27397,3325.1
27398,3169
27399,2085.1
27400,2012.3
27401,2608
27402,1643.8
27403,1362
27404,1026.7
27405,1128
27406,649.9
27407,480.4
27408,467.8
27409,479
27410,466.8
27411,479.9
27412,473.6
27413,472.9
27414,637.6
27415,577.3
27416,1239
27417,2105.8
27418,2289
27419,2339.7
27420,2777.5
27421,3322.8
27422,3171.3
27423,2087.8
27424,2015.1
27425,2608.8
27426,1645.2
27427,1353.5
27428,1035.1
27429,1129.9
27430,648.3
27431,470.9
27432,478.3
27433,467.6
27434,480
27435,468.1
27436,479
27437,476.3
27438,629.9
27439,588.7
27440,800.9
27441,1018.9
27442,1348.8
27443,1245.5
27444,1462.5
27445,1297.6
27446,1249.1
27447,1026.7
27448,914.7
27449,967.3
27450,592.1
27451,576.7
27452,587.7
27453,586.7
27454,692.4
27455,474.5
27456,477.1
27457,416.6
27458,422
27459,416.1
27460,421
27461,416.5
27462,583.3
27463,417.3
27464,423.1
27465,415
27466,422.2
27467,415.4
27468,530.3
27469,522.5
27470,693.9
27471,535.4
27472,415.2
27473,423.8
27474,413.9
27475,423.8
27476,414.3
27477,423.4
27478,574.3
27479,427.9
27480,412.8
27481,424.5
27482,413.3
27483,424.9
27484,413.7
27485,423.7
27486,573.7
27487,428.9
27488,412.2
27489,425.8
27490,412.6
27491,425.1
27492,519.6
27493,534.9
27494,692.8
27495,525.7
27496,426.6
27497,412
27498,425.7
27499,412.4
27500,425.2
27501,412.8
27502,586.1
27503,423.3
27504,417.4
27505,475.6
27506,470.4
27507,477.5
27508,469.2
27509,478.5
27510,634.9
27511,583.1
27512,1234.3
27513,2112.1
27514,2286.1
27515,2343.4
27516,2778.9
27517,3327.2
27518,3176.4
27519,2084.3
27520,2020.4
27521,2609.6
27522,1646.6
27523,1357.2
27524,1027.3
27525,1139.2
27526,640.8
27527,481.4
27528,476
27529,470.8
27530,476.8
27531,469.7
27532,478
27533,468.5
27534,639.4
27535,587.6
27536,1230.7
27537,2110.1
27538,2288.9
27539,2347.4
27540,2777.6
27541,3327.5
27542,3172.5
27543,2091.1
27544,2013.4
27545,2611.3
27546,1646.9
27547,1362.9
27548,1028.4
27549,1129.7
27550,650
27551,479.2
27552,470
27553,477.8
27554,468.9
27555,478.4
27556,467.8
27557,479.3
27558,637.6
27559,579.6
27560,1239.4
27561,2108.5
27562,2289.1
27563,2341.8
27564,2781.1
27565,3326.8
27566,3176.8
27567,2087.1
27568,2020
27569,2610.7
27570,1647.6
27571,1354.1
27572,1032.3
27573,1135.4
27574,648
27575,472.9
27576,477.3
27577,469.2
27578,478.5
27579,468.1
27580,479.4
27581,467
27582,640.1
27583,588.4
27584,1230.4
27585,2113.6
27586,2286.2
27587,2347.9
27588,2777.9
27589,3329.9
27590,3173.4
27591,2089.4
27592,2013.8
27593,2612.1
27594,1646.6
27595,1363.8
27596,1028.1
27597,1129.4
27598,650.6
27599,481.2
27600,468.4
27601,479.7
27602,467.3
27603,480.2
27604,472.7
27605,474.6
27606,638.1
27607,577.9
27608,802
27609,1022.6
27610,1351.2
27611,1244.6
27612,1462.4
27613,1306.7
27614,1242.5
27615,1026
27616,915.4
27617,970.2
27618,591.6
27619,587.3
27620,585.3
27621,579.5
27622,694.4
27623,480.2
27624,470.4
27625,423.4
27626,415.9
27627,422.1
27628,416.3
27629,421.4
27630,576.8
27631,426.4
27632,414.8
27633,423.3
27634,415.1
27635,422.9
27636,522.1
27637,533.4
27638,692.3
27639,526.8
27640,425.6
27641,414.6
27642,423.5
27643,415
27644,422.8
27645,415.4
27646,584.4
27647,416.2
27648,424.6
27649,467.2
27650,479.4
27651,467
27652,480.3
27653,475.8
27654,631
27655,589
27656,1230
27657,2115.8
27658,2283.9
27659,2348.1
27660,2777.8
27661,3330
27662,3174.5
27663,2088
27664,2015.9
27665,2611.6
27666,1645.1
27667,1363.5
27668,1027.9
27669,1132.7
27670,646.9
27671,482
27672,467.3
27673,480.1
27674,472.5
27675,474.7
27676,476.2
27677,470.9
27678,638.6
27679,582.5
27680,1235.6
27681,2107.7
27682,2291.6
27683,2344
27684,2780.2
27685,3326.4
27686,3173.2
27687,2092.5
27688,2014.8
27689,2611.5
27690,1647
27691,1358.7
27692,1032.4
27693,1130.4
27694,649.4
27695,469.8
27696,479.5
27697,469.9
27698,476.9
27699,476.8
27700,470.1
27701,477.7
27702,628.7
27703,589.9
27704,1231.9
27705,2114.7
27706,2285
27707,2345
27708,2777.8
27709,3328.8
27710,3175.9
27711,2085.5
27712,2018.9
27713,2610.3
27714,1646
27715,1359.2
27716,1027.4
27717,1138.7
27718,639.9
27719,482.6
27720,475.7
27721,471.3
27722,476.3
27723,470.1
27724,477.6
27725,469
27726,639.3
27727,587.1
27728,1230.8
27729,2108.5
27730,2289.7
27731,2346
27732,2778.1
27733,3326.1
27734,3171.9
27735,2091.8
27736,2013.3
27737,2610.8
27738,1646.7
27739,1362.4
27740,1028.5
27741,1129.7
27742,649.8
27743,475.2
27744,473.8
27745,477
27746,469.6
27747,477.9
27748,468.5
27749,478.7
27750,637.1
27751,580.3
27752,1236.4
27753,2109.6
27754,2289
27755,2339.4
27756,2779.2
27757,3325.7
27758,3176.2
27759,2084.4
27760,2020.3
27761,2608.8
27762,1646.9
27763,1355.3
27764,1027.9
27765,1138.4
27766,643.6
27767,477.7
27768,476.4
27769,470
27770,477.3
27771,468.9
27772,478.3
27773,467.8
27774,639.9
27775,587.7
27776,800.6
27777,1019.6
27778,1343.3
27779,1251.4
27780,1457
27781,1303.9
27782,1241.4
27783,1033.9
27784,915.5
27785,967.6
27786,587.1
27787,583
27788,586.8
27789,583.5
27790,687
27791,483.1
27792,466.3
27793,427.3
27794,411.8
27795,426
27796,412.1
27797,425.6
27798,582.2
27799,419.6
27800,420.5
27801,417.3
27802,417.7
27803,420.1
27804,529.1
27805,524.8
27806,692.9
27807,533.8
27808,417.5
27809,421.7
27810,416.2
27811,418.8
27812,418.8
27813,414.6
27814,582.4
27815,425.5
27816,415.1
27817,476.5
27818,468.7
27819,478
27820,467.6
27821,478.8
27822,637.2
27823,579.3
27824,1237.9
27825,2106.1
27826,2286
27827,2339
27828,2777.9
27829,3322.8
27830,3173.6
27831,2083.8
27832,2018.5
27833,2606.9
27834,1646
27835,1353.4
27836,1028.7
27837,1136.4
27838,645.7
27839,474.8
27840,476.8
27841,469.4
27842,477.5
27843,468.3
27844,478.4
27845,467.2
27846,639.3
27847,587.9
27848,1228.9
27849,2108.9
27850,2284.2
27851,2344.3
27852,2773.7
27853,3323.5
27854,3168.1
27855,2087.6
27856,2010.6
27857,2607.7
27858,1644.7
27859,1361.3
27860,1027.1
27861,1128.3
27862,649.1
27863,479
27864,469.3
27865,477.6
27866,468.1
27867,478.4
27868,467
27869,479.3
27870,636.7
27871,578.5
27872,1237.5
27873,2104.6
27874,2285.2
27875,2337.4
27876,2775.9
27877,3320.5
27878,3171
27879,2083
27880,2016.7
27881,2605.5
27882,1645.1
27883,1352
27884,1029
27885,1135
27886,647
27887,472.9
27888,476.3
27889,469
27890,477.4
27891,467.9
27892,478.3
27893,466.8
27894,638.9
27895,587.6
27896,1228
27897,2107.7
27898,2282.3
27899,2342.6
27900,2771.7
27901,3321.1
27902,3165.7
27903,2086.1
27904,2009.1
27905,2605.8
27906,1643.5
27907,1360.3
27908,1026.5
27909,1127.5
27910,649.1
27911,478.7
27912,469.2
27913,477.2
27914,468
27915,477.9
27916,466.9
27917,478.8
27918,636.3
27919,578.4
27920,1236.5
27921,2102.3
27922,2283.8
27923,2334.8
27924,2774.4
27925,3317.8
27926,3168.9
27927,2080.7
27928,2015.8
27929,2603
27930,1643.9
27931,1351.7
27932,1026.5
27933,1135.7
27934,643.2
27935,476.4
27936,476
27937,469.2
27938,476.7
27939,468.1
27940,477.7
27941,467
27942,638.2
27943,586.7
27944,799.1
27945,1017.5
27946,1340.3
27947,1248.6
27948,1453.3
27949,1301.6
27950,1237.9
27951,1032.3
27952,913.6
27953,965.6
27954,583.9
27955,584.4
27956,585.7
27957,579.5
27958,688.8
27959,481.8
27960,466
27961,426.2
27962,411.6
27963,424.9
27964,412
27965,584.4
27966,422.1
27967,417.1
27968,413.1
27969,423.5
27970,411
27971,531.8
27972,529.9
27973,682.2
27974,535.5
27975,422.2
27976,416.1
27977,415.1
27978,420.9
27979,412.8
27980,424.3
27981,582.2
27982,417.3
27983,421.5
27984,468.2
27985,476.5
27986,467.8
27987,477.1
27988,466.8
27989,638.1
27990,585.6
27991,1226.3
27992,2101.7
27993,2280.2
27994,2337.5
27995,2767.2
27996,3313.4
27997,3159.5
27998,2084.3
27999,2005.9
28000,2600.9
28001,1640.8
28002,1356.3
28003,1026.4
28004,1126.1
28005,647.5
28006,468.9
28007,478.7
28008,475
28009,469.5
28010,476
28011,468.1
28012,477.5
28013,629.5
28014,584.7
28015,1228.5
28016,2103.9
28017,2275.2
28018,2334.2
28019,2765.2
28020,3313.8
28021,3161
28022,2077
28023,2008.7
28024,2598.7
28025,1638.1
28026,1356.1
28027,1023.7
28028,1129.6
28029,643
28030,480.4
28031,465.5
28032,479.1
28033,473.5
28034,470.6
28035,474.4
28036,469.1
28037,636.3
28038,581.6
28039,1228.6
28040,2097
28041,2279.9
28042,2331.4
28043,2765.7
28044,3310
28045,3156.4
28046,2079.6
28047,2006.9
28048,2598.1
28049,1638.8
28050,1347.5
28051,1032.1
28052,1126
28053,646.1
28054,470.2
28055,476.7
28056,466.8
28057,477.4
28058,465.5
28059,478
28060,469.7
28061,632.3
28062,586.8
28063,1223.6
28064,2102.4
28065,2272.1
28066,2334.4
28067,2761.6
28068,3309.7
28069,3154.2
28070,2078.3
28071,2002.1
28072,2596.5
28073,1638
28074,1355.8
28075,1023.3
28076,1123.9
28077,647.3
28078,477.5
28079,468.3
28080,476.1
28081,467.1
28082,476.4
28083,466
28084,477.3
28085,634.7
28086,577.1
28087,1231.7
28088,2095.5
28089,2273.4
28090,2327.5
28091,2762.1
28092,3305.8
28093,3156.4
28094,2071.8
28095,2007.1
28096,2593.4
28097,1635.9
28098,1351.7
28099,1021.8
28100,1130.7
28101,638.7
28102,480.5
28103,469.8
28104,473.6
28105,474.4
28106,468.9
28107,475.2
28108,467.8
28109,635.6
28110,583.8
28111,791.1
28112,1019.2
28113,1336.4
28114,1241.9
28115,1447.2
28116,1298.6
28117,1233.2
28118,1019.9
28119,911.7
28120,967
28121,583.9
28122,584.7
28123,582.5
28124,575.7
28125,690.8
28126,478.7
28127,467.5
28128,422.4
28129,413.3
28130,420.9
28131,413.8
28132,420.4
28133,572.6
28134,424.5
28135,412.4
28136,422.4
28137,412.8
28138,421.4
28139,518.9
28140,530.8
28141,688.2
28142,523.5
28143,424.1
28144,412.6
28145,421.8
28146,413
28147,421.2
28148,413.4
28149,581.1
28150,414.3
28151,422.8
28152,464.9
28153,476.8
28154,464.5
28155,477.5
28156,470.8
28157,629.3
28158,585.4
28159,1220.5
28160,2096.8
28161,2265.8
28162,2327.9
28163,2753.9
28164,3299.9
28165,3144.9
28166,2073.2
28167,1996.8
28168,2589.2
28169,1633.7
28170,1352.1
28171,1021
28172,1121.3
28173,645.8
28174,471.3
28175,472.6
28176,474.4
28177,467.2
28178,475.1
28179,466.2
28180,475.6
28181,632.3
28182,577.5
28183,1224.4
28184,2093.1
28185,2264.7
28186,2323.1
28187,2751.6
28188,3298.2
28189,3145
28190,2068.3
28191,1997.4
28192,2586.6
28193,1630.7
28194,1352.2
28195,1019.6
28196,1119.9
28197,646.1
28198,478.5
28199,465.6
28200,477.1
28201,464.3
28202,477.1
28203,464.5
28204,476.7
28205,633.3
28206,574
28207,1228.6
28208,2087.2
28209,2267.3
28210,2317.5
28211,2752.4
28212,3292
28213,3145
28214,2063.9
28215,2000.8
28216,2583.3
28217,1630.2
28218,1346.3
28219,1018.5
28220,1127.5
28221,636.3
28222,479.5
28223,469.9
28224,471.3
28225,473.1
28226,467.7
28227,474
28228,466.7
28229,633.8
28230,582.2
28231,1219.3
28232,2084.9
28233,2266.9
28234,2318.1
28235,2749.2
28236,3288.8
28237,3139.5
28238,2066.1
28239,1997.1
28240,2582.2
28241,1630.3
28242,1340
28243,1021
28244,1126.1
28245,640.2
28246,472.7
28247,473.9
28248,466.8
28249,474.2
28250,465.5
28251,475
28252,464.5
28253,634.5
28254,582.9
28255,1217.5
28256,2085.7
28257,2262.6
28258,2319.1
28259,2745.9
28260,3285.9
28261,3134.6
28262,2067.7
28263,1992.2
28264,2580.8
28265,1628.4
28266,1339.5
28267,1025.9
28268,1119.2
28269,642.8
28270,468.3
28271,474.6
28272,465
28273,475.2
28274,463.7
28275,475.8
28276,465.4
28277,631.5
28278,583.3
28279,793.2
28280,1007.9
28281,1330.2
28282,1236.5
28283,1441.7
28284,1288.3
28285,1227.9
28286,1022.8
28287,906.1
28288,957.5
28289,579.4
28290,580.9
28291,581.6
28292,574
28293,685.3
28294,479.3
28295,463.5
28296,423.6
28297,409.6
28298,421.4
28299,410.1
28300,421.8
28301,567.9
28302,426
28303,408.8
28304,422.9
28305,409.3
28306,422.3
28307,514.7
28308,530.2
28309,685.7
28310,519.6
28311,424.7
28312,409
28313,422.1
28314,409.6
28315,422
28316,410.1
28317,579.6
28318,413.5
28319,420.6
28320,465.6
28321,471.9
28322,472.5
28323,465.8
28324,473.3
28325,622
28326,583.7
28327,1214.1
28328,2085.8
28329,2250.5
28330,2313.8
28331,2736.9
28332,3280
28333,3125.3
28334,2060.6
28335,1984.9
28336,2573.5
28337,1623.7
28338,1344.5
28339,1016.2
28340,1115.4
28341,642.3
28342,464.9
28343,475.9
28344,469.4
28345,468.5
28346,472.5
28347,465.2
28348,473.3
28349,621.3
28350,583.5
28351,1213.8
28352,2083.4
28353,2248.1
28354,2311.1
28355,2734.1
28356,3276.8
28357,3122.1
28358,2058.5
28359,1982.9
28360,2570.9
28361,1622.7
28362,1342.4
28363,1015.5
28364,1114.4
28365,641.8
28366,464.7
28367,475.4
28368,467.9
28369,469.3
28370,472.1
28371,465
28372,472.9
28373,620.9
28374,583
28375,1212.2
28376,2081.7
28377,2245.5
28378,2308.4
28379,2731.2
28380,3273.9
28381,3118.6
28382,2056.9
28383,1981.1
28384,2568.2
28385,1621.1
28386,1340.9
28387,1014.5
28388,1113.6
28389,641.3
28390,464.9
28391,474.8
28392,463.6
28393,473.6
28394,471.1
28395,465.5
28396,472.1
28397,621
28398,582.3
28399,1210.1
28400,2079.8
28401,2243.5
28402,2307
28403,2728.5
28404,3268.7
28405,3115
28406,2055.8
28407,1979.1
28408,2565.5
28409,1619.4
28410,1338.1
28411,1014.8
28412,1112.9
28413,640.2
28414,465.6
28415,473.7
28416,462.4
28417,474.2
28418,462.8
28419,473.6
28420,470.6
28421,621.8
28422,581.1
28423,1209.1
28424,2075.3
28425,2243.4
28426,2304.2
28427,2725.6
28428,3263.5
28429,3111.4
28430,2054.5
28431,1977.9
28432,2562.7
28433,1617.6
28434,1330.1
28435,1018.8
28436,1113.8
28437,639
28438,466.8
28439,472.3
28440,463.5
28441,472.6
28442,462.2
28443,473.4
28444,461.3
28445,630.6
28446,580.1
28447,788.3
28448,1002.3
28449,1319.4
28450,1229.5
28451,1428.7
28452,1283.5
28453,1218.8
28454,1011.4
28455,902.6
28456,954.8
28457,575.7
28458,579.7
28459,577.8
28460,569.9
28461,684.2
28462,475.2
28463,463.4
28464,419.7
28465,410
28466,417.9
28467,410.5
28468,417.4
28469,567.1
28470,421.3
28471,409.3
28472,418.6
28473,409.9
28474,417.9
28475,514.6
28476,526
28477,681.1
28478,519.4
28479,420.2
28480,410
28481,417.9
28482,410.5
28483,417.5
28484,410.6
28485,575.8
28486,411.4
28487,419.1
28488,461.4
28489,472.5
28490,461
28491,473.1
28492,460.1
28493,630.1
28494,578.8
28495,1205.8
28496,2066.5
28497,2237.3
28498,2294.6
28499,2717.1
28500,3250.2
28501,3103.1
28502,2042.6
28503,1975.8
28504,2551.7
28505,1611.7
28506,1329.4
28507,1007.7
28508,1116.2
28509,629.7
28510,476
28511,466.1
28512,467.9
28513,469.7
28514,464.2
28515,469.8
28516,463.2
28517,627.9
28518,576
28519,1206.4
28520,2059.6
28521,2238.8
28522,2287.1
28523,2714.1
28524,3247.2
28525,3101.6
28526,2038
28527,1971
28528,2549.2
28529,1608.9
28530,1334
28531,1007.7
28532,1106.1
28533,638.4
28534,472.7
28535,462.6
28536,471.2
28537,461.3
28538,471.5
28539,460.4
28540,472.1
28541,626.1
28542,569.6
28543,1211.2
28544,2058.2
28545,2230.1
28546,2288.1
28547,2708.2
28548,3247.9
28549,3093
28550,2039.8
28551,1966.1
28552,2546.7
28553,1609.6
28554,1327.2
28555,1010.9
28556,1105.9
28557,636.9
28558,463.6
28559,471.6
28560,460.4
28561,471.9
28562,459.4
28563,472.6
28564,466.5
28565,620.4
28566,578.3
28567,1200.9
28568,2060
28569,2228.6
28570,2287.5
28571,2706.2
28572,3237.9
28573,3090.7
28574,2035.8
28575,1968.1
28576,2542.3
28577,1605.9
28578,1324.9
28579,1004.1
28580,1112.3
28581,628.8
28582,474.7
28583,458.7
28584,473.2
28585,467.6
28586,463.4
28587,468.4
28588,462.4
28589,625.8
28590,571.3
28591,1205.2
28592,2052
28593,2229.6
28594,2277.3
28595,2704.4
28596,3236
28597,3088.1
28598,2032
28599,1960.6
28600,2540.8
28601,1604.8
28602,1329.1
28603,1004.3
28604,1102.7
28605,636.9
28606,463.3
28607,469.9
28608,468.3
28609,462.2
28610,468.9
28611,461.2
28612,469.6
28613,615.1
28614,578.2
28615,783.1
28616,994.2
28617,1315.9
28618,1213.1
28619,1424.1
28620,1265.7
28621,1212.9
28622,1006.3
28623,893.9
28624,944.4
28625,573.8
28626,572.9
28627,575.4
28628,567.1
28629,677.5
28630,474.2
28631,459.1
28632,419
28633,406.2
28634,418.3
28635,406.8
28636,416.6
28637,561.9
28638,421.4
28639,405.8
28640,417.6
28641,406.3
28642,417.5
28643,510
28644,523.8
28645,676.9
28646,515.1
28647,419.5
28648,406.7
28649,417.2
28650,407.3
28651,416.5
28652,407.9
28653,572.2
28654,408.9
28655,417.6
28656,458.4
28657,470.1
28658,458
28659,470.4
28660,460.2
28661,622.6
28662,575.6
28663,1195.7
28664,2047.1
28665,2218.4
28666,2273.5
28667,2692
28668,3219.7
28669,3075.9
28670,2021.3
28671,1958.8
28672,2528
28673,1595.4
28674,1324.6
28675,1000.1
28676,1098.1
28677,635.5
28678,470.9
28679,459.8
28680,469.1
28681,458.5
28682,469.7
28683,457.6
28684,470.5
28685,622.2
28686,566
28687,1202.2
28688,2042.4
28689,2211.8
28690,2270.4
28691,2687.3
28692,3219.1
28693,3066.8
28694,2026.4
28695,1950.3
28696,2527.2
28697,1596.1
28698,1313.4
28699,1001.6
28700,1104.1
28701,627.4
28702,468.8
28703,466.3
28704,461
28705,466.8
28706,459.8
28707,467.8
28708,458.9
28709,623.4
28710,573
28711,1193
28712,2038.3
28713,2215.3
28714,2262.2
28715,2685
28716,3212.6
28717,3066.3
28718,2018.4
28719,1946.9
28720,2522.7
28721,1595.2
28722,1319.6
28723,999.1
28724,1096.3
28725,633.1
28726,459.9
28727,470.3
28728,456.9
28729,469.8
28730,461.7
28731,464.2
28732,466.3
28733,613.4
28734,574.4
28735,1190.2
28736,2040.9
28737,2207.1
28738,2265
28739,2679.8
28740,3205.2
28741,3062
28742,2012.7
28743,1950.4
28744,2516.9
28745,1588.7
28746,1319.9
28747,996.4
28748,1094
28749,632.8
28750,469.7
28751,459.4
28752,467
28753,458.4
28754,467.4
28755,457.3
28756,468.3
28757,620.3
28758,565
28759,1194.3
28760,2036.2
28761,2200.5
28762,2262.4
28763,2674.7
28764,3203.8
28765,3053.8
28766,2015.2
28767,1945.2
28768,2514.9
28769,1587.5
28770,1311.7
28771,994.8
28772,1098.3
28773,626.4
28774,470.6
28775,456.4
28776,469.1
28777,455.5
28778,469
28779,464.5
28780,459.9
28781,620.6
28782,561.9
28783,777.3
28784,985.5
28785,1306.9
28786,1198.9
28787,1412.8
28788,1251.9
28789,1208.1
28790,992.5
28791,886.3
28792,935.8
28793,576.3
28794,561.1
28795,572.6
28796,570.4
28797,666
28798,470.4
28799,464.7
28800,408.7
28801,410.3
28802,409.1
28803,402.5
28804,416.8
28805,566.5
28806,409.8
28807,411.5
28808,407.9
28809,402.3
28810,417.1
28811,514.1
28812,511.9
28813,672.3
28814,514
28815,414.7
28816,402.5
28817,416.3
28818,403.2
28819,416.1
28820,403.8
28821,568.8
28822,404.9
28823,417
28824,453.9
28825,468.5
28826,463.6
28827,459.1
28828,464.3
28829,610.9
28830,571.9
28831,1183.7
28832,2028
28833,2194.4
28834,2250.1
28835,2663.3
28836,3184.9
28837,3044.2
28838,2001
28839,1935
28840,2502.3
28841,1582.9
28842,1311.4
28843,991.7
28844,1088.6
28845,629.6
28846,456.8
28847,468.4
28848,462.2
28849,459.7
28850,463.6
28851,458.1
28852,464.3
28853,609.6
28854,571.7
28855,1182.3
28856,2025.2
28857,2190.1
28858,2247.1
28859,2658.8
28860,3179.7
28861,3039.2
28862,1997.7
28863,1932.1
28864,2498.2
28865,1580.5
28866,1309.5
28867,990.3
28868,1087
28869,628.7
28870,456.7
28871,467
28872,461.5
28873,459.9
28874,463
28875,457.8
28876,463.7
28877,609.1
28878,570.9
28879,1180.6
28880,2024.1
28881,2184.6
28882,2242.9
28883,2654.5
28884,3173.6
28885,3034.9
28886,1995.2
28887,1927.7
28888,2495.4
28889,1578
28890,1307.1
28891,988.8
28892,1086.3
28893,628.1
28894,457
28895,466.2
28896,453.8
28897,466.7
28898,459.9
28899,460.1
28900,462.5
28901,609.2
28902,570.1
28903,1178.7
28904,2016.7
28905,2185.3
28906,2237.4
28907,2650.3
28908,3170
28909,3028.1
28910,1993.6
28911,1923.4
28912,2492.3
28913,1575.6
28914,1300.2
28915,992
28916,1084.6
28917,626.5
28918,457.8
28919,464.7
28920,454.9
28921,464.9
28922,453.7
28923,465.5
28924,453
28925,617.9
28926,568.3
28927,1177.8
28928,2009.7
28929,2184.8
28930,2230.7
28931,2646.3
28932,3167.3
28933,3020.4
28934,1992.8
28935,1920.7
28936,2488
28937,1572.8
28938,1294.4
28939,988.8
28940,1088.5
28941,619.1
28942,465.5
28943,462
28944,456.9
28945,462.2
28946,455.7
28947,462.4
28948,455
28949,615.9
28950,566.4
28951,761.6
28952,981.6
28953,1287.2
28954,1186.3
28955,1398.3
28956,1240.2
28957,1194.6
28958,982.6
28959,877.7
28960,926.7
28961,571.8
28962,556.3
28963,568.1
28964,566.4
28965,659.9
28966,467.5
28967,461.1
28968,406.5
28969,405.2
28970,408.9
28971,399.9
28972,414.1
28973,561.4
28974,407.8
28975,404.7
28976,409.5
28977,399.9
28978,413.9
28979,504.9
28980,513.5
28981,666.4
28982,506.2
28983,415.8
28984,400.7
28985,412.8
28986,401.4
28987,412.5
28988,402.1
28989,564.3
28990,403
28991,412.9
28992,451.6
28993,464.2
28994,451.2
28995,465
28996,455.3
28997,611.5
28998,566.1
28999,1171.6
29000,2000.8
29001,2172.9
29002,2219.4
29003,2632.3
29004,3150.8
29005,3003.9
29006,1983.4
29007,1911.1
29008,2475.2
29009,1565
29010,1288.7
29011,980.5
29012,1086.6
29013,614.6
29014,467
29015,450.7
29016,465.4
29017,459.4
29018,455.7
29019,460
29020,455
29021,612.9
29022,555
29023,1179.8
29024,1996.6
29025,2163.7
29026,2219.8
29027,2627.2
29028,3143.7
29029,2998.8
29030,1976.8
29031,1911.9
29032,2466.7
29033,1560.1
29034,1295.9
29035,979.5
29036,1075.8
29037,623.8
29038,455.7
29039,461.3
29040,460
29041,454.5
29042,460.4
29043,453.5
29044,461
29045,602.9
29046,566.5
29047,1167.8
29048,1997.7
29049,2161.4
29050,2214.9
29051,2622.2
29052,3136.8
29053,2995
29054,1974.7
29055,1904.3
29056,2466.4
29057,1559.8
29058,1284
29059,982
29060,1079.3
29061,613.2
29062,465.7
29063,459.1
29064,455
29065,458.8
29066,453.8
29067,460.2
29068,453.1
29069,611.7
29070,557.6
29071,1172
29072,1989.4
29073,2156.9
29074,2210.9
29075,2617.7
29076,3132.3
29077,2986.8
29078,1969.8
29079,1905.7
29080,2457.7
29081,1554.8
29082,1292
29083,976.9
29084,1072.1
29085,621.9
29086,452
29087,463.2
29088,457.4
29089,455.1
29090,458.6
29091,453.4
29092,459.1
29093,602.2
29094,564.4
29095,1163.6
29096,1989.2
29097,2155.3
29098,2205
29099,2612.7
29100,3127
29101,2981.9
29102,1969.1
29103,1898.2
29104,2457.4
29105,1553.6
29106,1281.2
29107,974.6
29108,1075.2
29109,616.2
29110,463.5
29111,450.5
29112,461.9
29113,448.8
29114,462.2
29115,448.2
29116,462.8
29117,609.1
29118,553.6
29119,762.6
29120,965.1
29121,1278
29122,1174.2
29123,1380.9
29124,1226
29125,1174.1
29126,978.4
29127,869.3
29128,917.3
29129,558.1
29130,562.7
29131,560.5
29132,553
29133,662.5
29134,461.8
29135,452.4
29136,408.3
29137,401.6
29138,400.1
29139,407.8
29140,397.3
29141,560.1
29142,408.9
29143,402.2
29144,398.8
29145,410.3
29146,397.5
29147,510.4
29148,508.6
29149,651.4
29150,514.2
29151,399.2
29152,411.2
29153,398.4
29154,409.7
29155,399.2
29156,408.7
29157,548.8
29158,412.9
29159,398.6
29160,459.6
29161,448.7
29162,460.4
29163,448.1
29164,460.9
29165,607.4
29166,552.8
29167,1166.1
29168,1976.1
29169,2137.4
29170,2198.4
29171,2596.7
29172,3104.8
29173,2968.2
29174,1955.7
29175,1887.1
29176,2443.7
29177,1546.1
29178,1273.2
29179,971.4
29180,1073
29181,608.3
29182,463.6
29183,453.4
29184,455.5
29185,455.9
29186,451.9
29187,456.4
29188,451.3
29189,607.1
29190,550
29191,1166
29192,1970.9
29193,2134.9
29194,2193.3
29195,2593.2
29196,3099.4
29197,2962.3
29198,1949.9
29199,1883.3
29200,2439.2
29201,1543.5
29202,1271.4
29203,976.3
29204,1064.8
29205,612.3
29206,457.2
29207,456.7
29208,451
29209,456.8
29210,449.5
29211,457.6
29212,448.9
29213,607.5
29214,555.9
29215,1156.9
29216,1967.9
29217,2132.2
29218,2187
29219,2588.1
29220,3094.5
29221,2955.6
29222,1945.8
29223,1880.7
29224,2433.8
29225,1540.9
29226,1270.9
29227,973.3
29228,1062.6
29229,615.1
29230,452.8
29231,456.8
29232,450
29233,456.6
29234,448.6
29235,457.3
29236,448.1
29237,606.5
29238,557.5
29239,1153.6
29240,1963.6
29241,2128.8
29242,2182.1
29243,2583
29244,3088.5
29245,2949.5
29246,1942
29247,1877.1
29248,2429
29249,1538
29250,1268.2
29251,972
29252,1060.8
29253,613.6
29254,452.7
29255,456.1
29256,449.4
29257,456
29258,448.3
29259,456.5
29260,447.8
29261,605.5
29262,556.7
29263,1151.2
29264,1960.3
29265,2123.9
29266,2178.6
29267,2577.9
29268,3081.4
29269,2944.4
29270,1938.5
29271,1872.6
29272,2425
29273,1534.9
29274,1263.7
29275,968.2
29276,1063
29277,606
29278,459.7
29279,454.6
29280,449.9
29281,454.8
29282,448.6
29283,455.3
29284,448.1
29285,604.5
29286,548.4
29287,752.3
29288,953.8
29289,1263
29290,1159.3
29291,1364
29292,1210.6
29293,1161.3
29294,966.3
29295,858.8
29296,906.7
29297,552.8
29298,557.3
29299,555.2
29300,548
29301,656
29302,457
29303,449.6
29304,404.1
29305,399.6
29306,393.6
29307,408.7
29308,394.5
29309,555
29310,400.3
29311,404.3
29312,394.3
29313,408.1
29314,395.1
29315,505
29316,500.5
29317,648.4
29318,508.3
29319,397.7
29320,405.8
29321,396.9
29322,404.6
29323,397.6
29324,403.9
29325,545.1
29326,408
29327,397.3
29328,454.2
29329,446.6
29330,454.9
29331,446.1
29332,455.4
29333,591.9
29334,558
29335,1143.5
29336,1953
29337,2112.9
29338,2162.3
29339,2561.2
29340,3067.3
29341,2920.3
29342,1931.6
29343,1865.8
29344,2404.1
29345,1524
29346,1266.4
29347,959.2
29348,1052.3
29349,612.2
29350,447.3
29351,456.3
29352,444.4
29353,456.3
29354,443.6
29355,456.6
29356,443.2
29357,602.9
29358,555.6
29359,1142.2
29360,1944.2
29361,2111
29362,2157.5
29363,2557
29364,3057.7
29365,2918.9
29366,1923.1
29367,1857.9
29368,2405.6
29369,1523.3
29370,1254.4
29371,963.3
29372,1053.5
29373,600.7
29374,459.2
29375,445.8
29376,454
29377,449.7
29378,449.1
29379,452.5
29380,446.5
29381,600.7
29382,543.7
29383,1149.2
29384,1940.9
29385,2099.7
29386,2159.9
29387,2549.5
29388,3049.4
29389,2911.9
29390,1924.4
29391,1854.7
29392,2397.9
29393,1516
29394,1259.6
29395,954.9
29396,1048.4
29397,611
29398,453.9
29399,447.1
29400,452.1
29401,446.1
29402,452.2
29403,445.5
29404,452.7
29405,590.9
29406,554.5
29407,1137.4
29408,1938.4
29409,2102.5
29410,2146.5
29411,2546.5
29412,3046.8
29413,2904.9
29414,1915.1
29415,1853
29416,2393.5
29417,1517.6
29418,1250.9
29419,959
29420,1049.4
29421,602
29422,454.4
29423,451.3
29424,446.5
29425,451.2
29426,445.4
29427,451.7
29428,445.2
29429,598.6
29430,542.4
29431,1144.9
29432,1932.9
29433,2090.9
29434,2151.1
29435,2538.9
29436,3036.5
29437,2899.2
29438,1917
29439,1847.2
29440,2386.9
29441,1509.2
29442,1256.8
29443,952.1
29444,1044.3
29445,609.1
29446,443.6
29447,455.3
29448,448.9
29449,447.3
29450,450
29451,445.6
29452,450.4
29453,589.8
29454,552.7
29455,744.8
29456,942.8
29457,1236.7
29458,1148.7
29459,1341.9
29460,1195.7
29461,1151.3
29462,948.8
29463,848.4
29464,895.4
29465,554.9
29466,542.9
29467,551.3
29468,541.8
29469,648.1
29470,455.5
29471,442.7
29472,403.8
29473,393.6
29474,401.8
29475,394.5
29476,400.5
29477,540
29478,404.2
29479,394.6
29480,400.7
29481,395.6
29482,398.1
29483,494.2
29484,499.8
29485,636.9
29486,505.1
29487,392.6
29488,405.1
29489,391.8
29490,403.9
29491,393
29492,403
29493,538.3
29494,405.9
29495,392.9
29496,451.3
29497,441.5
29498,452
29499,441.1
29500,452.3
29501,594.2
29502,543.4
29503,1128.4
29504,1925.9
29505,2082.1
29506,2130.1
29507,2523.6
29508,3021.5
29509,2879.3
29510,1898.6
29511,1838.4
29512,2373.6
29513,1505.4
29514,1239.8
29515,953.2
29516,1041.7
29517,595.4
29518,455.9
29519,441.2
29520,452
29521,446.6
29522,445.2
29523,448.2
29524,443.9
29525,594.6
29526,539.8
29527,1135.5
29528,1917.2
29529,2073.9
29530,2129.6
29531,2517
29532,3013.9
29533,2871
29534,1900.3
29535,1833
29536,2364.5
29537,1502.5
29538,1242
29539,949.5
29540,1037.5
29541,602.5
29542,446.1
29543,448.9
29544,442.9
29545,449.1
29546,442
29547,448.9
29548,441.6
29549,594.4
29550,541.6
29551,1130.7
29552,1912.8
29553,2069.1
29554,2127.7
29555,2511
29556,3005.3
29557,2865.2
29558,1898.7
29559,1828.4
29560,2358.1
29561,1498.6
29562,1242.4
29563,945.2
29564,1035.3
29565,602.1
29566,444.5
29567,448.7
29568,441.6
29569,448.8
29570,440.8
29571,449.5
29572,440.4
29573,593.8
29574,545.6
29575,1124
29576,1908.6
29577,2064.5
29578,2124
29579,2505.3
29580,2998.2
29581,2859.1
29582,1892.2
29583,1826.9
29584,2352.8
29585,1495.5
29586,1239.7
29587,943.6
29588,1033.3
29589,601.1
29590,443.9
29591,448.3
29592,441.4
29593,448
29594,440.3
29595,448.5
29596,440
29597,592.8
29598,541.2
29599,1125.1
29600,1904.6
29601,2060.2
29602,2118.7
29603,2499.8
29604,2992.2
29605,2852
29606,1887.5
29607,1824.3
29608,2347.1
29609,1493.4
29610,1234.1
29611,944.7
29612,1031.7
29613,596.7
29614,447.4
29615,446.8
29616,441.6
29617,446.2
29618,440.8
29619,447
29620,440.4
29621,591.7
29622,535.5
29623,737
29624,930.1
29625,1228.9
29626,1129.4
29627,1322.6
29628,1183.1
29629,1127.8
29630,936.1
29631,837.9
29632,884
29633,551.8
29634,543.7
29635,537
29636,545.9
29637,639.3
29638,443.9
29639,447.1
29640,392.8
29641,396.7
29642,392.9
29643,387.5
29644,401.9
29645,539.4
29646,396
29647,387.6
29648,401.8
29649,388.6
29650,400.6
29651,484.3
29652,497.6
29653,638.1
29654,489.7
29655,400.7
29656,390.9
29657,397.9
29658,391.9
29659,396.5
29660,393.1
29661,540.7
29662,394.6
29663,395.7
29664,441.1
29665,444.4
29666,440.6
29667,445
29668,440.2
29669,589
29670,534.9
29671,1121.3
29672,1893.7
29673,2047.3
29674,2099.9
29675,2483.7
29676,2974.6
29677,2835.1
29678,1871.4
29679,1808.4
29680,2339.6
29681,1483.4
29682,1223.6
29683,934.1
29684,1025.7
29685,599
29686,448.9
29687,438.4
29688,446.7
29689,437.7
29690,446.5
29691,437.3
29692,446.6
29693,578.1
29694,545.7
29695,1110.6
29696,1889.8
29697,2050.1
29698,2092.5
29699,2481
29700,2962.8
29701,2831
29702,1870.4
29703,1804.8
29704,2330.7
29705,1474.6
29706,1230.4
29707,932.8
29708,1022.8
29709,597.8
29710,438.6
29711,447.4
29712,436.3
29713,446.6
29714,435.4
29715,447.1
29716,435.2
29717,588.9
29718,542.3
29719,1109.9
29720,1883.9
29721,2038.1
29722,2096.2
29723,2471.9
29724,2958.2
29725,2820.2
29726,1865.4
29727,1802.8
29728,2325.3
29729,1477.7
29730,1217.7
29731,931.9
29732,1028.8
29733,587.8
29734,449.5
29735,435.1
29736,447.7
29737,434.3
29738,447.3
29739,434.4
29740,447.5
29741,585.2
29742,534.1
29743,1107.8
29744,1883.6
29745,2037.7
29746,2082.8
29747,2470.1
29748,2950.9
29749,2817.9
29750,1861
29751,1797
29752,2321.3
29753,1468.2
29754,1224.7
29755,928.8
29756,1019.1
29757,595.9
29758,437.2
29759,446.4
29760,434.8
29761,446.2
29762,434
29763,446.7
29764,433.6
29765,588.1
29766,540.6
29767,1105.4
29768,1875.7
29769,2028.9
29770,2087.2
29771,2460.3
29772,2945.4
29773,2807.5
29774,1855.3
29775,1794.8
29776,2317
29777,1471.1
29778,1213.2
29779,926.8
29780,1020.3
29781,592
29782,446.7
29783,435.3
29784,445.2
29785,434.9
29786,444.4
29787,434.5
29788,444.8
29789,574.7
29790,542.2
29791,727.2
29792,918
29793,1202
29794,1121.3
29795,1300.8
29796,1162.6
29797,1120.2
29798,924.3
29799,827
29800,872.6
29801,533.9
29802,541.3
29803,538.7
29804,530.2
29805,634.3
29806,444
29807,438.2
29808,393.5
29809,390.8
29810,384.5
29811,398.5
29812,385.6
29813,537.1
29814,387.1
29815,397.7
29816,386
29817,395.7
29818,387
29819,489.3
29820,481.8
29821,632
29822,491.8
29823,390.4
29824,387.3
29825,395
29826,384.7
29827,398.6
29828,385.4
29829,537.4
29830,387.1
29831,397.5
29832,386
29833,395.2
29834,386.7
29835,394.9
29836,387.9
29837,534.9
29838,389.3
29839,393.6
29840,388.3
29841,386.7
29842,394.6
29843,481.3
29844,488.5
29845,630
29846,482.4
29847,398
29848,385.7
29849,395.5
29850,386.8
29851,395.1
29852,388
29853,535.1
29854,389.4
29855,393.1
29856,434.9
29857,440.2
29858,435
29859,440.5
29860,434.8
29861,581.8
29862,527.4
29863,1104.6
29864,1859.6
29865,2011.6
29866,2060.7
29867,2441.3
29868,2917.6
29869,2785.4
29870,1840.8
29871,1777.4
29872,2293.7
29873,1453.8
29874,1212.5
29875,920.6
29876,1008.9
29877,590.2
29878,436.1
29879,441.9
29880,433.7
29881,441.1
29882,432.9
29883,441.8
29884,432.7
29885,581.3
29886,528.8
29887,1100.6
29888,1855.4
29889,2006.8
29890,2057.9
29891,2434
29892,2912.1
29893,2778.9
29894,1835.8
29895,1773.5
29896,2289.3
29897,1449.6
29898,1210.2
29899,918.6
29900,1006.9
29901,589.6
29902,434.9
29903,441.6
29904,432.8
29905,441.2
29906,432.1
29907,441.2
29908,432
29909,580.7
29910,530
29911,1096.4
29912,1851.2
29913,2002.3
29914,2053.4
29915,2428.3
29916,2905.2
29917,2772.4
29918,1832
29919,1769.6
29920,2283.6
29921,1447.2
29922,1207.5
29923,917
29924,1004.9
29925,588.1
29926,434.8
29927,440.1
29928,432.9
29929,439.4
29930,432.2
29931,439.6
29932,432.1
29933,579.2
29934,525.9
29935,1097.8
29936,1846.7
29937,1997.5
29938,2048.1
29939,2424.2
29940,2897.2
29941,2765.9
29942,1829.3
29943,1765.7
29944,2276.4
29945,1446.6
29946,1203.2
29947,916.2
29948,1003.4
29949,584.1
29950,437.9
29951,439
29952,433.6
29953,438
29954,433.1
29955,437.9
29956,432.8
29957,577.5
29958,524.7
29959,719
29960,905.4
29961,1189.7
29962,1102.1
29963,1280.1
29964,1153.3
29965,1097.9
29966,911.6
29967,816.4
29968,860.9
29969,534.6
29970,528.3
29971,533.5
29972,523.9
29973,627.4
29974,441
29975,432.3
29976,391.7
29977,386
29978,380.6
29979,395.5
29980,381.9
29981,531.8
29982,383.5
29983,394.9
29984,382.4
29985,393.1
29986,383.6
29987,484.5
29988,476.5
29989,624.9
29990,486.8
29991,387.1
29992,387.4
29993,388.9
29994,381.5
29995,394.5
29996,382.8
29997,532
29998,384.1
29999,394.1
30000,429
30001,439.4
30002,429.1
30003,439.4
30004,429.1
30005,577.2
30006,530.5
30007,1084.1
30008,1834.8
30009,1984.4
30010,2034.2
30011,2407
30012,2876.9
30013,2746.5
30014,1817.7
30015,1754
30016,2259.4
30017,1439.1
30018,1191.5
30019,913.2
30020,998.7
30021,575
30022,443.5
30023,427.2
30024,441
30025,426.5
30026,440.8
30027,426.6
30028,441
30029,574
30030,524
30031,1079.9
30032,1833.5
30033,1985.9
30034,2028
30035,2403.4
30036,2867.4
30037,2737.2
30038,1812
30039,1750.7
30040,2260.2
30041,1436.8
30042,1186.4
30043,907.5
30044,994.3
30045,584.2
30046,435.8
30047,433.5
30048,434
30049,432.7
30050,433.4
30051,432.7
30052,433.4
30053,568.9
30054,531.1
30055,1078.5
30056,1826.5
30057,1974.9
30058,2030.3
30059,2392.5
30060,2865.3
30061,2733.6
30062,1807
30063,1746.3
30064,2251.8
30065,1429.9
30066,1192.1
30067,906
30068,993.5
30069,579
30070,435.3
30071,435.4
30072,430.8
30073,434.8
30074,430.2
30075,434.9
30076,430.1
30077,573
30078,521.2
30079,1079.6
30080,1823.8
30081,1974.5
30082,2019.3
30083,2392.5
30084,2854.1
30085,2724.6
30086,1804.3
30087,1742.7
30088,2249.3
30089,1431.4
30090,1181.5
30091,904.1
30092,990
30093,583.9
30094,430.3
30095,436.2
30096,433.8
30097,430.7
30098,430.7
30099,433.2
30100,432.3
30101,567.1
30102,529.5
30103,1074.2
30104,1818.4
30105,1965.5
30106,2020
30107,2382.1
30108,2851.7
30109,2720.8
30110,1800.9
30111,1738.6
30112,2238.6
30113,1427.3
30114,1180
30115,905
30116,993.4
30117,572.1
30118,440.3
30119,425.5
30120,438.1
30121,425.2
30122,437.5
30123,425.2
30124,437.3
30125,569.7
30126,522.1
30127,709.2
30128,893.4
30129,1167.7
30130,1086.1
30131,1266.9
30132,1128.2
30133,1086.1
30134,902.5
30135,801.9
30136,848.1
30137,530.8
30138,527.5
30139,518
30140,529.5
30141,617.6
30142,430.5
30143,434.9
30144,382.5
30145,386.8
30146,382.9
30147,377.4
30148,391.8
30149,519.1
30150,389.1
30151,378.1
30152,391.4
30153,379.4
30154,389.7
30155,470.5
30156,481.9
30157,614.8
30158,477.1
30159,388
30160,383.5
30161,377.8
30162,391.5
30163,379.1
30164,389.7
30165,515.3
30166,392.3
30167,379.9
30168,434.7
30169,425.7
30170,435.1
30171,425.7
30172,435.5
30173,560
30174,528.7
30175,1067.4
30176,1806.4
30177,1955.3
30178,2007.5
30179,2364.7
30180,2831.7
30181,2701.8
30182,1787.3
30183,1727.2
30184,2224.6
30185,1416.7
30186,1174.6
30187,900.2
30188,985.4
30189,568.8
30190,438.8
30191,423.6
30192,436.8
30193,423.2
30194,436.2
30195,423.5
30196,436
30197,563.1
30198,523.1
30199,1064.7
30200,1802.4
30201,1954.6
30202,1999.9
30203,2361.7
30204,2824.6
30205,2694.3
30206,1783.1
30207,1723.5
30208,2221.6
30209,1411.5
30210,1176.3
30211,896.8
30212,981.7
30213,568.8
30214,436.9
30215,429
30216,430.3
30217,425.4
30218,433
30219,422.2
30220,436.1
30221,566.7
30222,517.5
30223,1062.4
30224,1800.6
30225,1950.1
30226,1993.8
30227,2357.5
30228,2817.6
30229,2687.6
30230,1779.2
30231,1719.8
30232,2217.3
30233,1407.7
30234,1175
30235,894.1
30236,979.8
30237,568.9
30238,435
30239,424.8
30240,432.9
30241,428.6
30242,428.5
30243,423.1
30244,434.5
30245,566.2
30246,516.3
30247,1060.2
30248,1796.4
30249,1946.1
30250,1989.5
30251,2352
30252,2811.3
30253,2681.5
30254,1775.4
30255,1716
30256,2211.5
30257,1405.8
30258,1170.4
30259,894.3
30260,977.5
30261,565.6
30262,437.7
30263,421.6
30264,435.5
30265,420.9
30266,434.4
30267,421.1
30268,434.9
30269,564.8
30270,516.3
30271,1058.5
30272,1790.6
30273,1941.7
30274,1986.7
30275,2345.1
30276,2805.1
30277,2676.7
30278,1771.5
30279,1712.2
30280,2204.9
30281,1404.9
30282,1162.9
30283,892.1
30284,980.7
30285,566.1
30286,435.7
30287,422.5
30288,433.1
30289,422
30290,433.6
30291,422.1
30292,432.8
30293,554.7
30294,525.5
30295,700.3
30296,881.5
30297,1151.5
30298,1066.1
30299,1253
30300,1112.9
30301,1065.4
30302,887.1
30303,795.6
30304,838.7
30305,528.2
30306,516.1
30307,519.3
30308,521.6
30309,601.7
30310,434.9
30311,421
30312,389.3
30313,376.4
30314,386.3
30315,377.8
30316,383.7
30317,511.5
30318,387.3
30319,379
30320,377.7
30321,385.1
30322,375
30323,477.5
30324,466.5
30325,610.5
30326,478.2
30327,378.8
30328,384.8
30329,379.2
30330,376.3
30331,387.3
30332,375.1
30333,521.1
30334,376.9
30335,388.1
30336,420.5
30337,431.7
30338,420.5
30339,432.3
30340,420.7
30341,564.4
30342,519.4
30343,1053.7
30344,1779.2
30345,1923.9
30346,1970
30347,2334.1
30348,2783.3
30349,2657.3
30350,1759.9
30351,1701.3
30352,2194.5
30353,1391.3
30354,1163.8
30355,885.5
30356,969.6
30357,566
30358,430.9
30359,427.9
30360,424.6
30361,426.1
30362,425.5
30363,420.4
30364,430.9
30365,561.6
30366,512.6
30367,1050.1
30368,1775.7
30369,1924.6
30370,1969.5
30371,2323.5
30372,2779.7
30373,2652.5
30374,1757.1
30375,1698
30376,2183.3
30377,1395.8
30378,1152
30379,883.4
30380,967.6
30381,573
30382,430.9
30383,422.8
30384,428.6
30385,422.2
30386,427.5
30387,422.5
30388,428
30389,554.1
30390,520.3
30391,1048.7
30392,1771.6
30393,1915.2
30394,1962.8
30395,2322.6
30396,2770.6
30397,2645.4
30398,1752.4
30399,1694
30400,2187.5
30401,1385.5
30402,1157.4
30403,882
30404,965.7
30405,569.7
30406,423.6
30407,428.7
30408,421.6
30409,428.1
30410,421.3
30411,427.7
30412,421.7
30413,560.7
30414,509.7
30415,1049.4
30416,1767.9
30417,1916
30418,1958.8
30419,2314.8
30420,2766.9
30421,2640.6
30422,1749.3
30423,1690.4
30424,2173.7
30425,1390.2
30426,1147.4
30427,880.1
30428,963.6
30429,571.6
30430,429.8
30431,421.5
30432,427.6
30433,421.3
30434,426.6
30435,421.8
30436,426.2
30437,552.6
30438,518.7
30439,1045
30440,1764
30441,1907.2
30442,1953.3
30443,2313.6
30444,2758.4
30445,2633.8
30446,1744.2
30447,1687.7
30448,2176.5
30449,1378.9
30450,1154.8
30451,878.9
30452,962.3
30453,562
30454,429.1
30455,425.3
30456,422.9
30457,421.8
30458,425.4
30459,416.6
30460,430.9
30461,557.8
30462,510.1
30463,692.4
30464,870.3
30465,1135.3
30466,1053.8
30467,1233.9
30468,1097.3
30469,1050.9
30470,875.7
30471,785.5
30472,828.3
30473,522.7
30474,508.9
30475,516.4
30476,516
30477,595.5
30478,432.3
30479,417.7
30480,385.3
30481,374.2
30482,381.7
30483,375.2
30484,377.9
30485,509.6
30486,383.1
30487,376.6
30488,371.5
30489,385.7
30490,373.1
30491,471.3
30492,461.5
30493,604.1
30494,472.8
30495,377.4
30496,378.2
30497,379.2
30498,372.3
30499,384.7
30500,373.7
30501,514.5
30502,375.6
30503,383.2
30504,418.3
30505,426.5
30506,418.8
30507,426.2
30508,419
30509,557.5
30510,506.6
30511,1042.6
30512,1752.3
30513,1899.6
30514,1942.4
30515,2294
30516,2742.7
30517,2617.3
30518,1736.4
30519,1675.9
30520,2156.2
30521,1378
30522,1139.6
30523,874.1
30524,956.3
30525,567.3
30526,417.7
30527,429.2
30528,416.2
30529,428.5
30530,416
30531,428
30532,416.2
30533,558
30534,514
30535,1037.3
30536,1748.9
30537,1892.1
30538,1937
30539,2292.6
30540,2736
30541,2611.5
30542,1730.7
30543,1673
30544,2150.7
30545,1376.3
30546,1136.4
30547,872.2
30548,955
30549,566.6
30550,426.3
30551,419.7
30552,420
30553,423.1
30554,419.4
30555,423.5
30556,414.7
30557,557.7
30558,514.4
30559,1035.2
30560,1745.9
30561,1887.5
30562,1932.7
30563,2289.4
30564,2729.1
30565,2605.8
30566,1727.3
30567,1669.7
30568,2146.4
30569,1373.3
30570,1134.1
30571,870.8
30572,954.3
30573,565.1
30574,426.6
30575,418.4
30576,424.5
30577,418.1
30578,423.4
30579,418.5
30580,423.2
30581,547.8
30582,514.7
30583,1033.1
30584,1741.9
30585,1884.2
30586,1928.7
30587,2284.8
30588,2723.3
30589,2600.3
30590,1723.8
30591,1666.3
30592,2142.4
30593,1370.1
30594,1131.9
30595,869.3
30596,952.9
30597,564
30598,426.3
30599,417.7
30600,424.1
30601,417.5
30602,423.1
30603,417.9
30604,422.8
30605,546.9
30606,514
30607,1031.4
30608,1738.9
30609,1879.8
30610,1924.8
30611,2280
30612,2717.6
30613,2594.9
30614,1720.4
30615,1663
30616,2137.2
30617,1368.5
30618,1130
30619,867.7
30620,949.3
30621,565
30622,425.2
30623,417.8
30624,423
30625,417.7
30626,421.3
30627,418.9
30628,419.6
30629,548.6
30630,512.3
30631,676.4
30632,858.8
30633,1129
30634,1039.1
30635,1209.1
30636,1090.4
30637,1040.3
30638,865.1
30639,775.6
30640,817.4
30641,508.3
30642,512.8
30643,501.1
30644,514
30645,597.8
30646,418.3
30647,424.2
30648,373.1
30649,378.2
30650,373.9
30651,368.9
30652,382.7
30653,498.3
30654,385.3
30655,370.2
30656,380.6
30657,371.8
30658,379.2
30659,458.6
30660,466.7
30661,587.3
30662,471.3
30663,371.1
30664,381.9
30665,371.5
30666,379.5
30667,372.8
30668,371.4
30669,507.7
30670,376.2
30671,377.3
30672,411.8
30673,425.6
30674,412.4
30675,425.4
30676,412.8
30677,553.5
30678,509.8
30679,1026.1
30680,1728
30681,1869.6
30682,1913.7
30683,2262.8
30684,2701.8
30685,2578.7
30686,1712.5
30687,1651
30688,2127.4
30689,1359.3
30690,1125.2
30691,863.4
30692,945
30693,559.9
30694,416.5
30695,424.4
30696,372.2
30697,376.9
30698,372.9
30699,367.6
30700,381.8
30701,496.8
30702,384.7
30703,369
30704,381.7
30705,370.6
30706,379
30707,457.2
30708,465.6
30709,585.1
30710,470.4
30711,370.2
30712,380.9
30713,370.4
30714,378.8
30715,372
30716,376
30717,502
30718,376.1
30719,376
30720,410.8
30721,424.7
30722,411.4
30723,425
30724,411.8
30725,552.2
30726,508.4
30727,1022.4
30728,1721
30729,1862.9
30730,1906.4
30731,2253
30732,2691
30733,2568.2
30734,1705
30735,1644.4
30736,2121.3
30737,1350.7
30738,1125
30739,860.5
30740,941.9
30741,557.4
30742,416.8
30743,421.3
30744,415
30745,420.2
30746,415.4
30747,419.5
30748,415.6
30749,548.8
30750,501.1
30751,1019.7
30752,1719.1
30753,1859.3
30754,1907.3
30755,2247
30756,2684.5
30757,2563.7
30758,1700.5
30759,1644.2
30760,2116
30761,1348.9
30762,1119
30763,859.1
30764,947.4
30765,550.9
30766,423.8
30767,413.5
30768,421.7
30769,413.3
30770,420.6
30771,414
30772,420
30773,541.1
30774,509.1
30775,1018.5
30776,1715.7
30777,1854.5
30778,1898.9
30779,2248.2
30780,2679.6
30781,2558.2
30782,1698
30783,1640.3
30784,2109.2
30785,1349.9
30786,1117
30787,857.8
30788,938.3
30789,557.3
30790,414.6
30791,421.4
30792,413.1
30793,420.7
30794,412.9
30795,420.9
30796,413.4
30797,548
30798,498.5
30799,678.2
30800,849.6
30801,1106.4
30802,1029.8
30803,1200.5
30804,1069.8
30805,1024.9
30806,855.1
30807,767.8
30808,808.7
30809,512
30810,497.5
30811,508.6
30812,503.8
30813,586.5
30814,422.7
30815,413.4
30816,376.8
30817,371.1
30818,365.9
30819,379.4
30820,367.7
30821,505.7
30822,369.5
30823,378.3
30824,369.1
30825,376.3
30826,370.7
30827,460.4
30828,456.7
30829,590.4
30830,456.3
30831,379.7
30832,369.2
30833,376.1
30834,370.8
30835,365.7
30836,380.7
30837,493.8
30838,382.7
30839,367.2
30840,421.6
30841,410.4
30842,420.9
30843,411.1
30844,420.8
30845,537.2
30846,508.3
30847,1013.5
30848,1706.6
30849,1844.3
30850,1888.3
30851,2236.2
30852,2664.4
30853,2544.3
30854,1688.2
30855,1631.9
30856,2097
30857,1342.9
30858,1111.4
30859,853.7
30860,933.8
30861,554.9
30862,413.4
30863,419.5
30864,412
30865,418.9
30866,412.1
30867,418.4
30868,412.4
30869,545.7
30870,497.2
30871,1011.3
30872,1703.8
30873,1843
30874,1889.5
30875,2226.2
30876,2659.3
30877,2539.7
30878,1685.3
30879,1629.6
30880,2093.3
30881,1340.6
30882,1108.5
30883,852.3
30884,932.6
30885,555.2
30886,418.4
30887,414.2
30888,410.6
30889,419.8
30890,408.1
30891,421.9
30892,408.5
30893,548.4
30894,503.8
30895,1010.7
30896,1698.5
30897,1839.8
30898,1882.1
30899,2221.4
30900,2655.4
30901,2533.8
30902,1681.2
30903,1626.1
30904,2095.8
30905,1331.8
30906,1111.9
30907,851.6
30908,934.6
30909,545.3
30910,421.9
30911,410.1
30912,419.7
30913,410.2
30914,418.1
30915,410.7
30916,418.4
30917,536.4
30918,506.1
30919,1008.6
30920,1697.6
30921,1834.6
30922,1878.6
30923,2222.4
30924,2649.6
30925,2529.3
30926,1680.2
30927,1620.2
30928,2091.2
30929,1329.2
30930,1112.8
30931,850
30932,929.6
30933,544.7
30934,421.8
30935,407.1
30936,421.7
30937,407.4
30938,420.8
30939,407.9
30940,419.9
30941,534
30942,506.4
30943,1007
30944,1695
30945,1831.4
30946,1875.1
30947,2220.6
30948,2645.3
30949,2526.2
30950,1676.6
30951,1620.2
30952,2082.9
30953,1332.7
30954,1105.5
30955,848.7
30956,928.3
30957,551.6
30958,412.6
30959,416.8
30960,411.3
30961,416.5
30962,411.4
30963,414.9
30964,412.5
30965,542.5
30966,496
30967,671.2
30968,840.7
30969,1094.3
30970,1014.3
30971,1189.9
30972,1058.6
30973,1014.1
30974,846.2
30975,759.8
30976,800.2
30977,498.9
30978,503.1
30979,502.1
30980,494.9
30981,587.3
30982,410.2
30983,420
30984,366.4
30985,375.7
30986,367.1
30987,373.5
30988,368.7
30989,498.9
30990,370.8
30991,363.7
30992,378
30993,365.4
30994,375.7
30995,450
30996,460.5
30997,575.3
30998,464.7
30999,365.5
31000,377.4
31001,365.8
31002,375.1
31003,367.5
31004,372.8
31005,493.7
31006,375
31007,369.2
31008,405.7
31009,419.4
31010,406.4
31011,419.6
31012,407
31013,543.6
31014,500.4
31015,1003.6
31016,1682.6
31017,1824.8
31018,1868.2
31019,2200.4
31020,2631.7
31021,2513.3
31022,1668.5
31023,1613.5
31024,2072.5
31025,1327.2
31026,1098.2
31027,845
31028,924.4
31029,550.5
31030,412
31031,415.7
31032,406
31033,419
31034,406.2
31035,419.2
31036,406.7
31037,543.1
31038,497.4
31039,1004.5
31040,1679.8
31041,1821.8
31042,1865
31043,2197.3
31044,2627.3
31045,2509.2
31046,1665.9
31047,1611
31048,2068.3
31049,1326.1
31050,1096.6
31051,844.1
31052,923
31053,551
31054,407.2
31055,419.1
31056,406.3
31057,419.1
31058,406.3
31059,418
31060,406.8
31061,542.2
31062,494.4
31063,1004.6
31064,1676.6
31065,1819
31066,1863.9
31067,2193.7
31068,2623
31069,2505.2
31070,1663.4
31071,1608.4
31072,2064.4
31073,1324.7
31074,1095.3
31075,842.9
31076,921.4
31077,550.2
31078,408
31079,418.1
31080,407
31081,416.9
31082,407
31083,416.3
31084,407.6
31085,540.8
31086,491.1
31087,1004.9
31088,1673
31089,1816.3
31090,1861
31091,2192
31092,2619.7
31093,2501.3
31094,1660.9
31095,1605.7
31096,2061.7
31097,1322.1
31098,1094.3
31099,841.7
31100,920.7
31101,548.1
31102,409.4
31103,415.5
31104,408
31105,415
31106,408.3
31107,414.5
31108,408.6
31109,539.9
31110,491.9
31111,996.7
31112,1676.6
31113,1811.1
31114,1857.3
31115,2193.2
31116,2615
31117,2497.4
31118,1658.3
31119,1602.4
31120,2059.7
31121,1316.8
31122,1096.3
31123,840.5
31124,919.5
31125,545
31126,412.4
31127,413.1
31128,409.9
31129,403.8
31130,418.5
31131,404.6
31132,417.8
31133,531.3
31134,499.7
31135,664.9
31136,833
31137,1083.8
31138,1004.7
31139,1172.3
31140,1053.1
31141,1004.7
31142,838.2
31143,752.8
31144,792.4
31145,495.5
31146,500
31147,488.9
31148,501.6
31149,581.4
31150,410.3
31151,413.8
31152,367.4
31153,361.3
31154,376
31155,363.2
31156,373.4
31157,487.6
31158,376
31159,364.8
31160,370.7
31161,366.6
31162,361.6
31163,458.1
31164,447.9
31165,580.6
31166,458.5
31167,366.9
31168,370.5
31169,367.4
31170,362.3
31171,375
31172,364.1
31173,497.5
31174,366.1
31175,371.9
31176,406.7
31177,412.6
31178,408.1
31179,410
31180,410.7
31181,537.4
31182,491.3
31183,993
31184,1669.5
31185,1803.4
31186,1846.8
31187,2185.9
31188,2603.5
31189,2484.8
31190,1652.1
31191,1592.2
31192,2055
31193,1305.9
31194,1097.2
31195,837.5
31196,916.4
31197,536.5
31198,418.6
31199,404.8
31200,415.7
31201,405
31202,414.5
31203,405.6
31204,414.3
31205,528.8
31206,500.2
31207,992
31208,1666.9
31209,1801.2
31210,1844.3
31211,2178.1
31212,2599.1
31213,2480.5
31214,1648.1
31215,1595.1
31216,2049.9
31217,1310.3
31218,1086.1
31219,836.6
31220,914.7
31221,547
31222,413
31223,409.4
31224,402.6
31225,417.1
31226,403.2
31227,416.9
31228,403.7
31229,538.8
31230,495.9
31231,991.8
31232,1659.8
31233,1800.4
31234,1844.9
31235,2172
31236,2596
31237,2479.5
31238,1647.1
31239,1592.4
31240,2044.1
31241,1311.3
31242,1086
31243,835.8
31244,913.5
31245,544.6
31246,408.5
31247,412
31248,407.1
31249,411.8
31250,407.5
31251,408.9
31252,410.3
31253,535.3
31254,490.8
31255,989.3
31256,1663
31257,1796.4
31258,1838.5
31259,2177.9
31260,2591.4
31261,2473.8
31262,1644.2
31263,1585.9
31264,2049.4
31265,1301.9
31266,1088.5
31267,833.8
31268,915.3
31269,539.4
31270,415.6
31271,405.7
31272,413
31273,406.1
31274,411.2
31275,406.6
31276,411.3
31277,529.3
31278,497.2
31279,989
31280,1660.1
31281,1794.6
31282,1837.3
31283,2165.3
31284,2589.3
31285,2473.1
31286,1643
31287,1588.7
31288,2038.4
31289,1308.8
31290,1083.1
31291,833.9
31292,911.7
31293,544.2
31294,406.2
31295,413.7
31296,405.1
31297,412.5
31298,405.6
31299,411.4
31300,406.3
31301,535.8
31302,488.4
31303,660.7
31304,826.5
31305,1074.2
31306,996.1
31307,1167.8
31308,1039.6
31309,996.1
31310,831.6
31311,747.1
31312,786.8
31313,491.1
31314,497.6
31315,492.1
31316,492.2
31317,577.7
31318,407.3
31319,412.3
31320,364.7
31321,364.8
31322,368.9
31323,360.8
31324,373
31325,484.2
31326,375
31327,362.5
31328,370.6
31329,364.3
31330,361.9
31331,453.6
31332,451.9
31333,570.2
31334,456.2
31335,364.9
31336,369.3
31337,365.3
31338,360.3
31339,373.6
31340,362.2
31341,494.4
31342,364.2
31343,370.1
31344,404.7
31345,410.5
31346,405.9
31347,408
31348,408.7
31349,533.6
31350,488.6
31351,984.6
31352,1655.5
31353,1787.8
31354,1830.4
31355,2166.6
31356,2578.2
31357,2461.2
31358,1635.8
31359,1579.8
31360,2037.9
31361,1297.7
31362,1080.3
31363,829.7
31364,911.3
31365,542.7
31366,413.3
31367,405.4
31368,410.7
31369,406.2
31370,408.3
31371,407.9
31372,401
31373,537.1
31374,494.3
31375,984.8
31376,1649.4
31377,1787.1
31378,1831
31379,2155.5
31380,2575.9
31381,2462.1
31382,1635.4
31383,1581.1
31384,2029.3
31385,1300.3
31386,1081
31387,830.4
31388,908.2
31389,537.2
31390,411.3
31391,406.8
31392,409.5
31393,401
31394,414.8
31395,401.6
31396,413.5
31397,523.6
31398,498.1
31399,983.1
31400,1651.8
31401,1783.9
31402,1826.6
31403,2157.7
31404,2572.7
31405,2455.5
31406,1633
31407,1580.1
31408,2028.2
31409,1300.4
31410,1076.9
31411,829.9
31412,907.1
31413,543.1
31414,403.4
31415,414
31416,402.1
31417,413.2
31418,402.7
31419,412.5
31420,403
31421,534
31422,485.3
31423,984.5
31424,1647.6
31425,1782.3
31426,1827.4
31427,2156.9
31428,2571.3
31429,2454.2
31430,1632
31431,1572.9
31432,2031.4
31433,1291
31434,1082.7
31435,828.3
31436,908.6
31437,534.4
31438,413.9
31439,403.3
31440,411.6
31441,403.9
31442,410
31443,404.6
31444,409.3
31445,526.9
31446,494.5
31447,982.1
31448,1646.9
31449,1780.9
31450,1823.5
31451,2148.4
31452,2568.6
31453,2453.4
31454,1630.5
31455,1576.4
31456,2022.9
31457,1297.9
31458,1076.6
31459,828.2
31460,905.7
31461,538.6
31462,408.2
31463,408.5
31464,406.2
31465,400
31466,413.8
31467,401
31468,413.5
31469,522.3
31470,497.2
31471,655.8
31472,821.1
31473,1067.6
31474,989.8
31475,1150
31476,1039.3
31477,991.2
31478,826.2
31479,740.3
31480,775.7
31481,499.7
31482,492.7
31483,485.9
31484,494.1
31485,565
31486,414.9
31487,401.2
31488,372.5
31489,361.1
31490,369.2
31491,363
31492,358.6
31493,493.8
31494,360.2
31495,372.8
31496,360
31497,370.8
31498,361.9
31499,450.4
31500,444.4
31501,574.3
31502,444.3
31503,373.1
31504,361.2
31505,369.2
31506,363.1
31507,358.1
31508,373.5
31509,480.9
31510,374.4
31511,360.1
31512,411.1
31513,402.1
31514,411.2
31515,402.8
31516,410.7
31517,524.2
31518,494.4
31519,979.4
31520,1643.3
31521,1775.6
31522,1818
31523,2142.1
31524,2560.4
31525,2447.5
31526,1626.2
31527,1572.2
31528,2017.2
31529,1295.1
31530,1073.2
31531,826.4
31532,903.5
31533,539
31534,406.2
31535,408.1
31536,405.4
31537,399.2
31538,414
31539,399.9
31540,413.7
31541,523
31542,495.1
31543,978
31544,1642.8
31545,1774
31546,1816.4
31547,2145
31548,2557.5
31549,2441.3
31550,1624.8
31551,1571.4
31552,2014.9
31553,1295.3
31554,1071.6
31555,825.9
31556,902.9
31557,540.4
31558,403.3
31559,411.3
31560,402.2
31561,410.3
31562,402.8
31563,409.6
31564,403.3
31565,531.3
31566,485.1
31567,977.4
31568,1641.2
31569,1772.5
31570,1814.7
31571,2147.8
31572,2554.7
31573,2439
31574,1621
31575,1569.1
31576,2017.6
31577,1290.1
31578,1070.3
31579,825.3
31580,902.2
31581,541.1
31582,400.9
31583,413.2
31584,399.9
31585,412.6
31586,400.5
31587,411.8
31588,401.2
31589,532.4
31590,482.7
31591,981.5
31592,1635.6
31593,1772.2
31594,1817.8
31595,2141.4
31596,2555
31597,2438
31598,1621.3
31599,1563.2
31600,2019.6
31601,1284.9
31602,1072.1
31603,822.9
31604,903.5
31605,538.7
31606,411.3
31607,403.1
31608,408.6
31609,403.9
31610,401.9
31611,410.1
31612,399.2
31613,533.2
31614,491.5
31615,976.9
31616,1633.9
31617,1770.8
31618,1814.5
31619,2137.8
31620,2553.1
31621,2438.6
31622,1620.9
31623,1563.3
31624,2015.2
31625,1282.4
31626,1078.5
31627,824.1
31628,901.3
31629,530.8
31630,412.3
31631,401.4
31632,410.3
31633,402.1
31634,409.2
31635,402.8
31636,408.5
31637,524
31638,492.6
31639,644.8
31640,816.2
31641,1070.1
31642,986.2
31643,1145.2
31644,1026.2
31645,983.8
31646,822.7
31647,739.8
31648,778.5
31649,496
31650,482.9
31651,493
31652,481.8
31653,574.4
31654,408.1
31655,406.3
31656,358.6
31657,371.7
31658,359.5
31659,370
31660,361.4
31661,489.9
31662,363.3
31663,366.2
31664,363.5
31665,358.5
31666,370.6
31667,440.3
31668,451.9
31669,561.3
31670,455.8
31671,359.2
31672,371.5
31673,359.8
31674,368.9
31675,361.6
31676,365.8
31677,484.2
31678,361.3
31679,371
31680,398.6
31681,412
31682,400
31683,410.9
31684,400.8
31685,531.1
31686,482.1
31687,978.1
31688,1631.9
31689,1767.3
31690,1811.1
31691,2138.6
31692,2548
31693,2430.5
31694,1616.4
31695,1560.8
31696,2012.9
31697,1283.8
31698,1066.9
31699,823.2
31700,899.3
31701,540.2
31702,409.2
31703,403.9
31704,398.3
31705,413
31706,398.9
31707,411.7
31708,399.7
31709,531.8
31710,483.8
31711,979.4
31712,1628.8
31713,1766.7
31714,1810.1
31715,2135.4
31716,2546.7
31717,2430.4
31718,1616.3
31719,1558.1
31720,2013.2
31721,1281.2
31722,1068.6
31723,820.4
31724,901
31725,538.4
31726,410.1
31727,402.8
31728,404.4
31729,406.4
31730,397.8
31731,412.8
31732,398.6
31733,532.3
31734,490.7
31735,974.5
31736,1628.3
31737,1765.6
31738,1809.1
31739,2132.7
31740,2545.4
31741,2430.4
31742,1616.3
31743,1557.3
31744,2011.5
31745,1279.3
31746,1070.9
31747,820.4
31748,900.4
31749,534.9
31750,410.6
31751,402.2
31752,407.9
31753,402.7
31754,407.1
31755,403.6
31756,397.9
31757,532.3
31758,490.6
31759,973.9
31760,1628.8
31761,1764.7
31762,1808.2
31763,2130.3
31764,2543.4
31765,2430.9
31766,1615.5
31767,1557.2
31768,2008.8
31769,1278.9
31770,1072.6
31771,820.5
31772,899.9
31773,532
31774,411.2
31775,401.4
31776,408.9
31777,402.1
31778,407.2
31779,403.1
31780,400.2
31781,529.5
31782,491.5
31783,973.5
31784,1629.1
31785,1765.5
31786,1805.8
31787,2128.3
31788,2543.1
31789,2429.1
31790,1614.9
31791,1557.5
31792,2007.4
31793,1277.3
31794,1074.4
31795,820.7
31796,899.6
31797,529.7
31798,411.6
31799,401.1
31800,409
31801,401.6
31802,407.2
31803,402.4
31804,404
31805,525.7
31806,490.9
31807,641.5
31808,815.5
31809,1064.2
31810,985.1
31811,1141.7
31812,1023.1
31813,980.8
31814,820.3
31815,737.7
31816,776.4
31817,494.3
31818,482.8
31819,491.1
31820,481.7
31821,572
31822,400.7
31823,412.1
31824,358.5
31825,370.9
31826,359.8
31827,367.1
31828,361.8
31829,487.3
31830,364.1
31831,356.9
31832,371.3
31833,358.9
31834,368.6
31835,440.5
31836,450
31837,561
31838,453.9
31839,359.7
31840,369.3
31841,360.3
31842,366.7
31843,362.3
31844,357.4
31845,492.3
31846,359.4
31847,370.3
31848,399.2
31849,409.2
31850,400.6
31851,408.3
31852,401.2
31853,529.5
31854,482.1
31855,971.9
31856,1631.3
31857,1761.5
31858,1803.5
31859,2134.2
31860,2537.9
31861,2423
31862,1610.7
31863,1560.8
31864,2002.9
31865,1284.5
31866,1064.5
31867,821
31868,897.1
31869,538.1
31870,400.9
31871,410.7
31872,399.6
31873,409.7
31874,400.7
31875,408.1
31876,401.3
31877,529.4
31878,482
31879,971.7
31880,1630.9
31881,1761.1
31882,1803
31883,2133.6
31884,2537.2
31885,2422.4
31886,1610.4
31887,1560.4
31888,2002.3
31889,1284.3
31890,1064.3
31891,820.9
31892,896.9
31893,537.9
31894,401
31895,410.3
31896,399.7
31897,409.4
31898,400.8
31899,407.9
31900,401.3
31901,529.2
31902,482
31903,971.5
31904,1630.5
31905,1760.8
31906,1802.7
31907,2133
31908,2536.7
31909,2421.8
31910,1610.4
31911,1560.1
31912,2001.6
31913,1284.4
31914,1064.1
31915,820.4
31916,897.2
31917,537.7
31918,400.8
31919,410.4
31920,399.9
31921,409.1
31922,400.9
31923,408.5
31924,401.4
31925,529.1
31926,482.1
31927,971
31928,1630.7
31929,1760.5
31930,1802.4
31931,2132.3
31932,2536.3
31933,2421.4
31934,1610.5
31935,1559.9
31936,2001
31937,1284.6
31938,1064
31939,820.3
31940,897.1
31941,537.4
31942,401.2
31943,409.8
31944,400.1
31945,409.3
31946,400.9
31947,408.4
31948,401.4
31949,528.8
31950,482.5
31951,970.9
31952,1630.5
31953,1760.3
31954,1802.2
31955,2131.7
31956,2536.1
31957,2421.2
31958,1610.7
31959,1559.7
31960,2000.3
31961,1284.9
31962,1063.9
31963,820.1
31964,897.1
31965,537.3
31966,401.2
31967,409.7
31968,400.3
31969,408.9
31970,401
31971,408.2
31972,401.6
31973,528.6
31974,482.8
31975,651.3
31976,814.2
31977,1056.9
31978,980.3
31979,1145.3
31980,1025.6
31981,980.3
31982,818.9
31983,735.8
31984,774.5
31985,487.6
31986,490.4
31987,481.1
31988,491.9
31989,564.1
31990,410.1
31991,397.3
31992,372.5
31993,358
31994,369.3
31995,359.9
31996,366.2
31997,481.5
31998,368.3
31999,362.4
32000,357.3
32001,370.2
32002,359.1
32003,448.6
32004,440.9
32005,570.7
32006,440.9
32007,372.3
32008,358.8
32009,368.4
32010,360.8
32011,361.4
32012,366.1
32013,479.7
32014,371.2
32015,357.8
32016,409.7
32017,399.6
32018,409.1
32019,400.4
32020,408.1
32021,520.7
32022,492.2
32023,971.8
32024,1629.4
32025,1760.4
32026,1802.4
32027,2123.6
32028,2537.7
32029,2425.7
32030,1612.3
32031,1558.8
32032,1999.9
32033,1278.6
32034,1070.4
32035,820.1
32036,897
32037,527.3
32038,412.8
32039,399.1
32040,410.3
32041,399.8
32042,409.2
32043,400.6
32044,408.3
32045,521.1
32046,491.8
32047,971.9
32048,1629.5
32049,1760.1
32050,1803
32051,2123.8
32052,2538.8
32053,2424.9
32054,1612.4
32055,1558.6
32056,2000.4
32057,1278.1
32058,1071
32059,820.2
32060,896.8
32061,527.5
32062,412.5
32063,399.4
32064,409.8
32065,400.1
32066,409.6
32067,401
32068,408.3
32069,521.1
32070,491.5
32071,971.6
32072,1630
32073,1760.8
32074,1802.8
32075,2124.1
32076,2539
32077,2425.2
32078,1612.5
32079,1558.3
32080,2001.1
32081,1277.8
32082,1071.6
32083,820.3
32084,896.9
32085,527.7
32086,412.6
32087,399.6
32088,409.7
32089,400.3
32090,409.1
32091,401
32092,408.3
32093,521.4
32094,491.6
32095,971.8
32096,1630.3
32097,1761
32098,1803.1
32099,2124.5
32100,2539.4
32101,2425.6
32102,1612.7
32103,1558.3
32104,2001.7
32105,1277.7
32106,1072
32107,820.4
32108,897
32109,527.9
32110,412.5
32111,399.5
32112,409.2
32113,400.4
32114,409
32115,401.2
32116,408.2
32117,521.4
32118,491.8
32119,972.4
32120,1630.2
32121,1761.4
32122,1803.5
32123,2124.9
32124,2539.9
32125,2426.1
32126,1613.1
32127,1559.1
32128,2001.6
32129,1277.8
32130,1072.3
32131,820.5
32132,897.3
32133,528
32134,412.5
32135,399.8
32136,409.7
32137,400.6
32138,408.8
32139,401.2
32140,408.2
32141,521.7
32142,491.6
32143,645.4
32144,810.7
32145,1066.7
32146,982.1
32147,1140.3
32148,1022.8
32149,980.2
32150,820
32151,737.4
32152,775.6
32153,495.3
32154,481.8
32155,492
32156,480.3
32157,572.9
32158,407.2
32159,405.2
32160,357.6
32161,370.9
32162,359.1
32163,368.7
32164,360.9
32165,488.4
32166,363.1
32167,359.4
32168,368.2
32169,358.1
32170,370.8
32171,439.4
32172,450.9
32173,560.2
32174,454.7
32175,358.8
32176,370.6
32177,359.4
32178,368.2
32179,361.5
32180,358.7
32181,490
32182,358.4
32183,371.9
32184,358.4
32185,368.6
32186,360.3
32187,366.1
32188,362.5
32189,484.7
32190,366.6
32191,357.4
32192,370.6
32193,359.4
32194,368.2
32195,441
32196,449.7
32197,561.6
32198,453.6
32199,360.2
32200,368.8
32201,360.8
32202,366.2
32203,362.8
32204,357.9
32205,490.7
32206,359.7
32207,370.2
32208,399.5
32209,409.8
32210,401
32211,408.9
32212,401.8
32213,529.6
32214,483.1
32215,972.4
32216,1633.2
32217,1763.4
32218,1805.3
32219,2135.8
32220,2540.7
32221,2425.6
32222,1612.8
32223,1562.4
32224,2004.7
32225,1286
32226,1065.5
32227,821.5
32228,898.3
32229,538.4
32230,401
32231,410.9
32232,400.3
32233,409.8
32234,401
32235,408.5
32236,402
32237,529.5
32238,482.9
32239,972.8
32240,1634
32241,1764.1
32242,1806.1
32243,2137.4
32244,2541.9
32245,2426.7
32246,1612.9
32247,1562.7
32248,2006.5
32249,1285.5
32250,1065.9
32251,822.1
32252,898.3
32253,538.9
32254,400.6
32255,411.4
32256,399.7
32257,410.7
32258,400.5
32259,409.8
32260,401.5
32261,530.2
32262,482.5
32263,973.9
32264,1634
32265,1764.9
32266,1807.3
32267,2138.2
32268,2543.9
32269,2427.9
32270,1614.1
32271,1561.9
32272,2008.8
32273,1284.7
32274,1066.1
32275,822.2
32276,898.7
32277,539.4
32278,400.1
32279,412.5
32280,399.1
32281,411.6
32282,400
32283,410.7
32284,400.8
32285,531
32286,482
32287,977.2
32288,1632.2
32289,1765.8
32290,1810.7
32291,2137.1
32292,2546.4
32293,2429.3
32294,1615.5
32295,1560.6
32296,2011.5
32297,1283.7
32298,1066.5
32299,822.5
32300,899.3
32301,539.5
32302,406.2
32303,406.7
32304,398.2
32305,412.6
32306,399.3
32307,411.7
32308,399.9
32309,531.7
32310,483
32311,653.1
32312,817
32313,1060
32314,986.7
32315,1150.4
32316,1025.7
32317,983.1
32318,821.8
32319,738.6
32320,777.4
32321,485.4
32322,494.1
32323,489.9
32324,484.8
32325,572
32326,403.4
32327,409.9
32328,361.6
32329,367.2
32330,362.7
32331,357.7
32332,371.7
32333,479.6
32334,373.4
32335,359.8
32336,368.9
32337,361.6
32338,365.8
32339,444
32340,448.8
32341,564.6
32342,452.8
32343,362.7
32344,368.1
32345,363.3
32346,358
32347,371
32348,359.9
32349,490.2
32350,362
32351,368.1
32352,402
32353,408.2
32354,403.8
32355,406.4
32356,405.4
32357,529.5
32358,485.6
32359,975.7
32360,1637.9
32361,1769
32362,1811.1
32363,2140.4
32364,2549.6
32365,2433.6
32366,1619.5
32367,1567.1
32368,2009.7
32369,1291.4
32370,1068.2
32371,824.4
32372,900.5
32373,539.1
32374,402.5
32375,410.5
32376,401.3
32377,410
32378,402.1
32379,409.7
32380,403
32381,530.6
32382,484.4
32383,976.1
32384,1639
32385,1770.1
32386,1812.2
32387,2144.8
32388,2551
32389,2435.4
32390,1618.7
32391,1567.2
32392,2014.3
32393,1288.7
32394,1069.1
32395,824.3
32396,901
32397,540.5
32398,400.8
32399,413.1
32400,399.8
32401,412.3
32402,400.9
32403,411.3
32404,401.7
32405,532
32406,483
32407,983.3
32408,1634
32409,1771.7
32410,1816.1
32411,2144
32412,2555.3
32413,2437.8
32414,1621.3
32415,1563.4
32416,2019.8
32417,1285.6
32418,1072.5
32419,821.9
32420,903.4
32421,539.8
32422,410.2
32423,403.7
32424,407.6
32425,405
32426,399
32427,413.8
32428,399.7
32429,533.7
32430,492.2
32431,978.4
32432,1636.1
32433,1776.6
32434,1814.5
32435,2141.4
32436,2557.2
32437,2442.5
32438,1623.1
32439,1566.4
32440,2018
32441,1284.3
32442,1080.2
32443,825.3
32444,902.5
32445,531
32446,413.6
32447,401.7
32448,410.7
32449,402.5
32450,410.2
32451,403.2
32452,409.4
32453,524.5
32454,494.5
32455,978.9
32456,1642.1
32457,1774.4
32458,1816.8
32459,2140.7
32460,2559.4
32461,2444.6
32462,1624.9
32463,1571
32464,2015.8
32465,1292.2
32466,1074.5
32467,825.8
32468,902.9
32469,532.6
32470,411.8
32471,399.3
32472,414
32473,400.2
32474,413.3
32475,400.9
32476,412.3
32477,522.5
32478,496.2
32479,655.2
32480,819.5
32481,1066.3
32482,988.5
32483,1148.5
32484,1034.5
32485,992.4
32486,825
32487,735.3
32488,777.9
32489,499.4
32490,491
32491,487
32492,492.7
32493,565.2
32494,414.7
32495,401.4
32496,370.4
32497,362
32498,368.4
32499,364.2
32500,358.9
32501,494.9
32502,360.8
32503,371.9
32504,360.8
32505,368.7
32506,363
32507,449.5
32508,445.6
32509,573.4
32510,445.3
32511,371.9
32512,362.1
32513,368
32514,363.9
32515,359
32516,372.5
32517,481.6
32518,373.6
32519,360.9
32520,410.4
32521,403.3
32522,411.7
32523,404
32524,409.3
32525,526
32526,494.9
32527,981.2
32528,1645.8
32529,1779.5
32530,1821.7
32531,2146.4
32532,2566.4
32533,2451.2
32534,1629.2
32535,1575.1
32536,2021.1
32537,1297.1
32538,1075.3
32539,827.7
32540,905
32541,539.2
32542,406.9
32543,408.8
32544,405.7
32545,400.2
32546,414.7
32547,400.7
32548,414.2
32549,523.9
32550,496.9
32551,981.6
32552,1648.4
32553,1780.5
32554,1823.1
32555,2153.7
32556,2567.4
32557,2450.5
32558,1630.1
32559,1577.2
32560,2023.9
32561,1298.4
32562,1075
32563,828.5
32564,905.6
32565,542.7
32566,403
32567,413.5
32568,402.2
32569,412.6
32570,402.9
32571,411.9
32572,403.6
32573,534.3
32574,485.6
32575,983.5
32576,1649
32577,1782.2
32578,1827.2
32579,2157.8
32580,2571.6
32581,2454.1
32582,1631.9
32583,1573.1
32584,2032.3
32585,1291.3
32586,1081.7
32587,828.1
32588,908.6
32589,536
32590,414
32591,403.5
32592,411.4
32593,404.5
32594,410.8
32595,405.2
32596,406.1
32597,530.6
32598,495.2
32599,983.9
32600,1650.1
32601,1785.2
32602,1827.3
32603,2153.2
32604,2574.3
32605,2458.8
32606,1633.3
32607,1580.4
32608,2027.2
32609,1301.1
32610,1078
32611,829.9
32612,907.4
32613,540.6
32614,407.2
32615,410.1
32616,406
32617,405.4
32618,410.9
32619,401
32620,414.7
32621,531.5
32622,490.7
32623,984.3
32624,1653.5
32625,1786.1
32626,1828.7
32627,2162
32628,2575.6
32629,2458.6
32630,1633.2
32631,1582
32632,2032.8
32633,1299.7
32634,1077.8
32635,830.7
32636,908.1
32637,542.9
32638,404.6
32639,414.6
32640,401.3
32641,415.2
32642,402.2
32643,414.5
32644,402.9
32645,536.2
32646,487.3
32647,658.5
32648,825.3
32649,1071.6
32650,999.9
32651,1161.2
32652,1036.7
32653,993.7
32654,830.2
32655,745.9
32656,785.8
32657,498.6
32658,488.8
32659,495
32660,486.8
32661,577.8
32662,404.4
32663,415.1
32664,361.8
32665,372.3
32666,363.2
32667,369.8
32668,365
32669,492.4
32670,367.2
32671,360.1
32672,373.9
32673,362.1
32674,371.6
32675,444.8
32676,454.5
32677,567.5
32678,458.5
32679,362.4
32680,372.7
32681,362.9
32682,370.2
32683,364.9
32684,359.7
32685,496.4
32686,361.8
32687,373.5
32688,402
32689,415.1
32690,403.6
32691,414
32692,404.3
32693,536.7
32694,486.7
32695,990.6
32696,1655.9
32697,1793.7
32698,1838.1
32699,2168.1
32700,2586.4
32701,2470.3
32702,1641.1
32703,1584
32704,2039.6
32705,1299.9
32706,1089.1
32707,833
32708,911.2
32709,533.7
32710,417.6
32711,403
32712,414.9
32713,403.7
32714,414.6
32715,404.4
32716,413.9
32717,527
32718,499.2
32719,988.8
32720,1660.8
32721,1794.5
32722,1837.4
32723,2169.6
32724,2588.9
32725,2470.7
32726,1642.8
32727,1589.2
32728,2040.8
32729,1307.1
32730,1082.6
32731,833.8
32732,911.8
32733,545.7
32734,404
32735,415.6
32736,402.9
32737,415.9
32738,403.6
32739,415.8
32740,404.3
32741,538.4
32742,486.9
32743,995.8
32744,1658.7
32745,1798.5
32746,1842.7
32747,2171.7
32748,2593
32749,2476.6
32750,1645.2
32751,1590.6
32752,2042
32753,1307
32754,1087.9
32755,834.7
32756,913
32757,539.5
32758,412.7
32759,405.5
32760,413.5
32761,402.8
32762,416.8
32763,403.5
32764,416.1
32765,526.9
32766,500.9
32767,990.7
32768,1665.3
32769,1799
32770,1842
32771,2178.6
32772,2595.3
32773,2477.5
32774,1645.8
32775,1590.7
32776,2050.5
32777,1305.8
32778,1086.8
32779,834.5
32780,916.6
32781,544.1
32782,415
32783,406.9
32784,412.3
32785,407.9
32786,411.9
32787,408.6
32788,403.7
32789,539.3
32790,498.2
32791,992.4
32792,1665.4
32793,1803
32794,1845
32795,2174.3
32796,2600.1
32797,2483.4
32798,1649.6
32799,1595.1
32800,2046.7
32801,1313.9
32802,1086.9
32803,836.9
32804,915.1
32805,546.1
32806,406.8
32807,414.8
32808,405.3
32809,415.6
32810,406.2
32811,414.4
32812,406.9
32813,538.5
32814,489.8
32815,664.3
32816,831.1
32817,1080.6
32818,1002
32819,1175.5
32820,1045.5
32821,1001.7
32822,836.6
32823,751.4
32824,791.2
32825,493.7
32826,499.8
32827,497.1
32828,490.8
32829,581.2
32830,407.2
32831,416
32832,364.4
32833,372.3
32834,365.6
32835,370.5
32836,367.5
32837,494.5
32838,369.9
32839,362.4
32840,374.9
32841,364.2
32842,372.6
32843,447.9
32844,456.7
32845,571.7
32846,460.8
32847,364.5
32848,374
32849,364.9
32850,371.7
32851,366.8
32852,361.6
32853,499.4
32854,363.7
32855,375.9
32856,404.2
32857,417.5
32858,405.8
32859,416
32860,406.7
32861,540
32862,489.9
32863,1000
32864,1670.9
32865,1811.2
32866,1855.7
32867,2186.7
32868,2611.4
32869,2494.1
32870,1656.4
32871,1601.3
32872,2055.9
32873,1318.4
32874,1091.7
32875,839.7
32876,918.4
32877,547.2
32878,409.4
32879,415.4
32880,408
32881,413.5
32882,409.2
32883,412.9
32884,409.9
32885,539
32886,493
32887,996.7
32888,1676.9
32889,1811.4
32890,1856.2
32891,2194.8
32892,2615.5
32893,2497.6
32894,1658.9
32895,1602.8
32896,2060.1
32897,1315
32898,1097.9
32899,841.2
32900,919.7
32901,539.9
32902,417.7
32903,404.2
32904,418.8
32905,405.4
32906,418.4
32907,406
32908,417.7
32909,530
32910,503.9
32911,998.3
32912,1679.3
32913,1814.4
32914,1857.6
32915,2199.1
32916,2618.4
32917,2499.8
32918,1661.3
32919,1602
32920,2068.8
32921,1313.1
32922,1103.3
32923,841.8
32924,921.1
32925,539.1
32926,420.1
32927,405.9
32928,417.7
32929,407.1
32930,417.3
32931,407.6
32932,416.7
32933,532
32934,503
32935,1000
32936,1681.6
32937,1817.1
32938,1860.6
32939,2200
32940,2623.1
32941,2503.8
32942,1662.9
32943,1605.1
32944,2073.3
32945,1316.1
32946,1101.8
32947,843.2
32948,924.5
32949,540.9
32950,419
32951,407.3
32952,417.7
32953,408.2
32954,416.8
32955,408.7
32956,416.2
32957,533.3
32958,502.9
32959,1001.4
32960,1683.7
32961,1820.5
32962,1863.6
32963,2202
32964,2627.7
32965,2507.9
32966,1665.1
32967,1609.2
32968,2075.4
32969,1319.3
32970,1101.3
32971,843.7
32972,926.5
32973,543.3
32974,419.2
32975,408.1
32976,416.9
32977,409
32978,416.7
32979,409.6
32980,416
32981,534.4
32982,503.3
32983,664.5
32984,835.7
32985,1098.2
32986,1012.4
32987,1177.1
32988,1057.4
32989,1017.8
32990,843.8
32991,753.2
32992,793.7
32993,508.9
32994,500.8
32995,494.1
32996,502.3
32997,575.1
32998,423
32999,406.3
33000,378.1
33001,365.6
33002,376.3
33003,367.3
33004,373.2
33005,493.5
33006,375.3
33007,369
33008,363.9
33009,378.6
33010,365.6
33011,459.4
33012,450.5
33013,586.6
33014,459.8
33015,371
33016,364.3
33017,377.2
33018,366
33019,374.9
33020,367.7
33021,499.8
33022,369.8
33023,372.7
33024,369.5
33025,364.7
33026,377.4
33027,366.4
33028,375.1
33029,492.8
33030,377.3
33031,368
33032,372.9
33033,369.8
33034,364.7
33035,461
33036,449.8
33037,587.8
33038,461.8
33039,369.9
33040,365.7
33041,377.4
33042,365
33043,376.9
33044,366.7
33045,501.7
33046,368.5
33047,374.9
33048,409.8
33049,416.9
33050,411.6
33051,416.2
33052,412.3
33053,543.6
33054,496.2
33055,1006.6
33056,1695.3
33057,1831.6
33058,1879.5
33059,2217.6
33060,2645.7
33061,2526.7
33062,1677.1
33063,1621.3
33064,2082.2
33065,1334.7
33066,1104
33067,849
33068,928.7
33069,552.6
33070,410.5
33071,419.6
33072,409.2
33073,419.4
33074,410.1
33075,418.8
33076,410.6
33077,545.1
33078,495.2
33079,1012
33080,1696
33081,1840.3
33082,1880.6
33083,2217.1
33084,2650.3
33085,2531.1
33086,1679.8
33087,1624.4
33088,2086.8
33089,1335.5
33090,1105.6
33091,849.9
33092,929.9
33093,554
33094,413.4
33095,417.2
33096,408.3
33097,421.5
33098,407.9
33099,422.1
33100,408.3
33101,547.5
33102,503.9
33103,1010.9
33104,1698.8
33105,1840.3
33106,1882
33107,2222.4
33108,2656
33109,2534.3
33110,1681.6
33111,1626.4
33112,2096.2
33113,1332
33114,1112.3
33115,851.8
33116,934.6
33117,545.4
33118,421.9
33119,410.1
33120,419.5
33121,411.1
33122,419.5
33123,411.6
33124,419.1
33125,537.7
33126,507.4
33127,1012
33128,1703.8
33129,1841.4
33130,1885.5
33131,2231.7
33132,2659.8
33133,2539.2
33134,1687.3
33135,1626.4
33136,2096.8
33137,1337.2
33138,1113.4
33139,852.5
33140,933
33141,552.9
33142,414.8
33143,417.8
33144,413
33145,417.9
33146,414
33147,415.2
33148,416.6
33149,545.7
33150,499.5
33151,675.5
33152,847.1
33153,1103.3
33154,1022.4
33155,1199.8
33156,1067.1
33157,1022.1
33158,852.6
33159,765.5
33160,806.2
33161,508.8
33162,499
33163,505.8
33164,497
33165,591.6
33166,411.4
33167,423.2
33168,367
33169,379.5
33170,368.3
33171,377.4
33172,370
33173,504
33174,371.9
33175,375.4
33176,371.5
33177,366.4
33178,379.9
33179,452.2
33180,465.4
33181,589.4
33182,458.8
33183,376.6
33184,371.6
33185,366.4
33186,379.8
33187,368.1
33188,378
33189,495.9
33190,380.6
33191,369.6
33192,418.7
33193,413.9
33194,419.3
33195,414.3
33196,418.9
33197,541.2
33198,508.2
33199,1017.2
33200,1712.9
33201,1851.5
33202,1896
33203,2242.7
33204,2675.3
33205,2553.7
33206,1696.4
33207,1635.3
33208,2108.5
33209,1346.7
33210,1116.4
33211,856.5
33212,937.5
33213,555.3
33214,415.6
33215,419.1
33216,414.1
33217,419.8
33218,415
33219,419.1
33220,415.5
33221,547.7
33222,500.8
33223,1017.9
33224,1716.3
33225,1856
33226,1904.1
33227,2243.6
33228,2680
33229,2559.4
33230,1697.7
33231,1641.6
33232,2111.6
33233,1347.1
33234,1116.3
33235,858
33236,942
33237,555.9
33238,422.9
33239,413.5
33240,420.7
33241,414.4
33242,420.7
33243,414.8
33244,419.9
33245,542.6
33246,510.1
33247,1020.5
33248,1719.2
33249,1858.4
33250,1903
33251,2252.5
33252,2685.7
33253,2563.8
33254,1701.8
33255,1643.7
33256,2113.7
33257,1352.6
33258,1119.1
33259,859.3
33260,940.4
33261,557.9
33262,414.9
33263,422.1
33264,413.5
33265,421.9
33266,414.4
33267,421.2
33268,414.8
33269,550.3
33270,500.5
33271,1025
33272,1721.3
33273,1865.4
33274,1910.5
33275,2249.2
33276,2692.5
33277,2568.8
33278,1703.5
33279,1646.9
33280,2124.8
33281,1347
33282,1129.5
33283,860.8
33284,942.4
33285,548.8
33286,427
33287,411.5
33288,424.7
33289,412.4
33290,424.2
33291,412.8
33292,425.2
33293,540.7
33294,513.2
33295,1023.6
33296,1726
33297,1865.2
33298,1912.7
33299,2260
33300,2696
33301,2574.5
33302,1707.4
33303,1650.8
33304,2122.1
33305,1356.9
33306,1121.8
33307,862.1
33308,944.2
33309,560.9
33310,423.5
33311,415.6
33312,421.5
33313,416.3
33314,420.7
33315,417.6
33316,415.7
33317,549.8
33318,511.2
33319,675.2
33320,855.7
33321,1124.6
33322,1035.6
33323,1204.9
33324,1086.4
33325,1036.7
33326,862.7
33327,773.2
33328,814.9
33329,507.2
33330,511.1
33331,499.8
33332,513
33333,595.5
33334,418.2
33335,422.2
33336,373.1
33337,377.6
33338,374.4
33339,368.9
33340,382.7
33341,498.5
33342,385.1
33343,370.2
33344,380.3
33345,371.8
33346,378.9
33347,458.8
33348,466.8
33349,587.6
33350,471
33351,371.3
33352,381.1
33353,371.7
33354,379
33355,373.2
33356,370.7
33357,509.2
33358,378
33359,376
33360,412.2
33361,426.7
33362,413.7
33363,426.4
33364,414.1
33365,555
33366,511.6
33367,1030.1
33368,1735
33369,1877.2
33370,1922.3
33371,2272.9
33372,2713.7
33373,2590.1
33374,1718.8
33375,1659.6
33376,2134.6
33377,1364.9
33378,1129.3
33379,866.5
33380,948.5
33381,562.2
33382,416.2
33383,425.7
33384,414.9
33385,425.6
33386,415.7
33387,425.3
33388,416.1
33389,554.8
33390,502.8
33391,1039.9
33392,1736.3
33393,1884
33394,1925.8
33395,2275.9
33396,2719.8
33397,2595.5
33398,1723.1
33399,1661.3
33400,2140.8
33401,1367.7
33402,1131.3
33403,868
33404,950.1
33405,563.3
33406,417.4
33407,425.4
33408,416
33409,425.5
33410,416.8
33411,425.2
33412,417.1
33413,555.3
33414,503.8
33415,1039.5
33416,1740.8
33417,1888
33418,1930.3
33419,2280.1
33420,2725.7
33421,2601.1
33422,1726.5
33423,1664.7
33424,2145.3
33425,1370.4
33426,1133.4
33427,869.5
33428,951.8
33429,564
33430,417.8
33431,426.1
33432,416.3
33433,426.2
33434,417.1
33435,425.9
33436,417.4
33437,556.3
33438,504.3
33439,1042.6
33440,1744
33441,1892
33442,1933.6
33443,2285.6
33444,2731.4
33445,2606.7
33446,1729.6
33447,1669.3
33448,2148
33449,1373.1
33450,1135.3
33451,871.2
33452,953.5
33453,565.1
33454,417.4
33455,427.5
33456,415.9
33457,427.7
33458,416.7
33459,427.4
33460,417
33461,557.6
33462,509.3
33463,1041.7
33464,1748.4
33465,1893.7
33466,1937.5
33467,2292.5
33468,2736.9
33469,2612.4
33470,1731.3
33471,1673.4
33472,2151.4
33473,1376
33474,1137.3
33475,872.6
33476,955.1
33477,565.5
33478,420.7
33479,424.8
33480,416.9
33481,427.9
33482,415.6
33483,429.6
33484,415.8
33485,559.3
33486,516.2
33487,680.2
33488,867.3
33489,1141
33490,1049
33491,1220.9
33492,1101.8
33493,1049.3
33494,872.7
33495,782.4
33496,825
33497,511.1
33498,516.6
33499,512.7
33500,509.6
33501,602.7
33502,420.2
33503,427.8
33504,374.3
33505,382.5
33506,375.5
33507,380.6
33508,377.1
33509,512.4
33510,378.9
33511,371.5
33512,385.8
33513,373
33514,383.2
33515,461.3
33516,472.6
33517,600.4
33518,468.5
33519,379.9
33520,379
33521,372.3
33522,384.8
33523,373.8
33524,382.9
33525,505.5
33526,385.8
33527,374.9
33528,425.7
33529,420.5
33530,426.7
33531,420.7
33532,426.4
33533,551.5
33534,518.2
33535,1042.9
33536,1760.8
33537,1903.6
33538,1950
33539,2309
33540,2753.1
33541,2628.8
33542,1741.7
33543,1684
33544,2172.1
33545,1376.8
33546,1152.7
33547,877.5
33548,961.3
33549,559.1
33550,430.9
33551,419.3
33552,428
33553,416.8
33554,431.6
33555,417
33556,431.4
33557,558.5
33558,511.4
33559,1044.1
33560,1764.6
33561,1910.9
33562,1959.3
33563,2306.8
33564,2762.2
33565,2635.4
33566,1747.9
33567,1686
33568,2172.8
33569,1386.8
33570,1146.4
33571,879
33572,962.4
33573,569.6
33574,419.9
33575,430.4
33576,418
33577,430.9
33578,418.8
33579,430.6
33580,419
33581,562.3
33582,517.9
33583,1047.6
33584,1768.3
33585,1912
33586,1957.8
33587,2319.4
33588,2765.5
33589,2640.4
33590,1749.3
33591,1691
33592,2178.1
33593,1386.1
33594,1152.2
33595,882.8
33596,966.7
33597,560.3
33598,432.8
33599,418.5
33600,430.4
33601,419.3
33602,430.9
33603,419.5
33604,431.6
33605,551.1
33606,522.6
33607,1048.5
33608,1772
33609,1916.6
33610,1968.3
33611,2317.3
33612,2774.6
33613,2647.2
33614,1755.1
33615,1693.3
33616,2182.9
33617,1392.5
33618,1150.9
33619,882.2
33620,966
33621,571.6
33622,420.8
33623,432.1
33624,419.2
33625,431.9
33626,419.9
33627,431.7
33628,420.1
33629,563.8
33630,519.4
33631,1051.6
33632,1775.8
33633,1920.2
33634,1966.1
33635,2329.7
33636,2776.8
33637,2653
33638,1756.6
33639,1698.1
33640,2190.2
33641,1388.8
33642,1161.8
33643,884
33644,968.6
33645,563.7
33646,431.7
33647,426.5
33648,425.1
33649,424.4
33650,428.3
33651,418.8
33652,433.9
33653,562.2
33654,513.9
33655,698.7
33656,878.4
33657,1146.7
33658,1067
33659,1243.9
33660,1108.2
33661,1063.8
33662,885.4
33663,788.8
33664,835.7
33665,527.2
33666,519.6
33667,512.4
33668,521.2
33669,607.1
33670,428.2
33671,427.4
33672,381.3
33673,374.9
33674,388
33675,376.3
33676,387.1
33677,510.1
33678,388.8
33679,377.3
33680,385.3
33681,378.7
33682,377.2
33683,473.9
33684,475.2
33685,601.1
33686,480.5
33687,377.5
33688,386.1
33689,377.5
33690,385
33691,378.9
33692,376.3
33693,520.1
33694,381.7
33695,383.5
33696,419.3
33697,434.1
33698,420.7
33699,433.7
33700,420.9
33701,433.6
33702,563.1
33703,516.8
33704,1056.4
33705,1787.2
33706,1937.6
33707,1983.2
33708,2340.1
33709,2799.6
33710,2671.5
33711,1768.3
33712,1708.9
33713,2199
33714,1404
33715,1158.9
33716,890.1
33717,979.5
33718,568
33719,434.2
33720,422.3
33721,432.6
33722,423
33723,432.7
33724,423.2
33725,433.1
33726,556.3
33727,525.9
33728,1058.9
33729,1791.2
33730,1937.4
33731,1990.3
33732,2343.5
33733,2806.6
33734,2677.6
33735,1774.5
33736,1712.7
33737,2203.4
33738,1407.7
33739,1161.6
33740,890.2
33741,976.5
33742,575.4
33743,433.8
33744,424.2
33745,432.3
33746,424.9
33747,432.2
33748,425.1
33749,432
33750,558.5
33751,526.2
33752,1061.4
33753,1795.2
33754,1940.6
33755,1993.4
33756,2350.3
33757,2812.4
33758,2683.8
33759,1779.1
33760,1716
33761,2209.3
33762,1410.4
33763,1164.1
33764,892.2
33765,977.1
33766,577.7
33767,433.8
33768,425.3
33769,432.3
33770,426
33771,432.2
33772,426.1
33773,432.1
33774,559.9
33775,526.1
33776,1063.5
33777,1799
33778,1945
33779,1997.2
33780,2356.2
33781,2818.6
33782,2690
33783,1783.1
33784,1719.9
33785,2214
33786,1413.4
33787,1166.5
33788,893.6
33789,979.2
33790,578.5
33791,434.7
33792,425.6
33793,433.2
33794,426.3
33795,433.1
33796,426.4
33797,433
33798,560.5
33799,527.3
33800,1065.7
33801,1803.1
33802,1949.2
33803,2002.8
33804,2360.3
33805,2826.1
33806,2696.3
33807,1786.3
33808,1723.9
33809,2218.2
33810,1416.7
33811,1168.6
33812,895.4
33813,985.6
33814,574.5
33815,437.1
33816,425
33817,389.4
33818,380.8
33819,387
33820,382.2
33821,377.4
33822,525.9
33823,381.3
33824,389.9
33825,378.2
33826,390.5
33827,379.5
33828,479.4
33829,470.7
33830,616.9
33831,481.8
33832,382.8
33833,380.5
33834,387.7
33835,377.9
33836,391
33837,379.2
33838,524.7
33839,380.9
33840,389.8
33841,380.5
33842,387.8
33843,381.8
33844,387.6
33845,383.2
33846,523.3
33847,384.8
33848,383.4
33849,386.5
33850,378.2
33851,390.6
33852,469.3
33853,483
33854,615.5
33855,475.8
33856,390.6
33857,382.2
33858,386.3
33859,383.7
33860,377.9
33861,391.7
33862,513.9
33863,394.7
33864,378.6
33865,436.2
33866,425.5
33867,437.1
33868,425.6
33869,437.1
33870,565
33871,527
33872,1071.6
33873,1814.8
33874,1967.8
33875,2014.1
33876,2378.9
33877,2845.1
33878,2713.1
33879,1795.3
33880,1735.3
33881,2239.7
33882,1418
33883,1185.9
33884,901.2
33885,987.2
33886,579.2
33887,430.3
33888,435.3
33889,428.8
33890,436
33891,428.8
33892,435.9
33893,428.8
33894,572.4
33895,519.5
33896,1081.7
33897,1818.6
33898,1969.2
33899,2014.6
33900,2387.9
33901,2848.2
33902,2719.8
33903,1801.3
33904,1739.3
33905,2244.4
33906,1428
33907,1179.3
33908,902.5
33909,988.6
33910,581.8
33911,432.4
33912,433.2
33913,430.7
33914,434.1
33915,430.5
33916,434.2
33917,430.3
33918,570.1
33919,531
33920,1076.6
33921,1823
33922,1971.1
33923,2025.4
33924,2387.7
33925,2859.6
33926,2728
33927,1804.3
33928,1742.9
33929,2245.9
33930,1428.7
33931,1186.6
33932,907.6
33933,991.7
33934,572.9
33935,441.3
33936,429.2
33937,436.6
33938,429.9
33939,436.5
33940,430
33941,436.4
33942,573.1
33943,523
33944,1079
33945,1829.5
33946,1981.5
33947,2024
33948,2398.6
33949,2861.6
33950,2731.7
33951,1808.2
33952,1747.2
33953,2256.1
33954,1434.1
33955,1184.3
33956,906.1
33957,992.6
33958,584.5
33959,431.2
33960,436.6
33961,429.9
33962,437.2
33963,430
33964,437
33965,430.1
33966,573.3
33967,532.7
33968,1081
33969,1831.1
33970,1979.9
33971,2035.1
33972,2398.8
33973,2872.9
33974,2740.8
33975,1811.3
33976,1750.6
33977,2258.1
33978,1432.5
33979,1195.2
33980,908.2
33981,995.3
33982,582.9
33983,433.3
33984,436.1
33985,431.6
33986,436.7
33987,431.6
33988,436.8
33989,431.5
33990,575.8
33991,523.1
33992,716.8
33993,902.1
33994,1185.8
33995,1097.3
33996,1275
33997,1148.8
33998,1093.8
33999,908.2
34000,813.4
34001,857.8
34002,530.9
34003,529
34004,531.4
34005,522.6
34006,625
34007,440.4
34008,431.4
34009,389
34010,388.1
34011,381.3
34012,394.3
34013,382.5
34014,531.5
34015,384.1
34016,394.3
34017,383
34018,392.8
34019,384.3
34020,483.9
34021,477.2
34022,624.6
34023,486.5
34024,387.6
34025,380.9
34026,395.2
34027,382.2
34028,393.9
34029,383.4
34030,530.9
34031,385
34032,393.2
34033,430.2
34034,440.1
34035,430.9
34036,440.2
34037,430.9
34038,578.8
34039,529.9
34040,1090.9
34041,1843.5
34042,1993.8
34043,2044.3
34044,2418.3
34045,2891.9
34046,2760.2
34047,1825.2
34048,1761.7
34049,2272.7
34050,1443.5
34051,1201.5
34052,914.2
34053,1001.6
34054,583.9
34055,437
34056,438.1
34057,433.7
34058,438.4
34059,433.7
34060,438.3
34061,433.6
34062,578.4
34063,525.8
34064,1096.1
34065,1848.3
34066,2000.1
34067,2046.4
34068,2426.4
34069,2896.1
34070,2766.7
34071,1831.4
34072,1766.2
34073,2275
34074,1449.4
34075,1199
34076,919
34077,1005
34078,577.9
34079,445.4
34080,428.7
34081,444.1
34082,430.6
34083,442.8
34084,433.6
34085,439.8
34086,578.8
34087,527.8
34088,1093.6
34089,1856.9
34090,2004.3
34091,2051.1
34092,2431.8
34093,2901.7
34094,2773.3
34095,1835.8
34096,1770.4
34097,2279.8
34098,1453.5
34099,1200
34100,920.2
34101,1008.9
34102,579.3
34103,445.7
34104,429.7
34105,398.1
34106,383.9
34107,396.5
34108,385
34109,394.5
34110,524.7
34111,397.1
34112,385.5
34113,393.9
34114,386.6
34115,392.3
34116,480.3
34117,488.2
34118,618.9
34119,493.4
34120,384.5
34121,396.9
34122,384.2
34123,395
34124,385.4
34125,394
34126,525.1
34127,397.3
34128,385.8
34129,441.1
34130,433.9
34131,442
34132,433.7
34133,442.1
34134,572.4
34135,539.5
34136,1096
34137,1859.6
34138,2017.2
34139,2064
34140,2442.2
34141,2915.7
34142,2782.6
34143,1844.4
34144,1777.4
34145,2294.5
34146,1459.3
34147,1203.2
34148,919.9
34149,1014.1
34150,586.7
34151,444.6
34152,432.6
34153,443.5
34154,433.1
34155,443.8
34156,432.9
34157,444.5
34158,575.5
34159,537.7
34160,724.8
34161,914.7
34162,1197.3
34163,1116.6
34164,1296.1
34165,1157.4
34166,1116.6
34167,921.1
34168,823.8
34169,869.7
34170,532.7
34171,539.7
34172,536.4
34173,529.5
34174,631.6
34175,437.3
34176,442.4
34177,385
34178,398.5
34179,385.4
34180,397.3
34181,386.5
34182,536.8
34183,388
34184,396.9
34185,386.8
34186,395.5
34187,388
34188,488.4
34189,482.5
34190,631.9
34191,490.7
34192,391.7
34193,384.2
34194,398.6
34195,385.4
34196,397.3
34197,386.5
34198,536.8
34199,388
34200,396.9
34201,434
34202,444.7
34203,434.6
34204,444.8
34205,434.4
34206,585.7
34207,538.9
34208,1103.9
34209,1872.1
34210,2024.9
34211,2081.2
34212,2455.4
34213,2940.7
34214,2802.5
34215,1851.5
34216,1789.4
34217,2314.3
34218,1468.2
34219,1211.7
34220,925.5
34221,1014.5
34222,595.2
34223,445
34224,436.3
34225,443.8
34226,436.7
34227,444
34228,436.5
34229,444.2
34230,576.5
34231,542.6
34232,1104.9
34233,1876
34234,2035.8
34235,2081.8
34236,2465
34237,2942
34238,2810.7
34239,1860.2
34240,1795
34241,2311.4
34242,1471.7
34243,1217.2
34244,932.2
34245,1017.8
34246,587.3
34247,446.4
34248,442.1
34249,438.9
34250,443
34251,438.7
34252,443.6
34253,438.5
34254,585.9
34255,532.4
34256,1115
34257,1881.7
34258,2033.8
34259,2086.4
34260,2468.5
34261,2954.2
34262,2817.9
34263,1860
34264,1796.6
34265,2325.2
34266,1471.2
34267,1219.9
34268,929.1
34269,1018.7
34270,596.8
34271,439
34272,444.3
34273,439.5
34274,442.9
34275,442.3
34276,440.4
34277,444.1
34278,579.7
34279,543.5
34280,1109.7
34281,1884.3
34282,2043.1
34283,2092.7
34284,2475.5
34285,2956.1
34286,2823.2
34287,1868.4
34288,1803.4
34289,2321.7
34290,1477.6
34291,1223.3
34292,934.8
34293,1021.9
34294,592.3
34295,444.2
34296,444
34297,439.6
34298,444.2
34299,439.4
34300,444.6
34301,439.1
34302,588.3
34303,533.5
34304,1121
34305,1888.9
34306,2043.3
34307,2096.8
34308,2478.6
34309,2968.4
34310,2829.1
34311,1867.8
34312,1805
34313,2335.1
34314,1480.7
34315,1221.3
34316,932.6
34317,1023.8
34318,598.2
34319,448.3
34320,437.7
34321,447.1
34322,438
34323,447.9
34324,437.7
34325,447.3
34326,579.1
34327,546.7
34328,734
34329,927
34330,1214.6
34331,1133.5
34332,1314
34333,1176.8
34334,1130
34335,933.2
34336,834.6
34337,881.3
34338,544.7
34339,538.6
34340,543.4
34341,533.5
34342,639.6
34343,449.8
34344,438.5
34345,399.3
34346,391.4
34347,397
34348,392.7
34349,387.6
34350,543.9
34351,398.3
34352,393.7
34353,387.7
34354,401.4
34355,388.7
34356,495.7
34357,487.1
34358,637.9
34359,498.8
34360,391
34361,400
34362,390.5
34363,398.3
34364,391.6
34365,394.9
34366,536.6
34367,400.6
34368,391.7
34369,446
34370,440.8
34371,447.1
34372,440.5
34373,447.4
34374,582.5
34375,547.2
34376,1118.2
34377,1900.6
34378,2063.9
34379,2108.3
34380,2498.2
34381,2983.3
34382,2851.2
34383,1883.1
34384,1816.9
34385,2347.7
34386,1484.6
34387,1237.1
34388,938.3
34389,1028.9
34390,601
34391,439.6
34392,450.1
34393,437.9
34394,450.5
34395,437.6
34396,451.1
34397,439.2
34398,592.5
34399,547.7
34400,1120.9
34401,1904.8
34402,2065.2
34403,2115.8
34404,2503.8
34405,2988.9
34406,2857.2
34407,1888.7
34408,1820.9
34409,2351.1
34410,1488.4
34411,1240.5
34412,940.1
34413,1031
34414,601.9
34415,441.1
34416,449.8
34417,439.3
34418,450.7
34419,439
34420,451.5
34421,438.7
34422,594.7
34423,547.4
34424,1123.2
34425,1909
34426,2068.2
34427,2121.6
34428,2509.1
34429,2995.7
34430,2863
34431,1893.2
34432,1824.8
34433,2356
34434,1491.8
34435,1242.9
34436,941.9
34437,1033
34438,602.7
34439,441.7
34440,450.4
34441,439.9
34442,451.3
34443,439.6
34444,452.1
34445,439.2
34446,595.6
34447,548.2
34448,1125.4
34449,1913
34450,2073
34451,2125.8
34452,2514.8
34453,3002.2
34454,2870
34455,1896.6
34456,1828.6
34457,2362.2
34458,1493.8
34459,1245.5
34460,943.6
34461,1034.8
34462,603.7
34463,441.5
34464,452.1
34465,439.6
34466,452.2
34467,439.3
34468,452.9
34469,441.1
34470,594.8
34471,549.9
34472,1127.4
34473,1916.9
34474,2079.5
34475,2128.5
34476,2520.2
34477,3009.8
34478,2876.9
34479,1898.8
34480,1831.7
34481,2370.4
34482,1498.3
34483,1243.8
34484,945.1
34485,1036.6
34486,605.6
34487,448.6
34488,445.6
34489,449.6
34490,443.8
34491,450
34492,443.4
34493,450.3
34494,587
34495,551.4
34496,742.5
34497,939.3
34498,1232
34499,1146.7
34500,1334.9
34501,1192.8
34502,1145.9
34503,945.5
34504,845.6
34505,892.4
34506,553.1
34507,541.4
34508,549.6
34509,541
34510,644.6
34511,454.6
34512,441.5
34513,403.3
34514,393.5
34515,402
34516,394.5
34517,400.9
34518,539.8
34519,404.6
34520,394.4
34521,401
34522,395.3
34523,393.5
34524,498.3
34525,500.2
34526,636.7
34527,505.5
34528,392.3
34529,405.2
34530,391.7
34531,403.6
34532,392.7
34533,402.8
34534,538
34535,406
34536,392.6
34537,452
34538,442.3
34539,454.1
34540,441.9
34541,453.5
34542,596.1
34543,544.7
34544,1133.9
34545,1934.3
34546,2090.6
34547,2140.7
34548,2534.8
34549,3035.7
34550,2891.2
34551,1909.5
34552,1846.9
34553,2381.3
34554,1511.9
34555,1249.6
34556,954.9
34557,1043.7
34558,606.1
34559,447.5
34560,450.9
34561,445.2
34562,451.7
34563,444.8
34564,452
34565,444.4
34566,599
34567,548
34568,1139.8
34569,1933.2
34570,2092.2
34571,2150.4
34572,2541.4
34573,3035.9
34574,2901.3
34575,1916.3
34576,1847.6
34577,2389
34578,1510.4
34579,1254.6
34580,952
34581,1044.4
34582,609.3
34583,451.5
34584,447.3
34585,452
34586,445.9
34587,452.4
34588,445.5
34589,452.8
34590,590.4
34591,554.9
34592,1137.7
34593,1938.4
34594,2103
34595,2147.6
34596,2547.2
34597,3047.5
34598,2905.6
34599,1915.5
34600,1853.6
34601,2394
34602,1517.9
34603,1251.4
34604,959.3
34605,1049.3
34606,602.5
34607,454.2
34608,452
34609,447.2
34610,451.9
34611,446.7
34612,453
34613,446.3
34614,600.5
34615,545.3
34616,1148.4
34617,1941.2
34618,2100.1
34619,2159.9
34620,2551.8
34621,3049
34622,2913.8
34623,1923.3
34624,1855.7
34625,2399.9
34626,1517.2
34627,1257.6
34628,955.4
34629,1048
34630,610.9
34631,455.1
34632,446
34633,454
34634,446.1
34635,454.4
34636,445.7
34637,455.6
34638,591.2
34639,557.2
34640,1141.7
34641,1948.8
34642,2109.8
34643,2157.6
34644,2556.7
34645,3062
34646,2915.6
34647,1926.6
34648,1862.4
34649,2400.2
34650,1522.9
34651,1263.9
34652,957.9
34653,1050.7
34654,610.5
34655,447.7
34656,454.8
34657,445.7
34658,455.8
34659,445.3
34660,456.3
34661,444.8
34662,604.2
34663,555.5
34664,748.4
34665,953.6
34666,1249.7
34667,1154.6
34668,1360.2
34669,1205.4
34670,1163.9
34671,958
34672,855.6
34673,903.9
34674,554.7
34675,551.4
34676,554.8
34677,544.6
34678,654.1
34679,458.5
34680,445.9
34681,407.7
34682,397
34683,404.9
34684,397.9
34685,403.8
34686,545.5
34687,407.7
34688,397.6
34689,404.2
34690,398.4
34691,397.7
34692,501.9
34693,505.2
34694,643.5
34695,510.5
34696,395.1
34697,408.9
34698,394.4
34699,407.9
34700,395.3
34701,407.6
34702,542.8
34703,410.8
34704,394.9
34705,456.6
34706,445.3
34707,458.4
34708,444.8
34709,458.9
34710,602.8
34711,548.9
34712,1154
34713,1959.9
34714,2117.5
34715,2176.4
34716,2571.6
34717,3076.3
34718,2937.1
34719,1939.5
34720,1870.4
34721,2419.6
34722,1529.5
34723,1266.3
34724,962.2
34725,1055.5
34726,615.2
34727,457.9
34728,447.6
34729,456.8
34730,447.6
34731,457
34732,447.1
34733,457.8
34734,601.7
34735,552.8
34736,1150.2
34737,1966.5
34738,2124.3
34739,2177.9
34740,2577.4
34741,3084.7
34742,2941.3
34743,1945.3
34744,1873.1
34745,2423.1
34746,1531.4
34747,1271.5
34748,963.8
34749,1057.6
34750,614.7
34751,457.6
34752,449.1
34753,456.5
34754,449.1
34755,457
34756,448.6
34757,457.7
34758,595.7
34759,561
34760,1152.1
34761,1968.8
34762,2129.4
34763,2181.6
34764,2582.8
34765,3091.9
34766,2946.5
34767,1948.9
34768,1877.5
34769,2427.4
34770,1534.1
34771,1274.6
34772,965.5
34773,1059.5
34774,616.4
34775,458
34776,449.9
34777,456.9
34778,449.8
34779,457.4
34780,449.3
34781,458
34782,596.6
34783,561.7
34784,1154.2
34785,1972.5
34786,2134.2
34787,2185.3
34788,2588
34789,3097.8
34790,2952.8
34791,1953
34792,1880.8
34793,2432.5
34794,1537.5
34795,1275.4
34796,967.1
34797,1061.2
34798,617.2
34799,459.1
34800,449.7
34801,458.1
34802,449.7
34803,458.6
34804,449.1
34805,458.7
34806,599.3
34807,560.3
34808,1155.9
34809,1978
34810,2136.8
34811,2191
34812,2592.8
34813,3102.5
34814,2960.2
34815,1955.2
34816,1884.2
34817,2439.2
34818,1541.8
34819,1274
34820,968.6
34821,1065.2
34822,616.5
34823,461
34824,448.8
34825,459.7
34826,448.8
34827,460.1
34828,448.2
34829,460.9
34830,607.3
34831,553.2
34832,760
34833,962.4
34834,1272.9
34835,1171.2
34836,1372.7
34837,1225.6
34838,1168.6
34839,971
34840,866.1
34841,916.9
34842,561.8
34843,560.6
34844,557.6
34845,554
34846,659.9
34847,451.3
34848,460.8
34849,398.2
34850,410.4
34851,398.2
34852,410.1
34853,399
34854,559.3
34855,400.2
34856,411
34857,398.5
34858,409.8
34859,399.3
34860,509.1
34861,499.7
34862,661
34863,513.2
34864,400.6
34865,409.1
34866,399.8
34867,408.2
34868,400.6
34869,407.3
34870,550.3
34871,411.3
34872,400.1
34873,408.3
34874,401.3
34875,407.4
34876,402.1
34877,400.1
34878,558
34879,410.5
34880,401.6
34881,406.8
34882,402.7
34883,399.2
34884,510.3
34885,510.2
34886,651.3
34887,515.6
34888,398.6
34889,412.4
34890,397.8
34891,411.5
34892,398.5
34893,410.5
34894,548.5
34895,414.6
34896,398
34897,461.7
34898,449.1
34899,463.1
34900,455.1
34901,457
34902,610.4
34903,554.1
34904,1173.7
34905,1986.7
34906,2149.3
34907,2211.6
34908,2613.6
34909,3124.5
34910,2985.6
34911,1964.4
34912,1899.7
34913,2456.3
34914,1555.1
34915,1285.5
34916,978.7
34917,1071.2
34918,620.4
34919,454.1
34920,460.6
34921,451.8
34922,461.6
34923,451.2
34924,462.2
34925,450.5
34926,613.2
34927,563.9
34928,1166.9
34929,1989.5
34930,2162.5
34931,2206.4
34932,2618.3
34933,3136.3
34934,2985.6
34935,1974.5
34936,1903.4
34937,2459.8
34938,1554.5
34939,1288.6
34940,976.6
34941,1071.8
34942,622.9
34943,462.9
34944,452.2
34945,462.5
34946,452.1
34947,462.1
34948,451.4
34949,462.7
34950,611
34951,557.4
34952,1171.2
34953,1999.1
34954,2157.7
34955,2219.1
34956,2622.3
34957,3135.4
34958,2997.4
34959,1972.4
34960,1904.3
34961,2467.2
34962,1560.5
34963,1287.8
34964,983.6
34965,1074.9
34966,621.3
34967,455.8
34968,461
34969,453.3
34970,462.2
34971,452.6
34972,462.8
34973,451.9
34974,614.7
34975,565.2
34976,1170.8
34977,1996.6
34978,2170
34979,2214.4
34980,2627.7
34981,3148.1
34982,2996.5
34983,1982.2
34984,1909.1
34985,2469.8
34986,1560.8
34987,1290.7
34988,979.5
34989,1077.7
34990,622.1
34991,464.4
34992,452.2
34993,464.3
34994,452.1
34995,464
34996,451.4
34997,465
34998,612.9
34999,557.7
35000,768
35001,972.9
35002,1288.9
35003,1184.1
35004,1392.9
35005,1236.4
35006,1185.7
35007,985.4
35008,875.4
35009,924.6
35010,560.8
35011,567.1
35012,564.3
35013,556
35014,667.5
35015,465.5
35016,453.9
35017,412.1
35018,403.2
35019,410.5
35020,404
35021,409.4
35022,555.9
35023,413.8
35024,403.3
35025,410.5
35026,404
35027,409.3
35028,505.6
35029,514.5
35030,662.4
35031,513.2
35032,411.7
35033,405.1
35034,408
35035,406.3
35036,399.8
35037,414.4
35038,561.7
35039,407.6
35040,407.9
35041,413.1
35042,400.6
35043,414.4
35044,401.3
35045,413.1
35046,553.3
35047,417.7
35048,400.6
35049,414.4
35050,401.3
35051,413
35052,502.8
35053,517.3
35054,666.7
35055,508.1
35056,415
35057,402.3
35058,412.5
35059,403
35060,411.8
35061,403.7
35062,564.2
35063,404.8
35064,412.6
35065,453.9
35066,464.8
35067,454
35068,465.4
35069,453.3
35070,617.8
35071,568.5
35072,1178.2
35073,2010.6
35074,2184.9
35075,2232.3
35076,2647.4
35077,3168.4
35078,3021.8
35079,1993.4
35080,1920.6
35081,2489.8
35082,1573.4
35083,1294.8
35084,990
35085,1088.1
35086,620.5
35087,464.2
35088,461.9
35089,457.3
35090,463.7
35091,456.5
35092,464
35093,455.8
35094,617.7
35095,567.7
35096,1180.7
35097,2014
35098,2187.6
35099,2235
35100,2651
35101,3176.3
35102,3024.7
35103,1998.7
35104,1924.7
35105,2493.2
35106,1575.7
35107,1297.4
35108,986.6
35109,1093.6
35110,617.8
35111,469.1
35112,458
35113,462.6
35114,462.7
35115,458.3
35116,463
35117,457.6
35118,617.9
35119,561.9
35120,1188.6
35121,2017.4
35122,2188.8
35123,2240.9
35124,2655.3
35125,3180.8
35126,3029.2
35127,2002.5
35128,1928.5
35129,2496.7
35130,1577.6
35131,1300.7
35132,988.3
35133,1092.8
35134,621.1
35135,468.8
35136,453.7
35137,467.9
35138,460.3
35139,461.8
35140,463.3
35141,458.7
35142,618.3
35143,560
35144,1192.8
35145,2020.8
35146,2191.4
35147,2245.5
35148,2659.7
35149,3185.7
35150,3034.3
35151,2005.6
35152,1932.1
35153,2500.5
35154,1580
35155,1303
35156,989.7
35157,1094.1
35158,622
35159,469.2
35160,454.2
35161,468.4
35162,460.7
35163,462.2
35164,463.7
35165,459.2
35166,619
35167,560.6
35168,1194.5
35169,2023.9
35170,2195.1
35171,2248.8
35172,2663.9
35173,3191.2
35174,3039.4
35175,2009
35176,1934.2
35177,2505.3
35178,1583
35179,1303.4
35180,990.8
35181,1098.1
35182,620.2
35183,470.5
35184,458
35185,465.4
35186,464.1
35187,459.7
35188,464.4
35189,458.9
35190,620.1
35191,564.4
35192,772.9
35193,988
35194,1302.2
35195,1197.5
35196,1411
35197,1252.3
35198,1205.7
35199,991
35200,885.6
35201,934.8
35202,576.6
35203,560.1
35204,572.2
35205,570.8
35206,671.7
35207,463.3
35208,464.3
35209,408.3
35210,413.1
35211,408.1
35212,411.2
35213,409.1
35214,567.2
35215,409.7
35216,412.1
35217,407.8
35218,411.9
35219,408.5
35220,515.6
35221,511.5
35222,673.3
35223,519.3
35224,410
35225,406.5
35226,413.2
35227,403.1
35228,417
35229,403.7
35230,570.8
35231,412.1
35232,410.5
35233,461.7
35234,462.7
35235,466.1
35236,459.3
35237,466.7
35238,612.1
35239,574.6
35240,1189.3
35241,2039.9
35242,2203
35243,2263.5
35244,2676.6
35245,3201.6
35246,3057.5
35247,2011.7
35248,1948.2
35249,2513.6
35250,1587
35251,1317.5
35252,995.3
35253,1092.8
35254,632.9
35255,469.2
35256,458.3
35257,468
35258,457.9
35259,469.5
35260,457.1
35261,469.5
35262,621.1
35263,565.2
35264,1198.4
35265,2038
35266,2205.6
35267,2265.4
35268,2680.5
35269,3210
35270,3058.5
35271,2020.9
35272,1946.9
35273,2520.4
35274,1592.4
35275,1310.8
35276,996.1
35277,1104.2
35278,622.8
35279,472.5
35280,464.5
35281,462.4
35282,466.3
35283,461.1
35284,467.1
35285,460.2
35286,623.1
35287,570.7
35288,1196.2
35289,2038.8
35290,2214.8
35291,2262.3
35292,2686
35293,3215.3
35294,3065.9
35295,2020.5
35296,1947.9
35297,2524.4
35298,1594.8
35299,1316.6
35300,1002.4
35301,1096.9
35302,632.6
35303,461.1
35304,468.7
35305,458.4
35306,469.9
35307,457.6
35308,470.3
35309,461
35310,620.9
35311,575.3
35312,1194.5
35313,2045.1
35314,2215.8
35315,2271.1
35316,2689
35317,3216.1
35318,3072.6
35319,2018.9
35320,1956.6
35321,2525.3
35322,1593.5
35323,1323.9
35324,999.2
35325,1097.1
35326,634.7
35327,470.3
35328,459.7
35329,469.7
35330,459.3
35331,470
35332,458.4
35333,470.5
35334,623.1
35335,567
35336,1203.2
35337,2046.6
35338,2215.5
35339,2274.5
35340,2692
35341,3224.9
35342,3072.3
35343,2029.6
35344,1953.6
35345,2531.5
35346,1598.8
35347,1315.3
35348,1004.8
35349,1104.4
35350,631.2
35351,466.1
35352,467.6
35353,461.5
35354,468.6
35355,460.6
35356,469.5
35357,459.7
35358,625.7
35359,575.6
35360,781.3
35361,994.4
35362,1308.4
35363,1216.8
35364,1416.9
35365,1271.8
35366,1209
35367,999.7
35368,892.8
35369,942.8
35370,582.3
35371,574.6
35372,564.1
35373,576.9
35374,678.3
35375,462.1
35376,470.8
35377,406.5
35378,418.6
35379,406.3
35380,418.5
35381,406.8
35382,573.6
35383,408.6
35384,419.3
35385,405.8
35386,418.6
35387,406.3
35388,522.3
35389,520.9
35390,669.8
35391,526.7
35392,406.9
35393,419.6
35394,405.8
35395,418.9
35396,406.3
35397,418.1
35398,562.4
35399,422
35400,405.3
35401,419.8
35402,406.2
35403,419
35404,406.7
35405,418.7
35406,562.4
35407,422.9
35408,405.6
35409,419.8
35410,406.2
35411,418.9
35412,510.2
35413,525.4
35414,678.6
35415,515.2
35416,420
35417,406.5
35418,418.9
35419,407.1
35420,418.2
35421,407.6
35422,573.9
35423,408.6
35424,418.9
35425,458.7
35426,472.2
35427,463.2
35428,468.4
35429,469.2
35430,618
35431,578.6
35432,1201.5
35433,2061.3
35434,2228.1
35435,2288.6
35436,2706.8
35437,3239.6
35438,3090.8
35439,2037.7
35440,1967.4
35441,2543.9
35442,1607.1
35443,1323.4
35444,1004.5
35445,1113.7
35446,627.2
35447,475.4
35448,467.9
35449,464.5
35450,468.7
35451,463.5
35452,469.6
35453,462.5
35454,627.6
35455,576.7
35456,1204.5
35457,2057.6
35458,2236.8
35459,2284.9
35460,2712
35461,3243.7
35462,3098.8
35463,2035.9
35464,1969.4
35465,2546.5
35466,1607.4
35467,1333.3
35468,1006.4
35469,1105.1
35470,638
35471,472.4
35472,462.3
35473,471.3
35474,461.7
35475,472
35476,460.8
35477,472.6
35478,626.7
35479,570.2
35480,1212.2
35481,2062
35482,2233.8
35483,2290.4
35484,2714.2
35485,3251.9
35486,3098.3
35487,2042.9
35488,1967.5
35489,2552.5
35490,1611
35491,1331
35492,1010.6
35493,1107.2
35494,638.1
35495,463.4
35496,472.6
35497,460.5
35498,473.5
35499,465.5
35500,468.3
35501,470.4
35502,619.5
35503,580.1
35504,1205.5
35505,2069.5
35506,2234.8
35507,2297.3
35508,2717.5
35509,3252.9
35510,3101.4
35511,2047.5
35512,1971.7
35513,2554.5
35514,1613.3
35515,1326.5
35516,1012.8
35517,1113.3
35518,637.1
35519,467
35520,470.6
35521,463.7
35522,471.6
35523,462.8
35524,472.5
35525,461.8
35526,630.4
35527,579.1
35528,787.5
35529,1001.7
35530,1318.7
35531,1228.1
35532,1427.1
35533,1282.7
35534,1218.1
35535,1007.2
35536,901.3
35537,955.1
35538,578.9
35539,579.2
35540,577
35541,570.5
35542,683.4
35543,474.1
35544,464.1
35545,418.7
35546,411.3
35547,417.2
35548,411.8
35549,412.7
35550,572.2
35551,421.1
35552,410.6
35553,418
35554,411.1
35555,417.4
35556,515.9
35557,526.2
35558,681.6
35559,520.8
35560,419.2
35561,411.2
35562,417.1
35563,411.7
35564,416.9
35565,412.2
35566,575.5
35567,413.2
35568,417.5
35569,463.5
35570,472.3
35571,463.4
35572,473.1
35573,462.5
35574,631.5
35575,580.1
35576,1210.1
35577,2071.3
35578,2247.4
35579,2303.1
35580,2727.5
35581,3262.8
35582,3114.9
35583,2050.6
35584,1982
35585,2562.3
35586,1618.1
35587,1332.5
35588,1010.7
35589,1120.8
35590,630.3
35591,477.6
35592,470.3
35593,466.1
35594,471.3
35595,465.1
35596,472
35597,464.2
35598,631
35599,579.7
35600,1211.8
35601,2071.6
35602,2252.4
35603,2302.8
35604,2731
35605,3266.6
35606,3119.8
35607,2050.6
35608,1986.2
35609,2563.6
35610,1618.8
35611,1336.5
35612,1012
35613,1119.9
35614,633.1
35615,477.2
35616,463.1
35617,474
35618,471
35619,466.3
35620,471.8
35621,465.4
35622,631.1
35623,579.4
35624,1213.8
35625,2073.9
35626,2254
35627,2304.6
35628,2734.2
35629,3270.3
35630,3124
35631,2051.6
35632,1989
35633,2565.9
35634,1620
35635,1339.1
35636,1013
35637,1119.2
35638,635.7
35639,476.9
35640,461.8
35641,476
35642,470.8
35643,467.2
35644,471.4
35645,466.1
35646,631.4
35647,576.2
35648,1218.2
35649,2076.1
35650,2256.8
35651,2305.8
35652,2737.1
35653,3273.8
35654,3127.5
35655,2053.4
35656,1990.2
35657,2569.4
35658,1621.5
35659,1340.5
35660,1013.9
35661,1120.1
35662,636.3
35663,477.2
35664,462.1
35665,476.3
35666,471.1
35667,467.5
35668,471.7
35669,466.4
35670,631.9
35671,576.8
35672,1219.2
35673,2078.1
35674,2259
35675,2309.7
35676,2738.5
35677,3277.1
35678,3130.4
35679,2055.9
35680,1992.2
35681,2571.8
35682,1623.4
35683,1340.8
35684,1014.7
35685,1122.6
35686,634.9
35687,478.1
35688,463.2
35689,475.7
35690,471.9
35691,467.2
35692,472.7
35693,466.2
35694,632.5
35695,581
35696,785.5
35697,1015.2
35698,1328.8
35699,1232.3
35700,1441
35701,1290.7
35702,1226.6
35703,1014.3
35704,905
35705,957.9
35706,587.1
35707,581.5
35708,578.9
35709,574.9
35710,687
35711,470.7
35712,471.6
35713,418.5
35714,414.6
35715,411.9
35716,419.8
35717,409
35718,580.8
35719,422.1
35720,412.9
35721,419
35722,413.4
35723,415.7
35724,521.4
35725,528.1
35726,685
35727,524.1
35728,420.8
35729,413.3
35730,418.2
35731,413.7
35732,418.1
35733,414.2
35734,578.3
35735,415.1
35736,419.3
35737,465.7
35738,474.2
35739,465.6
35740,475.1
35741,464.6
35742,634.6
35743,583
35744,1217.8
35745,2086.1
35746,2263
35747,2319.6
35748,2746.4
35749,3286.7
35750,3135.2
35751,2068.2
35752,1992.6
35753,2581.3
35754,1628.7
35755,1339.9
35756,1026
35757,1119.4
35758,642.9
35759,468.3
35760,474.7
35761,465.2
35762,475.9
35763,464.2
35764,476.4
35765,466.8
35766,631.5
35767,584.3
35768,1218.2
35769,2091.2
35770,2261.8
35771,2322.7
35772,2747
35773,3292.3
35774,3137.6
35775,2069.9
35776,1992.7
35777,2582.6
35778,1631.2
35779,1346.6
35780,1021.5
35781,1119.5
35782,644.1
35783,466.5
35784,476.4
35785,466.6
35786,474.3
35787,473.8
35788,467.3
35789,474.7
35790,624.3
35791,585.7
35792,1219.5
35793,2095.7
35794,2260.9
35795,2324.3
35796,2749.9
35797,3296.2
35798,3141.2
35799,2068.8
35800,1993
35801,2586.6
35802,1631.5
35803,1350.7
35804,1019.5
35805,1119.7
35806,645.4
35807,476.3
35808,467
35809,475.2
35810,466.2
35811,475.7
35812,465.1
35813,476.5
35814,633.4
35815,576
35816,1228.6
35817,2090
35818,2266.9
35819,2321.6
35820,2753.9
35821,3297.1
35822,3146.9
35823,2067.1
35824,2000.2
35825,2586.6
35826,1630.8
35827,1350.6
35828,1019.7
35829,1124
35830,641.9
35831,479.1
35832,464.5
35833,477.7
35834,468
35835,474.2
35836,474.2
35837,468.6
35838,634.6
35839,577.3
35840,1227.8
35841,2090.5
35842,2272.6
35843,2322.7
35844,2756.8
35845,3297.8
35846,3148.6
35847,2070.6
35848,2002.9
35849,2588.6
35850,1634.7
35851,1343.8
35852,1022.3
35853,1129.1
35854,641.1
35855,473.8
35856,474.4
35857,467.8
35858,475.4
35859,466.8
35860,476.3
35861,465.7
35862,636.6
35863,584.7
35864,796
35865,1013.4
35866,1334.7
35867,1243
35868,1446.3
35869,1297.3
35870,1232.4
35871,1025.8
35872,912.6
35873,961.7
35874,579.5
35875,585.6
35876,583.3
35877,573.6
35878,691
35879,479.8
35880,465.5
35881,423.9
35882,411.7
35883,423.5
35884,412.1
35885,422.1
35886,571.1
35887,427.2
35888,410.7
35889,424.1
35890,411.2
35891,423.1
35892,517.3
35893,532.4
35894,689.2
35895,522.1
35896,426
35897,410.9
35898,423.6
35899,411.3
35900,423.5
35901,411.7
35902,582.4
35903,415.5
35904,421.7
35905,468.8
35906,473.3
35907,475.1
35908,468.1
35909,476
35910,625.7
35911,587.4
35912,1224.8
35913,2102.1
35914,2270.4
35915,2331.4
35916,2760
35917,3308.6
35918,3154.4
35919,2074.8
35920,2003.2
35921,2594.9
35922,1635.2
35923,1356.1
35924,1022.3
35925,1123.6
35926,647
35927,478.8
35928,466.3
35929,477.5
35930,465.4
35931,478.6
35932,472.2
35933,471.6
35934,635.4
35935,575.5
35936,1233.8
35937,2096.4
35938,2278.6
35939,2328.3
35940,2764.7
35941,3307.2
35942,3157.8
35943,2076
35944,2008.4
35945,2595.9
35946,1638.9
35947,1347.2
35948,1025.6
35949,1131.1
35950,644.4
35951,472.5
35952,475.3
35953,468.3
35954,476.4
35955,467.2
35956,477.3
35957,466.1
35958,637.7
35959,586.3
35960,1225
35961,2101.2
35962,2276.5
35963,2336
35964,2763.8
35965,3310.8
35966,3156.3
35967,2081.4
35968,2003.8
35969,2598.4
35970,1639.2
35971,1356.4
35972,1024.3
35973,1124.9
35974,647.5
35975,471.1
35976,475
35977,475.5
35978,468.8
35979,476.4
35980,467.7
35981,477
35982,634.5
35983,579.5
35984,1230.1
35985,2102.2
35986,2276.9
35987,2333.7
35988,2766.3
35989,3313.5
35990,3162
35991,2076.6
35992,2009.9
35993,2598.9
35994,1638.7
35995,1355.1
35996,1023.7
35997,1131.5
35998,641
35999,480.8
36000,465.1
36001,479.7
36002,474.7
36003,470.1
36004,475.5
36005,469
36006,637
36007,585.3
36008,1227.3
36009,2099.4
36010,2282.2
36011,2336
36012,2769
36013,3312.9
36014,3160.6
36015,2083.9
36016,2007
36017,2602
36018,1640.8
36019,1351.7
36020,1030.8
36021,1126.8
36022,647
36023,469.5
36024,477.9
36025,466.3
36026,478.6
36027,470.3
36028,474.5
36029,476
36030,628.1
36031,588
36032,799.5
36033,1016.4
36034,1346.7
36035,1241.5
36036,1459
36037,1294.4
36038,1246.5
36039,1024.1
36040,913
36041,964.8
36042,591
36043,575.5
36044,586.6
36045,585.6
36046,691
36047,473.7
36048,476.2
36049,416
36050,421.3
36051,415.5
36052,420.4
36053,416
36054,582.3
36055,416.8
36056,422.5
36057,414.5
36058,421.5
36059,414.9
36060,529.3
36061,521.8
36062,692.8
36063,534.9
36064,414.8
36065,423
36066,413.5
36067,423.9
36068,413.9
36069,422.6
36070,573.6
36071,426.7
36072,412.5
36073,477.5
36074,466.2
36075,479.6
36076,474.1
36077,471.5
36078,637
36079,576.6
36080,1237.5
36081,2102.9
36082,2285.8
36083,2336.3
36084,2773.5
36085,3317.9
36086,3167
36087,2084.3
36088,2012.8
36089,2605.1
36090,1642.9
36091,1350.5
36092,1034.4
36093,1129.1
36094,647.3
36095,471
36096,477.5
36097,467.7
36098,478.5
36099,466.6
36100,479.1
36101,471.4
36102,633.5
36103,588
36104,1227.7
36105,2110.5
36106,2279.9
36107,2343
36108,2771.8
36109,3322.7
36110,3166.6
36111,2084.6
36112,2009.8
36113,2606.2
36114,1643
36115,1361
36116,1026.1
36117,1127.2
36118,649.5
36119,480
36120,467.8
36121,478.9
36122,466.8
36123,479.5
36124,468.2
36125,478
36126,637.2
36127,577.3
36128,1238.1
36129,2104.5
36130,2286.9
36131,2338.2
36132,2775.8
36133,3320.6
36134,3169.6
36135,2085.6
36136,2014.6
36137,2606.4
36138,1644.8
36139,1351.5
36140,1034.8
36141,1130.2
36142,647.7
36143,471.3
36144,477.7
36145,468
36146,478.7
36147,466.9
36148,479.2
36149,471.3
36150,634.2
36151,588.5
36152,1228.5
36153,2112
36154,2281.5
36155,2344.6
36156,2773.8
36157,3325.1
36158,3169
36159,2085.1
36160,2012.3
36161,2608
36162,1643.8
36163,1362
36164,1026.7
36165,1128
36166,649.9
36167,480.4
36168,467.8
36169,479
36170,466.8
36171,479.9
36172,473.6
36173,472.9
36174,637.6
36175,577.3
36176,1239
36177,2105.8
36178,2289
36179,2339.7
36180,2777.5
36181,3322.8
36182,3171.3
36183,2087.8
36184,2015.1
36185,2608.8
36186,1645.2
36187,1353.5
36188,1035.1
36189,1129.9
36190,648.3
36191,470.9
36192,478.3
36193,467.6
36194,480
36195,468.1
36196,479
36197,476.3
36198,629.9
36199,588.7
36200,800.9
36201,1018.9
36202,1348.8
36203,1245.5
36204,1462.5
36205,1297.6
36206,1249.1
36207,1026.7
36208,914.7
36209,967.3
36210,592.1
36211,576.7
36212,587.7
36213,586.7
36214,692.4
36215,474.5
36216,477.1
36217,416.6
36218,422
36219,416.1
36220,421
36221,416.5
36222,583.3
36223,417.3
36224,423.1
36225,415
36226,422.2
36227,415.4
36228,530.3
36229,522.5
36230,693.9
36231,535.4
36232,415.2
36233,423.8
36234,413.9
36235,423.8
36236,414.3
36237,423.4
36238,574.3
36239,427.9
36240,412.8
36241,424.5
36242,413.3
36243,424.9
36244,413.7
36245,423.7
36246,573.7
36247,428.9
36248,412.2
36249,425.8
36250,412.6
36251,425.1
36252,519.6
36253,534.9
36254,692.8
36255,525.7
36256,426.6
36257,412
36258,425.7
36259,412.4
36260,425.2
36261,412.8
36262,586.1
36263,423.3
36264,417.4
36265,475.6
36266,470.4
36267,477.5
36268,469.2
36269,478.5
36270,634.9
36271,583.1
36272,1234.3
36273,2112.1
36274,2286.1
36275,2343.4
36276,2778.9
36277,3327.2
36278,3176.4
36279,2084.3
36280,2020.4
36281,2609.6
36282,1646.6
36283,1357.2
36284,1027.3
36285,1139.2
36286,640.8
36287,481.4
36288,476
36289,470.8
36290,476.8
36291,469.7
36292,478
36293,468.5
36294,639.4
36295,587.6
36296,1230.7
36297,2110.1
36298,2288.9
36299,2347.4
36300,2777.6
36301,3327.5
36302,3172.5
36303,2091.1
36304,2013.4
36305,2611.3
36306,1646.9
36307,1362.9
36308,1028.4
36309,1129.7
36310,650
36311,479.2
36312,470
36313,477.8
36314,468.9
36315,478.4
36316,467.8
36317,479.3
36318,637.6
36319,579.6
36320,1239.4
36321,2108.5
36322,2289.1
36323,2341.8
36324,2781.1
36325,3326.8
36326,3176.8
36327,2087.1
36328,2020
36329,2610.7
36330,1647.6
36331,1354.1
36332,1032.3
36333,1135.4
36334,648
36335,472.9
36336,477.3
36337,469.2
36338,478.5
36339,468.1
36340,479.4
36341,467
36342,640.1
36343,588.4
36344,1230.4
36345,2113.6
36346,2286.2
36347,2347.9
36348,2777.9
36349,3329.9
36350,3173.4
36351,2089.4
36352,2013.8
36353,2612.1
36354,1646.6
36355,1363.8
36356,1028.1
36357,1129.4
36358,650.6
36359,481.2
36360,468.4
36361,479.7
36362,467.3
36363,480.2
36364,472.7
36365,474.6
36366,638.1
36367,577.9
36368,802
36369,1022.6
36370,1351.2
36371,1244.6
36372,1462.4
36373,1306.7
36374,1242.5
36375,1026
36376,915.4
36377,970.2
36378,591.6
36379,587.3
36380,585.3
36381,579.5
36382,694.4
36383,480.2
36384,470.4
36385,423.4
36386,415.9
36387,422.1
36388,416.3
36389,421.4
36390,576.8
36391,426.4
36392,414.8
36393,423.3
36394,415.1
36395,422.9
36396,522.1
36397,533.4
36398,692.3
36399,526.8
36400,425.6
36401,414.6
36402,423.5
36403,415
36404,422.8
36405,415.4
36406,584.4
36407,416.2
36408,424.6
36409,467.2
36410,479.4
36411,467
36412,480.3
36413,475.8
36414,631
36415,589
36416,1230
36417,2115.8
36418,2283.9
36419,2348.1
36420,2777.8
36421,3330
36422,3174.5
36423,2088
36424,2015.9
36425,2611.6
36426,1645.1
36427,1363.5
36428,1027.9
36429,1132.7
36430,646.9
36431,482
36432,467.3
36433,480.1
36434,472.5
36435,474.7
36436,476.2
36437,470.9
36438,638.6
36439,582.5
36440,1235.6
36441,2107.7
36442,2291.6
36443,2344
36444,2780.2
36445,3326.4
36446,3173.2
36447,2092.5
36448,2014.8
36449,2611.5
36450,1647
36451,1358.7
36452,1032.4
36453,1130.4
36454,649.4
36455,469.8
36456,479.5
36457,469.9
36458,476.9
36459,476.8
36460,470.1
36461,477.7
36462,628.7
36463,589.9
36464,1231.9
36465,2114.7
36466,2285
36467,2345
36468,2777.8
36469,3328.8
36470,3175.9
36471,2085.5
36472,2018.9
36473,2610.3
36474,1646
36475,1359.2
36476,1027.4
36477,1138.7
36478,639.9
36479,482.6
36480,475.7
36481,471.3
36482,476.3
36483,470.1
36484,477.6
36485,469
36486,639.3
36487,587.1
36488,1230.8
36489,2108.5
36490,2289.7
36491,2346
36492,2778.1
36493,3326.1
36494,3171.9
36495,2091.8
36496,2013.3
36497,2610.8
36498,1646.7
36499,1362.4
36500,1028.5
36501,1129.7
36502,649.8
36503,475.2
36504,473.8
36505,477
36506,469.6
36507,477.9
36508,468.5
36509,478.7
36510,637.1
36511,580.3
36512,1236.4
36513,2109.6
36514,2289
36515,2339.4
36516,2779.2
36517,3325.7
36518,3176.2
36519,2084.4
36520,2020.3
36521,2608.8
36522,1646.9
36523,1355.3
36524,1027.9
36525,1138.4
36526,643.6
36527,477.7
36528,476.4
36529,470
36530,477.3
36531,468.9
36532,478.3
36533,467.8
36534,639.9
36535,587.7
36536,800.6
36537,1019.6
36538,1343.3
36539,1251.4
36540,1457
36541,1303.9
36542,1241.4
36543,1033.9
36544,915.5
36545,967.6
36546,587.1
36547,583
36548,586.8
36549,583.5
36550,687
36551,483.1
36552,466.3
36553,427.3
36554,411.8
36555,426
36556,412.1
36557,425.6
36558,582.2
36559,419.6
36560,420.5
36561,417.3
36562,417.7
36563,420.1
36564,529.1
36565,524.8
36566,692.9
36567,533.8
36568,417.5
36569,421.7
36570,416.2
36571,418.8
36572,418.8
36573,414.6
36574,582.4
36575,425.5
36576,415.1
36577,476.5
36578,468.7
36579,478
36580,467.6
36581,478.8
36582,637.2
36583,579.3
36584,1237.9
36585,2106.1
36586,2286
36587,2339
36588,2777.9
36589,3322.8
36590,3173.6
36591,2083.8
36592,2018.5
36593,2606.9
36594,1646
36595,1353.4
36596,1028.7
36597,1136.4
36598,645.7
36599,474.8
36600,476.8
36601,469.4
36602,477.5
36603,468.3
36604,478.4
36605,467.2
36606,639.3
36607,587.9
36608,1228.9
36609,2108.9
36610,2284.2
36611,2344.3
36612,2773.7
36613,3323.5
36614,3168.1
36615,2087.6
36616,2010.6
36617,2607.7
36618,1644.7
36619,1361.3
36620,1027.1
36621,1128.3
36622,649.1
36623,479
36624,469.3
36625,477.6
36626,468.1
36627,478.4
36628,467
36629,479.3
36630,636.7
36631,578.5
36632,1237.5
36633,2104.6
36634,2285.2
36635,2337.4
36636,2775.9
36637,3320.5
36638,3171
36639,2083
36640,2016.7
36641,2605.5
36642,1645.1
36643,1352
36644,1029
36645,1135
36646,647
36647,472.9
36648,476.3
36649,469
36650,477.4
36651,467.9
36652,478.3
36653,466.8
36654,638.9
36655,587.6
36656,1228
36657,2107.7
36658,2282.3
36659,2342.6
36660,2771.7
36661,3321.1
36662,3165.7
36663,2086.1
36664,2009.1
36665,2605.8
36666,1643.5
36667,1360.3
36668,1026.5
36669,1127.5
36670,649.1
36671,478.7
36672,469.2
36673,477.2
36674,468
36675,477.9
36676,466.9
36677,478.8
36678,636.3
36679,578.4
36680,1236.5
36681,2102.3
36682,2283.8
36683,2334.8
36684,2774.4
36685,3317.8
36686,3168.9
36687,2080.7
36688,2015.8
36689,2603
36690,1643.9
36691,1351.7
36692,1026.5
36693,1135.7
36694,643.2
36695,476.4
36696,476
36697,469.2
36698,476.7
36699,468.1
36700,477.7
36701,467
36702,638.2
36703,586.7
36704,799.1
36705,1017.5
36706,1340.3
36707,1248.6
36708,1453.3
36709,1301.6
36710,1237.9
36711,1032.3
36712,913.6
36713,965.6
36714,583.9
36715,584.4
36716,585.7
36717,579.5
36718,688.8
36719,481.8
36720,466
36721,426.2
36722,411.6
36723,424.9
36724,412
36725,584.4
36726,422.1
36727,417.1
36728,413.1
36729,423.5
36730,411
36731,531.8
36732,529.9
36733,682.2
36734,535.5
36735,422.2
36736,416.1
36737,415.1
36738,420.9
36739,412.8
36740,424.3
36741,582.2
36742,417.3
36743,421.5
36744,468.2
36745,476.5
36746,467.8
36747,477.1
36748,466.8
36749,638.1
36750,585.6
36751,1226.3
36752,2101.7
36753,2280.2
36754,2337.5
36755,2767.2
36756,3313.4
36757,3159.5
36758,2084.3
36759,2005.9
36760,2600.9
36761,1640.8
36762,1356.3
36763,1026.4
36764,1126.1
36765,647.5
36766,468.9
36767,478.7
36768,475
36769,469.5
36770,476
36771,468.1
36772,477.5
36773,629.5
36774,584.7
36775,1228.5
36776,2103.9
36777,2275.2
36778,2334.2
36779,2765.2
36780,3313.8
36781,3161
36782,2077
36783,2008.7
36784,2598.7
36785,1638.1
36786,1356.1
36787,1023.7
36788,1129.6
36789,643
36790,480.4
36791,465.5
36792,479.1
36793,473.5
36794,470.6
36795,474.4
36796,469.1
36797,636.3
36798,581.6
36799,1228.6
36800,2097
36801,2279.9
36802,2331.4
36803,2765.7
36804,3310
36805,3156.4
36806,2079.6
36807,2006.9
36808,2598.1
36809,1638.8
36810,1347.5
36811,1032.1
36812,1126
36813,646.1
36814,470.2
36815,476.7
36816,466.8
36817,477.4
36818,465.5
36819,478
36820,469.7
36821,632.3
36822,586.8
36823,1223.6
36824,2102.4
36825,2272.1
36826,2334.4
36827,2761.6
36828,3309.7
36829,3154.2
36830,2078.3
36831,2002.1
36832,2596.5
36833,1638
36834,1355.8
36835,1023.3
36836,1123.9
36837,647.3
36838,477.5
36839,468.3
36840,476.1
36841,467.1
36842,476.4
36843,466
36844,477.3
36845,634.7
36846,577.1
36847,1231.7
36848,2095.5
36849,2273.4
36850,2327.5
36851,2762.1
36852,3305.8
36853,3156.4
36854,2071.8
36855,2007.1
36856,2593.4
36857,1635.9
36858,1351.7
36859,1021.8
36860,1130.7
36861,638.7
36862,480.5
36863,469.8
36864,473.6
36865,474.4
36866,468.9
36867,475.2
36868,467.8
36869,635.6
36870,583.8
36871,791.1
36872,1019.2
36873,1336.4
36874,1241.9
36875,1447.2
36876,1298.6
36877,1233.2
36878,1019.9
36879,911.7
36880,967
36881,583.9
36882,584.7
36883,582.5
36884,575.7
36885,690.8
36886,478.7
36887,467.5
36888,422.4
36889,413.3
36890,420.9
36891,413.8
36892,420.4
36893,572.6
36894,424.5
36895,412.4
36896,422.4
36897,412.8
36898,421.4
36899,518.9
36900,530.8
36901,688.2
36902,523.5
36903,424.1
36904,412.6
36905,421.8
36906,413
36907,421.2
36908,413.4
36909,581.1
36910,414.3
36911,422.8
36912,464.9
36913,476.8
36914,464.5
36915,477.5
36916,470.8
36917,629.3
36918,585.4
36919,1220.5
36920,2096.8
36921,2265.8
36922,2327.9
36923,2753.9
36924,3299.9
36925,3144.9
36926,2073.2
36927,1996.8
36928,2589.2
36929,1633.7
36930,1352.1
36931,1021
36932,1121.3
36933,645.8
36934,471.3
36935,472.6
36936,474.4
36937,467.2
36938,475.1
36939,466.2
36940,475.6
36941,632.3
36942,577.5
36943,1224.4
36944,2093.1
36945,2264.7
36946,2323.1
36947,2751.6
36948,3298.2
36949,3145
36950,2068.3
36951,1997.4
36952,2586.6
36953,1630.7
36954,1352.2
36955,1019.6
36956,1119.9
36957,646.1
36958,478.5
36959,465.6
36960,477.1
36961,464.3
36962,477.1
36963,464.5
36964,476.7
36965,633.3
36966,574
36967,1228.6
36968,2087.2
36969,2267.3
36970,2317.5
36971,2752.4
36972,3292
36973,3145
36974,2063.9
36975,2000.8
36976,2583.3
36977,1630.2
36978,1346.3
36979,1018.5
36980,1127.5
36981,636.3
36982,479.5
36983,469.9
36984,471.3
36985,473.1
36986,467.7
36987,474
36988,466.7
36989,633.8
36990,582.2
36991,1219.3
36992,2084.9
36993,2266.9
36994,2318.1
36995,2749.2
36996,3288.8
36997,3139.5
36998,2066.1
36999,1997.1
37000,2582.2
37001,1630.3
37002,1340
37003,1021
37004,1126.1
37005,640.2
37006,472.7
37007,473.9
37008,466.8
37009,474.2
37010,465.5
37011,475
37012,464.5
37013,634.5
37014,582.9
37015,1217.5
37016,2085.7
37017,2262.6
37018,2319.1
37019,2745.9
37020,3285.9
37021,3134.6
37022,2067.7
37023,1992.2
37024,2580.8
37025,1628.4
37026,1339.5
37027,1025.9
37028,1119.2
37029,642.8
37030,468.3
37031,474.6
37032,465
37033,475.2
37034,463.7
37035,475.8
37036,465.4
37037,631.5
37038,583.3
37039,793.2
37040,1007.9
37041,1330.2
37042,1236.5
37043,1441.7
37044,1288.3
37045,1227.9
37046,1022.8
37047,906.1
37048,957.5
37049,579.4
37050,580.9
37051,581.6
37052,574
37053,685.3
37054,479.3
37055,463.5
37056,423.6
37057,409.6
37058,421.4
37059,410.1
37060,421.8
37061,567.9
37062,426
37063,408.8
37064,422.9
37065,409.3
37066,422.3
37067,514.7
37068,530.2
37069,685.7
37070,519.6
37071,424.7
37072,409
37073,422.1
37074,409.6
37075,422
37076,410.1
37077,579.6
37078,413.5
37079,420.6
37080,465.6
37081,471.9
37082,472.5
37083,465.8
37084,473.3
37085,622
37086,583.7
37087,1214.1
37088,2085.8
37089,2250.5
37090,2313.8
37091,2736.9
37092,3280
37093,3125.3
37094,2060.6
37095,1984.9
37096,2573.5
37097,1623.7
37098,1344.5
37099,1016.2
37100,1115.4
37101,642.3
37102,464.9
37103,475.9
37104,469.4
37105,468.5
37106,472.5
37107,465.2
37108,473.3
37109,621.3
37110,583.5
37111,1213.8
37112,2083.4
37113,2248.1
37114,2311.1
37115,2734.1
37116,3276.8
37117,3122.1
37118,2058.5
37119,1982.9
37120,2570.9
37121,1622.7
37122,1342.4
37123,1015.5
37124,1114.4
37125,641.8
37126,464.7
37127,475.4
37128,467.9
37129,469.3
37130,472.1
37131,465
37132,472.9
37133,620.9
37134,583
37135,1212.2
37136,2081.7
37137,2245.5
37138,2308.4
37139,2731.2
37140,3273.9
37141,3118.6
37142,2056.9
37143,1981.1
37144,2568.2
37145,1621.1
37146,1340.9
37147,1014.5
37148,1113.6
37149,641.3
37150,464.9
37151,474.8
37152,463.6
37153,473.6
37154,471.1
37155,465.5
37156,472.1
37157,621
37158,582.3
37159,1210.1
37160,2079.8
37161,2243.5
37162,2307
37163,2728.5
37164,3268.7
37165,3115
37166,2055.8
37167,1979.1
37168,2565.5
37169,1619.4
37170,1338.1
37171,1014.8
37172,1112.9
37173,640.2
37174,465.6
37175,473.7
37176,462.4
37177,474.2
37178,462.8
37179,473.6
37180,470.6
37181,621.8
37182,581.1
37183,1209.1
37184,2075.3
37185,2243.4
37186,2304.2
37187,2725.6
37188,3263.5
37189,3111.4
37190,2054.5
37191,1977.9
37192,2562.7
37193,1617.6
37194,1330.1
37195,1018.8
37196,1113.8
37197,639
37198,466.8
37199,472.3
37200,463.5
37201,472.6
37202,462.2
37203,473.4
37204,461.3
37205,630.6
37206,580.1
37207,788.3
37208,1002.3
37209,1319.4
37210,1229.5
37211,1428.7
37212,1283.5
37213,1218.8
37214,1011.4
37215,902.6
37216,954.8
37217,575.7
37218,579.7
37219,577.8
37220,569.9
37221,684.2
37222,475.2
37223,463.4
37224,419.7
37225,410
37226,417.9
37227,410.5
37228,417.4
37229,567.1
37230,421.3
37231,409.3
37232,418.6
37233,409.9
37234,417.9
37235,514.6
37236,526
37237,681.1
37238,519.4
37239,420.2
37240,410
37241,417.9
37242,410.5
37243,417.5
37244,410.6
37245,575.8
37246,411.4
37247,419.1
37248,461.4
37249,472.5
37250,461
37251,473.1
37252,460.1
37253,630.1
37254,578.8
37255,1205.8
37256,2066.5
37257,2237.3
37258,2294.6
37259,2717.1
37260,3250.2
37261,3103.1
37262,2042.6
37263,1975.8
37264,2551.7
37265,1611.7
37266,1329.4
37267,1007.7
37268,1116.2
37269,629.7
37270,476
37271,466.1
37272,467.9
37273,469.7
37274,464.2
37275,469.8
37276,463.2
37277,627.9
37278,576
37279,1206.4
37280,2059.6
37281,2238.8
37282,2287.1
37283,2714.1
37284,3247.2
37285,3101.6
37286,2038
37287,1971
37288,2549.2
37289,1608.9
37290,1334
37291,1007.7
37292,1106.1
37293,638.4
37294,472.7
37295,462.6
37296,471.2
37297,461.3
37298,471.5
37299,460.4
37300,472.1
37301,626.1
37302,569.6
37303,1211.2
37304,2058.2
37305,2230.1
37306,2288.1
37307,2708.2
37308,3247.9
37309,3093
37310,2039.8
37311,1966.1
37312,2546.7
37313,1609.6
37314,1327.2
37315,1010.9
37316,1105.9
37317,636.9
37318,463.6
37319,471.6
37320,460.4
37321,471.9
37322,459.4
37323,472.6
37324,466.5
37325,620.4
37326,578.3
37327,1200.9
37328,2060
37329,2228.6
37330,2287.5
37331,2706.2
37332,3237.9
37333,3090.7
37334,2035.8
37335,1968.1
37336,2542.3
37337,1605.9
37338,1324.9
37339,1004.1
37340,1112.3
37341,628.8
37342,474.7
37343,458.7
37344,473.2
37345,467.6
37346,463.4
37347,468.4
37348,462.4
37349,625.8
37350,571.3
37351,1205.2
37352,2052
37353,2229.6
37354,2277.3
37355,2704.4
37356,3236
37357,3088.1
37358,2032
37359,1960.6
37360,2540.8
37361,1604.8
37362,1329.1
37363,1004.3
37364,1102.7
37365,636.9
37366,463.3
37367,469.9
37368,468.3
37369,462.2
37370,468.9
37371,461.2
37372,469.6
37373,615.1
37374,578.2
37375,783.1
37376,994.2
37377,1315.9
37378,1213.1
37379,1424.1
37380,1265.7
37381,1212.9
37382,1006.3
37383,893.9
37384,944.4
37385,573.8
37386,572.9
37387,575.4
37388,567.1
37389,677.5
37390,474.2
37391,459.1
37392,419
37393,406.2
37394,418.3
37395,406.8
37396,416.6
37397,561.9
37398,421.4
37399,405.8
37400,417.6
37401,406.3
37402,417.5
37403,510
37404,523.8
37405,676.9
37406,515.1
37407,419.5
37408,406.7
37409,417.2
37410,407.3
37411,416.5
37412,407.9
37413,572.2
37414,408.9
37415,417.6
37416,458.4
37417,470.1
37418,458
37419,470.4
37420,460.2
37421,622.6
37422,575.6
37423,1195.7
37424,2047.1
37425,2218.4
37426,2273.5
37427,2692
37428,3219.7
37429,3075.9
37430,2021.3
37431,1958.8
37432,2528
37433,1595.4
37434,1324.6
37435,1000.1
37436,1098.1
37437,635.5
37438,470.9
37439,459.8
37440,469.1
37441,458.5
37442,469.7
37443,457.6
37444,470.5
37445,622.2
37446,566
37447,1202.2
37448,2042.4
37449,2211.8
37450,2270.4
37451,2687.3
37452,3219.1
37453,3066.8
37454,2026.4
37455,1950.3
37456,2527.2
37457,1596.1
37458,1313.4
37459,1001.6
37460,1104.1
37461,627.4
37462,468.8
37463,466.3
37464,461
37465,466.8
37466,459.8
37467,467.8
37468,458.9
37469,623.4
37470,573
37471,1193
37472,2038.3
37473,2215.3
37474,2262.2
37475,2685
37476,3212.6
37477,3066.3
37478,2018.4
37479,1946.9
37480,2522.7
37481,1595.2
37482,1319.6
37483,999.1
37484,1096.3
37485,633.1
37486,459.9
37487,470.3
37488,456.9
37489,469.8
37490,461.7
37491,464.2
37492,466.3
37493,613.4
37494,574.4
37495,1190.2
37496,2040.9
37497,2207.1
37498,2265
37499,2679.8
37500,3205.2
37501,3062
37502,2012.7
37503,1950.4
37504,2516.9
37505,1588.7
37506,1319.9
37507,996.4
37508,1094
37509,632.8
37510,469.7
37511,459.4
37512,467
37513,458.4
37514,467.4
37515,457.3
37516,468.3
37517,620.3
37518,565
37519,1194.3
37520,2036.2
37521,2200.5
37522,2262.4
37523,2674.7
37524,3203.8
37525,3053.8
37526,2015.2
37527,1945.2
37528,2514.9
37529,1587.5
37530,1311.7
37531,994.8
37532,1098.3
37533,626.4
37534,470.6
37535,456.4
37536,469.1
37537,455.5
37538,469
37539,464.5
37540,459.9
37541,620.6
37542,561.9
37543,777.3
37544,985.5
37545,1306.9
37546,1198.9
37547,1412.8
37548,1251.9
37549,1208.1
37550,992.5
37551,886.3
37552,935.8
37553,576.3
37554,561.1
37555,572.6
37556,570.4
37557,666
37558,470.4
37559,464.7
37560,408.7
37561,410.3
37562,409.1
37563,402.5
37564,416.8
37565,566.5
37566,409.8
37567,411.5
37568,407.9
37569,402.3
37570,417.1
37571,514.1
37572,511.9
37573,672.3
37574,514
37575,414.7
37576,402.5
37577,416.3
37578,403.2
37579,416.1
37580,403.8
37581,568.8
37582,404.9
37583,417
37584,453.9
37585,468.5
37586,463.6
37587,459.1
37588,464.3
37589,610.9
37590,571.9
37591,1183.7
37592,2028
37593,2194.4
37594,2250.1
37595,2663.3
37596,3184.9
37597,3044.2
37598,2001
37599,1935
37600,2502.3
37601,1582.9
37602,1311.4
37603,991.7
37604,1088.6
37605,629.6
37606,456.8
37607,468.4
37608,462.2
37609,459.7
37610,463.6
37611,458.1
37612,464.3
37613,609.6
37614,571.7
37615,1182.3
37616,2025.2
37617,2190.1
37618,2247.1
37619,2658.8
37620,3179.7
37621,3039.2
37622,1997.7
37623,1932.1
37624,2498.2
37625,1580.5
37626,1309.5
37627,990.3
37628,1087
37629,628.7
37630,456.7
37631,467
37632,461.5
37633,459.9
37634,463
37635,457.8
37636,463.7
37637,609.1
37638,570.9
37639,1180.6
37640,2024.1
37641,2184.6
37642,2242.9
37643,2654.5
37644,3173.6
37645,3034.9
37646,1995.2
37647,1927.7
37648,2495.4
37649,1578
37650,1307.1
37651,988.8
37652,1086.3
37653,628.1
37654,457
37655,466.2
37656,453.8
37657,466.7
37658,459.9
37659,460.1
37660,462.5
37661,609.2
37662,570.1
37663,1178.7
37664,2016.7
37665,2185.3
37666,2237.4
37667,2650.3
37668,3170
37669,3028.1
37670,1993.6
37671,1923.4
37672,2492.3
37673,1575.6
37674,1300.2
37675,992
37676,1084.6
37677,626.5
37678,457.8
37679,464.7
37680,454.9
37681,464.9
37682,453.7
37683,465.5
37684,453
37685,617.9
37686,568.3
37687,1177.8
37688,2009.7
37689,2184.8
37690,2230.7
37691,2646.3
37692,3167.3
37693,3020.4
37694,1992.8
37695,1920.7
37696,2488
37697,1572.8
37698,1294.4
37699,988.8
37700,1088.5
37701,619.1
37702,465.5
37703,462
37704,456.9
37705,462.2
37706,455.7
37707,462.4
37708,455
37709,615.9
37710,566.4
37711,761.6
37712,981.6
37713,1287.2
37714,1186.3
37715,1398.3
37716,1240.2
37717,1194.6
37718,982.6
37719,877.7
37720,926.7
37721,571.8
37722,556.3
37723,568.1
37724,566.4
37725,659.9
37726,467.5
37727,461.1
37728,406.5
37729,405.2
37730,408.9
37731,399.9
37732,414.1
37733,561.4
37734,407.8
37735,404.7
37736,409.5
37737,399.9
37738,413.9
37739,504.9
37740,513.5
37741,666.4
37742,506.2
37743,415.8
37744,400.7
37745,412.8
37746,401.4
37747,412.5
37748,402.1
37749,564.3
37750,403
37751,412.9
37752,451.6
37753,464.2
37754,451.2
37755,465
37756,455.3
37757,611.5
37758,566.1
37759,1171.6
37760,2000.8
37761,2172.9
37762,2219.4
37763,2632.3
37764,3150.8
37765,3003.9
37766,1983.4
37767,1911.1
37768,2475.2
37769,1565
37770,1288.7
37771,980.5
37772,1086.6
37773,614.6
37774,467
37775,450.7
37776,465.4
37777,459.4
37778,455.7
37779,460
37780,455
37781,612.9
37782,555
37783,1179.8
37784,1996.6
37785,2163.7
37786,2219.8
37787,2627.2
37788,3143.7
37789,2998.8
37790,1976.8
37791,1911.9
37792,2466.7
37793,1560.1
37794,1295.9
37795,979.5
37796,1075.8
37797,623.8
37798,455.7
37799,461.3
37800,460
37801,454.5
37802,460.4
37803,453.5
37804,461
37805,602.9
37806,566.5
37807,1167.8
37808,1997.7
37809,2161.4
37810,2214.9
37811,2622.2
37812,3136.8
37813,2995
37814,1974.7
37815,1904.3
37816,2466.4
37817,1559.8
37818,1284
37819,982
37820,1079.3
37821,613.2
37822,465.7
37823,459.1
37824,455
37825,458.8
37826,453.8
37827,460.2
37828,453.1
37829,611.7
37830,557.6
37831,1172
37832,1989.4
37833,2156.9
37834,2210.9
37835,2617.7
37836,3132.3
37837,2986.8
37838,1969.8
37839,1905.7
37840,2457.7
37841,1554.8
37842,1292
37843,976.9
37844,1072.1
37845,621.9
37846,452
37847,463.2
37848,457.4
37849,455.1
37850,458.6
37851,453.4
37852,459.1
37853,602.2
37854,564.4
37855,1163.6
37856,1989.2
37857,2155.3
37858,2205
37859,2612.7
37860,3127
37861,2981.9
37862,1969.1
37863,1898.2
37864,2457.4
37865,1553.6
37866,1281.2
37867,974.6
37868,1075.2
37869,616.2
37870,463.5
37871,450.5
37872,461.9
37873,448.8
37874,462.2
37875,448.2
37876,462.8
37877,609.1
37878,553.6
37879,762.6
37880,965.1
37881,1278
37882,1174.2
37883,1380.9
37884,1226
37885,1174.1
37886,978.4
37887,869.3
37888,917.3
37889,558.1
37890,562.7
37891,560.5
37892,553
37893,662.5
37894,461.8
37895,452.4
37896,408.3
37897,401.6
37898,400.1
37899,407.8
37900,397.3
37901,560.1
37902,408.9
37903,402.2
37904,398.8
37905,410.3
37906,397.5
37907,510.4
37908,508.6
37909,651.4
37910,514.2
37911,399.2
37912,411.2
37913,398.4
37914,409.7
37915,399.2
37916,408.7
37917,548.8
37918,412.9
37919,398.6
37920,459.6
37921,448.7
37922,460.4
37923,448.1
37924,460.9
37925,607.4
37926,552.8
37927,1166.1
37928,1976.1
37929,2137.4
37930,2198.4
37931,2596.7
37932,3104.8
37933,2968.2
37934,1955.7
37935,1887.1
37936,2443.7
37937,1546.1
37938,1273.2
37939,971.4
37940,1073
37941,608.3
37942,463.6
37943,453.4
37944,455.5
37945,455.9
37946,451.9
37947,456.4
37948,451.3
37949,607.1
37950,550
37951,1166
37952,1970.9
37953,2134.9
37954,2193.3
37955,2593.2
37956,3099.4
37957,2962.3
37958,1949.9
37959,1883.3
37960,2439.2
37961,1543.5
37962,1271.4
37963,976.3
37964,1064.8
37965,612.3
37966,457.2
37967,456.7
37968,451
37969,456.8
37970,449.5
37971,457.6
37972,448.9
37973,607.5
37974,555.9
37975,1156.9
37976,1967.9
37977,2132.2
37978,2187
37979,2588.1
37980,3094.5
37981,2955.6
37982,1945.8
37983,1880.7
37984,2433.8
37985,1540.9
37986,1270.9
37987,973.3
37988,1062.6
37989,615.1
37990,452.8
37991,456.8
37992,450
37993,456.6
37994,448.6
37995,457.3
37996,448.1
37997,606.5
37998,557.5
37999,1153.6
38000,1963.6
38001,2128.8
38002,2182.1
38003,2583
38004,3088.5
38005,2949.5
38006,1942
38007,1877.1
38008,2429
38009,1538
38010,1268.2
38011,972
38012,1060.8
38013,613.6
38014,452.7
38015,456.1
38016,449.4
38017,456
38018,448.3
38019,456.5
38020,447.8
38021,605.5
38022,556.7
38023,1151.2
38024,1960.3
38025,2123.9
38026,2178.6
38027,2577.9
38028,3081.4
38029,2944.4
38030,1938.5
38031,1872.6
38032,2425
38033,1534.9
38034,1263.7
38035,968.2
38036,1063
38037,606
38038,459.7
38039,454.6
38040,449.9
38041,454.8
38042,448.6
38043,455.3
38044,448.1
38045,604.5
38046,548.4
38047,752.3
38048,953.8
38049,1263
38050,1159.3
38051,1364
38052,1210.6
38053,1161.3
38054,966.3
38055,858.8
38056,906.7
38057,552.8
38058,557.3
38059,555.2
38060,548
38061,656
38062,457
38063,449.6
38064,404.1
38065,399.6
38066,393.6
38067,408.7
38068,394.5
38069,555
38070,400.3
38071,404.3
38072,394.3
38073,408.1
38074,395.1
38075,505
38076,500.5
38077,648.4
38078,508.3
38079,397.7
38080,405.8
38081,396.9
38082,404.6
38083,397.6
38084,403.9
38085,545.1
38086,408
38087,397.3
38088,454.2
38089,446.6
38090,454.9
38091,446.1
38092,455.4
38093,591.9
38094,558
38095,1143.5
38096,1953
38097,2112.9
38098,2162.3
38099,2561.2
38100,3067.3
38101,2920.3
38102,1931.6
38103,1865.8
38104,2404.1
38105,1524
38106,1266.4
38107,959.2
38108,1052.3
38109,612.2
38110,447.3
38111,456.3
38112,444.4
38113,456.3
38114,443.6
38115,456.6
38116,443.2
38117,602.9
38118,555.6
38119,1142.2
38120,1944.2
38121,2111
38122,2157.5
38123,2557
38124,3057.7
38125,2918.9
38126,1923.1
38127,1857.9
38128,2405.6
38129,1523.3
38130,1254.4
38131,963.3
38132,1053.5
38133,600.7
38134,459.2
38135,445.8
38136,454
38137,449.7
38138,449.1
38139,452.5
38140,446.5
38141,600.7
38142,543.7
38143,1149.2
38144,1940.9
38145,2099.7
38146,2159.9
38147,2549.5
38148,3049.4
38149,2911.9
38150,1924.4
38151,1854.7
38152,2397.9
38153,1516
38154,1259.6
38155,954.9
38156,1048.4
38157,611
38158,453.9
38159,447.1
38160,452.1
38161,446.1
38162,452.2
38163,445.5
38164,452.7
38165,590.9
38166,554.5
38167,1137.4
38168,1938.4
38169,2102.5
38170,2146.5
38171,2546.5
38172,3046.8
38173,2904.9
38174,1915.1
38175,1853
38176,2393.5
38177,1517.6
38178,1250.9
38179,959
38180,1049.4
38181,602
38182,454.4
38183,451.3
38184,446.5
38185,451.2
38186,445.4
38187,451.7
38188,445.2
38189,598.6
38190,542.4
38191,1144.9
38192,1932.9
38193,2090.9
38194,2151.1
38195,2538.9
38196,3036.5
38197,2899.2
38198,1917
38199,1847.2
38200,2386.9
38201,1509.2
38202,1256.8
38203,952.1
38204,1044.3
38205,609.1
38206,443.6
38207,455.3
38208,448.9
38209,447.3
38210,450
38211,445.6
38212,450.4
38213,589.8
38214,552.7
38215,744.8
38216,942.8
38217,1236.7
38218,1148.7
38219,1341.9
38220,1195.7
38221,1151.3
38222,948.8
38223,848.4
38224,895.4
38225,554.9
38226,542.9
38227,551.3
38228,541.8
38229,648.1
38230,455.5
38231,442.7
38232,403.8
38233,393.6
38234,401.8
38235,394.5
38236,400.5
38237,540
38238,404.2
38239,394.6
38240,400.7
38241,395.6
38242,398.1
38243,494.2
38244,499.8
38245,636.9
38246,505.1
38247,392.6
38248,405.1
38249,391.8
38250,403.9
38251,393
38252,403
38253,538.3
38254,405.9
38255,392.9
38256,451.3
38257,441.5
38258,452
38259,441.1
38260,452.3
38261,594.2
38262,543.4
38263,1128.4
38264,1925.9
38265,2082.1
38266,2130.1
38267,2523.6
38268,3021.5
38269,2879.3
38270,1898.6
38271,1838.4
38272,2373.6
38273,1505.4
38274,1239.8
38275,953.2
38276,1041.7
38277,595.4
38278,455.9
38279,441.2
38280,452
38281,446.6
38282,445.2
38283,448.2
38284,443.9
38285,594.6
38286,539.8
38287,1135.5
38288,1917.2
38289,2073.9
38290,2129.6
38291,2517
38292,3013.9
38293,2871
38294,1900.3
38295,1833
38296,2364.5
38297,1502.5
38298,1242
38299,949.5
38300,1037.5
38301,602.5
38302,446.1
38303,448.9
38304,442.9
38305,449.1
38306,442
38307,448.9
38308,441.6
38309,594.4
38310,541.6
38311,1130.7
38312,1912.8
38313,2069.1
38314,2127.7
38315,2511
38316,3005.3
38317,2865.2
38318,1898.7
38319,1828.4
38320,2358.1
38321,1498.6
38322,1242.4
38323,945.2
38324,1035.3
38325,602.1
38326,444.5
38327,448.7
38328,441.6
38329,448.8
38330,440.8
38331,449.5
38332,440.4
38333,593.8
38334,545.6
38335,1124
38336,1908.6
38337,2064.5
38338,2124
38339,2505.3
38340,2998.2
38341,2859.1
38342,1892.2
38343,1826.9
38344,2352.8
38345,1495.5
38346,1239.7
38347,943.6
38348,1033.3
38349,601.1
38350,443.9
38351,448.3
38352,441.4
38353,448
38354,440.3
38355,448.5
38356,440
38357,592.8
38358,541.2
38359,1125.1
38360,1904.6
38361,2060.2
38362,2118.7
38363,2499.8
38364,2992.2
38365,2852
38366,1887.5
38367,1824.3
38368,2347.1
38369,1493.4
38370,1234.1
38371,944.7
38372,1031.7
38373,596.7
38374,447.4
38375,446.8
38376,441.6
38377,446.2
38378,440.8
38379,447
38380,440.4
38381,591.7
38382,535.5
38383,737
38384,930.1
38385,1228.9
38386,1129.4
38387,1322.6
38388,1183.1
38389,1127.8
38390,936.1
38391,837.9
38392,884
38393,551.8
38394,543.7
38395,537
38396,545.9
38397,639.3
38398,443.9
38399,447.1
38400,392.8
38401,396.7
38402,392.9
38403,387.5
38404,401.9
38405,539.4
38406,396
38407,387.6
38408,401.8
38409,388.6
38410,400.6
38411,484.3
38412,497.6
38413,638.1
38414,489.7
38415,400.7
38416,390.9
38417,397.9
38418,391.9
38419,396.5
38420,393.1
38421,540.7
38422,394.6
38423,395.7
38424,441.1
38425,444.4
38426,440.6
38427,445
38428,440.2
38429,589
38430,534.9
38431,1121.3
38432,1893.7
38433,2047.3
38434,2099.9
38435,2483.7
38436,2974.6
38437,2835.1
38438,1871.4
38439,1808.4
38440,2339.6
38441,1483.4
38442,1223.6
38443,934.1
38444,1025.7
38445,599
38446,448.9
38447,438.4
38448,446.7
38449,437.7
38450,446.5
38451,437.3
38452,446.6
38453,578.1
38454,545.7
38455,1110.6
38456,1889.8
38457,2050.1
38458,2092.5
38459,2481
38460,2962.8
38461,2831
38462,1870.4
38463,1804.8
38464,2330.7
38465,1474.6
38466,1230.4
38467,932.8
38468,1022.8
38469,597.8
38470,438.6
38471,447.4
38472,436.3
38473,446.6
38474,435.4
38475,447.1
38476,435.2
38477,588.9
38478,542.3
38479,1109.9
38480,1883.9
38481,2038.1
38482,2096.2
38483,2471.9
38484,2958.2
38485,2820.2
38486,1865.4
38487,1802.8
38488,2325.3
38489,1477.7
38490,1217.7
38491,931.9
38492,1028.8
38493,587.8
38494,449.5
38495,435.1
38496,447.7
38497,434.3
38498,447.3
38499,434.4
38500,447.5
38501,585.2
38502,534.1
38503,1107.8
38504,1883.6
38505,2037.7
38506,2082.8
38507,2470.1
38508,2950.9
38509,2817.9
38510,1861
38511,1797
38512,2321.3
38513,1468.2
38514,1224.7
38515,928.8
38516,1019.1
38517,595.9
38518,437.2
38519,446.4
38520,434.8
38521,446.2
38522,434
38523,446.7
38524,433.6
38525,588.1
38526,540.6
38527,1105.4
38528,1875.7
38529,2028.9
38530,2087.2
38531,2460.3
38532,2945.4
38533,2807.5
38534,1855.3
38535,1794.8
38536,2317
38537,1471.1
38538,1213.2
38539,926.8
38540,1020.3
38541,592
38542,446.7
38543,435.3
38544,445.2
38545,434.9
38546,444.4
38547,434.5
38548,444.8
38549,574.7
38550,542.2
38551,727.2
38552,918
38553,1202
38554,1121.3
38555,1300.8
38556,1162.6
38557,1120.2
38558,924.3
38559,827
38560,872.6
38561,533.9
38562,541.3
38563,538.7
38564,530.2
38565,634.3
38566,444
38567,438.2
38568,393.5
38569,390.8
38570,384.5
38571,398.5
38572,385.6
38573,537.1
38574,387.1
38575,397.7
38576,386
38577,395.7
38578,387
38579,489.3
38580,481.8
38581,632
38582,491.8
38583,390.4
38584,387.3
38585,395
38586,384.7
38587,398.6
38588,385.4
38589,537.4
38590,387.1
38591,397.5
38592,386
38593,395.2
38594,386.7
38595,394.9
38596,387.9
38597,534.9
38598,389.3
38599,393.6
38600,388.3
38601,386.7
38602,394.6
38603,481.3
38604,488.5
38605,630
38606,482.4
38607,398
38608,385.7
38609,395.5
38610,386.8
38611,395.1
38612,388
38613,535.1
38614,389.4
38615,393.1
38616,434.9
38617,440.2
38618,435
38619,440.5
38620,434.8
38621,581.8
38622,527.4
38623,1104.6
38624,1859.6
38625,2011.6
38626,2060.7
38627,2441.3
38628,2917.6
38629,2785.4
38630,1840.8
38631,1777.4
38632,2293.7
38633,1453.8
38634,1212.5
38635,920.6
38636,1008.9
38637,590.2
38638,436.1
38639,441.9
38640,433.7
38641,441.1
38642,432.9
38643,441.8
38644,432.7
38645,581.3
38646,528.8
38647,1100.6
38648,1855.4
38649,2006.8
38650,2057.9
38651,2434
38652,2912.1
38653,2778.9
38654,1835.8
38655,1773.5
38656,2289.3
38657,1449.6
38658,1210.2
38659,918.6
38660,1006.9
38661,589.6
38662,434.9
38663,441.6
38664,432.8
38665,441.2
38666,432.1
38667,441.2
38668,432
38669,580.7
38670,530
38671,1096.4
38672,1851.2
38673,2002.3
38674,2053.4
38675,2428.3
38676,2905.2
38677,2772.4
38678,1832
38679,1769.6
38680,2283.6
38681,1447.2
38682,1207.5
38683,917
38684,1004.9
38685,588.1
38686,434.8
38687,440.1
38688,432.9
38689,439.4
38690,432.2
38691,439.6
38692,432.1
38693,579.2
38694,525.9
38695,1097.8
38696,1846.7
38697,1997.5
38698,2048.1
38699,2424.2
38700,2897.2
38701,2765.9
38702,1829.3
38703,1765.7
38704,2276.4
38705,1446.6
38706,1203.2
38707,916.2
38708,1003.4
38709,584.1
38710,437.9
38711,439
38712,433.6
38713,438
38714,433.1
38715,437.9
38716,432.8
38717,577.5
38718,524.7
38719,719
38720,905.4
38721,1189.7
38722,1102.1
38723,1280.1
38724,1153.3
38725,1097.9
38726,911.6
38727,816.4
38728,860.9
38729,534.6
38730,528.3
38731,533.5
38732,523.9
38733,627.4
38734,441
38735,432.3
38736,391.7
38737,386
38738,380.6
38739,395.5
38740,381.9
38741,531.8
38742,383.5
38743,394.9
38744,382.4
38745,393.1
38746,383.6
38747,484.5
38748,476.5
38749,624.9
38750,486.8
38751,387.1
38752,387.4
38753,388.9
38754,381.5
38755,394.5
38756,382.8
38757,532
38758,384.1
38759,394.1
38760,429
38761,439.4
38762,429.1
38763,439.4
38764,429.1
38765,577.2
38766,530.5
38767,1084.1
38768,1834.8
38769,1984.4
38770,2034.2
38771,2407
38772,2876.9
38773,2746.5
38774,1817.7
38775,1754
38776,2259.4
38777,1439.1
38778,1191.5
38779,913.2
38780,998.7
38781,575
38782,443.5
38783,427.2
38784,441
38785,426.5
38786,440.8
38787,426.6
38788,441
38789,574
38790,524
38791,1079.9
38792,1833.5
38793,1985.9
38794,2028
38795,2403.4
38796,2867.4
38797,2737.2
38798,1812
38799,1750.7
38800,2260.2
38801,1436.8
38802,1186.4
38803,907.5
38804,994.3
38805,584.2
38806,435.8
38807,433.5
38808,434
38809,432.7
38810,433.4
38811,432.7
38812,433.4
38813,568.9
38814,531.1
38815,1078.5
38816,1826.5
38817,1974.9
38818,2030.3
38819,2392.5
38820,2865.3
38821,2733.6
38822,1807
38823,1746.3
38824,2251.8
38825,1429.9
38826,1192.1
38827,906
38828,993.5
38829,579
38830,435.3
38831,435.4
38832,430.8
38833,434.8
38834,430.2
38835,434.9
38836,430.1
38837,573
38838,521.2
38839,1079.6
38840,1823.8
38841,1974.5
38842,2019.3
38843,2392.5
38844,2854.1
38845,2724.6
38846,1804.3
38847,1742.7
38848,2249.3
38849,1431.4
38850,1181.5
38851,904.1
38852,990
38853,583.9
38854,430.3
38855,436.2
38856,433.8
38857,430.7
38858,430.7
38859,433.2
38860,432.3
38861,567.1
38862,529.5
38863,1074.2
38864,1818.4
38865,1965.5
38866,2020
38867,2382.1
38868,2851.7
38869,2720.8
38870,1800.9
38871,1738.6
38872,2238.6
38873,1427.3
38874,1180
38875,905
38876,993.4
38877,572.1
38878,440.3
38879,425.5
38880,438.1
38881,425.2
38882,437.5
38883,425.2
38884,437.3
38885,569.7
38886,522.1
38887,709.2
38888,893.4
38889,1167.7
38890,1086.1
38891,1266.9
38892,1128.2
38893,1086.1
38894,902.5
38895,801.9
38896,848.1
38897,530.8
38898,527.5
38899,518
38900,529.5
38901,617.6
38902,430.5
38903,434.9
38904,382.5
38905,386.8
38906,382.9
38907,377.4
38908,391.8
38909,519.1
38910,389.1
38911,378.1
38912,391.4
38913,379.4
38914,389.7
38915,470.5
38916,481.9
38917,614.8
38918,477.1
38919,388
38920,383.5
38921,377.8
38922,391.5
38923,379.1
38924,389.7
38925,515.3
38926,392.3
38927,379.9
38928,434.7
38929,425.7
38930,435.1
38931,425.7
38932,435.5
38933,560
38934,528.7
38935,1067.4
38936,1806.4
38937,1955.3
38938,2007.5
38939,2364.7
38940,2831.7
38941,2701.8
38942,1787.3
38943,1727.2
38944,2224.6
38945,1416.7
38946,1174.6
38947,900.2
38948,985.4
38949,568.8
38950,438.8
38951,423.6
38952,436.8
38953,423.2
38954,436.2
38955,423.5
38956,436
38957,563.1
38958,523.1
38959,1064.7
38960,1802.4
38961,1954.6
38962,1999.9
38963,2361.7
38964,2824.6
38965,2694.3
38966,1783.1
38967,1723.5
38968,2221.6
38969,1411.5
38970,1176.3
38971,896.8
38972,981.7
38973,568.8
38974,436.9
38975,429
38976,430.3
38977,425.4
38978,433
38979,422.2
38980,436.1
38981,566.7
38982,517.5
38983,1062.4
38984,1800.6
38985,1950.1
38986,1993.8
38987,2357.5
38988,2817.6
38989,2687.6
38990,1779.2
38991,1719.8
38992,2217.3
38993,1407.7
38994,1175
38995,894.1
38996,979.8
38997,568.9
38998,435
38999,424.8
39000,432.9
39001,428.6
39002,428.5
39003,423.1
39004,434.5
39005,566.2
39006,516.3
39007,1060.2
39008,1796.4
39009,1946.1
39010,1989.5
39011,2352
39012,2811.3
39013,2681.5
39014,1775.4
39015,1716
39016,2211.5
39017,1405.8
39018,1170.4
39019,894.3
39020,977.5
39021,565.6
39022,437.7
39023,421.6
39024,435.5
39025,420.9
39026,434.4
39027,421.1
39028,434.9
39029,564.8
39030,516.3
39031,1058.5
39032,1790.6
39033,1941.7
39034,1986.7
39035,2345.1
39036,2805.1
39037,2676.7
39038,1771.5
39039,1712.2
39040,2204.9
39041,1404.9
39042,1162.9
39043,892.1
39044,980.7
39045,566.1
39046,435.7
39047,422.5
39048,433.1
39049,422
39050,433.6
39051,422.1
39052,432.8
39053,554.7
39054,525.5
39055,700.3
39056,881.5
39057,1151.5
39058,1066.1
39059,1253
39060,1112.9
39061,1065.4
39062,887.1
39063,795.6
39064,838.7
39065,528.2
39066,516.1
39067,519.3
39068,521.6
39069,601.7
39070,434.9
39071,421
39072,389.3
39073,376.4
39074,386.3
39075,377.8
39076,383.7
39077,511.5
39078,387.3
39079,379
39080,377.7
39081,385.1
39082,375
39083,477.5
39084,466.5
39085,610.5
39086,478.2
39087,378.8
39088,384.8
39089,379.2
39090,376.3
39091,387.3
39092,375.1
39093,521.1
39094,376.9
39095,388.1
39096,420.5
39097,431.7
39098,420.5
39099,432.3
39100,420.7
39101,564.4
39102,519.4
39103,1053.7
39104,1779.2
39105,1923.9
39106,1970
39107,2334.1
39108,2783.3
39109,2657.3
39110,1759.9
39111,1701.3
39112,2194.5
39113,1391.3
39114,1163.8
39115,885.5
39116,969.6
39117,566
39118,430.9
39119,427.9
39120,424.6
39121,426.1
39122,425.5
39123,420.4
39124,430.9
39125,561.6
39126,512.6
39127,1050.1
39128,1775.7
39129,1924.6
39130,1969.5
39131,2323.5
39132,2779.7
39133,2652.5
39134,1757.1
39135,1698
39136,2183.3
39137,1395.8
39138,1152
39139,883.4
39140,967.6
39141,573
39142,430.9
39143,422.8
39144,428.6
39145,422.2
39146,427.5
39147,422.5
39148,428
39149,554.1
39150,520.3
39151,1048.7
39152,1771.6
39153,1915.2
39154,1962.8
39155,2322.6
39156,2770.6
39157,2645.4
39158,1752.4
39159,1694
39160,2187.5
39161,1385.5
39162,1157.4
39163,882
39164,965.7
39165,569.7
39166,423.6
39167,428.7
39168,421.6
39169,428.1
39170,421.3
39171,427.7
39172,421.7
39173,560.7
39174,509.7
39175,1049.4
39176,1767.9
39177,1916
39178,1958.8
39179,2314.8
39180,2766.9
39181,2640.6
39182,1749.3
39183,1690.4
39184,2173.7
39185,1390.2
39186,1147.4
39187,880.1
39188,963.6
39189,571.6
39190,429.8
39191,421.5
39192,427.6
39193,421.3
39194,426.6
39195,421.8
39196,426.2
39197,552.6
39198,518.7
39199,1045
39200,1764
39201,1907.2
39202,1953.3
39203,2313.6
39204,2758.4
39205,2633.8
39206,1744.2
39207,1687.7
39208,2176.5
39209,1378.9
39210,1154.8
39211,878.9
39212,962.3
39213,562
39214,429.1
39215,425.3
39216,422.9
39217,421.8
39218,425.4
39219,416.6
39220,430.9
39221,557.8
39222,510.1
39223,692.4
39224,870.3
39225,1135.3
39226,1053.8
39227,1233.9
39228,1097.3
39229,1050.9
39230,875.7
39231,785.5
39232,828.3
39233,522.7
39234,508.9
39235,516.4
39236,516
39237,595.5
39238,432.3
39239,417.7
39240,385.3
39241,374.2
39242,381.7
39243,375.2
39244,377.9
39245,509.6
39246,383.1
39247,376.6
39248,371.5
39249,385.7
39250,373.1
39251,471.3
39252,461.5
39253,604.1
39254,472.8
39255,377.4
39256,378.2
39257,379.2
39258,372.3
39259,384.7
39260,373.7
39261,514.5
39262,375.6
39263,383.2
39264,418.3
39265,426.5
39266,418.8
39267,426.2
39268,419
39269,557.5
39270,506.6
39271,1042.6
39272,1752.3
39273,1899.6
39274,1942.4
39275,2294
39276,2742.7
39277,2617.3
39278,1736.4
39279,1675.9
39280,2156.2
39281,1378
39282,1139.6
39283,874.1
39284,956.3
39285,567.3
39286,417.7
39287,429.2
39288,416.2
39289,428.5
39290,416
39291,428
39292,416.2
39293,558
39294,514
39295,1037.3
39296,1748.9
39297,1892.1
39298,1937
39299,2292.6
39300,2736
39301,2611.5
39302,1730.7
39303,1673
39304,2150.7
39305,1376.3
39306,1136.4
39307,872.2
39308,955
39309,566.6
39310,426.3
39311,419.7
39312,420
39313,423.1
39314,419.4
39315,423.5
39316,414.7
39317,557.7
39318,514.4
39319,1035.2
39320,1745.9
39321,1887.5
39322,1932.7
39323,2289.4
39324,2729.1
39325,2605.8
39326,1727.3
39327,1669.7
39328,2146.4
39329,1373.3
39330,1134.1
39331,870.8
39332,954.3
39333,565.1
39334,426.6
39335,418.4
39336,424.5
39337,418.1
39338,423.4
39339,418.5
39340,423.2
39341,547.8
39342,514.7
39343,1033.1
39344,1741.9
39345,1884.2
39346,1928.7
39347,2284.8
39348,2723.3
39349,2600.3
39350,1723.8
39351,1666.3
39352,2142.4
39353,1370.1
39354,1131.9
39355,869.3
39356,952.9
39357,564
39358,426.3
39359,417.7
39360,424.1
39361,417.5
39362,423.1
39363,417.9
39364,422.8
39365,546.9
39366,514
39367,1031.4
39368,1738.9
39369,1879.8
39370,1924.8
39371,2280
39372,2717.6
39373,2594.9
39374,1720.4
39375,1663
39376,2137.2
39377,1368.5
39378,1130
39379,867.7
39380,949.3
39381,565
39382,425.2
39383,417.8
39384,423
39385,417.7
39386,421.3
39387,418.9
39388,419.6
39389,548.6
39390,512.3
39391,676.4
39392,858.8
39393,1129
39394,1039.1
39395,1209.1
39396,1090.4
39397,1040.3
39398,865.1
39399,775.6
39400,817.4
39401,508.3
39402,512.8
39403,501.1
39404,514
39405,597.8
39406,418.3
39407,424.2
39408,373.1
39409,378.2
39410,373.9
39411,368.9
39412,382.7
39413,498.3
39414,385.3
39415,370.2
39416,380.6
39417,371.8
39418,379.2
39419,458.6
39420,466.7
39421,587.3
39422,471.3
39423,371.1
39424,381.9
39425,371.5
39426,379.5
39427,372.8
39428,371.4
39429,507.7
39430,376.2
39431,377.3
39432,411.8
39433,425.6
39434,412.4
39435,425.4
39436,412.8
39437,553.5
39438,509.8
39439,1026.1
39440,1728
39441,1869.6
39442,1913.7
39443,2262.8
39444,2701.8
39445,2578.7
39446,1712.5
39447,1651
39448,2127.4
39449,1359.3
39450,1125.2
39451,863.4
39452,945
39453,559.9
39454,416.5
39455,424.4
39456,372.2
39457,376.9
39458,372.9
39459,367.6
39460,381.8
39461,496.8
39462,384.7
39463,369
39464,381.7
39465,370.6
39466,379
39467,457.2
39468,465.6
39469,585.1
39470,470.4
39471,370.2
39472,380.9
39473,370.4
39474,378.8
39475,372
39476,376
39477,502
39478,376.1
39479,376
39480,410.8
39481,424.7
39482,411.4
39483,425
39484,411.8
39485,552.2
39486,508.4
39487,1022.4
39488,1721
39489,1862.9
39490,1906.4
39491,2253
39492,2691
39493,2568.2
39494,1705
39495,1644.4
39496,2121.3
39497,1350.7
39498,1125
39499,860.5
39500,941.9
39501,557.4
39502,416.8
39503,421.3
39504,415
39505,420.2
39506,415.4
39507,419.5
39508,415.6
39509,548.8
39510,501.1
39511,1019.7
39512,1719.1
39513,1859.3
39514,1907.3
39515,2247
39516,2684.5
39517,2563.7
39518,1700.5
39519,1644.2
39520,2116
39521,1348.9
39522,1119
39523,859.1
39524,947.4
39525,550.9
39526,423.8
39527,413.5
39528,421.7
39529,413.3
39530,420.6
39531,414
39532,420
39533,541.1
39534,509.1
39535,1018.5
39536,1715.7
39537,1854.5
39538,1898.9
39539,2248.2
39540,2679.6
39541,2558.2
39542,1698
39543,1640.3
39544,2109.2
39545,1349.9
39546,1117
39547,857.8
39548,938.3
39549,557.3
39550,414.6
39551,421.4
39552,413.1
39553,420.7
39554,412.9
39555,420.9
39556,413.4
39557,548
39558,498.5
39559,678.2
39560,849.6
39561,1106.4
39562,1029.8
39563,1200.5
39564,1069.8
39565,1024.9
39566,855.1
39567,767.8
39568,808.7
39569,512
39570,497.5
39571,508.6
39572,503.8
39573,586.5
39574,422.7
39575,413.4
39576,376.8
39577,371.1
39578,365.9
39579,379.4
39580,367.7
39581,505.7
39582,369.5
39583,378.3
39584,369.1
39585,376.3
39586,370.7
39587,460.4
39588,456.7
39589,590.4
39590,456.3
39591,379.7
39592,369.2
39593,376.1
39594,370.8
39595,365.7
39596,380.7
39597,493.8
39598,382.7
39599,367.2
39600,421.6
39601,410.4
39602,420.9
39603,411.1
39604,420.8
39605,537.2
39606,508.3
39607,1013.5
39608,1706.6
39609,1844.3
39610,1888.3
39611,2236.2
39612,2664.4
39613,2544.3
39614,1688.2
39615,1631.9
39616,2097
39617,1342.9
39618,1111.4
39619,853.7
39620,933.8
39621,554.9
39622,413.4
39623,419.5
39624,412
39625,418.9
39626,412.1
39627,418.4
39628,412.4
39629,545.7
39630,497.2
39631,1011.3
39632,1703.8
39633,1843
39634,1889.5
39635,2226.2
39636,2659.3
39637,2539.7
39638,1685.3
39639,1629.6
39640,2093.3
39641,1340.6
39642,1108.5
39643,852.3
39644,932.6
39645,555.2
39646,418.4
39647,414.2
39648,410.6
39649,419.8
39650,408.1
39651,421.9
39652,408.5
39653,548.4
39654,503.8
39655,1010.7
39656,1698.5
39657,1839.8
39658,1882.1
39659,2221.4
39660,2655.4
39661,2533.8
39662,1681.2
39663,1626.1
39664,2095.8
39665,1331.8
39666,1111.9
39667,851.6
39668,934.6
39669,545.3
39670,421.9
39671,410.1
39672,419.7
39673,410.2
39674,418.1
39675,410.7
39676,418.4
39677,536.4
39678,506.1
39679,1008.6
39680,1697.6
39681,1834.6
39682,1878.6
39683,2222.4
39684,2649.6
39685,2529.3
39686,1680.2
39687,1620.2
39688,2091.2
39689,1329.2
39690,1112.8
39691,850
39692,929.6
39693,544.7
39694,421.8
39695,407.1
39696,421.7
39697,407.4
39698,420.8
39699,407.9
39700,419.9
39701,534
39702,506.4
39703,1007
39704,1695
39705,1831.4
39706,1875.1
39707,2220.6
39708,2645.3
39709,2526.2
39710,1676.6
39711,1620.2
39712,2082.9
39713,1332.7
39714,1105.5
39715,848.7
39716,928.3
39717,551.6
39718,412.6
39719,416.8
39720,411.3
39721,416.5
39722,411.4
39723,414.9
39724,412.5
39725,542.5
39726,496
39727,671.2
39728,840.7
39729,1094.3
39730,1014.3
39731,1189.9
39732,1058.6
39733,1014.1
39734,846.2
39735,759.8
39736,800.2
39737,498.9
39738,503.1
39739,502.1
39740,494.9
39741,587.3
39742,410.2
39743,420
39744,366.4
39745,375.7
39746,367.1
39747,373.5
39748,368.7
39749,498.9
39750,370.8
39751,363.7
39752,378
39753,365.4
39754,375.7
39755,450
39756,460.5
39757,575.3
39758,464.7
39759,365.5
39760,377.4
39761,365.8
39762,375.1
39763,367.5
39764,372.8
39765,493.7
39766,375
39767,369.2
39768,405.7
39769,419.4
39770,406.4
39771,419.6
39772,407
39773,543.6
39774,500.4
39775,1003.6
39776,1682.6
39777,1824.8
39778,1868.2
39779,2200.4
39780,2631.7
39781,2513.3
39782,1668.5
39783,1613.5
39784,2072.5
39785,1327.2
39786,1098.2
39787,845
39788,924.4
39789,550.5
39790,412
39791,415.7
39792,406
39793,419
39794,406.2
39795,419.2
39796,406.7
39797,543.1
39798,497.4
39799,1004.5
39800,1679.8
39801,1821.8
39802,1865
39803,2197.3
39804,2627.3
39805,2509.2
39806,1665.9
39807,1611
39808,2068.3
39809,1326.1
39810,1096.6
39811,844.1
39812,923
39813,551
39814,407.2
39815,419.1
39816,406.3
39817,419.1
39818,406.3
39819,418
39820,406.8
39821,542.2
39822,494.4
39823,1004.6
39824,1676.6
39825,1819
39826,1863.9
39827,2193.7
39828,2623
39829,2505.2
39830,1663.4
39831,1608.4
39832,2064.4
39833,1324.7
39834,1095.3
39835,842.9
39836,921.4
39837,550.2
39838,408
39839,418.1
39840,407
39841,416.9
39842,407
39843,416.3
39844,407.6
39845,540.8
39846,491.1
39847,1004.9
39848,1673
39849,1816.3
39850,1861
39851,2192
39852,2619.7
39853,2501.3
39854,1660.9
39855,1605.7
39856,2061.7
39857,1322.1
39858,1094.3
39859,841.7
39860,920.7
39861,548.1
39862,409.4
39863,415.5
39864,408
39865,415
39866,408.3
39867,414.5
39868,408.6
39869,539.9
39870,491.9
39871,996.7
39872,1676.6
39873,1811.1
39874,1857.3
39875,2193.2
39876,2615
39877,2497.4
39878,1658.3
39879,1602.4
39880,2059.7
39881,1316.8
39882,1096.3
39883,840.5
39884,919.5
39885,545
39886,412.4
39887,413.1
39888,409.9
39889,403.8
39890,418.5
39891,404.6
39892,417.8
39893,531.3
39894,499.7
39895,664.9
39896,833
39897,1083.8
39898,1004.7
39899,1172.3
39900,1053.1
39901,1004.7
39902,838.2
39903,752.8
39904,792.4
39905,495.5
39906,500
39907,488.9
39908,501.6
39909,581.4
39910,410.3
39911,413.8
39912,367.4
39913,361.3
39914,376
39915,363.2
39916,373.4
39917,487.6
39918,376
39919,364.8
39920,370.7
39921,366.6
39922,361.6
39923,458.1
39924,447.9
39925,580.6
39926,458.5
39927,366.9
39928,370.5
39929,367.4
39930,362.3
39931,375
39932,364.1
39933,497.5
39934,366.1
39935,371.9
39936,406.7
39937,412.6
39938,408.1
39939,410
39940,410.7
39941,537.4
39942,491.3
39943,993
39944,1669.5
39945,1803.4
39946,1846.8
39947,2185.9
39948,2603.5
39949,2484.8
39950,1652.1
39951,1592.2
39952,2055
39953,1305.9
39954,1097.2
39955,837.5
39956,916.4
39957,536.5
39958,418.6
39959,404.8
39960,415.7
39961,405
39962,414.5
39963,405.6
39964,414.3
39965,528.8
39966,500.2
39967,992
39968,1666.9
39969,1801.2
39970,1844.3
39971,2178.1
39972,2599.1
39973,2480.5
39974,1648.1
39975,1595.1
39976,2049.9
39977,1310.3
39978,1086.1
39979,836.6
39980,914.7
39981,547
39982,413
39983,409.4
39984,402.6
39985,417.1
39986,403.2
39987,416.9
39988,403.7
39989,538.8
39990,495.9
39991,991.8
39992,1659.8
39993,1800.4
39994,1844.9
39995,2172
39996,2596
39997,2479.5
39998,1647.1
39999,1592.4
40000,2044.1
40001,1311.3
40002,1086
40003,835.8
40004,913.5
40005,544.6
40006,408.5
40007,412
40008,407.1
40009,411.8
40010,407.5
40011,408.9
40012,410.3
40013,535.3
40014,490.8
40015,989.3
40016,1663
40017,1796.4
40018,1838.5
40019,2177.9
40020,2591.4
40021,2473.8
40022,1644.2
40023,1585.9
40024,2049.4
40025,1301.9
40026,1088.5
40027,833.8
40028,915.3
40029,539.4
40030,415.6
40031,405.7
40032,413
40033,406.1
40034,411.2
40035,406.6
40036,411.3
40037,529.3
40038,497.2
40039,989
40040,1660.1
40041,1794.6
40042,1837.3
40043,2165.3
40044,2589.3
40045,2473.1
40046,1643
40047,1588.7
40048,2038.4
40049,1308.8
40050,1083.1
40051,833.9
40052,911.7
40053,544.2
40054,406.2
40055,413.7
40056,405.1
40057,412.5
40058,405.6
40059,411.4
40060,406.3
40061,535.8
40062,488.4
40063,660.7
40064,826.5
40065,1074.2
40066,996.1
40067,1167.8
40068,1039.6
40069,996.1
40070,831.6
40071,747.1
40072,786.8
40073,491.1
40074,497.6
40075,492.1
40076,492.2
40077,577.7
40078,407.3
40079,412.3
40080,364.7
40081,364.8
40082,368.9
40083,360.8
40084,373
40085,484.2
40086,375
40087,362.5
40088,370.6
40089,364.3
40090,361.9
40091,453.6
40092,451.9
40093,570.2
40094,456.2
40095,364.9
40096,369.3
40097,365.3
40098,360.3
40099,373.6
40100,362.2
40101,494.4
40102,364.2
40103,370.1
40104,404.7
40105,410.5
40106,405.9
40107,408
40108,408.7
40109,533.6
40110,488.6
40111,984.6
40112,1655.5
40113,1787.8
40114,1830.4
40115,2166.6
40116,2578.2
40117,2461.2
40118,1635.8
40119,1579.8
40120,2037.9
40121,1297.7
40122,1080.3
40123,829.7
40124,911.3
40125,542.7
40126,413.3
40127,405.4
40128,410.7
40129,406.2
40130,408.3
40131,407.9
40132,401
40133,537.1
40134,494.3
40135,984.8
40136,1649.4
40137,1787.1
40138,1831
40139,2155.5
40140,2575.9
40141,2462.1
40142,1635.4
40143,1581.1
40144,2029.3
40145,1300.3
40146,1081
40147,830.4
40148,908.2
40149,537.2
40150,411.3
40151,406.8
40152,409.5
40153,401
40154,414.8
40155,401.6
40156,413.5
40157,523.6
40158,498.1
40159,983.1
40160,1651.8
40161,1783.9
40162,1826.6
40163,2157.7
40164,2572.7
40165,2455.5
40166,1633
40167,1580.1
40168,2028.2
40169,1300.4
40170,1076.9
40171,829.9
40172,907.1
40173,543.1
40174,403.4
40175,414
40176,402.1
40177,413.2
40178,402.7
40179,412.5
40180,403
40181,534
40182,485.3
40183,984.5
40184,1647.6
40185,1782.3
40186,1827.4
40187,2156.9
40188,2571.3
40189,2454.2
40190,1632
40191,1572.9
40192,2031.4
40193,1291
40194,1082.7
40195,828.3
40196,908.6
40197,534.4
40198,413.9
40199,403.3
40200,411.6
40201,403.9
40202,410
40203,404.6
40204,409.3
40205,526.9
40206,494.5
40207,982.1
40208,1646.9
40209,1780.9
40210,1823.5
40211,2148.4
40212,2568.6
40213,2453.4
40214,1630.5
40215,1576.4
40216,2022.9
40217,1297.9
40218,1076.6
40219,828.2
40220,905.7
40221,538.6
40222,408.2
40223,408.5
40224,406.2
40225,400
40226,413.8
40227,401
40228,413.5
40229,522.3
40230,497.2
40231,655.8
40232,821.1
40233,1067.6
40234,989.8
40235,1150
40236,1039.3
40237,991.2
40238,826.2
40239,740.3
40240,775.7
40241,499.7
40242,492.7
40243,485.9
40244,494.1
40245,565
40246,414.9
40247,401.2
40248,372.5
40249,361.1
40250,369.2
40251,363
40252,358.6
40253,493.8
40254,360.2
40255,372.8
40256,360
40257,370.8
40258,361.9
40259,450.4
40260,444.4
40261,574.3
40262,444.3
40263,373.1
40264,361.2
40265,369.2
40266,363.1
40267,358.1
40268,373.5
40269,480.9
40270,374.4
40271,360.1
40272,411.1
40273,402.1
40274,411.2
40275,402.8
40276,410.7
40277,524.2
40278,494.4
40279,979.4
40280,1643.3
40281,1775.6
40282,1818
40283,2142.1
40284,2560.4
40285,2447.5
40286,1626.2
40287,1572.2
40288,2017.2
40289,1295.1
40290,1073.2
40291,826.4
40292,903.5
40293,539
40294,406.2
40295,408.1
40296,405.4
40297,399.2
40298,414
40299,399.9
40300,413.7
40301,523
40302,495.1
40303,978
40304,1642.8
40305,1774
40306,1816.4
40307,2145
40308,2557.5
40309,2441.3
40310,1624.8
40311,1571.4
40312,2014.9
40313,1295.3
40314,1071.6
40315,825.9
40316,902.9
40317,540.4
40318,403.3
40319,411.3
40320,402.2
40321,410.3
40322,402.8
40323,409.6
40324,403.3
40325,531.3
40326,485.1
40327,977.4
40328,1641.2
40329,1772.5
40330,1814.7
40331,2147.8
40332,2554.7
40333,2439
40334,1621
40335,1569.1
40336,2017.6
40337,1290.1
40338,1070.3
40339,825.3
40340,902.2
40341,541.1
40342,400.9
40343,413.2
40344,399.9
40345,412.6
40346,400.5
40347,411.8
40348,401.2
40349,532.4
40350,482.7
40351,981.5
40352,1635.6
40353,1772.2
40354,1817.8
40355,2141.4
40356,2555
40357,2438
40358,1621.3
40359,1563.2
40360,2019.6
40361,1284.9
40362,1072.1
40363,822.9
40364,903.5
40365,538.7
40366,411.3
40367,403.1
40368,408.6
40369,403.9
40370,401.9
40371,410.1
40372,399.2
40373,533.2
40374,491.5
40375,976.9
40376,1633.9
40377,1770.8
40378,1814.5
40379,2137.8
40380,2553.1
40381,2438.6
40382,1620.9
40383,1563.3
40384,2015.2
40385,1282.4
40386,1078.5
40387,824.1
40388,901.3
40389,530.8
40390,412.3
40391,401.4
40392,410.3
40393,402.1
40394,409.2
40395,402.8
40396,408.5
40397,524
40398,492.6
40399,644.8
40400,816.2
40401,1070.1
40402,986.2
40403,1145.2
40404,1026.2
40405,983.8
40406,822.7
40407,739.8
40408,778.5
40409,496
40410,482.9
40411,493
40412,481.8
40413,574.4
40414,408.1
40415,406.3
40416,358.6
40417,371.7
40418,359.5
40419,370
40420,361.4
40421,489.9
40422,363.3
40423,366.2
40424,363.5
40425,358.5
40426,370.6
40427,440.3
40428,451.9
40429,561.3
40430,455.8
40431,359.2
40432,371.5
40433,359.8
40434,368.9
40435,361.6
40436,365.8
40437,484.2
40438,361.3
40439,371
40440,398.6
40441,412
40442,400
40443,410.9
40444,400.8
40445,531.1
40446,482.1
40447,978.1
40448,1631.9
40449,1767.3
40450,1811.1
40451,2138.6
40452,2548
40453,2430.5
40454,1616.4
40455,1560.8
40456,2012.9
40457,1283.8
40458,1066.9
40459,823.2
40460,899.3
40461,540.2
40462,409.2
40463,403.9
40464,398.3
40465,413
40466,398.9
40467,411.7
40468,399.7
40469,531.8
40470,483.8
40471,979.4
40472,1628.8
40473,1766.7
40474,1810.1
40475,2135.4
40476,2546.7
40477,2430.4
40478,1616.3
40479,1558.1
40480,2013.2
40481,1281.2
40482,1068.6
40483,820.4
40484,901
40485,538.4
40486,410.1
40487,402.8
40488,404.4
40489,406.4
40490,397.8
40491,412.8
40492,398.6
40493,532.3
40494,490.7
40495,974.5
40496,1628.3
40497,1765.6
40498,1809.1
40499,2132.7
40500,2545.4
40501,2430.4
40502,1616.3
40503,1557.3
40504,2011.5
40505,1279.3
40506,1070.9
40507,820.4
40508,900.4
40509,534.9
40510,410.6
40511,402.2
40512,407.9
40513,402.7
40514,407.1
40515,403.6
40516,397.9
40517,532.3
40518,490.6
40519,973.9
40520,1628.8
40521,1764.7
40522,1808.2
40523,2130.3
40524,2543.4
40525,2430.9
40526,1615.5
40527,1557.2
40528,2008.8
40529,1278.9
40530,1072.6
40531,820.5
40532,899.9
40533,532
40534,411.2
40535,401.4
40536,408.9
40537,402.1
40538,407.2
40539,403.1
40540,400.2
40541,529.5
40542,491.5
40543,973.5
40544,1629.1
40545,1765.5
40546,1805.8
40547,2128.3
40548,2543.1
40549,2429.1
40550,1614.9
40551,1557.5
40552,2007.4
40553,1277.3
40554,1074.4
40555,820.7
40556,899.6
40557,529.7
40558,411.6
40559,401.1
40560,409
40561,401.6
40562,407.2
40563,402.4
40564,404
40565,525.7
40566,490.9
40567,641.5
40568,815.5
40569,1064.2
40570,985.1
40571,1141.7
40572,1023.1
40573,980.8
40574,820.3
40575,737.7
40576,776.4
40577,494.3
40578,482.8
40579,491.1
40580,481.7
40581,572
40582,400.7
40583,412.1
40584,358.5
40585,370.9
40586,359.8
40587,367.1
40588,361.8
40589,487.3
40590,364.1
40591,356.9
40592,371.3
40593,358.9
40594,368.6
40595,440.5
40596,450
40597,561
40598,453.9
40599,359.7
40600,369.3
40601,360.3
40602,366.7
40603,362.3
40604,357.4
40605,492.3
40606,359.4
40607,370.3
40608,399.2
40609,409.2
40610,400.6
40611,408.3
40612,401.2
40613,529.5
40614,482.1
40615,971.9
40616,1631.3
40617,1761.5
40618,1803.5
40619,2134.2
40620,2537.9
40621,2423
40622,1610.7
40623,1560.8
40624,2002.9
40625,1284.5
40626,1064.5
40627,821
40628,897.1
40629,538.1
40630,400.9
40631,410.7
40632,399.6
40633,409.7
40634,400.7
40635,408.1
40636,401.3
40637,529.4
40638,482
40639,971.7
40640,1630.9
40641,1761.1
40642,1803
40643,2133.6
40644,2537.2
40645,2422.4
40646,1610.4
40647,1560.4
40648,2002.3
40649,1284.3
40650,1064.3
40651,820.9
40652,896.9
40653,537.9
40654,401
40655,410.3
40656,399.7
40657,409.4
40658,400.8
40659,407.9
40660,401.3
40661,529.2
40662,482
40663,971.5
40664,1630.5
40665,1760.8
40666,1802.7
40667,2133
40668,2536.7
40669,2421.8
40670,1610.4
40671,1560.1
40672,2001.6
40673,1284.4
40674,1064.1
40675,820.4
40676,897.2
40677,537.7
40678,400.8
40679,410.4
40680,399.9
40681,409.1
40682,400.9
40683,408.5
40684,401.4
40685,529.1
40686,482.1
40687,971
40688,1630.7
40689,1760.5
40690,1802.4
40691,2132.3
40692,2536.3
40693,2421.4
40694,1610.5
40695,1559.9
40696,2001
40697,1284.6
40698,1064
40699,820.3
40700,897.1
40701,537.4
40702,401.2
40703,409.8
40704,400.1
40705,409.3
40706,400.9
40707,408.4
40708,401.4
40709,528.8
40710,482.5
40711,970.9
40712,1630.5
40713,1760.3
40714,1802.2
40715,2131.7
40716,2536.1
40717,2421.2
40718,1610.7
40719,1559.7
40720,2000.3
40721,1284.9
40722,1063.9
40723,820.1
40724,897.1
40725,537.3
40726,401.2
40727,409.7
40728,400.3
40729,408.9
40730,401
40731,408.2
40732,401.6
40733,528.6
40734,482.8
40735,651.3
40736,814.2
40737,1056.9
40738,980.3
40739,1145.3
40740,1025.6
40741,980.3
40742,818.9
40743,735.8
40744,774.5
40745,487.6
40746,490.4
40747,481.1
40748,491.9
40749,564.1
40750,410.1
40751,397.3
40752,372.5
40753,358
40754,369.3
40755,359.9
40756,366.2
40757,481.5
40758,368.3
40759,362.4
40760,357.3
40761,370.2
40762,359.1
40763,448.6
40764,440.9
40765,570.7
40766,440.9
40767,372.3
40768,358.8
40769,368.4
40770,360.8
40771,361.4
40772,366.1
40773,479.7
40774,371.2
40775,357.8
40776,409.7
40777,399.6
40778,409.1
40779,400.4
40780,408.1
40781,520.7
40782,492.2
40783,971.8
40784,1629.4
40785,1760.4
40786,1802.4
40787,2123.6
40788,2537.7
40789,2425.7
40790,1612.3
40791,1558.8
40792,1999.9
40793,1278.6
40794,1070.4
40795,820.1
40796,897
40797,527.3
40798,412.8
40799,399.1
40800,410.3
40801,399.8
40802,409.2
40803,400.6
40804,408.3
40805,521.1
40806,491.8
40807,971.9
40808,1629.5
40809,1760.1
40810,1803
40811,2123.8
40812,2538.8
40813,2424.9
40814,1612.4
40815,1558.6
40816,2000.4
40817,1278.1
40818,1071
40819,820.2
40820,896.8
40821,527.5
40822,412.5
40823,399.4
40824,409.8
40825,400.1
40826,409.6
40827,401
40828,408.3
40829,521.1
40830,491.5
40831,971.6
40832,1630
40833,1760.8
40834,1802.8
40835,2124.1
40836,2539
40837,2425.2
40838,1612.5
40839,1558.3
40840,2001.1
40841,1277.8
40842,1071.6
40843,820.3
40844,896.9
40845,527.7
40846,412.6
40847,399.6
40848,409.7
40849,400.3
40850,409.1
40851,401
40852,408.3
40853,521.4
40854,491.6
40855,971.8
40856,1630.3
40857,1761
40858,1803.1
40859,2124.5
40860,2539.4
40861,2425.6
40862,1612.7
40863,1558.3
40864,2001.7
40865,1277.7
40866,1072
40867,820.4
40868,897
40869,527.9
40870,412.5
40871,399.5
40872,409.2
40873,400.4
40874,409
40875,401.2
40876,408.2
40877,521.4
40878,491.8
40879,972.4
40880,1630.2
40881,1761.4
40882,1803.5
40883,2124.9
40884,2539.9
40885,2426.1
40886,1613.1
40887,1559.1
40888,2001.6
40889,1277.8
40890,1072.3
40891,820.5
40892,897.3
40893,528
40894,412.5
40895,399.8
40896,409.7
40897,400.6
40898,408.8
40899,401.2
40900,408.2
40901,521.7
40902,491.6
40903,645.4
40904,810.7
40905,1066.7
40906,982.1
40907,1140.3
40908,1022.8
40909,980.2
40910,820
40911,737.4
40912,775.6
40913,495.3
40914,481.8
40915,492
40916,480.3
40917,572.9
40918,407.2
40919,405.2
40920,357.6
40921,370.9
40922,359.1
40923,368.7
40924,360.9
40925,488.4
40926,363.1
40927,359.4
40928,368.2
40929,358.1
40930,370.8
40931,439.4
40932,450.9
40933,560.2
40934,454.7
40935,358.8
40936,370.6
40937,359.4
40938,368.2
40939,361.5
40940,358.7
40941,490
40942,358.4
40943,371.9
40944,358.4
40945,368.6
40946,360.3
40947,366.1
40948,362.5
40949,484.7
40950,366.6
40951,357.4
40952,370.6
40953,359.4
40954,368.2
40955,441
40956,449.7
40957,561.6
40958,453.6
40959,360.2
40960,368.8
40961,360.8
40962,366.2
40963,362.8
40964,357.9
40965,490.7
40966,359.7
40967,370.2
40968,399.5
40969,409.8
40970,401
40971,408.9
40972,401.8
40973,529.6
40974,483.1
40975,972.4
40976,1633.2
40977,1763.4
40978,1805.3
40979,2135.8
40980,2540.7
40981,2425.6
40982,1612.8
40983,1562.4
40984,2004.7
40985,1286
40986,1065.5
40987,821.5
40988,898.3
40989,538.4
40990,401
40991,410.9
40992,400.3
40993,409.8
40994,401
40995,408.5
40996,402
40997,529.5
40998,482.9
40999,972.8
41000,1634
41001,1764.1
41002,1806.1
41003,2137.4
41004,2541.9
41005,2426.7
41006,1612.9
41007,1562.7
41008,2006.5
41009,1285.5
41010,1065.9
41011,822.1
41012,898.3
41013,538.9
41014,400.6
41015,411.4
41016,399.7
41017,410.7
41018,400.5
41019,409.8
41020,401.5
41021,530.2
41022,482.5
41023,973.9
41024,1634
41025,1764.9
41026,1807.3
41027,2138.2
41028,2543.9
41029,2427.9
41030,1614.1
41031,1561.9
41032,2008.8
41033,1284.7
41034,1066.1
41035,822.2
41036,898.7
41037,539.4
41038,400.1
41039,412.5
41040,399.1
41041,411.6
41042,400
41043,410.7
41044,400.8
41045,531
41046,482
41047,977.2
41048,1632.2
41049,1765.8
41050,1810.7
41051,2137.1
41052,2546.4
41053,2429.3
41054,1615.5
41055,1560.6
41056,2011.5
41057,1283.7
41058,1066.5
41059,822.5
41060,899.3
41061,539.5
41062,406.2
41063,406.7
41064,398.2
41065,412.6
41066,399.3
41067,411.7
41068,399.9
41069,531.7
41070,483
41071,653.1
41072,817
41073,1060
41074,986.7
41075,1150.4
41076,1025.7
41077,983.1
41078,821.8
41079,738.6
41080,777.4
41081,485.4
41082,494.1
41083,489.9
41084,484.8
41085,572
41086,403.4
41087,409.9
41088,361.6
41089,367.2
41090,362.7
41091,357.7
41092,371.7
41093,479.6
41094,373.4
41095,359.8
41096,368.9
41097,361.6
41098,365.8
41099,444
41100,448.8
41101,564.6
41102,452.8
41103,362.7
41104,368.1
41105,363.3
41106,358
41107,371
41108,359.9
41109,490.2
41110,362
41111,368.1
41112,402
41113,408.2
41114,403.8
41115,406.4
41116,405.4
41117,529.5
41118,485.6
41119,975.7
41120,1637.9
41121,1769
41122,1811.1
41123,2140.4
41124,2549.6
41125,2433.6
41126,1619.5
41127,1567.1
41128,2009.7
41129,1291.4
41130,1068.2
41131,824.4
41132,900.5
41133,539.1
41134,402.5
41135,410.5
41136,401.3
41137,410
41138,402.1
41139,409.7
41140,403
41141,530.6
41142,484.4
41143,976.1
41144,1639
41145,1770.1
41146,1812.2
41147,2144.8
41148,2551
41149,2435.4
41150,1618.7
41151,1567.2
41152,2014.3
41153,1288.7
41154,1069.1
41155,824.3
41156,901
41157,540.5
41158,400.8
41159,413.1
41160,399.8
41161,412.3
41162,400.9
41163,411.3
41164,401.7
41165,532
41166,483
41167,983.3
41168,1634
41169,1771.7
41170,1816.1
41171,2144
41172,2555.3
41173,2437.8
41174,1621.3
41175,1563.4
41176,2019.8
41177,1285.6
41178,1072.5
41179,821.9
41180,903.4
41181,539.8
41182,410.2
41183,403.7
41184,407.6
41185,405
41186,399
41187,413.8
41188,399.7
41189,533.7
41190,492.2
41191,978.4
41192,1636.1
41193,1776.6
41194,1814.5
41195,2141.4
41196,2557.2
41197,2442.5
41198,1623.1
41199,1566.4
41200,2018
41201,1284.3
41202,1080.2
41203,825.3
41204,902.5
41205,531
41206,413.6
41207,401.7
41208,410.7
41209,402.5
41210,410.2
41211,403.2
41212,409.4
41213,524.5
41214,494.5
41215,978.9
41216,1642.1
41217,1774.4
41218,1816.8
41219,2140.7
41220,2559.4
41221,2444.6
41222,1624.9
41223,1571
41224,2015.8
41225,1292.2
41226,1074.5
41227,825.8
41228,902.9
41229,532.6
41230,411.8
41231,399.3
41232,414
41233,400.2
41234,413.3
41235,400.9
41236,412.3
41237,522.5
41238,496.2
41239,655.2
41240,819.5
41241,1066.3
41242,988.5
41243,1148.5
41244,1034.5
41245,992.4
41246,825
41247,735.3
41248,777.9
41249,499.4
41250,491
41251,487
41252,492.7
41253,565.2
41254,414.7
41255,401.4
41256,370.4
41257,362
41258,368.4
41259,364.2
41260,358.9
41261,494.9
41262,360.8
41263,371.9
41264,360.8
41265,368.7
41266,363
41267,449.5
41268,445.6
41269,573.4
41270,445.3
41271,371.9
41272,362.1
41273,368
41274,363.9
41275,359
41276,372.5
41277,481.6
41278,373.6
41279,360.9
41280,410.4
41281,403.3
41282,411.7
41283,404
41284,409.3
41285,526
41286,494.9
41287,981.2
41288,1645.8
41289,1779.5
41290,1821.7
41291,2146.4
41292,2566.4
41293,2451.2
41294,1629.2
41295,1575.1
41296,2021.1
41297,1297.1
41298,1075.3
41299,827.7
41300,905
41301,539.2
41302,406.9
41303,408.8
41304,405.7
41305,400.2
41306,414.7
41307,400.7
41308,414.2
41309,523.9
41310,496.9
41311,981.6
41312,1648.4
41313,1780.5
41314,1823.1
41315,2153.7
41316,2567.4
41317,2450.5
41318,1630.1
41319,1577.2
41320,2023.9
41321,1298.4
41322,1075
41323,828.5
41324,905.6
41325,542.7
41326,403
41327,413.5
41328,402.2
41329,412.6
41330,402.9
41331,411.9
41332,403.6
41333,534.3
41334,485.6
41335,983.5
41336,1649
41337,1782.2
41338,1827.2
41339,2157.8
41340,2571.6
41341,2454.1
41342,1631.9
41343,1573.1
41344,2032.3
41345,1291.3
41346,1081.7
41347,828.1
41348,908.6
41349,536
41350,414
41351,403.5
41352,411.4
41353,404.5
41354,410.8
41355,405.2
41356,406.1
41357,530.6
41358,495.2
41359,983.9
41360,1650.1
41361,1785.2
41362,1827.3
41363,2153.2
41364,2574.3
41365,2458.8
41366,1633.3
41367,1580.4
41368,2027.2
41369,1301.1
41370,1078
41371,829.9
41372,907.4
41373,540.6
41374,407.2
41375,410.1
41376,406
41377,405.4
41378,410.9
41379,401
41380,414.7
41381,531.5
41382,490.7
41383,984.3
41384,1653.5
41385,1786.1
41386,1828.7
41387,2162
41388,2575.6
41389,2458.6
41390,1633.2
41391,1582
41392,2032.8
41393,1299.7
41394,1077.8
41395,830.7
41396,908.1
41397,542.9
41398,404.6
41399,414.6
41400,401.3
41401,415.2
41402,402.2
41403,414.5
41404,402.9
41405,536.2
41406,487.3
41407,658.5
41408,825.3
41409,1071.6
41410,999.9
41411,1161.2
41412,1036.7
41413,993.7
41414,830.2
41415,745.9
41416,785.8
41417,498.6
41418,488.8
41419,495
41420,486.8
41421,577.8
41422,404.4
41423,415.1
41424,361.8
41425,372.3
41426,363.2
41427,369.8
41428,365
41429,492.4
41430,367.2
41431,360.1
41432,373.9
41433,362.1
41434,371.6
41435,444.8
41436,454.5
41437,567.5
41438,458.5
41439,362.4
41440,372.7
41441,362.9
41442,370.2
41443,364.9
41444,359.7
41445,496.4
41446,361.8
41447,373.5
41448,402
41449,415.1
41450,403.6
41451,414
41452,404.3
41453,536.7
41454,486.7
41455,990.6
41456,1655.9
41457,1793.7
41458,1838.1
41459,2168.1
41460,2586.4
41461,2470.3
41462,1641.1
41463,1584
41464,2039.6
41465,1299.9
41466,1089.1
41467,833
41468,911.2
41469,533.7
41470,417.6
41471,403
41472,414.9
41473,403.7
41474,414.6
41475,404.4
41476,413.9
41477,527
41478,499.2
41479,988.8
41480,1660.8
41481,1794.5
41482,1837.4
41483,2169.6
41484,2588.9
41485,2470.7
41486,1642.8
41487,1589.2
41488,2040.8
41489,1307.1
41490,1082.6
41491,833.8
41492,911.8
41493,545.7
41494,404
41495,415.6
41496,402.9
41497,415.9
41498,403.6
41499,415.8
41500,404.3
41501,538.4
41502,486.9
41503,995.8
41504,1658.7
41505,1798.5
41506,1842.7
41507,2171.7
41508,2593
41509,2476.6
41510,1645.2
41511,1590.6
41512,2042
41513,1307
41514,1087.9
41515,834.7
41516,913
41517,539.5
41518,412.7
41519,405.5
41520,413.5
41521,402.8
41522,416.8
41523,403.5
41524,416.1
41525,526.9
41526,500.9
41527,990.7
41528,1665.3
41529,1799
41530,1842
41531,2178.6
41532,2595.3
41533,2477.5
41534,1645.8
41535,1590.7
41536,2050.5
41537,1305.8
41538,1086.8
41539,834.5
41540,916.6
41541,544.1
41542,415
41543,406.9
41544,412.3
41545,407.9
41546,411.9
41547,408.6
41548,403.7
41549,539.3
41550,498.2
41551,992.4
41552,1665.4
41553,1803
41554,1845
41555,2174.3
41556,2600.1
41557,2483.4
41558,1649.6
41559,1595.1
41560,2046.7
41561,1313.9
41562,1086.9
41563,836.9
41564,915.1
41565,546.1
41566,406.8
41567,414.8
41568,405.3
41569,415.6
41570,406.2
41571,414.4
41572,406.9
41573,538.5
41574,489.8
41575,664.3
41576,831.1
41577,1080.6
41578,1002
41579,1175.5
41580,1045.5
41581,1001.7
41582,836.6
41583,751.4
41584,791.2
41585,493.7
41586,499.8
41587,497.1
41588,490.8
41589,581.2
41590,407.2
41591,416
41592,364.4
41593,372.3
41594,365.6
41595,370.5
41596,367.5
41597,494.5
41598,369.9
41599,362.4
41600,374.9
41601,364.2
41602,372.6
41603,447.9
41604,456.7
41605,571.7
41606,460.8
41607,364.5
41608,374
41609,364.9
41610,371.7
41611,366.8
41612,361.6
41613,499.4
41614,363.7
41615,375.9
41616,404.2
41617,417.5
41618,405.8
41619,416
41620,406.7
41621,540
41622,489.9
41623,1000
41624,1670.9
41625,1811.2
41626,1855.7
41627,2186.7
41628,2611.4
41629,2494.1
41630,1656.4
41631,1601.3
41632,2055.9
41633,1318.4
41634,1091.7
41635,839.7
41636,918.4
41637,547.2
41638,409.4
41639,415.4
41640,408
41641,413.5
41642,409.2
41643,412.9
41644,409.9
41645,539
41646,493
41647,996.7
41648,1676.9
41649,1811.4
41650,1856.2
41651,2194.8
41652,2615.5
41653,2497.6
41654,1658.9
41655,1602.8
41656,2060.1
41657,1315
41658,1097.9
41659,841.2
41660,919.7
41661,539.9
41662,417.7
41663,404.2
41664,418.8
41665,405.4
41666,418.4
41667,406
41668,417.7
41669,530
41670,503.9
41671,998.3
41672,1679.3
41673,1814.4
41674,1857.6
41675,2199.1
41676,2618.4
41677,2499.8
41678,1661.3
41679,1602
41680,2068.8
41681,1313.1
41682,1103.3
41683,841.8
41684,921.1
41685,539.1
41686,420.1
41687,405.9
41688,417.7
41689,407.1
41690,417.3
41691,407.6
41692,416.7
41693,532
41694,503
41695,1000
41696,1681.6
41697,1817.1
41698,1860.6
41699,2200
41700,2623.1
41701,2503.8
41702,1662.9
41703,1605.1
41704,2073.3
41705,1316.1
41706,1101.8
41707,843.2
41708,924.5
41709,540.9
41710,419
41711,407.3
41712,417.7
41713,408.2
41714,416.8
41715,408.7
41716,416.2
41717,533.3
41718,502.9
41719,1001.4
41720,1683.7
41721,1820.5
41722,1863.6
41723,2202
41724,2627.7
41725,2507.9
41726,1665.1
41727,1609.2
41728,2075.4
41729,1319.3
41730,1101.3
41731,843.7
41732,926.5
41733,543.3
41734,419.2
41735,408.1
41736,416.9
41737,409
41738,416.7
41739,409.6
41740,416
41741,534.4
41742,503.3
41743,664.5
41744,835.7
41745,1098.2
41746,1012.4
41747,1177.1
41748,1057.4
41749,1017.8
41750,843.8
41751,753.2
41752,793.7
41753,508.9
41754,500.8
41755,494.1
41756,502.3
41757,575.1
41758,423
41759,406.3
41760,378.1
41761,365.6
41762,376.3
41763,367.3
41764,373.2
41765,493.5
41766,375.3
41767,369
41768,363.9
41769,378.6
41770,365.6
41771,459.4
41772,450.5
41773,586.6
41774,459.8
41775,371
41776,364.3
41777,377.2
41778,366
41779,374.9
41780,367.7
41781,499.8
41782,369.8
41783,372.7
41784,369.5
41785,364.7
41786,377.4
41787,366.4
41788,375.1
41789,492.8
41790,377.3
41791,368
41792,372.9
41793,369.8
41794,364.7
41795,461
41796,449.8
41797,587.8
41798,461.8
41799,369.9
41800,365.7
41801,377.4
41802,365
41803,376.9
41804,366.7
41805,501.7
41806,368.5
41807,374.9
41808,409.8
41809,416.9
41810,411.6
41811,416.2
41812,412.3
41813,543.6
41814,496.2
41815,1006.6
41816,1695.3
41817,1831.6
41818,1879.5
41819,2217.6
41820,2645.7
41821,2526.7
41822,1677.1
41823,1621.3
41824,2082.2
41825,1334.7
41826,1104
41827,849
41828,928.7
41829,552.6
41830,410.5
41831,419.6
41832,409.2
41833,419.4
41834,410.1
41835,418.8
41836,410.6
41837,545.1
41838,495.2
41839,1012
41840,1696
41841,1840.3
41842,1880.6
41843,2217.1
41844,2650.3
41845,2531.1
41846,1679.8
41847,1624.4
41848,2086.8
41849,1335.5
41850,1105.6
41851,849.9
41852,929.9
41853,554
41854,413.4
41855,417.2
41856,408.3
41857,421.5
41858,407.9
41859,422.1
41860,408.3
41861,547.5
41862,503.9
41863,1010.9
41864,1698.8
41865,1840.3
41866,1882
41867,2222.4
41868,2656
41869,2534.3
41870,1681.6
41871,1626.4
41872,2096.2
41873,1332
41874,1112.3
41875,851.8
41876,934.6
41877,545.4
41878,421.9
41879,410.1
41880,419.5
41881,411.1
41882,419.5
41883,411.6
41884,419.1
41885,537.7
41886,507.4
41887,1012
41888,1703.8
41889,1841.4
41890,1885.5
41891,2231.7
41892,2659.8
41893,2539.2
41894,1687.3
41895,1626.4
41896,2096.8
41897,1337.2
41898,1113.4
41899,852.5
41900,933
41901,552.9
41902,414.8
41903,417.8
41904,413
41905,417.9
41906,414
41907,415.2
41908,416.6
41909,545.7
41910,499.5
41911,675.5
41912,847.1
41913,1103.3
41914,1022.4
41915,1199.8
41916,1067.1
41917,1022.1
41918,852.6
41919,765.5
41920,806.2
41921,508.8
41922,499
41923,505.8
41924,497
41925,591.6
41926,411.4
41927,423.2
41928,367
41929,379.5
41930,368.3
41931,377.4
41932,370
41933,504
41934,371.9
41935,375.4
41936,371.5
41937,366.4
41938,379.9
41939,452.2
41940,465.4
41941,589.4
41942,458.8
41943,376.6
41944,371.6
41945,366.4
41946,379.8
41947,368.1
41948,378
41949,495.9
41950,380.6
41951,369.6
41952,418.7
41953,413.9
41954,419.3
41955,414.3
41956,418.9
41957,541.2
41958,508.2
41959,1017.2
41960,1712.9
41961,1851.5
41962,1896
41963,2242.7
41964,2675.3
41965,2553.7
41966,1696.4
41967,1635.3
41968,2108.5
41969,1346.7
41970,1116.4
41971,856.5
41972,937.5
41973,555.3
41974,415.6
41975,419.1
41976,414.1
41977,419.8
41978,415
41979,419.1
41980,415.5
41981,547.7
41982,500.8
41983,1017.9
41984,1716.3
41985,1856
41986,1904.1
41987,2243.6
41988,2680
41989,2559.4
41990,1697.7
41991,1641.6
41992,2111.6
41993,1347.1
41994,1116.3
41995,858
41996,942
41997,555.9
41998,422.9
41999,413.5
42000,420.7
42001,414.4
42002,420.7
42003,414.8
42004,419.9
42005,542.6
42006,510.1
42007,1020.5
42008,1719.2
42009,1858.4
42010,1903
42011,2252.5
42012,2685.7
42013,2563.8
42014,1701.8
42015,1643.7
42016,2113.7
42017,1352.6
42018,1119.1
42019,859.3
42020,940.4
42021,557.9
42022,414.9
42023,422.1
42024,413.5
42025,421.9
42026,414.4
42027,421.2
42028,414.8
42029,550.3
42030,500.5
42031,1025
42032,1721.3
42033,1865.4
42034,1910.5
42035,2249.2
42036,2692.5
42037,2568.8
42038,1703.5
42039,1646.9
42040,2124.8
42041,1347
42042,1129.5
42043,860.8
42044,942.4
42045,548.8
42046,427
42047,411.5
42048,424.7
42049,412.4
42050,424.2
42051,412.8
42052,425.2
42053,540.7
42054,513.2
42055,1023.6
42056,1726
42057,1865.2
42058,1912.7
42059,2260
42060,2696
42061,2574.5
42062,1707.4
42063,1650.8
42064,2122.1
42065,1356.9
42066,1121.8
42067,862.1
42068,944.2
42069,560.9
42070,423.5
42071,415.6
42072,421.5
42073,416.3
42074,420.7
42075,417.6
42076,415.7
42077,549.8
42078,511.2
42079,675.2
42080,855.7
42081,1124.6
42082,1035.6
42083,1204.9
42084,1086.4
42085,1036.7
42086,862.7
42087,773.2
42088,814.9
42089,507.2
42090,511.1
42091,499.8
42092,513
42093,595.5
42094,418.2
42095,422.2
42096,373.1
42097,377.6
42098,374.4
42099,368.9
42100,382.7
42101,498.5
42102,385.1
42103,370.2
42104,380.3
42105,371.8
42106,378.9
42107,458.8
42108,466.8
42109,587.6
42110,471
42111,371.3
42112,381.1
42113,371.7
42114,379
42115,373.2
42116,370.7
42117,509.2
42118,378
42119,376
42120,412.2
42121,426.7
42122,413.7
42123,426.4
42124,414.1
42125,555
42126,511.6
42127,1030.1
42128,1735
42129,1877.2
42130,1922.3
42131,2272.9
42132,2713.7
42133,2590.1
42134,1718.8
42135,1659.6
42136,2134.6
42137,1364.9
42138,1129.3
42139,866.5
42140,948.5
42141,562.2
42142,416.2
42143,425.7
42144,414.9
42145,425.6
42146,415.7
42147,425.3
42148,416.1
42149,554.8
42150,502.8
42151,1039.9
42152,1736.3
42153,1884
42154,1925.8
42155,2275.9
42156,2719.8
42157,2595.5
42158,1723.1
42159,1661.3
42160,2140.8
42161,1367.7
42162,1131.3
42163,868
42164,950.1
42165,563.3
42166,417.4
42167,425.4
42168,416
42169,425.5
42170,416.8
42171,425.2
42172,417.1
42173,555.3
42174,503.8
42175,1039.5
42176,1740.8
42177,1888
42178,1930.3
42179,2280.1
42180,2725.7
42181,2601.1
42182,1726.5
42183,1664.7
42184,2145.3
42185,1370.4
42186,1133.4
42187,869.5
42188,951.8
42189,564
42190,417.8
42191,426.1
42192,416.3
42193,426.2
42194,417.1
42195,425.9
42196,417.4
42197,556.3
42198,504.3
42199,1042.6
42200,1744
42201,1892
42202,1933.6
42203,2285.6
42204,2731.4
42205,2606.7
42206,1729.6
42207,1669.3
42208,2148
42209,1373.1
42210,1135.3
42211,871.2
42212,953.5
42213,565.1
42214,417.4
42215,427.5
42216,415.9
42217,427.7
42218,416.7
42219,427.4
42220,417
42221,557.6
42222,509.3
42223,1041.7
42224,1748.4
42225,1893.7
42226,1937.5
42227,2292.5
42228,2736.9
42229,2612.4
42230,1731.3
42231,1673.4
42232,2151.4
42233,1376
42234,1137.3
42235,872.6
42236,955.1
42237,565.5
42238,420.7
42239,424.8
42240,416.9
42241,427.9
42242,415.6
42243,429.6
42244,415.8
42245,559.3
42246,516.2
42247,680.2
42248,867.3
42249,1141
42250,1049
42251,1220.9
42252,1101.8
42253,1049.3
42254,872.7
42255,782.4
42256,825
42257,511.1
42258,516.6
42259,512.7
42260,509.6
42261,602.7
42262,420.2
42263,427.8
42264,374.3
42265,382.5
42266,375.5
42267,380.6
42268,377.1
42269,512.4
42270,378.9
42271,371.5
42272,385.8
42273,373
42274,383.2
42275,461.3
42276,472.6
42277,600.4
42278,468.5
42279,379.9
42280,379
42281,372.3
42282,384.8
42283,373.8
42284,382.9
42285,505.5
42286,385.8
42287,374.9
42288,425.7
42289,420.5
42290,426.7
42291,420.7
42292,426.4
42293,551.5
42294,518.2
42295,1042.9
42296,1760.8
42297,1903.6
42298,1950
42299,2309
42300,2753.1
42301,2628.8
42302,1741.7
42303,1684
42304,2172.1
42305,1376.8
42306,1152.7
42307,877.5
42308,961.3
42309,559.1
42310,430.9
42311,419.3
42312,428
42313,416.8
42314,431.6
42315,417
42316,431.4
42317,558.5
42318,511.4
42319,1044.1
42320,1764.6
42321,1910.9
42322,1959.3
42323,2306.8
42324,2762.2
42325,2635.4
42326,1747.9
42327,1686
42328,2172.8
42329,1386.8
42330,1146.4
42331,879
42332,962.4
42333,569.6
42334,419.9
42335,430.4
42336,418
42337,430.9
42338,418.8
42339,430.6
42340,419
42341,562.3
42342,517.9
42343,1047.6
42344,1768.3
42345,1912
42346,1957.8
42347,2319.4
42348,2765.5
42349,2640.4
42350,1749.3
42351,1691
42352,2178.1
42353,1386.1
42354,1152.2
42355,882.8
42356,966.7
42357,560.3
42358,432.8
42359,418.5
42360,430.4
42361,419.3
42362,430.9
42363,419.5
42364,431.6
42365,551.1
42366,522.6
42367,1048.5
42368,1772
42369,1916.6
42370,1968.3
42371,2317.3
42372,2774.6
42373,2647.2
42374,1755.1
42375,1693.3
42376,2182.9
42377,1392.5
42378,1150.9
42379,882.2
42380,966
42381,571.6
42382,420.8
42383,432.1
42384,419.2
42385,431.9
42386,419.9
42387,431.7
42388,420.1
42389,563.8
42390,519.4
42391,1051.6
42392,1775.8
42393,1920.2
42394,1966.1
42395,2329.7
42396,2776.8
42397,2653
42398,1756.6
42399,1698.1
42400,2190.2
42401,1388.8
42402,1161.8
42403,884
42404,968.6
42405,563.7
42406,431.7
42407,426.5
42408,425.1
42409,424.4
42410,428.3
42411,418.8
42412,433.9
42413,562.2
42414,513.9
42415,698.7
42416,878.4
42417,1146.7
42418,1067
42419,1243.9
42420,1108.2
42421,1063.8
42422,885.4
42423,788.8
42424,835.7
42425,527.2
42426,519.6
42427,512.4
42428,521.2
42429,607.1
42430,428.2
42431,427.4
42432,381.3
42433,374.9
42434,388
42435,376.3
42436,387.1
42437,510.1
42438,388.8
42439,377.3
42440,385.3
42441,378.7
42442,377.2
42443,473.9
42444,475.2
42445,601.1
42446,480.5
42447,377.5
42448,386.1
42449,377.5
42450,385
42451,378.9
42452,376.3
42453,520.1
42454,381.7
42455,383.5
42456,419.3
42457,434.1
42458,420.7
42459,433.7
42460,420.9
42461,433.6
42462,563.1
42463,516.8
42464,1056.4
42465,1787.2
42466,1937.6
42467,1983.2
42468,2340.1
42469,2799.6
42470,2671.5
42471,1768.3
42472,1708.9
42473,2199
42474,1404
42475,1158.9
42476,890.1
42477,979.5
42478,568
42479,434.2
42480,422.3
42481,432.6
42482,423
42483,432.7
42484,423.2
42485,433.1
42486,556.3
42487,525.9
42488,1058.9
42489,1791.2
42490,1937.4
42491,1990.3
42492,2343.5
42493,2806.6
42494,2677.6
42495,1774.5
42496,1712.7
42497,2203.4
42498,1407.7
42499,1161.6
42500,890.2
42501,976.5
42502,575.4
42503,433.8
42504,424.2
42505,432.3
42506,424.9
42507,432.2
42508,425.1
42509,432
42510,558.5
42511,526.2
42512,1061.4
42513,1795.2
42514,1940.6
42515,1993.4
42516,2350.3
42517,2812.4
42518,2683.8
42519,1779.1
42520,1716
42521,2209.3
42522,1410.4
42523,1164.1
42524,892.2
42525,977.1
42526,577.7
42527,433.8
42528,425.3
42529,432.3
42530,426
42531,432.2
42532,426.1
42533,432.1
42534,559.9
42535,526.1
42536,1063.5
42537,1799
42538,1945
42539,1997.2
42540,2356.2
42541,2818.6
42542,2690
42543,1783.1
42544,1719.9
42545,2214
42546,1413.4
42547,1166.5
42548,893.6
42549,979.2
42550,578.5
42551,434.7
42552,425.6
42553,433.2
42554,426.3
42555,433.1
42556,426.4
42557,433
42558,560.5
42559,527.3
42560,1065.7
42561,1803.1
42562,1949.2
42563,2002.8
42564,2360.3
42565,2826.1
42566,2696.3
42567,1786.3
42568,1723.9
42569,2218.2
42570,1416.7
42571,1168.6
42572,895.4
42573,985.6
42574,574.5
42575,437.1
42576,425
42577,389.4
42578,380.8
42579,387
42580,382.2
42581,377.4
42582,525.9
42583,381.3
42584,389.9
42585,378.2
42586,390.5
42587,379.5
42588,479.4
42589,470.7
42590,616.9
42591,481.8
42592,382.8
42593,380.5
42594,387.7
42595,377.9
42596,391
42597,379.2
42598,524.7
42599,380.9
42600,389.8
42601,380.5
42602,387.8
42603,381.8
42604,387.6
42605,383.2
42606,523.3
42607,384.8
42608,383.4
42609,386.5
42610,378.2
42611,390.6
42612,469.3
42613,483
42614,615.5
42615,475.8
42616,390.6
42617,382.2
42618,386.3
42619,383.7
42620,377.9
42621,391.7
42622,513.9
42623,394.7
42624,378.6
42625,436.2
42626,425.5
42627,437.1
42628,425.6
42629,437.1
42630,565
42631,527
42632,1071.6
42633,1814.8
42634,1967.8
42635,2014.1
42636,2378.9
42637,2845.1
42638,2713.1
42639,1795.3
42640,1735.3
42641,2239.7
42642,1418
42643,1185.9
42644,901.2
42645,987.2
42646,579.2
42647,430.3
42648,435.3
42649,428.8
42650,436
42651,428.8
42652,435.9
42653,428.8
42654,572.4
42655,519.5
42656,1081.7
42657,1818.6
42658,1969.2
42659,2014.6
42660,2387.9
42661,2848.2
42662,2719.8
42663,1801.3
42664,1739.3
42665,2244.4
42666,1428
42667,1179.3
42668,902.5
42669,988.6
42670,581.8
42671,432.4
42672,433.2
42673,430.7
42674,434.1
42675,430.5
42676,434.2
42677,430.3
42678,570.1
42679,531
42680,1076.6
42681,1823
42682,1971.1
42683,2025.4
42684,2387.7
42685,2859.6
42686,2728
42687,1804.3
42688,1742.9
42689,2245.9
42690,1428.7
42691,1186.6
42692,907.6
42693,991.7
42694,572.9
42695,441.3
42696,429.2
42697,436.6
42698,429.9
42699,436.5
42700,430
42701,436.4
42702,573.1
42703,523
42704,1079
42705,1829.5
42706,1981.5
42707,2024
42708,2398.6
42709,2861.6
42710,2731.7
42711,1808.2
42712,1747.2
42713,2256.1
42714,1434.1
42715,1184.3
42716,906.1
42717,992.6
42718,584.5
42719,431.2
42720,436.6
42721,429.9
42722,437.2
42723,430
42724,437
42725,430.1
42726,573.3
42727,532.7
42728,1081
42729,1831.1
42730,1979.9
42731,2035.1
42732,2398.8
42733,2872.9
42734,2740.8
42735,1811.3
42736,1750.6
42737,2258.1
42738,1432.5
42739,1195.2
42740,908.2
42741,995.3
42742,582.9
42743,433.3
42744,436.1
42745,431.6
42746,436.7
42747,431.6
42748,436.8
42749,431.5
42750,575.8
42751,523.1
42752,716.8
42753,902.1
42754,1185.8
42755,1097.3
42756,1275
42757,1148.8
42758,1093.8
42759,908.2
42760,813.4
42761,857.8
42762,530.9
42763,529
42764,531.4
42765,522.6
42766,625
42767,440.4
42768,431.4
42769,389
42770,388.1
42771,381.3
42772,394.3
42773,382.5
42774,531.5
42775,384.1
42776,394.3
42777,383
42778,392.8
42779,384.3
42780,483.9
42781,477.2
42782,624.6
42783,486.5
42784,387.6
42785,380.9
42786,395.2
42787,382.2
42788,393.9
42789,383.4
42790,530.9
42791,385
42792,393.2
42793,430.2
42794,440.1
42795,430.9
42796,440.2
42797,430.9
42798,578.8
42799,529.9
42800,1090.9
42801,1843.5
42802,1993.8
42803,2044.3
42804,2418.3
42805,2891.9
42806,2760.2
42807,1825.2
42808,1761.7
42809,2272.7
42810,1443.5
42811,1201.5
42812,914.2
42813,1001.6
42814,583.9
42815,437
42816,438.1
42817,433.7
42818,438.4
42819,433.7
42820,438.3
42821,433.6
42822,578.4
42823,525.8
42824,1096.1
42825,1848.3
42826,2000.1
42827,2046.4
42828,2426.4
42829,2896.1
42830,2766.7
42831,1831.4
42832,1766.2
42833,2275
42834,1449.4
42835,1199
42836,919
42837,1005
42838,577.9
42839,445.4
42840,428.7
42841,444.1
42842,430.6
42843,442.8
42844,433.6
42845,439.8
42846,578.8
42847,527.8
42848,1093.6
42849,1856.9
42850,2004.3
42851,2051.1
42852,2431.8
42853,2901.7
42854,2773.3
42855,1835.8
42856,1770.4
42857,2279.8
42858,1453.5
42859,1200
42860,920.2
42861,1008.9
42862,579.3
42863,445.7
42864,429.7
42865,398.1
42866,383.9
42867,396.5
42868,385
42869,394.5
42870,524.7
42871,397.1
42872,385.5
42873,393.9
42874,386.6
42875,392.3
42876,480.3
42877,488.2
42878,618.9
42879,493.4
42880,384.5
42881,396.9
42882,384.2
42883,395
42884,385.4
42885,394
42886,525.1
42887,397.3
42888,385.8
42889,441.1
42890,433.9
42891,442
42892,433.7
42893,442.1
42894,572.4
42895,539.5
42896,1096
42897,1859.6
42898,2017.2
42899,2064
42900,2442.2
42901,2915.7
42902,2782.6
42903,1844.4
42904,1777.4
42905,2294.5
42906,1459.3
42907,1203.2
42908,919.9
42909,1014.1
42910,586.7
42911,444.6
42912,432.6
42913,443.5
42914,433.1
42915,443.8
42916,432.9
42917,444.5
42918,575.5
42919,537.7
42920,724.8
42921,914.7
42922,1197.3
42923,1116.6
42924,1296.1
42925,1157.4
42926,1116.6
42927,921.1
42928,823.8
42929,869.7
42930,532.7
42931,539.7
42932,536.4
42933,529.5
42934,631.6
42935,437.3
42936,442.4
42937,385
42938,398.5
42939,385.4
42940,397.3
42941,386.5
42942,536.8
42943,388
42944,396.9
42945,386.8
42946,395.5
42947,388
42948,488.4
42949,482.5
42950,631.9
42951,490.7
42952,391.7
42953,384.2
42954,398.6
42955,385.4
42956,397.3
42957,386.5
42958,536.8
42959,388
42960,396.9
42961,434
42962,444.7
42963,434.6
42964,444.8
42965,434.4
42966,585.7
42967,538.9
42968,1103.9
42969,1872.1
42970,2024.9
42971,2081.2
42972,2455.4
42973,2940.7
42974,2802.5
42975,1851.5
42976,1789.4
42977,2314.3
42978,1468.2
42979,1211.7
42980,925.5
42981,1014.5
42982,595.2
42983,445
42984,436.3
42985,443.8
42986,436.7
42987,444
42988,436.5
42989,444.2
42990,576.5
42991,542.6
42992,1104.9
42993,1876
42994,2035.8
42995,2081.8
42996,2465
42997,2942
42998,2810.7
42999,1860.2
43000,1795
43001,2311.4
43002,1471.7
43003,1217.2
43004,932.2
43005,1017.8
43006,587.3
43007,446.4
43008,442.1
43009,438.9
43010,443
43011,438.7
43012,443.6
43013,438.5
43014,585.9
43015,532.4
43016,1115
43017,1881.7
43018,2033.8
43019,2086.4
43020,2468.5
43021,2954.2
43022,2817.9
43023,1860
43024,1796.6
43025,2325.2
43026,1471.2
43027,1219.9
43028,929.1
43029,1018.7
43030,596.8
43031,439
43032,444.3
43033,439.5
43034,442.9
43035,442.3
43036,440.4
43037,444.1
43038,579.7
43039,543.5
43040,1109.7
43041,1884.3
43042,2043.1
43043,2092.7
43044,2475.5
43045,2956.1
43046,2823.2
43047,1868.4
43048,1803.4
43049,2321.7
43050,1477.6
43051,1223.3
43052,934.8
43053,1021.9
43054,592.3
43055,444.2
43056,444
43057,439.6
43058,444.2
43059,439.4
43060,444.6
43061,439.1
43062,588.3
43063,533.5
43064,1121
43065,1888.9
43066,2043.3
43067,2096.8
43068,2478.6
43069,2968.4
43070,2829.1
43071,1867.8
43072,1805
43073,2335.1
43074,1480.7
43075,1221.3
43076,932.6
43077,1023.8
43078,598.2
43079,448.3
43080,437.7
43081,447.1
43082,438
43083,447.9
43084,437.7
43085,447.3
43086,579.1
43087,546.7
43088,734
43089,927
43090,1214.6
43091,1133.5
43092,1314
43093,1176.8
43094,1130
43095,933.2
43096,834.6
43097,881.3
43098,544.7
43099,538.6
43100,543.4
43101,533.5
43102,639.6
43103,449.8
43104,438.5
43105,399.3
43106,391.4
43107,397
43108,392.7
43109,387.6
43110,543.9
43111,398.3
43112,393.7
43113,387.7
43114,401.4
43115,388.7
43116,495.7
43117,487.1
43118,637.9
43119,498.8
43120,391
43121,400
43122,390.5
43123,398.3
43124,391.6
43125,394.9
43126,536.6
43127,400.6
43128,391.7
43129,446
43130,440.8
43131,447.1
43132,440.5
43133,447.4
43134,582.5
43135,547.2
43136,1118.2
43137,1900.6
43138,2063.9
43139,2108.3
43140,2498.2
43141,2983.3
43142,2851.2
43143,1883.1
43144,1816.9
43145,2347.7
43146,1484.6
43147,1237.1
43148,938.3
43149,1028.9
43150,601
43151,439.6
43152,450.1
43153,437.9
43154,450.5
43155,437.6
43156,451.1
43157,439.2
43158,592.5
43159,547.7
43160,1120.9
43161,1904.8
43162,2065.2
43163,2115.8
43164,2503.8
43165,2988.9
43166,2857.2
43167,1888.7
43168,1820.9
43169,2351.1
43170,1488.4
43171,1240.5
43172,940.1
43173,1031
43174,601.9
43175,441.1
43176,449.8
43177,439.3
43178,450.7
43179,439
43180,451.5
43181,438.7
43182,594.7
43183,547.4
43184,1123.2
43185,1909
43186,2068.2
43187,2121.6
43188,2509.1
43189,2995.7
43190,2863
43191,1893.2
43192,1824.8
43193,2356
43194,1491.8
43195,1242.9
43196,941.9
43197,1033
43198,602.7
43199,441.7
43200,450.4
43201,439.9
43202,451.3
43203,439.6
43204,452.1
43205,439.2
43206,595.6
43207,548.2
43208,1125.4
43209,1913
43210,2073
43211,2125.8
43212,2514.8
43213,3002.2
43214,2870
43215,1896.6
43216,1828.6
43217,2362.2
43218,1493.8
43219,1245.5
43220,943.6
43221,1034.8
43222,603.7
43223,441.5
43224,452.1
43225,439.6
43226,452.2
43227,439.3
43228,452.9
43229,441.1
43230,594.8
43231,549.9
43232,1127.4
43233,1916.9
43234,2079.5
43235,2128.5
43236,2520.2
43237,3009.8
43238,2876.9
43239,1898.8
43240,1831.7
43241,2370.4
43242,1498.3
43243,1243.8
43244,945.1
43245,1036.6
43246,605.6
43247,448.6
43248,445.6
43249,449.6
43250,443.8
43251,450
43252,443.4
43253,450.3
43254,587
43255,551.4
43256,742.5
43257,939.3
43258,1232
43259,1146.7
43260,1334.9
43261,1192.8
43262,1145.9
43263,945.5
43264,845.6
43265,892.4
43266,553.1
43267,541.4
43268,549.6
43269,541
43270,644.6
43271,454.6
43272,441.5
43273,403.3
43274,393.5
43275,402
43276,394.5
43277,400.9
43278,539.8
43279,404.6
43280,394.4
43281,401
43282,395.3
43283,393.5
43284,498.3
43285,500.2
43286,636.7
43287,505.5
43288,392.3
43289,405.2
43290,391.7
43291,403.6
43292,392.7
43293,402.8
43294,538
43295,406
43296,392.6
43297,452
43298,442.3
43299,454.1
43300,441.9
43301,453.5
43302,596.1
43303,544.7
43304,1133.9
43305,1934.3
43306,2090.6
43307,2140.7
43308,2534.8
43309,3035.7
43310,2891.2
43311,1909.5
43312,1846.9
43313,2381.3
43314,1511.9
43315,1249.6
43316,954.9
43317,1043.7
43318,606.1
43319,447.5
43320,450.9
43321,445.2
43322,451.7
43323,444.8
43324,452
43325,444.4
43326,599
43327,548
43328,1139.8
43329,1933.2
43330,2092.2
43331,2150.4
43332,2541.4
43333,3035.9
43334,2901.3
43335,1916.3
43336,1847.6
43337,2389
43338,1510.4
43339,1254.6
43340,952
43341,1044.4
43342,609.3
43343,451.5
43344,447.3
43345,452
43346,445.9
43347,452.4
43348,445.5
43349,452.8
43350,590.4
43351,554.9
43352,1137.7
43353,1938.4
43354,2103
43355,2147.6
43356,2547.2
43357,3047.5
43358,2905.6
43359,1915.5
43360,1853.6
43361,2394
43362,1517.9
43363,1251.4
43364,959.3
43365,1049.3
43366,602.5
43367,454.2
43368,452
43369,447.2
43370,451.9
43371,446.7
43372,453
43373,446.3
43374,600.5
43375,545.3
43376,1148.4
43377,1941.2
43378,2100.1
43379,2159.9
43380,2551.8
43381,3049
43382,2913.8
43383,1923.3
43384,1855.7
43385,2399.9
43386,1517.2
43387,1257.6
43388,955.4
43389,1048
43390,610.9
43391,455.1
43392,446
43393,454
43394,446.1
43395,454.4
43396,445.7
43397,455.6
43398,591.2
43399,557.2
43400,1141.7
43401,1948.8
43402,2109.8
43403,2157.6
43404,2556.7
43405,3062
43406,2915.6
43407,1926.6
43408,1862.4
43409,2400.2
43410,1522.9
43411,1263.9
43412,957.9
43413,1050.7
43414,610.5
43415,447.7
43416,454.8
43417,445.7
43418,455.8
43419,445.3
43420,456.3
43421,444.8
43422,604.2
43423,555.5
43424,748.4
43425,953.6
43426,1249.7
43427,1154.6
43428,1360.2
43429,1205.4
43430,1163.9
43431,958
43432,855.6
43433,903.9
43434,554.7
43435,551.4
43436,554.8
43437,544.6
43438,654.1
43439,458.5
43440,445.9
43441,407.7
43442,397
43443,404.9
43444,397.9
43445,403.8
43446,545.5
43447,407.7
43448,397.6
43449,404.2
43450,398.4
43451,397.7
43452,501.9
43453,505.2
43454,643.5
43455,510.5
43456,395.1
43457,408.9
43458,394.4
43459,407.9
43460,395.3
43461,407.6
43462,542.8
43463,410.8
43464,394.9
43465,456.6
43466,445.3
43467,458.4
43468,444.8
43469,458.9
43470,602.8
43471,548.9
43472,1154
43473,1959.9
43474,2117.5
43475,2176.4
43476,2571.6
43477,3076.3
43478,2937.1
43479,1939.5
43480,1870.4
43481,2419.6
43482,1529.5
43483,1266.3
43484,962.2
43485,1055.5
43486,615.2
43487,457.9
43488,447.6
43489,456.8
43490,447.6
43491,457
43492,447.1
43493,457.8
43494,601.7
43495,552.8
43496,1150.2
43497,1966.5
43498,2124.3
43499,2177.9
43500,2577.4
43501,3084.7
43502,2941.3
43503,1945.3
43504,1873.1
43505,2423.1
43506,1531.4
43507,1271.5
43508,963.8
43509,1057.6
43510,614.7
43511,457.6
43512,449.1
43513,456.5
43514,449.1
43515,457
43516,448.6
43517,457.7
43518,595.7
43519,561
43520,1152.1
43521,1968.8
43522,2129.4
43523,2181.6
43524,2582.8
43525,3091.9
43526,2946.5
43527,1948.9
43528,1877.5
43529,2427.4
43530,1534.1
43531,1274.6
43532,965.5
43533,1059.5
43534,616.4
43535,458
43536,449.9
43537,456.9
43538,449.8
43539,457.4
43540,449.3
43541,458
43542,596.6
43543,561.7
43544,1154.2
43545,1972.5
43546,2134.2
43547,2185.3
43548,2588
43549,3097.8
43550,2952.8
43551,1953
43552,1880.8
43553,2432.5
43554,1537.5
43555,1275.4
43556,967.1
43557,1061.2
43558,617.2
43559,459.1
43560,449.7
43561,458.1
43562,449.7
43563,458.6
43564,449.1
43565,458.7
43566,599.3
43567,560.3
43568,1155.9
43569,1978
43570,2136.8
43571,2191
43572,2592.8
43573,3102.5
43574,2960.2
43575,1955.2
43576,1884.2
43577,2439.2
43578,1541.8
43579,1274
43580,968.6
43581,1065.2
43582,616.5
43583,461
43584,448.8
43585,459.7
43586,448.8
43587,460.1
43588,448.2
43589,460.9
43590,607.3
43591,553.2
43592,760
43593,962.4
43594,1272.9
43595,1171.2
43596,1372.7
43597,1225.6
43598,1168.6
43599,971
43600,866.1
43601,916.9
43602,561.8
43603,560.6
43604,557.6
43605,554
43606,659.9
43607,451.3
43608,460.8
43609,398.2
43610,410.4
43611,398.2
43612,410.1
43613,399
43614,559.3
43615,400.2
43616,411
43617,398.5
43618,409.8
43619,399.3
43620,509.1
43621,499.7
43622,661
43623,513.2
43624,400.6
43625,409.1
43626,399.8
43627,408.2
43628,400.6
43629,407.3
43630,550.3
43631,411.3
43632,400.1
43633,408.3
43634,401.3
43635,407.4
43636,402.1
43637,400.1
43638,558
43639,410.5
43640,401.6
43641,406.8
43642,402.7
43643,399.2
43644,510.3
43645,510.2
43646,651.3
43647,515.6
43648,398.6
43649,412.4
43650,397.8
43651,411.5
43652,398.5
43653,410.5
43654,548.5
43655,414.6
43656,398
43657,461.7
43658,449.1
43659,463.1
43660,455.1
43661,457
43662,610.4
43663,554.1
43664,1173.7
43665,1986.7
43666,2149.3
43667,2211.6
43668,2613.6
43669,3124.5
43670,2985.6
43671,1964.4
43672,1899.7
43673,2456.3
43674,1555.1
43675,1285.5
43676,978.7
43677,1071.2
43678,620.4
43679,454.1
43680,460.6
43681,451.8
43682,461.6
43683,451.2
43684,462.2
43685,450.5
43686,613.2
43687,563.9
43688,1166.9
43689,1989.5
43690,2162.5
43691,2206.4
43692,2618.3
43693,3136.3
43694,2985.6
43695,1974.5
43696,1903.4
43697,2459.8
43698,1554.5
43699,1288.6
43700,976.6
43701,1071.8
43702,622.9
43703,462.9
43704,452.2
43705,462.5
43706,452.1
43707,462.1
43708,451.4
43709,462.7
43710,611
43711,557.4
43712,1171.2
43713,1999.1
43714,2157.7
43715,2219.1
43716,2622.3
43717,3135.4
43718,2997.4
43719,1972.4
43720,1904.3
43721,2467.2
43722,1560.5
43723,1287.8
43724,983.6
43725,1074.9
43726,621.3
43727,455.8
43728,461
43729,453.3
43730,462.2
43731,452.6
43732,462.8
43733,451.9
43734,614.7
43735,565.2
43736,1170.8
43737,1996.6
43738,2170
43739,2214.4
43740,2627.7
43741,3148.1
43742,2996.5
43743,1982.2
43744,1909.1
43745,2469.8
43746,1560.8
43747,1290.7
43748,979.5
43749,1077.7
43750,622.1
43751,464.4
43752,452.2
43753,464.3
43754,452.1
43755,464
43756,451.4
43757,465
43758,612.9
43759,557.7
43760,768
43761,972.9
43762,1288.9
43763,1184.1
43764,1392.9
43765,1236.4
43766,1185.7
43767,985.4
43768,875.4
43769,924.6
43770,560.8
43771,567.1
43772,564.3
43773,556
43774,667.5
43775,465.5
43776,453.9
43777,412.1
43778,403.2
43779,410.5
43780,404
43781,409.4
43782,555.9
43783,413.8
43784,403.3
43785,410.5
43786,404
43787,409.3
43788,505.6
43789,514.5
43790,662.4
43791,513.2
43792,411.7
43793,405.1
43794,408
43795,406.3
43796,399.8
43797,414.4
43798,561.7
43799,407.6
43800,407.9
