Hours,HPHtgLd_W
0,0
1,15489.4
2,15502.8
3,15495.6
4,15487.4
5,15493.8
6,15503.3
7,15502.3
8,15489.8
9,20582.1
10,25656
11,30744.9
12,30741.2
13,30747.1
14,30743.8
15,30741.5
16,30746
17,30744.1
18,25660.1
19,15500.3
20,15501.1
21,15487.6
22,15488.1
23,15503.8
24,15502.7
25,15518.6
26,15512.1
27,15520.3
28,15528.2
29,15527.4
30,15512.8
31,15511.8
32,26388.3
33,32189.5
34,36603.3
35,43216
36,45426.8
37,39351.5
38,45428.7
39,43218.4
40,41009.3
41,34948
42,22814
43,18792
44,18786.9
45,18779.8
46,15910.2
47,15523.1
48,15512.3
49,15540
50,15553.1
51,15552.2
52,15539.6
53,15536.5
54,15550.8
55,15552.4
56,26418.1
57,32242.6
58,36658.1
59,43288.6
60,45493.4
61,39427.7
62,45496.2
63,43287.1
64,41082.7
65,35001.1
66,22851.2
67,18812.9
68,18811.3
69,18827.8
70,15915.2
71,15547.6
72,15552.7
73,15572.3
74,15561
75,15564.5
76,15577.6
77,15576.5
78,15564.4
79,15560.5
80,26470.5
81,32291.8
82,36719.4
83,43353.6
84,45570.6
85,39478.8
86,45572
87,43355.3
88,41138.7
89,35057.3
90,22888.4
91,18843.4
92,18854.5
93,18839.1
94,15961.3
95,15560.9
96,15562.4
97,15600.4
98,15600.7
99,15589.9
100,15584.3
101,15598.3
102,15601
103,15594.6
104,26499.4
105,32339.5
106,36773.2
107,43424.6
108,45643.9
109,39542.9
110,45638.2
111,43424.5
112,41207.3
113,35113.3
114,22919.9
115,18885.2
116,18870.6
117,18868.6
118,15984.7
119,15599.1
120,15584.8
121,15610.3
122,15625.3
123,15624.3
124,15611
125,15607.9
126,15624.6
127,15624.3
128,26539.6
129,32391.5
130,36829.5
131,43488.5
132,45710.3
133,39606
134,45705.5
135,43489.3
136,41273.2
137,35165.1
138,22958.4
139,18908.4
140,18897.2
141,18897.6
142,16006.9
143,15624.5
144,15612.3
145,15629.4
146,15646.9
147,15647.9
148,15639.4
149,15631
150,15643.4
151,15648
152,15642.2
153,21580.9
154,27050.4
155,32268.3
156,32273.2
157,32012.6
158,32016.5
159,31969.1
160,31974.7
161,31968.3
162,26287.8
163,15632.6
164,15644.8
165,15647.9
166,15640.8
167,15631.1
168,15641.3
169,15669.8
170,15667
171,15654.1
172,15660.7
173,15671.4
174,15669.7
175,15654.1
176,15658.1
177,20803.6
178,25945.6
179,31075.6
180,31080.9
181,31076.8
182,31079.6
183,31078.8
184,31076.2
185,31080.8
186,25941
187,15658.3
188,15671.2
189,15666.7
190,15654.1
191,15661
192,15671.4
193,15690.6
194,15676.7
195,15681.4
196,15694.2
197,15693.2
198,15676.9
199,15679.8
200,26670.2
201,32534.7
202,36993.4
203,43686.1
204,45908.2
205,39786
206,45910.8
207,43681.3
208,41456.5
209,35320.8
210,23061.2
211,18986.5
212,18981.1
213,18989.3
214,16069.4
215,15693.7
216,15687.3
217,15697.1
218,15709.2
219,15716.1
220,15710.5
221,15698.4
222,15708.4
223,15716
224,26697.9
225,32582.1
226,37045.2
227,43743.5
228,45979.7
229,39838.1
230,45975.6
231,43746.7
232,41512.1
233,35372.5
234,23091.2
235,19015.8
236,19018.7
237,19007.8
238,16103.5
239,15698.9
240,15702.8
241,15737.1
242,15737.5
243,15720.7
244,15724.5
245,15738.3
246,15737.5
247,15720.5
248,26738.7
249,32627.8
250,37100.6
251,43804.1
252,46041.4
253,39893.4
254,46044.5
255,43805.8
256,41572.8
257,35419.7
258,23125.1
259,19039.1
260,19034.9
261,19047.5
262,16109
263,15738.2
264,15735.3
265,15740.5
266,15748.8
267,15759.7
268,15756
269,15741.6
270,15749.8
271,15759.5
272,26772.2
273,32672.3
274,37148.2
275,43864.4
276,46108.3
277,39946.7
278,46107
279,43867.9
280,41624.9
281,35470.7
282,23157.4
283,19060.5
284,19078.4
285,19063.5
286,16139.2
287,15740.8
288,15758.9
289,15779
290,15767.8
291,15762.8
292,15781.4
293,15780
294,15766
295,15764.6
296,26818.2
297,32715.4
298,37199.2
299,43927.9
300,46162.8
301,40007.8
302,46164.4
303,43922.9
304,41686.2
305,35518.7
306,23184.4
307,19099.9
308,19090.9
309,19086.3
310,16169.1
311,15768.2
312,15762.8
313,15801
314,15800.9
315,15786.2
316,15785.9
317,15802
318,15800.9
319,15783.5
320,15788.7
321,21797.6
322,27323.6
323,32590.3
324,32589.6
325,32327.5
326,32330.5
327,32284.1
328,32289
329,32283.7
330,26544.9
331,15791.4
332,15788.6
333,15801.6
334,15798.9
335,15783.2
336,15791.1
337,15820.7
338,15816.3
339,15803.2
340,15815.3
341,15821.7
342,15813
343,15803.1
344,15818.6
345,21001
346,26194.7
347,31378.4
348,31377.1
349,31379.3
350,31378.6
351,31375.5
352,31381.9
353,31376.9
354,26190.6
355,15817.4
356,15803
357,15818.7
358,15821.5
359,15810.4
360,15802.9
361,15840.5
362,15841.2
363,15826.4
364,15826.5
365,15842.2
366,15840.6
367,15823.1
368,15830.6
369,21029.6
370,26228.2
371,31418.1
372,31417.4
373,31415.8
374,31421.2
375,31415.7
376,31420.4
377,31417.1
378,26223.6
379,15839.6
380,15823
381,15835.6
382,15841.6
383,15832.6
384,15822.7
385,15857.7
386,15860.9
387,15847.8
388,15844.3
389,15861.8
390,15860.8
391,15842.8
392,26949.3
393,32884.1
394,37391.2
395,44152.6
396,46400.1
397,40211.9
398,46401.7
399,44148.4
400,41900
401,35700.5
402,23304.2
403,19192.2
404,19193.8
405,19184
406,16249.6
407,15842.1
408,15854.5
409,15879.1
410,15871
411,15861
412,15879
413,15879.8
414,15865.4
415,15865.1
416,26988.2
417,32924.1
418,37435.4
419,44205.1
420,46460.1
421,40256.7
422,46459.9
423,44207
424,41946.6
425,35745.3
426,23334.5
427,19208.6
428,19216.6
429,19217.9
430,16252.2
431,15874.7
432,15880.2
433,15887.2
434,15879.8
435,15899.6
436,15898.5
437,15881.6
438,15886.1
439,15899.2
440,27010.6
441,32962.1
442,37478.4
443,44260.4
444,46520.6
445,40299.1
446,46520
447,44257.9
448,42001.5
449,35783.1
450,23363.1
451,19235.8
452,19230.1
453,19229.7
454,16289.3
455,15896.9
456,15880.1
457,15908
458,15917.3
459,15908.1
460,15897.7
461,15916.3
462,15916.9
463,15901.3
464,27043.7
465,33001.1
466,37524
467,44310.3
468,46564.6
469,40355.3
470,46565.9
471,44311.1
472,42047.2
473,35826.3
474,23389.3
475,19251.8
476,19267.6
477,19257.5
478,16295.2
479,15905.3
480,15917.6
481,15927.5
482,15915.6
483,15931.4
484,15934.9
485,15921.3
486,15919.1
487,15935.6
488,15932.5
489,21975.7
490,27548.2
491,32866.3
492,32862.2
493,32606.5
494,32600.4
495,32563.9
496,32559.5
497,32561.7
498,26769.8
499,15930.1
500,15915.4
501,15934.1
502,15934.7
503,15918.8
504,15921.6
505,15951.9
506,15947.2
507,15932.9
508,15947.9
509,15952.3
510,15939.3
511,15936.2
512,15953.2
513,21174.1
514,26407.9
515,31642.2
516,31635.8
517,31642.4
518,31636.7
519,31641.4
520,31637.6
521,31640.4
522,26407.3
523,15939.9
524,15952.6
525,15942.7
526,15932.7
527,15952.8
528,15952.1
529,15950.1
530,15958.1
531,15969.7
532,15961.4
533,15949.5
534,15967.8
535,15969
536,27125.6
537,33106.1
538,37650.9
539,44454.2
540,46722.8
541,40488.2
542,46721.2
543,44451.3
544,42187.3
545,35945.2
546,23465
547,19317.6
548,19331
549,19317.5
550,16351.5
551,15954.5
552,15970
553,15980.2
554,15966.2
555,15981.4
556,15985.8
557,15971.8
558,15970.6
559,15986.5
560,27159.6
561,33143
562,37686
563,44503.7
564,46776.8
565,40525.2
566,46772.9
567,44498.1
568,42230.9
569,35981.1
570,23487.6
571,19344.2
572,19344.5
573,19335.5
574,16374.6
575,15965.7
576,15984.1
577,16000.8
578,15984.9
579,15989.7
580,16002.4
581,15994.1
582,15981.9
583,16001
584,27189.9
585,33177.7
586,37722.5
587,44549
588,46824.8
589,40564.1
590,46822.9
591,44543.5
592,42273.9
593,36022.6
594,23505.8
595,19365.5
596,19362.1
597,19355.1
598,16392.7
599,15981.8
600,15998.6
601,16016.5
602,16001.8
603,16004.2
604,16018.1
605,16010.5
606,15997.5
607,16016.1
608,27216.7
609,33210.3
610,37759.6
611,44593.2
612,46871.2
613,40605
614,46867.6
615,44586.8
616,42315
617,36052.8
618,23534.5
619,19381.4
620,19384.1
621,19374.3
622,16404.8
623,15997.7
624,16018.7
625,16031.1
626,16012.9
627,16025.2
628,16032.9
629,16020.8
630,16015.6
631,16033.5
632,27240
633,33240.5
634,37797.5
635,44634.7
636,46912.9
637,40646.4
638,46907.7
639,44628.3
640,42355
641,36088.3
642,23558.8
643,19392.2
644,19407.3
645,19397.2
646,16412.1
647,16023.9
648,16033
649,16035.7
650,16029.5
651,16048.4
652,16044.4
653,16027.3
654,16042.3
655,16047.3
656,16032.6
657,22132.7
658,27748.1
659,33098.9
660,33097
661,32835
662,32837.7
663,32788.1
664,32795.2
665,32790.2
666,26960
667,16036.1
668,16047.5
669,16033.7
670,16032.1
671,16048.2
672,16041.7
673,16040.4
674,16059.2
675,16061.5
676,16043.7
677,16050.7
678,16062
679,16051.6
680,16042.8
681,21324.8
682,26593.6
683,31857.2
684,31855
685,31857.9
686,31855.5
687,31858.3
688,31856
689,31855.9
690,26588.8
691,16047.8
692,16062
693,16051.6
694,16042.7
695,16062.7
696,16059.3
697,16054.3
698,16069.9
699,16075.4
700,16060.3
701,16062
702,16076
703,16067.1
704,27309.6
705,33331.8
706,37898.9
707,44753.8
708,47032.4
709,40755
710,47037.5
711,44754.1
712,42465.6
713,36187
714,23621.9
715,19449.5
716,19444.6
717,19444.1
718,16470.6
719,16069.6
720,16054.9
721,16086
722,16088.5
723,16069.4
724,16079.9
725,16088.8
726,16076.8
727,16072.1
728,27343.7
729,33357.8
730,37927.5
731,44787.1
732,47081.2
733,40784.4
734,47079.9
735,44786
736,42503.8
737,36214
738,23640.1
739,19464.5
740,19473.3
741,19461.6
742,16473
743,16075.2
744,16089.2
745,16091.7
746,16081.3
747,16102.6
748,16099.4
749,16080.9
750,16096.1
751,16101.3
752,27351.7
753,33382.4
754,37966.5
755,44823.8
756,47107.7
757,40824.8
758,47110.4
759,44828
760,42535.7
761,36248.5
762,23658.2
763,19480.1
764,19476.5
765,19479.1
766,16493.3
767,16099.9
768,16081
769,16107.5
770,16113.8
771,16097.8
772,16101.2
773,16114.2
774,16103.9
775,16094.9
776,27386.7
777,33410.4
778,37987.1
779,44857.4
780,47155.2
781,40848.6
782,47152.9
783,44855.9
784,42570.1
785,36271.6
786,23677.6
787,19491.5
788,19504.8
789,19495.1
790,16494.2
791,16106.4
792,16113.9
793,16110.6
794,16111.5
795,16126.3
796,16116.8
797,16105.4
798,16126.8
799,16122.8
800,27392.5
801,33435.7
802,38018.7
803,44893.8
804,47180.3
805,40883.1
806,47186
807,44894.6
808,42599.1
809,36298
810,23696.8
811,19511.1
812,19505.4
813,19505.7
814,16522.6
815,16110.5
816,16112.7
817,16136.8
818,16127
819,16118.3
820,16138
821,16132.5
822,16116
823,16134.7
824,16136.7
825,22253.6
826,27898.9
827,33284.3
828,33279.2
829,33022.4
830,33021.1
831,32972.3
832,32978.1
833,32973.4
834,27111.2
835,16126
836,16137
837,16120.6
838,16124.7
839,16137.4
840,16126.6
841,16129.3
842,16148.8
843,16142.2
844,16126.7
845,16146.4
846,16147.7
847,16126.9
848,16141.1
849,21435.8
850,26734.2
851,32031.8
852,32025
853,32032.1
854,32024.7
855,32031.9
856,32024.8
857,32031.6
858,26731.3
859,16146.8
860,16129.5
861,16138.4
862,16148.1
863,16135.1
864,16132.2
865,16158.3
866,16150
867,16137.4
868,16159.3
869,16155.2
870,16137.1
871,16154.7
872,27457
873,33502.3
874,38095.1
875,44986.3
876,47279.2
877,40968.7
878,47275.3
879,44987.6
880,42687.2
881,36375.8
882,23742.9
883,19547.4
884,19545.4
885,19550.2
886,16549.1
887,16158
888,16137.3
889,16161.2
890,16168
891,16151.3
892,16156.3
893,16168.2
894,16156.3
895,16151.6
896,27479.2
897,33522.6
898,38114.5
899,45013.1
900,47314.9
901,40990.1
902,47305.9
903,45008.2
904,42714.8
905,36395.9
906,23759.5
907,19558.3
908,19557.5
909,19570.2
910,16548.8
911,16168.4
912,16156.2
913,16160.3
914,16178.1
915,16169.5
916,16156.4
917,16178.4
918,16174.2
919,16156.2
920,27491.9
921,33542.1
922,38138.4
923,45034.9
924,47342.5
925,41010.9
926,47338.6
927,45033
928,42738.2
929,36414.8
930,23772.9
931,19569
932,19574.7
933,19580.1
934,16553
935,16178.1
936,16171
937,16164.1
938,16185.9
939,16184.2
940,16164.9
941,16182.1
942,16186
943,16166.9
944,27504.3
945,33561.5
946,38160.5
947,45059.7
948,47366
949,41033.5
950,47367.2
951,45058.1
952,42761.9
953,36435.3
954,23786
955,19578.4
956,19588.2
957,19588.5
958,16561.6
959,16187.1
960,16182.5
961,16172.6
962,16191.9
963,16194.5
964,16173.5
965,16188.2
966,16194.5
967,16177.3
968,27517.4
969,33579.2
970,38180.4
971,45083.2
972,47390.3
973,41054.8
974,47392.2
975,45081.5
976,42784
977,36453.6
978,23797.5
979,19588.5
980,19598.1
981,19598.7
982,16570.3
983,16195.4
984,16190.2
985,16180.3
986,16200.3
987,16201.9
988,16181
989,16196.7
990,16202.2
991,16183.9
992,16193.3
993,22350.6
994,28017.5
995,33416.4
996,33420.6
997,33155
998,33149.8
999,33112.5
1000,33111.6
1001,33106.3
1002,27221
1003,16184.5
1004,16203.2
1005,16198.9
1006,16180.8
1007,16199.4
1008,16202.3
1009,16188.1
1010,16203.1
1011,16209.6
1012,16192.1
1013,16199.2
1014,16209.8
1015,16195.7
1016,16195.3
1017,21520
1018,26839.6
1019,32152.4
1020,32147.8
1021,32154.7
1022,32147.7
1023,32154.7
1024,32147.8
1025,32155.1
1026,26834
1027,16208.6
1028,16188.2
1029,16205.5
1030,16209.5
1031,16189.9
1032,16201.8
1033,16216.1
1034,16200.2
1035,16204.4
1036,16216.7
1037,16203.6
1038,16201
1039,16216.9
1040,27551.1
1041,33620.9
1042,38238.8
1043,45146.6
1044,47446.3
1045,41115.6
1046,47452.9
1047,45149.2
1048,42842.5
1049,36502.3
1050,23828.3
1051,19625.6
1052,19617.6
1053,19615.5
1054,16611.1
1055,16194.5
1056,16217.1
1057,16218.9
1058,16201
1059,16220.1
1060,16222.5
1061,16201.1
1062,16217
1063,16222.4
1064,27557.5
1065,33636.7
1066,38249.7
1067,45165.3
1068,47466.7
1069,41129.1
1070,47473.3
1071,45166
1072,42860.3
1073,36516
1074,23836.2
1075,19628.7
1076,19633.6
1077,19624.1
1078,16608.6
1079,16211.9
1080,16222.9
1081,16214
1082,16214.4
1083,16228.9
1084,16217.4
1085,16211.7
1086,16229.2
1087,16219.6
1088,27570.6
1089,33649.5
1090,38259.7
1091,45179.3
1092,47488.7
1093,41141.4
1094,47492.8
1095,45176.8
1096,42874.1
1097,36530.6
1098,23848
1099,19629.6
1100,19638.7
1101,19640.2
1102,16605.2
1103,16229.2
1104,16222.2
1105,16211.4
1106,16233.8
1107,16230.4
1108,16211.9
1109,16231.3
1110,16233.4
1111,16211.9
1112,27586.6
1113,33659.4
1114,38271.5
1115,45192.9
1116,47507.9
1117,41156.6
1118,47500.5
1119,45191.7
1120,42889
1121,36546
1122,23855.2
1123,19638.3
1124,19636.3
1125,19645.2
1126,16622.9
1127,16233.6
1128,16213.7
1129,16230.4
1130,16238.3
1131,16221.3
1132,16227.5
1133,16238.4
1134,16224.1
1135,16224.6
1136,27597.6
1137,33670.5
1138,38283.7
1139,45212.1
1140,47515.7
1141,41172.6
1142,47511.9
1143,45212.1
1144,42900
1145,36556.7
1146,23861.4
1147,19647.2
1148,19642.2
1149,19642.6
1150,16637.9
1151,16223.4
1152,16225.6
1153,16242.6
1154,16229.9
1155,16227.1
1156,16243.1
1157,16232.1
1158,16224.5
1159,16243.2
1160,16234.4
1161,22401.2
1162,28083.8
1163,33503.1
1164,33504
1165,33232.7
1166,33239.6
1167,33193
1168,33188.6
1169,33193.9
1170,27287.7
1171,16240.5
1172,16220.7
1173,16239.8
1174,16242.4
1175,16220.9
1176,16237
1177,16245.8
1178,16226.6
1179,16238.2
1180,16246.2
1181,16229.2
1182,16235.2
1183,16246.2
1184,16231.8
1185,21568
1186,26893.6
1187,32225
1188,32222.7
1189,32225.6
1190,32222.4
1191,32225.4
1192,32222.2
1193,32226.7
1194,26894.1
1195,16241.6
1196,16237.6
1197,16226.2
1198,16247.2
1199,16240.2
1200,16224.1
1201,16249.2
1202,16245.8
1203,16227.3
1204,16247
1205,16248.3
1206,16227.5
1207,16245
1208,16249.1
1209,21565.8
1210,26897
1211,32227.7
1212,32233.7
1213,32226.6
1214,32233.5
1215,32227.1
1216,32234.1
1217,32228.3
1218,26900.8
1219,16236.6
1220,16249.4
1221,16233.7
1222,16236.7
1223,16249.6
1224,16236.3
1225,16236.7
1226,16252.4
1227,16241.1
1228,16234.5
1229,16252.5
1230,16243
1231,16232.3
1232,27622.1
1233,33697.3
1234,38312.7
1235,45248.6
1236,47560
1237,41205
1238,47550.8
1239,45249.9
1240,42936.4
1241,36588.9
1242,23879.6
1243,19663.1
1244,19658.7
1245,19658.2
1246,16651.6
1247,16240
1248,16236.2
1249,16254.4
1250,16243.5
1251,16236
1252,16254.7
1253,16245.5
1254,16233.7
1255,16254.8
1256,27616.9
1257,33699.3
1258,38325.5
1259,45251.5
1260,47556.9
1261,41211.1
1262,47563.5
1263,45255.3
1264,42944
1265,36586.9
1266,23881
1267,19670.6
1268,19667.1
1269,19661.3
1270,16643.9
1271,16238.4
1272,16254.5
1273,16244.7
1274,16237.9
1275,16256.2
1276,16246.7
1277,16235.8
1278,16256.4
1279,16248.8
1280,27615.6
1281,33706.1
1282,38323.8
1283,45254.9
1284,47568.4
1285,41210.4
1286,47572.7
1287,45251.7
1288,42945.4
1289,36591.2
1290,23888
1291,19663.8
1292,19666.5
1293,19675.5
1294,16636.4
1295,16255.8
1296,16243.5
1297,16240.4
1298,16257.1
1299,16246.1
1300,16238.3
1301,16257.2
1302,16248.3
1303,16236.2
1304,27629.7
1305,33706.9
1306,38323.6
1307,45261.4
1308,47572.4
1309,41219
1310,47564.3
1311,45262.9
1312,42948.6
1313,36599.2
1314,23886.6
1315,19668.8
1316,19664.3
1317,19663.7
1318,16656.3
1319,16243.8
1320,16241.5
1321,16257.4
1322,16246.1
1323,16239.8
1324,16257.7
1325,16247.6
1326,16237.7
1327,16257.7
1328,16249.8
1329,22421.1
1330,28108.4
1331,33532.8
1332,33533.9
1333,33262.3
1334,33269.2
1335,33223.2
1336,33217.9
1337,33223.9
1338,27312
1339,16253.5
1340,16234.8
1341,16256.2
1342,16254.5
1343,16235
1344,16253.8
1345,16256.7
1346,16235.1
1347,16251.6
1348,16256.7
1349,16236.7
1350,16249.5
1351,16256.7
1352,16239
1353,21581.8
1354,26913.3
1355,32245.6
1356,32243.6
1357,32247.6
1358,32243.2
1359,32248
1360,32242.9
1361,32247.8
1362,26912
1363,16253.7
1364,16243.4
1365,16242.6
1366,16257.4
1367,16245.7
1368,16240.1
1369,16257
1370,16246.6
1371,16237.3
1372,16257.2
1373,16248.8
1374,16235.1
1375,16257.2
1376,27621.3
1377,33704.4
1378,38330.8
1379,45258.1
1380,47563.9
1381,41217.3
1382,47570.3
1383,45261.7
1384,42950.1
1385,36592.6
1386,23884.5
1387,19673.4
1388,19669.8
1389,19664
1390,16646.3
1391,16240.6
1392,16256.9
1393,16244.6
1394,16237.6
1395,16255.9
1396,16246.4
1397,16235.4
1398,16256.1
1399,16248.6
1400,27615.1
1401,33705.5
1402,38323
1403,45254.1
1404,47567.5
1405,41209.6
1406,47571.8
1407,45250.9
1408,42944.6
1409,36590.5
1410,23887.5
1411,19663.4
1412,19666.3
1413,19675.1
1414,16635.9
1415,16255.6
1416,16243.3
1417,16237.5
1418,16254.1
1419,16243.3
1420,16235.1
1421,16254.2
1422,16245.6
1423,16232.9
1424,27624.7
1425,33700.9
1426,38316.7
1427,45253
1428,47564
1429,41211.5
1430,47555.5
1431,45254.1
1432,42940.8
1433,36592.5
1434,23881.9
1435,19665.2
1436,19660.7
1437,19660.2
1438,16653.2
1439,16242.1
1440,16237.4
1441,16252.1
1442,16241.1
1443,16232.8
1444,16252.2
1445,16243.5
1446,16230.5
1447,16252.3
1448,27612.8
1449,33694
1450,38319.1
1451,45244.2
1452,47549.3
1453,41204.9
1454,47555.6
1455,45247.6
1456,42936.7
1457,36581.4
1458,23869.9
1459,19674.8
1460,19663.1
1461,19657.7
1462,16642.2
1463,16234.5
1464,16252
1465,16239
1466,16229.7
1467,16249.5
1468,16241.4
1469,16227.2
1470,16249.7
1471,16243.7
1472,27603.1
1473,33692.2
1474,38307.9
1475,45236.2
1476,47547.7
1477,41193
1478,47552.2
1479,45232.4
1480,42927.5
1481,36576.2
1482,23877.2
1483,19654.3
1484,19661.6
1485,19666
1486,16626.3
1487,16249.3
1488,16239.8
1489,16225.7
1490,16246.4
1491,16239.2
1492,16223.4
1493,16245.7
1494,16241.8
1495,16223.6
1496,16243.4
1497,22408.7
1498,28090.2
1499,33507.7
1500,33507.2
1501,33244.1
1502,33240.8
1503,33197.2
1504,33200.3
1505,33195
1506,27294.4
1507,16234.4
1508,16245.2
1509,16225.9
1510,16237.2
1511,16245.4
1512,16228.6
1513,16230.5
1514,16241.8
1515,16227.6
1516,16227.5
1517,16242.1
1518,16230.3
1519,16225
1520,16242.3
1521,21557.8
1522,26886.8
1523,32214.9
1524,32217.7
1525,32212.7
1526,32217.5
1527,32212.4
1528,32217.3
1529,32212.2
1530,26888.6
1531,16223.7
1532,16241.6
1533,16238.3
1534,16219.7
1535,16239
1536,16241.1
1537,16215.9
1538,16232.1
1539,16237.1
1540,16217.6
1541,16229.7
1542,16237.3
1543,16220.3
1544,27590.2
1545,33668.1
1546,38281.1
1547,45202.4
1548,47517.7
1549,41164
1550,47514.3
1551,45200.6
1552,42897.7
1553,36552
1554,23869.4
1555,19634.9
1556,19640.9
1557,19653.3
1558,16622
1559,16237.4
1560,16221.4
1561,16220.5
1562,16232.8
1563,16219.6
1564,16217.3
1565,16233
1566,16222.1
1567,16214.5
1568,27589.1
1569,33656.7
1570,38267.2
1571,45194.6
1572,47501.8
1573,41158.1
1574,47493.7
1575,45194.7
1576,42885.2
1577,36543.9
1578,23851.3
1579,19639.2
1580,19635.3
1581,19634.9
1582,16631.5
1583,16224.1
1584,16212.6
1585,16228.5
1586,16221.5
1587,16205.3
1588,16226.7
1589,16224.5
1590,16205.5
1591,16224.1
1592,27574.1
1593,33645.1
1594,38259.8
1595,45178.3
1596,47480.4
1597,41143.6
1598,47480.5
1599,45179.9
1600,42869.5
1601,36528.7
1602,23845.9
1603,19634.2
1604,19629.4
1605,19628.7
1606,16626.8
1607,16206.1
1608,16221.1
1609,16221.5
1610,16202.9
1611,16212.1
1612,16221.4
1613,16206.1
1614,16208.1
1615,16221.5
1616,27558.3
1617,33631.8
1618,38250.9
1619,45160.8
1620,47461
1621,41126.6
1622,47467.8
1623,45163.9
1624,42857.3
1625,36513.5
1626,23833.3
1627,19631.3
1628,19626.6
1629,19621.2
1630,16612.4
1631,16203.4
1632,16222.1
1633,16207.5
1634,16194
1635,16216
1636,16210.6
1637,16193.1
1638,16213
1639,16214
1640,27543.7
1641,33622.4
1642,38229.5
1643,45143.4
1644,47445.7
1645,41108
1646,47450.9
1647,45143.8
1648,42839.4
1649,36498.6
1650,23822
1651,19620.7
1652,19625.8
1653,19614.8
1654,16599.3
1655,16206
1656,16215
1657,16193.1
1658,16195.1
1659,16208.4
1660,16196.4
1661,16191.5
1662,16208.7
1663,16199.2
1664,16187.9
1665,22361.8
1666,28029.5
1667,33430.1
1668,33433.4
1669,33166.2
1670,33162.7
1671,33123.2
1672,33119.4
1673,33121.8
1674,27230.2
1675,16195.5
1676,16200.3
1677,16207.9
1678,16191.8
1679,16196
1680,16208.3
1681,16188.6
1682,16184.8
1683,16201.2
1684,16191.3
1685,16181
1686,16201.4
1687,16195.3
1688,21505
1689,26814.9
1690,32130.1
1691,32137
1692,32130.1
1693,32137.1
1694,32130.4
1695,32136.9
1696,32130.8
1697,26820.1
1698,16186.2
1699,16200.9
1700,16188.5
1701,16184.4
1702,16201.3
1703,16191.8
1704,16180.6
1705,16194.2
1706,16187.9
1707,16171.1
1708,16191.1
1709,16192.1
1710,16171.3
1711,27516.7
1712,33574.3
1713,38174.9
1714,45077.4
1715,47386.9
1716,41049.9
1717,47383.8
1718,45075.7
1719,42778.7
1720,36449.7
1721,23795.6
1722,19587.6
1723,19591.7
1724,19600
1725,16569.8
1726,16193.3
1727,16183.9
1728,16172.6
1729,16185.8
1730,16179.7
1731,16162.8
1732,16182.4
1733,16184.1
1734,16163
1735,27502
1736,33556.8
1737,38155.1
1738,45053.8
1739,47361.2
1740,41028.4
1741,47360.1
1742,45052.3
1743,42756.4
1744,36430.7
1745,23782.7
1746,19576.6
1747,19584.2
1748,19587.4
1749,16559.8
1750,16185
1751,16178.8
1752,16162.7
1753,16174.6
1754,16174.4
1755,16154.2
1756,16169.9
1757,16175.2
1758,16157.5
1759,27484.8
1760,33539
1761,38134.6
1762,45029.5
1763,47333.2
1764,41003.4
1765,47337.4
1766,45028.1
1767,42733.2
1768,36410.6
1769,23768.3
1770,19564.7
1771,19578.8
1772,19571.7
1773,16553.6
1774,16171.8
1775,16175
1776,16155.1
1777,16158.7
1778,16165.9
1779,16150.6
1780,16152.9
1781,16166.3
1782,16155.3
1783,27465
1784,33519
1785,38111.5
1786,45004.7
1787,47303.5
1788,40981.6
1789,47307.9
1790,45005.6
1791,42709.2
1792,36387.7
1793,23752.4
1794,19560.6
1795,19563.9
1796,19554.9
1797,16552.8
1798,16151.6
1799,16166.3
1800,16155.7
1801,16137.7
1802,16156.8
1803,16150.8
1804,16134.5
1805,16153.9
1806,16155.6
1807,27442.6
1808,33497.5
1809,38091.3
1810,44977.8
1811,47269.1
1812,40959.9
1813,47275.1
1814,44979.7
1815,42681.1
1816,36364.7
1817,23740.9
1818,19550.2
1819,19542.7
1820,19542.1
1821,16554.1
1822,16134.6
1823,16150
1824,16155.8
1825,16129.2
1826,16133.6
1827,16145.7
1828,16134.2
1829,16128.2
1830,16146.1
1831,16138.9
1832,22268
1833,27913.9
1834,33301.9
1835,33299
1836,33037.2
1837,33039.3
1838,32988.5
1839,32996
1840,32994.3
1841,27123.3
1842,16139.7
1843,16141.5
1844,16124.2
1845,16142.2
1846,16145.2
1847,16125.9
1848,16136.9
1849,16135.2
1850,16120.8
1851,16119.6
1852,16135.1
1853,16126
1854,16113.9
1855,16135.5
1856,21416.8
1857,26710.2
1858,32003.5
1859,32001.4
1860,32001.5
1861,32000.5
1862,32002.6
1863,31999.7
1864,32003.7
1865,26709.8
1866,16133
1867,16113.6
1868,16130.2
1869,16134.3
1870,16116.7
1871,16123.7
1872,16134.7
1873,16112
1874,16106.2
1875,16123.8
1876,16116.7
1877,16102
1878,16122.1
1879,27395.8
1880,33428.7
1881,38011.7
1882,44887.5
1883,47176.1
1884,40879.2
1885,47171.7
1886,44886.6
1887,42593.8
1888,36295.3
1889,23691.6
1890,19504
1891,19502
1892,19514.5
1893,16504.8
1894,16123.2
1895,16110.1
1896,16107.3
1897,16112.5
1898,16103.9
1899,16090.1
1900,16110.8
1901,16110.5
1902,16090.4
1903,27377.2
1904,33404.8
1905,37982.5
1906,44850.1
1907,47143.5
1908,40841.5
1909,47146.8
1910,44851.5
1911,42563.9
1912,36264.1
1913,23671.2
1914,19497
1915,19494.9
1916,19487.4
1917,16500.6
1918,16091.5
1919,16112.1
1920,16107.7
1921,16078.7
1922,16094.4
1923,16098.5
1924,16081.4
1925,16086.9
1926,16098.8
1927,27349.3
1928,33375.7
1929,37956.5
1930,44816.6
1931,47101.4
1932,40816.7
1933,47100.6
1934,44820.4
1935,42528.5
1936,36240
1937,23655.4
1938,19474.9
1939,19472.7
1940,19481.8
1941,16483.9
1942,16098.6
1943,16082.9
1944,16085.6
1945,16086.9
1946,16076.4
1947,16065.6
1948,16086.7
1949,16083.9
1950,16065.2
1951,27334.5
1952,33351.9
1953,37922.5
1954,44779.4
1955,47068.6
1956,40776.7
1957,47072.3
1958,44782.2
1959,42497
1960,36207.2
1961,23634.6
1962,19468.4
1963,19459.9
1964,19456.8
1965,16480.1
1966,16064.9
1967,16081.5
1968,16085.6
1969,16056.3
1970,16060.2
1971,16072.7
1972,16062.6
1973,16052.6
1974,16073.3
1975,27308.3
1976,33323
1977,37891.4
1978,44745.5
1979,47028.3
1980,40749.2
1981,47023.9
1982,44740.6
1983,42460.2
1984,36177.9
1985,23618.9
1986,19441.5
1987,19448.4
1988,19451.9
1989,16444.6
1990,16072.8
1991,16071.3
1992,16052.1
1993,16052.4
1994,16058.5
1995,16045.1
1996,16042.9
1997,16059.2
1998,16052.5
1999,16037.9
2000,22152.3
2001,27771.3
2002,33122.7
2003,33122
2004,32854.4
2005,32861.3
2006,32812.9
2007,32813.8
2008,32815.8
2009,26976.9
2010,16054.3
2011,16051.1
2012,16037.8
2013,16057.4
2014,16058.2
2015,16039
2016,16049.5
2017,16045.2
2018,16033.1
2019,16026.2
2020,16045
2021,16041
2022,16024
2023,16038.8
2024,21297.5
2025,26562.3
2026,31824.1
2027,31818.6
2028,31825.3
2029,31819.2
2030,31824
2031,31819.8
2032,31823.5
2033,26559.1
2034,16036.4
2035,16044
2036,16024.4
2037,16035.4
2038,16044.3
2039,16033.1
2040,16026.2
2041,16031.1
2042,16026.4
2043,16009.3
2044,16023.9
2045,16029.3
2046,16015.3
2047,27234
2048,33234.6
2049,37788.9
2050,44624.1
2051,46896.9
2052,40637.2
2053,46900.8
2054,44624.8
2055,42342.9
2056,36083.7
2057,23552
2058,19392.2
2059,19388.8
2060,19393.6
2061,16416.9
2062,16029.2
2063,16011
2064,16018.4
2065,16015.2
2066,16004.6
2067,15994
2068,16014.8
2069,16013.8
2070,15994.3
2071,27211.1
2072,33203.4
2073,37751.8
2074,44580.5
2075,46853.4
2076,40598.5
2077,46857.3
2078,44581.6
2079,42302
2080,36048.6
2081,23530.1
2082,19374.4
2083,19370.2
2084,19373.6
2085,16402.8
2086,16014
2087,15994.6
2088,16004.8
2089,15999.5
2090,15988.5
2091,15978.9
2092,15999.3
2093,15998
2094,15978.6
2095,27184.3
2096,33170.6
2097,37714.7
2098,44536.7
2099,46806.5
2100,40558.1
2101,46810.5
2102,44537.7
2103,42260.4
2104,36013.8
2105,23506.2
2106,19353.7
2107,19350.9
2108,19358.7
2109,16382.4
2110,15998.3
2111,15983.8
2112,15983.5
2113,15983.7
2114,15977.2
2115,15962.4
2116,15978
2117,15982
2118,15968
2119,27153.7
2120,33136.5
2121,37677.5
2122,44492.8
2123,46756.9
2124,40519.4
2125,46758.8
2126,44493.2
2127,42218.1
2128,35975.7
2129,23483.5
2130,19333
2131,19333.2
2132,19346.6
2133,16354.6
2134,15982.7
2135,15978.2
2136,15962.5
2137,15961.2
2138,15965.5
2139,15952.9
2140,15949
2141,15966.3
2142,15963.1
2143,27119.1
2144,33099.3
2145,37642.6
2146,44442.2
2147,46710.2
2148,40477.9
2149,46708.7
2150,44443.2
2151,42176.1
2152,35936.6
2153,23460.2
2154,19310.4
2155,19326.2
2156,19316.2
2157,16343.8
2158,15955
2159,15965.8
2160,15956.6
2161,15929.7
2162,15947.4
2163,15948.1
2164,15931.8
2165,15935.5
2166,15948.8
2167,15942.6
2168,21996.6
2169,27570.8
2170,32893.4
2171,32889.5
2172,32635.4
2173,32628.4
2174,32591.7
2175,32590.2
2176,32586.4
2177,26792.7
2178,15940.4
2179,15933.1
2180,15949
2181,15944.9
2182,15929.1
2183,15942.3
2184,15948.5
2185,15920.8
2186,15912.6
2187,15931.9
2188,15930.7
2189,15912.1
2190,15920.5
2191,15931.2
2192,21144
2193,26371.1
2194,31598.5
2195,31592.9
2196,31599.9
2197,31593.6
2198,31598.4
2199,31594.6
2200,31597.7
2201,26371.9
2202,15918.5
2203,15931
2204,15920.7
2205,15911.6
2206,15931.7
2207,15930.5
2208,15912.8
2209,15902.3
2210,15913.4
2211,15906.8
2212,15893.7
2213,15908.8
2214,15912.7
2215,27030.9
2216,32989.5
2217,37514.4
2218,44296.9
2219,46560.8
2220,40339.1
2221,46559
2222,44294.6
2223,42037.9
2224,35816.6
2225,23380.8
2226,19260.3
2227,19248.3
2228,19247.2
2229,16304.8
2230,15899.2
2231,15897.4
2232,15913.7
2233,15893.6
2234,15875.8
2235,15886.4
2236,15894.7
2237,15886.1
2238,15875.5
2239,27011.1
2240,32953.8
2241,37469.2
2242,44246.7
2243,46500
2244,40295.4
2245,46500.9
2246,44247.9
2247,41985.3
2248,35777
2249,23357
2250,19225.6
2251,19237.3
2252,19232.5
2253,16269.9
2254,15885.7
2255,15894.8
2256,15886.4
2257,15857.9
2258,15873.1
2259,15875.6
2260,15862.5
2261,15859
2262,15876.5
2263,26973.1
2264,32915
2265,37423.8
2266,44191.6
2267,46453.7
2268,40240
2269,46453.9
2270,44194.1
2271,41934.2
2272,35734.1
2273,23326.1
2274,19205.5
2275,19202.4
2276,19212.3
2277,16253.8
2278,15875.9
2279,15866.8
2280,15856.7
2281,15856.1
2282,15856.3
2283,15842.9
2284,15840.5
2285,15857.4
2286,15856.2
2287,26932.1
2288,32871
2289,37381.6
2290,44138
2291,46394.4
2292,40195
2293,46394.2
2294,44137.3
2295,41888.8
2296,35689.5
2297,23301.9
2298,19185.3
2299,19178.9
2300,19178.2
2301,16246.4
2302,15853.2
2303,15838
2304,15849.6
2305,15838.2
2306,15828.7
2307,15818.3
2308,15834
2309,15836.8
2310,15825.3
2311,26904.7
2312,32832.8
2313,37336.1
2314,44082.2
2315,46333
2316,40149.3
2317,46331.2
2318,44081.4
2319,41835.9
2320,35644.6
2321,23269.4
2322,19167.2
2323,19155.6
2324,19155
2325,16226.7
2326,15828.2
2327,15818.2
2328,15835.3
2329,15817.9
2330,15804
2331,15799.5
2332,15817.8
2333,15816.5
2334,15800.6
2335,15803
2336,21819.7
2337,27351
2338,32622.8
2339,32622.1
2340,32359.6
2341,32362.7
2342,32316.1
2343,32321
2344,32315.6
2345,26571.4
2346,15806
2347,15806.1
2348,15817.1
2349,15812.3
2350,15798.6
2351,15809.9
2352,15817
2353,15790
2354,15778.2
2355,15792.2
2356,15796.4
2357,15787.1
2358,15777.9
2359,15794.5
2360,20967.3
2361,26152.9
2362,31328.3
2363,31327.1
2364,31328.2
2365,31329
2366,31325.7
2367,31330.6
2368,31327.3
2369,26148.7
2370,15795
2371,15778.4
2372,15789.4
2373,15796.6
2374,15789.6
2375,15778.2
2376,15791.4
2377,15776.9
2378,15767
2379,15757.4
2380,15772.5
2381,15775.5
2382,15765.7
2383,26799.3
2384,32703.8
2385,37190.4
2386,43910.2
2387,46154.7
2388,39988.8
2389,46156.2
2390,43911.5
2391,41673.6
2392,35505.3
2393,23181
2394,19085.3
2395,19080.7
2396,19089.9
2397,16152
2398,15775.7
2399,15768.2
2400,15757.5
2401,15750.8
2402,15754.4
2403,15746.1
2404,15736.3
2405,15750.2
2406,15754.2
2407,26761.6
2408,32661
2409,37135.8
2410,43851.7
2411,46096.1
2412,39932.1
2413,46093.3
2414,43853.5
2415,41611.4
2416,35459
2417,23149.8
2418,19054.9
2419,19070.7
2420,19059.8
2421,16132
2422,15737.8
2423,15755.3
2424,15754
2425,15719.2
2426,15716.9
2427,15733.6
2428,15732.3
2429,15718.1
2430,15716.9
2431,26737.1
2432,32616.3
2433,37086
2434,43795.3
2435,46022.8
2436,39885.5
2437,46025.6
2438,43790
2439,41559.6
2440,35409.7
2441,23118.9
2442,19037
2443,19036.3
2444,19020
2445,16118.9
2446,15732.5
2447,15716.3
2448,15718.4
2449,15712.8
2450,15710.3
2451,15695.1
2452,15695.9
2453,15711.6
2454,15710.2
2455,26684.4
2456,32569.2
2457,37032.8
2458,43732.1
2459,45967.2
2460,39820.3
2461,45965
2462,43731.4
2463,41495.4
2464,35360.2
2465,23085.9
2466,19002.6
2467,19019.8
2468,19003.3
2469,16091.4
2470,15692.9
2471,15707
2472,15710.8
2473,15681.7
2474,15671.1
2475,15683.2
2476,15688.4
2477,15682.3
2478,15671.1
2479,26657.4
2480,32524.4
2481,36983.2
2482,43666.2
2483,45896
2484,39767.3
2485,45898.7
2486,43668.4
2487,41439.4
2488,35309.9
2489,23050.2
2490,18977.2
2491,18976.6
2492,18992
2493,16052.3
2494,15686.1
2495,15688.3
2496,15679.7
2497,15649.8
2498,15661.5
2499,15665.8
2500,15659
2501,15648.7
2502,15659
2503,15665.8
2504,21604.7
2505,27084.4
2506,32306.7
2507,32309.6
2508,32048.3
2509,32053.2
2510,32005.8
2511,32010.7
2512,32006
2513,26316.5
2514,15660.1
2515,15648.2
2516,15664.8
2517,15665.6
2518,15656.6
2519,15648.5
2520,15661.8
2521,15644
2522,15636
2523,15625.8
2524,15635.2
2525,15642.9
2526,15639.8
2527,15626.1
2528,20770.4
2529,25889.2
2530,31020.6
2531,31023
2532,31022.3
2533,31019.7
2534,31024.3
2535,31021.8
2536,31019.2
2537,25894.2
2538,15632.8
2539,15630.2
2540,15643.2
2541,15642.2
2542,15627.7
2543,15626.4
2544,15643.6
2545,15620.4
2546,15608.5
2547,15602.3
2548,15616.4
2549,15619.2
2550,15612.4
2551,26530.7
2552,32377.2
2553,36816.8
2554,43474.5
2555,45697.3
2556,39588.2
2557,45694.4
2558,43475.3
2559,41255.1
2560,35154.6
2561,22947.9
2562,18903.2
2563,18896.7
2564,18890.6
2565,16003.8
2566,15611.7
2567,15602.5
2568,15613.5
2569,15597
2570,15592.3
2571,15579.3
2572,15583.5
2573,15596
2574,15594.9
2575,26487.8
2576,32329.9
2577,36759.9
2578,43406.4
2579,45624.7
2580,39531.2
2581,45619.5
2582,43406.7
2583,41195.4
2584,35099.2
2585,22917
2586,18870.7
2587,18861.7
2588,18866
2589,15973
2590,15595.4
2591,15587.6
2592,15579
2593,15566.2
2594,15571.6
2595,15569.7
2596,15555.4
2597,15557.3
2598,15572
2599,26455.1
2600,32283
2601,36704.3
2602,43342.8
2603,45548.5
2604,39474.8
2605,45550.8
2606,43340.3
2607,41129.7
2608,35044.7
2609,22877.8
2610,18834.9
2611,18833.7
2612,18851.5
2613,15938.8
2614,15560.6
2615,15571.8
2616,15570.7
2617,15534.2
2618,15530.5
2619,15546.2
2620,15546.7
2621,15539.8
2622,15530.9
2623,26416
2624,32228.8
2625,36646.4
2626,43268.7
2627,45482.6
2628,39400.6
2629,45482.6
2630,43272.2
2631,41062.4
2632,34991.4
2633,22841
2634,18818.2
2635,18806.7
2636,18802.9
2637,15929.4
2638,15545.2
2639,15531.3
2640,15532.9
2641,15524.4
2642,15521.9
2643,15513
2644,15506.2
2645,15516.3
2646,15522.3
2647,26368.2
2648,32180.3
2649,36587.1
2650,43204.8
2651,45403.7
2652,39349.6
2653,45406.1
2654,43203.1
2655,40997.9
2656,34933
2657,22804.9
2658,18774.6
2659,18786.3
2660,18780.8
2661,15895.7
2662,15505.8
2663,15519.7
2664,15522.2
2665,15494.2
2666,15481.8
2667,15484.7
2668,15497.8
2669,15496.8
2670,15487.3
2671,15481.3
2672,21376.3
2673,26795.1
2674,31958
2675,31956.7
2676,31706
2677,31704
2678,31659.5
2679,31665.3
2680,31659.6
2681,26032.9
2682,15488.6
2683,15479.9
2684,15500.6
2685,15496.9
2686,15489.3
2687,15481.5
2688,15489
2689,15473.6
2690,15471.2
2691,15458.6
2692,15456.1
2693,15468.9
2694,15471.7
2695,15468.8
2696,20532.6
2697,25606.3
2698,30685
2699,30680.3
2700,30681.2
2701,30683.5
2702,30680.8
2703,30678.8
2704,30685.4
2705,25611
2706,15460
2707,15471.9
2708,15470.8
2709,15456.8
2710,15456
2711,15471.7
2712,15471.6
2713,15442.1
2714,15431.1
2715,15434
2716,15446.6
2717,15445.8
2718,15437.7
2719,26236.6
2720,32017.6
2721,36405.7
2722,42989.1
2723,45183
2724,39154
2725,45182.8
2726,42989.5
2727,40798.4
2728,34761.2
2729,22693.1
2730,18682.5
2731,18693.1
2732,18689.3
2733,15818.4
2734,15430.5
2735,15441.9
2736,15446.2
2737,15421.1
2738,15405.7
2739,15404.8
2740,15418.7
2741,15420.1
2742,15417.3
2743,26189.1
2744,31965
2745,36345.4
2746,42917.6
2747,45103.2
2748,39090.6
2749,45106.7
2750,42918.1
2751,40724.3
2752,34701
2753,22655.9
2754,18651.2
2755,18666.7
2756,18648.6
2757,15800.4
2758,15407.6
2759,15404.9
2760,15416.5
2761,15395.5
2762,15393.4
2763,15379.8
2764,15379.2
2765,15391.2
2766,15393.8
2767,26149
2768,31913.9
2769,36284.3
2770,42847.6
2771,45028.7
2772,39016
2773,45031.4
2774,42842
2775,40653
2776,34645.8
2777,22615.2
2778,18635.6
2779,18617.2
2780,18617.9
2781,15769.8
2782,15393.8
2783,15387.8
2784,15379.4
2785,15356.6
2786,15368
2787,15367.1
2788,15361.4
2789,15353.1
2790,15354.7
2791,26115.1
2792,31855.1
2793,36221.2
2794,42764.9
2795,44954.3
2796,38947.9
2797,44948.7
2798,42768.9
2799,40590.8
2800,34583
2801,22578.6
2802,18587.8
2803,18593.1
2804,18597.8
2805,15735
2806,15352.3
2807,15365.2
2808,15367.4
2809,15341.6
2810,15326.9
2811,15326.1
2812,15337.3
2813,15340.7
2814,15339.8
2815,26052.6
2816,31800.8
2817,36156.5
2818,42697.4
2819,44871.2
2820,38882
2821,44873.4
2822,42692.3
2823,40511.1
2824,34525.5
2825,22537.1
2826,18569.6
2827,18552.2
2828,18556.7
2829,15711.5
2830,15340.6
2831,15339.8
2832,15326.8
2833,15300.9
2834,15309.9
2835,15313.7
2836,15312.9
2837,15302.4
2838,15299.4
2839,15306.2
2840,21122.7
2841,26479.2
2842,31578.1
2843,31576.7
2844,31327.3
2845,31328.1
2846,31283.1
2847,31287.9
2848,31284.3
2849,25722.5
2850,15314.4
2851,15304.8
2852,15299.5
2853,15303.4
2854,15314.1
2855,15313.2
2856,15307.5
2857,15274.3
2858,15272.4
2859,15286.8
2860,15286.1
2861,15285
2862,15272.9
2863,15272.2
2864,20299.2
2865,25299.3
2866,30312.4
2867,30310
2868,30314.4
2869,30313.3
2870,30311.5
2871,30309.8
2872,30315.7
2873,25302.7
2874,15269.6
2875,15285.1
2876,15286.2
2877,15285.6
2878,15273.5
2879,15272.3
2880,15280.3
2881,15260.6
2882,15258.2
2883,15251.6
2884,15245.3
2885,15246.1
2886,15259.3
2887,25926.4
2888,31628.6
2889,35965.5
2890,42461.8
2891,44633.6
2892,38671.3
2893,44630.2
2894,42465.3
2895,40300.7
2896,34335.1
2897,22416
2898,18454.9
2899,18472.8
2900,18452.9
2901,15634.9
2902,15251.2
2903,15245.3
2904,15247.3
2905,15233.2
2906,15230.7
2907,15229.3
2908,15218.1
2909,15217.5
2910,15226.1
2911,25881.2
2912,31570.5
2913,35897.6
2914,42382.7
2915,44553.4
2916,38603
2917,44550.7
2918,42389
2919,40222.2
2920,34272
2921,22378.2
2922,18431.3
2923,18428.1
2924,18419.2
2925,15605.4
2926,15230.7
2927,15224.5
2928,15217.8
2929,15191.1
2930,15202.5
2931,15202.9
2932,15202.1
2933,15192.6
2934,15189.8
2935,25829.8
2936,31510.1
2937,35829.8
2938,42309.9
2939,44465.3
2940,38533.6
2941,44466.7
2942,42306.3
2943,40147.8
2944,34214.6
2945,22340.9
2946,18393.2
2947,18385.3
2948,18405.4
2949,15558.7
2950,15196.7
2951,15203.2
2952,15202.4
2953,15171.1
2954,15162.3
2955,15161.6
2956,15172
2957,15174.8
2958,15174.1
2959,25771.5
2960,31457.4
2961,35765.9
2962,42230
2963,44384.2
2964,38453.1
2965,44382.2
2966,42230.4
2967,40079.1
2968,34144.8
2969,22292.4
2970,18354.8
2971,18368.6
2972,18350.7
2973,15548.5
2974,15173.2
2975,15162.5
2976,15162.1
2977,15141
2978,15146.6
2979,15145.9
2980,15143.3
2981,15134.2
2982,15133.9
2983,25735.2
2984,31391.8
2985,35695.6
2986,42151.7
2987,44299.2
2988,38387.7
2989,44300.8
2990,42148
2991,39999.3
2992,34085
2993,22256.1
2994,18320.3
2995,18323.1
2996,18331.5
2997,15511.1
2998,15133.4
2999,15137.5
3000,15146.6
3001,15119.1
3002,15116.9
3003,15106
3004,15105.3
3005,15107.9
3006,15118
3007,15117.3
3008,20846.6
3009,26134.9
3010,31176.5
3011,31170.6
3012,30926.1
3013,30925.6
3014,30881.9
3015,30885
3016,30884.3
3017,25391.5
3018,15113.1
3019,15117.4
3020,15116.6
3021,15106
3022,15105.3
3023,15108.1
3024,15118.1
3025,15090.3
3026,15088
3027,15078.7
3028,15076.9
3029,15076.6
3030,15089.2
3031,15088.7
3032,20024.1
3033,24978.6
3034,29915.3
3035,29921
3036,29921
3037,29919.6
3038,29918.3
3039,29916.9
3040,29921.6
3041,24974.6
3042,15079
3043,15076.5
3044,15089
3045,15088.8
3046,15088.2
3047,15082.2
3048,15077.1
3049,15049.4
3050,15056.3
3051,15059.9
3052,15059.3
3053,15057.2
3054,15048.5
3055,25580.5
3056,31215.1
3057,35491.8
3058,41913.4
3059,44047.5
3060,38159.7
3061,44044.5
3062,41909.4
3063,39771.3
3064,33883.6
3065,22126
3066,18225.7
3067,18218.9
3068,18214
3069,15426.3
3070,15059.7
3071,15059.1
3072,15053.3
3073,15021.1
3074,15018.8
3075,15026
3076,15030.7
3077,15030.2
3078,15029.8
3079,25523.6
3080,31157.3
3081,35424.1
3082,41824.5
3083,43960.8
3084,38090.2
3085,43961.9
3086,41829.6
3087,39685.1
3088,33825.6
3089,22084.5
3090,18189
3091,18176
3092,18197.2
3093,15383.8
3094,15020.7
3095,15031.1
3096,15030.4
3097,15002.3
3098,14995.1
3099,14990.4
3100,14990.1
3101,14994.7
3102,15001.4
3103,25487.5
3104,31092.4
3105,35352.2
3106,41742.2
3107,43872.1
3108,38020.2
3109,43872.7
3110,41741.4
3111,39617.3
3112,33756.1
3113,22039.4
3114,18142.5
3115,18162.9
3116,18140.1
3117,15371
3118,14998.7
3119,14990.6
3120,14989.9
3121,14963
3122,14972.3
3123,14971.6
3124,14971
3125,14968
3126,14961.2
3127,25430.8
3128,31032.4
3129,35284.1
3130,41664.1
3131,43786
3132,37939
3133,43788.2
3134,41664.9
3135,39529.1
3136,33692.6
3137,21999
3138,18116
3139,18104.5
3140,18127
3141,15326
3142,14960.2
3143,14968.4
3144,14971.8
3145,14943.4
3146,14941.2
3147,14933.4
3148,14931.5
3149,14931.1
3150,14937.2
3151,25389
3152,30966.1
3153,35212.7
3154,41580.8
3155,43700.6
3156,37862.1
3157,43701.9
3158,41580.7
3159,39459.1
3160,33616.6
3161,21952.3
3162,18087.3
3163,18071
3164,18077.9
3165,15296.4
3166,14942.3
3167,14941.9
3168,14941.3
3169,14909.8
3170,14902.3
3171,14901.8
3172,14901.4
3173,14911.5
3174,14912.1
3175,14911.7
3176,20561.8
3177,25780.1
3178,30749.6
3179,30746.8
3180,30500.9
3181,30505.2
3182,30463.2
3183,30461
3184,30460.3
3185,25048.2
3186,14910.3
3187,14902
3188,14901.8
3189,14908.8
3190,14912.4
3191,14911.9
3192,14911.4
3193,14877.8
3194,14872.5
3195,14872
3196,14872.8
3197,14882.8
3198,14882.1
3199,14881.7
3200,19747.4
3201,24635.3
3202,29504.6
3203,29505.9
3204,29511.6
3205,29510
3206,29509
3207,29508.1
3208,29507.5
3209,24630.7
3210,14882.2
3211,14881.4
3212,14875.2
3213,14872.5
3214,14872
3215,14873.6
3216,14882.7
3217,14853.9
3218,14851.6
3219,14851.4
3220,14843.1
3221,14842.6
3222,14842.3
3223,25234.3
3224,30781.6
3225,35001.7
3226,41330.7
3227,43433.6
3228,37635.2
3229,43438.1
3230,41328.4
3231,39214
3232,33422.4
3233,21823.7
3234,17963
3235,17975.5
3236,17967
3237,15218.8
3238,14846.7
3239,14842.8
3240,14842.6
3241,14813.8
3242,14821.4
3243,14822
3244,14821.5
3245,14821.2
3246,14817
3247,25170.5
3248,30723.5
3249,34930.5
3250,41238.7
3251,43348.6
3252,37566.1
3253,43344.1
3254,41239
3255,39145.5
3256,33348.4
3257,21773.2
3258,17937.2
3259,17931.3
3260,17929.5
3261,15176.3
3262,14822.1
3263,14821.8
3264,14821.3
3265,14792.4
3266,14783.1
3267,14782.7
3268,14782.6
3269,14783
3270,14792.1
3271,25132.3
3272,30652.7
3273,34857.1
3274,41162.3
3275,43260.7
3276,37478.6
3277,43259.1
3278,41162.3
3279,39052.1
3280,33286.2
3281,21735.1
3282,17889.8
3283,17902.4
3284,17893.6
3285,15156.7
3286,14787.9
3287,14783
3288,14782.5
3289,14753.8
3290,14755.5
3291,14761.6
3292,14761.1
3293,14760.7
3294,14760.3
3295,25064.8
3296,30598.9
3297,34787.1
3298,41068.1
3299,43168
3300,37405.2
3301,43168.9
3302,41075.3
3303,38977.5
3304,33212.4
3305,21687.5
3306,17864.4
3307,17849
3308,17872.6
3309,15115.7
3310,14752.1
3311,14752
3312,14757.7
3313,14732.8
3314,14730.6
3315,14730.2
3316,14729.8
3317,14725
3318,14722.5
3319,25020.2
3320,30532.6
3321,34714.1
3322,40983.8
3323,43079.9
3324,37332.7
3325,43076.5
3326,40987.3
3327,38899.5
3328,33139.5
3329,21639.7
3330,17833.2
3331,17811.9
3332,17835.4
3333,15079.7
3334,14721.7
3335,14723.2
3336,14731.1
3337,14702
3338,14699.8
3339,14699.5
3340,14698.3
3341,14692.5
3342,14692.1
3343,14692.1
3344,20283.2
3345,25406.4
3346,30309.2
3347,30306.4
3348,30068.6
3349,30069.7
3350,30028.1
3351,30027
3352,30025.2
3353,24690.5
3354,14703.4
3355,14692.5
3356,14692.2
3357,14691.4
3358,14691.4
3359,14699.3
3360,14700.3
3361,14671.1
3362,14669
3363,14668.6
3364,14664.2
3365,14662
3366,14661.6
3367,14661.3
3368,19483.4
3369,24270.8
3370,29089.8
3371,29086.8
3372,29086.2
3373,29085.7
3374,29085.1
3375,29084.6
3376,29084.3
3377,24277.6
3378,14668.7
3379,14668.9
3380,14668.4
3381,14664.1
3382,14662
3383,14661.6
3384,14661.3
3385,14632.8
3386,14639
3387,14638.9
3388,14638.5
3389,14638.3
3390,14637.9
3391,24856.9
3392,30344.5
3393,34494.2
3394,40729.9
3395,42810.6
3396,37089.8
3397,42809.8
3398,40734.2
3399,38648.2
3400,32939.5
3401,21507.1
3402,17703.6
3403,17722.9
3404,17700.2
3405,14998.7
3406,14638.7
3407,14638.3
3408,14637.9
3409,14606.8
3410,14601.3
3411,14601
3412,14600.9
3413,14600.4
3414,14602.3
3415,24822.6
3416,30273.5
3417,34423.7
3418,40645.1
3419,42716.7
3420,37021
3421,42714.6
3422,40644
3423,38572.8
3424,32865
3425,21463.4
3426,17677.3
3427,17667.6
3428,17682.8
3429,14966.2
3430,14600.9
3431,14600.9
3432,14600.8
3433,14571.6
3434,14573.8
3435,14577.5
3436,14577.1
3437,14576.9
3438,14576.6
3439,24759.1
3440,30211.2
3441,34347.1
3442,40562.6
3443,42630.5
3444,36934.4
3445,42632
3446,40553.3
3447,38492.5
3448,32795.9
3449,21413
3450,17647.6
3451,17626.9
3452,17646.3
3453,14923.9
3454,14569.7
3455,14569.8
3456,14577.4
3457,14548.4
3458,14546.3
3459,14546
3460,14545.6
3461,14545.5
3462,14541.7
3463,24701
3464,30152.1
3465,34276.3
3466,40470.6
3467,42539.6
3468,36855.2
3469,42539.7
3470,40472
3471,38406.4
3472,32729.7
3473,21367.2
3474,17605.2
3475,17595.2
3476,17603.6
3477,14892.4
3478,14539
3479,14544.7
3480,14546.5
3481,14517.3
3482,14515.2
3483,14515
3484,14514.6
3485,14513.7
3486,14509.7
3487,24649.7
3488,30087.6
3489,34203.4
3490,40384.2
3491,42449.2
3492,36776.9
3493,42449.6
3494,40384.1
3495,38326.6
3496,32657.6
3497,21321.6
3498,17572.9
3499,17552.2
3500,17572.9
3501,14861.4
3502,14508.7
3503,14508.7
3504,14511.4
3505,14486.8
3506,14484.7
3507,14484.5
3508,14484.2
3509,14484
3510,14483.7
3511,14481.8
3512,19969.5
3513,25038.5
3514,29863.6
3515,29864.2
3516,29626.1
3517,29625.1
3518,29584.6
3519,29584
3520,29589.4
3521,24328.6
3522,14484.3
3523,14478.8
3524,14478.7
3525,14478.3
3526,14478.1
3527,14481.9
3528,14484.8
3529,14455.7
3530,14453.6
3531,14453.3
3532,14453.1
3533,14452.9
3534,14451.8
3535,14448.7
3536,19179.7
3537,23924
3538,28652.6
3539,28654.8
3540,28654.6
3541,28654.4
3542,28654.2
3543,28654
3544,28653.8
3545,23920.6
3546,14456.9
3547,14452.8
3548,14450.6
3549,14448.6
3550,14448.3
3551,14448.1
3552,14447.9
3553,14418.9
3554,14416.9
3555,14421.1
3556,14423.1
3557,14422.9
3558,14422.6
3559,14422.5
3560,19136.8
3561,23875.8
3562,28595.4
3563,28595.2
3564,28595.1
3565,28594.9
3566,28594.8
3567,28594.6
3568,28594.4
3569,23867.8
3570,14416.1
3571,14423.1
3572,14422.9
3573,14422.7
3574,14422.4
3575,14422.3
3576,14422.1
3577,14393.1
3578,14387.7
3579,14387.4
3580,14387.1
3581,14387
3582,14386.9
3583,24447.7
3584,29828.5
3585,33914.2
3586,40036.9
3587,42086.3
3588,36463.2
3589,42087.7
3590,40034.6
3591,38004.2
3592,32374.1
3593,21144.3
3594,17418.3
3595,17407.9
3596,17419.2
3597,14748.1
3598,14390
3599,14387.5
3600,14387.2
3601,14358.4
3602,14356.4
3603,14356.2
3604,14356.3
3605,14355.9
3606,14357.8
3607,24402.6
3608,29761.5
3609,33841
3610,39950.2
3611,41994.2
3612,36386.2
3613,41995.3
3614,39953.5
3615,37918.1
3616,32305.6
3617,21096.4
3618,17386.1
3619,17365.6
3620,17386.3
3621,14715.8
3622,14356.7
3623,14356.8
3624,14356.5
3625,14327.7
3626,14325.7
3627,14325.6
3628,14325.7
3629,14325.3
3630,14329.6
3631,24349.6
3632,29697.3
3633,33768.1
3634,39864.3
3635,41903.9
3636,36307.1
3637,41905.4
3638,39864.4
3639,37838.8
3640,32235.1
3641,21053.5
3642,17343.9
3643,17334.3
3644,17343.4
3645,14684.7
3646,14329.9
3647,14327.1
3648,14326.4
3649,14297.6
3650,14295.6
3651,14295.5
3652,14295.6
3653,14295.2
3654,14295.4
3655,24293.7
3656,29635.6
3657,33695.3
3658,39778.4
3659,41815.5
3660,36228.6
3661,41813.8
3662,39776.8
3663,37754.3
3664,32170.9
3665,21013.3
3666,17293
3667,17313.7
3668,17288.3
3669,14651.4
3670,14299.4
3671,14299.2
3672,14298.9
3673,14270
3674,14268.1
3675,14267.9
3676,14267.8
3677,14266.6
3678,14265.5
3679,14265.3
3680,19676.7
3681,24664.2
3682,29415.7
3683,29418.6
3684,29184.4
3685,29183.9
3686,29144.4
3687,29144.1
3688,29143.5
3689,23962.6
3690,14265.8
3691,14268.7
3692,14277.9
3693,14258.9
3694,14268.3
3695,14268.1
3696,14268
3697,14239.1
3698,14237.1
3699,14236.1
3700,14235.2
3701,14235.1
3702,14234.9
3703,14234.9
3704,18899.7
3705,23565.7
3706,28223.9
3707,28226.6
3708,28226.7
3709,28226.9
3710,28227
3711,28227.1
3712,28227.6
3713,23564.6
3714,14227.8
3715,14234
3716,14237.2
3717,14238.4
3718,14238.3
3719,14238.1
3720,14238
3721,14209.1
3722,14207.2
3723,14207
3724,14206.8
3725,14206.8
3726,14206.6
3727,24130
3728,29437.2
3729,33476.4
3730,39524.5
3731,41541.1
3732,35995.5
3733,41543.7
3734,39523.9
3735,37512.4
3736,31958.4
3737,20876.1
3738,17190.2
3739,17192.9
3740,17186.2
3741,14557.9
3742,14207.2
3743,14206.8
3744,14206.7
3745,14178
3746,14176
3747,14175.9
3748,14175.5
3749,14174.7
3750,14174.5
3751,24071.7
3752,29384.8
3753,33402.3
3754,39442.3
3755,41446.7
3756,35920
3757,41452.8
3758,39441.4
3759,37427.3
3760,31890.1
3761,20827.9
3762,17158.7
3763,17150.8
3764,17154.8
3765,14527.1
3766,14176.6
3767,14176.1
3768,14176
3769,14147.4
3770,14145.6
3771,14144.9
3772,14144.5
3773,14144.5
3774,14144.3
3775,24021.2
3776,29322.1
3777,33330.2
3778,39357.1
3779,41357.1
3780,35842
3781,41364.7
3782,39355.1
3783,37348.7
3784,31820.9
3785,20786.3
3786,17116.4
3787,17120.1
3788,17111.2
3789,14495.2
3790,14146.2
3791,14145.9
3792,14145.8
3793,14117.3
3794,14115.4
3795,14115.3
3796,14115.2
3797,14115.2
3798,14115
3799,23971.6
3800,29248
3801,33260.4
3802,39268
3803,41273.1
3804,35763.8
3805,41277.1
3806,39262.6
3807,37269.5
3808,31756.7
3809,20743
3810,17069.7
3811,17092.5
3812,17072.1
3813,14456
3814,14113.4
3815,14116.1
3816,14116.3
3817,14087.8
3818,14086
3819,14085.9
3820,14085.8
3821,14085.8
3822,14085.6
3823,23930.3
3824,29188.6
3825,33188.8
3826,39183.1
3827,41188.8
3828,35684.3
3829,41180.4
3830,39187.1
3831,37183.2
3832,31691.6
3833,20690.3
3834,17054.7
3835,17029
3836,17055.7
3837,14434.4
3838,14084.3
3839,14084.5
3840,14084.4
3841,14056.4
3842,14054.5
3843,14054.5
3844,14054.5
3845,14054.4
3846,14054.3
3847,14054.2
3848,19386.1
3849,24295.6
3850,28971.7
3851,28977
3852,28748.5
3853,28748.3
3854,28709.7
3855,28709.1
3856,28708.9
3857,23607.9
3858,14057.8
3859,14054.5
3860,14050.9
3861,14057.8
3862,14054.3
3863,14054.3
3864,14054.2
3865,14026.3
3866,14024.5
3867,14024.5
3868,14024.4
3869,14024.4
3870,14024.6
3871,14024.3
3872,18623
3873,23212.6
3874,27801.7
3875,27804.8
3876,27805.2
3877,27805.7
3878,27806.1
3879,27806.5
3880,27806.9
3881,23212.4
3882,14032.3
3883,14024.6
3884,14024.6
3885,14024.9
3886,14025.2
3887,14025.1
3888,14025.1
3889,13997.2
3890,13995.4
3891,13995.4
3892,13995.3
3893,13995.4
3894,13995.3
3895,23765.3
3896,29002.3
3897,32976.3
3898,38930.6
3899,40921.9
3900,35456.6
3901,40921.8
3902,38930.3
3903,36945.7
3904,31490.4
3905,20560.4
3906,16941.7
3907,16924.8
3908,16946.4
3909,14340.2
3910,13995.1
3911,13995.3
3912,13995.2
3913,13967.6
3914,13965.8
3915,13965.8
3916,13965.7
3917,13965.8
3918,13965.7
3919,23715.1
3920,28943.2
3921,32905.6
3922,38847.4
3923,40834.7
3924,35381
3925,40833.7
3926,38848.5
3927,36866.6
3928,31421.5
3929,20515.2
3930,16909.8
3931,16883.6
3932,16910.9
3933,14312.3
3934,13965.5
3935,13964.9
3936,13964.9
3937,13937.2
3938,13935.3
3939,13935.3
3940,13935.3
3941,13935.3
3942,13935.2
3943,23666.1
3944,28874.2
3945,32836.5
3946,38764.6
3947,40749.3
3948,35305.1
3949,40740.9
3950,38771.9
3951,36788.4
3952,31349.2
3953,20473.5
3954,16868
3955,16863.9
3956,16858
3957,14279.9
3958,13936.2
3959,13936.1
3960,13936
3961,13908.4
3962,13906.6
3963,13906.6
3964,13906.6
3965,13906.7
3966,13906.6
3967,23625.5
3968,28817.5
3969,32766.6
3970,38684.6
3971,40655
3972,35231.4
3973,40658.1
3974,38684.5
3975,36714.6
3976,31282.5
3977,20435.4
3978,16818.9
3979,16835.6
3980,16828.1
3981,14244.2
3982,13906.6
3983,13906.8
3984,13907.1
3985,13879.6
3986,13877.9
3987,13878
3988,13878
3989,13878
3990,13878.2
3991,23567.9
3992,28763
3993,32696.2
3994,38602
3995,40575.2
3996,35156.7
3997,40572.2
3998,38603.2
3999,36632.2
4000,31219.3
4001,20382.6
4002,16800.3
4003,16790.5
4004,16788.9
4005,14219.8
4006,13877.4
4007,13877.3
4008,13877.2
4009,13850
4010,13848.2
4011,13848.3
4012,13848.3
4013,13848.4
4014,13848.3
4015,13848.4
4016,19108.2
4017,23934.6
4018,28551
4019,28549.2
4020,28322.7
4021,28322.8
4022,28285.1
4023,28284.8
4024,28284.9
4025,23259.1
4026,13855.8
4027,13847.5
4028,13847.4
4029,13847.5
4030,13847.6
4031,13847.6
4032,13847.6
4033,13820.5
4034,13818.8
4035,13818.8
4036,13818.9
4037,13818.9
4038,13818.9
4039,13819
4040,18343.7
4041,22868.9
4042,27400.9
4043,27394.1
4044,27394.4
4045,27395.1
4046,27395.8
4047,27396.5
4048,27397.1
4049,22870.4
4050,13824.4
4051,13818.7
4052,13818.8
4053,13818.8
4054,13818.9
4055,13818.9
4056,13819
4057,13792
4058,13790.4
4059,13790.4
4060,13790.4
4061,13790.5
4062,13790.5
4063,23428.9
4064,28577.3
4065,32487.8
4066,38366.3
4067,40310.8
4068,34937.3
4069,40322.6
4070,38356.6
4071,36403.4
4072,31026.3
4073,20255.9
4074,16697.2
4075,16680.6
4076,16689.6
4077,14131.3
4078,13790.5
4079,13790.3
4080,13790.3
4081,13763.6
4082,13762
4083,13762
4084,13762
4085,13762.2
4086,13762.1
4087,23383
4088,28519.2
4089,32420.4
4090,38283.4
4091,40231.2
4092,34865.3
4093,40235.3
4094,38279.1
4095,36326.9
4096,30956.9
4097,20218.9
4098,16655.1
4099,16659.4
4100,16640.5
4101,14100.6
4102,13762.2
4103,13762.3
4104,13763.2
4105,13737
4106,13735.4
4107,13735.5
4108,13735.8
4109,13735.6
4110,13735.8
4111,23326.8
4112,28463.9
4113,32356.9
4114,38197.8
4115,40154.9
4116,34790.3
4117,40144.9
4118,38205.9
4119,36253.2
4120,30891.4
4121,20181.8
4122,16610.1
4123,16625.4
4124,16623.3
4125,14069
4126,13735.7
4127,13736.1
4128,13736
4129,13710
4130,13708.5
4131,13708.6
4132,13706
4133,13704.7
4134,13704.7
4135,23276.2
4136,28397
4137,32290.1
4138,38122.2
4139,40063
4140,34719.8
4141,40074.5
4142,38116.1
4143,36178.2
4144,30834.4
4145,20130.5
4146,16594.3
4147,16582.3
4148,16581.3
4149,14043.6
4150,13705.5
4151,13705.5
4152,13705.6
4153,13679.5
4154,13678.3
4155,13680
4156,13680.2
4157,13680.1
4158,13680.5
4159,23233.3
4160,28347.1
4161,32224.5
4162,38041.6
4163,39990.8
4164,34648.1
4165,39981.7
4166,38046.7
4167,36105.6
4168,30766.7
4169,20096
4170,16551.8
4171,16545.3
4172,16561.8
4173,14018.1
4174,13677.6
4175,13676.8
4176,13676.8
4177,13651
4178,13649.4
4179,13649.5
4180,13649.6
4181,13649.7
4182,13649.8
4183,13649.9
4184,18836.5
4185,23589.5
4186,28142.2
4187,28140.2
4188,27917
4189,27912.9
4190,27875.5
4191,27876.2
4192,27876.3
4193,22922.5
4194,13646.5
4195,13652.7
4196,13653
4197,13652.8
4198,13653
4199,13653.1
4200,13653.1
4201,13627.7
4202,13626.2
4203,13626.4
4204,13625.3
4205,13621.6
4206,13621.7
4207,13621.8
4208,18075.7
4209,22545.5
4210,27009.7
4211,27003
4212,27003.9
4213,27004.8
4214,27005.7
4215,27007.2
4216,27004.5
4217,22540.3
4218,13619.8
4219,13625.5
4220,13625.6
4221,13625.7
4222,13625.8
4223,13625.9
4224,13625.9
4225,13600.8
4226,13599.4
4227,13599.5
4228,13597.6
4229,13594.4
4230,13594.5
4231,23089.7
4232,28168.9
4233,32028.3
4234,37817.4
4235,39738.8
4236,34441.9
4237,39745
4238,37816.3
4239,35885.6
4240,30580.3
4241,19980.2
4242,16438.7
4243,16462.3
4244,16454.4
4245,13928.8
4246,13599
4247,13599.3
4248,13599.3
4249,13574.4
4250,13568
4251,13567.6
4252,13567.6
4253,13567.8
4254,13567.8
4255,23048.3
4256,28115.2
4257,31962.6
4258,37741.6
4259,39663.7
4260,34372.1
4261,39659.8
4262,37745.5
4263,35816.1
4264,30519.2
4265,19935.6
4266,16420.9
4267,16411.4
4268,16429.9
4269,13905.3
4270,13568.1
4271,13567.7
4272,13567.8
4273,13542.9
4274,13541.5
4275,13541.6
4276,13541.7
4277,13543.6
4278,13545.9
4279,23005.7
4280,28064.2
4281,31903.6
4282,37662.9
4283,39590.5
4284,34300.5
4285,39585.6
4286,37661.3
4287,35744.3
4288,30464.9
4289,19889.2
4290,16395.2
4291,16390.8
4292,16374.9
4293,13874.8
4294,13544.9
4295,13545.6
4296,13546
4297,13521.3
4298,13519.9
4299,13520
4300,13520.1
4301,13520.3
4302,13518.7
4303,22950
4304,28001.6
4305,31841
4306,37593.3
4307,39504.5
4308,34238.9
4309,39508.8
4310,37596.5
4311,35673.8
4312,30399.6
4313,19859.8
4314,16354.1
4315,16350.9
4316,16365.5
4317,13851.3
4318,13515
4319,13514.6
4320,13514.6
4321,13490.4
4322,13488.9
4323,13489.1
4324,13489.2
4325,13493.1
4326,13494.1
4327,22914.6
4328,27955.8
4329,31780.5
4330,37517.9
4331,39433.7
4332,34166.5
4333,39438.1
4334,37516.2
4335,35604.6
4336,30341
4337,19823.4
4338,16316.2
4339,16334.1
4340,16320.3
4341,13821.2
4342,13493.9
4343,13494.2
4344,13494.3
4345,13470.5
4346,13464
4347,13462.6
4348,13462.7
4349,13462.9
4350,13463
4351,13463.1
4352,18580.9
4353,23264.8
4354,27756.5
4355,27750.3
4356,27530.9
4357,27531.3
4358,27495.3
4359,27495.7
4360,27496.5
4361,22612.6
4362,13471
4363,13462.6
4364,13462.7
4365,13463
4366,13463.1
4367,13463.3
4368,13464.6
4369,13444.5
4370,13443
4371,13443.1
4372,13443.3
4373,13443.5
4374,13443.6
4375,13443.2
4376,17822.9
4377,22243.8
4378,26643
4379,26636.6
4380,26637.2
4381,26638.3
4382,26639.7
4383,26638.4
4384,26637
4385,22241.9
4386,13443.5
4387,13443.7
4388,13440.4
4389,13437
4390,13437.1
4391,13437.3
4392,13437.5
4393,13413.9
4394,13412.6
4395,13417.7
4396,13418.3
4397,13418.2
4398,13418.5
4399,22779.2
4400,27792
4401,31598.1
4402,37305.5
4403,39202.4
4404,33978
4405,39207.3
4406,37310.2
4407,35402.4
4408,30168.3
4409,19705.8
4410,16238.5
4411,16218.5
4412,16239
4413,13744.4
4414,13412.4
4415,13412.4
4416,13412.6
4417,13393.3
4418,13393.4
4419,13393.5
4420,13393.7
4421,13393.9
4422,13394
4423,13392.7
4424,17756.2
4425,22160.8
4426,26543.4
4427,26536.7
4428,26537.8
4429,26539
4430,26541.8
4431,26536.8
4432,26538.2
4433,22157.3
4434,13397.4
4435,13386.8
4436,13387
4437,13387.2
4438,13387.4
4439,13387.6
4440,13390.3
4441,13370.5
4442,13369.2
4443,13369.4
4444,13369.5
4445,13369.7
4446,13368.8
4447,22690.9
4448,27686
4449,31477.2
4450,37168.6
4451,39061.7
4452,33849.9
4453,39060.1
4454,37164.7
4455,35271.5
4456,30062
4457,19630.5
4458,16173.9
4459,16181
4460,16161.9
4461,13693.4
4462,13369.1
4463,13369.5
4464,13369.6
4465,13347.3
4466,13338.5
4467,13338
4468,13338.1
4469,13338.4
4470,13338.5
4471,22662.8
4472,27641.5
4473,31424.4
4474,37097.9
4475,38991.5
4476,33786.2
4477,38994.2
4478,37097.3
4479,35206.3
4480,30001.9
4481,19600.2
4482,16144.1
4483,16132.1
4484,16152.6
4485,13669.3
4486,13338.6
4487,13338.5
4488,13338.6
4489,13320
4490,13321.4
4491,13321.6
4492,13322
4493,13321.9
4494,13322.1
4495,22609.8
4496,27585.6
4497,31363
4498,37033.5
4499,38921.7
4500,33727
4501,38918.8
4502,37029.7
4503,35144.6
4504,29948.5
4505,19567.5
4506,16104.6
4507,16123.5
4508,16114.7
4509,13644.7
4510,13321.8
4511,13321
4512,13313.8
4513,13291.9
4514,13290.7
4515,13290.9
4516,13291.2
4517,13297.8
4518,13298.4
4519,13298.6
4520,18333.7
4521,22974.7
4522,27395
4523,27397.3
4524,27180.7
4525,27181.6
4526,27143.7
4527,27142.5
4528,27143.3
4529,22325.3
4530,13299.1
4531,13297.8
4532,13290.2
4533,13290.5
4534,13290.7
4535,13290.9
4536,13291.1
4537,13276.4
4538,13275.2
4539,13275.4
4540,13275.6
4541,13275.7
4542,13271.4
4543,13267.1
4544,17608.8
4545,21956
4546,26303.5
4547,26300
4548,26301.2
4549,26303.5
4550,26299.4
4551,26300.6
4552,26303.1
4553,21954.3
4554,13266.2
4555,13275.2
4556,13272
4557,13278.6
4558,13275.6
4559,13275.8
4560,13269
4561,13245.7
4562,13244.5
4563,13244.7
4564,13244.9
4565,13252.3
4566,13252.9
4567,22496
4568,27447.6
4569,31202.2
4570,36838.7
4571,38713.1
4572,33551.3
4573,38713.1
4574,36835.6
4575,34959.7
4576,29794.7
4577,19461.5
4578,16024.1
4579,16038.9
4580,16029
4581,13574.1
4582,13252.8
4583,13251
4584,13244.1
4585,13223.2
4586,13222.1
4587,13222.3
4588,13226.6
4589,13230.2
4590,13230.7
4591,22458.2
4592,27397.7
4593,31148.2
4594,36776
4595,38646.3
4596,33493.7
4597,38648.6
4598,36773
4599,34900.6
4600,29740.6
4601,19434.6
4602,15988.3
4603,16010
4604,16010.9
4605,13552.7
4606,13223.1
4607,13221.7
4608,13221.9
4609,13201.4
4610,13202
4611,13208.4
4612,13208.7
4613,13208.6
4614,13208.7
4615,22417.7
4616,27347.5
4617,31092.8
4618,36711.4
4619,38590.2
4620,33433.2
4621,38586.5
4622,36711.4
4623,34841.4
4624,29690.5
4625,19397.2
4626,15977.6
4627,15963.9
4628,15984.2
4629,13526.9
4630,13200.1
4631,13200.3
4632,13208.5
4633,13188.1
4634,13187.1
4635,13187.3
4636,13185.8
4637,13177.6
4638,13177.7
4639,22384.5
4640,27306.7
4641,31045.2
4642,36650.6
4643,38520.2
4644,33382.1
4645,38520.8
4646,36654.4
4647,34779.3
4648,29645.1
4649,19356.5
4650,15957
4651,15957.6
4652,15938.2
4653,13506.5
4654,13186.8
4655,13187.2
4656,13187.1
4657,13157.8
4658,13156.3
4659,13156.6
4660,13156.8
4661,13163.6
4662,13165.9
4663,22347.3
4664,27264
4665,30993.8
4666,36593
4667,38454.9
4668,33326.6
4669,38455.8
4670,36589.9
4671,34726.3
4672,29593.4
4673,19335.5
4674,15920.6
4675,15917
4676,15932.7
4677,13483.3
4678,13156.8
4679,13156.8
4680,13161.5
4681,13146.1
4682,13145
4683,13145.2
4684,13145.4
4685,13136.3
4686,13135.2
4687,13135.5
4688,18128.3
4689,22700.2
4690,27077.9
4691,27075.5
4692,26861.7
4693,26862.6
4694,26829.4
4695,26825
4696,26825.5
4697,22064.8
4698,13145.3
4699,13141.6
4700,13135.1
4701,13135.4
4702,13135.7
4703,13138.3
4704,13145.1
4705,13125.8
4706,13124.8
4707,13125
4708,13117.3
4709,13114.6
4710,13114.8
4711,13115.1
4712,17427.1
4713,21703.4
4714,25995.1
4715,26000.7
4716,25997.6
4717,25997.2
4718,25999.7
4719,25998.3
4720,25997.5
4721,21706.3
4722,13121.3
4723,13114.9
4724,13115.1
4725,13121.1
4726,13124.5
4727,13124.7
4728,13124.8
4729,13104.4
4730,13094.2
4731,13094.5
4732,13094.7
4733,13097.2
4734,13104.8
4735,22242.9
4736,27137.3
4737,30847.7
4738,36419.3
4739,38274.3
4740,33169.6
4741,38275.4
4742,36418.2
4743,34563.2
4744,29453.4
4745,19240.7
4746,15856.2
4747,15838.4
4748,15849.2
4749,13418.1
4750,13099.6
4751,13104.5
4752,13104.9
4753,13086.4
4754,13084.1
4755,13074.4
4756,13074.5
4757,13074.9
4758,13077.8
4759,22214.8
4760,27097.3
4761,30802.3
4762,36366
4763,38215.7
4764,33119.1
4765,38216.3
4766,36362.3
4767,34510.4
4768,29409.4
4769,19213.4
4770,15829.6
4771,15814.4
4772,15828
4773,13398.1
4774,13077
4775,13084.9
4776,13085.2
4777,13067.1
4778,13066.2
4779,13055.9
4780,13055
4781,13055.4
4782,13057.5
4783,22182.2
4784,27057
4785,30756.4
4786,36311.4
4787,38158.2
4788,33069.8
4789,38159.8
4790,36308.5
4791,34459.4
4792,29365
4793,19182.9
4794,15810.1
4795,15791.4
4796,15798.9
4797,13377.6
4798,13063.8
4799,13065.7
4800,13066.2
4801,13048.5
4802,13040.1
4803,13036
4804,13036.3
4805,13036.6
4806,13046.8
4807,22145
4808,27016.7
4809,30709.5
4810,36255.9
4811,38105.5
4812,33019.2
4813,38107
4814,36254.5
4815,34408
4816,29322.2
4817,19151.9
4818,15786.7
4819,15779.3
4820,15768.1
4821,13363.2
4822,13046.9
4823,13047.2
4824,13046.1
4825,13018.5
4826,13017.6
4827,13017.9
4828,13023.5
4829,13028.5
4830,13029
4831,22114
4832,26970.1
4833,30663.2
4834,36202.6
4835,38054.1
4836,32969.9
4837,38051.6
4838,36205.9
4839,34353.8
4840,29286.2
4841,19127.1
4842,15752.2
4843,15764.7
4844,15759.8
4845,13344.5
4846,13023.8
4847,13017.4
4848,13017.6
4849,13000.9
4850,13009.7
4851,13010.7
4852,13010.9
4853,13011.1
4854,13000.3
4855,12999.3
4856,17935.8
4857,22466.5
4858,26797.9
4859,26795
4860,26583.6
4861,26584.6
4862,26549.7
4863,26547.3
4864,26547.9
4865,21834.3
4866,13005.4
4867,12999.6
4868,13002.6
4869,13010.7
4870,13010.7
4871,13011
4872,13007.8
4873,12982.6
4874,12981.7
4875,12982.1
4876,12991.4
4877,12993.1
4878,12993.3
4879,12993.6
4880,17221.4
4881,21486.2
4882,25738.7
4883,25733
4884,25737.8
4885,25732.1
4886,25733.4
4887,25737.3
4888,25732.7
4889,21486.6
4890,12991.5
4891,12981.6
4892,12981.9
4893,12986.2
4894,12993.1
4895,12993.2
4896,12993.4
4897,12972.3
4898,12964.2
4899,12964.5
4900,12965.3
4901,12976.1
4902,12976.5
4903,22023.9
4904,26861
4905,30537.7
4906,36054.5
4907,37897.2
4908,32836.5
4909,37894.2
4910,36057.5
4911,34216.2
4912,29162
4913,19056.2
4914,15679.7
4915,15698.1
4916,15700
4917,13287.7
4918,12964.7
4919,12964.6
4920,12969.5
4921,12960.4
4922,12959.6
4923,12959.8
4924,12952
4925,12947.4
4926,12947.6
4927,21997.1
4928,26831.3
4929,30505.1
4930,36010.9
4931,37842.7
4932,32796.8
4933,37845.7
4934,36007.5
4935,34173.7
4936,29122.7
4937,19020.6
4938,15679
4939,15679.5
4940,15662.7
4941,13273.4
4942,12959.5
4943,12956.2
4944,12947.2
4945,12932.2
4946,12931.7
4947,12943.4
4948,12943.5
4949,12943.5
4950,12940
4951,21958.4
4952,26792.9
4953,30462.9
4954,35963.9
4955,37793.6
4956,32758.2
4957,37796.1
4958,35962.9
4959,34130.8
4960,29086.4
4961,19001.2
4962,15660.7
4963,15642.9
4964,15646.6
4965,13253.7
4966,12943
4967,12943.3
4968,12943.5
4969,12921
4970,12915.1
4971,12915.4
4972,12920.4
4973,12927.5
4974,12927.9
4975,21939.9
4976,26756.8
4977,30422.7
4978,35918.8
4979,37750.1
4980,32716.4
4981,37747.1
4982,35918.4
4983,34089.6
4984,29050.5
4985,18981.7
4986,15632.1
4987,15623.1
4988,15639.3
4989,13235
4990,12918.9
4991,12927.5
4992,12927.8
4993,12913.4
4994,12904.4
4995,12899.6
4996,12899.8
4997,12906
4998,12912.4
4999,21914.2
5000,26729.1
5001,30384.7
5002,35873.7
5003,37706.9
5004,32673.6
5005,37702.9
5006,35876.4
5007,34049.1
5008,29015.6
5009,18960.3
5010,15608.9
5011,15607.3
5012,15622.6
5013,13219.7
5014,12900.1
5015,12910.9
5016,12912.5
5017,12898.5
5018,12894.2
5019,12884.5
5020,12884.8
5021,12887
5022,12897.6
5023,12897.7
5024,17770
5025,22274.7
5026,26559.8
5027,26562.2
5028,26347.2
5029,26348.2
5030,26314.3
5031,26315.2
5032,26312.8
5033,21643.1
5034,12896.3
5035,12884.5
5036,12884.6
5037,12890.6
5038,12897.3
5039,12897.5
5040,12897.7
5041,12873
5042,12870.1
5043,12870.4
5044,12880.4
5045,12883
5046,12883.4
5047,12879.8
5048,17077.8
5049,21303.1
5050,25513.3
5051,25512
5052,25516
5053,25511.2
5054,25516.2
5055,25511.6
5056,25511.6
5057,21299.5
5058,12870
5059,12882.9
5060,12883
5061,12883.3
5062,12877.7
5063,12869.9
5064,12870.3
5065,12862.4
5066,12869.1
5067,12869.2
5068,12869.4
5069,12857.4
5070,12855.9
5071,21838.8
5072,26640.7
5073,30289
5074,35756.1
5075,37575.3
5076,32561.3
5077,37581.1
5078,35753.6
5079,33926.7
5080,28920.8
5081,18892.3
5082,15553.6
5083,15569.8
5084,15568.8
5085,13177.2
5086,12856.4
5087,12856.2
5088,12862.6
5089,12856.4
5090,12855.8
5091,12855.7
5092,12842.3
5093,12842.4
5094,12842.9
5095,21821.6
5096,26615.3
5097,30251.8
5098,35713.7
5099,37542.5
5100,32524.1
5101,37536.8
5102,35716.4
5103,33895.3
5104,28886.7
5105,18876.7
5106,15539.1
5107,15538.6
5108,15553.3
5109,13161
5110,12843.3
5111,12855.8
5112,12856
5113,12843.8
5114,12834.3
5115,12829.2
5116,12829.4
5117,12838.5
5118,12843
5119,21795.8
5120,26580.7
5121,30219.8
5122,35679.5
5123,37497.2
5124,32500.4
5125,37496.6
5126,35680.1
5127,33861.6
5128,28857.2
5129,18850.7
5130,15537.6
5131,15525.7
5132,15520.3
5133,13153.9
5134,12842.6
5135,12843
5136,12833.1
5137,12817.3
5138,12816.9
5139,12827.6
5140,12830.5
5141,12830.5
5142,12824.9
5143,21764.6
5144,26556.1
5145,30194
5146,35644.4
5147,37460.5
5148,32464.7
5149,37462.3
5150,35643.1
5151,33825.5
5152,28828.8
5153,18831
5154,15512.4
5155,15521.9
5156,15521.1
5157,13138.4
5158,12817
5159,12816.7
5160,12820
5161,12819
5162,12818.3
5163,12818.6
5164,12806
5165,12804.5
5166,12804.9
5167,21757.3
5168,26536.8
5169,30162.2
5170,35607.3
5171,37430.1
5172,32429.4
5173,37424
5174,35610.7
5175,33797.2
5176,28801.4
5177,18818.7
5178,15501.9
5179,15490.8
5180,15499.6
5181,13121.1
5182,12818.2
5183,12818.3
5184,12818.4
5185,12797.6
5186,12792.7
5187,12793.1
5188,12805.1
5189,12806.7
5190,12806.9
5191,12798.9
5192,17639.1
5193,22113.1
5194,26374.3
5195,26368.6
5196,26160.7
5197,26164.4
5198,26124.2
5199,26125.8
5200,26129.1
5201,21481.2
5202,12801.4
5203,12806.8
5204,12806.9
5205,12796.7
5206,12792.7
5207,12793.1
5208,12805.2
5209,12796.4
5210,12795.9
5211,12787.3
5212,12781.5
5213,12781.9
5214,12792.7
5215,12795.7
5216,16966.7
5217,21156.2
5218,25342.5
5219,25335.6
5220,25341.3
5221,25335.1
5222,25336.5
5223,25340.2
5224,25335.9
5225,21153.5
5226,12783.4
5227,12791.1
5228,12795.6
5229,12795.9
5230,12790.7
5231,12781.5
5232,12781.8
5233,12779.8
5234,12785.1
5235,12785.3
5236,12780.9
5237,12770.8
5238,12771
5239,21697.8
5240,26467.5
5241,30084.1
5242,35514.7
5243,37332.1
5244,32343.4
5245,37325.9
5246,35517.3
5247,33708.5
5248,28726
5249,18769
5250,15463.1
5251,15450.9
5252,15455
5253,13091.1
5254,12785
5255,12785.3
5256,12783.3
5257,12761.2
5258,12760.9
5259,12766.7
5260,12775.3
5261,12775.3
5262,12773.1
5263,21668.1
5264,26439.8
5265,30062.3
5266,35489.5
5267,37297.3
5268,32323.2
5269,37299.8
5270,35488.3
5271,33674.2
5272,28707.3
5273,18756.7
5274,15435.9
5275,15450.5
5276,15454.2
5277,13078.4
5278,12761.2
5279,12768.8
5280,12775.3
5281,12766.3
5282,12761.1
5283,12750.9
5284,12751.2
5285,12759.9
5286,12765.9
5287,21664
5288,26417.9
5289,30036.2
5290,35461.6
5291,37267.7
5292,32301.7
5293,37269.9
5294,35461.7
5295,33654.3
5296,28680.6
5297,18730.5
5298,15440.1
5299,15442.4
5300,15437.5
5301,13075
5302,12753.7
5303,12751.1
5304,12752.2
5305,12757.2
5306,12756.6
5307,12756.8
5308,12743.5
5309,12742
5310,12744.7
5311,21649.5
5312,26407
5313,30011.8
5314,35434.1
5315,37243.6
5316,32275.9
5317,37240.3
5318,35436.9
5319,33630.9
5320,28660.3
5321,18721.3
5322,15431.6
5323,15427.4
5324,15416.2
5325,13065.6
5326,12756.6
5327,12746.8
5328,12741.8
5329,12734.1
5330,12747.8
5331,12748
5332,12748.2
5333,12736.2
5334,12733.2
5335,21631.1
5336,26388.6
5337,29997.3
5338,35410.3
5339,37221.6
5340,32247.8
5341,37215.3
5342,35412.6
5343,33609
5344,28641.3
5345,18712.7
5346,15421.9
5347,15406.1
5348,15405.5
5349,13056.9
5350,12747.9
5351,12748.3
5352,12737.6
5353,12725.6
5354,12725.7
5355,12740.2
5356,12740
5357,12740.3
5358,12726.9
5359,12725.1
5360,17567.5
5361,21994.8
5362,26225.7
5363,26230.3
5364,26026.1
5365,26020.7
5366,25987.4
5367,25991
5368,25986
5369,21376.2
5370,12738.7
5371,12725
5372,12725.3
5373,12734.8
5374,12740
5375,12740.2
5376,12732.8
5377,12717.9
5378,12717.8
5379,12730.4
5380,12732.5
5381,12732.7
5382,12721.6
5383,12717.5
5384,16897.7
5385,21044.8
5386,25206.9
5387,25214
5388,25208.5
5389,25214.3
5390,25208.1
5391,25211.4
5392,25211.2
5393,21051
5394,12728.3
5395,12717.5
5396,12718.2
5397,12732.7
5398,12732.5
5399,12732.8
5400,12718.9
5401,12710.9
5402,12714.8
5403,12725.5
5404,12725.8
5405,12723.3
5406,12710.1
5407,21589.3
5408,26338
5409,29945.8
5410,35348.3
5411,37151.7
5412,32189.6
5413,37149.4
5414,35347.6
5415,33549.1
5416,28589.9
5417,18679.7
5418,15392.9
5419,15378.7
5420,15378.1
5421,13033.9
5422,12725.3
5423,12725.7
5424,12715
5425,12704.2
5426,12704.8
5427,12719.1
5428,12719.3
5429,12719.3
5430,12704.4
5431,21576.9
5432,26324
5433,29930
5434,35331.4
5435,37131.4
5436,32172.9
5437,37130.5
5438,35329.1
5439,33531.8
5440,28575.1
5441,18670.2
5442,15384.6
5443,15370.8
5444,15370.4
5445,13027.3
5446,12718.8
5447,12719.2
5448,12708.6
5449,12698.1
5450,12698.9
5451,12713.1
5452,12713.3
5453,12713.2
5454,12698
5455,21566.8
5456,26311.5
5457,29915.8
5458,35313.3
5459,37114.1
5460,32157.6
5461,37112.3
5462,35312.4
5463,33515.5
5464,28561.5
5465,18660.8
5466,15379
5467,15363.6
5468,15363.1
5469,13021
5470,12712.9
5471,12713.2
5472,12700
5473,12692.6
5474,12696.5
5475,12707.6
5476,12707.9
5477,12704.9
5478,12692
5479,21558.8
5480,26300.5
5481,29903.2
5482,35297.5
5483,37099.7
5484,32143.7
5485,37095.1
5486,35298.4
5487,33500.6
5488,28549
5489,18650.8
5490,15372.5
5491,15359.8
5492,15356.3
5493,13015.4
5494,12707.5
5495,12704.8
5496,12692
5497,12687.7
5498,12696.6
5499,12702.5
5500,12702.7
5501,12694.2
5502,12687
5503,21551.6
5504,26292.5
5505,29889.2
5506,35281.6
5507,37085.4
5508,32132.1
5509,37080.8
5510,35284
5511,33487.8
5512,28537.7
5513,18641.8
5514,15365.8
5515,15359.7
5516,15350.7
5517,13010.3
5518,12702.6
5519,12691.7
5520,12687.1
5521,12685.1
5522,12698.2
5523,12698.2
5524,12697
5525,12682.5
5526,12682.8
5527,12690.9
5528,17506.8
5529,21922.7
5530,26141.3
5531,26146.3
5532,25933.9
5533,25935.1
5534,25904.7
5535,25899.6
5536,25900.8
5537,21301.2
5538,12685
5539,12693.6
5540,12698.4
5541,12698.4
5542,12688.1
5543,12682.7
5544,12683.9
5545,12694.6
5546,12694.3
5547,12693.9
5548,12678.7
5549,12678.9
5550,12686.6
5551,12694.2
5552,16832.1
5553,20985.8
5554,25139.1
5555,25131.7
5556,25137.8
5557,25131.3
5558,25137.5
5559,25131.7
5560,25132.2
5561,20982.7
5562,12689.1
5563,12694.3
5564,12694.3
5565,12679
5566,12678.9
5567,12686.1
5568,12694.2
5569,12691.2
5570,12685
5571,12675.3
5572,12675.6
5573,12688.8
5574,12691.1
5575,21533.8
5576,26259.8
5577,29858.9
5578,35251.5
5579,37046.4
5580,32106.6
5581,37049.3
5582,35250.5
5583,33447.8
5584,28513.9
5585,18634.2
5586,15334.1
5587,15340
5588,15351.4
5589,12989.8
5590,12681.7
5591,12690.9
5592,12690.9
5593,12683.1
5594,12672.3
5595,12672.7
5596,12685.1
5597,12688
5598,12688.2
5599,21520.5
5600,26256.1
5601,29854
5602,35243.5
5603,37037.6
5604,32095.1
5605,37041.1
5606,35240.7
5607,33444.4
5608,28504.6
5609,18626
5610,15341.5
5611,15332.8
5612,15338.6
5613,12990.5
5614,12687.8
5615,12688.1
5616,12683.3
5617,12670.1
5618,12670.3
5619,12682.3
5620,12685.9
5621,12685.9
5622,12673.9
5623,21518.3
5624,26253.6
5625,29850.3
5626,35236.5
5627,37033
5628,32087.5
5629,37030.7
5630,35236.3
5631,33442.1
5632,28499.2
5633,18618.2
5634,15345.7
5635,15334.2
5636,15329.9
5637,12993
5638,12685.6
5639,12680.6
5640,12669.9
5641,12668.6
5642,12681
5643,12683.9
5644,12684
5645,12671.6
5646,12668.2
5647,21521.2
5648,26254.5
5649,29841.3
5650,35227.4
5651,37030.3
5652,32086.9
5653,37024.4
5654,35231.9
5655,33436.4
5656,28494.4
5657,18611.8
5658,15341.9
5659,15342
5660,15332
5661,12991.2
5662,12677.1
5663,12668.2
5664,12668.5
5665,12681.5
5666,12682.6
5667,12682.8
5668,12668.7
5669,12667
5670,12672.9
5671,21520.8
5672,26251.2
5673,29836.1
5674,35226.8
5675,37021.4
5676,32088.4
5677,37023.4
5678,35227.6
5679,33432.2
5680,28491.4
5681,18611.9
5682,15330.1
5683,15341.2
5684,15340.4
5685,12983.5
5686,12667.4
5687,12669.2
5688,12682.9
5689,12681.9
5690,12680.1
5691,12666
5692,12666.4
5693,12675.4
5694,12682
5695,12681.9
5696,17460.3
5697,21899.6
5698,26113.4
5699,26107.2
5700,25901.4
5701,25905.6
5702,25865.6
5703,25866.7
5704,25870.3
5705,21275.6
5706,12676
5707,12682.1
5708,12667.2
5709,12666.3
5710,12673
5711,12681.8
5712,12681.9
5713,12675.9
5714,12665.9
5715,12666.2
5716,12679.6
5717,12681.6
5718,12681.8
5719,12668.4
5720,16819.3
5721,20964.6
5722,25103
5723,25112.4
5724,25105.9
5725,25112.2
5726,25105.9
5727,25107.3
5728,25110.6
5729,20965.8
5730,12677.1
5731,12665.9
5732,12667.6
5733,12681.7
5734,12681.7
5735,12680.3
5736,12665.8
5737,12666.4
5738,12675
5739,12681.8
5740,12682
5741,12673.4
5742,12666.1
5743,21516.4
5744,26249.8
5745,29838.5
5746,35222.7
5747,37024
5748,32080.3
5749,37019.8
5750,35226
5751,33430.9
5752,28489.9
5753,18609.6
5754,15339.7
5755,15339.4
5756,15326.8
5757,12989.2
5758,12678.1
5759,12666.1
5760,12666.4
5761,12678.3
5762,12682.7
5763,12682.9
5764,12671.7
5765,12667.1
5766,12669.7
5767,21522.4
5768,26252.4
5769,29835.9
5770,35226.8
5771,37021.7
5772,32089.3
5773,37023.4
5774,35227.7
5775,33432.4
5776,28491.7
5777,18610.4
5778,15333.7
5779,15341.2
5780,15340.4
5781,12984
5782,12667.5
5783,12667.4
5784,12681.9
5785,12684
5786,12684.3
5787,12669.9
5788,12668.5
5789,12674.8
5790,12684.4
5791,21524.5
5792,26246.9
5793,29841.7
5794,35231.1
5795,37025.4
5796,32090.7
5797,37028.1
5798,35230.8
5799,33431.2
5800,28498.5
5801,18622.5
5802,15325.5
5803,15336.1
5804,15342.8
5805,12983.2
5806,12670.5
5807,12684.2
5808,12684.4
5809,12684.4
5810,12670.2
5811,12670.5
5812,12679
5813,12685.9
5814,12686
5815,21519
5816,26251.2
5817,29848.6
5818,35237.4
5819,37032.6
5820,32091
5821,37034.3
5822,35234.6
5823,33437.4
5824,28499.9
5825,18623.6
5826,15336.8
5827,15330.2
5828,15339.3
5829,12985.5
5830,12685.8
5831,12686
5832,12684
5833,12672.5
5834,12673
5835,12682
5836,12688.5
5837,12688.5
5838,12679.4
5839,21521.6
5840,26258.7
5841,29856.3
5842,35246.1
5843,37039.9
5844,32094.2
5845,37039.4
5846,35242.4
5847,33449.6
5848,28505.3
5849,18623.8
5850,15349.5
5851,15334.1
5852,15333.3
5853,12995.7
5854,12688.2
5855,12687.1
5856,12672.5
5857,12675.7
5858,12684.2
5859,12691.2
5860,12691.4
5861,12683.7
5862,12675.6
5863,12676
5864,17503.3
5865,21909.9
5866,26125.6
5867,26129.1
5868,25923.4
5869,25920.4
5870,25887.7
5871,25888.3
5872,25886.3
5873,21290.9
5874,12680.7
5875,12679.2
5876,12691.5
5877,12691.3
5878,12688.7
5879,12675.6
5880,12675.9
5881,12688.7
5882,12694.7
5883,12694.9
5884,12685.6
5885,12679.2
5886,12679.6
5887,12694.9
5888,16838.8
5889,20985.2
5890,25138.9
5891,25132.3
5892,25138.2
5893,25131.9
5894,25134.1
5895,25136
5896,25132.8
5897,20983.5
5898,12686
5899,12694.7
5900,12694.9
5901,12685.4
5902,12679.2
5903,12679.8
5904,12694.9
5905,12698.5
5906,12698.9
5907,12683.6
5908,12683.4
5909,12690.1
5910,12698.9
5911,12698.8
5912,16828.3
5913,20995.8
5914,25145.9
5915,25141.2
5916,25145.7
5917,25140.8
5918,25145.8
5919,25140.4
5920,25146
5921,20992.6
5922,12693.1
5923,12698.9
5924,12685.1
5925,12683.3
5926,12688.5
5927,12698.7
5928,12698.8
5929,12699.1
5930,12687.7
5931,12688
5932,12698.3
5933,12703.1
5934,12703.5
5935,21548
5936,26287.5
5937,29889.8
5938,35286
5939,37083.9
5940,32135.9
5941,37085.9
5942,35283.4
5943,33482.2
5944,28539.1
5945,18650
5946,15354.6
5947,15351.2
5948,15364.2
5949,13001.8
5950,12700.6
5951,12703.2
5952,12703.3
5953,12696.1
5954,12692.9
5955,12695.7
5956,12708.4
5957,12708.2
5958,12706.6
5959,21552.8
5960,26299.2
5961,29902.6
5962,35301.3
5963,37097.5
5964,32146.2
5965,37101.4
5966,35297.9
5967,33498.4
5968,28550.5
5969,18656.2
5970,15364.9
5971,15357.2
5972,15365.7
5973,13008.8
5974,12708
5975,12708.2
5976,12706.7
5977,12697.9
5978,12698.6
5979,12706.5
5980,12713.9
5981,12713.8
5982,12707.6
5983,21564.4
5984,26311.5
5985,29916.4
5986,35317
5987,37114.4
5988,32159.2
5989,37116.9
5990,35313.8
5991,33514.8
5992,28563.1
5993,18663.7
5994,15374.1
5995,15364
5996,15369.2
5997,13017.2
5998,12713.5
5999,12713.8
6000,12709.6
6001,12704.1
6002,12704.8
6003,12714.8
6004,12719.9
6005,12719.9
6006,12710.9
6007,21575.6
6008,26324.6
6009,29931.1
6010,35334.5
6011,37132.5
6012,32174.6
6013,37134.1
6014,35331
6015,33531.4
6016,28576.9
6017,18672.6
6018,15381.8
6019,15371.4
6020,15376.3
6021,13023.5
6022,12719.5
6023,12719.9
6024,12715.6
6025,12710.7
6026,12711.5
6027,12721.2
6028,12726.2
6029,12726.5
6030,12718.1
6031,12711.1
6032,17543.5
6033,21972.3
6034,26198.4
6035,26201.5
6036,25997.4
6037,25992.1
6038,25958.8
6039,25962.5
6040,25957.5
6041,21352.9
6042,12725.4
6043,12711.1
6044,12711.4
6045,12720.1
6046,12726.2
6047,12726.5
6048,12719.6
6049,12717.9
6050,12718.7
6051,12730.9
6052,12733.3
6053,12733.6
6054,12722.9
6055,12718.4
6056,16898.7
6057,21046.2
6058,25208.6
6059,25215.7
6060,25210.3
6061,25216.1
6062,25209.8
6063,25212.9
6064,25213.2
6065,21052.5
6066,12729.4
6067,12718.4
6068,12718.8
6069,12733.5
6070,12733.4
6071,12733.6
6072,12720.4
6073,12725.7
6074,12729.4
6075,12741
6076,12741.3
6077,12740.3
6078,12725.8
6079,21615.4
6080,26370.2
6081,29982.5
6082,35393.6
6083,37196.1
6084,32229.2
6085,37196.5
6086,35391.2
6087,33589
6088,28625.2
6089,18704
6090,15407.6
6091,15397.1
6092,15402.7
6093,13044.7
6094,12740.7
6095,12741
6096,12738.5
6097,12733.6
6098,12734.4
6099,12741.9
6100,12749.2
6101,12749.2
6102,12744.6
6103,21624.3
6104,26385.4
6105,30000.4
6106,35416.1
6107,37218.5
6108,32252.7
6109,37222.3
6110,35413.3
6111,33604.6
6112,28643.7
6113,18719
6114,15407.1
6115,15409.1
6116,15422.7
6117,13050.1
6118,12739.9
6119,12749
6120,12749.2
6121,12754.7
6122,12742.8
6123,12743.2
6124,12750.4
6125,12757.6
6126,12757.9
6127,21644.2
6128,26401.1
6129,30018.9
6130,35440.3
6131,37244.3
6132,32279.2
6133,37246.4
6134,35438.2
6135,33629.8
6136,28664.4
6137,18727
6138,15416.3
6139,15433.4
6140,15432.4
6141,13060.9
6142,12743.4
6143,12745.7
6144,12757.9
6145,12766.2
6146,12767
6147,12752.8
6148,12752.2
6149,12756
6150,12767
6151,21665.5
6152,26422.7
6153,30038.1
6154,35465.2
6155,37271.1
6156,32304.5
6157,37272.6
6158,35464.4
6159,33657.6
6160,28683.2
6161,18733.8
6162,15442.6
6163,15443.7
6164,15434.9
6165,13076.1
6166,12760.6
6167,12752.1
6168,12752.4
6169,12771.5
6170,12776.3
6171,12776.5
6172,12770
6173,12761.8
6174,12762.1
6175,21683.6
6176,26449
6177,30061.8
6178,35489.5
6179,37305.3
6180,32322.1
6181,37299.2
6182,35491.7
6183,33684.8
6184,28705.8
6185,18754.7
6186,15456.1
6187,15440.4
6188,15439.9
6189,13086
6190,12776.2
6191,12776.5
6192,12768.7
6193,12771.5
6194,12772.5
6195,12783.1
6196,12786.4
6197,12786.6
6198,12779.6
6199,12772
6200,17624.8
6201,22076.7
6202,26325.9
6203,26326.9
6204,26119.6
6205,26119.7
6206,26082.9
6207,26083.9
6208,26086
6209,21456.1
6210,12780.5
6211,12785.5
6212,12771.9
6213,12772.3
6214,12776.6
6215,12786.4
6216,12786.5
6217,12796.3
6218,12782.9
6219,12783
6220,12786.1
6221,12797
6222,12797.3
6223,12797.3
6224,16960.1
6225,21159.8
6226,25341
6227,25339.1
6228,25342.7
6229,25338.5
6230,25344.1
6231,25337.9
6232,25339.7
6233,21153.8
6234,12791.7
6235,12797
6236,12797.2
6237,12786.3
6238,12782.9
6239,12783.3
6240,12796.6
6241,12807.4
6242,12808.3
6243,12799.1
6244,12794
6245,12794.4
6246,12805.4
6247,21735.6
6248,26513
6249,30135.7
6250,35580.4
6251,37396.1
6252,32408.9
6253,37393.1
6254,35582.1
6255,33769.6
6256,28778.3
6257,18799.4
6258,15495.2
6259,15483.7
6260,15478.3
6261,13118.4
6262,12808
6263,12808.4
6264,12795.8
6265,12805.2
6266,12806.4
6267,12819.8
6268,12819.9
6269,12819.9
6270,12810.2
6271,21747.9
6272,26534.4
6273,30169.2
6274,35615.7
6275,37429.5
6276,32437.6
6277,37431.7
6278,35613.7
6279,33795
6280,28807.1
6281,18819
6282,15492.9
6283,15509.3
6284,15508.3
6285,13125.6
6286,12806.3
6287,12806.2
6288,12817
6289,12831
6290,12831.9
6291,12826.3
6292,12817.9
6293,12818.3
6294,12825.4
6295,21776.3
6296,26565.1
6297,30191.7
6298,35646.3
6299,37468.3
6300,32466.5
6301,37463.9
6302,35648
6303,33833.1
6304,28832.1
6305,18838
6306,15520
6307,15507.3
6308,15512.8
6309,13137.7
6310,12831.5
6311,12831.8
6312,12832
6313,12831.8
6314,12830.8
6315,12831.2
6316,12843.5
6317,12844.3
6318,12844.6
6319,21791.3
6320,26583.5
6321,30225.7
6322,35683.9
6323,37500.3
6324,32502.3
6325,37503.2
6326,35690.3
6327,33857.6
6328,28860
6329,18849.6
6330,15537.9
6331,15538.3
6332,15524.6
6333,13155.5
6334,12844.4
6335,12832.6
6336,12830.7
6337,12843.6
6338,12856.4
6339,12857.3
6340,12857.4
6341,12851.6
6342,12843.7
6343,21817.3
6344,26615
6345,30260.1
6346,35722.5
6347,37539.7
6348,32532.6
6349,37544.1
6350,35720
6351,33895.8
6352,28892.9
6353,18873.8
6354,15540.6
6355,15555.3
6356,15554.2
6357,13165.1
6358,12844.4
6359,12844.2
6360,12850
6361,12869.9
6362,12870.9
6363,12871.1
6364,12858.6
6365,12857.7
6366,12858
6367,12869.8
6368,17744.8
6369,22225.3
6370,26502
6371,26504.6
6372,26295.3
6373,26292.4
6374,26258.6
6375,26261.6
6376,26256.8
6377,21598.8
6378,12870.8
6379,12860.3
6380,12857.5
6381,12858
6382,12868
6383,12870.7
6384,12871
6385,12880.7
6386,12871.6
6387,12871.9
6388,12874.8
6389,12884.7
6390,12885
6391,12885
6392,17076.7
6393,21305.5
6394,25520.4
6395,25515.1
6396,25519.7
6397,25514.3
6398,25515.8
6399,25519.1
6400,25515
6401,21302.8
6402,12876.8
6403,12874.5
6404,12884.7
6405,12884.8
6406,12885.1
6407,12874
6408,12871.8
6409,12885.9
6410,12896.1
6411,12899.1
6412,12899.3
6413,12897.3
6414,12886.1
6415,21887.4
6416,26702.2
6417,30359.3
6418,35839.8
6419,37664.9
6420,32641.7
6421,37666
6422,35838.6
6423,34012.2
6424,28985.2
6425,18930.4
6426,15604.9
6427,15605.6
6428,15593.2
6429,13211.8
6430,12899.3
6431,12888.1
6432,12886.3
6433,12900.9
6434,12911
6435,12914
6436,12914.2
6437,12912.8
6438,12901.2
6439,21912.7
6440,26733.3
6441,30394.7
6442,35881.1
6443,37708.8
6444,32681.4
6445,37709.6
6446,35880.8
6447,34051.8
6448,29019.1
6449,18953.7
6450,15623.5
6451,15623
6452,15607.3
6453,13227
6454,12914.1
6455,12910
6456,12901.3
6457,12916.3
6458,12919.4
6459,12929.4
6460,12929.7
6461,12929.7
6462,12923.6
6463,21935.6
6464,26764.2
6465,30430.2
6466,35925.1
6467,37753
6468,32721.2
6469,37755.6
6470,35923.4
6471,34094
6472,29054.1
6473,18979.2
6474,15643.5
6475,15630.9
6476,15625.7
6477,13242.7
6478,12929.2
6479,12929.6
6480,12926.8
6481,12931.9
6482,12933.2
6483,12933.5
6484,12945.1
6485,12945.2
6486,12945.5
6487,21966.4
6488,26794.9
6489,30465.7
6490,35968.4
6491,37801.5
6492,32763.3
6493,37799.7
6494,35968.5
6495,34137
6496,29090.8
6497,19007.7
6498,15654.1
6499,15644.6
6500,15660.6
6501,13253.3
6502,12936.5
6503,12945.2
6504,12945.3
6505,12960.8
6506,12955.7
6507,12949.4
6508,12949.6
6509,12952
6510,12961.8
6511,21997.6
6512,26834.7
6513,30502.4
6514,36013.9
6515,37857.5
6516,32795.5
6517,37852.3
6518,36015.5
6519,34173.5
6520,29132.9
6521,19030.6
6522,15665
6523,15682.9
6524,15681.8
6525,13273.5
6526,12949.9
6527,12949.6
6528,12949.9
6529,12977.1
6530,12978.1
6531,12978.4
6532,12976.9
6533,12966.2
6534,12966.4
6535,12966.7
6536,17902.8
6537,22411
6538,26723.6
6539,26727.9
6540,26516.9
6541,26518
6542,26479.5
6543,26480.8
6544,26481.7
6545,21776.7
6546,12967.4
6547,12978.1
6548,12978.4
6549,12978.4
6550,12973.9
6551,12966.3
6552,12966.6
6553,12983.2
6554,12995.3
6555,12995.3
6556,12995.5
6557,12994.7
6558,12983.5
6559,12983.8
6560,17241.2
6561,21493.7
6562,25733.9
6563,25739.3
6564,25739.1
6565,25737.3
6566,25741.8
6567,25736.2
6568,25737.4
6569,21487.8
6570,12985.1
6571,12989.7
6572,12995.2
6573,12995.4
6574,12995.6
6575,12989.1
6576,12983.6
6577,13000.7
6578,13002.5
6579,13012.9
6580,13013.1
6581,13013.1
6582,13012.1
6583,22078
6584,26938.4
6585,30628.1
6586,36159.1
6587,38002
6588,32937.2
6589,37999.9
6590,36158.8
6591,34317.7
6592,29244.9
6593,19110.4
6594,15727.9
6595,15735.7
6596,15745.3
6597,13325
6598,13002
6599,13002
6600,13011.6
6601,13029.7
6602,13031
6603,13031.2
6604,13021.5
6605,13019.7
6606,13019.9
6607,22120.2
6608,26981.1
6609,30675.1
6610,36211.8
6611,38055.7
6612,32981.7
6613,38056
6614,36209.5
6615,34365.5
6616,29285.8
6617,19131.2
6618,15766.7
6619,15749
6620,15756
6621,13341.2
6622,13029.9
6623,13030.8
6624,13030.9
6625,13048.6
6626,13040.3
6627,13038.4
6628,13038.6
6629,13040.5
6630,13049.4
6631,22147.6
6632,27020.6
6633,30715
6634,36262.3
6635,38113.3
6636,33024.1
6637,38114.8
6638,36260.9
6639,34414.1
6640,29327.3
6641,19154.9
6642,15789
6643,15783.6
6644,15771
6645,13365.5
6646,13049.1
6647,13049.5
6648,13046.9
6649,13056.1
6650,13057.5
6651,13057.8
6652,13063.1
6653,13068
6654,13068.4
6655,22181
6656,27053.7
6657,30756.9
6658,36313.9
6659,38175.2
6660,33068.8
6661,38170.9
6662,36316.4
6663,34462
6664,29372
6665,19180
6666,15811.4
6667,15812.3
6668,15795.6
6669,13384.8
6670,13068.1
6671,13068.5
6672,13057.9
6673,13075.8
6674,13077.2
6675,13078.9
6676,13087.5
6677,13087.3
6678,13087.6
6679,22212.3
6680,27092.6
6681,30803.6
6682,36367.7
6683,38229.5
6684,33119.3
6685,38227.3
6686,36371.8
6687,34513
6688,29416
6689,19208.5
6690,15835
6691,15835.9
6692,15818.9
6693,13404.5
6694,13087.3
6695,13087.8
6696,13078.3
6697,13095.6
6698,13097.1
6699,13097.4
6700,13106.8
6701,13106.9
6702,13107.2
6703,13107.3
6704,18053.8
6705,22642.9
6706,26998.7
6707,27000.1
6708,26781.5
6709,26782.3
6710,26747.6
6711,26748.3
6712,26748.6
6713,21993.7
6714,13101.2
6715,13107
6716,13107.1
6717,13107.2
6718,13096.9
6719,13096.8
6720,13097.1
6721,13116.8
6722,13127
6723,13127
6724,13127.2
6725,13127.4
6726,13121.7
6727,13117
6728,17414.7
6729,21709.6
6730,26001.7
6731,26002.5
6732,26006.5
6733,26001.1
6734,26002.4
6735,26006.3
6736,26001
6737,21712.5
6738,13127
6739,13123.3
6740,13116.9
6741,13117.3
6742,13117.5
6743,13121.5
6744,13126.9
6745,13146.3
6746,13147.7
6747,13147.9
6748,13139.7
6749,13137.8
6750,13138
6751,13138.3
6752,17457.7
6753,21741.6
6754,26040.9
6755,26045.3
6756,26044.6
6757,26043.1
6758,26044.4
6759,26046.3
6760,26042.9
6761,21744.9
6762,13146.3
6763,13137.9
6764,13138.1
6765,13138.4
6766,13147.4
6767,13147.4
6768,13147.6
6769,13167.4
6770,13165.6
6771,13158.8
6772,13158.9
6773,13159.3
6774,13159.8
6775,22359.2
6776,27271.1
6777,31003.6
6778,36599.6
6779,38462.1
6780,33335.1
6781,38462.6
6782,36597.8
6783,34733.8
6784,29599.1
6785,19341.6
6786,15913.4
6787,15936.1
6788,15934.9
6789,13488.4
6790,13160.2
6791,13158.9
6792,13159.1
6793,13179.6
6794,13185.5
6795,13189.4
6796,13189.8
6797,13189.7
6798,13189.8
6799,22383.4
6800,27308.4
6801,31048.1
6802,36657
6803,38536.1
6804,33382
6805,38534.1
6806,36656.5
6807,34789.2
6808,29647
6809,19366.1
6810,15962
6811,15941.5
6812,15952.3
6813,13506.2
6814,13183
6815,13189.4
6816,13189.7
6817,13210
6818,13211.5
6819,13208.6
6820,13202
6821,13202.3
6822,13202.5
6823,22429.4
6824,27359
6825,31104.1
6826,36719.9
6827,38589.7
6828,33446.5
6829,38591.4
6830,36723
6831,34844.6
6832,29701.4
6833,19392.1
6834,15986
6835,15987.5
6836,15967.9
6837,13531.3
6838,13211
6839,13211.4
6840,13211.5
6841,13223.4
6842,13224.4
6843,13224.7
6844,13224.9
6845,13227.7
6846,13233.2
6847,22464.5
6848,27407.6
6849,31156.1
6850,36783.2
6851,38654.6
6852,33500.9
6853,38654.6
6854,36780.3
6855,34907.4
6856,29749.4
6857,19432.8
6858,15999.3
6859,16015
6860,16006.5
6861,13554
6862,13233.2
6863,13228.9
6864,13224.4
6865,13245.8
6866,13247.4
6867,13247.7
6868,13253.3
6869,13255.2
6870,13255.7
6871,13255.5
6872,18267.2
6873,22901.5
6874,27306.8
6875,27308.3
6876,27092.4
6877,27091.6
6878,27053.3
6879,27054.5
6880,27055
6881,22250.5
6882,13255
6883,13247.1
6884,13247.3
6885,13247.6
6886,13251.9
6887,13255.2
6888,13255.4
6889,13276.9
6890,13278.4
6891,13276.9
6892,13269.8
6893,13270
6894,13270.2
6895,13270.5
6896,17632
6897,21959.5
6898,26302.3
6899,26306.6
6900,26309.4
6901,26304.7
6902,26305.9
6903,26307.2
6904,26308
6905,21964.6
6906,13272.1
6907,13278.3
6908,13278.4
6909,13276.6
6910,13269.8
6911,13270
6912,13270.3
6913,13292.4
6914,13295
6915,13300.9
6916,13301.2
6917,13301.2
6918,13301.5
6919,22579.7
6920,27542
6921,31316.8
6922,36974.7
6923,38856.9
6924,33675.5
6925,38857.9
6926,36972.5
6927,35089.3
6928,29903.3
6929,19534.7
6930,16082.1
6931,16098.2
6932,16087.9
6933,13623.7
6934,13301.2
6935,13301.6
6936,13293.6
6937,13315.5
6938,13317.1
6939,13317.4
6940,13317.5
6941,13321.8
6942,13324.6
6943,22621.3
6944,27600.1
6945,31374.7
6946,37040
6947,38924.1
6948,33737.1
6949,38927.1
6950,37044
6951,35149.1
6952,29957.7
6953,19563.5
6954,16125.8
6955,16115.5
6956,16108.1
6957,13645.4
6958,13324.2
6959,13324.3
6960,13324.5
6961,13347
6962,13348.6
6963,13348.1
6964,13340.8
6965,13340.9
6966,13341
6967,22663.1
6968,27645.3
6969,31429.3
6970,37105.4
6971,39003.9
6972,33790.4
6973,39003.7
6974,37105.2
6975,35214.9
6976,30009.1
6977,19607.5
6978,16137.1
6979,16148.9
6980,16155.2
6981,13674.6
6982,13341.4
6983,13340.9
6984,13341.1
6985,13364.2
6986,13365.9
6987,13368.1
6988,13372.2
6989,13372.1
6990,13372.5
6991,22700.3
6992,27695.8
6993,31488.1
6994,37176
6995,39066.5
6996,33859.9
6997,39067
6998,37179.2
6999,35277.4
7000,30066.2
7001,19635
7002,16184.5
7003,16170.1
7004,16170.4
7005,13695.3
7006,13366.8
7007,13372
7008,13372.1
7009,13395.1
7010,13396.8
7011,13396.9
7012,13397
7013,13391.9
7014,13389.7
7015,22741.5
7016,27744.9
7017,31542.9
7018,37243.2
7019,39146.7
7020,33919.5
7021,39141.3
7022,37241.9
7023,35344.7
7024,30123
7025,19672.3
7026,16205.3
7027,16214.5
7028,16196.4
7029,13721.3
7030,13396.4
7031,13396.8
7032,13396.9
7033,13420.3
7034,13416.1
7035,13414.8
7036,13415
7037,13415.2
7038,13415.3
7039,13415.5
7040,18519.4
7041,23180.8
7042,27654.8
7043,27652.1
7044,27433.5
7045,27434.1
7046,27398.2
7047,27398.5
7048,27399.5
7049,22530.6
7050,13418.2
7051,13415.3
7052,13415.4
7053,13416.6
7054,13421
7055,13421.1
7056,13421.2
7057,13444.9
7058,13446.5
7059,13446.7
7060,13445.7
7061,13440
7062,13440
7063,13440.3
7064,17843.4
7065,22240.7
7066,26646.2
7067,26643.2
7068,26644.3
7069,26645
7070,26645.2
7071,26643
7072,26644.1
7073,22245.1
7074,13447.7
7075,13440.2
7076,13440.3
7077,13440.6
7078,13440.7
7079,13440.9
7080,13445.6
7081,13469.8
7082,13471.4
7083,13471.5
7084,13471.6
7085,13471.9
7086,13471.9
7087,22868.6
7088,27899.5
7089,31725.2
7090,37456.9
7091,39361.4
7092,34114.9
7093,39362.7
7094,37461
7095,35545.2
7096,30289.6
7097,19785.2
7098,16302
7099,16283.1
7100,16306.6
7101,13800
7102,13466.3
7103,13466.1
7104,13466.3
7105,13490.8
7106,13494.7
7107,13496.8
7108,13497.1
7109,13497
7110,13497.3
7111,22913.8
7112,27958.1
7113,31787.2
7114,37526.7
7115,39437
7116,34179.8
7117,39444.4
7118,37525.7
7119,35613.9
7120,30348
7121,19828.5
7122,16317.4
7123,16333.6
7124,16336.3
7125,13824.6
7126,13497.3
7127,13495.2
7128,13491.5
7129,13516.1
7130,13517.9
7131,13518.1
7132,13518.1
7133,13518.4
7134,13518.4
7135,22969.5
7136,28014.4
7137,31847.5
7138,37598.3
7139,39524.2
7140,34244.2
7141,39514.9
7142,37598.1
7143,35682.5
7144,30413.6
7145,19855.5
7146,16367.9
7147,16360.6
7148,16348.8
7149,13851.1
7150,13520.6
7151,13522.6
7152,13522.8
7153,13547.4
7154,13549.1
7155,13549.3
7156,13549.3
7157,13549.5
7158,13549.5
7159,23000.9
7160,28062.5
7161,31910.4
7162,37675.6
7163,39590.3
7164,34313.8
7165,39597.4
7166,37675.1
7167,35751.7
7168,30466.5
7169,19905.5
7170,16381
7171,16397.3
7172,16398.7
7173,13877.8
7174,13549.3
7175,13549.7
7176,13545.2
7177,13569.2
7178,13570.9
7179,13571
7180,13571.1
7181,13571.3
7182,13571.4
7183,23056.5
7184,28123.3
7185,31971.4
7186,37748.4
7187,39677.2
7188,34380.2
7189,39670
7190,37751.1
7191,35823.9
7192,30528.8
7193,19947.8
7194,16421
7195,16409.5
7196,16434.1
7197,13907.9
7198,13571.4
7199,13571.2
7200,13571.3
7201,13596.8
7202,13598.6
7203,13598.7
7204,13599.9
7205,13601.8
7206,13602.2
7207,13602.2
7208,18763.5
7209,23505.2
7210,28027.2
7211,28030.4
7212,27808.5
7213,27808.8
7214,27772.2
7215,27772.3
7216,27773.1
7217,22840
7218,13608.4
7219,13599.4
7220,13597.7
7221,13597.9
7222,13598
7223,13598.1
7224,13598.2
7225,13623.9
7226,13625.7
7227,13625.8
7228,13626
7229,13627.4
7230,13629
7231,13628.8
7232,18097.8
7233,22550
7234,27008.4
7235,27011.7
7236,27012.5
7237,27014
7238,27009.6
7239,27010.5
7240,27011.4
7241,22551.5
7242,13635.9
7243,13625.6
7244,13624.9
7245,13625.1
7246,13625.2
7247,13625.3
7248,13625.4
7249,13651.4
7250,13653.1
7251,13653.3
7252,13653.3
7253,13653.5
7254,13655.1
7255,23197.4
7256,28294.9
7257,32165.6
7258,37975.2
7259,39919.2
7260,34586.9
7261,39909.1
7262,37980.4
7263,36041.7
7264,30710.8
7265,20062
7266,16520.5
7267,16518.5
7268,16532.1
7269,13992
7270,13656.2
7271,13652.6
7272,13652.5
7273,13678.6
7274,13680.4
7275,13680.4
7276,13680.5
7277,13680.7
7278,13680.7
7279,23241.4
7280,28349.3
7281,32228.1
7282,38057.6
7283,39992
7284,34659.5
7285,39996.4
7286,38055.1
7287,36113
7288,30773.1
7289,20106.2
7290,16546.4
7291,16566
7292,16547.8
7293,14015.3
7294,13683.3
7295,13683.5
7296,13683.6
7297,13709.7
7298,13711.5
7299,13711.5
7300,13711.5
7301,13711.7
7302,13711.7
7303,23281.1
7304,28403.1
7305,32298.2
7306,38132.2
7307,40078.2
7308,34726.9
7309,40078.5
7310,38127.8
7311,36187
7312,30844.4
7313,20138.9
7314,16599.2
7315,16574.8
7316,16596.9
7317,14048.3
7318,13708.7
7319,13708.5
7320,13708.6
7321,13735.1
7322,13736.9
7323,13737
7324,13737
7325,13737.2
7326,13737.1
7327,23340.5
7328,28467.4
7329,32361.6
7330,38212.8
7331,40158.5
7332,34801.9
7333,40161.2
7334,38211.3
7335,36261.3
7336,30899.1
7337,20185.4
7338,16620.7
7339,16633.4
7340,16608.1
7341,14072
7342,13738.5
7343,13738.8
7344,13738.8
7345,13765.3
7346,13767
7347,13767
7348,13767.4
7349,13767.2
7350,13767.4
7351,23377.6
7352,28530.6
7353,32432.5
7354,38286.3
7355,40248.3
7356,34871
7357,40238.1
7358,38295.8
7359,36336.5
7360,30963
7361,20229.2
7362,16645.1
7363,16667.5
7364,16657.2
7365,14101.1
7366,13767
7367,13767.3
7368,13767.4
7369,13794
7370,13795.7
7371,13795.8
7372,13795.9
7373,13795.9
7374,13795.9
7375,13796
7376,19015.7
7377,23846.4
7378,28433.3
7379,28434.9
7380,28209.5
7381,28209.6
7382,28172.1
7383,28172.7
7384,28172.5
7385,23170.2
7386,13791
7387,13795.5
7388,13795.5
7389,13795.6
7390,13795.7
7391,13795.8
7392,13795.8
7393,13822.6
7394,13824.4
7395,13824.4
7396,13824.5
7397,13824.5
7398,13824.5
7399,13824.4
7400,18335.5
7401,22880.3
7402,27403.9
7403,27404.3
7404,27405.5
7405,27400.8
7406,27401.4
7407,27402.1
7408,27402.7
7409,22879.1
7410,13825.2
7411,13824.3
7412,13824.3
7413,13824.4
7414,13824.4
7415,13824.5
7416,13824.5
7417,13851.5
7418,13853.3
7419,13852.3
7420,13851
7421,13850.9
7422,13851
7423,13850.9
7424,23524
7425,28699.7
7426,32636.2
7427,38530.5
7428,40499.7
7429,35092.1
7430,40492.9
7431,38534
7432,36567.9
7433,31158
7434,20355.9
7435,16749.3
7436,16773.1
7437,16758.9
7438,14188.4
7439,13852.2
7440,13852.4
7441,13879.6
7442,13881.3
7443,13881.4
7444,13881.4
7445,13881.7
7446,13881.5
7447,13881.6
7448,23574.3
7449,28770.1
7450,32704.2
7451,38611.9
7452,40584.7
7453,35165.6
7454,40583.6
7455,38612.1
7456,36641.4
7457,31228.7
7458,20387.4
7459,16806
7460,16793.6
7461,16795.8
7462,14223.6
7463,13880.9
7464,13880.7
7465,13908.3
7466,13910.1
7467,13910.1
7468,13910.1
7469,13910
7470,13910.1
7471,13910.1
7472,23631.3
7473,28824.5
7474,32774.9
7475,38693.4
7476,40666.5
7477,35240.4
7478,40667
7479,38695.1
7480,36724.7
7481,31289.9
7482,20441.1
7483,16820.7
7484,16842.3
7485,16829.7
7486,14247.7
7487,13910
7488,13910.2
7489,13937.7
7490,13939.4
7491,13939.4
7492,13939.4
7493,13939.7
7494,13939.4
7495,13939.6
7496,23677.8
7497,28891.1
7498,32841.7
7499,38778.7
7500,40753.1
7501,35316.3
7502,40760.4
7503,38772
7504,36797.5
7505,31364.6
7506,20479.1
7507,16872.2
7508,16859.2
7509,16878.7
7510,14282.6
7511,13939.8
7512,13940.1
7513,13967.7
7514,13969.4
7515,13969.4
7516,13969.4
7517,13969.3
7518,13969.4
7519,13969.3
7520,23720.9
7521,28949.3
7522,32914.3
7523,38856.7
7524,40845.6
7525,35390.1
7526,40844.2
7527,38858.5
7528,36876
7529,31429.5
7530,20520.4
7531,16914.2
7532,16888
7533,16915.2
7534,14315.9
7535,13969.1
7536,13968.5
7537,13996.4
7538,13998.5
7539,13998.9
7540,13999.1
7541,13999.1
7542,13999.1
7543,13998.9
7544,13999
7545,18572.1
7546,23172.4
7547,27752.9
7548,27753.9
7549,27754.4
7550,27754.8
7551,27755.3
7552,27754.6
7553,27751
7554,23165.7
7555,13997.6
7556,13999.2
7557,13999.1
7558,13999.2
7559,13999.2
7560,13999.1
7561,14027.2
7562,14029
7563,14029
7564,14028.9
7565,14028.9
7566,14028.9
7567,14028.7
7568,14028.8
7569,18617.8
7570,23219.8
7571,27815.7
7572,27814.7
7573,27815.1
7574,27810.7
7575,27810.7
7576,27811.1
7577,27811.6
7578,23216.5
7579,14021.3
7580,14027.4
7581,14027.6
7582,14027.8
7583,14029.1
7584,14029.6
7585,14057.8
7586,14059.5
7587,14059.5
7588,14059.4
7589,14059.3
7590,14059.4
7591,14059.2
7592,23885.5
7593,29134.1
7594,33126.5
7595,39108.3
7596,41107.8
7597,35618.2
7598,41101.1
7599,39116.7
7600,37113.8
7601,31630.1
7602,20649.5
7603,17021.6
7604,17003.8
7605,17017
7606,14407
7607,14059
7608,14058.5
7609,14086.7
7610,14088.6
7611,14088.5
7612,14088.5
7613,14088.5
7614,14088.2
7615,14088.1
7616,23923.9
7617,29198.6
7618,33197
7619,39195.2
7620,41194.2
7621,35696.1
7622,41198.6
7623,39188.5
7624,37199.4
7625,31696.9
7626,20703.7
7627,17037.2
7628,17060.4
7629,17041.6
7630,14429
7631,14086.9
7632,14087
7633,14116.5
7634,14120.1
7635,14120
7636,14119.9
7637,14119.8
7638,14119.8
7639,14119.6
7640,23988.4
7641,29259
7642,33269.5
7643,39277.9
7644,41287.9
7645,35771.5
7646,41281.2
7647,39279.1
7648,37272.6
7649,31769
7650,20742.8
7651,17089.4
7652,17077.6
7653,17096.1
7654,14460.7
7655,14117.5
7656,14117.7
7657,14145.9
7658,14147.6
7659,14147.5
7660,14147.4
7661,14147.6
7662,14147.3
7663,14147.5
7664,24040
7665,29325.6
7666,33339.2
7667,39365.6
7668,41373
7669,35851.5
7670,41367.6
7671,39370.3
7672,37353.9
7673,31835.2
7674,20784.3
7675,17132
7676,17107
7677,17133.4
7678,14499.4
7679,14147.9
7680,14148.1
7681,14176.3
7682,14178
7683,14177.9
7684,14177.8
7685,14177.7
7686,14177.6
7687,14177.7
7688,24088.5
7689,29389.9
7690,33410.1
7691,39453.3
7692,41460.3
7693,35929.9
7694,41456.9
7695,39455.6
7696,37434.5
7697,31904.2
7698,20829.5
7699,17168.7
7700,17145.2
7701,17170
7702,14527.4
7703,14177.9
7704,14178
7705,14206.4
7706,14208.1
7707,14207.9
7708,14207.8
7709,14207.7
7710,14207.6
7711,14207.9
7712,14207.7
7713,19612.5
7714,24559.9
7715,29300.1
7716,29297.8
7717,29064.8
7718,29064.2
7719,29025
7720,29024.8
7721,29024
7722,23866.7
7723,14212.8
7724,14210.5
7725,14210.4
7726,14210.4
7727,14210.2
7728,14210.3
7729,14237.5
7730,14238.9
7731,14238.7
7732,14238.6
7733,14238.5
7734,14238.4
7735,14238.4
7736,14238.1
7737,18911.8
7738,23569.3
7739,28231
7740,28233.2
7741,28233.4
7742,28233.5
7743,28233.6
7744,28233.8
7745,28233.9
7746,23567.2
7747,14237
7748,14241.9
7749,14241.7
7750,14241.7
7751,14241.6
7752,14241.4
7753,14270.1
7754,14271.9
7755,14271.8
7756,14271.6
7757,14271.4
7758,14270.1
7759,14269.1
7760,24234.4
7761,29583.8
7762,33627.1
7763,39711.4
7764,41727.5
7765,36163.9
7766,41726.9
7767,39712.9
7768,37677.5
7769,32113
7770,20966.6
7771,17274.1
7772,17262.7
7773,17278.5
7774,14614.9
7775,14268.3
7776,14268.4
7777,14296.9
7778,14298.6
7779,14298.5
7780,14302.3
7781,14303.4
7782,14303.3
7783,14303.1
7784,24299.6
7785,29639
7786,33702.7
7787,39788
7788,41824.2
7789,36239
7790,41824.8
7791,39792.1
7792,37764.4
7793,32174.3
7794,21011.8
7795,17314.3
7796,17298.7
7797,17313.1
7798,14657.2
7799,14302
7800,14299.7
7801,14328.2
7802,14329.8
7803,14329.7
7804,14329.5
7805,14329.6
7806,14329.2
7807,14329.4
7808,24354.6
7809,29706.4
7810,33776.2
7811,39875.7
7812,41915.7
7813,36315.8
7814,41917.5
7815,39872.1
7816,37850.9
7817,32244.1
7818,21062.2
7819,17343.2
7820,17343.6
7821,17342.8
7822,14687.9
7823,14333.7
7824,14333.1
7825,14360.9
7826,14360.7
7827,14360.5
7828,14360.3
7829,14360.1
7830,14359.9
7831,14360
7832,14359.6
7833,19081.3
7834,23764.8
7835,28485.1
7836,28482.2
7837,28482.1
7838,28482.1
7839,28482
7840,28481.9
7841,28481
7842,23773.7
7843,14370.3
7844,14360.7
7845,14360.4
7846,14360.3
7847,14360.1
7848,14359.9
7849,14388.5
7850,14390.1
7851,14391.3
7852,14396.1
7853,14395.8
7854,14395.7
7855,14395.4
7856,24454.7
7857,29829.6
7858,33921.7
7859,40051.9
7860,42091.7
7861,36478
7862,42091.7
7863,40055.9
7864,38003.6
7865,32390.9
7866,21149.1
7867,17415.8
7868,17420.9
7869,17416.1
7870,14739.5
7871,14390.2
7872,14395.9
7873,14425
7874,14426.6
7875,14426.4
7876,14426.1
7877,14426
7878,14425.8
7879,14425.2
7880,14421.7
7881,19892.6
7882,24936.4
7883,29744.8
7884,29744.2
7885,29507.2
7886,29506.3
7887,29466.1
7888,29465.5
7889,29467.4
7890,24229.7
7891,14431.8
7892,14421.7
7893,14421.4
7894,14421.3
7895,14421.1
7896,14420.9
7897,14449.4
7898,14453
7899,14457.9
7900,14457.6
7901,14457.4
7902,14457.1
7903,14456.8
7904,14456.7
7905,19181
7906,23931.8
7907,28662.1
7908,28663.1
7909,28662.9
7910,28662.7
7911,28662.4
7912,28662.2
7913,28662
7914,23925.9
7915,14457
7916,14457
7917,14456.7
7918,14456.6
7919,14454.5
7920,14452.3
7921,14480.8
7922,14482.4
7923,14482.1
7924,14481.9
7925,14482.6
7926,14488.8
7927,14488.4
7928,24615.6
7929,30023.3
7930,34141.3
7931,40310.8
7932,42364.4
7933,36714.4
7934,42363.1
7935,40313.2
7936,38249.3
7937,32602.1
7938,21289.3
7939,17521.3
7940,17542.2
7941,17517.5
7942,14845
7943,14488.2
7944,14487.8
7945,14516.6
7946,14518.1
7947,14513.5
7948,14513.2
7949,14512.9
7950,14512.7
7951,14512.8
7952,24668.6
7953,30090.9
7954,34214.9
7955,40391.6
7956,42458
7957,36788.9
7958,42457.5
7959,40400.9
7960,38330.5
7961,32671
7962,21332
7963,17558.6
7964,17578.5
7965,17555.2
7966,14875.5
7967,14519.2
7968,14519
7969,14547.7
7970,14549.4
7971,14548.5
7972,14544
7973,14543.7
7974,14543.5
7975,14543.3
7976,24718.8
7977,30155.7
7978,34287.4
7979,40478.2
7980,42548.9
7981,36867.5
7982,42548.2
7983,40486.9
7984,38411.9
7985,32741.2
7986,21379.1
7987,17595.7
7988,17617.2
7989,17592.5
7990,14908
7991,14550
7992,14549.6
7993,14578.3
7994,14578.7
7995,14574.5
7996,14574.2
7997,14573.8
7998,14573.6
7999,14573.7
8000,24776
8001,30218
8002,34359.7
8003,40566.2
8004,42637.8
8005,36950.6
8006,42635.8
8007,40570.2
8008,38497.9
8009,32808.6
8010,21427.2
8011,17636.1
8012,17644.5
8013,17640.5
8014,14941
8015,14580.6
8016,14574.8
8017,14603
8018,14604.5
8019,14604.2
8020,14603.9
8021,14610.4
8022,14612
8023,14611.5
8024,24823.2
8025,30278.8
8026,34431.6
8027,40659.9
8028,42727
8029,37022.7
8030,42732
8031,40648.9
8032,38585.8
8033,32872.5
8034,21464.5
8035,17690.1
8036,17667.9
8037,17688.3
8038,14958.9
8039,14603.8
8040,14604.9
8041,14641.2
8042,14642.6
8043,14642.3
8044,14641.9
8045,14641.6
8046,14637.7
8047,14635.2
8048,14634.9
8049,20200.2
8050,25306.3
8051,30191.4
8052,30188.1
8053,29947.3
8054,29951.5
8055,29911.2
8056,29918
8057,29900.6
8058,24592.3
8059,14642.4
8060,14641.8
8061,14641.6
8062,14635.6
8063,14635.2
8064,14634.9
8065,14663.1
8066,14666.4
8067,14673.7
8068,14673.3
8069,14672.9
8070,14672.6
8071,14672.3
8072,14666.1
8073,19473.1
8074,24286.7
8075,29087.3
8076,29091.5
8077,29095.5
8078,29094.7
8079,29094.1
8080,29093.5
8081,29093
8082,24284.9
8083,14662
8084,14673.5
8085,14673.1
8086,14672.8
8087,14672.5
8088,14671.1
8089,14694.4
8090,14695.8
8091,14695.4
8092,14695.1
8093,14701.9
8094,14704
8095,14703.6
8096,24978.8
8097,30472.8
8098,34646.6
8099,40915.7
8100,43002.6
8101,37255.5
8102,43001.7
8103,40914.2
8104,38821.4
8105,33086.1
8106,21603
8107,17781.7
8108,17803.3
8109,17779.1
8110,15065.7
8111,14703.6
8112,14703.1
8113,14729
8114,14726.4
8115,14726
8116,14725.6
8117,14726.4
8118,14734.9
8119,14734.3
8120,25032.5
8121,30535.3
8122,34719.7
8123,41001.4
8124,43092.5
8125,37333.1
8126,43091.3
8127,41000.5
8128,38901.5
8129,33155.1
8130,21649
8131,17819.3
8132,17839.9
8133,17816.2
8134,15097.3
8135,14734.1
8136,14733.1
8137,14754.9
8138,14756.2
8139,14755.8
8140,14755.6
8141,14765
8142,14765
8143,14764.4
8144,25081.3
8145,30600.8
8146,34791.6
8147,41084.7
8148,43180.4
8149,37411.8
8150,43178.5
8151,41086.6
8152,38981
8153,33226.3
8154,21697.3
8155,17859.8
8156,17862.6
8157,17867.8
8158,15129
8159,14756.3
8160,14756.2
8161,14784
8162,14788
8163,14795.7
8164,14795.3
8165,14794.7
8166,14794.5
8167,14788.8
8168,25125.9
8169,30667.9
8170,34867.4
8171,41163.6
8172,43270.2
8173,37497.4
8174,43266.1
8175,41165.5
8176,39074.1
8177,33285.7
8178,21735.5
8179,17909.6
8180,17893.3
8181,17903.3
8182,15144.7
8183,14792.6
8184,14795.5
8185,14823.5
8186,14824.9
8187,14822.5
8188,14816.6
8189,14816.1
8190,14815.8
8191,14820.7
8192,25191.6
8193,30724.1
8194,34937.5
8195,41257.2
8196,43360.6
8197,37564.9
8198,43358.8
8199,41257
8200,39141.7
8201,33362.5
8202,21785.5
8203,17931.8
8204,17939.4
8205,17938.4
8206,15192.1
8207,14816.9
8208,14816.3
8209,14844
8210,14848.3
8211,14856.2
8212,14855.7
8213,14855.2
8214,14854.8
8215,14846.5
8216,14846.1
8217,20494.9
8218,25675.5
8219,30630.9
8220,30627.7
8221,30390.4
8222,30387.9
8223,30345.6
8224,30344.7
8225,30350.5
8226,24954.1
8227,14842.3
8228,14850.4
8229,14856
8230,14855.6
8231,14855.2
8232,14852.9
8233,14874.6
8234,14875.8
8235,14875.4
8236,14882.9
8237,14886
8238,14885.5
8239,14885
8240,14880.3
8241,19754.9
8242,24637.9
8243,29514.3
8244,29517.8
8245,29516.8
8246,29515.8
8247,29514.9
8248,29513.9
8249,29513
8250,24637.8
8251,14887.6
8252,14876.2
8253,14875.7
8254,14875.3
8255,14884.7
8256,14885.9
8257,14913.6
8258,14915
8259,14907.6
8260,14905.7
8261,14905.4
8262,14909.2
8263,14916
8264,25341.8
8265,30914.4
8266,35148
8267,41507.2
8268,43622.6
8269,37797.7
8270,43624.4
8271,41505.7
8272,39390.8
8273,33557.6
8274,21913.6
8275,18054.2
8276,18040.9
8277,18045.2
8278,15270.5
8279,14916.1
8280,14915.6
8281,14943.2
8282,14941
8283,14935.4
8284,14934.9
8285,14935.6
8286,14946.2
8287,14945.4
8288,25390.2
8289,30976.7
8290,35221.2
8291,41586.9
8292,43708.9
8293,37877.8
8294,43709.5
8295,41585.8
8296,39472.7
8297,33630.3
8298,21955.8
8299,18078.1
8300,18090.3
8301,18072.6
8302,15313.2
8303,14945.3
8304,14944.5
8305,14963.2
8306,14964.4
8307,14963.9
8308,14973.6
8309,14975.2
8310,14974.8
8311,14973.9
8312,25429.6
8313,31042.3
8314,35292.6
8315,41669
8316,43798.5
8317,37951.3
8318,43800.8
8319,41671.7
8320,39540.9
8321,33700.4
8322,22005.6
8323,18114.3
8324,18116
8325,18124
8326,15339.5
8327,14964.3
8328,14964
8329,14999.2
8330,15004.9
8331,15004.4
8332,15004.1
8333,14994.3
8334,14993.7
8335,14993.5
8336,25496.8
8337,31097.2
8338,35361.1
8339,41756.8
8340,43885.1
8341,38021.9
8342,43887.3
8343,41754.6
8344,39628.3
8345,33759.6
8346,22043.4
8347,18156.4
8348,18155
8349,18145.4
8350,15371.9
8351,15004.7
8352,15004.1
8353,15025.8
8354,15022.9
8355,15022.3
8356,15029.5
8357,15034.2
8358,15033.8
8359,15033.3
8360,25529.6
8361,31164.6
8362,35432.6
8363,41834.5
8364,43971.1
8365,38099.3
8366,43972.2
8367,41839.4
8368,39694.8
8369,33833.4
8370,22089.1
8371,18194.2
8372,18180.2
8373,18200.3
8374,15387.3
8375,15025.6
8376,15034.5
8377,15061.3
8378,15062.5
8379,15054.4
8380,15051.7
8381,15051.1
8382,15061.7
8383,15063.2
8384,15062.7
8385,20769.7
8386,26039.5
8387,31063.4
8388,31057.9
8389,30814.4
8390,30814
8391,30770.7
8392,30773.6
8393,30772.7
8394,25299.7
8395,15056.9
8396,15063.2
8397,15062.6
8398,15057.5
8399,15051.9
8400,15051.3
8401,15085.9
8402,15092.5
8403,15091.9
8404,15089.7
8405,15080.8
8406,15080.1
8407,15084.2
8408,15092.7
8409,20029.9
8410,24985
8411,29923.7
8412,29924.1
8413,29929.9
8414,29927.2
8415,29925.9
8416,29924.5
8417,29925.9
8418,24979.2
8419,15087.2
8420,15080.1
8421,15084.6
8422,15092.7
8423,15092
8424,15091.6
8425,15108
8426,15108.8
8427,15110.6
8428,15121.7
8429,15120.8
8430,15120.3
8431,15110.8
8432,25683.3
8433,31343
8434,35637
8435,42084.3
8436,44228.1
8437,38315.3
8438,44226.9
8439,42080.2
8440,39937.9
8441,34025.8
8442,22213
8443,18289.3
8444,18304.3
8445,18285.6
8446,15493.5
8447,15120.8
8448,15109.5
8449,15135.4
8450,15140.1
8451,15150.2
8452,15149.5
8453,15148.9
8454,15137.8
8455,15137.2
8456,25739.8
8457,31399.4
8458,35704.1
8459,42161.3
8460,44309.6
8461,38395.8
8462,44311.4
8463,42157.8
8464,40009.1
8465,34093.3
8466,22260.9
8467,18324.3
8468,18328.4
8469,18334.7
8470,15515.6
8471,15136.9
8472,15139.9
8473,15177
8474,15177.9
8475,15177.1
8476,15165.9
8477,15165.3
8478,15170.3
8479,15178.3
8480,25787.6
8481,31461
8482,35774.8
8483,42235.3
8484,44396.9
8485,38466.9
8486,44395.1
8487,42241.4
8488,40081.2
8489,34153.4
8490,22299.5
8491,18370.5
8492,18360.8
8493,18356.6
8494,15548.7
8495,15178
8496,15177.5
8497,15192.4
8498,15193.2
8499,15198.1
8500,15206.7
8501,15205.9
8502,15202.3
8503,15193.5
8504,25831.9
8505,31518.5
8506,35839
8507,42320.2
8508,44476.2
8509,38539.8
8510,44478.1
8511,42316.3
8512,40158.3
8513,34220.3
8514,22345.2
8515,18395.2
8516,18390.3
8517,18410
8518,15565.2
8519,15193.7
8520,15207
8521,15232.5
8522,15233.7
8523,15221.6
8524,15220.9
8525,15227.7
8526,15234.6
8527,15233.7
8528,25873.9
8529,31581.4
8530,35906.8
8531,42398.5
8532,44560.5
8533,38603.3
8534,44560.6
8535,42397.4
8536,40237.6
8537,34282.1
8538,22382.5
8539,18425.8
8540,18438
8541,18431.1
8542,15606.4
8543,15221
8544,15220.5
8545,15259.9
8546,15262
8547,15261.4
8548,15249.6
8549,15248.4
8550,15255.1
8551,15262.2
8552,15261.5
8553,21044.4
8554,26383.7
8555,31473.1
8556,31468.3
8557,31225.5
8558,31219.8
8559,31181
8560,31179.6
8561,31177.3
8562,25636.7
8563,15258
8564,15248.4
8565,15254.4
8566,15262.4
8567,15261.6
8568,15255.8
8569,15274.4
8570,15275.9
8571,15290.2
8572,15289.4
8573,15288
8574,15276.3
8575,15275.6
8576,15285.7
8577,20294.2
8578,25313
8579,30316.1
8580,30320
8581,30320.2
8582,30318.5
8583,30316.7
8584,30321
8585,30320
8586,25305.3
8587,15283.5
8588,15289.5
8589,15288.2
8590,15276.3
8591,15275.5
8592,15285.3
8593,15315.3
8594,15316.2
8595,15306.4
8596,15302.7
8597,15308.4
8598,15317.2
8599,15316.3
8600,15309.7
8601,20330.2
8602,25348.3
8603,30376.8
8604,30372.5
8605,30370.7
8606,30376.1
8607,30373.9
8608,30372.1
8609,30370.7
8610,25353.4
8611,15309.4
8612,15302.4
8613,15315.4
8614,15316.8
8615,15316.3
8616,15303.6
8617,15327.8
8618,15339.3
8619,15344
8620,15343.2
8621,15332.3
8622,15329.4
8623,15337.7
8624,26073.4
8625,31806.8
8626,36167.4
8627,42699.7
8628,44884.4
8629,38886.7
8630,44879.5
8631,42703.4
8632,40528.3
8633,34529.7
8634,22543.9
8635,18559.1
8636,18565.5
8637,18568.5
8638,15712.3
8639,15329.1
8640,15339.9
8641,15369.1
8642,15370
8643,15357.9
8644,15355.9
8645,15366.2
8646,15370.7
8647,15369.8
8648,26103.9
8649,31863.1
8650,36227.4
8651,42780.6
8652,44958.9
8653,38959.7
8654,44960.8
8655,42776.2
8656,40589.1
8657,34593.1
8658,22582
8659,18604.4
8660,18593.3
8661,18588.8
8662,15748.4
8663,15370.3
8664,15362
8665,15380.8
8666,15387.9
8667,15397.5
8668,15396.6
8669,15387.6
8670,15382.3
8671,15389.1
8672,26164.4
8673,31917.6
8674,36293.2
8675,42849.3
8676,45040.6
8677,39019.7
8678,45039.2
8679,42852.7
8680,40669.3
8681,34651.2
8682,22625.4
8683,18626.6
8684,18621.1
8685,18639.9
8686,15755.8
8687,15394.4
8688,15397.1
8689,15420.3
8690,15408.8
8691,15407.9
8692,15422.4
8693,15423.1
8694,15419.6
8695,15408.5
8696,26202.8
8697,31968.3
8698,36352.7
8699,42925.9
8700,45119.7
8701,39092.5
8702,45114.5
8703,42925.1
8704,40739.5
8705,34709
8706,22660.4
8707,18655.3
8708,18661.8
8709,18664.8
8710,15792.1
8711,15407.7
8712,15422.1
8713,15447.6
8714,15445.5
8715,15434.3
8716,15435.4
8717,15450
8718,15449
8719,15441.9
8720,15434
8721,21310.9
8722,26709.7
8723,31858.9
8724,31858.4
8725,31603.4
8726,31609.6
8727,31561.2
8728,31566.7
8729,31562.2
8730,25951.5
8731,15448.6
8732,15434.2
8733,15437
8734,15449.9
8735,15448.9
8736,15441.3
8737,15457.9
8738,15466.1
8739,15475.2
8740,15474.3
8741,15462.1
8742,15459.2
8743,15472
8744,15474.9
8745,20537.1
8746,25618.2
8747,30688.1
8748,30688
8749,30685.8
8750,30689.6
8751,30688.5
8752,30686.3
8753,30688.8
8754,25613.7
8755,15460.5
8756,15469.8
8757,15474.9
8758,15474.1
8759,15459.9
8760,15459
8761,15489.4
8762,15502.8
8763,15495.6
8764,15487.4
8765,15493.8
8766,15503.3
8767,15502.3
8768,15489.8
8769,20582.1
8770,25656
8771,30744.9
8772,30741.2
8773,30747.1
8774,30743.8
8775,30741.5
8776,30746
8777,30744.1
8778,25660.1
8779,15500.3
8780,15501.1
8781,15487.6
8782,15488.1
8783,15503.8
8784,15502.7
8785,15518.6
8786,15512.1
8787,15520.3
8788,15528.2
8789,15527.4
8790,15512.8
8791,15511.8
8792,26388.3
8793,32189.5
8794,36603.3
8795,43216
8796,45426.8
8797,39351.5
8798,45428.7
8799,43218.4
8800,41009.3
8801,34948
8802,22814
8803,18792
8804,18786.9
8805,18779.8
8806,15910.2
8807,15523.1
8808,15512.3
8809,15540
8810,15553.1
8811,15552.2
8812,15539.6
8813,15536.5
8814,15550.8
8815,15552.4
8816,26418.1
8817,32242.6
8818,36658.1
8819,43288.6
8820,45493.4
8821,39427.7
8822,45496.2
8823,43287.1
8824,41082.7
8825,35001.1
8826,22851.2
8827,18812.9
8828,18811.3
8829,18827.8
8830,15915.2
8831,15547.6
8832,15552.7
8833,15572.3
8834,15561
8835,15564.5
8836,15577.6
8837,15576.5
8838,15564.4
8839,15560.5
8840,26470.5
8841,32291.8
8842,36719.4
8843,43353.6
8844,45570.6
8845,39478.8
8846,45572
8847,43355.3
8848,41138.7
8849,35057.3
8850,22888.4
8851,18843.4
8852,18854.5
8853,18839.1
8854,15961.3
8855,15560.9
8856,15562.4
8857,15600.4
8858,15600.7
8859,15589.9
8860,15584.3
8861,15598.3
8862,15601
8863,15594.6
8864,26499.4
8865,32339.5
8866,36773.2
8867,43424.6
8868,45643.9
8869,39542.9
8870,45638.2
8871,43424.5
8872,41207.3
8873,35113.3
8874,22919.9
8875,18885.2
8876,18870.6
8877,18868.6
8878,15984.7
8879,15599.1
8880,15584.8
8881,15610.3
8882,15625.3
8883,15624.3
8884,15611
8885,15607.9
8886,15624.6
8887,15624.3
8888,26539.6
8889,32391.5
8890,36829.5
8891,43488.5
8892,45710.3
8893,39606
8894,45705.5
8895,43489.3
8896,41273.2
8897,35165.1
8898,22958.4
8899,18908.4
8900,18897.2
8901,18897.6
8902,16006.9
8903,15624.5
8904,15612.3
8905,15629.4
8906,15646.9
8907,15647.9
8908,15639.4
8909,15631
8910,15643.4
8911,15648
8912,15642.2
8913,21580.9
8914,27050.4
8915,32268.3
8916,32273.2
8917,32012.6
8918,32016.5
8919,31969.1
8920,31974.7
8921,31968.3
8922,26287.8
8923,15632.6
8924,15644.8
8925,15647.9
8926,15640.8
8927,15631.1
8928,15641.3
8929,15669.8
8930,15667
8931,15654.1
8932,15660.7
8933,15671.4
8934,15669.7
8935,15654.1
8936,15658.1
8937,20803.6
8938,25945.6
8939,31075.6
8940,31080.9
8941,31076.8
8942,31079.6
8943,31078.8
8944,31076.2
8945,31080.8
8946,25941
8947,15658.3
8948,15671.2
8949,15666.7
8950,15654.1
8951,15661
8952,15671.4
8953,15690.6
8954,15676.7
8955,15681.4
8956,15694.2
8957,15693.2
8958,15676.9
8959,15679.8
8960,26670.2
8961,32534.7
8962,36993.4
8963,43686.1
8964,45908.2
8965,39786
8966,45910.8
8967,43681.3
8968,41456.5
8969,35320.8
8970,23061.2
8971,18986.5
8972,18981.1
8973,18989.3
8974,16069.4
8975,15693.7
8976,15687.3
8977,15697.1
8978,15709.2
8979,15716.1
8980,15710.5
8981,15698.4
8982,15708.4
8983,15716
8984,26697.9
8985,32582.1
8986,37045.2
8987,43743.5
8988,45979.7
8989,39838.1
8990,45975.6
8991,43746.7
8992,41512.1
8993,35372.5
8994,23091.2
8995,19015.8
8996,19018.7
8997,19007.8
8998,16103.5
8999,15698.9
9000,15702.8
9001,15737.1
9002,15737.5
9003,15720.7
9004,15724.5
9005,15738.3
9006,15737.5
9007,15720.5
9008,26738.7
9009,32627.8
9010,37100.6
9011,43804.1
9012,46041.4
9013,39893.4
9014,46044.5
9015,43805.8
9016,41572.8
9017,35419.7
9018,23125.1
9019,19039.1
9020,19034.9
9021,19047.5
9022,16109
9023,15738.2
9024,15735.3
9025,15740.5
9026,15748.8
9027,15759.7
9028,15756
9029,15741.6
9030,15749.8
9031,15759.5
9032,26772.2
9033,32672.3
9034,37148.2
9035,43864.4
9036,46108.3
9037,39946.7
9038,46107
9039,43867.9
9040,41624.9
9041,35470.7
9042,23157.4
9043,19060.5
9044,19078.4
9045,19063.5
9046,16139.2
9047,15740.8
9048,15758.9
9049,15779
9050,15767.8
9051,15762.8
9052,15781.4
9053,15780
9054,15766
9055,15764.6
9056,26818.2
9057,32715.4
9058,37199.2
9059,43927.9
9060,46162.8
9061,40007.8
9062,46164.4
9063,43922.9
9064,41686.2
9065,35518.7
9066,23184.4
9067,19099.9
9068,19090.9
9069,19086.3
9070,16169.1
9071,15768.2
9072,15762.8
9073,15801
9074,15800.9
9075,15786.2
9076,15785.9
9077,15802
9078,15800.9
9079,15783.5
9080,15788.7
9081,21797.6
9082,27323.6
9083,32590.3
9084,32589.6
9085,32327.5
9086,32330.5
9087,32284.1
9088,32289
9089,32283.7
9090,26544.9
9091,15791.4
9092,15788.6
9093,15801.6
9094,15798.9
9095,15783.2
9096,15791.1
9097,15820.7
9098,15816.3
9099,15803.2
9100,15815.3
9101,15821.7
9102,15813
9103,15803.1
9104,15818.6
9105,21001
9106,26194.7
9107,31378.4
9108,31377.1
9109,31379.3
9110,31378.6
9111,31375.5
9112,31381.9
9113,31376.9
9114,26190.6
9115,15817.4
9116,15803
9117,15818.7
9118,15821.5
9119,15810.4
9120,15802.9
9121,15840.5
9122,15841.2
9123,15826.4
9124,15826.5
9125,15842.2
9126,15840.6
9127,15823.1
9128,15830.6
9129,21029.6
9130,26228.2
9131,31418.1
9132,31417.4
9133,31415.8
9134,31421.2
9135,31415.7
9136,31420.4
9137,31417.1
9138,26223.6
9139,15839.6
9140,15823
9141,15835.6
9142,15841.6
9143,15832.6
9144,15822.7
9145,15857.7
9146,15860.9
9147,15847.8
9148,15844.3
9149,15861.8
9150,15860.8
9151,15842.8
9152,26949.3
9153,32884.1
9154,37391.2
9155,44152.6
9156,46400.1
9157,40211.9
9158,46401.7
9159,44148.4
9160,41900
9161,35700.5
9162,23304.2
9163,19192.2
9164,19193.8
9165,19184
9166,16249.6
9167,15842.1
9168,15854.5
9169,15879.1
9170,15871
9171,15861
9172,15879
9173,15879.8
9174,15865.4
9175,15865.1
9176,26988.2
9177,32924.1
9178,37435.4
9179,44205.1
9180,46460.1
9181,40256.7
9182,46459.9
9183,44207
9184,41946.6
9185,35745.3
9186,23334.5
9187,19208.6
9188,19216.6
9189,19217.9
9190,16252.2
9191,15874.7
9192,15880.2
9193,15887.2
9194,15879.8
9195,15899.6
9196,15898.5
9197,15881.6
9198,15886.1
9199,15899.2
9200,27010.6
9201,32962.1
9202,37478.4
9203,44260.4
9204,46520.6
9205,40299.1
9206,46520
9207,44257.9
9208,42001.5
9209,35783.1
9210,23363.1
9211,19235.8
9212,19230.1
9213,19229.7
9214,16289.3
9215,15896.9
9216,15880.1
9217,15908
9218,15917.3
9219,15908.1
9220,15897.7
9221,15916.3
9222,15916.9
9223,15901.3
9224,27043.7
9225,33001.1
9226,37524
9227,44310.3
9228,46564.6
9229,40355.3
9230,46565.9
9231,44311.1
9232,42047.2
9233,35826.3
9234,23389.3
9235,19251.8
9236,19267.6
9237,19257.5
9238,16295.2
9239,15905.3
9240,15917.6
9241,15927.5
9242,15915.6
9243,15931.4
9244,15934.9
9245,15921.3
9246,15919.1
9247,15935.6
9248,15932.5
9249,21975.7
9250,27548.2
9251,32866.3
9252,32862.2
9253,32606.5
9254,32600.4
9255,32563.9
9256,32559.5
9257,32561.7
9258,26769.8
9259,15930.1
9260,15915.4
9261,15934.1
9262,15934.7
9263,15918.8
9264,15921.6
9265,15951.9
9266,15947.2
9267,15932.9
9268,15947.9
9269,15952.3
9270,15939.3
9271,15936.2
9272,15953.2
9273,21174.1
9274,26407.9
9275,31642.2
9276,31635.8
9277,31642.4
9278,31636.7
9279,31641.4
9280,31637.6
9281,31640.4
9282,26407.3
9283,15939.9
9284,15952.6
9285,15942.7
9286,15932.7
9287,15952.8
9288,15952.1
9289,15950.1
9290,15958.1
9291,15969.7
9292,15961.4
9293,15949.5
9294,15967.8
9295,15969
9296,27125.6
9297,33106.1
9298,37650.9
9299,44454.2
9300,46722.8
9301,40488.2
9302,46721.2
9303,44451.3
9304,42187.3
9305,35945.2
9306,23465
9307,19317.6
9308,19331
9309,19317.5
9310,16351.5
9311,15954.5
9312,15970
9313,15980.2
9314,15966.2
9315,15981.4
9316,15985.8
9317,15971.8
9318,15970.6
9319,15986.5
9320,27159.6
9321,33143
9322,37686
9323,44503.7
9324,46776.8
9325,40525.2
9326,46772.9
9327,44498.1
9328,42230.9
9329,35981.1
9330,23487.6
9331,19344.2
9332,19344.5
9333,19335.5
9334,16374.6
9335,15965.7
9336,15984.1
9337,16000.8
9338,15984.9
9339,15989.7
9340,16002.4
9341,15994.1
9342,15981.9
9343,16001
9344,27189.9
9345,33177.7
9346,37722.5
9347,44549
9348,46824.8
9349,40564.1
9350,46822.9
9351,44543.5
9352,42273.9
9353,36022.6
9354,23505.8
9355,19365.5
9356,19362.1
9357,19355.1
9358,16392.7
9359,15981.8
9360,15998.6
9361,16016.5
9362,16001.8
9363,16004.2
9364,16018.1
9365,16010.5
9366,15997.5
9367,16016.1
9368,27216.7
9369,33210.3
9370,37759.6
9371,44593.2
9372,46871.2
9373,40605
9374,46867.6
9375,44586.8
9376,42315
9377,36052.8
9378,23534.5
9379,19381.4
9380,19384.1
9381,19374.3
9382,16404.8
9383,15997.7
9384,16018.7
9385,16031.1
9386,16012.9
9387,16025.2
9388,16032.9
9389,16020.8
9390,16015.6
9391,16033.5
9392,27240
9393,33240.5
9394,37797.5
9395,44634.7
9396,46912.9
9397,40646.4
9398,46907.7
9399,44628.3
9400,42355
9401,36088.3
9402,23558.8
9403,19392.2
9404,19407.3
9405,19397.2
9406,16412.1
9407,16023.9
9408,16033
9409,16035.7
9410,16029.5
9411,16048.4
9412,16044.4
9413,16027.3
9414,16042.3
9415,16047.3
9416,16032.6
9417,22132.7
9418,27748.1
9419,33098.9
9420,33097
9421,32835
9422,32837.7
9423,32788.1
9424,32795.2
9425,32790.2
9426,26960
9427,16036.1
9428,16047.5
9429,16033.7
9430,16032.1
9431,16048.2
9432,16041.7
9433,16040.4
9434,16059.2
9435,16061.5
9436,16043.7
9437,16050.7
9438,16062
9439,16051.6
9440,16042.8
9441,21324.8
9442,26593.6
9443,31857.2
9444,31855
9445,31857.9
9446,31855.5
9447,31858.3
9448,31856
9449,31855.9
9450,26588.8
9451,16047.8
9452,16062
9453,16051.6
9454,16042.7
9455,16062.7
9456,16059.3
9457,16054.3
9458,16069.9
9459,16075.4
9460,16060.3
9461,16062
9462,16076
9463,16067.1
9464,27309.6
9465,33331.8
9466,37898.9
9467,44753.8
9468,47032.4
9469,40755
9470,47037.5
9471,44754.1
9472,42465.6
9473,36187
9474,23621.9
9475,19449.5
9476,19444.6
9477,19444.1
9478,16470.6
9479,16069.6
9480,16054.9
9481,16086
9482,16088.5
9483,16069.4
9484,16079.9
9485,16088.8
9486,16076.8
9487,16072.1
9488,27343.7
9489,33357.8
9490,37927.5
9491,44787.1
9492,47081.2
9493,40784.4
9494,47079.9
9495,44786
9496,42503.8
9497,36214
9498,23640.1
9499,19464.5
9500,19473.3
9501,19461.6
9502,16473
9503,16075.2
9504,16089.2
9505,16091.7
9506,16081.3
9507,16102.6
9508,16099.4
9509,16080.9
9510,16096.1
9511,16101.3
9512,27351.7
9513,33382.4
9514,37966.5
9515,44823.8
9516,47107.7
9517,40824.8
9518,47110.4
9519,44828
9520,42535.7
9521,36248.5
9522,23658.2
9523,19480.1
9524,19476.5
9525,19479.1
9526,16493.3
9527,16099.9
9528,16081
9529,16107.5
9530,16113.8
9531,16097.8
9532,16101.2
9533,16114.2
9534,16103.9
9535,16094.9
9536,27386.7
9537,33410.4
9538,37987.1
9539,44857.4
9540,47155.2
9541,40848.6
9542,47152.9
9543,44855.9
9544,42570.1
9545,36271.6
9546,23677.6
9547,19491.5
9548,19504.8
9549,19495.1
9550,16494.2
9551,16106.4
9552,16113.9
9553,16110.6
9554,16111.5
9555,16126.3
9556,16116.8
9557,16105.4
9558,16126.8
9559,16122.8
9560,27392.5
9561,33435.7
9562,38018.7
9563,44893.8
9564,47180.3
9565,40883.1
9566,47186
9567,44894.6
9568,42599.1
9569,36298
9570,23696.8
9571,19511.1
9572,19505.4
9573,19505.7
9574,16522.6
9575,16110.5
9576,16112.7
9577,16136.8
9578,16127
9579,16118.3
9580,16138
9581,16132.5
9582,16116
9583,16134.7
9584,16136.7
9585,22253.6
9586,27898.9
9587,33284.3
9588,33279.2
9589,33022.4
9590,33021.1
9591,32972.3
9592,32978.1
9593,32973.4
9594,27111.2
9595,16126
9596,16137
9597,16120.6
9598,16124.7
9599,16137.4
9600,16126.6
9601,16129.3
9602,16148.8
9603,16142.2
9604,16126.7
9605,16146.4
9606,16147.7
9607,16126.9
9608,16141.1
9609,21435.8
9610,26734.2
9611,32031.8
9612,32025
9613,32032.1
9614,32024.7
9615,32031.9
9616,32024.8
9617,32031.6
9618,26731.3
9619,16146.8
9620,16129.5
9621,16138.4
9622,16148.1
9623,16135.1
9624,16132.2
9625,16158.3
9626,16150
9627,16137.4
9628,16159.3
9629,16155.2
9630,16137.1
9631,16154.7
9632,27457
9633,33502.3
9634,38095.1
9635,44986.3
9636,47279.2
9637,40968.7
9638,47275.3
9639,44987.6
9640,42687.2
9641,36375.8
9642,23742.9
9643,19547.4
9644,19545.4
9645,19550.2
9646,16549.1
9647,16158
9648,16137.3
9649,16161.2
9650,16168
9651,16151.3
9652,16156.3
9653,16168.2
9654,16156.3
9655,16151.6
9656,27479.2
9657,33522.6
9658,38114.5
9659,45013.1
9660,47314.9
9661,40990.1
9662,47305.9
9663,45008.2
9664,42714.8
9665,36395.9
9666,23759.5
9667,19558.3
9668,19557.5
9669,19570.2
9670,16548.8
9671,16168.4
9672,16156.2
9673,16160.3
9674,16178.1
9675,16169.5
9676,16156.4
9677,16178.4
9678,16174.2
9679,16156.2
9680,27491.9
9681,33542.1
9682,38138.4
9683,45034.9
9684,47342.5
9685,41010.9
9686,47338.6
9687,45033
9688,42738.2
9689,36414.8
9690,23772.9
9691,19569
9692,19574.7
9693,19580.1
9694,16553
9695,16178.1
9696,16171
9697,16164.1
9698,16185.9
9699,16184.2
9700,16164.9
9701,16182.1
9702,16186
9703,16166.9
9704,27504.3
9705,33561.5
9706,38160.5
9707,45059.7
9708,47366
9709,41033.5
9710,47367.2
9711,45058.1
9712,42761.9
9713,36435.3
9714,23786
9715,19578.4
9716,19588.2
9717,19588.5
9718,16561.6
9719,16187.1
9720,16182.5
9721,16172.6
9722,16191.9
9723,16194.5
9724,16173.5
9725,16188.2
9726,16194.5
9727,16177.3
9728,27517.4
9729,33579.2
9730,38180.4
9731,45083.2
9732,47390.3
9733,41054.8
9734,47392.2
9735,45081.5
9736,42784
9737,36453.6
9738,23797.5
9739,19588.5
9740,19598.1
9741,19598.7
9742,16570.3
9743,16195.4
9744,16190.2
9745,16180.3
9746,16200.3
9747,16201.9
9748,16181
9749,16196.7
9750,16202.2
9751,16183.9
9752,16193.3
9753,22350.6
9754,28017.5
9755,33416.4
9756,33420.6
9757,33155
9758,33149.8
9759,33112.5
9760,33111.6
9761,33106.3
9762,27221
9763,16184.5
9764,16203.2
9765,16198.9
9766,16180.8
9767,16199.4
9768,16202.3
9769,16188.1
9770,16203.1
9771,16209.6
9772,16192.1
9773,16199.2
9774,16209.8
9775,16195.7
9776,16195.3
9777,21520
9778,26839.6
9779,32152.4
9780,32147.8
9781,32154.7
9782,32147.7
9783,32154.7
9784,32147.8
9785,32155.1
9786,26834
9787,16208.6
9788,16188.2
9789,16205.5
9790,16209.5
9791,16189.9
9792,16201.8
9793,16216.1
9794,16200.2
9795,16204.4
9796,16216.7
9797,16203.6
9798,16201
9799,16216.9
9800,27551.1
9801,33620.9
9802,38238.8
9803,45146.6
9804,47446.3
9805,41115.6
9806,47452.9
9807,45149.2
9808,42842.5
9809,36502.3
9810,23828.3
9811,19625.6
9812,19617.6
9813,19615.5
9814,16611.1
9815,16194.5
9816,16217.1
9817,16218.9
9818,16201
9819,16220.1
9820,16222.5
9821,16201.1
9822,16217
9823,16222.4
9824,27557.5
9825,33636.7
9826,38249.7
9827,45165.3
9828,47466.7
9829,41129.1
9830,47473.3
9831,45166
9832,42860.3
9833,36516
9834,23836.2
9835,19628.7
9836,19633.6
9837,19624.1
9838,16608.6
9839,16211.9
9840,16222.9
9841,16214
9842,16214.4
9843,16228.9
9844,16217.4
9845,16211.7
9846,16229.2
9847,16219.6
9848,27570.6
9849,33649.5
9850,38259.7
9851,45179.3
9852,47488.7
9853,41141.4
9854,47492.8
9855,45176.8
9856,42874.1
9857,36530.6
9858,23848
9859,19629.6
9860,19638.7
9861,19640.2
9862,16605.2
9863,16229.2
9864,16222.2
9865,16211.4
9866,16233.8
9867,16230.4
9868,16211.9
9869,16231.3
9870,16233.4
9871,16211.9
9872,27586.6
9873,33659.4
9874,38271.5
9875,45192.9
9876,47507.9
9877,41156.6
9878,47500.5
9879,45191.7
9880,42889
9881,36546
9882,23855.2
9883,19638.3
9884,19636.3
9885,19645.2
9886,16622.9
9887,16233.6
9888,16213.7
9889,16230.4
9890,16238.3
9891,16221.3
9892,16227.5
9893,16238.4
9894,16224.1
9895,16224.6
9896,27597.6
9897,33670.5
9898,38283.7
9899,45212.1
9900,47515.7
9901,41172.6
9902,47511.9
9903,45212.1
9904,42900
9905,36556.7
9906,23861.4
9907,19647.2
9908,19642.2
9909,19642.6
9910,16637.9
9911,16223.4
9912,16225.6
9913,16242.6
9914,16229.9
9915,16227.1
9916,16243.1
9917,16232.1
9918,16224.5
9919,16243.2
9920,16234.4
9921,22401.2
9922,28083.8
9923,33503.1
9924,33504
9925,33232.7
9926,33239.6
9927,33193
9928,33188.6
9929,33193.9
9930,27287.7
9931,16240.5
9932,16220.7
9933,16239.8
9934,16242.4
9935,16220.9
9936,16237
9937,16245.8
9938,16226.6
9939,16238.2
9940,16246.2
9941,16229.2
9942,16235.2
9943,16246.2
9944,16231.8
9945,21568
9946,26893.6
9947,32225
9948,32222.7
9949,32225.6
9950,32222.4
9951,32225.4
9952,32222.2
9953,32226.7
9954,26894.1
9955,16241.6
9956,16237.6
9957,16226.2
9958,16247.2
9959,16240.2
9960,16224.1
9961,16249.2
9962,16245.8
9963,16227.3
9964,16247
9965,16248.3
9966,16227.5
9967,16245
9968,16249.1
9969,21565.8
9970,26897
9971,32227.7
9972,32233.7
9973,32226.6
9974,32233.5
9975,32227.1
9976,32234.1
9977,32228.3
9978,26900.8
9979,16236.6
9980,16249.4
9981,16233.7
9982,16236.7
9983,16249.6
9984,16236.3
9985,16236.7
9986,16252.4
9987,16241.1
9988,16234.5
9989,16252.5
9990,16243
9991,16232.3
9992,27622.1
9993,33697.3
9994,38312.7
9995,45248.6
9996,47560
9997,41205
9998,47550.8
9999,45249.9
10000,42936.4
10001,36588.9
10002,23879.6
10003,19663.1
10004,19658.7
10005,19658.2
10006,16651.6
10007,16240
10008,16236.2
10009,16254.4
10010,16243.5
10011,16236
10012,16254.7
10013,16245.5
10014,16233.7
10015,16254.8
10016,27616.9
10017,33699.3
10018,38325.5
10019,45251.5
10020,47556.9
10021,41211.1
10022,47563.5
10023,45255.3
10024,42944
10025,36586.9
10026,23881
10027,19670.6
10028,19667.1
10029,19661.3
10030,16643.9
10031,16238.4
10032,16254.5
10033,16244.7
10034,16237.9
10035,16256.2
10036,16246.7
10037,16235.8
10038,16256.4
10039,16248.8
10040,27615.6
10041,33706.1
10042,38323.8
10043,45254.9
10044,47568.4
10045,41210.4
10046,47572.7
10047,45251.7
10048,42945.4
10049,36591.2
10050,23888
10051,19663.8
10052,19666.5
10053,19675.5
10054,16636.4
10055,16255.8
10056,16243.5
10057,16240.4
10058,16257.1
10059,16246.1
10060,16238.3
10061,16257.2
10062,16248.3
10063,16236.2
10064,27629.7
10065,33706.9
10066,38323.6
10067,45261.4
10068,47572.4
10069,41219
10070,47564.3
10071,45262.9
10072,42948.6
10073,36599.2
10074,23886.6
10075,19668.8
10076,19664.3
10077,19663.7
10078,16656.3
10079,16243.8
10080,16241.5
10081,16257.4
10082,16246.1
10083,16239.8
10084,16257.7
10085,16247.6
10086,16237.7
10087,16257.7
10088,16249.8
10089,22421.1
10090,28108.4
10091,33532.8
10092,33533.9
10093,33262.3
10094,33269.2
10095,33223.2
10096,33217.9
10097,33223.9
10098,27312
10099,16253.5
10100,16234.8
10101,16256.2
10102,16254.5
10103,16235
10104,16253.8
10105,16256.7
10106,16235.1
10107,16251.6
10108,16256.7
10109,16236.7
10110,16249.5
10111,16256.7
10112,16239
10113,21581.8
10114,26913.3
10115,32245.6
10116,32243.6
10117,32247.6
10118,32243.2
10119,32248
10120,32242.9
10121,32247.8
10122,26912
10123,16253.7
10124,16243.4
10125,16242.6
10126,16257.4
10127,16245.7
10128,16240.1
10129,16257
10130,16246.6
10131,16237.3
10132,16257.2
10133,16248.8
10134,16235.1
10135,16257.2
10136,27621.3
10137,33704.4
10138,38330.8
10139,45258.1
10140,47563.9
10141,41217.3
10142,47570.3
10143,45261.7
10144,42950.1
10145,36592.6
10146,23884.5
10147,19673.4
10148,19669.8
10149,19664
10150,16646.3
10151,16240.6
10152,16256.9
10153,16244.6
10154,16237.6
10155,16255.9
10156,16246.4
10157,16235.4
10158,16256.1
10159,16248.6
10160,27615.1
10161,33705.5
10162,38323
10163,45254.1
10164,47567.5
10165,41209.6
10166,47571.8
10167,45250.9
10168,42944.6
10169,36590.5
10170,23887.5
10171,19663.4
10172,19666.3
10173,19675.1
10174,16635.9
10175,16255.6
10176,16243.3
10177,16237.5
10178,16254.1
10179,16243.3
10180,16235.1
10181,16254.2
10182,16245.6
10183,16232.9
10184,27624.7
10185,33700.9
10186,38316.7
10187,45253
10188,47564
10189,41211.5
10190,47555.5
10191,45254.1
10192,42940.8
10193,36592.5
10194,23881.9
10195,19665.2
10196,19660.7
10197,19660.2
10198,16653.2
10199,16242.1
10200,16237.4
10201,16252.1
10202,16241.1
10203,16232.8
10204,16252.2
10205,16243.5
10206,16230.5
10207,16252.3
10208,27612.8
10209,33694
10210,38319.1
10211,45244.2
10212,47549.3
10213,41204.9
10214,47555.6
10215,45247.6
10216,42936.7
10217,36581.4
10218,23869.9
10219,19674.8
10220,19663.1
10221,19657.7
10222,16642.2
10223,16234.5
10224,16252
10225,16239
10226,16229.7
10227,16249.5
10228,16241.4
10229,16227.2
10230,16249.7
10231,16243.7
10232,27603.1
10233,33692.2
10234,38307.9
10235,45236.2
10236,47547.7
10237,41193
10238,47552.2
10239,45232.4
10240,42927.5
10241,36576.2
10242,23877.2
10243,19654.3
10244,19661.6
10245,19666
10246,16626.3
10247,16249.3
10248,16239.8
10249,16225.7
10250,16246.4
10251,16239.2
10252,16223.4
10253,16245.7
10254,16241.8
10255,16223.6
10256,16243.4
10257,22408.7
10258,28090.2
10259,33507.7
10260,33507.2
10261,33244.1
10262,33240.8
10263,33197.2
10264,33200.3
10265,33195
10266,27294.4
10267,16234.4
10268,16245.2
10269,16225.9
10270,16237.2
10271,16245.4
10272,16228.6
10273,16230.5
10274,16241.8
10275,16227.6
10276,16227.5
10277,16242.1
10278,16230.3
10279,16225
10280,16242.3
10281,21557.8
10282,26886.8
10283,32214.9
10284,32217.7
10285,32212.7
10286,32217.5
10287,32212.4
10288,32217.3
10289,32212.2
10290,26888.6
10291,16223.7
10292,16241.6
10293,16238.3
10294,16219.7
10295,16239
10296,16241.1
10297,16215.9
10298,16232.1
10299,16237.1
10300,16217.6
10301,16229.7
10302,16237.3
10303,16220.3
10304,27590.2
10305,33668.1
10306,38281.1
10307,45202.4
10308,47517.7
10309,41164
10310,47514.3
10311,45200.6
10312,42897.7
10313,36552
10314,23869.4
10315,19634.9
10316,19640.9
10317,19653.3
10318,16622
10319,16237.4
10320,16221.4
10321,16220.5
10322,16232.8
10323,16219.6
10324,16217.3
10325,16233
10326,16222.1
10327,16214.5
10328,27589.1
10329,33656.7
10330,38267.2
10331,45194.6
10332,47501.8
10333,41158.1
10334,47493.7
10335,45194.7
10336,42885.2
10337,36543.9
10338,23851.3
10339,19639.2
10340,19635.3
10341,19634.9
10342,16631.5
10343,16224.1
10344,16212.6
10345,16228.5
10346,16221.5
10347,16205.3
10348,16226.7
10349,16224.5
10350,16205.5
10351,16224.1
10352,27574.1
10353,33645.1
10354,38259.8
10355,45178.3
10356,47480.4
10357,41143.6
10358,47480.5
10359,45179.9
10360,42869.5
10361,36528.7
10362,23845.9
10363,19634.2
10364,19629.4
10365,19628.7
10366,16626.8
10367,16206.1
10368,16221.1
10369,16221.5
10370,16202.9
10371,16212.1
10372,16221.4
10373,16206.1
10374,16208.1
10375,16221.5
10376,27558.3
10377,33631.8
10378,38250.9
10379,45160.8
10380,47461
10381,41126.6
10382,47467.8
10383,45163.9
10384,42857.3
10385,36513.5
10386,23833.3
10387,19631.3
10388,19626.6
10389,19621.2
10390,16612.4
10391,16203.4
10392,16222.1
10393,16207.5
10394,16194
10395,16216
10396,16210.6
10397,16193.1
10398,16213
10399,16214
10400,27543.7
10401,33622.4
10402,38229.5
10403,45143.4
10404,47445.7
10405,41108
10406,47450.9
10407,45143.8
10408,42839.4
10409,36498.6
10410,23822
10411,19620.7
10412,19625.8
10413,19614.8
10414,16599.3
10415,16206
10416,16215
10417,16193.1
10418,16195.1
10419,16208.4
10420,16196.4
10421,16191.5
10422,16208.7
10423,16199.2
10424,16187.9
10425,22361.8
10426,28029.5
10427,33430.1
10428,33433.4
10429,33166.2
10430,33162.7
10431,33123.2
10432,33119.4
10433,33121.8
10434,27230.2
10435,16195.5
10436,16200.3
10437,16207.9
10438,16191.8
10439,16196
10440,16208.3
10441,16188.6
10442,16184.8
10443,16201.2
10444,16191.3
10445,16181
10446,16201.4
10447,16195.3
10448,21505
10449,26814.9
10450,32130.1
10451,32137
10452,32130.1
10453,32137.1
10454,32130.4
10455,32136.9
10456,32130.8
10457,26820.1
10458,16186.2
10459,16200.9
10460,16188.5
10461,16184.4
10462,16201.3
10463,16191.8
10464,16180.6
10465,16194.2
10466,16187.9
10467,16171.1
10468,16191.1
10469,16192.1
10470,16171.3
10471,27516.7
10472,33574.3
10473,38174.9
10474,45077.4
10475,47386.9
10476,41049.9
10477,47383.8
10478,45075.7
10479,42778.7
10480,36449.7
10481,23795.6
10482,19587.6
10483,19591.7
10484,19600
10485,16569.8
10486,16193.3
10487,16183.9
10488,16172.6
10489,16185.8
10490,16179.7
10491,16162.8
10492,16182.4
10493,16184.1
10494,16163
10495,27502
10496,33556.8
10497,38155.1
10498,45053.8
10499,47361.2
10500,41028.4
10501,47360.1
10502,45052.3
10503,42756.4
10504,36430.7
10505,23782.7
10506,19576.6
10507,19584.2
10508,19587.4
10509,16559.8
10510,16185
10511,16178.8
10512,16162.7
10513,16174.6
10514,16174.4
10515,16154.2
10516,16169.9
10517,16175.2
10518,16157.5
10519,27484.8
10520,33539
10521,38134.6
10522,45029.5
10523,47333.2
10524,41003.4
10525,47337.4
10526,45028.1
10527,42733.2
10528,36410.6
10529,23768.3
10530,19564.7
10531,19578.8
10532,19571.7
10533,16553.6
10534,16171.8
10535,16175
10536,16155.1
10537,16158.7
10538,16165.9
10539,16150.6
10540,16152.9
10541,16166.3
10542,16155.3
10543,27465
10544,33519
10545,38111.5
10546,45004.7
10547,47303.5
10548,40981.6
10549,47307.9
10550,45005.6
10551,42709.2
10552,36387.7
10553,23752.4
10554,19560.6
10555,19563.9
10556,19554.9
10557,16552.8
10558,16151.6
10559,16166.3
10560,16155.7
10561,16137.7
10562,16156.8
10563,16150.8
10564,16134.5
10565,16153.9
10566,16155.6
10567,27442.6
10568,33497.5
10569,38091.3
10570,44977.8
10571,47269.1
10572,40959.9
10573,47275.1
10574,44979.7
10575,42681.1
10576,36364.7
10577,23740.9
10578,19550.2
10579,19542.7
10580,19542.1
10581,16554.1
10582,16134.6
10583,16150
10584,16155.8
10585,16129.2
10586,16133.6
10587,16145.7
10588,16134.2
10589,16128.2
10590,16146.1
10591,16138.9
10592,22268
10593,27913.9
10594,33301.9
10595,33299
10596,33037.2
10597,33039.3
10598,32988.5
10599,32996
10600,32994.3
10601,27123.3
10602,16139.7
10603,16141.5
10604,16124.2
10605,16142.2
10606,16145.2
10607,16125.9
10608,16136.9
10609,16135.2
10610,16120.8
10611,16119.6
10612,16135.1
10613,16126
10614,16113.9
10615,16135.5
10616,21416.8
10617,26710.2
10618,32003.5
10619,32001.4
10620,32001.5
10621,32000.5
10622,32002.6
10623,31999.7
10624,32003.7
10625,26709.8
10626,16133
10627,16113.6
10628,16130.2
10629,16134.3
10630,16116.7
10631,16123.7
10632,16134.7
10633,16112
10634,16106.2
10635,16123.8
10636,16116.7
10637,16102
10638,16122.1
10639,27395.8
10640,33428.7
10641,38011.7
10642,44887.5
10643,47176.1
10644,40879.2
10645,47171.7
10646,44886.6
10647,42593.8
10648,36295.3
10649,23691.6
10650,19504
10651,19502
10652,19514.5
10653,16504.8
10654,16123.2
10655,16110.1
10656,16107.3
10657,16112.5
10658,16103.9
10659,16090.1
10660,16110.8
10661,16110.5
10662,16090.4
10663,27377.2
10664,33404.8
10665,37982.5
10666,44850.1
10667,47143.5
10668,40841.5
10669,47146.8
10670,44851.5
10671,42563.9
10672,36264.1
10673,23671.2
10674,19497
10675,19494.9
10676,19487.4
10677,16500.6
10678,16091.5
10679,16112.1
10680,16107.7
10681,16078.7
10682,16094.4
10683,16098.5
10684,16081.4
10685,16086.9
10686,16098.8
10687,27349.3
10688,33375.7
10689,37956.5
10690,44816.6
10691,47101.4
10692,40816.7
10693,47100.6
10694,44820.4
10695,42528.5
10696,36240
10697,23655.4
10698,19474.9
10699,19472.7
10700,19481.8
10701,16483.9
10702,16098.6
10703,16082.9
10704,16085.6
10705,16086.9
10706,16076.4
10707,16065.6
10708,16086.7
10709,16083.9
10710,16065.2
10711,27334.5
10712,33351.9
10713,37922.5
10714,44779.4
10715,47068.6
10716,40776.7
10717,47072.3
10718,44782.2
10719,42497
10720,36207.2
10721,23634.6
10722,19468.4
10723,19459.9
10724,19456.8
10725,16480.1
10726,16064.9
10727,16081.5
10728,16085.6
10729,16056.3
10730,16060.2
10731,16072.7
10732,16062.6
10733,16052.6
10734,16073.3
10735,27308.3
10736,33323
10737,37891.4
10738,44745.5
10739,47028.3
10740,40749.2
10741,47023.9
10742,44740.6
10743,42460.2
10744,36177.9
10745,23618.9
10746,19441.5
10747,19448.4
10748,19451.9
10749,16444.6
10750,16072.8
10751,16071.3
10752,16052.1
10753,16052.4
10754,16058.5
10755,16045.1
10756,16042.9
10757,16059.2
10758,16052.5
10759,16037.9
10760,22152.3
10761,27771.3
10762,33122.7
10763,33122
10764,32854.4
10765,32861.3
10766,32812.9
10767,32813.8
10768,32815.8
10769,26976.9
10770,16054.3
10771,16051.1
10772,16037.8
10773,16057.4
10774,16058.2
10775,16039
10776,16049.5
10777,16045.2
10778,16033.1
10779,16026.2
10780,16045
10781,16041
10782,16024
10783,16038.8
10784,21297.5
10785,26562.3
10786,31824.1
10787,31818.6
10788,31825.3
10789,31819.2
10790,31824
10791,31819.8
10792,31823.5
10793,26559.1
10794,16036.4
10795,16044
10796,16024.4
10797,16035.4
10798,16044.3
10799,16033.1
10800,16026.2
10801,16031.1
10802,16026.4
10803,16009.3
10804,16023.9
10805,16029.3
10806,16015.3
10807,27234
10808,33234.6
10809,37788.9
10810,44624.1
10811,46896.9
10812,40637.2
10813,46900.8
10814,44624.8
10815,42342.9
10816,36083.7
10817,23552
10818,19392.2
10819,19388.8
10820,19393.6
10821,16416.9
10822,16029.2
10823,16011
10824,16018.4
10825,16015.2
10826,16004.6
10827,15994
10828,16014.8
10829,16013.8
10830,15994.3
10831,27211.1
10832,33203.4
10833,37751.8
10834,44580.5
10835,46853.4
10836,40598.5
10837,46857.3
10838,44581.6
10839,42302
10840,36048.6
10841,23530.1
10842,19374.4
10843,19370.2
10844,19373.6
10845,16402.8
10846,16014
10847,15994.6
10848,16004.8
10849,15999.5
10850,15988.5
10851,15978.9
10852,15999.3
10853,15998
10854,15978.6
10855,27184.3
10856,33170.6
10857,37714.7
10858,44536.7
10859,46806.5
10860,40558.1
10861,46810.5
10862,44537.7
10863,42260.4
10864,36013.8
10865,23506.2
10866,19353.7
10867,19350.9
10868,19358.7
10869,16382.4
10870,15998.3
10871,15983.8
10872,15983.5
10873,15983.7
10874,15977.2
10875,15962.4
10876,15978
10877,15982
10878,15968
10879,27153.7
10880,33136.5
10881,37677.5
10882,44492.8
10883,46756.9
10884,40519.4
10885,46758.8
10886,44493.2
10887,42218.1
10888,35975.7
10889,23483.5
10890,19333
10891,19333.2
10892,19346.6
10893,16354.6
10894,15982.7
10895,15978.2
10896,15962.5
10897,15961.2
10898,15965.5
10899,15952.9
10900,15949
10901,15966.3
10902,15963.1
10903,27119.1
10904,33099.3
10905,37642.6
10906,44442.2
10907,46710.2
10908,40477.9
10909,46708.7
10910,44443.2
10911,42176.1
10912,35936.6
10913,23460.2
10914,19310.4
10915,19326.2
10916,19316.2
10917,16343.8
10918,15955
10919,15965.8
10920,15956.6
10921,15929.7
10922,15947.4
10923,15948.1
10924,15931.8
10925,15935.5
10926,15948.8
10927,15942.6
10928,21996.6
10929,27570.8
10930,32893.4
10931,32889.5
10932,32635.4
10933,32628.4
10934,32591.7
10935,32590.2
10936,32586.4
10937,26792.7
10938,15940.4
10939,15933.1
10940,15949
10941,15944.9
10942,15929.1
10943,15942.3
10944,15948.5
10945,15920.8
10946,15912.6
10947,15931.9
10948,15930.7
10949,15912.1
10950,15920.5
10951,15931.2
10952,21144
10953,26371.1
10954,31598.5
10955,31592.9
10956,31599.9
10957,31593.6
10958,31598.4
10959,31594.6
10960,31597.7
10961,26371.9
10962,15918.5
10963,15931
10964,15920.7
10965,15911.6
10966,15931.7
10967,15930.5
10968,15912.8
10969,15902.3
10970,15913.4
10971,15906.8
10972,15893.7
10973,15908.8
10974,15912.7
10975,27030.9
10976,32989.5
10977,37514.4
10978,44296.9
10979,46560.8
10980,40339.1
10981,46559
10982,44294.6
10983,42037.9
10984,35816.6
10985,23380.8
10986,19260.3
10987,19248.3
10988,19247.2
10989,16304.8
10990,15899.2
10991,15897.4
10992,15913.7
10993,15893.6
10994,15875.8
10995,15886.4
10996,15894.7
10997,15886.1
10998,15875.5
10999,27011.1
11000,32953.8
11001,37469.2
11002,44246.7
11003,46500
11004,40295.4
11005,46500.9
11006,44247.9
11007,41985.3
11008,35777
11009,23357
11010,19225.6
11011,19237.3
11012,19232.5
11013,16269.9
11014,15885.7
11015,15894.8
11016,15886.4
11017,15857.9
11018,15873.1
11019,15875.6
11020,15862.5
11021,15859
11022,15876.5
11023,26973.1
11024,32915
11025,37423.8
11026,44191.6
11027,46453.7
11028,40240
11029,46453.9
11030,44194.1
11031,41934.2
11032,35734.1
11033,23326.1
11034,19205.5
11035,19202.4
11036,19212.3
11037,16253.8
11038,15875.9
11039,15866.8
11040,15856.7
11041,15856.1
11042,15856.3
11043,15842.9
11044,15840.5
11045,15857.4
11046,15856.2
11047,26932.1
11048,32871
11049,37381.6
11050,44138
11051,46394.4
11052,40195
11053,46394.2
11054,44137.3
11055,41888.8
11056,35689.5
11057,23301.9
11058,19185.3
11059,19178.9
11060,19178.2
11061,16246.4
11062,15853.2
11063,15838
11064,15849.6
11065,15838.2
11066,15828.7
11067,15818.3
11068,15834
11069,15836.8
11070,15825.3
11071,26904.7
11072,32832.8
11073,37336.1
11074,44082.2
11075,46333
11076,40149.3
11077,46331.2
11078,44081.4
11079,41835.9
11080,35644.6
11081,23269.4
11082,19167.2
11083,19155.6
11084,19155
11085,16226.7
11086,15828.2
11087,15818.2
11088,15835.3
11089,15817.9
11090,15804
11091,15799.5
11092,15817.8
11093,15816.5
11094,15800.6
11095,15803
11096,21819.7
11097,27351
11098,32622.8
11099,32622.1
11100,32359.6
11101,32362.7
11102,32316.1
11103,32321
11104,32315.6
11105,26571.4
11106,15806
11107,15806.1
11108,15817.1
11109,15812.3
11110,15798.6
11111,15809.9
11112,15817
11113,15790
11114,15778.2
11115,15792.2
11116,15796.4
11117,15787.1
11118,15777.9
11119,15794.5
11120,20967.3
11121,26152.9
11122,31328.3
11123,31327.1
11124,31328.2
11125,31329
11126,31325.7
11127,31330.6
11128,31327.3
11129,26148.7
11130,15795
11131,15778.4
11132,15789.4
11133,15796.6
11134,15789.6
11135,15778.2
11136,15791.4
11137,15776.9
11138,15767
11139,15757.4
11140,15772.5
11141,15775.5
11142,15765.7
11143,26799.3
11144,32703.8
11145,37190.4
11146,43910.2
11147,46154.7
11148,39988.8
11149,46156.2
11150,43911.5
11151,41673.6
11152,35505.3
11153,23181
11154,19085.3
11155,19080.7
11156,19089.9
11157,16152
11158,15775.7
11159,15768.2
11160,15757.5
11161,15750.8
11162,15754.4
11163,15746.1
11164,15736.3
11165,15750.2
11166,15754.2
11167,26761.6
11168,32661
11169,37135.8
11170,43851.7
11171,46096.1
11172,39932.1
11173,46093.3
11174,43853.5
11175,41611.4
11176,35459
11177,23149.8
11178,19054.9
11179,19070.7
11180,19059.8
11181,16132
11182,15737.8
11183,15755.3
11184,15754
11185,15719.2
11186,15716.9
11187,15733.6
11188,15732.3
11189,15718.1
11190,15716.9
11191,26737.1
11192,32616.3
11193,37086
11194,43795.3
11195,46022.8
11196,39885.5
11197,46025.6
11198,43790
11199,41559.6
11200,35409.7
11201,23118.9
11202,19037
11203,19036.3
11204,19020
11205,16118.9
11206,15732.5
11207,15716.3
11208,15718.4
11209,15712.8
11210,15710.3
11211,15695.1
11212,15695.9
11213,15711.6
11214,15710.2
11215,26684.4
11216,32569.2
11217,37032.8
11218,43732.1
11219,45967.2
11220,39820.3
11221,45965
11222,43731.4
11223,41495.4
11224,35360.2
11225,23085.9
11226,19002.6
11227,19019.8
11228,19003.3
11229,16091.4
11230,15692.9
11231,15707
11232,15710.8
11233,15681.7
11234,15671.1
11235,15683.2
11236,15688.4
11237,15682.3
11238,15671.1
11239,26657.4
11240,32524.4
11241,36983.2
11242,43666.2
11243,45896
11244,39767.3
11245,45898.7
11246,43668.4
11247,41439.4
11248,35309.9
11249,23050.2
11250,18977.2
11251,18976.6
11252,18992
11253,16052.3
11254,15686.1
11255,15688.3
11256,15679.7
11257,15649.8
11258,15661.5
11259,15665.8
11260,15659
11261,15648.7
11262,15659
11263,15665.8
11264,21604.7
11265,27084.4
11266,32306.7
11267,32309.6
11268,32048.3
11269,32053.2
11270,32005.8
11271,32010.7
11272,32006
11273,26316.5
11274,15660.1
11275,15648.2
11276,15664.8
11277,15665.6
11278,15656.6
11279,15648.5
11280,15661.8
11281,15644
11282,15636
11283,15625.8
11284,15635.2
11285,15642.9
11286,15639.8
11287,15626.1
11288,20770.4
11289,25889.2
11290,31020.6
11291,31023
11292,31022.3
11293,31019.7
11294,31024.3
11295,31021.8
11296,31019.2
11297,25894.2
11298,15632.8
11299,15630.2
11300,15643.2
11301,15642.2
11302,15627.7
11303,15626.4
11304,15643.6
11305,15620.4
11306,15608.5
11307,15602.3
11308,15616.4
11309,15619.2
11310,15612.4
11311,26530.7
11312,32377.2
11313,36816.8
11314,43474.5
11315,45697.3
11316,39588.2
11317,45694.4
11318,43475.3
11319,41255.1
11320,35154.6
11321,22947.9
11322,18903.2
11323,18896.7
11324,18890.6
11325,16003.8
11326,15611.7
11327,15602.5
11328,15613.5
11329,15597
11330,15592.3
11331,15579.3
11332,15583.5
11333,15596
11334,15594.9
11335,26487.8
11336,32329.9
11337,36759.9
11338,43406.4
11339,45624.7
11340,39531.2
11341,45619.5
11342,43406.7
11343,41195.4
11344,35099.2
11345,22917
11346,18870.7
11347,18861.7
11348,18866
11349,15973
11350,15595.4
11351,15587.6
11352,15579
11353,15566.2
11354,15571.6
11355,15569.7
11356,15555.4
11357,15557.3
11358,15572
11359,26455.1
11360,32283
11361,36704.3
11362,43342.8
11363,45548.5
11364,39474.8
11365,45550.8
11366,43340.3
11367,41129.7
11368,35044.7
11369,22877.8
11370,18834.9
11371,18833.7
11372,18851.5
11373,15938.8
11374,15560.6
11375,15571.8
11376,15570.7
11377,15534.2
11378,15530.5
11379,15546.2
11380,15546.7
11381,15539.8
11382,15530.9
11383,26416
11384,32228.8
11385,36646.4
11386,43268.7
11387,45482.6
11388,39400.6
11389,45482.6
11390,43272.2
11391,41062.4
11392,34991.4
11393,22841
11394,18818.2
11395,18806.7
11396,18802.9
11397,15929.4
11398,15545.2
11399,15531.3
11400,15532.9
11401,15524.4
11402,15521.9
11403,15513
11404,15506.2
11405,15516.3
11406,15522.3
11407,26368.2
11408,32180.3
11409,36587.1
11410,43204.8
11411,45403.7
11412,39349.6
11413,45406.1
11414,43203.1
11415,40997.9
11416,34933
11417,22804.9
11418,18774.6
11419,18786.3
11420,18780.8
11421,15895.7
11422,15505.8
11423,15519.7
11424,15522.2
11425,15494.2
11426,15481.8
11427,15484.7
11428,15497.8
11429,15496.8
11430,15487.3
11431,15481.3
11432,21376.3
11433,26795.1
11434,31958
11435,31956.7
11436,31706
11437,31704
11438,31659.5
11439,31665.3
11440,31659.6
11441,26032.9
11442,15488.6
11443,15479.9
11444,15500.6
11445,15496.9
11446,15489.3
11447,15481.5
11448,15489
11449,15473.6
11450,15471.2
11451,15458.6
11452,15456.1
11453,15468.9
11454,15471.7
11455,15468.8
11456,20532.6
11457,25606.3
11458,30685
11459,30680.3
11460,30681.2
11461,30683.5
11462,30680.8
11463,30678.8
11464,30685.4
11465,25611
11466,15460
11467,15471.9
11468,15470.8
11469,15456.8
11470,15456
11471,15471.7
11472,15471.6
11473,15442.1
11474,15431.1
11475,15434
11476,15446.6
11477,15445.8
11478,15437.7
11479,26236.6
11480,32017.6
11481,36405.7
11482,42989.1
11483,45183
11484,39154
11485,45182.8
11486,42989.5
11487,40798.4
11488,34761.2
11489,22693.1
11490,18682.5
11491,18693.1
11492,18689.3
11493,15818.4
11494,15430.5
11495,15441.9
11496,15446.2
11497,15421.1
11498,15405.7
11499,15404.8
11500,15418.7
11501,15420.1
11502,15417.3
11503,26189.1
11504,31965
11505,36345.4
11506,42917.6
11507,45103.2
11508,39090.6
11509,45106.7
11510,42918.1
11511,40724.3
11512,34701
11513,22655.9
11514,18651.2
11515,18666.7
11516,18648.6
11517,15800.4
11518,15407.6
11519,15404.9
11520,15416.5
11521,15395.5
11522,15393.4
11523,15379.8
11524,15379.2
11525,15391.2
11526,15393.8
11527,26149
11528,31913.9
11529,36284.3
11530,42847.6
11531,45028.7
11532,39016
11533,45031.4
11534,42842
11535,40653
11536,34645.8
11537,22615.2
11538,18635.6
11539,18617.2
11540,18617.9
11541,15769.8
11542,15393.8
11543,15387.8
11544,15379.4
11545,15356.6
11546,15368
11547,15367.1
11548,15361.4
11549,15353.1
11550,15354.7
11551,26115.1
11552,31855.1
11553,36221.2
11554,42764.9
11555,44954.3
11556,38947.9
11557,44948.7
11558,42768.9
11559,40590.8
11560,34583
11561,22578.6
11562,18587.8
11563,18593.1
11564,18597.8
11565,15735
11566,15352.3
11567,15365.2
11568,15367.4
11569,15341.6
11570,15326.9
11571,15326.1
11572,15337.3
11573,15340.7
11574,15339.8
11575,26052.6
11576,31800.8
11577,36156.5
11578,42697.4
11579,44871.2
11580,38882
11581,44873.4
11582,42692.3
11583,40511.1
11584,34525.5
11585,22537.1
11586,18569.6
11587,18552.2
11588,18556.7
11589,15711.5
11590,15340.6
11591,15339.8
11592,15326.8
11593,15300.9
11594,15309.9
11595,15313.7
11596,15312.9
11597,15302.4
11598,15299.4
11599,15306.2
11600,21122.7
11601,26479.2
11602,31578.1
11603,31576.7
11604,31327.3
11605,31328.1
11606,31283.1
11607,31287.9
11608,31284.3
11609,25722.5
11610,15314.4
11611,15304.8
11612,15299.5
11613,15303.4
11614,15314.1
11615,15313.2
11616,15307.5
11617,15274.3
11618,15272.4
11619,15286.8
11620,15286.1
11621,15285
11622,15272.9
11623,15272.2
11624,20299.2
11625,25299.3
11626,30312.4
11627,30310
11628,30314.4
11629,30313.3
11630,30311.5
11631,30309.8
11632,30315.7
11633,25302.7
11634,15269.6
11635,15285.1
11636,15286.2
11637,15285.6
11638,15273.5
11639,15272.3
11640,15280.3
11641,15260.6
11642,15258.2
11643,15251.6
11644,15245.3
11645,15246.1
11646,15259.3
11647,25926.4
11648,31628.6
11649,35965.5
11650,42461.8
11651,44633.6
11652,38671.3
11653,44630.2
11654,42465.3
11655,40300.7
11656,34335.1
11657,22416
11658,18454.9
11659,18472.8
11660,18452.9
11661,15634.9
11662,15251.2
11663,15245.3
11664,15247.3
11665,15233.2
11666,15230.7
11667,15229.3
11668,15218.1
11669,15217.5
11670,15226.1
11671,25881.2
11672,31570.5
11673,35897.6
11674,42382.7
11675,44553.4
11676,38603
11677,44550.7
11678,42389
11679,40222.2
11680,34272
11681,22378.2
11682,18431.3
11683,18428.1
11684,18419.2
11685,15605.4
11686,15230.7
11687,15224.5
11688,15217.8
11689,15191.1
11690,15202.5
11691,15202.9
11692,15202.1
11693,15192.6
11694,15189.8
11695,25829.8
11696,31510.1
11697,35829.8
11698,42309.9
11699,44465.3
11700,38533.6
11701,44466.7
11702,42306.3
11703,40147.8
11704,34214.6
11705,22340.9
11706,18393.2
11707,18385.3
11708,18405.4
11709,15558.7
11710,15196.7
11711,15203.2
11712,15202.4
11713,15171.1
11714,15162.3
11715,15161.6
11716,15172
11717,15174.8
11718,15174.1
11719,25771.5
11720,31457.4
11721,35765.9
11722,42230
11723,44384.2
11724,38453.1
11725,44382.2
11726,42230.4
11727,40079.1
11728,34144.8
11729,22292.4
11730,18354.8
11731,18368.6
11732,18350.7
11733,15548.5
11734,15173.2
11735,15162.5
11736,15162.1
11737,15141
11738,15146.6
11739,15145.9
11740,15143.3
11741,15134.2
11742,15133.9
11743,25735.2
11744,31391.8
11745,35695.6
11746,42151.7
11747,44299.2
11748,38387.7
11749,44300.8
11750,42148
11751,39999.3
11752,34085
11753,22256.1
11754,18320.3
11755,18323.1
11756,18331.5
11757,15511.1
11758,15133.4
11759,15137.5
11760,15146.6
11761,15119.1
11762,15116.9
11763,15106
11764,15105.3
11765,15107.9
11766,15118
11767,15117.3
11768,20846.6
11769,26134.9
11770,31176.5
11771,31170.6
11772,30926.1
11773,30925.6
11774,30881.9
11775,30885
11776,30884.3
11777,25391.5
11778,15113.1
11779,15117.4
11780,15116.6
11781,15106
11782,15105.3
11783,15108.1
11784,15118.1
11785,15090.3
11786,15088
11787,15078.7
11788,15076.9
11789,15076.6
11790,15089.2
11791,15088.7
11792,20024.1
11793,24978.6
11794,29915.3
11795,29921
11796,29921
11797,29919.6
11798,29918.3
11799,29916.9
11800,29921.6
11801,24974.6
11802,15079
11803,15076.5
11804,15089
11805,15088.8
11806,15088.2
11807,15082.2
11808,15077.1
11809,15049.4
11810,15056.3
11811,15059.9
11812,15059.3
11813,15057.2
11814,15048.5
11815,25580.5
11816,31215.1
11817,35491.8
11818,41913.4
11819,44047.5
11820,38159.7
11821,44044.5
11822,41909.4
11823,39771.3
11824,33883.6
11825,22126
11826,18225.7
11827,18218.9
11828,18214
11829,15426.3
11830,15059.7
11831,15059.1
11832,15053.3
11833,15021.1
11834,15018.8
11835,15026
11836,15030.7
11837,15030.2
11838,15029.8
11839,25523.6
11840,31157.3
11841,35424.1
11842,41824.5
11843,43960.8
11844,38090.2
11845,43961.9
11846,41829.6
11847,39685.1
11848,33825.6
11849,22084.5
11850,18189
11851,18176
11852,18197.2
11853,15383.8
11854,15020.7
11855,15031.1
11856,15030.4
11857,15002.3
11858,14995.1
11859,14990.4
11860,14990.1
11861,14994.7
11862,15001.4
11863,25487.5
11864,31092.4
11865,35352.2
11866,41742.2
11867,43872.1
11868,38020.2
11869,43872.7
11870,41741.4
11871,39617.3
11872,33756.1
11873,22039.4
11874,18142.5
11875,18162.9
11876,18140.1
11877,15371
11878,14998.7
11879,14990.6
11880,14989.9
11881,14963
11882,14972.3
11883,14971.6
11884,14971
11885,14968
11886,14961.2
11887,25430.8
11888,31032.4
11889,35284.1
11890,41664.1
11891,43786
11892,37939
11893,43788.2
11894,41664.9
11895,39529.1
11896,33692.6
11897,21999
11898,18116
11899,18104.5
11900,18127
11901,15326
11902,14960.2
11903,14968.4
11904,14971.8
11905,14943.4
11906,14941.2
11907,14933.4
11908,14931.5
11909,14931.1
11910,14937.2
11911,25389
11912,30966.1
11913,35212.7
11914,41580.8
11915,43700.6
11916,37862.1
11917,43701.9
11918,41580.7
11919,39459.1
11920,33616.6
11921,21952.3
11922,18087.3
11923,18071
11924,18077.9
11925,15296.4
11926,14942.3
11927,14941.9
11928,14941.3
11929,14909.8
11930,14902.3
11931,14901.8
11932,14901.4
11933,14911.5
11934,14912.1
11935,14911.7
11936,20561.8
11937,25780.1
11938,30749.6
11939,30746.8
11940,30500.9
11941,30505.2
11942,30463.2
11943,30461
11944,30460.3
11945,25048.2
11946,14910.3
11947,14902
11948,14901.8
11949,14908.8
11950,14912.4
11951,14911.9
11952,14911.4
11953,14877.8
11954,14872.5
11955,14872
11956,14872.8
11957,14882.8
11958,14882.1
11959,14881.7
11960,19747.4
11961,24635.3
11962,29504.6
11963,29505.9
11964,29511.6
11965,29510
11966,29509
11967,29508.1
11968,29507.5
11969,24630.7
11970,14882.2
11971,14881.4
11972,14875.2
11973,14872.5
11974,14872
11975,14873.6
11976,14882.7
11977,14853.9
11978,14851.6
11979,14851.4
11980,14843.1
11981,14842.6
11982,14842.3
11983,25234.3
11984,30781.6
11985,35001.7
11986,41330.7
11987,43433.6
11988,37635.2
11989,43438.1
11990,41328.4
11991,39214
11992,33422.4
11993,21823.7
11994,17963
11995,17975.5
11996,17967
11997,15218.8
11998,14846.7
11999,14842.8
12000,14842.6
12001,14813.8
12002,14821.4
12003,14822
12004,14821.5
12005,14821.2
12006,14817
12007,25170.5
12008,30723.5
12009,34930.5
12010,41238.7
12011,43348.6
12012,37566.1
12013,43344.1
12014,41239
12015,39145.5
12016,33348.4
12017,21773.2
12018,17937.2
12019,17931.3
12020,17929.5
12021,15176.3
12022,14822.1
12023,14821.8
12024,14821.3
12025,14792.4
12026,14783.1
12027,14782.7
12028,14782.6
12029,14783
12030,14792.1
12031,25132.3
12032,30652.7
12033,34857.1
12034,41162.3
12035,43260.7
12036,37478.6
12037,43259.1
12038,41162.3
12039,39052.1
12040,33286.2
12041,21735.1
12042,17889.8
12043,17902.4
12044,17893.6
12045,15156.7
12046,14787.9
12047,14783
12048,14782.5
12049,14753.8
12050,14755.5
12051,14761.6
12052,14761.1
12053,14760.7
12054,14760.3
12055,25064.8
12056,30598.9
12057,34787.1
12058,41068.1
12059,43168
12060,37405.2
12061,43168.9
12062,41075.3
12063,38977.5
12064,33212.4
12065,21687.5
12066,17864.4
12067,17849
12068,17872.6
12069,15115.7
12070,14752.1
12071,14752
12072,14757.7
12073,14732.8
12074,14730.6
12075,14730.2
12076,14729.8
12077,14725
12078,14722.5
12079,25020.2
12080,30532.6
12081,34714.1
12082,40983.8
12083,43079.9
12084,37332.7
12085,43076.5
12086,40987.3
12087,38899.5
12088,33139.5
12089,21639.7
12090,17833.2
12091,17811.9
12092,17835.4
12093,15079.7
12094,14721.7
12095,14723.2
12096,14731.1
12097,14702
12098,14699.8
12099,14699.5
12100,14698.3
12101,14692.5
12102,14692.1
12103,14692.1
12104,20283.2
12105,25406.4
12106,30309.2
12107,30306.4
12108,30068.6
12109,30069.7
12110,30028.1
12111,30027
12112,30025.2
12113,24690.5
12114,14703.4
12115,14692.5
12116,14692.2
12117,14691.4
12118,14691.4
12119,14699.3
12120,14700.3
12121,14671.1
12122,14669
12123,14668.6
12124,14664.2
12125,14662
12126,14661.6
12127,14661.3
12128,19483.4
12129,24270.8
12130,29089.8
12131,29086.8
12132,29086.2
12133,29085.7
12134,29085.1
12135,29084.6
12136,29084.3
12137,24277.6
12138,14668.7
12139,14668.9
12140,14668.4
12141,14664.1
12142,14662
12143,14661.6
12144,14661.3
12145,14632.8
12146,14639
12147,14638.9
12148,14638.5
12149,14638.3
12150,14637.9
12151,24856.9
12152,30344.5
12153,34494.2
12154,40729.9
12155,42810.6
12156,37089.8
12157,42809.8
12158,40734.2
12159,38648.2
12160,32939.5
12161,21507.1
12162,17703.6
12163,17722.9
12164,17700.2
12165,14998.7
12166,14638.7
12167,14638.3
12168,14637.9
12169,14606.8
12170,14601.3
12171,14601
12172,14600.9
12173,14600.4
12174,14602.3
12175,24822.6
12176,30273.5
12177,34423.7
12178,40645.1
12179,42716.7
12180,37021
12181,42714.6
12182,40644
12183,38572.8
12184,32865
12185,21463.4
12186,17677.3
12187,17667.6
12188,17682.8
12189,14966.2
12190,14600.9
12191,14600.9
12192,14600.8
12193,14571.6
12194,14573.8
12195,14577.5
12196,14577.1
12197,14576.9
12198,14576.6
12199,24759.1
12200,30211.2
12201,34347.1
12202,40562.6
12203,42630.5
12204,36934.4
12205,42632
12206,40553.3
12207,38492.5
12208,32795.9
12209,21413
12210,17647.6
12211,17626.9
12212,17646.3
12213,14923.9
12214,14569.7
12215,14569.8
12216,14577.4
12217,14548.4
12218,14546.3
12219,14546
12220,14545.6
12221,14545.5
12222,14541.7
12223,24701
12224,30152.1
12225,34276.3
12226,40470.6
12227,42539.6
12228,36855.2
12229,42539.7
12230,40472
12231,38406.4
12232,32729.7
12233,21367.2
12234,17605.2
12235,17595.2
12236,17603.6
12237,14892.4
12238,14539
12239,14544.7
12240,14546.5
12241,14517.3
12242,14515.2
12243,14515
12244,14514.6
12245,14513.7
12246,14509.7
12247,24649.7
12248,30087.6
12249,34203.4
12250,40384.2
12251,42449.2
12252,36776.9
12253,42449.6
12254,40384.1
12255,38326.6
12256,32657.6
12257,21321.6
12258,17572.9
12259,17552.2
12260,17572.9
12261,14861.4
12262,14508.7
12263,14508.7
12264,14511.4
12265,14486.8
12266,14484.7
12267,14484.5
12268,14484.2
12269,14484
12270,14483.7
12271,14481.8
12272,19969.5
12273,25038.5
12274,29863.6
12275,29864.2
12276,29626.1
12277,29625.1
12278,29584.6
12279,29584
12280,29589.4
12281,24328.6
12282,14484.3
12283,14478.8
12284,14478.7
12285,14478.3
12286,14478.1
12287,14481.9
12288,14484.8
12289,14455.7
12290,14453.6
12291,14453.3
12292,14453.1
12293,14452.9
12294,14451.8
12295,14448.7
12296,19179.7
12297,23924
12298,28652.6
12299,28654.8
12300,28654.6
12301,28654.4
12302,28654.2
12303,28654
12304,28653.8
12305,23920.6
12306,14456.9
12307,14452.8
12308,14450.6
12309,14448.6
12310,14448.3
12311,14448.1
12312,14447.9
12313,14418.9
12314,14416.9
12315,14421.1
12316,14423.1
12317,14422.9
12318,14422.6
12319,14422.5
12320,19136.8
12321,23875.8
12322,28595.4
12323,28595.2
12324,28595.1
12325,28594.9
12326,28594.8
12327,28594.6
12328,28594.4
12329,23867.8
12330,14416.1
12331,14423.1
12332,14422.9
12333,14422.7
12334,14422.4
12335,14422.3
12336,14422.1
12337,14393.1
12338,14387.7
12339,14387.4
12340,14387.1
12341,14387
12342,14386.9
12343,24447.7
12344,29828.5
12345,33914.2
12346,40036.9
12347,42086.3
12348,36463.2
12349,42087.7
12350,40034.6
12351,38004.2
12352,32374.1
12353,21144.3
12354,17418.3
12355,17407.9
12356,17419.2
12357,14748.1
12358,14390
12359,14387.5
12360,14387.2
12361,14358.4
12362,14356.4
12363,14356.2
12364,14356.3
12365,14355.9
12366,14357.8
12367,24402.6
12368,29761.5
12369,33841
12370,39950.2
12371,41994.2
12372,36386.2
12373,41995.3
12374,39953.5
12375,37918.1
12376,32305.6
12377,21096.4
12378,17386.1
12379,17365.6
12380,17386.3
12381,14715.8
12382,14356.7
12383,14356.8
12384,14356.5
12385,14327.7
12386,14325.7
12387,14325.6
12388,14325.7
12389,14325.3
12390,14329.6
12391,24349.6
12392,29697.3
12393,33768.1
12394,39864.3
12395,41903.9
12396,36307.1
12397,41905.4
12398,39864.4
12399,37838.8
12400,32235.1
12401,21053.5
12402,17343.9
12403,17334.3
12404,17343.4
12405,14684.7
12406,14329.9
12407,14327.1
12408,14326.4
12409,14297.6
12410,14295.6
12411,14295.5
12412,14295.6
12413,14295.2
12414,14295.4
12415,24293.7
12416,29635.6
12417,33695.3
12418,39778.4
12419,41815.5
12420,36228.6
12421,41813.8
12422,39776.8
12423,37754.3
12424,32170.9
12425,21013.3
12426,17293
12427,17313.7
12428,17288.3
12429,14651.4
12430,14299.4
12431,14299.2
12432,14298.9
12433,14270
12434,14268.1
12435,14267.9
12436,14267.8
12437,14266.6
12438,14265.5
12439,14265.3
12440,19676.7
12441,24664.2
12442,29415.7
12443,29418.6
12444,29184.4
12445,29183.9
12446,29144.4
12447,29144.1
12448,29143.5
12449,23962.6
12450,14265.8
12451,14268.7
12452,14277.9
12453,14258.9
12454,14268.3
12455,14268.1
12456,14268
12457,14239.1
12458,14237.1
12459,14236.1
12460,14235.2
12461,14235.1
12462,14234.9
12463,14234.9
12464,18899.7
12465,23565.7
12466,28223.9
12467,28226.6
12468,28226.7
12469,28226.9
12470,28227
12471,28227.1
12472,28227.6
12473,23564.6
12474,14227.8
12475,14234
12476,14237.2
12477,14238.4
12478,14238.3
12479,14238.1
12480,14238
12481,14209.1
12482,14207.2
12483,14207
12484,14206.8
12485,14206.8
12486,14206.6
12487,24130
12488,29437.2
12489,33476.4
12490,39524.5
12491,41541.1
12492,35995.5
12493,41543.7
12494,39523.9
12495,37512.4
12496,31958.4
12497,20876.1
12498,17190.2
12499,17192.9
12500,17186.2
12501,14557.9
12502,14207.2
12503,14206.8
12504,14206.7
12505,14178
12506,14176
12507,14175.9
12508,14175.5
12509,14174.7
12510,14174.5
12511,24071.7
12512,29384.8
12513,33402.3
12514,39442.3
12515,41446.7
12516,35920
12517,41452.8
12518,39441.4
12519,37427.3
12520,31890.1
12521,20827.9
12522,17158.7
12523,17150.8
12524,17154.8
12525,14527.1
12526,14176.6
12527,14176.1
12528,14176
12529,14147.4
12530,14145.6
12531,14144.9
12532,14144.5
12533,14144.5
12534,14144.3
12535,24021.2
12536,29322.1
12537,33330.2
12538,39357.1
12539,41357.1
12540,35842
12541,41364.7
12542,39355.1
12543,37348.7
12544,31820.9
12545,20786.3
12546,17116.4
12547,17120.1
12548,17111.2
12549,14495.2
12550,14146.2
12551,14145.9
12552,14145.8
12553,14117.3
12554,14115.4
12555,14115.3
12556,14115.2
12557,14115.2
12558,14115
12559,23971.6
12560,29248
12561,33260.4
12562,39268
12563,41273.1
12564,35763.8
12565,41277.1
12566,39262.6
12567,37269.5
12568,31756.7
12569,20743
12570,17069.7
12571,17092.5
12572,17072.1
12573,14456
12574,14113.4
12575,14116.1
12576,14116.3
12577,14087.8
12578,14086
12579,14085.9
12580,14085.8
12581,14085.8
12582,14085.6
12583,23930.3
12584,29188.6
12585,33188.8
12586,39183.1
12587,41188.8
12588,35684.3
12589,41180.4
12590,39187.1
12591,37183.2
12592,31691.6
12593,20690.3
12594,17054.7
12595,17029
12596,17055.7
12597,14434.4
12598,14084.3
12599,14084.5
12600,14084.4
12601,14056.4
12602,14054.5
12603,14054.5
12604,14054.5
12605,14054.4
12606,14054.3
12607,14054.2
12608,19386.1
12609,24295.6
12610,28971.7
12611,28977
12612,28748.5
12613,28748.3
12614,28709.7
12615,28709.1
12616,28708.9
12617,23607.9
12618,14057.8
12619,14054.5
12620,14050.9
12621,14057.8
12622,14054.3
12623,14054.3
12624,14054.2
12625,14026.3
12626,14024.5
12627,14024.5
12628,14024.4
12629,14024.4
12630,14024.6
12631,14024.3
12632,18623
12633,23212.6
12634,27801.7
12635,27804.8
12636,27805.2
12637,27805.7
12638,27806.1
12639,27806.5
12640,27806.9
12641,23212.4
12642,14032.3
12643,14024.6
12644,14024.6
12645,14024.9
12646,14025.2
12647,14025.1
12648,14025.1
12649,13997.2
12650,13995.4
12651,13995.4
12652,13995.3
12653,13995.4
12654,13995.3
12655,23765.3
12656,29002.3
12657,32976.3
12658,38930.6
12659,40921.9
12660,35456.6
12661,40921.8
12662,38930.3
12663,36945.7
12664,31490.4
12665,20560.4
12666,16941.7
12667,16924.8
12668,16946.4
12669,14340.2
12670,13995.1
12671,13995.3
12672,13995.2
12673,13967.6
12674,13965.8
12675,13965.8
12676,13965.7
12677,13965.8
12678,13965.7
12679,23715.1
12680,28943.2
12681,32905.6
12682,38847.4
12683,40834.7
12684,35381
12685,40833.7
12686,38848.5
12687,36866.6
12688,31421.5
12689,20515.2
12690,16909.8
12691,16883.6
12692,16910.9
12693,14312.3
12694,13965.5
12695,13964.9
12696,13964.9
12697,13937.2
12698,13935.3
12699,13935.3
12700,13935.3
12701,13935.3
12702,13935.2
12703,23666.1
12704,28874.2
12705,32836.5
12706,38764.6
12707,40749.3
12708,35305.1
12709,40740.9
12710,38771.9
12711,36788.4
12712,31349.2
12713,20473.5
12714,16868
12715,16863.9
12716,16858
12717,14279.9
12718,13936.2
12719,13936.1
12720,13936
12721,13908.4
12722,13906.6
12723,13906.6
12724,13906.6
12725,13906.7
12726,13906.6
12727,23625.5
12728,28817.5
12729,32766.6
12730,38684.6
12731,40655
12732,35231.4
12733,40658.1
12734,38684.5
12735,36714.6
12736,31282.5
12737,20435.4
12738,16818.9
12739,16835.6
12740,16828.1
12741,14244.2
12742,13906.6
12743,13906.8
12744,13907.1
12745,13879.6
12746,13877.9
12747,13878
12748,13878
12749,13878
12750,13878.2
12751,23567.9
12752,28763
12753,32696.2
12754,38602
12755,40575.2
12756,35156.7
12757,40572.2
12758,38603.2
12759,36632.2
12760,31219.3
12761,20382.6
12762,16800.3
12763,16790.5
12764,16788.9
12765,14219.8
12766,13877.4
12767,13877.3
12768,13877.2
12769,13850
12770,13848.2
12771,13848.3
12772,13848.3
12773,13848.4
12774,13848.3
12775,13848.4
12776,19108.2
12777,23934.6
12778,28551
12779,28549.2
12780,28322.7
12781,28322.8
12782,28285.1
12783,28284.8
12784,28284.9
12785,23259.1
12786,13855.8
12787,13847.5
12788,13847.4
12789,13847.5
12790,13847.6
12791,13847.6
12792,13847.6
12793,13820.5
12794,13818.8
12795,13818.8
12796,13818.9
12797,13818.9
12798,13818.9
12799,13819
12800,18343.7
12801,22868.9
12802,27400.9
12803,27394.1
12804,27394.4
12805,27395.1
12806,27395.8
12807,27396.5
12808,27397.1
12809,22870.4
12810,13824.4
12811,13818.7
12812,13818.8
12813,13818.8
12814,13818.9
12815,13818.9
12816,13819
12817,13792
12818,13790.4
12819,13790.4
12820,13790.4
12821,13790.5
12822,13790.5
12823,23428.9
12824,28577.3
12825,32487.8
12826,38366.3
12827,40310.8
12828,34937.3
12829,40322.6
12830,38356.6
12831,36403.4
12832,31026.3
12833,20255.9
12834,16697.2
12835,16680.6
12836,16689.6
12837,14131.3
12838,13790.5
12839,13790.3
12840,13790.3
12841,13763.6
12842,13762
12843,13762
12844,13762
12845,13762.2
12846,13762.1
12847,23383
12848,28519.2
12849,32420.4
12850,38283.4
12851,40231.2
12852,34865.3
12853,40235.3
12854,38279.1
12855,36326.9
12856,30956.9
12857,20218.9
12858,16655.1
12859,16659.4
12860,16640.5
12861,14100.6
12862,13762.2
12863,13762.3
12864,13763.2
12865,13737
12866,13735.4
12867,13735.5
12868,13735.8
12869,13735.6
12870,13735.8
12871,23326.8
12872,28463.9
12873,32356.9
12874,38197.8
12875,40154.9
12876,34790.3
12877,40144.9
12878,38205.9
12879,36253.2
12880,30891.4
12881,20181.8
12882,16610.1
12883,16625.4
12884,16623.3
12885,14069
12886,13735.7
12887,13736.1
12888,13736
12889,13710
12890,13708.5
12891,13708.6
12892,13706
12893,13704.7
12894,13704.7
12895,23276.2
12896,28397
12897,32290.1
12898,38122.2
12899,40063
12900,34719.8
12901,40074.5
12902,38116.1
12903,36178.2
12904,30834.4
12905,20130.5
12906,16594.3
12907,16582.3
12908,16581.3
12909,14043.6
12910,13705.5
12911,13705.5
12912,13705.6
12913,13679.5
12914,13678.3
12915,13680
12916,13680.2
12917,13680.1
12918,13680.5
12919,23233.3
12920,28347.1
12921,32224.5
12922,38041.6
12923,39990.8
12924,34648.1
12925,39981.7
12926,38046.7
12927,36105.6
12928,30766.7
12929,20096
12930,16551.8
12931,16545.3
12932,16561.8
12933,14018.1
12934,13677.6
12935,13676.8
12936,13676.8
12937,13651
12938,13649.4
12939,13649.5
12940,13649.6
12941,13649.7
12942,13649.8
12943,13649.9
12944,18836.5
12945,23589.5
12946,28142.2
12947,28140.2
12948,27917
12949,27912.9
12950,27875.5
12951,27876.2
12952,27876.3
12953,22922.5
12954,13646.5
12955,13652.7
12956,13653
12957,13652.8
12958,13653
12959,13653.1
12960,13653.1
12961,13627.7
12962,13626.2
12963,13626.4
12964,13625.3
12965,13621.6
12966,13621.7
12967,13621.8
12968,18075.7
12969,22545.5
12970,27009.7
12971,27003
12972,27003.9
12973,27004.8
12974,27005.7
12975,27007.2
12976,27004.5
12977,22540.3
12978,13619.8
12979,13625.5
12980,13625.6
12981,13625.7
12982,13625.8
12983,13625.9
12984,13625.9
12985,13600.8
12986,13599.4
12987,13599.5
12988,13597.6
12989,13594.4
12990,13594.5
12991,23089.7
12992,28168.9
12993,32028.3
12994,37817.4
12995,39738.8
12996,34441.9
12997,39745
12998,37816.3
12999,35885.6
13000,30580.3
13001,19980.2
13002,16438.7
13003,16462.3
13004,16454.4
13005,13928.8
13006,13599
13007,13599.3
13008,13599.3
13009,13574.4
13010,13568
13011,13567.6
13012,13567.6
13013,13567.8
13014,13567.8
13015,23048.3
13016,28115.2
13017,31962.6
13018,37741.6
13019,39663.7
13020,34372.1
13021,39659.8
13022,37745.5
13023,35816.1
13024,30519.2
13025,19935.6
13026,16420.9
13027,16411.4
13028,16429.9
13029,13905.3
13030,13568.1
13031,13567.7
13032,13567.8
13033,13542.9
13034,13541.5
13035,13541.6
13036,13541.7
13037,13543.6
13038,13545.9
13039,23005.7
13040,28064.2
13041,31903.6
13042,37662.9
13043,39590.5
13044,34300.5
13045,39585.6
13046,37661.3
13047,35744.3
13048,30464.9
13049,19889.2
13050,16395.2
13051,16390.8
13052,16374.9
13053,13874.8
13054,13544.9
13055,13545.6
13056,13546
13057,13521.3
13058,13519.9
13059,13520
13060,13520.1
13061,13520.3
13062,13518.7
13063,22950
13064,28001.6
13065,31841
13066,37593.3
13067,39504.5
13068,34238.9
13069,39508.8
13070,37596.5
13071,35673.8
13072,30399.6
13073,19859.8
13074,16354.1
13075,16350.9
13076,16365.5
13077,13851.3
13078,13515
13079,13514.6
13080,13514.6
13081,13490.4
13082,13488.9
13083,13489.1
13084,13489.2
13085,13493.1
13086,13494.1
13087,22914.6
13088,27955.8
13089,31780.5
13090,37517.9
13091,39433.7
13092,34166.5
13093,39438.1
13094,37516.2
13095,35604.6
13096,30341
13097,19823.4
13098,16316.2
13099,16334.1
13100,16320.3
13101,13821.2
13102,13493.9
13103,13494.2
13104,13494.3
13105,13470.5
13106,13464
13107,13462.6
13108,13462.7
13109,13462.9
13110,13463
13111,13463.1
13112,18580.9
13113,23264.8
13114,27756.5
13115,27750.3
13116,27530.9
13117,27531.3
13118,27495.3
13119,27495.7
13120,27496.5
13121,22612.6
13122,13471
13123,13462.6
13124,13462.7
13125,13463
13126,13463.1
13127,13463.3
13128,13464.6
13129,13444.5
13130,13443
13131,13443.1
13132,13443.3
13133,13443.5
13134,13443.6
13135,13443.2
13136,17822.9
13137,22243.8
13138,26643
13139,26636.6
13140,26637.2
13141,26638.3
13142,26639.7
13143,26638.4
13144,26637
13145,22241.9
13146,13443.5
13147,13443.7
13148,13440.4
13149,13437
13150,13437.1
13151,13437.3
13152,13437.5
13153,13413.9
13154,13412.6
13155,13417.7
13156,13418.3
13157,13418.2
13158,13418.5
13159,22779.2
13160,27792
13161,31598.1
13162,37305.5
13163,39202.4
13164,33978
13165,39207.3
13166,37310.2
13167,35402.4
13168,30168.3
13169,19705.8
13170,16238.5
13171,16218.5
13172,16239
13173,13744.4
13174,13412.4
13175,13412.4
13176,13412.6
13177,13393.3
13178,13393.4
13179,13393.5
13180,13393.7
13181,13393.9
13182,13394
13183,13392.7
13184,17756.2
13185,22160.8
13186,26543.4
13187,26536.7
13188,26537.8
13189,26539
13190,26541.8
13191,26536.8
13192,26538.2
13193,22157.3
13194,13397.4
13195,13386.8
13196,13387
13197,13387.2
13198,13387.4
13199,13387.6
13200,13390.3
13201,13370.5
13202,13369.2
13203,13369.4
13204,13369.5
13205,13369.7
13206,13368.8
13207,22690.9
13208,27686
13209,31477.2
13210,37168.6
13211,39061.7
13212,33849.9
13213,39060.1
13214,37164.7
13215,35271.5
13216,30062
13217,19630.5
13218,16173.9
13219,16181
13220,16161.9
13221,13693.4
13222,13369.1
13223,13369.5
13224,13369.6
13225,13347.3
13226,13338.5
13227,13338
13228,13338.1
13229,13338.4
13230,13338.5
13231,22662.8
13232,27641.5
13233,31424.4
13234,37097.9
13235,38991.5
13236,33786.2
13237,38994.2
13238,37097.3
13239,35206.3
13240,30001.9
13241,19600.2
13242,16144.1
13243,16132.1
13244,16152.6
13245,13669.3
13246,13338.6
13247,13338.5
13248,13338.6
13249,13320
13250,13321.4
13251,13321.6
13252,13322
13253,13321.9
13254,13322.1
13255,22609.8
13256,27585.6
13257,31363
13258,37033.5
13259,38921.7
13260,33727
13261,38918.8
13262,37029.7
13263,35144.6
13264,29948.5
13265,19567.5
13266,16104.6
13267,16123.5
13268,16114.7
13269,13644.7
13270,13321.8
13271,13321
13272,13313.8
13273,13291.9
13274,13290.7
13275,13290.9
13276,13291.2
13277,13297.8
13278,13298.4
13279,13298.6
13280,18333.7
13281,22974.7
13282,27395
13283,27397.3
13284,27180.7
13285,27181.6
13286,27143.7
13287,27142.5
13288,27143.3
13289,22325.3
13290,13299.1
13291,13297.8
13292,13290.2
13293,13290.5
13294,13290.7
13295,13290.9
13296,13291.1
13297,13276.4
13298,13275.2
13299,13275.4
13300,13275.6
13301,13275.7
13302,13271.4
13303,13267.1
13304,17608.8
13305,21956
13306,26303.5
13307,26300
13308,26301.2
13309,26303.5
13310,26299.4
13311,26300.6
13312,26303.1
13313,21954.3
13314,13266.2
13315,13275.2
13316,13272
13317,13278.6
13318,13275.6
13319,13275.8
13320,13269
13321,13245.7
13322,13244.5
13323,13244.7
13324,13244.9
13325,13252.3
13326,13252.9
13327,22496
13328,27447.6
13329,31202.2
13330,36838.7
13331,38713.1
13332,33551.3
13333,38713.1
13334,36835.6
13335,34959.7
13336,29794.7
13337,19461.5
13338,16024.1
13339,16038.9
13340,16029
13341,13574.1
13342,13252.8
13343,13251
13344,13244.1
13345,13223.2
13346,13222.1
13347,13222.3
13348,13226.6
13349,13230.2
13350,13230.7
13351,22458.2
13352,27397.7
13353,31148.2
13354,36776
13355,38646.3
13356,33493.7
13357,38648.6
13358,36773
13359,34900.6
13360,29740.6
13361,19434.6
13362,15988.3
13363,16010
13364,16010.9
13365,13552.7
13366,13223.1
13367,13221.7
13368,13221.9
13369,13201.4
13370,13202
13371,13208.4
13372,13208.7
13373,13208.6
13374,13208.7
13375,22417.7
13376,27347.5
13377,31092.8
13378,36711.4
13379,38590.2
13380,33433.2
13381,38586.5
13382,36711.4
13383,34841.4
13384,29690.5
13385,19397.2
13386,15977.6
13387,15963.9
13388,15984.2
13389,13526.9
13390,13200.1
13391,13200.3
13392,13208.5
13393,13188.1
13394,13187.1
13395,13187.3
13396,13185.8
13397,13177.6
13398,13177.7
13399,22384.5
13400,27306.7
13401,31045.2
13402,36650.6
13403,38520.2
13404,33382.1
13405,38520.8
13406,36654.4
13407,34779.3
13408,29645.1
13409,19356.5
13410,15957
13411,15957.6
13412,15938.2
13413,13506.5
13414,13186.8
13415,13187.2
13416,13187.1
13417,13157.8
13418,13156.3
13419,13156.6
13420,13156.8
13421,13163.6
13422,13165.9
13423,22347.3
13424,27264
13425,30993.8
13426,36593
13427,38454.9
13428,33326.6
13429,38455.8
13430,36589.9
13431,34726.3
13432,29593.4
13433,19335.5
13434,15920.6
13435,15917
13436,15932.7
13437,13483.3
13438,13156.8
13439,13156.8
13440,13161.5
13441,13146.1
13442,13145
13443,13145.2
13444,13145.4
13445,13136.3
13446,13135.2
13447,13135.5
13448,18128.3
13449,22700.2
13450,27077.9
13451,27075.5
13452,26861.7
13453,26862.6
13454,26829.4
13455,26825
13456,26825.5
13457,22064.8
13458,13145.3
13459,13141.6
13460,13135.1
13461,13135.4
13462,13135.7
13463,13138.3
13464,13145.1
13465,13125.8
13466,13124.8
13467,13125
13468,13117.3
13469,13114.6
13470,13114.8
13471,13115.1
13472,17427.1
13473,21703.4
13474,25995.1
13475,26000.7
13476,25997.6
13477,25997.2
13478,25999.7
13479,25998.3
13480,25997.5
13481,21706.3
13482,13121.3
13483,13114.9
13484,13115.1
13485,13121.1
13486,13124.5
13487,13124.7
13488,13124.8
13489,13104.4
13490,13094.2
13491,13094.5
13492,13094.7
13493,13097.2
13494,13104.8
13495,22242.9
13496,27137.3
13497,30847.7
13498,36419.3
13499,38274.3
13500,33169.6
13501,38275.4
13502,36418.2
13503,34563.2
13504,29453.4
13505,19240.7
13506,15856.2
13507,15838.4
13508,15849.2
13509,13418.1
13510,13099.6
13511,13104.5
13512,13104.9
13513,13086.4
13514,13084.1
13515,13074.4
13516,13074.5
13517,13074.9
13518,13077.8
13519,22214.8
13520,27097.3
13521,30802.3
13522,36366
13523,38215.7
13524,33119.1
13525,38216.3
13526,36362.3
13527,34510.4
13528,29409.4
13529,19213.4
13530,15829.6
13531,15814.4
13532,15828
13533,13398.1
13534,13077
13535,13084.9
13536,13085.2
13537,13067.1
13538,13066.2
13539,13055.9
13540,13055
13541,13055.4
13542,13057.5
13543,22182.2
13544,27057
13545,30756.4
13546,36311.4
13547,38158.2
13548,33069.8
13549,38159.8
13550,36308.5
13551,34459.4
13552,29365
13553,19182.9
13554,15810.1
13555,15791.4
13556,15798.9
13557,13377.6
13558,13063.8
13559,13065.7
13560,13066.2
13561,13048.5
13562,13040.1
13563,13036
13564,13036.3
13565,13036.6
13566,13046.8
13567,22145
13568,27016.7
13569,30709.5
13570,36255.9
13571,38105.5
13572,33019.2
13573,38107
13574,36254.5
13575,34408
13576,29322.2
13577,19151.9
13578,15786.7
13579,15779.3
13580,15768.1
13581,13363.2
13582,13046.9
13583,13047.2
13584,13046.1
13585,13018.5
13586,13017.6
13587,13017.9
13588,13023.5
13589,13028.5
13590,13029
13591,22114
13592,26970.1
13593,30663.2
13594,36202.6
13595,38054.1
13596,32969.9
13597,38051.6
13598,36205.9
13599,34353.8
13600,29286.2
13601,19127.1
13602,15752.2
13603,15764.7
13604,15759.8
13605,13344.5
13606,13023.8
13607,13017.4
13608,13017.6
13609,13000.9
13610,13009.7
13611,13010.7
13612,13010.9
13613,13011.1
13614,13000.3
13615,12999.3
13616,17935.8
13617,22466.5
13618,26797.9
13619,26795
13620,26583.6
13621,26584.6
13622,26549.7
13623,26547.3
13624,26547.9
13625,21834.3
13626,13005.4
13627,12999.6
13628,13002.6
13629,13010.7
13630,13010.7
13631,13011
13632,13007.8
13633,12982.6
13634,12981.7
13635,12982.1
13636,12991.4
13637,12993.1
13638,12993.3
13639,12993.6
13640,17221.4
13641,21486.2
13642,25738.7
13643,25733
13644,25737.8
13645,25732.1
13646,25733.4
13647,25737.3
13648,25732.7
13649,21486.6
13650,12991.5
13651,12981.6
13652,12981.9
13653,12986.2
13654,12993.1
13655,12993.2
13656,12993.4
13657,12972.3
13658,12964.2
13659,12964.5
13660,12965.3
13661,12976.1
13662,12976.5
13663,22023.9
13664,26861
13665,30537.7
13666,36054.5
13667,37897.2
13668,32836.5
13669,37894.2
13670,36057.5
13671,34216.2
13672,29162
13673,19056.2
13674,15679.7
13675,15698.1
13676,15700
13677,13287.7
13678,12964.7
13679,12964.6
13680,12969.5
13681,12960.4
13682,12959.6
13683,12959.8
13684,12952
13685,12947.4
13686,12947.6
13687,21997.1
13688,26831.3
13689,30505.1
13690,36010.9
13691,37842.7
13692,32796.8
13693,37845.7
13694,36007.5
13695,34173.7
13696,29122.7
13697,19020.6
13698,15679
13699,15679.5
13700,15662.7
13701,13273.4
13702,12959.5
13703,12956.2
13704,12947.2
13705,12932.2
13706,12931.7
13707,12943.4
13708,12943.5
13709,12943.5
13710,12940
13711,21958.4
13712,26792.9
13713,30462.9
13714,35963.9
13715,37793.6
13716,32758.2
13717,37796.1
13718,35962.9
13719,34130.8
13720,29086.4
13721,19001.2
13722,15660.7
13723,15642.9
13724,15646.6
13725,13253.7
13726,12943
13727,12943.3
13728,12943.5
13729,12921
13730,12915.1
13731,12915.4
13732,12920.4
13733,12927.5
13734,12927.9
13735,21939.9
13736,26756.8
13737,30422.7
13738,35918.8
13739,37750.1
13740,32716.4
13741,37747.1
13742,35918.4
13743,34089.6
13744,29050.5
13745,18981.7
13746,15632.1
13747,15623.1
13748,15639.3
13749,13235
13750,12918.9
13751,12927.5
13752,12927.8
13753,12913.4
13754,12904.4
13755,12899.6
13756,12899.8
13757,12906
13758,12912.4
13759,21914.2
13760,26729.1
13761,30384.7
13762,35873.7
13763,37706.9
13764,32673.6
13765,37702.9
13766,35876.4
13767,34049.1
13768,29015.6
13769,18960.3
13770,15608.9
13771,15607.3
13772,15622.6
13773,13219.7
13774,12900.1
13775,12910.9
13776,12912.5
13777,12898.5
13778,12894.2
13779,12884.5
13780,12884.8
13781,12887
13782,12897.6
13783,12897.7
13784,17770
13785,22274.7
13786,26559.8
13787,26562.2
13788,26347.2
13789,26348.2
13790,26314.3
13791,26315.2
13792,26312.8
13793,21643.1
13794,12896.3
13795,12884.5
13796,12884.6
13797,12890.6
13798,12897.3
13799,12897.5
13800,12897.7
13801,12873
13802,12870.1
13803,12870.4
13804,12880.4
13805,12883
13806,12883.4
13807,12879.8
13808,17077.8
13809,21303.1
13810,25513.3
13811,25512
13812,25516
13813,25511.2
13814,25516.2
13815,25511.6
13816,25511.6
13817,21299.5
13818,12870
13819,12882.9
13820,12883
13821,12883.3
13822,12877.7
13823,12869.9
13824,12870.3
13825,12862.4
13826,12869.1
13827,12869.2
13828,12869.4
13829,12857.4
13830,12855.9
13831,21838.8
13832,26640.7
13833,30289
13834,35756.1
13835,37575.3
13836,32561.3
13837,37581.1
13838,35753.6
13839,33926.7
13840,28920.8
13841,18892.3
13842,15553.6
13843,15569.8
13844,15568.8
13845,13177.2
13846,12856.4
13847,12856.2
13848,12862.6
13849,12856.4
13850,12855.8
13851,12855.7
13852,12842.3
13853,12842.4
13854,12842.9
13855,21821.6
13856,26615.3
13857,30251.8
13858,35713.7
13859,37542.5
13860,32524.1
13861,37536.8
13862,35716.4
13863,33895.3
13864,28886.7
13865,18876.7
13866,15539.1
13867,15538.6
13868,15553.3
13869,13161
13870,12843.3
13871,12855.8
13872,12856
13873,12843.8
13874,12834.3
13875,12829.2
13876,12829.4
13877,12838.5
13878,12843
13879,21795.8
13880,26580.7
13881,30219.8
13882,35679.5
13883,37497.2
13884,32500.4
13885,37496.6
13886,35680.1
13887,33861.6
13888,28857.2
13889,18850.7
13890,15537.6
13891,15525.7
13892,15520.3
13893,13153.9
13894,12842.6
13895,12843
13896,12833.1
13897,12817.3
13898,12816.9
13899,12827.6
13900,12830.5
13901,12830.5
13902,12824.9
13903,21764.6
13904,26556.1
13905,30194
13906,35644.4
13907,37460.5
13908,32464.7
13909,37462.3
13910,35643.1
13911,33825.5
13912,28828.8
13913,18831
13914,15512.4
13915,15521.9
13916,15521.1
13917,13138.4
13918,12817
13919,12816.7
13920,12820
13921,12819
13922,12818.3
13923,12818.6
13924,12806
13925,12804.5
13926,12804.9
13927,21757.3
13928,26536.8
13929,30162.2
13930,35607.3
13931,37430.1
13932,32429.4
13933,37424
13934,35610.7
13935,33797.2
13936,28801.4
13937,18818.7
13938,15501.9
13939,15490.8
13940,15499.6
13941,13121.1
13942,12818.2
13943,12818.3
13944,12818.4
13945,12797.6
13946,12792.7
13947,12793.1
13948,12805.1
13949,12806.7
13950,12806.9
13951,12798.9
13952,17639.1
13953,22113.1
13954,26374.3
13955,26368.6
13956,26160.7
13957,26164.4
13958,26124.2
13959,26125.8
13960,26129.1
13961,21481.2
13962,12801.4
13963,12806.8
13964,12806.9
13965,12796.7
13966,12792.7
13967,12793.1
13968,12805.2
13969,12796.4
13970,12795.9
13971,12787.3
13972,12781.5
13973,12781.9
13974,12792.7
13975,12795.7
13976,16966.7
13977,21156.2
13978,25342.5
13979,25335.6
13980,25341.3
13981,25335.1
13982,25336.5
13983,25340.2
13984,25335.9
13985,21153.5
13986,12783.4
13987,12791.1
13988,12795.6
13989,12795.9
13990,12790.7
13991,12781.5
13992,12781.8
13993,12779.8
13994,12785.1
13995,12785.3
13996,12780.9
13997,12770.8
13998,12771
13999,21697.8
14000,26467.5
14001,30084.1
14002,35514.7
14003,37332.1
14004,32343.4
14005,37325.9
14006,35517.3
14007,33708.5
14008,28726
14009,18769
14010,15463.1
14011,15450.9
14012,15455
14013,13091.1
14014,12785
14015,12785.3
14016,12783.3
14017,12761.2
14018,12760.9
14019,12766.7
14020,12775.3
14021,12775.3
14022,12773.1
14023,21668.1
14024,26439.8
14025,30062.3
14026,35489.5
14027,37297.3
14028,32323.2
14029,37299.8
14030,35488.3
14031,33674.2
14032,28707.3
14033,18756.7
14034,15435.9
14035,15450.5
14036,15454.2
14037,13078.4
14038,12761.2
14039,12768.8
14040,12775.3
14041,12766.3
14042,12761.1
14043,12750.9
14044,12751.2
14045,12759.9
14046,12765.9
14047,21664
14048,26417.9
14049,30036.2
14050,35461.6
14051,37267.7
14052,32301.7
14053,37269.9
14054,35461.7
14055,33654.3
14056,28680.6
14057,18730.5
14058,15440.1
14059,15442.4
14060,15437.5
14061,13075
14062,12753.7
14063,12751.1
14064,12752.2
14065,12757.2
14066,12756.6
14067,12756.8
14068,12743.5
14069,12742
14070,12744.7
14071,21649.5
14072,26407
14073,30011.8
14074,35434.1
14075,37243.6
14076,32275.9
14077,37240.3
14078,35436.9
14079,33630.9
14080,28660.3
14081,18721.3
14082,15431.6
14083,15427.4
14084,15416.2
14085,13065.6
14086,12756.6
14087,12746.8
14088,12741.8
14089,12734.1
14090,12747.8
14091,12748
14092,12748.2
14093,12736.2
14094,12733.2
14095,21631.1
14096,26388.6
14097,29997.3
14098,35410.3
14099,37221.6
14100,32247.8
14101,37215.3
14102,35412.6
14103,33609
14104,28641.3
14105,18712.7
14106,15421.9
14107,15406.1
14108,15405.5
14109,13056.9
14110,12747.9
14111,12748.3
14112,12737.6
14113,12725.6
14114,12725.7
14115,12740.2
14116,12740
14117,12740.3
14118,12726.9
14119,12725.1
14120,17567.5
14121,21994.8
14122,26225.7
14123,26230.3
14124,26026.1
14125,26020.7
14126,25987.4
14127,25991
14128,25986
14129,21376.2
14130,12738.7
14131,12725
14132,12725.3
14133,12734.8
14134,12740
14135,12740.2
14136,12732.8
14137,12717.9
14138,12717.8
14139,12730.4
14140,12732.5
14141,12732.7
14142,12721.6
14143,12717.5
14144,16897.7
14145,21044.8
14146,25206.9
14147,25214
14148,25208.5
14149,25214.3
14150,25208.1
14151,25211.4
14152,25211.2
14153,21051
14154,12728.3
14155,12717.5
14156,12718.2
14157,12732.7
14158,12732.5
14159,12732.8
14160,12718.9
14161,12710.9
14162,12714.8
14163,12725.5
14164,12725.8
14165,12723.3
14166,12710.1
14167,21589.3
14168,26338
14169,29945.8
14170,35348.3
14171,37151.7
14172,32189.6
14173,37149.4
14174,35347.6
14175,33549.1
14176,28589.9
14177,18679.7
14178,15392.9
14179,15378.7
14180,15378.1
14181,13033.9
14182,12725.3
14183,12725.7
14184,12715
14185,12704.2
14186,12704.8
14187,12719.1
14188,12719.3
14189,12719.3
14190,12704.4
14191,21576.9
14192,26324
14193,29930
14194,35331.4
14195,37131.4
14196,32172.9
14197,37130.5
14198,35329.1
14199,33531.8
14200,28575.1
14201,18670.2
14202,15384.6
14203,15370.8
14204,15370.4
14205,13027.3
14206,12718.8
14207,12719.2
14208,12708.6
14209,12698.1
14210,12698.9
14211,12713.1
14212,12713.3
14213,12713.2
14214,12698
14215,21566.8
14216,26311.5
14217,29915.8
14218,35313.3
14219,37114.1
14220,32157.6
14221,37112.3
14222,35312.4
14223,33515.5
14224,28561.5
14225,18660.8
14226,15379
14227,15363.6
14228,15363.1
14229,13021
14230,12712.9
14231,12713.2
14232,12700
14233,12692.6
14234,12696.5
14235,12707.6
14236,12707.9
14237,12704.9
14238,12692
14239,21558.8
14240,26300.5
14241,29903.2
14242,35297.5
14243,37099.7
14244,32143.7
14245,37095.1
14246,35298.4
14247,33500.6
14248,28549
14249,18650.8
14250,15372.5
14251,15359.8
14252,15356.3
14253,13015.4
14254,12707.5
14255,12704.8
14256,12692
14257,12687.7
14258,12696.6
14259,12702.5
14260,12702.7
14261,12694.2
14262,12687
14263,21551.6
14264,26292.5
14265,29889.2
14266,35281.6
14267,37085.4
14268,32132.1
14269,37080.8
14270,35284
14271,33487.8
14272,28537.7
14273,18641.8
14274,15365.8
14275,15359.7
14276,15350.7
14277,13010.3
14278,12702.6
14279,12691.7
14280,12687.1
14281,12685.1
14282,12698.2
14283,12698.2
14284,12697
14285,12682.5
14286,12682.8
14287,12690.9
14288,17506.8
14289,21922.7
14290,26141.3
14291,26146.3
14292,25933.9
14293,25935.1
14294,25904.7
14295,25899.6
14296,25900.8
14297,21301.2
14298,12685
14299,12693.6
14300,12698.4
14301,12698.4
14302,12688.1
14303,12682.7
14304,12683.9
14305,12694.6
14306,12694.3
14307,12693.9
14308,12678.7
14309,12678.9
14310,12686.6
14311,12694.2
14312,16832.1
14313,20985.8
14314,25139.1
14315,25131.7
14316,25137.8
14317,25131.3
14318,25137.5
14319,25131.7
14320,25132.2
14321,20982.7
14322,12689.1
14323,12694.3
14324,12694.3
14325,12679
14326,12678.9
14327,12686.1
14328,12694.2
14329,12691.2
14330,12685
14331,12675.3
14332,12675.6
14333,12688.8
14334,12691.1
14335,21533.8
14336,26259.8
14337,29858.9
14338,35251.5
14339,37046.4
14340,32106.6
14341,37049.3
14342,35250.5
14343,33447.8
14344,28513.9
14345,18634.2
14346,15334.1
14347,15340
14348,15351.4
14349,12989.8
14350,12681.7
14351,12690.9
14352,12690.9
14353,12683.1
14354,12672.3
14355,12672.7
14356,12685.1
14357,12688
14358,12688.2
14359,21520.5
14360,26256.1
14361,29854
14362,35243.5
14363,37037.6
14364,32095.1
14365,37041.1
14366,35240.7
14367,33444.4
14368,28504.6
14369,18626
14370,15341.5
14371,15332.8
14372,15338.6
14373,12990.5
14374,12687.8
14375,12688.1
14376,12683.3
14377,12670.1
14378,12670.3
14379,12682.3
14380,12685.9
14381,12685.9
14382,12673.9
14383,21518.3
14384,26253.6
14385,29850.3
14386,35236.5
14387,37033
14388,32087.5
14389,37030.7
14390,35236.3
14391,33442.1
14392,28499.2
14393,18618.2
14394,15345.7
14395,15334.2
14396,15329.9
14397,12993
14398,12685.6
14399,12680.6
14400,12669.9
14401,12668.6
14402,12681
14403,12683.9
14404,12684
14405,12671.6
14406,12668.2
14407,21521.2
14408,26254.5
14409,29841.3
14410,35227.4
14411,37030.3
14412,32086.9
14413,37024.4
14414,35231.9
14415,33436.4
14416,28494.4
14417,18611.8
14418,15341.9
14419,15342
14420,15332
14421,12991.2
14422,12677.1
14423,12668.2
14424,12668.5
14425,12681.5
14426,12682.6
14427,12682.8
14428,12668.7
14429,12667
14430,12672.9
14431,21520.8
14432,26251.2
14433,29836.1
14434,35226.8
14435,37021.4
14436,32088.4
14437,37023.4
14438,35227.6
14439,33432.2
14440,28491.4
14441,18611.9
14442,15330.1
14443,15341.2
14444,15340.4
14445,12983.5
14446,12667.4
14447,12669.2
14448,12682.9
14449,12681.9
14450,12680.1
14451,12666
14452,12666.4
14453,12675.4
14454,12682
14455,12681.9
14456,17460.3
14457,21899.6
14458,26113.4
14459,26107.2
14460,25901.4
14461,25905.6
14462,25865.6
14463,25866.7
14464,25870.3
14465,21275.6
14466,12676
14467,12682.1
14468,12667.2
14469,12666.3
14470,12673
14471,12681.8
14472,12681.9
14473,12675.9
14474,12665.9
14475,12666.2
14476,12679.6
14477,12681.6
14478,12681.8
14479,12668.4
14480,16819.3
14481,20964.6
14482,25103
14483,25112.4
14484,25105.9
14485,25112.2
14486,25105.9
14487,25107.3
14488,25110.6
14489,20965.8
14490,12677.1
14491,12665.9
14492,12667.6
14493,12681.7
14494,12681.7
14495,12680.3
14496,12665.8
14497,12666.4
14498,12675
14499,12681.8
14500,12682
14501,12673.4
14502,12666.1
14503,21516.4
14504,26249.8
14505,29838.5
14506,35222.7
14507,37024
14508,32080.3
14509,37019.8
14510,35226
14511,33430.9
14512,28489.9
14513,18609.6
14514,15339.7
14515,15339.4
14516,15326.8
14517,12989.2
14518,12678.1
14519,12666.1
14520,12666.4
14521,12678.3
14522,12682.7
14523,12682.9
14524,12671.7
14525,12667.1
14526,12669.7
14527,21522.4
14528,26252.4
14529,29835.9
14530,35226.8
14531,37021.7
14532,32089.3
14533,37023.4
14534,35227.7
14535,33432.4
14536,28491.7
14537,18610.4
14538,15333.7
14539,15341.2
14540,15340.4
14541,12984
14542,12667.5
14543,12667.4
14544,12681.9
14545,12684
14546,12684.3
14547,12669.9
14548,12668.5
14549,12674.8
14550,12684.4
14551,21524.5
14552,26246.9
14553,29841.7
14554,35231.1
14555,37025.4
14556,32090.7
14557,37028.1
14558,35230.8
14559,33431.2
14560,28498.5
14561,18622.5
14562,15325.5
14563,15336.1
14564,15342.8
14565,12983.2
14566,12670.5
14567,12684.2
14568,12684.4
14569,12684.4
14570,12670.2
14571,12670.5
14572,12679
14573,12685.9
14574,12686
14575,21519
14576,26251.2
14577,29848.6
14578,35237.4
14579,37032.6
14580,32091
14581,37034.3
14582,35234.6
14583,33437.4
14584,28499.9
14585,18623.6
14586,15336.8
14587,15330.2
14588,15339.3
14589,12985.5
14590,12685.8
14591,12686
14592,12684
14593,12672.5
14594,12673
14595,12682
14596,12688.5
14597,12688.5
14598,12679.4
14599,21521.6
14600,26258.7
14601,29856.3
14602,35246.1
14603,37039.9
14604,32094.2
14605,37039.4
14606,35242.4
14607,33449.6
14608,28505.3
14609,18623.8
14610,15349.5
14611,15334.1
14612,15333.3
14613,12995.7
14614,12688.2
14615,12687.1
14616,12672.5
14617,12675.7
14618,12684.2
14619,12691.2
14620,12691.4
14621,12683.7
14622,12675.6
14623,12676
14624,17503.3
14625,21909.9
14626,26125.6
14627,26129.1
14628,25923.4
14629,25920.4
14630,25887.7
14631,25888.3
14632,25886.3
14633,21290.9
14634,12680.7
14635,12679.2
14636,12691.5
14637,12691.3
14638,12688.7
14639,12675.6
14640,12675.9
14641,12688.7
14642,12694.7
14643,12694.9
14644,12685.6
14645,12679.2
14646,12679.6
14647,12694.9
14648,16838.8
14649,20985.2
14650,25138.9
14651,25132.3
14652,25138.2
14653,25131.9
14654,25134.1
14655,25136
14656,25132.8
14657,20983.5
14658,12686
14659,12694.7
14660,12694.9
14661,12685.4
14662,12679.2
14663,12679.8
14664,12694.9
14665,12698.5
14666,12698.9
14667,12683.6
14668,12683.4
14669,12690.1
14670,12698.9
14671,12698.8
14672,16828.3
14673,20995.8
14674,25145.9
14675,25141.2
14676,25145.7
14677,25140.8
14678,25145.8
14679,25140.4
14680,25146
14681,20992.6
14682,12693.1
14683,12698.9
14684,12685.1
14685,12683.3
14686,12688.5
14687,12698.7
14688,12698.8
14689,12699.1
14690,12687.7
14691,12688
14692,12698.3
14693,12703.1
14694,12703.5
14695,21548
14696,26287.5
14697,29889.8
14698,35286
14699,37083.9
14700,32135.9
14701,37085.9
14702,35283.4
14703,33482.2
14704,28539.1
14705,18650
14706,15354.6
14707,15351.2
14708,15364.2
14709,13001.8
14710,12700.6
14711,12703.2
14712,12703.3
14713,12696.1
14714,12692.9
14715,12695.7
14716,12708.4
14717,12708.2
14718,12706.6
14719,21552.8
14720,26299.2
14721,29902.6
14722,35301.3
14723,37097.5
14724,32146.2
14725,37101.4
14726,35297.9
14727,33498.4
14728,28550.5
14729,18656.2
14730,15364.9
14731,15357.2
14732,15365.7
14733,13008.8
14734,12708
14735,12708.2
14736,12706.7
14737,12697.9
14738,12698.6
14739,12706.5
14740,12713.9
14741,12713.8
14742,12707.6
14743,21564.4
14744,26311.5
14745,29916.4
14746,35317
14747,37114.4
14748,32159.2
14749,37116.9
14750,35313.8
14751,33514.8
14752,28563.1
14753,18663.7
14754,15374.1
14755,15364
14756,15369.2
14757,13017.2
14758,12713.5
14759,12713.8
14760,12709.6
14761,12704.1
14762,12704.8
14763,12714.8
14764,12719.9
14765,12719.9
14766,12710.9
14767,21575.6
14768,26324.6
14769,29931.1
14770,35334.5
14771,37132.5
14772,32174.6
14773,37134.1
14774,35331
14775,33531.4
14776,28576.9
14777,18672.6
14778,15381.8
14779,15371.4
14780,15376.3
14781,13023.5
14782,12719.5
14783,12719.9
14784,12715.6
14785,12710.7
14786,12711.5
14787,12721.2
14788,12726.2
14789,12726.5
14790,12718.1
14791,12711.1
14792,17543.5
14793,21972.3
14794,26198.4
14795,26201.5
14796,25997.4
14797,25992.1
14798,25958.8
14799,25962.5
14800,25957.5
14801,21352.9
14802,12725.4
14803,12711.1
14804,12711.4
14805,12720.1
14806,12726.2
14807,12726.5
14808,12719.6
14809,12717.9
14810,12718.7
14811,12730.9
14812,12733.3
14813,12733.6
14814,12722.9
14815,12718.4
14816,16898.7
14817,21046.2
14818,25208.6
14819,25215.7
14820,25210.3
14821,25216.1
14822,25209.8
14823,25212.9
14824,25213.2
14825,21052.5
14826,12729.4
14827,12718.4
14828,12718.8
14829,12733.5
14830,12733.4
14831,12733.6
14832,12720.4
14833,12725.7
14834,12729.4
14835,12741
14836,12741.3
14837,12740.3
14838,12725.8
14839,21615.4
14840,26370.2
14841,29982.5
14842,35393.6
14843,37196.1
14844,32229.2
14845,37196.5
14846,35391.2
14847,33589
14848,28625.2
14849,18704
14850,15407.6
14851,15397.1
14852,15402.7
14853,13044.7
14854,12740.7
14855,12741
14856,12738.5
14857,12733.6
14858,12734.4
14859,12741.9
14860,12749.2
14861,12749.2
14862,12744.6
14863,21624.3
14864,26385.4
14865,30000.4
14866,35416.1
14867,37218.5
14868,32252.7
14869,37222.3
14870,35413.3
14871,33604.6
14872,28643.7
14873,18719
14874,15407.1
14875,15409.1
14876,15422.7
14877,13050.1
14878,12739.9
14879,12749
14880,12749.2
14881,12754.7
14882,12742.8
14883,12743.2
14884,12750.4
14885,12757.6
14886,12757.9
14887,21644.2
14888,26401.1
14889,30018.9
14890,35440.3
14891,37244.3
14892,32279.2
14893,37246.4
14894,35438.2
14895,33629.8
14896,28664.4
14897,18727
14898,15416.3
14899,15433.4
14900,15432.4
14901,13060.9
14902,12743.4
14903,12745.7
14904,12757.9
14905,12766.2
14906,12767
14907,12752.8
14908,12752.2
14909,12756
14910,12767
14911,21665.5
14912,26422.7
14913,30038.1
14914,35465.2
14915,37271.1
14916,32304.5
14917,37272.6
14918,35464.4
14919,33657.6
14920,28683.2
14921,18733.8
14922,15442.6
14923,15443.7
14924,15434.9
14925,13076.1
14926,12760.6
14927,12752.1
14928,12752.4
14929,12771.5
14930,12776.3
14931,12776.5
14932,12770
14933,12761.8
14934,12762.1
14935,21683.6
14936,26449
14937,30061.8
14938,35489.5
14939,37305.3
14940,32322.1
14941,37299.2
14942,35491.7
14943,33684.8
14944,28705.8
14945,18754.7
14946,15456.1
14947,15440.4
14948,15439.9
14949,13086
14950,12776.2
14951,12776.5
14952,12768.7
14953,12771.5
14954,12772.5
14955,12783.1
14956,12786.4
14957,12786.6
14958,12779.6
14959,12772
14960,17624.8
14961,22076.7
14962,26325.9
14963,26326.9
14964,26119.6
14965,26119.7
14966,26082.9
14967,26083.9
14968,26086
14969,21456.1
14970,12780.5
14971,12785.5
14972,12771.9
14973,12772.3
14974,12776.6
14975,12786.4
14976,12786.5
14977,12796.3
14978,12782.9
14979,12783
14980,12786.1
14981,12797
14982,12797.3
14983,12797.3
14984,16960.1
14985,21159.8
14986,25341
14987,25339.1
14988,25342.7
14989,25338.5
14990,25344.1
14991,25337.9
14992,25339.7
14993,21153.8
14994,12791.7
14995,12797
14996,12797.2
14997,12786.3
14998,12782.9
14999,12783.3
15000,12796.6
15001,12807.4
15002,12808.3
15003,12799.1
15004,12794
15005,12794.4
15006,12805.4
15007,21735.6
15008,26513
15009,30135.7
15010,35580.4
15011,37396.1
15012,32408.9
15013,37393.1
15014,35582.1
15015,33769.6
15016,28778.3
15017,18799.4
15018,15495.2
15019,15483.7
15020,15478.3
15021,13118.4
15022,12808
15023,12808.4
15024,12795.8
15025,12805.2
15026,12806.4
15027,12819.8
15028,12819.9
15029,12819.9
15030,12810.2
15031,21747.9
15032,26534.4
15033,30169.2
15034,35615.7
15035,37429.5
15036,32437.6
15037,37431.7
15038,35613.7
15039,33795
15040,28807.1
15041,18819
15042,15492.9
15043,15509.3
15044,15508.3
15045,13125.6
15046,12806.3
15047,12806.2
15048,12817
15049,12831
15050,12831.9
15051,12826.3
15052,12817.9
15053,12818.3
15054,12825.4
15055,21776.3
15056,26565.1
15057,30191.7
15058,35646.3
15059,37468.3
15060,32466.5
15061,37463.9
15062,35648
15063,33833.1
15064,28832.1
15065,18838
15066,15520
15067,15507.3
15068,15512.8
15069,13137.7
15070,12831.5
15071,12831.8
15072,12832
15073,12831.8
15074,12830.8
15075,12831.2
15076,12843.5
15077,12844.3
15078,12844.6
15079,21791.3
15080,26583.5
15081,30225.7
15082,35683.9
15083,37500.3
15084,32502.3
15085,37503.2
15086,35690.3
15087,33857.6
15088,28860
15089,18849.6
15090,15537.9
15091,15538.3
15092,15524.6
15093,13155.5
15094,12844.4
15095,12832.6
15096,12830.7
15097,12843.6
15098,12856.4
15099,12857.3
15100,12857.4
15101,12851.6
15102,12843.7
15103,21817.3
15104,26615
15105,30260.1
15106,35722.5
15107,37539.7
15108,32532.6
15109,37544.1
15110,35720
15111,33895.8
15112,28892.9
15113,18873.8
15114,15540.6
15115,15555.3
15116,15554.2
15117,13165.1
15118,12844.4
15119,12844.2
15120,12850
15121,12869.9
15122,12870.9
15123,12871.1
15124,12858.6
15125,12857.7
15126,12858
15127,12869.8
15128,17744.8
15129,22225.3
15130,26502
15131,26504.6
15132,26295.3
15133,26292.4
15134,26258.6
15135,26261.6
15136,26256.8
15137,21598.8
15138,12870.8
15139,12860.3
15140,12857.5
15141,12858
15142,12868
15143,12870.7
15144,12871
15145,12880.7
15146,12871.6
15147,12871.9
15148,12874.8
15149,12884.7
15150,12885
15151,12885
15152,17076.7
15153,21305.5
15154,25520.4
15155,25515.1
15156,25519.7
15157,25514.3
15158,25515.8
15159,25519.1
15160,25515
15161,21302.8
15162,12876.8
15163,12874.5
15164,12884.7
15165,12884.8
15166,12885.1
15167,12874
15168,12871.8
15169,12885.9
15170,12896.1
15171,12899.1
15172,12899.3
15173,12897.3
15174,12886.1
15175,21887.4
15176,26702.2
15177,30359.3
15178,35839.8
15179,37664.9
15180,32641.7
15181,37666
15182,35838.6
15183,34012.2
15184,28985.2
15185,18930.4
15186,15604.9
15187,15605.6
15188,15593.2
15189,13211.8
15190,12899.3
15191,12888.1
15192,12886.3
15193,12900.9
15194,12911
15195,12914
15196,12914.2
15197,12912.8
15198,12901.2
15199,21912.7
15200,26733.3
15201,30394.7
15202,35881.1
15203,37708.8
15204,32681.4
15205,37709.6
15206,35880.8
15207,34051.8
15208,29019.1
15209,18953.7
15210,15623.5
15211,15623
15212,15607.3
15213,13227
15214,12914.1
15215,12910
15216,12901.3
15217,12916.3
15218,12919.4
15219,12929.4
15220,12929.7
15221,12929.7
15222,12923.6
15223,21935.6
15224,26764.2
15225,30430.2
15226,35925.1
15227,37753
15228,32721.2
15229,37755.6
15230,35923.4
15231,34094
15232,29054.1
15233,18979.2
15234,15643.5
15235,15630.9
15236,15625.7
15237,13242.7
15238,12929.2
15239,12929.6
15240,12926.8
15241,12931.9
15242,12933.2
15243,12933.5
15244,12945.1
15245,12945.2
15246,12945.5
15247,21966.4
15248,26794.9
15249,30465.7
15250,35968.4
15251,37801.5
15252,32763.3
15253,37799.7
15254,35968.5
15255,34137
15256,29090.8
15257,19007.7
15258,15654.1
15259,15644.6
15260,15660.6
15261,13253.3
15262,12936.5
15263,12945.2
15264,12945.3
15265,12960.8
15266,12955.7
15267,12949.4
15268,12949.6
15269,12952
15270,12961.8
15271,21997.6
15272,26834.7
15273,30502.4
15274,36013.9
15275,37857.5
15276,32795.5
15277,37852.3
15278,36015.5
15279,34173.5
15280,29132.9
15281,19030.6
15282,15665
15283,15682.9
15284,15681.8
15285,13273.5
15286,12949.9
15287,12949.6
15288,12949.9
15289,12977.1
15290,12978.1
15291,12978.4
15292,12976.9
15293,12966.2
15294,12966.4
15295,12966.7
15296,17902.8
15297,22411
15298,26723.6
15299,26727.9
15300,26516.9
15301,26518
15302,26479.5
15303,26480.8
15304,26481.7
15305,21776.7
15306,12967.4
15307,12978.1
15308,12978.4
15309,12978.4
15310,12973.9
15311,12966.3
15312,12966.6
15313,12983.2
15314,12995.3
15315,12995.3
15316,12995.5
15317,12994.7
15318,12983.5
15319,12983.8
15320,17241.2
15321,21493.7
15322,25733.9
15323,25739.3
15324,25739.1
15325,25737.3
15326,25741.8
15327,25736.2
15328,25737.4
15329,21487.8
15330,12985.1
15331,12989.7
15332,12995.2
15333,12995.4
15334,12995.6
15335,12989.1
15336,12983.6
15337,13000.7
15338,13002.5
15339,13012.9
15340,13013.1
15341,13013.1
15342,13012.1
15343,22078
15344,26938.4
15345,30628.1
15346,36159.1
15347,38002
15348,32937.2
15349,37999.9
15350,36158.8
15351,34317.7
15352,29244.9
15353,19110.4
15354,15727.9
15355,15735.7
15356,15745.3
15357,13325
15358,13002
15359,13002
15360,13011.6
15361,13029.7
15362,13031
15363,13031.2
15364,13021.5
15365,13019.7
15366,13019.9
15367,22120.2
15368,26981.1
15369,30675.1
15370,36211.8
15371,38055.7
15372,32981.7
15373,38056
15374,36209.5
15375,34365.5
15376,29285.8
15377,19131.2
15378,15766.7
15379,15749
15380,15756
15381,13341.2
15382,13029.9
15383,13030.8
15384,13030.9
15385,13048.6
15386,13040.3
15387,13038.4
15388,13038.6
15389,13040.5
15390,13049.4
15391,22147.6
15392,27020.6
15393,30715
15394,36262.3
15395,38113.3
15396,33024.1
15397,38114.8
15398,36260.9
15399,34414.1
15400,29327.3
15401,19154.9
15402,15789
15403,15783.6
15404,15771
15405,13365.5
15406,13049.1
15407,13049.5
15408,13046.9
15409,13056.1
15410,13057.5
15411,13057.8
15412,13063.1
15413,13068
15414,13068.4
15415,22181
15416,27053.7
15417,30756.9
15418,36313.9
15419,38175.2
15420,33068.8
15421,38170.9
15422,36316.4
15423,34462
15424,29372
15425,19180
15426,15811.4
15427,15812.3
15428,15795.6
15429,13384.8
15430,13068.1
15431,13068.5
15432,13057.9
15433,13075.8
15434,13077.2
15435,13078.9
15436,13087.5
15437,13087.3
15438,13087.6
15439,22212.3
15440,27092.6
15441,30803.6
15442,36367.7
15443,38229.5
15444,33119.3
15445,38227.3
15446,36371.8
15447,34513
15448,29416
15449,19208.5
15450,15835
15451,15835.9
15452,15818.9
15453,13404.5
15454,13087.3
15455,13087.8
15456,13078.3
15457,13095.6
15458,13097.1
15459,13097.4
15460,13106.8
15461,13106.9
15462,13107.2
15463,13107.3
15464,18053.8
15465,22642.9
15466,26998.7
15467,27000.1
15468,26781.5
15469,26782.3
15470,26747.6
15471,26748.3
15472,26748.6
15473,21993.7
15474,13101.2
15475,13107
15476,13107.1
15477,13107.2
15478,13096.9
15479,13096.8
15480,13097.1
15481,13116.8
15482,13127
15483,13127
15484,13127.2
15485,13127.4
15486,13121.7
15487,13117
15488,17414.7
15489,21709.6
15490,26001.7
15491,26002.5
15492,26006.5
15493,26001.1
15494,26002.4
15495,26006.3
15496,26001
15497,21712.5
15498,13127
15499,13123.3
15500,13116.9
15501,13117.3
15502,13117.5
15503,13121.5
15504,13126.9
15505,13146.3
15506,13147.7
15507,13147.9
15508,13139.7
15509,13137.8
15510,13138
15511,13138.3
15512,17457.7
15513,21741.6
15514,26040.9
15515,26045.3
15516,26044.6
15517,26043.1
15518,26044.4
15519,26046.3
15520,26042.9
15521,21744.9
15522,13146.3
15523,13137.9
15524,13138.1
15525,13138.4
15526,13147.4
15527,13147.4
15528,13147.6
15529,13167.4
15530,13165.6
15531,13158.8
15532,13158.9
15533,13159.3
15534,13159.8
15535,22359.2
15536,27271.1
15537,31003.6
15538,36599.6
15539,38462.1
15540,33335.1
15541,38462.6
15542,36597.8
15543,34733.8
15544,29599.1
15545,19341.6
15546,15913.4
15547,15936.1
15548,15934.9
15549,13488.4
15550,13160.2
15551,13158.9
15552,13159.1
15553,13179.6
15554,13185.5
15555,13189.4
15556,13189.8
15557,13189.7
15558,13189.8
15559,22383.4
15560,27308.4
15561,31048.1
15562,36657
15563,38536.1
15564,33382
15565,38534.1
15566,36656.5
15567,34789.2
15568,29647
15569,19366.1
15570,15962
15571,15941.5
15572,15952.3
15573,13506.2
15574,13183
15575,13189.4
15576,13189.7
15577,13210
15578,13211.5
15579,13208.6
15580,13202
15581,13202.3
15582,13202.5
15583,22429.4
15584,27359
15585,31104.1
15586,36719.9
15587,38589.7
15588,33446.5
15589,38591.4
15590,36723
15591,34844.6
15592,29701.4
15593,19392.1
15594,15986
15595,15987.5
15596,15967.9
15597,13531.3
15598,13211
15599,13211.4
15600,13211.5
15601,13223.4
15602,13224.4
15603,13224.7
15604,13224.9
15605,13227.7
15606,13233.2
15607,22464.5
15608,27407.6
15609,31156.1
15610,36783.2
15611,38654.6
15612,33500.9
15613,38654.6
15614,36780.3
15615,34907.4
15616,29749.4
15617,19432.8
15618,15999.3
15619,16015
15620,16006.5
15621,13554
15622,13233.2
15623,13228.9
15624,13224.4
15625,13245.8
15626,13247.4
15627,13247.7
15628,13253.3
15629,13255.2
15630,13255.7
15631,13255.5
15632,18267.2
15633,22901.5
15634,27306.8
15635,27308.3
15636,27092.4
15637,27091.6
15638,27053.3
15639,27054.5
15640,27055
15641,22250.5
15642,13255
15643,13247.1
15644,13247.3
15645,13247.6
15646,13251.9
15647,13255.2
15648,13255.4
15649,13276.9
15650,13278.4
15651,13276.9
15652,13269.8
15653,13270
15654,13270.2
15655,13270.5
15656,17632
15657,21959.5
15658,26302.3
15659,26306.6
15660,26309.4
15661,26304.7
15662,26305.9
15663,26307.2
15664,26308
15665,21964.6
15666,13272.1
15667,13278.3
15668,13278.4
15669,13276.6
15670,13269.8
15671,13270
15672,13270.3
15673,13292.4
15674,13295
15675,13300.9
15676,13301.2
15677,13301.2
15678,13301.5
15679,22579.7
15680,27542
15681,31316.8
15682,36974.7
15683,38856.9
15684,33675.5
15685,38857.9
15686,36972.5
15687,35089.3
15688,29903.3
15689,19534.7
15690,16082.1
15691,16098.2
15692,16087.9
15693,13623.7
15694,13301.2
15695,13301.6
15696,13293.6
15697,13315.5
15698,13317.1
15699,13317.4
15700,13317.5
15701,13321.8
15702,13324.6
15703,22621.3
15704,27600.1
15705,31374.7
15706,37040
15707,38924.1
15708,33737.1
15709,38927.1
15710,37044
15711,35149.1
15712,29957.7
15713,19563.5
15714,16125.8
15715,16115.5
15716,16108.1
15717,13645.4
15718,13324.2
15719,13324.3
15720,13324.5
15721,13347
15722,13348.6
15723,13348.1
15724,13340.8
15725,13340.9
15726,13341
15727,22663.1
15728,27645.3
15729,31429.3
15730,37105.4
15731,39003.9
15732,33790.4
15733,39003.7
15734,37105.2
15735,35214.9
15736,30009.1
15737,19607.5
15738,16137.1
15739,16148.9
15740,16155.2
15741,13674.6
15742,13341.4
15743,13340.9
15744,13341.1
15745,13364.2
15746,13365.9
15747,13368.1
15748,13372.2
15749,13372.1
15750,13372.5
15751,22700.3
15752,27695.8
15753,31488.1
15754,37176
15755,39066.5
15756,33859.9
15757,39067
15758,37179.2
15759,35277.4
15760,30066.2
15761,19635
15762,16184.5
15763,16170.1
15764,16170.4
15765,13695.3
15766,13366.8
15767,13372
15768,13372.1
15769,13395.1
15770,13396.8
15771,13396.9
15772,13397
15773,13391.9
15774,13389.7
15775,22741.5
15776,27744.9
15777,31542.9
15778,37243.2
15779,39146.7
15780,33919.5
15781,39141.3
15782,37241.9
15783,35344.7
15784,30123
15785,19672.3
15786,16205.3
15787,16214.5
15788,16196.4
15789,13721.3
15790,13396.4
15791,13396.8
15792,13396.9
15793,13420.3
15794,13416.1
15795,13414.8
15796,13415
15797,13415.2
15798,13415.3
15799,13415.5
15800,18519.4
15801,23180.8
15802,27654.8
15803,27652.1
15804,27433.5
15805,27434.1
15806,27398.2
15807,27398.5
15808,27399.5
15809,22530.6
15810,13418.2
15811,13415.3
15812,13415.4
15813,13416.6
15814,13421
15815,13421.1
15816,13421.2
15817,13444.9
15818,13446.5
15819,13446.7
15820,13445.7
15821,13440
15822,13440
15823,13440.3
15824,17843.4
15825,22240.7
15826,26646.2
15827,26643.2
15828,26644.3
15829,26645
15830,26645.2
15831,26643
15832,26644.1
15833,22245.1
15834,13447.7
15835,13440.2
15836,13440.3
15837,13440.6
15838,13440.7
15839,13440.9
15840,13445.6
15841,13469.8
15842,13471.4
15843,13471.5
15844,13471.6
15845,13471.9
15846,13471.9
15847,22868.6
15848,27899.5
15849,31725.2
15850,37456.9
15851,39361.4
15852,34114.9
15853,39362.7
15854,37461
15855,35545.2
15856,30289.6
15857,19785.2
15858,16302
15859,16283.1
15860,16306.6
15861,13800
15862,13466.3
15863,13466.1
15864,13466.3
15865,13490.8
15866,13494.7
15867,13496.8
15868,13497.1
15869,13497
15870,13497.3
15871,22913.8
15872,27958.1
15873,31787.2
15874,37526.7
15875,39437
15876,34179.8
15877,39444.4
15878,37525.7
15879,35613.9
15880,30348
15881,19828.5
15882,16317.4
15883,16333.6
15884,16336.3
15885,13824.6
15886,13497.3
15887,13495.2
15888,13491.5
15889,13516.1
15890,13517.9
15891,13518.1
15892,13518.1
15893,13518.4
15894,13518.4
15895,22969.5
15896,28014.4
15897,31847.5
15898,37598.3
15899,39524.2
15900,34244.2
15901,39514.9
15902,37598.1
15903,35682.5
15904,30413.6
15905,19855.5
15906,16367.9
15907,16360.6
15908,16348.8
15909,13851.1
15910,13520.6
15911,13522.6
15912,13522.8
15913,13547.4
15914,13549.1
15915,13549.3
15916,13549.3
15917,13549.5
15918,13549.5
15919,23000.9
15920,28062.5
15921,31910.4
15922,37675.6
15923,39590.3
15924,34313.8
15925,39597.4
15926,37675.1
15927,35751.7
15928,30466.5
15929,19905.5
15930,16381
15931,16397.3
15932,16398.7
15933,13877.8
15934,13549.3
15935,13549.7
15936,13545.2
15937,13569.2
15938,13570.9
15939,13571
15940,13571.1
15941,13571.3
15942,13571.4
15943,23056.5
15944,28123.3
15945,31971.4
15946,37748.4
15947,39677.2
15948,34380.2
15949,39670
15950,37751.1
15951,35823.9
15952,30528.8
15953,19947.8
15954,16421
15955,16409.5
15956,16434.1
15957,13907.9
15958,13571.4
15959,13571.2
15960,13571.3
15961,13596.8
15962,13598.6
15963,13598.7
15964,13599.9
15965,13601.8
15966,13602.2
15967,13602.2
15968,18763.5
15969,23505.2
15970,28027.2
15971,28030.4
15972,27808.5
15973,27808.8
15974,27772.2
15975,27772.3
15976,27773.1
15977,22840
15978,13608.4
15979,13599.4
15980,13597.7
15981,13597.9
15982,13598
15983,13598.1
15984,13598.2
15985,13623.9
15986,13625.7
15987,13625.8
15988,13626
15989,13627.4
15990,13629
15991,13628.8
15992,18097.8
15993,22550
15994,27008.4
15995,27011.7
15996,27012.5
15997,27014
15998,27009.6
15999,27010.5
16000,27011.4
16001,22551.5
16002,13635.9
16003,13625.6
16004,13624.9
16005,13625.1
16006,13625.2
16007,13625.3
16008,13625.4
16009,13651.4
16010,13653.1
16011,13653.3
16012,13653.3
16013,13653.5
16014,13655.1
16015,23197.4
16016,28294.9
16017,32165.6
16018,37975.2
16019,39919.2
16020,34586.9
16021,39909.1
16022,37980.4
16023,36041.7
16024,30710.8
16025,20062
16026,16520.5
16027,16518.5
16028,16532.1
16029,13992
16030,13656.2
16031,13652.6
16032,13652.5
16033,13678.6
16034,13680.4
16035,13680.4
16036,13680.5
16037,13680.7
16038,13680.7
16039,23241.4
16040,28349.3
16041,32228.1
16042,38057.6
16043,39992
16044,34659.5
16045,39996.4
16046,38055.1
16047,36113
16048,30773.1
16049,20106.2
16050,16546.4
16051,16566
16052,16547.8
16053,14015.3
16054,13683.3
16055,13683.5
16056,13683.6
16057,13709.7
16058,13711.5
16059,13711.5
16060,13711.5
16061,13711.7
16062,13711.7
16063,23281.1
16064,28403.1
16065,32298.2
16066,38132.2
16067,40078.2
16068,34726.9
16069,40078.5
16070,38127.8
16071,36187
16072,30844.4
16073,20138.9
16074,16599.2
16075,16574.8
16076,16596.9
16077,14048.3
16078,13708.7
16079,13708.5
16080,13708.6
16081,13735.1
16082,13736.9
16083,13737
16084,13737
16085,13737.2
16086,13737.1
16087,23340.5
16088,28467.4
16089,32361.6
16090,38212.8
16091,40158.5
16092,34801.9
16093,40161.2
16094,38211.3
16095,36261.3
16096,30899.1
16097,20185.4
16098,16620.7
16099,16633.4
16100,16608.1
16101,14072
16102,13738.5
16103,13738.8
16104,13738.8
16105,13765.3
16106,13767
16107,13767
16108,13767.4
16109,13767.2
16110,13767.4
16111,23377.6
16112,28530.6
16113,32432.5
16114,38286.3
16115,40248.3
16116,34871
16117,40238.1
16118,38295.8
16119,36336.5
16120,30963
16121,20229.2
16122,16645.1
16123,16667.5
16124,16657.2
16125,14101.1
16126,13767
16127,13767.3
16128,13767.4
16129,13794
16130,13795.7
16131,13795.8
16132,13795.9
16133,13795.9
16134,13795.9
16135,13796
16136,19015.7
16137,23846.4
16138,28433.3
16139,28434.9
16140,28209.5
16141,28209.6
16142,28172.1
16143,28172.7
16144,28172.5
16145,23170.2
16146,13791
16147,13795.5
16148,13795.5
16149,13795.6
16150,13795.7
16151,13795.8
16152,13795.8
16153,13822.6
16154,13824.4
16155,13824.4
16156,13824.5
16157,13824.5
16158,13824.5
16159,13824.4
16160,18335.5
16161,22880.3
16162,27403.9
16163,27404.3
16164,27405.5
16165,27400.8
16166,27401.4
16167,27402.1
16168,27402.7
16169,22879.1
16170,13825.2
16171,13824.3
16172,13824.3
16173,13824.4
16174,13824.4
16175,13824.5
16176,13824.5
16177,13851.5
16178,13853.3
16179,13852.3
16180,13851
16181,13850.9
16182,13851
16183,13850.9
16184,23524
16185,28699.7
16186,32636.2
16187,38530.5
16188,40499.7
16189,35092.1
16190,40492.9
16191,38534
16192,36567.9
16193,31158
16194,20355.9
16195,16749.3
16196,16773.1
16197,16758.9
16198,14188.4
16199,13852.2
16200,13852.4
16201,13879.6
16202,13881.3
16203,13881.4
16204,13881.4
16205,13881.7
16206,13881.5
16207,13881.6
16208,23574.3
16209,28770.1
16210,32704.2
16211,38611.9
16212,40584.7
16213,35165.6
16214,40583.6
16215,38612.1
16216,36641.4
16217,31228.7
16218,20387.4
16219,16806
16220,16793.6
16221,16795.8
16222,14223.6
16223,13880.9
16224,13880.7
16225,13908.3
16226,13910.1
16227,13910.1
16228,13910.1
16229,13910
16230,13910.1
16231,13910.1
16232,23631.3
16233,28824.5
16234,32774.9
16235,38693.4
16236,40666.5
16237,35240.4
16238,40667
16239,38695.1
16240,36724.7
16241,31289.9
16242,20441.1
16243,16820.7
16244,16842.3
16245,16829.7
16246,14247.7
16247,13910
16248,13910.2
16249,13937.7
16250,13939.4
16251,13939.4
16252,13939.4
16253,13939.7
16254,13939.4
16255,13939.6
16256,23677.8
16257,28891.1
16258,32841.7
16259,38778.7
16260,40753.1
16261,35316.3
16262,40760.4
16263,38772
16264,36797.5
16265,31364.6
16266,20479.1
16267,16872.2
16268,16859.2
16269,16878.7
16270,14282.6
16271,13939.8
16272,13940.1
16273,13967.7
16274,13969.4
16275,13969.4
16276,13969.4
16277,13969.3
16278,13969.4
16279,13969.3
16280,23720.9
16281,28949.3
16282,32914.3
16283,38856.7
16284,40845.6
16285,35390.1
16286,40844.2
16287,38858.5
16288,36876
16289,31429.5
16290,20520.4
16291,16914.2
16292,16888
16293,16915.2
16294,14315.9
16295,13969.1
16296,13968.5
16297,13996.4
16298,13998.5
16299,13998.9
16300,13999.1
16301,13999.1
16302,13999.1
16303,13998.9
16304,13999
16305,18572.1
16306,23172.4
16307,27752.9
16308,27753.9
16309,27754.4
16310,27754.8
16311,27755.3
16312,27754.6
16313,27751
16314,23165.7
16315,13997.6
16316,13999.2
16317,13999.1
16318,13999.2
16319,13999.2
16320,13999.1
16321,14027.2
16322,14029
16323,14029
16324,14028.9
16325,14028.9
16326,14028.9
16327,14028.7
16328,14028.8
16329,18617.8
16330,23219.8
16331,27815.7
16332,27814.7
16333,27815.1
16334,27810.7
16335,27810.7
16336,27811.1
16337,27811.6
16338,23216.5
16339,14021.3
16340,14027.4
16341,14027.6
16342,14027.8
16343,14029.1
16344,14029.6
16345,14057.8
16346,14059.5
16347,14059.5
16348,14059.4
16349,14059.3
16350,14059.4
16351,14059.2
16352,23885.5
16353,29134.1
16354,33126.5
16355,39108.3
16356,41107.8
16357,35618.2
16358,41101.1
16359,39116.7
16360,37113.8
16361,31630.1
16362,20649.5
16363,17021.6
16364,17003.8
16365,17017
16366,14407
16367,14059
16368,14058.5
16369,14086.7
16370,14088.6
16371,14088.5
16372,14088.5
16373,14088.5
16374,14088.2
16375,14088.1
16376,23923.9
16377,29198.6
16378,33197
16379,39195.2
16380,41194.2
16381,35696.1
16382,41198.6
16383,39188.5
16384,37199.4
16385,31696.9
16386,20703.7
16387,17037.2
16388,17060.4
16389,17041.6
16390,14429
16391,14086.9
16392,14087
16393,14116.5
16394,14120.1
16395,14120
16396,14119.9
16397,14119.8
16398,14119.8
16399,14119.6
16400,23988.4
16401,29259
16402,33269.5
16403,39277.9
16404,41287.9
16405,35771.5
16406,41281.2
16407,39279.1
16408,37272.6
16409,31769
16410,20742.8
16411,17089.4
16412,17077.6
16413,17096.1
16414,14460.7
16415,14117.5
16416,14117.7
16417,14145.9
16418,14147.6
16419,14147.5
16420,14147.4
16421,14147.6
16422,14147.3
16423,14147.5
16424,24040
16425,29325.6
16426,33339.2
16427,39365.6
16428,41373
16429,35851.5
16430,41367.6
16431,39370.3
16432,37353.9
16433,31835.2
16434,20784.3
16435,17132
16436,17107
16437,17133.4
16438,14499.4
16439,14147.9
16440,14148.1
16441,14176.3
16442,14178
16443,14177.9
16444,14177.8
16445,14177.7
16446,14177.6
16447,14177.7
16448,24088.5
16449,29389.9
16450,33410.1
16451,39453.3
16452,41460.3
16453,35929.9
16454,41456.9
16455,39455.6
16456,37434.5
16457,31904.2
16458,20829.5
16459,17168.7
16460,17145.2
16461,17170
16462,14527.4
16463,14177.9
16464,14178
16465,14206.4
16466,14208.1
16467,14207.9
16468,14207.8
16469,14207.7
16470,14207.6
16471,14207.9
16472,14207.7
16473,19612.5
16474,24559.9
16475,29300.1
16476,29297.8
16477,29064.8
16478,29064.2
16479,29025
16480,29024.8
16481,29024
16482,23866.7
16483,14212.8
16484,14210.5
16485,14210.4
16486,14210.4
16487,14210.2
16488,14210.3
16489,14237.5
16490,14238.9
16491,14238.7
16492,14238.6
16493,14238.5
16494,14238.4
16495,14238.4
16496,14238.1
16497,18911.8
16498,23569.3
16499,28231
16500,28233.2
16501,28233.4
16502,28233.5
16503,28233.6
16504,28233.8
16505,28233.9
16506,23567.2
16507,14237
16508,14241.9
16509,14241.7
16510,14241.7
16511,14241.6
16512,14241.4
16513,14270.1
16514,14271.9
16515,14271.8
16516,14271.6
16517,14271.4
16518,14270.1
16519,14269.1
16520,24234.4
16521,29583.8
16522,33627.1
16523,39711.4
16524,41727.5
16525,36163.9
16526,41726.9
16527,39712.9
16528,37677.5
16529,32113
16530,20966.6
16531,17274.1
16532,17262.7
16533,17278.5
16534,14614.9
16535,14268.3
16536,14268.4
16537,14296.9
16538,14298.6
16539,14298.5
16540,14302.3
16541,14303.4
16542,14303.3
16543,14303.1
16544,24299.6
16545,29639
16546,33702.7
16547,39788
16548,41824.2
16549,36239
16550,41824.8
16551,39792.1
16552,37764.4
16553,32174.3
16554,21011.8
16555,17314.3
16556,17298.7
16557,17313.1
16558,14657.2
16559,14302
16560,14299.7
16561,14328.2
16562,14329.8
16563,14329.7
16564,14329.5
16565,14329.6
16566,14329.2
16567,14329.4
16568,24354.6
16569,29706.4
16570,33776.2
16571,39875.7
16572,41915.7
16573,36315.8
16574,41917.5
16575,39872.1
16576,37850.9
16577,32244.1
16578,21062.2
16579,17343.2
16580,17343.6
16581,17342.8
16582,14687.9
16583,14333.7
16584,14333.1
16585,14360.9
16586,14360.7
16587,14360.5
16588,14360.3
16589,14360.1
16590,14359.9
16591,14360
16592,14359.6
16593,19081.3
16594,23764.8
16595,28485.1
16596,28482.2
16597,28482.1
16598,28482.1
16599,28482
16600,28481.9
16601,28481
16602,23773.7
16603,14370.3
16604,14360.7
16605,14360.4
16606,14360.3
16607,14360.1
16608,14359.9
16609,14388.5
16610,14390.1
16611,14391.3
16612,14396.1
16613,14395.8
16614,14395.7
16615,14395.4
16616,24454.7
16617,29829.6
16618,33921.7
16619,40051.9
16620,42091.7
16621,36478
16622,42091.7
16623,40055.9
16624,38003.6
16625,32390.9
16626,21149.1
16627,17415.8
16628,17420.9
16629,17416.1
16630,14739.5
16631,14390.2
16632,14395.9
16633,14425
16634,14426.6
16635,14426.4
16636,14426.1
16637,14426
16638,14425.8
16639,14425.2
16640,14421.7
16641,19892.6
16642,24936.4
16643,29744.8
16644,29744.2
16645,29507.2
16646,29506.3
16647,29466.1
16648,29465.5
16649,29467.4
16650,24229.7
16651,14431.8
16652,14421.7
16653,14421.4
16654,14421.3
16655,14421.1
16656,14420.9
16657,14449.4
16658,14453
16659,14457.9
16660,14457.6
16661,14457.4
16662,14457.1
16663,14456.8
16664,14456.7
16665,19181
16666,23931.8
16667,28662.1
16668,28663.1
16669,28662.9
16670,28662.7
16671,28662.4
16672,28662.2
16673,28662
16674,23925.9
16675,14457
16676,14457
16677,14456.7
16678,14456.6
16679,14454.5
16680,14452.3
16681,14480.8
16682,14482.4
16683,14482.1
16684,14481.9
16685,14482.6
16686,14488.8
16687,14488.4
16688,24615.6
16689,30023.3
16690,34141.3
16691,40310.8
16692,42364.4
16693,36714.4
16694,42363.1
16695,40313.2
16696,38249.3
16697,32602.1
16698,21289.3
16699,17521.3
16700,17542.2
16701,17517.5
16702,14845
16703,14488.2
16704,14487.8
16705,14516.6
16706,14518.1
16707,14513.5
16708,14513.2
16709,14512.9
16710,14512.7
16711,14512.8
16712,24668.6
16713,30090.9
16714,34214.9
16715,40391.6
16716,42458
16717,36788.9
16718,42457.5
16719,40400.9
16720,38330.5
16721,32671
16722,21332
16723,17558.6
16724,17578.5
16725,17555.2
16726,14875.5
16727,14519.2
16728,14519
16729,14547.7
16730,14549.4
16731,14548.5
16732,14544
16733,14543.7
16734,14543.5
16735,14543.3
16736,24718.8
16737,30155.7
16738,34287.4
16739,40478.2
16740,42548.9
16741,36867.5
16742,42548.2
16743,40486.9
16744,38411.9
16745,32741.2
16746,21379.1
16747,17595.7
16748,17617.2
16749,17592.5
16750,14908
16751,14550
16752,14549.6
16753,14578.3
16754,14578.7
16755,14574.5
16756,14574.2
16757,14573.8
16758,14573.6
16759,14573.7
16760,24776
16761,30218
16762,34359.7
16763,40566.2
16764,42637.8
16765,36950.6
16766,42635.8
16767,40570.2
16768,38497.9
16769,32808.6
16770,21427.2
16771,17636.1
16772,17644.5
16773,17640.5
16774,14941
16775,14580.6
16776,14574.8
16777,14603
16778,14604.5
16779,14604.2
16780,14603.9
16781,14610.4
16782,14612
16783,14611.5
16784,24823.2
16785,30278.8
16786,34431.6
16787,40659.9
16788,42727
16789,37022.7
16790,42732
16791,40648.9
16792,38585.8
16793,32872.5
16794,21464.5
16795,17690.1
16796,17667.9
16797,17688.3
16798,14958.9
16799,14603.8
16800,14604.9
16801,14641.2
16802,14642.6
16803,14642.3
16804,14641.9
16805,14641.6
16806,14637.7
16807,14635.2
16808,14634.9
16809,20200.2
16810,25306.3
16811,30191.4
16812,30188.1
16813,29947.3
16814,29951.5
16815,29911.2
16816,29918
16817,29900.6
16818,24592.3
16819,14642.4
16820,14641.8
16821,14641.6
16822,14635.6
16823,14635.2
16824,14634.9
16825,14663.1
16826,14666.4
16827,14673.7
16828,14673.3
16829,14672.9
16830,14672.6
16831,14672.3
16832,14666.1
16833,19473.1
16834,24286.7
16835,29087.3
16836,29091.5
16837,29095.5
16838,29094.7
16839,29094.1
16840,29093.5
16841,29093
16842,24284.9
16843,14662
16844,14673.5
16845,14673.1
16846,14672.8
16847,14672.5
16848,14671.1
16849,14694.4
16850,14695.8
16851,14695.4
16852,14695.1
16853,14701.9
16854,14704
16855,14703.6
16856,24978.8
16857,30472.8
16858,34646.6
16859,40915.7
16860,43002.6
16861,37255.5
16862,43001.7
16863,40914.2
16864,38821.4
16865,33086.1
16866,21603
16867,17781.7
16868,17803.3
16869,17779.1
16870,15065.7
16871,14703.6
16872,14703.1
16873,14729
16874,14726.4
16875,14726
16876,14725.6
16877,14726.4
16878,14734.9
16879,14734.3
16880,25032.5
16881,30535.3
16882,34719.7
16883,41001.4
16884,43092.5
16885,37333.1
16886,43091.3
16887,41000.5
16888,38901.5
16889,33155.1
16890,21649
16891,17819.3
16892,17839.9
16893,17816.2
16894,15097.3
16895,14734.1
16896,14733.1
16897,14754.9
16898,14756.2
16899,14755.8
16900,14755.6
16901,14765
16902,14765
16903,14764.4
16904,25081.3
16905,30600.8
16906,34791.6
16907,41084.7
16908,43180.4
16909,37411.8
16910,43178.5
16911,41086.6
16912,38981
16913,33226.3
16914,21697.3
16915,17859.8
16916,17862.6
16917,17867.8
16918,15129
16919,14756.3
16920,14756.2
16921,14784
16922,14788
16923,14795.7
16924,14795.3
16925,14794.7
16926,14794.5
16927,14788.8
16928,25125.9
16929,30667.9
16930,34867.4
16931,41163.6
16932,43270.2
16933,37497.4
16934,43266.1
16935,41165.5
16936,39074.1
16937,33285.7
16938,21735.5
16939,17909.6
16940,17893.3
16941,17903.3
16942,15144.7
16943,14792.6
16944,14795.5
16945,14823.5
16946,14824.9
16947,14822.5
16948,14816.6
16949,14816.1
16950,14815.8
16951,14820.7
16952,25191.6
16953,30724.1
16954,34937.5
16955,41257.2
16956,43360.6
16957,37564.9
16958,43358.8
16959,41257
16960,39141.7
16961,33362.5
16962,21785.5
16963,17931.8
16964,17939.4
16965,17938.4
16966,15192.1
16967,14816.9
16968,14816.3
16969,14844
16970,14848.3
16971,14856.2
16972,14855.7
16973,14855.2
16974,14854.8
16975,14846.5
16976,14846.1
16977,20494.9
16978,25675.5
16979,30630.9
16980,30627.7
16981,30390.4
16982,30387.9
16983,30345.6
16984,30344.7
16985,30350.5
16986,24954.1
16987,14842.3
16988,14850.4
16989,14856
16990,14855.6
16991,14855.2
16992,14852.9
16993,14874.6
16994,14875.8
16995,14875.4
16996,14882.9
16997,14886
16998,14885.5
16999,14885
17000,14880.3
17001,19754.9
17002,24637.9
17003,29514.3
17004,29517.8
17005,29516.8
17006,29515.8
17007,29514.9
17008,29513.9
17009,29513
17010,24637.8
17011,14887.6
17012,14876.2
17013,14875.7
17014,14875.3
17015,14884.7
17016,14885.9
17017,14913.6
17018,14915
17019,14907.6
17020,14905.7
17021,14905.4
17022,14909.2
17023,14916
17024,25341.8
17025,30914.4
17026,35148
17027,41507.2
17028,43622.6
17029,37797.7
17030,43624.4
17031,41505.7
17032,39390.8
17033,33557.6
17034,21913.6
17035,18054.2
17036,18040.9
17037,18045.2
17038,15270.5
17039,14916.1
17040,14915.6
17041,14943.2
17042,14941
17043,14935.4
17044,14934.9
17045,14935.6
17046,14946.2
17047,14945.4
17048,25390.2
17049,30976.7
17050,35221.2
17051,41586.9
17052,43708.9
17053,37877.8
17054,43709.5
17055,41585.8
17056,39472.7
17057,33630.3
17058,21955.8
17059,18078.1
17060,18090.3
17061,18072.6
17062,15313.2
17063,14945.3
17064,14944.5
17065,14963.2
17066,14964.4
17067,14963.9
17068,14973.6
17069,14975.2
17070,14974.8
17071,14973.9
17072,25429.6
17073,31042.3
17074,35292.6
17075,41669
17076,43798.5
17077,37951.3
17078,43800.8
17079,41671.7
17080,39540.9
17081,33700.4
17082,22005.6
17083,18114.3
17084,18116
17085,18124
17086,15339.5
17087,14964.3
17088,14964
17089,14999.2
17090,15004.9
17091,15004.4
17092,15004.1
17093,14994.3
17094,14993.7
17095,14993.5
17096,25496.8
17097,31097.2
17098,35361.1
17099,41756.8
17100,43885.1
17101,38021.9
17102,43887.3
17103,41754.6
17104,39628.3
17105,33759.6
17106,22043.4
17107,18156.4
17108,18155
17109,18145.4
17110,15371.9
17111,15004.7
17112,15004.1
17113,15025.8
17114,15022.9
17115,15022.3
17116,15029.5
17117,15034.2
17118,15033.8
17119,15033.3
17120,25529.6
17121,31164.6
17122,35432.6
17123,41834.5
17124,43971.1
17125,38099.3
17126,43972.2
17127,41839.4
17128,39694.8
17129,33833.4
17130,22089.1
17131,18194.2
17132,18180.2
17133,18200.3
17134,15387.3
17135,15025.6
17136,15034.5
17137,15061.3
17138,15062.5
17139,15054.4
17140,15051.7
17141,15051.1
17142,15061.7
17143,15063.2
17144,15062.7
17145,20769.7
17146,26039.5
17147,31063.4
17148,31057.9
17149,30814.4
17150,30814
17151,30770.7
17152,30773.6
17153,30772.7
17154,25299.7
17155,15056.9
17156,15063.2
17157,15062.6
17158,15057.5
17159,15051.9
17160,15051.3
17161,15085.9
17162,15092.5
17163,15091.9
17164,15089.7
17165,15080.8
17166,15080.1
17167,15084.2
17168,15092.7
17169,20029.9
17170,24985
17171,29923.7
17172,29924.1
17173,29929.9
17174,29927.2
17175,29925.9
17176,29924.5
17177,29925.9
17178,24979.2
17179,15087.2
17180,15080.1
17181,15084.6
17182,15092.7
17183,15092
17184,15091.6
17185,15108
17186,15108.8
17187,15110.6
17188,15121.7
17189,15120.8
17190,15120.3
17191,15110.8
17192,25683.3
17193,31343
17194,35637
17195,42084.3
17196,44228.1
17197,38315.3
17198,44226.9
17199,42080.2
17200,39937.9
17201,34025.8
17202,22213
17203,18289.3
17204,18304.3
17205,18285.6
17206,15493.5
17207,15120.8
17208,15109.5
17209,15135.4
17210,15140.1
17211,15150.2
17212,15149.5
17213,15148.9
17214,15137.8
17215,15137.2
17216,25739.8
17217,31399.4
17218,35704.1
17219,42161.3
17220,44309.6
17221,38395.8
17222,44311.4
17223,42157.8
17224,40009.1
17225,34093.3
17226,22260.9
17227,18324.3
17228,18328.4
17229,18334.7
17230,15515.6
17231,15136.9
17232,15139.9
17233,15177
17234,15177.9
17235,15177.1
17236,15165.9
17237,15165.3
17238,15170.3
17239,15178.3
17240,25787.6
17241,31461
17242,35774.8
17243,42235.3
17244,44396.9
17245,38466.9
17246,44395.1
17247,42241.4
17248,40081.2
17249,34153.4
17250,22299.5
17251,18370.5
17252,18360.8
17253,18356.6
17254,15548.7
17255,15178
17256,15177.5
17257,15192.4
17258,15193.2
17259,15198.1
17260,15206.7
17261,15205.9
17262,15202.3
17263,15193.5
17264,25831.9
17265,31518.5
17266,35839
17267,42320.2
17268,44476.2
17269,38539.8
17270,44478.1
17271,42316.3
17272,40158.3
17273,34220.3
17274,22345.2
17275,18395.2
17276,18390.3
17277,18410
17278,15565.2
17279,15193.7
17280,15207
17281,15232.5
17282,15233.7
17283,15221.6
17284,15220.9
17285,15227.7
17286,15234.6
17287,15233.7
17288,25873.9
17289,31581.4
17290,35906.8
17291,42398.5
17292,44560.5
17293,38603.3
17294,44560.6
17295,42397.4
17296,40237.6
17297,34282.1
17298,22382.5
17299,18425.8
17300,18438
17301,18431.1
17302,15606.4
17303,15221
17304,15220.5
17305,15259.9
17306,15262
17307,15261.4
17308,15249.6
17309,15248.4
17310,15255.1
17311,15262.2
17312,15261.5
17313,21044.4
17314,26383.7
17315,31473.1
17316,31468.3
17317,31225.5
17318,31219.8
17319,31181
17320,31179.6
17321,31177.3
17322,25636.7
17323,15258
17324,15248.4
17325,15254.4
17326,15262.4
17327,15261.6
17328,15255.8
17329,15274.4
17330,15275.9
17331,15290.2
17332,15289.4
17333,15288
17334,15276.3
17335,15275.6
17336,15285.7
17337,20294.2
17338,25313
17339,30316.1
17340,30320
17341,30320.2
17342,30318.5
17343,30316.7
17344,30321
17345,30320
17346,25305.3
17347,15283.5
17348,15289.5
17349,15288.2
17350,15276.3
17351,15275.5
17352,15285.3
17353,15315.3
17354,15316.2
17355,15306.4
17356,15302.7
17357,15308.4
17358,15317.2
17359,15316.3
17360,15309.7
17361,20330.2
17362,25348.3
17363,30376.8
17364,30372.5
17365,30370.7
17366,30376.1
17367,30373.9
17368,30372.1
17369,30370.7
17370,25353.4
17371,15309.4
17372,15302.4
17373,15315.4
17374,15316.8
17375,15316.3
17376,15303.6
17377,15327.8
17378,15339.3
17379,15344
17380,15343.2
17381,15332.3
17382,15329.4
17383,15337.7
17384,26073.4
17385,31806.8
17386,36167.4
17387,42699.7
17388,44884.4
17389,38886.7
17390,44879.5
17391,42703.4
17392,40528.3
17393,34529.7
17394,22543.9
17395,18559.1
17396,18565.5
17397,18568.5
17398,15712.3
17399,15329.1
17400,15339.9
17401,15369.1
17402,15370
17403,15357.9
17404,15355.9
17405,15366.2
17406,15370.7
17407,15369.8
17408,26103.9
17409,31863.1
17410,36227.4
17411,42780.6
17412,44958.9
17413,38959.7
17414,44960.8
17415,42776.2
17416,40589.1
17417,34593.1
17418,22582
17419,18604.4
17420,18593.3
17421,18588.8
17422,15748.4
17423,15370.3
17424,15362
17425,15380.8
17426,15387.9
17427,15397.5
17428,15396.6
17429,15387.6
17430,15382.3
17431,15389.1
17432,26164.4
17433,31917.6
17434,36293.2
17435,42849.3
17436,45040.6
17437,39019.7
17438,45039.2
17439,42852.7
17440,40669.3
17441,34651.2
17442,22625.4
17443,18626.6
17444,18621.1
17445,18639.9
17446,15755.8
17447,15394.4
17448,15397.1
17449,15420.3
17450,15408.8
17451,15407.9
17452,15422.4
17453,15423.1
17454,15419.6
17455,15408.5
17456,26202.8
17457,31968.3
17458,36352.7
17459,42925.9
17460,45119.7
17461,39092.5
17462,45114.5
17463,42925.1
17464,40739.5
17465,34709
17466,22660.4
17467,18655.3
17468,18661.8
17469,18664.8
17470,15792.1
17471,15407.7
17472,15422.1
17473,15447.6
17474,15445.5
17475,15434.3
17476,15435.4
17477,15450
17478,15449
17479,15441.9
17480,15434
17481,21310.9
17482,26709.7
17483,31858.9
17484,31858.4
17485,31603.4
17486,31609.6
17487,31561.2
17488,31566.7
17489,31562.2
17490,25951.5
17491,15448.6
17492,15434.2
17493,15437
17494,15449.9
17495,15448.9
17496,15441.3
17497,15457.9
17498,15466.1
17499,15475.2
17500,15474.3
17501,15462.1
17502,15459.2
17503,15472
17504,15474.9
17505,20537.1
17506,25618.2
17507,30688.1
17508,30688
17509,30685.8
17510,30689.6
17511,30688.5
17512,30686.3
17513,30688.8
17514,25613.7
17515,15460.5
17516,15469.8
17517,15474.9
17518,15474.1
17519,15459.9
17520,15459
17521,15489.4
17522,15502.8
17523,15495.6
17524,15487.4
17525,15493.8
17526,15503.3
17527,15502.3
17528,15489.8
17529,20582.1
17530,25656
17531,30744.9
17532,30741.2
17533,30747.1
17534,30743.8
17535,30741.5
17536,30746
17537,30744.1
17538,25660.1
17539,15500.3
17540,15501.1
17541,15487.6
17542,15488.1
17543,15503.8
17544,15502.7
17545,15518.6
17546,15512.1
17547,15520.3
17548,15528.2
17549,15527.4
17550,15512.8
17551,15511.8
17552,26388.3
17553,32189.5
17554,36603.3
17555,43216
17556,45426.8
17557,39351.5
17558,45428.7
17559,43218.4
17560,41009.3
17561,34948
17562,22814
17563,18792
17564,18786.9
17565,18779.8
17566,15910.2
17567,15523.1
17568,15512.3
17569,15540
17570,15553.1
17571,15552.2
17572,15539.6
17573,15536.5
17574,15550.8
17575,15552.4
17576,26418.1
17577,32242.6
17578,36658.1
17579,43288.6
17580,45493.4
17581,39427.7
17582,45496.2
17583,43287.1
17584,41082.7
17585,35001.1
17586,22851.2
17587,18812.9
17588,18811.3
17589,18827.8
17590,15915.2
17591,15547.6
17592,15552.7
17593,15572.3
17594,15561
17595,15564.5
17596,15577.6
17597,15576.5
17598,15564.4
17599,15560.5
17600,26470.5
17601,32291.8
17602,36719.4
17603,43353.6
17604,45570.6
17605,39478.8
17606,45572
17607,43355.3
17608,41138.7
17609,35057.3
17610,22888.4
17611,18843.4
17612,18854.5
17613,18839.1
17614,15961.3
17615,15560.9
17616,15562.4
17617,15600.4
17618,15600.7
17619,15589.9
17620,15584.3
17621,15598.3
17622,15601
17623,15594.6
17624,26499.4
17625,32339.5
17626,36773.2
17627,43424.6
17628,45643.9
17629,39542.9
17630,45638.2
17631,43424.5
17632,41207.3
17633,35113.3
17634,22919.9
17635,18885.2
17636,18870.6
17637,18868.6
17638,15984.7
17639,15599.1
17640,15584.8
17641,15610.3
17642,15625.3
17643,15624.3
17644,15611
17645,15607.9
17646,15624.6
17647,15624.3
17648,26539.6
17649,32391.5
17650,36829.5
17651,43488.5
17652,45710.3
17653,39606
17654,45705.5
17655,43489.3
17656,41273.2
17657,35165.1
17658,22958.4
17659,18908.4
17660,18897.2
17661,18897.6
17662,16006.9
17663,15624.5
17664,15612.3
17665,15629.4
17666,15646.9
17667,15647.9
17668,15639.4
17669,15631
17670,15643.4
17671,15648
17672,15642.2
17673,21580.9
17674,27050.4
17675,32268.3
17676,32273.2
17677,32012.6
17678,32016.5
17679,31969.1
17680,31974.7
17681,31968.3
17682,26287.8
17683,15632.6
17684,15644.8
17685,15647.9
17686,15640.8
17687,15631.1
17688,15641.3
17689,15669.8
17690,15667
17691,15654.1
17692,15660.7
17693,15671.4
17694,15669.7
17695,15654.1
17696,15658.1
17697,20803.6
17698,25945.6
17699,31075.6
17700,31080.9
17701,31076.8
17702,31079.6
17703,31078.8
17704,31076.2
17705,31080.8
17706,25941
17707,15658.3
17708,15671.2
17709,15666.7
17710,15654.1
17711,15661
17712,15671.4
17713,15690.6
17714,15676.7
17715,15681.4
17716,15694.2
17717,15693.2
17718,15676.9
17719,15679.8
17720,26670.2
17721,32534.7
17722,36993.4
17723,43686.1
17724,45908.2
17725,39786
17726,45910.8
17727,43681.3
17728,41456.5
17729,35320.8
17730,23061.2
17731,18986.5
17732,18981.1
17733,18989.3
17734,16069.4
17735,15693.7
17736,15687.3
17737,15697.1
17738,15709.2
17739,15716.1
17740,15710.5
17741,15698.4
17742,15708.4
17743,15716
17744,26697.9
17745,32582.1
17746,37045.2
17747,43743.5
17748,45979.7
17749,39838.1
17750,45975.6
17751,43746.7
17752,41512.1
17753,35372.5
17754,23091.2
17755,19015.8
17756,19018.7
17757,19007.8
17758,16103.5
17759,15698.9
17760,15702.8
17761,15737.1
17762,15737.5
17763,15720.7
17764,15724.5
17765,15738.3
17766,15737.5
17767,15720.5
17768,26738.7
17769,32627.8
17770,37100.6
17771,43804.1
17772,46041.4
17773,39893.4
17774,46044.5
17775,43805.8
17776,41572.8
17777,35419.7
17778,23125.1
17779,19039.1
17780,19034.9
17781,19047.5
17782,16109
17783,15738.2
17784,15735.3
17785,15740.5
17786,15748.8
17787,15759.7
17788,15756
17789,15741.6
17790,15749.8
17791,15759.5
17792,26772.2
17793,32672.3
17794,37148.2
17795,43864.4
17796,46108.3
17797,39946.7
17798,46107
17799,43867.9
17800,41624.9
17801,35470.7
17802,23157.4
17803,19060.5
17804,19078.4
17805,19063.5
17806,16139.2
17807,15740.8
17808,15758.9
17809,15779
17810,15767.8
17811,15762.8
17812,15781.4
17813,15780
17814,15766
17815,15764.6
17816,26818.2
17817,32715.4
17818,37199.2
17819,43927.9
17820,46162.8
17821,40007.8
17822,46164.4
17823,43922.9
17824,41686.2
17825,35518.7
17826,23184.4
17827,19099.9
17828,19090.9
17829,19086.3
17830,16169.1
17831,15768.2
17832,15762.8
17833,15801
17834,15800.9
17835,15786.2
17836,15785.9
17837,15802
17838,15800.9
17839,15783.5
17840,15788.7
17841,21797.6
17842,27323.6
17843,32590.3
17844,32589.6
17845,32327.5
17846,32330.5
17847,32284.1
17848,32289
17849,32283.7
17850,26544.9
17851,15791.4
17852,15788.6
17853,15801.6
17854,15798.9
17855,15783.2
17856,15791.1
17857,15820.7
17858,15816.3
17859,15803.2
17860,15815.3
17861,15821.7
17862,15813
17863,15803.1
17864,15818.6
17865,21001
17866,26194.7
17867,31378.4
17868,31377.1
17869,31379.3
17870,31378.6
17871,31375.5
17872,31381.9
17873,31376.9
17874,26190.6
17875,15817.4
17876,15803
17877,15818.7
17878,15821.5
17879,15810.4
17880,15802.9
17881,15840.5
17882,15841.2
17883,15826.4
17884,15826.5
17885,15842.2
17886,15840.6
17887,15823.1
17888,15830.6
17889,21029.6
17890,26228.2
17891,31418.1
17892,31417.4
17893,31415.8
17894,31421.2
17895,31415.7
17896,31420.4
17897,31417.1
17898,26223.6
17899,15839.6
17900,15823
17901,15835.6
17902,15841.6
17903,15832.6
17904,15822.7
17905,15857.7
17906,15860.9
17907,15847.8
17908,15844.3
17909,15861.8
17910,15860.8
17911,15842.8
17912,26949.3
17913,32884.1
17914,37391.2
17915,44152.6
17916,46400.1
17917,40211.9
17918,46401.7
17919,44148.4
17920,41900
17921,35700.5
17922,23304.2
17923,19192.2
17924,19193.8
17925,19184
17926,16249.6
17927,15842.1
17928,15854.5
17929,15879.1
17930,15871
17931,15861
17932,15879
17933,15879.8
17934,15865.4
17935,15865.1
17936,26988.2
17937,32924.1
17938,37435.4
17939,44205.1
17940,46460.1
17941,40256.7
17942,46459.9
17943,44207
17944,41946.6
17945,35745.3
17946,23334.5
17947,19208.6
17948,19216.6
17949,19217.9
17950,16252.2
17951,15874.7
17952,15880.2
17953,15887.2
17954,15879.8
17955,15899.6
17956,15898.5
17957,15881.6
17958,15886.1
17959,15899.2
17960,27010.6
17961,32962.1
17962,37478.4
17963,44260.4
17964,46520.6
17965,40299.1
17966,46520
17967,44257.9
17968,42001.5
17969,35783.1
17970,23363.1
17971,19235.8
17972,19230.1
17973,19229.7
17974,16289.3
17975,15896.9
17976,15880.1
17977,15908
17978,15917.3
17979,15908.1
17980,15897.7
17981,15916.3
17982,15916.9
17983,15901.3
17984,27043.7
17985,33001.1
17986,37524
17987,44310.3
17988,46564.6
17989,40355.3
17990,46565.9
17991,44311.1
17992,42047.2
17993,35826.3
17994,23389.3
17995,19251.8
17996,19267.6
17997,19257.5
17998,16295.2
17999,15905.3
18000,15917.6
18001,15927.5
18002,15915.6
18003,15931.4
18004,15934.9
18005,15921.3
18006,15919.1
18007,15935.6
18008,15932.5
18009,21975.7
18010,27548.2
18011,32866.3
18012,32862.2
18013,32606.5
18014,32600.4
18015,32563.9
18016,32559.5
18017,32561.7
18018,26769.8
18019,15930.1
18020,15915.4
18021,15934.1
18022,15934.7
18023,15918.8
18024,15921.6
18025,15951.9
18026,15947.2
18027,15932.9
18028,15947.9
18029,15952.3
18030,15939.3
18031,15936.2
18032,15953.2
18033,21174.1
18034,26407.9
18035,31642.2
18036,31635.8
18037,31642.4
18038,31636.7
18039,31641.4
18040,31637.6
18041,31640.4
18042,26407.3
18043,15939.9
18044,15952.6
18045,15942.7
18046,15932.7
18047,15952.8
18048,15952.1
18049,15950.1
18050,15958.1
18051,15969.7
18052,15961.4
18053,15949.5
18054,15967.8
18055,15969
18056,27125.6
18057,33106.1
18058,37650.9
18059,44454.2
18060,46722.8
18061,40488.2
18062,46721.2
18063,44451.3
18064,42187.3
18065,35945.2
18066,23465
18067,19317.6
18068,19331
18069,19317.5
18070,16351.5
18071,15954.5
18072,15970
18073,15980.2
18074,15966.2
18075,15981.4
18076,15985.8
18077,15971.8
18078,15970.6
18079,15986.5
18080,27159.6
18081,33143
18082,37686
18083,44503.7
18084,46776.8
18085,40525.2
18086,46772.9
18087,44498.1
18088,42230.9
18089,35981.1
18090,23487.6
18091,19344.2
18092,19344.5
18093,19335.5
18094,16374.6
18095,15965.7
18096,15984.1
18097,16000.8
18098,15984.9
18099,15989.7
18100,16002.4
18101,15994.1
18102,15981.9
18103,16001
18104,27189.9
18105,33177.7
18106,37722.5
18107,44549
18108,46824.8
18109,40564.1
18110,46822.9
18111,44543.5
18112,42273.9
18113,36022.6
18114,23505.8
18115,19365.5
18116,19362.1
18117,19355.1
18118,16392.7
18119,15981.8
18120,15998.6
18121,16016.5
18122,16001.8
18123,16004.2
18124,16018.1
18125,16010.5
18126,15997.5
18127,16016.1
18128,27216.7
18129,33210.3
18130,37759.6
18131,44593.2
18132,46871.2
18133,40605
18134,46867.6
18135,44586.8
18136,42315
18137,36052.8
18138,23534.5
18139,19381.4
18140,19384.1
18141,19374.3
18142,16404.8
18143,15997.7
18144,16018.7
18145,16031.1
18146,16012.9
18147,16025.2
18148,16032.9
18149,16020.8
18150,16015.6
18151,16033.5
18152,27240
18153,33240.5
18154,37797.5
18155,44634.7
18156,46912.9
18157,40646.4
18158,46907.7
18159,44628.3
18160,42355
18161,36088.3
18162,23558.8
18163,19392.2
18164,19407.3
18165,19397.2
18166,16412.1
18167,16023.9
18168,16033
18169,16035.7
18170,16029.5
18171,16048.4
18172,16044.4
18173,16027.3
18174,16042.3
18175,16047.3
18176,16032.6
18177,22132.7
18178,27748.1
18179,33098.9
18180,33097
18181,32835
18182,32837.7
18183,32788.1
18184,32795.2
18185,32790.2
18186,26960
18187,16036.1
18188,16047.5
18189,16033.7
18190,16032.1
18191,16048.2
18192,16041.7
18193,16040.4
18194,16059.2
18195,16061.5
18196,16043.7
18197,16050.7
18198,16062
18199,16051.6
18200,16042.8
18201,21324.8
18202,26593.6
18203,31857.2
18204,31855
18205,31857.9
18206,31855.5
18207,31858.3
18208,31856
18209,31855.9
18210,26588.8
18211,16047.8
18212,16062
18213,16051.6
18214,16042.7
18215,16062.7
18216,16059.3
18217,16054.3
18218,16069.9
18219,16075.4
18220,16060.3
18221,16062
18222,16076
18223,16067.1
18224,27309.6
18225,33331.8
18226,37898.9
18227,44753.8
18228,47032.4
18229,40755
18230,47037.5
18231,44754.1
18232,42465.6
18233,36187
18234,23621.9
18235,19449.5
18236,19444.6
18237,19444.1
18238,16470.6
18239,16069.6
18240,16054.9
18241,16086
18242,16088.5
18243,16069.4
18244,16079.9
18245,16088.8
18246,16076.8
18247,16072.1
18248,27343.7
18249,33357.8
18250,37927.5
18251,44787.1
18252,47081.2
18253,40784.4
18254,47079.9
18255,44786
18256,42503.8
18257,36214
18258,23640.1
18259,19464.5
18260,19473.3
18261,19461.6
18262,16473
18263,16075.2
18264,16089.2
18265,16091.7
18266,16081.3
18267,16102.6
18268,16099.4
18269,16080.9
18270,16096.1
18271,16101.3
18272,27351.7
18273,33382.4
18274,37966.5
18275,44823.8
18276,47107.7
18277,40824.8
18278,47110.4
18279,44828
18280,42535.7
18281,36248.5
18282,23658.2
18283,19480.1
18284,19476.5
18285,19479.1
18286,16493.3
18287,16099.9
18288,16081
18289,16107.5
18290,16113.8
18291,16097.8
18292,16101.2
18293,16114.2
18294,16103.9
18295,16094.9
18296,27386.7
18297,33410.4
18298,37987.1
18299,44857.4
18300,47155.2
18301,40848.6
18302,47152.9
18303,44855.9
18304,42570.1
18305,36271.6
18306,23677.6
18307,19491.5
18308,19504.8
18309,19495.1
18310,16494.2
18311,16106.4
18312,16113.9
18313,16110.6
18314,16111.5
18315,16126.3
18316,16116.8
18317,16105.4
18318,16126.8
18319,16122.8
18320,27392.5
18321,33435.7
18322,38018.7
18323,44893.8
18324,47180.3
18325,40883.1
18326,47186
18327,44894.6
18328,42599.1
18329,36298
18330,23696.8
18331,19511.1
18332,19505.4
18333,19505.7
18334,16522.6
18335,16110.5
18336,16112.7
18337,16136.8
18338,16127
18339,16118.3
18340,16138
18341,16132.5
18342,16116
18343,16134.7
18344,16136.7
18345,22253.6
18346,27898.9
18347,33284.3
18348,33279.2
18349,33022.4
18350,33021.1
18351,32972.3
18352,32978.1
18353,32973.4
18354,27111.2
18355,16126
18356,16137
18357,16120.6
18358,16124.7
18359,16137.4
18360,16126.6
18361,16129.3
18362,16148.8
18363,16142.2
18364,16126.7
18365,16146.4
18366,16147.7
18367,16126.9
18368,16141.1
18369,21435.8
18370,26734.2
18371,32031.8
18372,32025
18373,32032.1
18374,32024.7
18375,32031.9
18376,32024.8
18377,32031.6
18378,26731.3
18379,16146.8
18380,16129.5
18381,16138.4
18382,16148.1
18383,16135.1
18384,16132.2
18385,16158.3
18386,16150
18387,16137.4
18388,16159.3
18389,16155.2
18390,16137.1
18391,16154.7
18392,27457
18393,33502.3
18394,38095.1
18395,44986.3
18396,47279.2
18397,40968.7
18398,47275.3
18399,44987.6
18400,42687.2
18401,36375.8
18402,23742.9
18403,19547.4
18404,19545.4
18405,19550.2
18406,16549.1
18407,16158
18408,16137.3
18409,16161.2
18410,16168
18411,16151.3
18412,16156.3
18413,16168.2
18414,16156.3
18415,16151.6
18416,27479.2
18417,33522.6
18418,38114.5
18419,45013.1
18420,47314.9
18421,40990.1
18422,47305.9
18423,45008.2
18424,42714.8
18425,36395.9
18426,23759.5
18427,19558.3
18428,19557.5
18429,19570.2
18430,16548.8
18431,16168.4
18432,16156.2
18433,16160.3
18434,16178.1
18435,16169.5
18436,16156.4
18437,16178.4
18438,16174.2
18439,16156.2
18440,27491.9
18441,33542.1
18442,38138.4
18443,45034.9
18444,47342.5
18445,41010.9
18446,47338.6
18447,45033
18448,42738.2
18449,36414.8
18450,23772.9
18451,19569
18452,19574.7
18453,19580.1
18454,16553
18455,16178.1
18456,16171
18457,16164.1
18458,16185.9
18459,16184.2
18460,16164.9
18461,16182.1
18462,16186
18463,16166.9
18464,27504.3
18465,33561.5
18466,38160.5
18467,45059.7
18468,47366
18469,41033.5
18470,47367.2
18471,45058.1
18472,42761.9
18473,36435.3
18474,23786
18475,19578.4
18476,19588.2
18477,19588.5
18478,16561.6
18479,16187.1
18480,16182.5
18481,16172.6
18482,16191.9
18483,16194.5
18484,16173.5
18485,16188.2
18486,16194.5
18487,16177.3
18488,27517.4
18489,33579.2
18490,38180.4
18491,45083.2
18492,47390.3
18493,41054.8
18494,47392.2
18495,45081.5
18496,42784
18497,36453.6
18498,23797.5
18499,19588.5
18500,19598.1
18501,19598.7
18502,16570.3
18503,16195.4
18504,16190.2
18505,16180.3
18506,16200.3
18507,16201.9
18508,16181
18509,16196.7
18510,16202.2
18511,16183.9
18512,16193.3
18513,22350.6
18514,28017.5
18515,33416.4
18516,33420.6
18517,33155
18518,33149.8
18519,33112.5
18520,33111.6
18521,33106.3
18522,27221
18523,16184.5
18524,16203.2
18525,16198.9
18526,16180.8
18527,16199.4
18528,16202.3
18529,16188.1
18530,16203.1
18531,16209.6
18532,16192.1
18533,16199.2
18534,16209.8
18535,16195.7
18536,16195.3
18537,21520
18538,26839.6
18539,32152.4
18540,32147.8
18541,32154.7
18542,32147.7
18543,32154.7
18544,32147.8
18545,32155.1
18546,26834
18547,16208.6
18548,16188.2
18549,16205.5
18550,16209.5
18551,16189.9
18552,16201.8
18553,16216.1
18554,16200.2
18555,16204.4
18556,16216.7
18557,16203.6
18558,16201
18559,16216.9
18560,27551.1
18561,33620.9
18562,38238.8
18563,45146.6
18564,47446.3
18565,41115.6
18566,47452.9
18567,45149.2
18568,42842.5
18569,36502.3
18570,23828.3
18571,19625.6
18572,19617.6
18573,19615.5
18574,16611.1
18575,16194.5
18576,16217.1
18577,16218.9
18578,16201
18579,16220.1
18580,16222.5
18581,16201.1
18582,16217
18583,16222.4
18584,27557.5
18585,33636.7
18586,38249.7
18587,45165.3
18588,47466.7
18589,41129.1
18590,47473.3
18591,45166
18592,42860.3
18593,36516
18594,23836.2
18595,19628.7
18596,19633.6
18597,19624.1
18598,16608.6
18599,16211.9
18600,16222.9
18601,16214
18602,16214.4
18603,16228.9
18604,16217.4
18605,16211.7
18606,16229.2
18607,16219.6
18608,27570.6
18609,33649.5
18610,38259.7
18611,45179.3
18612,47488.7
18613,41141.4
18614,47492.8
18615,45176.8
18616,42874.1
18617,36530.6
18618,23848
18619,19629.6
18620,19638.7
18621,19640.2
18622,16605.2
18623,16229.2
18624,16222.2
18625,16211.4
18626,16233.8
18627,16230.4
18628,16211.9
18629,16231.3
18630,16233.4
18631,16211.9
18632,27586.6
18633,33659.4
18634,38271.5
18635,45192.9
18636,47507.9
18637,41156.6
18638,47500.5
18639,45191.7
18640,42889
18641,36546
18642,23855.2
18643,19638.3
18644,19636.3
18645,19645.2
18646,16622.9
18647,16233.6
18648,16213.7
18649,16230.4
18650,16238.3
18651,16221.3
18652,16227.5
18653,16238.4
18654,16224.1
18655,16224.6
18656,27597.6
18657,33670.5
18658,38283.7
18659,45212.1
18660,47515.7
18661,41172.6
18662,47511.9
18663,45212.1
18664,42900
18665,36556.7
18666,23861.4
18667,19647.2
18668,19642.2
18669,19642.6
18670,16637.9
18671,16223.4
18672,16225.6
18673,16242.6
18674,16229.9
18675,16227.1
18676,16243.1
18677,16232.1
18678,16224.5
18679,16243.2
18680,16234.4
18681,22401.2
18682,28083.8
18683,33503.1
18684,33504
18685,33232.7
18686,33239.6
18687,33193
18688,33188.6
18689,33193.9
18690,27287.7
18691,16240.5
18692,16220.7
18693,16239.8
18694,16242.4
18695,16220.9
18696,16237
18697,16245.8
18698,16226.6
18699,16238.2
18700,16246.2
18701,16229.2
18702,16235.2
18703,16246.2
18704,16231.8
18705,21568
18706,26893.6
18707,32225
18708,32222.7
18709,32225.6
18710,32222.4
18711,32225.4
18712,32222.2
18713,32226.7
18714,26894.1
18715,16241.6
18716,16237.6
18717,16226.2
18718,16247.2
18719,16240.2
18720,16224.1
18721,16249.2
18722,16245.8
18723,16227.3
18724,16247
18725,16248.3
18726,16227.5
18727,16245
18728,16249.1
18729,21565.8
18730,26897
18731,32227.7
18732,32233.7
18733,32226.6
18734,32233.5
18735,32227.1
18736,32234.1
18737,32228.3
18738,26900.8
18739,16236.6
18740,16249.4
18741,16233.7
18742,16236.7
18743,16249.6
18744,16236.3
18745,16236.7
18746,16252.4
18747,16241.1
18748,16234.5
18749,16252.5
18750,16243
18751,16232.3
18752,27622.1
18753,33697.3
18754,38312.7
18755,45248.6
18756,47560
18757,41205
18758,47550.8
18759,45249.9
18760,42936.4
18761,36588.9
18762,23879.6
18763,19663.1
18764,19658.7
18765,19658.2
18766,16651.6
18767,16240
18768,16236.2
18769,16254.4
18770,16243.5
18771,16236
18772,16254.7
18773,16245.5
18774,16233.7
18775,16254.8
18776,27616.9
18777,33699.3
18778,38325.5
18779,45251.5
18780,47556.9
18781,41211.1
18782,47563.5
18783,45255.3
18784,42944
18785,36586.9
18786,23881
18787,19670.6
18788,19667.1
18789,19661.3
18790,16643.9
18791,16238.4
18792,16254.5
18793,16244.7
18794,16237.9
18795,16256.2
18796,16246.7
18797,16235.8
18798,16256.4
18799,16248.8
18800,27615.6
18801,33706.1
18802,38323.8
18803,45254.9
18804,47568.4
18805,41210.4
18806,47572.7
18807,45251.7
18808,42945.4
18809,36591.2
18810,23888
18811,19663.8
18812,19666.5
18813,19675.5
18814,16636.4
18815,16255.8
18816,16243.5
18817,16240.4
18818,16257.1
18819,16246.1
18820,16238.3
18821,16257.2
18822,16248.3
18823,16236.2
18824,27629.7
18825,33706.9
18826,38323.6
18827,45261.4
18828,47572.4
18829,41219
18830,47564.3
18831,45262.9
18832,42948.6
18833,36599.2
18834,23886.6
18835,19668.8
18836,19664.3
18837,19663.7
18838,16656.3
18839,16243.8
18840,16241.5
18841,16257.4
18842,16246.1
18843,16239.8
18844,16257.7
18845,16247.6
18846,16237.7
18847,16257.7
18848,16249.8
18849,22421.1
18850,28108.4
18851,33532.8
18852,33533.9
18853,33262.3
18854,33269.2
18855,33223.2
18856,33217.9
18857,33223.9
18858,27312
18859,16253.5
18860,16234.8
18861,16256.2
18862,16254.5
18863,16235
18864,16253.8
18865,16256.7
18866,16235.1
18867,16251.6
18868,16256.7
18869,16236.7
18870,16249.5
18871,16256.7
18872,16239
18873,21581.8
18874,26913.3
18875,32245.6
18876,32243.6
18877,32247.6
18878,32243.2
18879,32248
18880,32242.9
18881,32247.8
18882,26912
18883,16253.7
18884,16243.4
18885,16242.6
18886,16257.4
18887,16245.7
18888,16240.1
18889,16257
18890,16246.6
18891,16237.3
18892,16257.2
18893,16248.8
18894,16235.1
18895,16257.2
18896,27621.3
18897,33704.4
18898,38330.8
18899,45258.1
18900,47563.9
18901,41217.3
18902,47570.3
18903,45261.7
18904,42950.1
18905,36592.6
18906,23884.5
18907,19673.4
18908,19669.8
18909,19664
18910,16646.3
18911,16240.6
18912,16256.9
18913,16244.6
18914,16237.6
18915,16255.9
18916,16246.4
18917,16235.4
18918,16256.1
18919,16248.6
18920,27615.1
18921,33705.5
18922,38323
18923,45254.1
18924,47567.5
18925,41209.6
18926,47571.8
18927,45250.9
18928,42944.6
18929,36590.5
18930,23887.5
18931,19663.4
18932,19666.3
18933,19675.1
18934,16635.9
18935,16255.6
18936,16243.3
18937,16237.5
18938,16254.1
18939,16243.3
18940,16235.1
18941,16254.2
18942,16245.6
18943,16232.9
18944,27624.7
18945,33700.9
18946,38316.7
18947,45253
18948,47564
18949,41211.5
18950,47555.5
18951,45254.1
18952,42940.8
18953,36592.5
18954,23881.9
18955,19665.2
18956,19660.7
18957,19660.2
18958,16653.2
18959,16242.1
18960,16237.4
18961,16252.1
18962,16241.1
18963,16232.8
18964,16252.2
18965,16243.5
18966,16230.5
18967,16252.3
18968,27612.8
18969,33694
18970,38319.1
18971,45244.2
18972,47549.3
18973,41204.9
18974,47555.6
18975,45247.6
18976,42936.7
18977,36581.4
18978,23869.9
18979,19674.8
18980,19663.1
18981,19657.7
18982,16642.2
18983,16234.5
18984,16252
18985,16239
18986,16229.7
18987,16249.5
18988,16241.4
18989,16227.2
18990,16249.7
18991,16243.7
18992,27603.1
18993,33692.2
18994,38307.9
18995,45236.2
18996,47547.7
18997,41193
18998,47552.2
18999,45232.4
19000,42927.5
19001,36576.2
19002,23877.2
19003,19654.3
19004,19661.6
19005,19666
19006,16626.3
19007,16249.3
19008,16239.8
19009,16225.7
19010,16246.4
19011,16239.2
19012,16223.4
19013,16245.7
19014,16241.8
19015,16223.6
19016,16243.4
19017,22408.7
19018,28090.2
19019,33507.7
19020,33507.2
19021,33244.1
19022,33240.8
19023,33197.2
19024,33200.3
19025,33195
19026,27294.4
19027,16234.4
19028,16245.2
19029,16225.9
19030,16237.2
19031,16245.4
19032,16228.6
19033,16230.5
19034,16241.8
19035,16227.6
19036,16227.5
19037,16242.1
19038,16230.3
19039,16225
19040,16242.3
19041,21557.8
19042,26886.8
19043,32214.9
19044,32217.7
19045,32212.7
19046,32217.5
19047,32212.4
19048,32217.3
19049,32212.2
19050,26888.6
19051,16223.7
19052,16241.6
19053,16238.3
19054,16219.7
19055,16239
19056,16241.1
19057,16215.9
19058,16232.1
19059,16237.1
19060,16217.6
19061,16229.7
19062,16237.3
19063,16220.3
19064,27590.2
19065,33668.1
19066,38281.1
19067,45202.4
19068,47517.7
19069,41164
19070,47514.3
19071,45200.6
19072,42897.7
19073,36552
19074,23869.4
19075,19634.9
19076,19640.9
19077,19653.3
19078,16622
19079,16237.4
19080,16221.4
19081,16220.5
19082,16232.8
19083,16219.6
19084,16217.3
19085,16233
19086,16222.1
19087,16214.5
19088,27589.1
19089,33656.7
19090,38267.2
19091,45194.6
19092,47501.8
19093,41158.1
19094,47493.7
19095,45194.7
19096,42885.2
19097,36543.9
19098,23851.3
19099,19639.2
19100,19635.3
19101,19634.9
19102,16631.5
19103,16224.1
19104,16212.6
19105,16228.5
19106,16221.5
19107,16205.3
19108,16226.7
19109,16224.5
19110,16205.5
19111,16224.1
19112,27574.1
19113,33645.1
19114,38259.8
19115,45178.3
19116,47480.4
19117,41143.6
19118,47480.5
19119,45179.9
19120,42869.5
19121,36528.7
19122,23845.9
19123,19634.2
19124,19629.4
19125,19628.7
19126,16626.8
19127,16206.1
19128,16221.1
19129,16221.5
19130,16202.9
19131,16212.1
19132,16221.4
19133,16206.1
19134,16208.1
19135,16221.5
19136,27558.3
19137,33631.8
19138,38250.9
19139,45160.8
19140,47461
19141,41126.6
19142,47467.8
19143,45163.9
19144,42857.3
19145,36513.5
19146,23833.3
19147,19631.3
19148,19626.6
19149,19621.2
19150,16612.4
19151,16203.4
19152,16222.1
19153,16207.5
19154,16194
19155,16216
19156,16210.6
19157,16193.1
19158,16213
19159,16214
19160,27543.7
19161,33622.4
19162,38229.5
19163,45143.4
19164,47445.7
19165,41108
19166,47450.9
19167,45143.8
19168,42839.4
19169,36498.6
19170,23822
19171,19620.7
19172,19625.8
19173,19614.8
19174,16599.3
19175,16206
19176,16215
19177,16193.1
19178,16195.1
19179,16208.4
19180,16196.4
19181,16191.5
19182,16208.7
19183,16199.2
19184,16187.9
19185,22361.8
19186,28029.5
19187,33430.1
19188,33433.4
19189,33166.2
19190,33162.7
19191,33123.2
19192,33119.4
19193,33121.8
19194,27230.2
19195,16195.5
19196,16200.3
19197,16207.9
19198,16191.8
19199,16196
19200,16208.3
19201,16188.6
19202,16184.8
19203,16201.2
19204,16191.3
19205,16181
19206,16201.4
19207,16195.3
19208,21505
19209,26814.9
19210,32130.1
19211,32137
19212,32130.1
19213,32137.1
19214,32130.4
19215,32136.9
19216,32130.8
19217,26820.1
19218,16186.2
19219,16200.9
19220,16188.5
19221,16184.4
19222,16201.3
19223,16191.8
19224,16180.6
19225,16194.2
19226,16187.9
19227,16171.1
19228,16191.1
19229,16192.1
19230,16171.3
19231,27516.7
19232,33574.3
19233,38174.9
19234,45077.4
19235,47386.9
19236,41049.9
19237,47383.8
19238,45075.7
19239,42778.7
19240,36449.7
19241,23795.6
19242,19587.6
19243,19591.7
19244,19600
19245,16569.8
19246,16193.3
19247,16183.9
19248,16172.6
19249,16185.8
19250,16179.7
19251,16162.8
19252,16182.4
19253,16184.1
19254,16163
19255,27502
19256,33556.8
19257,38155.1
19258,45053.8
19259,47361.2
19260,41028.4
19261,47360.1
19262,45052.3
19263,42756.4
19264,36430.7
19265,23782.7
19266,19576.6
19267,19584.2
19268,19587.4
19269,16559.8
19270,16185
19271,16178.8
19272,16162.7
19273,16174.6
19274,16174.4
19275,16154.2
19276,16169.9
19277,16175.2
19278,16157.5
19279,27484.8
19280,33539
19281,38134.6
19282,45029.5
19283,47333.2
19284,41003.4
19285,47337.4
19286,45028.1
19287,42733.2
19288,36410.6
19289,23768.3
19290,19564.7
19291,19578.8
19292,19571.7
19293,16553.6
19294,16171.8
19295,16175
19296,16155.1
19297,16158.7
19298,16165.9
19299,16150.6
19300,16152.9
19301,16166.3
19302,16155.3
19303,27465
19304,33519
19305,38111.5
19306,45004.7
19307,47303.5
19308,40981.6
19309,47307.9
19310,45005.6
19311,42709.2
19312,36387.7
19313,23752.4
19314,19560.6
19315,19563.9
19316,19554.9
19317,16552.8
19318,16151.6
19319,16166.3
19320,16155.7
19321,16137.7
19322,16156.8
19323,16150.8
19324,16134.5
19325,16153.9
19326,16155.6
19327,27442.6
19328,33497.5
19329,38091.3
19330,44977.8
19331,47269.1
19332,40959.9
19333,47275.1
19334,44979.7
19335,42681.1
19336,36364.7
19337,23740.9
19338,19550.2
19339,19542.7
19340,19542.1
19341,16554.1
19342,16134.6
19343,16150
19344,16155.8
19345,16129.2
19346,16133.6
19347,16145.7
19348,16134.2
19349,16128.2
19350,16146.1
19351,16138.9
19352,22268
19353,27913.9
19354,33301.9
19355,33299
19356,33037.2
19357,33039.3
19358,32988.5
19359,32996
19360,32994.3
19361,27123.3
19362,16139.7
19363,16141.5
19364,16124.2
19365,16142.2
19366,16145.2
19367,16125.9
19368,16136.9
19369,16135.2
19370,16120.8
19371,16119.6
19372,16135.1
19373,16126
19374,16113.9
19375,16135.5
19376,21416.8
19377,26710.2
19378,32003.5
19379,32001.4
19380,32001.5
19381,32000.5
19382,32002.6
19383,31999.7
19384,32003.7
19385,26709.8
19386,16133
19387,16113.6
19388,16130.2
19389,16134.3
19390,16116.7
19391,16123.7
19392,16134.7
19393,16112
19394,16106.2
19395,16123.8
19396,16116.7
19397,16102
19398,16122.1
19399,27395.8
19400,33428.7
19401,38011.7
19402,44887.5
19403,47176.1
19404,40879.2
19405,47171.7
19406,44886.6
19407,42593.8
19408,36295.3
19409,23691.6
19410,19504
19411,19502
19412,19514.5
19413,16504.8
19414,16123.2
19415,16110.1
19416,16107.3
19417,16112.5
19418,16103.9
19419,16090.1
19420,16110.8
19421,16110.5
19422,16090.4
19423,27377.2
19424,33404.8
19425,37982.5
19426,44850.1
19427,47143.5
19428,40841.5
19429,47146.8
19430,44851.5
19431,42563.9
19432,36264.1
19433,23671.2
19434,19497
19435,19494.9
19436,19487.4
19437,16500.6
19438,16091.5
19439,16112.1
19440,16107.7
19441,16078.7
19442,16094.4
19443,16098.5
19444,16081.4
19445,16086.9
19446,16098.8
19447,27349.3
19448,33375.7
19449,37956.5
19450,44816.6
19451,47101.4
19452,40816.7
19453,47100.6
19454,44820.4
19455,42528.5
19456,36240
19457,23655.4
19458,19474.9
19459,19472.7
19460,19481.8
19461,16483.9
19462,16098.6
19463,16082.9
19464,16085.6
19465,16086.9
19466,16076.4
19467,16065.6
19468,16086.7
19469,16083.9
19470,16065.2
19471,27334.5
19472,33351.9
19473,37922.5
19474,44779.4
19475,47068.6
19476,40776.7
19477,47072.3
19478,44782.2
19479,42497
19480,36207.2
19481,23634.6
19482,19468.4
19483,19459.9
19484,19456.8
19485,16480.1
19486,16064.9
19487,16081.5
19488,16085.6
19489,16056.3
19490,16060.2
19491,16072.7
19492,16062.6
19493,16052.6
19494,16073.3
19495,27308.3
19496,33323
19497,37891.4
19498,44745.5
19499,47028.3
19500,40749.2
19501,47023.9
19502,44740.6
19503,42460.2
19504,36177.9
19505,23618.9
19506,19441.5
19507,19448.4
19508,19451.9
19509,16444.6
19510,16072.8
19511,16071.3
19512,16052.1
19513,16052.4
19514,16058.5
19515,16045.1
19516,16042.9
19517,16059.2
19518,16052.5
19519,16037.9
19520,22152.3
19521,27771.3
19522,33122.7
19523,33122
19524,32854.4
19525,32861.3
19526,32812.9
19527,32813.8
19528,32815.8
19529,26976.9
19530,16054.3
19531,16051.1
19532,16037.8
19533,16057.4
19534,16058.2
19535,16039
19536,16049.5
19537,16045.2
19538,16033.1
19539,16026.2
19540,16045
19541,16041
19542,16024
19543,16038.8
19544,21297.5
19545,26562.3
19546,31824.1
19547,31818.6
19548,31825.3
19549,31819.2
19550,31824
19551,31819.8
19552,31823.5
19553,26559.1
19554,16036.4
19555,16044
19556,16024.4
19557,16035.4
19558,16044.3
19559,16033.1
19560,16026.2
19561,16031.1
19562,16026.4
19563,16009.3
19564,16023.9
19565,16029.3
19566,16015.3
19567,27234
19568,33234.6
19569,37788.9
19570,44624.1
19571,46896.9
19572,40637.2
19573,46900.8
19574,44624.8
19575,42342.9
19576,36083.7
19577,23552
19578,19392.2
19579,19388.8
19580,19393.6
19581,16416.9
19582,16029.2
19583,16011
19584,16018.4
19585,16015.2
19586,16004.6
19587,15994
19588,16014.8
19589,16013.8
19590,15994.3
19591,27211.1
19592,33203.4
19593,37751.8
19594,44580.5
19595,46853.4
19596,40598.5
19597,46857.3
19598,44581.6
19599,42302
19600,36048.6
19601,23530.1
19602,19374.4
19603,19370.2
19604,19373.6
19605,16402.8
19606,16014
19607,15994.6
19608,16004.8
19609,15999.5
19610,15988.5
19611,15978.9
19612,15999.3
19613,15998
19614,15978.6
19615,27184.3
19616,33170.6
19617,37714.7
19618,44536.7
19619,46806.5
19620,40558.1
19621,46810.5
19622,44537.7
19623,42260.4
19624,36013.8
19625,23506.2
19626,19353.7
19627,19350.9
19628,19358.7
19629,16382.4
19630,15998.3
19631,15983.8
19632,15983.5
19633,15983.7
19634,15977.2
19635,15962.4
19636,15978
19637,15982
19638,15968
19639,27153.7
19640,33136.5
19641,37677.5
19642,44492.8
19643,46756.9
19644,40519.4
19645,46758.8
19646,44493.2
19647,42218.1
19648,35975.7
19649,23483.5
19650,19333
19651,19333.2
19652,19346.6
19653,16354.6
19654,15982.7
19655,15978.2
19656,15962.5
19657,15961.2
19658,15965.5
19659,15952.9
19660,15949
19661,15966.3
19662,15963.1
19663,27119.1
19664,33099.3
19665,37642.6
19666,44442.2
19667,46710.2
19668,40477.9
19669,46708.7
19670,44443.2
19671,42176.1
19672,35936.6
19673,23460.2
19674,19310.4
19675,19326.2
19676,19316.2
19677,16343.8
19678,15955
19679,15965.8
19680,15956.6
19681,15929.7
19682,15947.4
19683,15948.1
19684,15931.8
19685,15935.5
19686,15948.8
19687,15942.6
19688,21996.6
19689,27570.8
19690,32893.4
19691,32889.5
19692,32635.4
19693,32628.4
19694,32591.7
19695,32590.2
19696,32586.4
19697,26792.7
19698,15940.4
19699,15933.1
19700,15949
19701,15944.9
19702,15929.1
19703,15942.3
19704,15948.5
19705,15920.8
19706,15912.6
19707,15931.9
19708,15930.7
19709,15912.1
19710,15920.5
19711,15931.2
19712,21144
19713,26371.1
19714,31598.5
19715,31592.9
19716,31599.9
19717,31593.6
19718,31598.4
19719,31594.6
19720,31597.7
19721,26371.9
19722,15918.5
19723,15931
19724,15920.7
19725,15911.6
19726,15931.7
19727,15930.5
19728,15912.8
19729,15902.3
19730,15913.4
19731,15906.8
19732,15893.7
19733,15908.8
19734,15912.7
19735,27030.9
19736,32989.5
19737,37514.4
19738,44296.9
19739,46560.8
19740,40339.1
19741,46559
19742,44294.6
19743,42037.9
19744,35816.6
19745,23380.8
19746,19260.3
19747,19248.3
19748,19247.2
19749,16304.8
19750,15899.2
19751,15897.4
19752,15913.7
19753,15893.6
19754,15875.8
19755,15886.4
19756,15894.7
19757,15886.1
19758,15875.5
19759,27011.1
19760,32953.8
19761,37469.2
19762,44246.7
19763,46500
19764,40295.4
19765,46500.9
19766,44247.9
19767,41985.3
19768,35777
19769,23357
19770,19225.6
19771,19237.3
19772,19232.5
19773,16269.9
19774,15885.7
19775,15894.8
19776,15886.4
19777,15857.9
19778,15873.1
19779,15875.6
19780,15862.5
19781,15859
19782,15876.5
19783,26973.1
19784,32915
19785,37423.8
19786,44191.6
19787,46453.7
19788,40240
19789,46453.9
19790,44194.1
19791,41934.2
19792,35734.1
19793,23326.1
19794,19205.5
19795,19202.4
19796,19212.3
19797,16253.8
19798,15875.9
19799,15866.8
19800,15856.7
19801,15856.1
19802,15856.3
19803,15842.9
19804,15840.5
19805,15857.4
19806,15856.2
19807,26932.1
19808,32871
19809,37381.6
19810,44138
19811,46394.4
19812,40195
19813,46394.2
19814,44137.3
19815,41888.8
19816,35689.5
19817,23301.9
19818,19185.3
19819,19178.9
19820,19178.2
19821,16246.4
19822,15853.2
19823,15838
19824,15849.6
19825,15838.2
19826,15828.7
19827,15818.3
19828,15834
19829,15836.8
19830,15825.3
19831,26904.7
19832,32832.8
19833,37336.1
19834,44082.2
19835,46333
19836,40149.3
19837,46331.2
19838,44081.4
19839,41835.9
19840,35644.6
19841,23269.4
19842,19167.2
19843,19155.6
19844,19155
19845,16226.7
19846,15828.2
19847,15818.2
19848,15835.3
19849,15817.9
19850,15804
19851,15799.5
19852,15817.8
19853,15816.5
19854,15800.6
19855,15803
19856,21819.7
19857,27351
19858,32622.8
19859,32622.1
19860,32359.6
19861,32362.7
19862,32316.1
19863,32321
19864,32315.6
19865,26571.4
19866,15806
19867,15806.1
19868,15817.1
19869,15812.3
19870,15798.6
19871,15809.9
19872,15817
19873,15790
19874,15778.2
19875,15792.2
19876,15796.4
19877,15787.1
19878,15777.9
19879,15794.5
19880,20967.3
19881,26152.9
19882,31328.3
19883,31327.1
19884,31328.2
19885,31329
19886,31325.7
19887,31330.6
19888,31327.3
19889,26148.7
19890,15795
19891,15778.4
19892,15789.4
19893,15796.6
19894,15789.6
19895,15778.2
19896,15791.4
19897,15776.9
19898,15767
19899,15757.4
19900,15772.5
19901,15775.5
19902,15765.7
19903,26799.3
19904,32703.8
19905,37190.4
19906,43910.2
19907,46154.7
19908,39988.8
19909,46156.2
19910,43911.5
19911,41673.6
19912,35505.3
19913,23181
19914,19085.3
19915,19080.7
19916,19089.9
19917,16152
19918,15775.7
19919,15768.2
19920,15757.5
19921,15750.8
19922,15754.4
19923,15746.1
19924,15736.3
19925,15750.2
19926,15754.2
19927,26761.6
19928,32661
19929,37135.8
19930,43851.7
19931,46096.1
19932,39932.1
19933,46093.3
19934,43853.5
19935,41611.4
19936,35459
19937,23149.8
19938,19054.9
19939,19070.7
19940,19059.8
19941,16132
19942,15737.8
19943,15755.3
19944,15754
19945,15719.2
19946,15716.9
19947,15733.6
19948,15732.3
19949,15718.1
19950,15716.9
19951,26737.1
19952,32616.3
19953,37086
19954,43795.3
19955,46022.8
19956,39885.5
19957,46025.6
19958,43790
19959,41559.6
19960,35409.7
19961,23118.9
19962,19037
19963,19036.3
19964,19020
19965,16118.9
19966,15732.5
19967,15716.3
19968,15718.4
19969,15712.8
19970,15710.3
19971,15695.1
19972,15695.9
19973,15711.6
19974,15710.2
19975,26684.4
19976,32569.2
19977,37032.8
19978,43732.1
19979,45967.2
19980,39820.3
19981,45965
19982,43731.4
19983,41495.4
19984,35360.2
19985,23085.9
19986,19002.6
19987,19019.8
19988,19003.3
19989,16091.4
19990,15692.9
19991,15707
19992,15710.8
19993,15681.7
19994,15671.1
19995,15683.2
19996,15688.4
19997,15682.3
19998,15671.1
19999,26657.4
20000,32524.4
20001,36983.2
20002,43666.2
20003,45896
20004,39767.3
20005,45898.7
20006,43668.4
20007,41439.4
20008,35309.9
20009,23050.2
20010,18977.2
20011,18976.6
20012,18992
20013,16052.3
20014,15686.1
20015,15688.3
20016,15679.7
20017,15649.8
20018,15661.5
20019,15665.8
20020,15659
20021,15648.7
20022,15659
20023,15665.8
20024,21604.7
20025,27084.4
20026,32306.7
20027,32309.6
20028,32048.3
20029,32053.2
20030,32005.8
20031,32010.7
20032,32006
20033,26316.5
20034,15660.1
20035,15648.2
20036,15664.8
20037,15665.6
20038,15656.6
20039,15648.5
20040,15661.8
20041,15644
20042,15636
20043,15625.8
20044,15635.2
20045,15642.9
20046,15639.8
20047,15626.1
20048,20770.4
20049,25889.2
20050,31020.6
20051,31023
20052,31022.3
20053,31019.7
20054,31024.3
20055,31021.8
20056,31019.2
20057,25894.2
20058,15632.8
20059,15630.2
20060,15643.2
20061,15642.2
20062,15627.7
20063,15626.4
20064,15643.6
20065,15620.4
20066,15608.5
20067,15602.3
20068,15616.4
20069,15619.2
20070,15612.4
20071,26530.7
20072,32377.2
20073,36816.8
20074,43474.5
20075,45697.3
20076,39588.2
20077,45694.4
20078,43475.3
20079,41255.1
20080,35154.6
20081,22947.9
20082,18903.2
20083,18896.7
20084,18890.6
20085,16003.8
20086,15611.7
20087,15602.5
20088,15613.5
20089,15597
20090,15592.3
20091,15579.3
20092,15583.5
20093,15596
20094,15594.9
20095,26487.8
20096,32329.9
20097,36759.9
20098,43406.4
20099,45624.7
20100,39531.2
20101,45619.5
20102,43406.7
20103,41195.4
20104,35099.2
20105,22917
20106,18870.7
20107,18861.7
20108,18866
20109,15973
20110,15595.4
20111,15587.6
20112,15579
20113,15566.2
20114,15571.6
20115,15569.7
20116,15555.4
20117,15557.3
20118,15572
20119,26455.1
20120,32283
20121,36704.3
20122,43342.8
20123,45548.5
20124,39474.8
20125,45550.8
20126,43340.3
20127,41129.7
20128,35044.7
20129,22877.8
20130,18834.9
20131,18833.7
20132,18851.5
20133,15938.8
20134,15560.6
20135,15571.8
20136,15570.7
20137,15534.2
20138,15530.5
20139,15546.2
20140,15546.7
20141,15539.8
20142,15530.9
20143,26416
20144,32228.8
20145,36646.4
20146,43268.7
20147,45482.6
20148,39400.6
20149,45482.6
20150,43272.2
20151,41062.4
20152,34991.4
20153,22841
20154,18818.2
20155,18806.7
20156,18802.9
20157,15929.4
20158,15545.2
20159,15531.3
20160,15532.9
20161,15524.4
20162,15521.9
20163,15513
20164,15506.2
20165,15516.3
20166,15522.3
20167,26368.2
20168,32180.3
20169,36587.1
20170,43204.8
20171,45403.7
20172,39349.6
20173,45406.1
20174,43203.1
20175,40997.9
20176,34933
20177,22804.9
20178,18774.6
20179,18786.3
20180,18780.8
20181,15895.7
20182,15505.8
20183,15519.7
20184,15522.2
20185,15494.2
20186,15481.8
20187,15484.7
20188,15497.8
20189,15496.8
20190,15487.3
20191,15481.3
20192,21376.3
20193,26795.1
20194,31958
20195,31956.7
20196,31706
20197,31704
20198,31659.5
20199,31665.3
20200,31659.6
20201,26032.9
20202,15488.6
20203,15479.9
20204,15500.6
20205,15496.9
20206,15489.3
20207,15481.5
20208,15489
20209,15473.6
20210,15471.2
20211,15458.6
20212,15456.1
20213,15468.9
20214,15471.7
20215,15468.8
20216,20532.6
20217,25606.3
20218,30685
20219,30680.3
20220,30681.2
20221,30683.5
20222,30680.8
20223,30678.8
20224,30685.4
20225,25611
20226,15460
20227,15471.9
20228,15470.8
20229,15456.8
20230,15456
20231,15471.7
20232,15471.6
20233,15442.1
20234,15431.1
20235,15434
20236,15446.6
20237,15445.8
20238,15437.7
20239,26236.6
20240,32017.6
20241,36405.7
20242,42989.1
20243,45183
20244,39154
20245,45182.8
20246,42989.5
20247,40798.4
20248,34761.2
20249,22693.1
20250,18682.5
20251,18693.1
20252,18689.3
20253,15818.4
20254,15430.5
20255,15441.9
20256,15446.2
20257,15421.1
20258,15405.7
20259,15404.8
20260,15418.7
20261,15420.1
20262,15417.3
20263,26189.1
20264,31965
20265,36345.4
20266,42917.6
20267,45103.2
20268,39090.6
20269,45106.7
20270,42918.1
20271,40724.3
20272,34701
20273,22655.9
20274,18651.2
20275,18666.7
20276,18648.6
20277,15800.4
20278,15407.6
20279,15404.9
20280,15416.5
20281,15395.5
20282,15393.4
20283,15379.8
20284,15379.2
20285,15391.2
20286,15393.8
20287,26149
20288,31913.9
20289,36284.3
20290,42847.6
20291,45028.7
20292,39016
20293,45031.4
20294,42842
20295,40653
20296,34645.8
20297,22615.2
20298,18635.6
20299,18617.2
20300,18617.9
20301,15769.8
20302,15393.8
20303,15387.8
20304,15379.4
20305,15356.6
20306,15368
20307,15367.1
20308,15361.4
20309,15353.1
20310,15354.7
20311,26115.1
20312,31855.1
20313,36221.2
20314,42764.9
20315,44954.3
20316,38947.9
20317,44948.7
20318,42768.9
20319,40590.8
20320,34583
20321,22578.6
20322,18587.8
20323,18593.1
20324,18597.8
20325,15735
20326,15352.3
20327,15365.2
20328,15367.4
20329,15341.6
20330,15326.9
20331,15326.1
20332,15337.3
20333,15340.7
20334,15339.8
20335,26052.6
20336,31800.8
20337,36156.5
20338,42697.4
20339,44871.2
20340,38882
20341,44873.4
20342,42692.3
20343,40511.1
20344,34525.5
20345,22537.1
20346,18569.6
20347,18552.2
20348,18556.7
20349,15711.5
20350,15340.6
20351,15339.8
20352,15326.8
20353,15300.9
20354,15309.9
20355,15313.7
20356,15312.9
20357,15302.4
20358,15299.4
20359,15306.2
20360,21122.7
20361,26479.2
20362,31578.1
20363,31576.7
20364,31327.3
20365,31328.1
20366,31283.1
20367,31287.9
20368,31284.3
20369,25722.5
20370,15314.4
20371,15304.8
20372,15299.5
20373,15303.4
20374,15314.1
20375,15313.2
20376,15307.5
20377,15274.3
20378,15272.4
20379,15286.8
20380,15286.1
20381,15285
20382,15272.9
20383,15272.2
20384,20299.2
20385,25299.3
20386,30312.4
20387,30310
20388,30314.4
20389,30313.3
20390,30311.5
20391,30309.8
20392,30315.7
20393,25302.7
20394,15269.6
20395,15285.1
20396,15286.2
20397,15285.6
20398,15273.5
20399,15272.3
20400,15280.3
20401,15260.6
20402,15258.2
20403,15251.6
20404,15245.3
20405,15246.1
20406,15259.3
20407,25926.4
20408,31628.6
20409,35965.5
20410,42461.8
20411,44633.6
20412,38671.3
20413,44630.2
20414,42465.3
20415,40300.7
20416,34335.1
20417,22416
20418,18454.9
20419,18472.8
20420,18452.9
20421,15634.9
20422,15251.2
20423,15245.3
20424,15247.3
20425,15233.2
20426,15230.7
20427,15229.3
20428,15218.1
20429,15217.5
20430,15226.1
20431,25881.2
20432,31570.5
20433,35897.6
20434,42382.7
20435,44553.4
20436,38603
20437,44550.7
20438,42389
20439,40222.2
20440,34272
20441,22378.2
20442,18431.3
20443,18428.1
20444,18419.2
20445,15605.4
20446,15230.7
20447,15224.5
20448,15217.8
20449,15191.1
20450,15202.5
20451,15202.9
20452,15202.1
20453,15192.6
20454,15189.8
20455,25829.8
20456,31510.1
20457,35829.8
20458,42309.9
20459,44465.3
20460,38533.6
20461,44466.7
20462,42306.3
20463,40147.8
20464,34214.6
20465,22340.9
20466,18393.2
20467,18385.3
20468,18405.4
20469,15558.7
20470,15196.7
20471,15203.2
20472,15202.4
20473,15171.1
20474,15162.3
20475,15161.6
20476,15172
20477,15174.8
20478,15174.1
20479,25771.5
20480,31457.4
20481,35765.9
20482,42230
20483,44384.2
20484,38453.1
20485,44382.2
20486,42230.4
20487,40079.1
20488,34144.8
20489,22292.4
20490,18354.8
20491,18368.6
20492,18350.7
20493,15548.5
20494,15173.2
20495,15162.5
20496,15162.1
20497,15141
20498,15146.6
20499,15145.9
20500,15143.3
20501,15134.2
20502,15133.9
20503,25735.2
20504,31391.8
20505,35695.6
20506,42151.7
20507,44299.2
20508,38387.7
20509,44300.8
20510,42148
20511,39999.3
20512,34085
20513,22256.1
20514,18320.3
20515,18323.1
20516,18331.5
20517,15511.1
20518,15133.4
20519,15137.5
20520,15146.6
20521,15119.1
20522,15116.9
20523,15106
20524,15105.3
20525,15107.9
20526,15118
20527,15117.3
20528,20846.6
20529,26134.9
20530,31176.5
20531,31170.6
20532,30926.1
20533,30925.6
20534,30881.9
20535,30885
20536,30884.3
20537,25391.5
20538,15113.1
20539,15117.4
20540,15116.6
20541,15106
20542,15105.3
20543,15108.1
20544,15118.1
20545,15090.3
20546,15088
20547,15078.7
20548,15076.9
20549,15076.6
20550,15089.2
20551,15088.7
20552,20024.1
20553,24978.6
20554,29915.3
20555,29921
20556,29921
20557,29919.6
20558,29918.3
20559,29916.9
20560,29921.6
20561,24974.6
20562,15079
20563,15076.5
20564,15089
20565,15088.8
20566,15088.2
20567,15082.2
20568,15077.1
20569,15049.4
20570,15056.3
20571,15059.9
20572,15059.3
20573,15057.2
20574,15048.5
20575,25580.5
20576,31215.1
20577,35491.8
20578,41913.4
20579,44047.5
20580,38159.7
20581,44044.5
20582,41909.4
20583,39771.3
20584,33883.6
20585,22126
20586,18225.7
20587,18218.9
20588,18214
20589,15426.3
20590,15059.7
20591,15059.1
20592,15053.3
20593,15021.1
20594,15018.8
20595,15026
20596,15030.7
20597,15030.2
20598,15029.8
20599,25523.6
20600,31157.3
20601,35424.1
20602,41824.5
20603,43960.8
20604,38090.2
20605,43961.9
20606,41829.6
20607,39685.1
20608,33825.6
20609,22084.5
20610,18189
20611,18176
20612,18197.2
20613,15383.8
20614,15020.7
20615,15031.1
20616,15030.4
20617,15002.3
20618,14995.1
20619,14990.4
20620,14990.1
20621,14994.7
20622,15001.4
20623,25487.5
20624,31092.4
20625,35352.2
20626,41742.2
20627,43872.1
20628,38020.2
20629,43872.7
20630,41741.4
20631,39617.3
20632,33756.1
20633,22039.4
20634,18142.5
20635,18162.9
20636,18140.1
20637,15371
20638,14998.7
20639,14990.6
20640,14989.9
20641,14963
20642,14972.3
20643,14971.6
20644,14971
20645,14968
20646,14961.2
20647,25430.8
20648,31032.4
20649,35284.1
20650,41664.1
20651,43786
20652,37939
20653,43788.2
20654,41664.9
20655,39529.1
20656,33692.6
20657,21999
20658,18116
20659,18104.5
20660,18127
20661,15326
20662,14960.2
20663,14968.4
20664,14971.8
20665,14943.4
20666,14941.2
20667,14933.4
20668,14931.5
20669,14931.1
20670,14937.2
20671,25389
20672,30966.1
20673,35212.7
20674,41580.8
20675,43700.6
20676,37862.1
20677,43701.9
20678,41580.7
20679,39459.1
20680,33616.6
20681,21952.3
20682,18087.3
20683,18071
20684,18077.9
20685,15296.4
20686,14942.3
20687,14941.9
20688,14941.3
20689,14909.8
20690,14902.3
20691,14901.8
20692,14901.4
20693,14911.5
20694,14912.1
20695,14911.7
20696,20561.8
20697,25780.1
20698,30749.6
20699,30746.8
20700,30500.9
20701,30505.2
20702,30463.2
20703,30461
20704,30460.3
20705,25048.2
20706,14910.3
20707,14902
20708,14901.8
20709,14908.8
20710,14912.4
20711,14911.9
20712,14911.4
20713,14877.8
20714,14872.5
20715,14872
20716,14872.8
20717,14882.8
20718,14882.1
20719,14881.7
20720,19747.4
20721,24635.3
20722,29504.6
20723,29505.9
20724,29511.6
20725,29510
20726,29509
20727,29508.1
20728,29507.5
20729,24630.7
20730,14882.2
20731,14881.4
20732,14875.2
20733,14872.5
20734,14872
20735,14873.6
20736,14882.7
20737,14853.9
20738,14851.6
20739,14851.4
20740,14843.1
20741,14842.6
20742,14842.3
20743,25234.3
20744,30781.6
20745,35001.7
20746,41330.7
20747,43433.6
20748,37635.2
20749,43438.1
20750,41328.4
20751,39214
20752,33422.4
20753,21823.7
20754,17963
20755,17975.5
20756,17967
20757,15218.8
20758,14846.7
20759,14842.8
20760,14842.6
20761,14813.8
20762,14821.4
20763,14822
20764,14821.5
20765,14821.2
20766,14817
20767,25170.5
20768,30723.5
20769,34930.5
20770,41238.7
20771,43348.6
20772,37566.1
20773,43344.1
20774,41239
20775,39145.5
20776,33348.4
20777,21773.2
20778,17937.2
20779,17931.3
20780,17929.5
20781,15176.3
20782,14822.1
20783,14821.8
20784,14821.3
20785,14792.4
20786,14783.1
20787,14782.7
20788,14782.6
20789,14783
20790,14792.1
20791,25132.3
20792,30652.7
20793,34857.1
20794,41162.3
20795,43260.7
20796,37478.6
20797,43259.1
20798,41162.3
20799,39052.1
20800,33286.2
20801,21735.1
20802,17889.8
20803,17902.4
20804,17893.6
20805,15156.7
20806,14787.9
20807,14783
20808,14782.5
20809,14753.8
20810,14755.5
20811,14761.6
20812,14761.1
20813,14760.7
20814,14760.3
20815,25064.8
20816,30598.9
20817,34787.1
20818,41068.1
20819,43168
20820,37405.2
20821,43168.9
20822,41075.3
20823,38977.5
20824,33212.4
20825,21687.5
20826,17864.4
20827,17849
20828,17872.6
20829,15115.7
20830,14752.1
20831,14752
20832,14757.7
20833,14732.8
20834,14730.6
20835,14730.2
20836,14729.8
20837,14725
20838,14722.5
20839,25020.2
20840,30532.6
20841,34714.1
20842,40983.8
20843,43079.9
20844,37332.7
20845,43076.5
20846,40987.3
20847,38899.5
20848,33139.5
20849,21639.7
20850,17833.2
20851,17811.9
20852,17835.4
20853,15079.7
20854,14721.7
20855,14723.2
20856,14731.1
20857,14702
20858,14699.8
20859,14699.5
20860,14698.3
20861,14692.5
20862,14692.1
20863,14692.1
20864,20283.2
20865,25406.4
20866,30309.2
20867,30306.4
20868,30068.6
20869,30069.7
20870,30028.1
20871,30027
20872,30025.2
20873,24690.5
20874,14703.4
20875,14692.5
20876,14692.2
20877,14691.4
20878,14691.4
20879,14699.3
20880,14700.3
20881,14671.1
20882,14669
20883,14668.6
20884,14664.2
20885,14662
20886,14661.6
20887,14661.3
20888,19483.4
20889,24270.8
20890,29089.8
20891,29086.8
20892,29086.2
20893,29085.7
20894,29085.1
20895,29084.6
20896,29084.3
20897,24277.6
20898,14668.7
20899,14668.9
20900,14668.4
20901,14664.1
20902,14662
20903,14661.6
20904,14661.3
20905,14632.8
20906,14639
20907,14638.9
20908,14638.5
20909,14638.3
20910,14637.9
20911,24856.9
20912,30344.5
20913,34494.2
20914,40729.9
20915,42810.6
20916,37089.8
20917,42809.8
20918,40734.2
20919,38648.2
20920,32939.5
20921,21507.1
20922,17703.6
20923,17722.9
20924,17700.2
20925,14998.7
20926,14638.7
20927,14638.3
20928,14637.9
20929,14606.8
20930,14601.3
20931,14601
20932,14600.9
20933,14600.4
20934,14602.3
20935,24822.6
20936,30273.5
20937,34423.7
20938,40645.1
20939,42716.7
20940,37021
20941,42714.6
20942,40644
20943,38572.8
20944,32865
20945,21463.4
20946,17677.3
20947,17667.6
20948,17682.8
20949,14966.2
20950,14600.9
20951,14600.9
20952,14600.8
20953,14571.6
20954,14573.8
20955,14577.5
20956,14577.1
20957,14576.9
20958,14576.6
20959,24759.1
20960,30211.2
20961,34347.1
20962,40562.6
20963,42630.5
20964,36934.4
20965,42632
20966,40553.3
20967,38492.5
20968,32795.9
20969,21413
20970,17647.6
20971,17626.9
20972,17646.3
20973,14923.9
20974,14569.7
20975,14569.8
20976,14577.4
20977,14548.4
20978,14546.3
20979,14546
20980,14545.6
20981,14545.5
20982,14541.7
20983,24701
20984,30152.1
20985,34276.3
20986,40470.6
20987,42539.6
20988,36855.2
20989,42539.7
20990,40472
20991,38406.4
20992,32729.7
20993,21367.2
20994,17605.2
20995,17595.2
20996,17603.6
20997,14892.4
20998,14539
20999,14544.7
21000,14546.5
21001,14517.3
21002,14515.2
21003,14515
21004,14514.6
21005,14513.7
21006,14509.7
21007,24649.7
21008,30087.6
21009,34203.4
21010,40384.2
21011,42449.2
21012,36776.9
21013,42449.6
21014,40384.1
21015,38326.6
21016,32657.6
21017,21321.6
21018,17572.9
21019,17552.2
21020,17572.9
21021,14861.4
21022,14508.7
21023,14508.7
21024,14511.4
21025,14486.8
21026,14484.7
21027,14484.5
21028,14484.2
21029,14484
21030,14483.7
21031,14481.8
21032,19969.5
21033,25038.5
21034,29863.6
21035,29864.2
21036,29626.1
21037,29625.1
21038,29584.6
21039,29584
21040,29589.4
21041,24328.6
21042,14484.3
21043,14478.8
21044,14478.7
21045,14478.3
21046,14478.1
21047,14481.9
21048,14484.8
21049,14455.7
21050,14453.6
21051,14453.3
21052,14453.1
21053,14452.9
21054,14451.8
21055,14448.7
21056,19179.7
21057,23924
21058,28652.6
21059,28654.8
21060,28654.6
21061,28654.4
21062,28654.2
21063,28654
21064,28653.8
21065,23920.6
21066,14456.9
21067,14452.8
21068,14450.6
21069,14448.6
21070,14448.3
21071,14448.1
21072,14447.9
21073,14418.9
21074,14416.9
21075,14421.1
21076,14423.1
21077,14422.9
21078,14422.6
21079,14422.5
21080,19136.8
21081,23875.8
21082,28595.4
21083,28595.2
21084,28595.1
21085,28594.9
21086,28594.8
21087,28594.6
21088,28594.4
21089,23867.8
21090,14416.1
21091,14423.1
21092,14422.9
21093,14422.7
21094,14422.4
21095,14422.3
21096,14422.1
21097,14393.1
21098,14387.7
21099,14387.4
21100,14387.1
21101,14387
21102,14386.9
21103,24447.7
21104,29828.5
21105,33914.2
21106,40036.9
21107,42086.3
21108,36463.2
21109,42087.7
21110,40034.6
21111,38004.2
21112,32374.1
21113,21144.3
21114,17418.3
21115,17407.9
21116,17419.2
21117,14748.1
21118,14390
21119,14387.5
21120,14387.2
21121,14358.4
21122,14356.4
21123,14356.2
21124,14356.3
21125,14355.9
21126,14357.8
21127,24402.6
21128,29761.5
21129,33841
21130,39950.2
21131,41994.2
21132,36386.2
21133,41995.3
21134,39953.5
21135,37918.1
21136,32305.6
21137,21096.4
21138,17386.1
21139,17365.6
21140,17386.3
21141,14715.8
21142,14356.7
21143,14356.8
21144,14356.5
21145,14327.7
21146,14325.7
21147,14325.6
21148,14325.7
21149,14325.3
21150,14329.6
21151,24349.6
21152,29697.3
21153,33768.1
21154,39864.3
21155,41903.9
21156,36307.1
21157,41905.4
21158,39864.4
21159,37838.8
21160,32235.1
21161,21053.5
21162,17343.9
21163,17334.3
21164,17343.4
21165,14684.7
21166,14329.9
21167,14327.1
21168,14326.4
21169,14297.6
21170,14295.6
21171,14295.5
21172,14295.6
21173,14295.2
21174,14295.4
21175,24293.7
21176,29635.6
21177,33695.3
21178,39778.4
21179,41815.5
21180,36228.6
21181,41813.8
21182,39776.8
21183,37754.3
21184,32170.9
21185,21013.3
21186,17293
21187,17313.7
21188,17288.3
21189,14651.4
21190,14299.4
21191,14299.2
21192,14298.9
21193,14270
21194,14268.1
21195,14267.9
21196,14267.8
21197,14266.6
21198,14265.5
21199,14265.3
21200,19676.7
21201,24664.2
21202,29415.7
21203,29418.6
21204,29184.4
21205,29183.9
21206,29144.4
21207,29144.1
21208,29143.5
21209,23962.6
21210,14265.8
21211,14268.7
21212,14277.9
21213,14258.9
21214,14268.3
21215,14268.1
21216,14268
21217,14239.1
21218,14237.1
21219,14236.1
21220,14235.2
21221,14235.1
21222,14234.9
21223,14234.9
21224,18899.7
21225,23565.7
21226,28223.9
21227,28226.6
21228,28226.7
21229,28226.9
21230,28227
21231,28227.1
21232,28227.6
21233,23564.6
21234,14227.8
21235,14234
21236,14237.2
21237,14238.4
21238,14238.3
21239,14238.1
21240,14238
21241,14209.1
21242,14207.2
21243,14207
21244,14206.8
21245,14206.8
21246,14206.6
21247,24130
21248,29437.2
21249,33476.4
21250,39524.5
21251,41541.1
21252,35995.5
21253,41543.7
21254,39523.9
21255,37512.4
21256,31958.4
21257,20876.1
21258,17190.2
21259,17192.9
21260,17186.2
21261,14557.9
21262,14207.2
21263,14206.8
21264,14206.7
21265,14178
21266,14176
21267,14175.9
21268,14175.5
21269,14174.7
21270,14174.5
21271,24071.7
21272,29384.8
21273,33402.3
21274,39442.3
21275,41446.7
21276,35920
21277,41452.8
21278,39441.4
21279,37427.3
21280,31890.1
21281,20827.9
21282,17158.7
21283,17150.8
21284,17154.8
21285,14527.1
21286,14176.6
21287,14176.1
21288,14176
21289,14147.4
21290,14145.6
21291,14144.9
21292,14144.5
21293,14144.5
21294,14144.3
21295,24021.2
21296,29322.1
21297,33330.2
21298,39357.1
21299,41357.1
21300,35842
21301,41364.7
21302,39355.1
21303,37348.7
21304,31820.9
21305,20786.3
21306,17116.4
21307,17120.1
21308,17111.2
21309,14495.2
21310,14146.2
21311,14145.9
21312,14145.8
21313,14117.3
21314,14115.4
21315,14115.3
21316,14115.2
21317,14115.2
21318,14115
21319,23971.6
21320,29248
21321,33260.4
21322,39268
21323,41273.1
21324,35763.8
21325,41277.1
21326,39262.6
21327,37269.5
21328,31756.7
21329,20743
21330,17069.7
21331,17092.5
21332,17072.1
21333,14456
21334,14113.4
21335,14116.1
21336,14116.3
21337,14087.8
21338,14086
21339,14085.9
21340,14085.8
21341,14085.8
21342,14085.6
21343,23930.3
21344,29188.6
21345,33188.8
21346,39183.1
21347,41188.8
21348,35684.3
21349,41180.4
21350,39187.1
21351,37183.2
21352,31691.6
21353,20690.3
21354,17054.7
21355,17029
21356,17055.7
21357,14434.4
21358,14084.3
21359,14084.5
21360,14084.4
21361,14056.4
21362,14054.5
21363,14054.5
21364,14054.5
21365,14054.4
21366,14054.3
21367,14054.2
21368,19386.1
21369,24295.6
21370,28971.7
21371,28977
21372,28748.5
21373,28748.3
21374,28709.7
21375,28709.1
21376,28708.9
21377,23607.9
21378,14057.8
21379,14054.5
21380,14050.9
21381,14057.8
21382,14054.3
21383,14054.3
21384,14054.2
21385,14026.3
21386,14024.5
21387,14024.5
21388,14024.4
21389,14024.4
21390,14024.6
21391,14024.3
21392,18623
21393,23212.6
21394,27801.7
21395,27804.8
21396,27805.2
21397,27805.7
21398,27806.1
21399,27806.5
21400,27806.9
21401,23212.4
21402,14032.3
21403,14024.6
21404,14024.6
21405,14024.9
21406,14025.2
21407,14025.1
21408,14025.1
21409,13997.2
21410,13995.4
21411,13995.4
21412,13995.3
21413,13995.4
21414,13995.3
21415,23765.3
21416,29002.3
21417,32976.3
21418,38930.6
21419,40921.9
21420,35456.6
21421,40921.8
21422,38930.3
21423,36945.7
21424,31490.4
21425,20560.4
21426,16941.7
21427,16924.8
21428,16946.4
21429,14340.2
21430,13995.1
21431,13995.3
21432,13995.2
21433,13967.6
21434,13965.8
21435,13965.8
21436,13965.7
21437,13965.8
21438,13965.7
21439,23715.1
21440,28943.2
21441,32905.6
21442,38847.4
21443,40834.7
21444,35381
21445,40833.7
21446,38848.5
21447,36866.6
21448,31421.5
21449,20515.2
21450,16909.8
21451,16883.6
21452,16910.9
21453,14312.3
21454,13965.5
21455,13964.9
21456,13964.9
21457,13937.2
21458,13935.3
21459,13935.3
21460,13935.3
21461,13935.3
21462,13935.2
21463,23666.1
21464,28874.2
21465,32836.5
21466,38764.6
21467,40749.3
21468,35305.1
21469,40740.9
21470,38771.9
21471,36788.4
21472,31349.2
21473,20473.5
21474,16868
21475,16863.9
21476,16858
21477,14279.9
21478,13936.2
21479,13936.1
21480,13936
21481,13908.4
21482,13906.6
21483,13906.6
21484,13906.6
21485,13906.7
21486,13906.6
21487,23625.5
21488,28817.5
21489,32766.6
21490,38684.6
21491,40655
21492,35231.4
21493,40658.1
21494,38684.5
21495,36714.6
21496,31282.5
21497,20435.4
21498,16818.9
21499,16835.6
21500,16828.1
21501,14244.2
21502,13906.6
21503,13906.8
21504,13907.1
21505,13879.6
21506,13877.9
21507,13878
21508,13878
21509,13878
21510,13878.2
21511,23567.9
21512,28763
21513,32696.2
21514,38602
21515,40575.2
21516,35156.7
21517,40572.2
21518,38603.2
21519,36632.2
21520,31219.3
21521,20382.6
21522,16800.3
21523,16790.5
21524,16788.9
21525,14219.8
21526,13877.4
21527,13877.3
21528,13877.2
21529,13850
21530,13848.2
21531,13848.3
21532,13848.3
21533,13848.4
21534,13848.3
21535,13848.4
21536,19108.2
21537,23934.6
21538,28551
21539,28549.2
21540,28322.7
21541,28322.8
21542,28285.1
21543,28284.8
21544,28284.9
21545,23259.1
21546,13855.8
21547,13847.5
21548,13847.4
21549,13847.5
21550,13847.6
21551,13847.6
21552,13847.6
21553,13820.5
21554,13818.8
21555,13818.8
21556,13818.9
21557,13818.9
21558,13818.9
21559,13819
21560,18343.7
21561,22868.9
21562,27400.9
21563,27394.1
21564,27394.4
21565,27395.1
21566,27395.8
21567,27396.5
21568,27397.1
21569,22870.4
21570,13824.4
21571,13818.7
21572,13818.8
21573,13818.8
21574,13818.9
21575,13818.9
21576,13819
21577,13792
21578,13790.4
21579,13790.4
21580,13790.4
21581,13790.5
21582,13790.5
21583,23428.9
21584,28577.3
21585,32487.8
21586,38366.3
21587,40310.8
21588,34937.3
21589,40322.6
21590,38356.6
21591,36403.4
21592,31026.3
21593,20255.9
21594,16697.2
21595,16680.6
21596,16689.6
21597,14131.3
21598,13790.5
21599,13790.3
21600,13790.3
21601,13763.6
21602,13762
21603,13762
21604,13762
21605,13762.2
21606,13762.1
21607,23383
21608,28519.2
21609,32420.4
21610,38283.4
21611,40231.2
21612,34865.3
21613,40235.3
21614,38279.1
21615,36326.9
21616,30956.9
21617,20218.9
21618,16655.1
21619,16659.4
21620,16640.5
21621,14100.6
21622,13762.2
21623,13762.3
21624,13763.2
21625,13737
21626,13735.4
21627,13735.5
21628,13735.8
21629,13735.6
21630,13735.8
21631,23326.8
21632,28463.9
21633,32356.9
21634,38197.8
21635,40154.9
21636,34790.3
21637,40144.9
21638,38205.9
21639,36253.2
21640,30891.4
21641,20181.8
21642,16610.1
21643,16625.4
21644,16623.3
21645,14069
21646,13735.7
21647,13736.1
21648,13736
21649,13710
21650,13708.5
21651,13708.6
21652,13706
21653,13704.7
21654,13704.7
21655,23276.2
21656,28397
21657,32290.1
21658,38122.2
21659,40063
21660,34719.8
21661,40074.5
21662,38116.1
21663,36178.2
21664,30834.4
21665,20130.5
21666,16594.3
21667,16582.3
21668,16581.3
21669,14043.6
21670,13705.5
21671,13705.5
21672,13705.6
21673,13679.5
21674,13678.3
21675,13680
21676,13680.2
21677,13680.1
21678,13680.5
21679,23233.3
21680,28347.1
21681,32224.5
21682,38041.6
21683,39990.8
21684,34648.1
21685,39981.7
21686,38046.7
21687,36105.6
21688,30766.7
21689,20096
21690,16551.8
21691,16545.3
21692,16561.8
21693,14018.1
21694,13677.6
21695,13676.8
21696,13676.8
21697,13651
21698,13649.4
21699,13649.5
21700,13649.6
21701,13649.7
21702,13649.8
21703,13649.9
21704,18836.5
21705,23589.5
21706,28142.2
21707,28140.2
21708,27917
21709,27912.9
21710,27875.5
21711,27876.2
21712,27876.3
21713,22922.5
21714,13646.5
21715,13652.7
21716,13653
21717,13652.8
21718,13653
21719,13653.1
21720,13653.1
21721,13627.7
21722,13626.2
21723,13626.4
21724,13625.3
21725,13621.6
21726,13621.7
21727,13621.8
21728,18075.7
21729,22545.5
21730,27009.7
21731,27003
21732,27003.9
21733,27004.8
21734,27005.7
21735,27007.2
21736,27004.5
21737,22540.3
21738,13619.8
21739,13625.5
21740,13625.6
21741,13625.7
21742,13625.8
21743,13625.9
21744,13625.9
21745,13600.8
21746,13599.4
21747,13599.5
21748,13597.6
21749,13594.4
21750,13594.5
21751,23089.7
21752,28168.9
21753,32028.3
21754,37817.4
21755,39738.8
21756,34441.9
21757,39745
21758,37816.3
21759,35885.6
21760,30580.3
21761,19980.2
21762,16438.7
21763,16462.3
21764,16454.4
21765,13928.8
21766,13599
21767,13599.3
21768,13599.3
21769,13574.4
21770,13568
21771,13567.6
21772,13567.6
21773,13567.8
21774,13567.8
21775,23048.3
21776,28115.2
21777,31962.6
21778,37741.6
21779,39663.7
21780,34372.1
21781,39659.8
21782,37745.5
21783,35816.1
21784,30519.2
21785,19935.6
21786,16420.9
21787,16411.4
21788,16429.9
21789,13905.3
21790,13568.1
21791,13567.7
21792,13567.8
21793,13542.9
21794,13541.5
21795,13541.6
21796,13541.7
21797,13543.6
21798,13545.9
21799,23005.7
21800,28064.2
21801,31903.6
21802,37662.9
21803,39590.5
21804,34300.5
21805,39585.6
21806,37661.3
21807,35744.3
21808,30464.9
21809,19889.2
21810,16395.2
21811,16390.8
21812,16374.9
21813,13874.8
21814,13544.9
21815,13545.6
21816,13546
21817,13521.3
21818,13519.9
21819,13520
21820,13520.1
21821,13520.3
21822,13518.7
21823,22950
21824,28001.6
21825,31841
21826,37593.3
21827,39504.5
21828,34238.9
21829,39508.8
21830,37596.5
21831,35673.8
21832,30399.6
21833,19859.8
21834,16354.1
21835,16350.9
21836,16365.5
21837,13851.3
21838,13515
21839,13514.6
21840,13514.6
21841,13490.4
21842,13488.9
21843,13489.1
21844,13489.2
21845,13493.1
21846,13494.1
21847,22914.6
21848,27955.8
21849,31780.5
21850,37517.9
21851,39433.7
21852,34166.5
21853,39438.1
21854,37516.2
21855,35604.6
21856,30341
21857,19823.4
21858,16316.2
21859,16334.1
21860,16320.3
21861,13821.2
21862,13493.9
21863,13494.2
21864,13494.3
21865,13470.5
21866,13464
21867,13462.6
21868,13462.7
21869,13462.9
21870,13463
21871,13463.1
21872,18580.9
21873,23264.8
21874,27756.5
21875,27750.3
21876,27530.9
21877,27531.3
21878,27495.3
21879,27495.7
21880,27496.5
21881,22612.6
21882,13471
21883,13462.6
21884,13462.7
21885,13463
21886,13463.1
21887,13463.3
21888,13464.6
21889,13444.5
21890,13443
21891,13443.1
21892,13443.3
21893,13443.5
21894,13443.6
21895,13443.2
21896,17822.9
21897,22243.8
21898,26643
21899,26636.6
21900,26637.2
21901,26638.3
21902,26639.7
21903,26638.4
21904,26637
21905,22241.9
21906,13443.5
21907,13443.7
21908,13440.4
21909,13437
21910,13437.1
21911,13437.3
21912,13437.5
21913,13413.9
21914,13412.6
21915,13417.7
21916,13418.3
21917,13418.2
21918,13418.5
21919,22779.2
21920,27792
21921,31598.1
21922,37305.5
21923,39202.4
21924,33978
21925,39207.3
21926,37310.2
21927,35402.4
21928,30168.3
21929,19705.8
21930,16238.5
21931,16218.5
21932,16239
21933,13744.4
21934,13412.4
21935,13412.4
21936,13412.6
21937,13393.3
21938,13393.4
21939,13393.5
21940,13393.7
21941,13393.9
21942,13394
21943,13392.7
21944,17756.2
21945,22160.8
21946,26543.4
21947,26536.7
21948,26537.8
21949,26539
21950,26541.8
21951,26536.8
21952,26538.2
21953,22157.3
21954,13397.4
21955,13386.8
21956,13387
21957,13387.2
21958,13387.4
21959,13387.6
21960,13390.3
21961,13370.5
21962,13369.2
21963,13369.4
21964,13369.5
21965,13369.7
21966,13368.8
21967,22690.9
21968,27686
21969,31477.2
21970,37168.6
21971,39061.7
21972,33849.9
21973,39060.1
21974,37164.7
21975,35271.5
21976,30062
21977,19630.5
21978,16173.9
21979,16181
21980,16161.9
21981,13693.4
21982,13369.1
21983,13369.5
21984,13369.6
21985,13347.3
21986,13338.5
21987,13338
21988,13338.1
21989,13338.4
21990,13338.5
21991,22662.8
21992,27641.5
21993,31424.4
21994,37097.9
21995,38991.5
21996,33786.2
21997,38994.2
21998,37097.3
21999,35206.3
22000,30001.9
22001,19600.2
22002,16144.1
22003,16132.1
22004,16152.6
22005,13669.3
22006,13338.6
22007,13338.5
22008,13338.6
22009,13320
22010,13321.4
22011,13321.6
22012,13322
22013,13321.9
22014,13322.1
22015,22609.8
22016,27585.6
22017,31363
22018,37033.5
22019,38921.7
22020,33727
22021,38918.8
22022,37029.7
22023,35144.6
22024,29948.5
22025,19567.5
22026,16104.6
22027,16123.5
22028,16114.7
22029,13644.7
22030,13321.8
22031,13321
22032,13313.8
22033,13291.9
22034,13290.7
22035,13290.9
22036,13291.2
22037,13297.8
22038,13298.4
22039,13298.6
22040,18333.7
22041,22974.7
22042,27395
22043,27397.3
22044,27180.7
22045,27181.6
22046,27143.7
22047,27142.5
22048,27143.3
22049,22325.3
22050,13299.1
22051,13297.8
22052,13290.2
22053,13290.5
22054,13290.7
22055,13290.9
22056,13291.1
22057,13276.4
22058,13275.2
22059,13275.4
22060,13275.6
22061,13275.7
22062,13271.4
22063,13267.1
22064,17608.8
22065,21956
22066,26303.5
22067,26300
22068,26301.2
22069,26303.5
22070,26299.4
22071,26300.6
22072,26303.1
22073,21954.3
22074,13266.2
22075,13275.2
22076,13272
22077,13278.6
22078,13275.6
22079,13275.8
22080,13269
22081,13245.7
22082,13244.5
22083,13244.7
22084,13244.9
22085,13252.3
22086,13252.9
22087,22496
22088,27447.6
22089,31202.2
22090,36838.7
22091,38713.1
22092,33551.3
22093,38713.1
22094,36835.6
22095,34959.7
22096,29794.7
22097,19461.5
22098,16024.1
22099,16038.9
22100,16029
22101,13574.1
22102,13252.8
22103,13251
22104,13244.1
22105,13223.2
22106,13222.1
22107,13222.3
22108,13226.6
22109,13230.2
22110,13230.7
22111,22458.2
22112,27397.7
22113,31148.2
22114,36776
22115,38646.3
22116,33493.7
22117,38648.6
22118,36773
22119,34900.6
22120,29740.6
22121,19434.6
22122,15988.3
22123,16010
22124,16010.9
22125,13552.7
22126,13223.1
22127,13221.7
22128,13221.9
22129,13201.4
22130,13202
22131,13208.4
22132,13208.7
22133,13208.6
22134,13208.7
22135,22417.7
22136,27347.5
22137,31092.8
22138,36711.4
22139,38590.2
22140,33433.2
22141,38586.5
22142,36711.4
22143,34841.4
22144,29690.5
22145,19397.2
22146,15977.6
22147,15963.9
22148,15984.2
22149,13526.9
22150,13200.1
22151,13200.3
22152,13208.5
22153,13188.1
22154,13187.1
22155,13187.3
22156,13185.8
22157,13177.6
22158,13177.7
22159,22384.5
22160,27306.7
22161,31045.2
22162,36650.6
22163,38520.2
22164,33382.1
22165,38520.8
22166,36654.4
22167,34779.3
22168,29645.1
22169,19356.5
22170,15957
22171,15957.6
22172,15938.2
22173,13506.5
22174,13186.8
22175,13187.2
22176,13187.1
22177,13157.8
22178,13156.3
22179,13156.6
22180,13156.8
22181,13163.6
22182,13165.9
22183,22347.3
22184,27264
22185,30993.8
22186,36593
22187,38454.9
22188,33326.6
22189,38455.8
22190,36589.9
22191,34726.3
22192,29593.4
22193,19335.5
22194,15920.6
22195,15917
22196,15932.7
22197,13483.3
22198,13156.8
22199,13156.8
22200,13161.5
22201,13146.1
22202,13145
22203,13145.2
22204,13145.4
22205,13136.3
22206,13135.2
22207,13135.5
22208,18128.3
22209,22700.2
22210,27077.9
22211,27075.5
22212,26861.7
22213,26862.6
22214,26829.4
22215,26825
22216,26825.5
22217,22064.8
22218,13145.3
22219,13141.6
22220,13135.1
22221,13135.4
22222,13135.7
22223,13138.3
22224,13145.1
22225,13125.8
22226,13124.8
22227,13125
22228,13117.3
22229,13114.6
22230,13114.8
22231,13115.1
22232,17427.1
22233,21703.4
22234,25995.1
22235,26000.7
22236,25997.6
22237,25997.2
22238,25999.7
22239,25998.3
22240,25997.5
22241,21706.3
22242,13121.3
22243,13114.9
22244,13115.1
22245,13121.1
22246,13124.5
22247,13124.7
22248,13124.8
22249,13104.4
22250,13094.2
22251,13094.5
22252,13094.7
22253,13097.2
22254,13104.8
22255,22242.9
22256,27137.3
22257,30847.7
22258,36419.3
22259,38274.3
22260,33169.6
22261,38275.4
22262,36418.2
22263,34563.2
22264,29453.4
22265,19240.7
22266,15856.2
22267,15838.4
22268,15849.2
22269,13418.1
22270,13099.6
22271,13104.5
22272,13104.9
22273,13086.4
22274,13084.1
22275,13074.4
22276,13074.5
22277,13074.9
22278,13077.8
22279,22214.8
22280,27097.3
22281,30802.3
22282,36366
22283,38215.7
22284,33119.1
22285,38216.3
22286,36362.3
22287,34510.4
22288,29409.4
22289,19213.4
22290,15829.6
22291,15814.4
22292,15828
22293,13398.1
22294,13077
22295,13084.9
22296,13085.2
22297,13067.1
22298,13066.2
22299,13055.9
22300,13055
22301,13055.4
22302,13057.5
22303,22182.2
22304,27057
22305,30756.4
22306,36311.4
22307,38158.2
22308,33069.8
22309,38159.8
22310,36308.5
22311,34459.4
22312,29365
22313,19182.9
22314,15810.1
22315,15791.4
22316,15798.9
22317,13377.6
22318,13063.8
22319,13065.7
22320,13066.2
22321,13048.5
22322,13040.1
22323,13036
22324,13036.3
22325,13036.6
22326,13046.8
22327,22145
22328,27016.7
22329,30709.5
22330,36255.9
22331,38105.5
22332,33019.2
22333,38107
22334,36254.5
22335,34408
22336,29322.2
22337,19151.9
22338,15786.7
22339,15779.3
22340,15768.1
22341,13363.2
22342,13046.9
22343,13047.2
22344,13046.1
22345,13018.5
22346,13017.6
22347,13017.9
22348,13023.5
22349,13028.5
22350,13029
22351,22114
22352,26970.1
22353,30663.2
22354,36202.6
22355,38054.1
22356,32969.9
22357,38051.6
22358,36205.9
22359,34353.8
22360,29286.2
22361,19127.1
22362,15752.2
22363,15764.7
22364,15759.8
22365,13344.5
22366,13023.8
22367,13017.4
22368,13017.6
22369,13000.9
22370,13009.7
22371,13010.7
22372,13010.9
22373,13011.1
22374,13000.3
22375,12999.3
22376,17935.8
22377,22466.5
22378,26797.9
22379,26795
22380,26583.6
22381,26584.6
22382,26549.7
22383,26547.3
22384,26547.9
22385,21834.3
22386,13005.4
22387,12999.6
22388,13002.6
22389,13010.7
22390,13010.7
22391,13011
22392,13007.8
22393,12982.6
22394,12981.7
22395,12982.1
22396,12991.4
22397,12993.1
22398,12993.3
22399,12993.6
22400,17221.4
22401,21486.2
22402,25738.7
22403,25733
22404,25737.8
22405,25732.1
22406,25733.4
22407,25737.3
22408,25732.7
22409,21486.6
22410,12991.5
22411,12981.6
22412,12981.9
22413,12986.2
22414,12993.1
22415,12993.2
22416,12993.4
22417,12972.3
22418,12964.2
22419,12964.5
22420,12965.3
22421,12976.1
22422,12976.5
22423,22023.9
22424,26861
22425,30537.7
22426,36054.5
22427,37897.2
22428,32836.5
22429,37894.2
22430,36057.5
22431,34216.2
22432,29162
22433,19056.2
22434,15679.7
22435,15698.1
22436,15700
22437,13287.7
22438,12964.7
22439,12964.6
22440,12969.5
22441,12960.4
22442,12959.6
22443,12959.8
22444,12952
22445,12947.4
22446,12947.6
22447,21997.1
22448,26831.3
22449,30505.1
22450,36010.9
22451,37842.7
22452,32796.8
22453,37845.7
22454,36007.5
22455,34173.7
22456,29122.7
22457,19020.6
22458,15679
22459,15679.5
22460,15662.7
22461,13273.4
22462,12959.5
22463,12956.2
22464,12947.2
22465,12932.2
22466,12931.7
22467,12943.4
22468,12943.5
22469,12943.5
22470,12940
22471,21958.4
22472,26792.9
22473,30462.9
22474,35963.9
22475,37793.6
22476,32758.2
22477,37796.1
22478,35962.9
22479,34130.8
22480,29086.4
22481,19001.2
22482,15660.7
22483,15642.9
22484,15646.6
22485,13253.7
22486,12943
22487,12943.3
22488,12943.5
22489,12921
22490,12915.1
22491,12915.4
22492,12920.4
22493,12927.5
22494,12927.9
22495,21939.9
22496,26756.8
22497,30422.7
22498,35918.8
22499,37750.1
22500,32716.4
22501,37747.1
22502,35918.4
22503,34089.6
22504,29050.5
22505,18981.7
22506,15632.1
22507,15623.1
22508,15639.3
22509,13235
22510,12918.9
22511,12927.5
22512,12927.8
22513,12913.4
22514,12904.4
22515,12899.6
22516,12899.8
22517,12906
22518,12912.4
22519,21914.2
22520,26729.1
22521,30384.7
22522,35873.7
22523,37706.9
22524,32673.6
22525,37702.9
22526,35876.4
22527,34049.1
22528,29015.6
22529,18960.3
22530,15608.9
22531,15607.3
22532,15622.6
22533,13219.7
22534,12900.1
22535,12910.9
22536,12912.5
22537,12898.5
22538,12894.2
22539,12884.5
22540,12884.8
22541,12887
22542,12897.6
22543,12897.7
22544,17770
22545,22274.7
22546,26559.8
22547,26562.2
22548,26347.2
22549,26348.2
22550,26314.3
22551,26315.2
22552,26312.8
22553,21643.1
22554,12896.3
22555,12884.5
22556,12884.6
22557,12890.6
22558,12897.3
22559,12897.5
22560,12897.7
22561,12873
22562,12870.1
22563,12870.4
22564,12880.4
22565,12883
22566,12883.4
22567,12879.8
22568,17077.8
22569,21303.1
22570,25513.3
22571,25512
22572,25516
22573,25511.2
22574,25516.2
22575,25511.6
22576,25511.6
22577,21299.5
22578,12870
22579,12882.9
22580,12883
22581,12883.3
22582,12877.7
22583,12869.9
22584,12870.3
22585,12862.4
22586,12869.1
22587,12869.2
22588,12869.4
22589,12857.4
22590,12855.9
22591,21838.8
22592,26640.7
22593,30289
22594,35756.1
22595,37575.3
22596,32561.3
22597,37581.1
22598,35753.6
22599,33926.7
22600,28920.8
22601,18892.3
22602,15553.6
22603,15569.8
22604,15568.8
22605,13177.2
22606,12856.4
22607,12856.2
22608,12862.6
22609,12856.4
22610,12855.8
22611,12855.7
22612,12842.3
22613,12842.4
22614,12842.9
22615,21821.6
22616,26615.3
22617,30251.8
22618,35713.7
22619,37542.5
22620,32524.1
22621,37536.8
22622,35716.4
22623,33895.3
22624,28886.7
22625,18876.7
22626,15539.1
22627,15538.6
22628,15553.3
22629,13161
22630,12843.3
22631,12855.8
22632,12856
22633,12843.8
22634,12834.3
22635,12829.2
22636,12829.4
22637,12838.5
22638,12843
22639,21795.8
22640,26580.7
22641,30219.8
22642,35679.5
22643,37497.2
22644,32500.4
22645,37496.6
22646,35680.1
22647,33861.6
22648,28857.2
22649,18850.7
22650,15537.6
22651,15525.7
22652,15520.3
22653,13153.9
22654,12842.6
22655,12843
22656,12833.1
22657,12817.3
22658,12816.9
22659,12827.6
22660,12830.5
22661,12830.5
22662,12824.9
22663,21764.6
22664,26556.1
22665,30194
22666,35644.4
22667,37460.5
22668,32464.7
22669,37462.3
22670,35643.1
22671,33825.5
22672,28828.8
22673,18831
22674,15512.4
22675,15521.9
22676,15521.1
22677,13138.4
22678,12817
22679,12816.7
22680,12820
22681,12819
22682,12818.3
22683,12818.6
22684,12806
22685,12804.5
22686,12804.9
22687,21757.3
22688,26536.8
22689,30162.2
22690,35607.3
22691,37430.1
22692,32429.4
22693,37424
22694,35610.7
22695,33797.2
22696,28801.4
22697,18818.7
22698,15501.9
22699,15490.8
22700,15499.6
22701,13121.1
22702,12818.2
22703,12818.3
22704,12818.4
22705,12797.6
22706,12792.7
22707,12793.1
22708,12805.1
22709,12806.7
22710,12806.9
22711,12798.9
22712,17639.1
22713,22113.1
22714,26374.3
22715,26368.6
22716,26160.7
22717,26164.4
22718,26124.2
22719,26125.8
22720,26129.1
22721,21481.2
22722,12801.4
22723,12806.8
22724,12806.9
22725,12796.7
22726,12792.7
22727,12793.1
22728,12805.2
22729,12796.4
22730,12795.9
22731,12787.3
22732,12781.5
22733,12781.9
22734,12792.7
22735,12795.7
22736,16966.7
22737,21156.2
22738,25342.5
22739,25335.6
22740,25341.3
22741,25335.1
22742,25336.5
22743,25340.2
22744,25335.9
22745,21153.5
22746,12783.4
22747,12791.1
22748,12795.6
22749,12795.9
22750,12790.7
22751,12781.5
22752,12781.8
22753,12779.8
22754,12785.1
22755,12785.3
22756,12780.9
22757,12770.8
22758,12771
22759,21697.8
22760,26467.5
22761,30084.1
22762,35514.7
22763,37332.1
22764,32343.4
22765,37325.9
22766,35517.3
22767,33708.5
22768,28726
22769,18769
22770,15463.1
22771,15450.9
22772,15455
22773,13091.1
22774,12785
22775,12785.3
22776,12783.3
22777,12761.2
22778,12760.9
22779,12766.7
22780,12775.3
22781,12775.3
22782,12773.1
22783,21668.1
22784,26439.8
22785,30062.3
22786,35489.5
22787,37297.3
22788,32323.2
22789,37299.8
22790,35488.3
22791,33674.2
22792,28707.3
22793,18756.7
22794,15435.9
22795,15450.5
22796,15454.2
22797,13078.4
22798,12761.2
22799,12768.8
22800,12775.3
22801,12766.3
22802,12761.1
22803,12750.9
22804,12751.2
22805,12759.9
22806,12765.9
22807,21664
22808,26417.9
22809,30036.2
22810,35461.6
22811,37267.7
22812,32301.7
22813,37269.9
22814,35461.7
22815,33654.3
22816,28680.6
22817,18730.5
22818,15440.1
22819,15442.4
22820,15437.5
22821,13075
22822,12753.7
22823,12751.1
22824,12752.2
22825,12757.2
22826,12756.6
22827,12756.8
22828,12743.5
22829,12742
22830,12744.7
22831,21649.5
22832,26407
22833,30011.8
22834,35434.1
22835,37243.6
22836,32275.9
22837,37240.3
22838,35436.9
22839,33630.9
22840,28660.3
22841,18721.3
22842,15431.6
22843,15427.4
22844,15416.2
22845,13065.6
22846,12756.6
22847,12746.8
22848,12741.8
22849,12734.1
22850,12747.8
22851,12748
22852,12748.2
22853,12736.2
22854,12733.2
22855,21631.1
22856,26388.6
22857,29997.3
22858,35410.3
22859,37221.6
22860,32247.8
22861,37215.3
22862,35412.6
22863,33609
22864,28641.3
22865,18712.7
22866,15421.9
22867,15406.1
22868,15405.5
22869,13056.9
22870,12747.9
22871,12748.3
22872,12737.6
22873,12725.6
22874,12725.7
22875,12740.2
22876,12740
22877,12740.3
22878,12726.9
22879,12725.1
22880,17567.5
22881,21994.8
22882,26225.7
22883,26230.3
22884,26026.1
22885,26020.7
22886,25987.4
22887,25991
22888,25986
22889,21376.2
22890,12738.7
22891,12725
22892,12725.3
22893,12734.8
22894,12740
22895,12740.2
22896,12732.8
22897,12717.9
22898,12717.8
22899,12730.4
22900,12732.5
22901,12732.7
22902,12721.6
22903,12717.5
22904,16897.7
22905,21044.8
22906,25206.9
22907,25214
22908,25208.5
22909,25214.3
22910,25208.1
22911,25211.4
22912,25211.2
22913,21051
22914,12728.3
22915,12717.5
22916,12718.2
22917,12732.7
22918,12732.5
22919,12732.8
22920,12718.9
22921,12710.9
22922,12714.8
22923,12725.5
22924,12725.8
22925,12723.3
22926,12710.1
22927,21589.3
22928,26338
22929,29945.8
22930,35348.3
22931,37151.7
22932,32189.6
22933,37149.4
22934,35347.6
22935,33549.1
22936,28589.9
22937,18679.7
22938,15392.9
22939,15378.7
22940,15378.1
22941,13033.9
22942,12725.3
22943,12725.7
22944,12715
22945,12704.2
22946,12704.8
22947,12719.1
22948,12719.3
22949,12719.3
22950,12704.4
22951,21576.9
22952,26324
22953,29930
22954,35331.4
22955,37131.4
22956,32172.9
22957,37130.5
22958,35329.1
22959,33531.8
22960,28575.1
22961,18670.2
22962,15384.6
22963,15370.8
22964,15370.4
22965,13027.3
22966,12718.8
22967,12719.2
22968,12708.6
22969,12698.1
22970,12698.9
22971,12713.1
22972,12713.3
22973,12713.2
22974,12698
22975,21566.8
22976,26311.5
22977,29915.8
22978,35313.3
22979,37114.1
22980,32157.6
22981,37112.3
22982,35312.4
22983,33515.5
22984,28561.5
22985,18660.8
22986,15379
22987,15363.6
22988,15363.1
22989,13021
22990,12712.9
22991,12713.2
22992,12700
22993,12692.6
22994,12696.5
22995,12707.6
22996,12707.9
22997,12704.9
22998,12692
22999,21558.8
23000,26300.5
23001,29903.2
23002,35297.5
23003,37099.7
23004,32143.7
23005,37095.1
23006,35298.4
23007,33500.6
23008,28549
23009,18650.8
23010,15372.5
23011,15359.8
23012,15356.3
23013,13015.4
23014,12707.5
23015,12704.8
23016,12692
23017,12687.7
23018,12696.6
23019,12702.5
23020,12702.7
23021,12694.2
23022,12687
23023,21551.6
23024,26292.5
23025,29889.2
23026,35281.6
23027,37085.4
23028,32132.1
23029,37080.8
23030,35284
23031,33487.8
23032,28537.7
23033,18641.8
23034,15365.8
23035,15359.7
23036,15350.7
23037,13010.3
23038,12702.6
23039,12691.7
23040,12687.1
23041,12685.1
23042,12698.2
23043,12698.2
23044,12697
23045,12682.5
23046,12682.8
23047,12690.9
23048,17506.8
23049,21922.7
23050,26141.3
23051,26146.3
23052,25933.9
23053,25935.1
23054,25904.7
23055,25899.6
23056,25900.8
23057,21301.2
23058,12685
23059,12693.6
23060,12698.4
23061,12698.4
23062,12688.1
23063,12682.7
23064,12683.9
23065,12694.6
23066,12694.3
23067,12693.9
23068,12678.7
23069,12678.9
23070,12686.6
23071,12694.2
23072,16832.1
23073,20985.8
23074,25139.1
23075,25131.7
23076,25137.8
23077,25131.3
23078,25137.5
23079,25131.7
23080,25132.2
23081,20982.7
23082,12689.1
23083,12694.3
23084,12694.3
23085,12679
23086,12678.9
23087,12686.1
23088,12694.2
23089,12691.2
23090,12685
23091,12675.3
23092,12675.6
23093,12688.8
23094,12691.1
23095,21533.8
23096,26259.8
23097,29858.9
23098,35251.5
23099,37046.4
23100,32106.6
23101,37049.3
23102,35250.5
23103,33447.8
23104,28513.9
23105,18634.2
23106,15334.1
23107,15340
23108,15351.4
23109,12989.8
23110,12681.7
23111,12690.9
23112,12690.9
23113,12683.1
23114,12672.3
23115,12672.7
23116,12685.1
23117,12688
23118,12688.2
23119,21520.5
23120,26256.1
23121,29854
23122,35243.5
23123,37037.6
23124,32095.1
23125,37041.1
23126,35240.7
23127,33444.4
23128,28504.6
23129,18626
23130,15341.5
23131,15332.8
23132,15338.6
23133,12990.5
23134,12687.8
23135,12688.1
23136,12683.3
23137,12670.1
23138,12670.3
23139,12682.3
23140,12685.9
23141,12685.9
23142,12673.9
23143,21518.3
23144,26253.6
23145,29850.3
23146,35236.5
23147,37033
23148,32087.5
23149,37030.7
23150,35236.3
23151,33442.1
23152,28499.2
23153,18618.2
23154,15345.7
23155,15334.2
23156,15329.9
23157,12993
23158,12685.6
23159,12680.6
23160,12669.9
23161,12668.6
23162,12681
23163,12683.9
23164,12684
23165,12671.6
23166,12668.2
23167,21521.2
23168,26254.5
23169,29841.3
23170,35227.4
23171,37030.3
23172,32086.9
23173,37024.4
23174,35231.9
23175,33436.4
23176,28494.4
23177,18611.8
23178,15341.9
23179,15342
23180,15332
23181,12991.2
23182,12677.1
23183,12668.2
23184,12668.5
23185,12681.5
23186,12682.6
23187,12682.8
23188,12668.7
23189,12667
23190,12672.9
23191,21520.8
23192,26251.2
23193,29836.1
23194,35226.8
23195,37021.4
23196,32088.4
23197,37023.4
23198,35227.6
23199,33432.2
23200,28491.4
23201,18611.9
23202,15330.1
23203,15341.2
23204,15340.4
23205,12983.5
23206,12667.4
23207,12669.2
23208,12682.9
23209,12681.9
23210,12680.1
23211,12666
23212,12666.4
23213,12675.4
23214,12682
23215,12681.9
23216,17460.3
23217,21899.6
23218,26113.4
23219,26107.2
23220,25901.4
23221,25905.6
23222,25865.6
23223,25866.7
23224,25870.3
23225,21275.6
23226,12676
23227,12682.1
23228,12667.2
23229,12666.3
23230,12673
23231,12681.8
23232,12681.9
23233,12675.9
23234,12665.9
23235,12666.2
23236,12679.6
23237,12681.6
23238,12681.8
23239,12668.4
23240,16819.3
23241,20964.6
23242,25103
23243,25112.4
23244,25105.9
23245,25112.2
23246,25105.9
23247,25107.3
23248,25110.6
23249,20965.8
23250,12677.1
23251,12665.9
23252,12667.6
23253,12681.7
23254,12681.7
23255,12680.3
23256,12665.8
23257,12666.4
23258,12675
23259,12681.8
23260,12682
23261,12673.4
23262,12666.1
23263,21516.4
23264,26249.8
23265,29838.5
23266,35222.7
23267,37024
23268,32080.3
23269,37019.8
23270,35226
23271,33430.9
23272,28489.9
23273,18609.6
23274,15339.7
23275,15339.4
23276,15326.8
23277,12989.2
23278,12678.1
23279,12666.1
23280,12666.4
23281,12678.3
23282,12682.7
23283,12682.9
23284,12671.7
23285,12667.1
23286,12669.7
23287,21522.4
23288,26252.4
23289,29835.9
23290,35226.8
23291,37021.7
23292,32089.3
23293,37023.4
23294,35227.7
23295,33432.4
23296,28491.7
23297,18610.4
23298,15333.7
23299,15341.2
23300,15340.4
23301,12984
23302,12667.5
23303,12667.4
23304,12681.9
23305,12684
23306,12684.3
23307,12669.9
23308,12668.5
23309,12674.8
23310,12684.4
23311,21524.5
23312,26246.9
23313,29841.7
23314,35231.1
23315,37025.4
23316,32090.7
23317,37028.1
23318,35230.8
23319,33431.2
23320,28498.5
23321,18622.5
23322,15325.5
23323,15336.1
23324,15342.8
23325,12983.2
23326,12670.5
23327,12684.2
23328,12684.4
23329,12684.4
23330,12670.2
23331,12670.5
23332,12679
23333,12685.9
23334,12686
23335,21519
23336,26251.2
23337,29848.6
23338,35237.4
23339,37032.6
23340,32091
23341,37034.3
23342,35234.6
23343,33437.4
23344,28499.9
23345,18623.6
23346,15336.8
23347,15330.2
23348,15339.3
23349,12985.5
23350,12685.8
23351,12686
23352,12684
23353,12672.5
23354,12673
23355,12682
23356,12688.5
23357,12688.5
23358,12679.4
23359,21521.6
23360,26258.7
23361,29856.3
23362,35246.1
23363,37039.9
23364,32094.2
23365,37039.4
23366,35242.4
23367,33449.6
23368,28505.3
23369,18623.8
23370,15349.5
23371,15334.1
23372,15333.3
23373,12995.7
23374,12688.2
23375,12687.1
23376,12672.5
23377,12675.7
23378,12684.2
23379,12691.2
23380,12691.4
23381,12683.7
23382,12675.6
23383,12676
23384,17503.3
23385,21909.9
23386,26125.6
23387,26129.1
23388,25923.4
23389,25920.4
23390,25887.7
23391,25888.3
23392,25886.3
23393,21290.9
23394,12680.7
23395,12679.2
23396,12691.5
23397,12691.3
23398,12688.7
23399,12675.6
23400,12675.9
23401,12688.7
23402,12694.7
23403,12694.9
23404,12685.6
23405,12679.2
23406,12679.6
23407,12694.9
23408,16838.8
23409,20985.2
23410,25138.9
23411,25132.3
23412,25138.2
23413,25131.9
23414,25134.1
23415,25136
23416,25132.8
23417,20983.5
23418,12686
23419,12694.7
23420,12694.9
23421,12685.4
23422,12679.2
23423,12679.8
23424,12694.9
23425,12698.5
23426,12698.9
23427,12683.6
23428,12683.4
23429,12690.1
23430,12698.9
23431,12698.8
23432,16828.3
23433,20995.8
23434,25145.9
23435,25141.2
23436,25145.7
23437,25140.8
23438,25145.8
23439,25140.4
23440,25146
23441,20992.6
23442,12693.1
23443,12698.9
23444,12685.1
23445,12683.3
23446,12688.5
23447,12698.7
23448,12698.8
23449,12699.1
23450,12687.7
23451,12688
23452,12698.3
23453,12703.1
23454,12703.5
23455,21548
23456,26287.5
23457,29889.8
23458,35286
23459,37083.9
23460,32135.9
23461,37085.9
23462,35283.4
23463,33482.2
23464,28539.1
23465,18650
23466,15354.6
23467,15351.2
23468,15364.2
23469,13001.8
23470,12700.6
23471,12703.2
23472,12703.3
23473,12696.1
23474,12692.9
23475,12695.7
23476,12708.4
23477,12708.2
23478,12706.6
23479,21552.8
23480,26299.2
23481,29902.6
23482,35301.3
23483,37097.5
23484,32146.2
23485,37101.4
23486,35297.9
23487,33498.4
23488,28550.5
23489,18656.2
23490,15364.9
23491,15357.2
23492,15365.7
23493,13008.8
23494,12708
23495,12708.2
23496,12706.7
23497,12697.9
23498,12698.6
23499,12706.5
23500,12713.9
23501,12713.8
23502,12707.6
23503,21564.4
23504,26311.5
23505,29916.4
23506,35317
23507,37114.4
23508,32159.2
23509,37116.9
23510,35313.8
23511,33514.8
23512,28563.1
23513,18663.7
23514,15374.1
23515,15364
23516,15369.2
23517,13017.2
23518,12713.5
23519,12713.8
23520,12709.6
23521,12704.1
23522,12704.8
23523,12714.8
23524,12719.9
23525,12719.9
23526,12710.9
23527,21575.6
23528,26324.6
23529,29931.1
23530,35334.5
23531,37132.5
23532,32174.6
23533,37134.1
23534,35331
23535,33531.4
23536,28576.9
23537,18672.6
23538,15381.8
23539,15371.4
23540,15376.3
23541,13023.5
23542,12719.5
23543,12719.9
23544,12715.6
23545,12710.7
23546,12711.5
23547,12721.2
23548,12726.2
23549,12726.5
23550,12718.1
23551,12711.1
23552,17543.5
23553,21972.3
23554,26198.4
23555,26201.5
23556,25997.4
23557,25992.1
23558,25958.8
23559,25962.5
23560,25957.5
23561,21352.9
23562,12725.4
23563,12711.1
23564,12711.4
23565,12720.1
23566,12726.2
23567,12726.5
23568,12719.6
23569,12717.9
23570,12718.7
23571,12730.9
23572,12733.3
23573,12733.6
23574,12722.9
23575,12718.4
23576,16898.7
23577,21046.2
23578,25208.6
23579,25215.7
23580,25210.3
23581,25216.1
23582,25209.8
23583,25212.9
23584,25213.2
23585,21052.5
23586,12729.4
23587,12718.4
23588,12718.8
23589,12733.5
23590,12733.4
23591,12733.6
23592,12720.4
23593,12725.7
23594,12729.4
23595,12741
23596,12741.3
23597,12740.3
23598,12725.8
23599,21615.4
23600,26370.2
23601,29982.5
23602,35393.6
23603,37196.1
23604,32229.2
23605,37196.5
23606,35391.2
23607,33589
23608,28625.2
23609,18704
23610,15407.6
23611,15397.1
23612,15402.7
23613,13044.7
23614,12740.7
23615,12741
23616,12738.5
23617,12733.6
23618,12734.4
23619,12741.9
23620,12749.2
23621,12749.2
23622,12744.6
23623,21624.3
23624,26385.4
23625,30000.4
23626,35416.1
23627,37218.5
23628,32252.7
23629,37222.3
23630,35413.3
23631,33604.6
23632,28643.7
23633,18719
23634,15407.1
23635,15409.1
23636,15422.7
23637,13050.1
23638,12739.9
23639,12749
23640,12749.2
23641,12754.7
23642,12742.8
23643,12743.2
23644,12750.4
23645,12757.6
23646,12757.9
23647,21644.2
23648,26401.1
23649,30018.9
23650,35440.3
23651,37244.3
23652,32279.2
23653,37246.4
23654,35438.2
23655,33629.8
23656,28664.4
23657,18727
23658,15416.3
23659,15433.4
23660,15432.4
23661,13060.9
23662,12743.4
23663,12745.7
23664,12757.9
23665,12766.2
23666,12767
23667,12752.8
23668,12752.2
23669,12756
23670,12767
23671,21665.5
23672,26422.7
23673,30038.1
23674,35465.2
23675,37271.1
23676,32304.5
23677,37272.6
23678,35464.4
23679,33657.6
23680,28683.2
23681,18733.8
23682,15442.6
23683,15443.7
23684,15434.9
23685,13076.1
23686,12760.6
23687,12752.1
23688,12752.4
23689,12771.5
23690,12776.3
23691,12776.5
23692,12770
23693,12761.8
23694,12762.1
23695,21683.6
23696,26449
23697,30061.8
23698,35489.5
23699,37305.3
23700,32322.1
23701,37299.2
23702,35491.7
23703,33684.8
23704,28705.8
23705,18754.7
23706,15456.1
23707,15440.4
23708,15439.9
23709,13086
23710,12776.2
23711,12776.5
23712,12768.7
23713,12771.5
23714,12772.5
23715,12783.1
23716,12786.4
23717,12786.6
23718,12779.6
23719,12772
23720,17624.8
23721,22076.7
23722,26325.9
23723,26326.9
23724,26119.6
23725,26119.7
23726,26082.9
23727,26083.9
23728,26086
23729,21456.1
23730,12780.5
23731,12785.5
23732,12771.9
23733,12772.3
23734,12776.6
23735,12786.4
23736,12786.5
23737,12796.3
23738,12782.9
23739,12783
23740,12786.1
23741,12797
23742,12797.3
23743,12797.3
23744,16960.1
23745,21159.8
23746,25341
23747,25339.1
23748,25342.7
23749,25338.5
23750,25344.1
23751,25337.9
23752,25339.7
23753,21153.8
23754,12791.7
23755,12797
23756,12797.2
23757,12786.3
23758,12782.9
23759,12783.3
23760,12796.6
23761,12807.4
23762,12808.3
23763,12799.1
23764,12794
23765,12794.4
23766,12805.4
23767,21735.6
23768,26513
23769,30135.7
23770,35580.4
23771,37396.1
23772,32408.9
23773,37393.1
23774,35582.1
23775,33769.6
23776,28778.3
23777,18799.4
23778,15495.2
23779,15483.7
23780,15478.3
23781,13118.4
23782,12808
23783,12808.4
23784,12795.8
23785,12805.2
23786,12806.4
23787,12819.8
23788,12819.9
23789,12819.9
23790,12810.2
23791,21747.9
23792,26534.4
23793,30169.2
23794,35615.7
23795,37429.5
23796,32437.6
23797,37431.7
23798,35613.7
23799,33795
23800,28807.1
23801,18819
23802,15492.9
23803,15509.3
23804,15508.3
23805,13125.6
23806,12806.3
23807,12806.2
23808,12817
23809,12831
23810,12831.9
23811,12826.3
23812,12817.9
23813,12818.3
23814,12825.4
23815,21776.3
23816,26565.1
23817,30191.7
23818,35646.3
23819,37468.3
23820,32466.5
23821,37463.9
23822,35648
23823,33833.1
23824,28832.1
23825,18838
23826,15520
23827,15507.3
23828,15512.8
23829,13137.7
23830,12831.5
23831,12831.8
23832,12832
23833,12831.8
23834,12830.8
23835,12831.2
23836,12843.5
23837,12844.3
23838,12844.6
23839,21791.3
23840,26583.5
23841,30225.7
23842,35683.9
23843,37500.3
23844,32502.3
23845,37503.2
23846,35690.3
23847,33857.6
23848,28860
23849,18849.6
23850,15537.9
23851,15538.3
23852,15524.6
23853,13155.5
23854,12844.4
23855,12832.6
23856,12830.7
23857,12843.6
23858,12856.4
23859,12857.3
23860,12857.4
23861,12851.6
23862,12843.7
23863,21817.3
23864,26615
23865,30260.1
23866,35722.5
23867,37539.7
23868,32532.6
23869,37544.1
23870,35720
23871,33895.8
23872,28892.9
23873,18873.8
23874,15540.6
23875,15555.3
23876,15554.2
23877,13165.1
23878,12844.4
23879,12844.2
23880,12850
23881,12869.9
23882,12870.9
23883,12871.1
23884,12858.6
23885,12857.7
23886,12858
23887,12869.8
23888,17744.8
23889,22225.3
23890,26502
23891,26504.6
23892,26295.3
23893,26292.4
23894,26258.6
23895,26261.6
23896,26256.8
23897,21598.8
23898,12870.8
23899,12860.3
23900,12857.5
23901,12858
23902,12868
23903,12870.7
23904,12871
23905,12880.7
23906,12871.6
23907,12871.9
23908,12874.8
23909,12884.7
23910,12885
23911,12885
23912,17076.7
23913,21305.5
23914,25520.4
23915,25515.1
23916,25519.7
23917,25514.3
23918,25515.8
23919,25519.1
23920,25515
23921,21302.8
23922,12876.8
23923,12874.5
23924,12884.7
23925,12884.8
23926,12885.1
23927,12874
23928,12871.8
23929,12885.9
23930,12896.1
23931,12899.1
23932,12899.3
23933,12897.3
23934,12886.1
23935,21887.4
23936,26702.2
23937,30359.3
23938,35839.8
23939,37664.9
23940,32641.7
23941,37666
23942,35838.6
23943,34012.2
23944,28985.2
23945,18930.4
23946,15604.9
23947,15605.6
23948,15593.2
23949,13211.8
23950,12899.3
23951,12888.1
23952,12886.3
23953,12900.9
23954,12911
23955,12914
23956,12914.2
23957,12912.8
23958,12901.2
23959,21912.7
23960,26733.3
23961,30394.7
23962,35881.1
23963,37708.8
23964,32681.4
23965,37709.6
23966,35880.8
23967,34051.8
23968,29019.1
23969,18953.7
23970,15623.5
23971,15623
23972,15607.3
23973,13227
23974,12914.1
23975,12910
23976,12901.3
23977,12916.3
23978,12919.4
23979,12929.4
23980,12929.7
23981,12929.7
23982,12923.6
23983,21935.6
23984,26764.2
23985,30430.2
23986,35925.1
23987,37753
23988,32721.2
23989,37755.6
23990,35923.4
23991,34094
23992,29054.1
23993,18979.2
23994,15643.5
23995,15630.9
23996,15625.7
23997,13242.7
23998,12929.2
23999,12929.6
24000,12926.8
24001,12931.9
24002,12933.2
24003,12933.5
24004,12945.1
24005,12945.2
24006,12945.5
24007,21966.4
24008,26794.9
24009,30465.7
24010,35968.4
24011,37801.5
24012,32763.3
24013,37799.7
24014,35968.5
24015,34137
24016,29090.8
24017,19007.7
24018,15654.1
24019,15644.6
24020,15660.6
24021,13253.3
24022,12936.5
24023,12945.2
24024,12945.3
24025,12960.8
24026,12955.7
24027,12949.4
24028,12949.6
24029,12952
24030,12961.8
24031,21997.6
24032,26834.7
24033,30502.4
24034,36013.9
24035,37857.5
24036,32795.5
24037,37852.3
24038,36015.5
24039,34173.5
24040,29132.9
24041,19030.6
24042,15665
24043,15682.9
24044,15681.8
24045,13273.5
24046,12949.9
24047,12949.6
24048,12949.9
24049,12977.1
24050,12978.1
24051,12978.4
24052,12976.9
24053,12966.2
24054,12966.4
24055,12966.7
24056,17902.8
24057,22411
24058,26723.6
24059,26727.9
24060,26516.9
24061,26518
24062,26479.5
24063,26480.8
24064,26481.7
24065,21776.7
24066,12967.4
24067,12978.1
24068,12978.4
24069,12978.4
24070,12973.9
24071,12966.3
24072,12966.6
24073,12983.2
24074,12995.3
24075,12995.3
24076,12995.5
24077,12994.7
24078,12983.5
24079,12983.8
24080,17241.2
24081,21493.7
24082,25733.9
24083,25739.3
24084,25739.1
24085,25737.3
24086,25741.8
24087,25736.2
24088,25737.4
24089,21487.8
24090,12985.1
24091,12989.7
24092,12995.2
24093,12995.4
24094,12995.6
24095,12989.1
24096,12983.6
24097,13000.7
24098,13002.5
24099,13012.9
24100,13013.1
24101,13013.1
24102,13012.1
24103,22078
24104,26938.4
24105,30628.1
24106,36159.1
24107,38002
24108,32937.2
24109,37999.9
24110,36158.8
24111,34317.7
24112,29244.9
24113,19110.4
24114,15727.9
24115,15735.7
24116,15745.3
24117,13325
24118,13002
24119,13002
24120,13011.6
24121,13029.7
24122,13031
24123,13031.2
24124,13021.5
24125,13019.7
24126,13019.9
24127,22120.2
24128,26981.1
24129,30675.1
24130,36211.8
24131,38055.7
24132,32981.7
24133,38056
24134,36209.5
24135,34365.5
24136,29285.8
24137,19131.2
24138,15766.7
24139,15749
24140,15756
24141,13341.2
24142,13029.9
24143,13030.8
24144,13030.9
24145,13048.6
24146,13040.3
24147,13038.4
24148,13038.6
24149,13040.5
24150,13049.4
24151,22147.6
24152,27020.6
24153,30715
24154,36262.3
24155,38113.3
24156,33024.1
24157,38114.8
24158,36260.9
24159,34414.1
24160,29327.3
24161,19154.9
24162,15789
24163,15783.6
24164,15771
24165,13365.5
24166,13049.1
24167,13049.5
24168,13046.9
24169,13056.1
24170,13057.5
24171,13057.8
24172,13063.1
24173,13068
24174,13068.4
24175,22181
24176,27053.7
24177,30756.9
24178,36313.9
24179,38175.2
24180,33068.8
24181,38170.9
24182,36316.4
24183,34462
24184,29372
24185,19180
24186,15811.4
24187,15812.3
24188,15795.6
24189,13384.8
24190,13068.1
24191,13068.5
24192,13057.9
24193,13075.8
24194,13077.2
24195,13078.9
24196,13087.5
24197,13087.3
24198,13087.6
24199,22212.3
24200,27092.6
24201,30803.6
24202,36367.7
24203,38229.5
24204,33119.3
24205,38227.3
24206,36371.8
24207,34513
24208,29416
24209,19208.5
24210,15835
24211,15835.9
24212,15818.9
24213,13404.5
24214,13087.3
24215,13087.8
24216,13078.3
24217,13095.6
24218,13097.1
24219,13097.4
24220,13106.8
24221,13106.9
24222,13107.2
24223,13107.3
24224,18053.8
24225,22642.9
24226,26998.7
24227,27000.1
24228,26781.5
24229,26782.3
24230,26747.6
24231,26748.3
24232,26748.6
24233,21993.7
24234,13101.2
24235,13107
24236,13107.1
24237,13107.2
24238,13096.9
24239,13096.8
24240,13097.1
24241,13116.8
24242,13127
24243,13127
24244,13127.2
24245,13127.4
24246,13121.7
24247,13117
24248,17414.7
24249,21709.6
24250,26001.7
24251,26002.5
24252,26006.5
24253,26001.1
24254,26002.4
24255,26006.3
24256,26001
24257,21712.5
24258,13127
24259,13123.3
24260,13116.9
24261,13117.3
24262,13117.5
24263,13121.5
24264,13126.9
24265,13146.3
24266,13147.7
24267,13147.9
24268,13139.7
24269,13137.8
24270,13138
24271,13138.3
24272,17457.7
24273,21741.6
24274,26040.9
24275,26045.3
24276,26044.6
24277,26043.1
24278,26044.4
24279,26046.3
24280,26042.9
24281,21744.9
24282,13146.3
24283,13137.9
24284,13138.1
24285,13138.4
24286,13147.4
24287,13147.4
24288,13147.6
24289,13167.4
24290,13165.6
24291,13158.8
24292,13158.9
24293,13159.3
24294,13159.8
24295,22359.2
24296,27271.1
24297,31003.6
24298,36599.6
24299,38462.1
24300,33335.1
24301,38462.6
24302,36597.8
24303,34733.8
24304,29599.1
24305,19341.6
24306,15913.4
24307,15936.1
24308,15934.9
24309,13488.4
24310,13160.2
24311,13158.9
24312,13159.1
24313,13179.6
24314,13185.5
24315,13189.4
24316,13189.8
24317,13189.7
24318,13189.8
24319,22383.4
24320,27308.4
24321,31048.1
24322,36657
24323,38536.1
24324,33382
24325,38534.1
24326,36656.5
24327,34789.2
24328,29647
24329,19366.1
24330,15962
24331,15941.5
24332,15952.3
24333,13506.2
24334,13183
24335,13189.4
24336,13189.7
24337,13210
24338,13211.5
24339,13208.6
24340,13202
24341,13202.3
24342,13202.5
24343,22429.4
24344,27359
24345,31104.1
24346,36719.9
24347,38589.7
24348,33446.5
24349,38591.4
24350,36723
24351,34844.6
24352,29701.4
24353,19392.1
24354,15986
24355,15987.5
24356,15967.9
24357,13531.3
24358,13211
24359,13211.4
24360,13211.5
24361,13223.4
24362,13224.4
24363,13224.7
24364,13224.9
24365,13227.7
24366,13233.2
24367,22464.5
24368,27407.6
24369,31156.1
24370,36783.2
24371,38654.6
24372,33500.9
24373,38654.6
24374,36780.3
24375,34907.4
24376,29749.4
24377,19432.8
24378,15999.3
24379,16015
24380,16006.5
24381,13554
24382,13233.2
24383,13228.9
24384,13224.4
24385,13245.8
24386,13247.4
24387,13247.7
24388,13253.3
24389,13255.2
24390,13255.7
24391,13255.5
24392,18267.2
24393,22901.5
24394,27306.8
24395,27308.3
24396,27092.4
24397,27091.6
24398,27053.3
24399,27054.5
24400,27055
24401,22250.5
24402,13255
24403,13247.1
24404,13247.3
24405,13247.6
24406,13251.9
24407,13255.2
24408,13255.4
24409,13276.9
24410,13278.4
24411,13276.9
24412,13269.8
24413,13270
24414,13270.2
24415,13270.5
24416,17632
24417,21959.5
24418,26302.3
24419,26306.6
24420,26309.4
24421,26304.7
24422,26305.9
24423,26307.2
24424,26308
24425,21964.6
24426,13272.1
24427,13278.3
24428,13278.4
24429,13276.6
24430,13269.8
24431,13270
24432,13270.3
24433,13292.4
24434,13295
24435,13300.9
24436,13301.2
24437,13301.2
24438,13301.5
24439,22579.7
24440,27542
24441,31316.8
24442,36974.7
24443,38856.9
24444,33675.5
24445,38857.9
24446,36972.5
24447,35089.3
24448,29903.3
24449,19534.7
24450,16082.1
24451,16098.2
24452,16087.9
24453,13623.7
24454,13301.2
24455,13301.6
24456,13293.6
24457,13315.5
24458,13317.1
24459,13317.4
24460,13317.5
24461,13321.8
24462,13324.6
24463,22621.3
24464,27600.1
24465,31374.7
24466,37040
24467,38924.1
24468,33737.1
24469,38927.1
24470,37044
24471,35149.1
24472,29957.7
24473,19563.5
24474,16125.8
24475,16115.5
24476,16108.1
24477,13645.4
24478,13324.2
24479,13324.3
24480,13324.5
24481,13347
24482,13348.6
24483,13348.1
24484,13340.8
24485,13340.9
24486,13341
24487,22663.1
24488,27645.3
24489,31429.3
24490,37105.4
24491,39003.9
24492,33790.4
24493,39003.7
24494,37105.2
24495,35214.9
24496,30009.1
24497,19607.5
24498,16137.1
24499,16148.9
24500,16155.2
24501,13674.6
24502,13341.4
24503,13340.9
24504,13341.1
24505,13364.2
24506,13365.9
24507,13368.1
24508,13372.2
24509,13372.1
24510,13372.5
24511,22700.3
24512,27695.8
24513,31488.1
24514,37176
24515,39066.5
24516,33859.9
24517,39067
24518,37179.2
24519,35277.4
24520,30066.2
24521,19635
24522,16184.5
24523,16170.1
24524,16170.4
24525,13695.3
24526,13366.8
24527,13372
24528,13372.1
24529,13395.1
24530,13396.8
24531,13396.9
24532,13397
24533,13391.9
24534,13389.7
24535,22741.5
24536,27744.9
24537,31542.9
24538,37243.2
24539,39146.7
24540,33919.5
24541,39141.3
24542,37241.9
24543,35344.7
24544,30123
24545,19672.3
24546,16205.3
24547,16214.5
24548,16196.4
24549,13721.3
24550,13396.4
24551,13396.8
24552,13396.9
24553,13420.3
24554,13416.1
24555,13414.8
24556,13415
24557,13415.2
24558,13415.3
24559,13415.5
24560,18519.4
24561,23180.8
24562,27654.8
24563,27652.1
24564,27433.5
24565,27434.1
24566,27398.2
24567,27398.5
24568,27399.5
24569,22530.6
24570,13418.2
24571,13415.3
24572,13415.4
24573,13416.6
24574,13421
24575,13421.1
24576,13421.2
24577,13444.9
24578,13446.5
24579,13446.7
24580,13445.7
24581,13440
24582,13440
24583,13440.3
24584,17843.4
24585,22240.7
24586,26646.2
24587,26643.2
24588,26644.3
24589,26645
24590,26645.2
24591,26643
24592,26644.1
24593,22245.1
24594,13447.7
24595,13440.2
24596,13440.3
24597,13440.6
24598,13440.7
24599,13440.9
24600,13445.6
24601,13469.8
24602,13471.4
24603,13471.5
24604,13471.6
24605,13471.9
24606,13471.9
24607,22868.6
24608,27899.5
24609,31725.2
24610,37456.9
24611,39361.4
24612,34114.9
24613,39362.7
24614,37461
24615,35545.2
24616,30289.6
24617,19785.2
24618,16302
24619,16283.1
24620,16306.6
24621,13800
24622,13466.3
24623,13466.1
24624,13466.3
24625,13490.8
24626,13494.7
24627,13496.8
24628,13497.1
24629,13497
24630,13497.3
24631,22913.8
24632,27958.1
24633,31787.2
24634,37526.7
24635,39437
24636,34179.8
24637,39444.4
24638,37525.7
24639,35613.9
24640,30348
24641,19828.5
24642,16317.4
24643,16333.6
24644,16336.3
24645,13824.6
24646,13497.3
24647,13495.2
24648,13491.5
24649,13516.1
24650,13517.9
24651,13518.1
24652,13518.1
24653,13518.4
24654,13518.4
24655,22969.5
24656,28014.4
24657,31847.5
24658,37598.3
24659,39524.2
24660,34244.2
24661,39514.9
24662,37598.1
24663,35682.5
24664,30413.6
24665,19855.5
24666,16367.9
24667,16360.6
24668,16348.8
24669,13851.1
24670,13520.6
24671,13522.6
24672,13522.8
24673,13547.4
24674,13549.1
24675,13549.3
24676,13549.3
24677,13549.5
24678,13549.5
24679,23000.9
24680,28062.5
24681,31910.4
24682,37675.6
24683,39590.3
24684,34313.8
24685,39597.4
24686,37675.1
24687,35751.7
24688,30466.5
24689,19905.5
24690,16381
24691,16397.3
24692,16398.7
24693,13877.8
24694,13549.3
24695,13549.7
24696,13545.2
24697,13569.2
24698,13570.9
24699,13571
24700,13571.1
24701,13571.3
24702,13571.4
24703,23056.5
24704,28123.3
24705,31971.4
24706,37748.4
24707,39677.2
24708,34380.2
24709,39670
24710,37751.1
24711,35823.9
24712,30528.8
24713,19947.8
24714,16421
24715,16409.5
24716,16434.1
24717,13907.9
24718,13571.4
24719,13571.2
24720,13571.3
24721,13596.8
24722,13598.6
24723,13598.7
24724,13599.9
24725,13601.8
24726,13602.2
24727,13602.2
24728,18763.5
24729,23505.2
24730,28027.2
24731,28030.4
24732,27808.5
24733,27808.8
24734,27772.2
24735,27772.3
24736,27773.1
24737,22840
24738,13608.4
24739,13599.4
24740,13597.7
24741,13597.9
24742,13598
24743,13598.1
24744,13598.2
24745,13623.9
24746,13625.7
24747,13625.8
24748,13626
24749,13627.4
24750,13629
24751,13628.8
24752,18097.8
24753,22550
24754,27008.4
24755,27011.7
24756,27012.5
24757,27014
24758,27009.6
24759,27010.5
24760,27011.4
24761,22551.5
24762,13635.9
24763,13625.6
24764,13624.9
24765,13625.1
24766,13625.2
24767,13625.3
24768,13625.4
24769,13651.4
24770,13653.1
24771,13653.3
24772,13653.3
24773,13653.5
24774,13655.1
24775,23197.4
24776,28294.9
24777,32165.6
24778,37975.2
24779,39919.2
24780,34586.9
24781,39909.1
24782,37980.4
24783,36041.7
24784,30710.8
24785,20062
24786,16520.5
24787,16518.5
24788,16532.1
24789,13992
24790,13656.2
24791,13652.6
24792,13652.5
24793,13678.6
24794,13680.4
24795,13680.4
24796,13680.5
24797,13680.7
24798,13680.7
24799,23241.4
24800,28349.3
24801,32228.1
24802,38057.6
24803,39992
24804,34659.5
24805,39996.4
24806,38055.1
24807,36113
24808,30773.1
24809,20106.2
24810,16546.4
24811,16566
24812,16547.8
24813,14015.3
24814,13683.3
24815,13683.5
24816,13683.6
24817,13709.7
24818,13711.5
24819,13711.5
24820,13711.5
24821,13711.7
24822,13711.7
24823,23281.1
24824,28403.1
24825,32298.2
24826,38132.2
24827,40078.2
24828,34726.9
24829,40078.5
24830,38127.8
24831,36187
24832,30844.4
24833,20138.9
24834,16599.2
24835,16574.8
24836,16596.9
24837,14048.3
24838,13708.7
24839,13708.5
24840,13708.6
24841,13735.1
24842,13736.9
24843,13737
24844,13737
24845,13737.2
24846,13737.1
24847,23340.5
24848,28467.4
24849,32361.6
24850,38212.8
24851,40158.5
24852,34801.9
24853,40161.2
24854,38211.3
24855,36261.3
24856,30899.1
24857,20185.4
24858,16620.7
24859,16633.4
24860,16608.1
24861,14072
24862,13738.5
24863,13738.8
24864,13738.8
24865,13765.3
24866,13767
24867,13767
24868,13767.4
24869,13767.2
24870,13767.4
24871,23377.6
24872,28530.6
24873,32432.5
24874,38286.3
24875,40248.3
24876,34871
24877,40238.1
24878,38295.8
24879,36336.5
24880,30963
24881,20229.2
24882,16645.1
24883,16667.5
24884,16657.2
24885,14101.1
24886,13767
24887,13767.3
24888,13767.4
24889,13794
24890,13795.7
24891,13795.8
24892,13795.9
24893,13795.9
24894,13795.9
24895,13796
24896,19015.7
24897,23846.4
24898,28433.3
24899,28434.9
24900,28209.5
24901,28209.6
24902,28172.1
24903,28172.7
24904,28172.5
24905,23170.2
24906,13791
24907,13795.5
24908,13795.5
24909,13795.6
24910,13795.7
24911,13795.8
24912,13795.8
24913,13822.6
24914,13824.4
24915,13824.4
24916,13824.5
24917,13824.5
24918,13824.5
24919,13824.4
24920,18335.5
24921,22880.3
24922,27403.9
24923,27404.3
24924,27405.5
24925,27400.8
24926,27401.4
24927,27402.1
24928,27402.7
24929,22879.1
24930,13825.2
24931,13824.3
24932,13824.3
24933,13824.4
24934,13824.4
24935,13824.5
24936,13824.5
24937,13851.5
24938,13853.3
24939,13852.3
24940,13851
24941,13850.9
24942,13851
24943,13850.9
24944,23524
24945,28699.7
24946,32636.2
24947,38530.5
24948,40499.7
24949,35092.1
24950,40492.9
24951,38534
24952,36567.9
24953,31158
24954,20355.9
24955,16749.3
24956,16773.1
24957,16758.9
24958,14188.4
24959,13852.2
24960,13852.4
24961,13879.6
24962,13881.3
24963,13881.4
24964,13881.4
24965,13881.7
24966,13881.5
24967,13881.6
24968,23574.3
24969,28770.1
24970,32704.2
24971,38611.9
24972,40584.7
24973,35165.6
24974,40583.6
24975,38612.1
24976,36641.4
24977,31228.7
24978,20387.4
24979,16806
24980,16793.6
24981,16795.8
24982,14223.6
24983,13880.9
24984,13880.7
24985,13908.3
24986,13910.1
24987,13910.1
24988,13910.1
24989,13910
24990,13910.1
24991,13910.1
24992,23631.3
24993,28824.5
24994,32774.9
24995,38693.4
24996,40666.5
24997,35240.4
24998,40667
24999,38695.1
25000,36724.7
25001,31289.9
25002,20441.1
25003,16820.7
25004,16842.3
25005,16829.7
25006,14247.7
25007,13910
25008,13910.2
25009,13937.7
25010,13939.4
25011,13939.4
25012,13939.4
25013,13939.7
25014,13939.4
25015,13939.6
25016,23677.8
25017,28891.1
25018,32841.7
25019,38778.7
25020,40753.1
25021,35316.3
25022,40760.4
25023,38772
25024,36797.5
25025,31364.6
25026,20479.1
25027,16872.2
25028,16859.2
25029,16878.7
25030,14282.6
25031,13939.8
25032,13940.1
25033,13967.7
25034,13969.4
25035,13969.4
25036,13969.4
25037,13969.3
25038,13969.4
25039,13969.3
25040,23720.9
25041,28949.3
25042,32914.3
25043,38856.7
25044,40845.6
25045,35390.1
25046,40844.2
25047,38858.5
25048,36876
25049,31429.5
25050,20520.4
25051,16914.2
25052,16888
25053,16915.2
25054,14315.9
25055,13969.1
25056,13968.5
25057,13996.4
25058,13998.5
25059,13998.9
25060,13999.1
25061,13999.1
25062,13999.1
25063,13998.9
25064,13999
25065,18572.1
25066,23172.4
25067,27752.9
25068,27753.9
25069,27754.4
25070,27754.8
25071,27755.3
25072,27754.6
25073,27751
25074,23165.7
25075,13997.6
25076,13999.2
25077,13999.1
25078,13999.2
25079,13999.2
25080,13999.1
25081,14027.2
25082,14029
25083,14029
25084,14028.9
25085,14028.9
25086,14028.9
25087,14028.7
25088,14028.8
25089,18617.8
25090,23219.8
25091,27815.7
25092,27814.7
25093,27815.1
25094,27810.7
25095,27810.7
25096,27811.1
25097,27811.6
25098,23216.5
25099,14021.3
25100,14027.4
25101,14027.6
25102,14027.8
25103,14029.1
25104,14029.6
25105,14057.8
25106,14059.5
25107,14059.5
25108,14059.4
25109,14059.3
25110,14059.4
25111,14059.2
25112,23885.5
25113,29134.1
25114,33126.5
25115,39108.3
25116,41107.8
25117,35618.2
25118,41101.1
25119,39116.7
25120,37113.8
25121,31630.1
25122,20649.5
25123,17021.6
25124,17003.8
25125,17017
25126,14407
25127,14059
25128,14058.5
25129,14086.7
25130,14088.6
25131,14088.5
25132,14088.5
25133,14088.5
25134,14088.2
25135,14088.1
25136,23923.9
25137,29198.6
25138,33197
25139,39195.2
25140,41194.2
25141,35696.1
25142,41198.6
25143,39188.5
25144,37199.4
25145,31696.9
25146,20703.7
25147,17037.2
25148,17060.4
25149,17041.6
25150,14429
25151,14086.9
25152,14087
25153,14116.5
25154,14120.1
25155,14120
25156,14119.9
25157,14119.8
25158,14119.8
25159,14119.6
25160,23988.4
25161,29259
25162,33269.5
25163,39277.9
25164,41287.9
25165,35771.5
25166,41281.2
25167,39279.1
25168,37272.6
25169,31769
25170,20742.8
25171,17089.4
25172,17077.6
25173,17096.1
25174,14460.7
25175,14117.5
25176,14117.7
25177,14145.9
25178,14147.6
25179,14147.5
25180,14147.4
25181,14147.6
25182,14147.3
25183,14147.5
25184,24040
25185,29325.6
25186,33339.2
25187,39365.6
25188,41373
25189,35851.5
25190,41367.6
25191,39370.3
25192,37353.9
25193,31835.2
25194,20784.3
25195,17132
25196,17107
25197,17133.4
25198,14499.4
25199,14147.9
25200,14148.1
25201,14176.3
25202,14178
25203,14177.9
25204,14177.8
25205,14177.7
25206,14177.6
25207,14177.7
25208,24088.5
25209,29389.9
25210,33410.1
25211,39453.3
25212,41460.3
25213,35929.9
25214,41456.9
25215,39455.6
25216,37434.5
25217,31904.2
25218,20829.5
25219,17168.7
25220,17145.2
25221,17170
25222,14527.4
25223,14177.9
25224,14178
25225,14206.4
25226,14208.1
25227,14207.9
25228,14207.8
25229,14207.7
25230,14207.6
25231,14207.9
25232,14207.7
25233,19612.5
25234,24559.9
25235,29300.1
25236,29297.8
25237,29064.8
25238,29064.2
25239,29025
25240,29024.8
25241,29024
25242,23866.7
25243,14212.8
25244,14210.5
25245,14210.4
25246,14210.4
25247,14210.2
25248,14210.3
25249,14237.5
25250,14238.9
25251,14238.7
25252,14238.6
25253,14238.5
25254,14238.4
25255,14238.4
25256,14238.1
25257,18911.8
25258,23569.3
25259,28231
25260,28233.2
25261,28233.4
25262,28233.5
25263,28233.6
25264,28233.8
25265,28233.9
25266,23567.2
25267,14237
25268,14241.9
25269,14241.7
25270,14241.7
25271,14241.6
25272,14241.4
25273,14270.1
25274,14271.9
25275,14271.8
25276,14271.6
25277,14271.4
25278,14270.1
25279,14269.1
25280,24234.4
25281,29583.8
25282,33627.1
25283,39711.4
25284,41727.5
25285,36163.9
25286,41726.9
25287,39712.9
25288,37677.5
25289,32113
25290,20966.6
25291,17274.1
25292,17262.7
25293,17278.5
25294,14614.9
25295,14268.3
25296,14268.4
25297,14296.9
25298,14298.6
25299,14298.5
25300,14302.3
25301,14303.4
25302,14303.3
25303,14303.1
25304,24299.6
25305,29639
25306,33702.7
25307,39788
25308,41824.2
25309,36239
25310,41824.8
25311,39792.1
25312,37764.4
25313,32174.3
25314,21011.8
25315,17314.3
25316,17298.7
25317,17313.1
25318,14657.2
25319,14302
25320,14299.7
25321,14328.2
25322,14329.8
25323,14329.7
25324,14329.5
25325,14329.6
25326,14329.2
25327,14329.4
25328,24354.6
25329,29706.4
25330,33776.2
25331,39875.7
25332,41915.7
25333,36315.8
25334,41917.5
25335,39872.1
25336,37850.9
25337,32244.1
25338,21062.2
25339,17343.2
25340,17343.6
25341,17342.8
25342,14687.9
25343,14333.7
25344,14333.1
25345,14360.9
25346,14360.7
25347,14360.5
25348,14360.3
25349,14360.1
25350,14359.9
25351,14360
25352,14359.6
25353,19081.3
25354,23764.8
25355,28485.1
25356,28482.2
25357,28482.1
25358,28482.1
25359,28482
25360,28481.9
25361,28481
25362,23773.7
25363,14370.3
25364,14360.7
25365,14360.4
25366,14360.3
25367,14360.1
25368,14359.9
25369,14388.5
25370,14390.1
25371,14391.3
25372,14396.1
25373,14395.8
25374,14395.7
25375,14395.4
25376,24454.7
25377,29829.6
25378,33921.7
25379,40051.9
25380,42091.7
25381,36478
25382,42091.7
25383,40055.9
25384,38003.6
25385,32390.9
25386,21149.1
25387,17415.8
25388,17420.9
25389,17416.1
25390,14739.5
25391,14390.2
25392,14395.9
25393,14425
25394,14426.6
25395,14426.4
25396,14426.1
25397,14426
25398,14425.8
25399,14425.2
25400,14421.7
25401,19892.6
25402,24936.4
25403,29744.8
25404,29744.2
25405,29507.2
25406,29506.3
25407,29466.1
25408,29465.5
25409,29467.4
25410,24229.7
25411,14431.8
25412,14421.7
25413,14421.4
25414,14421.3
25415,14421.1
25416,14420.9
25417,14449.4
25418,14453
25419,14457.9
25420,14457.6
25421,14457.4
25422,14457.1
25423,14456.8
25424,14456.7
25425,19181
25426,23931.8
25427,28662.1
25428,28663.1
25429,28662.9
25430,28662.7
25431,28662.4
25432,28662.2
25433,28662
25434,23925.9
25435,14457
25436,14457
25437,14456.7
25438,14456.6
25439,14454.5
25440,14452.3
25441,14480.8
25442,14482.4
25443,14482.1
25444,14481.9
25445,14482.6
25446,14488.8
25447,14488.4
25448,24615.6
25449,30023.3
25450,34141.3
25451,40310.8
25452,42364.4
25453,36714.4
25454,42363.1
25455,40313.2
25456,38249.3
25457,32602.1
25458,21289.3
25459,17521.3
25460,17542.2
25461,17517.5
25462,14845
25463,14488.2
25464,14487.8
25465,14516.6
25466,14518.1
25467,14513.5
25468,14513.2
25469,14512.9
25470,14512.7
25471,14512.8
25472,24668.6
25473,30090.9
25474,34214.9
25475,40391.6
25476,42458
25477,36788.9
25478,42457.5
25479,40400.9
25480,38330.5
25481,32671
25482,21332
25483,17558.6
25484,17578.5
25485,17555.2
25486,14875.5
25487,14519.2
25488,14519
25489,14547.7
25490,14549.4
25491,14548.5
25492,14544
25493,14543.7
25494,14543.5
25495,14543.3
25496,24718.8
25497,30155.7
25498,34287.4
25499,40478.2
25500,42548.9
25501,36867.5
25502,42548.2
25503,40486.9
25504,38411.9
25505,32741.2
25506,21379.1
25507,17595.7
25508,17617.2
25509,17592.5
25510,14908
25511,14550
25512,14549.6
25513,14578.3
25514,14578.7
25515,14574.5
25516,14574.2
25517,14573.8
25518,14573.6
25519,14573.7
25520,24776
25521,30218
25522,34359.7
25523,40566.2
25524,42637.8
25525,36950.6
25526,42635.8
25527,40570.2
25528,38497.9
25529,32808.6
25530,21427.2
25531,17636.1
25532,17644.5
25533,17640.5
25534,14941
25535,14580.6
25536,14574.8
25537,14603
25538,14604.5
25539,14604.2
25540,14603.9
25541,14610.4
25542,14612
25543,14611.5
25544,24823.2
25545,30278.8
25546,34431.6
25547,40659.9
25548,42727
25549,37022.7
25550,42732
25551,40648.9
25552,38585.8
25553,32872.5
25554,21464.5
25555,17690.1
25556,17667.9
25557,17688.3
25558,14958.9
25559,14603.8
25560,14604.9
25561,14641.2
25562,14642.6
25563,14642.3
25564,14641.9
25565,14641.6
25566,14637.7
25567,14635.2
25568,14634.9
25569,20200.2
25570,25306.3
25571,30191.4
25572,30188.1
25573,29947.3
25574,29951.5
25575,29911.2
25576,29918
25577,29900.6
25578,24592.3
25579,14642.4
25580,14641.8
25581,14641.6
25582,14635.6
25583,14635.2
25584,14634.9
25585,14663.1
25586,14666.4
25587,14673.7
25588,14673.3
25589,14672.9
25590,14672.6
25591,14672.3
25592,14666.1
25593,19473.1
25594,24286.7
25595,29087.3
25596,29091.5
25597,29095.5
25598,29094.7
25599,29094.1
25600,29093.5
25601,29093
25602,24284.9
25603,14662
25604,14673.5
25605,14673.1
25606,14672.8
25607,14672.5
25608,14671.1
25609,14694.4
25610,14695.8
25611,14695.4
25612,14695.1
25613,14701.9
25614,14704
25615,14703.6
25616,24978.8
25617,30472.8
25618,34646.6
25619,40915.7
25620,43002.6
25621,37255.5
25622,43001.7
25623,40914.2
25624,38821.4
25625,33086.1
25626,21603
25627,17781.7
25628,17803.3
25629,17779.1
25630,15065.7
25631,14703.6
25632,14703.1
25633,14729
25634,14726.4
25635,14726
25636,14725.6
25637,14726.4
25638,14734.9
25639,14734.3
25640,25032.5
25641,30535.3
25642,34719.7
25643,41001.4
25644,43092.5
25645,37333.1
25646,43091.3
25647,41000.5
25648,38901.5
25649,33155.1
25650,21649
25651,17819.3
25652,17839.9
25653,17816.2
25654,15097.3
25655,14734.1
25656,14733.1
25657,14754.9
25658,14756.2
25659,14755.8
25660,14755.6
25661,14765
25662,14765
25663,14764.4
25664,25081.3
25665,30600.8
25666,34791.6
25667,41084.7
25668,43180.4
25669,37411.8
25670,43178.5
25671,41086.6
25672,38981
25673,33226.3
25674,21697.3
25675,17859.8
25676,17862.6
25677,17867.8
25678,15129
25679,14756.3
25680,14756.2
25681,14784
25682,14788
25683,14795.7
25684,14795.3
25685,14794.7
25686,14794.5
25687,14788.8
25688,25125.9
25689,30667.9
25690,34867.4
25691,41163.6
25692,43270.2
25693,37497.4
25694,43266.1
25695,41165.5
25696,39074.1
25697,33285.7
25698,21735.5
25699,17909.6
25700,17893.3
25701,17903.3
25702,15144.7
25703,14792.6
25704,14795.5
25705,14823.5
25706,14824.9
25707,14822.5
25708,14816.6
25709,14816.1
25710,14815.8
25711,14820.7
25712,25191.6
25713,30724.1
25714,34937.5
25715,41257.2
25716,43360.6
25717,37564.9
25718,43358.8
25719,41257
25720,39141.7
25721,33362.5
25722,21785.5
25723,17931.8
25724,17939.4
25725,17938.4
25726,15192.1
25727,14816.9
25728,14816.3
25729,14844
25730,14848.3
25731,14856.2
25732,14855.7
25733,14855.2
25734,14854.8
25735,14846.5
25736,14846.1
25737,20494.9
25738,25675.5
25739,30630.9
25740,30627.7
25741,30390.4
25742,30387.9
25743,30345.6
25744,30344.7
25745,30350.5
25746,24954.1
25747,14842.3
25748,14850.4
25749,14856
25750,14855.6
25751,14855.2
25752,14852.9
25753,14874.6
25754,14875.8
25755,14875.4
25756,14882.9
25757,14886
25758,14885.5
25759,14885
25760,14880.3
25761,19754.9
25762,24637.9
25763,29514.3
25764,29517.8
25765,29516.8
25766,29515.8
25767,29514.9
25768,29513.9
25769,29513
25770,24637.8
25771,14887.6
25772,14876.2
25773,14875.7
25774,14875.3
25775,14884.7
25776,14885.9
25777,14913.6
25778,14915
25779,14907.6
25780,14905.7
25781,14905.4
25782,14909.2
25783,14916
25784,25341.8
25785,30914.4
25786,35148
25787,41507.2
25788,43622.6
25789,37797.7
25790,43624.4
25791,41505.7
25792,39390.8
25793,33557.6
25794,21913.6
25795,18054.2
25796,18040.9
25797,18045.2
25798,15270.5
25799,14916.1
25800,14915.6
25801,14943.2
25802,14941
25803,14935.4
25804,14934.9
25805,14935.6
25806,14946.2
25807,14945.4
25808,25390.2
25809,30976.7
25810,35221.2
25811,41586.9
25812,43708.9
25813,37877.8
25814,43709.5
25815,41585.8
25816,39472.7
25817,33630.3
25818,21955.8
25819,18078.1
25820,18090.3
25821,18072.6
25822,15313.2
25823,14945.3
25824,14944.5
25825,14963.2
25826,14964.4
25827,14963.9
25828,14973.6
25829,14975.2
25830,14974.8
25831,14973.9
25832,25429.6
25833,31042.3
25834,35292.6
25835,41669
25836,43798.5
25837,37951.3
25838,43800.8
25839,41671.7
25840,39540.9
25841,33700.4
25842,22005.6
25843,18114.3
25844,18116
25845,18124
25846,15339.5
25847,14964.3
25848,14964
25849,14999.2
25850,15004.9
25851,15004.4
25852,15004.1
25853,14994.3
25854,14993.7
25855,14993.5
25856,25496.8
25857,31097.2
25858,35361.1
25859,41756.8
25860,43885.1
25861,38021.9
25862,43887.3
25863,41754.6
25864,39628.3
25865,33759.6
25866,22043.4
25867,18156.4
25868,18155
25869,18145.4
25870,15371.9
25871,15004.7
25872,15004.1
25873,15025.8
25874,15022.9
25875,15022.3
25876,15029.5
25877,15034.2
25878,15033.8
25879,15033.3
25880,25529.6
25881,31164.6
25882,35432.6
25883,41834.5
25884,43971.1
25885,38099.3
25886,43972.2
25887,41839.4
25888,39694.8
25889,33833.4
25890,22089.1
25891,18194.2
25892,18180.2
25893,18200.3
25894,15387.3
25895,15025.6
25896,15034.5
25897,15061.3
25898,15062.5
25899,15054.4
25900,15051.7
25901,15051.1
25902,15061.7
25903,15063.2
25904,15062.7
25905,20769.7
25906,26039.5
25907,31063.4
25908,31057.9
25909,30814.4
25910,30814
25911,30770.7
25912,30773.6
25913,30772.7
25914,25299.7
25915,15056.9
25916,15063.2
25917,15062.6
25918,15057.5
25919,15051.9
25920,15051.3
25921,15085.9
25922,15092.5
25923,15091.9
25924,15089.7
25925,15080.8
25926,15080.1
25927,15084.2
25928,15092.7
25929,20029.9
25930,24985
25931,29923.7
25932,29924.1
25933,29929.9
25934,29927.2
25935,29925.9
25936,29924.5
25937,29925.9
25938,24979.2
25939,15087.2
25940,15080.1
25941,15084.6
25942,15092.7
25943,15092
25944,15091.6
25945,15108
25946,15108.8
25947,15110.6
25948,15121.7
25949,15120.8
25950,15120.3
25951,15110.8
25952,25683.3
25953,31343
25954,35637
25955,42084.3
25956,44228.1
25957,38315.3
25958,44226.9
25959,42080.2
25960,39937.9
25961,34025.8
25962,22213
25963,18289.3
25964,18304.3
25965,18285.6
25966,15493.5
25967,15120.8
25968,15109.5
25969,15135.4
25970,15140.1
25971,15150.2
25972,15149.5
25973,15148.9
25974,15137.8
25975,15137.2
25976,25739.8
25977,31399.4
25978,35704.1
25979,42161.3
25980,44309.6
25981,38395.8
25982,44311.4
25983,42157.8
25984,40009.1
25985,34093.3
25986,22260.9
25987,18324.3
25988,18328.4
25989,18334.7
25990,15515.6
25991,15136.9
25992,15139.9
25993,15177
25994,15177.9
25995,15177.1
25996,15165.9
25997,15165.3
25998,15170.3
25999,15178.3
26000,25787.6
26001,31461
26002,35774.8
26003,42235.3
26004,44396.9
26005,38466.9
26006,44395.1
26007,42241.4
26008,40081.2
26009,34153.4
26010,22299.5
26011,18370.5
26012,18360.8
26013,18356.6
26014,15548.7
26015,15178
26016,15177.5
26017,15192.4
26018,15193.2
26019,15198.1
26020,15206.7
26021,15205.9
26022,15202.3
26023,15193.5
26024,25831.9
26025,31518.5
26026,35839
26027,42320.2
26028,44476.2
26029,38539.8
26030,44478.1
26031,42316.3
26032,40158.3
26033,34220.3
26034,22345.2
26035,18395.2
26036,18390.3
26037,18410
26038,15565.2
26039,15193.7
26040,15207
26041,15232.5
26042,15233.7
26043,15221.6
26044,15220.9
26045,15227.7
26046,15234.6
26047,15233.7
26048,25873.9
26049,31581.4
26050,35906.8
26051,42398.5
26052,44560.5
26053,38603.3
26054,44560.6
26055,42397.4
26056,40237.6
26057,34282.1
26058,22382.5
26059,18425.8
26060,18438
26061,18431.1
26062,15606.4
26063,15221
26064,15220.5
26065,15259.9
26066,15262
26067,15261.4
26068,15249.6
26069,15248.4
26070,15255.1
26071,15262.2
26072,15261.5
26073,21044.4
26074,26383.7
26075,31473.1
26076,31468.3
26077,31225.5
26078,31219.8
26079,31181
26080,31179.6
26081,31177.3
26082,25636.7
26083,15258
26084,15248.4
26085,15254.4
26086,15262.4
26087,15261.6
26088,15255.8
26089,15274.4
26090,15275.9
26091,15290.2
26092,15289.4
26093,15288
26094,15276.3
26095,15275.6
26096,15285.7
26097,20294.2
26098,25313
26099,30316.1
26100,30320
26101,30320.2
26102,30318.5
26103,30316.7
26104,30321
26105,30320
26106,25305.3
26107,15283.5
26108,15289.5
26109,15288.2
26110,15276.3
26111,15275.5
26112,15285.3
26113,15315.3
26114,15316.2
26115,15306.4
26116,15302.7
26117,15308.4
26118,15317.2
26119,15316.3
26120,15309.7
26121,20330.2
26122,25348.3
26123,30376.8
26124,30372.5
26125,30370.7
26126,30376.1
26127,30373.9
26128,30372.1
26129,30370.7
26130,25353.4
26131,15309.4
26132,15302.4
26133,15315.4
26134,15316.8
26135,15316.3
26136,15303.6
26137,15327.8
26138,15339.3
26139,15344
26140,15343.2
26141,15332.3
26142,15329.4
26143,15337.7
26144,26073.4
26145,31806.8
26146,36167.4
26147,42699.7
26148,44884.4
26149,38886.7
26150,44879.5
26151,42703.4
26152,40528.3
26153,34529.7
26154,22543.9
26155,18559.1
26156,18565.5
26157,18568.5
26158,15712.3
26159,15329.1
26160,15339.9
26161,15369.1
26162,15370
26163,15357.9
26164,15355.9
26165,15366.2
26166,15370.7
26167,15369.8
26168,26103.9
26169,31863.1
26170,36227.4
26171,42780.6
26172,44958.9
26173,38959.7
26174,44960.8
26175,42776.2
26176,40589.1
26177,34593.1
26178,22582
26179,18604.4
26180,18593.3
26181,18588.8
26182,15748.4
26183,15370.3
26184,15362
26185,15380.8
26186,15387.9
26187,15397.5
26188,15396.6
26189,15387.6
26190,15382.3
26191,15389.1
26192,26164.4
26193,31917.6
26194,36293.2
26195,42849.3
26196,45040.6
26197,39019.7
26198,45039.2
26199,42852.7
26200,40669.3
26201,34651.2
26202,22625.4
26203,18626.6
26204,18621.1
26205,18639.9
26206,15755.8
26207,15394.4
26208,15397.1
26209,15420.3
26210,15408.8
26211,15407.9
26212,15422.4
26213,15423.1
26214,15419.6
26215,15408.5
26216,26202.8
26217,31968.3
26218,36352.7
26219,42925.9
26220,45119.7
26221,39092.5
26222,45114.5
26223,42925.1
26224,40739.5
26225,34709
26226,22660.4
26227,18655.3
26228,18661.8
26229,18664.8
26230,15792.1
26231,15407.7
26232,15422.1
26233,15447.6
26234,15445.5
26235,15434.3
26236,15435.4
26237,15450
26238,15449
26239,15441.9
26240,15434
26241,21310.9
26242,26709.7
26243,31858.9
26244,31858.4
26245,31603.4
26246,31609.6
26247,31561.2
26248,31566.7
26249,31562.2
26250,25951.5
26251,15448.6
26252,15434.2
26253,15437
26254,15449.9
26255,15448.9
26256,15441.3
26257,15457.9
26258,15466.1
26259,15475.2
26260,15474.3
26261,15462.1
26262,15459.2
26263,15472
26264,15474.9
26265,20537.1
26266,25618.2
26267,30688.1
26268,30688
26269,30685.8
26270,30689.6
26271,30688.5
26272,30686.3
26273,30688.8
26274,25613.7
26275,15460.5
26276,15469.8
26277,15474.9
26278,15474.1
26279,15459.9
26280,15459
26281,15489.4
26282,15502.8
26283,15495.6
26284,15487.4
26285,15493.8
26286,15503.3
26287,15502.3
26288,15489.8
26289,20582.1
26290,25656
26291,30744.9
26292,30741.2
26293,30747.1
26294,30743.8
26295,30741.5
26296,30746
26297,30744.1
26298,25660.1
26299,15500.3
26300,15501.1
26301,15487.6
26302,15488.1
26303,15503.8
26304,15502.7
26305,15518.6
26306,15512.1
26307,15520.3
26308,15528.2
26309,15527.4
26310,15512.8
26311,15511.8
26312,26388.3
26313,32189.5
26314,36603.3
26315,43216
26316,45426.8
26317,39351.5
26318,45428.7
26319,43218.4
26320,41009.3
26321,34948
26322,22814
26323,18792
26324,18786.9
26325,18779.8
26326,15910.2
26327,15523.1
26328,15512.3
26329,15540
26330,15553.1
26331,15552.2
26332,15539.6
26333,15536.5
26334,15550.8
26335,15552.4
26336,26418.1
26337,32242.6
26338,36658.1
26339,43288.6
26340,45493.4
26341,39427.7
26342,45496.2
26343,43287.1
26344,41082.7
26345,35001.1
26346,22851.2
26347,18812.9
26348,18811.3
26349,18827.8
26350,15915.2
26351,15547.6
26352,15552.7
26353,15572.3
26354,15561
26355,15564.5
26356,15577.6
26357,15576.5
26358,15564.4
26359,15560.5
26360,26470.5
26361,32291.8
26362,36719.4
26363,43353.6
26364,45570.6
26365,39478.8
26366,45572
26367,43355.3
26368,41138.7
26369,35057.3
26370,22888.4
26371,18843.4
26372,18854.5
26373,18839.1
26374,15961.3
26375,15560.9
26376,15562.4
26377,15600.4
26378,15600.7
26379,15589.9
26380,15584.3
26381,15598.3
26382,15601
26383,15594.6
26384,26499.4
26385,32339.5
26386,36773.2
26387,43424.6
26388,45643.9
26389,39542.9
26390,45638.2
26391,43424.5
26392,41207.3
26393,35113.3
26394,22919.9
26395,18885.2
26396,18870.6
26397,18868.6
26398,15984.7
26399,15599.1
26400,15584.8
26401,15610.3
26402,15625.3
26403,15624.3
26404,15611
26405,15607.9
26406,15624.6
26407,15624.3
26408,26539.6
26409,32391.5
26410,36829.5
26411,43488.5
26412,45710.3
26413,39606
26414,45705.5
26415,43489.3
26416,41273.2
26417,35165.1
26418,22958.4
26419,18908.4
26420,18897.2
26421,18897.6
26422,16006.9
26423,15624.5
26424,15612.3
26425,15629.4
26426,15646.9
26427,15647.9
26428,15639.4
26429,15631
26430,15643.4
26431,15648
26432,15642.2
26433,21580.9
26434,27050.4
26435,32268.3
26436,32273.2
26437,32012.6
26438,32016.5
26439,31969.1
26440,31974.7
26441,31968.3
26442,26287.8
26443,15632.6
26444,15644.8
26445,15647.9
26446,15640.8
26447,15631.1
26448,15641.3
26449,15669.8
26450,15667
26451,15654.1
26452,15660.7
26453,15671.4
26454,15669.7
26455,15654.1
26456,15658.1
26457,20803.6
26458,25945.6
26459,31075.6
26460,31080.9
26461,31076.8
26462,31079.6
26463,31078.8
26464,31076.2
26465,31080.8
26466,25941
26467,15658.3
26468,15671.2
26469,15666.7
26470,15654.1
26471,15661
26472,15671.4
26473,15690.6
26474,15676.7
26475,15681.4
26476,15694.2
26477,15693.2
26478,15676.9
26479,15679.8
26480,26670.2
26481,32534.7
26482,36993.4
26483,43686.1
26484,45908.2
26485,39786
26486,45910.8
26487,43681.3
26488,41456.5
26489,35320.8
26490,23061.2
26491,18986.5
26492,18981.1
26493,18989.3
26494,16069.4
26495,15693.7
26496,15687.3
26497,15697.1
26498,15709.2
26499,15716.1
26500,15710.5
26501,15698.4
26502,15708.4
26503,15716
26504,26697.9
26505,32582.1
26506,37045.2
26507,43743.5
26508,45979.7
26509,39838.1
26510,45975.6
26511,43746.7
26512,41512.1
26513,35372.5
26514,23091.2
26515,19015.8
26516,19018.7
26517,19007.8
26518,16103.5
26519,15698.9
26520,15702.8
26521,15737.1
26522,15737.5
26523,15720.7
26524,15724.5
26525,15738.3
26526,15737.5
26527,15720.5
26528,26738.7
26529,32627.8
26530,37100.6
26531,43804.1
26532,46041.4
26533,39893.4
26534,46044.5
26535,43805.8
26536,41572.8
26537,35419.7
26538,23125.1
26539,19039.1
26540,19034.9
26541,19047.5
26542,16109
26543,15738.2
26544,15735.3
26545,15740.5
26546,15748.8
26547,15759.7
26548,15756
26549,15741.6
26550,15749.8
26551,15759.5
26552,26772.2
26553,32672.3
26554,37148.2
26555,43864.4
26556,46108.3
26557,39946.7
26558,46107
26559,43867.9
26560,41624.9
26561,35470.7
26562,23157.4
26563,19060.5
26564,19078.4
26565,19063.5
26566,16139.2
26567,15740.8
26568,15758.9
26569,15779
26570,15767.8
26571,15762.8
26572,15781.4
26573,15780
26574,15766
26575,15764.6
26576,26818.2
26577,32715.4
26578,37199.2
26579,43927.9
26580,46162.8
26581,40007.8
26582,46164.4
26583,43922.9
26584,41686.2
26585,35518.7
26586,23184.4
26587,19099.9
26588,19090.9
26589,19086.3
26590,16169.1
26591,15768.2
26592,15762.8
26593,15801
26594,15800.9
26595,15786.2
26596,15785.9
26597,15802
26598,15800.9
26599,15783.5
26600,15788.7
26601,21797.6
26602,27323.6
26603,32590.3
26604,32589.6
26605,32327.5
26606,32330.5
26607,32284.1
26608,32289
26609,32283.7
26610,26544.9
26611,15791.4
26612,15788.6
26613,15801.6
26614,15798.9
26615,15783.2
26616,15791.1
26617,15820.7
26618,15816.3
26619,15803.2
26620,15815.3
26621,15821.7
26622,15813
26623,15803.1
26624,15818.6
26625,21001
26626,26194.7
26627,31378.4
26628,31377.1
26629,31379.3
26630,31378.6
26631,31375.5
26632,31381.9
26633,31376.9
26634,26190.6
26635,15817.4
26636,15803
26637,15818.7
26638,15821.5
26639,15810.4
26640,15802.9
26641,15840.5
26642,15841.2
26643,15826.4
26644,15826.5
26645,15842.2
26646,15840.6
26647,15823.1
26648,15830.6
26649,21029.6
26650,26228.2
26651,31418.1
26652,31417.4
26653,31415.8
26654,31421.2
26655,31415.7
26656,31420.4
26657,31417.1
26658,26223.6
26659,15839.6
26660,15823
26661,15835.6
26662,15841.6
26663,15832.6
26664,15822.7
26665,15857.7
26666,15860.9
26667,15847.8
26668,15844.3
26669,15861.8
26670,15860.8
26671,15842.8
26672,26949.3
26673,32884.1
26674,37391.2
26675,44152.6
26676,46400.1
26677,40211.9
26678,46401.7
26679,44148.4
26680,41900
26681,35700.5
26682,23304.2
26683,19192.2
26684,19193.8
26685,19184
26686,16249.6
26687,15842.1
26688,15854.5
26689,15879.1
26690,15871
26691,15861
26692,15879
26693,15879.8
26694,15865.4
26695,15865.1
26696,26988.2
26697,32924.1
26698,37435.4
26699,44205.1
26700,46460.1
26701,40256.7
26702,46459.9
26703,44207
26704,41946.6
26705,35745.3
26706,23334.5
26707,19208.6
26708,19216.6
26709,19217.9
26710,16252.2
26711,15874.7
26712,15880.2
26713,15887.2
26714,15879.8
26715,15899.6
26716,15898.5
26717,15881.6
26718,15886.1
26719,15899.2
26720,27010.6
26721,32962.1
26722,37478.4
26723,44260.4
26724,46520.6
26725,40299.1
26726,46520
26727,44257.9
26728,42001.5
26729,35783.1
26730,23363.1
26731,19235.8
26732,19230.1
26733,19229.7
26734,16289.3
26735,15896.9
26736,15880.1
26737,15908
26738,15917.3
26739,15908.1
26740,15897.7
26741,15916.3
26742,15916.9
26743,15901.3
26744,27043.7
26745,33001.1
26746,37524
26747,44310.3
26748,46564.6
26749,40355.3
26750,46565.9
26751,44311.1
26752,42047.2
26753,35826.3
26754,23389.3
26755,19251.8
26756,19267.6
26757,19257.5
26758,16295.2
26759,15905.3
26760,15917.6
26761,15927.5
26762,15915.6
26763,15931.4
26764,15934.9
26765,15921.3
26766,15919.1
26767,15935.6
26768,15932.5
26769,21975.7
26770,27548.2
26771,32866.3
26772,32862.2
26773,32606.5
26774,32600.4
26775,32563.9
26776,32559.5
26777,32561.7
26778,26769.8
26779,15930.1
26780,15915.4
26781,15934.1
26782,15934.7
26783,15918.8
26784,15921.6
26785,15951.9
26786,15947.2
26787,15932.9
26788,15947.9
26789,15952.3
26790,15939.3
26791,15936.2
26792,15953.2
26793,21174.1
26794,26407.9
26795,31642.2
26796,31635.8
26797,31642.4
26798,31636.7
26799,31641.4
26800,31637.6
26801,31640.4
26802,26407.3
26803,15939.9
26804,15952.6
26805,15942.7
26806,15932.7
26807,15952.8
26808,15952.1
26809,15950.1
26810,15958.1
26811,15969.7
26812,15961.4
26813,15949.5
26814,15967.8
26815,15969
26816,27125.6
26817,33106.1
26818,37650.9
26819,44454.2
26820,46722.8
26821,40488.2
26822,46721.2
26823,44451.3
26824,42187.3
26825,35945.2
26826,23465
26827,19317.6
26828,19331
26829,19317.5
26830,16351.5
26831,15954.5
26832,15970
26833,15980.2
26834,15966.2
26835,15981.4
26836,15985.8
26837,15971.8
26838,15970.6
26839,15986.5
26840,27159.6
26841,33143
26842,37686
26843,44503.7
26844,46776.8
26845,40525.2
26846,46772.9
26847,44498.1
26848,42230.9
26849,35981.1
26850,23487.6
26851,19344.2
26852,19344.5
26853,19335.5
26854,16374.6
26855,15965.7
26856,15984.1
26857,16000.8
26858,15984.9
26859,15989.7
26860,16002.4
26861,15994.1
26862,15981.9
26863,16001
26864,27189.9
26865,33177.7
26866,37722.5
26867,44549
26868,46824.8
26869,40564.1
26870,46822.9
26871,44543.5
26872,42273.9
26873,36022.6
26874,23505.8
26875,19365.5
26876,19362.1
26877,19355.1
26878,16392.7
26879,15981.8
26880,15998.6
26881,16016.5
26882,16001.8
26883,16004.2
26884,16018.1
26885,16010.5
26886,15997.5
26887,16016.1
26888,27216.7
26889,33210.3
26890,37759.6
26891,44593.2
26892,46871.2
26893,40605
26894,46867.6
26895,44586.8
26896,42315
26897,36052.8
26898,23534.5
26899,19381.4
26900,19384.1
26901,19374.3
26902,16404.8
26903,15997.7
26904,16018.7
26905,16031.1
26906,16012.9
26907,16025.2
26908,16032.9
26909,16020.8
26910,16015.6
26911,16033.5
26912,27240
26913,33240.5
26914,37797.5
26915,44634.7
26916,46912.9
26917,40646.4
26918,46907.7
26919,44628.3
26920,42355
26921,36088.3
26922,23558.8
26923,19392.2
26924,19407.3
26925,19397.2
26926,16412.1
26927,16023.9
26928,16033
26929,16035.7
26930,16029.5
26931,16048.4
26932,16044.4
26933,16027.3
26934,16042.3
26935,16047.3
26936,16032.6
26937,22132.7
26938,27748.1
26939,33098.9
26940,33097
26941,32835
26942,32837.7
26943,32788.1
26944,32795.2
26945,32790.2
26946,26960
26947,16036.1
26948,16047.5
26949,16033.7
26950,16032.1
26951,16048.2
26952,16041.7
26953,16040.4
26954,16059.2
26955,16061.5
26956,16043.7
26957,16050.7
26958,16062
26959,16051.6
26960,16042.8
26961,21324.8
26962,26593.6
26963,31857.2
26964,31855
26965,31857.9
26966,31855.5
26967,31858.3
26968,31856
26969,31855.9
26970,26588.8
26971,16047.8
26972,16062
26973,16051.6
26974,16042.7
26975,16062.7
26976,16059.3
26977,16054.3
26978,16069.9
26979,16075.4
26980,16060.3
26981,16062
26982,16076
26983,16067.1
26984,27309.6
26985,33331.8
26986,37898.9
26987,44753.8
26988,47032.4
26989,40755
26990,47037.5
26991,44754.1
26992,42465.6
26993,36187
26994,23621.9
26995,19449.5
26996,19444.6
26997,19444.1
26998,16470.6
26999,16069.6
27000,16054.9
27001,16086
27002,16088.5
27003,16069.4
27004,16079.9
27005,16088.8
27006,16076.8
27007,16072.1
27008,27343.7
27009,33357.8
27010,37927.5
27011,44787.1
27012,47081.2
27013,40784.4
27014,47079.9
27015,44786
27016,42503.8
27017,36214
27018,23640.1
27019,19464.5
27020,19473.3
27021,19461.6
27022,16473
27023,16075.2
27024,16089.2
27025,16091.7
27026,16081.3
27027,16102.6
27028,16099.4
27029,16080.9
27030,16096.1
27031,16101.3
27032,27351.7
27033,33382.4
27034,37966.5
27035,44823.8
27036,47107.7
27037,40824.8
27038,47110.4
27039,44828
27040,42535.7
27041,36248.5
27042,23658.2
27043,19480.1
27044,19476.5
27045,19479.1
27046,16493.3
27047,16099.9
27048,16081
27049,16107.5
27050,16113.8
27051,16097.8
27052,16101.2
27053,16114.2
27054,16103.9
27055,16094.9
27056,27386.7
27057,33410.4
27058,37987.1
27059,44857.4
27060,47155.2
27061,40848.6
27062,47152.9
27063,44855.9
27064,42570.1
27065,36271.6
27066,23677.6
27067,19491.5
27068,19504.8
27069,19495.1
27070,16494.2
27071,16106.4
27072,16113.9
27073,16110.6
27074,16111.5
27075,16126.3
27076,16116.8
27077,16105.4
27078,16126.8
27079,16122.8
27080,27392.5
27081,33435.7
27082,38018.7
27083,44893.8
27084,47180.3
27085,40883.1
27086,47186
27087,44894.6
27088,42599.1
27089,36298
27090,23696.8
27091,19511.1
27092,19505.4
27093,19505.7
27094,16522.6
27095,16110.5
27096,16112.7
27097,16136.8
27098,16127
27099,16118.3
27100,16138
27101,16132.5
27102,16116
27103,16134.7
27104,16136.7
27105,22253.6
27106,27898.9
27107,33284.3
27108,33279.2
27109,33022.4
27110,33021.1
27111,32972.3
27112,32978.1
27113,32973.4
27114,27111.2
27115,16126
27116,16137
27117,16120.6
27118,16124.7
27119,16137.4
27120,16126.6
27121,16129.3
27122,16148.8
27123,16142.2
27124,16126.7
27125,16146.4
27126,16147.7
27127,16126.9
27128,16141.1
27129,21435.8
27130,26734.2
27131,32031.8
27132,32025
27133,32032.1
27134,32024.7
27135,32031.9
27136,32024.8
27137,32031.6
27138,26731.3
27139,16146.8
27140,16129.5
27141,16138.4
27142,16148.1
27143,16135.1
27144,16132.2
27145,16158.3
27146,16150
27147,16137.4
27148,16159.3
27149,16155.2
27150,16137.1
27151,16154.7
27152,27457
27153,33502.3
27154,38095.1
27155,44986.3
27156,47279.2
27157,40968.7
27158,47275.3
27159,44987.6
27160,42687.2
27161,36375.8
27162,23742.9
27163,19547.4
27164,19545.4
27165,19550.2
27166,16549.1
27167,16158
27168,16137.3
27169,16161.2
27170,16168
27171,16151.3
27172,16156.3
27173,16168.2
27174,16156.3
27175,16151.6
27176,27479.2
27177,33522.6
27178,38114.5
27179,45013.1
27180,47314.9
27181,40990.1
27182,47305.9
27183,45008.2
27184,42714.8
27185,36395.9
27186,23759.5
27187,19558.3
27188,19557.5
27189,19570.2
27190,16548.8
27191,16168.4
27192,16156.2
27193,16160.3
27194,16178.1
27195,16169.5
27196,16156.4
27197,16178.4
27198,16174.2
27199,16156.2
27200,27491.9
27201,33542.1
27202,38138.4
27203,45034.9
27204,47342.5
27205,41010.9
27206,47338.6
27207,45033
27208,42738.2
27209,36414.8
27210,23772.9
27211,19569
27212,19574.7
27213,19580.1
27214,16553
27215,16178.1
27216,16171
27217,16164.1
27218,16185.9
27219,16184.2
27220,16164.9
27221,16182.1
27222,16186
27223,16166.9
27224,27504.3
27225,33561.5
27226,38160.5
27227,45059.7
27228,47366
27229,41033.5
27230,47367.2
27231,45058.1
27232,42761.9
27233,36435.3
27234,23786
27235,19578.4
27236,19588.2
27237,19588.5
27238,16561.6
27239,16187.1
27240,16182.5
27241,16172.6
27242,16191.9
27243,16194.5
27244,16173.5
27245,16188.2
27246,16194.5
27247,16177.3
27248,27517.4
27249,33579.2
27250,38180.4
27251,45083.2
27252,47390.3
27253,41054.8
27254,47392.2
27255,45081.5
27256,42784
27257,36453.6
27258,23797.5
27259,19588.5
27260,19598.1
27261,19598.7
27262,16570.3
27263,16195.4
27264,16190.2
27265,16180.3
27266,16200.3
27267,16201.9
27268,16181
27269,16196.7
27270,16202.2
27271,16183.9
27272,16193.3
27273,22350.6
27274,28017.5
27275,33416.4
27276,33420.6
27277,33155
27278,33149.8
27279,33112.5
27280,33111.6
27281,33106.3
27282,27221
27283,16184.5
27284,16203.2
27285,16198.9
27286,16180.8
27287,16199.4
27288,16202.3
27289,16188.1
27290,16203.1
27291,16209.6
27292,16192.1
27293,16199.2
27294,16209.8
27295,16195.7
27296,16195.3
27297,21520
27298,26839.6
27299,32152.4
27300,32147.8
27301,32154.7
27302,32147.7
27303,32154.7
27304,32147.8
27305,32155.1
27306,26834
27307,16208.6
27308,16188.2
27309,16205.5
27310,16209.5
27311,16189.9
27312,16201.8
27313,16216.1
27314,16200.2
27315,16204.4
27316,16216.7
27317,16203.6
27318,16201
27319,16216.9
27320,27551.1
27321,33620.9
27322,38238.8
27323,45146.6
27324,47446.3
27325,41115.6
27326,47452.9
27327,45149.2
27328,42842.5
27329,36502.3
27330,23828.3
27331,19625.6
27332,19617.6
27333,19615.5
27334,16611.1
27335,16194.5
27336,16217.1
27337,16218.9
27338,16201
27339,16220.1
27340,16222.5
27341,16201.1
27342,16217
27343,16222.4
27344,27557.5
27345,33636.7
27346,38249.7
27347,45165.3
27348,47466.7
27349,41129.1
27350,47473.3
27351,45166
27352,42860.3
27353,36516
27354,23836.2
27355,19628.7
27356,19633.6
27357,19624.1
27358,16608.6
27359,16211.9
27360,16222.9
27361,16214
27362,16214.4
27363,16228.9
27364,16217.4
27365,16211.7
27366,16229.2
27367,16219.6
27368,27570.6
27369,33649.5
27370,38259.7
27371,45179.3
27372,47488.7
27373,41141.4
27374,47492.8
27375,45176.8
27376,42874.1
27377,36530.6
27378,23848
27379,19629.6
27380,19638.7
27381,19640.2
27382,16605.2
27383,16229.2
27384,16222.2
27385,16211.4
27386,16233.8
27387,16230.4
27388,16211.9
27389,16231.3
27390,16233.4
27391,16211.9
27392,27586.6
27393,33659.4
27394,38271.5
27395,45192.9
27396,47507.9
27397,41156.6
27398,47500.5
27399,45191.7
27400,42889
27401,36546
27402,23855.2
27403,19638.3
27404,19636.3
27405,19645.2
27406,16622.9
27407,16233.6
27408,16213.7
27409,16230.4
27410,16238.3
27411,16221.3
27412,16227.5
27413,16238.4
27414,16224.1
27415,16224.6
27416,27597.6
27417,33670.5
27418,38283.7
27419,45212.1
27420,47515.7
27421,41172.6
27422,47511.9
27423,45212.1
27424,42900
27425,36556.7
27426,23861.4
27427,19647.2
27428,19642.2
27429,19642.6
27430,16637.9
27431,16223.4
27432,16225.6
27433,16242.6
27434,16229.9
27435,16227.1
27436,16243.1
27437,16232.1
27438,16224.5
27439,16243.2
27440,16234.4
27441,22401.2
27442,28083.8
27443,33503.1
27444,33504
27445,33232.7
27446,33239.6
27447,33193
27448,33188.6
27449,33193.9
27450,27287.7
27451,16240.5
27452,16220.7
27453,16239.8
27454,16242.4
27455,16220.9
27456,16237
27457,16245.8
27458,16226.6
27459,16238.2
27460,16246.2
27461,16229.2
27462,16235.2
27463,16246.2
27464,16231.8
27465,21568
27466,26893.6
27467,32225
27468,32222.7
27469,32225.6
27470,32222.4
27471,32225.4
27472,32222.2
27473,32226.7
27474,26894.1
27475,16241.6
27476,16237.6
27477,16226.2
27478,16247.2
27479,16240.2
27480,16224.1
27481,16249.2
27482,16245.8
27483,16227.3
27484,16247
27485,16248.3
27486,16227.5
27487,16245
27488,16249.1
27489,21565.8
27490,26897
27491,32227.7
27492,32233.7
27493,32226.6
27494,32233.5
27495,32227.1
27496,32234.1
27497,32228.3
27498,26900.8
27499,16236.6
27500,16249.4
27501,16233.7
27502,16236.7
27503,16249.6
27504,16236.3
27505,16236.7
27506,16252.4
27507,16241.1
27508,16234.5
27509,16252.5
27510,16243
27511,16232.3
27512,27622.1
27513,33697.3
27514,38312.7
27515,45248.6
27516,47560
27517,41205
27518,47550.8
27519,45249.9
27520,42936.4
27521,36588.9
27522,23879.6
27523,19663.1
27524,19658.7
27525,19658.2
27526,16651.6
27527,16240
27528,16236.2
27529,16254.4
27530,16243.5
27531,16236
27532,16254.7
27533,16245.5
27534,16233.7
27535,16254.8
27536,27616.9
27537,33699.3
27538,38325.5
27539,45251.5
27540,47556.9
27541,41211.1
27542,47563.5
27543,45255.3
27544,42944
27545,36586.9
27546,23881
27547,19670.6
27548,19667.1
27549,19661.3
27550,16643.9
27551,16238.4
27552,16254.5
27553,16244.7
27554,16237.9
27555,16256.2
27556,16246.7
27557,16235.8
27558,16256.4
27559,16248.8
27560,27615.6
27561,33706.1
27562,38323.8
27563,45254.9
27564,47568.4
27565,41210.4
27566,47572.7
27567,45251.7
27568,42945.4
27569,36591.2
27570,23888
27571,19663.8
27572,19666.5
27573,19675.5
27574,16636.4
27575,16255.8
27576,16243.5
27577,16240.4
27578,16257.1
27579,16246.1
27580,16238.3
27581,16257.2
27582,16248.3
27583,16236.2
27584,27629.7
27585,33706.9
27586,38323.6
27587,45261.4
27588,47572.4
27589,41219
27590,47564.3
27591,45262.9
27592,42948.6
27593,36599.2
27594,23886.6
27595,19668.8
27596,19664.3
27597,19663.7
27598,16656.3
27599,16243.8
27600,16241.5
27601,16257.4
27602,16246.1
27603,16239.8
27604,16257.7
27605,16247.6
27606,16237.7
27607,16257.7
27608,16249.8
27609,22421.1
27610,28108.4
27611,33532.8
27612,33533.9
27613,33262.3
27614,33269.2
27615,33223.2
27616,33217.9
27617,33223.9
27618,27312
27619,16253.5
27620,16234.8
27621,16256.2
27622,16254.5
27623,16235
27624,16253.8
27625,16256.7
27626,16235.1
27627,16251.6
27628,16256.7
27629,16236.7
27630,16249.5
27631,16256.7
27632,16239
27633,21581.8
27634,26913.3
27635,32245.6
27636,32243.6
27637,32247.6
27638,32243.2
27639,32248
27640,32242.9
27641,32247.8
27642,26912
27643,16253.7
27644,16243.4
27645,16242.6
27646,16257.4
27647,16245.7
27648,16240.1
27649,16257
27650,16246.6
27651,16237.3
27652,16257.2
27653,16248.8
27654,16235.1
27655,16257.2
27656,27621.3
27657,33704.4
27658,38330.8
27659,45258.1
27660,47563.9
27661,41217.3
27662,47570.3
27663,45261.7
27664,42950.1
27665,36592.6
27666,23884.5
27667,19673.4
27668,19669.8
27669,19664
27670,16646.3
27671,16240.6
27672,16256.9
27673,16244.6
27674,16237.6
27675,16255.9
27676,16246.4
27677,16235.4
27678,16256.1
27679,16248.6
27680,27615.1
27681,33705.5
27682,38323
27683,45254.1
27684,47567.5
27685,41209.6
27686,47571.8
27687,45250.9
27688,42944.6
27689,36590.5
27690,23887.5
27691,19663.4
27692,19666.3
27693,19675.1
27694,16635.9
27695,16255.6
27696,16243.3
27697,16237.5
27698,16254.1
27699,16243.3
27700,16235.1
27701,16254.2
27702,16245.6
27703,16232.9
27704,27624.7
27705,33700.9
27706,38316.7
27707,45253
27708,47564
27709,41211.5
27710,47555.5
27711,45254.1
27712,42940.8
27713,36592.5
27714,23881.9
27715,19665.2
27716,19660.7
27717,19660.2
27718,16653.2
27719,16242.1
27720,16237.4
27721,16252.1
27722,16241.1
27723,16232.8
27724,16252.2
27725,16243.5
27726,16230.5
27727,16252.3
27728,27612.8
27729,33694
27730,38319.1
27731,45244.2
27732,47549.3
27733,41204.9
27734,47555.6
27735,45247.6
27736,42936.7
27737,36581.4
27738,23869.9
27739,19674.8
27740,19663.1
27741,19657.7
27742,16642.2
27743,16234.5
27744,16252
27745,16239
27746,16229.7
27747,16249.5
27748,16241.4
27749,16227.2
27750,16249.7
27751,16243.7
27752,27603.1
27753,33692.2
27754,38307.9
27755,45236.2
27756,47547.7
27757,41193
27758,47552.2
27759,45232.4
27760,42927.5
27761,36576.2
27762,23877.2
27763,19654.3
27764,19661.6
27765,19666
27766,16626.3
27767,16249.3
27768,16239.8
27769,16225.7
27770,16246.4
27771,16239.2
27772,16223.4
27773,16245.7
27774,16241.8
27775,16223.6
27776,16243.4
27777,22408.7
27778,28090.2
27779,33507.7
27780,33507.2
27781,33244.1
27782,33240.8
27783,33197.2
27784,33200.3
27785,33195
27786,27294.4
27787,16234.4
27788,16245.2
27789,16225.9
27790,16237.2
27791,16245.4
27792,16228.6
27793,16230.5
27794,16241.8
27795,16227.6
27796,16227.5
27797,16242.1
27798,16230.3
27799,16225
27800,16242.3
27801,21557.8
27802,26886.8
27803,32214.9
27804,32217.7
27805,32212.7
27806,32217.5
27807,32212.4
27808,32217.3
27809,32212.2
27810,26888.6
27811,16223.7
27812,16241.6
27813,16238.3
27814,16219.7
27815,16239
27816,16241.1
27817,16215.9
27818,16232.1
27819,16237.1
27820,16217.6
27821,16229.7
27822,16237.3
27823,16220.3
27824,27590.2
27825,33668.1
27826,38281.1
27827,45202.4
27828,47517.7
27829,41164
27830,47514.3
27831,45200.6
27832,42897.7
27833,36552
27834,23869.4
27835,19634.9
27836,19640.9
27837,19653.3
27838,16622
27839,16237.4
27840,16221.4
27841,16220.5
27842,16232.8
27843,16219.6
27844,16217.3
27845,16233
27846,16222.1
27847,16214.5
27848,27589.1
27849,33656.7
27850,38267.2
27851,45194.6
27852,47501.8
27853,41158.1
27854,47493.7
27855,45194.7
27856,42885.2
27857,36543.9
27858,23851.3
27859,19639.2
27860,19635.3
27861,19634.9
27862,16631.5
27863,16224.1
27864,16212.6
27865,16228.5
27866,16221.5
27867,16205.3
27868,16226.7
27869,16224.5
27870,16205.5
27871,16224.1
27872,27574.1
27873,33645.1
27874,38259.8
27875,45178.3
27876,47480.4
27877,41143.6
27878,47480.5
27879,45179.9
27880,42869.5
27881,36528.7
27882,23845.9
27883,19634.2
27884,19629.4
27885,19628.7
27886,16626.8
27887,16206.1
27888,16221.1
27889,16221.5
27890,16202.9
27891,16212.1
27892,16221.4
27893,16206.1
27894,16208.1
27895,16221.5
27896,27558.3
27897,33631.8
27898,38250.9
27899,45160.8
27900,47461
27901,41126.6
27902,47467.8
27903,45163.9
27904,42857.3
27905,36513.5
27906,23833.3
27907,19631.3
27908,19626.6
27909,19621.2
27910,16612.4
27911,16203.4
27912,16222.1
27913,16207.5
27914,16194
27915,16216
27916,16210.6
27917,16193.1
27918,16213
27919,16214
27920,27543.7
27921,33622.4
27922,38229.5
27923,45143.4
27924,47445.7
27925,41108
27926,47450.9
27927,45143.8
27928,42839.4
27929,36498.6
27930,23822
27931,19620.7
27932,19625.8
27933,19614.8
27934,16599.3
27935,16206
27936,16215
27937,16193.1
27938,16195.1
27939,16208.4
27940,16196.4
27941,16191.5
27942,16208.7
27943,16199.2
27944,16187.9
27945,22361.8
27946,28029.5
27947,33430.1
27948,33433.4
27949,33166.2
27950,33162.7
27951,33123.2
27952,33119.4
27953,33121.8
27954,27230.2
27955,16195.5
27956,16200.3
27957,16207.9
27958,16191.8
27959,16196
27960,16208.3
27961,16188.6
27962,16184.8
27963,16201.2
27964,16191.3
27965,16181
27966,16201.4
27967,16195.3
27968,21505
27969,26814.9
27970,32130.1
27971,32137
27972,32130.1
27973,32137.1
27974,32130.4
27975,32136.9
27976,32130.8
27977,26820.1
27978,16186.2
27979,16200.9
27980,16188.5
27981,16184.4
27982,16201.3
27983,16191.8
27984,16180.6
27985,16194.2
27986,16187.9
27987,16171.1
27988,16191.1
27989,16192.1
27990,16171.3
27991,27516.7
27992,33574.3
27993,38174.9
27994,45077.4
27995,47386.9
27996,41049.9
27997,47383.8
27998,45075.7
27999,42778.7
28000,36449.7
28001,23795.6
28002,19587.6
28003,19591.7
28004,19600
28005,16569.8
28006,16193.3
28007,16183.9
28008,16172.6
28009,16185.8
28010,16179.7
28011,16162.8
28012,16182.4
28013,16184.1
28014,16163
28015,27502
28016,33556.8
28017,38155.1
28018,45053.8
28019,47361.2
28020,41028.4
28021,47360.1
28022,45052.3
28023,42756.4
28024,36430.7
28025,23782.7
28026,19576.6
28027,19584.2
28028,19587.4
28029,16559.8
28030,16185
28031,16178.8
28032,16162.7
28033,16174.6
28034,16174.4
28035,16154.2
28036,16169.9
28037,16175.2
28038,16157.5
28039,27484.8
28040,33539
28041,38134.6
28042,45029.5
28043,47333.2
28044,41003.4
28045,47337.4
28046,45028.1
28047,42733.2
28048,36410.6
28049,23768.3
28050,19564.7
28051,19578.8
28052,19571.7
28053,16553.6
28054,16171.8
28055,16175
28056,16155.1
28057,16158.7
28058,16165.9
28059,16150.6
28060,16152.9
28061,16166.3
28062,16155.3
28063,27465
28064,33519
28065,38111.5
28066,45004.7
28067,47303.5
28068,40981.6
28069,47307.9
28070,45005.6
28071,42709.2
28072,36387.7
28073,23752.4
28074,19560.6
28075,19563.9
28076,19554.9
28077,16552.8
28078,16151.6
28079,16166.3
28080,16155.7
28081,16137.7
28082,16156.8
28083,16150.8
28084,16134.5
28085,16153.9
28086,16155.6
28087,27442.6
28088,33497.5
28089,38091.3
28090,44977.8
28091,47269.1
28092,40959.9
28093,47275.1
28094,44979.7
28095,42681.1
28096,36364.7
28097,23740.9
28098,19550.2
28099,19542.7
28100,19542.1
28101,16554.1
28102,16134.6
28103,16150
28104,16155.8
28105,16129.2
28106,16133.6
28107,16145.7
28108,16134.2
28109,16128.2
28110,16146.1
28111,16138.9
28112,22268
28113,27913.9
28114,33301.9
28115,33299
28116,33037.2
28117,33039.3
28118,32988.5
28119,32996
28120,32994.3
28121,27123.3
28122,16139.7
28123,16141.5
28124,16124.2
28125,16142.2
28126,16145.2
28127,16125.9
28128,16136.9
28129,16135.2
28130,16120.8
28131,16119.6
28132,16135.1
28133,16126
28134,16113.9
28135,16135.5
28136,21416.8
28137,26710.2
28138,32003.5
28139,32001.4
28140,32001.5
28141,32000.5
28142,32002.6
28143,31999.7
28144,32003.7
28145,26709.8
28146,16133
28147,16113.6
28148,16130.2
28149,16134.3
28150,16116.7
28151,16123.7
28152,16134.7
28153,16112
28154,16106.2
28155,16123.8
28156,16116.7
28157,16102
28158,16122.1
28159,27395.8
28160,33428.7
28161,38011.7
28162,44887.5
28163,47176.1
28164,40879.2
28165,47171.7
28166,44886.6
28167,42593.8
28168,36295.3
28169,23691.6
28170,19504
28171,19502
28172,19514.5
28173,16504.8
28174,16123.2
28175,16110.1
28176,16107.3
28177,16112.5
28178,16103.9
28179,16090.1
28180,16110.8
28181,16110.5
28182,16090.4
28183,27377.2
28184,33404.8
28185,37982.5
28186,44850.1
28187,47143.5
28188,40841.5
28189,47146.8
28190,44851.5
28191,42563.9
28192,36264.1
28193,23671.2
28194,19497
28195,19494.9
28196,19487.4
28197,16500.6
28198,16091.5
28199,16112.1
28200,16107.7
28201,16078.7
28202,16094.4
28203,16098.5
28204,16081.4
28205,16086.9
28206,16098.8
28207,27349.3
28208,33375.7
28209,37956.5
28210,44816.6
28211,47101.4
28212,40816.7
28213,47100.6
28214,44820.4
28215,42528.5
28216,36240
28217,23655.4
28218,19474.9
28219,19472.7
28220,19481.8
28221,16483.9
28222,16098.6
28223,16082.9
28224,16085.6
28225,16086.9
28226,16076.4
28227,16065.6
28228,16086.7
28229,16083.9
28230,16065.2
28231,27334.5
28232,33351.9
28233,37922.5
28234,44779.4
28235,47068.6
28236,40776.7
28237,47072.3
28238,44782.2
28239,42497
28240,36207.2
28241,23634.6
28242,19468.4
28243,19459.9
28244,19456.8
28245,16480.1
28246,16064.9
28247,16081.5
28248,16085.6
28249,16056.3
28250,16060.2
28251,16072.7
28252,16062.6
28253,16052.6
28254,16073.3
28255,27308.3
28256,33323
28257,37891.4
28258,44745.5
28259,47028.3
28260,40749.2
28261,47023.9
28262,44740.6
28263,42460.2
28264,36177.9
28265,23618.9
28266,19441.5
28267,19448.4
28268,19451.9
28269,16444.6
28270,16072.8
28271,16071.3
28272,16052.1
28273,16052.4
28274,16058.5
28275,16045.1
28276,16042.9
28277,16059.2
28278,16052.5
28279,16037.9
28280,22152.3
28281,27771.3
28282,33122.7
28283,33122
28284,32854.4
28285,32861.3
28286,32812.9
28287,32813.8
28288,32815.8
28289,26976.9
28290,16054.3
28291,16051.1
28292,16037.8
28293,16057.4
28294,16058.2
28295,16039
28296,16049.5
28297,16045.2
28298,16033.1
28299,16026.2
28300,16045
28301,16041
28302,16024
28303,16038.8
28304,21297.5
28305,26562.3
28306,31824.1
28307,31818.6
28308,31825.3
28309,31819.2
28310,31824
28311,31819.8
28312,31823.5
28313,26559.1
28314,16036.4
28315,16044
28316,16024.4
28317,16035.4
28318,16044.3
28319,16033.1
28320,16026.2
28321,16031.1
28322,16026.4
28323,16009.3
28324,16023.9
28325,16029.3
28326,16015.3
28327,27234
28328,33234.6
28329,37788.9
28330,44624.1
28331,46896.9
28332,40637.2
28333,46900.8
28334,44624.8
28335,42342.9
28336,36083.7
28337,23552
28338,19392.2
28339,19388.8
28340,19393.6
28341,16416.9
28342,16029.2
28343,16011
28344,16018.4
28345,16015.2
28346,16004.6
28347,15994
28348,16014.8
28349,16013.8
28350,15994.3
28351,27211.1
28352,33203.4
28353,37751.8
28354,44580.5
28355,46853.4
28356,40598.5
28357,46857.3
28358,44581.6
28359,42302
28360,36048.6
28361,23530.1
28362,19374.4
28363,19370.2
28364,19373.6
28365,16402.8
28366,16014
28367,15994.6
28368,16004.8
28369,15999.5
28370,15988.5
28371,15978.9
28372,15999.3
28373,15998
28374,15978.6
28375,27184.3
28376,33170.6
28377,37714.7
28378,44536.7
28379,46806.5
28380,40558.1
28381,46810.5
28382,44537.7
28383,42260.4
28384,36013.8
28385,23506.2
28386,19353.7
28387,19350.9
28388,19358.7
28389,16382.4
28390,15998.3
28391,15983.8
28392,15983.5
28393,15983.7
28394,15977.2
28395,15962.4
28396,15978
28397,15982
28398,15968
28399,27153.7
28400,33136.5
28401,37677.5
28402,44492.8
28403,46756.9
28404,40519.4
28405,46758.8
28406,44493.2
28407,42218.1
28408,35975.7
28409,23483.5
28410,19333
28411,19333.2
28412,19346.6
28413,16354.6
28414,15982.7
28415,15978.2
28416,15962.5
28417,15961.2
28418,15965.5
28419,15952.9
28420,15949
28421,15966.3
28422,15963.1
28423,27119.1
28424,33099.3
28425,37642.6
28426,44442.2
28427,46710.2
28428,40477.9
28429,46708.7
28430,44443.2
28431,42176.1
28432,35936.6
28433,23460.2
28434,19310.4
28435,19326.2
28436,19316.2
28437,16343.8
28438,15955
28439,15965.8
28440,15956.6
28441,15929.7
28442,15947.4
28443,15948.1
28444,15931.8
28445,15935.5
28446,15948.8
28447,15942.6
28448,21996.6
28449,27570.8
28450,32893.4
28451,32889.5
28452,32635.4
28453,32628.4
28454,32591.7
28455,32590.2
28456,32586.4
28457,26792.7
28458,15940.4
28459,15933.1
28460,15949
28461,15944.9
28462,15929.1
28463,15942.3
28464,15948.5
28465,15920.8
28466,15912.6
28467,15931.9
28468,15930.7
28469,15912.1
28470,15920.5
28471,15931.2
28472,21144
28473,26371.1
28474,31598.5
28475,31592.9
28476,31599.9
28477,31593.6
28478,31598.4
28479,31594.6
28480,31597.7
28481,26371.9
28482,15918.5
28483,15931
28484,15920.7
28485,15911.6
28486,15931.7
28487,15930.5
28488,15912.8
28489,15902.3
28490,15913.4
28491,15906.8
28492,15893.7
28493,15908.8
28494,15912.7
28495,27030.9
28496,32989.5
28497,37514.4
28498,44296.9
28499,46560.8
28500,40339.1
28501,46559
28502,44294.6
28503,42037.9
28504,35816.6
28505,23380.8
28506,19260.3
28507,19248.3
28508,19247.2
28509,16304.8
28510,15899.2
28511,15897.4
28512,15913.7
28513,15893.6
28514,15875.8
28515,15886.4
28516,15894.7
28517,15886.1
28518,15875.5
28519,27011.1
28520,32953.8
28521,37469.2
28522,44246.7
28523,46500
28524,40295.4
28525,46500.9
28526,44247.9
28527,41985.3
28528,35777
28529,23357
28530,19225.6
28531,19237.3
28532,19232.5
28533,16269.9
28534,15885.7
28535,15894.8
28536,15886.4
28537,15857.9
28538,15873.1
28539,15875.6
28540,15862.5
28541,15859
28542,15876.5
28543,26973.1
28544,32915
28545,37423.8
28546,44191.6
28547,46453.7
28548,40240
28549,46453.9
28550,44194.1
28551,41934.2
28552,35734.1
28553,23326.1
28554,19205.5
28555,19202.4
28556,19212.3
28557,16253.8
28558,15875.9
28559,15866.8
28560,15856.7
28561,15856.1
28562,15856.3
28563,15842.9
28564,15840.5
28565,15857.4
28566,15856.2
28567,26932.1
28568,32871
28569,37381.6
28570,44138
28571,46394.4
28572,40195
28573,46394.2
28574,44137.3
28575,41888.8
28576,35689.5
28577,23301.9
28578,19185.3
28579,19178.9
28580,19178.2
28581,16246.4
28582,15853.2
28583,15838
28584,15849.6
28585,15838.2
28586,15828.7
28587,15818.3
28588,15834
28589,15836.8
28590,15825.3
28591,26904.7
28592,32832.8
28593,37336.1
28594,44082.2
28595,46333
28596,40149.3
28597,46331.2
28598,44081.4
28599,41835.9
28600,35644.6
28601,23269.4
28602,19167.2
28603,19155.6
28604,19155
28605,16226.7
28606,15828.2
28607,15818.2
28608,15835.3
28609,15817.9
28610,15804
28611,15799.5
28612,15817.8
28613,15816.5
28614,15800.6
28615,15803
28616,21819.7
28617,27351
28618,32622.8
28619,32622.1
28620,32359.6
28621,32362.7
28622,32316.1
28623,32321
28624,32315.6
28625,26571.4
28626,15806
28627,15806.1
28628,15817.1
28629,15812.3
28630,15798.6
28631,15809.9
28632,15817
28633,15790
28634,15778.2
28635,15792.2
28636,15796.4
28637,15787.1
28638,15777.9
28639,15794.5
28640,20967.3
28641,26152.9
28642,31328.3
28643,31327.1
28644,31328.2
28645,31329
28646,31325.7
28647,31330.6
28648,31327.3
28649,26148.7
28650,15795
28651,15778.4
28652,15789.4
28653,15796.6
28654,15789.6
28655,15778.2
28656,15791.4
28657,15776.9
28658,15767
28659,15757.4
28660,15772.5
28661,15775.5
28662,15765.7
28663,26799.3
28664,32703.8
28665,37190.4
28666,43910.2
28667,46154.7
28668,39988.8
28669,46156.2
28670,43911.5
28671,41673.6
28672,35505.3
28673,23181
28674,19085.3
28675,19080.7
28676,19089.9
28677,16152
28678,15775.7
28679,15768.2
28680,15757.5
28681,15750.8
28682,15754.4
28683,15746.1
28684,15736.3
28685,15750.2
28686,15754.2
28687,26761.6
28688,32661
28689,37135.8
28690,43851.7
28691,46096.1
28692,39932.1
28693,46093.3
28694,43853.5
28695,41611.4
28696,35459
28697,23149.8
28698,19054.9
28699,19070.7
28700,19059.8
28701,16132
28702,15737.8
28703,15755.3
28704,15754
28705,15719.2
28706,15716.9
28707,15733.6
28708,15732.3
28709,15718.1
28710,15716.9
28711,26737.1
28712,32616.3
28713,37086
28714,43795.3
28715,46022.8
28716,39885.5
28717,46025.6
28718,43790
28719,41559.6
28720,35409.7
28721,23118.9
28722,19037
28723,19036.3
28724,19020
28725,16118.9
28726,15732.5
28727,15716.3
28728,15718.4
28729,15712.8
28730,15710.3
28731,15695.1
28732,15695.9
28733,15711.6
28734,15710.2
28735,26684.4
28736,32569.2
28737,37032.8
28738,43732.1
28739,45967.2
28740,39820.3
28741,45965
28742,43731.4
28743,41495.4
28744,35360.2
28745,23085.9
28746,19002.6
28747,19019.8
28748,19003.3
28749,16091.4
28750,15692.9
28751,15707
28752,15710.8
28753,15681.7
28754,15671.1
28755,15683.2
28756,15688.4
28757,15682.3
28758,15671.1
28759,26657.4
28760,32524.4
28761,36983.2
28762,43666.2
28763,45896
28764,39767.3
28765,45898.7
28766,43668.4
28767,41439.4
28768,35309.9
28769,23050.2
28770,18977.2
28771,18976.6
28772,18992
28773,16052.3
28774,15686.1
28775,15688.3
28776,15679.7
28777,15649.8
28778,15661.5
28779,15665.8
28780,15659
28781,15648.7
28782,15659
28783,15665.8
28784,21604.7
28785,27084.4
28786,32306.7
28787,32309.6
28788,32048.3
28789,32053.2
28790,32005.8
28791,32010.7
28792,32006
28793,26316.5
28794,15660.1
28795,15648.2
28796,15664.8
28797,15665.6
28798,15656.6
28799,15648.5
28800,15661.8
28801,15644
28802,15636
28803,15625.8
28804,15635.2
28805,15642.9
28806,15639.8
28807,15626.1
28808,20770.4
28809,25889.2
28810,31020.6
28811,31023
28812,31022.3
28813,31019.7
28814,31024.3
28815,31021.8
28816,31019.2
28817,25894.2
28818,15632.8
28819,15630.2
28820,15643.2
28821,15642.2
28822,15627.7
28823,15626.4
28824,15643.6
28825,15620.4
28826,15608.5
28827,15602.3
28828,15616.4
28829,15619.2
28830,15612.4
28831,26530.7
28832,32377.2
28833,36816.8
28834,43474.5
28835,45697.3
28836,39588.2
28837,45694.4
28838,43475.3
28839,41255.1
28840,35154.6
28841,22947.9
28842,18903.2
28843,18896.7
28844,18890.6
28845,16003.8
28846,15611.7
28847,15602.5
28848,15613.5
28849,15597
28850,15592.3
28851,15579.3
28852,15583.5
28853,15596
28854,15594.9
28855,26487.8
28856,32329.9
28857,36759.9
28858,43406.4
28859,45624.7
28860,39531.2
28861,45619.5
28862,43406.7
28863,41195.4
28864,35099.2
28865,22917
28866,18870.7
28867,18861.7
28868,18866
28869,15973
28870,15595.4
28871,15587.6
28872,15579
28873,15566.2
28874,15571.6
28875,15569.7
28876,15555.4
28877,15557.3
28878,15572
28879,26455.1
28880,32283
28881,36704.3
28882,43342.8
28883,45548.5
28884,39474.8
28885,45550.8
28886,43340.3
28887,41129.7
28888,35044.7
28889,22877.8
28890,18834.9
28891,18833.7
28892,18851.5
28893,15938.8
28894,15560.6
28895,15571.8
28896,15570.7
28897,15534.2
28898,15530.5
28899,15546.2
28900,15546.7
28901,15539.8
28902,15530.9
28903,26416
28904,32228.8
28905,36646.4
28906,43268.7
28907,45482.6
28908,39400.6
28909,45482.6
28910,43272.2
28911,41062.4
28912,34991.4
28913,22841
28914,18818.2
28915,18806.7
28916,18802.9
28917,15929.4
28918,15545.2
28919,15531.3
28920,15532.9
28921,15524.4
28922,15521.9
28923,15513
28924,15506.2
28925,15516.3
28926,15522.3
28927,26368.2
28928,32180.3
28929,36587.1
28930,43204.8
28931,45403.7
28932,39349.6
28933,45406.1
28934,43203.1
28935,40997.9
28936,34933
28937,22804.9
28938,18774.6
28939,18786.3
28940,18780.8
28941,15895.7
28942,15505.8
28943,15519.7
28944,15522.2
28945,15494.2
28946,15481.8
28947,15484.7
28948,15497.8
28949,15496.8
28950,15487.3
28951,15481.3
28952,21376.3
28953,26795.1
28954,31958
28955,31956.7
28956,31706
28957,31704
28958,31659.5
28959,31665.3
28960,31659.6
28961,26032.9
28962,15488.6
28963,15479.9
28964,15500.6
28965,15496.9
28966,15489.3
28967,15481.5
28968,15489
28969,15473.6
28970,15471.2
28971,15458.6
28972,15456.1
28973,15468.9
28974,15471.7
28975,15468.8
28976,20532.6
28977,25606.3
28978,30685
28979,30680.3
28980,30681.2
28981,30683.5
28982,30680.8
28983,30678.8
28984,30685.4
28985,25611
28986,15460
28987,15471.9
28988,15470.8
28989,15456.8
28990,15456
28991,15471.7
28992,15471.6
28993,15442.1
28994,15431.1
28995,15434
28996,15446.6
28997,15445.8
28998,15437.7
28999,26236.6
29000,32017.6
29001,36405.7
29002,42989.1
29003,45183
29004,39154
29005,45182.8
29006,42989.5
29007,40798.4
29008,34761.2
29009,22693.1
29010,18682.5
29011,18693.1
29012,18689.3
29013,15818.4
29014,15430.5
29015,15441.9
29016,15446.2
29017,15421.1
29018,15405.7
29019,15404.8
29020,15418.7
29021,15420.1
29022,15417.3
29023,26189.1
29024,31965
29025,36345.4
29026,42917.6
29027,45103.2
29028,39090.6
29029,45106.7
29030,42918.1
29031,40724.3
29032,34701
29033,22655.9
29034,18651.2
29035,18666.7
29036,18648.6
29037,15800.4
29038,15407.6
29039,15404.9
29040,15416.5
29041,15395.5
29042,15393.4
29043,15379.8
29044,15379.2
29045,15391.2
29046,15393.8
29047,26149
29048,31913.9
29049,36284.3
29050,42847.6
29051,45028.7
29052,39016
29053,45031.4
29054,42842
29055,40653
29056,34645.8
29057,22615.2
29058,18635.6
29059,18617.2
29060,18617.9
29061,15769.8
29062,15393.8
29063,15387.8
29064,15379.4
29065,15356.6
29066,15368
29067,15367.1
29068,15361.4
29069,15353.1
29070,15354.7
29071,26115.1
29072,31855.1
29073,36221.2
29074,42764.9
29075,44954.3
29076,38947.9
29077,44948.7
29078,42768.9
29079,40590.8
29080,34583
29081,22578.6
29082,18587.8
29083,18593.1
29084,18597.8
29085,15735
29086,15352.3
29087,15365.2
29088,15367.4
29089,15341.6
29090,15326.9
29091,15326.1
29092,15337.3
29093,15340.7
29094,15339.8
29095,26052.6
29096,31800.8
29097,36156.5
29098,42697.4
29099,44871.2
29100,38882
29101,44873.4
29102,42692.3
29103,40511.1
29104,34525.5
29105,22537.1
29106,18569.6
29107,18552.2
29108,18556.7
29109,15711.5
29110,15340.6
29111,15339.8
29112,15326.8
29113,15300.9
29114,15309.9
29115,15313.7
29116,15312.9
29117,15302.4
29118,15299.4
29119,15306.2
29120,21122.7
29121,26479.2
29122,31578.1
29123,31576.7
29124,31327.3
29125,31328.1
29126,31283.1
29127,31287.9
29128,31284.3
29129,25722.5
29130,15314.4
29131,15304.8
29132,15299.5
29133,15303.4
29134,15314.1
29135,15313.2
29136,15307.5
29137,15274.3
29138,15272.4
29139,15286.8
29140,15286.1
29141,15285
29142,15272.9
29143,15272.2
29144,20299.2
29145,25299.3
29146,30312.4
29147,30310
29148,30314.4
29149,30313.3
29150,30311.5
29151,30309.8
29152,30315.7
29153,25302.7
29154,15269.6
29155,15285.1
29156,15286.2
29157,15285.6
29158,15273.5
29159,15272.3
29160,15280.3
29161,15260.6
29162,15258.2
29163,15251.6
29164,15245.3
29165,15246.1
29166,15259.3
29167,25926.4
29168,31628.6
29169,35965.5
29170,42461.8
29171,44633.6
29172,38671.3
29173,44630.2
29174,42465.3
29175,40300.7
29176,34335.1
29177,22416
29178,18454.9
29179,18472.8
29180,18452.9
29181,15634.9
29182,15251.2
29183,15245.3
29184,15247.3
29185,15233.2
29186,15230.7
29187,15229.3
29188,15218.1
29189,15217.5
29190,15226.1
29191,25881.2
29192,31570.5
29193,35897.6
29194,42382.7
29195,44553.4
29196,38603
29197,44550.7
29198,42389
29199,40222.2
29200,34272
29201,22378.2
29202,18431.3
29203,18428.1
29204,18419.2
29205,15605.4
29206,15230.7
29207,15224.5
29208,15217.8
29209,15191.1
29210,15202.5
29211,15202.9
29212,15202.1
29213,15192.6
29214,15189.8
29215,25829.8
29216,31510.1
29217,35829.8
29218,42309.9
29219,44465.3
29220,38533.6
29221,44466.7
29222,42306.3
29223,40147.8
29224,34214.6
29225,22340.9
29226,18393.2
29227,18385.3
29228,18405.4
29229,15558.7
29230,15196.7
29231,15203.2
29232,15202.4
29233,15171.1
29234,15162.3
29235,15161.6
29236,15172
29237,15174.8
29238,15174.1
29239,25771.5
29240,31457.4
29241,35765.9
29242,42230
29243,44384.2
29244,38453.1
29245,44382.2
29246,42230.4
29247,40079.1
29248,34144.8
29249,22292.4
29250,18354.8
29251,18368.6
29252,18350.7
29253,15548.5
29254,15173.2
29255,15162.5
29256,15162.1
29257,15141
29258,15146.6
29259,15145.9
29260,15143.3
29261,15134.2
29262,15133.9
29263,25735.2
29264,31391.8
29265,35695.6
29266,42151.7
29267,44299.2
29268,38387.7
29269,44300.8
29270,42148
29271,39999.3
29272,34085
29273,22256.1
29274,18320.3
29275,18323.1
29276,18331.5
29277,15511.1
29278,15133.4
29279,15137.5
29280,15146.6
29281,15119.1
29282,15116.9
29283,15106
29284,15105.3
29285,15107.9
29286,15118
29287,15117.3
29288,20846.6
29289,26134.9
29290,31176.5
29291,31170.6
29292,30926.1
29293,30925.6
29294,30881.9
29295,30885
29296,30884.3
29297,25391.5
29298,15113.1
29299,15117.4
29300,15116.6
29301,15106
29302,15105.3
29303,15108.1
29304,15118.1
29305,15090.3
29306,15088
29307,15078.7
29308,15076.9
29309,15076.6
29310,15089.2
29311,15088.7
29312,20024.1
29313,24978.6
29314,29915.3
29315,29921
29316,29921
29317,29919.6
29318,29918.3
29319,29916.9
29320,29921.6
29321,24974.6
29322,15079
29323,15076.5
29324,15089
29325,15088.8
29326,15088.2
29327,15082.2
29328,15077.1
29329,15049.4
29330,15056.3
29331,15059.9
29332,15059.3
29333,15057.2
29334,15048.5
29335,25580.5
29336,31215.1
29337,35491.8
29338,41913.4
29339,44047.5
29340,38159.7
29341,44044.5
29342,41909.4
29343,39771.3
29344,33883.6
29345,22126
29346,18225.7
29347,18218.9
29348,18214
29349,15426.3
29350,15059.7
29351,15059.1
29352,15053.3
29353,15021.1
29354,15018.8
29355,15026
29356,15030.7
29357,15030.2
29358,15029.8
29359,25523.6
29360,31157.3
29361,35424.1
29362,41824.5
29363,43960.8
29364,38090.2
29365,43961.9
29366,41829.6
29367,39685.1
29368,33825.6
29369,22084.5
29370,18189
29371,18176
29372,18197.2
29373,15383.8
29374,15020.7
29375,15031.1
29376,15030.4
29377,15002.3
29378,14995.1
29379,14990.4
29380,14990.1
29381,14994.7
29382,15001.4
29383,25487.5
29384,31092.4
29385,35352.2
29386,41742.2
29387,43872.1
29388,38020.2
29389,43872.7
29390,41741.4
29391,39617.3
29392,33756.1
29393,22039.4
29394,18142.5
29395,18162.9
29396,18140.1
29397,15371
29398,14998.7
29399,14990.6
29400,14989.9
29401,14963
29402,14972.3
29403,14971.6
29404,14971
29405,14968
29406,14961.2
29407,25430.8
29408,31032.4
29409,35284.1
29410,41664.1
29411,43786
29412,37939
29413,43788.2
29414,41664.9
29415,39529.1
29416,33692.6
29417,21999
29418,18116
29419,18104.5
29420,18127
29421,15326
29422,14960.2
29423,14968.4
29424,14971.8
29425,14943.4
29426,14941.2
29427,14933.4
29428,14931.5
29429,14931.1
29430,14937.2
29431,25389
29432,30966.1
29433,35212.7
29434,41580.8
29435,43700.6
29436,37862.1
29437,43701.9
29438,41580.7
29439,39459.1
29440,33616.6
29441,21952.3
29442,18087.3
29443,18071
29444,18077.9
29445,15296.4
29446,14942.3
29447,14941.9
29448,14941.3
29449,14909.8
29450,14902.3
29451,14901.8
29452,14901.4
29453,14911.5
29454,14912.1
29455,14911.7
29456,20561.8
29457,25780.1
29458,30749.6
29459,30746.8
29460,30500.9
29461,30505.2
29462,30463.2
29463,30461
29464,30460.3
29465,25048.2
29466,14910.3
29467,14902
29468,14901.8
29469,14908.8
29470,14912.4
29471,14911.9
29472,14911.4
29473,14877.8
29474,14872.5
29475,14872
29476,14872.8
29477,14882.8
29478,14882.1
29479,14881.7
29480,19747.4
29481,24635.3
29482,29504.6
29483,29505.9
29484,29511.6
29485,29510
29486,29509
29487,29508.1
29488,29507.5
29489,24630.7
29490,14882.2
29491,14881.4
29492,14875.2
29493,14872.5
29494,14872
29495,14873.6
29496,14882.7
29497,14853.9
29498,14851.6
29499,14851.4
29500,14843.1
29501,14842.6
29502,14842.3
29503,25234.3
29504,30781.6
29505,35001.7
29506,41330.7
29507,43433.6
29508,37635.2
29509,43438.1
29510,41328.4
29511,39214
29512,33422.4
29513,21823.7
29514,17963
29515,17975.5
29516,17967
29517,15218.8
29518,14846.7
29519,14842.8
29520,14842.6
29521,14813.8
29522,14821.4
29523,14822
29524,14821.5
29525,14821.2
29526,14817
29527,25170.5
29528,30723.5
29529,34930.5
29530,41238.7
29531,43348.6
29532,37566.1
29533,43344.1
29534,41239
29535,39145.5
29536,33348.4
29537,21773.2
29538,17937.2
29539,17931.3
29540,17929.5
29541,15176.3
29542,14822.1
29543,14821.8
29544,14821.3
29545,14792.4
29546,14783.1
29547,14782.7
29548,14782.6
29549,14783
29550,14792.1
29551,25132.3
29552,30652.7
29553,34857.1
29554,41162.3
29555,43260.7
29556,37478.6
29557,43259.1
29558,41162.3
29559,39052.1
29560,33286.2
29561,21735.1
29562,17889.8
29563,17902.4
29564,17893.6
29565,15156.7
29566,14787.9
29567,14783
29568,14782.5
29569,14753.8
29570,14755.5
29571,14761.6
29572,14761.1
29573,14760.7
29574,14760.3
29575,25064.8
29576,30598.9
29577,34787.1
29578,41068.1
29579,43168
29580,37405.2
29581,43168.9
29582,41075.3
29583,38977.5
29584,33212.4
29585,21687.5
29586,17864.4
29587,17849
29588,17872.6
29589,15115.7
29590,14752.1
29591,14752
29592,14757.7
29593,14732.8
29594,14730.6
29595,14730.2
29596,14729.8
29597,14725
29598,14722.5
29599,25020.2
29600,30532.6
29601,34714.1
29602,40983.8
29603,43079.9
29604,37332.7
29605,43076.5
29606,40987.3
29607,38899.5
29608,33139.5
29609,21639.7
29610,17833.2
29611,17811.9
29612,17835.4
29613,15079.7
29614,14721.7
29615,14723.2
29616,14731.1
29617,14702
29618,14699.8
29619,14699.5
29620,14698.3
29621,14692.5
29622,14692.1
29623,14692.1
29624,20283.2
29625,25406.4
29626,30309.2
29627,30306.4
29628,30068.6
29629,30069.7
29630,30028.1
29631,30027
29632,30025.2
29633,24690.5
29634,14703.4
29635,14692.5
29636,14692.2
29637,14691.4
29638,14691.4
29639,14699.3
29640,14700.3
29641,14671.1
29642,14669
29643,14668.6
29644,14664.2
29645,14662
29646,14661.6
29647,14661.3
29648,19483.4
29649,24270.8
29650,29089.8
29651,29086.8
29652,29086.2
29653,29085.7
29654,29085.1
29655,29084.6
29656,29084.3
29657,24277.6
29658,14668.7
29659,14668.9
29660,14668.4
29661,14664.1
29662,14662
29663,14661.6
29664,14661.3
29665,14632.8
29666,14639
29667,14638.9
29668,14638.5
29669,14638.3
29670,14637.9
29671,24856.9
29672,30344.5
29673,34494.2
29674,40729.9
29675,42810.6
29676,37089.8
29677,42809.8
29678,40734.2
29679,38648.2
29680,32939.5
29681,21507.1
29682,17703.6
29683,17722.9
29684,17700.2
29685,14998.7
29686,14638.7
29687,14638.3
29688,14637.9
29689,14606.8
29690,14601.3
29691,14601
29692,14600.9
29693,14600.4
29694,14602.3
29695,24822.6
29696,30273.5
29697,34423.7
29698,40645.1
29699,42716.7
29700,37021
29701,42714.6
29702,40644
29703,38572.8
29704,32865
29705,21463.4
29706,17677.3
29707,17667.6
29708,17682.8
29709,14966.2
29710,14600.9
29711,14600.9
29712,14600.8
29713,14571.6
29714,14573.8
29715,14577.5
29716,14577.1
29717,14576.9
29718,14576.6
29719,24759.1
29720,30211.2
29721,34347.1
29722,40562.6
29723,42630.5
29724,36934.4
29725,42632
29726,40553.3
29727,38492.5
29728,32795.9
29729,21413
29730,17647.6
29731,17626.9
29732,17646.3
29733,14923.9
29734,14569.7
29735,14569.8
29736,14577.4
29737,14548.4
29738,14546.3
29739,14546
29740,14545.6
29741,14545.5
29742,14541.7
29743,24701
29744,30152.1
29745,34276.3
29746,40470.6
29747,42539.6
29748,36855.2
29749,42539.7
29750,40472
29751,38406.4
29752,32729.7
29753,21367.2
29754,17605.2
29755,17595.2
29756,17603.6
29757,14892.4
29758,14539
29759,14544.7
29760,14546.5
29761,14517.3
29762,14515.2
29763,14515
29764,14514.6
29765,14513.7
29766,14509.7
29767,24649.7
29768,30087.6
29769,34203.4
29770,40384.2
29771,42449.2
29772,36776.9
29773,42449.6
29774,40384.1
29775,38326.6
29776,32657.6
29777,21321.6
29778,17572.9
29779,17552.2
29780,17572.9
29781,14861.4
29782,14508.7
29783,14508.7
29784,14511.4
29785,14486.8
29786,14484.7
29787,14484.5
29788,14484.2
29789,14484
29790,14483.7
29791,14481.8
29792,19969.5
29793,25038.5
29794,29863.6
29795,29864.2
29796,29626.1
29797,29625.1
29798,29584.6
29799,29584
29800,29589.4
29801,24328.6
29802,14484.3
29803,14478.8
29804,14478.7
29805,14478.3
29806,14478.1
29807,14481.9
29808,14484.8
29809,14455.7
29810,14453.6
29811,14453.3
29812,14453.1
29813,14452.9
29814,14451.8
29815,14448.7
29816,19179.7
29817,23924
29818,28652.6
29819,28654.8
29820,28654.6
29821,28654.4
29822,28654.2
29823,28654
29824,28653.8
29825,23920.6
29826,14456.9
29827,14452.8
29828,14450.6
29829,14448.6
29830,14448.3
29831,14448.1
29832,14447.9
29833,14418.9
29834,14416.9
29835,14421.1
29836,14423.1
29837,14422.9
29838,14422.6
29839,14422.5
29840,19136.8
29841,23875.8
29842,28595.4
29843,28595.2
29844,28595.1
29845,28594.9
29846,28594.8
29847,28594.6
29848,28594.4
29849,23867.8
29850,14416.1
29851,14423.1
29852,14422.9
29853,14422.7
29854,14422.4
29855,14422.3
29856,14422.1
29857,14393.1
29858,14387.7
29859,14387.4
29860,14387.1
29861,14387
29862,14386.9
29863,24447.7
29864,29828.5
29865,33914.2
29866,40036.9
29867,42086.3
29868,36463.2
29869,42087.7
29870,40034.6
29871,38004.2
29872,32374.1
29873,21144.3
29874,17418.3
29875,17407.9
29876,17419.2
29877,14748.1
29878,14390
29879,14387.5
29880,14387.2
29881,14358.4
29882,14356.4
29883,14356.2
29884,14356.3
29885,14355.9
29886,14357.8
29887,24402.6
29888,29761.5
29889,33841
29890,39950.2
29891,41994.2
29892,36386.2
29893,41995.3
29894,39953.5
29895,37918.1
29896,32305.6
29897,21096.4
29898,17386.1
29899,17365.6
29900,17386.3
29901,14715.8
29902,14356.7
29903,14356.8
29904,14356.5
29905,14327.7
29906,14325.7
29907,14325.6
29908,14325.7
29909,14325.3
29910,14329.6
29911,24349.6
29912,29697.3
29913,33768.1
29914,39864.3
29915,41903.9
29916,36307.1
29917,41905.4
29918,39864.4
29919,37838.8
29920,32235.1
29921,21053.5
29922,17343.9
29923,17334.3
29924,17343.4
29925,14684.7
29926,14329.9
29927,14327.1
29928,14326.4
29929,14297.6
29930,14295.6
29931,14295.5
29932,14295.6
29933,14295.2
29934,14295.4
29935,24293.7
29936,29635.6
29937,33695.3
29938,39778.4
29939,41815.5
29940,36228.6
29941,41813.8
29942,39776.8
29943,37754.3
29944,32170.9
29945,21013.3
29946,17293
29947,17313.7
29948,17288.3
29949,14651.4
29950,14299.4
29951,14299.2
29952,14298.9
29953,14270
29954,14268.1
29955,14267.9
29956,14267.8
29957,14266.6
29958,14265.5
29959,14265.3
29960,19676.7
29961,24664.2
29962,29415.7
29963,29418.6
29964,29184.4
29965,29183.9
29966,29144.4
29967,29144.1
29968,29143.5
29969,23962.6
29970,14265.8
29971,14268.7
29972,14277.9
29973,14258.9
29974,14268.3
29975,14268.1
29976,14268
29977,14239.1
29978,14237.1
29979,14236.1
29980,14235.2
29981,14235.1
29982,14234.9
29983,14234.9
29984,18899.7
29985,23565.7
29986,28223.9
29987,28226.6
29988,28226.7
29989,28226.9
29990,28227
29991,28227.1
29992,28227.6
29993,23564.6
29994,14227.8
29995,14234
29996,14237.2
29997,14238.4
29998,14238.3
29999,14238.1
30000,14238
30001,14209.1
30002,14207.2
30003,14207
30004,14206.8
30005,14206.8
30006,14206.6
30007,24130
30008,29437.2
30009,33476.4
30010,39524.5
30011,41541.1
30012,35995.5
30013,41543.7
30014,39523.9
30015,37512.4
30016,31958.4
30017,20876.1
30018,17190.2
30019,17192.9
30020,17186.2
30021,14557.9
30022,14207.2
30023,14206.8
30024,14206.7
30025,14178
30026,14176
30027,14175.9
30028,14175.5
30029,14174.7
30030,14174.5
30031,24071.7
30032,29384.8
30033,33402.3
30034,39442.3
30035,41446.7
30036,35920
30037,41452.8
30038,39441.4
30039,37427.3
30040,31890.1
30041,20827.9
30042,17158.7
30043,17150.8
30044,17154.8
30045,14527.1
30046,14176.6
30047,14176.1
30048,14176
30049,14147.4
30050,14145.6
30051,14144.9
30052,14144.5
30053,14144.5
30054,14144.3
30055,24021.2
30056,29322.1
30057,33330.2
30058,39357.1
30059,41357.1
30060,35842
30061,41364.7
30062,39355.1
30063,37348.7
30064,31820.9
30065,20786.3
30066,17116.4
30067,17120.1
30068,17111.2
30069,14495.2
30070,14146.2
30071,14145.9
30072,14145.8
30073,14117.3
30074,14115.4
30075,14115.3
30076,14115.2
30077,14115.2
30078,14115
30079,23971.6
30080,29248
30081,33260.4
30082,39268
30083,41273.1
30084,35763.8
30085,41277.1
30086,39262.6
30087,37269.5
30088,31756.7
30089,20743
30090,17069.7
30091,17092.5
30092,17072.1
30093,14456
30094,14113.4
30095,14116.1
30096,14116.3
30097,14087.8
30098,14086
30099,14085.9
30100,14085.8
30101,14085.8
30102,14085.6
30103,23930.3
30104,29188.6
30105,33188.8
30106,39183.1
30107,41188.8
30108,35684.3
30109,41180.4
30110,39187.1
30111,37183.2
30112,31691.6
30113,20690.3
30114,17054.7
30115,17029
30116,17055.7
30117,14434.4
30118,14084.3
30119,14084.5
30120,14084.4
30121,14056.4
30122,14054.5
30123,14054.5
30124,14054.5
30125,14054.4
30126,14054.3
30127,14054.2
30128,19386.1
30129,24295.6
30130,28971.7
30131,28977
30132,28748.5
30133,28748.3
30134,28709.7
30135,28709.1
30136,28708.9
30137,23607.9
30138,14057.8
30139,14054.5
30140,14050.9
30141,14057.8
30142,14054.3
30143,14054.3
30144,14054.2
30145,14026.3
30146,14024.5
30147,14024.5
30148,14024.4
30149,14024.4
30150,14024.6
30151,14024.3
30152,18623
30153,23212.6
30154,27801.7
30155,27804.8
30156,27805.2
30157,27805.7
30158,27806.1
30159,27806.5
30160,27806.9
30161,23212.4
30162,14032.3
30163,14024.6
30164,14024.6
30165,14024.9
30166,14025.2
30167,14025.1
30168,14025.1
30169,13997.2
30170,13995.4
30171,13995.4
30172,13995.3
30173,13995.4
30174,13995.3
30175,23765.3
30176,29002.3
30177,32976.3
30178,38930.6
30179,40921.9
30180,35456.6
30181,40921.8
30182,38930.3
30183,36945.7
30184,31490.4
30185,20560.4
30186,16941.7
30187,16924.8
30188,16946.4
30189,14340.2
30190,13995.1
30191,13995.3
30192,13995.2
30193,13967.6
30194,13965.8
30195,13965.8
30196,13965.7
30197,13965.8
30198,13965.7
30199,23715.1
30200,28943.2
30201,32905.6
30202,38847.4
30203,40834.7
30204,35381
30205,40833.7
30206,38848.5
30207,36866.6
30208,31421.5
30209,20515.2
30210,16909.8
30211,16883.6
30212,16910.9
30213,14312.3
30214,13965.5
30215,13964.9
30216,13964.9
30217,13937.2
30218,13935.3
30219,13935.3
30220,13935.3
30221,13935.3
30222,13935.2
30223,23666.1
30224,28874.2
30225,32836.5
30226,38764.6
30227,40749.3
30228,35305.1
30229,40740.9
30230,38771.9
30231,36788.4
30232,31349.2
30233,20473.5
30234,16868
30235,16863.9
30236,16858
30237,14279.9
30238,13936.2
30239,13936.1
30240,13936
30241,13908.4
30242,13906.6
30243,13906.6
30244,13906.6
30245,13906.7
30246,13906.6
30247,23625.5
30248,28817.5
30249,32766.6
30250,38684.6
30251,40655
30252,35231.4
30253,40658.1
30254,38684.5
30255,36714.6
30256,31282.5
30257,20435.4
30258,16818.9
30259,16835.6
30260,16828.1
30261,14244.2
30262,13906.6
30263,13906.8
30264,13907.1
30265,13879.6
30266,13877.9
30267,13878
30268,13878
30269,13878
30270,13878.2
30271,23567.9
30272,28763
30273,32696.2
30274,38602
30275,40575.2
30276,35156.7
30277,40572.2
30278,38603.2
30279,36632.2
30280,31219.3
30281,20382.6
30282,16800.3
30283,16790.5
30284,16788.9
30285,14219.8
30286,13877.4
30287,13877.3
30288,13877.2
30289,13850
30290,13848.2
30291,13848.3
30292,13848.3
30293,13848.4
30294,13848.3
30295,13848.4
30296,19108.2
30297,23934.6
30298,28551
30299,28549.2
30300,28322.7
30301,28322.8
30302,28285.1
30303,28284.8
30304,28284.9
30305,23259.1
30306,13855.8
30307,13847.5
30308,13847.4
30309,13847.5
30310,13847.6
30311,13847.6
30312,13847.6
30313,13820.5
30314,13818.8
30315,13818.8
30316,13818.9
30317,13818.9
30318,13818.9
30319,13819
30320,18343.7
30321,22868.9
30322,27400.9
30323,27394.1
30324,27394.4
30325,27395.1
30326,27395.8
30327,27396.5
30328,27397.1
30329,22870.4
30330,13824.4
30331,13818.7
30332,13818.8
30333,13818.8
30334,13818.9
30335,13818.9
30336,13819
30337,13792
30338,13790.4
30339,13790.4
30340,13790.4
30341,13790.5
30342,13790.5
30343,23428.9
30344,28577.3
30345,32487.8
30346,38366.3
30347,40310.8
30348,34937.3
30349,40322.6
30350,38356.6
30351,36403.4
30352,31026.3
30353,20255.9
30354,16697.2
30355,16680.6
30356,16689.6
30357,14131.3
30358,13790.5
30359,13790.3
30360,13790.3
30361,13763.6
30362,13762
30363,13762
30364,13762
30365,13762.2
30366,13762.1
30367,23383
30368,28519.2
30369,32420.4
30370,38283.4
30371,40231.2
30372,34865.3
30373,40235.3
30374,38279.1
30375,36326.9
30376,30956.9
30377,20218.9
30378,16655.1
30379,16659.4
30380,16640.5
30381,14100.6
30382,13762.2
30383,13762.3
30384,13763.2
30385,13737
30386,13735.4
30387,13735.5
30388,13735.8
30389,13735.6
30390,13735.8
30391,23326.8
30392,28463.9
30393,32356.9
30394,38197.8
30395,40154.9
30396,34790.3
30397,40144.9
30398,38205.9
30399,36253.2
30400,30891.4
30401,20181.8
30402,16610.1
30403,16625.4
30404,16623.3
30405,14069
30406,13735.7
30407,13736.1
30408,13736
30409,13710
30410,13708.5
30411,13708.6
30412,13706
30413,13704.7
30414,13704.7
30415,23276.2
30416,28397
30417,32290.1
30418,38122.2
30419,40063
30420,34719.8
30421,40074.5
30422,38116.1
30423,36178.2
30424,30834.4
30425,20130.5
30426,16594.3
30427,16582.3
30428,16581.3
30429,14043.6
30430,13705.5
30431,13705.5
30432,13705.6
30433,13679.5
30434,13678.3
30435,13680
30436,13680.2
30437,13680.1
30438,13680.5
30439,23233.3
30440,28347.1
30441,32224.5
30442,38041.6
30443,39990.8
30444,34648.1
30445,39981.7
30446,38046.7
30447,36105.6
30448,30766.7
30449,20096
30450,16551.8
30451,16545.3
30452,16561.8
30453,14018.1
30454,13677.6
30455,13676.8
30456,13676.8
30457,13651
30458,13649.4
30459,13649.5
30460,13649.6
30461,13649.7
30462,13649.8
30463,13649.9
30464,18836.5
30465,23589.5
30466,28142.2
30467,28140.2
30468,27917
30469,27912.9
30470,27875.5
30471,27876.2
30472,27876.3
30473,22922.5
30474,13646.5
30475,13652.7
30476,13653
30477,13652.8
30478,13653
30479,13653.1
30480,13653.1
30481,13627.7
30482,13626.2
30483,13626.4
30484,13625.3
30485,13621.6
30486,13621.7
30487,13621.8
30488,18075.7
30489,22545.5
30490,27009.7
30491,27003
30492,27003.9
30493,27004.8
30494,27005.7
30495,27007.2
30496,27004.5
30497,22540.3
30498,13619.8
30499,13625.5
30500,13625.6
30501,13625.7
30502,13625.8
30503,13625.9
30504,13625.9
30505,13600.8
30506,13599.4
30507,13599.5
30508,13597.6
30509,13594.4
30510,13594.5
30511,23089.7
30512,28168.9
30513,32028.3
30514,37817.4
30515,39738.8
30516,34441.9
30517,39745
30518,37816.3
30519,35885.6
30520,30580.3
30521,19980.2
30522,16438.7
30523,16462.3
30524,16454.4
30525,13928.8
30526,13599
30527,13599.3
30528,13599.3
30529,13574.4
30530,13568
30531,13567.6
30532,13567.6
30533,13567.8
30534,13567.8
30535,23048.3
30536,28115.2
30537,31962.6
30538,37741.6
30539,39663.7
30540,34372.1
30541,39659.8
30542,37745.5
30543,35816.1
30544,30519.2
30545,19935.6
30546,16420.9
30547,16411.4
30548,16429.9
30549,13905.3
30550,13568.1
30551,13567.7
30552,13567.8
30553,13542.9
30554,13541.5
30555,13541.6
30556,13541.7
30557,13543.6
30558,13545.9
30559,23005.7
30560,28064.2
30561,31903.6
30562,37662.9
30563,39590.5
30564,34300.5
30565,39585.6
30566,37661.3
30567,35744.3
30568,30464.9
30569,19889.2
30570,16395.2
30571,16390.8
30572,16374.9
30573,13874.8
30574,13544.9
30575,13545.6
30576,13546
30577,13521.3
30578,13519.9
30579,13520
30580,13520.1
30581,13520.3
30582,13518.7
30583,22950
30584,28001.6
30585,31841
30586,37593.3
30587,39504.5
30588,34238.9
30589,39508.8
30590,37596.5
30591,35673.8
30592,30399.6
30593,19859.8
30594,16354.1
30595,16350.9
30596,16365.5
30597,13851.3
30598,13515
30599,13514.6
30600,13514.6
30601,13490.4
30602,13488.9
30603,13489.1
30604,13489.2
30605,13493.1
30606,13494.1
30607,22914.6
30608,27955.8
30609,31780.5
30610,37517.9
30611,39433.7
30612,34166.5
30613,39438.1
30614,37516.2
30615,35604.6
30616,30341
30617,19823.4
30618,16316.2
30619,16334.1
30620,16320.3
30621,13821.2
30622,13493.9
30623,13494.2
30624,13494.3
30625,13470.5
30626,13464
30627,13462.6
30628,13462.7
30629,13462.9
30630,13463
30631,13463.1
30632,18580.9
30633,23264.8
30634,27756.5
30635,27750.3
30636,27530.9
30637,27531.3
30638,27495.3
30639,27495.7
30640,27496.5
30641,22612.6
30642,13471
30643,13462.6
30644,13462.7
30645,13463
30646,13463.1
30647,13463.3
30648,13464.6
30649,13444.5
30650,13443
30651,13443.1
30652,13443.3
30653,13443.5
30654,13443.6
30655,13443.2
30656,17822.9
30657,22243.8
30658,26643
30659,26636.6
30660,26637.2
30661,26638.3
30662,26639.7
30663,26638.4
30664,26637
30665,22241.9
30666,13443.5
30667,13443.7
30668,13440.4
30669,13437
30670,13437.1
30671,13437.3
30672,13437.5
30673,13413.9
30674,13412.6
30675,13417.7
30676,13418.3
30677,13418.2
30678,13418.5
30679,22779.2
30680,27792
30681,31598.1
30682,37305.5
30683,39202.4
30684,33978
30685,39207.3
30686,37310.2
30687,35402.4
30688,30168.3
30689,19705.8
30690,16238.5
30691,16218.5
30692,16239
30693,13744.4
30694,13412.4
30695,13412.4
30696,13412.6
30697,13393.3
30698,13393.4
30699,13393.5
30700,13393.7
30701,13393.9
30702,13394
30703,13392.7
30704,17756.2
30705,22160.8
30706,26543.4
30707,26536.7
30708,26537.8
30709,26539
30710,26541.8
30711,26536.8
30712,26538.2
30713,22157.3
30714,13397.4
30715,13386.8
30716,13387
30717,13387.2
30718,13387.4
30719,13387.6
30720,13390.3
30721,13370.5
30722,13369.2
30723,13369.4
30724,13369.5
30725,13369.7
30726,13368.8
30727,22690.9
30728,27686
30729,31477.2
30730,37168.6
30731,39061.7
30732,33849.9
30733,39060.1
30734,37164.7
30735,35271.5
30736,30062
30737,19630.5
30738,16173.9
30739,16181
30740,16161.9
30741,13693.4
30742,13369.1
30743,13369.5
30744,13369.6
30745,13347.3
30746,13338.5
30747,13338
30748,13338.1
30749,13338.4
30750,13338.5
30751,22662.8
30752,27641.5
30753,31424.4
30754,37097.9
30755,38991.5
30756,33786.2
30757,38994.2
30758,37097.3
30759,35206.3
30760,30001.9
30761,19600.2
30762,16144.1
30763,16132.1
30764,16152.6
30765,13669.3
30766,13338.6
30767,13338.5
30768,13338.6
30769,13320
30770,13321.4
30771,13321.6
30772,13322
30773,13321.9
30774,13322.1
30775,22609.8
30776,27585.6
30777,31363
30778,37033.5
30779,38921.7
30780,33727
30781,38918.8
30782,37029.7
30783,35144.6
30784,29948.5
30785,19567.5
30786,16104.6
30787,16123.5
30788,16114.7
30789,13644.7
30790,13321.8
30791,13321
30792,13313.8
30793,13291.9
30794,13290.7
30795,13290.9
30796,13291.2
30797,13297.8
30798,13298.4
30799,13298.6
30800,18333.7
30801,22974.7
30802,27395
30803,27397.3
30804,27180.7
30805,27181.6
30806,27143.7
30807,27142.5
30808,27143.3
30809,22325.3
30810,13299.1
30811,13297.8
30812,13290.2
30813,13290.5
30814,13290.7
30815,13290.9
30816,13291.1
30817,13276.4
30818,13275.2
30819,13275.4
30820,13275.6
30821,13275.7
30822,13271.4
30823,13267.1
30824,17608.8
30825,21956
30826,26303.5
30827,26300
30828,26301.2
30829,26303.5
30830,26299.4
30831,26300.6
30832,26303.1
30833,21954.3
30834,13266.2
30835,13275.2
30836,13272
30837,13278.6
30838,13275.6
30839,13275.8
30840,13269
30841,13245.7
30842,13244.5
30843,13244.7
30844,13244.9
30845,13252.3
30846,13252.9
30847,22496
30848,27447.6
30849,31202.2
30850,36838.7
30851,38713.1
30852,33551.3
30853,38713.1
30854,36835.6
30855,34959.7
30856,29794.7
30857,19461.5
30858,16024.1
30859,16038.9
30860,16029
30861,13574.1
30862,13252.8
30863,13251
30864,13244.1
30865,13223.2
30866,13222.1
30867,13222.3
30868,13226.6
30869,13230.2
30870,13230.7
30871,22458.2
30872,27397.7
30873,31148.2
30874,36776
30875,38646.3
30876,33493.7
30877,38648.6
30878,36773
30879,34900.6
30880,29740.6
30881,19434.6
30882,15988.3
30883,16010
30884,16010.9
30885,13552.7
30886,13223.1
30887,13221.7
30888,13221.9
30889,13201.4
30890,13202
30891,13208.4
30892,13208.7
30893,13208.6
30894,13208.7
30895,22417.7
30896,27347.5
30897,31092.8
30898,36711.4
30899,38590.2
30900,33433.2
30901,38586.5
30902,36711.4
30903,34841.4
30904,29690.5
30905,19397.2
30906,15977.6
30907,15963.9
30908,15984.2
30909,13526.9
30910,13200.1
30911,13200.3
30912,13208.5
30913,13188.1
30914,13187.1
30915,13187.3
30916,13185.8
30917,13177.6
30918,13177.7
30919,22384.5
30920,27306.7
30921,31045.2
30922,36650.6
30923,38520.2
30924,33382.1
30925,38520.8
30926,36654.4
30927,34779.3
30928,29645.1
30929,19356.5
30930,15957
30931,15957.6
30932,15938.2
30933,13506.5
30934,13186.8
30935,13187.2
30936,13187.1
30937,13157.8
30938,13156.3
30939,13156.6
30940,13156.8
30941,13163.6
30942,13165.9
30943,22347.3
30944,27264
30945,30993.8
30946,36593
30947,38454.9
30948,33326.6
30949,38455.8
30950,36589.9
30951,34726.3
30952,29593.4
30953,19335.5
30954,15920.6
30955,15917
30956,15932.7
30957,13483.3
30958,13156.8
30959,13156.8
30960,13161.5
30961,13146.1
30962,13145
30963,13145.2
30964,13145.4
30965,13136.3
30966,13135.2
30967,13135.5
30968,18128.3
30969,22700.2
30970,27077.9
30971,27075.5
30972,26861.7
30973,26862.6
30974,26829.4
30975,26825
30976,26825.5
30977,22064.8
30978,13145.3
30979,13141.6
30980,13135.1
30981,13135.4
30982,13135.7
30983,13138.3
30984,13145.1
30985,13125.8
30986,13124.8
30987,13125
30988,13117.3
30989,13114.6
30990,13114.8
30991,13115.1
30992,17427.1
30993,21703.4
30994,25995.1
30995,26000.7
30996,25997.6
30997,25997.2
30998,25999.7
30999,25998.3
31000,25997.5
31001,21706.3
31002,13121.3
31003,13114.9
31004,13115.1
31005,13121.1
31006,13124.5
31007,13124.7
31008,13124.8
31009,13104.4
31010,13094.2
31011,13094.5
31012,13094.7
31013,13097.2
31014,13104.8
31015,22242.9
31016,27137.3
31017,30847.7
31018,36419.3
31019,38274.3
31020,33169.6
31021,38275.4
31022,36418.2
31023,34563.2
31024,29453.4
31025,19240.7
31026,15856.2
31027,15838.4
31028,15849.2
31029,13418.1
31030,13099.6
31031,13104.5
31032,13104.9
31033,13086.4
31034,13084.1
31035,13074.4
31036,13074.5
31037,13074.9
31038,13077.8
31039,22214.8
31040,27097.3
31041,30802.3
31042,36366
31043,38215.7
31044,33119.1
31045,38216.3
31046,36362.3
31047,34510.4
31048,29409.4
31049,19213.4
31050,15829.6
31051,15814.4
31052,15828
31053,13398.1
31054,13077
31055,13084.9
31056,13085.2
31057,13067.1
31058,13066.2
31059,13055.9
31060,13055
31061,13055.4
31062,13057.5
31063,22182.2
31064,27057
31065,30756.4
31066,36311.4
31067,38158.2
31068,33069.8
31069,38159.8
31070,36308.5
31071,34459.4
31072,29365
31073,19182.9
31074,15810.1
31075,15791.4
31076,15798.9
31077,13377.6
31078,13063.8
31079,13065.7
31080,13066.2
31081,13048.5
31082,13040.1
31083,13036
31084,13036.3
31085,13036.6
31086,13046.8
31087,22145
31088,27016.7
31089,30709.5
31090,36255.9
31091,38105.5
31092,33019.2
31093,38107
31094,36254.5
31095,34408
31096,29322.2
31097,19151.9
31098,15786.7
31099,15779.3
31100,15768.1
31101,13363.2
31102,13046.9
31103,13047.2
31104,13046.1
31105,13018.5
31106,13017.6
31107,13017.9
31108,13023.5
31109,13028.5
31110,13029
31111,22114
31112,26970.1
31113,30663.2
31114,36202.6
31115,38054.1
31116,32969.9
31117,38051.6
31118,36205.9
31119,34353.8
31120,29286.2
31121,19127.1
31122,15752.2
31123,15764.7
31124,15759.8
31125,13344.5
31126,13023.8
31127,13017.4
31128,13017.6
31129,13000.9
31130,13009.7
31131,13010.7
31132,13010.9
31133,13011.1
31134,13000.3
31135,12999.3
31136,17935.8
31137,22466.5
31138,26797.9
31139,26795
31140,26583.6
31141,26584.6
31142,26549.7
31143,26547.3
31144,26547.9
31145,21834.3
31146,13005.4
31147,12999.6
31148,13002.6
31149,13010.7
31150,13010.7
31151,13011
31152,13007.8
31153,12982.6
31154,12981.7
31155,12982.1
31156,12991.4
31157,12993.1
31158,12993.3
31159,12993.6
31160,17221.4
31161,21486.2
31162,25738.7
31163,25733
31164,25737.8
31165,25732.1
31166,25733.4
31167,25737.3
31168,25732.7
31169,21486.6
31170,12991.5
31171,12981.6
31172,12981.9
31173,12986.2
31174,12993.1
31175,12993.2
31176,12993.4
31177,12972.3
31178,12964.2
31179,12964.5
31180,12965.3
31181,12976.1
31182,12976.5
31183,22023.9
31184,26861
31185,30537.7
31186,36054.5
31187,37897.2
31188,32836.5
31189,37894.2
31190,36057.5
31191,34216.2
31192,29162
31193,19056.2
31194,15679.7
31195,15698.1
31196,15700
31197,13287.7
31198,12964.7
31199,12964.6
31200,12969.5
31201,12960.4
31202,12959.6
31203,12959.8
31204,12952
31205,12947.4
31206,12947.6
31207,21997.1
31208,26831.3
31209,30505.1
31210,36010.9
31211,37842.7
31212,32796.8
31213,37845.7
31214,36007.5
31215,34173.7
31216,29122.7
31217,19020.6
31218,15679
31219,15679.5
31220,15662.7
31221,13273.4
31222,12959.5
31223,12956.2
31224,12947.2
31225,12932.2
31226,12931.7
31227,12943.4
31228,12943.5
31229,12943.5
31230,12940
31231,21958.4
31232,26792.9
31233,30462.9
31234,35963.9
31235,37793.6
31236,32758.2
31237,37796.1
31238,35962.9
31239,34130.8
31240,29086.4
31241,19001.2
31242,15660.7
31243,15642.9
31244,15646.6
31245,13253.7
31246,12943
31247,12943.3
31248,12943.5
31249,12921
31250,12915.1
31251,12915.4
31252,12920.4
31253,12927.5
31254,12927.9
31255,21939.9
31256,26756.8
31257,30422.7
31258,35918.8
31259,37750.1
31260,32716.4
31261,37747.1
31262,35918.4
31263,34089.6
31264,29050.5
31265,18981.7
31266,15632.1
31267,15623.1
31268,15639.3
31269,13235
31270,12918.9
31271,12927.5
31272,12927.8
31273,12913.4
31274,12904.4
31275,12899.6
31276,12899.8
31277,12906
31278,12912.4
31279,21914.2
31280,26729.1
31281,30384.7
31282,35873.7
31283,37706.9
31284,32673.6
31285,37702.9
31286,35876.4
31287,34049.1
31288,29015.6
31289,18960.3
31290,15608.9
31291,15607.3
31292,15622.6
31293,13219.7
31294,12900.1
31295,12910.9
31296,12912.5
31297,12898.5
31298,12894.2
31299,12884.5
31300,12884.8
31301,12887
31302,12897.6
31303,12897.7
31304,17770
31305,22274.7
31306,26559.8
31307,26562.2
31308,26347.2
31309,26348.2
31310,26314.3
31311,26315.2
31312,26312.8
31313,21643.1
31314,12896.3
31315,12884.5
31316,12884.6
31317,12890.6
31318,12897.3
31319,12897.5
31320,12897.7
31321,12873
31322,12870.1
31323,12870.4
31324,12880.4
31325,12883
31326,12883.4
31327,12879.8
31328,17077.8
31329,21303.1
31330,25513.3
31331,25512
31332,25516
31333,25511.2
31334,25516.2
31335,25511.6
31336,25511.6
31337,21299.5
31338,12870
31339,12882.9
31340,12883
31341,12883.3
31342,12877.7
31343,12869.9
31344,12870.3
31345,12862.4
31346,12869.1
31347,12869.2
31348,12869.4
31349,12857.4
31350,12855.9
31351,21838.8
31352,26640.7
31353,30289
31354,35756.1
31355,37575.3
31356,32561.3
31357,37581.1
31358,35753.6
31359,33926.7
31360,28920.8
31361,18892.3
31362,15553.6
31363,15569.8
31364,15568.8
31365,13177.2
31366,12856.4
31367,12856.2
31368,12862.6
31369,12856.4
31370,12855.8
31371,12855.7
31372,12842.3
31373,12842.4
31374,12842.9
31375,21821.6
31376,26615.3
31377,30251.8
31378,35713.7
31379,37542.5
31380,32524.1
31381,37536.8
31382,35716.4
31383,33895.3
31384,28886.7
31385,18876.7
31386,15539.1
31387,15538.6
31388,15553.3
31389,13161
31390,12843.3
31391,12855.8
31392,12856
31393,12843.8
31394,12834.3
31395,12829.2
31396,12829.4
31397,12838.5
31398,12843
31399,21795.8
31400,26580.7
31401,30219.8
31402,35679.5
31403,37497.2
31404,32500.4
31405,37496.6
31406,35680.1
31407,33861.6
31408,28857.2
31409,18850.7
31410,15537.6
31411,15525.7
31412,15520.3
31413,13153.9
31414,12842.6
31415,12843
31416,12833.1
31417,12817.3
31418,12816.9
31419,12827.6
31420,12830.5
31421,12830.5
31422,12824.9
31423,21764.6
31424,26556.1
31425,30194
31426,35644.4
31427,37460.5
31428,32464.7
31429,37462.3
31430,35643.1
31431,33825.5
31432,28828.8
31433,18831
31434,15512.4
31435,15521.9
31436,15521.1
31437,13138.4
31438,12817
31439,12816.7
31440,12820
31441,12819
31442,12818.3
31443,12818.6
31444,12806
31445,12804.5
31446,12804.9
31447,21757.3
31448,26536.8
31449,30162.2
31450,35607.3
31451,37430.1
31452,32429.4
31453,37424
31454,35610.7
31455,33797.2
31456,28801.4
31457,18818.7
31458,15501.9
31459,15490.8
31460,15499.6
31461,13121.1
31462,12818.2
31463,12818.3
31464,12818.4
31465,12797.6
31466,12792.7
31467,12793.1
31468,12805.1
31469,12806.7
31470,12806.9
31471,12798.9
31472,17639.1
31473,22113.1
31474,26374.3
31475,26368.6
31476,26160.7
31477,26164.4
31478,26124.2
31479,26125.8
31480,26129.1
31481,21481.2
31482,12801.4
31483,12806.8
31484,12806.9
31485,12796.7
31486,12792.7
31487,12793.1
31488,12805.2
31489,12796.4
31490,12795.9
31491,12787.3
31492,12781.5
31493,12781.9
31494,12792.7
31495,12795.7
31496,16966.7
31497,21156.2
31498,25342.5
31499,25335.6
31500,25341.3
31501,25335.1
31502,25336.5
31503,25340.2
31504,25335.9
31505,21153.5
31506,12783.4
31507,12791.1
31508,12795.6
31509,12795.9
31510,12790.7
31511,12781.5
31512,12781.8
31513,12779.8
31514,12785.1
31515,12785.3
31516,12780.9
31517,12770.8
31518,12771
31519,21697.8
31520,26467.5
31521,30084.1
31522,35514.7
31523,37332.1
31524,32343.4
31525,37325.9
31526,35517.3
31527,33708.5
31528,28726
31529,18769
31530,15463.1
31531,15450.9
31532,15455
31533,13091.1
31534,12785
31535,12785.3
31536,12783.3
31537,12761.2
31538,12760.9
31539,12766.7
31540,12775.3
31541,12775.3
31542,12773.1
31543,21668.1
31544,26439.8
31545,30062.3
31546,35489.5
31547,37297.3
31548,32323.2
31549,37299.8
31550,35488.3
31551,33674.2
31552,28707.3
31553,18756.7
31554,15435.9
31555,15450.5
31556,15454.2
31557,13078.4
31558,12761.2
31559,12768.8
31560,12775.3
31561,12766.3
31562,12761.1
31563,12750.9
31564,12751.2
31565,12759.9
31566,12765.9
31567,21664
31568,26417.9
31569,30036.2
31570,35461.6
31571,37267.7
31572,32301.7
31573,37269.9
31574,35461.7
31575,33654.3
31576,28680.6
31577,18730.5
31578,15440.1
31579,15442.4
31580,15437.5
31581,13075
31582,12753.7
31583,12751.1
31584,12752.2
31585,12757.2
31586,12756.6
31587,12756.8
31588,12743.5
31589,12742
31590,12744.7
31591,21649.5
31592,26407
31593,30011.8
31594,35434.1
31595,37243.6
31596,32275.9
31597,37240.3
31598,35436.9
31599,33630.9
31600,28660.3
31601,18721.3
31602,15431.6
31603,15427.4
31604,15416.2
31605,13065.6
31606,12756.6
31607,12746.8
31608,12741.8
31609,12734.1
31610,12747.8
31611,12748
31612,12748.2
31613,12736.2
31614,12733.2
31615,21631.1
31616,26388.6
31617,29997.3
31618,35410.3
31619,37221.6
31620,32247.8
31621,37215.3
31622,35412.6
31623,33609
31624,28641.3
31625,18712.7
31626,15421.9
31627,15406.1
31628,15405.5
31629,13056.9
31630,12747.9
31631,12748.3
31632,12737.6
31633,12725.6
31634,12725.7
31635,12740.2
31636,12740
31637,12740.3
31638,12726.9
31639,12725.1
31640,17567.5
31641,21994.8
31642,26225.7
31643,26230.3
31644,26026.1
31645,26020.7
31646,25987.4
31647,25991
31648,25986
31649,21376.2
31650,12738.7
31651,12725
31652,12725.3
31653,12734.8
31654,12740
31655,12740.2
31656,12732.8
31657,12717.9
31658,12717.8
31659,12730.4
31660,12732.5
31661,12732.7
31662,12721.6
31663,12717.5
31664,16897.7
31665,21044.8
31666,25206.9
31667,25214
31668,25208.5
31669,25214.3
31670,25208.1
31671,25211.4
31672,25211.2
31673,21051
31674,12728.3
31675,12717.5
31676,12718.2
31677,12732.7
31678,12732.5
31679,12732.8
31680,12718.9
31681,12710.9
31682,12714.8
31683,12725.5
31684,12725.8
31685,12723.3
31686,12710.1
31687,21589.3
31688,26338
31689,29945.8
31690,35348.3
31691,37151.7
31692,32189.6
31693,37149.4
31694,35347.6
31695,33549.1
31696,28589.9
31697,18679.7
31698,15392.9
31699,15378.7
31700,15378.1
31701,13033.9
31702,12725.3
31703,12725.7
31704,12715
31705,12704.2
31706,12704.8
31707,12719.1
31708,12719.3
31709,12719.3
31710,12704.4
31711,21576.9
31712,26324
31713,29930
31714,35331.4
31715,37131.4
31716,32172.9
31717,37130.5
31718,35329.1
31719,33531.8
31720,28575.1
31721,18670.2
31722,15384.6
31723,15370.8
31724,15370.4
31725,13027.3
31726,12718.8
31727,12719.2
31728,12708.6
31729,12698.1
31730,12698.9
31731,12713.1
31732,12713.3
31733,12713.2
31734,12698
31735,21566.8
31736,26311.5
31737,29915.8
31738,35313.3
31739,37114.1
31740,32157.6
31741,37112.3
31742,35312.4
31743,33515.5
31744,28561.5
31745,18660.8
31746,15379
31747,15363.6
31748,15363.1
31749,13021
31750,12712.9
31751,12713.2
31752,12700
31753,12692.6
31754,12696.5
31755,12707.6
31756,12707.9
31757,12704.9
31758,12692
31759,21558.8
31760,26300.5
31761,29903.2
31762,35297.5
31763,37099.7
31764,32143.7
31765,37095.1
31766,35298.4
31767,33500.6
31768,28549
31769,18650.8
31770,15372.5
31771,15359.8
31772,15356.3
31773,13015.4
31774,12707.5
31775,12704.8
31776,12692
31777,12687.7
31778,12696.6
31779,12702.5
31780,12702.7
31781,12694.2
31782,12687
31783,21551.6
31784,26292.5
31785,29889.2
31786,35281.6
31787,37085.4
31788,32132.1
31789,37080.8
31790,35284
31791,33487.8
31792,28537.7
31793,18641.8
31794,15365.8
31795,15359.7
31796,15350.7
31797,13010.3
31798,12702.6
31799,12691.7
31800,12687.1
31801,12685.1
31802,12698.2
31803,12698.2
31804,12697
31805,12682.5
31806,12682.8
31807,12690.9
31808,17506.8
31809,21922.7
31810,26141.3
31811,26146.3
31812,25933.9
31813,25935.1
31814,25904.7
31815,25899.6
31816,25900.8
31817,21301.2
31818,12685
31819,12693.6
31820,12698.4
31821,12698.4
31822,12688.1
31823,12682.7
31824,12683.9
31825,12694.6
31826,12694.3
31827,12693.9
31828,12678.7
31829,12678.9
31830,12686.6
31831,12694.2
31832,16832.1
31833,20985.8
31834,25139.1
31835,25131.7
31836,25137.8
31837,25131.3
31838,25137.5
31839,25131.7
31840,25132.2
31841,20982.7
31842,12689.1
31843,12694.3
31844,12694.3
31845,12679
31846,12678.9
31847,12686.1
31848,12694.2
31849,12691.2
31850,12685
31851,12675.3
31852,12675.6
31853,12688.8
31854,12691.1
31855,21533.8
31856,26259.8
31857,29858.9
31858,35251.5
31859,37046.4
31860,32106.6
31861,37049.3
31862,35250.5
31863,33447.8
31864,28513.9
31865,18634.2
31866,15334.1
31867,15340
31868,15351.4
31869,12989.8
31870,12681.7
31871,12690.9
31872,12690.9
31873,12683.1
31874,12672.3
31875,12672.7
31876,12685.1
31877,12688
31878,12688.2
31879,21520.5
31880,26256.1
31881,29854
31882,35243.5
31883,37037.6
31884,32095.1
31885,37041.1
31886,35240.7
31887,33444.4
31888,28504.6
31889,18626
31890,15341.5
31891,15332.8
31892,15338.6
31893,12990.5
31894,12687.8
31895,12688.1
31896,12683.3
31897,12670.1
31898,12670.3
31899,12682.3
31900,12685.9
31901,12685.9
31902,12673.9
31903,21518.3
31904,26253.6
31905,29850.3
31906,35236.5
31907,37033
31908,32087.5
31909,37030.7
31910,35236.3
31911,33442.1
31912,28499.2
31913,18618.2
31914,15345.7
31915,15334.2
31916,15329.9
31917,12993
31918,12685.6
31919,12680.6
31920,12669.9
31921,12668.6
31922,12681
31923,12683.9
31924,12684
31925,12671.6
31926,12668.2
31927,21521.2
31928,26254.5
31929,29841.3
31930,35227.4
31931,37030.3
31932,32086.9
31933,37024.4
31934,35231.9
31935,33436.4
31936,28494.4
31937,18611.8
31938,15341.9
31939,15342
31940,15332
31941,12991.2
31942,12677.1
31943,12668.2
31944,12668.5
31945,12681.5
31946,12682.6
31947,12682.8
31948,12668.7
31949,12667
31950,12672.9
31951,21520.8
31952,26251.2
31953,29836.1
31954,35226.8
31955,37021.4
31956,32088.4
31957,37023.4
31958,35227.6
31959,33432.2
31960,28491.4
31961,18611.9
31962,15330.1
31963,15341.2
31964,15340.4
31965,12983.5
31966,12667.4
31967,12669.2
31968,12682.9
31969,12681.9
31970,12680.1
31971,12666
31972,12666.4
31973,12675.4
31974,12682
31975,12681.9
31976,17460.3
31977,21899.6
31978,26113.4
31979,26107.2
31980,25901.4
31981,25905.6
31982,25865.6
31983,25866.7
31984,25870.3
31985,21275.6
31986,12676
31987,12682.1
31988,12667.2
31989,12666.3
31990,12673
31991,12681.8
31992,12681.9
31993,12675.9
31994,12665.9
31995,12666.2
31996,12679.6
31997,12681.6
31998,12681.8
31999,12668.4
32000,16819.3
32001,20964.6
32002,25103
32003,25112.4
32004,25105.9
32005,25112.2
32006,25105.9
32007,25107.3
32008,25110.6
32009,20965.8
32010,12677.1
32011,12665.9
32012,12667.6
32013,12681.7
32014,12681.7
32015,12680.3
32016,12665.8
32017,12666.4
32018,12675
32019,12681.8
32020,12682
32021,12673.4
32022,12666.1
32023,21516.4
32024,26249.8
32025,29838.5
32026,35222.7
32027,37024
32028,32080.3
32029,37019.8
32030,35226
32031,33430.9
32032,28489.9
32033,18609.6
32034,15339.7
32035,15339.4
32036,15326.8
32037,12989.2
32038,12678.1
32039,12666.1
32040,12666.4
32041,12678.3
32042,12682.7
32043,12682.9
32044,12671.7
32045,12667.1
32046,12669.7
32047,21522.4
32048,26252.4
32049,29835.9
32050,35226.8
32051,37021.7
32052,32089.3
32053,37023.4
32054,35227.7
32055,33432.4
32056,28491.7
32057,18610.4
32058,15333.7
32059,15341.2
32060,15340.4
32061,12984
32062,12667.5
32063,12667.4
32064,12681.9
32065,12684
32066,12684.3
32067,12669.9
32068,12668.5
32069,12674.8
32070,12684.4
32071,21524.5
32072,26246.9
32073,29841.7
32074,35231.1
32075,37025.4
32076,32090.7
32077,37028.1
32078,35230.8
32079,33431.2
32080,28498.5
32081,18622.5
32082,15325.5
32083,15336.1
32084,15342.8
32085,12983.2
32086,12670.5
32087,12684.2
32088,12684.4
32089,12684.4
32090,12670.2
32091,12670.5
32092,12679
32093,12685.9
32094,12686
32095,21519
32096,26251.2
32097,29848.6
32098,35237.4
32099,37032.6
32100,32091
32101,37034.3
32102,35234.6
32103,33437.4
32104,28499.9
32105,18623.6
32106,15336.8
32107,15330.2
32108,15339.3
32109,12985.5
32110,12685.8
32111,12686
32112,12684
32113,12672.5
32114,12673
32115,12682
32116,12688.5
32117,12688.5
32118,12679.4
32119,21521.6
32120,26258.7
32121,29856.3
32122,35246.1
32123,37039.9
32124,32094.2
32125,37039.4
32126,35242.4
32127,33449.6
32128,28505.3
32129,18623.8
32130,15349.5
32131,15334.1
32132,15333.3
32133,12995.7
32134,12688.2
32135,12687.1
32136,12672.5
32137,12675.7
32138,12684.2
32139,12691.2
32140,12691.4
32141,12683.7
32142,12675.6
32143,12676
32144,17503.3
32145,21909.9
32146,26125.6
32147,26129.1
32148,25923.4
32149,25920.4
32150,25887.7
32151,25888.3
32152,25886.3
32153,21290.9
32154,12680.7
32155,12679.2
32156,12691.5
32157,12691.3
32158,12688.7
32159,12675.6
32160,12675.9
32161,12688.7
32162,12694.7
32163,12694.9
32164,12685.6
32165,12679.2
32166,12679.6
32167,12694.9
32168,16838.8
32169,20985.2
32170,25138.9
32171,25132.3
32172,25138.2
32173,25131.9
32174,25134.1
32175,25136
32176,25132.8
32177,20983.5
32178,12686
32179,12694.7
32180,12694.9
32181,12685.4
32182,12679.2
32183,12679.8
32184,12694.9
32185,12698.5
32186,12698.9
32187,12683.6
32188,12683.4
32189,12690.1
32190,12698.9
32191,12698.8
32192,16828.3
32193,20995.8
32194,25145.9
32195,25141.2
32196,25145.7
32197,25140.8
32198,25145.8
32199,25140.4
32200,25146
32201,20992.6
32202,12693.1
32203,12698.9
32204,12685.1
32205,12683.3
32206,12688.5
32207,12698.7
32208,12698.8
32209,12699.1
32210,12687.7
32211,12688
32212,12698.3
32213,12703.1
32214,12703.5
32215,21548
32216,26287.5
32217,29889.8
32218,35286
32219,37083.9
32220,32135.9
32221,37085.9
32222,35283.4
32223,33482.2
32224,28539.1
32225,18650
32226,15354.6
32227,15351.2
32228,15364.2
32229,13001.8
32230,12700.6
32231,12703.2
32232,12703.3
32233,12696.1
32234,12692.9
32235,12695.7
32236,12708.4
32237,12708.2
32238,12706.6
32239,21552.8
32240,26299.2
32241,29902.6
32242,35301.3
32243,37097.5
32244,32146.2
32245,37101.4
32246,35297.9
32247,33498.4
32248,28550.5
32249,18656.2
32250,15364.9
32251,15357.2
32252,15365.7
32253,13008.8
32254,12708
32255,12708.2
32256,12706.7
32257,12697.9
32258,12698.6
32259,12706.5
32260,12713.9
32261,12713.8
32262,12707.6
32263,21564.4
32264,26311.5
32265,29916.4
32266,35317
32267,37114.4
32268,32159.2
32269,37116.9
32270,35313.8
32271,33514.8
32272,28563.1
32273,18663.7
32274,15374.1
32275,15364
32276,15369.2
32277,13017.2
32278,12713.5
32279,12713.8
32280,12709.6
32281,12704.1
32282,12704.8
32283,12714.8
32284,12719.9
32285,12719.9
32286,12710.9
32287,21575.6
32288,26324.6
32289,29931.1
32290,35334.5
32291,37132.5
32292,32174.6
32293,37134.1
32294,35331
32295,33531.4
32296,28576.9
32297,18672.6
32298,15381.8
32299,15371.4
32300,15376.3
32301,13023.5
32302,12719.5
32303,12719.9
32304,12715.6
32305,12710.7
32306,12711.5
32307,12721.2
32308,12726.2
32309,12726.5
32310,12718.1
32311,12711.1
32312,17543.5
32313,21972.3
32314,26198.4
32315,26201.5
32316,25997.4
32317,25992.1
32318,25958.8
32319,25962.5
32320,25957.5
32321,21352.9
32322,12725.4
32323,12711.1
32324,12711.4
32325,12720.1
32326,12726.2
32327,12726.5
32328,12719.6
32329,12717.9
32330,12718.7
32331,12730.9
32332,12733.3
32333,12733.6
32334,12722.9
32335,12718.4
32336,16898.7
32337,21046.2
32338,25208.6
32339,25215.7
32340,25210.3
32341,25216.1
32342,25209.8
32343,25212.9
32344,25213.2
32345,21052.5
32346,12729.4
32347,12718.4
32348,12718.8
32349,12733.5
32350,12733.4
32351,12733.6
32352,12720.4
32353,12725.7
32354,12729.4
32355,12741
32356,12741.3
32357,12740.3
32358,12725.8
32359,21615.4
32360,26370.2
32361,29982.5
32362,35393.6
32363,37196.1
32364,32229.2
32365,37196.5
32366,35391.2
32367,33589
32368,28625.2
32369,18704
32370,15407.6
32371,15397.1
32372,15402.7
32373,13044.7
32374,12740.7
32375,12741
32376,12738.5
32377,12733.6
32378,12734.4
32379,12741.9
32380,12749.2
32381,12749.2
32382,12744.6
32383,21624.3
32384,26385.4
32385,30000.4
32386,35416.1
32387,37218.5
32388,32252.7
32389,37222.3
32390,35413.3
32391,33604.6
32392,28643.7
32393,18719
32394,15407.1
32395,15409.1
32396,15422.7
32397,13050.1
32398,12739.9
32399,12749
32400,12749.2
32401,12754.7
32402,12742.8
32403,12743.2
32404,12750.4
32405,12757.6
32406,12757.9
32407,21644.2
32408,26401.1
32409,30018.9
32410,35440.3
32411,37244.3
32412,32279.2
32413,37246.4
32414,35438.2
32415,33629.8
32416,28664.4
32417,18727
32418,15416.3
32419,15433.4
32420,15432.4
32421,13060.9
32422,12743.4
32423,12745.7
32424,12757.9
32425,12766.2
32426,12767
32427,12752.8
32428,12752.2
32429,12756
32430,12767
32431,21665.5
32432,26422.7
32433,30038.1
32434,35465.2
32435,37271.1
32436,32304.5
32437,37272.6
32438,35464.4
32439,33657.6
32440,28683.2
32441,18733.8
32442,15442.6
32443,15443.7
32444,15434.9
32445,13076.1
32446,12760.6
32447,12752.1
32448,12752.4
32449,12771.5
32450,12776.3
32451,12776.5
32452,12770
32453,12761.8
32454,12762.1
32455,21683.6
32456,26449
32457,30061.8
32458,35489.5
32459,37305.3
32460,32322.1
32461,37299.2
32462,35491.7
32463,33684.8
32464,28705.8
32465,18754.7
32466,15456.1
32467,15440.4
32468,15439.9
32469,13086
32470,12776.2
32471,12776.5
32472,12768.7
32473,12771.5
32474,12772.5
32475,12783.1
32476,12786.4
32477,12786.6
32478,12779.6
32479,12772
32480,17624.8
32481,22076.7
32482,26325.9
32483,26326.9
32484,26119.6
32485,26119.7
32486,26082.9
32487,26083.9
32488,26086
32489,21456.1
32490,12780.5
32491,12785.5
32492,12771.9
32493,12772.3
32494,12776.6
32495,12786.4
32496,12786.5
32497,12796.3
32498,12782.9
32499,12783
32500,12786.1
32501,12797
32502,12797.3
32503,12797.3
32504,16960.1
32505,21159.8
32506,25341
32507,25339.1
32508,25342.7
32509,25338.5
32510,25344.1
32511,25337.9
32512,25339.7
32513,21153.8
32514,12791.7
32515,12797
32516,12797.2
32517,12786.3
32518,12782.9
32519,12783.3
32520,12796.6
32521,12807.4
32522,12808.3
32523,12799.1
32524,12794
32525,12794.4
32526,12805.4
32527,21735.6
32528,26513
32529,30135.7
32530,35580.4
32531,37396.1
32532,32408.9
32533,37393.1
32534,35582.1
32535,33769.6
32536,28778.3
32537,18799.4
32538,15495.2
32539,15483.7
32540,15478.3
32541,13118.4
32542,12808
32543,12808.4
32544,12795.8
32545,12805.2
32546,12806.4
32547,12819.8
32548,12819.9
32549,12819.9
32550,12810.2
32551,21747.9
32552,26534.4
32553,30169.2
32554,35615.7
32555,37429.5
32556,32437.6
32557,37431.7
32558,35613.7
32559,33795
32560,28807.1
32561,18819
32562,15492.9
32563,15509.3
32564,15508.3
32565,13125.6
32566,12806.3
32567,12806.2
32568,12817
32569,12831
32570,12831.9
32571,12826.3
32572,12817.9
32573,12818.3
32574,12825.4
32575,21776.3
32576,26565.1
32577,30191.7
32578,35646.3
32579,37468.3
32580,32466.5
32581,37463.9
32582,35648
32583,33833.1
32584,28832.1
32585,18838
32586,15520
32587,15507.3
32588,15512.8
32589,13137.7
32590,12831.5
32591,12831.8
32592,12832
32593,12831.8
32594,12830.8
32595,12831.2
32596,12843.5
32597,12844.3
32598,12844.6
32599,21791.3
32600,26583.5
32601,30225.7
32602,35683.9
32603,37500.3
32604,32502.3
32605,37503.2
32606,35690.3
32607,33857.6
32608,28860
32609,18849.6
32610,15537.9
32611,15538.3
32612,15524.6
32613,13155.5
32614,12844.4
32615,12832.6
32616,12830.7
32617,12843.6
32618,12856.4
32619,12857.3
32620,12857.4
32621,12851.6
32622,12843.7
32623,21817.3
32624,26615
32625,30260.1
32626,35722.5
32627,37539.7
32628,32532.6
32629,37544.1
32630,35720
32631,33895.8
32632,28892.9
32633,18873.8
32634,15540.6
32635,15555.3
32636,15554.2
32637,13165.1
32638,12844.4
32639,12844.2
32640,12850
32641,12869.9
32642,12870.9
32643,12871.1
32644,12858.6
32645,12857.7
32646,12858
32647,12869.8
32648,17744.8
32649,22225.3
32650,26502
32651,26504.6
32652,26295.3
32653,26292.4
32654,26258.6
32655,26261.6
32656,26256.8
32657,21598.8
32658,12870.8
32659,12860.3
32660,12857.5
32661,12858
32662,12868
32663,12870.7
32664,12871
32665,12880.7
32666,12871.6
32667,12871.9
32668,12874.8
32669,12884.7
32670,12885
32671,12885
32672,17076.7
32673,21305.5
32674,25520.4
32675,25515.1
32676,25519.7
32677,25514.3
32678,25515.8
32679,25519.1
32680,25515
32681,21302.8
32682,12876.8
32683,12874.5
32684,12884.7
32685,12884.8
32686,12885.1
32687,12874
32688,12871.8
32689,12885.9
32690,12896.1
32691,12899.1
32692,12899.3
32693,12897.3
32694,12886.1
32695,21887.4
32696,26702.2
32697,30359.3
32698,35839.8
32699,37664.9
32700,32641.7
32701,37666
32702,35838.6
32703,34012.2
32704,28985.2
32705,18930.4
32706,15604.9
32707,15605.6
32708,15593.2
32709,13211.8
32710,12899.3
32711,12888.1
32712,12886.3
32713,12900.9
32714,12911
32715,12914
32716,12914.2
32717,12912.8
32718,12901.2
32719,21912.7
32720,26733.3
32721,30394.7
32722,35881.1
32723,37708.8
32724,32681.4
32725,37709.6
32726,35880.8
32727,34051.8
32728,29019.1
32729,18953.7
32730,15623.5
32731,15623
32732,15607.3
32733,13227
32734,12914.1
32735,12910
32736,12901.3
32737,12916.3
32738,12919.4
32739,12929.4
32740,12929.7
32741,12929.7
32742,12923.6
32743,21935.6
32744,26764.2
32745,30430.2
32746,35925.1
32747,37753
32748,32721.2
32749,37755.6
32750,35923.4
32751,34094
32752,29054.1
32753,18979.2
32754,15643.5
32755,15630.9
32756,15625.7
32757,13242.7
32758,12929.2
32759,12929.6
32760,12926.8
32761,12931.9
32762,12933.2
32763,12933.5
32764,12945.1
32765,12945.2
32766,12945.5
32767,21966.4
32768,26794.9
32769,30465.7
32770,35968.4
32771,37801.5
32772,32763.3
32773,37799.7
32774,35968.5
32775,34137
32776,29090.8
32777,19007.7
32778,15654.1
32779,15644.6
32780,15660.6
32781,13253.3
32782,12936.5
32783,12945.2
32784,12945.3
32785,12960.8
32786,12955.7
32787,12949.4
32788,12949.6
32789,12952
32790,12961.8
32791,21997.6
32792,26834.7
32793,30502.4
32794,36013.9
32795,37857.5
32796,32795.5
32797,37852.3
32798,36015.5
32799,34173.5
32800,29132.9
32801,19030.6
32802,15665
32803,15682.9
32804,15681.8
32805,13273.5
32806,12949.9
32807,12949.6
32808,12949.9
32809,12977.1
32810,12978.1
32811,12978.4
32812,12976.9
32813,12966.2
32814,12966.4
32815,12966.7
32816,17902.8
32817,22411
32818,26723.6
32819,26727.9
32820,26516.9
32821,26518
32822,26479.5
32823,26480.8
32824,26481.7
32825,21776.7
32826,12967.4
32827,12978.1
32828,12978.4
32829,12978.4
32830,12973.9
32831,12966.3
32832,12966.6
32833,12983.2
32834,12995.3
32835,12995.3
32836,12995.5
32837,12994.7
32838,12983.5
32839,12983.8
32840,17241.2
32841,21493.7
32842,25733.9
32843,25739.3
32844,25739.1
32845,25737.3
32846,25741.8
32847,25736.2
32848,25737.4
32849,21487.8
32850,12985.1
32851,12989.7
32852,12995.2
32853,12995.4
32854,12995.6
32855,12989.1
32856,12983.6
32857,13000.7
32858,13002.5
32859,13012.9
32860,13013.1
32861,13013.1
32862,13012.1
32863,22078
32864,26938.4
32865,30628.1
32866,36159.1
32867,38002
32868,32937.2
32869,37999.9
32870,36158.8
32871,34317.7
32872,29244.9
32873,19110.4
32874,15727.9
32875,15735.7
32876,15745.3
32877,13325
32878,13002
32879,13002
32880,13011.6
32881,13029.7
32882,13031
32883,13031.2
32884,13021.5
32885,13019.7
32886,13019.9
32887,22120.2
32888,26981.1
32889,30675.1
32890,36211.8
32891,38055.7
32892,32981.7
32893,38056
32894,36209.5
32895,34365.5
32896,29285.8
32897,19131.2
32898,15766.7
32899,15749
32900,15756
32901,13341.2
32902,13029.9
32903,13030.8
32904,13030.9
32905,13048.6
32906,13040.3
32907,13038.4
32908,13038.6
32909,13040.5
32910,13049.4
32911,22147.6
32912,27020.6
32913,30715
32914,36262.3
32915,38113.3
32916,33024.1
32917,38114.8
32918,36260.9
32919,34414.1
32920,29327.3
32921,19154.9
32922,15789
32923,15783.6
32924,15771
32925,13365.5
32926,13049.1
32927,13049.5
32928,13046.9
32929,13056.1
32930,13057.5
32931,13057.8
32932,13063.1
32933,13068
32934,13068.4
32935,22181
32936,27053.7
32937,30756.9
32938,36313.9
32939,38175.2
32940,33068.8
32941,38170.9
32942,36316.4
32943,34462
32944,29372
32945,19180
32946,15811.4
32947,15812.3
32948,15795.6
32949,13384.8
32950,13068.1
32951,13068.5
32952,13057.9
32953,13075.8
32954,13077.2
32955,13078.9
32956,13087.5
32957,13087.3
32958,13087.6
32959,22212.3
32960,27092.6
32961,30803.6
32962,36367.7
32963,38229.5
32964,33119.3
32965,38227.3
32966,36371.8
32967,34513
32968,29416
32969,19208.5
32970,15835
32971,15835.9
32972,15818.9
32973,13404.5
32974,13087.3
32975,13087.8
32976,13078.3
32977,13095.6
32978,13097.1
32979,13097.4
32980,13106.8
32981,13106.9
32982,13107.2
32983,13107.3
32984,18053.8
32985,22642.9
32986,26998.7
32987,27000.1
32988,26781.5
32989,26782.3
32990,26747.6
32991,26748.3
32992,26748.6
32993,21993.7
32994,13101.2
32995,13107
32996,13107.1
32997,13107.2
32998,13096.9
32999,13096.8
33000,13097.1
33001,13116.8
33002,13127
33003,13127
33004,13127.2
33005,13127.4
33006,13121.7
33007,13117
33008,17414.7
33009,21709.6
33010,26001.7
33011,26002.5
33012,26006.5
33013,26001.1
33014,26002.4
33015,26006.3
33016,26001
33017,21712.5
33018,13127
33019,13123.3
33020,13116.9
33021,13117.3
33022,13117.5
33023,13121.5
33024,13126.9
33025,13146.3
33026,13147.7
33027,13147.9
33028,13139.7
33029,13137.8
33030,13138
33031,13138.3
33032,17457.7
33033,21741.6
33034,26040.9
33035,26045.3
33036,26044.6
33037,26043.1
33038,26044.4
33039,26046.3
33040,26042.9
33041,21744.9
33042,13146.3
33043,13137.9
33044,13138.1
33045,13138.4
33046,13147.4
33047,13147.4
33048,13147.6
33049,13167.4
33050,13165.6
33051,13158.8
33052,13158.9
33053,13159.3
33054,13159.8
33055,22359.2
33056,27271.1
33057,31003.6
33058,36599.6
33059,38462.1
33060,33335.1
33061,38462.6
33062,36597.8
33063,34733.8
33064,29599.1
33065,19341.6
33066,15913.4
33067,15936.1
33068,15934.9
33069,13488.4
33070,13160.2
33071,13158.9
33072,13159.1
33073,13179.6
33074,13185.5
33075,13189.4
33076,13189.8
33077,13189.7
33078,13189.8
33079,22383.4
33080,27308.4
33081,31048.1
33082,36657
33083,38536.1
33084,33382
33085,38534.1
33086,36656.5
33087,34789.2
33088,29647
33089,19366.1
33090,15962
33091,15941.5
33092,15952.3
33093,13506.2
33094,13183
33095,13189.4
33096,13189.7
33097,13210
33098,13211.5
33099,13208.6
33100,13202
33101,13202.3
33102,13202.5
33103,22429.4
33104,27359
33105,31104.1
33106,36719.9
33107,38589.7
33108,33446.5
33109,38591.4
33110,36723
33111,34844.6
33112,29701.4
33113,19392.1
33114,15986
33115,15987.5
33116,15967.9
33117,13531.3
33118,13211
33119,13211.4
33120,13211.5
33121,13223.4
33122,13224.4
33123,13224.7
33124,13224.9
33125,13227.7
33126,13233.2
33127,22464.5
33128,27407.6
33129,31156.1
33130,36783.2
33131,38654.6
33132,33500.9
33133,38654.6
33134,36780.3
33135,34907.4
33136,29749.4
33137,19432.8
33138,15999.3
33139,16015
33140,16006.5
33141,13554
33142,13233.2
33143,13228.9
33144,13224.4
33145,13245.8
33146,13247.4
33147,13247.7
33148,13253.3
33149,13255.2
33150,13255.7
33151,13255.5
33152,18267.2
33153,22901.5
33154,27306.8
33155,27308.3
33156,27092.4
33157,27091.6
33158,27053.3
33159,27054.5
33160,27055
33161,22250.5
33162,13255
33163,13247.1
33164,13247.3
33165,13247.6
33166,13251.9
33167,13255.2
33168,13255.4
33169,13276.9
33170,13278.4
33171,13276.9
33172,13269.8
33173,13270
33174,13270.2
33175,13270.5
33176,17632
33177,21959.5
33178,26302.3
33179,26306.6
33180,26309.4
33181,26304.7
33182,26305.9
33183,26307.2
33184,26308
33185,21964.6
33186,13272.1
33187,13278.3
33188,13278.4
33189,13276.6
33190,13269.8
33191,13270
33192,13270.3
33193,13292.4
33194,13295
33195,13300.9
33196,13301.2
33197,13301.2
33198,13301.5
33199,22579.7
33200,27542
33201,31316.8
33202,36974.7
33203,38856.9
33204,33675.5
33205,38857.9
33206,36972.5
33207,35089.3
33208,29903.3
33209,19534.7
33210,16082.1
33211,16098.2
33212,16087.9
33213,13623.7
33214,13301.2
33215,13301.6
33216,13293.6
33217,13315.5
33218,13317.1
33219,13317.4
33220,13317.5
33221,13321.8
33222,13324.6
33223,22621.3
33224,27600.1
33225,31374.7
33226,37040
33227,38924.1
33228,33737.1
33229,38927.1
33230,37044
33231,35149.1
33232,29957.7
33233,19563.5
33234,16125.8
33235,16115.5
33236,16108.1
33237,13645.4
33238,13324.2
33239,13324.3
33240,13324.5
33241,13347
33242,13348.6
33243,13348.1
33244,13340.8
33245,13340.9
33246,13341
33247,22663.1
33248,27645.3
33249,31429.3
33250,37105.4
33251,39003.9
33252,33790.4
33253,39003.7
33254,37105.2
33255,35214.9
33256,30009.1
33257,19607.5
33258,16137.1
33259,16148.9
33260,16155.2
33261,13674.6
33262,13341.4
33263,13340.9
33264,13341.1
33265,13364.2
33266,13365.9
33267,13368.1
33268,13372.2
33269,13372.1
33270,13372.5
33271,22700.3
33272,27695.8
33273,31488.1
33274,37176
33275,39066.5
33276,33859.9
33277,39067
33278,37179.2
33279,35277.4
33280,30066.2
33281,19635
33282,16184.5
33283,16170.1
33284,16170.4
33285,13695.3
33286,13366.8
33287,13372
33288,13372.1
33289,13395.1
33290,13396.8
33291,13396.9
33292,13397
33293,13391.9
33294,13389.7
33295,22741.5
33296,27744.9
33297,31542.9
33298,37243.2
33299,39146.7
33300,33919.5
33301,39141.3
33302,37241.9
33303,35344.7
33304,30123
33305,19672.3
33306,16205.3
33307,16214.5
33308,16196.4
33309,13721.3
33310,13396.4
33311,13396.8
33312,13396.9
33313,13420.3
33314,13416.1
33315,13414.8
33316,13415
33317,13415.2
33318,13415.3
33319,13415.5
33320,18519.4
33321,23180.8
33322,27654.8
33323,27652.1
33324,27433.5
33325,27434.1
33326,27398.2
33327,27398.5
33328,27399.5
33329,22530.6
33330,13418.2
33331,13415.3
33332,13415.4
33333,13416.6
33334,13421
33335,13421.1
33336,13421.2
33337,13444.9
33338,13446.5
33339,13446.7
33340,13445.7
33341,13440
33342,13440
33343,13440.3
33344,17843.4
33345,22240.7
33346,26646.2
33347,26643.2
33348,26644.3
33349,26645
33350,26645.2
33351,26643
33352,26644.1
33353,22245.1
33354,13447.7
33355,13440.2
33356,13440.3
33357,13440.6
33358,13440.7
33359,13440.9
33360,13445.6
33361,13469.8
33362,13471.4
33363,13471.5
33364,13471.6
33365,13471.9
33366,13471.9
33367,22868.6
33368,27899.5
33369,31725.2
33370,37456.9
33371,39361.4
33372,34114.9
33373,39362.7
33374,37461
33375,35545.2
33376,30289.6
33377,19785.2
33378,16302
33379,16283.1
33380,16306.6
33381,13800
33382,13466.3
33383,13466.1
33384,13466.3
33385,13490.8
33386,13494.7
33387,13496.8
33388,13497.1
33389,13497
33390,13497.3
33391,22913.8
33392,27958.1
33393,31787.2
33394,37526.7
33395,39437
33396,34179.8
33397,39444.4
33398,37525.7
33399,35613.9
33400,30348
33401,19828.5
33402,16317.4
33403,16333.6
33404,16336.3
33405,13824.6
33406,13497.3
33407,13495.2
33408,13491.5
33409,13516.1
33410,13517.9
33411,13518.1
33412,13518.1
33413,13518.4
33414,13518.4
33415,22969.5
33416,28014.4
33417,31847.5
33418,37598.3
33419,39524.2
33420,34244.2
33421,39514.9
33422,37598.1
33423,35682.5
33424,30413.6
33425,19855.5
33426,16367.9
33427,16360.6
33428,16348.8
33429,13851.1
33430,13520.6
33431,13522.6
33432,13522.8
33433,13547.4
33434,13549.1
33435,13549.3
33436,13549.3
33437,13549.5
33438,13549.5
33439,23000.9
33440,28062.5
33441,31910.4
33442,37675.6
33443,39590.3
33444,34313.8
33445,39597.4
33446,37675.1
33447,35751.7
33448,30466.5
33449,19905.5
33450,16381
33451,16397.3
33452,16398.7
33453,13877.8
33454,13549.3
33455,13549.7
33456,13545.2
33457,13569.2
33458,13570.9
33459,13571
33460,13571.1
33461,13571.3
33462,13571.4
33463,23056.5
33464,28123.3
33465,31971.4
33466,37748.4
33467,39677.2
33468,34380.2
33469,39670
33470,37751.1
33471,35823.9
33472,30528.8
33473,19947.8
33474,16421
33475,16409.5
33476,16434.1
33477,13907.9
33478,13571.4
33479,13571.2
33480,13571.3
33481,13596.8
33482,13598.6
33483,13598.7
33484,13599.9
33485,13601.8
33486,13602.2
33487,13602.2
33488,18763.5
33489,23505.2
33490,28027.2
33491,28030.4
33492,27808.5
33493,27808.8
33494,27772.2
33495,27772.3
33496,27773.1
33497,22840
33498,13608.4
33499,13599.4
33500,13597.7
33501,13597.9
33502,13598
33503,13598.1
33504,13598.2
33505,13623.9
33506,13625.7
33507,13625.8
33508,13626
33509,13627.4
33510,13629
33511,13628.8
33512,18097.8
33513,22550
33514,27008.4
33515,27011.7
33516,27012.5
33517,27014
33518,27009.6
33519,27010.5
33520,27011.4
33521,22551.5
33522,13635.9
33523,13625.6
33524,13624.9
33525,13625.1
33526,13625.2
33527,13625.3
33528,13625.4
33529,13651.4
33530,13653.1
33531,13653.3
33532,13653.3
33533,13653.5
33534,13655.1
33535,23197.4
33536,28294.9
33537,32165.6
33538,37975.2
33539,39919.2
33540,34586.9
33541,39909.1
33542,37980.4
33543,36041.7
33544,30710.8
33545,20062
33546,16520.5
33547,16518.5
33548,16532.1
33549,13992
33550,13656.2
33551,13652.6
33552,13652.5
33553,13678.6
33554,13680.4
33555,13680.4
33556,13680.5
33557,13680.7
33558,13680.7
33559,23241.4
33560,28349.3
33561,32228.1
33562,38057.6
33563,39992
33564,34659.5
33565,39996.4
33566,38055.1
33567,36113
33568,30773.1
33569,20106.2
33570,16546.4
33571,16566
33572,16547.8
33573,14015.3
33574,13683.3
33575,13683.5
33576,13683.6
33577,13709.7
33578,13711.5
33579,13711.5
33580,13711.5
33581,13711.7
33582,13711.7
33583,23281.1
33584,28403.1
33585,32298.2
33586,38132.2
33587,40078.2
33588,34726.9
33589,40078.5
33590,38127.8
33591,36187
33592,30844.4
33593,20138.9
33594,16599.2
33595,16574.8
33596,16596.9
33597,14048.3
33598,13708.7
33599,13708.5
33600,13708.6
33601,13735.1
33602,13736.9
33603,13737
33604,13737
33605,13737.2
33606,13737.1
33607,23340.5
33608,28467.4
33609,32361.6
33610,38212.8
33611,40158.5
33612,34801.9
33613,40161.2
33614,38211.3
33615,36261.3
33616,30899.1
33617,20185.4
33618,16620.7
33619,16633.4
33620,16608.1
33621,14072
33622,13738.5
33623,13738.8
33624,13738.8
33625,13765.3
33626,13767
33627,13767
33628,13767.4
33629,13767.2
33630,13767.4
33631,23377.6
33632,28530.6
33633,32432.5
33634,38286.3
33635,40248.3
33636,34871
33637,40238.1
33638,38295.8
33639,36336.5
33640,30963
33641,20229.2
33642,16645.1
33643,16667.5
33644,16657.2
33645,14101.1
33646,13767
33647,13767.3
33648,13767.4
33649,13794
33650,13795.7
33651,13795.8
33652,13795.9
33653,13795.9
33654,13795.9
33655,13796
33656,19015.7
33657,23846.4
33658,28433.3
33659,28434.9
33660,28209.5
33661,28209.6
33662,28172.1
33663,28172.7
33664,28172.5
33665,23170.2
33666,13791
33667,13795.5
33668,13795.5
33669,13795.6
33670,13795.7
33671,13795.8
33672,13795.8
33673,13822.6
33674,13824.4
33675,13824.4
33676,13824.5
33677,13824.5
33678,13824.5
33679,13824.4
33680,18335.5
33681,22880.3
33682,27403.9
33683,27404.3
33684,27405.5
33685,27400.8
33686,27401.4
33687,27402.1
33688,27402.7
33689,22879.1
33690,13825.2
33691,13824.3
33692,13824.3
33693,13824.4
33694,13824.4
33695,13824.5
33696,13824.5
33697,13851.5
33698,13853.3
33699,13852.3
33700,13851
33701,13850.9
33702,13851
33703,13850.9
33704,23524
33705,28699.7
33706,32636.2
33707,38530.5
33708,40499.7
33709,35092.1
33710,40492.9
33711,38534
33712,36567.9
33713,31158
33714,20355.9
33715,16749.3
33716,16773.1
33717,16758.9
33718,14188.4
33719,13852.2
33720,13852.4
33721,13879.6
33722,13881.3
33723,13881.4
33724,13881.4
33725,13881.7
33726,13881.5
33727,13881.6
33728,23574.3
33729,28770.1
33730,32704.2
33731,38611.9
33732,40584.7
33733,35165.6
33734,40583.6
33735,38612.1
33736,36641.4
33737,31228.7
33738,20387.4
33739,16806
33740,16793.6
33741,16795.8
33742,14223.6
33743,13880.9
33744,13880.7
33745,13908.3
33746,13910.1
33747,13910.1
33748,13910.1
33749,13910
33750,13910.1
33751,13910.1
33752,23631.3
33753,28824.5
33754,32774.9
33755,38693.4
33756,40666.5
33757,35240.4
33758,40667
33759,38695.1
33760,36724.7
33761,31289.9
33762,20441.1
33763,16820.7
33764,16842.3
33765,16829.7
33766,14247.7
33767,13910
33768,13910.2
33769,13937.7
33770,13939.4
33771,13939.4
33772,13939.4
33773,13939.7
33774,13939.4
33775,13939.6
33776,23677.8
33777,28891.1
33778,32841.7
33779,38778.7
33780,40753.1
33781,35316.3
33782,40760.4
33783,38772
33784,36797.5
33785,31364.6
33786,20479.1
33787,16872.2
33788,16859.2
33789,16878.7
33790,14282.6
33791,13939.8
33792,13940.1
33793,13967.7
33794,13969.4
33795,13969.4
33796,13969.4
33797,13969.3
33798,13969.4
33799,13969.3
33800,23720.9
33801,28949.3
33802,32914.3
33803,38856.7
33804,40845.6
33805,35390.1
33806,40844.2
33807,38858.5
33808,36876
33809,31429.5
33810,20520.4
33811,16914.2
33812,16888
33813,16915.2
33814,14315.9
33815,13969.1
33816,13968.5
33817,13996.4
33818,13998.5
33819,13998.9
33820,13999.1
33821,13999.1
33822,13999.1
33823,13998.9
33824,13999
33825,18572.1
33826,23172.4
33827,27752.9
33828,27753.9
33829,27754.4
33830,27754.8
33831,27755.3
33832,27754.6
33833,27751
33834,23165.7
33835,13997.6
33836,13999.2
33837,13999.1
33838,13999.2
33839,13999.2
33840,13999.1
33841,14027.2
33842,14029
33843,14029
33844,14028.9
33845,14028.9
33846,14028.9
33847,14028.7
33848,14028.8
33849,18617.8
33850,23219.8
33851,27815.7
33852,27814.7
33853,27815.1
33854,27810.7
33855,27810.7
33856,27811.1
33857,27811.6
33858,23216.5
33859,14021.3
33860,14027.4
33861,14027.6
33862,14027.8
33863,14029.1
33864,14029.6
33865,14057.8
33866,14059.5
33867,14059.5
33868,14059.4
33869,14059.3
33870,14059.4
33871,14059.2
33872,23885.5
33873,29134.1
33874,33126.5
33875,39108.3
33876,41107.8
33877,35618.2
33878,41101.1
33879,39116.7
33880,37113.8
33881,31630.1
33882,20649.5
33883,17021.6
33884,17003.8
33885,17017
33886,14407
33887,14059
33888,14058.5
33889,14086.7
33890,14088.6
33891,14088.5
33892,14088.5
33893,14088.5
33894,14088.2
33895,14088.1
33896,23923.9
33897,29198.6
33898,33197
33899,39195.2
33900,41194.2
33901,35696.1
33902,41198.6
33903,39188.5
33904,37199.4
33905,31696.9
33906,20703.7
33907,17037.2
33908,17060.4
33909,17041.6
33910,14429
33911,14086.9
33912,14087
33913,14116.5
33914,14120.1
33915,14120
33916,14119.9
33917,14119.8
33918,14119.8
33919,14119.6
33920,23988.4
33921,29259
33922,33269.5
33923,39277.9
33924,41287.9
33925,35771.5
33926,41281.2
33927,39279.1
33928,37272.6
33929,31769
33930,20742.8
33931,17089.4
33932,17077.6
33933,17096.1
33934,14460.7
33935,14117.5
33936,14117.7
33937,14145.9
33938,14147.6
33939,14147.5
33940,14147.4
33941,14147.6
33942,14147.3
33943,14147.5
33944,24040
33945,29325.6
33946,33339.2
33947,39365.6
33948,41373
33949,35851.5
33950,41367.6
33951,39370.3
33952,37353.9
33953,31835.2
33954,20784.3
33955,17132
33956,17107
33957,17133.4
33958,14499.4
33959,14147.9
33960,14148.1
33961,14176.3
33962,14178
33963,14177.9
33964,14177.8
33965,14177.7
33966,14177.6
33967,14177.7
33968,24088.5
33969,29389.9
33970,33410.1
33971,39453.3
33972,41460.3
33973,35929.9
33974,41456.9
33975,39455.6
33976,37434.5
33977,31904.2
33978,20829.5
33979,17168.7
33980,17145.2
33981,17170
33982,14527.4
33983,14177.9
33984,14178
33985,14206.4
33986,14208.1
33987,14207.9
33988,14207.8
33989,14207.7
33990,14207.6
33991,14207.9
33992,14207.7
33993,19612.5
33994,24559.9
33995,29300.1
33996,29297.8
33997,29064.8
33998,29064.2
33999,29025
34000,29024.8
34001,29024
34002,23866.7
34003,14212.8
34004,14210.5
34005,14210.4
34006,14210.4
34007,14210.2
34008,14210.3
34009,14237.5
34010,14238.9
34011,14238.7
34012,14238.6
34013,14238.5
34014,14238.4
34015,14238.4
34016,14238.1
34017,18911.8
34018,23569.3
34019,28231
34020,28233.2
34021,28233.4
34022,28233.5
34023,28233.6
34024,28233.8
34025,28233.9
34026,23567.2
34027,14237
34028,14241.9
34029,14241.7
34030,14241.7
34031,14241.6
34032,14241.4
34033,14270.1
34034,14271.9
34035,14271.8
34036,14271.6
34037,14271.4
34038,14270.1
34039,14269.1
34040,24234.4
34041,29583.8
34042,33627.1
34043,39711.4
34044,41727.5
34045,36163.9
34046,41726.9
34047,39712.9
34048,37677.5
34049,32113
34050,20966.6
34051,17274.1
34052,17262.7
34053,17278.5
34054,14614.9
34055,14268.3
34056,14268.4
34057,14296.9
34058,14298.6
34059,14298.5
34060,14302.3
34061,14303.4
34062,14303.3
34063,14303.1
34064,24299.6
34065,29639
34066,33702.7
34067,39788
34068,41824.2
34069,36239
34070,41824.8
34071,39792.1
34072,37764.4
34073,32174.3
34074,21011.8
34075,17314.3
34076,17298.7
34077,17313.1
34078,14657.2
34079,14302
34080,14299.7
34081,14328.2
34082,14329.8
34083,14329.7
34084,14329.5
34085,14329.6
34086,14329.2
34087,14329.4
34088,24354.6
34089,29706.4
34090,33776.2
34091,39875.7
34092,41915.7
34093,36315.8
34094,41917.5
34095,39872.1
34096,37850.9
34097,32244.1
34098,21062.2
34099,17343.2
34100,17343.6
34101,17342.8
34102,14687.9
34103,14333.7
34104,14333.1
34105,14360.9
34106,14360.7
34107,14360.5
34108,14360.3
34109,14360.1
34110,14359.9
34111,14360
34112,14359.6
34113,19081.3
34114,23764.8
34115,28485.1
34116,28482.2
34117,28482.1
34118,28482.1
34119,28482
34120,28481.9
34121,28481
34122,23773.7
34123,14370.3
34124,14360.7
34125,14360.4
34126,14360.3
34127,14360.1
34128,14359.9
34129,14388.5
34130,14390.1
34131,14391.3
34132,14396.1
34133,14395.8
34134,14395.7
34135,14395.4
34136,24454.7
34137,29829.6
34138,33921.7
34139,40051.9
34140,42091.7
34141,36478
34142,42091.7
34143,40055.9
34144,38003.6
34145,32390.9
34146,21149.1
34147,17415.8
34148,17420.9
34149,17416.1
34150,14739.5
34151,14390.2
34152,14395.9
34153,14425
34154,14426.6
34155,14426.4
34156,14426.1
34157,14426
34158,14425.8
34159,14425.2
34160,14421.7
34161,19892.6
34162,24936.4
34163,29744.8
34164,29744.2
34165,29507.2
34166,29506.3
34167,29466.1
34168,29465.5
34169,29467.4
34170,24229.7
34171,14431.8
34172,14421.7
34173,14421.4
34174,14421.3
34175,14421.1
34176,14420.9
34177,14449.4
34178,14453
34179,14457.9
34180,14457.6
34181,14457.4
34182,14457.1
34183,14456.8
34184,14456.7
34185,19181
34186,23931.8
34187,28662.1
34188,28663.1
34189,28662.9
34190,28662.7
34191,28662.4
34192,28662.2
34193,28662
34194,23925.9
34195,14457
34196,14457
34197,14456.7
34198,14456.6
34199,14454.5
34200,14452.3
34201,14480.8
34202,14482.4
34203,14482.1
34204,14481.9
34205,14482.6
34206,14488.8
34207,14488.4
34208,24615.6
34209,30023.3
34210,34141.3
34211,40310.8
34212,42364.4
34213,36714.4
34214,42363.1
34215,40313.2
34216,38249.3
34217,32602.1
34218,21289.3
34219,17521.3
34220,17542.2
34221,17517.5
34222,14845
34223,14488.2
34224,14487.8
34225,14516.6
34226,14518.1
34227,14513.5
34228,14513.2
34229,14512.9
34230,14512.7
34231,14512.8
34232,24668.6
34233,30090.9
34234,34214.9
34235,40391.6
34236,42458
34237,36788.9
34238,42457.5
34239,40400.9
34240,38330.5
34241,32671
34242,21332
34243,17558.6
34244,17578.5
34245,17555.2
34246,14875.5
34247,14519.2
34248,14519
34249,14547.7
34250,14549.4
34251,14548.5
34252,14544
34253,14543.7
34254,14543.5
34255,14543.3
34256,24718.8
34257,30155.7
34258,34287.4
34259,40478.2
34260,42548.9
34261,36867.5
34262,42548.2
34263,40486.9
34264,38411.9
34265,32741.2
34266,21379.1
34267,17595.7
34268,17617.2
34269,17592.5
34270,14908
34271,14550
34272,14549.6
34273,14578.3
34274,14578.7
34275,14574.5
34276,14574.2
34277,14573.8
34278,14573.6
34279,14573.7
34280,24776
34281,30218
34282,34359.7
34283,40566.2
34284,42637.8
34285,36950.6
34286,42635.8
34287,40570.2
34288,38497.9
34289,32808.6
34290,21427.2
34291,17636.1
34292,17644.5
34293,17640.5
34294,14941
34295,14580.6
34296,14574.8
34297,14603
34298,14604.5
34299,14604.2
34300,14603.9
34301,14610.4
34302,14612
34303,14611.5
34304,24823.2
34305,30278.8
34306,34431.6
34307,40659.9
34308,42727
34309,37022.7
34310,42732
34311,40648.9
34312,38585.8
34313,32872.5
34314,21464.5
34315,17690.1
34316,17667.9
34317,17688.3
34318,14958.9
34319,14603.8
34320,14604.9
34321,14641.2
34322,14642.6
34323,14642.3
34324,14641.9
34325,14641.6
34326,14637.7
34327,14635.2
34328,14634.9
34329,20200.2
34330,25306.3
34331,30191.4
34332,30188.1
34333,29947.3
34334,29951.5
34335,29911.2
34336,29918
34337,29900.6
34338,24592.3
34339,14642.4
34340,14641.8
34341,14641.6
34342,14635.6
34343,14635.2
34344,14634.9
34345,14663.1
34346,14666.4
34347,14673.7
34348,14673.3
34349,14672.9
34350,14672.6
34351,14672.3
34352,14666.1
34353,19473.1
34354,24286.7
34355,29087.3
34356,29091.5
34357,29095.5
34358,29094.7
34359,29094.1
34360,29093.5
34361,29093
34362,24284.9
34363,14662
34364,14673.5
34365,14673.1
34366,14672.8
34367,14672.5
34368,14671.1
34369,14694.4
34370,14695.8
34371,14695.4
34372,14695.1
34373,14701.9
34374,14704
34375,14703.6
34376,24978.8
34377,30472.8
34378,34646.6
34379,40915.7
34380,43002.6
34381,37255.5
34382,43001.7
34383,40914.2
34384,38821.4
34385,33086.1
34386,21603
34387,17781.7
34388,17803.3
34389,17779.1
34390,15065.7
34391,14703.6
34392,14703.1
34393,14729
34394,14726.4
34395,14726
34396,14725.6
34397,14726.4
34398,14734.9
34399,14734.3
34400,25032.5
34401,30535.3
34402,34719.7
34403,41001.4
34404,43092.5
34405,37333.1
34406,43091.3
34407,41000.5
34408,38901.5
34409,33155.1
34410,21649
34411,17819.3
34412,17839.9
34413,17816.2
34414,15097.3
34415,14734.1
34416,14733.1
34417,14754.9
34418,14756.2
34419,14755.8
34420,14755.6
34421,14765
34422,14765
34423,14764.4
34424,25081.3
34425,30600.8
34426,34791.6
34427,41084.7
34428,43180.4
34429,37411.8
34430,43178.5
34431,41086.6
34432,38981
34433,33226.3
34434,21697.3
34435,17859.8
34436,17862.6
34437,17867.8
34438,15129
34439,14756.3
34440,14756.2
34441,14784
34442,14788
34443,14795.7
34444,14795.3
34445,14794.7
34446,14794.5
34447,14788.8
34448,25125.9
34449,30667.9
34450,34867.4
34451,41163.6
34452,43270.2
34453,37497.4
34454,43266.1
34455,41165.5
34456,39074.1
34457,33285.7
34458,21735.5
34459,17909.6
34460,17893.3
34461,17903.3
34462,15144.7
34463,14792.6
34464,14795.5
34465,14823.5
34466,14824.9
34467,14822.5
34468,14816.6
34469,14816.1
34470,14815.8
34471,14820.7
34472,25191.6
34473,30724.1
34474,34937.5
34475,41257.2
34476,43360.6
34477,37564.9
34478,43358.8
34479,41257
34480,39141.7
34481,33362.5
34482,21785.5
34483,17931.8
34484,17939.4
34485,17938.4
34486,15192.1
34487,14816.9
34488,14816.3
34489,14844
34490,14848.3
34491,14856.2
34492,14855.7
34493,14855.2
34494,14854.8
34495,14846.5
34496,14846.1
34497,20494.9
34498,25675.5
34499,30630.9
34500,30627.7
34501,30390.4
34502,30387.9
34503,30345.6
34504,30344.7
34505,30350.5
34506,24954.1
34507,14842.3
34508,14850.4
34509,14856
34510,14855.6
34511,14855.2
34512,14852.9
34513,14874.6
34514,14875.8
34515,14875.4
34516,14882.9
34517,14886
34518,14885.5
34519,14885
34520,14880.3
34521,19754.9
34522,24637.9
34523,29514.3
34524,29517.8
34525,29516.8
34526,29515.8
34527,29514.9
34528,29513.9
34529,29513
34530,24637.8
34531,14887.6
34532,14876.2
34533,14875.7
34534,14875.3
34535,14884.7
34536,14885.9
34537,14913.6
34538,14915
34539,14907.6
34540,14905.7
34541,14905.4
34542,14909.2
34543,14916
34544,25341.8
34545,30914.4
34546,35148
34547,41507.2
34548,43622.6
34549,37797.7
34550,43624.4
34551,41505.7
34552,39390.8
34553,33557.6
34554,21913.6
34555,18054.2
34556,18040.9
34557,18045.2
34558,15270.5
34559,14916.1
34560,14915.6
34561,14943.2
34562,14941
34563,14935.4
34564,14934.9
34565,14935.6
34566,14946.2
34567,14945.4
34568,25390.2
34569,30976.7
34570,35221.2
34571,41586.9
34572,43708.9
34573,37877.8
34574,43709.5
34575,41585.8
34576,39472.7
34577,33630.3
34578,21955.8
34579,18078.1
34580,18090.3
34581,18072.6
34582,15313.2
34583,14945.3
34584,14944.5
34585,14963.2
34586,14964.4
34587,14963.9
34588,14973.6
34589,14975.2
34590,14974.8
34591,14973.9
34592,25429.6
34593,31042.3
34594,35292.6
34595,41669
34596,43798.5
34597,37951.3
34598,43800.8
34599,41671.7
34600,39540.9
34601,33700.4
34602,22005.6
34603,18114.3
34604,18116
34605,18124
34606,15339.5
34607,14964.3
34608,14964
34609,14999.2
34610,15004.9
34611,15004.4
34612,15004.1
34613,14994.3
34614,14993.7
34615,14993.5
34616,25496.8
34617,31097.2
34618,35361.1
34619,41756.8
34620,43885.1
34621,38021.9
34622,43887.3
34623,41754.6
34624,39628.3
34625,33759.6
34626,22043.4
34627,18156.4
34628,18155
34629,18145.4
34630,15371.9
34631,15004.7
34632,15004.1
34633,15025.8
34634,15022.9
34635,15022.3
34636,15029.5
34637,15034.2
34638,15033.8
34639,15033.3
34640,25529.6
34641,31164.6
34642,35432.6
34643,41834.5
34644,43971.1
34645,38099.3
34646,43972.2
34647,41839.4
34648,39694.8
34649,33833.4
34650,22089.1
34651,18194.2
34652,18180.2
34653,18200.3
34654,15387.3
34655,15025.6
34656,15034.5
34657,15061.3
34658,15062.5
34659,15054.4
34660,15051.7
34661,15051.1
34662,15061.7
34663,15063.2
34664,15062.7
34665,20769.7
34666,26039.5
34667,31063.4
34668,31057.9
34669,30814.4
34670,30814
34671,30770.7
34672,30773.6
34673,30772.7
34674,25299.7
34675,15056.9
34676,15063.2
34677,15062.6
34678,15057.5
34679,15051.9
34680,15051.3
34681,15085.9
34682,15092.5
34683,15091.9
34684,15089.7
34685,15080.8
34686,15080.1
34687,15084.2
34688,15092.7
34689,20029.9
34690,24985
34691,29923.7
34692,29924.1
34693,29929.9
34694,29927.2
34695,29925.9
34696,29924.5
34697,29925.9
34698,24979.2
34699,15087.2
34700,15080.1
34701,15084.6
34702,15092.7
34703,15092
34704,15091.6
34705,15108
34706,15108.8
34707,15110.6
34708,15121.7
34709,15120.8
34710,15120.3
34711,15110.8
34712,25683.3
34713,31343
34714,35637
34715,42084.3
34716,44228.1
34717,38315.3
34718,44226.9
34719,42080.2
34720,39937.9
34721,34025.8
34722,22213
34723,18289.3
34724,18304.3
34725,18285.6
34726,15493.5
34727,15120.8
34728,15109.5
34729,15135.4
34730,15140.1
34731,15150.2
34732,15149.5
34733,15148.9
34734,15137.8
34735,15137.2
34736,25739.8
34737,31399.4
34738,35704.1
34739,42161.3
34740,44309.6
34741,38395.8
34742,44311.4
34743,42157.8
34744,40009.1
34745,34093.3
34746,22260.9
34747,18324.3
34748,18328.4
34749,18334.7
34750,15515.6
34751,15136.9
34752,15139.9
34753,15177
34754,15177.9
34755,15177.1
34756,15165.9
34757,15165.3
34758,15170.3
34759,15178.3
34760,25787.6
34761,31461
34762,35774.8
34763,42235.3
34764,44396.9
34765,38466.9
34766,44395.1
34767,42241.4
34768,40081.2
34769,34153.4
34770,22299.5
34771,18370.5
34772,18360.8
34773,18356.6
34774,15548.7
34775,15178
34776,15177.5
34777,15192.4
34778,15193.2
34779,15198.1
34780,15206.7
34781,15205.9
34782,15202.3
34783,15193.5
34784,25831.9
34785,31518.5
34786,35839
34787,42320.2
34788,44476.2
34789,38539.8
34790,44478.1
34791,42316.3
34792,40158.3
34793,34220.3
34794,22345.2
34795,18395.2
34796,18390.3
34797,18410
34798,15565.2
34799,15193.7
34800,15207
34801,15232.5
34802,15233.7
34803,15221.6
34804,15220.9
34805,15227.7
34806,15234.6
34807,15233.7
34808,25873.9
34809,31581.4
34810,35906.8
34811,42398.5
34812,44560.5
34813,38603.3
34814,44560.6
34815,42397.4
34816,40237.6
34817,34282.1
34818,22382.5
34819,18425.8
34820,18438
34821,18431.1
34822,15606.4
34823,15221
34824,15220.5
34825,15259.9
34826,15262
34827,15261.4
34828,15249.6
34829,15248.4
34830,15255.1
34831,15262.2
34832,15261.5
34833,21044.4
34834,26383.7
34835,31473.1
34836,31468.3
34837,31225.5
34838,31219.8
34839,31181
34840,31179.6
34841,31177.3
34842,25636.7
34843,15258
34844,15248.4
34845,15254.4
34846,15262.4
34847,15261.6
34848,15255.8
34849,15274.4
34850,15275.9
34851,15290.2
34852,15289.4
34853,15288
34854,15276.3
34855,15275.6
34856,15285.7
34857,20294.2
34858,25313
34859,30316.1
34860,30320
34861,30320.2
34862,30318.5
34863,30316.7
34864,30321
34865,30320
34866,25305.3
34867,15283.5
34868,15289.5
34869,15288.2
34870,15276.3
34871,15275.5
34872,15285.3
34873,15315.3
34874,15316.2
34875,15306.4
34876,15302.7
34877,15308.4
34878,15317.2
34879,15316.3
34880,15309.7
34881,20330.2
34882,25348.3
34883,30376.8
34884,30372.5
34885,30370.7
34886,30376.1
34887,30373.9
34888,30372.1
34889,30370.7
34890,25353.4
34891,15309.4
34892,15302.4
34893,15315.4
34894,15316.8
34895,15316.3
34896,15303.6
34897,15327.8
34898,15339.3
34899,15344
34900,15343.2
34901,15332.3
34902,15329.4
34903,15337.7
34904,26073.4
34905,31806.8
34906,36167.4
34907,42699.7
34908,44884.4
34909,38886.7
34910,44879.5
34911,42703.4
34912,40528.3
34913,34529.7
34914,22543.9
34915,18559.1
34916,18565.5
34917,18568.5
34918,15712.3
34919,15329.1
34920,15339.9
34921,15369.1
34922,15370
34923,15357.9
34924,15355.9
34925,15366.2
34926,15370.7
34927,15369.8
34928,26103.9
34929,31863.1
34930,36227.4
34931,42780.6
34932,44958.9
34933,38959.7
34934,44960.8
34935,42776.2
34936,40589.1
34937,34593.1
34938,22582
34939,18604.4
34940,18593.3
34941,18588.8
34942,15748.4
34943,15370.3
34944,15362
34945,15380.8
34946,15387.9
34947,15397.5
34948,15396.6
34949,15387.6
34950,15382.3
34951,15389.1
34952,26164.4
34953,31917.6
34954,36293.2
34955,42849.3
34956,45040.6
34957,39019.7
34958,45039.2
34959,42852.7
34960,40669.3
34961,34651.2
34962,22625.4
34963,18626.6
34964,18621.1
34965,18639.9
34966,15755.8
34967,15394.4
34968,15397.1
34969,15420.3
34970,15408.8
34971,15407.9
34972,15422.4
34973,15423.1
34974,15419.6
34975,15408.5
34976,26202.8
34977,31968.3
34978,36352.7
34979,42925.9
34980,45119.7
34981,39092.5
34982,45114.5
34983,42925.1
34984,40739.5
34985,34709
34986,22660.4
34987,18655.3
34988,18661.8
34989,18664.8
34990,15792.1
34991,15407.7
34992,15422.1
34993,15447.6
34994,15445.5
34995,15434.3
34996,15435.4
34997,15450
34998,15449
34999,15441.9
35000,15434
35001,21310.9
35002,26709.7
35003,31858.9
35004,31858.4
35005,31603.4
35006,31609.6
35007,31561.2
35008,31566.7
35009,31562.2
35010,25951.5
35011,15448.6
35012,15434.2
35013,15437
35014,15449.9
35015,15448.9
35016,15441.3
35017,15457.9
35018,15466.1
35019,15475.2
35020,15474.3
35021,15462.1
35022,15459.2
35023,15472
35024,15474.9
35025,20537.1
35026,25618.2
35027,30688.1
35028,30688
35029,30685.8
35030,30689.6
35031,30688.5
35032,30686.3
35033,30688.8
35034,25613.7
35035,15460.5
35036,15469.8
35037,15474.9
35038,15474.1
35039,15459.9
35040,15459
35041,15489.4
35042,15502.8
35043,15495.6
35044,15487.4
35045,15493.8
35046,15503.3
35047,15502.3
35048,15489.8
35049,20582.1
35050,25656
35051,30744.9
35052,30741.2
35053,30747.1
35054,30743.8
35055,30741.5
35056,30746
35057,30744.1
35058,25660.1
35059,15500.3
35060,15501.1
35061,15487.6
35062,15488.1
35063,15503.8
35064,15502.7
35065,15518.6
35066,15512.1
35067,15520.3
35068,15528.2
35069,15527.4
35070,15512.8
35071,15511.8
35072,26388.3
35073,32189.5
35074,36603.3
35075,43216
35076,45426.8
35077,39351.5
35078,45428.7
35079,43218.4
35080,41009.3
35081,34948
35082,22814
35083,18792
35084,18786.9
35085,18779.8
35086,15910.2
35087,15523.1
35088,15512.3
35089,15540
35090,15553.1
35091,15552.2
35092,15539.6
35093,15536.5
35094,15550.8
35095,15552.4
35096,26418.1
35097,32242.6
35098,36658.1
35099,43288.6
35100,45493.4
35101,39427.7
35102,45496.2
35103,43287.1
35104,41082.7
35105,35001.1
35106,22851.2
35107,18812.9
35108,18811.3
35109,18827.8
35110,15915.2
35111,15547.6
35112,15552.7
35113,15572.3
35114,15561
35115,15564.5
35116,15577.6
35117,15576.5
35118,15564.4
35119,15560.5
35120,26470.5
35121,32291.8
35122,36719.4
35123,43353.6
35124,45570.6
35125,39478.8
35126,45572
35127,43355.3
35128,41138.7
35129,35057.3
35130,22888.4
35131,18843.4
35132,18854.5
35133,18839.1
35134,15961.3
35135,15560.9
35136,15562.4
35137,15600.4
35138,15600.7
35139,15589.9
35140,15584.3
35141,15598.3
35142,15601
35143,15594.6
35144,26499.4
35145,32339.5
35146,36773.2
35147,43424.6
35148,45643.9
35149,39542.9
35150,45638.2
35151,43424.5
35152,41207.3
35153,35113.3
35154,22919.9
35155,18885.2
35156,18870.6
35157,18868.6
35158,15984.7
35159,15599.1
35160,15584.8
35161,15610.3
35162,15625.3
35163,15624.3
35164,15611
35165,15607.9
35166,15624.6
35167,15624.3
35168,26539.6
35169,32391.5
35170,36829.5
35171,43488.5
35172,45710.3
35173,39606
35174,45705.5
35175,43489.3
35176,41273.2
35177,35165.1
35178,22958.4
35179,18908.4
35180,18897.2
35181,18897.6
35182,16006.9
35183,15624.5
35184,15612.3
35185,15629.4
35186,15646.9
35187,15647.9
35188,15639.4
35189,15631
35190,15643.4
35191,15648
35192,15642.2
35193,21580.9
35194,27050.4
35195,32268.3
35196,32273.2
35197,32012.6
35198,32016.5
35199,31969.1
35200,31974.7
35201,31968.3
35202,26287.8
35203,15632.6
35204,15644.8
35205,15647.9
35206,15640.8
35207,15631.1
35208,15641.3
35209,15669.8
35210,15667
35211,15654.1
35212,15660.7
35213,15671.4
35214,15669.7
35215,15654.1
35216,15658.1
35217,20803.6
35218,25945.6
35219,31075.6
35220,31080.9
35221,31076.8
35222,31079.6
35223,31078.8
35224,31076.2
35225,31080.8
35226,25941
35227,15658.3
35228,15671.2
35229,15666.7
35230,15654.1
35231,15661
35232,15671.4
35233,15690.6
35234,15676.7
35235,15681.4
35236,15694.2
35237,15693.2
35238,15676.9
35239,15679.8
35240,26670.2
35241,32534.7
35242,36993.4
35243,43686.1
35244,45908.2
35245,39786
35246,45910.8
35247,43681.3
35248,41456.5
35249,35320.8
35250,23061.2
35251,18986.5
35252,18981.1
35253,18989.3
35254,16069.4
35255,15693.7
35256,15687.3
35257,15697.1
35258,15709.2
35259,15716.1
35260,15710.5
35261,15698.4
35262,15708.4
35263,15716
35264,26697.9
35265,32582.1
35266,37045.2
35267,43743.5
35268,45979.7
35269,39838.1
35270,45975.6
35271,43746.7
35272,41512.1
35273,35372.5
35274,23091.2
35275,19015.8
35276,19018.7
35277,19007.8
35278,16103.5
35279,15698.9
35280,15702.8
35281,15737.1
35282,15737.5
35283,15720.7
35284,15724.5
35285,15738.3
35286,15737.5
35287,15720.5
35288,26738.7
35289,32627.8
35290,37100.6
35291,43804.1
35292,46041.4
35293,39893.4
35294,46044.5
35295,43805.8
35296,41572.8
35297,35419.7
35298,23125.1
35299,19039.1
35300,19034.9
35301,19047.5
35302,16109
35303,15738.2
35304,15735.3
35305,15740.5
35306,15748.8
35307,15759.7
35308,15756
35309,15741.6
35310,15749.8
35311,15759.5
35312,26772.2
35313,32672.3
35314,37148.2
35315,43864.4
35316,46108.3
35317,39946.7
35318,46107
35319,43867.9
35320,41624.9
35321,35470.7
35322,23157.4
35323,19060.5
35324,19078.4
35325,19063.5
35326,16139.2
35327,15740.8
35328,15758.9
35329,15779
35330,15767.8
35331,15762.8
35332,15781.4
35333,15780
35334,15766
35335,15764.6
35336,26818.2
35337,32715.4
35338,37199.2
35339,43927.9
35340,46162.8
35341,40007.8
35342,46164.4
35343,43922.9
35344,41686.2
35345,35518.7
35346,23184.4
35347,19099.9
35348,19090.9
35349,19086.3
35350,16169.1
35351,15768.2
35352,15762.8
35353,15801
35354,15800.9
35355,15786.2
35356,15785.9
35357,15802
35358,15800.9
35359,15783.5
35360,15788.7
35361,21797.6
35362,27323.6
35363,32590.3
35364,32589.6
35365,32327.5
35366,32330.5
35367,32284.1
35368,32289
35369,32283.7
35370,26544.9
35371,15791.4
35372,15788.6
35373,15801.6
35374,15798.9
35375,15783.2
35376,15791.1
35377,15820.7
35378,15816.3
35379,15803.2
35380,15815.3
35381,15821.7
35382,15813
35383,15803.1
35384,15818.6
35385,21001
35386,26194.7
35387,31378.4
35388,31377.1
35389,31379.3
35390,31378.6
35391,31375.5
35392,31381.9
35393,31376.9
35394,26190.6
35395,15817.4
35396,15803
35397,15818.7
35398,15821.5
35399,15810.4
35400,15802.9
35401,15840.5
35402,15841.2
35403,15826.4
35404,15826.5
35405,15842.2
35406,15840.6
35407,15823.1
35408,15830.6
35409,21029.6
35410,26228.2
35411,31418.1
35412,31417.4
35413,31415.8
35414,31421.2
35415,31415.7
35416,31420.4
35417,31417.1
35418,26223.6
35419,15839.6
35420,15823
35421,15835.6
35422,15841.6
35423,15832.6
35424,15822.7
35425,15857.7
35426,15860.9
35427,15847.8
35428,15844.3
35429,15861.8
35430,15860.8
35431,15842.8
35432,26949.3
35433,32884.1
35434,37391.2
35435,44152.6
35436,46400.1
35437,40211.9
35438,46401.7
35439,44148.4
35440,41900
35441,35700.5
35442,23304.2
35443,19192.2
35444,19193.8
35445,19184
35446,16249.6
35447,15842.1
35448,15854.5
35449,15879.1
35450,15871
35451,15861
35452,15879
35453,15879.8
35454,15865.4
35455,15865.1
35456,26988.2
35457,32924.1
35458,37435.4
35459,44205.1
35460,46460.1
35461,40256.7
35462,46459.9
35463,44207
35464,41946.6
35465,35745.3
35466,23334.5
35467,19208.6
35468,19216.6
35469,19217.9
35470,16252.2
35471,15874.7
35472,15880.2
35473,15887.2
35474,15879.8
35475,15899.6
35476,15898.5
35477,15881.6
35478,15886.1
35479,15899.2
35480,27010.6
35481,32962.1
35482,37478.4
35483,44260.4
35484,46520.6
35485,40299.1
35486,46520
35487,44257.9
35488,42001.5
35489,35783.1
35490,23363.1
35491,19235.8
35492,19230.1
35493,19229.7
35494,16289.3
35495,15896.9
35496,15880.1
35497,15908
35498,15917.3
35499,15908.1
35500,15897.7
35501,15916.3
35502,15916.9
35503,15901.3
35504,27043.7
35505,33001.1
35506,37524
35507,44310.3
35508,46564.6
35509,40355.3
35510,46565.9
35511,44311.1
35512,42047.2
35513,35826.3
35514,23389.3
35515,19251.8
35516,19267.6
35517,19257.5
35518,16295.2
35519,15905.3
35520,15917.6
35521,15927.5
35522,15915.6
35523,15931.4
35524,15934.9
35525,15921.3
35526,15919.1
35527,15935.6
35528,15932.5
35529,21975.7
35530,27548.2
35531,32866.3
35532,32862.2
35533,32606.5
35534,32600.4
35535,32563.9
35536,32559.5
35537,32561.7
35538,26769.8
35539,15930.1
35540,15915.4
35541,15934.1
35542,15934.7
35543,15918.8
35544,15921.6
35545,15951.9
35546,15947.2
35547,15932.9
35548,15947.9
35549,15952.3
35550,15939.3
35551,15936.2
35552,15953.2
35553,21174.1
35554,26407.9
35555,31642.2
35556,31635.8
35557,31642.4
35558,31636.7
35559,31641.4
35560,31637.6
35561,31640.4
35562,26407.3
35563,15939.9
35564,15952.6
35565,15942.7
35566,15932.7
35567,15952.8
35568,15952.1
35569,15950.1
35570,15958.1
35571,15969.7
35572,15961.4
35573,15949.5
35574,15967.8
35575,15969
35576,27125.6
35577,33106.1
35578,37650.9
35579,44454.2
35580,46722.8
35581,40488.2
35582,46721.2
35583,44451.3
35584,42187.3
35585,35945.2
35586,23465
35587,19317.6
35588,19331
35589,19317.5
35590,16351.5
35591,15954.5
35592,15970
35593,15980.2
35594,15966.2
35595,15981.4
35596,15985.8
35597,15971.8
35598,15970.6
35599,15986.5
35600,27159.6
35601,33143
35602,37686
35603,44503.7
35604,46776.8
35605,40525.2
35606,46772.9
35607,44498.1
35608,42230.9
35609,35981.1
35610,23487.6
35611,19344.2
35612,19344.5
35613,19335.5
35614,16374.6
35615,15965.7
35616,15984.1
35617,16000.8
35618,15984.9
35619,15989.7
35620,16002.4
35621,15994.1
35622,15981.9
35623,16001
35624,27189.9
35625,33177.7
35626,37722.5
35627,44549
35628,46824.8
35629,40564.1
35630,46822.9
35631,44543.5
35632,42273.9
35633,36022.6
35634,23505.8
35635,19365.5
35636,19362.1
35637,19355.1
35638,16392.7
35639,15981.8
35640,15998.6
35641,16016.5
35642,16001.8
35643,16004.2
35644,16018.1
35645,16010.5
35646,15997.5
35647,16016.1
35648,27216.7
35649,33210.3
35650,37759.6
35651,44593.2
35652,46871.2
35653,40605
35654,46867.6
35655,44586.8
35656,42315
35657,36052.8
35658,23534.5
35659,19381.4
35660,19384.1
35661,19374.3
35662,16404.8
35663,15997.7
35664,16018.7
35665,16031.1
35666,16012.9
35667,16025.2
35668,16032.9
35669,16020.8
35670,16015.6
35671,16033.5
35672,27240
35673,33240.5
35674,37797.5
35675,44634.7
35676,46912.9
35677,40646.4
35678,46907.7
35679,44628.3
35680,42355
35681,36088.3
35682,23558.8
35683,19392.2
35684,19407.3
35685,19397.2
35686,16412.1
35687,16023.9
35688,16033
35689,16035.7
35690,16029.5
35691,16048.4
35692,16044.4
35693,16027.3
35694,16042.3
35695,16047.3
35696,16032.6
35697,22132.7
35698,27748.1
35699,33098.9
35700,33097
35701,32835
35702,32837.7
35703,32788.1
35704,32795.2
35705,32790.2
35706,26960
35707,16036.1
35708,16047.5
35709,16033.7
35710,16032.1
35711,16048.2
35712,16041.7
35713,16040.4
35714,16059.2
35715,16061.5
35716,16043.7
35717,16050.7
35718,16062
35719,16051.6
35720,16042.8
35721,21324.8
35722,26593.6
35723,31857.2
35724,31855
35725,31857.9
35726,31855.5
35727,31858.3
35728,31856
35729,31855.9
35730,26588.8
35731,16047.8
35732,16062
35733,16051.6
35734,16042.7
35735,16062.7
35736,16059.3
35737,16054.3
35738,16069.9
35739,16075.4
35740,16060.3
35741,16062
35742,16076
35743,16067.1
35744,27309.6
35745,33331.8
35746,37898.9
35747,44753.8
35748,47032.4
35749,40755
35750,47037.5
35751,44754.1
35752,42465.6
35753,36187
35754,23621.9
35755,19449.5
35756,19444.6
35757,19444.1
35758,16470.6
35759,16069.6
35760,16054.9
35761,16086
35762,16088.5
35763,16069.4
35764,16079.9
35765,16088.8
35766,16076.8
35767,16072.1
35768,27343.7
35769,33357.8
35770,37927.5
35771,44787.1
35772,47081.2
35773,40784.4
35774,47079.9
35775,44786
35776,42503.8
35777,36214
35778,23640.1
35779,19464.5
35780,19473.3
35781,19461.6
35782,16473
35783,16075.2
35784,16089.2
35785,16091.7
35786,16081.3
35787,16102.6
35788,16099.4
35789,16080.9
35790,16096.1
35791,16101.3
35792,27351.7
35793,33382.4
35794,37966.5
35795,44823.8
35796,47107.7
35797,40824.8
35798,47110.4
35799,44828
35800,42535.7
35801,36248.5
35802,23658.2
35803,19480.1
35804,19476.5
35805,19479.1
35806,16493.3
35807,16099.9
35808,16081
35809,16107.5
35810,16113.8
35811,16097.8
35812,16101.2
35813,16114.2
35814,16103.9
35815,16094.9
35816,27386.7
35817,33410.4
35818,37987.1
35819,44857.4
35820,47155.2
35821,40848.6
35822,47152.9
35823,44855.9
35824,42570.1
35825,36271.6
35826,23677.6
35827,19491.5
35828,19504.8
35829,19495.1
35830,16494.2
35831,16106.4
35832,16113.9
35833,16110.6
35834,16111.5
35835,16126.3
35836,16116.8
35837,16105.4
35838,16126.8
35839,16122.8
35840,27392.5
35841,33435.7
35842,38018.7
35843,44893.8
35844,47180.3
35845,40883.1
35846,47186
35847,44894.6
35848,42599.1
35849,36298
35850,23696.8
35851,19511.1
35852,19505.4
35853,19505.7
35854,16522.6
35855,16110.5
35856,16112.7
35857,16136.8
35858,16127
35859,16118.3
35860,16138
35861,16132.5
35862,16116
35863,16134.7
35864,16136.7
35865,22253.6
35866,27898.9
35867,33284.3
35868,33279.2
35869,33022.4
35870,33021.1
35871,32972.3
35872,32978.1
35873,32973.4
35874,27111.2
35875,16126
35876,16137
35877,16120.6
35878,16124.7
35879,16137.4
35880,16126.6
35881,16129.3
35882,16148.8
35883,16142.2
35884,16126.7
35885,16146.4
35886,16147.7
35887,16126.9
35888,16141.1
35889,21435.8
35890,26734.2
35891,32031.8
35892,32025
35893,32032.1
35894,32024.7
35895,32031.9
35896,32024.8
35897,32031.6
35898,26731.3
35899,16146.8
35900,16129.5
35901,16138.4
35902,16148.1
35903,16135.1
35904,16132.2
35905,16158.3
35906,16150
35907,16137.4
35908,16159.3
35909,16155.2
35910,16137.1
35911,16154.7
35912,27457
35913,33502.3
35914,38095.1
35915,44986.3
35916,47279.2
35917,40968.7
35918,47275.3
35919,44987.6
35920,42687.2
35921,36375.8
35922,23742.9
35923,19547.4
35924,19545.4
35925,19550.2
35926,16549.1
35927,16158
35928,16137.3
35929,16161.2
35930,16168
35931,16151.3
35932,16156.3
35933,16168.2
35934,16156.3
35935,16151.6
35936,27479.2
35937,33522.6
35938,38114.5
35939,45013.1
35940,47314.9
35941,40990.1
35942,47305.9
35943,45008.2
35944,42714.8
35945,36395.9
35946,23759.5
35947,19558.3
35948,19557.5
35949,19570.2
35950,16548.8
35951,16168.4
35952,16156.2
35953,16160.3
35954,16178.1
35955,16169.5
35956,16156.4
35957,16178.4
35958,16174.2
35959,16156.2
35960,27491.9
35961,33542.1
35962,38138.4
35963,45034.9
35964,47342.5
35965,41010.9
35966,47338.6
35967,45033
35968,42738.2
35969,36414.8
35970,23772.9
35971,19569
35972,19574.7
35973,19580.1
35974,16553
35975,16178.1
35976,16171
35977,16164.1
35978,16185.9
35979,16184.2
35980,16164.9
35981,16182.1
35982,16186
35983,16166.9
35984,27504.3
35985,33561.5
35986,38160.5
35987,45059.7
35988,47366
35989,41033.5
35990,47367.2
35991,45058.1
35992,42761.9
35993,36435.3
35994,23786
35995,19578.4
35996,19588.2
35997,19588.5
35998,16561.6
35999,16187.1
36000,16182.5
36001,16172.6
36002,16191.9
36003,16194.5
36004,16173.5
36005,16188.2
36006,16194.5
36007,16177.3
36008,27517.4
36009,33579.2
36010,38180.4
36011,45083.2
36012,47390.3
36013,41054.8
36014,47392.2
36015,45081.5
36016,42784
36017,36453.6
36018,23797.5
36019,19588.5
36020,19598.1
36021,19598.7
36022,16570.3
36023,16195.4
36024,16190.2
36025,16180.3
36026,16200.3
36027,16201.9
36028,16181
36029,16196.7
36030,16202.2
36031,16183.9
36032,16193.3
36033,22350.6
36034,28017.5
36035,33416.4
36036,33420.6
36037,33155
36038,33149.8
36039,33112.5
36040,33111.6
36041,33106.3
36042,27221
36043,16184.5
36044,16203.2
36045,16198.9
36046,16180.8
36047,16199.4
36048,16202.3
36049,16188.1
36050,16203.1
36051,16209.6
36052,16192.1
36053,16199.2
36054,16209.8
36055,16195.7
36056,16195.3
36057,21520
36058,26839.6
36059,32152.4
36060,32147.8
36061,32154.7
36062,32147.7
36063,32154.7
36064,32147.8
36065,32155.1
36066,26834
36067,16208.6
36068,16188.2
36069,16205.5
36070,16209.5
36071,16189.9
36072,16201.8
36073,16216.1
36074,16200.2
36075,16204.4
36076,16216.7
36077,16203.6
36078,16201
36079,16216.9
36080,27551.1
36081,33620.9
36082,38238.8
36083,45146.6
36084,47446.3
36085,41115.6
36086,47452.9
36087,45149.2
36088,42842.5
36089,36502.3
36090,23828.3
36091,19625.6
36092,19617.6
36093,19615.5
36094,16611.1
36095,16194.5
36096,16217.1
36097,16218.9
36098,16201
36099,16220.1
36100,16222.5
36101,16201.1
36102,16217
36103,16222.4
36104,27557.5
36105,33636.7
36106,38249.7
36107,45165.3
36108,47466.7
36109,41129.1
36110,47473.3
36111,45166
36112,42860.3
36113,36516
36114,23836.2
36115,19628.7
36116,19633.6
36117,19624.1
36118,16608.6
36119,16211.9
36120,16222.9
36121,16214
36122,16214.4
36123,16228.9
36124,16217.4
36125,16211.7
36126,16229.2
36127,16219.6
36128,27570.6
36129,33649.5
36130,38259.7
36131,45179.3
36132,47488.7
36133,41141.4
36134,47492.8
36135,45176.8
36136,42874.1
36137,36530.6
36138,23848
36139,19629.6
36140,19638.7
36141,19640.2
36142,16605.2
36143,16229.2
36144,16222.2
36145,16211.4
36146,16233.8
36147,16230.4
36148,16211.9
36149,16231.3
36150,16233.4
36151,16211.9
36152,27586.6
36153,33659.4
36154,38271.5
36155,45192.9
36156,47507.9
36157,41156.6
36158,47500.5
36159,45191.7
36160,42889
36161,36546
36162,23855.2
36163,19638.3
36164,19636.3
36165,19645.2
36166,16622.9
36167,16233.6
36168,16213.7
36169,16230.4
36170,16238.3
36171,16221.3
36172,16227.5
36173,16238.4
36174,16224.1
36175,16224.6
36176,27597.6
36177,33670.5
36178,38283.7
36179,45212.1
36180,47515.7
36181,41172.6
36182,47511.9
36183,45212.1
36184,42900
36185,36556.7
36186,23861.4
36187,19647.2
36188,19642.2
36189,19642.6
36190,16637.9
36191,16223.4
36192,16225.6
36193,16242.6
36194,16229.9
36195,16227.1
36196,16243.1
36197,16232.1
36198,16224.5
36199,16243.2
36200,16234.4
36201,22401.2
36202,28083.8
36203,33503.1
36204,33504
36205,33232.7
36206,33239.6
36207,33193
36208,33188.6
36209,33193.9
36210,27287.7
36211,16240.5
36212,16220.7
36213,16239.8
36214,16242.4
36215,16220.9
36216,16237
36217,16245.8
36218,16226.6
36219,16238.2
36220,16246.2
36221,16229.2
36222,16235.2
36223,16246.2
36224,16231.8
36225,21568
36226,26893.6
36227,32225
36228,32222.7
36229,32225.6
36230,32222.4
36231,32225.4
36232,32222.2
36233,32226.7
36234,26894.1
36235,16241.6
36236,16237.6
36237,16226.2
36238,16247.2
36239,16240.2
36240,16224.1
36241,16249.2
36242,16245.8
36243,16227.3
36244,16247
36245,16248.3
36246,16227.5
36247,16245
36248,16249.1
36249,21565.8
36250,26897
36251,32227.7
36252,32233.7
36253,32226.6
36254,32233.5
36255,32227.1
36256,32234.1
36257,32228.3
36258,26900.8
36259,16236.6
36260,16249.4
36261,16233.7
36262,16236.7
36263,16249.6
36264,16236.3
36265,16236.7
36266,16252.4
36267,16241.1
36268,16234.5
36269,16252.5
36270,16243
36271,16232.3
36272,27622.1
36273,33697.3
36274,38312.7
36275,45248.6
36276,47560
36277,41205
36278,47550.8
36279,45249.9
36280,42936.4
36281,36588.9
36282,23879.6
36283,19663.1
36284,19658.7
36285,19658.2
36286,16651.6
36287,16240
36288,16236.2
36289,16254.4
36290,16243.5
36291,16236
36292,16254.7
36293,16245.5
36294,16233.7
36295,16254.8
36296,27616.9
36297,33699.3
36298,38325.5
36299,45251.5
36300,47556.9
36301,41211.1
36302,47563.5
36303,45255.3
36304,42944
36305,36586.9
36306,23881
36307,19670.6
36308,19667.1
36309,19661.3
36310,16643.9
36311,16238.4
36312,16254.5
36313,16244.7
36314,16237.9
36315,16256.2
36316,16246.7
36317,16235.8
36318,16256.4
36319,16248.8
36320,27615.6
36321,33706.1
36322,38323.8
36323,45254.9
36324,47568.4
36325,41210.4
36326,47572.7
36327,45251.7
36328,42945.4
36329,36591.2
36330,23888
36331,19663.8
36332,19666.5
36333,19675.5
36334,16636.4
36335,16255.8
36336,16243.5
36337,16240.4
36338,16257.1
36339,16246.1
36340,16238.3
36341,16257.2
36342,16248.3
36343,16236.2
36344,27629.7
36345,33706.9
36346,38323.6
36347,45261.4
36348,47572.4
36349,41219
36350,47564.3
36351,45262.9
36352,42948.6
36353,36599.2
36354,23886.6
36355,19668.8
36356,19664.3
36357,19663.7
36358,16656.3
36359,16243.8
36360,16241.5
36361,16257.4
36362,16246.1
36363,16239.8
36364,16257.7
36365,16247.6
36366,16237.7
36367,16257.7
36368,16249.8
36369,22421.1
36370,28108.4
36371,33532.8
36372,33533.9
36373,33262.3
36374,33269.2
36375,33223.2
36376,33217.9
36377,33223.9
36378,27312
36379,16253.5
36380,16234.8
36381,16256.2
36382,16254.5
36383,16235
36384,16253.8
36385,16256.7
36386,16235.1
36387,16251.6
36388,16256.7
36389,16236.7
36390,16249.5
36391,16256.7
36392,16239
36393,21581.8
36394,26913.3
36395,32245.6
36396,32243.6
36397,32247.6
36398,32243.2
36399,32248
36400,32242.9
36401,32247.8
36402,26912
36403,16253.7
36404,16243.4
36405,16242.6
36406,16257.4
36407,16245.7
36408,16240.1
36409,16257
36410,16246.6
36411,16237.3
36412,16257.2
36413,16248.8
36414,16235.1
36415,16257.2
36416,27621.3
36417,33704.4
36418,38330.8
36419,45258.1
36420,47563.9
36421,41217.3
36422,47570.3
36423,45261.7
36424,42950.1
36425,36592.6
36426,23884.5
36427,19673.4
36428,19669.8
36429,19664
36430,16646.3
36431,16240.6
36432,16256.9
36433,16244.6
36434,16237.6
36435,16255.9
36436,16246.4
36437,16235.4
36438,16256.1
36439,16248.6
36440,27615.1
36441,33705.5
36442,38323
36443,45254.1
36444,47567.5
36445,41209.6
36446,47571.8
36447,45250.9
36448,42944.6
36449,36590.5
36450,23887.5
36451,19663.4
36452,19666.3
36453,19675.1
36454,16635.9
36455,16255.6
36456,16243.3
36457,16237.5
36458,16254.1
36459,16243.3
36460,16235.1
36461,16254.2
36462,16245.6
36463,16232.9
36464,27624.7
36465,33700.9
36466,38316.7
36467,45253
36468,47564
36469,41211.5
36470,47555.5
36471,45254.1
36472,42940.8
36473,36592.5
36474,23881.9
36475,19665.2
36476,19660.7
36477,19660.2
36478,16653.2
36479,16242.1
36480,16237.4
36481,16252.1
36482,16241.1
36483,16232.8
36484,16252.2
36485,16243.5
36486,16230.5
36487,16252.3
36488,27612.8
36489,33694
36490,38319.1
36491,45244.2
36492,47549.3
36493,41204.9
36494,47555.6
36495,45247.6
36496,42936.7
36497,36581.4
36498,23869.9
36499,19674.8
36500,19663.1
36501,19657.7
36502,16642.2
36503,16234.5
36504,16252
36505,16239
36506,16229.7
36507,16249.5
36508,16241.4
36509,16227.2
36510,16249.7
36511,16243.7
36512,27603.1
36513,33692.2
36514,38307.9
36515,45236.2
36516,47547.7
36517,41193
36518,47552.2
36519,45232.4
36520,42927.5
36521,36576.2
36522,23877.2
36523,19654.3
36524,19661.6
36525,19666
36526,16626.3
36527,16249.3
36528,16239.8
36529,16225.7
36530,16246.4
36531,16239.2
36532,16223.4
36533,16245.7
36534,16241.8
36535,16223.6
36536,16243.4
36537,22408.7
36538,28090.2
36539,33507.7
36540,33507.2
36541,33244.1
36542,33240.8
36543,33197.2
36544,33200.3
36545,33195
36546,27294.4
36547,16234.4
36548,16245.2
36549,16225.9
36550,16237.2
36551,16245.4
36552,16228.6
36553,16230.5
36554,16241.8
36555,16227.6
36556,16227.5
36557,16242.1
36558,16230.3
36559,16225
36560,16242.3
36561,21557.8
36562,26886.8
36563,32214.9
36564,32217.7
36565,32212.7
36566,32217.5
36567,32212.4
36568,32217.3
36569,32212.2
36570,26888.6
36571,16223.7
36572,16241.6
36573,16238.3
36574,16219.7
36575,16239
36576,16241.1
36577,16215.9
36578,16232.1
36579,16237.1
36580,16217.6
36581,16229.7
36582,16237.3
36583,16220.3
36584,27590.2
36585,33668.1
36586,38281.1
36587,45202.4
36588,47517.7
36589,41164
36590,47514.3
36591,45200.6
36592,42897.7
36593,36552
36594,23869.4
36595,19634.9
36596,19640.9
36597,19653.3
36598,16622
36599,16237.4
36600,16221.4
36601,16220.5
36602,16232.8
36603,16219.6
36604,16217.3
36605,16233
36606,16222.1
36607,16214.5
36608,27589.1
36609,33656.7
36610,38267.2
36611,45194.6
36612,47501.8
36613,41158.1
36614,47493.7
36615,45194.7
36616,42885.2
36617,36543.9
36618,23851.3
36619,19639.2
36620,19635.3
36621,19634.9
36622,16631.5
36623,16224.1
36624,16212.6
36625,16228.5
36626,16221.5
36627,16205.3
36628,16226.7
36629,16224.5
36630,16205.5
36631,16224.1
36632,27574.1
36633,33645.1
36634,38259.8
36635,45178.3
36636,47480.4
36637,41143.6
36638,47480.5
36639,45179.9
36640,42869.5
36641,36528.7
36642,23845.9
36643,19634.2
36644,19629.4
36645,19628.7
36646,16626.8
36647,16206.1
36648,16221.1
36649,16221.5
36650,16202.9
36651,16212.1
36652,16221.4
36653,16206.1
36654,16208.1
36655,16221.5
36656,27558.3
36657,33631.8
36658,38250.9
36659,45160.8
36660,47461
36661,41126.6
36662,47467.8
36663,45163.9
36664,42857.3
36665,36513.5
36666,23833.3
36667,19631.3
36668,19626.6
36669,19621.2
36670,16612.4
36671,16203.4
36672,16222.1
36673,16207.5
36674,16194
36675,16216
36676,16210.6
36677,16193.1
36678,16213
36679,16214
36680,27543.7
36681,33622.4
36682,38229.5
36683,45143.4
36684,47445.7
36685,41108
36686,47450.9
36687,45143.8
36688,42839.4
36689,36498.6
36690,23822
36691,19620.7
36692,19625.8
36693,19614.8
36694,16599.3
36695,16206
36696,16215
36697,16193.1
36698,16195.1
36699,16208.4
36700,16196.4
36701,16191.5
36702,16208.7
36703,16199.2
36704,16187.9
36705,22361.8
36706,28029.5
36707,33430.1
36708,33433.4
36709,33166.2
36710,33162.7
36711,33123.2
36712,33119.4
36713,33121.8
36714,27230.2
36715,16195.5
36716,16200.3
36717,16207.9
36718,16191.8
36719,16196
36720,16208.3
36721,16188.6
36722,16184.8
36723,16201.2
36724,16191.3
36725,16181
36726,16201.4
36727,16195.3
36728,21505
36729,26814.9
36730,32130.1
36731,32137
36732,32130.1
36733,32137.1
36734,32130.4
36735,32136.9
36736,32130.8
36737,26820.1
36738,16186.2
36739,16200.9
36740,16188.5
36741,16184.4
36742,16201.3
36743,16191.8
36744,16180.6
36745,16194.2
36746,16187.9
36747,16171.1
36748,16191.1
36749,16192.1
36750,16171.3
36751,27516.7
36752,33574.3
36753,38174.9
36754,45077.4
36755,47386.9
36756,41049.9
36757,47383.8
36758,45075.7
36759,42778.7
36760,36449.7
36761,23795.6
36762,19587.6
36763,19591.7
36764,19600
36765,16569.8
36766,16193.3
36767,16183.9
36768,16172.6
36769,16185.8
36770,16179.7
36771,16162.8
36772,16182.4
36773,16184.1
36774,16163
36775,27502
36776,33556.8
36777,38155.1
36778,45053.8
36779,47361.2
36780,41028.4
36781,47360.1
36782,45052.3
36783,42756.4
36784,36430.7
36785,23782.7
36786,19576.6
36787,19584.2
36788,19587.4
36789,16559.8
36790,16185
36791,16178.8
36792,16162.7
36793,16174.6
36794,16174.4
36795,16154.2
36796,16169.9
36797,16175.2
36798,16157.5
36799,27484.8
36800,33539
36801,38134.6
36802,45029.5
36803,47333.2
36804,41003.4
36805,47337.4
36806,45028.1
36807,42733.2
36808,36410.6
36809,23768.3
36810,19564.7
36811,19578.8
36812,19571.7
36813,16553.6
36814,16171.8
36815,16175
36816,16155.1
36817,16158.7
36818,16165.9
36819,16150.6
36820,16152.9
36821,16166.3
36822,16155.3
36823,27465
36824,33519
36825,38111.5
36826,45004.7
36827,47303.5
36828,40981.6
36829,47307.9
36830,45005.6
36831,42709.2
36832,36387.7
36833,23752.4
36834,19560.6
36835,19563.9
36836,19554.9
36837,16552.8
36838,16151.6
36839,16166.3
36840,16155.7
36841,16137.7
36842,16156.8
36843,16150.8
36844,16134.5
36845,16153.9
36846,16155.6
36847,27442.6
36848,33497.5
36849,38091.3
36850,44977.8
36851,47269.1
36852,40959.9
36853,47275.1
36854,44979.7
36855,42681.1
36856,36364.7
36857,23740.9
36858,19550.2
36859,19542.7
36860,19542.1
36861,16554.1
36862,16134.6
36863,16150
36864,16155.8
36865,16129.2
36866,16133.6
36867,16145.7
36868,16134.2
36869,16128.2
36870,16146.1
36871,16138.9
36872,22268
36873,27913.9
36874,33301.9
36875,33299
36876,33037.2
36877,33039.3
36878,32988.5
36879,32996
36880,32994.3
36881,27123.3
36882,16139.7
36883,16141.5
36884,16124.2
36885,16142.2
36886,16145.2
36887,16125.9
36888,16136.9
36889,16135.2
36890,16120.8
36891,16119.6
36892,16135.1
36893,16126
36894,16113.9
36895,16135.5
36896,21416.8
36897,26710.2
36898,32003.5
36899,32001.4
36900,32001.5
36901,32000.5
36902,32002.6
36903,31999.7
36904,32003.7
36905,26709.8
36906,16133
36907,16113.6
36908,16130.2
36909,16134.3
36910,16116.7
36911,16123.7
36912,16134.7
36913,16112
36914,16106.2
36915,16123.8
36916,16116.7
36917,16102
36918,16122.1
36919,27395.8
36920,33428.7
36921,38011.7
36922,44887.5
36923,47176.1
36924,40879.2
36925,47171.7
36926,44886.6
36927,42593.8
36928,36295.3
36929,23691.6
36930,19504
36931,19502
36932,19514.5
36933,16504.8
36934,16123.2
36935,16110.1
36936,16107.3
36937,16112.5
36938,16103.9
36939,16090.1
36940,16110.8
36941,16110.5
36942,16090.4
36943,27377.2
36944,33404.8
36945,37982.5
36946,44850.1
36947,47143.5
36948,40841.5
36949,47146.8
36950,44851.5
36951,42563.9
36952,36264.1
36953,23671.2
36954,19497
36955,19494.9
36956,19487.4
36957,16500.6
36958,16091.5
36959,16112.1
36960,16107.7
36961,16078.7
36962,16094.4
36963,16098.5
36964,16081.4
36965,16086.9
36966,16098.8
36967,27349.3
36968,33375.7
36969,37956.5
36970,44816.6
36971,47101.4
36972,40816.7
36973,47100.6
36974,44820.4
36975,42528.5
36976,36240
36977,23655.4
36978,19474.9
36979,19472.7
36980,19481.8
36981,16483.9
36982,16098.6
36983,16082.9
36984,16085.6
36985,16086.9
36986,16076.4
36987,16065.6
36988,16086.7
36989,16083.9
36990,16065.2
36991,27334.5
36992,33351.9
36993,37922.5
36994,44779.4
36995,47068.6
36996,40776.7
36997,47072.3
36998,44782.2
36999,42497
37000,36207.2
37001,23634.6
37002,19468.4
37003,19459.9
37004,19456.8
37005,16480.1
37006,16064.9
37007,16081.5
37008,16085.6
37009,16056.3
37010,16060.2
37011,16072.7
37012,16062.6
37013,16052.6
37014,16073.3
37015,27308.3
37016,33323
37017,37891.4
37018,44745.5
37019,47028.3
37020,40749.2
37021,47023.9
37022,44740.6
37023,42460.2
37024,36177.9
37025,23618.9
37026,19441.5
37027,19448.4
37028,19451.9
37029,16444.6
37030,16072.8
37031,16071.3
37032,16052.1
37033,16052.4
37034,16058.5
37035,16045.1
37036,16042.9
37037,16059.2
37038,16052.5
37039,16037.9
37040,22152.3
37041,27771.3
37042,33122.7
37043,33122
37044,32854.4
37045,32861.3
37046,32812.9
37047,32813.8
37048,32815.8
37049,26976.9
37050,16054.3
37051,16051.1
37052,16037.8
37053,16057.4
37054,16058.2
37055,16039
37056,16049.5
37057,16045.2
37058,16033.1
37059,16026.2
37060,16045
37061,16041
37062,16024
37063,16038.8
37064,21297.5
37065,26562.3
37066,31824.1
37067,31818.6
37068,31825.3
37069,31819.2
37070,31824
37071,31819.8
37072,31823.5
37073,26559.1
37074,16036.4
37075,16044
37076,16024.4
37077,16035.4
37078,16044.3
37079,16033.1
37080,16026.2
37081,16031.1
37082,16026.4
37083,16009.3
37084,16023.9
37085,16029.3
37086,16015.3
37087,27234
37088,33234.6
37089,37788.9
37090,44624.1
37091,46896.9
37092,40637.2
37093,46900.8
37094,44624.8
37095,42342.9
37096,36083.7
37097,23552
37098,19392.2
37099,19388.8
37100,19393.6
37101,16416.9
37102,16029.2
37103,16011
37104,16018.4
37105,16015.2
37106,16004.6
37107,15994
37108,16014.8
37109,16013.8
37110,15994.3
37111,27211.1
37112,33203.4
37113,37751.8
37114,44580.5
37115,46853.4
37116,40598.5
37117,46857.3
37118,44581.6
37119,42302
37120,36048.6
37121,23530.1
37122,19374.4
37123,19370.2
37124,19373.6
37125,16402.8
37126,16014
37127,15994.6
37128,16004.8
37129,15999.5
37130,15988.5
37131,15978.9
37132,15999.3
37133,15998
37134,15978.6
37135,27184.3
37136,33170.6
37137,37714.7
37138,44536.7
37139,46806.5
37140,40558.1
37141,46810.5
37142,44537.7
37143,42260.4
37144,36013.8
37145,23506.2
37146,19353.7
37147,19350.9
37148,19358.7
37149,16382.4
37150,15998.3
37151,15983.8
37152,15983.5
37153,15983.7
37154,15977.2
37155,15962.4
37156,15978
37157,15982
37158,15968
37159,27153.7
37160,33136.5
37161,37677.5
37162,44492.8
37163,46756.9
37164,40519.4
37165,46758.8
37166,44493.2
37167,42218.1
37168,35975.7
37169,23483.5
37170,19333
37171,19333.2
37172,19346.6
37173,16354.6
37174,15982.7
37175,15978.2
37176,15962.5
37177,15961.2
37178,15965.5
37179,15952.9
37180,15949
37181,15966.3
37182,15963.1
37183,27119.1
37184,33099.3
37185,37642.6
37186,44442.2
37187,46710.2
37188,40477.9
37189,46708.7
37190,44443.2
37191,42176.1
37192,35936.6
37193,23460.2
37194,19310.4
37195,19326.2
37196,19316.2
37197,16343.8
37198,15955
37199,15965.8
37200,15956.6
37201,15929.7
37202,15947.4
37203,15948.1
37204,15931.8
37205,15935.5
37206,15948.8
37207,15942.6
37208,21996.6
37209,27570.8
37210,32893.4
37211,32889.5
37212,32635.4
37213,32628.4
37214,32591.7
37215,32590.2
37216,32586.4
37217,26792.7
37218,15940.4
37219,15933.1
37220,15949
37221,15944.9
37222,15929.1
37223,15942.3
37224,15948.5
37225,15920.8
37226,15912.6
37227,15931.9
37228,15930.7
37229,15912.1
37230,15920.5
37231,15931.2
37232,21144
37233,26371.1
37234,31598.5
37235,31592.9
37236,31599.9
37237,31593.6
37238,31598.4
37239,31594.6
37240,31597.7
37241,26371.9
37242,15918.5
37243,15931
37244,15920.7
37245,15911.6
37246,15931.7
37247,15930.5
37248,15912.8
37249,15902.3
37250,15913.4
37251,15906.8
37252,15893.7
37253,15908.8
37254,15912.7
37255,27030.9
37256,32989.5
37257,37514.4
37258,44296.9
37259,46560.8
37260,40339.1
37261,46559
37262,44294.6
37263,42037.9
37264,35816.6
37265,23380.8
37266,19260.3
37267,19248.3
37268,19247.2
37269,16304.8
37270,15899.2
37271,15897.4
37272,15913.7
37273,15893.6
37274,15875.8
37275,15886.4
37276,15894.7
37277,15886.1
37278,15875.5
37279,27011.1
37280,32953.8
37281,37469.2
37282,44246.7
37283,46500
37284,40295.4
37285,46500.9
37286,44247.9
37287,41985.3
37288,35777
37289,23357
37290,19225.6
37291,19237.3
37292,19232.5
37293,16269.9
37294,15885.7
37295,15894.8
37296,15886.4
37297,15857.9
37298,15873.1
37299,15875.6
37300,15862.5
37301,15859
37302,15876.5
37303,26973.1
37304,32915
37305,37423.8
37306,44191.6
37307,46453.7
37308,40240
37309,46453.9
37310,44194.1
37311,41934.2
37312,35734.1
37313,23326.1
37314,19205.5
37315,19202.4
37316,19212.3
37317,16253.8
37318,15875.9
37319,15866.8
37320,15856.7
37321,15856.1
37322,15856.3
37323,15842.9
37324,15840.5
37325,15857.4
37326,15856.2
37327,26932.1
37328,32871
37329,37381.6
37330,44138
37331,46394.4
37332,40195
37333,46394.2
37334,44137.3
37335,41888.8
37336,35689.5
37337,23301.9
37338,19185.3
37339,19178.9
37340,19178.2
37341,16246.4
37342,15853.2
37343,15838
37344,15849.6
37345,15838.2
37346,15828.7
37347,15818.3
37348,15834
37349,15836.8
37350,15825.3
37351,26904.7
37352,32832.8
37353,37336.1
37354,44082.2
37355,46333
37356,40149.3
37357,46331.2
37358,44081.4
37359,41835.9
37360,35644.6
37361,23269.4
37362,19167.2
37363,19155.6
37364,19155
37365,16226.7
37366,15828.2
37367,15818.2
37368,15835.3
37369,15817.9
37370,15804
37371,15799.5
37372,15817.8
37373,15816.5
37374,15800.6
37375,15803
37376,21819.7
37377,27351
37378,32622.8
37379,32622.1
37380,32359.6
37381,32362.7
37382,32316.1
37383,32321
37384,32315.6
37385,26571.4
37386,15806
37387,15806.1
37388,15817.1
37389,15812.3
37390,15798.6
37391,15809.9
37392,15817
37393,15790
37394,15778.2
37395,15792.2
37396,15796.4
37397,15787.1
37398,15777.9
37399,15794.5
37400,20967.3
37401,26152.9
37402,31328.3
37403,31327.1
37404,31328.2
37405,31329
37406,31325.7
37407,31330.6
37408,31327.3
37409,26148.7
37410,15795
37411,15778.4
37412,15789.4
37413,15796.6
37414,15789.6
37415,15778.2
37416,15791.4
37417,15776.9
37418,15767
37419,15757.4
37420,15772.5
37421,15775.5
37422,15765.7
37423,26799.3
37424,32703.8
37425,37190.4
37426,43910.2
37427,46154.7
37428,39988.8
37429,46156.2
37430,43911.5
37431,41673.6
37432,35505.3
37433,23181
37434,19085.3
37435,19080.7
37436,19089.9
37437,16152
37438,15775.7
37439,15768.2
37440,15757.5
37441,15750.8
37442,15754.4
37443,15746.1
37444,15736.3
37445,15750.2
37446,15754.2
37447,26761.6
37448,32661
37449,37135.8
37450,43851.7
37451,46096.1
37452,39932.1
37453,46093.3
37454,43853.5
37455,41611.4
37456,35459
37457,23149.8
37458,19054.9
37459,19070.7
37460,19059.8
37461,16132
37462,15737.8
37463,15755.3
37464,15754
37465,15719.2
37466,15716.9
37467,15733.6
37468,15732.3
37469,15718.1
37470,15716.9
37471,26737.1
37472,32616.3
37473,37086
37474,43795.3
37475,46022.8
37476,39885.5
37477,46025.6
37478,43790
37479,41559.6
37480,35409.7
37481,23118.9
37482,19037
37483,19036.3
37484,19020
37485,16118.9
37486,15732.5
37487,15716.3
37488,15718.4
37489,15712.8
37490,15710.3
37491,15695.1
37492,15695.9
37493,15711.6
37494,15710.2
37495,26684.4
37496,32569.2
37497,37032.8
37498,43732.1
37499,45967.2
37500,39820.3
37501,45965
37502,43731.4
37503,41495.4
37504,35360.2
37505,23085.9
37506,19002.6
37507,19019.8
37508,19003.3
37509,16091.4
37510,15692.9
37511,15707
37512,15710.8
37513,15681.7
37514,15671.1
37515,15683.2
37516,15688.4
37517,15682.3
37518,15671.1
37519,26657.4
37520,32524.4
37521,36983.2
37522,43666.2
37523,45896
37524,39767.3
37525,45898.7
37526,43668.4
37527,41439.4
37528,35309.9
37529,23050.2
37530,18977.2
37531,18976.6
37532,18992
37533,16052.3
37534,15686.1
37535,15688.3
37536,15679.7
37537,15649.8
37538,15661.5
37539,15665.8
37540,15659
37541,15648.7
37542,15659
37543,15665.8
37544,21604.7
37545,27084.4
37546,32306.7
37547,32309.6
37548,32048.3
37549,32053.2
37550,32005.8
37551,32010.7
37552,32006
37553,26316.5
37554,15660.1
37555,15648.2
37556,15664.8
37557,15665.6
37558,15656.6
37559,15648.5
37560,15661.8
37561,15644
37562,15636
37563,15625.8
37564,15635.2
37565,15642.9
37566,15639.8
37567,15626.1
37568,20770.4
37569,25889.2
37570,31020.6
37571,31023
37572,31022.3
37573,31019.7
37574,31024.3
37575,31021.8
37576,31019.2
37577,25894.2
37578,15632.8
37579,15630.2
37580,15643.2
37581,15642.2
37582,15627.7
37583,15626.4
37584,15643.6
37585,15620.4
37586,15608.5
37587,15602.3
37588,15616.4
37589,15619.2
37590,15612.4
37591,26530.7
37592,32377.2
37593,36816.8
37594,43474.5
37595,45697.3
37596,39588.2
37597,45694.4
37598,43475.3
37599,41255.1
37600,35154.6
37601,22947.9
37602,18903.2
37603,18896.7
37604,18890.6
37605,16003.8
37606,15611.7
37607,15602.5
37608,15613.5
37609,15597
37610,15592.3
37611,15579.3
37612,15583.5
37613,15596
37614,15594.9
37615,26487.8
37616,32329.9
37617,36759.9
37618,43406.4
37619,45624.7
37620,39531.2
37621,45619.5
37622,43406.7
37623,41195.4
37624,35099.2
37625,22917
37626,18870.7
37627,18861.7
37628,18866
37629,15973
37630,15595.4
37631,15587.6
37632,15579
37633,15566.2
37634,15571.6
37635,15569.7
37636,15555.4
37637,15557.3
37638,15572
37639,26455.1
37640,32283
37641,36704.3
37642,43342.8
37643,45548.5
37644,39474.8
37645,45550.8
37646,43340.3
37647,41129.7
37648,35044.7
37649,22877.8
37650,18834.9
37651,18833.7
37652,18851.5
37653,15938.8
37654,15560.6
37655,15571.8
37656,15570.7
37657,15534.2
37658,15530.5
37659,15546.2
37660,15546.7
37661,15539.8
37662,15530.9
37663,26416
37664,32228.8
37665,36646.4
37666,43268.7
37667,45482.6
37668,39400.6
37669,45482.6
37670,43272.2
37671,41062.4
37672,34991.4
37673,22841
37674,18818.2
37675,18806.7
37676,18802.9
37677,15929.4
37678,15545.2
37679,15531.3
37680,15532.9
37681,15524.4
37682,15521.9
37683,15513
37684,15506.2
37685,15516.3
37686,15522.3
37687,26368.2
37688,32180.3
37689,36587.1
37690,43204.8
37691,45403.7
37692,39349.6
37693,45406.1
37694,43203.1
37695,40997.9
37696,34933
37697,22804.9
37698,18774.6
37699,18786.3
37700,18780.8
37701,15895.7
37702,15505.8
37703,15519.7
37704,15522.2
37705,15494.2
37706,15481.8
37707,15484.7
37708,15497.8
37709,15496.8
37710,15487.3
37711,15481.3
37712,21376.3
37713,26795.1
37714,31958
37715,31956.7
37716,31706
37717,31704
37718,31659.5
37719,31665.3
37720,31659.6
37721,26032.9
37722,15488.6
37723,15479.9
37724,15500.6
37725,15496.9
37726,15489.3
37727,15481.5
37728,15489
37729,15473.6
37730,15471.2
37731,15458.6
37732,15456.1
37733,15468.9
37734,15471.7
37735,15468.8
37736,20532.6
37737,25606.3
37738,30685
37739,30680.3
37740,30681.2
37741,30683.5
37742,30680.8
37743,30678.8
37744,30685.4
37745,25611
37746,15460
37747,15471.9
37748,15470.8
37749,15456.8
37750,15456
37751,15471.7
37752,15471.6
37753,15442.1
37754,15431.1
37755,15434
37756,15446.6
37757,15445.8
37758,15437.7
37759,26236.6
37760,32017.6
37761,36405.7
37762,42989.1
37763,45183
37764,39154
37765,45182.8
37766,42989.5
37767,40798.4
37768,34761.2
37769,22693.1
37770,18682.5
37771,18693.1
37772,18689.3
37773,15818.4
37774,15430.5
37775,15441.9
37776,15446.2
37777,15421.1
37778,15405.7
37779,15404.8
37780,15418.7
37781,15420.1
37782,15417.3
37783,26189.1
37784,31965
37785,36345.4
37786,42917.6
37787,45103.2
37788,39090.6
37789,45106.7
37790,42918.1
37791,40724.3
37792,34701
37793,22655.9
37794,18651.2
37795,18666.7
37796,18648.6
37797,15800.4
37798,15407.6
37799,15404.9
37800,15416.5
37801,15395.5
37802,15393.4
37803,15379.8
37804,15379.2
37805,15391.2
37806,15393.8
37807,26149
37808,31913.9
37809,36284.3
37810,42847.6
37811,45028.7
37812,39016
37813,45031.4
37814,42842
37815,40653
37816,34645.8
37817,22615.2
37818,18635.6
37819,18617.2
37820,18617.9
37821,15769.8
37822,15393.8
37823,15387.8
37824,15379.4
37825,15356.6
37826,15368
37827,15367.1
37828,15361.4
37829,15353.1
37830,15354.7
37831,26115.1
37832,31855.1
37833,36221.2
37834,42764.9
37835,44954.3
37836,38947.9
37837,44948.7
37838,42768.9
37839,40590.8
37840,34583
37841,22578.6
37842,18587.8
37843,18593.1
37844,18597.8
37845,15735
37846,15352.3
37847,15365.2
37848,15367.4
37849,15341.6
37850,15326.9
37851,15326.1
37852,15337.3
37853,15340.7
37854,15339.8
37855,26052.6
37856,31800.8
37857,36156.5
37858,42697.4
37859,44871.2
37860,38882
37861,44873.4
37862,42692.3
37863,40511.1
37864,34525.5
37865,22537.1
37866,18569.6
37867,18552.2
37868,18556.7
37869,15711.5
37870,15340.6
37871,15339.8
37872,15326.8
37873,15300.9
37874,15309.9
37875,15313.7
37876,15312.9
37877,15302.4
37878,15299.4
37879,15306.2
37880,21122.7
37881,26479.2
37882,31578.1
37883,31576.7
37884,31327.3
37885,31328.1
37886,31283.1
37887,31287.9
37888,31284.3
37889,25722.5
37890,15314.4
37891,15304.8
37892,15299.5
37893,15303.4
37894,15314.1
37895,15313.2
37896,15307.5
37897,15274.3
37898,15272.4
37899,15286.8
37900,15286.1
37901,15285
37902,15272.9
37903,15272.2
37904,20299.2
37905,25299.3
37906,30312.4
37907,30310
37908,30314.4
37909,30313.3
37910,30311.5
37911,30309.8
37912,30315.7
37913,25302.7
37914,15269.6
37915,15285.1
37916,15286.2
37917,15285.6
37918,15273.5
37919,15272.3
37920,15280.3
37921,15260.6
37922,15258.2
37923,15251.6
37924,15245.3
37925,15246.1
37926,15259.3
37927,25926.4
37928,31628.6
37929,35965.5
37930,42461.8
37931,44633.6
37932,38671.3
37933,44630.2
37934,42465.3
37935,40300.7
37936,34335.1
37937,22416
37938,18454.9
37939,18472.8
37940,18452.9
37941,15634.9
37942,15251.2
37943,15245.3
37944,15247.3
37945,15233.2
37946,15230.7
37947,15229.3
37948,15218.1
37949,15217.5
37950,15226.1
37951,25881.2
37952,31570.5
37953,35897.6
37954,42382.7
37955,44553.4
37956,38603
37957,44550.7
37958,42389
37959,40222.2
37960,34272
37961,22378.2
37962,18431.3
37963,18428.1
37964,18419.2
37965,15605.4
37966,15230.7
37967,15224.5
37968,15217.8
37969,15191.1
37970,15202.5
37971,15202.9
37972,15202.1
37973,15192.6
37974,15189.8
37975,25829.8
37976,31510.1
37977,35829.8
37978,42309.9
37979,44465.3
37980,38533.6
37981,44466.7
37982,42306.3
37983,40147.8
37984,34214.6
37985,22340.9
37986,18393.2
37987,18385.3
37988,18405.4
37989,15558.7
37990,15196.7
37991,15203.2
37992,15202.4
37993,15171.1
37994,15162.3
37995,15161.6
37996,15172
37997,15174.8
37998,15174.1
37999,25771.5
38000,31457.4
38001,35765.9
38002,42230
38003,44384.2
38004,38453.1
38005,44382.2
38006,42230.4
38007,40079.1
38008,34144.8
38009,22292.4
38010,18354.8
38011,18368.6
38012,18350.7
38013,15548.5
38014,15173.2
38015,15162.5
38016,15162.1
38017,15141
38018,15146.6
38019,15145.9
38020,15143.3
38021,15134.2
38022,15133.9
38023,25735.2
38024,31391.8
38025,35695.6
38026,42151.7
38027,44299.2
38028,38387.7
38029,44300.8
38030,42148
38031,39999.3
38032,34085
38033,22256.1
38034,18320.3
38035,18323.1
38036,18331.5
38037,15511.1
38038,15133.4
38039,15137.5
38040,15146.6
38041,15119.1
38042,15116.9
38043,15106
38044,15105.3
38045,15107.9
38046,15118
38047,15117.3
38048,20846.6
38049,26134.9
38050,31176.5
38051,31170.6
38052,30926.1
38053,30925.6
38054,30881.9
38055,30885
38056,30884.3
38057,25391.5
38058,15113.1
38059,15117.4
38060,15116.6
38061,15106
38062,15105.3
38063,15108.1
38064,15118.1
38065,15090.3
38066,15088
38067,15078.7
38068,15076.9
38069,15076.6
38070,15089.2
38071,15088.7
38072,20024.1
38073,24978.6
38074,29915.3
38075,29921
38076,29921
38077,29919.6
38078,29918.3
38079,29916.9
38080,29921.6
38081,24974.6
38082,15079
38083,15076.5
38084,15089
38085,15088.8
38086,15088.2
38087,15082.2
38088,15077.1
38089,15049.4
38090,15056.3
38091,15059.9
38092,15059.3
38093,15057.2
38094,15048.5
38095,25580.5
38096,31215.1
38097,35491.8
38098,41913.4
38099,44047.5
38100,38159.7
38101,44044.5
38102,41909.4
38103,39771.3
38104,33883.6
38105,22126
38106,18225.7
38107,18218.9
38108,18214
38109,15426.3
38110,15059.7
38111,15059.1
38112,15053.3
38113,15021.1
38114,15018.8
38115,15026
38116,15030.7
38117,15030.2
38118,15029.8
38119,25523.6
38120,31157.3
38121,35424.1
38122,41824.5
38123,43960.8
38124,38090.2
38125,43961.9
38126,41829.6
38127,39685.1
38128,33825.6
38129,22084.5
38130,18189
38131,18176
38132,18197.2
38133,15383.8
38134,15020.7
38135,15031.1
38136,15030.4
38137,15002.3
38138,14995.1
38139,14990.4
38140,14990.1
38141,14994.7
38142,15001.4
38143,25487.5
38144,31092.4
38145,35352.2
38146,41742.2
38147,43872.1
38148,38020.2
38149,43872.7
38150,41741.4
38151,39617.3
38152,33756.1
38153,22039.4
38154,18142.5
38155,18162.9
38156,18140.1
38157,15371
38158,14998.7
38159,14990.6
38160,14989.9
38161,14963
38162,14972.3
38163,14971.6
38164,14971
38165,14968
38166,14961.2
38167,25430.8
38168,31032.4
38169,35284.1
38170,41664.1
38171,43786
38172,37939
38173,43788.2
38174,41664.9
38175,39529.1
38176,33692.6
38177,21999
38178,18116
38179,18104.5
38180,18127
38181,15326
38182,14960.2
38183,14968.4
38184,14971.8
38185,14943.4
38186,14941.2
38187,14933.4
38188,14931.5
38189,14931.1
38190,14937.2
38191,25389
38192,30966.1
38193,35212.7
38194,41580.8
38195,43700.6
38196,37862.1
38197,43701.9
38198,41580.7
38199,39459.1
38200,33616.6
38201,21952.3
38202,18087.3
38203,18071
38204,18077.9
38205,15296.4
38206,14942.3
38207,14941.9
38208,14941.3
38209,14909.8
38210,14902.3
38211,14901.8
38212,14901.4
38213,14911.5
38214,14912.1
38215,14911.7
38216,20561.8
38217,25780.1
38218,30749.6
38219,30746.8
38220,30500.9
38221,30505.2
38222,30463.2
38223,30461
38224,30460.3
38225,25048.2
38226,14910.3
38227,14902
38228,14901.8
38229,14908.8
38230,14912.4
38231,14911.9
38232,14911.4
38233,14877.8
38234,14872.5
38235,14872
38236,14872.8
38237,14882.8
38238,14882.1
38239,14881.7
38240,19747.4
38241,24635.3
38242,29504.6
38243,29505.9
38244,29511.6
38245,29510
38246,29509
38247,29508.1
38248,29507.5
38249,24630.7
38250,14882.2
38251,14881.4
38252,14875.2
38253,14872.5
38254,14872
38255,14873.6
38256,14882.7
38257,14853.9
38258,14851.6
38259,14851.4
38260,14843.1
38261,14842.6
38262,14842.3
38263,25234.3
38264,30781.6
38265,35001.7
38266,41330.7
38267,43433.6
38268,37635.2
38269,43438.1
38270,41328.4
38271,39214
38272,33422.4
38273,21823.7
38274,17963
38275,17975.5
38276,17967
38277,15218.8
38278,14846.7
38279,14842.8
38280,14842.6
38281,14813.8
38282,14821.4
38283,14822
38284,14821.5
38285,14821.2
38286,14817
38287,25170.5
38288,30723.5
38289,34930.5
38290,41238.7
38291,43348.6
38292,37566.1
38293,43344.1
38294,41239
38295,39145.5
38296,33348.4
38297,21773.2
38298,17937.2
38299,17931.3
38300,17929.5
38301,15176.3
38302,14822.1
38303,14821.8
38304,14821.3
38305,14792.4
38306,14783.1
38307,14782.7
38308,14782.6
38309,14783
38310,14792.1
38311,25132.3
38312,30652.7
38313,34857.1
38314,41162.3
38315,43260.7
38316,37478.6
38317,43259.1
38318,41162.3
38319,39052.1
38320,33286.2
38321,21735.1
38322,17889.8
38323,17902.4
38324,17893.6
38325,15156.7
38326,14787.9
38327,14783
38328,14782.5
38329,14753.8
38330,14755.5
38331,14761.6
38332,14761.1
38333,14760.7
38334,14760.3
38335,25064.8
38336,30598.9
38337,34787.1
38338,41068.1
38339,43168
38340,37405.2
38341,43168.9
38342,41075.3
38343,38977.5
38344,33212.4
38345,21687.5
38346,17864.4
38347,17849
38348,17872.6
38349,15115.7
38350,14752.1
38351,14752
38352,14757.7
38353,14732.8
38354,14730.6
38355,14730.2
38356,14729.8
38357,14725
38358,14722.5
38359,25020.2
38360,30532.6
38361,34714.1
38362,40983.8
38363,43079.9
38364,37332.7
38365,43076.5
38366,40987.3
38367,38899.5
38368,33139.5
38369,21639.7
38370,17833.2
38371,17811.9
38372,17835.4
38373,15079.7
38374,14721.7
38375,14723.2
38376,14731.1
38377,14702
38378,14699.8
38379,14699.5
38380,14698.3
38381,14692.5
38382,14692.1
38383,14692.1
38384,20283.2
38385,25406.4
38386,30309.2
38387,30306.4
38388,30068.6
38389,30069.7
38390,30028.1
38391,30027
38392,30025.2
38393,24690.5
38394,14703.4
38395,14692.5
38396,14692.2
38397,14691.4
38398,14691.4
38399,14699.3
38400,14700.3
38401,14671.1
38402,14669
38403,14668.6
38404,14664.2
38405,14662
38406,14661.6
38407,14661.3
38408,19483.4
38409,24270.8
38410,29089.8
38411,29086.8
38412,29086.2
38413,29085.7
38414,29085.1
38415,29084.6
38416,29084.3
38417,24277.6
38418,14668.7
38419,14668.9
38420,14668.4
38421,14664.1
38422,14662
38423,14661.6
38424,14661.3
38425,14632.8
38426,14639
38427,14638.9
38428,14638.5
38429,14638.3
38430,14637.9
38431,24856.9
38432,30344.5
38433,34494.2
38434,40729.9
38435,42810.6
38436,37089.8
38437,42809.8
38438,40734.2
38439,38648.2
38440,32939.5
38441,21507.1
38442,17703.6
38443,17722.9
38444,17700.2
38445,14998.7
38446,14638.7
38447,14638.3
38448,14637.9
38449,14606.8
38450,14601.3
38451,14601
38452,14600.9
38453,14600.4
38454,14602.3
38455,24822.6
38456,30273.5
38457,34423.7
38458,40645.1
38459,42716.7
38460,37021
38461,42714.6
38462,40644
38463,38572.8
38464,32865
38465,21463.4
38466,17677.3
38467,17667.6
38468,17682.8
38469,14966.2
38470,14600.9
38471,14600.9
38472,14600.8
38473,14571.6
38474,14573.8
38475,14577.5
38476,14577.1
38477,14576.9
38478,14576.6
38479,24759.1
38480,30211.2
38481,34347.1
38482,40562.6
38483,42630.5
38484,36934.4
38485,42632
38486,40553.3
38487,38492.5
38488,32795.9
38489,21413
38490,17647.6
38491,17626.9
38492,17646.3
38493,14923.9
38494,14569.7
38495,14569.8
38496,14577.4
38497,14548.4
38498,14546.3
38499,14546
38500,14545.6
38501,14545.5
38502,14541.7
38503,24701
38504,30152.1
38505,34276.3
38506,40470.6
38507,42539.6
38508,36855.2
38509,42539.7
38510,40472
38511,38406.4
38512,32729.7
38513,21367.2
38514,17605.2
38515,17595.2
38516,17603.6
38517,14892.4
38518,14539
38519,14544.7
38520,14546.5
38521,14517.3
38522,14515.2
38523,14515
38524,14514.6
38525,14513.7
38526,14509.7
38527,24649.7
38528,30087.6
38529,34203.4
38530,40384.2
38531,42449.2
38532,36776.9
38533,42449.6
38534,40384.1
38535,38326.6
38536,32657.6
38537,21321.6
38538,17572.9
38539,17552.2
38540,17572.9
38541,14861.4
38542,14508.7
38543,14508.7
38544,14511.4
38545,14486.8
38546,14484.7
38547,14484.5
38548,14484.2
38549,14484
38550,14483.7
38551,14481.8
38552,19969.5
38553,25038.5
38554,29863.6
38555,29864.2
38556,29626.1
38557,29625.1
38558,29584.6
38559,29584
38560,29589.4
38561,24328.6
38562,14484.3
38563,14478.8
38564,14478.7
38565,14478.3
38566,14478.1
38567,14481.9
38568,14484.8
38569,14455.7
38570,14453.6
38571,14453.3
38572,14453.1
38573,14452.9
38574,14451.8
38575,14448.7
38576,19179.7
38577,23924
38578,28652.6
38579,28654.8
38580,28654.6
38581,28654.4
38582,28654.2
38583,28654
38584,28653.8
38585,23920.6
38586,14456.9
38587,14452.8
38588,14450.6
38589,14448.6
38590,14448.3
38591,14448.1
38592,14447.9
38593,14418.9
38594,14416.9
38595,14421.1
38596,14423.1
38597,14422.9
38598,14422.6
38599,14422.5
38600,19136.8
38601,23875.8
38602,28595.4
38603,28595.2
38604,28595.1
38605,28594.9
38606,28594.8
38607,28594.6
38608,28594.4
38609,23867.8
38610,14416.1
38611,14423.1
38612,14422.9
38613,14422.7
38614,14422.4
38615,14422.3
38616,14422.1
38617,14393.1
38618,14387.7
38619,14387.4
38620,14387.1
38621,14387
38622,14386.9
38623,24447.7
38624,29828.5
38625,33914.2
38626,40036.9
38627,42086.3
38628,36463.2
38629,42087.7
38630,40034.6
38631,38004.2
38632,32374.1
38633,21144.3
38634,17418.3
38635,17407.9
38636,17419.2
38637,14748.1
38638,14390
38639,14387.5
38640,14387.2
38641,14358.4
38642,14356.4
38643,14356.2
38644,14356.3
38645,14355.9
38646,14357.8
38647,24402.6
38648,29761.5
38649,33841
38650,39950.2
38651,41994.2
38652,36386.2
38653,41995.3
38654,39953.5
38655,37918.1
38656,32305.6
38657,21096.4
38658,17386.1
38659,17365.6
38660,17386.3
38661,14715.8
38662,14356.7
38663,14356.8
38664,14356.5
38665,14327.7
38666,14325.7
38667,14325.6
38668,14325.7
38669,14325.3
38670,14329.6
38671,24349.6
38672,29697.3
38673,33768.1
38674,39864.3
38675,41903.9
38676,36307.1
38677,41905.4
38678,39864.4
38679,37838.8
38680,32235.1
38681,21053.5
38682,17343.9
38683,17334.3
38684,17343.4
38685,14684.7
38686,14329.9
38687,14327.1
38688,14326.4
38689,14297.6
38690,14295.6
38691,14295.5
38692,14295.6
38693,14295.2
38694,14295.4
38695,24293.7
38696,29635.6
38697,33695.3
38698,39778.4
38699,41815.5
38700,36228.6
38701,41813.8
38702,39776.8
38703,37754.3
38704,32170.9
38705,21013.3
38706,17293
38707,17313.7
38708,17288.3
38709,14651.4
38710,14299.4
38711,14299.2
38712,14298.9
38713,14270
38714,14268.1
38715,14267.9
38716,14267.8
38717,14266.6
38718,14265.5
38719,14265.3
38720,19676.7
38721,24664.2
38722,29415.7
38723,29418.6
38724,29184.4
38725,29183.9
38726,29144.4
38727,29144.1
38728,29143.5
38729,23962.6
38730,14265.8
38731,14268.7
38732,14277.9
38733,14258.9
38734,14268.3
38735,14268.1
38736,14268
38737,14239.1
38738,14237.1
38739,14236.1
38740,14235.2
38741,14235.1
38742,14234.9
38743,14234.9
38744,18899.7
38745,23565.7
38746,28223.9
38747,28226.6
38748,28226.7
38749,28226.9
38750,28227
38751,28227.1
38752,28227.6
38753,23564.6
38754,14227.8
38755,14234
38756,14237.2
38757,14238.4
38758,14238.3
38759,14238.1
38760,14238
38761,14209.1
38762,14207.2
38763,14207
38764,14206.8
38765,14206.8
38766,14206.6
38767,24130
38768,29437.2
38769,33476.4
38770,39524.5
38771,41541.1
38772,35995.5
38773,41543.7
38774,39523.9
38775,37512.4
38776,31958.4
38777,20876.1
38778,17190.2
38779,17192.9
38780,17186.2
38781,14557.9
38782,14207.2
38783,14206.8
38784,14206.7
38785,14178
38786,14176
38787,14175.9
38788,14175.5
38789,14174.7
38790,14174.5
38791,24071.7
38792,29384.8
38793,33402.3
38794,39442.3
38795,41446.7
38796,35920
38797,41452.8
38798,39441.4
38799,37427.3
38800,31890.1
38801,20827.9
38802,17158.7
38803,17150.8
38804,17154.8
38805,14527.1
38806,14176.6
38807,14176.1
38808,14176
38809,14147.4
38810,14145.6
38811,14144.9
38812,14144.5
38813,14144.5
38814,14144.3
38815,24021.2
38816,29322.1
38817,33330.2
38818,39357.1
38819,41357.1
38820,35842
38821,41364.7
38822,39355.1
38823,37348.7
38824,31820.9
38825,20786.3
38826,17116.4
38827,17120.1
38828,17111.2
38829,14495.2
38830,14146.2
38831,14145.9
38832,14145.8
38833,14117.3
38834,14115.4
38835,14115.3
38836,14115.2
38837,14115.2
38838,14115
38839,23971.6
38840,29248
38841,33260.4
38842,39268
38843,41273.1
38844,35763.8
38845,41277.1
38846,39262.6
38847,37269.5
38848,31756.7
38849,20743
38850,17069.7
38851,17092.5
38852,17072.1
38853,14456
38854,14113.4
38855,14116.1
38856,14116.3
38857,14087.8
38858,14086
38859,14085.9
38860,14085.8
38861,14085.8
38862,14085.6
38863,23930.3
38864,29188.6
38865,33188.8
38866,39183.1
38867,41188.8
38868,35684.3
38869,41180.4
38870,39187.1
38871,37183.2
38872,31691.6
38873,20690.3
38874,17054.7
38875,17029
38876,17055.7
38877,14434.4
38878,14084.3
38879,14084.5
38880,14084.4
38881,14056.4
38882,14054.5
38883,14054.5
38884,14054.5
38885,14054.4
38886,14054.3
38887,14054.2
38888,19386.1
38889,24295.6
38890,28971.7
38891,28977
38892,28748.5
38893,28748.3
38894,28709.7
38895,28709.1
38896,28708.9
38897,23607.9
38898,14057.8
38899,14054.5
38900,14050.9
38901,14057.8
38902,14054.3
38903,14054.3
38904,14054.2
38905,14026.3
38906,14024.5
38907,14024.5
38908,14024.4
38909,14024.4
38910,14024.6
38911,14024.3
38912,18623
38913,23212.6
38914,27801.7
38915,27804.8
38916,27805.2
38917,27805.7
38918,27806.1
38919,27806.5
38920,27806.9
38921,23212.4
38922,14032.3
38923,14024.6
38924,14024.6
38925,14024.9
38926,14025.2
38927,14025.1
38928,14025.1
38929,13997.2
38930,13995.4
38931,13995.4
38932,13995.3
38933,13995.4
38934,13995.3
38935,23765.3
38936,29002.3
38937,32976.3
38938,38930.6
38939,40921.9
38940,35456.6
38941,40921.8
38942,38930.3
38943,36945.7
38944,31490.4
38945,20560.4
38946,16941.7
38947,16924.8
38948,16946.4
38949,14340.2
38950,13995.1
38951,13995.3
38952,13995.2
38953,13967.6
38954,13965.8
38955,13965.8
38956,13965.7
38957,13965.8
38958,13965.7
38959,23715.1
38960,28943.2
38961,32905.6
38962,38847.4
38963,40834.7
38964,35381
38965,40833.7
38966,38848.5
38967,36866.6
38968,31421.5
38969,20515.2
38970,16909.8
38971,16883.6
38972,16910.9
38973,14312.3
38974,13965.5
38975,13964.9
38976,13964.9
38977,13937.2
38978,13935.3
38979,13935.3
38980,13935.3
38981,13935.3
38982,13935.2
38983,23666.1
38984,28874.2
38985,32836.5
38986,38764.6
38987,40749.3
38988,35305.1
38989,40740.9
38990,38771.9
38991,36788.4
38992,31349.2
38993,20473.5
38994,16868
38995,16863.9
38996,16858
38997,14279.9
38998,13936.2
38999,13936.1
39000,13936
39001,13908.4
39002,13906.6
39003,13906.6
39004,13906.6
39005,13906.7
39006,13906.6
39007,23625.5
39008,28817.5
39009,32766.6
39010,38684.6
39011,40655
39012,35231.4
39013,40658.1
39014,38684.5
39015,36714.6
39016,31282.5
39017,20435.4
39018,16818.9
39019,16835.6
39020,16828.1
39021,14244.2
39022,13906.6
39023,13906.8
39024,13907.1
39025,13879.6
39026,13877.9
39027,13878
39028,13878
39029,13878
39030,13878.2
39031,23567.9
39032,28763
39033,32696.2
39034,38602
39035,40575.2
39036,35156.7
39037,40572.2
39038,38603.2
39039,36632.2
39040,31219.3
39041,20382.6
39042,16800.3
39043,16790.5
39044,16788.9
39045,14219.8
39046,13877.4
39047,13877.3
39048,13877.2
39049,13850
39050,13848.2
39051,13848.3
39052,13848.3
39053,13848.4
39054,13848.3
39055,13848.4
39056,19108.2
39057,23934.6
39058,28551
39059,28549.2
39060,28322.7
39061,28322.8
39062,28285.1
39063,28284.8
39064,28284.9
39065,23259.1
39066,13855.8
39067,13847.5
39068,13847.4
39069,13847.5
39070,13847.6
39071,13847.6
39072,13847.6
39073,13820.5
39074,13818.8
39075,13818.8
39076,13818.9
39077,13818.9
39078,13818.9
39079,13819
39080,18343.7
39081,22868.9
39082,27400.9
39083,27394.1
39084,27394.4
39085,27395.1
39086,27395.8
39087,27396.5
39088,27397.1
39089,22870.4
39090,13824.4
39091,13818.7
39092,13818.8
39093,13818.8
39094,13818.9
39095,13818.9
39096,13819
39097,13792
39098,13790.4
39099,13790.4
39100,13790.4
39101,13790.5
39102,13790.5
39103,23428.9
39104,28577.3
39105,32487.8
39106,38366.3
39107,40310.8
39108,34937.3
39109,40322.6
39110,38356.6
39111,36403.4
39112,31026.3
39113,20255.9
39114,16697.2
39115,16680.6
39116,16689.6
39117,14131.3
39118,13790.5
39119,13790.3
39120,13790.3
39121,13763.6
39122,13762
39123,13762
39124,13762
39125,13762.2
39126,13762.1
39127,23383
39128,28519.2
39129,32420.4
39130,38283.4
39131,40231.2
39132,34865.3
39133,40235.3
39134,38279.1
39135,36326.9
39136,30956.9
39137,20218.9
39138,16655.1
39139,16659.4
39140,16640.5
39141,14100.6
39142,13762.2
39143,13762.3
39144,13763.2
39145,13737
39146,13735.4
39147,13735.5
39148,13735.8
39149,13735.6
39150,13735.8
39151,23326.8
39152,28463.9
39153,32356.9
39154,38197.8
39155,40154.9
39156,34790.3
39157,40144.9
39158,38205.9
39159,36253.2
39160,30891.4
39161,20181.8
39162,16610.1
39163,16625.4
39164,16623.3
39165,14069
39166,13735.7
39167,13736.1
39168,13736
39169,13710
39170,13708.5
39171,13708.6
39172,13706
39173,13704.7
39174,13704.7
39175,23276.2
39176,28397
39177,32290.1
39178,38122.2
39179,40063
39180,34719.8
39181,40074.5
39182,38116.1
39183,36178.2
39184,30834.4
39185,20130.5
39186,16594.3
39187,16582.3
39188,16581.3
39189,14043.6
39190,13705.5
39191,13705.5
39192,13705.6
39193,13679.5
39194,13678.3
39195,13680
39196,13680.2
39197,13680.1
39198,13680.5
39199,23233.3
39200,28347.1
39201,32224.5
39202,38041.6
39203,39990.8
39204,34648.1
39205,39981.7
39206,38046.7
39207,36105.6
39208,30766.7
39209,20096
39210,16551.8
39211,16545.3
39212,16561.8
39213,14018.1
39214,13677.6
39215,13676.8
39216,13676.8
39217,13651
39218,13649.4
39219,13649.5
39220,13649.6
39221,13649.7
39222,13649.8
39223,13649.9
39224,18836.5
39225,23589.5
39226,28142.2
39227,28140.2
39228,27917
39229,27912.9
39230,27875.5
39231,27876.2
39232,27876.3
39233,22922.5
39234,13646.5
39235,13652.7
39236,13653
39237,13652.8
39238,13653
39239,13653.1
39240,13653.1
39241,13627.7
39242,13626.2
39243,13626.4
39244,13625.3
39245,13621.6
39246,13621.7
39247,13621.8
39248,18075.7
39249,22545.5
39250,27009.7
39251,27003
39252,27003.9
39253,27004.8
39254,27005.7
39255,27007.2
39256,27004.5
39257,22540.3
39258,13619.8
39259,13625.5
39260,13625.6
39261,13625.7
39262,13625.8
39263,13625.9
39264,13625.9
39265,13600.8
39266,13599.4
39267,13599.5
39268,13597.6
39269,13594.4
39270,13594.5
39271,23089.7
39272,28168.9
39273,32028.3
39274,37817.4
39275,39738.8
39276,34441.9
39277,39745
39278,37816.3
39279,35885.6
39280,30580.3
39281,19980.2
39282,16438.7
39283,16462.3
39284,16454.4
39285,13928.8
39286,13599
39287,13599.3
39288,13599.3
39289,13574.4
39290,13568
39291,13567.6
39292,13567.6
39293,13567.8
39294,13567.8
39295,23048.3
39296,28115.2
39297,31962.6
39298,37741.6
39299,39663.7
39300,34372.1
39301,39659.8
39302,37745.5
39303,35816.1
39304,30519.2
39305,19935.6
39306,16420.9
39307,16411.4
39308,16429.9
39309,13905.3
39310,13568.1
39311,13567.7
39312,13567.8
39313,13542.9
39314,13541.5
39315,13541.6
39316,13541.7
39317,13543.6
39318,13545.9
39319,23005.7
39320,28064.2
39321,31903.6
39322,37662.9
39323,39590.5
39324,34300.5
39325,39585.6
39326,37661.3
39327,35744.3
39328,30464.9
39329,19889.2
39330,16395.2
39331,16390.8
39332,16374.9
39333,13874.8
39334,13544.9
39335,13545.6
39336,13546
39337,13521.3
39338,13519.9
39339,13520
39340,13520.1
39341,13520.3
39342,13518.7
39343,22950
39344,28001.6
39345,31841
39346,37593.3
39347,39504.5
39348,34238.9
39349,39508.8
39350,37596.5
39351,35673.8
39352,30399.6
39353,19859.8
39354,16354.1
39355,16350.9
39356,16365.5
39357,13851.3
39358,13515
39359,13514.6
39360,13514.6
39361,13490.4
39362,13488.9
39363,13489.1
39364,13489.2
39365,13493.1
39366,13494.1
39367,22914.6
39368,27955.8
39369,31780.5
39370,37517.9
39371,39433.7
39372,34166.5
39373,39438.1
39374,37516.2
39375,35604.6
39376,30341
39377,19823.4
39378,16316.2
39379,16334.1
39380,16320.3
39381,13821.2
39382,13493.9
39383,13494.2
39384,13494.3
39385,13470.5
39386,13464
39387,13462.6
39388,13462.7
39389,13462.9
39390,13463
39391,13463.1
39392,18580.9
39393,23264.8
39394,27756.5
39395,27750.3
39396,27530.9
39397,27531.3
39398,27495.3
39399,27495.7
39400,27496.5
39401,22612.6
39402,13471
39403,13462.6
39404,13462.7
39405,13463
39406,13463.1
39407,13463.3
39408,13464.6
39409,13444.5
39410,13443
39411,13443.1
39412,13443.3
39413,13443.5
39414,13443.6
39415,13443.2
39416,17822.9
39417,22243.8
39418,26643
39419,26636.6
39420,26637.2
39421,26638.3
39422,26639.7
39423,26638.4
39424,26637
39425,22241.9
39426,13443.5
39427,13443.7
39428,13440.4
39429,13437
39430,13437.1
39431,13437.3
39432,13437.5
39433,13413.9
39434,13412.6
39435,13417.7
39436,13418.3
39437,13418.2
39438,13418.5
39439,22779.2
39440,27792
39441,31598.1
39442,37305.5
39443,39202.4
39444,33978
39445,39207.3
39446,37310.2
39447,35402.4
39448,30168.3
39449,19705.8
39450,16238.5
39451,16218.5
39452,16239
39453,13744.4
39454,13412.4
39455,13412.4
39456,13412.6
39457,13393.3
39458,13393.4
39459,13393.5
39460,13393.7
39461,13393.9
39462,13394
39463,13392.7
39464,17756.2
39465,22160.8
39466,26543.4
39467,26536.7
39468,26537.8
39469,26539
39470,26541.8
39471,26536.8
39472,26538.2
39473,22157.3
39474,13397.4
39475,13386.8
39476,13387
39477,13387.2
39478,13387.4
39479,13387.6
39480,13390.3
39481,13370.5
39482,13369.2
39483,13369.4
39484,13369.5
39485,13369.7
39486,13368.8
39487,22690.9
39488,27686
39489,31477.2
39490,37168.6
39491,39061.7
39492,33849.9
39493,39060.1
39494,37164.7
39495,35271.5
39496,30062
39497,19630.5
39498,16173.9
39499,16181
39500,16161.9
39501,13693.4
39502,13369.1
39503,13369.5
39504,13369.6
39505,13347.3
39506,13338.5
39507,13338
39508,13338.1
39509,13338.4
39510,13338.5
39511,22662.8
39512,27641.5
39513,31424.4
39514,37097.9
39515,38991.5
39516,33786.2
39517,38994.2
39518,37097.3
39519,35206.3
39520,30001.9
39521,19600.2
39522,16144.1
39523,16132.1
39524,16152.6
39525,13669.3
39526,13338.6
39527,13338.5
39528,13338.6
39529,13320
39530,13321.4
39531,13321.6
39532,13322
39533,13321.9
39534,13322.1
39535,22609.8
39536,27585.6
39537,31363
39538,37033.5
39539,38921.7
39540,33727
39541,38918.8
39542,37029.7
39543,35144.6
39544,29948.5
39545,19567.5
39546,16104.6
39547,16123.5
39548,16114.7
39549,13644.7
39550,13321.8
39551,13321
39552,13313.8
39553,13291.9
39554,13290.7
39555,13290.9
39556,13291.2
39557,13297.8
39558,13298.4
39559,13298.6
39560,18333.7
39561,22974.7
39562,27395
39563,27397.3
39564,27180.7
39565,27181.6
39566,27143.7
39567,27142.5
39568,27143.3
39569,22325.3
39570,13299.1
39571,13297.8
39572,13290.2
39573,13290.5
39574,13290.7
39575,13290.9
39576,13291.1
39577,13276.4
39578,13275.2
39579,13275.4
39580,13275.6
39581,13275.7
39582,13271.4
39583,13267.1
39584,17608.8
39585,21956
39586,26303.5
39587,26300
39588,26301.2
39589,26303.5
39590,26299.4
39591,26300.6
39592,26303.1
39593,21954.3
39594,13266.2
39595,13275.2
39596,13272
39597,13278.6
39598,13275.6
39599,13275.8
39600,13269
39601,13245.7
39602,13244.5
39603,13244.7
39604,13244.9
39605,13252.3
39606,13252.9
39607,22496
39608,27447.6
39609,31202.2
39610,36838.7
39611,38713.1
39612,33551.3
39613,38713.1
39614,36835.6
39615,34959.7
39616,29794.7
39617,19461.5
39618,16024.1
39619,16038.9
39620,16029
39621,13574.1
39622,13252.8
39623,13251
39624,13244.1
39625,13223.2
39626,13222.1
39627,13222.3
39628,13226.6
39629,13230.2
39630,13230.7
39631,22458.2
39632,27397.7
39633,31148.2
39634,36776
39635,38646.3
39636,33493.7
39637,38648.6
39638,36773
39639,34900.6
39640,29740.6
39641,19434.6
39642,15988.3
39643,16010
39644,16010.9
39645,13552.7
39646,13223.1
39647,13221.7
39648,13221.9
39649,13201.4
39650,13202
39651,13208.4
39652,13208.7
39653,13208.6
39654,13208.7
39655,22417.7
39656,27347.5
39657,31092.8
39658,36711.4
39659,38590.2
39660,33433.2
39661,38586.5
39662,36711.4
39663,34841.4
39664,29690.5
39665,19397.2
39666,15977.6
39667,15963.9
39668,15984.2
39669,13526.9
39670,13200.1
39671,13200.3
39672,13208.5
39673,13188.1
39674,13187.1
39675,13187.3
39676,13185.8
39677,13177.6
39678,13177.7
39679,22384.5
39680,27306.7
39681,31045.2
39682,36650.6
39683,38520.2
39684,33382.1
39685,38520.8
39686,36654.4
39687,34779.3
39688,29645.1
39689,19356.5
39690,15957
39691,15957.6
39692,15938.2
39693,13506.5
39694,13186.8
39695,13187.2
39696,13187.1
39697,13157.8
39698,13156.3
39699,13156.6
39700,13156.8
39701,13163.6
39702,13165.9
39703,22347.3
39704,27264
39705,30993.8
39706,36593
39707,38454.9
39708,33326.6
39709,38455.8
39710,36589.9
39711,34726.3
39712,29593.4
39713,19335.5
39714,15920.6
39715,15917
39716,15932.7
39717,13483.3
39718,13156.8
39719,13156.8
39720,13161.5
39721,13146.1
39722,13145
39723,13145.2
39724,13145.4
39725,13136.3
39726,13135.2
39727,13135.5
39728,18128.3
39729,22700.2
39730,27077.9
39731,27075.5
39732,26861.7
39733,26862.6
39734,26829.4
39735,26825
39736,26825.5
39737,22064.8
39738,13145.3
39739,13141.6
39740,13135.1
39741,13135.4
39742,13135.7
39743,13138.3
39744,13145.1
39745,13125.8
39746,13124.8
39747,13125
39748,13117.3
39749,13114.6
39750,13114.8
39751,13115.1
39752,17427.1
39753,21703.4
39754,25995.1
39755,26000.7
39756,25997.6
39757,25997.2
39758,25999.7
39759,25998.3
39760,25997.5
39761,21706.3
39762,13121.3
39763,13114.9
39764,13115.1
39765,13121.1
39766,13124.5
39767,13124.7
39768,13124.8
39769,13104.4
39770,13094.2
39771,13094.5
39772,13094.7
39773,13097.2
39774,13104.8
39775,22242.9
39776,27137.3
39777,30847.7
39778,36419.3
39779,38274.3
39780,33169.6
39781,38275.4
39782,36418.2
39783,34563.2
39784,29453.4
39785,19240.7
39786,15856.2
39787,15838.4
39788,15849.2
39789,13418.1
39790,13099.6
39791,13104.5
39792,13104.9
39793,13086.4
39794,13084.1
39795,13074.4
39796,13074.5
39797,13074.9
39798,13077.8
39799,22214.8
39800,27097.3
39801,30802.3
39802,36366
39803,38215.7
39804,33119.1
39805,38216.3
39806,36362.3
39807,34510.4
39808,29409.4
39809,19213.4
39810,15829.6
39811,15814.4
39812,15828
39813,13398.1
39814,13077
39815,13084.9
39816,13085.2
39817,13067.1
39818,13066.2
39819,13055.9
39820,13055
39821,13055.4
39822,13057.5
39823,22182.2
39824,27057
39825,30756.4
39826,36311.4
39827,38158.2
39828,33069.8
39829,38159.8
39830,36308.5
39831,34459.4
39832,29365
39833,19182.9
39834,15810.1
39835,15791.4
39836,15798.9
39837,13377.6
39838,13063.8
39839,13065.7
39840,13066.2
39841,13048.5
39842,13040.1
39843,13036
39844,13036.3
39845,13036.6
39846,13046.8
39847,22145
39848,27016.7
39849,30709.5
39850,36255.9
39851,38105.5
39852,33019.2
39853,38107
39854,36254.5
39855,34408
39856,29322.2
39857,19151.9
39858,15786.7
39859,15779.3
39860,15768.1
39861,13363.2
39862,13046.9
39863,13047.2
39864,13046.1
39865,13018.5
39866,13017.6
39867,13017.9
39868,13023.5
39869,13028.5
39870,13029
39871,22114
39872,26970.1
39873,30663.2
39874,36202.6
39875,38054.1
39876,32969.9
39877,38051.6
39878,36205.9
39879,34353.8
39880,29286.2
39881,19127.1
39882,15752.2
39883,15764.7
39884,15759.8
39885,13344.5
39886,13023.8
39887,13017.4
39888,13017.6
39889,13000.9
39890,13009.7
39891,13010.7
39892,13010.9
39893,13011.1
39894,13000.3
39895,12999.3
39896,17935.8
39897,22466.5
39898,26797.9
39899,26795
39900,26583.6
39901,26584.6
39902,26549.7
39903,26547.3
39904,26547.9
39905,21834.3
39906,13005.4
39907,12999.6
39908,13002.6
39909,13010.7
39910,13010.7
39911,13011
39912,13007.8
39913,12982.6
39914,12981.7
39915,12982.1
39916,12991.4
39917,12993.1
39918,12993.3
39919,12993.6
39920,17221.4
39921,21486.2
39922,25738.7
39923,25733
39924,25737.8
39925,25732.1
39926,25733.4
39927,25737.3
39928,25732.7
39929,21486.6
39930,12991.5
39931,12981.6
39932,12981.9
39933,12986.2
39934,12993.1
39935,12993.2
39936,12993.4
39937,12972.3
39938,12964.2
39939,12964.5
39940,12965.3
39941,12976.1
39942,12976.5
39943,22023.9
39944,26861
39945,30537.7
39946,36054.5
39947,37897.2
39948,32836.5
39949,37894.2
39950,36057.5
39951,34216.2
39952,29162
39953,19056.2
39954,15679.7
39955,15698.1
39956,15700
39957,13287.7
39958,12964.7
39959,12964.6
39960,12969.5
39961,12960.4
39962,12959.6
39963,12959.8
39964,12952
39965,12947.4
39966,12947.6
39967,21997.1
39968,26831.3
39969,30505.1
39970,36010.9
39971,37842.7
39972,32796.8
39973,37845.7
39974,36007.5
39975,34173.7
39976,29122.7
39977,19020.6
39978,15679
39979,15679.5
39980,15662.7
39981,13273.4
39982,12959.5
39983,12956.2
39984,12947.2
39985,12932.2
39986,12931.7
39987,12943.4
39988,12943.5
39989,12943.5
39990,12940
39991,21958.4
39992,26792.9
39993,30462.9
39994,35963.9
39995,37793.6
39996,32758.2
39997,37796.1
39998,35962.9
39999,34130.8
40000,29086.4
40001,19001.2
40002,15660.7
40003,15642.9
40004,15646.6
40005,13253.7
40006,12943
40007,12943.3
40008,12943.5
40009,12921
40010,12915.1
40011,12915.4
40012,12920.4
40013,12927.5
40014,12927.9
40015,21939.9
40016,26756.8
40017,30422.7
40018,35918.8
40019,37750.1
40020,32716.4
40021,37747.1
40022,35918.4
40023,34089.6
40024,29050.5
40025,18981.7
40026,15632.1
40027,15623.1
40028,15639.3
40029,13235
40030,12918.9
40031,12927.5
40032,12927.8
40033,12913.4
40034,12904.4
40035,12899.6
40036,12899.8
40037,12906
40038,12912.4
40039,21914.2
40040,26729.1
40041,30384.7
40042,35873.7
40043,37706.9
40044,32673.6
40045,37702.9
40046,35876.4
40047,34049.1
40048,29015.6
40049,18960.3
40050,15608.9
40051,15607.3
40052,15622.6
40053,13219.7
40054,12900.1
40055,12910.9
40056,12912.5
40057,12898.5
40058,12894.2
40059,12884.5
40060,12884.8
40061,12887
40062,12897.6
40063,12897.7
40064,17770
40065,22274.7
40066,26559.8
40067,26562.2
40068,26347.2
40069,26348.2
40070,26314.3
40071,26315.2
40072,26312.8
40073,21643.1
40074,12896.3
40075,12884.5
40076,12884.6
40077,12890.6
40078,12897.3
40079,12897.5
40080,12897.7
40081,12873
40082,12870.1
40083,12870.4
40084,12880.4
40085,12883
40086,12883.4
40087,12879.8
40088,17077.8
40089,21303.1
40090,25513.3
40091,25512
40092,25516
40093,25511.2
40094,25516.2
40095,25511.6
40096,25511.6
40097,21299.5
40098,12870
40099,12882.9
40100,12883
40101,12883.3
40102,12877.7
40103,12869.9
40104,12870.3
40105,12862.4
40106,12869.1
40107,12869.2
40108,12869.4
40109,12857.4
40110,12855.9
40111,21838.8
40112,26640.7
40113,30289
40114,35756.1
40115,37575.3
40116,32561.3
40117,37581.1
40118,35753.6
40119,33926.7
40120,28920.8
40121,18892.3
40122,15553.6
40123,15569.8
40124,15568.8
40125,13177.2
40126,12856.4
40127,12856.2
40128,12862.6
40129,12856.4
40130,12855.8
40131,12855.7
40132,12842.3
40133,12842.4
40134,12842.9
40135,21821.6
40136,26615.3
40137,30251.8
40138,35713.7
40139,37542.5
40140,32524.1
40141,37536.8
40142,35716.4
40143,33895.3
40144,28886.7
40145,18876.7
40146,15539.1
40147,15538.6
40148,15553.3
40149,13161
40150,12843.3
40151,12855.8
40152,12856
40153,12843.8
40154,12834.3
40155,12829.2
40156,12829.4
40157,12838.5
40158,12843
40159,21795.8
40160,26580.7
40161,30219.8
40162,35679.5
40163,37497.2
40164,32500.4
40165,37496.6
40166,35680.1
40167,33861.6
40168,28857.2
40169,18850.7
40170,15537.6
40171,15525.7
40172,15520.3
40173,13153.9
40174,12842.6
40175,12843
40176,12833.1
40177,12817.3
40178,12816.9
40179,12827.6
40180,12830.5
40181,12830.5
40182,12824.9
40183,21764.6
40184,26556.1
40185,30194
40186,35644.4
40187,37460.5
40188,32464.7
40189,37462.3
40190,35643.1
40191,33825.5
40192,28828.8
40193,18831
40194,15512.4
40195,15521.9
40196,15521.1
40197,13138.4
40198,12817
40199,12816.7
40200,12820
40201,12819
40202,12818.3
40203,12818.6
40204,12806
40205,12804.5
40206,12804.9
40207,21757.3
40208,26536.8
40209,30162.2
40210,35607.3
40211,37430.1
40212,32429.4
40213,37424
40214,35610.7
40215,33797.2
40216,28801.4
40217,18818.7
40218,15501.9
40219,15490.8
40220,15499.6
40221,13121.1
40222,12818.2
40223,12818.3
40224,12818.4
40225,12797.6
40226,12792.7
40227,12793.1
40228,12805.1
40229,12806.7
40230,12806.9
40231,12798.9
40232,17639.1
40233,22113.1
40234,26374.3
40235,26368.6
40236,26160.7
40237,26164.4
40238,26124.2
40239,26125.8
40240,26129.1
40241,21481.2
40242,12801.4
40243,12806.8
40244,12806.9
40245,12796.7
40246,12792.7
40247,12793.1
40248,12805.2
40249,12796.4
40250,12795.9
40251,12787.3
40252,12781.5
40253,12781.9
40254,12792.7
40255,12795.7
40256,16966.7
40257,21156.2
40258,25342.5
40259,25335.6
40260,25341.3
40261,25335.1
40262,25336.5
40263,25340.2
40264,25335.9
40265,21153.5
40266,12783.4
40267,12791.1
40268,12795.6
40269,12795.9
40270,12790.7
40271,12781.5
40272,12781.8
40273,12779.8
40274,12785.1
40275,12785.3
40276,12780.9
40277,12770.8
40278,12771
40279,21697.8
40280,26467.5
40281,30084.1
40282,35514.7
40283,37332.1
40284,32343.4
40285,37325.9
40286,35517.3
40287,33708.5
40288,28726
40289,18769
40290,15463.1
40291,15450.9
40292,15455
40293,13091.1
40294,12785
40295,12785.3
40296,12783.3
40297,12761.2
40298,12760.9
40299,12766.7
40300,12775.3
40301,12775.3
40302,12773.1
40303,21668.1
40304,26439.8
40305,30062.3
40306,35489.5
40307,37297.3
40308,32323.2
40309,37299.8
40310,35488.3
40311,33674.2
40312,28707.3
40313,18756.7
40314,15435.9
40315,15450.5
40316,15454.2
40317,13078.4
40318,12761.2
40319,12768.8
40320,12775.3
40321,12766.3
40322,12761.1
40323,12750.9
40324,12751.2
40325,12759.9
40326,12765.9
40327,21664
40328,26417.9
40329,30036.2
40330,35461.6
40331,37267.7
40332,32301.7
40333,37269.9
40334,35461.7
40335,33654.3
40336,28680.6
40337,18730.5
40338,15440.1
40339,15442.4
40340,15437.5
40341,13075
40342,12753.7
40343,12751.1
40344,12752.2
40345,12757.2
40346,12756.6
40347,12756.8
40348,12743.5
40349,12742
40350,12744.7
40351,21649.5
40352,26407
40353,30011.8
40354,35434.1
40355,37243.6
40356,32275.9
40357,37240.3
40358,35436.9
40359,33630.9
40360,28660.3
40361,18721.3
40362,15431.6
40363,15427.4
40364,15416.2
40365,13065.6
40366,12756.6
40367,12746.8
40368,12741.8
40369,12734.1
40370,12747.8
40371,12748
40372,12748.2
40373,12736.2
40374,12733.2
40375,21631.1
40376,26388.6
40377,29997.3
40378,35410.3
40379,37221.6
40380,32247.8
40381,37215.3
40382,35412.6
40383,33609
40384,28641.3
40385,18712.7
40386,15421.9
40387,15406.1
40388,15405.5
40389,13056.9
40390,12747.9
40391,12748.3
40392,12737.6
40393,12725.6
40394,12725.7
40395,12740.2
40396,12740
40397,12740.3
40398,12726.9
40399,12725.1
40400,17567.5
40401,21994.8
40402,26225.7
40403,26230.3
40404,26026.1
40405,26020.7
40406,25987.4
40407,25991
40408,25986
40409,21376.2
40410,12738.7
40411,12725
40412,12725.3
40413,12734.8
40414,12740
40415,12740.2
40416,12732.8
40417,12717.9
40418,12717.8
40419,12730.4
40420,12732.5
40421,12732.7
40422,12721.6
40423,12717.5
40424,16897.7
40425,21044.8
40426,25206.9
40427,25214
40428,25208.5
40429,25214.3
40430,25208.1
40431,25211.4
40432,25211.2
40433,21051
40434,12728.3
40435,12717.5
40436,12718.2
40437,12732.7
40438,12732.5
40439,12732.8
40440,12718.9
40441,12710.9
40442,12714.8
40443,12725.5
40444,12725.8
40445,12723.3
40446,12710.1
40447,21589.3
40448,26338
40449,29945.8
40450,35348.3
40451,37151.7
40452,32189.6
40453,37149.4
40454,35347.6
40455,33549.1
40456,28589.9
40457,18679.7
40458,15392.9
40459,15378.7
40460,15378.1
40461,13033.9
40462,12725.3
40463,12725.7
40464,12715
40465,12704.2
40466,12704.8
40467,12719.1
40468,12719.3
40469,12719.3
40470,12704.4
40471,21576.9
40472,26324
40473,29930
40474,35331.4
40475,37131.4
40476,32172.9
40477,37130.5
40478,35329.1
40479,33531.8
40480,28575.1
40481,18670.2
40482,15384.6
40483,15370.8
40484,15370.4
40485,13027.3
40486,12718.8
40487,12719.2
40488,12708.6
40489,12698.1
40490,12698.9
40491,12713.1
40492,12713.3
40493,12713.2
40494,12698
40495,21566.8
40496,26311.5
40497,29915.8
40498,35313.3
40499,37114.1
40500,32157.6
40501,37112.3
40502,35312.4
40503,33515.5
40504,28561.5
40505,18660.8
40506,15379
40507,15363.6
40508,15363.1
40509,13021
40510,12712.9
40511,12713.2
40512,12700
40513,12692.6
40514,12696.5
40515,12707.6
40516,12707.9
40517,12704.9
40518,12692
40519,21558.8
40520,26300.5
40521,29903.2
40522,35297.5
40523,37099.7
40524,32143.7
40525,37095.1
40526,35298.4
40527,33500.6
40528,28549
40529,18650.8
40530,15372.5
40531,15359.8
40532,15356.3
40533,13015.4
40534,12707.5
40535,12704.8
40536,12692
40537,12687.7
40538,12696.6
40539,12702.5
40540,12702.7
40541,12694.2
40542,12687
40543,21551.6
40544,26292.5
40545,29889.2
40546,35281.6
40547,37085.4
40548,32132.1
40549,37080.8
40550,35284
40551,33487.8
40552,28537.7
40553,18641.8
40554,15365.8
40555,15359.7
40556,15350.7
40557,13010.3
40558,12702.6
40559,12691.7
40560,12687.1
40561,12685.1
40562,12698.2
40563,12698.2
40564,12697
40565,12682.5
40566,12682.8
40567,12690.9
40568,17506.8
40569,21922.7
40570,26141.3
40571,26146.3
40572,25933.9
40573,25935.1
40574,25904.7
40575,25899.6
40576,25900.8
40577,21301.2
40578,12685
40579,12693.6
40580,12698.4
40581,12698.4
40582,12688.1
40583,12682.7
40584,12683.9
40585,12694.6
40586,12694.3
40587,12693.9
40588,12678.7
40589,12678.9
40590,12686.6
40591,12694.2
40592,16832.1
40593,20985.8
40594,25139.1
40595,25131.7
40596,25137.8
40597,25131.3
40598,25137.5
40599,25131.7
40600,25132.2
40601,20982.7
40602,12689.1
40603,12694.3
40604,12694.3
40605,12679
40606,12678.9
40607,12686.1
40608,12694.2
40609,12691.2
40610,12685
40611,12675.3
40612,12675.6
40613,12688.8
40614,12691.1
40615,21533.8
40616,26259.8
40617,29858.9
40618,35251.5
40619,37046.4
40620,32106.6
40621,37049.3
40622,35250.5
40623,33447.8
40624,28513.9
40625,18634.2
40626,15334.1
40627,15340
40628,15351.4
40629,12989.8
40630,12681.7
40631,12690.9
40632,12690.9
40633,12683.1
40634,12672.3
40635,12672.7
40636,12685.1
40637,12688
40638,12688.2
40639,21520.5
40640,26256.1
40641,29854
40642,35243.5
40643,37037.6
40644,32095.1
40645,37041.1
40646,35240.7
40647,33444.4
40648,28504.6
40649,18626
40650,15341.5
40651,15332.8
40652,15338.6
40653,12990.5
40654,12687.8
40655,12688.1
40656,12683.3
40657,12670.1
40658,12670.3
40659,12682.3
40660,12685.9
40661,12685.9
40662,12673.9
40663,21518.3
40664,26253.6
40665,29850.3
40666,35236.5
40667,37033
40668,32087.5
40669,37030.7
40670,35236.3
40671,33442.1
40672,28499.2
40673,18618.2
40674,15345.7
40675,15334.2
40676,15329.9
40677,12993
40678,12685.6
40679,12680.6
40680,12669.9
40681,12668.6
40682,12681
40683,12683.9
40684,12684
40685,12671.6
40686,12668.2
40687,21521.2
40688,26254.5
40689,29841.3
40690,35227.4
40691,37030.3
40692,32086.9
40693,37024.4
40694,35231.9
40695,33436.4
40696,28494.4
40697,18611.8
40698,15341.9
40699,15342
40700,15332
40701,12991.2
40702,12677.1
40703,12668.2
40704,12668.5
40705,12681.5
40706,12682.6
40707,12682.8
40708,12668.7
40709,12667
40710,12672.9
40711,21520.8
40712,26251.2
40713,29836.1
40714,35226.8
40715,37021.4
40716,32088.4
40717,37023.4
40718,35227.6
40719,33432.2
40720,28491.4
40721,18611.9
40722,15330.1
40723,15341.2
40724,15340.4
40725,12983.5
40726,12667.4
40727,12669.2
40728,12682.9
40729,12681.9
40730,12680.1
40731,12666
40732,12666.4
40733,12675.4
40734,12682
40735,12681.9
40736,17460.3
40737,21899.6
40738,26113.4
40739,26107.2
40740,25901.4
40741,25905.6
40742,25865.6
40743,25866.7
40744,25870.3
40745,21275.6
40746,12676
40747,12682.1
40748,12667.2
40749,12666.3
40750,12673
40751,12681.8
40752,12681.9
40753,12675.9
40754,12665.9
40755,12666.2
40756,12679.6
40757,12681.6
40758,12681.8
40759,12668.4
40760,16819.3
40761,20964.6
40762,25103
40763,25112.4
40764,25105.9
40765,25112.2
40766,25105.9
40767,25107.3
40768,25110.6
40769,20965.8
40770,12677.1
40771,12665.9
40772,12667.6
40773,12681.7
40774,12681.7
40775,12680.3
40776,12665.8
40777,12666.4
40778,12675
40779,12681.8
40780,12682
40781,12673.4
40782,12666.1
40783,21516.4
40784,26249.8
40785,29838.5
40786,35222.7
40787,37024
40788,32080.3
40789,37019.8
40790,35226
40791,33430.9
40792,28489.9
40793,18609.6
40794,15339.7
40795,15339.4
40796,15326.8
40797,12989.2
40798,12678.1
40799,12666.1
40800,12666.4
40801,12678.3
40802,12682.7
40803,12682.9
40804,12671.7
40805,12667.1
40806,12669.7
40807,21522.4
40808,26252.4
40809,29835.9
40810,35226.8
40811,37021.7
40812,32089.3
40813,37023.4
40814,35227.7
40815,33432.4
40816,28491.7
40817,18610.4
40818,15333.7
40819,15341.2
40820,15340.4
40821,12984
40822,12667.5
40823,12667.4
40824,12681.9
40825,12684
40826,12684.3
40827,12669.9
40828,12668.5
40829,12674.8
40830,12684.4
40831,21524.5
40832,26246.9
40833,29841.7
40834,35231.1
40835,37025.4
40836,32090.7
40837,37028.1
40838,35230.8
40839,33431.2
40840,28498.5
40841,18622.5
40842,15325.5
40843,15336.1
40844,15342.8
40845,12983.2
40846,12670.5
40847,12684.2
40848,12684.4
40849,12684.4
40850,12670.2
40851,12670.5
40852,12679
40853,12685.9
40854,12686
40855,21519
40856,26251.2
40857,29848.6
40858,35237.4
40859,37032.6
40860,32091
40861,37034.3
40862,35234.6
40863,33437.4
40864,28499.9
40865,18623.6
40866,15336.8
40867,15330.2
40868,15339.3
40869,12985.5
40870,12685.8
40871,12686
40872,12684
40873,12672.5
40874,12673
40875,12682
40876,12688.5
40877,12688.5
40878,12679.4
40879,21521.6
40880,26258.7
40881,29856.3
40882,35246.1
40883,37039.9
40884,32094.2
40885,37039.4
40886,35242.4
40887,33449.6
40888,28505.3
40889,18623.8
40890,15349.5
40891,15334.1
40892,15333.3
40893,12995.7
40894,12688.2
40895,12687.1
40896,12672.5
40897,12675.7
40898,12684.2
40899,12691.2
40900,12691.4
40901,12683.7
40902,12675.6
40903,12676
40904,17503.3
40905,21909.9
40906,26125.6
40907,26129.1
40908,25923.4
40909,25920.4
40910,25887.7
40911,25888.3
40912,25886.3
40913,21290.9
40914,12680.7
40915,12679.2
40916,12691.5
40917,12691.3
40918,12688.7
40919,12675.6
40920,12675.9
40921,12688.7
40922,12694.7
40923,12694.9
40924,12685.6
40925,12679.2
40926,12679.6
40927,12694.9
40928,16838.8
40929,20985.2
40930,25138.9
40931,25132.3
40932,25138.2
40933,25131.9
40934,25134.1
40935,25136
40936,25132.8
40937,20983.5
40938,12686
40939,12694.7
40940,12694.9
40941,12685.4
40942,12679.2
40943,12679.8
40944,12694.9
40945,12698.5
40946,12698.9
40947,12683.6
40948,12683.4
40949,12690.1
40950,12698.9
40951,12698.8
40952,16828.3
40953,20995.8
40954,25145.9
40955,25141.2
40956,25145.7
40957,25140.8
40958,25145.8
40959,25140.4
40960,25146
40961,20992.6
40962,12693.1
40963,12698.9
40964,12685.1
40965,12683.3
40966,12688.5
40967,12698.7
40968,12698.8
40969,12699.1
40970,12687.7
40971,12688
40972,12698.3
40973,12703.1
40974,12703.5
40975,21548
40976,26287.5
40977,29889.8
40978,35286
40979,37083.9
40980,32135.9
40981,37085.9
40982,35283.4
40983,33482.2
40984,28539.1
40985,18650
40986,15354.6
40987,15351.2
40988,15364.2
40989,13001.8
40990,12700.6
40991,12703.2
40992,12703.3
40993,12696.1
40994,12692.9
40995,12695.7
40996,12708.4
40997,12708.2
40998,12706.6
40999,21552.8
41000,26299.2
41001,29902.6
41002,35301.3
41003,37097.5
41004,32146.2
41005,37101.4
41006,35297.9
41007,33498.4
41008,28550.5
41009,18656.2
41010,15364.9
41011,15357.2
41012,15365.7
41013,13008.8
41014,12708
41015,12708.2
41016,12706.7
41017,12697.9
41018,12698.6
41019,12706.5
41020,12713.9
41021,12713.8
41022,12707.6
41023,21564.4
41024,26311.5
41025,29916.4
41026,35317
41027,37114.4
41028,32159.2
41029,37116.9
41030,35313.8
41031,33514.8
41032,28563.1
41033,18663.7
41034,15374.1
41035,15364
41036,15369.2
41037,13017.2
41038,12713.5
41039,12713.8
41040,12709.6
41041,12704.1
41042,12704.8
41043,12714.8
41044,12719.9
41045,12719.9
41046,12710.9
41047,21575.6
41048,26324.6
41049,29931.1
41050,35334.5
41051,37132.5
41052,32174.6
41053,37134.1
41054,35331
41055,33531.4
41056,28576.9
41057,18672.6
41058,15381.8
41059,15371.4
41060,15376.3
41061,13023.5
41062,12719.5
41063,12719.9
41064,12715.6
41065,12710.7
41066,12711.5
41067,12721.2
41068,12726.2
41069,12726.5
41070,12718.1
41071,12711.1
41072,17543.5
41073,21972.3
41074,26198.4
41075,26201.5
41076,25997.4
41077,25992.1
41078,25958.8
41079,25962.5
41080,25957.5
41081,21352.9
41082,12725.4
41083,12711.1
41084,12711.4
41085,12720.1
41086,12726.2
41087,12726.5
41088,12719.6
41089,12717.9
41090,12718.7
41091,12730.9
41092,12733.3
41093,12733.6
41094,12722.9
41095,12718.4
41096,16898.7
41097,21046.2
41098,25208.6
41099,25215.7
41100,25210.3
41101,25216.1
41102,25209.8
41103,25212.9
41104,25213.2
41105,21052.5
41106,12729.4
41107,12718.4
41108,12718.8
41109,12733.5
41110,12733.4
41111,12733.6
41112,12720.4
41113,12725.7
41114,12729.4
41115,12741
41116,12741.3
41117,12740.3
41118,12725.8
41119,21615.4
41120,26370.2
41121,29982.5
41122,35393.6
41123,37196.1
41124,32229.2
41125,37196.5
41126,35391.2
41127,33589
41128,28625.2
41129,18704
41130,15407.6
41131,15397.1
41132,15402.7
41133,13044.7
41134,12740.7
41135,12741
41136,12738.5
41137,12733.6
41138,12734.4
41139,12741.9
41140,12749.2
41141,12749.2
41142,12744.6
41143,21624.3
41144,26385.4
41145,30000.4
41146,35416.1
41147,37218.5
41148,32252.7
41149,37222.3
41150,35413.3
41151,33604.6
41152,28643.7
41153,18719
41154,15407.1
41155,15409.1
41156,15422.7
41157,13050.1
41158,12739.9
41159,12749
41160,12749.2
41161,12754.7
41162,12742.8
41163,12743.2
41164,12750.4
41165,12757.6
41166,12757.9
41167,21644.2
41168,26401.1
41169,30018.9
41170,35440.3
41171,37244.3
41172,32279.2
41173,37246.4
41174,35438.2
41175,33629.8
41176,28664.4
41177,18727
41178,15416.3
41179,15433.4
41180,15432.4
41181,13060.9
41182,12743.4
41183,12745.7
41184,12757.9
41185,12766.2
41186,12767
41187,12752.8
41188,12752.2
41189,12756
41190,12767
41191,21665.5
41192,26422.7
41193,30038.1
41194,35465.2
41195,37271.1
41196,32304.5
41197,37272.6
41198,35464.4
41199,33657.6
41200,28683.2
41201,18733.8
41202,15442.6
41203,15443.7
41204,15434.9
41205,13076.1
41206,12760.6
41207,12752.1
41208,12752.4
41209,12771.5
41210,12776.3
41211,12776.5
41212,12770
41213,12761.8
41214,12762.1
41215,21683.6
41216,26449
41217,30061.8
41218,35489.5
41219,37305.3
41220,32322.1
41221,37299.2
41222,35491.7
41223,33684.8
41224,28705.8
41225,18754.7
41226,15456.1
41227,15440.4
41228,15439.9
41229,13086
41230,12776.2
41231,12776.5
41232,12768.7
41233,12771.5
41234,12772.5
41235,12783.1
41236,12786.4
41237,12786.6
41238,12779.6
41239,12772
41240,17624.8
41241,22076.7
41242,26325.9
41243,26326.9
41244,26119.6
41245,26119.7
41246,26082.9
41247,26083.9
41248,26086
41249,21456.1
41250,12780.5
41251,12785.5
41252,12771.9
41253,12772.3
41254,12776.6
41255,12786.4
41256,12786.5
41257,12796.3
41258,12782.9
41259,12783
41260,12786.1
41261,12797
41262,12797.3
41263,12797.3
41264,16960.1
41265,21159.8
41266,25341
41267,25339.1
41268,25342.7
41269,25338.5
41270,25344.1
41271,25337.9
41272,25339.7
41273,21153.8
41274,12791.7
41275,12797
41276,12797.2
41277,12786.3
41278,12782.9
41279,12783.3
41280,12796.6
41281,12807.4
41282,12808.3
41283,12799.1
41284,12794
41285,12794.4
41286,12805.4
41287,21735.6
41288,26513
41289,30135.7
41290,35580.4
41291,37396.1
41292,32408.9
41293,37393.1
41294,35582.1
41295,33769.6
41296,28778.3
41297,18799.4
41298,15495.2
41299,15483.7
41300,15478.3
41301,13118.4
41302,12808
41303,12808.4
41304,12795.8
41305,12805.2
41306,12806.4
41307,12819.8
41308,12819.9
41309,12819.9
41310,12810.2
41311,21747.9
41312,26534.4
41313,30169.2
41314,35615.7
41315,37429.5
41316,32437.6
41317,37431.7
41318,35613.7
41319,33795
41320,28807.1
41321,18819
41322,15492.9
41323,15509.3
41324,15508.3
41325,13125.6
41326,12806.3
41327,12806.2
41328,12817
41329,12831
41330,12831.9
41331,12826.3
41332,12817.9
41333,12818.3
41334,12825.4
41335,21776.3
41336,26565.1
41337,30191.7
41338,35646.3
41339,37468.3
41340,32466.5
41341,37463.9
41342,35648
41343,33833.1
41344,28832.1
41345,18838
41346,15520
41347,15507.3
41348,15512.8
41349,13137.7
41350,12831.5
41351,12831.8
41352,12832
41353,12831.8
41354,12830.8
41355,12831.2
41356,12843.5
41357,12844.3
41358,12844.6
41359,21791.3
41360,26583.5
41361,30225.7
41362,35683.9
41363,37500.3
41364,32502.3
41365,37503.2
41366,35690.3
41367,33857.6
41368,28860
41369,18849.6
41370,15537.9
41371,15538.3
41372,15524.6
41373,13155.5
41374,12844.4
41375,12832.6
41376,12830.7
41377,12843.6
41378,12856.4
41379,12857.3
41380,12857.4
41381,12851.6
41382,12843.7
41383,21817.3
41384,26615
41385,30260.1
41386,35722.5
41387,37539.7
41388,32532.6
41389,37544.1
41390,35720
41391,33895.8
41392,28892.9
41393,18873.8
41394,15540.6
41395,15555.3
41396,15554.2
41397,13165.1
41398,12844.4
41399,12844.2
41400,12850
41401,12869.9
41402,12870.9
41403,12871.1
41404,12858.6
41405,12857.7
41406,12858
41407,12869.8
41408,17744.8
41409,22225.3
41410,26502
41411,26504.6
41412,26295.3
41413,26292.4
41414,26258.6
41415,26261.6
41416,26256.8
41417,21598.8
41418,12870.8
41419,12860.3
41420,12857.5
41421,12858
41422,12868
41423,12870.7
41424,12871
41425,12880.7
41426,12871.6
41427,12871.9
41428,12874.8
41429,12884.7
41430,12885
41431,12885
41432,17076.7
41433,21305.5
41434,25520.4
41435,25515.1
41436,25519.7
41437,25514.3
41438,25515.8
41439,25519.1
41440,25515
41441,21302.8
41442,12876.8
41443,12874.5
41444,12884.7
41445,12884.8
41446,12885.1
41447,12874
41448,12871.8
41449,12885.9
41450,12896.1
41451,12899.1
41452,12899.3
41453,12897.3
41454,12886.1
41455,21887.4
41456,26702.2
41457,30359.3
41458,35839.8
41459,37664.9
41460,32641.7
41461,37666
41462,35838.6
41463,34012.2
41464,28985.2
41465,18930.4
41466,15604.9
41467,15605.6
41468,15593.2
41469,13211.8
41470,12899.3
41471,12888.1
41472,12886.3
41473,12900.9
41474,12911
41475,12914
41476,12914.2
41477,12912.8
41478,12901.2
41479,21912.7
41480,26733.3
41481,30394.7
41482,35881.1
41483,37708.8
41484,32681.4
41485,37709.6
41486,35880.8
41487,34051.8
41488,29019.1
41489,18953.7
41490,15623.5
41491,15623
41492,15607.3
41493,13227
41494,12914.1
41495,12910
41496,12901.3
41497,12916.3
41498,12919.4
41499,12929.4
41500,12929.7
41501,12929.7
41502,12923.6
41503,21935.6
41504,26764.2
41505,30430.2
41506,35925.1
41507,37753
41508,32721.2
41509,37755.6
41510,35923.4
41511,34094
41512,29054.1
41513,18979.2
41514,15643.5
41515,15630.9
41516,15625.7
41517,13242.7
41518,12929.2
41519,12929.6
41520,12926.8
41521,12931.9
41522,12933.2
41523,12933.5
41524,12945.1
41525,12945.2
41526,12945.5
41527,21966.4
41528,26794.9
41529,30465.7
41530,35968.4
41531,37801.5
41532,32763.3
41533,37799.7
41534,35968.5
41535,34137
41536,29090.8
41537,19007.7
41538,15654.1
41539,15644.6
41540,15660.6
41541,13253.3
41542,12936.5
41543,12945.2
41544,12945.3
41545,12960.8
41546,12955.7
41547,12949.4
41548,12949.6
41549,12952
41550,12961.8
41551,21997.6
41552,26834.7
41553,30502.4
41554,36013.9
41555,37857.5
41556,32795.5
41557,37852.3
41558,36015.5
41559,34173.5
41560,29132.9
41561,19030.6
41562,15665
41563,15682.9
41564,15681.8
41565,13273.5
41566,12949.9
41567,12949.6
41568,12949.9
41569,12977.1
41570,12978.1
41571,12978.4
41572,12976.9
41573,12966.2
41574,12966.4
41575,12966.7
41576,17902.8
41577,22411
41578,26723.6
41579,26727.9
41580,26516.9
41581,26518
41582,26479.5
41583,26480.8
41584,26481.7
41585,21776.7
41586,12967.4
41587,12978.1
41588,12978.4
41589,12978.4
41590,12973.9
41591,12966.3
41592,12966.6
41593,12983.2
41594,12995.3
41595,12995.3
41596,12995.5
41597,12994.7
41598,12983.5
41599,12983.8
41600,17241.2
41601,21493.7
41602,25733.9
41603,25739.3
41604,25739.1
41605,25737.3
41606,25741.8
41607,25736.2
41608,25737.4
41609,21487.8
41610,12985.1
41611,12989.7
41612,12995.2
41613,12995.4
41614,12995.6
41615,12989.1
41616,12983.6
41617,13000.7
41618,13002.5
41619,13012.9
41620,13013.1
41621,13013.1
41622,13012.1
41623,22078
41624,26938.4
41625,30628.1
41626,36159.1
41627,38002
41628,32937.2
41629,37999.9
41630,36158.8
41631,34317.7
41632,29244.9
41633,19110.4
41634,15727.9
41635,15735.7
41636,15745.3
41637,13325
41638,13002
41639,13002
41640,13011.6
41641,13029.7
41642,13031
41643,13031.2
41644,13021.5
41645,13019.7
41646,13019.9
41647,22120.2
41648,26981.1
41649,30675.1
41650,36211.8
41651,38055.7
41652,32981.7
41653,38056
41654,36209.5
41655,34365.5
41656,29285.8
41657,19131.2
41658,15766.7
41659,15749
41660,15756
41661,13341.2
41662,13029.9
41663,13030.8
41664,13030.9
41665,13048.6
41666,13040.3
41667,13038.4
41668,13038.6
41669,13040.5
41670,13049.4
41671,22147.6
41672,27020.6
41673,30715
41674,36262.3
41675,38113.3
41676,33024.1
41677,38114.8
41678,36260.9
41679,34414.1
41680,29327.3
41681,19154.9
41682,15789
41683,15783.6
41684,15771
41685,13365.5
41686,13049.1
41687,13049.5
41688,13046.9
41689,13056.1
41690,13057.5
41691,13057.8
41692,13063.1
41693,13068
41694,13068.4
41695,22181
41696,27053.7
41697,30756.9
41698,36313.9
41699,38175.2
41700,33068.8
41701,38170.9
41702,36316.4
41703,34462
41704,29372
41705,19180
41706,15811.4
41707,15812.3
41708,15795.6
41709,13384.8
41710,13068.1
41711,13068.5
41712,13057.9
41713,13075.8
41714,13077.2
41715,13078.9
41716,13087.5
41717,13087.3
41718,13087.6
41719,22212.3
41720,27092.6
41721,30803.6
41722,36367.7
41723,38229.5
41724,33119.3
41725,38227.3
41726,36371.8
41727,34513
41728,29416
41729,19208.5
41730,15835
41731,15835.9
41732,15818.9
41733,13404.5
41734,13087.3
41735,13087.8
41736,13078.3
41737,13095.6
41738,13097.1
41739,13097.4
41740,13106.8
41741,13106.9
41742,13107.2
41743,13107.3
41744,18053.8
41745,22642.9
41746,26998.7
41747,27000.1
41748,26781.5
41749,26782.3
41750,26747.6
41751,26748.3
41752,26748.6
41753,21993.7
41754,13101.2
41755,13107
41756,13107.1
41757,13107.2
41758,13096.9
41759,13096.8
41760,13097.1
41761,13116.8
41762,13127
41763,13127
41764,13127.2
41765,13127.4
41766,13121.7
41767,13117
41768,17414.7
41769,21709.6
41770,26001.7
41771,26002.5
41772,26006.5
41773,26001.1
41774,26002.4
41775,26006.3
41776,26001
41777,21712.5
41778,13127
41779,13123.3
41780,13116.9
41781,13117.3
41782,13117.5
41783,13121.5
41784,13126.9
41785,13146.3
41786,13147.7
41787,13147.9
41788,13139.7
41789,13137.8
41790,13138
41791,13138.3
41792,17457.7
41793,21741.6
41794,26040.9
41795,26045.3
41796,26044.6
41797,26043.1
41798,26044.4
41799,26046.3
41800,26042.9
41801,21744.9
41802,13146.3
41803,13137.9
41804,13138.1
41805,13138.4
41806,13147.4
41807,13147.4
41808,13147.6
41809,13167.4
41810,13165.6
41811,13158.8
41812,13158.9
41813,13159.3
41814,13159.8
41815,22359.2
41816,27271.1
41817,31003.6
41818,36599.6
41819,38462.1
41820,33335.1
41821,38462.6
41822,36597.8
41823,34733.8
41824,29599.1
41825,19341.6
41826,15913.4
41827,15936.1
41828,15934.9
41829,13488.4
41830,13160.2
41831,13158.9
41832,13159.1
41833,13179.6
41834,13185.5
41835,13189.4
41836,13189.8
41837,13189.7
41838,13189.8
41839,22383.4
41840,27308.4
41841,31048.1
41842,36657
41843,38536.1
41844,33382
41845,38534.1
41846,36656.5
41847,34789.2
41848,29647
41849,19366.1
41850,15962
41851,15941.5
41852,15952.3
41853,13506.2
41854,13183
41855,13189.4
41856,13189.7
41857,13210
41858,13211.5
41859,13208.6
41860,13202
41861,13202.3
41862,13202.5
41863,22429.4
41864,27359
41865,31104.1
41866,36719.9
41867,38589.7
41868,33446.5
41869,38591.4
41870,36723
41871,34844.6
41872,29701.4
41873,19392.1
41874,15986
41875,15987.5
41876,15967.9
41877,13531.3
41878,13211
41879,13211.4
41880,13211.5
41881,13223.4
41882,13224.4
41883,13224.7
41884,13224.9
41885,13227.7
41886,13233.2
41887,22464.5
41888,27407.6
41889,31156.1
41890,36783.2
41891,38654.6
41892,33500.9
41893,38654.6
41894,36780.3
41895,34907.4
41896,29749.4
41897,19432.8
41898,15999.3
41899,16015
41900,16006.5
41901,13554
41902,13233.2
41903,13228.9
41904,13224.4
41905,13245.8
41906,13247.4
41907,13247.7
41908,13253.3
41909,13255.2
41910,13255.7
41911,13255.5
41912,18267.2
41913,22901.5
41914,27306.8
41915,27308.3
41916,27092.4
41917,27091.6
41918,27053.3
41919,27054.5
41920,27055
41921,22250.5
41922,13255
41923,13247.1
41924,13247.3
41925,13247.6
41926,13251.9
41927,13255.2
41928,13255.4
41929,13276.9
41930,13278.4
41931,13276.9
41932,13269.8
41933,13270
41934,13270.2
41935,13270.5
41936,17632
41937,21959.5
41938,26302.3
41939,26306.6
41940,26309.4
41941,26304.7
41942,26305.9
41943,26307.2
41944,26308
41945,21964.6
41946,13272.1
41947,13278.3
41948,13278.4
41949,13276.6
41950,13269.8
41951,13270
41952,13270.3
41953,13292.4
41954,13295
41955,13300.9
41956,13301.2
41957,13301.2
41958,13301.5
41959,22579.7
41960,27542
41961,31316.8
41962,36974.7
41963,38856.9
41964,33675.5
41965,38857.9
41966,36972.5
41967,35089.3
41968,29903.3
41969,19534.7
41970,16082.1
41971,16098.2
41972,16087.9
41973,13623.7
41974,13301.2
41975,13301.6
41976,13293.6
41977,13315.5
41978,13317.1
41979,13317.4
41980,13317.5
41981,13321.8
41982,13324.6
41983,22621.3
41984,27600.1
41985,31374.7
41986,37040
41987,38924.1
41988,33737.1
41989,38927.1
41990,37044
41991,35149.1
41992,29957.7
41993,19563.5
41994,16125.8
41995,16115.5
41996,16108.1
41997,13645.4
41998,13324.2
41999,13324.3
42000,13324.5
42001,13347
42002,13348.6
42003,13348.1
42004,13340.8
42005,13340.9
42006,13341
42007,22663.1
42008,27645.3
42009,31429.3
42010,37105.4
42011,39003.9
42012,33790.4
42013,39003.7
42014,37105.2
42015,35214.9
42016,30009.1
42017,19607.5
42018,16137.1
42019,16148.9
42020,16155.2
42021,13674.6
42022,13341.4
42023,13340.9
42024,13341.1
42025,13364.2
42026,13365.9
42027,13368.1
42028,13372.2
42029,13372.1
42030,13372.5
42031,22700.3
42032,27695.8
42033,31488.1
42034,37176
42035,39066.5
42036,33859.9
42037,39067
42038,37179.2
42039,35277.4
42040,30066.2
42041,19635
42042,16184.5
42043,16170.1
42044,16170.4
42045,13695.3
42046,13366.8
42047,13372
42048,13372.1
42049,13395.1
42050,13396.8
42051,13396.9
42052,13397
42053,13391.9
42054,13389.7
42055,22741.5
42056,27744.9
42057,31542.9
42058,37243.2
42059,39146.7
42060,33919.5
42061,39141.3
42062,37241.9
42063,35344.7
42064,30123
42065,19672.3
42066,16205.3
42067,16214.5
42068,16196.4
42069,13721.3
42070,13396.4
42071,13396.8
42072,13396.9
42073,13420.3
42074,13416.1
42075,13414.8
42076,13415
42077,13415.2
42078,13415.3
42079,13415.5
42080,18519.4
42081,23180.8
42082,27654.8
42083,27652.1
42084,27433.5
42085,27434.1
42086,27398.2
42087,27398.5
42088,27399.5
42089,22530.6
42090,13418.2
42091,13415.3
42092,13415.4
42093,13416.6
42094,13421
42095,13421.1
42096,13421.2
42097,13444.9
42098,13446.5
42099,13446.7
42100,13445.7
42101,13440
42102,13440
42103,13440.3
42104,17843.4
42105,22240.7
42106,26646.2
42107,26643.2
42108,26644.3
42109,26645
42110,26645.2
42111,26643
42112,26644.1
42113,22245.1
42114,13447.7
42115,13440.2
42116,13440.3
42117,13440.6
42118,13440.7
42119,13440.9
42120,13445.6
42121,13469.8
42122,13471.4
42123,13471.5
42124,13471.6
42125,13471.9
42126,13471.9
42127,22868.6
42128,27899.5
42129,31725.2
42130,37456.9
42131,39361.4
42132,34114.9
42133,39362.7
42134,37461
42135,35545.2
42136,30289.6
42137,19785.2
42138,16302
42139,16283.1
42140,16306.6
42141,13800
42142,13466.3
42143,13466.1
42144,13466.3
42145,13490.8
42146,13494.7
42147,13496.8
42148,13497.1
42149,13497
42150,13497.3
42151,22913.8
42152,27958.1
42153,31787.2
42154,37526.7
42155,39437
42156,34179.8
42157,39444.4
42158,37525.7
42159,35613.9
42160,30348
42161,19828.5
42162,16317.4
42163,16333.6
42164,16336.3
42165,13824.6
42166,13497.3
42167,13495.2
42168,13491.5
42169,13516.1
42170,13517.9
42171,13518.1
42172,13518.1
42173,13518.4
42174,13518.4
42175,22969.5
42176,28014.4
42177,31847.5
42178,37598.3
42179,39524.2
42180,34244.2
42181,39514.9
42182,37598.1
42183,35682.5
42184,30413.6
42185,19855.5
42186,16367.9
42187,16360.6
42188,16348.8
42189,13851.1
42190,13520.6
42191,13522.6
42192,13522.8
42193,13547.4
42194,13549.1
42195,13549.3
42196,13549.3
42197,13549.5
42198,13549.5
42199,23000.9
42200,28062.5
42201,31910.4
42202,37675.6
42203,39590.3
42204,34313.8
42205,39597.4
42206,37675.1
42207,35751.7
42208,30466.5
42209,19905.5
42210,16381
42211,16397.3
42212,16398.7
42213,13877.8
42214,13549.3
42215,13549.7
42216,13545.2
42217,13569.2
42218,13570.9
42219,13571
42220,13571.1
42221,13571.3
42222,13571.4
42223,23056.5
42224,28123.3
42225,31971.4
42226,37748.4
42227,39677.2
42228,34380.2
42229,39670
42230,37751.1
42231,35823.9
42232,30528.8
42233,19947.8
42234,16421
42235,16409.5
42236,16434.1
42237,13907.9
42238,13571.4
42239,13571.2
42240,13571.3
42241,13596.8
42242,13598.6
42243,13598.7
42244,13599.9
42245,13601.8
42246,13602.2
42247,13602.2
42248,18763.5
42249,23505.2
42250,28027.2
42251,28030.4
42252,27808.5
42253,27808.8
42254,27772.2
42255,27772.3
42256,27773.1
42257,22840
42258,13608.4
42259,13599.4
42260,13597.7
42261,13597.9
42262,13598
42263,13598.1
42264,13598.2
42265,13623.9
42266,13625.7
42267,13625.8
42268,13626
42269,13627.4
42270,13629
42271,13628.8
42272,18097.8
42273,22550
42274,27008.4
42275,27011.7
42276,27012.5
42277,27014
42278,27009.6
42279,27010.5
42280,27011.4
42281,22551.5
42282,13635.9
42283,13625.6
42284,13624.9
42285,13625.1
42286,13625.2
42287,13625.3
42288,13625.4
42289,13651.4
42290,13653.1
42291,13653.3
42292,13653.3
42293,13653.5
42294,13655.1
42295,23197.4
42296,28294.9
42297,32165.6
42298,37975.2
42299,39919.2
42300,34586.9
42301,39909.1
42302,37980.4
42303,36041.7
42304,30710.8
42305,20062
42306,16520.5
42307,16518.5
42308,16532.1
42309,13992
42310,13656.2
42311,13652.6
42312,13652.5
42313,13678.6
42314,13680.4
42315,13680.4
42316,13680.5
42317,13680.7
42318,13680.7
42319,23241.4
42320,28349.3
42321,32228.1
42322,38057.6
42323,39992
42324,34659.5
42325,39996.4
42326,38055.1
42327,36113
42328,30773.1
42329,20106.2
42330,16546.4
42331,16566
42332,16547.8
42333,14015.3
42334,13683.3
42335,13683.5
42336,13683.6
42337,13709.7
42338,13711.5
42339,13711.5
42340,13711.5
42341,13711.7
42342,13711.7
42343,23281.1
42344,28403.1
42345,32298.2
42346,38132.2
42347,40078.2
42348,34726.9
42349,40078.5
42350,38127.8
42351,36187
42352,30844.4
42353,20138.9
42354,16599.2
42355,16574.8
42356,16596.9
42357,14048.3
42358,13708.7
42359,13708.5
42360,13708.6
42361,13735.1
42362,13736.9
42363,13737
42364,13737
42365,13737.2
42366,13737.1
42367,23340.5
42368,28467.4
42369,32361.6
42370,38212.8
42371,40158.5
42372,34801.9
42373,40161.2
42374,38211.3
42375,36261.3
42376,30899.1
42377,20185.4
42378,16620.7
42379,16633.4
42380,16608.1
42381,14072
42382,13738.5
42383,13738.8
42384,13738.8
42385,13765.3
42386,13767
42387,13767
42388,13767.4
42389,13767.2
42390,13767.4
42391,23377.6
42392,28530.6
42393,32432.5
42394,38286.3
42395,40248.3
42396,34871
42397,40238.1
42398,38295.8
42399,36336.5
42400,30963
42401,20229.2
42402,16645.1
42403,16667.5
42404,16657.2
42405,14101.1
42406,13767
42407,13767.3
42408,13767.4
42409,13794
42410,13795.7
42411,13795.8
42412,13795.9
42413,13795.9
42414,13795.9
42415,13796
42416,19015.7
42417,23846.4
42418,28433.3
42419,28434.9
42420,28209.5
42421,28209.6
42422,28172.1
42423,28172.7
42424,28172.5
42425,23170.2
42426,13791
42427,13795.5
42428,13795.5
42429,13795.6
42430,13795.7
42431,13795.8
42432,13795.8
42433,13822.6
42434,13824.4
42435,13824.4
42436,13824.5
42437,13824.5
42438,13824.5
42439,13824.4
42440,18335.5
42441,22880.3
42442,27403.9
42443,27404.3
42444,27405.5
42445,27400.8
42446,27401.4
42447,27402.1
42448,27402.7
42449,22879.1
42450,13825.2
42451,13824.3
42452,13824.3
42453,13824.4
42454,13824.4
42455,13824.5
42456,13824.5
42457,13851.5
42458,13853.3
42459,13852.3
42460,13851
42461,13850.9
42462,13851
42463,13850.9
42464,23524
42465,28699.7
42466,32636.2
42467,38530.5
42468,40499.7
42469,35092.1
42470,40492.9
42471,38534
42472,36567.9
42473,31158
42474,20355.9
42475,16749.3
42476,16773.1
42477,16758.9
42478,14188.4
42479,13852.2
42480,13852.4
42481,13879.6
42482,13881.3
42483,13881.4
42484,13881.4
42485,13881.7
42486,13881.5
42487,13881.6
42488,23574.3
42489,28770.1
42490,32704.2
42491,38611.9
42492,40584.7
42493,35165.6
42494,40583.6
42495,38612.1
42496,36641.4
42497,31228.7
42498,20387.4
42499,16806
42500,16793.6
42501,16795.8
42502,14223.6
42503,13880.9
42504,13880.7
42505,13908.3
42506,13910.1
42507,13910.1
42508,13910.1
42509,13910
42510,13910.1
42511,13910.1
42512,23631.3
42513,28824.5
42514,32774.9
42515,38693.4
42516,40666.5
42517,35240.4
42518,40667
42519,38695.1
42520,36724.7
42521,31289.9
42522,20441.1
42523,16820.7
42524,16842.3
42525,16829.7
42526,14247.7
42527,13910
42528,13910.2
42529,13937.7
42530,13939.4
42531,13939.4
42532,13939.4
42533,13939.7
42534,13939.4
42535,13939.6
42536,23677.8
42537,28891.1
42538,32841.7
42539,38778.7
42540,40753.1
42541,35316.3
42542,40760.4
42543,38772
42544,36797.5
42545,31364.6
42546,20479.1
42547,16872.2
42548,16859.2
42549,16878.7
42550,14282.6
42551,13939.8
42552,13940.1
42553,13967.7
42554,13969.4
42555,13969.4
42556,13969.4
42557,13969.3
42558,13969.4
42559,13969.3
42560,23720.9
42561,28949.3
42562,32914.3
42563,38856.7
42564,40845.6
42565,35390.1
42566,40844.2
42567,38858.5
42568,36876
42569,31429.5
42570,20520.4
42571,16914.2
42572,16888
42573,16915.2
42574,14315.9
42575,13969.1
42576,13968.5
42577,13996.4
42578,13998.5
42579,13998.9
42580,13999.1
42581,13999.1
42582,13999.1
42583,13998.9
42584,13999
42585,18572.1
42586,23172.4
42587,27752.9
42588,27753.9
42589,27754.4
42590,27754.8
42591,27755.3
42592,27754.6
42593,27751
42594,23165.7
42595,13997.6
42596,13999.2
42597,13999.1
42598,13999.2
42599,13999.2
42600,13999.1
42601,14027.2
42602,14029
42603,14029
42604,14028.9
42605,14028.9
42606,14028.9
42607,14028.7
42608,14028.8
42609,18617.8
42610,23219.8
42611,27815.7
42612,27814.7
42613,27815.1
42614,27810.7
42615,27810.7
42616,27811.1
42617,27811.6
42618,23216.5
42619,14021.3
42620,14027.4
42621,14027.6
42622,14027.8
42623,14029.1
42624,14029.6
42625,14057.8
42626,14059.5
42627,14059.5
42628,14059.4
42629,14059.3
42630,14059.4
42631,14059.2
42632,23885.5
42633,29134.1
42634,33126.5
42635,39108.3
42636,41107.8
42637,35618.2
42638,41101.1
42639,39116.7
42640,37113.8
42641,31630.1
42642,20649.5
42643,17021.6
42644,17003.8
42645,17017
42646,14407
42647,14059
42648,14058.5
42649,14086.7
42650,14088.6
42651,14088.5
42652,14088.5
42653,14088.5
42654,14088.2
42655,14088.1
42656,23923.9
42657,29198.6
42658,33197
42659,39195.2
42660,41194.2
42661,35696.1
42662,41198.6
42663,39188.5
42664,37199.4
42665,31696.9
42666,20703.7
42667,17037.2
42668,17060.4
42669,17041.6
42670,14429
42671,14086.9
42672,14087
42673,14116.5
42674,14120.1
42675,14120
42676,14119.9
42677,14119.8
42678,14119.8
42679,14119.6
42680,23988.4
42681,29259
42682,33269.5
42683,39277.9
42684,41287.9
42685,35771.5
42686,41281.2
42687,39279.1
42688,37272.6
42689,31769
42690,20742.8
42691,17089.4
42692,17077.6
42693,17096.1
42694,14460.7
42695,14117.5
42696,14117.7
42697,14145.9
42698,14147.6
42699,14147.5
42700,14147.4
42701,14147.6
42702,14147.3
42703,14147.5
42704,24040
42705,29325.6
42706,33339.2
42707,39365.6
42708,41373
42709,35851.5
42710,41367.6
42711,39370.3
42712,37353.9
42713,31835.2
42714,20784.3
42715,17132
42716,17107
42717,17133.4
42718,14499.4
42719,14147.9
42720,14148.1
42721,14176.3
42722,14178
42723,14177.9
42724,14177.8
42725,14177.7
42726,14177.6
42727,14177.7
42728,24088.5
42729,29389.9
42730,33410.1
42731,39453.3
42732,41460.3
42733,35929.9
42734,41456.9
42735,39455.6
42736,37434.5
42737,31904.2
42738,20829.5
42739,17168.7
42740,17145.2
42741,17170
42742,14527.4
42743,14177.9
42744,14178
42745,14206.4
42746,14208.1
42747,14207.9
42748,14207.8
42749,14207.7
42750,14207.6
42751,14207.9
42752,14207.7
42753,19612.5
42754,24559.9
42755,29300.1
42756,29297.8
42757,29064.8
42758,29064.2
42759,29025
42760,29024.8
42761,29024
42762,23866.7
42763,14212.8
42764,14210.5
42765,14210.4
42766,14210.4
42767,14210.2
42768,14210.3
42769,14237.5
42770,14238.9
42771,14238.7
42772,14238.6
42773,14238.5
42774,14238.4
42775,14238.4
42776,14238.1
42777,18911.8
42778,23569.3
42779,28231
42780,28233.2
42781,28233.4
42782,28233.5
42783,28233.6
42784,28233.8
42785,28233.9
42786,23567.2
42787,14237
42788,14241.9
42789,14241.7
42790,14241.7
42791,14241.6
42792,14241.4
42793,14270.1
42794,14271.9
42795,14271.8
42796,14271.6
42797,14271.4
42798,14270.1
42799,14269.1
42800,24234.4
42801,29583.8
42802,33627.1
42803,39711.4
42804,41727.5
42805,36163.9
42806,41726.9
42807,39712.9
42808,37677.5
42809,32113
42810,20966.6
42811,17274.1
42812,17262.7
42813,17278.5
42814,14614.9
42815,14268.3
42816,14268.4
42817,14296.9
42818,14298.6
42819,14298.5
42820,14302.3
42821,14303.4
42822,14303.3
42823,14303.1
42824,24299.6
42825,29639
42826,33702.7
42827,39788
42828,41824.2
42829,36239
42830,41824.8
42831,39792.1
42832,37764.4
42833,32174.3
42834,21011.8
42835,17314.3
42836,17298.7
42837,17313.1
42838,14657.2
42839,14302
42840,14299.7
42841,14328.2
42842,14329.8
42843,14329.7
42844,14329.5
42845,14329.6
42846,14329.2
42847,14329.4
42848,24354.6
42849,29706.4
42850,33776.2
42851,39875.7
42852,41915.7
42853,36315.8
42854,41917.5
42855,39872.1
42856,37850.9
42857,32244.1
42858,21062.2
42859,17343.2
42860,17343.6
42861,17342.8
42862,14687.9
42863,14333.7
42864,14333.1
42865,14360.9
42866,14360.7
42867,14360.5
42868,14360.3
42869,14360.1
42870,14359.9
42871,14360
42872,14359.6
42873,19081.3
42874,23764.8
42875,28485.1
42876,28482.2
42877,28482.1
42878,28482.1
42879,28482
42880,28481.9
42881,28481
42882,23773.7
42883,14370.3
42884,14360.7
42885,14360.4
42886,14360.3
42887,14360.1
42888,14359.9
42889,14388.5
42890,14390.1
42891,14391.3
42892,14396.1
42893,14395.8
42894,14395.7
42895,14395.4
42896,24454.7
42897,29829.6
42898,33921.7
42899,40051.9
42900,42091.7
42901,36478
42902,42091.7
42903,40055.9
42904,38003.6
42905,32390.9
42906,21149.1
42907,17415.8
42908,17420.9
42909,17416.1
42910,14739.5
42911,14390.2
42912,14395.9
42913,14425
42914,14426.6
42915,14426.4
42916,14426.1
42917,14426
42918,14425.8
42919,14425.2
42920,14421.7
42921,19892.6
42922,24936.4
42923,29744.8
42924,29744.2
42925,29507.2
42926,29506.3
42927,29466.1
42928,29465.5
42929,29467.4
42930,24229.7
42931,14431.8
42932,14421.7
42933,14421.4
42934,14421.3
42935,14421.1
42936,14420.9
42937,14449.4
42938,14453
42939,14457.9
42940,14457.6
42941,14457.4
42942,14457.1
42943,14456.8
42944,14456.7
42945,19181
42946,23931.8
42947,28662.1
42948,28663.1
42949,28662.9
42950,28662.7
42951,28662.4
42952,28662.2
42953,28662
42954,23925.9
42955,14457
42956,14457
42957,14456.7
42958,14456.6
42959,14454.5
42960,14452.3
42961,14480.8
42962,14482.4
42963,14482.1
42964,14481.9
42965,14482.6
42966,14488.8
42967,14488.4
42968,24615.6
42969,30023.3
42970,34141.3
42971,40310.8
42972,42364.4
42973,36714.4
42974,42363.1
42975,40313.2
42976,38249.3
42977,32602.1
42978,21289.3
42979,17521.3
42980,17542.2
42981,17517.5
42982,14845
42983,14488.2
42984,14487.8
42985,14516.6
42986,14518.1
42987,14513.5
42988,14513.2
42989,14512.9
42990,14512.7
42991,14512.8
42992,24668.6
42993,30090.9
42994,34214.9
42995,40391.6
42996,42458
42997,36788.9
42998,42457.5
42999,40400.9
43000,38330.5
43001,32671
43002,21332
43003,17558.6
43004,17578.5
43005,17555.2
43006,14875.5
43007,14519.2
43008,14519
43009,14547.7
43010,14549.4
43011,14548.5
43012,14544
43013,14543.7
43014,14543.5
43015,14543.3
43016,24718.8
43017,30155.7
43018,34287.4
43019,40478.2
43020,42548.9
43021,36867.5
43022,42548.2
43023,40486.9
43024,38411.9
43025,32741.2
43026,21379.1
43027,17595.7
43028,17617.2
43029,17592.5
43030,14908
43031,14550
43032,14549.6
43033,14578.3
43034,14578.7
43035,14574.5
43036,14574.2
43037,14573.8
43038,14573.6
43039,14573.7
43040,24776
43041,30218
43042,34359.7
43043,40566.2
43044,42637.8
43045,36950.6
43046,42635.8
43047,40570.2
43048,38497.9
43049,32808.6
43050,21427.2
43051,17636.1
43052,17644.5
43053,17640.5
43054,14941
43055,14580.6
43056,14574.8
43057,14603
43058,14604.5
43059,14604.2
43060,14603.9
43061,14610.4
43062,14612
43063,14611.5
43064,24823.2
43065,30278.8
43066,34431.6
43067,40659.9
43068,42727
43069,37022.7
43070,42732
43071,40648.9
43072,38585.8
43073,32872.5
43074,21464.5
43075,17690.1
43076,17667.9
43077,17688.3
43078,14958.9
43079,14603.8
43080,14604.9
43081,14641.2
43082,14642.6
43083,14642.3
43084,14641.9
43085,14641.6
43086,14637.7
43087,14635.2
43088,14634.9
43089,20200.2
43090,25306.3
43091,30191.4
43092,30188.1
43093,29947.3
43094,29951.5
43095,29911.2
43096,29918
43097,29900.6
43098,24592.3
43099,14642.4
43100,14641.8
43101,14641.6
43102,14635.6
43103,14635.2
43104,14634.9
43105,14663.1
43106,14666.4
43107,14673.7
43108,14673.3
43109,14672.9
43110,14672.6
43111,14672.3
43112,14666.1
43113,19473.1
43114,24286.7
43115,29087.3
43116,29091.5
43117,29095.5
43118,29094.7
43119,29094.1
43120,29093.5
43121,29093
43122,24284.9
43123,14662
43124,14673.5
43125,14673.1
43126,14672.8
43127,14672.5
43128,14671.1
43129,14694.4
43130,14695.8
43131,14695.4
43132,14695.1
43133,14701.9
43134,14704
43135,14703.6
43136,24978.8
43137,30472.8
43138,34646.6
43139,40915.7
43140,43002.6
43141,37255.5
43142,43001.7
43143,40914.2
43144,38821.4
43145,33086.1
43146,21603
43147,17781.7
43148,17803.3
43149,17779.1
43150,15065.7
43151,14703.6
43152,14703.1
43153,14729
43154,14726.4
43155,14726
43156,14725.6
43157,14726.4
43158,14734.9
43159,14734.3
43160,25032.5
43161,30535.3
43162,34719.7
43163,41001.4
43164,43092.5
43165,37333.1
43166,43091.3
43167,41000.5
43168,38901.5
43169,33155.1
43170,21649
43171,17819.3
43172,17839.9
43173,17816.2
43174,15097.3
43175,14734.1
43176,14733.1
43177,14754.9
43178,14756.2
43179,14755.8
43180,14755.6
43181,14765
43182,14765
43183,14764.4
43184,25081.3
43185,30600.8
43186,34791.6
43187,41084.7
43188,43180.4
43189,37411.8
43190,43178.5
43191,41086.6
43192,38981
43193,33226.3
43194,21697.3
43195,17859.8
43196,17862.6
43197,17867.8
43198,15129
43199,14756.3
43200,14756.2
43201,14784
43202,14788
43203,14795.7
43204,14795.3
43205,14794.7
43206,14794.5
43207,14788.8
43208,25125.9
43209,30667.9
43210,34867.4
43211,41163.6
43212,43270.2
43213,37497.4
43214,43266.1
43215,41165.5
43216,39074.1
43217,33285.7
43218,21735.5
43219,17909.6
43220,17893.3
43221,17903.3
43222,15144.7
43223,14792.6
43224,14795.5
43225,14823.5
43226,14824.9
43227,14822.5
43228,14816.6
43229,14816.1
43230,14815.8
43231,14820.7
43232,25191.6
43233,30724.1
43234,34937.5
43235,41257.2
43236,43360.6
43237,37564.9
43238,43358.8
43239,41257
43240,39141.7
43241,33362.5
43242,21785.5
43243,17931.8
43244,17939.4
43245,17938.4
43246,15192.1
43247,14816.9
43248,14816.3
43249,14844
43250,14848.3
43251,14856.2
43252,14855.7
43253,14855.2
43254,14854.8
43255,14846.5
43256,14846.1
43257,20494.9
43258,25675.5
43259,30630.9
43260,30627.7
43261,30390.4
43262,30387.9
43263,30345.6
43264,30344.7
43265,30350.5
43266,24954.1
43267,14842.3
43268,14850.4
43269,14856
43270,14855.6
43271,14855.2
43272,14852.9
43273,14874.6
43274,14875.8
43275,14875.4
43276,14882.9
43277,14886
43278,14885.5
43279,14885
43280,14880.3
43281,19754.9
43282,24637.9
43283,29514.3
43284,29517.8
43285,29516.8
43286,29515.8
43287,29514.9
43288,29513.9
43289,29513
43290,24637.8
43291,14887.6
43292,14876.2
43293,14875.7
43294,14875.3
43295,14884.7
43296,14885.9
43297,14913.6
43298,14915
43299,14907.6
43300,14905.7
43301,14905.4
43302,14909.2
43303,14916
43304,25341.8
43305,30914.4
43306,35148
43307,41507.2
43308,43622.6
43309,37797.7
43310,43624.4
43311,41505.7
43312,39390.8
43313,33557.6
43314,21913.6
43315,18054.2
43316,18040.9
43317,18045.2
43318,15270.5
43319,14916.1
43320,14915.6
43321,14943.2
43322,14941
43323,14935.4
43324,14934.9
43325,14935.6
43326,14946.2
43327,14945.4
43328,25390.2
43329,30976.7
43330,35221.2
43331,41586.9
43332,43708.9
43333,37877.8
43334,43709.5
43335,41585.8
43336,39472.7
43337,33630.3
43338,21955.8
43339,18078.1
43340,18090.3
43341,18072.6
43342,15313.2
43343,14945.3
43344,14944.5
43345,14963.2
43346,14964.4
43347,14963.9
43348,14973.6
43349,14975.2
43350,14974.8
43351,14973.9
43352,25429.6
43353,31042.3
43354,35292.6
43355,41669
43356,43798.5
43357,37951.3
43358,43800.8
43359,41671.7
43360,39540.9
43361,33700.4
43362,22005.6
43363,18114.3
43364,18116
43365,18124
43366,15339.5
43367,14964.3
43368,14964
43369,14999.2
43370,15004.9
43371,15004.4
43372,15004.1
43373,14994.3
43374,14993.7
43375,14993.5
43376,25496.8
43377,31097.2
43378,35361.1
43379,41756.8
43380,43885.1
43381,38021.9
43382,43887.3
43383,41754.6
43384,39628.3
43385,33759.6
43386,22043.4
43387,18156.4
43388,18155
43389,18145.4
43390,15371.9
43391,15004.7
43392,15004.1
43393,15025.8
43394,15022.9
43395,15022.3
43396,15029.5
43397,15034.2
43398,15033.8
43399,15033.3
43400,25529.6
43401,31164.6
43402,35432.6
43403,41834.5
43404,43971.1
43405,38099.3
43406,43972.2
43407,41839.4
43408,39694.8
43409,33833.4
43410,22089.1
43411,18194.2
43412,18180.2
43413,18200.3
43414,15387.3
43415,15025.6
43416,15034.5
43417,15061.3
43418,15062.5
43419,15054.4
43420,15051.7
43421,15051.1
43422,15061.7
43423,15063.2
43424,15062.7
43425,20769.7
43426,26039.5
43427,31063.4
43428,31057.9
43429,30814.4
43430,30814
43431,30770.7
43432,30773.6
43433,30772.7
43434,25299.7
43435,15056.9
43436,15063.2
43437,15062.6
43438,15057.5
43439,15051.9
43440,15051.3
43441,15085.9
43442,15092.5
43443,15091.9
43444,15089.7
43445,15080.8
43446,15080.1
43447,15084.2
43448,15092.7
43449,20029.9
43450,24985
43451,29923.7
43452,29924.1
43453,29929.9
43454,29927.2
43455,29925.9
43456,29924.5
43457,29925.9
43458,24979.2
43459,15087.2
43460,15080.1
43461,15084.6
43462,15092.7
43463,15092
43464,15091.6
43465,15108
43466,15108.8
43467,15110.6
43468,15121.7
43469,15120.8
43470,15120.3
43471,15110.8
43472,25683.3
43473,31343
43474,35637
43475,42084.3
43476,44228.1
43477,38315.3
43478,44226.9
43479,42080.2
43480,39937.9
43481,34025.8
43482,22213
43483,18289.3
43484,18304.3
43485,18285.6
43486,15493.5
43487,15120.8
43488,15109.5
43489,15135.4
43490,15140.1
43491,15150.2
43492,15149.5
43493,15148.9
43494,15137.8
43495,15137.2
43496,25739.8
43497,31399.4
43498,35704.1
43499,42161.3
43500,44309.6
43501,38395.8
43502,44311.4
43503,42157.8
43504,40009.1
43505,34093.3
43506,22260.9
43507,18324.3
43508,18328.4
43509,18334.7
43510,15515.6
43511,15136.9
43512,15139.9
43513,15177
43514,15177.9
43515,15177.1
43516,15165.9
43517,15165.3
43518,15170.3
43519,15178.3
43520,25787.6
43521,31461
43522,35774.8
43523,42235.3
43524,44396.9
43525,38466.9
43526,44395.1
43527,42241.4
43528,40081.2
43529,34153.4
43530,22299.5
43531,18370.5
43532,18360.8
43533,18356.6
43534,15548.7
43535,15178
43536,15177.5
43537,15192.4
43538,15193.2
43539,15198.1
43540,15206.7
43541,15205.9
43542,15202.3
43543,15193.5
43544,25831.9
43545,31518.5
43546,35839
43547,42320.2
43548,44476.2
43549,38539.8
43550,44478.1
43551,42316.3
43552,40158.3
43553,34220.3
43554,22345.2
43555,18395.2
43556,18390.3
43557,18410
43558,15565.2
43559,15193.7
43560,15207
43561,15232.5
43562,15233.7
43563,15221.6
43564,15220.9
43565,15227.7
43566,15234.6
43567,15233.7
43568,25873.9
43569,31581.4
43570,35906.8
43571,42398.5
43572,44560.5
43573,38603.3
43574,44560.6
43575,42397.4
43576,40237.6
43577,34282.1
43578,22382.5
43579,18425.8
43580,18438
43581,18431.1
43582,15606.4
43583,15221
43584,15220.5
43585,15259.9
43586,15262
43587,15261.4
43588,15249.6
43589,15248.4
43590,15255.1
43591,15262.2
43592,15261.5
43593,21044.4
43594,26383.7
43595,31473.1
43596,31468.3
43597,31225.5
43598,31219.8
43599,31181
43600,31179.6
43601,31177.3
43602,25636.7
43603,15258
43604,15248.4
43605,15254.4
43606,15262.4
43607,15261.6
43608,15255.8
43609,15274.4
43610,15275.9
43611,15290.2
43612,15289.4
43613,15288
43614,15276.3
43615,15275.6
43616,15285.7
43617,20294.2
43618,25313
43619,30316.1
43620,30320
43621,30320.2
43622,30318.5
43623,30316.7
43624,30321
43625,30320
43626,25305.3
43627,15283.5
43628,15289.5
43629,15288.2
43630,15276.3
43631,15275.5
43632,15285.3
43633,15315.3
43634,15316.2
43635,15306.4
43636,15302.7
43637,15308.4
43638,15317.2
43639,15316.3
43640,15309.7
43641,20330.2
43642,25348.3
43643,30376.8
43644,30372.5
43645,30370.7
43646,30376.1
43647,30373.9
43648,30372.1
43649,30370.7
43650,25353.4
43651,15309.4
43652,15302.4
43653,15315.4
43654,15316.8
43655,15316.3
43656,15303.6
43657,15327.8
43658,15339.3
43659,15344
43660,15343.2
43661,15332.3
43662,15329.4
43663,15337.7
43664,26073.4
43665,31806.8
43666,36167.4
43667,42699.7
43668,44884.4
43669,38886.7
43670,44879.5
43671,42703.4
43672,40528.3
43673,34529.7
43674,22543.9
43675,18559.1
43676,18565.5
43677,18568.5
43678,15712.3
43679,15329.1
43680,15339.9
43681,15369.1
43682,15370
43683,15357.9
43684,15355.9
43685,15366.2
43686,15370.7
43687,15369.8
43688,26103.9
43689,31863.1
43690,36227.4
43691,42780.6
43692,44958.9
43693,38959.7
43694,44960.8
43695,42776.2
43696,40589.1
43697,34593.1
43698,22582
43699,18604.4
43700,18593.3
43701,18588.8
43702,15748.4
43703,15370.3
43704,15362
43705,15380.8
43706,15387.9
43707,15397.5
43708,15396.6
43709,15387.6
43710,15382.3
43711,15389.1
43712,26164.4
43713,31917.6
43714,36293.2
43715,42849.3
43716,45040.6
43717,39019.7
43718,45039.2
43719,42852.7
43720,40669.3
43721,34651.2
43722,22625.4
43723,18626.6
43724,18621.1
43725,18639.9
43726,15755.8
43727,15394.4
43728,15397.1
43729,15420.3
43730,15408.8
43731,15407.9
43732,15422.4
43733,15423.1
43734,15419.6
43735,15408.5
43736,26202.8
43737,31968.3
43738,36352.7
43739,42925.9
43740,45119.7
43741,39092.5
43742,45114.5
43743,42925.1
43744,40739.5
43745,34709
43746,22660.4
43747,18655.3
43748,18661.8
43749,18664.8
43750,15792.1
43751,15407.7
43752,15422.1
43753,15447.6
43754,15445.5
43755,15434.3
43756,15435.4
43757,15450
43758,15449
43759,15441.9
43760,15434
43761,21310.9
43762,26709.7
43763,31858.9
43764,31858.4
43765,31603.4
43766,31609.6
43767,31561.2
43768,31566.7
43769,31562.2
43770,25951.5
43771,15448.6
43772,15434.2
43773,15437
43774,15449.9
43775,15448.9
43776,15441.3
43777,15457.9
43778,15466.1
43779,15475.2
43780,15474.3
43781,15462.1
43782,15459.2
43783,15472
43784,15474.9
43785,20537.1
43786,25618.2
43787,30688.1
43788,30688
43789,30685.8
43790,30689.6
43791,30688.5
43792,30686.3
43793,30688.8
43794,25613.7
43795,15460.5
43796,15469.8
43797,15474.9
43798,15474.1
43799,15459.9
43800,15459
